# Blender 5.1.1
# www.blender.org
o Cone
v 0.000000 0.000000 -0.460000
v 0.089742 0.000000 -0.451161
v 0.176034 0.000000 -0.424985
v 0.255562 0.000000 -0.382476
v 0.325269 0.000000 -0.325269
v 0.382476 0.000000 -0.255562
v 0.424985 0.000000 -0.176034
v 0.451161 0.000000 -0.089742
v 0.460000 0.000000 0.000000
v 0.451161 0.000000 0.089742
v 0.424985 0.000000 0.176034
v 0.382476 0.000000 0.255562
v 0.325269 0.000000 0.325269
v 0.255562 0.000000 0.382476
v 0.176034 0.000000 0.424985
v 0.089742 0.000000 0.451161
v 0.000000 0.000000 0.460000
v -0.089742 0.000000 0.451161
v -0.176034 0.000000 0.424985
v -0.255562 0.000000 0.382476
v -0.325269 0.000000 0.325269
v -0.382476 0.000000 0.255562
v -0.424985 0.000000 0.176034
v -0.451161 0.000000 0.089742
v -0.460000 0.000000 0.000000
v -0.451161 0.000000 -0.089742
v -0.424985 0.000000 -0.176034
v -0.382476 0.000000 -0.255562
v -0.325269 0.000000 -0.325269
v -0.255562 0.000000 -0.382476
v -0.176034 0.000000 -0.424985
v -0.089742 0.000000 -0.451161
v 0.000000 0.060000 0.000000
v 0.000000 0.020000 -0.440000
v 0.000000 1.220000 -0.220000
v 0.085840 0.020000 -0.431545
v 0.042920 1.220000 -0.215773
v 0.168381 0.020000 -0.406507
v 0.084190 1.220000 -0.203253
v 0.244451 0.020000 -0.365847
v 0.122225 1.220000 -0.182923
v 0.311127 0.020000 -0.311127
v 0.155563 1.220000 -0.155563
v 0.365847 0.020000 -0.244451
v 0.182923 1.220000 -0.122225
v 0.406507 0.020000 -0.168381
v 0.203253 1.220000 -0.084190
v 0.431545 0.020000 -0.085840
v 0.215773 1.220000 -0.042920
v 0.440000 0.020000 0.000000
v 0.220000 1.220000 0.000000
v 0.431545 0.020000 0.085840
v 0.215773 1.220000 0.042920
v 0.406507 0.020000 0.168381
v 0.203253 1.220000 0.084190
v 0.365847 0.020000 0.244451
v 0.182923 1.220000 0.122225
v 0.311127 0.020000 0.311127
v 0.155563 1.220000 0.155563
v 0.244451 0.020000 0.365847
v 0.122225 1.220000 0.182923
v 0.168381 0.020000 0.406507
v 0.084190 1.220000 0.203253
v 0.085840 0.020000 0.431545
v 0.042920 1.220000 0.215773
v 0.000000 0.020000 0.440000
v 0.000000 1.220000 0.220000
v -0.085840 0.020000 0.431545
v -0.042920 1.220000 0.215773
v -0.168381 0.020000 0.406507
v -0.084190 1.220000 0.203253
v -0.244451 0.020000 0.365847
v -0.122225 1.220000 0.182923
v -0.311127 0.020000 0.311127
v -0.155563 1.220000 0.155563
v -0.365847 0.020000 0.244451
v -0.182923 1.220000 0.122225
v -0.406507 0.020000 0.168381
v -0.203253 1.220000 0.084190
v -0.431545 0.020000 0.085840
v -0.215773 1.220000 0.042920
v -0.440000 0.020000 0.000000
v -0.220000 1.220000 0.000000
v -0.431545 0.020000 -0.085840
v -0.215773 1.220000 -0.042920
v -0.406507 0.020000 -0.168381
v -0.203253 1.220000 -0.084190
v -0.365847 0.020000 -0.244451
v -0.182923 1.220000 -0.122225
v -0.311127 0.020000 -0.311127
v -0.155563 1.220000 -0.155563
v -0.244451 0.020000 -0.365847
v -0.122225 1.220000 -0.182923
v -0.168381 0.020000 -0.406507
v -0.084190 1.220000 -0.203253
v -0.085840 0.020000 -0.431545
v -0.042920 1.220000 -0.215773
v 0.000000 1.436000 0.000000
v 0.000000 1.433002 -0.050723
v 0.000000 1.390309 -0.183848
v 0.000000 1.339699 -0.240209
v 0.000000 1.220301 -0.240209
v 0.000000 1.193331 -0.216182
v 0.000000 1.169691 -0.183848
v 0.000000 1.150291 -0.144448
v 0.000000 1.124000 0.000000
v 0.009896 1.433002 -0.049749
v 0.019411 1.424125 -0.097586
v 0.028180 1.409709 -0.141673
v 0.035867 1.390309 -0.180315
v 0.042175 1.366669 -0.212028
v 0.046862 1.339699 -0.235593
v 0.049749 1.310434 -0.250104
v 0.050723 1.280000 -0.255004
v 0.049749 1.249566 -0.250104
v 0.046862 1.220301 -0.235593
v 0.042175 1.193331 -0.212028
v 0.035867 1.169691 -0.180315
v 0.028180 1.150291 -0.141673
v 0.019411 1.135875 -0.097586
v 0.009896 1.126997 -0.049749
v 0.019411 1.433002 -0.046862
v 0.038076 1.424125 -0.091924
v 0.055278 1.409709 -0.133453
v 0.070355 1.390309 -0.169853
v 0.082729 1.366669 -0.199726
v 0.091924 1.339699 -0.221924
v 0.097586 1.310434 -0.235593
v 0.099498 1.280000 -0.240209
v 0.097586 1.249566 -0.235593
v 0.091924 1.220301 -0.221924
v 0.082729 1.193331 -0.199726
v 0.070355 1.169691 -0.169853
v 0.055278 1.150291 -0.133453
v 0.038076 1.135875 -0.091924
v 0.019411 1.126997 -0.046862
v 0.028180 1.433002 -0.042175
v 0.055278 1.424125 -0.082729
v 0.080251 1.409709 -0.120104
v 0.102140 1.390309 -0.152864
v 0.120104 1.366669 -0.179749
v 0.133453 1.339699 -0.199726
v 0.141673 1.310434 -0.212028
v 0.144448 1.280000 -0.216182
v 0.141673 1.249566 -0.212028
v 0.133453 1.220301 -0.199726
v 0.120104 1.193331 -0.179749
v 0.102140 1.169691 -0.152864
v 0.080251 1.150291 -0.120104
v 0.055278 1.135875 -0.082729
v 0.028180 1.126997 -0.042175
v 0.035867 1.433002 -0.035867
v 0.070355 1.424125 -0.070355
v 0.102140 1.409709 -0.102140
v 0.130000 1.390309 -0.130000
v 0.152864 1.366669 -0.152864
v 0.169853 1.339699 -0.169853
v 0.180315 1.310434 -0.180315
v 0.183848 1.280000 -0.183848
v 0.180315 1.249566 -0.180315
v 0.169853 1.220301 -0.169853
v 0.152864 1.193331 -0.152864
v 0.130000 1.169691 -0.130000
v 0.102140 1.150291 -0.102140
v 0.070355 1.135875 -0.070355
v 0.035867 1.126997 -0.035867
v 0.042175 1.433002 -0.028180
v 0.082729 1.424125 -0.055278
v 0.120104 1.409709 -0.080251
v 0.152864 1.390309 -0.102140
v 0.179749 1.366669 -0.120104
v 0.199726 1.339699 -0.133453
v 0.212028 1.310434 -0.141673
v 0.216182 1.280000 -0.144448
v 0.212028 1.249566 -0.141673
v 0.199726 1.220301 -0.133453
v 0.179749 1.193331 -0.120104
v 0.152864 1.169691 -0.102140
v 0.120104 1.150291 -0.080251
v 0.082729 1.135875 -0.055278
v 0.042175 1.126997 -0.028180
v 0.046862 1.433002 -0.019411
v 0.091924 1.424125 -0.038076
v 0.133453 1.409709 -0.055278
v 0.169853 1.390309 -0.070355
v 0.199726 1.366669 -0.082729
v 0.221924 1.339699 -0.091924
v 0.235593 1.310434 -0.097586
v 0.240209 1.280000 -0.099498
v 0.235593 1.249566 -0.097586
v 0.221924 1.220301 -0.091924
v 0.199726 1.193331 -0.082729
v 0.169853 1.169691 -0.070355
v 0.133453 1.150291 -0.055278
v 0.091924 1.135875 -0.038076
v 0.046862 1.126997 -0.019411
v 0.049749 1.433002 -0.009896
v 0.097586 1.424125 -0.019411
v 0.141673 1.409709 -0.028180
v 0.180315 1.390309 -0.035867
v 0.212028 1.366669 -0.042175
v 0.235593 1.339699 -0.046862
v 0.250104 1.310434 -0.049749
v 0.255004 1.280000 -0.050723
v 0.250104 1.249566 -0.049749
v 0.235593 1.220301 -0.046862
v 0.212028 1.193331 -0.042175
v 0.180315 1.169691 -0.035867
v 0.141673 1.150291 -0.028180
v 0.097586 1.135875 -0.019411
v 0.049749 1.126997 -0.009896
v 0.050723 1.433002 0.000000
v 0.099498 1.424125 0.000000
v 0.144448 1.409709 0.000000
v 0.183848 1.390309 0.000000
v 0.216182 1.366669 0.000000
v 0.240209 1.339699 0.000000
v 0.255004 1.310434 0.000000
v 0.260000 1.280000 0.000000
v 0.255004 1.249566 0.000000
v 0.240209 1.220301 0.000000
v 0.216182 1.193331 0.000000
v 0.183848 1.169691 0.000000
v 0.144448 1.150291 0.000000
v 0.099498 1.135875 0.000000
v 0.050723 1.126997 0.000000
v 0.049749 1.433002 0.009896
v 0.097586 1.424125 0.019411
v 0.141673 1.409709 0.028180
v 0.180315 1.390309 0.035867
v 0.212028 1.366669 0.042175
v 0.235593 1.339699 0.046862
v 0.250104 1.310434 0.049749
v 0.255004 1.280000 0.050723
v 0.250104 1.249566 0.049749
v 0.235593 1.220301 0.046862
v 0.212028 1.193331 0.042175
v 0.180315 1.169691 0.035867
v 0.141673 1.150291 0.028180
v 0.097586 1.135875 0.019411
v 0.049749 1.126997 0.009896
v 0.046862 1.433002 0.019411
v 0.091924 1.424125 0.038076
v 0.133453 1.409709 0.055278
v 0.169853 1.390309 0.070355
v 0.199726 1.366669 0.082729
v 0.221924 1.339699 0.091924
v 0.235593 1.310434 0.097586
v 0.240209 1.280000 0.099498
v 0.235593 1.249566 0.097586
v 0.221924 1.220301 0.091924
v 0.199726 1.193331 0.082729
v 0.169853 1.169691 0.070355
v 0.133453 1.150291 0.055278
v 0.091924 1.135875 0.038076
v 0.046862 1.126997 0.019411
v 0.042175 1.433002 0.028180
v 0.082729 1.424125 0.055278
v 0.120104 1.409709 0.080251
v 0.152864 1.390309 0.102140
v 0.179749 1.366669 0.120104
v 0.199726 1.339699 0.133453
v 0.212028 1.310434 0.141673
v 0.216182 1.280000 0.144448
v 0.212028 1.249566 0.141673
v 0.199726 1.220301 0.133453
v 0.179749 1.193331 0.120104
v 0.152864 1.169691 0.102140
v 0.120104 1.150291 0.080251
v 0.082729 1.135875 0.055278
v 0.042175 1.126997 0.028180
v 0.035867 1.433002 0.035867
v 0.070355 1.424125 0.070355
v 0.102140 1.409709 0.102140
v 0.130000 1.390309 0.130000
v 0.152864 1.366669 0.152864
v 0.169853 1.339699 0.169853
v 0.180315 1.310434 0.180315
v 0.183848 1.280000 0.183848
v 0.180315 1.249566 0.180315
v 0.169853 1.220301 0.169853
v 0.152864 1.193331 0.152864
v 0.130000 1.169691 0.130000
v 0.102140 1.150291 0.102140
v 0.070355 1.135875 0.070355
v 0.035867 1.126997 0.035867
v 0.028180 1.433002 0.042175
v 0.055278 1.424125 0.082729
v 0.080251 1.409709 0.120104
v 0.102140 1.390309 0.152864
v 0.120104 1.366669 0.179749
v 0.133453 1.339699 0.199726
v 0.141673 1.310434 0.212028
v 0.144448 1.280000 0.216182
v 0.141673 1.249566 0.212028
v 0.133453 1.220301 0.199726
v 0.120104 1.193331 0.179749
v 0.102140 1.169691 0.152864
v 0.080251 1.150291 0.120104
v 0.055278 1.135875 0.082729
v 0.028180 1.126997 0.042175
v 0.019411 1.433002 0.046862
v 0.038076 1.424125 0.091924
v 0.055278 1.409709 0.133453
v 0.070355 1.390309 0.169853
v 0.082729 1.366669 0.199726
v 0.091924 1.339699 0.221924
v 0.097586 1.310434 0.235593
v 0.099498 1.280000 0.240209
v 0.097586 1.249566 0.235593
v 0.091924 1.220301 0.221924
v 0.082729 1.193331 0.199726
v 0.070355 1.169691 0.169853
v 0.055278 1.150291 0.133453
v 0.038076 1.135875 0.091924
v 0.019411 1.126997 0.046862
v 0.009896 1.433002 0.049749
v 0.019411 1.424125 0.097586
v 0.028180 1.409709 0.141673
v 0.035867 1.390309 0.180315
v 0.042175 1.366669 0.212028
v 0.046862 1.339699 0.235593
v 0.049749 1.310434 0.250104
v 0.050723 1.280000 0.255004
v 0.049749 1.249566 0.250104
v 0.046862 1.220301 0.235593
v 0.042175 1.193331 0.212028
v 0.035867 1.169691 0.180315
v 0.028180 1.150291 0.141673
v 0.019411 1.135875 0.097586
v 0.009896 1.126997 0.049749
v -0.000000 1.433002 0.050723
v -0.000000 1.424125 0.099498
v -0.000000 1.409709 0.144448
v -0.000000 1.390309 0.183848
v -0.000000 1.366669 0.216182
v -0.000000 1.339699 0.240209
v -0.000000 1.310434 0.255004
v -0.000000 1.280000 0.260000
v -0.000000 1.249566 0.255004
v -0.000000 1.220301 0.240209
v -0.000000 1.193331 0.216182
v -0.000000 1.169691 0.183848
v -0.000000 1.150291 0.144448
v -0.000000 1.135875 0.099498
v -0.000000 1.126997 0.050723
v -0.009896 1.433002 0.049749
v -0.019411 1.424125 0.097586
v -0.028180 1.409709 0.141673
v -0.035867 1.390309 0.180315
v -0.042175 1.366669 0.212028
v -0.046862 1.339699 0.235593
v -0.049749 1.310434 0.250104
v -0.050723 1.280000 0.255004
v -0.049749 1.249566 0.250104
v -0.046862 1.220301 0.235593
v -0.042175 1.193331 0.212028
v -0.035867 1.169691 0.180315
v -0.028180 1.150291 0.141673
v -0.019411 1.135875 0.097586
v -0.009896 1.126997 0.049749
v -0.019411 1.433002 0.046862
v -0.038076 1.424125 0.091924
v -0.055278 1.409709 0.133453
v -0.070355 1.390309 0.169853
v -0.082729 1.366669 0.199726
v -0.091924 1.339699 0.221924
v -0.097586 1.310434 0.235593
v -0.099498 1.280000 0.240209
v -0.097586 1.249566 0.235593
v -0.091924 1.220301 0.221924
v -0.082729 1.193331 0.199726
v -0.070355 1.169691 0.169853
v -0.055278 1.150291 0.133453
v -0.038076 1.135875 0.091924
v -0.019411 1.126997 0.046862
v -0.028180 1.433002 0.042175
v -0.055278 1.424125 0.082729
v -0.080251 1.409709 0.120104
v -0.102140 1.390309 0.152864
v -0.120104 1.366669 0.179749
v -0.133453 1.339699 0.199726
v -0.141673 1.310434 0.212028
v -0.144448 1.280000 0.216182
v -0.141673 1.249566 0.212028
v -0.133453 1.220301 0.199726
v -0.120104 1.193331 0.179749
v -0.102140 1.169691 0.152864
v -0.080251 1.150291 0.120104
v -0.055278 1.135875 0.082729
v -0.028180 1.126997 0.042175
v -0.035867 1.433002 0.035867
v -0.070355 1.424125 0.070355
v -0.102140 1.409709 0.102140
v -0.130000 1.390309 0.130000
v -0.152864 1.366669 0.152864
v -0.169853 1.339699 0.169853
v -0.180315 1.310434 0.180315
v -0.183848 1.280000 0.183848
v -0.180315 1.249566 0.180315
v -0.169853 1.220301 0.169853
v -0.152864 1.193331 0.152864
v -0.130000 1.169691 0.130000
v -0.102140 1.150291 0.102140
v -0.070355 1.135875 0.070355
v -0.035867 1.126997 0.035867
v -0.042175 1.433002 0.028180
v -0.082729 1.424125 0.055278
v -0.120104 1.409709 0.080251
v -0.152864 1.390309 0.102140
v -0.179749 1.366669 0.120104
v -0.199726 1.339699 0.133453
v -0.212028 1.310434 0.141673
v -0.216182 1.280000 0.144448
v -0.212028 1.249566 0.141673
v -0.199726 1.220301 0.133453
v -0.179749 1.193331 0.120104
v -0.152864 1.169691 0.102140
v -0.120104 1.150291 0.080251
v -0.082729 1.135875 0.055278
v -0.042175 1.126997 0.028180
v -0.046862 1.433002 0.019411
v -0.091924 1.424125 0.038076
v -0.133453 1.409709 0.055278
v -0.169853 1.390309 0.070355
v -0.199726 1.366669 0.082729
v -0.221924 1.339699 0.091924
v -0.235593 1.310434 0.097586
v -0.240209 1.280000 0.099498
v -0.235593 1.249566 0.097586
v -0.221924 1.220301 0.091924
v -0.199726 1.193331 0.082729
v -0.169853 1.169691 0.070355
v -0.133453 1.150291 0.055278
v -0.091924 1.135875 0.038076
v -0.046862 1.126997 0.019411
v -0.049749 1.433002 0.009896
v -0.097586 1.424125 0.019411
v -0.141673 1.409709 0.028180
v -0.180315 1.390309 0.035867
v -0.212028 1.366669 0.042175
v -0.235593 1.339699 0.046862
v -0.250104 1.310434 0.049749
v -0.255004 1.280000 0.050723
v -0.250104 1.249566 0.049749
v -0.235593 1.220301 0.046862
v -0.212028 1.193331 0.042175
v -0.180315 1.169691 0.035867
v -0.141673 1.150291 0.028180
v -0.097586 1.135875 0.019411
v -0.049749 1.126997 0.009896
v -0.050723 1.433002 -0.000000
v -0.099498 1.424125 -0.000000
v -0.144448 1.409709 -0.000000
v -0.183848 1.390309 -0.000000
v -0.216182 1.366669 -0.000000
v -0.240209 1.339699 -0.000000
v -0.255004 1.310434 -0.000000
v -0.260000 1.280000 0.000000
v -0.255004 1.249566 -0.000000
v -0.240209 1.220301 -0.000000
v -0.216182 1.193331 -0.000000
v -0.183848 1.169691 -0.000000
v -0.144448 1.150291 -0.000000
v -0.099498 1.135875 -0.000000
v -0.050723 1.126997 -0.000000
v -0.049749 1.433002 -0.009896
v -0.097586 1.424125 -0.019411
v -0.141673 1.409709 -0.028180
v -0.180315 1.390309 -0.035867
v -0.212028 1.366669 -0.042175
v -0.235593 1.339699 -0.046862
v -0.250104 1.310434 -0.049749
v -0.255004 1.280000 -0.050723
v -0.250104 1.249566 -0.049749
v -0.235593 1.220301 -0.046862
v -0.212028 1.193331 -0.042175
v -0.180315 1.169691 -0.035867
v -0.141673 1.150291 -0.028180
v -0.097586 1.135875 -0.019411
v -0.049749 1.126997 -0.009896
v -0.046862 1.433002 -0.019411
v -0.091924 1.424125 -0.038076
v -0.133453 1.409709 -0.055278
v -0.169853 1.390309 -0.070355
v -0.199726 1.366669 -0.082729
v -0.221924 1.339699 -0.091924
v -0.235593 1.310434 -0.097586
v -0.240209 1.280000 -0.099498
v -0.235593 1.249566 -0.097586
v -0.221924 1.220301 -0.091924
v -0.199726 1.193331 -0.082729
v -0.169853 1.169691 -0.070355
v -0.133453 1.150291 -0.055278
v -0.091924 1.135875 -0.038076
v -0.046862 1.126997 -0.019411
v -0.042175 1.433002 -0.028180
v -0.082729 1.424125 -0.055278
v -0.120104 1.409709 -0.080251
v -0.152864 1.390309 -0.102140
v -0.179749 1.366669 -0.120104
v -0.199726 1.339699 -0.133453
v -0.212028 1.310434 -0.141673
v -0.216182 1.280000 -0.144448
v -0.212028 1.249566 -0.141673
v -0.199726 1.220301 -0.133453
v -0.179749 1.193331 -0.120104
v -0.152864 1.169691 -0.102140
v -0.120104 1.150291 -0.080251
v -0.082729 1.135875 -0.055278
v -0.042175 1.126997 -0.028180
v -0.035867 1.433002 -0.035867
v -0.070355 1.424125 -0.070355
v -0.102140 1.409709 -0.102140
v -0.130000 1.390309 -0.130000
v -0.152864 1.366669 -0.152864
v -0.169853 1.339699 -0.169853
v -0.180315 1.310434 -0.180315
v -0.183848 1.280000 -0.183848
v -0.180315 1.249566 -0.180315
v -0.169853 1.220301 -0.169853
v -0.152864 1.193331 -0.152864
v -0.130000 1.169691 -0.130000
v -0.102140 1.150291 -0.102140
v -0.070355 1.135875 -0.070355
v -0.035867 1.126997 -0.035867
v -0.028180 1.433002 -0.042175
v -0.055278 1.424125 -0.082729
v -0.080251 1.409709 -0.120104
v -0.102140 1.390309 -0.152864
v -0.120104 1.366669 -0.179749
v -0.133453 1.339699 -0.199726
v -0.141673 1.310434 -0.212028
v -0.144448 1.280000 -0.216182
v -0.141673 1.249566 -0.212028
v -0.133453 1.220301 -0.199726
v -0.120104 1.193331 -0.179749
v -0.102140 1.169691 -0.152864
v -0.080251 1.150291 -0.120104
v -0.055278 1.135875 -0.082729
v -0.028180 1.126997 -0.042175
v -0.019411 1.433002 -0.046862
v -0.038076 1.424125 -0.091924
v -0.055278 1.409709 -0.133453
v -0.070355 1.390309 -0.169853
v -0.082729 1.366669 -0.199726
v -0.091924 1.339699 -0.221924
v -0.097586 1.310434 -0.235593
v -0.099498 1.280000 -0.240209
v -0.097586 1.249566 -0.235593
v -0.091924 1.220301 -0.221924
v -0.082729 1.193331 -0.199726
v -0.070355 1.169691 -0.169853
v -0.055278 1.150291 -0.133453
v -0.038076 1.135875 -0.091924
v -0.019411 1.126997 -0.046862
v -0.009896 1.433002 -0.049749
v -0.019411 1.424125 -0.097586
v -0.028180 1.409709 -0.141673
v -0.035867 1.390309 -0.180315
v -0.042175 1.366669 -0.212028
v -0.046862 1.339699 -0.235593
v -0.049749 1.310434 -0.250104
v -0.050723 1.280000 -0.255004
v -0.049749 1.249566 -0.250104
v -0.046862 1.220301 -0.235593
v -0.042175 1.193331 -0.212028
v -0.035867 1.169691 -0.180315
v -0.028180 1.150291 -0.141673
v -0.019411 1.135875 -0.097586
v -0.009896 1.126997 -0.049749
v 0.000000 1.424125 -0.099498
v 0.000000 1.409709 -0.144448
v 0.000000 1.366669 -0.216182
v 0.000000 1.310434 -0.255004
v -0.000000 1.280000 -0.260000
v 0.000000 1.249566 -0.255004
v 0.000000 1.135875 -0.099498
v 0.000000 1.126997 -0.050723
v 0.000000 1.410000 -0.070000
v 0.000000 1.510000 -0.070000
v 0.013656 1.410000 -0.068655
v 0.013656 1.510000 -0.068655
v 0.026788 1.410000 -0.064672
v 0.026788 1.510000 -0.064672
v 0.038890 1.410000 -0.058203
v 0.038890 1.510000 -0.058203
v 0.049497 1.410000 -0.049497
v 0.049497 1.510000 -0.049497
v 0.058203 1.410000 -0.038890
v 0.058203 1.510000 -0.038890
v 0.064672 1.410000 -0.026788
v 0.064672 1.510000 -0.026788
v 0.068655 1.410000 -0.013656
v 0.068655 1.510000 -0.013656
v 0.070000 1.410000 0.000000
v 0.070000 1.510000 0.000000
v 0.068655 1.410000 0.013656
v 0.068655 1.510000 0.013656
v 0.064672 1.410000 0.026788
v 0.064672 1.510000 0.026788
v 0.058203 1.410000 0.038890
v 0.058203 1.510000 0.038890
v 0.049497 1.410000 0.049497
v 0.049497 1.510000 0.049497
v 0.038890 1.410000 0.058203
v 0.038890 1.510000 0.058203
v 0.026788 1.410000 0.064672
v 0.026788 1.510000 0.064672
v 0.013656 1.410000 0.068655
v 0.013656 1.510000 0.068655
v 0.000000 1.410000 0.070000
v 0.000000 1.510000 0.070000
v -0.013656 1.410000 0.068655
v -0.013656 1.510000 0.068655
v -0.026788 1.410000 0.064672
v -0.026788 1.510000 0.064672
v -0.038890 1.410000 0.058203
v -0.038890 1.510000 0.058203
v -0.049497 1.410000 0.049497
v -0.049497 1.510000 0.049497
v -0.058203 1.410000 0.038890
v -0.058203 1.510000 0.038890
v -0.064672 1.410000 0.026788
v -0.064672 1.510000 0.026788
v -0.068655 1.410000 0.013656
v -0.068655 1.510000 0.013656
v -0.070000 1.410000 0.000000
v -0.070000 1.510000 0.000000
v -0.068655 1.410000 -0.013656
v -0.068655 1.510000 -0.013656
v -0.064672 1.410000 -0.026788
v -0.064672 1.510000 -0.026788
v -0.058203 1.410000 -0.038890
v -0.058203 1.510000 -0.038890
v -0.049497 1.410000 -0.049497
v -0.049497 1.510000 -0.049497
v -0.038890 1.410000 -0.058203
v -0.038890 1.510000 -0.058203
v -0.026788 1.410000 -0.064672
v -0.026788 1.510000 -0.064672
v -0.013656 1.410000 -0.068655
v -0.013656 1.510000 -0.068655
v 0.000000 1.800000 0.000000
v 0.000000 1.796541 -0.035116
v 0.000000 1.769665 -0.100003
v 0.000000 1.747279 -0.127279
v 0.000000 1.688883 -0.166298
v 0.000000 1.620000 -0.180000
v 0.000000 1.551117 -0.166298
v 0.000000 1.492721 -0.127279
v 0.000000 1.440000 0.000000
v 0.006851 1.796541 -0.034442
v 0.013438 1.786298 -0.067559
v 0.019510 1.769665 -0.098081
v 0.024831 1.747279 -0.124834
v 0.029198 1.720003 -0.146789
v 0.032443 1.688883 -0.163103
v 0.034442 1.655116 -0.173149
v 0.035116 1.620000 -0.176541
v 0.034442 1.584884 -0.173149
v 0.032443 1.551117 -0.163103
v 0.029198 1.519997 -0.146789
v 0.024831 1.492721 -0.124834
v 0.019510 1.470335 -0.098081
v 0.013438 1.453702 -0.067559
v 0.006851 1.443459 -0.034442
v 0.013438 1.796541 -0.032443
v 0.026360 1.786298 -0.063640
v 0.038269 1.769665 -0.092390
v 0.048708 1.747279 -0.117591
v 0.057274 1.720003 -0.138272
v 0.063640 1.688883 -0.153640
v 0.067559 1.655116 -0.163103
v 0.068883 1.620000 -0.166298
v 0.067559 1.584884 -0.163103
v 0.063640 1.551117 -0.153640
v 0.057274 1.519997 -0.138272
v 0.048708 1.492721 -0.117591
v 0.038269 1.470335 -0.092390
v 0.026360 1.453702 -0.063640
v 0.013438 1.443459 -0.032443
v 0.019510 1.796541 -0.029198
v 0.038269 1.786298 -0.057274
v 0.055558 1.769665 -0.083149
v 0.070713 1.747279 -0.105829
v 0.083149 1.720003 -0.124442
v 0.092390 1.688883 -0.138272
v 0.098081 1.655116 -0.146789
v 0.100003 1.620000 -0.149665
v 0.098081 1.584884 -0.146789
v 0.092390 1.551117 -0.138272
v 0.083149 1.519997 -0.124442
v 0.070713 1.492721 -0.105829
v 0.055558 1.470335 -0.083149
v 0.038269 1.453702 -0.057274
v 0.019510 1.443459 -0.029198
v 0.024831 1.796541 -0.024831
v 0.048708 1.786298 -0.048708
v 0.070713 1.769665 -0.070713
v 0.090000 1.747279 -0.090000
v 0.105829 1.720003 -0.105829
v 0.117591 1.688883 -0.117591
v 0.124834 1.655116 -0.124834
v 0.127279 1.620000 -0.127279
v 0.124834 1.584884 -0.124834
v 0.117591 1.551117 -0.117591
v 0.105829 1.519997 -0.105829
v 0.090000 1.492721 -0.090000
v 0.070713 1.470335 -0.070713
v 0.048708 1.453702 -0.048708
v 0.024831 1.443459 -0.024831
v 0.029198 1.796541 -0.019510
v 0.057274 1.786298 -0.038269
v 0.083149 1.769665 -0.055558
v 0.105829 1.747279 -0.070713
v 0.124442 1.720003 -0.083149
v 0.138272 1.688883 -0.092390
v 0.146789 1.655116 -0.098081
v 0.149665 1.620000 -0.100003
v 0.146789 1.584884 -0.098081
v 0.138272 1.551117 -0.092390
v 0.124442 1.519997 -0.083149
v 0.105829 1.492721 -0.070713
v 0.083149 1.470335 -0.055558
v 0.057274 1.453702 -0.038269
v 0.029198 1.443459 -0.019510
v 0.032443 1.796541 -0.013438
v 0.063640 1.786298 -0.026360
v 0.092390 1.769665 -0.038269
v 0.117591 1.747279 -0.048708
v 0.138272 1.720003 -0.057274
v 0.153640 1.688883 -0.063640
v 0.163103 1.655116 -0.067559
v 0.166298 1.620000 -0.068883
v 0.163103 1.584884 -0.067559
v 0.153640 1.551117 -0.063640
v 0.138272 1.519997 -0.057274
v 0.117591 1.492721 -0.048708
v 0.092390 1.470335 -0.038269
v 0.063640 1.453702 -0.026360
v 0.032443 1.443459 -0.013438
v 0.034442 1.796541 -0.006851
v 0.067559 1.786298 -0.013438
v 0.098081 1.769665 -0.019510
v 0.124834 1.747279 -0.024831
v 0.146789 1.720003 -0.029198
v 0.163103 1.688883 -0.032443
v 0.173149 1.655116 -0.034441
v 0.176541 1.620000 -0.035116
v 0.173149 1.584884 -0.034441
v 0.163103 1.551117 -0.032443
v 0.146789 1.519997 -0.029198
v 0.124834 1.492721 -0.024831
v 0.098081 1.470335 -0.019510
v 0.067559 1.453702 -0.013438
v 0.034442 1.443459 -0.006851
v 0.035116 1.796541 0.000000
v 0.068883 1.786298 0.000000
v 0.100003 1.769665 0.000000
v 0.127279 1.747279 0.000000
v 0.149665 1.720003 0.000000
v 0.166298 1.688883 0.000000
v 0.176541 1.655116 0.000000
v 0.180000 1.620000 0.000000
v 0.176541 1.584884 0.000000
v 0.166298 1.551117 0.000000
v 0.149665 1.519997 0.000000
v 0.127279 1.492721 0.000000
v 0.100003 1.470335 0.000000
v 0.068883 1.453702 0.000000
v 0.035116 1.443459 0.000000
v 0.034442 1.796541 0.006851
v 0.067559 1.786298 0.013438
v 0.098081 1.769665 0.019510
v 0.124834 1.747279 0.024831
v 0.146789 1.720003 0.029198
v 0.163103 1.688883 0.032443
v 0.173149 1.655116 0.034442
v 0.176541 1.620000 0.035116
v 0.173149 1.584884 0.034442
v 0.163103 1.551117 0.032443
v 0.146789 1.519997 0.029198
v 0.124834 1.492721 0.024831
v 0.098081 1.470335 0.019510
v 0.067559 1.453702 0.013438
v 0.034442 1.443459 0.006851
v 0.032443 1.796541 0.013438
v 0.063640 1.786298 0.026360
v 0.092390 1.769665 0.038269
v 0.117591 1.747279 0.048708
v 0.138272 1.720003 0.057274
v 0.153640 1.688883 0.063640
v 0.163103 1.655116 0.067559
v 0.166298 1.620000 0.068883
v 0.163103 1.584884 0.067559
v 0.153640 1.551117 0.063640
v 0.138272 1.519997 0.057274
v 0.117591 1.492721 0.048708
v 0.092390 1.470335 0.038269
v 0.063640 1.453702 0.026360
v 0.032443 1.443459 0.013438
v 0.029198 1.796541 0.019510
v 0.057274 1.786298 0.038269
v 0.083149 1.769665 0.055558
v 0.105829 1.747279 0.070713
v 0.124441 1.720003 0.083149
v 0.138272 1.688883 0.092390
v 0.146789 1.655116 0.098081
v 0.149665 1.620000 0.100003
v 0.146789 1.584884 0.098081
v 0.138272 1.551117 0.092390
v 0.124441 1.519997 0.083149
v 0.105829 1.492721 0.070713
v 0.083149 1.470335 0.055558
v 0.057274 1.453702 0.038269
v 0.029198 1.443459 0.019510
v 0.024831 1.796541 0.024831
v 0.048708 1.786298 0.048708
v 0.070713 1.769665 0.070713
v 0.090000 1.747279 0.090000
v 0.105829 1.720003 0.105829
v 0.117591 1.688883 0.117591
v 0.124834 1.655116 0.124834
v 0.127279 1.620000 0.127279
v 0.124834 1.584884 0.124834
v 0.117591 1.551117 0.117591
v 0.105829 1.519997 0.105829
v 0.090000 1.492721 0.090000
v 0.070713 1.470335 0.070713
v 0.048708 1.453702 0.048708
v 0.024831 1.443459 0.024831
v 0.019510 1.796541 0.029198
v 0.038269 1.786298 0.057274
v 0.055558 1.769665 0.083149
v 0.070713 1.747279 0.105829
v 0.083149 1.720003 0.124442
v 0.092390 1.688883 0.138272
v 0.098081 1.655116 0.146789
v 0.100003 1.620000 0.149665
v 0.098081 1.584884 0.146789
v 0.092390 1.551117 0.138272
v 0.083149 1.519997 0.124442
v 0.070713 1.492721 0.105829
v 0.055558 1.470335 0.083149
v 0.038269 1.453702 0.057274
v 0.019510 1.443459 0.029198
v 0.013438 1.796541 0.032443
v 0.026360 1.786298 0.063640
v 0.038269 1.769665 0.092390
v 0.048708 1.747279 0.117591
v 0.057274 1.720003 0.138272
v 0.063640 1.688883 0.153640
v 0.067559 1.655116 0.163103
v 0.068883 1.620000 0.166298
v 0.067559 1.584884 0.163103
v 0.063640 1.551117 0.153640
v 0.057274 1.519997 0.138272
v 0.048708 1.492721 0.117591
v 0.038269 1.470335 0.092390
v 0.026360 1.453702 0.063640
v 0.013438 1.443459 0.032443
v 0.006851 1.796541 0.034441
v 0.013438 1.786298 0.067559
v 0.019510 1.769665 0.098081
v 0.024831 1.747279 0.124834
v 0.029198 1.720003 0.146789
v 0.032443 1.688883 0.163103
v 0.034441 1.655116 0.173149
v 0.035116 1.620000 0.176541
v 0.034441 1.584884 0.173149
v 0.032443 1.551117 0.163103
v 0.029198 1.519997 0.146789
v 0.024831 1.492721 0.124834
v 0.019510 1.470335 0.098081
v 0.013438 1.453702 0.067559
v 0.006851 1.443459 0.034441
v -0.000000 1.796541 0.035116
v -0.000000 1.786298 0.068883
v -0.000000 1.769665 0.100003
v -0.000000 1.747279 0.127279
v -0.000000 1.720003 0.149665
v -0.000000 1.688883 0.166298
v -0.000000 1.655116 0.176541
v -0.000000 1.620000 0.180000
v -0.000000 1.584884 0.176541
v -0.000000 1.551117 0.166298
v -0.000000 1.519997 0.149665
v -0.000000 1.492721 0.127279
v -0.000000 1.470335 0.100003
v -0.000000 1.453702 0.068883
v -0.000000 1.443459 0.035116
v -0.006851 1.796541 0.034441
v -0.013438 1.786298 0.067559
v -0.019510 1.769665 0.098081
v -0.024831 1.747279 0.124834
v -0.029198 1.720003 0.146789
v -0.032443 1.688883 0.163103
v -0.034442 1.655116 0.173149
v -0.035116 1.620000 0.176541
v -0.034442 1.584884 0.173149
v -0.032443 1.551117 0.163103
v -0.029198 1.519997 0.146789
v -0.024831 1.492721 0.124834
v -0.019510 1.470335 0.098081
v -0.013438 1.453702 0.067559
v -0.006851 1.443459 0.034441
v -0.013438 1.796541 0.032443
v -0.026360 1.786298 0.063640
v -0.038269 1.769665 0.092390
v -0.048708 1.747279 0.117591
v -0.057274 1.720003 0.138272
v -0.063640 1.688883 0.153640
v -0.067559 1.655116 0.163103
v -0.068883 1.620000 0.166298
v -0.067559 1.584884 0.163103
v -0.063640 1.551117 0.153640
v -0.057274 1.519997 0.138272
v -0.048708 1.492721 0.117591
v -0.038269 1.470335 0.092390
v -0.026360 1.453702 0.063640
v -0.013438 1.443459 0.032443
v -0.019510 1.796541 0.029198
v -0.038269 1.786298 0.057274
v -0.055558 1.769665 0.083149
v -0.070713 1.747279 0.105829
v -0.083149 1.720003 0.124441
v -0.092390 1.688883 0.138272
v -0.098081 1.655116 0.146789
v -0.100003 1.620000 0.149665
v -0.098081 1.584884 0.146789
v -0.092390 1.551117 0.138272
v -0.083149 1.519997 0.124441
v -0.070713 1.492721 0.105829
v -0.055558 1.470335 0.083149
v -0.038269 1.453702 0.057274
v -0.019510 1.443459 0.029198
v -0.024831 1.796541 0.024831
v -0.048708 1.786298 0.048708
v -0.070713 1.769665 0.070713
v -0.090000 1.747279 0.090000
v -0.105829 1.720003 0.105829
v -0.117591 1.688883 0.117591
v -0.124834 1.655116 0.124834
v -0.127279 1.620000 0.127279
v -0.124834 1.584884 0.124834
v -0.117591 1.551117 0.117591
v -0.105829 1.519997 0.105829
v -0.090000 1.492721 0.090000
v -0.070713 1.470335 0.070713
v -0.048708 1.453702 0.048708
v -0.024831 1.443459 0.024831
v -0.029198 1.796541 0.019510
v -0.057274 1.786298 0.038269
v -0.083149 1.769665 0.055558
v -0.105829 1.747279 0.070712
v -0.124442 1.720003 0.083149
v -0.138272 1.688883 0.092390
v -0.146789 1.655116 0.098081
v -0.149665 1.620000 0.100003
v -0.146789 1.584884 0.098081
v -0.138272 1.551117 0.092390
v -0.124442 1.519997 0.083149
v -0.105829 1.492721 0.070712
v -0.083149 1.470335 0.055558
v -0.057274 1.453702 0.038269
v -0.029198 1.443459 0.019510
v -0.032443 1.796541 0.013438
v -0.063640 1.786298 0.026360
v -0.092390 1.769665 0.038269
v -0.117591 1.747279 0.048708
v -0.138272 1.720003 0.057274
v -0.153640 1.688883 0.063640
v -0.163103 1.655116 0.067559
v -0.166298 1.620000 0.068883
v -0.163103 1.584884 0.067559
v -0.153640 1.551117 0.063640
v -0.138272 1.519997 0.057274
v -0.117591 1.492721 0.048708
v -0.092390 1.470335 0.038269
v -0.063640 1.453702 0.026360
v -0.032443 1.443459 0.013438
v -0.034441 1.796541 0.006851
v -0.067559 1.786298 0.013438
v -0.098081 1.769665 0.019510
v -0.124834 1.747279 0.024831
v -0.146789 1.720003 0.029198
v -0.163103 1.688883 0.032443
v -0.173149 1.655116 0.034441
v -0.176541 1.620000 0.035116
v -0.173149 1.584884 0.034441
v -0.163103 1.551117 0.032443
v -0.146789 1.519997 0.029198
v -0.124834 1.492721 0.024831
v -0.098081 1.470335 0.019510
v -0.067559 1.453702 0.013438
v -0.034441 1.443459 0.006851
v -0.035116 1.796541 -0.000000
v -0.068883 1.786298 -0.000000
v -0.100003 1.769665 -0.000000
v -0.127279 1.747279 -0.000000
v -0.149664 1.720003 -0.000000
v -0.166298 1.688883 -0.000000
v -0.176541 1.655116 -0.000000
v -0.180000 1.620000 -0.000000
v -0.176541 1.584884 -0.000000
v -0.166298 1.551117 -0.000000
v -0.149664 1.519997 -0.000000
v -0.127279 1.492721 -0.000000
v -0.100003 1.470335 -0.000000
v -0.068883 1.453702 -0.000000
v -0.035116 1.443459 -0.000000
v -0.034441 1.796541 -0.006851
v -0.067559 1.786298 -0.013438
v -0.098081 1.769665 -0.019510
v -0.124833 1.747279 -0.024831
v -0.146789 1.720003 -0.029198
v -0.163103 1.688883 -0.032443
v -0.173149 1.655116 -0.034442
v -0.176541 1.620000 -0.035116
v -0.173149 1.584884 -0.034442
v -0.163103 1.551117 -0.032443
v -0.146789 1.519997 -0.029198
v -0.124833 1.492721 -0.024831
v -0.098081 1.470335 -0.019510
v -0.067559 1.453702 -0.013438
v -0.034441 1.443459 -0.006851
v -0.032443 1.796541 -0.013438
v -0.063640 1.786298 -0.026360
v -0.092390 1.769665 -0.038269
v -0.117591 1.747279 -0.048708
v -0.138272 1.720003 -0.057274
v -0.153639 1.688883 -0.063640
v -0.163103 1.655116 -0.067559
v -0.166298 1.620000 -0.068883
v -0.163103 1.584884 -0.067559
v -0.153639 1.551117 -0.063640
v -0.138272 1.519997 -0.057274
v -0.117591 1.492721 -0.048708
v -0.092390 1.470335 -0.038269
v -0.063640 1.453702 -0.026360
v -0.032443 1.443459 -0.013438
v -0.029198 1.796541 -0.019510
v -0.057274 1.786298 -0.038269
v -0.083149 1.769665 -0.055558
v -0.105829 1.747279 -0.070713
v -0.124441 1.720003 -0.083149
v -0.138272 1.688883 -0.092390
v -0.146789 1.655116 -0.098081
v -0.149665 1.620000 -0.100003
v -0.146789 1.584884 -0.098081
v -0.138272 1.551117 -0.092390
v -0.124441 1.519997 -0.083149
v -0.105829 1.492721 -0.070713
v -0.083149 1.470335 -0.055558
v -0.057274 1.453702 -0.038269
v -0.029198 1.443459 -0.019510
v -0.024831 1.796541 -0.024831
v -0.048708 1.786298 -0.048708
v -0.070713 1.769665 -0.070713
v -0.090000 1.747279 -0.090000
v -0.105829 1.720003 -0.105829
v -0.117591 1.688883 -0.117591
v -0.124834 1.655116 -0.124834
v -0.127279 1.620000 -0.127279
v -0.124834 1.584884 -0.124834
v -0.117591 1.551117 -0.117591
v -0.105829 1.519997 -0.105829
v -0.090000 1.492721 -0.090000
v -0.070713 1.470335 -0.070713
v -0.048708 1.453702 -0.048708
v -0.024831 1.443459 -0.024831
v -0.019510 1.796541 -0.029198
v -0.038269 1.786298 -0.057274
v -0.055558 1.769665 -0.083149
v -0.070712 1.747279 -0.105829
v -0.083149 1.720003 -0.124441
v -0.092390 1.688883 -0.138272
v -0.098081 1.655116 -0.146789
v -0.100003 1.620000 -0.149665
v -0.098081 1.584884 -0.146789
v -0.092390 1.551117 -0.138272
v -0.083149 1.519997 -0.124441
v -0.070712 1.492721 -0.105829
v -0.055558 1.470335 -0.083149
v -0.038269 1.453702 -0.057274
v -0.019510 1.443459 -0.029198
v -0.013438 1.796541 -0.032443
v -0.026360 1.786298 -0.063640
v -0.038269 1.769665 -0.092390
v -0.048708 1.747279 -0.117591
v -0.057274 1.720003 -0.138272
v -0.063640 1.688883 -0.153639
v -0.067559 1.655116 -0.163103
v -0.068883 1.620000 -0.166298
v -0.067559 1.584884 -0.163103
v -0.063640 1.551117 -0.153639
v -0.057274 1.519997 -0.138272
v -0.048708 1.492721 -0.117591
v -0.038269 1.470335 -0.092390
v -0.026360 1.453702 -0.063640
v -0.013438 1.443459 -0.032443
v -0.006851 1.796541 -0.034441
v -0.013438 1.786298 -0.067559
v -0.019510 1.769665 -0.098081
v -0.024831 1.747279 -0.124833
v -0.029198 1.720003 -0.146789
v -0.032443 1.688883 -0.163103
v -0.034441 1.655116 -0.173149
v -0.035116 1.620000 -0.176541
v -0.034441 1.584884 -0.173149
v -0.032443 1.551117 -0.163103
v -0.029198 1.519997 -0.146789
v -0.024831 1.492721 -0.124833
v -0.019510 1.470335 -0.098081
v -0.013438 1.453702 -0.067559
v -0.006851 1.443459 -0.034441
v 0.000000 1.786298 -0.068883
v 0.000000 1.720003 -0.149664
v 0.000000 1.655116 -0.176541
v 0.000000 1.584884 -0.176541
v 0.000000 1.519997 -0.149664
v 0.000000 1.470335 -0.100003
v 0.000000 1.453702 -0.068883
v 0.000000 1.443459 -0.035116
v 0.000000 1.910000 0.000000
v 0.000000 1.908271 -0.019509
v 0.000000 1.894832 -0.055557
v 0.000000 1.883640 -0.070711
v 0.000000 1.854442 -0.092388
v 0.000000 1.837558 -0.098079
v 0.000000 1.820000 -0.100000
v 0.000000 1.802442 -0.098079
v 0.000000 1.769999 -0.083147
v 0.000000 1.745168 -0.055557
v 0.000000 1.731729 -0.019509
v 0.000000 1.730000 0.000000
v 0.003806 1.908271 -0.019134
v 0.007466 1.903149 -0.037533
v 0.010839 1.894832 -0.054490
v 0.013795 1.883640 -0.069352
v 0.016221 1.870001 -0.081549
v 0.018024 1.854442 -0.090613
v 0.019134 1.837558 -0.096194
v 0.019509 1.820000 -0.098079
v 0.019134 1.802442 -0.096194
v 0.018024 1.785559 -0.090613
v 0.016221 1.769999 -0.081549
v 0.013795 1.756360 -0.069352
v 0.010839 1.745168 -0.054490
v 0.007466 1.736851 -0.037533
v 0.003806 1.731729 -0.019134
v 0.007466 1.908271 -0.018024
v 0.014645 1.903149 -0.035355
v 0.021261 1.894832 -0.051328
v 0.027060 1.883640 -0.065328
v 0.031819 1.870001 -0.076818
v 0.035355 1.854442 -0.085355
v 0.037533 1.837558 -0.090613
v 0.038268 1.820000 -0.092388
v 0.037533 1.802442 -0.090613
v 0.035355 1.785559 -0.085355
v 0.031819 1.769999 -0.076818
v 0.027060 1.756360 -0.065328
v 0.021261 1.745168 -0.051328
v 0.014645 1.736851 -0.035355
v 0.007466 1.731729 -0.018024
v 0.010839 1.908271 -0.016221
v 0.021261 1.903149 -0.031819
v 0.030866 1.894832 -0.046194
v 0.039285 1.883640 -0.058794
v 0.046194 1.870001 -0.069134
v 0.051328 1.854442 -0.076818
v 0.054490 1.837558 -0.081549
v 0.055557 1.820000 -0.083147
v 0.054490 1.802442 -0.081549
v 0.051328 1.785559 -0.076818
v 0.046194 1.769999 -0.069134
v 0.039285 1.756360 -0.058794
v 0.030866 1.745168 -0.046194
v 0.021261 1.736851 -0.031819
v 0.010839 1.731729 -0.016221
v 0.013795 1.908271 -0.013795
v 0.027060 1.903149 -0.027060
v 0.039285 1.894832 -0.039285
v 0.050000 1.883640 -0.050000
v 0.058794 1.870001 -0.058794
v 0.065328 1.854442 -0.065328
v 0.069352 1.837558 -0.069352
v 0.070711 1.820000 -0.070711
v 0.069352 1.802442 -0.069352
v 0.065328 1.785559 -0.065328
v 0.058794 1.769999 -0.058794
v 0.050000 1.756360 -0.050000
v 0.039285 1.745168 -0.039285
v 0.027060 1.736851 -0.027060
v 0.013795 1.731729 -0.013795
v 0.016221 1.908271 -0.010839
v 0.031819 1.903149 -0.021261
v 0.046194 1.894832 -0.030866
v 0.058794 1.883640 -0.039285
v 0.069134 1.870001 -0.046194
v 0.076818 1.854442 -0.051328
v 0.081549 1.837558 -0.054489
v 0.083147 1.820000 -0.055557
v 0.081549 1.802442 -0.054489
v 0.076818 1.785559 -0.051328
v 0.069134 1.769999 -0.046194
v 0.058794 1.756360 -0.039285
v 0.046194 1.745168 -0.030866
v 0.031819 1.736851 -0.021261
v 0.016221 1.731729 -0.010839
v 0.018024 1.908271 -0.007466
v 0.035355 1.903149 -0.014645
v 0.051328 1.894832 -0.021261
v 0.065328 1.883640 -0.027060
v 0.076818 1.870001 -0.031819
v 0.085355 1.854442 -0.035355
v 0.090613 1.837558 -0.037533
v 0.092388 1.820000 -0.038268
v 0.090613 1.802442 -0.037533
v 0.085355 1.785559 -0.035355
v 0.076818 1.769999 -0.031819
v 0.065328 1.756360 -0.027060
v 0.051328 1.745168 -0.021261
v 0.035355 1.736851 -0.014645
v 0.018024 1.731729 -0.007466
v 0.019134 1.908271 -0.003806
v 0.037533 1.903149 -0.007466
v 0.054489 1.894832 -0.010839
v 0.069352 1.883640 -0.013795
v 0.081549 1.870001 -0.016221
v 0.090613 1.854442 -0.018024
v 0.096194 1.837558 -0.019134
v 0.098078 1.820000 -0.019509
v 0.096194 1.802442 -0.019134
v 0.090613 1.785559 -0.018024
v 0.081549 1.769999 -0.016221
v 0.069352 1.756360 -0.013795
v 0.054489 1.745168 -0.010839
v 0.037533 1.736851 -0.007466
v 0.019134 1.731729 -0.003806
v 0.019509 1.908271 0.000000
v 0.038268 1.903149 0.000000
v 0.055557 1.894832 0.000000
v 0.070711 1.883640 0.000000
v 0.083147 1.870001 0.000000
v 0.092388 1.854442 0.000000
v 0.098079 1.837558 0.000000
v 0.100000 1.820000 0.000000
v 0.098079 1.802442 0.000000
v 0.092388 1.785559 0.000000
v 0.083147 1.769999 0.000000
v 0.070711 1.756360 0.000000
v 0.055557 1.745168 0.000000
v 0.038268 1.736851 0.000000
v 0.019509 1.731729 0.000000
v 0.019134 1.908271 0.003806
v 0.037533 1.903149 0.007466
v 0.054489 1.894832 0.010839
v 0.069352 1.883640 0.013795
v 0.081549 1.870001 0.016221
v 0.090613 1.854442 0.018024
v 0.096194 1.837558 0.019134
v 0.098078 1.820000 0.019509
v 0.096194 1.802442 0.019134
v 0.090613 1.785559 0.018024
v 0.081549 1.769999 0.016221
v 0.069352 1.756360 0.013795
v 0.054489 1.745168 0.010839
v 0.037533 1.736851 0.007466
v 0.019134 1.731729 0.003806
v 0.018024 1.908271 0.007466
v 0.035355 1.903149 0.014645
v 0.051328 1.894832 0.021261
v 0.065328 1.883640 0.027060
v 0.076818 1.870001 0.031819
v 0.085355 1.854442 0.035355
v 0.090613 1.837558 0.037533
v 0.092388 1.820000 0.038268
v 0.090613 1.802442 0.037533
v 0.085355 1.785559 0.035355
v 0.076818 1.769999 0.031819
v 0.065328 1.756360 0.027060
v 0.051328 1.745168 0.021261
v 0.035355 1.736851 0.014645
v 0.018024 1.731729 0.007466
v 0.016221 1.908271 0.010839
v 0.031819 1.903149 0.021261
v 0.046194 1.894832 0.030866
v 0.058794 1.883640 0.039285
v 0.069134 1.870001 0.046194
v 0.076818 1.854442 0.051328
v 0.081549 1.837558 0.054490
v 0.083147 1.820000 0.055557
v 0.081549 1.802442 0.054490
v 0.076818 1.785559 0.051328
v 0.069134 1.769999 0.046194
v 0.058794 1.756360 0.039285
v 0.046194 1.745168 0.030866
v 0.031819 1.736851 0.021261
v 0.016221 1.731729 0.010839
v 0.013795 1.908271 0.013795
v 0.027060 1.903149 0.027060
v 0.039285 1.894832 0.039285
v 0.050000 1.883640 0.050000
v 0.058794 1.870001 0.058794
v 0.065328 1.854442 0.065328
v 0.069352 1.837558 0.069352
v 0.070711 1.820000 0.070711
v 0.069352 1.802442 0.069352
v 0.065328 1.785559 0.065328
v 0.058794 1.769999 0.058794
v 0.050000 1.756360 0.050000
v 0.039285 1.745168 0.039285
v 0.027060 1.736851 0.027060
v 0.013795 1.731729 0.013795
v 0.010839 1.908271 0.016221
v 0.021261 1.903149 0.031819
v 0.030866 1.894832 0.046194
v 0.039285 1.883640 0.058794
v 0.046194 1.870001 0.069134
v 0.051328 1.854442 0.076818
v 0.054489 1.837558 0.081549
v 0.055557 1.820000 0.083147
v 0.054489 1.802442 0.081549
v 0.051328 1.785559 0.076818
v 0.046194 1.769999 0.069134
v 0.039285 1.756360 0.058794
v 0.030866 1.745168 0.046194
v 0.021261 1.736851 0.031819
v 0.010839 1.731729 0.016221
v 0.007466 1.908271 0.018024
v 0.014645 1.903149 0.035355
v 0.021261 1.894832 0.051328
v 0.027060 1.883640 0.065328
v 0.031819 1.870001 0.076818
v 0.035355 1.854442 0.085355
v 0.037533 1.837558 0.090613
v 0.038268 1.820000 0.092388
v 0.037533 1.802442 0.090613
v 0.035355 1.785559 0.085355
v 0.031819 1.769999 0.076818
v 0.027060 1.756360 0.065328
v 0.021261 1.745168 0.051328
v 0.014645 1.736851 0.035355
v 0.007466 1.731729 0.018024
v 0.003806 1.908271 0.019134
v 0.007466 1.903149 0.037533
v 0.010839 1.894832 0.054489
v 0.013795 1.883640 0.069352
v 0.016221 1.870001 0.081549
v 0.018024 1.854442 0.090613
v 0.019134 1.837558 0.096194
v 0.019509 1.820000 0.098078
v 0.019134 1.802442 0.096194
v 0.018024 1.785559 0.090613
v 0.016221 1.769999 0.081549
v 0.013795 1.756360 0.069352
v 0.010839 1.745168 0.054489
v 0.007466 1.736851 0.037533
v 0.003806 1.731729 0.019134
v -0.000000 1.908271 0.019509
v -0.000000 1.903149 0.038268
v -0.000000 1.894832 0.055557
v -0.000000 1.883640 0.070711
v -0.000000 1.870001 0.083147
v -0.000000 1.854442 0.092388
v -0.000000 1.837558 0.098078
v -0.000000 1.820000 0.100000
v -0.000000 1.802442 0.098078
v -0.000000 1.785559 0.092388
v -0.000000 1.769999 0.083147
v -0.000000 1.756360 0.070711
v -0.000000 1.745168 0.055557
v -0.000000 1.736851 0.038268
v -0.000000 1.731729 0.019509
v -0.003806 1.908271 0.019134
v -0.007466 1.903149 0.037533
v -0.010839 1.894832 0.054489
v -0.013795 1.883640 0.069352
v -0.016221 1.870001 0.081549
v -0.018024 1.854442 0.090613
v -0.019134 1.837558 0.096194
v -0.019509 1.820000 0.098078
v -0.019134 1.802442 0.096194
v -0.018024 1.785559 0.090613
v -0.016221 1.769999 0.081549
v -0.013795 1.756360 0.069352
v -0.010839 1.745168 0.054489
v -0.007466 1.736851 0.037533
v -0.003806 1.731729 0.019134
v -0.007466 1.908271 0.018024
v -0.014645 1.903149 0.035355
v -0.021261 1.894832 0.051328
v -0.027060 1.883640 0.065328
v -0.031819 1.870001 0.076818
v -0.035355 1.854442 0.085355
v -0.037533 1.837558 0.090613
v -0.038268 1.820000 0.092388
v -0.037533 1.802442 0.090613
v -0.035355 1.785559 0.085355
v -0.031819 1.769999 0.076818
v -0.027060 1.756360 0.065328
v -0.021261 1.745168 0.051328
v -0.014645 1.736851 0.035355
v -0.007466 1.731729 0.018024
v -0.010839 1.908271 0.016221
v -0.021261 1.903149 0.031819
v -0.030866 1.894832 0.046194
v -0.039285 1.883640 0.058794
v -0.046194 1.870001 0.069134
v -0.051328 1.854442 0.076818
v -0.054489 1.837558 0.081549
v -0.055557 1.820000 0.083147
v -0.054489 1.802442 0.081549
v -0.051328 1.785559 0.076818
v -0.046194 1.769999 0.069134
v -0.039285 1.756360 0.058794
v -0.030866 1.745168 0.046194
v -0.021261 1.736851 0.031819
v -0.010839 1.731729 0.016221
v -0.013795 1.908271 0.013795
v -0.027060 1.903149 0.027060
v -0.039285 1.894832 0.039285
v -0.050000 1.883640 0.050000
v -0.058794 1.870001 0.058794
v -0.065328 1.854442 0.065328
v -0.069352 1.837558 0.069352
v -0.070711 1.820000 0.070711
v -0.069352 1.802442 0.069352
v -0.065328 1.785559 0.065328
v -0.058794 1.769999 0.058794
v -0.050000 1.756360 0.050000
v -0.039285 1.745168 0.039285
v -0.027060 1.736851 0.027060
v -0.013795 1.731729 0.013795
v -0.016221 1.908271 0.010839
v -0.031819 1.903149 0.021261
v -0.046194 1.894832 0.030866
v -0.058794 1.883640 0.039285
v -0.069134 1.870001 0.046194
v -0.076818 1.854442 0.051328
v -0.081549 1.837558 0.054489
v -0.083147 1.820000 0.055557
v -0.081549 1.802442 0.054489
v -0.076818 1.785559 0.051328
v -0.069134 1.769999 0.046194
v -0.058794 1.756360 0.039285
v -0.046194 1.745168 0.030866
v -0.031819 1.736851 0.021261
v -0.016221 1.731729 0.010839
v -0.018024 1.908271 0.007466
v -0.035355 1.903149 0.014645
v -0.051328 1.894832 0.021261
v -0.065328 1.883640 0.027060
v -0.076818 1.870001 0.031819
v -0.085355 1.854442 0.035355
v -0.090613 1.837558 0.037533
v -0.092388 1.820000 0.038268
v -0.090613 1.802442 0.037533
v -0.085355 1.785559 0.035355
v -0.076818 1.769999 0.031819
v -0.065328 1.756360 0.027060
v -0.051328 1.745168 0.021261
v -0.035355 1.736851 0.014645
v -0.018024 1.731729 0.007466
v -0.019134 1.908271 0.003806
v -0.037533 1.903149 0.007466
v -0.054489 1.894832 0.010839
v -0.069352 1.883640 0.013795
v -0.081549 1.870001 0.016221
v -0.090613 1.854442 0.018024
v -0.096194 1.837558 0.019134
v -0.098078 1.820000 0.019509
v -0.096194 1.802442 0.019134
v -0.090613 1.785559 0.018024
v -0.081549 1.769999 0.016221
v -0.069352 1.756360 0.013795
v -0.054489 1.745168 0.010839
v -0.037533 1.736851 0.007466
v -0.019134 1.731729 0.003806
v -0.019509 1.908271 -0.000000
v -0.038268 1.903149 -0.000000
v -0.055557 1.894832 -0.000000
v -0.070711 1.883640 -0.000000
v -0.083147 1.870001 -0.000000
v -0.092388 1.854442 -0.000000
v -0.098078 1.837558 -0.000000
v -0.100000 1.820000 -0.000000
v -0.098078 1.802442 -0.000000
v -0.092388 1.785559 -0.000000
v -0.083147 1.769999 -0.000000
v -0.070711 1.756360 -0.000000
v -0.055557 1.745168 -0.000000
v -0.038268 1.736851 -0.000000
v -0.019509 1.731729 -0.000000
v -0.019134 1.908271 -0.003806
v -0.037533 1.903149 -0.007466
v -0.054489 1.894832 -0.010839
v -0.069352 1.883640 -0.013795
v -0.081549 1.870001 -0.016221
v -0.090613 1.854442 -0.018024
v -0.096194 1.837558 -0.019134
v -0.098078 1.820000 -0.019509
v -0.096194 1.802442 -0.019134
v -0.090613 1.785559 -0.018024
v -0.081549 1.769999 -0.016221
v -0.069352 1.756360 -0.013795
v -0.054489 1.745168 -0.010839
v -0.037533 1.736851 -0.007466
v -0.019134 1.731729 -0.003806
v -0.018024 1.908271 -0.007466
v -0.035355 1.903149 -0.014645
v -0.051328 1.894832 -0.021261
v -0.065328 1.883640 -0.027060
v -0.076818 1.870001 -0.031819
v -0.085355 1.854442 -0.035355
v -0.090613 1.837558 -0.037533
v -0.092388 1.820000 -0.038268
v -0.090613 1.802442 -0.037533
v -0.085355 1.785559 -0.035355
v -0.076818 1.769999 -0.031819
v -0.065328 1.756360 -0.027060
v -0.051328 1.745168 -0.021261
v -0.035355 1.736851 -0.014645
v -0.018024 1.731729 -0.007466
v -0.016221 1.908271 -0.010839
v -0.031819 1.903149 -0.021261
v -0.046194 1.894832 -0.030866
v -0.058794 1.883640 -0.039285
v -0.069134 1.870001 -0.046194
v -0.076818 1.854442 -0.051328
v -0.081549 1.837558 -0.054489
v -0.083147 1.820000 -0.055557
v -0.081549 1.802442 -0.054489
v -0.076818 1.785559 -0.051328
v -0.069134 1.769999 -0.046194
v -0.058794 1.756360 -0.039285
v -0.046194 1.745168 -0.030866
v -0.031819 1.736851 -0.021261
v -0.016221 1.731729 -0.010839
v -0.013795 1.908271 -0.013795
v -0.027060 1.903149 -0.027060
v -0.039285 1.894832 -0.039285
v -0.050000 1.883640 -0.050000
v -0.058794 1.870001 -0.058794
v -0.065328 1.854442 -0.065328
v -0.069352 1.837558 -0.069352
v -0.070711 1.820000 -0.070711
v -0.069352 1.802442 -0.069352
v -0.065328 1.785559 -0.065328
v -0.058794 1.769999 -0.058794
v -0.050000 1.756360 -0.050000
v -0.039285 1.745168 -0.039285
v -0.027060 1.736851 -0.027060
v -0.013795 1.731729 -0.013795
v -0.010839 1.908271 -0.016221
v -0.021261 1.903149 -0.031819
v -0.030866 1.894832 -0.046194
v -0.039285 1.883640 -0.058794
v -0.046194 1.870001 -0.069134
v -0.051328 1.854442 -0.076818
v -0.054489 1.837558 -0.081549
v -0.055557 1.820000 -0.083147
v -0.054489 1.802442 -0.081549
v -0.051328 1.785559 -0.076818
v -0.046194 1.769999 -0.069134
v -0.039285 1.756360 -0.058794
v -0.030866 1.745168 -0.046194
v -0.021261 1.736851 -0.031819
v -0.010839 1.731729 -0.016221
v -0.007466 1.908271 -0.018024
v -0.014645 1.903149 -0.035355
v -0.021261 1.894832 -0.051328
v -0.027060 1.883640 -0.065328
v -0.031819 1.870001 -0.076818
v -0.035355 1.854442 -0.085355
v -0.037533 1.837558 -0.090613
v -0.038268 1.820000 -0.092388
v -0.037533 1.802442 -0.090613
v -0.035355 1.785559 -0.085355
v -0.031819 1.769999 -0.076818
v -0.027060 1.756360 -0.065328
v -0.021261 1.745168 -0.051328
v -0.014645 1.736851 -0.035355
v -0.007466 1.731729 -0.018024
v -0.003806 1.908271 -0.019134
v -0.007466 1.903149 -0.037533
v -0.010839 1.894832 -0.054489
v -0.013795 1.883640 -0.069352
v -0.016221 1.870001 -0.081549
v -0.018024 1.854442 -0.090613
v -0.019134 1.837558 -0.096194
v -0.019509 1.820000 -0.098078
v -0.019134 1.802442 -0.096194
v -0.018024 1.785559 -0.090613
v -0.016221 1.769999 -0.081549
v -0.013795 1.756360 -0.069352
v -0.010839 1.745168 -0.054489
v -0.007466 1.736851 -0.037533
v -0.003806 1.731729 -0.019134
v 0.000000 1.903149 -0.038268
v 0.000000 1.870001 -0.083147
v 0.000000 1.785559 -0.092388
v 0.000000 1.756360 -0.070711
v 0.000000 1.736851 -0.038268
v 0.000000 1.271139 -0.002297
v 0.027313 1.270764 0.000367
v 0.053576 1.269655 0.008256
v 0.077780 1.267855 0.021068
v 0.098995 1.265432 0.038309
v 0.116406 1.262479 0.059318
v 0.129343 1.259111 0.083286
v 0.137310 1.255456 0.109294
v 0.140000 1.251654 0.136341
v 0.137310 1.247853 0.163387
v 0.129343 1.244198 0.189395
v 0.116406 1.240829 0.213363
v 0.098995 1.237877 0.234372
v 0.077780 1.235454 0.251613
v 0.053576 1.233653 0.264425
v 0.027313 1.232545 0.272314
v 0.000000 1.232170 0.274978
v -0.027313 1.232545 0.272314
v -0.053576 1.233653 0.264425
v -0.077780 1.235454 0.251613
v -0.098995 1.237877 0.234372
v -0.116406 1.240829 0.213363
v -0.129343 1.244198 0.189395
v -0.137310 1.247853 0.163387
v -0.140000 1.251654 0.136341
v -0.137310 1.255456 0.109294
v -0.129343 1.259111 0.083286
v -0.116406 1.262479 0.059318
v -0.098995 1.265432 0.038309
v -0.077780 1.267855 0.021068
v -0.053576 1.269655 0.008256
v -0.027313 1.270764 0.000367
v 0.000000 1.588346 0.183659
v 0.182746 0.922236 -0.060000
v 0.337254 1.397764 -0.060000
v 0.193878 0.918619 -0.058847
v 0.348387 1.394147 -0.058847
v 0.204583 0.915141 -0.055433
v 0.359091 1.390669 -0.055433
v 0.214448 0.911935 -0.049888
v 0.368957 1.387463 -0.049888
v 0.223096 0.909125 -0.042426
v 0.377604 1.384654 -0.042426
v 0.230192 0.906820 -0.033334
v 0.384701 1.382348 -0.033334
v 0.235465 0.905106 -0.022961
v 0.389974 1.380634 -0.022961
v 0.238713 0.904051 -0.011705
v 0.393221 1.379579 -0.011705
v 0.239809 0.903695 0.000000
v 0.394318 1.379223 0.000000
v 0.238713 0.904051 0.011705
v 0.393221 1.379579 0.011705
v 0.235465 0.905106 0.022961
v 0.389974 1.380634 0.022961
v 0.230192 0.906820 0.033334
v 0.384701 1.382348 0.033334
v 0.223096 0.909125 0.042426
v 0.377604 1.384654 0.042426
v 0.214448 0.911935 0.049888
v 0.368957 1.387463 0.049888
v 0.204583 0.915141 0.055433
v 0.359091 1.390669 0.055433
v 0.193878 0.918619 0.058847
v 0.348387 1.394147 0.058847
v 0.182746 0.922236 0.060000
v 0.337254 1.397764 0.060000
v 0.171613 0.925853 0.058847
v 0.326122 1.401381 0.058847
v 0.160909 0.929331 0.055433
v 0.315417 1.404859 0.055433
v 0.151043 0.932537 0.049888
v 0.305552 1.408065 0.049888
v 0.142396 0.935346 0.042426
v 0.296904 1.410875 0.042426
v 0.135299 0.937652 0.033334
v 0.289808 1.413180 0.033334
v 0.130026 0.939366 0.022961
v 0.284535 1.414894 0.022961
v 0.126779 0.940421 0.011705
v 0.281287 1.415949 0.011705
v 0.125682 0.940777 0.000000
v 0.280191 1.416305 0.000000
v 0.126779 0.940421 -0.011705
v 0.281287 1.415949 -0.011705
v 0.130026 0.939366 -0.022961
v 0.284535 1.414894 -0.022961
v 0.135299 0.937652 -0.033334
v 0.289808 1.413180 -0.033334
v 0.142396 0.935346 -0.042426
v 0.296904 1.410875 -0.042426
v 0.151043 0.932537 -0.049888
v 0.305552 1.408065 -0.049888
v 0.160909 0.929331 -0.055433
v 0.315417 1.404859 -0.055433
v 0.171613 0.925853 -0.058847
v 0.326122 1.401381 -0.058847
v 0.130000 1.020000 0.120000
v 0.130000 1.008203 0.081110
v 0.130000 0.999497 0.070503
v 0.130000 0.976788 0.055328
v 0.130000 0.963656 0.051345
v 0.130000 0.950000 0.050000
v 0.130000 0.936344 0.051345
v 0.130000 0.923212 0.055328
v 0.130000 0.911110 0.061797
v 0.130000 0.891797 0.081110
v 0.130000 0.880000 0.120000
v 0.132664 1.018655 0.106606
v 0.135226 1.014672 0.093727
v 0.137587 1.008203 0.081857
v 0.139656 0.999497 0.071454
v 0.141355 0.988890 0.062915
v 0.142617 0.976788 0.056571
v 0.143394 0.963656 0.052664
v 0.143656 0.950000 0.051345
v 0.143394 0.936344 0.052664
v 0.142617 0.923212 0.056571
v 0.141355 0.911110 0.062915
v 0.139656 0.900503 0.071454
v 0.137587 0.891797 0.081857
v 0.135226 0.885328 0.093727
v 0.132664 0.881345 0.106606
v 0.135226 1.018655 0.107383
v 0.140251 1.014672 0.095251
v 0.144883 1.008203 0.084070
v 0.148942 0.999497 0.074270
v 0.152273 0.988890 0.066228
v 0.154749 0.976788 0.060251
v 0.156273 0.963656 0.056571
v 0.156788 0.950000 0.055328
v 0.156273 0.936344 0.056571
v 0.154749 0.923212 0.060251
v 0.152273 0.911110 0.066228
v 0.148942 0.900503 0.074270
v 0.144883 0.891797 0.084070
v 0.140251 0.885328 0.095251
v 0.135226 0.881345 0.107383
v 0.137587 1.018655 0.108645
v 0.144883 1.014672 0.097727
v 0.151606 1.008203 0.087664
v 0.157499 0.999497 0.078844
v 0.162336 0.988890 0.071606
v 0.165930 0.976788 0.066228
v 0.168143 0.963656 0.062915
v 0.168890 0.950000 0.061797
v 0.168143 0.936344 0.062915
v 0.165930 0.923212 0.066228
v 0.162336 0.911110 0.071606
v 0.157499 0.900503 0.078844
v 0.151606 0.891797 0.087664
v 0.144883 0.885328 0.097727
v 0.137587 0.881345 0.108645
v 0.139656 1.018655 0.110344
v 0.148942 1.014672 0.101058
v 0.157499 1.008203 0.092501
v 0.165000 0.999497 0.085000
v 0.171156 0.988890 0.078844
v 0.175730 0.976788 0.074270
v 0.178546 0.963656 0.071454
v 0.179497 0.950000 0.070503
v 0.178546 0.936344 0.071454
v 0.175730 0.923212 0.074270
v 0.171156 0.911110 0.078844
v 0.165000 0.900503 0.085000
v 0.157499 0.891797 0.092501
v 0.148942 0.885328 0.101058
v 0.139656 0.881345 0.110344
v 0.141355 1.018655 0.112413
v 0.152273 1.014672 0.105117
v 0.162336 1.008203 0.098394
v 0.171156 0.999497 0.092501
v 0.178394 0.988890 0.087664
v 0.183772 0.976788 0.084070
v 0.187085 0.963656 0.081857
v 0.188203 0.950000 0.081110
v 0.187085 0.936344 0.081857
v 0.183772 0.923212 0.084070
v 0.178394 0.911110 0.087664
v 0.171156 0.900503 0.092501
v 0.162336 0.891797 0.098394
v 0.152273 0.885328 0.105117
v 0.141355 0.881345 0.112413
v 0.142617 1.018655 0.114774
v 0.154749 1.014672 0.109749
v 0.165930 1.008203 0.105117
v 0.175730 0.999497 0.101058
v 0.183772 0.988890 0.097727
v 0.189749 0.976788 0.095251
v 0.193429 0.963656 0.093727
v 0.194672 0.950000 0.093212
v 0.193429 0.936344 0.093727
v 0.189749 0.923212 0.095251
v 0.183772 0.911110 0.097727
v 0.175730 0.900503 0.101058
v 0.165930 0.891797 0.105117
v 0.154749 0.885328 0.109749
v 0.142617 0.881345 0.114774
v 0.143394 1.018655 0.117336
v 0.156273 1.014672 0.114774
v 0.168143 1.008203 0.112413
v 0.178546 0.999497 0.110344
v 0.187084 0.988890 0.108645
v 0.193429 0.976788 0.107383
v 0.197336 0.963656 0.106606
v 0.198655 0.950000 0.106344
v 0.197336 0.936344 0.106606
v 0.193429 0.923212 0.107383
v 0.187084 0.911110 0.108645
v 0.178546 0.900503 0.110344
v 0.168143 0.891797 0.112413
v 0.156273 0.885328 0.114774
v 0.143394 0.881345 0.117336
v 0.143656 1.018655 0.120000
v 0.156788 1.014672 0.120000
v 0.168890 1.008203 0.120000
v 0.179497 0.999497 0.120000
v 0.188203 0.988890 0.120000
v 0.194672 0.976788 0.120000
v 0.198655 0.963656 0.120000
v 0.200000 0.950000 0.120000
v 0.198655 0.936344 0.120000
v 0.194672 0.923212 0.120000
v 0.188203 0.911110 0.120000
v 0.179497 0.900503 0.120000
v 0.168890 0.891797 0.120000
v 0.156788 0.885328 0.120000
v 0.143656 0.881345 0.120000
v 0.143394 1.018655 0.122664
v 0.156273 1.014672 0.125226
v 0.168143 1.008203 0.127587
v 0.178546 0.999497 0.129656
v 0.187084 0.988890 0.131355
v 0.193429 0.976788 0.132617
v 0.197336 0.963656 0.133394
v 0.198655 0.950000 0.133656
v 0.197336 0.936344 0.133394
v 0.193429 0.923212 0.132617
v 0.187084 0.911110 0.131355
v 0.178546 0.900503 0.129656
v 0.168143 0.891797 0.127587
v 0.156273 0.885328 0.125226
v 0.143394 0.881345 0.122664
v 0.142617 1.018655 0.125226
v 0.154749 1.014672 0.130251
v 0.165930 1.008203 0.134883
v 0.175730 0.999497 0.138942
v 0.183772 0.988890 0.142273
v 0.189749 0.976788 0.144749
v 0.193429 0.963656 0.146273
v 0.194672 0.950000 0.146788
v 0.193429 0.936344 0.146273
v 0.189749 0.923212 0.144749
v 0.183772 0.911110 0.142273
v 0.175730 0.900503 0.138942
v 0.165930 0.891797 0.134883
v 0.154749 0.885328 0.130251
v 0.142617 0.881345 0.125226
v 0.141355 1.018655 0.127587
v 0.152273 1.014672 0.134883
v 0.162336 1.008203 0.141606
v 0.171156 0.999497 0.147499
v 0.178394 0.988890 0.152336
v 0.183772 0.976788 0.155930
v 0.187085 0.963656 0.158143
v 0.188203 0.950000 0.158890
v 0.187085 0.936344 0.158143
v 0.183772 0.923212 0.155930
v 0.178394 0.911110 0.152336
v 0.171156 0.900503 0.147499
v 0.162336 0.891797 0.141606
v 0.152273 0.885328 0.134883
v 0.141355 0.881345 0.127587
v 0.139656 1.018655 0.129656
v 0.148942 1.014672 0.138942
v 0.157499 1.008203 0.147499
v 0.165000 0.999497 0.155000
v 0.171156 0.988890 0.161156
v 0.175730 0.976788 0.165730
v 0.178546 0.963656 0.168546
v 0.179497 0.950000 0.169497
v 0.178546 0.936344 0.168546
v 0.175730 0.923212 0.165730
v 0.171156 0.911110 0.161156
v 0.165000 0.900503 0.155000
v 0.157499 0.891797 0.147499
v 0.148942 0.885328 0.138942
v 0.139656 0.881345 0.129656
v 0.137587 1.018655 0.131355
v 0.144883 1.014672 0.142273
v 0.151606 1.008203 0.152336
v 0.157499 0.999497 0.161156
v 0.162336 0.988890 0.168394
v 0.165930 0.976788 0.173772
v 0.168143 0.963656 0.177085
v 0.168890 0.950000 0.178203
v 0.168143 0.936344 0.177085
v 0.165930 0.923212 0.173772
v 0.162336 0.911110 0.168394
v 0.157499 0.900503 0.161156
v 0.151606 0.891797 0.152336
v 0.144883 0.885328 0.142273
v 0.137587 0.881345 0.131355
v 0.135226 1.018655 0.132617
v 0.140251 1.014672 0.144749
v 0.144883 1.008203 0.155930
v 0.148942 0.999497 0.165730
v 0.152273 0.988890 0.173772
v 0.154749 0.976788 0.179749
v 0.156273 0.963656 0.183429
v 0.156788 0.950000 0.184672
v 0.156273 0.936344 0.183429
v 0.154749 0.923212 0.179749
v 0.152273 0.911110 0.173772
v 0.148942 0.900503 0.165730
v 0.144883 0.891797 0.155930
v 0.140251 0.885328 0.144749
v 0.135226 0.881345 0.132617
v 0.132664 1.018655 0.133394
v 0.135226 1.014672 0.146273
v 0.137587 1.008203 0.158143
v 0.139656 0.999497 0.168546
v 0.141355 0.988890 0.177084
v 0.142617 0.976788 0.183429
v 0.143394 0.963656 0.187336
v 0.143656 0.950000 0.188655
v 0.143394 0.936344 0.187336
v 0.142617 0.923212 0.183429
v 0.141355 0.911110 0.177084
v 0.139656 0.900503 0.168546
v 0.137587 0.891797 0.158143
v 0.135226 0.885328 0.146273
v 0.132664 0.881345 0.133394
v 0.130000 1.018655 0.133656
v 0.130000 1.014672 0.146788
v 0.130000 1.008203 0.158890
v 0.130000 0.999497 0.169497
v 0.130000 0.988890 0.178203
v 0.130000 0.976788 0.184672
v 0.130000 0.963656 0.188655
v 0.130000 0.950000 0.190000
v 0.130000 0.936344 0.188655
v 0.130000 0.923212 0.184672
v 0.130000 0.911110 0.178203
v 0.130000 0.900503 0.169497
v 0.130000 0.891797 0.158890
v 0.130000 0.885328 0.146788
v 0.130000 0.881345 0.133656
v 0.127336 1.018655 0.133394
v 0.124774 1.014672 0.146273
v 0.122413 1.008203 0.158143
v 0.120344 0.999497 0.168546
v 0.118645 0.988890 0.177084
v 0.117383 0.976788 0.183429
v 0.116606 0.963656 0.187336
v 0.116344 0.950000 0.188655
v 0.116606 0.936344 0.187336
v 0.117383 0.923212 0.183429
v 0.118645 0.911110 0.177084
v 0.120344 0.900503 0.168546
v 0.122413 0.891797 0.158143
v 0.124774 0.885328 0.146273
v 0.127336 0.881345 0.133394
v 0.124774 1.018655 0.132617
v 0.119749 1.014672 0.144749
v 0.115117 1.008203 0.155930
v 0.111058 0.999497 0.165730
v 0.107727 0.988890 0.173772
v 0.105251 0.976788 0.179749
v 0.103727 0.963656 0.183429
v 0.103212 0.950000 0.184672
v 0.103727 0.936344 0.183429
v 0.105251 0.923212 0.179749
v 0.107727 0.911110 0.173772
v 0.111058 0.900503 0.165730
v 0.115117 0.891797 0.155930
v 0.119749 0.885328 0.144749
v 0.124774 0.881345 0.132617
v 0.122413 1.018655 0.131355
v 0.115117 1.014672 0.142273
v 0.108394 1.008203 0.152336
v 0.102501 0.999497 0.161156
v 0.097664 0.988890 0.168394
v 0.094070 0.976788 0.173772
v 0.091857 0.963656 0.177085
v 0.091110 0.950000 0.178203
v 0.091857 0.936344 0.177085
v 0.094070 0.923212 0.173772
v 0.097664 0.911110 0.168394
v 0.102501 0.900503 0.161156
v 0.108394 0.891797 0.152336
v 0.115117 0.885328 0.142273
v 0.122413 0.881345 0.131355
v 0.120344 1.018655 0.129656
v 0.111058 1.014672 0.138942
v 0.102501 1.008203 0.147499
v 0.095000 0.999497 0.155000
v 0.088844 0.988890 0.161156
v 0.084270 0.976788 0.165730
v 0.081454 0.963656 0.168546
v 0.080503 0.950000 0.169497
v 0.081454 0.936344 0.168546
v 0.084270 0.923212 0.165730
v 0.088844 0.911110 0.161156
v 0.095000 0.900503 0.155000
v 0.102501 0.891797 0.147499
v 0.111058 0.885328 0.138942
v 0.120344 0.881345 0.129656
v 0.118645 1.018655 0.127587
v 0.107727 1.014672 0.134883
v 0.097664 1.008203 0.141606
v 0.088844 0.999497 0.147499
v 0.081606 0.988890 0.152336
v 0.076228 0.976788 0.155930
v 0.072915 0.963656 0.158143
v 0.071797 0.950000 0.158890
v 0.072915 0.936344 0.158143
v 0.076228 0.923212 0.155930
v 0.081606 0.911110 0.152336
v 0.088844 0.900503 0.147499
v 0.097664 0.891797 0.141606
v 0.107727 0.885328 0.134883
v 0.118645 0.881345 0.127587
v 0.117383 1.018655 0.125226
v 0.105251 1.014672 0.130251
v 0.094070 1.008203 0.134883
v 0.084270 0.999497 0.138942
v 0.076228 0.988890 0.142273
v 0.070251 0.976788 0.144749
v 0.066571 0.963656 0.146273
v 0.065328 0.950000 0.146788
v 0.066571 0.936344 0.146273
v 0.070251 0.923212 0.144749
v 0.076228 0.911110 0.142273
v 0.084270 0.900503 0.138942
v 0.094070 0.891797 0.134883
v 0.105251 0.885328 0.130251
v 0.117383 0.881345 0.125226
v 0.116606 1.018655 0.122664
v 0.103727 1.014672 0.125226
v 0.091857 1.008203 0.127587
v 0.081454 0.999497 0.129656
v 0.072916 0.988890 0.131355
v 0.066571 0.976788 0.132617
v 0.062664 0.963656 0.133394
v 0.061345 0.950000 0.133656
v 0.062664 0.936344 0.133394
v 0.066571 0.923212 0.132617
v 0.072916 0.911110 0.131355
v 0.081454 0.900503 0.129656
v 0.091857 0.891797 0.127587
v 0.103727 0.885328 0.125226
v 0.116606 0.881345 0.122664
v 0.116344 1.018655 0.120000
v 0.103212 1.014672 0.120000
v 0.091110 1.008203 0.120000
v 0.080503 0.999497 0.120000
v 0.071797 0.988890 0.120000
v 0.065328 0.976788 0.120000
v 0.061345 0.963656 0.120000
v 0.060000 0.950000 0.120000
v 0.061345 0.936344 0.120000
v 0.065328 0.923212 0.120000
v 0.071797 0.911110 0.120000
v 0.080503 0.900503 0.120000
v 0.091110 0.891797 0.120000
v 0.103212 0.885328 0.120000
v 0.116344 0.881345 0.120000
v 0.116606 1.018655 0.117336
v 0.103727 1.014672 0.114774
v 0.091857 1.008203 0.112413
v 0.081454 0.999497 0.110344
v 0.072916 0.988890 0.108645
v 0.066571 0.976788 0.107383
v 0.062664 0.963656 0.106606
v 0.061345 0.950000 0.106344
v 0.062664 0.936344 0.106606
v 0.066571 0.923212 0.107383
v 0.072916 0.911110 0.108645
v 0.081454 0.900503 0.110344
v 0.091857 0.891797 0.112413
v 0.103727 0.885328 0.114774
v 0.116606 0.881345 0.117336
v 0.117383 1.018655 0.114774
v 0.105251 1.014672 0.109749
v 0.094070 1.008203 0.105117
v 0.084270 0.999497 0.101058
v 0.076228 0.988890 0.097727
v 0.070251 0.976788 0.095251
v 0.066571 0.963656 0.093727
v 0.065328 0.950000 0.093212
v 0.066571 0.936344 0.093727
v 0.070251 0.923212 0.095251
v 0.076228 0.911110 0.097727
v 0.084270 0.900503 0.101058
v 0.094070 0.891797 0.105117
v 0.105251 0.885328 0.109749
v 0.117383 0.881345 0.114774
v 0.118645 1.018655 0.112413
v 0.107727 1.014672 0.105117
v 0.097664 1.008203 0.098394
v 0.088844 0.999497 0.092501
v 0.081606 0.988890 0.087664
v 0.076228 0.976788 0.084070
v 0.072915 0.963656 0.081857
v 0.071797 0.950000 0.081110
v 0.072915 0.936344 0.081857
v 0.076228 0.923212 0.084070
v 0.081606 0.911110 0.087664
v 0.088844 0.900503 0.092501
v 0.097664 0.891797 0.098394
v 0.107727 0.885328 0.105117
v 0.118645 0.881345 0.112413
v 0.120344 1.018655 0.110344
v 0.111058 1.014672 0.101058
v 0.102501 1.008203 0.092501
v 0.095000 0.999497 0.085000
v 0.088844 0.988890 0.078844
v 0.084270 0.976788 0.074270
v 0.081454 0.963656 0.071454
v 0.080503 0.950000 0.070503
v 0.081454 0.936344 0.071454
v 0.084270 0.923212 0.074270
v 0.088844 0.911110 0.078844
v 0.095000 0.900503 0.085000
v 0.102501 0.891797 0.092501
v 0.111058 0.885328 0.101058
v 0.120344 0.881345 0.110344
v 0.122413 1.018655 0.108645
v 0.115117 1.014672 0.097727
v 0.108394 1.008203 0.087664
v 0.102501 0.999497 0.078844
v 0.097664 0.988890 0.071606
v 0.094070 0.976788 0.066228
v 0.091857 0.963656 0.062915
v 0.091110 0.950000 0.061797
v 0.091857 0.936344 0.062915
v 0.094070 0.923212 0.066228
v 0.097664 0.911110 0.071606
v 0.102501 0.900503 0.078844
v 0.108394 0.891797 0.087664
v 0.115117 0.885328 0.097727
v 0.122413 0.881345 0.108645
v 0.124774 1.018655 0.107383
v 0.119749 1.014672 0.095251
v 0.115117 1.008203 0.084070
v 0.111058 0.999497 0.074270
v 0.107727 0.988890 0.066228
v 0.105251 0.976788 0.060251
v 0.103727 0.963656 0.056571
v 0.103212 0.950000 0.055328
v 0.103727 0.936344 0.056571
v 0.105251 0.923212 0.060251
v 0.107727 0.911110 0.066228
v 0.111058 0.900503 0.074270
v 0.115117 0.891797 0.084070
v 0.119749 0.885328 0.095251
v 0.124774 0.881345 0.107383
v 0.127336 1.018655 0.106606
v 0.124774 1.014672 0.093727
v 0.122413 1.008203 0.081857
v 0.120344 0.999497 0.071454
v 0.118645 0.988890 0.062916
v 0.117383 0.976788 0.056571
v 0.116606 0.963656 0.052664
v 0.116344 0.950000 0.051345
v 0.116606 0.936344 0.052664
v 0.117383 0.923212 0.056571
v 0.118645 0.911110 0.062916
v 0.120344 0.900503 0.071454
v 0.122413 0.891797 0.081857
v 0.124774 0.885328 0.093727
v 0.127336 0.881345 0.106606
v 0.130000 1.018655 0.106344
v 0.130000 1.014672 0.093212
v 0.130000 0.988890 0.061797
v 0.130000 0.900503 0.070503
v 0.130000 0.885328 0.093212
v 0.130000 0.881345 0.106344
v -0.182746 0.922236 -0.060000
v -0.337254 1.397764 -0.060000
v -0.171613 0.925853 -0.058847
v -0.326122 1.401381 -0.058847
v -0.160909 0.929331 -0.055433
v -0.315417 1.404859 -0.055433
v -0.151043 0.932537 -0.049888
v -0.305552 1.408065 -0.049888
v -0.142396 0.935346 -0.042426
v -0.296904 1.410875 -0.042426
v -0.135299 0.937652 -0.033334
v -0.289808 1.413180 -0.033334
v -0.130026 0.939366 -0.022961
v -0.284535 1.414894 -0.022961
v -0.126779 0.940421 -0.011705
v -0.281287 1.415949 -0.011705
v -0.125682 0.940777 0.000000
v -0.280191 1.416305 0.000000
v -0.126779 0.940421 0.011705
v -0.281287 1.415949 0.011705
v -0.130026 0.939366 0.022961
v -0.284535 1.414894 0.022961
v -0.135299 0.937652 0.033334
v -0.289808 1.413180 0.033334
v -0.142396 0.935346 0.042426
v -0.296904 1.410875 0.042426
v -0.151043 0.932537 0.049888
v -0.305552 1.408065 0.049888
v -0.160909 0.929331 0.055433
v -0.315417 1.404859 0.055433
v -0.171613 0.925853 0.058847
v -0.326122 1.401381 0.058847
v -0.182746 0.922236 0.060000
v -0.337254 1.397764 0.060000
v -0.193878 0.918619 0.058847
v -0.348387 1.394147 0.058847
v -0.204583 0.915141 0.055433
v -0.359091 1.390669 0.055433
v -0.214448 0.911935 0.049888
v -0.368957 1.387463 0.049888
v -0.223096 0.909125 0.042426
v -0.377604 1.384654 0.042426
v -0.230192 0.906820 0.033334
v -0.384701 1.382348 0.033334
v -0.235465 0.905106 0.022961
v -0.389974 1.380634 0.022961
v -0.238713 0.904051 0.011705
v -0.393221 1.379579 0.011705
v -0.239809 0.903695 0.000000
v -0.394318 1.379223 0.000000
v -0.238713 0.904051 -0.011705
v -0.393221 1.379579 -0.011705
v -0.235465 0.905106 -0.022961
v -0.389974 1.380634 -0.022961
v -0.230192 0.906820 -0.033334
v -0.384701 1.382348 -0.033334
v -0.223096 0.909125 -0.042426
v -0.377604 1.384654 -0.042426
v -0.214448 0.911935 -0.049888
v -0.368957 1.387463 -0.049888
v -0.204583 0.915141 -0.055433
v -0.359091 1.390669 -0.055433
v -0.193878 0.918619 -0.058847
v -0.348387 1.394147 -0.058847
v -0.130000 1.020000 0.120000
v -0.130000 1.008203 0.081110
v -0.130000 0.999497 0.070503
v -0.130000 0.976788 0.055328
v -0.130000 0.963656 0.051345
v -0.130000 0.950000 0.050000
v -0.130000 0.936344 0.051345
v -0.130000 0.923212 0.055328
v -0.130000 0.911110 0.061797
v -0.130000 0.891797 0.081110
v -0.130000 0.880000 0.120000
v -0.127336 1.018655 0.106606
v -0.124774 1.014672 0.093727
v -0.122413 1.008203 0.081857
v -0.120344 0.999497 0.071454
v -0.118645 0.988890 0.062915
v -0.117383 0.976788 0.056571
v -0.116606 0.963656 0.052664
v -0.116344 0.950000 0.051345
v -0.116606 0.936344 0.052664
v -0.117383 0.923212 0.056571
v -0.118645 0.911110 0.062915
v -0.120344 0.900503 0.071454
v -0.122413 0.891797 0.081857
v -0.124774 0.885328 0.093727
v -0.127336 0.881345 0.106606
v -0.124774 1.018655 0.107383
v -0.119749 1.014672 0.095251
v -0.115117 1.008203 0.084070
v -0.111058 0.999497 0.074270
v -0.107727 0.988890 0.066228
v -0.105251 0.976788 0.060251
v -0.103727 0.963656 0.056571
v -0.103212 0.950000 0.055328
v -0.103727 0.936344 0.056571
v -0.105251 0.923212 0.060251
v -0.107727 0.911110 0.066228
v -0.111058 0.900503 0.074270
v -0.115117 0.891797 0.084070
v -0.119749 0.885328 0.095251
v -0.124774 0.881345 0.107383
v -0.122413 1.018655 0.108645
v -0.115117 1.014672 0.097727
v -0.108394 1.008203 0.087664
v -0.102501 0.999497 0.078844
v -0.097664 0.988890 0.071606
v -0.094070 0.976788 0.066228
v -0.091857 0.963656 0.062915
v -0.091110 0.950000 0.061797
v -0.091857 0.936344 0.062915
v -0.094070 0.923212 0.066228
v -0.097664 0.911110 0.071606
v -0.102501 0.900503 0.078844
v -0.108394 0.891797 0.087664
v -0.115117 0.885328 0.097727
v -0.122413 0.881345 0.108645
v -0.120344 1.018655 0.110344
v -0.111058 1.014672 0.101058
v -0.102501 1.008203 0.092501
v -0.095000 0.999497 0.085000
v -0.088844 0.988890 0.078844
v -0.084270 0.976788 0.074270
v -0.081454 0.963656 0.071454
v -0.080503 0.950000 0.070503
v -0.081454 0.936344 0.071454
v -0.084270 0.923212 0.074270
v -0.088844 0.911110 0.078844
v -0.095000 0.900503 0.085000
v -0.102501 0.891797 0.092501
v -0.111058 0.885328 0.101058
v -0.120344 0.881345 0.110344
v -0.118645 1.018655 0.112413
v -0.107727 1.014672 0.105117
v -0.097664 1.008203 0.098394
v -0.088844 0.999497 0.092501
v -0.081606 0.988890 0.087664
v -0.076228 0.976788 0.084070
v -0.072915 0.963656 0.081857
v -0.071797 0.950000 0.081110
v -0.072915 0.936344 0.081857
v -0.076228 0.923212 0.084070
v -0.081606 0.911110 0.087664
v -0.088844 0.900503 0.092501
v -0.097664 0.891797 0.098394
v -0.107727 0.885328 0.105117
v -0.118645 0.881345 0.112413
v -0.117383 1.018655 0.114774
v -0.105251 1.014672 0.109749
v -0.094070 1.008203 0.105117
v -0.084270 0.999497 0.101058
v -0.076228 0.988890 0.097727
v -0.070251 0.976788 0.095251
v -0.066571 0.963656 0.093727
v -0.065328 0.950000 0.093212
v -0.066571 0.936344 0.093727
v -0.070251 0.923212 0.095251
v -0.076228 0.911110 0.097727
v -0.084270 0.900503 0.101058
v -0.094070 0.891797 0.105117
v -0.105251 0.885328 0.109749
v -0.117383 0.881345 0.114774
v -0.116606 1.018655 0.117336
v -0.103727 1.014672 0.114774
v -0.091857 1.008203 0.112413
v -0.081454 0.999497 0.110344
v -0.072915 0.988890 0.108645
v -0.066571 0.976788 0.107383
v -0.062664 0.963656 0.106606
v -0.061345 0.950000 0.106344
v -0.062664 0.936344 0.106606
v -0.066571 0.923212 0.107383
v -0.072915 0.911110 0.108645
v -0.081454 0.900503 0.110344
v -0.091857 0.891797 0.112413
v -0.103727 0.885328 0.114774
v -0.116606 0.881345 0.117336
v -0.116344 1.018655 0.120000
v -0.103212 1.014672 0.120000
v -0.091110 1.008203 0.120000
v -0.080503 0.999497 0.120000
v -0.071797 0.988890 0.120000
v -0.065328 0.976788 0.120000
v -0.061345 0.963656 0.120000
v -0.060000 0.950000 0.120000
v -0.061345 0.936344 0.120000
v -0.065328 0.923212 0.120000
v -0.071797 0.911110 0.120000
v -0.080503 0.900503 0.120000
v -0.091110 0.891797 0.120000
v -0.103212 0.885328 0.120000
v -0.116344 0.881345 0.120000
v -0.116606 1.018655 0.122664
v -0.103727 1.014672 0.125226
v -0.091857 1.008203 0.127587
v -0.081454 0.999497 0.129656
v -0.072915 0.988890 0.131355
v -0.066571 0.976788 0.132617
v -0.062664 0.963656 0.133394
v -0.061345 0.950000 0.133656
v -0.062664 0.936344 0.133394
v -0.066571 0.923212 0.132617
v -0.072915 0.911110 0.131355
v -0.081454 0.900503 0.129656
v -0.091857 0.891797 0.127587
v -0.103727 0.885328 0.125226
v -0.116606 0.881345 0.122664
v -0.117383 1.018655 0.125226
v -0.105251 1.014672 0.130251
v -0.094070 1.008203 0.134883
v -0.084270 0.999497 0.138942
v -0.076228 0.988890 0.142273
v -0.070251 0.976788 0.144749
v -0.066571 0.963656 0.146273
v -0.065328 0.950000 0.146788
v -0.066571 0.936344 0.146273
v -0.070251 0.923212 0.144749
v -0.076228 0.911110 0.142273
v -0.084270 0.900503 0.138942
v -0.094070 0.891797 0.134883
v -0.105251 0.885328 0.130251
v -0.117383 0.881345 0.125226
v -0.118645 1.018655 0.127587
v -0.107727 1.014672 0.134883
v -0.097664 1.008203 0.141606
v -0.088844 0.999497 0.147499
v -0.081606 0.988890 0.152336
v -0.076228 0.976788 0.155930
v -0.072915 0.963656 0.158143
v -0.071797 0.950000 0.158890
v -0.072915 0.936344 0.158143
v -0.076228 0.923212 0.155930
v -0.081606 0.911110 0.152336
v -0.088844 0.900503 0.147499
v -0.097664 0.891797 0.141606
v -0.107727 0.885328 0.134883
v -0.118645 0.881345 0.127587
v -0.120344 1.018655 0.129656
v -0.111058 1.014672 0.138942
v -0.102501 1.008203 0.147499
v -0.095000 0.999497 0.155000
v -0.088844 0.988890 0.161156
v -0.084270 0.976788 0.165730
v -0.081454 0.963656 0.168546
v -0.080503 0.950000 0.169497
v -0.081454 0.936344 0.168546
v -0.084270 0.923212 0.165730
v -0.088844 0.911110 0.161156
v -0.095000 0.900503 0.155000
v -0.102501 0.891797 0.147499
v -0.111058 0.885328 0.138942
v -0.120344 0.881345 0.129656
v -0.122413 1.018655 0.131355
v -0.115117 1.014672 0.142273
v -0.108394 1.008203 0.152336
v -0.102501 0.999497 0.161156
v -0.097664 0.988890 0.168394
v -0.094070 0.976788 0.173772
v -0.091857 0.963656 0.177085
v -0.091110 0.950000 0.178203
v -0.091857 0.936344 0.177085
v -0.094070 0.923212 0.173772
v -0.097664 0.911110 0.168394
v -0.102501 0.900503 0.161156
v -0.108394 0.891797 0.152336
v -0.115117 0.885328 0.142273
v -0.122413 0.881345 0.131355
v -0.124774 1.018655 0.132617
v -0.119749 1.014672 0.144749
v -0.115117 1.008203 0.155930
v -0.111058 0.999497 0.165730
v -0.107727 0.988890 0.173772
v -0.105251 0.976788 0.179749
v -0.103727 0.963656 0.183429
v -0.103212 0.950000 0.184672
v -0.103727 0.936344 0.183429
v -0.105251 0.923212 0.179749
v -0.107727 0.911110 0.173772
v -0.111058 0.900503 0.165730
v -0.115117 0.891797 0.155930
v -0.119749 0.885328 0.144749
v -0.124774 0.881345 0.132617
v -0.127336 1.018655 0.133394
v -0.124774 1.014672 0.146273
v -0.122413 1.008203 0.158143
v -0.120344 0.999497 0.168546
v -0.118645 0.988890 0.177084
v -0.117383 0.976788 0.183429
v -0.116606 0.963656 0.187336
v -0.116344 0.950000 0.188655
v -0.116606 0.936344 0.187336
v -0.117383 0.923212 0.183429
v -0.118645 0.911110 0.177084
v -0.120344 0.900503 0.168546
v -0.122413 0.891797 0.158143
v -0.124774 0.885328 0.146273
v -0.127336 0.881345 0.133394
v -0.130000 1.018655 0.133656
v -0.130000 1.014672 0.146788
v -0.130000 1.008203 0.158890
v -0.130000 0.999497 0.169497
v -0.130000 0.988890 0.178203
v -0.130000 0.976788 0.184672
v -0.130000 0.963656 0.188655
v -0.130000 0.950000 0.190000
v -0.130000 0.936344 0.188655
v -0.130000 0.923212 0.184672
v -0.130000 0.911110 0.178203
v -0.130000 0.900503 0.169497
v -0.130000 0.891797 0.158890
v -0.130000 0.885328 0.146788
v -0.130000 0.881345 0.133656
v -0.132664 1.018655 0.133394
v -0.135226 1.014672 0.146273
v -0.137587 1.008203 0.158143
v -0.139656 0.999497 0.168546
v -0.141355 0.988890 0.177084
v -0.142617 0.976788 0.183429
v -0.143394 0.963656 0.187336
v -0.143656 0.950000 0.188655
v -0.143394 0.936344 0.187336
v -0.142617 0.923212 0.183429
v -0.141355 0.911110 0.177084
v -0.139656 0.900503 0.168546
v -0.137587 0.891797 0.158143
v -0.135226 0.885328 0.146273
v -0.132664 0.881345 0.133394
v -0.135226 1.018655 0.132617
v -0.140251 1.014672 0.144749
v -0.144883 1.008203 0.155930
v -0.148942 0.999497 0.165730
v -0.152273 0.988890 0.173772
v -0.154749 0.976788 0.179749
v -0.156273 0.963656 0.183429
v -0.156788 0.950000 0.184672
v -0.156273 0.936344 0.183429
v -0.154749 0.923212 0.179749
v -0.152273 0.911110 0.173772
v -0.148942 0.900503 0.165730
v -0.144883 0.891797 0.155930
v -0.140251 0.885328 0.144749
v -0.135226 0.881345 0.132617
v -0.137587 1.018655 0.131355
v -0.144883 1.014672 0.142273
v -0.151606 1.008203 0.152336
v -0.157499 0.999497 0.161156
v -0.162336 0.988890 0.168394
v -0.165930 0.976788 0.173772
v -0.168143 0.963656 0.177085
v -0.168890 0.950000 0.178203
v -0.168143 0.936344 0.177085
v -0.165930 0.923212 0.173772
v -0.162336 0.911110 0.168394
v -0.157499 0.900503 0.161156
v -0.151606 0.891797 0.152336
v -0.144883 0.885328 0.142273
v -0.137587 0.881345 0.131355
v -0.139656 1.018655 0.129656
v -0.148942 1.014672 0.138942
v -0.157499 1.008203 0.147499
v -0.165000 0.999497 0.155000
v -0.171156 0.988890 0.161156
v -0.175730 0.976788 0.165730
v -0.178546 0.963656 0.168546
v -0.179497 0.950000 0.169497
v -0.178546 0.936344 0.168546
v -0.175730 0.923212 0.165730
v -0.171156 0.911110 0.161156
v -0.165000 0.900503 0.155000
v -0.157499 0.891797 0.147499
v -0.148942 0.885328 0.138942
v -0.139656 0.881345 0.129656
v -0.141355 1.018655 0.127587
v -0.152273 1.014672 0.134883
v -0.162336 1.008203 0.141606
v -0.171156 0.999497 0.147499
v -0.178394 0.988890 0.152336
v -0.183772 0.976788 0.155930
v -0.187085 0.963656 0.158143
v -0.188203 0.950000 0.158890
v -0.187085 0.936344 0.158143
v -0.183772 0.923212 0.155930
v -0.178394 0.911110 0.152336
v -0.171156 0.900503 0.147499
v -0.162336 0.891797 0.141606
v -0.152273 0.885328 0.134883
v -0.141355 0.881345 0.127587
v -0.142617 1.018655 0.125226
v -0.154749 1.014672 0.130251
v -0.165930 1.008203 0.134883
v -0.175730 0.999497 0.138942
v -0.183772 0.988890 0.142273
v -0.189749 0.976788 0.144749
v -0.193429 0.963656 0.146273
v -0.194672 0.950000 0.146788
v -0.193429 0.936344 0.146273
v -0.189749 0.923212 0.144749
v -0.183772 0.911110 0.142273
v -0.175730 0.900503 0.138942
v -0.165930 0.891797 0.134883
v -0.154749 0.885328 0.130251
v -0.142617 0.881345 0.125226
v -0.143394 1.018655 0.122664
v -0.156273 1.014672 0.125226
v -0.168143 1.008203 0.127587
v -0.178546 0.999497 0.129656
v -0.187084 0.988890 0.131355
v -0.193429 0.976788 0.132617
v -0.197336 0.963656 0.133394
v -0.198655 0.950000 0.133656
v -0.197336 0.936344 0.133394
v -0.193429 0.923212 0.132617
v -0.187084 0.911110 0.131355
v -0.178546 0.900503 0.129656
v -0.168143 0.891797 0.127587
v -0.156273 0.885328 0.125226
v -0.143394 0.881345 0.122664
v -0.143656 1.018655 0.120000
v -0.156788 1.014672 0.120000
v -0.168890 1.008203 0.120000
v -0.179497 0.999497 0.120000
v -0.188203 0.988890 0.120000
v -0.194672 0.976788 0.120000
v -0.198655 0.963656 0.120000
v -0.200000 0.950000 0.120000
v -0.198655 0.936344 0.120000
v -0.194672 0.923212 0.120000
v -0.188203 0.911110 0.120000
v -0.179497 0.900503 0.120000
v -0.168890 0.891797 0.120000
v -0.156788 0.885328 0.120000
v -0.143656 0.881345 0.120000
v -0.143394 1.018655 0.117336
v -0.156273 1.014672 0.114774
v -0.168143 1.008203 0.112413
v -0.178546 0.999497 0.110344
v -0.187084 0.988890 0.108645
v -0.193429 0.976788 0.107383
v -0.197336 0.963656 0.106606
v -0.198655 0.950000 0.106344
v -0.197336 0.936344 0.106606
v -0.193429 0.923212 0.107383
v -0.187084 0.911110 0.108645
v -0.178546 0.900503 0.110344
v -0.168143 0.891797 0.112413
v -0.156273 0.885328 0.114774
v -0.143394 0.881345 0.117336
v -0.142617 1.018655 0.114774
v -0.154749 1.014672 0.109749
v -0.165930 1.008203 0.105117
v -0.175730 0.999497 0.101058
v -0.183772 0.988890 0.097727
v -0.189749 0.976788 0.095251
v -0.193429 0.963656 0.093727
v -0.194672 0.950000 0.093212
v -0.193429 0.936344 0.093727
v -0.189749 0.923212 0.095251
v -0.183772 0.911110 0.097727
v -0.175730 0.900503 0.101058
v -0.165930 0.891797 0.105117
v -0.154749 0.885328 0.109749
v -0.142617 0.881345 0.114774
v -0.141355 1.018655 0.112413
v -0.152273 1.014672 0.105117
v -0.162336 1.008203 0.098394
v -0.171156 0.999497 0.092501
v -0.178394 0.988890 0.087664
v -0.183772 0.976788 0.084070
v -0.187085 0.963656 0.081857
v -0.188203 0.950000 0.081110
v -0.187085 0.936344 0.081857
v -0.183772 0.923212 0.084070
v -0.178394 0.911110 0.087664
v -0.171156 0.900503 0.092501
v -0.162336 0.891797 0.098394
v -0.152273 0.885328 0.105117
v -0.141355 0.881345 0.112413
v -0.139656 1.018655 0.110344
v -0.148942 1.014672 0.101058
v -0.157499 1.008203 0.092501
v -0.165000 0.999497 0.085000
v -0.171156 0.988890 0.078844
v -0.175730 0.976788 0.074270
v -0.178546 0.963656 0.071454
v -0.179497 0.950000 0.070503
v -0.178546 0.936344 0.071454
v -0.175730 0.923212 0.074270
v -0.171156 0.911110 0.078844
v -0.165000 0.900503 0.085000
v -0.157499 0.891797 0.092501
v -0.148942 0.885328 0.101058
v -0.139656 0.881345 0.110344
v -0.137587 1.018655 0.108645
v -0.144883 1.014672 0.097727
v -0.151606 1.008203 0.087664
v -0.157499 0.999497 0.078844
v -0.162336 0.988890 0.071606
v -0.165930 0.976788 0.066228
v -0.168143 0.963656 0.062915
v -0.168890 0.950000 0.061797
v -0.168143 0.936344 0.062915
v -0.165930 0.923212 0.066228
v -0.162336 0.911110 0.071606
v -0.157499 0.900503 0.078844
v -0.151606 0.891797 0.087664
v -0.144883 0.885328 0.097727
v -0.137587 0.881345 0.108645
v -0.135226 1.018655 0.107383
v -0.140251 1.014672 0.095251
v -0.144883 1.008203 0.084070
v -0.148942 0.999497 0.074270
v -0.152273 0.988890 0.066228
v -0.154749 0.976788 0.060251
v -0.156273 0.963656 0.056571
v -0.156788 0.950000 0.055328
v -0.156273 0.936344 0.056571
v -0.154749 0.923212 0.060251
v -0.152273 0.911110 0.066228
v -0.148942 0.900503 0.074270
v -0.144883 0.891797 0.084070
v -0.140251 0.885328 0.095251
v -0.135226 0.881345 0.107383
v -0.132664 1.018655 0.106606
v -0.135226 1.014672 0.093727
v -0.137587 1.008203 0.081857
v -0.139656 0.999497 0.071454
v -0.141355 0.988890 0.062916
v -0.142617 0.976788 0.056571
v -0.143394 0.963656 0.052664
v -0.143656 0.950000 0.051345
v -0.143394 0.936344 0.052664
v -0.142617 0.923212 0.056571
v -0.141355 0.911110 0.062916
v -0.139656 0.900503 0.071454
v -0.137587 0.891797 0.081857
v -0.135226 0.885328 0.093727
v -0.132664 0.881345 0.106606
v -0.130000 1.018655 0.106344
v -0.130000 1.014672 0.093212
v -0.130000 0.988890 0.061797
v -0.130000 0.900503 0.070503
v -0.130000 0.885328 0.093212
v -0.130000 0.881345 0.106344
v 0.500000 0.030000 0.022000
v 0.500000 1.530000 0.022000
v 0.505463 0.030000 0.022538
v 0.505463 1.530000 0.022538
v 0.510715 0.030000 0.024131
v 0.510715 1.530000 0.024131
v 0.515556 0.030000 0.026719
v 0.515556 1.530000 0.026719
v 0.519799 0.030000 0.030201
v 0.519799 1.530000 0.030201
v 0.523281 0.030000 0.034444
v 0.523281 1.530000 0.034444
v 0.525869 0.030000 0.039285
v 0.525869 1.530000 0.039285
v 0.527462 0.030000 0.044537
v 0.527462 1.530000 0.044537
v 0.528000 0.030000 0.050000
v 0.528000 1.530000 0.050000
v 0.527462 0.030000 0.055463
v 0.527462 1.530000 0.055463
v 0.525869 0.030000 0.060715
v 0.525869 1.530000 0.060715
v 0.523281 0.030000 0.065556
v 0.523281 1.530000 0.065556
v 0.519799 0.030000 0.069799
v 0.519799 1.530000 0.069799
v 0.515556 0.030000 0.073281
v 0.515556 1.530000 0.073281
v 0.510715 0.030000 0.075869
v 0.510715 1.530000 0.075869
v 0.505463 0.030000 0.077462
v 0.505463 1.530000 0.077462
v 0.500000 0.030000 0.078000
v 0.500000 1.530000 0.078000
v 0.494537 0.030000 0.077462
v 0.494537 1.530000 0.077462
v 0.489285 0.030000 0.075869
v 0.489285 1.530000 0.075869
v 0.484444 0.030000 0.073281
v 0.484444 1.530000 0.073281
v 0.480201 0.030000 0.069799
v 0.480201 1.530000 0.069799
v 0.476719 0.030000 0.065556
v 0.476719 1.530000 0.065556
v 0.474131 0.030000 0.060715
v 0.474131 1.530000 0.060715
v 0.472538 0.030000 0.055463
v 0.472538 1.530000 0.055463
v 0.472000 0.030000 0.050000
v 0.472000 1.530000 0.050000
v 0.472538 0.030000 0.044537
v 0.472538 1.530000 0.044537
v 0.474131 0.030000 0.039285
v 0.474131 1.530000 0.039285
v 0.476719 0.030000 0.034444
v 0.476719 1.530000 0.034444
v 0.480201 0.030000 0.030201
v 0.480201 1.530000 0.030201
v 0.484444 0.030000 0.026719
v 0.484444 1.530000 0.026719
v 0.489285 0.030000 0.024131
v 0.489285 1.530000 0.024131
v 0.494537 0.030000 0.022538
v 0.494537 1.530000 0.022538
v 0.500000 1.600000 0.050000
v 0.500000 1.598847 0.038295
v 0.500000 1.589888 0.016666
v 0.500000 1.562961 -0.005433
v 0.500000 1.540000 -0.010000
v 0.500000 1.528295 -0.008847
v 0.500000 1.517039 -0.005433
v 0.500000 1.506666 0.000112
v 0.500000 1.490112 0.016666
v 0.500000 1.480000 0.050000
v 0.502284 1.598847 0.038519
v 0.504479 1.595433 0.027480
v 0.506503 1.589888 0.017306
v 0.508277 1.582426 0.008389
v 0.509733 1.573334 0.001070
v 0.510814 1.562961 -0.004368
v 0.511481 1.551705 -0.007716
v 0.511705 1.540000 -0.008847
v 0.511481 1.528295 -0.007716
v 0.510814 1.517039 -0.004368
v 0.509733 1.506666 0.001070
v 0.508277 1.497574 0.008389
v 0.506503 1.490112 0.017306
v 0.504479 1.484567 0.027480
v 0.502284 1.481153 0.038519
v 0.504479 1.598847 0.039186
v 0.508787 1.595433 0.028787
v 0.512756 1.589888 0.019203
v 0.516236 1.582426 0.010803
v 0.519091 1.573334 0.003909
v 0.521213 1.562961 -0.001213
v 0.522520 1.551705 -0.004368
v 0.522961 1.540000 -0.005433
v 0.522520 1.528295 -0.004368
v 0.521213 1.517039 -0.001213
v 0.519091 1.506666 0.003909
v 0.516236 1.497574 0.010803
v 0.512756 1.490112 0.019203
v 0.508787 1.484567 0.028787
v 0.504479 1.481153 0.039186
v 0.506503 1.598847 0.040267
v 0.512756 1.595433 0.030909
v 0.518520 1.589888 0.022284
v 0.523571 1.582426 0.014724
v 0.527716 1.573334 0.008520
v 0.530797 1.562961 0.003909
v 0.532694 1.551705 0.001070
v 0.533334 1.540000 0.000112
v 0.532694 1.528295 0.001070
v 0.530797 1.517039 0.003909
v 0.527716 1.506666 0.008520
v 0.523571 1.497574 0.014724
v 0.518520 1.490112 0.022284
v 0.512756 1.484567 0.030909
v 0.506503 1.481153 0.040267
v 0.508277 1.598847 0.041723
v 0.516236 1.595433 0.033764
v 0.523571 1.589888 0.026429
v 0.530000 1.582426 0.020000
v 0.535276 1.573334 0.014724
v 0.539197 1.562961 0.010803
v 0.541611 1.551705 0.008389
v 0.542426 1.540000 0.007574
v 0.541611 1.528295 0.008389
v 0.539197 1.517039 0.010803
v 0.535276 1.506666 0.014724
v 0.530000 1.497574 0.020000
v 0.523571 1.490112 0.026429
v 0.516236 1.484567 0.033764
v 0.508277 1.481153 0.041723
v 0.509733 1.598847 0.043497
v 0.519091 1.595433 0.037244
v 0.527716 1.589888 0.031481
v 0.535276 1.582426 0.026429
v 0.541480 1.573334 0.022284
v 0.546091 1.562961 0.019203
v 0.548930 1.551705 0.017306
v 0.549888 1.540000 0.016666
v 0.548930 1.528295 0.017306
v 0.546091 1.517039 0.019203
v 0.541480 1.506666 0.022284
v 0.535276 1.497574 0.026429
v 0.527716 1.490112 0.031481
v 0.519091 1.484567 0.037244
v 0.509733 1.481153 0.043497
v 0.510814 1.598847 0.045521
v 0.521213 1.595433 0.041213
v 0.530797 1.589888 0.037244
v 0.539197 1.582426 0.033764
v 0.546091 1.573334 0.030909
v 0.551213 1.562961 0.028787
v 0.554368 1.551705 0.027480
v 0.555433 1.540000 0.027039
v 0.554368 1.528295 0.027480
v 0.551213 1.517039 0.028787
v 0.546091 1.506666 0.030909
v 0.539197 1.497574 0.033764
v 0.530797 1.490112 0.037244
v 0.521213 1.484567 0.041213
v 0.510814 1.481153 0.045521
v 0.511481 1.598847 0.047716
v 0.522520 1.595433 0.045521
v 0.532694 1.589888 0.043497
v 0.541611 1.582426 0.041723
v 0.548930 1.573334 0.040267
v 0.554368 1.562961 0.039186
v 0.557716 1.551705 0.038520
v 0.558847 1.540000 0.038295
v 0.557716 1.528295 0.038520
v 0.554368 1.517039 0.039186
v 0.548930 1.506666 0.040267
v 0.541611 1.497574 0.041723
v 0.532694 1.490112 0.043497
v 0.522520 1.484567 0.045521
v 0.511481 1.481153 0.047716
v 0.511705 1.598847 0.050000
v 0.522961 1.595433 0.050000
v 0.533334 1.589888 0.050000
v 0.542426 1.582426 0.050000
v 0.549888 1.573334 0.050000
v 0.555433 1.562961 0.050000
v 0.558847 1.551705 0.050000
v 0.560000 1.540000 0.050000
v 0.558847 1.528295 0.050000
v 0.555433 1.517039 0.050000
v 0.549888 1.506666 0.050000
v 0.542426 1.497574 0.050000
v 0.533334 1.490112 0.050000
v 0.522961 1.484567 0.050000
v 0.511705 1.481153 0.050000
v 0.511481 1.598847 0.052284
v 0.522520 1.595433 0.054479
v 0.532694 1.589888 0.056503
v 0.541611 1.582426 0.058277
v 0.548930 1.573334 0.059733
v 0.554368 1.562961 0.060814
v 0.557716 1.551705 0.061480
v 0.558847 1.540000 0.061705
v 0.557716 1.528295 0.061480
v 0.554368 1.517039 0.060814
v 0.548930 1.506666 0.059733
v 0.541611 1.497574 0.058277
v 0.532694 1.490112 0.056503
v 0.522520 1.484567 0.054479
v 0.511481 1.481153 0.052284
v 0.510814 1.598847 0.054479
v 0.521213 1.595433 0.058787
v 0.530797 1.589888 0.062756
v 0.539197 1.582426 0.066236
v 0.546091 1.573334 0.069091
v 0.551213 1.562961 0.071213
v 0.554368 1.551705 0.072520
v 0.555433 1.540000 0.072961
v 0.554368 1.528295 0.072520
v 0.551213 1.517039 0.071213
v 0.546091 1.506666 0.069091
v 0.539197 1.497574 0.066236
v 0.530797 1.490112 0.062756
v 0.521213 1.484567 0.058787
v 0.510814 1.481153 0.054479
v 0.509733 1.598847 0.056503
v 0.519091 1.595433 0.062756
v 0.527716 1.589888 0.068519
v 0.535276 1.582426 0.073571
v 0.541480 1.573334 0.077716
v 0.546091 1.562961 0.080797
v 0.548930 1.551705 0.082694
v 0.549888 1.540000 0.083334
v 0.548930 1.528295 0.082694
v 0.546091 1.517039 0.080797
v 0.541480 1.506666 0.077716
v 0.535276 1.497574 0.073571
v 0.527716 1.490112 0.068519
v 0.519091 1.484567 0.062756
v 0.509733 1.481153 0.056503
v 0.508277 1.598847 0.058277
v 0.516236 1.595433 0.066236
v 0.523571 1.589888 0.073571
v 0.530000 1.582426 0.080000
v 0.535276 1.573334 0.085276
v 0.539197 1.562961 0.089197
v 0.541611 1.551705 0.091611
v 0.542426 1.540000 0.092426
v 0.541611 1.528295 0.091611
v 0.539197 1.517039 0.089197
v 0.535276 1.506666 0.085276
v 0.530000 1.497574 0.080000
v 0.523571 1.490112 0.073571
v 0.516236 1.484567 0.066236
v 0.508277 1.481153 0.058277
v 0.506503 1.598847 0.059733
v 0.512756 1.595433 0.069091
v 0.518519 1.589888 0.077716
v 0.523571 1.582426 0.085276
v 0.527716 1.573334 0.091480
v 0.530797 1.562961 0.096091
v 0.532694 1.551705 0.098930
v 0.533334 1.540000 0.099888
v 0.532694 1.528295 0.098930
v 0.530797 1.517039 0.096091
v 0.527716 1.506666 0.091480
v 0.523571 1.497574 0.085276
v 0.518519 1.490112 0.077716
v 0.512756 1.484567 0.069091
v 0.506503 1.481153 0.059733
v 0.504479 1.598847 0.060814
v 0.508787 1.595433 0.071213
v 0.512756 1.589888 0.080797
v 0.516236 1.582426 0.089197
v 0.519091 1.573334 0.096091
v 0.521213 1.562961 0.101213
v 0.522520 1.551705 0.104368
v 0.522961 1.540000 0.105433
v 0.522520 1.528295 0.104368
v 0.521213 1.517039 0.101213
v 0.519091 1.506666 0.096091
v 0.516236 1.497574 0.089197
v 0.512756 1.490112 0.080797
v 0.508787 1.484567 0.071213
v 0.504479 1.481153 0.060814
v 0.502284 1.598847 0.061480
v 0.504479 1.595433 0.072520
v 0.506503 1.589888 0.082694
v 0.508277 1.582426 0.091611
v 0.509733 1.573334 0.098930
v 0.510814 1.562961 0.104368
v 0.511481 1.551705 0.107716
v 0.511705 1.540000 0.108847
v 0.511481 1.528295 0.107716
v 0.510814 1.517039 0.104368
v 0.509733 1.506666 0.098930
v 0.508277 1.497574 0.091611
v 0.506503 1.490112 0.082694
v 0.504479 1.484567 0.072520
v 0.502284 1.481153 0.061480
v 0.500000 1.598847 0.061705
v 0.500000 1.595433 0.072961
v 0.500000 1.589888 0.083334
v 0.500000 1.582426 0.092426
v 0.500000 1.573334 0.099888
v 0.500000 1.562961 0.105433
v 0.500000 1.551705 0.108847
v 0.500000 1.540000 0.110000
v 0.500000 1.528295 0.108847
v 0.500000 1.517039 0.105433
v 0.500000 1.506666 0.099888
v 0.500000 1.497574 0.092426
v 0.500000 1.490112 0.083334
v 0.500000 1.484567 0.072961
v 0.500000 1.481153 0.061705
v 0.497716 1.598847 0.061480
v 0.495521 1.595433 0.072520
v 0.493497 1.589888 0.082694
v 0.491723 1.582426 0.091611
v 0.490267 1.573334 0.098930
v 0.489186 1.562961 0.104368
v 0.488519 1.551705 0.107716
v 0.488295 1.540000 0.108847
v 0.488519 1.528295 0.107716
v 0.489186 1.517039 0.104368
v 0.490267 1.506666 0.098930
v 0.491723 1.497574 0.091611
v 0.493497 1.490112 0.082694
v 0.495521 1.484567 0.072520
v 0.497716 1.481153 0.061480
v 0.495521 1.598847 0.060814
v 0.491213 1.595433 0.071213
v 0.487244 1.589888 0.080797
v 0.483764 1.582426 0.089197
v 0.480909 1.573334 0.096091
v 0.478787 1.562961 0.101213
v 0.477480 1.551705 0.104368
v 0.477039 1.540000 0.105433
v 0.477480 1.528295 0.104368
v 0.478787 1.517039 0.101213
v 0.480909 1.506666 0.096091
v 0.483764 1.497574 0.089197
v 0.487244 1.490112 0.080797
v 0.491213 1.484567 0.071213
v 0.495521 1.481153 0.060814
v 0.493497 1.598847 0.059733
v 0.487244 1.595433 0.069091
v 0.481481 1.589888 0.077716
v 0.476429 1.582426 0.085276
v 0.472284 1.573334 0.091480
v 0.469203 1.562961 0.096091
v 0.467306 1.551705 0.098930
v 0.466666 1.540000 0.099888
v 0.467306 1.528295 0.098930
v 0.469203 1.517039 0.096091
v 0.472284 1.506666 0.091480
v 0.476429 1.497574 0.085276
v 0.481481 1.490112 0.077716
v 0.487244 1.484567 0.069091
v 0.493497 1.481153 0.059733
v 0.491723 1.598847 0.058277
v 0.483764 1.595433 0.066236
v 0.476429 1.589888 0.073571
v 0.470000 1.582426 0.080000
v 0.464724 1.573334 0.085276
v 0.460803 1.562961 0.089197
v 0.458389 1.551705 0.091611
v 0.457574 1.540000 0.092426
v 0.458389 1.528295 0.091611
v 0.460803 1.517039 0.089197
v 0.464724 1.506666 0.085276
v 0.470000 1.497574 0.080000
v 0.476429 1.490112 0.073571
v 0.483764 1.484567 0.066236
v 0.491723 1.481153 0.058277
v 0.490267 1.598847 0.056503
v 0.480909 1.595433 0.062756
v 0.472284 1.589888 0.068519
v 0.464724 1.582426 0.073571
v 0.458520 1.573334 0.077716
v 0.453909 1.562961 0.080797
v 0.451070 1.551705 0.082694
v 0.450112 1.540000 0.083334
v 0.451070 1.528295 0.082694
v 0.453909 1.517039 0.080797
v 0.458520 1.506666 0.077716
v 0.464724 1.497574 0.073571
v 0.472284 1.490112 0.068519
v 0.480909 1.484567 0.062756
v 0.490267 1.481153 0.056503
v 0.489186 1.598847 0.054479
v 0.478787 1.595433 0.058787
v 0.469203 1.589888 0.062756
v 0.460803 1.582426 0.066236
v 0.453909 1.573334 0.069091
v 0.448787 1.562961 0.071213
v 0.445632 1.551705 0.072520
v 0.444567 1.540000 0.072961
v 0.445632 1.528295 0.072520
v 0.448787 1.517039 0.071213
v 0.453909 1.506666 0.069091
v 0.460803 1.497574 0.066236
v 0.469203 1.490112 0.062756
v 0.478787 1.484567 0.058787
v 0.489186 1.481153 0.054479
v 0.488519 1.598847 0.052284
v 0.477480 1.595433 0.054479
v 0.467306 1.589888 0.056503
v 0.458389 1.582426 0.058277
v 0.451070 1.573334 0.059733
v 0.445632 1.562961 0.060814
v 0.442284 1.551705 0.061480
v 0.441153 1.540000 0.061705
v 0.442284 1.528295 0.061480
v 0.445632 1.517039 0.060814
v 0.451070 1.506666 0.059733
v 0.458389 1.497574 0.058277
v 0.467306 1.490112 0.056503
v 0.477480 1.484567 0.054479
v 0.488519 1.481153 0.052284
v 0.488295 1.598847 0.050000
v 0.477039 1.595433 0.050000
v 0.466666 1.589888 0.050000
v 0.457574 1.582426 0.050000
v 0.450112 1.573334 0.050000
v 0.444567 1.562961 0.050000
v 0.441153 1.551705 0.050000
v 0.440000 1.540000 0.050000
v 0.441153 1.528295 0.050000
v 0.444567 1.517039 0.050000
v 0.450112 1.506666 0.050000
v 0.457574 1.497574 0.050000
v 0.466666 1.490112 0.050000
v 0.477039 1.484567 0.050000
v 0.488295 1.481153 0.050000
v 0.488519 1.598847 0.047716
v 0.477480 1.595433 0.045521
v 0.467306 1.589888 0.043497
v 0.458389 1.582426 0.041723
v 0.451070 1.573334 0.040267
v 0.445632 1.562961 0.039186
v 0.442284 1.551705 0.038520
v 0.441153 1.540000 0.038295
v 0.442284 1.528295 0.038520
v 0.445632 1.517039 0.039186
v 0.451070 1.506666 0.040267
v 0.458389 1.497574 0.041723
v 0.467306 1.490112 0.043497
v 0.477480 1.484567 0.045521
v 0.488519 1.481153 0.047716
v 0.489186 1.598847 0.045521
v 0.478787 1.595433 0.041213
v 0.469203 1.589888 0.037244
v 0.460803 1.582426 0.033764
v 0.453909 1.573334 0.030909
v 0.448787 1.562961 0.028787
v 0.445632 1.551705 0.027480
v 0.444567 1.540000 0.027039
v 0.445632 1.528295 0.027480
v 0.448787 1.517039 0.028787
v 0.453909 1.506666 0.030909
v 0.460803 1.497574 0.033764
v 0.469203 1.490112 0.037244
v 0.478787 1.484567 0.041213
v 0.489186 1.481153 0.045521
v 0.490267 1.598847 0.043497
v 0.480909 1.595433 0.037244
v 0.472284 1.589888 0.031481
v 0.464724 1.582426 0.026429
v 0.458520 1.573334 0.022284
v 0.453909 1.562961 0.019203
v 0.451070 1.551705 0.017306
v 0.450112 1.540000 0.016666
v 0.451070 1.528295 0.017306
v 0.453909 1.517039 0.019203
v 0.458520 1.506666 0.022284
v 0.464724 1.497574 0.026429
v 0.472284 1.490112 0.031481
v 0.480909 1.484567 0.037244
v 0.490267 1.481153 0.043497
v 0.491723 1.598847 0.041723
v 0.483764 1.595433 0.033764
v 0.476429 1.589888 0.026429
v 0.470000 1.582426 0.020000
v 0.464724 1.573334 0.014724
v 0.460803 1.562961 0.010803
v 0.458389 1.551705 0.008389
v 0.457574 1.540000 0.007574
v 0.458389 1.528295 0.008389
v 0.460803 1.517039 0.010803
v 0.464724 1.506666 0.014724
v 0.470000 1.497574 0.020000
v 0.476429 1.490112 0.026429
v 0.483764 1.484567 0.033764
v 0.491723 1.481153 0.041723
v 0.493497 1.598847 0.040267
v 0.487244 1.595433 0.030909
v 0.481481 1.589888 0.022284
v 0.476429 1.582426 0.014724
v 0.472284 1.573334 0.008520
v 0.469203 1.562961 0.003909
v 0.467306 1.551705 0.001070
v 0.466666 1.540000 0.000112
v 0.467306 1.528295 0.001070
v 0.469203 1.517039 0.003909
v 0.472284 1.506666 0.008520
v 0.476429 1.497574 0.014724
v 0.481481 1.490112 0.022284
v 0.487244 1.484567 0.030909
v 0.493497 1.481153 0.040267
v 0.495521 1.598847 0.039186
v 0.491213 1.595433 0.028787
v 0.487244 1.589888 0.019203
v 0.483764 1.582426 0.010803
v 0.480909 1.573334 0.003909
v 0.478787 1.562961 -0.001213
v 0.477480 1.551705 -0.004368
v 0.477039 1.540000 -0.005433
v 0.477480 1.528295 -0.004368
v 0.478787 1.517039 -0.001213
v 0.480909 1.506666 0.003909
v 0.483764 1.497574 0.010803
v 0.487244 1.490112 0.019203
v 0.491213 1.484567 0.028787
v 0.495521 1.481153 0.039186
v 0.497716 1.598847 0.038520
v 0.495521 1.595433 0.027480
v 0.493497 1.589888 0.017306
v 0.491723 1.582426 0.008389
v 0.490267 1.573334 0.001070
v 0.489186 1.562961 -0.004368
v 0.488520 1.551705 -0.007716
v 0.488295 1.540000 -0.008847
v 0.488520 1.528295 -0.007716
v 0.489186 1.517039 -0.004368
v 0.490267 1.506666 0.001070
v 0.491723 1.497574 0.008389
v 0.493497 1.490112 0.017306
v 0.495521 1.484567 0.027480
v 0.497716 1.481153 0.038520
v 0.500000 1.595433 0.027039
v 0.500000 1.582426 0.007574
v 0.500000 1.573334 0.000112
v 0.500000 1.551705 -0.008847
v 0.500000 1.497574 0.007574
v 0.500000 1.484567 0.027039
v 0.500000 1.481153 0.038295
vn -0.0000 -0.0610 -0.9981
vn 0.1947 -0.0610 -0.9790
vn 0.3820 -0.0610 -0.9222
vn 0.5545 -0.0610 -0.8299
vn 0.7058 -0.0610 -0.7058
vn 0.8299 -0.0610 -0.5545
vn 0.9222 -0.0610 -0.3820
vn 0.9790 -0.0610 -0.1947
vn 0.9981 -0.0610 -0.0000
vn 0.9790 -0.0610 0.1947
vn 0.9222 -0.0610 0.3820
vn 0.8299 -0.0610 0.5545
vn 0.7058 -0.0610 0.7058
vn 0.5545 -0.0610 0.8299
vn 0.3820 -0.0610 0.9222
vn 0.1947 -0.0610 0.9790
vn -0.0000 -0.0610 0.9981
vn -0.1947 -0.0610 0.9790
vn -0.3820 -0.0610 0.9222
vn -0.5545 -0.0610 0.8299
vn -0.7058 -0.0610 0.7058
vn -0.8299 -0.0610 0.5545
vn -0.9222 -0.0610 0.3820
vn -0.9790 -0.0610 0.1947
vn -0.9981 -0.0610 -0.0000
vn -0.9790 -0.0610 -0.1947
vn -0.9222 -0.0610 -0.3820
vn -0.8299 -0.0610 -0.5545
vn -0.7058 -0.0610 -0.7058
vn -0.5545 -0.0610 -0.8299
vn -0.3820 -0.0610 -0.9222
vn -0.1947 -0.0610 -0.9790
vn -0.0000 1.0000 -0.0000
vn -0.0000 -0.6175 -0.7865
vn -0.0000 0.7490 -0.6626
vn 0.1534 -0.6175 -0.7714
vn 0.1293 0.7490 -0.6499
vn 0.3010 -0.6175 -0.7267
vn 0.2536 0.7490 -0.6122
vn 0.4370 -0.6175 -0.6540
vn 0.3681 0.7490 -0.5509
vn 0.5562 -0.6175 -0.5562
vn 0.4685 0.7490 -0.4685
vn 0.6540 -0.6175 -0.4370
vn 0.5509 0.7490 -0.3681
vn 0.7267 -0.6175 -0.3010
vn 0.6122 0.7490 -0.2536
vn 0.7714 -0.6175 -0.1534
vn 0.6499 0.7490 -0.1293
vn 0.7865 -0.6175 -0.0000
vn 0.6626 0.7490 -0.0000
vn 0.7714 -0.6175 0.1534
vn 0.6499 0.7490 0.1293
vn 0.7267 -0.6175 0.3010
vn 0.6122 0.7490 0.2536
vn 0.6540 -0.6175 0.4370
vn 0.5509 0.7490 0.3681
vn 0.5562 -0.6175 0.5562
vn 0.4685 0.7490 0.4685
vn 0.4370 -0.6175 0.6540
vn 0.3681 0.7490 0.5509
vn 0.3010 -0.6175 0.7267
vn 0.2536 0.7490 0.6122
vn 0.1534 -0.6175 0.7714
vn 0.1293 0.7490 0.6499
vn -0.0000 -0.6175 0.7865
vn -0.0000 0.7490 0.6626
vn -0.1534 -0.6175 0.7714
vn -0.1293 0.7490 0.6499
vn -0.3010 -0.6175 0.7267
vn -0.2536 0.7490 0.6122
vn -0.4370 -0.6175 0.6540
vn -0.3681 0.7490 0.5509
vn -0.5562 -0.6175 0.5562
vn -0.4685 0.7490 0.4685
vn -0.6540 -0.6175 0.4370
vn -0.5509 0.7490 0.3681
vn -0.7267 -0.6175 0.3010
vn -0.6122 0.7490 0.2536
vn -0.7714 -0.6175 0.1534
vn -0.6499 0.7490 0.1293
vn -0.7865 -0.6175 -0.0000
vn -0.6626 0.7490 -0.0000
vn -0.7714 -0.6175 -0.1534
vn -0.6499 0.7490 -0.1293
vn -0.7267 -0.6175 -0.3010
vn -0.6122 0.7490 -0.2536
vn -0.6540 -0.6175 -0.4370
vn -0.5509 0.7490 -0.3681
vn -0.5562 -0.6175 -0.5562
vn -0.4685 0.7490 -0.4685
vn -0.4370 -0.6175 -0.6540
vn -0.3681 0.7490 -0.5509
vn -0.3010 -0.6175 -0.7267
vn -0.2536 0.7490 -0.6122
vn -0.1534 -0.6175 -0.7714
vn -0.1293 0.7490 -0.6499
vn -0.0000 0.9924 -0.1230
vn -0.0000 0.8530 -0.5219
vn -0.0000 0.5592 -0.8290
vn -0.0000 -0.5592 -0.8290
vn -0.0000 -0.7371 -0.6758
vn -0.0000 -0.8530 -0.5219
vn -0.0000 -0.9256 -0.3785
vn -0.0000 -1.0000 -0.0000
vn 0.0240 0.9924 -0.1206
vn 0.0481 0.9691 -0.2418
vn 0.0738 0.9256 -0.3712
vn 0.1018 0.8530 -0.5118
vn 0.1318 0.7371 -0.6628
vn 0.1617 0.5592 -0.8131
vn 0.1856 0.3074 -0.9333
vn 0.1951 -0.0000 -0.9808
vn 0.1856 -0.3074 -0.9333
vn 0.1617 -0.5592 -0.8131
vn 0.1318 -0.7371 -0.6628
vn 0.1018 -0.8530 -0.5118
vn 0.0738 -0.9256 -0.3712
vn 0.0481 -0.9691 -0.2418
vn 0.0240 -0.9924 -0.1206
vn 0.0471 0.9924 -0.1136
vn 0.0944 0.9691 -0.2278
vn 0.1449 0.9256 -0.3497
vn 0.1997 0.8530 -0.4821
vn 0.2586 0.7371 -0.6243
vn 0.3173 0.5592 -0.7659
vn 0.3641 0.3074 -0.8791
vn 0.3827 -0.0000 -0.9239
vn 0.3642 -0.3074 -0.8791
vn 0.3173 -0.5592 -0.7659
vn 0.2586 -0.7371 -0.6243
vn 0.1997 -0.8530 -0.4821
vn 0.1449 -0.9256 -0.3497
vn 0.0944 -0.9691 -0.2278
vn 0.0471 -0.9924 -0.1136
vn 0.0683 0.9924 -0.1022
vn 0.1370 0.9691 -0.2050
vn 0.2103 0.9256 -0.3147
vn 0.2899 0.8530 -0.4339
vn 0.3754 0.7371 -0.5619
vn 0.4606 0.5592 -0.6893
vn 0.5287 0.3074 -0.7912
vn 0.5556 -0.0000 -0.8315
vn 0.5287 -0.3074 -0.7912
vn 0.4606 -0.5592 -0.6893
vn 0.3754 -0.7371 -0.5619
vn 0.2899 -0.8530 -0.4339
vn 0.2103 -0.9256 -0.3147
vn 0.1370 -0.9691 -0.2050
vn 0.0683 -0.9924 -0.1022
vn 0.0870 0.9924 -0.0870
vn 0.1743 0.9691 -0.1743
vn 0.2677 0.9256 -0.2677
vn 0.3690 0.8530 -0.3690
vn 0.4779 0.7371 -0.4779
vn 0.5862 0.5592 -0.5862
vn 0.6729 0.3074 -0.6729
vn 0.7071 -0.0000 -0.7071
vn 0.6729 -0.3074 -0.6729
vn 0.5862 -0.5592 -0.5862
vn 0.4779 -0.7371 -0.4779
vn 0.3690 -0.8530 -0.3690
vn 0.2677 -0.9256 -0.2677
vn 0.1743 -0.9691 -0.1743
vn 0.0870 -0.9924 -0.0870
vn 0.1022 0.9924 -0.0683
vn 0.2050 0.9691 -0.1370
vn 0.3147 0.9256 -0.2103
vn 0.4339 0.8530 -0.2899
vn 0.5619 0.7371 -0.3754
vn 0.6893 0.5592 -0.4606
vn 0.7912 0.3074 -0.5287
vn 0.8315 -0.0000 -0.5556
vn 0.7912 -0.3074 -0.5287
vn 0.6893 -0.5592 -0.4606
vn 0.5619 -0.7371 -0.3754
vn 0.4339 -0.8530 -0.2899
vn 0.3147 -0.9256 -0.2103
vn 0.2050 -0.9691 -0.1370
vn 0.1022 -0.9924 -0.0683
vn 0.1136 0.9924 -0.0471
vn 0.2278 0.9691 -0.0944
vn 0.3497 0.9256 -0.1449
vn 0.4821 0.8530 -0.1997
vn 0.6243 0.7371 -0.2586
vn 0.7659 0.5592 -0.3173
vn 0.8791 0.3074 -0.3641
vn 0.9239 -0.0000 -0.3827
vn 0.8791 -0.3074 -0.3641
vn 0.7659 -0.5592 -0.3173
vn 0.6243 -0.7371 -0.2586
vn 0.4821 -0.8530 -0.1997
vn 0.3497 -0.9256 -0.1449
vn 0.2278 -0.9691 -0.0944
vn 0.1136 -0.9924 -0.0471
vn 0.1206 0.9924 -0.0240
vn 0.2418 0.9691 -0.0481
vn 0.3712 0.9256 -0.0738
vn 0.5118 0.8530 -0.1018
vn 0.6628 0.7371 -0.1318
vn 0.8131 0.5592 -0.1617
vn 0.9333 0.3074 -0.1856
vn 0.9808 -0.0000 -0.1951
vn 0.9333 -0.3074 -0.1856
vn 0.8131 -0.5592 -0.1617
vn 0.6628 -0.7371 -0.1318
vn 0.5118 -0.8530 -0.1018
vn 0.3712 -0.9256 -0.0738
vn 0.2418 -0.9691 -0.0481
vn 0.1206 -0.9924 -0.0240
vn 0.1230 0.9924 -0.0000
vn 0.2466 0.9691 -0.0000
vn 0.3785 0.9256 -0.0000
vn 0.5219 0.8530 -0.0000
vn 0.6758 0.7371 -0.0000
vn 0.8290 0.5592 -0.0000
vn 0.9516 0.3074 -0.0000
vn 1.0000 -0.0000 -0.0000
vn 0.9516 -0.3074 -0.0000
vn 0.8290 -0.5592 -0.0000
vn 0.6758 -0.7371 -0.0000
vn 0.5219 -0.8530 -0.0000
vn 0.3785 -0.9256 -0.0000
vn 0.2466 -0.9691 -0.0000
vn 0.1230 -0.9924 -0.0000
vn 0.1206 0.9924 0.0240
vn 0.2418 0.9691 0.0481
vn 0.3712 0.9256 0.0738
vn 0.5118 0.8530 0.1018
vn 0.6628 0.7371 0.1318
vn 0.8131 0.5592 0.1617
vn 0.9333 0.3074 0.1856
vn 0.9808 -0.0000 0.1951
vn 0.9333 -0.3074 0.1856
vn 0.8131 -0.5592 0.1617
vn 0.6628 -0.7371 0.1318
vn 0.5118 -0.8530 0.1018
vn 0.3712 -0.9256 0.0738
vn 0.2418 -0.9691 0.0481
vn 0.1206 -0.9924 0.0240
vn 0.1136 0.9924 0.0471
vn 0.2278 0.9691 0.0944
vn 0.3497 0.9256 0.1449
vn 0.4821 0.8530 0.1997
vn 0.6243 0.7371 0.2586
vn 0.7659 0.5592 0.3173
vn 0.8791 0.3074 0.3641
vn 0.9239 -0.0000 0.3827
vn 0.8791 -0.3074 0.3641
vn 0.7659 -0.5592 0.3173
vn 0.6243 -0.7371 0.2586
vn 0.4821 -0.8530 0.1997
vn 0.3497 -0.9256 0.1449
vn 0.2278 -0.9691 0.0944
vn 0.1136 -0.9924 0.0471
vn 0.1022 0.9924 0.0683
vn 0.2050 0.9691 0.1370
vn 0.3147 0.9256 0.2103
vn 0.4339 0.8530 0.2899
vn 0.5619 0.7371 0.3754
vn 0.6893 0.5592 0.4606
vn 0.7912 0.3074 0.5287
vn 0.8315 -0.0000 0.5556
vn 0.7912 -0.3074 0.5287
vn 0.6893 -0.5592 0.4606
vn 0.5619 -0.7371 0.3754
vn 0.4339 -0.8530 0.2899
vn 0.3147 -0.9256 0.2103
vn 0.2050 -0.9691 0.1370
vn 0.1022 -0.9924 0.0683
vn 0.0870 0.9924 0.0870
vn 0.1743 0.9691 0.1743
vn 0.2677 0.9256 0.2677
vn 0.3690 0.8530 0.3690
vn 0.4779 0.7371 0.4779
vn 0.5862 0.5592 0.5862
vn 0.6729 0.3074 0.6729
vn 0.7071 -0.0000 0.7071
vn 0.6729 -0.3074 0.6729
vn 0.5862 -0.5592 0.5862
vn 0.4779 -0.7371 0.4779
vn 0.3690 -0.8530 0.3690
vn 0.2677 -0.9256 0.2677
vn 0.1743 -0.9691 0.1743
vn 0.0869 -0.9924 0.0870
vn 0.0683 0.9924 0.1022
vn 0.1370 0.9691 0.2050
vn 0.2103 0.9256 0.3147
vn 0.2899 0.8530 0.4339
vn 0.3754 0.7371 0.5619
vn 0.4606 0.5592 0.6893
vn 0.5287 0.3074 0.7912
vn 0.5556 -0.0000 0.8315
vn 0.5287 -0.3074 0.7912
vn 0.4606 -0.5592 0.6893
vn 0.3754 -0.7371 0.5619
vn 0.2899 -0.8530 0.4339
vn 0.2103 -0.9256 0.3147
vn 0.1370 -0.9691 0.2050
vn 0.0683 -0.9924 0.1022
vn 0.0471 0.9924 0.1136
vn 0.0944 0.9691 0.2278
vn 0.1449 0.9256 0.3497
vn 0.1997 0.8530 0.4821
vn 0.2586 0.7371 0.6243
vn 0.3173 0.5592 0.7659
vn 0.3641 0.3074 0.8791
vn 0.3827 -0.0000 0.9239
vn 0.3641 -0.3074 0.8791
vn 0.3173 -0.5592 0.7659
vn 0.2586 -0.7371 0.6243
vn 0.1997 -0.8530 0.4821
vn 0.1449 -0.9256 0.3497
vn 0.0944 -0.9691 0.2278
vn 0.0471 -0.9924 0.1136
vn 0.0240 0.9924 0.1206
vn 0.0481 0.9691 0.2418
vn 0.0738 0.9256 0.3712
vn 0.1018 0.8530 0.5118
vn 0.1318 0.7371 0.6628
vn 0.1617 0.5592 0.8131
vn 0.1856 0.3074 0.9333
vn 0.1951 -0.0000 0.9808
vn 0.1856 -0.3074 0.9333
vn 0.1617 -0.5592 0.8131
vn 0.1318 -0.7371 0.6628
vn 0.1018 -0.8530 0.5118
vn 0.0738 -0.9256 0.3712
vn 0.0481 -0.9691 0.2418
vn 0.0240 -0.9924 0.1206
vn -0.0000 0.9924 0.1230
vn -0.0000 0.9691 0.2466
vn -0.0000 0.9256 0.3785
vn -0.0000 0.8530 0.5219
vn -0.0000 0.7371 0.6758
vn -0.0000 0.5592 0.8290
vn -0.0000 0.3074 0.9516
vn -0.0000 -0.0000 1.0000
vn -0.0000 -0.3074 0.9516
vn -0.0000 -0.5592 0.8290
vn -0.0000 -0.7371 0.6758
vn -0.0000 -0.8530 0.5219
vn -0.0000 -0.9256 0.3785
vn -0.0000 -0.9691 0.2466
vn -0.0000 -0.9924 0.1230
vn -0.0240 0.9924 0.1206
vn -0.0481 0.9691 0.2418
vn -0.0738 0.9256 0.3712
vn -0.1018 0.8530 0.5118
vn -0.1318 0.7371 0.6628
vn -0.1617 0.5592 0.8131
vn -0.1856 0.3074 0.9333
vn -0.1951 -0.0000 0.9808
vn -0.1856 -0.3074 0.9333
vn -0.1617 -0.5592 0.8131
vn -0.1318 -0.7371 0.6628
vn -0.1018 -0.8530 0.5118
vn -0.0738 -0.9256 0.3712
vn -0.0481 -0.9691 0.2418
vn -0.0240 -0.9924 0.1206
vn -0.0471 0.9924 0.1136
vn -0.0944 0.9691 0.2278
vn -0.1449 0.9256 0.3497
vn -0.1997 0.8530 0.4821
vn -0.2586 0.7371 0.6243
vn -0.3173 0.5592 0.7659
vn -0.3641 0.3074 0.8791
vn -0.3827 -0.0000 0.9239
vn -0.3641 -0.3074 0.8791
vn -0.3173 -0.5592 0.7659
vn -0.2586 -0.7371 0.6243
vn -0.1997 -0.8530 0.4821
vn -0.1449 -0.9256 0.3497
vn -0.0944 -0.9691 0.2278
vn -0.0471 -0.9924 0.1136
vn -0.0683 0.9924 0.1022
vn -0.1370 0.9691 0.2050
vn -0.2103 0.9256 0.3147
vn -0.2899 0.8530 0.4339
vn -0.3754 0.7371 0.5619
vn -0.4606 0.5592 0.6893
vn -0.5287 0.3074 0.7912
vn -0.5556 -0.0000 0.8315
vn -0.5287 -0.3074 0.7912
vn -0.4606 -0.5592 0.6893
vn -0.3754 -0.7371 0.5619
vn -0.2899 -0.8530 0.4339
vn -0.2103 -0.9256 0.3147
vn -0.1370 -0.9691 0.2050
vn -0.0683 -0.9924 0.1022
vn -0.0869 0.9924 0.0870
vn -0.1743 0.9691 0.1743
vn -0.2677 0.9256 0.2677
vn -0.3690 0.8530 0.3690
vn -0.4779 0.7371 0.4779
vn -0.5862 0.5592 0.5862
vn -0.6729 0.3074 0.6729
vn -0.7071 -0.0000 0.7071
vn -0.6729 -0.3074 0.6729
vn -0.5862 -0.5592 0.5862
vn -0.4779 -0.7371 0.4779
vn -0.3690 -0.8530 0.3690
vn -0.2677 -0.9256 0.2677
vn -0.1743 -0.9691 0.1743
vn -0.0869 -0.9924 0.0870
vn -0.1022 0.9924 0.0683
vn -0.2050 0.9691 0.1370
vn -0.3147 0.9256 0.2103
vn -0.4339 0.8530 0.2899
vn -0.5619 0.7371 0.3754
vn -0.6893 0.5592 0.4606
vn -0.7912 0.3074 0.5287
vn -0.8315 -0.0000 0.5556
vn -0.7912 -0.3074 0.5287
vn -0.6893 -0.5592 0.4606
vn -0.5619 -0.7371 0.3754
vn -0.4339 -0.8530 0.2899
vn -0.3147 -0.9256 0.2103
vn -0.2050 -0.9691 0.1370
vn -0.1022 -0.9924 0.0683
vn -0.1136 0.9924 0.0471
vn -0.2278 0.9691 0.0944
vn -0.3497 0.9256 0.1449
vn -0.4821 0.8530 0.1997
vn -0.6243 0.7371 0.2586
vn -0.7659 0.5592 0.3173
vn -0.8791 0.3074 0.3641
vn -0.9239 -0.0000 0.3827
vn -0.8791 -0.3074 0.3641
vn -0.7659 -0.5592 0.3173
vn -0.6243 -0.7371 0.2586
vn -0.4821 -0.8530 0.1997
vn -0.3497 -0.9256 0.1449
vn -0.2278 -0.9691 0.0944
vn -0.1136 -0.9924 0.0471
vn -0.1206 0.9924 0.0240
vn -0.2418 0.9691 0.0481
vn -0.3712 0.9256 0.0738
vn -0.5118 0.8530 0.1018
vn -0.6628 0.7371 0.1318
vn -0.8131 0.5592 0.1617
vn -0.9333 0.3074 0.1856
vn -0.9808 -0.0000 0.1951
vn -0.9333 -0.3074 0.1856
vn -0.8131 -0.5592 0.1617
vn -0.6628 -0.7371 0.1318
vn -0.5118 -0.8530 0.1018
vn -0.3712 -0.9256 0.0738
vn -0.2418 -0.9691 0.0481
vn -0.1206 -0.9924 0.0240
vn -0.1230 0.9924 -0.0000
vn -0.2466 0.9691 -0.0000
vn -0.3785 0.9256 -0.0000
vn -0.5219 0.8530 -0.0000
vn -0.6758 0.7371 -0.0000
vn -0.8290 0.5592 -0.0000
vn -0.9516 0.3074 -0.0000
vn -1.0000 -0.0000 -0.0000
vn -0.9516 -0.3074 -0.0000
vn -0.8290 -0.5592 -0.0000
vn -0.6758 -0.7371 -0.0000
vn -0.5219 -0.8530 -0.0000
vn -0.3785 -0.9256 -0.0000
vn -0.2466 -0.9691 -0.0000
vn -0.1230 -0.9924 -0.0000
vn -0.1206 0.9924 -0.0240
vn -0.2418 0.9691 -0.0481
vn -0.3712 0.9256 -0.0738
vn -0.5118 0.8530 -0.1018
vn -0.6628 0.7371 -0.1318
vn -0.8131 0.5592 -0.1617
vn -0.9333 0.3074 -0.1856
vn -0.9808 -0.0000 -0.1951
vn -0.9333 -0.3074 -0.1856
vn -0.8131 -0.5592 -0.1617
vn -0.6628 -0.7371 -0.1318
vn -0.5118 -0.8530 -0.1018
vn -0.3712 -0.9256 -0.0738
vn -0.2418 -0.9691 -0.0481
vn -0.1206 -0.9924 -0.0240
vn -0.1136 0.9924 -0.0471
vn -0.2278 0.9691 -0.0944
vn -0.3497 0.9256 -0.1449
vn -0.4821 0.8530 -0.1997
vn -0.6243 0.7371 -0.2586
vn -0.7659 0.5592 -0.3173
vn -0.8791 0.3074 -0.3641
vn -0.9239 -0.0000 -0.3827
vn -0.8791 -0.3074 -0.3641
vn -0.7659 -0.5592 -0.3173
vn -0.6243 -0.7371 -0.2586
vn -0.4821 -0.8530 -0.1997
vn -0.3497 -0.9256 -0.1449
vn -0.2278 -0.9691 -0.0944
vn -0.1136 -0.9924 -0.0471
vn -0.1022 0.9924 -0.0683
vn -0.2050 0.9691 -0.1370
vn -0.3147 0.9256 -0.2103
vn -0.4339 0.8530 -0.2899
vn -0.5619 0.7371 -0.3754
vn -0.6893 0.5592 -0.4606
vn -0.7912 0.3074 -0.5287
vn -0.8315 -0.0000 -0.5556
vn -0.7912 -0.3074 -0.5287
vn -0.6893 -0.5592 -0.4606
vn -0.5619 -0.7371 -0.3754
vn -0.4339 -0.8530 -0.2899
vn -0.3147 -0.9256 -0.2103
vn -0.2050 -0.9691 -0.1370
vn -0.1022 -0.9924 -0.0683
vn -0.0869 0.9924 -0.0870
vn -0.1743 0.9691 -0.1743
vn -0.2677 0.9256 -0.2677
vn -0.3690 0.8530 -0.3690
vn -0.4779 0.7371 -0.4779
vn -0.5862 0.5592 -0.5862
vn -0.6729 0.3074 -0.6729
vn -0.7071 -0.0000 -0.7071
vn -0.6729 -0.3074 -0.6729
vn -0.5862 -0.5592 -0.5862
vn -0.4779 -0.7371 -0.4779
vn -0.3690 -0.8530 -0.3690
vn -0.2677 -0.9256 -0.2677
vn -0.1743 -0.9691 -0.1743
vn -0.0869 -0.9924 -0.0870
vn -0.0683 0.9924 -0.1022
vn -0.1370 0.9691 -0.2050
vn -0.2103 0.9256 -0.3147
vn -0.2899 0.8530 -0.4339
vn -0.3754 0.7371 -0.5619
vn -0.4606 0.5592 -0.6893
vn -0.5287 0.3074 -0.7912
vn -0.5556 -0.0000 -0.8315
vn -0.5287 -0.3074 -0.7912
vn -0.4606 -0.5592 -0.6893
vn -0.3754 -0.7371 -0.5619
vn -0.2899 -0.8530 -0.4339
vn -0.2103 -0.9256 -0.3147
vn -0.1370 -0.9691 -0.2050
vn -0.0683 -0.9924 -0.1022
vn -0.0471 0.9924 -0.1136
vn -0.0944 0.9691 -0.2278
vn -0.1449 0.9256 -0.3497
vn -0.1997 0.8530 -0.4821
vn -0.2586 0.7371 -0.6243
vn -0.3173 0.5592 -0.7659
vn -0.3641 0.3074 -0.8791
vn -0.3827 -0.0000 -0.9239
vn -0.3641 -0.3074 -0.8791
vn -0.3173 -0.5592 -0.7659
vn -0.2586 -0.7371 -0.6243
vn -0.1997 -0.8530 -0.4821
vn -0.1449 -0.9256 -0.3497
vn -0.0944 -0.9691 -0.2278
vn -0.0471 -0.9924 -0.1136
vn -0.0240 0.9924 -0.1206
vn -0.0481 0.9691 -0.2418
vn -0.0738 0.9256 -0.3712
vn -0.1018 0.8530 -0.5118
vn -0.1318 0.7371 -0.6628
vn -0.1617 0.5592 -0.8131
vn -0.1856 0.3074 -0.9333
vn -0.1951 -0.0000 -0.9808
vn -0.1856 -0.3074 -0.9333
vn -0.1617 -0.5592 -0.8131
vn -0.1318 -0.7371 -0.6628
vn -0.1018 -0.8530 -0.5118
vn -0.0738 -0.9256 -0.3712
vn -0.0481 -0.9691 -0.2418
vn -0.0240 -0.9924 -0.1206
vn -0.0000 0.9691 -0.2466
vn -0.0000 0.9256 -0.3785
vn -0.0000 0.7371 -0.6758
vn -0.0000 0.3074 -0.9516
vn -0.0000 -0.0000 -1.0000
vn -0.0000 -0.3074 -0.9516
vn -0.0000 -0.9691 -0.2466
vn -0.0000 -0.9924 -0.1230
vn -0.0000 -0.6857 -0.7279
vn -0.0000 0.6857 -0.7279
vn 0.1420 -0.6857 -0.7139
vn 0.1420 0.6857 -0.7139
vn 0.2785 -0.6857 -0.6725
vn 0.2785 0.6857 -0.6725
vn 0.4044 -0.6857 -0.6052
vn 0.4044 0.6857 -0.6052
vn 0.5147 -0.6857 -0.5147
vn 0.5147 0.6857 -0.5147
vn 0.6052 -0.6857 -0.4044
vn 0.6052 0.6857 -0.4044
vn 0.6725 -0.6857 -0.2785
vn 0.6725 0.6857 -0.2785
vn 0.7139 -0.6857 -0.1420
vn 0.7139 0.6857 -0.1420
vn 0.7279 -0.6857 -0.0000
vn 0.7279 0.6857 -0.0000
vn 0.7139 -0.6857 0.1420
vn 0.7139 0.6857 0.1420
vn 0.6725 -0.6857 0.2785
vn 0.6725 0.6857 0.2785
vn 0.6052 -0.6857 0.4044
vn 0.6052 0.6857 0.4044
vn 0.5147 -0.6857 0.5147
vn 0.5147 0.6857 0.5147
vn 0.4044 -0.6857 0.6052
vn 0.4044 0.6857 0.6052
vn 0.2785 -0.6857 0.6725
vn 0.2785 0.6857 0.6725
vn 0.1420 -0.6857 0.7139
vn 0.1420 0.6857 0.7139
vn -0.0000 -0.6857 0.7279
vn -0.0000 0.6857 0.7279
vn -0.1420 -0.6857 0.7139
vn -0.1420 0.6857 0.7139
vn -0.2785 -0.6857 0.6725
vn -0.2785 0.6857 0.6725
vn -0.4044 -0.6857 0.6052
vn -0.4044 0.6857 0.6052
vn -0.5147 -0.6857 0.5147
vn -0.5147 0.6857 0.5147
vn -0.6052 -0.6857 0.4044
vn -0.6052 0.6857 0.4044
vn -0.6725 -0.6857 0.2785
vn -0.6725 0.6857 0.2785
vn -0.7139 -0.6857 0.1420
vn -0.7139 0.6857 0.1420
vn -0.7279 -0.6857 -0.0000
vn -0.7279 0.6857 -0.0000
vn -0.7139 -0.6857 -0.1420
vn -0.7139 0.6857 -0.1420
vn -0.6725 -0.6857 -0.2785
vn -0.6725 0.6857 -0.2785
vn -0.6052 -0.6857 -0.4044
vn -0.6052 0.6857 -0.4044
vn -0.5147 -0.6857 -0.5147
vn -0.5147 0.6857 -0.5147
vn -0.4044 -0.6857 -0.6052
vn -0.4044 0.6857 -0.6052
vn -0.2785 -0.6857 -0.6725
vn -0.2785 0.6857 -0.6725
vn -0.1420 -0.6857 -0.7139
vn -0.1420 0.6857 -0.7139
vn -0.0000 0.9796 -0.2010
vn -0.0000 0.8286 -0.5598
vn -0.0000 0.7041 -0.7101
vn -0.0000 0.3805 -0.9248
vn -0.0000 -0.3805 -0.9248
vn -0.0000 -0.7041 -0.7101
vn 0.0392 0.9796 -0.1971
vn 0.0757 0.9217 -0.3804
vn 0.1092 0.8286 -0.5490
vn 0.1385 0.7041 -0.6965
vn 0.1626 0.5528 -0.8173
vn 0.1804 0.3805 -0.9070
vn 0.1914 0.1939 -0.9622
vn 0.1914 -0.1939 -0.9622
vn 0.1804 -0.3805 -0.9070
vn 0.1626 -0.5528 -0.8173
vn 0.1385 -0.7041 -0.6965
vn 0.1092 -0.8286 -0.5490
vn 0.0757 -0.9217 -0.3804
vn 0.0392 -0.9796 -0.1971
vn 0.0769 0.9796 -0.1857
vn 0.1484 0.9217 -0.3584
vn 0.2142 0.8286 -0.5172
vn 0.2718 0.7041 -0.6561
vn 0.3189 0.5528 -0.7699
vn 0.3539 0.3805 -0.8544
vn 0.3754 0.1939 -0.9063
vn 0.3754 -0.1939 -0.9063
vn 0.3539 -0.3805 -0.8544
vn 0.3189 -0.5528 -0.7699
vn 0.2718 -0.7041 -0.6561
vn 0.2142 -0.8286 -0.5172
vn 0.1484 -0.9217 -0.3584
vn 0.0769 -0.9796 -0.1857
vn 0.1117 0.9796 -0.1671
vn 0.2155 0.9217 -0.3225
vn 0.3110 0.8286 -0.4654
vn 0.3945 0.7041 -0.5905
vn 0.4630 0.5528 -0.6929
vn 0.5138 0.3805 -0.7689
vn 0.5450 0.1939 -0.8157
vn 0.5450 -0.1939 -0.8157
vn 0.5138 -0.3805 -0.7689
vn 0.4630 -0.5528 -0.6929
vn 0.3945 -0.7041 -0.5905
vn 0.3110 -0.8286 -0.4654
vn 0.2155 -0.9217 -0.3225
vn 0.1117 -0.9796 -0.1671
vn 0.1421 0.9796 -0.1421
vn 0.2743 0.9217 -0.2743
vn 0.3958 0.8286 -0.3958
vn 0.5021 0.7041 -0.5021
vn 0.5893 0.5528 -0.5893
vn 0.6539 0.3805 -0.6539
vn 0.6937 0.1939 -0.6937
vn 0.6937 -0.1939 -0.6937
vn 0.6539 -0.3805 -0.6539
vn 0.5893 -0.5528 -0.5893
vn 0.5021 -0.7041 -0.5021
vn 0.3958 -0.8286 -0.3958
vn 0.2743 -0.9217 -0.2743
vn 0.1421 -0.9796 -0.1421
vn 0.1671 0.9796 -0.1117
vn 0.3225 0.9217 -0.2155
vn 0.4654 0.8286 -0.3110
vn 0.5905 0.7041 -0.3945
vn 0.6929 0.5528 -0.4630
vn 0.7689 0.3805 -0.5138
vn 0.8157 0.1939 -0.5450
vn 0.8157 -0.1939 -0.5450
vn 0.7689 -0.3805 -0.5138
vn 0.6929 -0.5528 -0.4630
vn 0.5905 -0.7041 -0.3945
vn 0.4654 -0.8286 -0.3110
vn 0.3225 -0.9217 -0.2155
vn 0.1671 -0.9796 -0.1117
vn 0.1857 0.9796 -0.0769
vn 0.3584 0.9217 -0.1484
vn 0.5172 0.8286 -0.2142
vn 0.6561 0.7041 -0.2718
vn 0.7699 0.5528 -0.3189
vn 0.8544 0.3805 -0.3539
vn 0.9063 0.1939 -0.3754
vn 0.9063 -0.1939 -0.3754
vn 0.8544 -0.3805 -0.3539
vn 0.7699 -0.5528 -0.3189
vn 0.6561 -0.7041 -0.2718
vn 0.5172 -0.8286 -0.2142
vn 0.3584 -0.9217 -0.1484
vn 0.1857 -0.9796 -0.0769
vn 0.1971 0.9796 -0.0392
vn 0.3804 0.9217 -0.0757
vn 0.5490 0.8286 -0.1092
vn 0.6965 0.7041 -0.1385
vn 0.8173 0.5528 -0.1626
vn 0.9070 0.3805 -0.1804
vn 0.9622 0.1939 -0.1914
vn 0.9622 -0.1939 -0.1914
vn 0.9070 -0.3805 -0.1804
vn 0.8173 -0.5528 -0.1626
vn 0.6965 -0.7041 -0.1385
vn 0.5490 -0.8286 -0.1092
vn 0.3804 -0.9217 -0.0757
vn 0.1971 -0.9796 -0.0392
vn 0.2010 0.9796 -0.0000
vn 0.3879 0.9217 -0.0000
vn 0.5598 0.8286 -0.0000
vn 0.7101 0.7041 -0.0000
vn 0.8333 0.5528 -0.0000
vn 0.9248 0.3805 -0.0000
vn 0.9810 0.1939 -0.0000
vn 0.9810 -0.1939 -0.0000
vn 0.9248 -0.3805 -0.0000
vn 0.8333 -0.5528 -0.0000
vn 0.7101 -0.7041 -0.0000
vn 0.5598 -0.8286 -0.0000
vn 0.3879 -0.9217 -0.0000
vn 0.2010 -0.9796 -0.0000
vn 0.1971 0.9796 0.0392
vn 0.3804 0.9217 0.0757
vn 0.5490 0.8286 0.1092
vn 0.6965 0.7041 0.1385
vn 0.8173 0.5528 0.1626
vn 0.9070 0.3805 0.1804
vn 0.9622 0.1939 0.1914
vn 0.9622 -0.1939 0.1914
vn 0.9070 -0.3805 0.1804
vn 0.8173 -0.5528 0.1626
vn 0.6965 -0.7041 0.1385
vn 0.5490 -0.8286 0.1092
vn 0.3804 -0.9217 0.0757
vn 0.1971 -0.9796 0.0392
vn 0.1857 0.9796 0.0769
vn 0.3584 0.9217 0.1484
vn 0.5172 0.8286 0.2142
vn 0.6561 0.7041 0.2718
vn 0.7699 0.5528 0.3189
vn 0.8544 0.3805 0.3539
vn 0.9063 0.1939 0.3754
vn 0.9063 -0.1939 0.3754
vn 0.8544 -0.3805 0.3539
vn 0.7699 -0.5528 0.3189
vn 0.6561 -0.7041 0.2718
vn 0.5172 -0.8286 0.2142
vn 0.3584 -0.9217 0.1484
vn 0.1857 -0.9796 0.0769
vn 0.1671 0.9796 0.1117
vn 0.3225 0.9217 0.2155
vn 0.4654 0.8286 0.3110
vn 0.5905 0.7041 0.3945
vn 0.6929 0.5528 0.4630
vn 0.7689 0.3805 0.5138
vn 0.8157 0.1939 0.5450
vn 0.8157 -0.1939 0.5450
vn 0.7689 -0.3805 0.5138
vn 0.6929 -0.5528 0.4630
vn 0.5905 -0.7041 0.3945
vn 0.4654 -0.8286 0.3110
vn 0.3225 -0.9217 0.2155
vn 0.1671 -0.9796 0.1117
vn 0.1421 0.9796 0.1421
vn 0.2743 0.9217 0.2743
vn 0.3958 0.8286 0.3958
vn 0.5021 0.7041 0.5021
vn 0.5893 0.5528 0.5893
vn 0.6539 0.3805 0.6539
vn 0.6937 0.1939 0.6937
vn 0.6937 -0.1939 0.6937
vn 0.6539 -0.3805 0.6539
vn 0.5893 -0.5528 0.5893
vn 0.5021 -0.7041 0.5021
vn 0.3958 -0.8286 0.3958
vn 0.2743 -0.9217 0.2743
vn 0.1421 -0.9796 0.1421
vn 0.1116 0.9796 0.1671
vn 0.2155 0.9217 0.3225
vn 0.3110 0.8286 0.4654
vn 0.3945 0.7041 0.5905
vn 0.4630 0.5528 0.6929
vn 0.5138 0.3805 0.7689
vn 0.5450 0.1939 0.8157
vn 0.5450 -0.1939 0.8157
vn 0.5138 -0.3805 0.7689
vn 0.4630 -0.5528 0.6929
vn 0.3945 -0.7041 0.5905
vn 0.3110 -0.8286 0.4654
vn 0.2155 -0.9217 0.3225
vn 0.1117 -0.9796 0.1671
vn 0.0769 0.9796 0.1857
vn 0.1484 0.9217 0.3584
vn 0.2142 0.8286 0.5172
vn 0.2718 0.7041 0.6561
vn 0.3189 0.5528 0.7699
vn 0.3539 0.3805 0.8544
vn 0.3754 0.1939 0.9063
vn 0.3754 -0.1939 0.9063
vn 0.3539 -0.3805 0.8544
vn 0.3189 -0.5528 0.7699
vn 0.2718 -0.7041 0.6561
vn 0.2142 -0.8286 0.5172
vn 0.1484 -0.9217 0.3584
vn 0.0769 -0.9796 0.1857
vn 0.0392 0.9796 0.1971
vn 0.0757 0.9217 0.3804
vn 0.1092 0.8286 0.5490
vn 0.1385 0.7041 0.6965
vn 0.1626 0.5528 0.8173
vn 0.1804 0.3805 0.9070
vn 0.1914 0.1939 0.9622
vn 0.1914 -0.1939 0.9622
vn 0.1804 -0.3805 0.9070
vn 0.1626 -0.5528 0.8173
vn 0.1385 -0.7041 0.6965
vn 0.1092 -0.8286 0.5490
vn 0.0757 -0.9217 0.3804
vn 0.0392 -0.9796 0.1971
vn -0.0000 0.9796 0.2010
vn -0.0000 0.9217 0.3879
vn -0.0000 0.8286 0.5598
vn -0.0000 0.7041 0.7101
vn -0.0000 0.5528 0.8333
vn -0.0000 0.3805 0.9248
vn -0.0000 0.1939 0.9810
vn -0.0000 -0.1939 0.9810
vn -0.0000 -0.3805 0.9248
vn -0.0000 -0.5528 0.8333
vn -0.0000 -0.7041 0.7101
vn -0.0000 -0.8286 0.5598
vn -0.0000 -0.9217 0.3879
vn -0.0000 -0.9796 0.2010
vn -0.0392 0.9796 0.1971
vn -0.0757 0.9217 0.3804
vn -0.1092 0.8286 0.5490
vn -0.1385 0.7041 0.6965
vn -0.1626 0.5528 0.8173
vn -0.1804 0.3805 0.9070
vn -0.1914 0.1939 0.9622
vn -0.1914 -0.1939 0.9622
vn -0.1804 -0.3805 0.9070
vn -0.1626 -0.5528 0.8173
vn -0.1385 -0.7041 0.6965
vn -0.1092 -0.8286 0.5490
vn -0.0757 -0.9217 0.3804
vn -0.0392 -0.9796 0.1971
vn -0.0769 0.9796 0.1857
vn -0.1484 0.9217 0.3584
vn -0.2142 0.8286 0.5172
vn -0.2718 0.7041 0.6561
vn -0.3189 0.5528 0.7699
vn -0.3539 0.3805 0.8544
vn -0.3754 0.1939 0.9063
vn -0.3754 -0.1939 0.9063
vn -0.3539 -0.3805 0.8544
vn -0.3189 -0.5528 0.7699
vn -0.2718 -0.7041 0.6561
vn -0.2142 -0.8286 0.5172
vn -0.1484 -0.9217 0.3584
vn -0.0769 -0.9796 0.1857
vn -0.1117 0.9796 0.1671
vn -0.2155 0.9217 0.3225
vn -0.3110 0.8286 0.4654
vn -0.3945 0.7041 0.5905
vn -0.4630 0.5528 0.6929
vn -0.5138 0.3805 0.7689
vn -0.5450 0.1939 0.8157
vn -0.5450 -0.1939 0.8157
vn -0.5138 -0.3805 0.7689
vn -0.4630 -0.5528 0.6929
vn -0.3945 -0.7041 0.5905
vn -0.3110 -0.8286 0.4654
vn -0.2155 -0.9217 0.3225
vn -0.1116 -0.9796 0.1671
vn -0.1421 0.9796 0.1421
vn -0.2743 0.9217 0.2743
vn -0.3958 0.8286 0.3958
vn -0.5021 0.7041 0.5021
vn -0.5893 0.5528 0.5893
vn -0.6539 0.3805 0.6539
vn -0.6937 0.1939 0.6937
vn -0.6937 -0.1939 0.6937
vn -0.6539 -0.3805 0.6539
vn -0.5893 -0.5528 0.5893
vn -0.5021 -0.7041 0.5021
vn -0.3958 -0.8286 0.3958
vn -0.2743 -0.9217 0.2743
vn -0.1421 -0.9796 0.1421
vn -0.1671 0.9796 0.1117
vn -0.3225 0.9217 0.2155
vn -0.4654 0.8286 0.3110
vn -0.5905 0.7041 0.3945
vn -0.6929 0.5528 0.4630
vn -0.7689 0.3805 0.5138
vn -0.8157 0.1939 0.5450
vn -0.8157 -0.1939 0.5450
vn -0.7689 -0.3805 0.5138
vn -0.6929 -0.5528 0.4630
vn -0.5905 -0.7041 0.3945
vn -0.4654 -0.8286 0.3110
vn -0.3225 -0.9217 0.2155
vn -0.1671 -0.9796 0.1117
vn -0.1857 0.9796 0.0769
vn -0.3584 0.9217 0.1484
vn -0.5172 0.8286 0.2142
vn -0.6561 0.7041 0.2718
vn -0.7699 0.5528 0.3189
vn -0.8544 0.3805 0.3539
vn -0.9063 0.1939 0.3754
vn -0.9063 -0.1939 0.3754
vn -0.8544 -0.3805 0.3539
vn -0.7699 -0.5528 0.3189
vn -0.6561 -0.7041 0.2718
vn -0.5172 -0.8286 0.2142
vn -0.3584 -0.9217 0.1484
vn -0.1857 -0.9796 0.0769
vn -0.1971 0.9796 0.0392
vn -0.3804 0.9217 0.0757
vn -0.5490 0.8286 0.1092
vn -0.6965 0.7041 0.1385
vn -0.8173 0.5528 0.1626
vn -0.9070 0.3805 0.1804
vn -0.9622 0.1939 0.1914
vn -0.9622 -0.1939 0.1914
vn -0.9070 -0.3805 0.1804
vn -0.8173 -0.5528 0.1626
vn -0.6965 -0.7041 0.1385
vn -0.5490 -0.8286 0.1092
vn -0.3804 -0.9217 0.0757
vn -0.1971 -0.9796 0.0392
vn -0.2010 0.9796 -0.0000
vn -0.3879 0.9217 -0.0000
vn -0.5598 0.8286 -0.0000
vn -0.7101 0.7041 -0.0000
vn -0.8333 0.5528 -0.0000
vn -0.9248 0.3805 -0.0000
vn -0.9810 0.1939 -0.0000
vn -0.9810 -0.1939 -0.0000
vn -0.9248 -0.3805 -0.0000
vn -0.8333 -0.5528 -0.0000
vn -0.7101 -0.7041 -0.0000
vn -0.5598 -0.8286 -0.0000
vn -0.3879 -0.9217 -0.0000
vn -0.2010 -0.9796 -0.0000
vn -0.1971 0.9796 -0.0392
vn -0.3804 0.9217 -0.0757
vn -0.5490 0.8286 -0.1092
vn -0.6965 0.7041 -0.1385
vn -0.8173 0.5528 -0.1626
vn -0.9070 0.3805 -0.1804
vn -0.9622 0.1939 -0.1914
vn -0.9622 -0.1939 -0.1914
vn -0.9070 -0.3805 -0.1804
vn -0.8173 -0.5528 -0.1626
vn -0.6965 -0.7041 -0.1385
vn -0.5490 -0.8286 -0.1092
vn -0.3804 -0.9217 -0.0757
vn -0.1971 -0.9796 -0.0392
vn -0.1857 0.9796 -0.0769
vn -0.3584 0.9217 -0.1484
vn -0.5172 0.8286 -0.2142
vn -0.6561 0.7041 -0.2718
vn -0.7699 0.5528 -0.3189
vn -0.8544 0.3805 -0.3539
vn -0.9063 0.1939 -0.3754
vn -0.9063 -0.1939 -0.3754
vn -0.8544 -0.3805 -0.3539
vn -0.7699 -0.5528 -0.3189
vn -0.6561 -0.7041 -0.2718
vn -0.5172 -0.8286 -0.2142
vn -0.3584 -0.9217 -0.1484
vn -0.1857 -0.9796 -0.0769
vn -0.1671 0.9796 -0.1117
vn -0.3225 0.9217 -0.2155
vn -0.4654 0.8286 -0.3110
vn -0.5905 0.7041 -0.3945
vn -0.6929 0.5528 -0.4630
vn -0.7689 0.3805 -0.5138
vn -0.8157 0.1939 -0.5450
vn -0.8157 -0.1939 -0.5450
vn -0.7689 -0.3805 -0.5138
vn -0.6929 -0.5528 -0.4630
vn -0.5905 -0.7041 -0.3945
vn -0.4654 -0.8286 -0.3110
vn -0.3225 -0.9217 -0.2155
vn -0.1671 -0.9796 -0.1117
vn -0.1421 0.9796 -0.1421
vn -0.2743 0.9217 -0.2743
vn -0.3958 0.8286 -0.3958
vn -0.5021 0.7041 -0.5021
vn -0.5893 0.5528 -0.5893
vn -0.6539 0.3805 -0.6539
vn -0.6937 0.1939 -0.6937
vn -0.6937 -0.1939 -0.6937
vn -0.6539 -0.3805 -0.6539
vn -0.5893 -0.5528 -0.5893
vn -0.5021 -0.7041 -0.5021
vn -0.3958 -0.8286 -0.3958
vn -0.2743 -0.9217 -0.2743
vn -0.1421 -0.9796 -0.1421
vn -0.1116 0.9796 -0.1671
vn -0.2155 0.9217 -0.3225
vn -0.3110 0.8286 -0.4654
vn -0.3945 0.7041 -0.5905
vn -0.4630 0.5528 -0.6929
vn -0.5138 0.3805 -0.7689
vn -0.5450 0.1939 -0.8157
vn -0.5450 -0.1939 -0.8157
vn -0.5138 -0.3805 -0.7689
vn -0.4630 -0.5528 -0.6929
vn -0.3945 -0.7041 -0.5905
vn -0.3110 -0.8286 -0.4654
vn -0.2155 -0.9217 -0.3225
vn -0.1116 -0.9796 -0.1671
vn -0.0769 0.9796 -0.1857
vn -0.1484 0.9217 -0.3584
vn -0.2142 0.8286 -0.5172
vn -0.2718 0.7041 -0.6561
vn -0.3189 0.5528 -0.7699
vn -0.3539 0.3805 -0.8544
vn -0.3754 0.1939 -0.9063
vn -0.3754 -0.1939 -0.9063
vn -0.3539 -0.3805 -0.8544
vn -0.3189 -0.5528 -0.7699
vn -0.2718 -0.7041 -0.6561
vn -0.2142 -0.8286 -0.5172
vn -0.1484 -0.9217 -0.3584
vn -0.0769 -0.9796 -0.1857
vn -0.0392 0.9796 -0.1971
vn -0.0757 0.9217 -0.3804
vn -0.1092 0.8286 -0.5490
vn -0.1385 0.7041 -0.6965
vn -0.1626 0.5528 -0.8173
vn -0.1804 0.3805 -0.9070
vn -0.1914 0.1939 -0.9622
vn -0.1914 -0.1939 -0.9622
vn -0.1804 -0.3805 -0.9070
vn -0.1626 -0.5528 -0.8173
vn -0.1385 -0.7041 -0.6965
vn -0.1092 -0.8286 -0.5490
vn -0.0757 -0.9217 -0.3804
vn -0.0392 -0.9796 -0.1971
vn -0.0000 0.9217 -0.3879
vn -0.0000 0.5528 -0.8333
vn -0.0000 0.1939 -0.9810
vn -0.0000 -0.1939 -0.9810
vn -0.0000 -0.5528 -0.8333
vn -0.0000 -0.8286 -0.5598
vn -0.0000 -0.9217 -0.3879
vn -0.0000 -0.9796 -0.2010
vn -0.0000 0.9833 -0.1819
vn -0.0000 0.8539 -0.5204
vn -0.0000 0.7396 -0.6730
vn -0.0000 0.4149 -0.9099
vn -0.0000 0.2139 -0.9768
vn -0.0000 -0.2139 -0.9768
vn -0.0000 -0.5923 -0.8057
vn -0.0000 -0.8539 -0.5204
vn -0.0000 -0.9833 -0.1819
vn 0.0355 0.9833 -0.1784
vn 0.0692 0.9349 -0.3480
vn 0.1015 0.8539 -0.5104
vn 0.1313 0.7396 -0.6601
vn 0.1572 0.5923 -0.7903
vn 0.1775 0.4149 -0.8924
vn 0.1906 0.2139 -0.9581
vn 0.1906 -0.2139 -0.9581
vn 0.1775 -0.4149 -0.8924
vn 0.1572 -0.5923 -0.7903
vn 0.1313 -0.7396 -0.6601
vn 0.1015 -0.8539 -0.5104
vn 0.0692 -0.9349 -0.3480
vn 0.0355 -0.9833 -0.1784
vn 0.0696 0.9833 -0.1681
vn 0.1358 0.9349 -0.3278
vn 0.1991 0.8539 -0.4807
vn 0.2576 0.7396 -0.6218
vn 0.3083 0.5923 -0.7444
vn 0.3482 0.4149 -0.8406
vn 0.3738 0.2139 -0.9025
vn 0.3738 -0.2139 -0.9025
vn 0.3482 -0.4149 -0.8406
vn 0.3083 -0.5923 -0.7444
vn 0.2576 -0.7396 -0.6218
vn 0.1991 -0.8539 -0.4807
vn 0.1358 -0.9349 -0.3278
vn 0.0696 -0.9833 -0.1681
vn 0.1011 0.9833 -0.1512
vn 0.1971 0.9349 -0.2950
vn 0.2891 0.8539 -0.4327
vn 0.3739 0.7396 -0.5596
vn 0.4476 0.5923 -0.6699
vn 0.5055 0.4149 -0.7565
vn 0.5427 0.2139 -0.8122
vn 0.5427 -0.2139 -0.8122
vn 0.5055 -0.4149 -0.7565
vn 0.4476 -0.5923 -0.6699
vn 0.3739 -0.7396 -0.5596
vn 0.2891 -0.8539 -0.4327
vn 0.1971 -0.9349 -0.2950
vn 0.1011 -0.9833 -0.1512
vn 0.1286 0.9833 -0.1286
vn 0.2509 0.9349 -0.2509
vn 0.3679 0.8539 -0.3679
vn 0.4759 0.7396 -0.4759
vn 0.5697 0.5923 -0.5697
vn 0.6434 0.4149 -0.6434
vn 0.6907 0.2139 -0.6907
vn 0.6907 -0.2139 -0.6907
vn 0.6434 -0.4149 -0.6434
vn 0.5697 -0.5923 -0.5697
vn 0.4759 -0.7396 -0.4759
vn 0.3679 -0.8539 -0.3679
vn 0.2509 -0.9349 -0.2509
vn 0.1286 -0.9833 -0.1286
vn 0.1513 0.9833 -0.1011
vn 0.2950 0.9349 -0.1971
vn 0.4327 0.8539 -0.2891
vn 0.5596 0.7396 -0.3739
vn 0.6699 0.5923 -0.4476
vn 0.7565 0.4149 -0.5055
vn 0.8122 0.2139 -0.5427
vn 0.8122 -0.2139 -0.5427
vn 0.7565 -0.4149 -0.5055
vn 0.6699 -0.5923 -0.4476
vn 0.5596 -0.7396 -0.3739
vn 0.4327 -0.8539 -0.2891
vn 0.2950 -0.9349 -0.1971
vn 0.1512 -0.9833 -0.1011
vn 0.1681 0.9833 -0.0696
vn 0.3278 0.9349 -0.1358
vn 0.4807 0.8539 -0.1991
vn 0.6218 0.7396 -0.2576
vn 0.7444 0.5923 -0.3083
vn 0.8406 0.4149 -0.3482
vn 0.9025 0.2139 -0.3738
vn 0.9025 -0.2139 -0.3738
vn 0.8406 -0.4149 -0.3482
vn 0.7444 -0.5923 -0.3083
vn 0.6218 -0.7396 -0.2576
vn 0.4807 -0.8539 -0.1991
vn 0.3278 -0.9349 -0.1358
vn 0.1681 -0.9833 -0.0696
vn 0.1784 0.9833 -0.0355
vn 0.3480 0.9349 -0.0692
vn 0.5104 0.8539 -0.1015
vn 0.6601 0.7396 -0.1313
vn 0.7903 0.5923 -0.1572
vn 0.8924 0.4149 -0.1775
vn 0.9581 0.2139 -0.1906
vn 0.9581 -0.2139 -0.1906
vn 0.8924 -0.4149 -0.1775
vn 0.7903 -0.5923 -0.1572
vn 0.6601 -0.7396 -0.1313
vn 0.5104 -0.8539 -0.1015
vn 0.3480 -0.9349 -0.0692
vn 0.1784 -0.9833 -0.0355
vn 0.1819 0.9833 -0.0000
vn 0.3548 0.9349 -0.0000
vn 0.5204 0.8539 -0.0000
vn 0.6730 0.7396 -0.0000
vn 0.8057 0.5923 -0.0000
vn 0.9099 0.4149 -0.0000
vn 0.9768 0.2139 -0.0000
vn 0.9768 -0.2139 -0.0000
vn 0.9099 -0.4149 -0.0000
vn 0.8057 -0.5923 -0.0000
vn 0.6730 -0.7396 -0.0000
vn 0.5204 -0.8539 -0.0000
vn 0.3548 -0.9349 -0.0000
vn 0.1819 -0.9833 -0.0000
vn 0.1784 0.9833 0.0355
vn 0.3480 0.9349 0.0692
vn 0.5104 0.8539 0.1015
vn 0.6601 0.7396 0.1313
vn 0.7903 0.5923 0.1572
vn 0.8924 0.4149 0.1775
vn 0.9581 0.2139 0.1906
vn 0.9581 -0.2139 0.1906
vn 0.8924 -0.4149 0.1775
vn 0.7903 -0.5923 0.1572
vn 0.6601 -0.7396 0.1313
vn 0.5104 -0.8539 0.1015
vn 0.3480 -0.9349 0.0692
vn 0.1784 -0.9833 0.0355
vn 0.1681 0.9833 0.0696
vn 0.3278 0.9349 0.1358
vn 0.4807 0.8539 0.1991
vn 0.6218 0.7396 0.2576
vn 0.7444 0.5923 0.3083
vn 0.8406 0.4149 0.3482
vn 0.9025 0.2139 0.3738
vn 0.9025 -0.2139 0.3738
vn 0.8406 -0.4149 0.3482
vn 0.7444 -0.5923 0.3083
vn 0.6218 -0.7396 0.2576
vn 0.4807 -0.8539 0.1991
vn 0.3278 -0.9349 0.1358
vn 0.1681 -0.9833 0.0696
vn 0.1513 0.9833 0.1011
vn 0.2950 0.9349 0.1971
vn 0.4327 0.8540 0.2891
vn 0.5596 0.7396 0.3739
vn 0.6699 0.5923 0.4476
vn 0.7565 0.4149 0.5055
vn 0.8122 0.2139 0.5427
vn 0.8122 -0.2139 0.5427
vn 0.7565 -0.4149 0.5055
vn 0.6699 -0.5923 0.4476
vn 0.5596 -0.7396 0.3739
vn 0.4327 -0.8540 0.2891
vn 0.2950 -0.9349 0.1971
vn 0.1513 -0.9833 0.1011
vn 0.1286 0.9833 0.1286
vn 0.2509 0.9349 0.2509
vn 0.3679 0.8540 0.3679
vn 0.4759 0.7396 0.4759
vn 0.5697 0.5923 0.5697
vn 0.6434 0.4149 0.6434
vn 0.6907 0.2139 0.6907
vn 0.6907 -0.2139 0.6907
vn 0.6434 -0.4149 0.6434
vn 0.5697 -0.5923 0.5697
vn 0.4759 -0.7396 0.4759
vn 0.3679 -0.8539 0.3679
vn 0.2509 -0.9349 0.2509
vn 0.1286 -0.9833 0.1286
vn 0.1010 0.9833 0.1512
vn 0.1971 0.9349 0.2950
vn 0.2891 0.8539 0.4327
vn 0.3739 0.7396 0.5596
vn 0.4476 0.5923 0.6699
vn 0.5055 0.4149 0.7565
vn 0.5427 0.2139 0.8122
vn 0.5427 -0.2139 0.8122
vn 0.5055 -0.4149 0.7565
vn 0.4476 -0.5923 0.6699
vn 0.3739 -0.7396 0.5596
vn 0.2891 -0.8539 0.4327
vn 0.1971 -0.9349 0.2950
vn 0.1011 -0.9833 0.1512
vn 0.0696 0.9833 0.1681
vn 0.1358 0.9349 0.3278
vn 0.1991 0.8539 0.4807
vn 0.2576 0.7396 0.6218
vn 0.3083 0.5923 0.7444
vn 0.3482 0.4149 0.8406
vn 0.3738 0.2139 0.9025
vn 0.3738 -0.2139 0.9025
vn 0.3482 -0.4149 0.8406
vn 0.3083 -0.5923 0.7444
vn 0.2576 -0.7396 0.6218
vn 0.1991 -0.8539 0.4807
vn 0.1358 -0.9349 0.3278
vn 0.0696 -0.9833 0.1681
vn 0.0355 0.9833 0.1784
vn 0.0692 0.9349 0.3480
vn 0.1015 0.8539 0.5104
vn 0.1313 0.7396 0.6601
vn 0.1572 0.5923 0.7903
vn 0.1775 0.4149 0.8924
vn 0.1906 0.2139 0.9581
vn 0.1906 -0.2139 0.9581
vn 0.1775 -0.4149 0.8924
vn 0.1572 -0.5923 0.7903
vn 0.1313 -0.7396 0.6601
vn 0.1015 -0.8539 0.5104
vn 0.0692 -0.9349 0.3480
vn 0.0355 -0.9833 0.1784
vn -0.0000 0.9833 0.1819
vn -0.0000 0.9349 0.3548
vn -0.0000 0.8539 0.5204
vn -0.0000 0.7396 0.6730
vn -0.0000 0.5923 0.8057
vn -0.0000 0.4149 0.9099
vn -0.0000 0.2139 0.9768
vn -0.0000 -0.2139 0.9768
vn -0.0000 -0.4149 0.9099
vn -0.0000 -0.5923 0.8057
vn -0.0000 -0.7396 0.6730
vn -0.0000 -0.8539 0.5204
vn -0.0000 -0.9349 0.3548
vn -0.0000 -0.9833 0.1819
vn -0.0355 0.9833 0.1784
vn -0.0692 0.9349 0.3480
vn -0.1015 0.8539 0.5104
vn -0.1313 0.7396 0.6601
vn -0.1572 0.5923 0.7903
vn -0.1775 0.4149 0.8924
vn -0.1906 0.2139 0.9581
vn -0.1906 -0.2139 0.9581
vn -0.1775 -0.4149 0.8924
vn -0.1572 -0.5923 0.7903
vn -0.1313 -0.7396 0.6601
vn -0.1015 -0.8539 0.5104
vn -0.0692 -0.9349 0.3480
vn -0.0355 -0.9833 0.1784
vn -0.0696 0.9833 0.1681
vn -0.1358 0.9349 0.3278
vn -0.1991 0.8539 0.4807
vn -0.2576 0.7396 0.6218
vn -0.3083 0.5923 0.7444
vn -0.3482 0.4149 0.8406
vn -0.3738 0.2139 0.9025
vn -0.3738 -0.2139 0.9025
vn -0.3482 -0.4149 0.8406
vn -0.3083 -0.5923 0.7444
vn -0.2576 -0.7396 0.6218
vn -0.1991 -0.8539 0.4807
vn -0.1358 -0.9349 0.3278
vn -0.0696 -0.9833 0.1681
vn -0.1011 0.9833 0.1512
vn -0.1971 0.9349 0.2950
vn -0.2891 0.8539 0.4327
vn -0.3739 0.7396 0.5596
vn -0.4476 0.5923 0.6699
vn -0.5055 0.4149 0.7565
vn -0.5427 0.2139 0.8122
vn -0.5427 -0.2139 0.8122
vn -0.5055 -0.4149 0.7565
vn -0.4476 -0.5923 0.6699
vn -0.3739 -0.7396 0.5596
vn -0.2891 -0.8539 0.4327
vn -0.1971 -0.9349 0.2950
vn -0.1011 -0.9833 0.1512
vn -0.1286 0.9833 0.1286
vn -0.2509 0.9349 0.2509
vn -0.3679 0.8539 0.3679
vn -0.4759 0.7396 0.4759
vn -0.5697 0.5923 0.5697
vn -0.6434 0.4149 0.6434
vn -0.6907 0.2139 0.6907
vn -0.6907 -0.2139 0.6907
vn -0.6434 -0.4149 0.6434
vn -0.5697 -0.5923 0.5697
vn -0.4759 -0.7396 0.4759
vn -0.3680 -0.8539 0.3679
vn -0.2509 -0.9349 0.2509
vn -0.1286 -0.9833 0.1286
vn -0.1513 0.9833 0.1011
vn -0.2950 0.9349 0.1971
vn -0.4327 0.8539 0.2891
vn -0.5596 0.7396 0.3739
vn -0.6699 0.5923 0.4476
vn -0.7565 0.4149 0.5055
vn -0.8122 0.2139 0.5427
vn -0.8122 -0.2139 0.5427
vn -0.7565 -0.4149 0.5055
vn -0.6699 -0.5923 0.4476
vn -0.5596 -0.7396 0.3739
vn -0.4327 -0.8539 0.2891
vn -0.2950 -0.9349 0.1971
vn -0.1512 -0.9833 0.1011
vn -0.1681 0.9833 0.0696
vn -0.3278 0.9349 0.1358
vn -0.4807 0.8539 0.1991
vn -0.6218 0.7396 0.2576
vn -0.7444 0.5923 0.3083
vn -0.8406 0.4149 0.3482
vn -0.9025 0.2139 0.3738
vn -0.9025 -0.2139 0.3738
vn -0.8406 -0.4149 0.3482
vn -0.7444 -0.5923 0.3083
vn -0.6218 -0.7396 0.2576
vn -0.4807 -0.8539 0.1991
vn -0.3278 -0.9349 0.1358
vn -0.1681 -0.9833 0.0696
vn -0.1784 0.9833 0.0355
vn -0.3480 0.9349 0.0692
vn -0.5104 0.8539 0.1015
vn -0.6601 0.7396 0.1313
vn -0.7903 0.5923 0.1572
vn -0.8924 0.4149 0.1775
vn -0.9581 0.2139 0.1906
vn -0.9581 -0.2139 0.1906
vn -0.8924 -0.4149 0.1775
vn -0.7903 -0.5923 0.1572
vn -0.6601 -0.7396 0.1313
vn -0.5104 -0.8539 0.1015
vn -0.3480 -0.9349 0.0692
vn -0.1784 -0.9833 0.0355
vn -0.1819 0.9833 -0.0000
vn -0.3548 0.9349 -0.0000
vn -0.5204 0.8539 -0.0000
vn -0.6730 0.7396 -0.0000
vn -0.8057 0.5923 -0.0000
vn -0.9099 0.4149 -0.0000
vn -0.9768 0.2139 -0.0000
vn -0.9768 -0.2139 -0.0000
vn -0.9099 -0.4149 -0.0000
vn -0.8057 -0.5923 -0.0000
vn -0.6730 -0.7396 -0.0000
vn -0.5204 -0.8539 -0.0000
vn -0.3548 -0.9349 -0.0000
vn -0.1819 -0.9833 -0.0000
vn -0.1784 0.9833 -0.0355
vn -0.3480 0.9349 -0.0692
vn -0.5104 0.8539 -0.1015
vn -0.6601 0.7396 -0.1313
vn -0.7903 0.5923 -0.1572
vn -0.8924 0.4149 -0.1775
vn -0.9581 0.2139 -0.1906
vn -0.9581 -0.2139 -0.1906
vn -0.8924 -0.4149 -0.1775
vn -0.7903 -0.5923 -0.1572
vn -0.6601 -0.7396 -0.1313
vn -0.5104 -0.8539 -0.1015
vn -0.3480 -0.9349 -0.0692
vn -0.1784 -0.9833 -0.0355
vn -0.1681 0.9833 -0.0696
vn -0.3278 0.9349 -0.1358
vn -0.4807 0.8540 -0.1991
vn -0.6218 0.7396 -0.2576
vn -0.7444 0.5923 -0.3083
vn -0.8406 0.4149 -0.3482
vn -0.9025 0.2139 -0.3738
vn -0.9025 -0.2139 -0.3738
vn -0.8406 -0.4149 -0.3482
vn -0.7444 -0.5923 -0.3083
vn -0.6218 -0.7396 -0.2576
vn -0.4807 -0.8540 -0.1991
vn -0.3278 -0.9349 -0.1358
vn -0.1681 -0.9833 -0.0696
vn -0.1513 0.9833 -0.1011
vn -0.2950 0.9349 -0.1971
vn -0.4327 0.8540 -0.2891
vn -0.5596 0.7396 -0.3739
vn -0.6699 0.5923 -0.4476
vn -0.7565 0.4149 -0.5055
vn -0.8122 0.2139 -0.5427
vn -0.8122 -0.2139 -0.5427
vn -0.7565 -0.4149 -0.5055
vn -0.6699 -0.5923 -0.4476
vn -0.5596 -0.7396 -0.3739
vn -0.4327 -0.8539 -0.2891
vn -0.2950 -0.9349 -0.1971
vn -0.1512 -0.9833 -0.1011
vn -0.1286 0.9833 -0.1286
vn -0.2509 0.9349 -0.2509
vn -0.3679 0.8539 -0.3679
vn -0.4759 0.7396 -0.4759
vn -0.5697 0.5923 -0.5697
vn -0.6434 0.4149 -0.6434
vn -0.6907 0.2139 -0.6907
vn -0.6907 -0.2139 -0.6907
vn -0.6434 -0.4149 -0.6434
vn -0.5697 -0.5923 -0.5697
vn -0.4759 -0.7396 -0.4759
vn -0.3679 -0.8539 -0.3679
vn -0.2509 -0.9349 -0.2509
vn -0.1286 -0.9833 -0.1286
vn -0.1011 0.9833 -0.1512
vn -0.1971 0.9349 -0.2950
vn -0.2891 0.8539 -0.4327
vn -0.3739 0.7396 -0.5596
vn -0.4476 0.5923 -0.6699
vn -0.5055 0.4149 -0.7565
vn -0.5427 0.2139 -0.8122
vn -0.5427 -0.2139 -0.8122
vn -0.5055 -0.4149 -0.7565
vn -0.4476 -0.5923 -0.6699
vn -0.3739 -0.7396 -0.5596
vn -0.2891 -0.8539 -0.4327
vn -0.1971 -0.9349 -0.2950
vn -0.1011 -0.9833 -0.1512
vn -0.0696 0.9833 -0.1681
vn -0.1358 0.9349 -0.3278
vn -0.1991 0.8539 -0.4807
vn -0.2576 0.7396 -0.6218
vn -0.3083 0.5923 -0.7444
vn -0.3482 0.4149 -0.8406
vn -0.3738 0.2139 -0.9025
vn -0.3738 -0.2139 -0.9025
vn -0.3482 -0.4149 -0.8406
vn -0.3083 -0.5923 -0.7444
vn -0.2576 -0.7396 -0.6218
vn -0.1991 -0.8539 -0.4807
vn -0.1358 -0.9349 -0.3278
vn -0.0696 -0.9833 -0.1681
vn -0.0355 0.9833 -0.1784
vn -0.0692 0.9349 -0.3480
vn -0.1015 0.8539 -0.5104
vn -0.1313 0.7396 -0.6601
vn -0.1572 0.5923 -0.7903
vn -0.1775 0.4149 -0.8924
vn -0.1906 0.2139 -0.9581
vn -0.1906 -0.2139 -0.9581
vn -0.1775 -0.4149 -0.8924
vn -0.1572 -0.5923 -0.7903
vn -0.1313 -0.7396 -0.6601
vn -0.1015 -0.8539 -0.5104
vn -0.0692 -0.9349 -0.3480
vn -0.0355 -0.9833 -0.1784
vn -0.0000 0.9349 -0.3548
vn -0.0000 0.5923 -0.8057
vn -0.0000 -0.4149 -0.9099
vn -0.0000 -0.7396 -0.6730
vn -0.0000 -0.9349 -0.3548
vn -0.0000 -0.4108 -0.9117
vn 0.1650 -0.4131 -0.8956
vn 0.3236 -0.4198 -0.8480
vn 0.4698 -0.4306 -0.7706
vn 0.5980 -0.4453 -0.6664
vn 0.7032 -0.4631 -0.5395
vn 0.7813 -0.4835 -0.3948
vn 0.8294 -0.5055 -0.2377
vn 0.8457 -0.5285 -0.0743
vn 0.8294 -0.5515 0.0891
vn 0.7813 -0.5735 0.2462
vn 0.7032 -0.5939 0.3910
vn 0.5980 -0.6117 0.5179
vn 0.4698 -0.6264 0.6220
vn 0.3236 -0.6372 0.6994
vn 0.1650 -0.6439 0.7471
vn -0.0000 -0.6462 0.7632
vn -0.1650 -0.6439 0.7471
vn -0.3236 -0.6372 0.6994
vn -0.4698 -0.6264 0.6220
vn -0.5980 -0.6117 0.5179
vn -0.7032 -0.5939 0.3910
vn -0.7813 -0.5735 0.2462
vn -0.8294 -0.5515 0.0891
vn -0.8457 -0.5285 -0.0743
vn -0.8294 -0.5055 -0.2377
vn -0.7813 -0.4835 -0.3948
vn -0.7032 -0.4631 -0.5395
vn -0.5980 -0.4453 -0.6664
vn -0.4698 -0.4306 -0.7706
vn -0.3236 -0.4198 -0.8480
vn -0.1650 -0.4131 -0.8956
vn -0.0000 0.9903 0.1392
vn -0.2119 -0.6521 -0.7279
vn 0.2119 0.6521 -0.7279
vn -0.0768 -0.6960 -0.7139
vn 0.3469 0.6083 -0.7139
vn 0.0530 -0.7382 -0.6725
vn 0.4768 0.5661 -0.6725
vn 0.1727 -0.7771 -0.6052
vn 0.5965 0.5272 -0.6052
vn 0.2776 -0.8112 -0.5147
vn 0.7014 0.4931 -0.5147
vn 0.3637 -0.8392 -0.4044
vn 0.7875 0.4651 -0.4044
vn 0.4277 -0.8599 -0.2785
vn 0.8515 0.4443 -0.2785
vn 0.4671 -0.8727 -0.1420
vn 0.8909 0.4315 -0.1420
vn 0.4804 -0.8771 -0.0000
vn 0.9042 0.4272 -0.0000
vn 0.4671 -0.8727 0.1420
vn 0.8909 0.4315 0.1420
vn 0.4277 -0.8599 0.2785
vn 0.8515 0.4443 0.2785
vn 0.3637 -0.8392 0.4044
vn 0.7875 0.4651 0.4044
vn 0.2776 -0.8112 0.5147
vn 0.7014 0.4931 0.5147
vn 0.1727 -0.7771 0.6052
vn 0.5965 0.5272 0.6052
vn 0.0530 -0.7382 0.6725
vn 0.4768 0.5661 0.6725
vn -0.0768 -0.6960 0.7139
vn 0.3469 0.6083 0.7139
vn -0.2119 -0.6521 0.7279
vn 0.2119 0.6521 0.7279
vn -0.3469 -0.6083 0.7139
vn 0.0768 0.6960 0.7139
vn -0.4768 -0.5661 0.6725
vn -0.0530 0.7382 0.6725
vn -0.5965 -0.5272 0.6052
vn -0.1727 0.7771 0.6052
vn -0.7014 -0.4931 0.5147
vn -0.2776 0.8112 0.5147
vn -0.7875 -0.4651 0.4044
vn -0.3637 0.8392 0.4044
vn -0.8515 -0.4443 0.2785
vn -0.4277 0.8599 0.2785
vn -0.8909 -0.4315 0.1420
vn -0.4671 0.8727 0.1420
vn -0.9042 -0.4272 -0.0000
vn -0.4804 0.8771 -0.0000
vn -0.8909 -0.4315 -0.1420
vn -0.4671 0.8727 -0.1420
vn -0.8515 -0.4443 -0.2785
vn -0.4277 0.8599 -0.2785
vn -0.7875 -0.4651 -0.4044
vn -0.3637 0.8392 -0.4044
vn -0.7014 -0.4931 -0.5147
vn -0.2776 0.8112 -0.5147
vn -0.5965 -0.5272 -0.6052
vn -0.1727 0.7771 -0.6052
vn -0.4768 -0.5661 -0.6725
vn -0.0530 0.7382 -0.6725
vn -0.3469 -0.6083 -0.7139
vn 0.0768 0.6960 -0.7139
vn 0.1117 0.9796 0.1671
vn 0.1116 -0.9796 0.1671
vn -0.1117 0.9796 -0.1671
vn 0.2119 -0.6521 -0.7279
vn -0.2119 0.6521 -0.7279
vn 0.3469 -0.6083 -0.7139
vn -0.0768 0.6960 -0.7139
vn 0.4768 -0.5661 -0.6725
vn 0.0530 0.7382 -0.6725
vn 0.5965 -0.5272 -0.6052
vn 0.1727 0.7771 -0.6052
vn 0.7014 -0.4931 -0.5147
vn 0.2776 0.8112 -0.5147
vn 0.7875 -0.4651 -0.4044
vn 0.3637 0.8392 -0.4044
vn 0.8515 -0.4443 -0.2785
vn 0.4277 0.8599 -0.2785
vn 0.8909 -0.4315 -0.1420
vn 0.4671 0.8727 -0.1420
vn 0.9042 -0.4272 -0.0000
vn 0.4804 0.8771 -0.0000
vn 0.8909 -0.4315 0.1420
vn 0.4671 0.8727 0.1420
vn 0.8515 -0.4443 0.2785
vn 0.4277 0.8599 0.2785
vn 0.7875 -0.4651 0.4044
vn 0.3637 0.8392 0.4044
vn 0.7014 -0.4931 0.5147
vn 0.2776 0.8112 0.5147
vn 0.5965 -0.5272 0.6052
vn 0.1727 0.7771 0.6052
vn 0.4768 -0.5661 0.6725
vn 0.0530 0.7382 0.6725
vn 0.3469 -0.6083 0.7139
vn -0.0768 0.6960 0.7139
vn 0.2119 -0.6521 0.7279
vn -0.2119 0.6521 0.7279
vn 0.0768 -0.6960 0.7139
vn -0.3469 0.6083 0.7139
vn -0.0530 -0.7382 0.6725
vn -0.4768 0.5661 0.6725
vn -0.1727 -0.7771 0.6052
vn -0.5965 0.5272 0.6052
vn -0.2776 -0.8112 0.5147
vn -0.7014 0.4931 0.5147
vn -0.3637 -0.8392 0.4044
vn -0.7875 0.4651 0.4044
vn -0.4277 -0.8599 0.2785
vn -0.8515 0.4443 0.2785
vn -0.4671 -0.8727 0.1420
vn -0.8909 0.4315 0.1420
vn -0.4804 -0.8771 -0.0000
vn -0.9042 0.4272 -0.0000
vn -0.4671 -0.8727 -0.1420
vn -0.8909 0.4315 -0.1420
vn -0.4277 -0.8599 -0.2785
vn -0.8515 0.4443 -0.2785
vn -0.3637 -0.8392 -0.4044
vn -0.7875 0.4651 -0.4044
vn -0.2776 -0.8112 -0.5147
vn -0.7014 0.4931 -0.5147
vn -0.1727 -0.7771 -0.6052
vn -0.5965 0.5272 -0.6052
vn -0.0530 -0.7382 -0.6725
vn -0.4768 0.5661 -0.6725
vn 0.0768 -0.6960 -0.7139
vn -0.3469 0.6083 -0.7139
vn 0.1116 0.9796 -0.1671
vn 0.1116 -0.9796 -0.1671
vn 0.1671 0.9796 -0.1116
vn 0.1671 -0.9796 -0.1116
vn 0.1671 0.9796 0.1116
vn 0.1671 -0.9796 0.1116
vn -0.1671 0.9796 0.1116
vn -0.1671 -0.9796 0.1116
vn -0.1485 0.9217 -0.3584
vt 0.250000 0.490000
vt 0.250000 0.250000
vt 0.296822 0.485388
vt 0.341844 0.471731
vt 0.383337 0.449553
vt 0.419706 0.419706
vt 0.449553 0.383337
vt 0.471731 0.341844
vt 0.485388 0.296822
vt 0.490000 0.250000
vt 0.485388 0.203178
vt 0.471731 0.158156
vt 0.449553 0.116663
vt 0.419706 0.080294
vt 0.383337 0.050447
vt 0.341844 0.028269
vt 0.296822 0.014612
vt 0.250000 0.010000
vt 0.203178 0.014612
vt 0.158156 0.028269
vt 0.116663 0.050447
vt 0.080294 0.080294
vt 0.050447 0.116663
vt 0.028269 0.158156
vt 0.014612 0.203178
vt 0.010000 0.250000
vt 0.014612 0.296822
vt 0.028269 0.341844
vt 0.050447 0.383337
vt 0.080294 0.419706
vt 0.116663 0.449553
vt 0.158156 0.471731
vt 0.750000 0.490000
vt 0.796822 0.485388
vt 0.841844 0.471731
vt 0.883337 0.449553
vt 0.919706 0.419706
vt 0.949553 0.383337
vt 0.971731 0.341844
vt 0.985388 0.296822
vt 0.990000 0.250000
vt 0.985388 0.203178
vt 0.971731 0.158156
vt 0.949553 0.116663
vt 0.919706 0.080294
vt 0.883337 0.050447
vt 0.841844 0.028269
vt 0.796822 0.014612
vt 0.750000 0.010000
vt 0.703178 0.014612
vt 0.658156 0.028269
vt 0.616663 0.050447
vt 0.580294 0.080294
vt 0.550447 0.116663
vt 0.528269 0.158156
vt 0.514612 0.203178
vt 0.510000 0.250000
vt 0.514612 0.296822
vt 0.528269 0.341844
vt 0.550447 0.383337
vt 0.580294 0.419706
vt 0.616663 0.449553
vt 0.658156 0.471731
vt 0.703178 0.485388
vt 0.203178 0.485388
vt 1.000000 0.500000
vt 1.000000 1.000000
vt 0.968750 1.000000
vt 0.968750 0.500000
vt 0.937500 1.000000
vt 0.937500 0.500000
vt 0.906250 1.000000
vt 0.906250 0.500000
vt 0.875000 1.000000
vt 0.875000 0.500000
vt 0.843750 1.000000
vt 0.843750 0.500000
vt 0.812500 1.000000
vt 0.812500 0.500000
vt 0.781250 1.000000
vt 0.781250 0.500000
vt 0.750000 1.000000
vt 0.750000 0.500000
vt 0.718750 1.000000
vt 0.718750 0.500000
vt 0.687500 1.000000
vt 0.687500 0.500000
vt 0.656250 1.000000
vt 0.656250 0.500000
vt 0.625000 1.000000
vt 0.625000 0.500000
vt 0.593750 1.000000
vt 0.593750 0.500000
vt 0.562500 1.000000
vt 0.562500 0.500000
vt 0.531250 1.000000
vt 0.531250 0.500000
vt 0.500000 1.000000
vt 0.500000 0.500000
vt 0.468750 1.000000
vt 0.468750 0.500000
vt 0.437500 1.000000
vt 0.437500 0.500000
vt 0.406250 1.000000
vt 0.406250 0.500000
vt 0.375000 1.000000
vt 0.375000 0.500000
vt 0.343750 1.000000
vt 0.343750 0.500000
vt 0.312500 1.000000
vt 0.312500 0.500000
vt 0.281250 1.000000
vt 0.281250 0.500000
vt 0.250000 1.000000
vt 0.250000 0.500000
vt 0.218750 1.000000
vt 0.218750 0.500000
vt 0.187500 1.000000
vt 0.187500 0.500000
vt 0.156250 1.000000
vt 0.156250 0.500000
vt 0.125000 1.000000
vt 0.125000 0.500000
vt 0.093750 1.000000
vt 0.093750 0.500000
vt 0.062500 1.000000
vt 0.062500 0.500000
vt 0.158156 0.471731
vt 0.116663 0.449553
vt 0.050447 0.383337
vt 0.028269 0.341844
vt 0.014612 0.296822
vt 0.010000 0.250000
vt 0.014612 0.203178
vt 0.028269 0.158156
vt 0.050447 0.116663
vt 0.116663 0.050447
vt 0.158156 0.028269
vt 0.203178 0.014612
vt 0.250000 0.010000
vt 0.296822 0.014612
vt 0.341844 0.028269
vt 0.383337 0.050447
vt 0.449553 0.116663
vt 0.471731 0.158156
vt 0.471731 0.341844
vt 0.449553 0.383337
vt 0.383337 0.449553
vt 0.341844 0.471731
vt 0.031250 1.000000
vt 0.031250 0.500000
vt 0.000000 1.000000
vt 0.000000 0.500000
vt 0.841844 0.471731
vt 0.883337 0.449553
vt 0.949553 0.383337
vt 0.949553 0.116663
vt 0.883337 0.050447
vt 0.841844 0.028269
vt 0.796822 0.014612
vt 0.750000 0.010000
vt 0.703178 0.014612
vt 0.658156 0.028269
vt 0.616663 0.050447
vt 0.550447 0.116663
vt 0.550447 0.383337
vt 0.616663 0.449553
vt 0.658156 0.471731
vt 0.750000 0.562500
vt 0.718750 0.562500
vt 0.750000 0.937500
vt 0.734375 1.000000
vt 0.718750 0.937500
vt 0.734375 0.000000
vt 0.750000 0.062500
vt 0.718750 0.062500
vt 0.750000 0.437500
vt 0.718750 0.437500
vt 0.750000 0.875000
vt 0.718750 0.875000
vt 0.750000 0.375000
vt 0.718750 0.375000
vt 0.750000 0.812500
vt 0.718750 0.812500
vt 0.750000 0.312500
vt 0.718750 0.312500
vt 0.750000 0.750000
vt 0.718750 0.750000
vt 0.750000 0.250000
vt 0.718750 0.250000
vt 0.750000 0.687500
vt 0.718750 0.687500
vt 0.750000 0.187500
vt 0.718750 0.187500
vt 0.750000 0.625000
vt 0.718750 0.625000
vt 0.750000 0.125000
vt 0.718750 0.125000
vt 0.687500 0.187500
vt 0.687500 0.125000
vt 0.687500 0.625000
vt 0.687500 0.562500
vt 0.687500 0.062500
vt 0.703125 1.000000
vt 0.687500 0.937500
vt 0.703125 0.000000
vt 0.687500 0.437500
vt 0.687500 0.875000
vt 0.687500 0.375000
vt 0.687500 0.812500
vt 0.687500 0.312500
vt 0.687500 0.750000
vt 0.687500 0.250000
vt 0.687500 0.687500
vt 0.656250 0.375000
vt 0.656250 0.312500
vt 0.656250 0.812500
vt 0.656250 0.750000
vt 0.656250 0.250000
vt 0.656250 0.687500
vt 0.656250 0.187500
vt 0.656250 0.625000
vt 0.656250 0.125000
vt 0.656250 0.562500
vt 0.656250 0.062500
vt 0.671875 1.000000
vt 0.656250 0.937500
vt 0.671875 0.000000
vt 0.656250 0.437500
vt 0.656250 0.875000
vt 0.625000 0.125000
vt 0.625000 0.062500
vt 0.625000 0.562500
vt 0.640625 1.000000
vt 0.625000 0.937500
vt 0.640625 0.000000
vt 0.625000 0.437500
vt 0.625000 0.875000
vt 0.625000 0.375000
vt 0.625000 0.812500
vt 0.625000 0.312500
vt 0.625000 0.750000
vt 0.625000 0.250000
vt 0.625000 0.687500
vt 0.625000 0.187500
vt 0.625000 0.625000
vt 0.593750 0.812500
vt 0.593750 0.750000
vt 0.593750 0.312500
vt 0.593750 0.250000
vt 0.593750 0.687500
vt 0.593750 0.187500
vt 0.593750 0.625000
vt 0.593750 0.125000
vt 0.593750 0.562500
vt 0.593750 0.062500
vt 0.609375 1.000000
vt 0.593750 0.937500
vt 0.609375 0.000000
vt 0.593750 0.437500
vt 0.593750 0.875000
vt 0.593750 0.375000
vt 0.562500 0.562500
vt 0.578125 1.000000
vt 0.562500 0.937500
vt 0.578125 0.000000
vt 0.562500 0.062500
vt 0.562500 0.437500
vt 0.562500 0.875000
vt 0.562500 0.375000
vt 0.562500 0.812500
vt 0.562500 0.312500
vt 0.562500 0.750000
vt 0.562500 0.250000
vt 0.562500 0.687500
vt 0.562500 0.187500
vt 0.562500 0.625000
vt 0.562500 0.125000
vt 0.531250 0.312500
vt 0.531250 0.250000
vt 0.531250 0.750000
vt 0.531250 0.687500
vt 0.531250 0.187500
vt 0.531250 0.625000
vt 0.531250 0.125000
vt 0.531250 0.562500
vt 0.531250 0.062500
vt 0.546875 1.000000
vt 0.531250 0.937500
vt 0.546875 0.000000
vt 0.531250 0.437500
vt 0.531250 0.875000
vt 0.531250 0.375000
vt 0.531250 0.812500
vt 0.515625 1.000000
vt 0.500000 0.937500
vt 0.515625 0.000000
vt 0.500000 0.062500
vt 0.500000 0.437500
vt 0.500000 0.875000
vt 0.500000 0.375000
vt 0.500000 0.812500
vt 0.500000 0.312500
vt 0.500000 0.750000
vt 0.500000 0.250000
vt 0.500000 0.687500
vt 0.500000 0.187500
vt 0.500000 0.625000
vt 0.500000 0.125000
vt 0.500000 0.562500
vt 0.468750 0.750000
vt 0.468750 0.687500
vt 0.468750 0.250000
vt 0.468750 0.187500
vt 0.468750 0.625000
vt 0.468750 0.125000
vt 0.468750 0.562500
vt 0.468750 0.062500
vt 0.484375 1.000000
vt 0.468750 0.937500
vt 0.484375 0.000000
vt 0.468750 0.437500
vt 0.468750 0.875000
vt 0.468750 0.375000
vt 0.468750 0.812500
vt 0.468750 0.312500
vt 0.437500 0.437500
vt 0.437500 0.937500
vt 0.437500 0.875000
vt 0.437500 0.375000
vt 0.437500 0.812500
vt 0.437500 0.312500
vt 0.437500 0.750000
vt 0.437500 0.250000
vt 0.437500 0.687500
vt 0.437500 0.187500
vt 0.437500 0.625000
vt 0.437500 0.125000
vt 0.437500 0.562500
vt 0.437500 0.062500
vt 0.453125 1.000000
vt 0.453125 0.000000
vt 0.406250 0.250000
vt 0.406250 0.187500
vt 0.406250 0.687500
vt 0.406250 0.625000
vt 0.406250 0.125000
vt 0.406250 0.562500
vt 0.406250 0.062500
vt 0.421875 1.000000
vt 0.406250 0.937500
vt 0.421875 0.000000
vt 0.406250 0.437500
vt 0.406250 0.875000
vt 0.406250 0.375000
vt 0.406250 0.812500
vt 0.406250 0.312500
vt 0.406250 0.750000
vt 0.375000 0.437500
vt 0.375000 0.375000
vt 0.375000 0.875000
vt 0.375000 0.812500
vt 0.375000 0.312500
vt 0.375000 0.750000
vt 0.375000 0.250000
vt 0.375000 0.687500
vt 0.375000 0.187500
vt 0.375000 0.625000
vt 0.375000 0.125000
vt 0.375000 0.562500
vt 0.375000 0.062500
vt 0.390625 1.000000
vt 0.375000 0.937500
vt 0.390625 0.000000
vt 0.343750 0.187500
vt 0.343750 0.125000
vt 0.343750 0.625000
vt 0.343750 0.562500
vt 0.343750 0.062500
vt 0.359375 1.000000
vt 0.343750 0.937500
vt 0.359375 0.000000
vt 0.343750 0.437500
vt 0.343750 0.875000
vt 0.343750 0.375000
vt 0.343750 0.812500
vt 0.343750 0.312500
vt 0.343750 0.750000
vt 0.343750 0.250000
vt 0.343750 0.687500
vt 0.312500 0.875000
vt 0.312500 0.812500
vt 0.312500 0.375000
vt 0.312500 0.312500
vt 0.312500 0.750000
vt 0.312500 0.250000
vt 0.312500 0.687500
vt 0.312500 0.187500
vt 0.312500 0.625000
vt 0.312500 0.125000
vt 0.312500 0.562500
vt 0.312500 0.062500
vt 0.328125 1.000000
vt 0.312500 0.937500
vt 0.328125 0.000000
vt 0.312500 0.437500
vt 0.281250 0.625000
vt 0.281250 0.562500
vt 0.281250 0.125000
vt 0.281250 0.062500
vt 0.296875 1.000000
vt 0.281250 0.937500
vt 0.296875 0.000000
vt 0.281250 0.437500
vt 0.281250 0.875000
vt 0.281250 0.375000
vt 0.281250 0.812500
vt 0.281250 0.312500
vt 0.281250 0.750000
vt 0.281250 0.250000
vt 0.281250 0.687500
vt 0.281250 0.187500
vt 0.250000 0.375000
vt 0.250000 0.312500
vt 0.250000 0.812500
vt 0.250000 0.750000
vt 0.250000 0.250000
vt 0.250000 0.687500
vt 0.250000 0.187500
vt 0.250000 0.625000
vt 0.250000 0.125000
vt 0.250000 0.562500
vt 0.250000 0.062500
vt 0.265625 1.000000
vt 0.250000 0.937500
vt 0.265625 0.000000
vt 0.250000 0.437500
vt 0.250000 0.875000
vt 0.218750 0.125000
vt 0.218750 0.062500
vt 0.218750 0.562500
vt 0.234375 1.000000
vt 0.218750 0.937500
vt 0.234375 0.000000
vt 0.218750 0.437500
vt 0.218750 0.875000
vt 0.218750 0.375000
vt 0.218750 0.812500
vt 0.218750 0.312500
vt 0.218750 0.750000
vt 0.218750 0.250000
vt 0.218750 0.687500
vt 0.218750 0.187500
vt 0.218750 0.625000
vt 0.187500 0.812500
vt 0.187500 0.750000
vt 0.187500 0.312500
vt 0.187500 0.250000
vt 0.187500 0.687500
vt 0.187500 0.187500
vt 0.187500 0.625000
vt 0.187500 0.125000
vt 0.187500 0.562500
vt 0.187500 0.062500
vt 0.203125 1.000000
vt 0.187500 0.937500
vt 0.203125 0.000000
vt 0.187500 0.437500
vt 0.187500 0.875000
vt 0.187500 0.375000
vt 0.156250 0.562500
vt 0.156250 0.500000
vt 0.171875 1.000000
vt 0.156250 0.937500
vt 0.171875 0.000000
vt 0.156250 0.062500
vt 0.156250 0.437500
vt 0.156250 0.875000
vt 0.156250 0.375000
vt 0.156250 0.812500
vt 0.156250 0.312500
vt 0.156250 0.750000
vt 0.156250 0.250000
vt 0.156250 0.687500
vt 0.156250 0.187500
vt 0.156250 0.625000
vt 0.156250 0.125000
vt 0.125000 0.312500
vt 0.125000 0.250000
vt 0.125000 0.750000
vt 0.125000 0.687500
vt 0.125000 0.187500
vt 0.125000 0.625000
vt 0.125000 0.125000
vt 0.125000 0.562500
vt 0.125000 0.062500
vt 0.140625 1.000000
vt 0.125000 0.937500
vt 0.140625 0.000000
vt 0.125000 0.437500
vt 0.125000 0.875000
vt 0.125000 0.375000
vt 0.125000 0.812500
vt 0.109375 0.000000
vt 0.093750 0.062500
vt 0.093750 0.500000
vt 0.093750 0.437500
vt 0.093750 0.937500
vt 0.093750 0.875000
vt 0.093750 0.375000
vt 0.093750 0.812500
vt 0.093750 0.312500
vt 0.093750 0.750000
vt 0.093750 0.250000
vt 0.093750 0.687500
vt 0.093750 0.187500
vt 0.093750 0.625000
vt 0.093750 0.125000
vt 0.093750 0.562500
vt 0.109375 1.000000
vt 0.062500 0.250000
vt 0.062500 0.187500
vt 0.062500 0.687500
vt 0.062500 0.625000
vt 0.062500 0.125000
vt 0.062500 0.562500
vt 0.062500 0.062500
vt 0.062500 0.500000
vt 0.078125 1.000000
vt 0.062500 0.937500
vt 0.078125 0.000000
vt 0.062500 0.437500
vt 0.062500 0.875000
vt 0.062500 0.375000
vt 0.062500 0.812500
vt 0.062500 0.312500
vt 0.062500 0.750000
vt 0.031250 0.937500
vt 0.031250 0.875000
vt 0.031250 0.437500
vt 0.031250 0.375000
vt 0.031250 0.812500
vt 0.031250 0.312500
vt 0.031250 0.750000
vt 0.031250 0.250000
vt 0.031250 0.687500
vt 0.031250 0.187500
vt 0.031250 0.625000
vt 0.031250 0.125000
vt 0.031250 0.562500
vt 0.031250 0.062500
vt 0.046875 1.000000
vt 0.046875 0.000000
vt 0.000000 0.687500
vt 0.000000 0.625000
vt 0.000000 0.187500
vt 0.000000 0.125000
vt 0.000000 0.562500
vt 0.000000 0.062500
vt 0.015625 1.000000
vt 0.000000 0.937500
vt 0.015625 0.000000
vt 0.000000 0.437500
vt 0.000000 0.875000
vt 0.000000 0.375000
vt 0.000000 0.812500
vt 0.000000 0.312500
vt 0.000000 0.750000
vt 0.000000 0.250000
vt 1.000000 0.375000
vt 1.000000 0.437500
vt 0.968750 0.437500
vt 0.968750 0.375000
vt 1.000000 0.812500
vt 1.000000 0.875000
vt 0.968750 0.875000
vt 0.968750 0.812500
vt 1.000000 0.312500
vt 0.968750 0.312500
vt 1.000000 0.750000
vt 0.968750 0.750000
vt 1.000000 0.250000
vt 0.968750 0.250000
vt 1.000000 0.687500
vt 0.968750 0.687500
vt 1.000000 0.187500
vt 0.968750 0.187500
vt 1.000000 0.625000
vt 0.968750 0.625000
vt 1.000000 0.125000
vt 0.968750 0.125000
vt 1.000000 0.562500
vt 0.968750 0.562500
vt 1.000000 0.062500
vt 0.968750 0.062500
vt 1.000000 0.937500
vt 0.984375 1.000000
vt 0.968750 0.937500
vt 0.984375 0.000000
vt 0.937500 0.187500
vt 0.937500 0.125000
vt 0.937500 0.625000
vt 0.937500 0.562500
vt 0.937500 0.062500
vt 0.953125 1.000000
vt 0.937500 0.937500
vt 0.953125 0.000000
vt 0.937500 0.437500
vt 0.937500 0.875000
vt 0.937500 0.375000
vt 0.937500 0.812500
vt 0.937500 0.312500
vt 0.937500 0.750000
vt 0.937500 0.250000
vt 0.937500 0.687500
vt 0.906250 0.875000
vt 0.906250 0.812500
vt 0.906250 0.375000
vt 0.906250 0.312500
vt 0.906250 0.750000
vt 0.906250 0.250000
vt 0.906250 0.687500
vt 0.906250 0.187500
vt 0.906250 0.625000
vt 0.906250 0.125000
vt 0.906250 0.562500
vt 0.906250 0.062500
vt 0.921875 1.000000
vt 0.906250 0.937500
vt 0.921875 0.000000
vt 0.906250 0.437500
vt 0.875000 0.625000
vt 0.875000 0.562500
vt 0.875000 0.125000
vt 0.875000 0.062500
vt 0.890625 1.000000
vt 0.875000 0.937500
vt 0.890625 0.000000
vt 0.875000 0.437500
vt 0.875000 0.875000
vt 0.875000 0.375000
vt 0.875000 0.812500
vt 0.875000 0.312500
vt 0.875000 0.750000
vt 0.875000 0.250000
vt 0.875000 0.687500
vt 0.875000 0.187500
vt 0.843750 0.375000
vt 0.843750 0.312500
vt 0.843750 0.812500
vt 0.843750 0.750000
vt 0.843750 0.250000
vt 0.843750 0.687500
vt 0.843750 0.187500
vt 0.843750 0.625000
vt 0.843750 0.125000
vt 0.843750 0.562500
vt 0.843750 0.062500
vt 0.859375 1.000000
vt 0.843750 0.937500
vt 0.859375 0.000000
vt 0.843750 0.437500
vt 0.843750 0.875000
vt 0.812500 0.125000
vt 0.812500 0.062500
vt 0.812500 0.562500
vt 0.828125 1.000000
vt 0.812500 0.937500
vt 0.828125 0.000000
vt 0.812500 0.437500
vt 0.812500 0.875000
vt 0.812500 0.375000
vt 0.812500 0.812500
vt 0.812500 0.312500
vt 0.812500 0.750000
vt 0.812500 0.250000
vt 0.812500 0.687500
vt 0.812500 0.187500
vt 0.812500 0.625000
vt 0.781250 0.312500
vt 0.781250 0.250000
vt 0.781250 0.750000
vt 0.781250 0.687500
vt 0.781250 0.187500
vt 0.781250 0.625000
vt 0.781250 0.125000
vt 0.781250 0.562500
vt 0.781250 0.062500
vt 0.796875 1.000000
vt 0.781250 0.937500
vt 0.796875 0.000000
vt 0.781250 0.437500
vt 0.781250 0.875000
vt 0.781250 0.375000
vt 0.781250 0.812500
vt 0.765625 1.000000
vt 0.765625 0.000000
vt 0.250000 0.490000
vt 0.116663 0.449553
vt 0.080294 0.419706
vt 0.050447 0.383337
vt 0.010000 0.250000
vt 0.050447 0.116663
vt 0.080294 0.080294
vt 0.116663 0.050447
vt 0.250000 0.010000
vt 0.383337 0.050447
vt 0.419706 0.080294
vt 0.449553 0.116663
vt 0.490000 0.250000
vt 0.449553 0.383337
vt 0.383337 0.449553
vt 0.750000 0.490000
vt 0.883337 0.449553
vt 0.949553 0.383337
vt 0.949553 0.116663
vt 0.919706 0.080294
vt 0.883337 0.050447
vt 0.750000 0.010000
vt 0.616663 0.050447
vt 0.580294 0.080294
vt 0.550447 0.116663
vt 0.550447 0.383337
vt 0.616663 0.449553
vt 0.750000 0.125000
vt 0.750000 0.875000
vt 0.750000 0.812500
vt 0.750000 0.312500
vt 0.750000 0.687500
vt 0.750000 0.187500
vt 0.687500 0.625000
vt 0.687500 0.750000
vt 0.656250 0.750000
vt 0.625000 0.312500
vt 0.625000 0.687500
vt 0.593750 0.312500
vt 0.593750 0.687500
vt 0.562500 0.125000
vt 0.562500 0.312500
vt 0.562500 0.687500
vt 0.531250 0.312500
vt 0.531250 0.250000
vt 0.531250 0.687500
vt 0.531250 0.125000
vt 0.500000 0.125000
vt 0.500000 0.875000
vt 0.500000 0.750000
vt 0.500000 0.250000
vt 0.500000 0.687500
vt 0.468750 0.312500
vt 0.468750 0.250000
vt 0.468750 0.750000
vt 0.468750 0.687500
vt 0.437500 0.875000
vt 0.437500 0.312500
vt 0.437500 0.750000
vt 0.437500 0.250000
vt 0.437500 0.687500
vt 0.437500 0.125000
vt 0.406250 0.687500
vt 0.406250 0.250000
vt 0.406250 0.312500
vt 0.375000 0.375000
vt 0.375000 0.312500
vt 0.375000 0.250000
vt 0.375000 0.687500
vt 0.375000 0.625000
vt 0.343750 0.250000
vt 0.343750 0.687500
vt 0.343750 0.625000
vt 0.343750 0.375000
vt 0.343750 0.312500
vt 0.312500 0.312500
vt 0.312500 0.687500
vt 0.312500 0.625000
vt 0.281250 0.687500
vt 0.281250 0.625000
vt 0.281250 0.312500
vt 0.281250 0.750000
vt 0.250000 0.437500
vt 0.250000 0.875000
vt 0.250000 0.312500
vt 0.250000 0.750000
vt 0.250000 0.687500
vt 0.250000 0.125000
vt 0.250000 0.562500
vt 0.250000 0.062500
vt 0.250000 0.937500
vt 0.218750 0.312500
vt 0.218750 0.750000
vt 0.218750 0.687500
vt 0.187500 0.312500
vt 0.187500 0.812500
vt 0.187500 0.750000
vt 0.187500 0.687500
vt 0.187500 0.187500
vt 0.187500 0.125000
vt 0.187500 0.875000
vt 0.156250 0.062500
vt 0.156250 0.937500
vt 0.156250 0.812500
vt 0.156250 0.312500
vt 0.156250 0.750000
vt 0.156250 0.687500
vt 0.156250 0.187500
vt 0.125000 0.812500
vt 0.125000 0.750000
vt 0.125000 0.312500
vt 0.125000 0.687500
vt 0.125000 0.187500
vt 0.125000 0.625000
vt 0.125000 0.375000
vt 0.093750 0.812500
vt 0.093750 0.312500
vt 0.093750 0.750000
vt 0.093750 0.687500
vt 0.093750 0.187500
vt 0.062500 0.312500
vt 0.062500 0.250000
vt 0.062500 0.750000
vt 0.062500 0.687500
vt 0.062500 0.187500
vt 0.062500 0.062500
vt 0.062500 0.937500
vt 0.062500 0.812500
vt 0.046875 1.000000
vt 0.046875 0.000000
vt 0.031250 0.812500
vt 0.031250 0.312500
vt 0.031250 0.250000
vt 0.031250 0.687500
vt 0.031250 0.187500
vt 0.000000 0.687500
vt 0.000000 0.250000
vt 0.000000 0.187500
vt 0.000000 0.812500
vt 0.000000 0.312500
vt 0.968750 0.437500
vt 0.968750 0.937500
vt 0.968750 0.875000
vt 1.000000 0.812500
vt 0.968750 0.812500
vt 1.000000 0.312500
vt 0.968750 0.312500
vt 1.000000 0.250000
vt 0.968750 0.250000
vt 1.000000 0.687500
vt 0.968750 0.687500
vt 1.000000 0.187500
vt 0.968750 0.187500
vt 0.968750 0.125000
vt 0.968750 0.562500
vt 0.968750 0.062500
vt 0.937500 0.250000
vt 0.937500 0.187500
vt 0.937500 0.687500
vt 0.937500 0.812500
vt 0.937500 0.312500
vt 0.937500 0.750000
vt 0.906250 0.812500
vt 0.906250 0.312500
vt 0.906250 0.687500
vt 0.906250 0.187500
vt 0.875000 0.187500
vt 0.875000 0.125000
vt 0.875000 0.562500
vt 0.875000 0.875000
vt 0.875000 0.812500
vt 0.875000 0.312500
vt 0.875000 0.687500
vt 0.843750 0.812500
vt 0.843750 0.312500
vt 0.843750 0.750000
vt 0.843750 0.250000
vt 0.843750 0.687500
vt 0.843750 0.187500
vt 0.812500 0.625000
vt 0.812500 0.375000
vt 0.812500 0.812500
vt 0.812500 0.312500
vt 0.812500 0.687500
vt 0.812500 0.187500
vt 0.781250 0.375000
vt 0.781250 0.312500
vt 0.781250 0.812500
vt 0.781250 0.687500
vt 0.781250 0.187500
vt 0.781250 0.625000
vt 0.750000 0.062500
vt 0.718750 0.062500
vt 0.750000 0.562500
vt 0.750000 0.937500
vt 0.718750 0.937500
vt 0.750000 0.875000
vt 0.750000 0.375000
vt 0.750000 0.750000
vt 0.718750 0.750000
vt 0.750000 0.250000
vt 0.718750 0.625000
vt 0.687500 0.062500
vt 0.687500 0.937500
vt 0.656250 0.062500
vt 0.656250 0.937500
vt 0.625000 0.062500
vt 0.625000 0.937500
vt 0.593750 0.125000
vt 0.593750 0.062500
vt 0.593750 0.937500
vt 0.562500 0.375000
vt 0.562500 0.812500
vt 0.531250 0.812500
vt 0.531250 0.625000
vt 0.531250 0.375000
vt 0.500000 0.937500
vt 0.500000 0.062500
vt 0.500000 0.375000
vt 0.500000 0.812500
vt 0.500000 0.625000
vt 0.500000 0.125000
vt 0.468750 0.687500
vt 0.468750 0.625000
vt 0.468750 0.375000
vt 0.468750 0.812500
vt 0.453125 0.000000
vt 0.437500 0.062500
vt 0.437500 0.937500
vt 0.437500 0.375000
vt 0.437500 0.812500
vt 0.437500 0.250000
vt 0.437500 0.625000
vt 0.453125 1.000000
vt 0.406250 0.625000
vt 0.406250 0.375000
vt 0.406250 0.812500
vt 0.406250 0.312500
vt 0.375000 0.812500
vt 0.343750 0.687500
vt 0.343750 0.812500
vt 0.312500 0.875000
vt 0.312500 0.812500
vt 0.312500 0.750000
vt 0.312500 0.687500
vt 0.328125 1.000000
vt 0.328125 0.000000
vt 0.281250 0.187500
vt 0.281250 0.062500
vt 0.281250 0.937500
vt 0.281250 0.875000
vt 0.281250 0.812500
vt 0.281250 0.687500
vt 0.250000 0.875000
vt 0.250000 0.812500
vt 0.250000 0.375000
vt 0.250000 0.312500
vt 0.250000 0.750000
vt 0.250000 0.250000
vt 0.250000 0.687500
vt 0.250000 0.187500
vt 0.250000 0.625000
vt 0.250000 0.500000
vt 0.234375 1.000000
vt 0.234375 0.000000
vt 0.218750 0.875000
vt 0.218750 0.812500
vt 0.218750 0.250000
vt 0.218750 0.187500
vt 0.187500 0.812500
vt 0.187500 0.750000
vt 0.187500 0.250000
vt 0.187500 0.687500
vt 0.187500 0.187500
vt 0.187500 0.062500
vt 0.203125 1.000000
vt 0.187500 0.937500
vt 0.203125 0.000000
vt 0.187500 0.875000
vt 0.156250 0.500000
vt 0.156250 0.875000
vt 0.156250 0.250000
vt 0.125000 0.312500
vt 0.125000 0.250000
vt 0.125000 0.750000
vt 0.125000 0.687500
vt 0.125000 0.125000
vt 0.125000 0.562500
vt 0.125000 0.062500
vt 0.140625 1.000000
vt 0.125000 0.937500
vt 0.140625 0.000000
vt 0.125000 0.437500
vt 0.125000 0.875000
vt 0.109375 1.000000
vt 0.093750 0.937500
vt 0.109375 0.000000
vt 0.093750 0.062500
vt 0.093750 0.875000
vt 0.093750 0.812500
vt 0.093750 0.312500
vt 0.093750 0.250000
vt 0.093750 0.187500
vt 0.078125 1.000000
vt 0.078125 0.000000
vt 0.062500 0.875000
vt 0.062500 0.375000
vt 0.031250 0.500000
vt 0.031250 0.437500
vt 0.031250 0.937500
vt 0.031250 0.875000
vt 0.031250 0.375000
vt 0.031250 0.312500
vt 0.031250 0.750000
vt 0.031250 0.250000
vt 0.031250 0.687500
vt 0.031250 0.562500
vt 0.031250 0.062500
vt 0.000000 0.562500
vt 0.015625 1.000000
vt 0.015625 0.000000
vt 0.000000 0.875000
vt 0.000000 0.375000
vt 0.000000 0.750000
vt 1.000000 0.875000
vt 0.968750 0.875000
vt 1.000000 0.375000
vt 0.968750 0.375000
vt 1.000000 0.750000
vt 0.968750 0.750000
vt 1.000000 0.562500
vt 0.968750 0.562500
vt 0.968750 0.500000
vt 0.937500 0.687500
vt 0.937500 0.562500
vt 0.937500 0.062500
vt 0.953125 1.000000
vt 0.937500 0.937500
vt 0.953125 0.000000
vt 0.937500 0.437500
vt 0.937500 0.875000
vt 0.937500 0.375000
vt 0.937500 0.312500
vt 0.937500 0.750000
vt 0.937500 0.250000
vt 0.906250 0.375000
vt 0.906250 0.875000
vt 0.906250 0.812500
vt 0.906250 0.687500
vt 0.906250 0.187500
vt 0.906250 0.562500
vt 0.906250 0.062500
vt 0.921875 1.000000
vt 0.906250 0.937500
vt 0.921875 0.000000
vt 0.875000 0.187500
vt 0.875000 0.562500
vt 0.875000 0.062500
vt 0.875000 0.500000
vt 0.890625 1.000000
vt 0.875000 0.937500
vt 0.890625 0.000000
vt 0.875000 0.437500
vt 0.875000 0.875000
vt 0.875000 0.375000
vt 0.875000 0.812500
vt 0.875000 0.687500
vt 0.843750 0.375000
vt 0.843750 0.312500
vt 0.843750 0.812500
vt 0.843750 0.687500
vt 0.843750 0.187500
vt 0.843750 0.625000
vt 0.843750 0.562500
vt 0.843750 0.062500
vt 0.843750 0.500000
vt 0.859375 1.000000
vt 0.843750 0.937500
vt 0.859375 0.000000
vt 0.843750 0.437500
vt 0.843750 0.875000
vt 0.812500 0.062500
vt 0.812500 0.562500
vt 0.828125 1.000000
vt 0.812500 0.937500
vt 0.828125 0.000000
vt 0.812500 0.437500
vt 0.812500 0.875000
vt 0.812500 0.375000
vt 0.812500 0.812500
vt 0.812500 0.312500
vt 0.812500 0.750000
vt 0.812500 0.250000
vt 0.812500 0.687500
vt 0.812500 0.187500
vt 0.781250 0.812500
vt 0.781250 0.312500
vt 0.781250 0.187500
vt 0.781250 0.562500
vt 0.781250 0.062500
vt 0.781250 0.500000
vt 0.796875 1.000000
vt 0.781250 0.937500
vt 0.796875 0.000000
vt 0.781250 0.437500
vt 0.781250 0.875000
vt 0.781250 0.375000
vt 0.765625 1.000000
vt 0.765625 0.000000
vt 0.050447 0.383337
vt 0.050447 0.116663
vt 0.116663 0.050447
vt 0.383337 0.050447
vt 0.883337 0.050447
vt 0.616663 0.050447
vt 0.750000 0.250000
vt 0.718750 0.125000
vt 0.750000 0.062500
vt 0.750000 0.937500
vt 0.734375 1.000000
vt 0.734375 0.000000
vt 0.687500 0.125000
vt 0.656250 0.312500
vt 0.656250 0.625000
vt 0.656250 0.125000
vt 0.625000 0.750000
vt 0.625000 0.625000
vt 0.625000 0.125000
vt 0.593750 0.625000
vt 0.562500 0.687500
vt 0.562500 0.625000
vt 0.562500 0.062500
vt 0.562500 0.937500
vt 0.531250 0.937500
vt 0.531250 0.687500
vt 0.531250 0.062500
vt 0.500000 0.687500
vt 0.500000 0.062500
vt 0.500000 0.937500
vt 0.500000 0.250000
vt 0.468750 0.250000
vt 0.468750 0.062500
vt 0.468750 0.937500
vt 0.437500 0.062500
vt 0.437500 0.937500
vt 0.437500 0.250000
vt 0.437500 0.687500
vt 0.406250 0.062500
vt 0.421875 1.000000
vt 0.406250 0.937500
vt 0.421875 0.000000
vt 0.375000 0.062500
vt 0.390625 1.000000
vt 0.375000 0.937500
vt 0.390625 0.000000
vt 0.375000 0.312500
vt 0.375000 0.687500
vt 0.343750 0.062500
vt 0.359375 1.000000
vt 0.343750 0.937500
vt 0.359375 0.000000
vt 0.312500 0.937500
vt 0.312500 0.062500
vt 0.312500 0.375000
vt 0.312500 0.250000
vt 0.281250 0.312500
vt 0.281250 0.687500
vt 0.281250 0.062500
vt 0.281250 0.937500
vt 0.281250 0.375000
vt 0.250000 0.937500
vt 0.250000 0.062500
vt 0.250000 0.375000
vt 0.250000 0.812500
vt 0.250000 0.750000
vt 0.250000 0.250000
vt 0.250000 0.187500
vt 0.250000 0.625000
vt 0.218750 0.687500
vt 0.218750 0.625000
vt 0.218750 0.062500
vt 0.218750 0.937500
vt 0.218750 0.375000
vt 0.218750 0.312500
vt 0.187500 0.937500
vt 0.187500 0.375000
vt 0.187500 0.312500
vt 0.187500 0.750000
vt 0.187500 0.250000
vt 0.187500 0.625000
vt 0.187500 0.062500
vt 0.156250 0.250000
vt 0.156250 0.625000
vt 0.156250 0.562500
vt 0.156250 0.062500
vt 0.156250 0.937500
vt 0.156250 0.437500
vt 0.156250 0.375000
vt 0.156250 0.750000
vt 0.125000 0.375000
vt 0.125000 0.875000
vt 0.125000 0.812500
vt 0.125000 0.750000
vt 0.125000 0.250000
vt 0.125000 0.187500
vt 0.125000 0.625000
vt 0.125000 0.062500
vt 0.125000 0.937500
vt 0.093750 0.625000
vt 0.093750 0.062500
vt 0.093750 0.937500
vt 0.093750 0.375000
vt 0.062500 0.750000
vt 0.062500 0.250000
vt 0.062500 0.625000
vt 0.062500 0.562500
vt 0.062500 0.062500
vt 0.062500 0.937500
vt 0.062500 0.437500
vt 0.031250 0.625000
vt 0.031250 0.125000
vt 0.031250 0.062500
vt 0.031250 0.937500
vt 0.031250 0.875000
vt 0.031250 0.812500
vt 0.031250 0.750000
vt 0.031250 0.250000
vt 0.031250 0.187500
vt 0.000000 0.750000
vt 0.000000 0.625000
vt 0.000000 0.062500
vt 0.000000 0.937500
vt 1.000000 0.062500
vt 0.968750 0.062500
vt 1.000000 0.937500
vt 0.968750 0.937500
vt 0.968750 0.812500
vt 1.000000 0.750000
vt 0.968750 0.750000
vt 0.968750 0.250000
vt 0.968750 0.187500
vt 1.000000 0.625000
vt 0.968750 0.625000
vt 0.937500 0.812500
vt 0.937500 0.750000
vt 0.937500 0.250000
vt 0.937500 0.187500
vt 0.937500 0.625000
vt 0.937500 0.125000
vt 0.937500 0.062500
vt 0.937500 0.937500
vt 0.937500 0.875000
vt 0.906250 0.937500
vt 0.906250 0.062500
vt 0.906250 0.312500
vt 0.906250 0.750000
vt 0.906250 0.250000
vt 0.906250 0.625000
vt 0.875000 0.312500
vt 0.875000 0.250000
vt 0.875000 0.750000
vt 0.875000 0.625000
vt 0.875000 0.062500
vt 0.875000 0.937500
vt 0.843750 0.062500
vt 0.843750 0.937500
vt 0.843750 0.375000
vt 0.843750 0.812500
vt 0.843750 0.750000
vt 0.843750 0.250000
vt 0.843750 0.187500
vt 0.843750 0.625000
vt 0.843750 0.562500
vt 0.812500 0.250000
vt 0.812500 0.187500
vt 0.812500 0.562500
vt 0.812500 0.062500
vt 0.812500 0.937500
vt 0.812500 0.812500
vt 0.812500 0.750000
vt 0.781250 0.937500
vt 0.781250 0.875000
vt 0.781250 0.750000
vt 0.781250 0.250000
vt 0.781250 0.125000
vt 0.781250 0.562500
vt 0.781250 0.062500
vt 0.750000 0.687500
vt 0.750000 0.562500
vt 0.750000 0.062500
vt 0.593750 0.750000
vt 0.562500 0.750000
vt 0.531250 0.750000
vt 0.500000 0.750000
vt 0.500000 0.625000
vt 0.468750 0.750000
vt 0.468750 0.625000
vt 0.437500 0.750000
vt 0.437500 0.625000
vt 0.406250 0.375000
vt 0.406250 0.750000
vt 0.406250 0.687500
vt 0.406250 0.625000
vt 0.375000 0.687500
vt 0.375000 0.625000
vt 0.375000 0.375000
vt 0.375000 0.750000
vt 0.343750 0.375000
vt 0.343750 0.750000
vt 0.343750 0.625000
vt 0.312500 0.625000
vt 0.312500 0.375000
vt 0.312500 0.750000
vt 0.281250 0.875000
vt 0.281250 0.812500
vt 0.281250 0.375000
vt 0.281250 0.750000
vt 0.281250 0.250000
vt 0.281250 0.625000
vt 0.281250 0.125000
vt 0.250000 0.812500
vt 0.250000 0.750000
vt 0.250000 0.687500
vt 0.218750 0.375000
vt 0.218750 0.812500
vt 0.218750 0.750000
vt 0.218750 0.250000
vt 0.218750 0.625000
vt 0.187500 0.375000
vt 0.187500 0.812500
vt 0.187500 0.312500
vt 0.187500 0.750000
vt 0.187500 0.250000
vt 0.187500 0.625000
vt 0.156250 0.812500
vt 0.156250 0.750000
vt 0.156250 0.250000
vt 0.125000 0.500000
vt 0.125000 0.812500
vt 0.125000 0.312500
vt 0.125000 0.750000
vt 0.125000 0.250000
vt 0.093750 0.250000
vt 0.093750 0.750000
vt 0.093750 0.625000
vt 0.093750 0.125000
vt 0.093750 0.562500
vt 0.093750 0.875000
vt 0.093750 0.375000
vt 0.093750 0.812500
vt 0.062500 0.812500
vt 0.062500 0.750000
vt 0.062500 0.250000
vt 0.062500 0.562500
vt 0.031250 0.250000
vt 0.031250 0.562500
vt 0.031250 0.875000
vt 0.031250 0.312500
vt 0.031250 0.750000
vt 0.000000 0.812500
vt 0.000000 0.750000
vt 0.000000 0.250000
vt 0.968750 0.687500
vt 0.968750 0.562500
vt 1.000000 0.812500
vt 0.968750 0.812500
vt 0.968750 0.312500
vt 1.000000 0.750000
vt 0.968750 0.750000
vt 1.000000 0.250000
vt 0.968750 0.250000
vt 0.937500 0.375000
vt 0.937500 0.875000
vt 0.937500 0.812500
vt 0.937500 0.312500
vt 0.937500 0.750000
vt 0.937500 0.250000
vt 0.937500 0.625000
vt 0.937500 0.562500
vt 0.937500 0.500000
vt 0.906250 0.187500
vt 0.906250 0.625000
vt 0.906250 0.375000
vt 0.906250 0.812500
vt 0.906250 0.750000
vt 0.906250 0.250000
vt 0.875000 0.312500
vt 0.875000 0.750000
vt 0.875000 0.250000
vt 0.875000 0.687500
vt 0.843750 0.125000
vt 0.843750 0.875000
vt 0.843750 0.312500
vt 0.843750 0.750000
vt 0.843750 0.250000
vt 0.843750 0.687500
vt 0.812500 0.312500
vt 0.812500 0.750000
vt 0.812500 0.250000
vt 0.812500 0.687500
vt 0.812500 0.125000
vt 0.812500 0.500000
vt 0.812500 0.875000
vt 0.781250 0.312500
vt 0.781250 0.750000
vt 0.781250 0.250000
vt 0.781250 0.687500
s 1
f 1/1/1 33/2/33 2/3/2
f 2/3/2 33/2/33 3/4/3
f 3/4/3 33/2/33 4/5/4
f 4/5/4 33/2/33 5/6/5
f 5/6/5 33/2/33 6/7/6
f 6/7/6 33/2/33 7/8/7
f 7/8/7 33/2/33 8/9/8
f 8/9/8 33/2/33 9/10/9
f 9/10/9 33/2/33 10/11/10
f 10/11/10 33/2/33 11/12/11
f 11/12/11 33/2/33 12/13/12
f 12/13/12 33/2/33 13/14/13
f 13/14/13 33/2/33 14/15/14
f 14/15/14 33/2/33 15/16/15
f 15/16/15 33/2/33 16/17/16
f 16/17/16 33/2/33 17/18/17
f 17/18/17 33/2/33 18/19/18
f 18/19/18 33/2/33 19/20/19
f 19/20/19 33/2/33 20/21/20
f 20/21/20 33/2/33 21/22/21
f 21/22/21 33/2/33 22/23/22
f 22/23/22 33/2/33 23/24/23
f 23/24/23 33/2/33 24/25/24
f 24/25/24 33/2/33 25/26/25
f 25/26/25 33/2/33 26/27/26
f 26/27/26 33/2/33 27/28/27
f 27/28/27 33/2/33 28/29/28
f 28/29/28 33/2/33 29/30/29
f 29/30/29 33/2/33 30/31/30
f 30/31/30 33/2/33 31/32/31
f 1/33/1 2/34/2 3/35/3 4/36/4 5/37/5 6/38/6 7/39/7 8/40/8 9/41/9 10/42/10 11/43/11 12/44/12 13/45/13 14/46/14 15/47/15 16/48/16 17/49/17 18/50/18 19/51/19 20/52/20 21/53/21 22/54/22 23/55/23 24/56/24 25/57/25 26/58/26 27/59/27 28/60/28 29/61/29 30/62/30 31/63/31 32/64/32
f 31/32/31 33/2/33 32/65/32
f 32/65/32 33/2/33 1/1/1
f 34/66/34 35/67/35 37/68/37 36/69/36
f 36/69/36 37/68/37 39/70/39 38/71/38
f 38/71/38 39/70/39 41/72/41 40/73/40
f 40/73/40 41/72/41 43/74/43 42/75/42
f 42/75/42 43/74/43 45/76/45 44/77/44
f 44/77/44 45/76/45 47/78/47 46/79/46
f 46/79/46 47/78/47 49/80/49 48/81/48
f 48/81/48 49/80/49 51/82/51 50/83/50
f 50/83/50 51/82/51 53/84/53 52/85/52
f 52/85/52 53/84/53 55/86/55 54/87/54
f 54/87/54 55/86/55 57/88/57 56/89/56
f 56/89/56 57/88/57 59/90/59 58/91/58
f 58/91/58 59/90/59 61/92/61 60/93/60
f 60/93/60 61/92/61 63/94/63 62/95/62
f 62/95/62 63/94/63 65/96/65 64/97/64
f 64/97/64 65/96/65 67/98/67 66/99/66
f 66/99/66 67/98/67 69/100/69 68/101/68
f 68/101/68 69/100/69 71/102/71 70/103/70
f 70/103/70 71/102/71 73/104/73 72/105/72
f 72/105/72 73/104/73 75/106/75 74/107/74
f 74/107/74 75/106/75 77/108/77 76/109/76
f 76/109/76 77/108/77 79/110/79 78/111/78
f 78/111/78 79/110/79 81/112/81 80/113/80
f 80/113/80 81/112/81 83/114/83 82/115/82
f 82/115/82 83/114/83 85/116/85 84/117/84
f 84/117/84 85/116/85 87/118/87 86/119/86
f 86/119/86 87/118/87 89/120/89 88/121/88
f 88/121/88 89/120/89 91/122/91 90/123/90
f 90/123/90 91/122/91 93/124/93 92/125/92
f 92/125/92 93/124/93 95/126/95 94/127/94
f 37/3/37 35/1/35 97/65/97 95/128/95 93/129/93 91/30/91 89/130/89 87/131/87 85/132/85 83/133/83 81/134/81 79/135/79 77/136/77 75/22/75 73/137/73 71/138/71 69/139/69 67/140/67 65/141/65 63/142/63 61/143/61 59/14/59 57/144/57 55/145/55 53/11/53 51/10/51 49/9/49 47/146/47 45/147/45 43/6/43 41/148/41 39/149/39
f 94/127/94 95/126/95 97/150/97 96/151/96
f 96/151/96 97/150/97 35/152/35 34/153/34
f 34/33/34 36/34/36 38/154/38 40/155/40 42/37/42 44/156/44 46/39/46 48/40/48 50/41/50 52/42/52 54/43/54 56/157/56 58/45/58 60/158/60 62/159/62 64/160/64 66/161/66 68/162/68 70/163/70 72/164/72 74/53/74 76/165/76 78/55/78 80/56/80 82/57/82 84/58/84 86/59/86 88/166/88 90/61/90 92/167/92 94/168/94 96/64/96
f 576/83/575 575/169/574 113/170/112 114/85/113
f 99/171/98 98/172/33 107/173/106
f 106/174/105 579/175/578 121/176/120
f 577/177/576 576/83/575 114/85/113 115/178/114
f 572/179/571 99/171/98 107/173/106 108/180/107
f 102/181/101 577/177/576 115/178/114 116/182/115
f 573/183/572 572/179/571 108/180/107 109/184/108
f 103/185/102 102/181/101 116/182/115 117/186/116
f 100/187/99 573/183/572 109/184/108 110/188/109
f 104/189/103 103/185/102 117/186/116 118/190/117
f 574/191/573 100/187/99 110/188/109 111/192/110
f 105/193/104 104/189/103 118/190/117 119/194/118
f 101/195/100 574/191/573 111/192/110 112/196/111
f 578/197/577 105/193/104 119/194/118 120/198/119
f 575/169/574 101/195/100 112/196/111 113/170/112
f 579/175/578 578/197/577 120/198/119 121/176/120
f 120/198/119 119/194/118 134/199/133 135/200/134
f 113/170/112 112/196/111 127/201/126 128/202/127
f 121/176/120 120/198/119 135/200/134 136/203/135
f 114/85/113 113/170/112 128/202/127 129/87/128
f 107/173/106 98/204/33 122/205/121
f 106/206/105 121/176/120 136/203/135
f 115/178/114 114/85/113 129/87/128 130/207/129
f 108/180/107 107/173/106 122/205/121 123/208/122
f 116/182/115 115/178/114 130/207/129 131/209/130
f 109/184/108 108/180/107 123/208/122 124/210/123
f 117/186/116 116/182/115 131/209/130 132/211/131
f 110/188/109 109/184/108 124/210/123 125/212/124
f 118/190/117 117/186/116 132/211/131 133/213/132
f 111/192/110 110/188/109 125/212/124 126/214/125
f 119/194/118 118/190/117 133/213/132 134/199/133
f 112/196/111 111/192/110 126/214/125 127/201/126
f 132/211/131 131/209/130 146/215/145 147/216/146
f 125/212/124 124/210/123 139/217/138 140/218/139
f 133/213/132 132/211/131 147/216/146 148/219/147
f 126/214/125 125/212/124 140/218/139 141/220/140
f 134/199/133 133/213/132 148/219/147 149/221/148
f 127/201/126 126/214/125 141/220/140 142/222/141
f 135/200/134 134/199/133 149/221/148 150/223/149
f 128/202/127 127/201/126 142/222/141 143/224/142
f 136/203/135 135/200/134 150/223/149 151/225/150
f 129/87/128 128/202/127 143/224/142 144/89/143
f 122/205/121 98/226/33 137/227/136
f 106/228/105 136/203/135 151/225/150
f 130/207/129 129/87/128 144/89/143 145/229/144
f 123/208/122 122/205/121 137/227/136 138/230/137
f 131/209/130 130/207/129 145/229/144 146/215/145
f 124/210/123 123/208/122 138/230/137 139/217/138
f 151/225/150 150/223/149 165/231/164 166/232/165
f 144/89/143 143/224/142 158/233/157 159/91/158
f 137/227/136 98/234/33 152/235/151
f 106/236/105 151/225/150 166/232/165
f 145/229/144 144/89/143 159/91/158 160/237/159
f 138/230/137 137/227/136 152/235/151 153/238/152
f 146/215/145 145/229/144 160/237/159 161/239/160
f 139/217/138 138/230/137 153/238/152 154/240/153
f 147/216/146 146/215/145 161/239/160 162/241/161
f 140/218/139 139/217/138 154/240/153 155/242/154
f 148/219/147 147/216/146 162/241/161 163/243/162
f 141/220/140 140/218/139 155/242/154 156/244/155
f 149/221/148 148/219/147 163/243/162 164/245/163
f 142/222/141 141/220/140 156/244/155 157/246/156
f 150/223/149 149/221/148 164/245/163 165/231/164
f 143/224/142 142/222/141 157/246/156 158/233/157
f 155/242/154 154/240/153 169/247/168 170/248/169
f 163/243/162 162/241/161 177/249/176 178/250/177
f 156/244/155 155/242/154 170/248/169 171/251/170
f 164/245/163 163/243/162 178/250/177 179/252/178
f 157/246/156 156/244/155 171/251/170 172/253/171
f 165/231/164 164/245/163 179/252/178 180/254/179
f 158/233/157 157/246/156 172/253/171 173/255/172
f 166/232/165 165/231/164 180/254/179 181/256/180
f 159/91/158 158/233/157 173/255/172 174/93/173
f 152/235/151 98/257/33 167/258/166
f 106/259/105 166/232/165 181/256/180
f 160/237/159 159/91/158 174/93/173 175/260/174
f 153/238/152 152/235/151 167/258/166 168/261/167
f 161/239/160 160/237/159 175/260/174 176/262/175
f 154/240/153 153/238/152 168/261/167 169/247/168
f 162/241/161 161/239/160 176/262/175 177/249/176
f 174/93/173 173/255/172 188/263/187 189/95/188
f 167/258/166 98/264/33 182/265/181
f 106/266/105 181/256/180 196/267/195
f 175/260/174 174/93/173 189/95/188 190/268/189
f 168/261/167 167/258/166 182/265/181 183/269/182
f 176/262/175 175/260/174 190/268/189 191/270/190
f 169/247/168 168/261/167 183/269/182 184/271/183
f 177/249/176 176/262/175 191/270/190 192/272/191
f 170/248/169 169/247/168 184/271/183 185/273/184
f 178/250/177 177/249/176 192/272/191 193/274/192
f 171/251/170 170/248/169 185/273/184 186/275/185
f 179/252/178 178/250/177 193/274/192 194/276/193
f 172/253/171 171/251/170 186/275/185 187/277/186
f 180/254/179 179/252/178 194/276/193 195/278/194
f 173/255/172 172/253/171 187/277/186 188/263/187
f 181/256/180 180/254/179 195/278/194 196/267/195
f 193/274/192 192/272/191 207/279/206 208/280/207
f 186/275/185 185/273/184 200/281/199 201/282/200
f 194/276/193 193/274/192 208/280/207 209/283/208
f 187/277/186 186/275/185 201/282/200 202/284/201
f 195/278/194 194/276/193 209/283/208 210/285/209
f 188/263/187 187/277/186 202/284/201 203/286/202
f 196/267/195 195/278/194 210/285/209 211/287/210
f 189/95/188 188/263/187 203/286/202 204/97/203
f 182/265/181 98/288/33 197/289/196
f 106/290/105 196/267/195 211/287/210
f 190/268/189 189/95/188 204/97/203 205/291/204
f 183/269/182 182/265/181 197/289/196 198/292/197
f 191/270/190 190/268/189 205/291/204 206/293/205
f 184/271/183 183/269/182 198/292/197 199/294/198
f 192/272/191 191/270/190 206/293/205 207/279/206
f 185/273/184 184/271/183 199/294/198 200/281/199
f 197/289/196 98/295/33 212/296/211
f 106/297/105 211/287/210 226/298/225
f 205/291/204 204/97/203 219/99/218 220/299/219
f 198/292/197 197/289/196 212/296/211 213/300/212
f 206/293/205 205/291/204 220/299/219 221/301/220
f 199/294/198 198/292/197 213/300/212 214/302/213
f 207/279/206 206/293/205 221/301/220 222/303/221
f 200/281/199 199/294/198 214/302/213 215/304/214
f 208/280/207 207/279/206 222/303/221 223/305/222
f 201/282/200 200/281/199 215/304/214 216/306/215
f 209/283/208 208/280/207 223/305/222 224/307/223
f 202/284/201 201/282/200 216/306/215 217/308/216
f 210/285/209 209/283/208 224/307/223 225/309/224
f 203/286/202 202/284/201 217/308/216 218/310/217
f 211/287/210 210/285/209 225/309/224 226/298/225
f 204/97/203 203/286/202 218/310/217 219/99/218
f 216/306/215 215/304/214 230/311/229 231/312/230
f 224/307/223 223/305/222 238/313/237 239/314/238
f 217/308/216 216/306/215 231/312/230 232/315/231
f 225/309/224 224/307/223 239/314/238 240/316/239
f 218/310/217 217/308/216 232/315/231 233/317/232
f 226/298/225 225/309/224 240/316/239 241/318/240
f 219/99/218 218/310/217 233/317/232 234/101/233
f 212/296/211 98/319/33 227/320/226
f 106/321/105 226/298/225 241/318/240
f 220/299/219 219/99/218 234/101/233 235/322/234
f 213/300/212 212/296/211 227/320/226 228/323/227
f 221/301/220 220/299/219 235/322/234 236/324/235
f 214/302/213 213/300/212 228/323/227 229/325/228
f 222/303/221 221/301/220 236/324/235 237/326/236
f 215/304/214 214/302/213 229/325/228 230/311/229
f 223/305/222 222/303/221 237/326/236 238/313/237
f 235/322/234 234/101/233 249/103/248 250/327/249
f 228/323/227 227/320/226 242/328/241 243/329/242
f 236/324/235 235/322/234 250/327/249 251/330/250
f 229/325/228 228/323/227 243/329/242 244/331/243
f 237/326/236 236/324/235 251/330/250 252/332/251
f 230/311/229 229/325/228 244/331/243 245/333/244
f 238/313/237 237/326/236 252/332/251 253/334/252
f 231/312/230 230/311/229 245/333/244 246/335/245
f 239/314/238 238/313/237 253/334/252 254/336/253
f 232/315/231 231/312/230 246/335/245 247/337/246
f 240/316/239 239/314/238 254/336/253 255/338/254
f 233/317/232 232/315/231 247/337/246 248/339/247
f 241/318/240 240/316/239 255/338/254 256/340/255
f 234/101/233 233/317/232 248/339/247 249/103/248
f 227/320/226 98/341/33 242/328/241
f 106/342/105 241/318/240 256/340/255
f 254/336/253 253/334/252 268/343/267 269/344/268
f 247/337/246 246/335/245 261/345/260 262/346/261
f 255/338/254 254/336/253 269/344/268 270/347/269
f 248/339/247 247/337/246 262/346/261 263/348/262
f 256/340/255 255/338/254 270/347/269 271/349/270
f 249/103/248 248/339/247 263/348/262 264/105/263
f 242/328/241 98/350/33 257/351/256
f 106/352/105 256/340/255 271/349/270
f 250/327/249 249/103/248 264/105/263 265/353/264
f 243/329/242 242/328/241 257/351/256 258/354/257
f 251/330/250 250/327/249 265/353/264 266/355/265
f 244/331/243 243/329/242 258/354/257 259/356/258
f 252/332/251 251/330/250 266/355/265 267/357/266
f 245/333/244 244/331/243 259/356/258 260/358/259
f 253/334/252 252/332/251 267/357/266 268/343/267
f 246/335/245 245/333/244 260/358/259 261/345/260
f 266/355/265 265/353/264 280/359/279 281/360/280
f 259/356/258 258/354/257 273/361/272 274/362/273
f 267/357/266 266/355/265 281/360/280 282/363/281
f 260/358/259 259/356/258 274/362/273 275/364/274
f 268/343/267 267/357/266 282/363/281 283/365/282
f 261/345/260 260/358/259 275/364/274 276/366/275
f 269/344/268 268/343/267 283/365/282 284/367/283
f 262/346/261 261/345/260 276/366/275 277/368/276
f 270/347/269 269/344/268 284/367/283 285/369/284
f 263/348/262 262/346/261 277/368/276 278/370/277
f 271/349/270 270/347/269 285/369/284 286/371/285
f 264/105/263 263/348/262 278/370/277 279/107/278
f 257/351/256 98/372/33 272/373/271
f 106/374/105 271/349/270 286/371/285
f 265/353/264 264/105/263 279/107/278 280/359/279
f 258/354/257 257/351/256 272/373/271 273/361/272
f 285/369/284 284/367/283 299/375/298 300/376/299
f 278/370/277 277/368/276 292/377/291 293/378/292
f 286/371/285 285/369/284 300/376/299 301/379/300
f 279/107/278 278/370/277 293/378/292 294/109/293
f 272/373/271 98/380/33 287/381/286
f 106/382/105 286/371/285 301/379/300
f 280/359/279 279/107/278 294/109/293 295/383/294
f 273/361/272 272/373/271 287/381/286 288/384/287
f 281/360/280 280/359/279 295/383/294 296/385/295
f 274/362/273 273/361/272 288/384/287 289/386/288
f 282/363/281 281/360/280 296/385/295 297/387/296
f 275/364/274 274/362/273 289/386/288 290/388/289
f 283/365/282 282/363/281 297/387/296 298/389/297
f 276/366/275 275/364/274 290/388/289 291/390/290
f 284/367/283 283/365/282 298/389/297 299/375/298
f 277/368/276 276/366/275 291/390/290 292/377/291
f 289/386/288 288/384/287 303/391/302 304/392/303
f 297/387/296 296/385/295 311/393/310 312/394/311
f 290/388/289 289/386/288 304/392/303 305/395/304
f 298/389/297 297/387/296 312/394/311 313/396/312
f 291/390/290 290/388/289 305/395/304 306/397/305
f 299/375/298 298/389/297 313/396/312 314/398/313
f 292/377/291 291/390/290 306/397/305 307/399/306
f 300/376/299 299/375/298 314/398/313 315/400/314
f 293/378/292 292/377/291 307/399/306 308/401/307
f 301/379/300 300/376/299 315/400/314 316/402/315
f 294/109/293 293/378/292 308/401/307 309/111/308
f 287/381/286 98/403/33 302/404/301
f 106/405/105 301/379/300 316/402/315
f 295/383/294 294/109/293 309/111/308 310/406/309
f 288/384/287 287/381/286 302/404/301 303/391/302
f 296/385/295 295/383/294 310/406/309 311/393/310
f 308/401/307 307/399/306 322/407/321 323/408/322
f 316/402/315 315/400/314 330/409/329 331/410/330
f 309/111/308 308/401/307 323/408/322 324/113/323
f 302/404/301 98/411/33 317/412/316
f 106/413/105 316/402/315 331/410/330
f 310/406/309 309/111/308 324/113/323 325/414/324
f 303/391/302 302/404/301 317/412/316 318/415/317
f 311/393/310 310/406/309 325/414/324 326/416/325
f 304/392/303 303/391/302 318/415/317 319/417/318
f 312/394/311 311/393/310 326/416/325 327/418/326
f 305/395/304 304/392/303 319/417/318 320/419/319
f 313/396/312 312/394/311 327/418/326 328/420/327
f 306/397/305 305/395/304 320/419/319 321/421/320
f 314/398/313 313/396/312 328/420/327 329/422/328
f 307/399/306 306/397/305 321/421/320 322/407/321
f 315/400/314 314/398/313 329/422/328 330/409/329
f 327/418/326 326/416/325 341/423/340 342/424/341
f 320/419/319 319/417/318 334/425/333 335/426/334
f 328/420/327 327/418/326 342/424/341 343/427/342
f 321/421/320 320/419/319 335/426/334 336/428/335
f 329/422/328 328/420/327 343/427/342 344/429/343
f 322/407/321 321/421/320 336/428/335 337/430/336
f 330/409/329 329/422/328 344/429/343 345/431/344
f 323/408/322 322/407/321 337/430/336 338/432/337
f 331/410/330 330/409/329 345/431/344 346/433/345
f 324/113/323 323/408/322 338/432/337 339/115/338
f 317/412/316 98/434/33 332/435/331
f 106/436/105 331/410/330 346/433/345
f 325/414/324 324/113/323 339/115/338 340/437/339
f 318/415/317 317/412/316 332/435/331 333/438/332
f 326/416/325 325/414/324 340/437/339 341/423/340
f 319/417/318 318/415/317 333/438/332 334/425/333
f 346/433/345 345/431/344 360/439/359 361/440/360
f 339/115/338 338/432/337 353/441/352 354/117/353
f 332/435/331 98/442/33 347/443/346
f 106/444/105 346/433/345 361/440/360
f 340/437/339 339/115/338 354/117/353 355/445/354
f 333/438/332 332/435/331 347/443/346 348/446/347
f 341/423/340 340/437/339 355/445/354 356/447/355
f 334/425/333 333/438/332 348/446/347 349/448/348
f 342/424/341 341/423/340 356/447/355 357/449/356
f 335/426/334 334/425/333 349/448/348 350/450/349
f 343/427/342 342/424/341 357/449/356 358/451/357
f 336/428/335 335/426/334 350/450/349 351/452/350
f 344/429/343 343/427/342 358/451/357 359/453/358
f 337/430/336 336/428/335 351/452/350 352/454/351
f 345/431/344 344/429/343 359/453/358 360/439/359
f 338/432/337 337/430/336 352/454/351 353/441/352
f 350/450/349 349/448/348 364/455/363 365/456/364
f 358/451/357 357/449/356 372/457/371 373/458/372
f 351/452/350 350/450/349 365/456/364 366/459/365
f 359/453/358 358/451/357 373/458/372 374/460/373
f 352/454/351 351/452/350 366/459/365 367/461/366
f 360/439/359 359/453/358 374/460/373 375/462/374
f 353/441/352 352/454/351 367/461/366 368/463/367
f 361/440/360 360/439/359 375/462/374 376/464/375
f 354/117/353 353/441/352 368/463/367 369/119/368
f 347/443/346 98/465/33 362/466/361
f 106/467/105 361/440/360 376/464/375
f 355/445/354 354/117/353 369/119/368 370/468/369
f 348/446/347 347/443/346 362/466/361 363/469/362
f 356/447/355 355/445/354 370/468/369 371/470/370
f 349/448/348 348/446/347 363/469/362 364/455/363
f 357/449/356 356/447/355 371/470/370 372/457/371
f 369/119/368 368/463/367 383/471/382 384/472/383
f 362/466/361 98/473/33 377/474/376
f 106/475/105 376/464/375 391/476/390
f 370/468/369 369/119/368 384/472/383 385/477/384
f 363/469/362 362/466/361 377/474/376 378/478/377
f 371/470/370 370/468/369 385/477/384 386/479/385
f 364/455/363 363/469/362 378/478/377 379/480/378
f 372/457/371 371/470/370 386/479/385 387/481/386
f 365/456/364 364/455/363 379/480/378 380/482/379
f 373/458/372 372/457/371 387/481/386 388/483/387
f 366/459/365 365/456/364 380/482/379 381/484/380
f 374/460/373 373/458/372 388/483/387 389/485/388
f 367/461/366 366/459/365 381/484/380 382/486/381
f 375/462/374 374/460/373 389/485/388 390/487/389
f 368/463/367 367/461/366 382/486/381 383/471/382
f 376/464/375 375/462/374 390/487/389 391/476/390
f 388/483/387 387/481/386 402/488/401 403/489/402
f 381/484/380 380/482/379 395/490/394 396/491/395
f 389/485/388 388/483/387 403/489/402 404/492/403
f 382/486/381 381/484/380 396/491/395 397/493/396
f 390/487/389 389/485/388 404/492/403 405/494/404
f 383/471/382 382/486/381 397/493/396 398/495/397
f 391/476/390 390/487/389 405/494/404 406/496/405
f 384/472/383 383/471/382 398/495/397 399/123/398
f 377/474/376 98/497/33 392/498/391
f 106/499/105 391/476/390 406/496/405
f 385/477/384 384/472/383 399/123/398 400/500/399
f 378/478/377 377/474/376 392/498/391 393/501/392
f 386/479/385 385/477/384 400/500/399 401/502/400
f 379/480/378 378/478/377 393/501/392 394/503/393
f 387/481/386 386/479/385 401/502/400 402/488/401
f 380/482/379 379/480/378 394/503/393 395/490/394
f 106/504/105 406/496/405 421/505/420
f 400/500/399 399/123/398 414/506/413 415/507/414
f 393/501/392 392/498/391 407/508/406 408/509/407
f 401/502/400 400/500/399 415/507/414 416/510/415
f 394/503/393 393/501/392 408/509/407 409/511/408
f 402/488/401 401/502/400 416/510/415 417/512/416
f 395/490/394 394/503/393 409/511/408 410/513/409
f 403/489/402 402/488/401 417/512/416 418/514/417
f 396/491/395 395/490/394 410/513/409 411/515/410
f 404/492/403 403/489/402 418/514/417 419/516/418
f 397/493/396 396/491/395 411/515/410 412/517/411
f 405/494/404 404/492/403 419/516/418 420/518/419
f 398/495/397 397/493/396 412/517/411 413/519/412
f 406/496/405 405/494/404 420/518/419 421/505/420
f 399/123/398 398/495/397 413/519/412 414/506/413
f 392/498/391 98/520/33 407/508/406
f 419/516/418 418/514/417 433/521/432 434/522/433
f 412/517/411 411/515/410 426/523/425 427/524/426
f 420/518/419 419/516/418 434/522/433 435/525/434
f 413/519/412 412/517/411 427/524/426 428/526/427
f 421/505/420 420/518/419 435/525/434 436/527/435
f 414/506/413 413/519/412 428/526/427 429/528/428
f 407/508/406 98/529/33 422/530/421
f 106/531/105 421/505/420 436/527/435
f 415/507/414 414/506/413 429/528/428 430/532/429
f 408/509/407 407/508/406 422/530/421 423/533/422
f 416/510/415 415/507/414 430/532/429 431/534/430
f 409/511/408 408/509/407 423/533/422 424/535/423
f 417/512/416 416/510/415 431/534/430 432/536/431
f 410/513/409 409/511/408 424/535/423 425/537/424
f 418/514/417 417/512/416 432/536/431 433/521/432
f 411/515/410 410/513/409 425/537/424 426/523/425
f 423/533/422 422/530/421 437/538/436 438/539/437
f 431/534/430 430/532/429 445/540/444 446/541/445
f 424/535/423 423/533/422 438/539/437 439/542/438
f 432/536/431 431/534/430 446/541/445 447/543/446
f 425/537/424 424/535/423 439/542/438 440/544/439
f 433/521/432 432/536/431 447/543/446 448/545/447
f 426/523/425 425/537/424 440/544/439 441/546/440
f 434/522/433 433/521/432 448/545/447 449/547/448
f 427/524/426 426/523/425 441/546/440 442/548/441
f 435/525/434 434/522/433 449/547/448 450/549/449
f 428/526/427 427/524/426 442/548/441 443/550/442
f 436/527/435 435/525/434 450/549/449 451/551/450
f 429/528/428 428/526/427 443/550/442 444/151/443
f 422/530/421 98/552/33 437/538/436
f 106/553/105 436/527/435 451/551/450
f 430/532/429 429/528/428 444/151/443 445/540/444
f 442/548/441 441/546/440 456/554/455 457/555/456
f 450/549/449 449/547/448 464/556/463 465/557/464
f 443/550/442 442/548/441 457/555/456 458/558/457
f 451/551/450 450/549/449 465/557/464 466/559/465
f 444/151/443 443/550/442 458/558/457 459/153/458
f 437/538/436 98/560/33 452/561/451
f 106/562/105 451/551/450 466/559/465
f 445/540/444 444/151/443 459/153/458 460/563/459
f 438/539/437 437/538/436 452/561/451 453/564/452
f 446/541/445 445/540/444 460/563/459 461/565/460
f 439/542/438 438/539/437 453/564/452 454/566/453
f 447/543/446 446/541/445 461/565/460 462/567/461
f 440/544/439 439/542/438 454/566/453 455/568/454
f 448/545/447 447/543/446 462/567/461 463/569/462
f 441/546/440 440/544/439 455/568/454 456/554/455
f 449/547/448 448/545/447 463/569/462 464/556/463
f 461/570/460 460/571/459 475/572/474 476/573/475
f 454/574/453 453/575/452 468/576/467 469/577/468
f 462/578/461 461/570/460 476/573/475 477/579/476
f 455/580/454 454/574/453 469/577/468 470/581/469
f 463/582/462 462/578/461 477/579/476 478/583/477
f 456/584/455 455/580/454 470/581/469 471/585/470
f 464/586/463 463/582/462 478/583/477 479/587/478
f 457/588/456 456/584/455 471/585/470 472/589/471
f 465/590/464 464/586/463 479/587/478 480/591/479
f 458/592/457 457/588/456 472/589/471 473/593/472
f 466/594/465 465/590/464 480/591/479 481/595/480
f 459/66/458 458/592/457 473/593/472 474/69/473
f 452/596/451 98/597/33 467/598/466
f 106/599/105 466/594/465 481/595/480
f 460/571/459 459/66/458 474/69/473 475/572/474
f 453/575/452 452/596/451 467/598/466 468/576/467
f 480/591/479 479/587/478 494/600/493 495/601/494
f 473/593/472 472/589/471 487/602/486 488/603/487
f 481/595/480 480/591/479 495/601/494 496/604/495
f 474/69/473 473/593/472 488/603/487 489/71/488
f 467/598/466 98/605/33 482/606/481
f 106/607/105 481/595/480 496/604/495
f 475/572/474 474/69/473 489/71/488 490/608/489
f 468/576/467 467/598/466 482/606/481 483/609/482
f 476/573/475 475/572/474 490/608/489 491/610/490
f 469/577/468 468/576/467 483/609/482 484/611/483
f 477/579/476 476/573/475 491/610/490 492/612/491
f 470/581/469 469/577/468 484/611/483 485/613/484
f 478/583/477 477/579/476 492/612/491 493/614/492
f 471/585/470 470/581/469 485/613/484 486/615/485
f 479/587/478 478/583/477 493/614/492 494/600/493
f 472/589/471 471/585/470 486/615/485 487/602/486
f 484/611/483 483/609/482 498/616/497 499/617/498
f 492/612/491 491/610/490 506/618/505 507/619/506
f 485/613/484 484/611/483 499/617/498 500/620/499
f 493/614/492 492/612/491 507/619/506 508/621/507
f 486/615/485 485/613/484 500/620/499 501/622/500
f 494/600/493 493/614/492 508/621/507 509/623/508
f 487/602/486 486/615/485 501/622/500 502/624/501
f 495/601/494 494/600/493 509/623/508 510/625/509
f 488/603/487 487/602/486 502/624/501 503/626/502
f 496/604/495 495/601/494 510/625/509 511/627/510
f 489/71/488 488/603/487 503/626/502 504/73/503
f 482/606/481 98/628/33 497/629/496
f 106/630/105 496/604/495 511/627/510
f 490/608/489 489/71/488 504/73/503 505/631/504
f 483/609/482 482/606/481 497/629/496 498/616/497
f 491/610/490 490/608/489 505/631/504 506/618/505
f 503/626/502 502/624/501 517/632/516 518/633/517
f 511/627/510 510/625/509 525/634/524 526/635/525
f 504/73/503 503/626/502 518/633/517 519/75/518
f 497/629/496 98/636/33 512/637/511
f 106/638/105 511/627/510 526/635/525
f 505/631/504 504/73/503 519/75/518 520/639/519
f 498/616/497 497/629/496 512/637/511 513/640/512
f 506/618/505 505/631/504 520/639/519 521/641/520
f 499/617/498 498/616/497 513/640/512 514/642/513
f 507/619/506 506/618/505 521/641/520 522/643/521
f 500/620/499 499/617/498 514/642/513 515/644/514
f 508/621/507 507/619/506 522/643/521 523/645/522
f 501/622/500 500/620/499 515/644/514 516/646/515
f 509/623/508 508/621/507 523/645/522 524/647/523
f 502/624/501 501/622/500 516/646/515 517/632/516
f 510/625/509 509/623/508 524/647/523 525/634/524
f 522/643/521 521/641/520 536/648/535 537/649/536
f 515/644/514 514/642/513 529/650/528 530/651/529
f 523/645/522 522/643/521 537/649/536 538/652/537
f 516/646/515 515/644/514 530/651/529 531/653/530
f 524/647/523 523/645/522 538/652/537 539/654/538
f 517/632/516 516/646/515 531/653/530 532/655/531
f 525/634/524 524/647/523 539/654/538 540/656/539
f 518/633/517 517/632/516 532/655/531 533/657/532
f 526/635/525 525/634/524 540/656/539 541/658/540
f 519/75/518 518/633/517 533/657/532 534/77/533
f 512/637/511 98/659/33 527/660/526
f 106/661/105 526/635/525 541/658/540
f 520/639/519 519/75/518 534/77/533 535/662/534
f 513/640/512 512/637/511 527/660/526 528/663/527
f 521/641/520 520/639/519 535/662/534 536/648/535
f 514/642/513 513/640/512 528/663/527 529/650/528
f 541/658/540 540/656/539 555/664/554 556/665/555
f 534/77/533 533/657/532 548/666/547 549/79/548
f 527/660/526 98/667/33 542/668/541
f 106/669/105 541/658/540 556/665/555
f 535/662/534 534/77/533 549/79/548 550/670/549
f 528/663/527 527/660/526 542/668/541 543/671/542
f 536/648/535 535/662/534 550/670/549 551/672/550
f 529/650/528 528/663/527 543/671/542 544/673/543
f 537/649/536 536/648/535 551/672/550 552/674/551
f 530/651/529 529/650/528 544/673/543 545/675/544
f 538/652/537 537/649/536 552/674/551 553/676/552
f 531/653/530 530/651/529 545/675/544 546/677/545
f 539/654/538 538/652/537 553/676/552 554/678/553
f 532/655/531 531/653/530 546/677/545 547/679/546
f 540/656/539 539/654/538 554/678/553 555/664/554
f 533/657/532 532/655/531 547/679/546 548/666/547
f 553/676/552 552/674/551 567/680/566 568/681/567
f 546/677/545 545/675/544 560/682/559 561/683/560
f 554/678/553 553/676/552 568/681/567 569/684/568
f 547/679/546 546/677/545 561/683/560 562/685/561
f 555/664/554 554/678/553 569/684/568 570/686/569
f 548/666/547 547/679/546 562/685/561 563/687/562
f 556/665/555 555/664/554 570/686/569 571/688/570
f 549/79/548 548/666/547 563/687/562 564/81/563
f 542/668/541 98/689/33 557/690/556
f 106/691/105 556/665/555 571/688/570
f 550/670/549 549/79/548 564/81/563 565/692/564
f 543/671/542 542/668/541 557/690/556 558/693/557
f 551/672/550 550/670/549 565/692/564 566/694/565
f 544/673/543 543/671/542 558/693/557 559/695/558
f 552/674/551 551/672/550 566/694/565 567/680/566
f 545/675/544 544/673/543 559/695/558 560/682/559
f 557/690/556 98/696/33 99/171/98
f 106/697/105 571/688/570 579/175/578
f 565/692/564 564/81/563 576/83/575 577/177/576
f 558/693/557 557/690/556 99/171/98 572/179/571
f 566/694/565 565/692/564 577/177/576 102/181/101
f 559/695/558 558/693/557 572/179/571 573/183/572
f 567/680/566 566/694/565 102/181/101 103/185/102
f 560/682/559 559/695/558 573/183/572 100/187/99
f 568/681/567 567/680/566 103/185/102 104/189/103
f 561/683/560 560/682/559 100/187/99 574/191/573
f 569/684/568 568/681/567 104/189/103 105/193/104
f 562/685/561 561/683/560 574/191/573 101/195/100
f 570/686/569 569/684/568 105/193/104 578/197/577
f 563/687/562 562/685/561 101/195/100 575/169/574
f 571/688/570 570/686/569 578/197/577 579/175/578
f 564/81/563 563/687/562 575/169/574 576/83/575
f 580/66/579 581/67/580 583/68/582 582/69/581
f 582/69/581 583/68/582 585/70/584 584/71/583
f 584/71/583 585/70/584 587/72/586 586/73/585
f 586/73/585 587/72/586 589/74/588 588/75/587
f 588/75/587 589/74/588 591/76/590 590/77/589
f 590/77/589 591/76/590 593/78/592 592/79/591
f 592/79/591 593/78/592 595/80/594 594/81/593
f 594/81/593 595/80/594 597/82/596 596/83/595
f 596/83/595 597/82/596 599/84/598 598/85/597
f 598/85/597 599/84/598 601/86/600 600/87/599
f 600/87/599 601/86/600 603/88/602 602/89/601
f 602/89/601 603/88/602 605/90/604 604/91/603
f 604/91/603 605/90/604 607/92/606 606/93/605
f 606/93/605 607/92/606 609/94/608 608/95/607
f 608/95/607 609/94/608 611/96/610 610/97/609
f 610/97/609 611/96/610 613/98/612 612/99/611
f 612/99/611 613/98/612 615/100/614 614/101/613
f 614/101/613 615/100/614 617/102/616 616/103/615
f 616/103/615 617/102/616 619/104/618 618/105/617
f 618/105/617 619/104/618 621/106/620 620/107/619
f 620/107/619 621/106/620 623/108/622 622/109/621
f 622/109/621 623/108/622 625/110/624 624/111/623
f 624/111/623 625/110/624 627/112/626 626/113/625
f 626/113/625 627/112/626 629/114/628 628/115/627
f 628/115/627 629/114/628 631/116/630 630/117/629
f 630/117/629 631/116/630 633/118/632 632/119/631
f 632/119/631 633/118/632 635/120/634 634/121/633
f 634/121/633 635/120/634 637/122/636 636/123/635
f 636/123/635 637/122/636 639/124/638 638/125/637
f 638/125/637 639/124/638 641/126/640 640/127/639
f 583/3/582 581/698/580 643/65/642 641/32/640 639/699/638 637/700/636 635/701/634 633/28/632 631/132/630 629/702/628 627/134/626 625/24/624 623/703/622 621/704/620 619/705/618 617/20/616 615/139/614 613/706/612 611/141/610 609/16/608 607/707/606 605/708/604 603/709/602 601/12/600 599/11/598 597/710/596 595/9/594 593/8/592 591/711/590 589/6/588 587/712/586 585/4/584
f 640/127/639 641/126/640 643/150/642 642/151/641
f 642/151/641 643/150/642 581/152/580 580/153/579
f 580/713/579 582/34/581 584/35/583 586/714/585 588/37/587 590/715/589 592/39/591 594/40/593 596/41/595 598/42/597 600/43/599 602/716/601 604/717/603 606/718/605 608/47/607 610/160/609 612/719/611 614/162/613 616/51/615 618/720/617 620/721/619 622/722/621 624/55/623 626/56/625 628/57/627 630/58/629 632/59/631 634/723/633 636/61/635 638/724/637 640/63/639 642/64/641
f 1120/169/1085 648/195/646 658/196/654 659/170/655
f 1125/175/1090 1124/725/1089 666/198/661 667/176/662
f 649/83/575 1120/169/1085 659/170/655 660/85/113
f 645/171/643 644/172/33 653/173/649
f 652/174/105 1125/175/1090 667/176/662
f 1121/177/1086 649/83/575 660/85/113 661/178/656
f 1118/726/1083 645/171/643 653/173/649 654/180/650
f 650/181/647 1121/177/1086 661/178/656 662/182/657
f 646/727/644 1118/726/1083 654/180/650 655/184/651
f 1122/728/1087 650/181/647 662/182/657 663/186/658
f 647/187/645 646/727/644 655/184/651 656/188/652
f 651/189/648 1122/728/1087 663/186/658 664/190/659
f 1119/729/1084 647/187/645 656/188/652 657/192/653
f 1123/730/1088 651/189/648 664/190/659 665/194/660
f 648/195/646 1119/729/1084 657/192/653 658/196/654
f 1124/725/1089 1123/730/1088 665/194/660 666/198/661
f 658/196/654 657/192/653 672/214/667 673/731/668
f 666/198/661 665/194/660 680/199/674 681/200/675
f 659/170/655 658/196/654 673/731/668 674/202/669
f 667/176/662 666/198/661 681/200/675 682/203/676
f 660/85/113 659/170/655 674/202/669 675/87/128
f 653/173/649 644/204/33 668/205/663
f 652/206/105 667/176/662 682/203/676
f 661/178/656 660/85/113 675/87/128 676/207/670
f 654/180/650 653/173/649 668/205/663 669/208/664
f 662/182/657 661/178/656 676/207/670 677/209/671
f 655/184/651 654/180/650 669/208/664 670/210/665
f 663/186/658 662/182/657 677/209/671 678/211/672
f 656/188/652 655/184/651 670/210/665 671/732/666
f 664/190/659 663/186/658 678/211/672 679/213/673
f 657/192/653 656/188/652 671/732/666 672/214/667
f 665/194/660 664/190/659 679/213/673 680/199/674
f 677/209/671 676/207/670 691/229/684 692/215/685
f 670/210/665 669/208/664 684/230/678 685/217/679
f 678/211/672 677/209/671 692/215/685 693/216/686
f 671/732/666 670/210/665 685/217/679 686/733/680
f 679/213/673 678/211/672 693/216/686 694/219/687
f 672/214/667 671/732/666 686/733/680 687/220/681
f 680/199/674 679/213/673 694/219/687 695/221/688
f 673/731/668 672/214/667 687/220/681 688/222/682
f 681/200/675 680/199/674 695/221/688 696/223/689
f 674/202/669 673/731/668 688/222/682 689/224/683
f 682/203/676 681/200/675 696/223/689 697/225/690
f 675/87/128 674/202/669 689/224/683 690/89/143
f 668/205/663 644/226/33 683/227/677
f 652/228/105 682/203/676 697/225/690
f 676/207/670 675/87/128 690/89/143 691/229/684
f 669/208/664 668/205/663 683/227/677 684/230/678
f 696/223/689 695/221/688 710/245/702 711/231/703
f 689/224/683 688/222/682 703/246/696 704/233/697
f 697/225/690 696/223/689 711/231/703 712/232/704
f 690/89/143 689/224/683 704/233/697 705/91/158
f 683/227/677 644/234/33 698/235/691
f 652/236/105 697/225/690 712/232/704
f 691/229/684 690/89/143 705/91/158 706/237/698
f 684/230/678 683/227/677 698/235/691 699/238/692
f 692/215/685 691/229/684 706/237/698 707/239/699
f 685/217/679 684/230/678 699/238/692 700/240/693
f 693/216/686 692/215/685 707/239/699 708/734/700
f 686/733/680 685/217/679 700/240/693 701/242/694
f 694/219/687 693/216/686 708/734/700 709/243/701
f 687/220/681 686/733/680 701/242/694 702/735/695
f 695/221/688 694/219/687 709/243/701 710/245/702
f 688/222/682 687/220/681 702/735/695 703/246/696
f 700/240/693 699/238/692 714/261/706 715/247/707
f 708/734/700 707/239/699 722/262/713 723/736/714
f 701/242/694 700/240/693 715/247/707 716/248/708
f 709/243/701 708/734/700 723/736/714 724/250/715
f 702/735/695 701/242/694 716/248/708 717/737/709
f 710/245/702 709/243/701 724/250/715 725/252/716
f 703/246/696 702/735/695 717/737/709 718/253/710
f 711/231/703 710/245/702 725/252/716 726/254/717
f 704/233/697 703/246/696 718/253/710 719/255/711
f 712/232/704 711/231/703 726/254/717 727/256/718
f 705/91/158 704/233/697 719/255/711 720/93/173
f 698/235/691 644/257/33 713/258/705
f 652/259/105 712/232/704 727/256/718
f 706/237/698 705/91/158 720/93/173 721/260/712
f 699/238/692 698/235/691 713/258/705 714/261/706
f 707/239/699 706/237/698 721/260/712 722/262/713
f 719/255/711 718/253/710 733/277/724 734/263/725
f 727/256/718 726/254/717 741/738/731 742/267/732
f 720/93/173 719/255/711 734/263/725 735/95/188
f 713/258/705 644/264/33 728/265/719
f 652/266/105 727/256/718 742/267/732
f 721/260/712 720/93/173 735/95/188 736/268/726
f 714/261/706 713/258/705 728/265/719 729/269/720
f 722/262/713 721/260/712 736/268/726 737/270/727
f 715/247/707 714/261/706 729/269/720 730/271/721
f 723/736/714 722/262/713 737/270/727 738/739/728
f 716/248/708 715/247/707 730/271/721 731/273/722
f 724/250/715 723/736/714 738/739/728 739/274/729
f 717/737/709 716/248/708 731/273/722 732/740/723
f 725/252/716 724/250/715 739/274/729 740/276/730
f 718/253/710 717/737/709 732/740/723 733/277/724
f 726/254/717 725/252/716 740/276/730 741/738/731
f 738/739/728 737/270/727 752/293/741 753/741/742
f 731/273/722 730/271/721 745/294/735 746/281/736
f 739/274/729 738/739/728 753/741/742 754/742/743
f 732/740/723 731/273/722 746/281/736 747/743/737
f 740/276/730 739/274/729 754/742/743 755/283/744
f 733/277/724 732/740/723 747/743/737 748/284/738
f 741/738/731 740/276/730 755/283/744 756/744/745
f 734/263/725 733/277/724 748/284/738 749/286/739
f 742/267/732 741/738/731 756/744/745 757/287/746
f 735/95/188 734/263/725 749/286/739 750/97/203
f 728/265/719 644/288/33 743/289/733
f 652/290/105 742/267/732 757/287/746
f 736/268/726 735/95/188 750/97/203 751/291/740
f 729/269/720 728/265/719 743/289/733 744/292/734
f 737/270/727 736/268/726 751/291/740 752/293/741
f 730/271/721 729/269/720 744/292/734 745/294/735
f 757/287/746 756/744/745 771/745/759 772/298/760
f 750/97/203 749/286/739 764/310/753 765/99/218
f 743/289/733 644/295/33 758/296/747
f 652/297/105 757/287/746 772/298/760
f 751/291/740 750/97/203 765/99/218 766/299/754
f 744/292/734 743/289/733 758/296/747 759/746/748
f 752/293/741 751/291/740 766/299/754 767/301/755
f 745/294/735 744/292/734 759/746/748 760/302/749
f 753/741/742 752/293/741 767/301/755 768/303/756
f 746/281/736 745/294/735 760/302/749 761/747/750
f 754/742/743 753/741/742 768/303/756 769/748/757
f 747/743/737 746/281/736 761/747/750 762/749/751
f 755/283/744 754/742/743 769/748/757 770/307/758
f 748/284/738 747/743/737 762/749/751 763/308/752
f 756/744/745 755/283/744 770/307/758 771/745/759
f 749/286/739 748/284/738 763/308/752 764/310/753
f 769/748/757 768/303/756 783/750/770 784/751/771
f 762/749/751 761/747/750 776/752/764 777/753/765
f 770/307/758 769/748/757 784/751/771 785/314/772
f 763/308/752 762/749/751 777/753/765 778/315/766
f 771/745/759 770/307/758 785/314/772 786/316/773
f 764/310/753 763/308/752 778/315/766 779/317/767
f 772/298/760 771/745/759 786/316/773 787/318/774
f 765/99/218 764/310/753 779/317/767 780/101/233
f 758/296/747 644/319/33 773/320/761
f 652/321/105 772/298/760 787/318/774
f 766/299/754 765/99/218 780/101/233 781/322/768
f 759/746/748 758/296/747 773/320/761 774/323/762
f 767/301/755 766/299/754 781/322/768 782/324/769
f 760/302/749 759/746/748 774/323/762 775/325/763
f 768/303/756 767/301/755 782/324/769 783/750/770
f 761/747/750 760/302/749 775/325/763 776/752/764
f 773/320/761 644/341/33 788/328/775
f 652/342/105 787/318/774 802/340/788
f 781/322/768 780/101/233 795/103/248 796/327/782
f 774/323/762 773/320/761 788/328/775 789/754/776
f 782/324/769 781/322/768 796/327/782 797/330/783
f 775/325/763 774/323/762 789/754/776 790/331/777
f 783/750/770 782/324/769 797/330/783 798/755/784
f 776/752/764 775/325/763 790/331/777 791/756/778
f 784/751/771 783/750/770 798/755/784 799/757/785
f 777/753/765 776/752/764 791/756/778 792/758/779
f 785/314/772 784/751/771 799/757/785 800/336/786
f 778/315/766 777/753/765 792/758/779 793/337/780
f 786/316/773 785/314/772 800/336/786 801/759/787
f 779/317/767 778/315/766 793/337/780 794/339/781
f 787/318/774 786/316/773 801/759/787 802/340/788
f 780/101/233 779/317/767 794/339/781 795/103/248
f 792/758/779 791/756/778 806/358/792 807/760/793
f 800/336/786 799/757/785 814/761/799 815/344/800
f 793/337/780 792/758/779 807/760/793 808/346/794
f 801/759/787 800/336/786 815/344/800 816/347/801
f 794/339/781 793/337/780 808/346/794 809/348/795
f 802/340/788 801/759/787 816/347/801 817/349/802
f 795/103/248 794/339/781 809/348/795 810/105/263
f 788/328/775 644/350/33 803/351/789
f 652/352/105 802/340/788 817/349/802
f 796/327/782 795/103/248 810/105/263 811/353/796
f 789/754/776 788/328/775 803/351/789 804/354/790
f 797/330/783 796/327/782 811/353/796 812/355/797
f 790/331/777 789/754/776 804/354/790 805/356/791
f 798/755/784 797/330/783 812/355/797 813/762/798
f 791/756/778 790/331/777 805/356/791 806/358/792
f 799/757/785 798/755/784 813/762/798 814/761/799
f 811/353/796 810/105/263 825/107/278 826/359/810
f 804/354/790 803/351/789 818/373/803 819/361/804
f 812/355/797 811/353/796 826/359/810 827/763/811
f 805/356/791 804/354/790 819/361/804 820/362/805
f 813/762/798 812/355/797 827/763/811 828/764/812
f 806/358/792 805/356/791 820/362/805 821/364/806
f 814/761/799 813/762/798 828/764/812 829/765/813
f 807/760/793 806/358/792 821/364/806 822/766/807
f 815/344/800 814/761/799 829/765/813 830/367/814
f 808/346/794 807/760/793 822/766/807 823/767/808
f 816/347/801 815/344/800 830/367/814 831/369/815
f 809/348/795 808/346/794 823/767/808 824/370/809
f 817/349/802 816/347/801 831/369/815 832/371/816
f 810/105/263 809/348/795 824/370/809 825/107/278
f 803/351/789 644/372/33 818/373/803
f 652/374/105 817/349/802 832/371/816
f 830/367/814 829/765/813 844/768/827 845/375/828
f 823/767/808 822/766/807 837/769/821 838/770/822
f 831/369/815 830/367/814 845/375/828 846/376/829
f 824/370/809 823/767/808 838/770/822 839/378/823
f 832/371/816 831/369/815 846/376/829 847/379/830
f 825/107/278 824/370/809 839/378/823 840/109/293
f 818/373/803 644/380/33 833/381/817
f 652/382/105 832/371/816 847/379/830
f 826/359/810 825/107/278 840/109/293 841/383/824
f 819/361/804 818/373/803 833/381/817 834/384/818
f 827/763/811 826/359/810 841/383/824 842/771/825
f 820/362/805 819/361/804 834/384/818 835/386/819
f 828/764/812 827/763/811 842/771/825 843/772/826
f 821/364/806 820/362/805 835/386/819 836/388/820
f 829/765/813 828/764/812 843/772/826 844/768/827
f 822/766/807 821/364/806 836/388/820 837/769/821
f 834/384/818 833/381/817 848/404/831 849/391/832
f 842/771/825 841/383/824 856/406/838 857/393/839
f 835/386/819 834/384/818 849/391/832 850/392/833
f 843/772/826 842/771/825 857/393/839 858/773/840
f 836/388/820 835/386/819 850/392/833 851/395/834
f 844/768/827 843/772/826 858/773/840 859/396/841
f 837/769/821 836/388/820 851/395/834 852/774/835
f 845/375/828 844/768/827 859/396/841 860/398/842
f 838/770/822 837/769/821 852/774/835 853/775/836
f 846/376/829 845/375/828 860/398/842 861/400/843
f 839/378/823 838/770/822 853/775/836 854/401/837
f 847/379/830 846/376/829 861/400/843 862/402/844
f 840/109/293 839/378/823 854/401/837 855/111/308
f 833/381/817 644/403/33 848/404/831
f 652/405/105 847/379/830 862/402/844
f 841/383/824 840/109/293 855/111/308 856/406/838
f 853/775/836 852/774/835 867/776/849 868/777/850
f 861/400/843 860/398/842 875/422/856 876/409/857
f 854/401/837 853/775/836 868/777/850 869/408/851
f 862/402/844 861/400/843 876/409/857 877/410/858
f 855/111/308 854/401/837 869/408/851 870/113/323
f 848/404/831 644/411/33 863/412/845
f 652/413/105 862/402/844 877/410/858
f 856/406/838 855/111/308 870/113/323 871/414/852
f 849/391/832 848/404/831 863/412/845 864/415/846
f 857/393/839 856/406/838 871/414/852 872/416/853
f 850/392/833 849/391/832 864/415/846 865/417/847
f 858/773/840 857/393/839 872/416/853 873/778/854
f 851/395/834 850/392/833 865/417/847 866/779/848
f 859/396/841 858/773/840 873/778/854 874/420/855
f 852/774/835 851/395/834 866/779/848 867/776/849
f 860/398/842 859/396/841 874/420/855 875/422/856
f 872/416/853 871/414/852 886/780/866 887/423/867
f 865/417/847 864/415/846 879/781/860 880/425/861
f 873/778/854 872/416/853 887/423/867 888/782/868
f 866/779/848 865/417/847 880/425/861 881/783/862
f 874/420/855 873/778/854 888/782/868 889/427/869
f 867/776/849 866/779/848 881/783/862 882/784/863
f 875/422/856 874/420/855 889/427/869 890/429/870
f 868/777/850 867/776/849 882/784/863 883/430/864
f 876/409/857 875/422/856 890/429/870 891/785/871
f 869/408/851 868/777/850 883/430/864 884/786/865
f 877/410/858 876/409/857 891/785/871 892/787/872
f 870/113/323 869/408/851 884/786/865 885/115/338
f 863/412/845 644/434/33 878/788/859
f 652/436/105 877/410/858 892/787/872
f 871/414/852 870/113/323 885/115/338 886/780/866
f 864/415/846 863/412/845 878/788/859 879/781/860
f 891/785/871 890/429/870 905/453/884 906/439/885
f 884/786/865 883/430/864 898/454/878 899/441/879
f 892/787/872 891/785/871 906/439/885 907/440/886
f 885/115/338 884/786/865 899/441/879 900/117/353
f 878/788/859 644/442/33 893/443/873
f 652/444/105 892/787/872 907/440/886
f 886/780/866 885/115/338 900/117/353 901/445/880
f 879/781/860 878/788/859 893/443/873 894/446/874
f 887/423/867 886/780/866 901/445/880 902/447/881
f 880/425/861 879/781/860 894/446/874 895/448/875
f 888/782/868 887/423/867 902/447/881 903/789/882
f 881/783/862 880/425/861 895/448/875 896/790/876
f 889/427/869 888/782/868 903/789/882 904/451/883
f 882/784/863 881/783/862 896/790/876 897/791/877
f 890/429/870 889/427/869 904/451/883 905/453/884
f 883/430/864 882/784/863 897/791/877 898/454/878
f 903/789/882 902/447/881 917/470/895 918/792/896
f 896/790/876 895/448/875 910/793/889 911/794/890
f 904/451/883 903/789/882 918/792/896 919/458/897
f 897/791/877 896/790/876 911/794/890 912/795/891
f 905/453/884 904/451/883 919/458/897 920/796/898
f 898/454/878 897/791/877 912/795/891 913/461/892
f 906/439/885 905/453/884 920/796/898 921/797/899
f 899/441/879 898/454/878 913/461/892 914/463/893
f 907/440/886 906/439/885 921/797/899 922/464/900
f 900/117/353 899/441/879 914/463/893 915/119/368
f 893/443/873 644/465/33 908/466/887
f 652/467/105 907/440/886 922/464/900
f 901/445/880 900/117/353 915/119/368 916/468/894
f 894/446/874 893/443/873 908/466/887 909/798/888
f 902/447/881 901/445/880 916/468/894 917/470/895
f 895/448/875 894/446/874 909/798/888 910/793/889
f 922/464/900 921/797/899 936/487/913 937/799/914
f 915/119/368 914/463/893 929/471/907 930/472/383
f 908/466/887 644/473/33 923/800/901
f 652/475/105 922/464/900 937/799/914
f 916/468/894 915/119/368 930/472/383 931/477/908
f 909/798/888 908/466/887 923/800/901 924/478/902
f 917/470/895 916/468/894 931/477/908 932/479/909
f 910/793/889 909/798/888 924/478/902 925/801/903
f 918/792/896 917/470/895 932/479/909 933/802/910
f 911/794/890 910/793/889 925/801/903 926/803/904
f 919/458/897 918/792/896 933/802/910 934/483/911
f 912/795/891 911/794/890 926/803/904 927/804/905
f 920/796/898 919/458/897 934/483/911 935/805/912
f 913/461/892 912/795/891 927/804/905 928/486/906
f 921/797/899 920/796/898 935/805/912 936/487/913
f 914/463/893 913/461/892 928/486/906 929/471/907
f 926/803/904 925/801/903 940/806/917 941/807/918
f 934/483/911 933/802/910 948/808/924 949/489/925
f 927/804/905 926/803/904 941/807/918 942/809/919
f 935/805/912 934/483/911 949/489/925 950/810/926
f 928/486/906 927/804/905 942/809/919 943/811/920
f 936/487/913 935/805/912 950/810/926 951/494/927
f 929/471/907 928/486/906 943/811/920 944/495/921
f 937/799/914 936/487/913 951/494/927 952/496/928
f 930/472/383 929/471/907 944/495/921 945/123/398
f 923/800/901 644/497/33 938/498/915
f 652/499/105 937/799/914 952/496/928
f 931/477/908 930/472/383 945/123/398 946/500/922
f 924/478/902 923/800/901 938/498/915 939/501/916
f 932/479/909 931/477/908 946/500/922 947/812/923
f 925/801/903 924/478/902 939/501/916 940/806/917
f 933/802/910 932/479/909 947/812/923 948/808/924
f 945/123/398 944/495/921 959/519/935 960/125/413
f 938/498/915 644/520/33 953/508/929
f 652/504/105 952/496/928 967/505/942
f 946/500/922 945/123/398 960/125/413 961/507/936
f 939/501/916 938/498/915 953/508/929 954/509/930
f 947/812/923 946/500/922 961/507/936 962/510/937
f 940/806/917 939/501/916 954/509/930 955/813/931
f 948/808/924 947/812/923 962/510/937 963/814/938
f 941/807/918 940/806/917 955/813/931 956/815/932
f 949/489/925 948/808/924 963/814/938 964/514/939
f 942/809/919 941/807/918 956/815/932 957/816/933
f 950/810/926 949/489/925 964/514/939 965/817/940
f 943/811/920 942/809/919 957/816/933 958/517/934
f 951/494/927 950/810/926 965/817/940 966/518/941
f 944/495/921 943/811/920 958/517/934 959/519/935
f 952/496/928 951/494/927 966/518/941 967/505/942
f 964/514/939 963/814/938 978/818/952 979/819/953
f 957/816/933 956/815/932 971/820/946 972/821/947
f 965/817/940 964/514/939 979/819/953 980/822/954
f 958/517/934 957/816/933 972/821/947 973/524/948
f 966/518/941 965/817/940 980/822/954 981/525/955
f 959/519/935 958/517/934 973/524/948 974/526/949
f 967/505/942 966/518/941 981/525/955 982/823/956
f 960/125/413 959/519/935 974/526/949 975/127/428
f 953/508/929 644/529/33 968/824/943
f 652/531/105 967/505/942 982/823/956
f 961/507/936 960/125/413 975/127/428 976/532/950
f 954/509/930 953/508/929 968/824/943 969/533/944
f 962/510/937 961/507/936 976/532/950 977/534/951
f 955/813/931 954/509/930 969/533/944 970/825/945
f 963/814/938 962/510/937 977/534/951 978/818/952
f 956/815/932 955/813/931 970/825/945 971/820/946
f 968/824/943 644/826/33 983/538/957
f 652/827/105 982/823/956 997/551/970
f 976/532/950 975/127/428 990/151/443 991/540/964
f 969/533/944 968/824/943 983/538/957 984/539/958
f 977/534/951 976/532/950 991/540/964 992/541/965
f 970/825/945 969/533/944 984/539/958 985/828/959
f 978/818/952 977/534/951 992/541/965 993/829/966
f 971/820/946 970/825/945 985/828/959 986/544/960
f 979/819/953 978/818/952 993/829/966 994/830/967
f 972/821/947 971/820/946 986/544/960 987/831/961
f 980/822/954 979/819/953 994/830/967 995/832/968
f 973/524/948 972/821/947 987/831/961 988/548/962
f 981/525/955 980/822/954 995/832/968 996/549/969
f 974/526/949 973/524/948 988/548/962 989/550/963
f 982/823/956 981/525/955 996/549/969 997/551/970
f 975/127/428 974/526/949 989/550/963 990/151/443
f 987/831/961 986/544/960 1001/568/974 1002/833/975
f 995/832/968 994/830/967 1009/834/981 1010/835/982
f 988/548/962 987/831/961 1002/833/975 1003/555/976
f 996/549/969 995/832/968 1010/835/982 1011/557/983
f 989/550/963 988/548/962 1003/555/976 1004/558/977
f 997/551/970 996/549/969 1011/557/983 1012/559/984
f 990/151/443 989/550/963 1004/558/977 1005/153/458
f 983/538/957 644/560/33 998/561/971
f 652/562/105 997/551/970 1012/559/984
f 991/540/964 990/151/443 1005/153/458 1006/563/978
f 984/539/958 983/538/957 998/561/971 999/564/972
f 992/541/965 991/540/964 1006/563/978 1007/565/979
f 985/828/959 984/539/958 999/564/972 1000/836/973
f 993/829/966 992/541/965 1007/565/979 1008/837/980
f 986/544/960 985/828/959 1000/836/973 1001/568/974
f 994/830/967 993/829/966 1008/837/980 1009/834/981
f 1006/571/978 1005/66/458 1020/69/473 1021/838/992
f 999/575/972 998/596/971 1013/839/985 1014/840/986
f 1007/570/979 1006/571/978 1021/838/992 1022/573/993
f 1000/841/973 999/575/972 1014/840/986 1015/842/987
f 1008/843/980 1007/570/979 1022/573/993 1023/844/994
f 1001/580/974 1000/841/973 1015/842/987 1016/581/988
f 1009/845/981 1008/843/980 1023/844/994 1024/846/995
f 1002/847/975 1001/580/974 1016/581/988 1017/848/989
f 1010/849/982 1009/845/981 1024/846/995 1025/850/996
f 1003/588/976 1002/847/975 1017/848/989 1018/589/990
f 1011/590/983 1010/849/982 1025/850/996 1026/851/997
f 1004/592/977 1003/588/976 1018/589/990 1019/852/991
f 1012/594/984 1011/590/983 1026/851/997 1027/853/998
f 1005/66/458 1004/592/977 1019/852/991 1020/69/473
f 998/596/971 644/597/33 1013/839/985
f 652/599/105 1012/594/984 1027/853/998
f 1025/850/996 1024/846/995 1039/854/1009 1040/855/1010
f 1018/589/990 1017/848/989 1032/856/1003 1033/602/1004
f 1026/851/997 1025/850/996 1040/855/1010 1041/601/1011
f 1019/852/991 1018/589/990 1033/602/1004 1034/603/1005
f 1027/853/998 1026/851/997 1041/601/1011 1042/604/1012
f 1020/69/473 1019/852/991 1034/603/1005 1035/71/488
f 1013/839/985 644/605/33 1028/606/999
f 652/607/105 1027/853/998 1042/604/1012
f 1021/838/992 1020/69/473 1035/71/488 1036/608/1006
f 1014/840/986 1013/839/985 1028/606/999 1029/609/1000
f 1022/573/993 1021/838/992 1036/608/1006 1037/610/1007
f 1015/842/987 1014/840/986 1029/609/1000 1030/857/1001
f 1023/844/994 1022/573/993 1037/610/1007 1038/858/1008
f 1016/581/988 1015/842/987 1030/857/1001 1031/859/1002
f 1024/846/995 1023/844/994 1038/858/1008 1039/854/1009
f 1017/848/989 1016/581/988 1031/859/1002 1032/856/1003
f 1037/610/1007 1036/608/1006 1051/631/1020 1052/618/1021
f 1030/857/1001 1029/609/1000 1044/616/1014 1045/860/1015
f 1038/858/1008 1037/610/1007 1052/618/1021 1053/861/1022
f 1031/859/1002 1030/857/1001 1045/860/1015 1046/620/1016
f 1039/854/1009 1038/858/1008 1053/861/1022 1054/621/1023
f 1032/856/1003 1031/859/1002 1046/620/1016 1047/862/1017
f 1040/855/1010 1039/854/1009 1054/621/1023 1055/863/1024
f 1033/602/1004 1032/856/1003 1047/862/1017 1048/624/1018
f 1041/601/1011 1040/855/1010 1055/863/1024 1056/625/1025
f 1034/603/1005 1033/602/1004 1048/624/1018 1049/626/1019
f 1042/604/1012 1041/601/1011 1056/625/1025 1057/627/1026
f 1035/71/488 1034/603/1005 1049/626/1019 1050/73/503
f 1028/606/999 644/628/33 1043/629/1013
f 652/630/105 1042/604/1012 1057/627/1026
f 1036/608/1006 1035/71/488 1050/73/503 1051/631/1020
f 1029/609/1000 1028/606/999 1043/629/1013 1044/616/1014
f 1056/625/1025 1055/863/1024 1070/864/1038 1071/865/1039
f 1049/626/1019 1048/624/1018 1063/632/1032 1064/866/1033
f 1057/627/1026 1056/625/1025 1071/865/1039 1072/635/1040
f 1050/73/503 1049/626/1019 1064/866/1033 1065/75/518
f 1043/629/1013 644/636/33 1058/637/1027
f 652/638/105 1057/627/1026 1072/635/1040
f 1051/631/1020 1050/73/503 1065/75/518 1066/639/1034
f 1044/616/1014 1043/629/1013 1058/637/1027 1059/867/1028
f 1052/618/1021 1051/631/1020 1066/639/1034 1067/641/1035
f 1045/860/1015 1044/616/1014 1059/867/1028 1060/868/1029
f 1053/861/1022 1052/618/1021 1067/641/1035 1068/869/1036
f 1046/620/1016 1045/860/1015 1060/868/1029 1061/644/1030
f 1054/621/1023 1053/861/1022 1068/869/1036 1069/645/1037
f 1047/862/1017 1046/620/1016 1061/644/1030 1062/870/1031
f 1055/863/1024 1054/621/1023 1069/645/1037 1070/864/1038
f 1048/624/1018 1047/862/1017 1062/870/1031 1063/632/1032
f 1060/868/1029 1059/867/1028 1074/663/1042 1075/871/1043
f 1068/869/1036 1067/641/1035 1082/648/1049 1083/872/1050
f 1061/644/1030 1060/868/1029 1075/871/1043 1076/873/1044
f 1069/645/1037 1068/869/1036 1083/872/1050 1084/874/1051
f 1062/870/1031 1061/644/1030 1076/873/1044 1077/875/1045
f 1070/864/1038 1069/645/1037 1084/874/1051 1085/876/1052
f 1063/632/1032 1062/870/1031 1077/875/1045 1078/655/1046
f 1071/865/1039 1070/864/1038 1085/876/1052 1086/656/1053
f 1064/866/1033 1063/632/1032 1078/655/1046 1079/657/1047
f 1072/635/1040 1071/865/1039 1086/656/1053 1087/658/1054
f 1065/75/518 1064/866/1033 1079/657/1047 1080/77/533
f 1058/637/1027 644/659/33 1073/660/1041
f 652/661/105 1072/635/1040 1087/658/1054
f 1066/639/1034 1065/75/518 1080/77/533 1081/662/1048
f 1059/867/1028 1058/637/1027 1073/660/1041 1074/663/1042
f 1067/641/1035 1066/639/1034 1081/662/1048 1082/648/1049
f 1079/657/1047 1078/655/1046 1093/877/1060 1094/666/1061
f 1087/658/1054 1086/656/1053 1101/664/1067 1102/665/1068
f 1080/77/533 1079/657/1047 1094/666/1061 1095/79/548
f 1073/660/1041 644/667/33 1088/668/1055
f 652/669/105 1087/658/1054 1102/665/1068
f 1081/662/1048 1080/77/533 1095/79/548 1096/670/1062
f 1074/663/1042 1073/660/1041 1088/668/1055 1089/671/1056
f 1082/648/1049 1081/662/1048 1096/670/1062 1097/878/1063
f 1075/871/1043 1074/663/1042 1089/671/1056 1090/879/1057
f 1083/872/1050 1082/648/1049 1097/878/1063 1098/880/1064
f 1076/873/1044 1075/871/1043 1090/879/1057 1091/675/1058
f 1084/874/1051 1083/872/1050 1098/880/1064 1099/676/1065
f 1077/875/1045 1076/873/1044 1091/675/1058 1092/881/1059
f 1085/876/1052 1084/874/1051 1099/676/1065 1100/882/1066
f 1078/655/1046 1077/875/1045 1092/881/1059 1093/877/1060
f 1086/656/1053 1085/876/1052 1100/882/1066 1101/664/1067
f 1098/880/1064 1097/878/1063 1112/883/1077 1113/884/1078
f 1091/675/1058 1090/879/1057 1105/885/1071 1106/682/1072
f 1099/676/1065 1098/880/1064 1113/884/1078 1114/681/1079
f 1092/881/1059 1091/675/1058 1106/682/1072 1107/886/1073
f 1100/882/1066 1099/676/1065 1114/681/1079 1115/887/1080
f 1093/877/1060 1092/881/1059 1107/886/1073 1108/888/1074
f 1101/664/1067 1100/882/1066 1115/887/1080 1116/686/1081
f 1094/666/1061 1093/877/1060 1108/888/1074 1109/687/1075
f 1102/665/1068 1101/664/1067 1116/686/1081 1117/688/1082
f 1095/79/548 1094/666/1061 1109/687/1075 1110/81/563
f 1088/668/1055 644/689/33 1103/690/1069
f 652/691/105 1102/665/1068 1117/688/1082
f 1096/670/1062 1095/79/548 1110/81/563 1111/692/1076
f 1089/671/1056 1088/668/1055 1103/690/1069 1104/693/1070
f 1097/878/1063 1096/670/1062 1111/692/1076 1112/883/1077
f 1090/879/1057 1089/671/1056 1104/693/1070 1105/885/1071
f 1117/688/1082 1116/686/1081 1124/725/1089 1125/175/1090
f 1110/81/563 1109/687/1075 1120/169/1085 649/83/575
f 1103/690/1069 644/696/33 645/171/643
f 652/697/105 1117/688/1082 1125/175/1090
f 1111/692/1076 1110/81/563 649/83/575 1121/177/1086
f 1104/693/1070 1103/690/1069 645/171/643 1118/726/1083
f 1112/883/1077 1111/692/1076 1121/177/1086 650/181/647
f 1105/885/1071 1104/693/1070 1118/726/1083 646/727/644
f 1113/884/1078 1112/883/1077 650/181/647 1122/728/1087
f 1106/682/1072 1105/885/1071 646/727/644 647/187/645
f 1114/681/1079 1113/884/1078 1122/728/1087 651/189/648
f 1107/886/1073 1106/682/1072 647/187/645 1119/729/1084
f 1115/887/1080 1114/681/1079 651/189/648 1123/730/1088
f 1108/888/1074 1107/886/1073 1119/729/1084 648/195/646
f 1116/686/1081 1115/887/1080 1123/730/1088 1124/725/1089
f 1109/687/1075 1108/888/1074 648/195/646 1120/169/1085
f 1136/889/1099 1607/197/1538 1151/198/1112 1152/890/1113
f 1132/83/575 1131/891/1095 1144/170/1106 1145/85/113
f 1127/892/1091 1126/172/33 1138/893/1100
f 1137/174/105 1136/889/1099 1152/890/1113
f 1133/177/1096 1132/83/575 1145/85/113 1146/178/1107
f 1603/894/1534 1127/892/1091 1138/893/1100 1139/180/1101
f 1605/895/1536 1133/177/1096 1146/178/1107 1147/182/1108
f 1128/727/1092 1603/894/1534 1139/180/1101 1140/184/1102
f 1134/185/1097 1605/895/1536 1147/182/1108 1148/186/1109
f 1129/896/1093 1128/727/1092 1140/184/1102 1141/897/1103
f 1606/898/1537 1134/185/1097 1148/186/1109 1149/190/1110
f 1604/729/1535 1129/896/1093 1141/897/1103 1142/192/1104
f 1135/193/1098 1606/898/1537 1149/190/1110 1150/194/1111
f 1130/195/1094 1604/729/1535 1142/192/1104 1143/899/1105
f 1607/197/1538 1135/193/1098 1150/194/1111 1151/198/1112
f 1131/891/1095 1130/195/1094 1143/899/1105 1144/170/1106
f 1151/198/1112 1150/194/1111 1165/199/1125 1166/200/1126
f 1144/170/1106 1143/899/1105 1158/731/1119 1159/202/1120
f 1152/890/1113 1151/198/1112 1166/200/1126 1167/900/1127
f 1145/85/113 1144/170/1106 1159/202/1120 1160/87/128
f 1138/893/1100 1126/204/33 1153/901/1114
f 1137/206/105 1152/890/1113 1167/900/1127
f 1146/178/1107 1145/85/113 1160/87/128 1161/207/1121
f 1139/180/1101 1138/893/1100 1153/901/1114 1154/208/1115
f 1147/182/1108 1146/178/1107 1161/207/1121 1162/209/1122
f 1140/184/1102 1139/180/1101 1154/208/1115 1155/210/1116
f 1148/186/1109 1147/182/1108 1162/209/1122 1163/211/1123
f 1141/897/1103 1140/184/1102 1155/210/1116 1156/212/1117
f 1149/190/1110 1148/186/1109 1163/211/1123 1164/213/1124
f 1142/192/1104 1141/897/1103 1156/212/1117 1157/214/1118
f 1150/194/1111 1149/190/1110 1164/213/1124 1165/199/1125
f 1143/899/1105 1142/192/1104 1157/214/1118 1158/731/1119
f 1155/210/1116 1154/208/1115 1169/230/1129 1170/217/1130
f 1163/211/1123 1162/209/1122 1177/215/1136 1178/216/1137
f 1156/212/1117 1155/210/1116 1170/217/1130 1171/733/1131
f 1164/213/1124 1163/211/1123 1178/216/1137 1179/219/1138
f 1157/214/1118 1156/212/1117 1171/733/1131 1172/220/1132
f 1165/199/1125 1164/213/1124 1179/219/1138 1180/221/1139
f 1158/731/1119 1157/214/1118 1172/220/1132 1173/222/1133
f 1166/200/1126 1165/199/1125 1180/221/1139 1181/223/1140
f 1159/202/1120 1158/731/1119 1173/222/1133 1174/224/1134
f 1167/900/1127 1166/200/1126 1181/223/1140 1182/902/1141
f 1160/87/128 1159/202/1120 1174/224/1134 1175/89/143
f 1153/901/1114 1126/226/33 1168/903/1128
f 1137/228/105 1167/900/1127 1182/902/1141
f 1161/207/1121 1160/87/128 1175/89/143 1176/229/1135
f 1154/208/1115 1153/901/1114 1168/903/1128 1169/230/1129
f 1162/209/1122 1161/207/1121 1176/229/1135 1177/215/1136
f 1174/224/1134 1173/222/1133 1188/246/1147 1189/233/1148
f 1182/902/1141 1181/223/1140 1196/231/1154 1197/904/1155
f 1175/89/143 1174/224/1134 1189/233/1148 1190/91/158
f 1168/903/1128 1126/234/33 1183/905/1142
f 1137/236/105 1182/902/1141 1197/904/1155
f 1176/229/1135 1175/89/143 1190/91/158 1191/237/1149
f 1169/230/1129 1168/903/1128 1183/905/1142 1184/238/1143
f 1177/215/1136 1176/229/1135 1191/237/1149 1192/239/1150
f 1170/217/1130 1169/230/1129 1184/238/1143 1185/240/1144
f 1178/216/1137 1177/215/1136 1192/239/1150 1193/734/1151
f 1171/733/1131 1170/217/1130 1185/240/1144 1186/242/1145
f 1179/219/1138 1178/216/1137 1193/734/1151 1194/243/1152
f 1172/220/1132 1171/733/1131 1186/242/1145 1187/735/1146
f 1180/221/1139 1179/219/1138 1194/243/1152 1195/245/1153
f 1173/222/1133 1172/220/1132 1187/735/1146 1188/246/1147
f 1181/223/1140 1180/221/1139 1195/245/1153 1196/231/1154
f 1193/734/1151 1192/239/1150 1207/262/1164 1208/249/1165
f 1186/242/1145 1185/240/1144 1200/247/1158 1201/248/1159
f 1194/243/1152 1193/734/1151 1208/249/1165 1209/250/1166
f 1187/735/1146 1186/242/1145 1201/248/1159 1202/737/1160
f 1195/245/1153 1194/243/1152 1209/250/1166 1210/252/1167
f 1188/246/1147 1187/735/1146 1202/737/1160 1203/253/1161
f 1196/231/1154 1195/245/1153 1210/252/1167 1211/906/1168
f 1189/233/1148 1188/246/1147 1203/253/1161 1204/255/1162
f 1197/904/1155 1196/231/1154 1211/906/1168 1212/907/1169
f 1190/91/158 1189/233/1148 1204/255/1162 1205/93/173
f 1183/905/1142 1126/257/33 1198/908/1156
f 1137/259/105 1197/904/1155 1212/907/1169
f 1191/237/1149 1190/91/158 1205/93/173 1206/260/1163
f 1184/238/1143 1183/905/1142 1198/908/1156 1199/261/1157
f 1192/239/1150 1191/237/1149 1206/260/1163 1207/262/1164
f 1185/240/1144 1184/238/1143 1199/261/1157 1200/247/1158
f 1212/907/1169 1211/906/1168 1226/278/1182 1227/267/1183
f 1205/93/173 1204/255/1162 1219/263/1176 1220/95/188
f 1198/908/1156 1126/264/33 1213/265/1170
f 1137/266/105 1212/907/1169 1227/267/1183
f 1206/260/1163 1205/93/173 1220/95/188 1221/268/1177
f 1199/261/1157 1198/908/1156 1213/265/1170 1214/269/1171
f 1207/262/1164 1206/260/1163 1221/268/1177 1222/909/1178
f 1200/247/1158 1199/261/1157 1214/269/1171 1215/910/1172
f 1208/249/1165 1207/262/1164 1222/909/1178 1223/272/1179
f 1201/248/1159 1200/247/1158 1215/910/1172 1216/273/1173
f 1209/250/1166 1208/249/1165 1223/272/1179 1224/274/1180
f 1202/737/1160 1201/248/1159 1216/273/1173 1217/740/1174
f 1210/252/1167 1209/250/1166 1224/274/1180 1225/276/1181
f 1203/253/1161 1202/737/1160 1217/740/1174 1218/277/1175
f 1211/906/1168 1210/252/1167 1225/276/1181 1226/278/1182
f 1204/255/1162 1203/253/1161 1218/277/1175 1219/263/1176
f 1216/273/1173 1215/910/1172 1230/911/1186 1231/281/1187
f 1224/274/1180 1223/272/1179 1238/279/1193 1239/742/1194
f 1217/740/1174 1216/273/1173 1231/281/1187 1232/743/1188
f 1225/276/1181 1224/274/1180 1239/742/1194 1240/283/1195
f 1218/277/1175 1217/740/1174 1232/743/1188 1233/912/1189
f 1226/278/1182 1225/276/1181 1240/283/1195 1241/285/1196
f 1219/263/1176 1218/277/1175 1233/912/1189 1234/286/1190
f 1227/267/1183 1226/278/1182 1241/285/1196 1242/287/1197
f 1220/95/188 1219/263/1176 1234/286/1190 1235/97/203
f 1213/265/1170 1126/288/33 1228/289/1184
f 1137/290/105 1227/267/1183 1242/287/1197
f 1221/268/1177 1220/95/188 1235/97/203 1236/291/1191
f 1214/269/1171 1213/265/1170 1228/289/1184 1229/292/1185
f 1222/909/1178 1221/268/1177 1236/291/1191 1237/913/1192
f 1215/910/1172 1214/269/1171 1229/292/1185 1230/911/1186
f 1223/272/1179 1222/909/1178 1237/913/1192 1238/279/1193
f 1235/97/203 1234/286/1190 1249/310/1204 1250/99/218
f 1228/289/1184 1126/295/33 1243/914/1198
f 1137/297/105 1242/287/1197 1257/915/1211
f 1236/291/1191 1235/97/203 1250/99/218 1251/299/1205
f 1229/292/1185 1228/289/1184 1243/914/1198 1244/746/1199
f 1237/913/1192 1236/291/1191 1251/299/1205 1252/916/1206
f 1230/911/1186 1229/292/1185 1244/746/1199 1245/917/1200
f 1238/279/1193 1237/913/1192 1252/916/1206 1253/303/1207
f 1231/281/1187 1230/911/1186 1245/917/1200 1246/747/1201
f 1239/742/1194 1238/279/1193 1253/303/1207 1254/748/1208
f 1232/743/1188 1231/281/1187 1246/747/1201 1247/749/1202
f 1240/283/1195 1239/742/1194 1254/748/1208 1255/307/1209
f 1233/912/1189 1232/743/1188 1247/749/1202 1248/918/1203
f 1241/285/1196 1240/283/1195 1255/307/1209 1256/919/1210
f 1234/286/1190 1233/912/1189 1248/918/1203 1249/310/1204
f 1242/287/1197 1241/285/1196 1256/919/1210 1257/915/1211
f 1254/748/1208 1253/303/1207 1268/326/1221 1269/751/1222
f 1247/749/1202 1246/747/1201 1261/752/1215 1262/920/1216
f 1255/307/1209 1254/748/1208 1269/751/1222 1270/314/1223
f 1248/918/1203 1247/749/1202 1262/920/1216 1263/921/1217
f 1256/919/1210 1255/307/1209 1270/314/1223 1271/316/1224
f 1249/310/1204 1248/918/1203 1263/921/1217 1264/317/1218
f 1257/915/1211 1256/919/1210 1271/316/1224 1272/318/1225
f 1250/99/218 1249/310/1204 1264/317/1218 1265/101/233
f 1243/914/1198 1126/319/33 1258/320/1212
f 1137/321/105 1257/915/1211 1272/318/1225
f 1251/299/1205 1250/99/218 1265/101/233 1266/322/1219
f 1244/746/1199 1243/914/1198 1258/320/1212 1259/323/1213
f 1252/916/1206 1251/299/1205 1266/322/1219 1267/922/1220
f 1245/917/1200 1244/746/1199 1259/323/1213 1260/923/1214
f 1253/303/1207 1252/916/1206 1267/922/1220 1268/326/1221
f 1246/747/1201 1245/917/1200 1260/923/1214 1261/752/1215
f 1137/924/105 1272/318/1225 1287/925/1239
f 1266/322/1219 1265/101/233 1280/103/248 1281/327/1233
f 1259/323/1213 1258/320/1212 1273/926/1226 1274/754/1227
f 1267/922/1220 1266/322/1219 1281/327/1233 1282/927/1234
f 1260/923/1214 1259/323/1213 1274/754/1227 1275/928/1228
f 1268/326/1221 1267/922/1220 1282/927/1234 1283/332/1235
f 1261/752/1215 1260/923/1214 1275/928/1228 1276/333/1229
f 1269/751/1222 1268/326/1221 1283/332/1235 1284/929/1236
f 1262/920/1216 1261/752/1215 1276/333/1229 1277/758/1230
f 1270/314/1223 1269/751/1222 1284/929/1236 1285/336/1237
f 1263/921/1217 1262/920/1216 1277/758/1230 1278/930/1231
f 1271/316/1224 1270/314/1223 1285/336/1237 1286/759/1238
f 1264/317/1218 1263/921/1217 1278/930/1231 1279/339/1232
f 1272/318/1225 1271/316/1224 1286/759/1238 1287/925/1239
f 1265/101/233 1264/317/1218 1279/339/1232 1280/103/248
f 1258/320/1212 1126/931/33 1273/926/1226
f 1285/336/1237 1284/929/1236 1299/761/1250 1300/344/1251
f 1278/930/1231 1277/758/1230 1292/760/1244 1293/932/1245
f 1286/759/1238 1285/336/1237 1300/344/1251 1301/347/1252
f 1279/339/1232 1278/930/1231 1293/932/1245 1294/348/1246
f 1287/925/1239 1286/759/1238 1301/347/1252 1302/349/1253
f 1280/103/248 1279/339/1232 1294/348/1246 1295/105/263
f 1273/926/1226 1126/350/33 1288/351/1240
f 1137/352/105 1287/925/1239 1302/349/1253
f 1281/327/1233 1280/103/248 1295/105/263 1296/353/1247
f 1274/754/1227 1273/926/1226 1288/351/1240 1289/354/1241
f 1282/927/1234 1281/327/1233 1296/353/1247 1297/933/1248
f 1275/928/1228 1274/754/1227 1289/354/1241 1290/934/1242
f 1283/332/1235 1282/927/1234 1297/933/1248 1298/935/1249
f 1276/333/1229 1275/928/1228 1290/934/1242 1291/358/1243
f 1284/929/1236 1283/332/1235 1298/935/1249 1299/761/1250
f 1277/758/1230 1276/333/1229 1291/358/1243 1292/760/1244
f 1289/354/1241 1288/351/1240 1303/373/1254 1304/361/1255
f 1297/933/1248 1296/353/1247 1311/359/1261 1312/360/1262
f 1290/934/1242 1289/354/1241 1304/361/1255 1305/936/1256
f 1298/935/1249 1297/933/1248 1312/360/1262 1313/764/1263
f 1291/358/1243 1290/934/1242 1305/936/1256 1306/364/1257
f 1299/761/1250 1298/935/1249 1313/764/1263 1314/765/1264
f 1292/760/1244 1291/358/1243 1306/364/1257 1307/766/1258
f 1300/344/1251 1299/761/1250 1314/765/1264 1315/367/1265
f 1293/932/1245 1292/760/1244 1307/766/1258 1308/368/1259
f 1301/347/1252 1300/344/1251 1315/367/1265 1316/369/1266
f 1294/348/1246 1293/932/1245 1308/368/1259 1309/370/1260
f 1302/349/1253 1301/347/1252 1316/369/1266 1317/371/1267
f 1295/105/263 1294/348/1246 1309/370/1260 1310/107/278
f 1288/351/1240 1126/372/33 1303/373/1254
f 1137/374/105 1302/349/1253 1317/371/1267
f 1296/353/1247 1295/105/263 1310/107/278 1311/359/1261
f 1308/368/1259 1307/766/1258 1322/937/1272 1323/377/1273
f 1316/369/1266 1315/367/1265 1330/375/1279 1331/376/1280
f 1309/370/1260 1308/368/1259 1323/377/1273 1324/378/1274
f 1317/371/1267 1316/369/1266 1331/376/1280 1332/379/1281
f 1310/107/278 1309/370/1260 1324/378/1274 1325/109/293
f 1303/373/1254 1126/380/33 1318/381/1268
f 1137/382/105 1317/371/1267 1332/379/1281
f 1311/359/1261 1310/107/278 1325/109/293 1326/383/1275
f 1304/361/1255 1303/373/1254 1318/381/1268 1319/384/1269
f 1312/360/1262 1311/359/1261 1326/383/1275 1327/385/1276
f 1305/936/1256 1304/361/1255 1319/384/1269 1320/938/1270
f 1313/764/1263 1312/360/1262 1327/385/1276 1328/772/1277
f 1306/364/1257 1305/936/1256 1320/938/1270 1321/388/1271
f 1314/765/1264 1313/764/1263 1328/772/1277 1329/768/1278
f 1307/766/1258 1306/364/1257 1321/388/1271 1322/937/1272
f 1315/367/1265 1314/765/1264 1329/768/1278 1330/375/1279
f 1327/385/1276 1326/383/1275 1341/406/1289 1342/393/1290
f 1320/938/1270 1319/384/1269 1334/939/1283 1335/940/1284
f 1328/772/1277 1327/385/1276 1342/393/1290 1343/773/1291
f 1321/388/1271 1320/938/1270 1335/940/1284 1336/941/1285
f 1329/768/1278 1328/772/1277 1343/773/1291 1344/396/1292
f 1322/937/1272 1321/388/1271 1336/941/1285 1337/942/1286
f 1330/375/1279 1329/768/1278 1344/396/1292 1345/398/1293
f 1323/377/1273 1322/937/1272 1337/942/1286 1338/399/1287
f 1331/376/1280 1330/375/1279 1345/398/1293 1346/400/1294
f 1324/378/1274 1323/377/1273 1338/399/1287 1339/401/1288
f 1332/379/1281 1331/376/1280 1346/400/1294 1347/402/1295
f 1325/109/293 1324/378/1274 1339/401/1288 1340/111/308
f 1318/381/1268 1126/943/33 1333/404/1282
f 1137/944/105 1332/379/1281 1347/402/1295
f 1326/383/1275 1325/109/293 1340/111/308 1341/406/1289
f 1319/384/1269 1318/381/1268 1333/404/1282 1334/939/1283
f 1346/400/1294 1345/398/1293 1360/945/1307 1361/409/1308
f 1339/401/1288 1338/399/1287 1353/407/1301 1354/408/1302
f 1347/402/1295 1346/400/1294 1361/409/1308 1362/946/1309
f 1340/111/308 1339/401/1288 1354/408/1302 1355/113/323
f 1333/404/1282 1126/411/33 1348/947/1296
f 1137/413/105 1347/402/1295 1362/946/1309
f 1341/406/1289 1340/111/308 1355/113/323 1356/414/1303
f 1334/939/1283 1333/404/1282 1348/947/1296 1349/948/1297
f 1342/393/1290 1341/406/1289 1356/414/1303 1357/416/1304
f 1335/940/1284 1334/939/1283 1349/948/1297 1350/949/1298
f 1343/773/1291 1342/393/1290 1357/416/1304 1358/778/1305
f 1336/941/1285 1335/940/1284 1350/949/1298 1351/779/1299
f 1344/396/1292 1343/773/1291 1358/778/1305 1359/420/1306
f 1337/942/1286 1336/941/1285 1351/779/1299 1352/950/1300
f 1345/398/1293 1344/396/1292 1359/420/1306 1360/945/1307
f 1338/399/1287 1337/942/1286 1352/950/1300 1353/407/1301
f 1350/949/1298 1349/948/1297 1364/951/1311 1365/952/1312
f 1358/778/1305 1357/416/1304 1372/953/1318 1373/954/1319
f 1351/779/1299 1350/949/1298 1365/952/1312 1366/955/1313
f 1359/420/1306 1358/778/1305 1373/954/1319 1374/956/1320
f 1352/950/1300 1351/779/1299 1366/955/1313 1367/957/1314
f 1360/945/1307 1359/420/1306 1374/956/1320 1375/958/1321
f 1353/407/1301 1352/950/1300 1367/957/1314 1368/959/1315
f 1361/409/1308 1360/945/1307 1375/958/1321 1376/785/1322
f 1354/408/1302 1353/407/1301 1368/959/1315 1369/432/1316
f 1362/946/1309 1361/409/1308 1376/785/1322 1377/787/1323
f 1355/113/323 1354/408/1302 1369/432/1316 1370/960/338
f 1348/947/1296 1126/434/33 1363/788/1310
f 1137/436/105 1362/946/1309 1377/787/1323
f 1356/414/1303 1355/113/323 1370/960/338 1371/437/1317
f 1349/948/1297 1348/947/1296 1363/788/1310 1364/951/1311
f 1357/416/1304 1356/414/1303 1371/437/1317 1372/953/1318
f 1369/432/1316 1368/959/1315 1383/454/1329 1384/441/1330
f 1377/787/1323 1376/785/1322 1391/439/1336 1392/440/1337
f 1370/960/338 1369/432/1316 1384/441/1330 1385/117/353
f 1363/788/1310 1126/961/33 1378/443/1324
f 1137/962/105 1377/787/1323 1392/440/1337
f 1371/437/1317 1370/960/338 1385/117/353 1386/445/1331
f 1364/951/1311 1363/788/1310 1378/443/1324 1379/963/1325
f 1372/953/1318 1371/437/1317 1386/445/1331 1387/447/1332
f 1365/952/1312 1364/951/1311 1379/963/1325 1380/964/1326
f 1373/954/1319 1372/953/1318 1387/447/1332 1388/789/1333
f 1366/955/1313 1365/952/1312 1380/964/1326 1381/790/1327
f 1374/956/1320 1373/954/1319 1388/789/1333 1389/965/1334
f 1367/957/1314 1366/955/1313 1381/790/1327 1382/452/1328
f 1375/958/1321 1374/956/1320 1389/965/1334 1390/966/1335
f 1368/959/1315 1367/957/1314 1382/452/1328 1383/454/1329
f 1376/785/1322 1375/958/1321 1390/966/1335 1391/439/1336
f 1388/789/1333 1387/447/1332 1402/470/1346 1403/792/1347
f 1381/790/1327 1380/964/1326 1395/967/1340 1396/968/1341
f 1389/965/1334 1388/789/1333 1403/792/1347 1404/969/1348
f 1382/452/1328 1381/790/1327 1396/968/1341 1397/970/1342
f 1390/966/1335 1389/965/1334 1404/969/1348 1405/971/1349
f 1383/454/1329 1382/452/1328 1397/970/1342 1398/461/1343
f 1391/439/1336 1390/966/1335 1405/971/1349 1406/797/1350
f 1384/441/1330 1383/454/1329 1398/461/1343 1399/463/1344
f 1392/440/1337 1391/439/1336 1406/797/1350 1407/972/1351
f 1385/117/353 1384/441/1330 1399/463/1344 1400/119/368
f 1378/443/1324 1126/973/33 1393/974/1338
f 1137/975/105 1392/440/1337 1407/972/1351
f 1386/445/1331 1385/117/353 1400/119/368 1401/468/1345
f 1379/963/1325 1378/443/1324 1393/974/1338 1394/976/1339
f 1387/447/1332 1386/445/1331 1401/468/1345 1402/470/1346
f 1380/964/1326 1379/963/1325 1394/976/1339 1395/967/1340
f 1407/972/1351 1406/797/1350 1421/487/1364 1422/799/1365
f 1400/119/368 1399/463/1344 1414/471/1358 1415/977/383
f 1393/974/1338 1126/473/33 1408/800/1352
f 1137/475/105 1407/972/1351 1422/799/1365
f 1401/468/1345 1400/119/368 1415/977/383 1416/477/1359
f 1394/976/1339 1393/974/1338 1408/800/1352 1409/978/1353
f 1402/470/1346 1401/468/1345 1416/477/1359 1417/479/1360
f 1395/967/1340 1394/976/1339 1409/978/1353 1410/480/1354
f 1403/792/1347 1402/470/1346 1417/479/1360 1418/802/1361
f 1396/968/1341 1395/967/1340 1410/480/1354 1411/803/1355
f 1404/969/1348 1403/792/1347 1418/802/1361 1419/979/1362
f 1397/970/1342 1396/968/1341 1411/803/1355 1412/484/1356
f 1405/971/1349 1404/969/1348 1419/979/1362 1420/485/1363
f 1398/461/1343 1397/970/1342 1412/484/1356 1413/486/1357
f 1406/797/1350 1405/971/1349 1420/485/1363 1421/487/1364
f 1399/463/1344 1398/461/1343 1413/486/1357 1414/471/1358
f 1419/979/1362 1418/802/1361 1433/980/1375 1434/981/1376
f 1412/484/1356 1411/803/1355 1426/982/1369 1427/983/1370
f 1420/485/1363 1419/979/1362 1434/981/1376 1435/492/1377
f 1413/486/1357 1412/484/1356 1427/983/1370 1428/493/1371
f 1421/487/1364 1420/485/1363 1435/492/1377 1436/984/1378
f 1414/471/1358 1413/486/1357 1428/493/1371 1429/985/1372
f 1422/799/1365 1421/487/1364 1436/984/1378 1437/986/1379
f 1415/977/383 1414/471/1358 1429/985/1372 1430/123/398
f 1408/800/1352 1126/987/33 1423/988/1366
f 1137/989/105 1422/799/1365 1437/986/1379
f 1416/477/1359 1415/977/383 1430/123/398 1431/990/1373
f 1409/978/1353 1408/800/1352 1423/988/1366 1424/991/1367
f 1417/479/1360 1416/477/1359 1431/990/1373 1432/502/1374
f 1410/480/1354 1409/978/1353 1424/991/1367 1425/503/1368
f 1418/802/1361 1417/479/1360 1432/502/1374 1433/980/1375
f 1411/803/1355 1410/480/1354 1425/503/1368 1426/982/1369
f 1423/988/1366 1126/992/33 1438/993/1380
f 1137/994/105 1437/986/1379 1452/995/1393
f 1431/990/1373 1430/123/398 1445/125/413 1446/507/1387
f 1424/991/1367 1423/988/1366 1438/993/1380 1439/996/1381
f 1432/502/1374 1431/990/1373 1446/507/1387 1447/510/1388
f 1425/503/1368 1424/991/1367 1439/996/1381 1440/997/1382
f 1433/980/1375 1432/502/1374 1447/510/1388 1448/998/1389
f 1426/982/1369 1425/503/1368 1440/997/1382 1441/815/1383
f 1434/981/1376 1433/980/1375 1448/998/1389 1449/999/1390
f 1427/983/1370 1426/982/1369 1441/815/1383 1442/515/1384
f 1435/492/1377 1434/981/1376 1449/999/1390 1450/1000/1391
f 1428/493/1371 1427/983/1370 1442/515/1384 1443/517/1385
f 1436/984/1378 1435/492/1377 1450/1000/1391 1451/518/1392
f 1429/985/1372 1428/493/1371 1443/517/1385 1444/519/1386
f 1437/986/1379 1436/984/1378 1451/518/1392 1452/995/1393
f 1430/123/398 1429/985/1372 1444/519/1386 1445/125/413
f 1442/515/1384 1441/815/1383 1456/820/1397 1457/523/1398
f 1450/1000/1391 1449/999/1390 1464/819/1404 1465/522/1405
f 1443/517/1385 1442/515/1384 1457/523/1398 1458/524/1399
f 1451/518/1392 1450/1000/1391 1465/522/1405 1466/525/1406
f 1444/519/1386 1443/517/1385 1458/524/1399 1459/526/1400
f 1452/995/1393 1451/518/1392 1466/525/1406 1467/823/1407
f 1445/125/413 1444/519/1386 1459/526/1400 1460/127/428
f 1438/993/1380 1126/1001/33 1453/824/1394
f 1137/1002/105 1452/995/1393 1467/823/1407
f 1446/507/1387 1445/125/413 1460/127/428 1461/532/1401
f 1439/996/1381 1438/993/1380 1453/824/1394 1454/1003/1395
f 1447/510/1388 1446/507/1387 1461/532/1401 1462/1004/1402
f 1440/997/1382 1439/996/1381 1454/1003/1395 1455/535/1396
f 1448/998/1389 1447/510/1388 1462/1004/1402 1463/818/1403
f 1441/815/1383 1440/997/1382 1455/535/1396 1456/820/1397
f 1449/999/1390 1448/998/1389 1463/818/1403 1464/819/1404
f 1461/532/1401 1460/127/428 1475/1005/443 1476/1006/1415
f 1454/1003/1395 1453/824/1394 1468/1007/1408 1469/1008/1409
f 1462/1004/1402 1461/532/1401 1476/1006/1415 1477/1009/1416
f 1455/535/1396 1454/1003/1395 1469/1008/1409 1470/542/1410
f 1463/818/1403 1462/1004/1402 1477/1009/1416 1478/1010/1417
f 1456/820/1397 1455/535/1396 1470/542/1410 1471/1011/1411
f 1464/819/1404 1463/818/1403 1478/1010/1417 1479/1012/1418
f 1457/523/1398 1456/820/1397 1471/1011/1411 1472/1013/1412
f 1465/522/1405 1464/819/1404 1479/1012/1418 1480/547/1419
f 1458/524/1399 1457/523/1398 1472/1013/1412 1473/548/1413
f 1466/525/1406 1465/522/1405 1480/547/1419 1481/549/1420
f 1459/526/1400 1458/524/1399 1473/548/1413 1474/1014/1414
f 1467/823/1407 1466/525/1406 1481/549/1420 1482/1015/1421
f 1460/127/428 1459/526/1400 1474/1014/1414 1475/1005/443
f 1453/824/1394 1126/826/33 1468/1007/1408
f 1137/827/105 1467/823/1407 1482/1015/1421
f 1480/547/1419 1479/1012/1418 1494/834/1432 1495/556/1433
f 1473/548/1413 1472/1013/1412 1487/554/1426 1488/555/1427
f 1481/549/1420 1480/547/1419 1495/556/1433 1496/557/1434
f 1474/1014/1414 1473/548/1413 1488/555/1427 1489/1016/1428
f 1482/1015/1421 1481/549/1420 1496/557/1434 1497/559/1435
f 1475/1005/443 1474/1014/1414 1489/1016/1428 1490/153/458
f 1468/1007/1408 1126/1017/33 1483/561/1422
f 1137/1018/105 1482/1015/1421 1497/559/1435
f 1476/1006/1415 1475/1005/443 1490/153/458 1491/563/1429
f 1469/1008/1409 1468/1007/1408 1483/561/1422 1484/1019/1423
f 1477/1009/1416 1476/1006/1415 1491/563/1429 1492/1020/1430
f 1470/542/1410 1469/1008/1409 1484/1019/1423 1485/566/1424
f 1478/1010/1417 1477/1009/1416 1492/1020/1430 1493/837/1431
f 1471/1011/1411 1470/542/1410 1485/566/1424 1486/1021/1425
f 1479/1012/1418 1478/1010/1417 1493/837/1431 1494/834/1432
f 1472/1013/1412 1471/1011/1411 1486/1021/1425 1487/554/1426
f 1484/1022/1423 1483/596/1422 1498/839/1436 1499/1023/1437
f 1492/1024/1430 1491/571/1429 1506/572/1443 1507/1025/1444
f 1485/574/1424 1484/1022/1423 1499/1023/1437 1500/577/1438
f 1493/843/1431 1492/1024/1430 1507/1025/1444 1508/844/1445
f 1486/1026/1425 1485/574/1424 1500/577/1438 1501/1027/1439
f 1494/845/1432 1493/843/1431 1508/844/1445 1509/846/1446
f 1487/584/1426 1486/1026/1425 1501/1027/1439 1502/585/1440
f 1495/586/1433 1494/845/1432 1509/846/1446 1510/587/1447
f 1488/588/1427 1487/584/1426 1502/585/1440 1503/589/1441
f 1496/590/1434 1495/586/1433 1510/587/1447 1511/591/1448
f 1489/1028/1428 1488/588/1427 1503/589/1441 1504/1029/1442
f 1497/594/1435 1496/590/1434 1511/591/1448 1512/853/1449
f 1490/66/458 1489/1028/1428 1504/1029/1442 1505/1030/473
f 1483/596/1422 1126/597/33 1498/839/1436
f 1137/599/105 1497/594/1435 1512/853/1449
f 1491/571/1429 1490/66/458 1505/1030/473 1506/572/1443
f 1503/589/1441 1502/585/1440 1517/1031/1454 1518/602/1455
f 1511/591/1448 1510/587/1447 1525/600/1461 1526/601/1462
f 1504/1029/1442 1503/589/1441 1518/602/1455 1519/1032/1456
f 1512/853/1449 1511/591/1448 1526/601/1462 1527/1033/1463
f 1505/1030/473 1504/1029/1442 1519/1032/1456 1520/71/488
f 1498/839/1436 1126/1034/33 1513/1035/1450
f 1137/1036/105 1512/853/1449 1527/1033/1463
f 1506/572/1443 1505/1030/473 1520/71/488 1521/1037/1457
f 1499/1023/1437 1498/839/1436 1513/1035/1450 1514/1038/1451
f 1507/1025/1444 1506/572/1443 1521/1037/1457 1522/1039/1458
f 1500/577/1438 1499/1023/1437 1514/1038/1451 1515/611/1452
f 1508/844/1445 1507/1025/1444 1522/1039/1458 1523/1040/1459
f 1501/1027/1439 1500/577/1438 1515/611/1452 1516/1041/1453
f 1509/846/1446 1508/844/1445 1523/1040/1459 1524/1042/1460
f 1502/585/1440 1501/1027/1439 1516/1041/1453 1517/1031/1454
f 1510/587/1447 1509/846/1446 1524/1042/1460 1525/600/1461
f 1522/1039/1458 1521/1037/1457 1536/631/1471 1537/1043/1472
f 1515/611/1452 1514/1038/1451 1529/1044/1465 1530/1045/1466
f 1523/1040/1459 1522/1039/1458 1537/1043/1472 1538/861/1473
f 1516/1041/1453 1515/611/1452 1530/1045/1466 1531/620/1467
f 1524/1042/1460 1523/1040/1459 1538/861/1473 1539/621/1474
f 1517/1031/1454 1516/1041/1453 1531/620/1467 1532/1046/1468
f 1525/600/1461 1524/1042/1460 1539/621/1474 1540/1047/1475
f 1518/602/1455 1517/1031/1454 1532/1046/1468 1533/624/1469
f 1526/601/1462 1525/600/1461 1540/1047/1475 1541/625/1476
f 1519/1032/1456 1518/602/1455 1533/624/1469 1534/1048/1470
f 1527/1033/1463 1526/601/1462 1541/625/1476 1542/1049/1477
f 1520/71/488 1519/1032/1456 1534/1048/1470 1535/73/503
f 1513/1035/1450 1126/1050/33 1528/1051/1464
f 1137/1052/105 1527/1033/1463 1542/1049/1477
f 1521/1037/1457 1520/71/488 1535/73/503 1536/631/1471
f 1514/1038/1451 1513/1035/1450 1528/1051/1464 1529/1044/1465
f 1541/625/1476 1540/1047/1475 1555/1053/1489 1556/634/1490
f 1534/1048/1470 1533/624/1469 1548/632/1483 1549/1054/1484
f 1542/1049/1477 1541/625/1476 1556/634/1490 1557/1055/1491
f 1535/73/503 1534/1048/1470 1549/1054/1484 1550/1056/518
f 1528/1051/1464 1126/1057/33 1543/1058/1478
f 1137/1059/105 1542/1049/1477 1557/1055/1491
f 1536/631/1471 1535/73/503 1550/1056/518 1551/1060/1485
f 1529/1044/1465 1528/1051/1464 1543/1058/1478 1544/1061/1479
f 1537/1043/1472 1536/631/1471 1551/1060/1485 1552/1062/1486
f 1530/1045/1466 1529/1044/1465 1544/1061/1479 1545/1063/1480
f 1538/861/1473 1537/1043/1472 1552/1062/1486 1553/869/1487
f 1531/620/1467 1530/1045/1466 1545/1063/1480 1546/644/1481
f 1539/621/1474 1538/861/1473 1553/869/1487 1554/645/1488
f 1532/1046/1468 1531/620/1467 1546/644/1481 1547/1064/1482
f 1540/1047/1475 1539/621/1474 1554/645/1488 1555/1053/1489
f 1533/624/1469 1532/1046/1468 1547/1064/1482 1548/632/1483
f 1553/869/1487 1552/1062/1486 1567/1065/1500 1568/1066/1501
f 1546/644/1481 1545/1063/1480 1560/1067/1494 1561/873/1495
f 1554/645/1488 1553/869/1487 1568/1066/1501 1569/874/1502
f 1547/1064/1482 1546/644/1481 1561/873/1495 1562/1068/1496
f 1555/1053/1489 1554/645/1488 1569/874/1502 1570/1069/1503
f 1548/632/1483 1547/1064/1482 1562/1068/1496 1563/1070/1497
f 1556/634/1490 1555/1053/1489 1570/1069/1503 1571/656/1504
f 1549/1054/1484 1548/632/1483 1563/1070/1497 1564/1071/1498
f 1557/1055/1491 1556/634/1490 1571/656/1504 1572/1072/1505
f 1550/1056/518 1549/1054/1484 1564/1071/1498 1565/1073/533
f 1543/1058/1478 1126/1074/33 1558/1075/1492
f 1137/1076/105 1557/1055/1491 1572/1072/1505
f 1551/1060/1485 1550/1056/518 1565/1073/533 1566/1077/1499
f 1544/1061/1479 1543/1058/1478 1558/1075/1492 1559/1078/1493
f 1552/1062/1486 1551/1060/1485 1566/1077/1499 1567/1065/1500
f 1545/1063/1480 1544/1061/1479 1559/1078/1493 1560/1067/1494
f 1572/1072/1505 1571/656/1504 1586/664/1518 1587/1079/1519
f 1565/1073/533 1564/1071/1498 1579/1080/1512 1580/79/548
f 1558/1075/1492 1126/1081/33 1573/1082/1506
f 1137/1083/105 1572/1072/1505 1587/1079/1519
f 1566/1077/1499 1565/1073/533 1580/79/548 1581/1084/1513
f 1559/1078/1493 1558/1075/1492 1573/1082/1506 1574/1085/1507
f 1567/1065/1500 1566/1077/1499 1581/1084/1513 1582/1086/1514
f 1560/1067/1494 1559/1078/1493 1574/1085/1507 1575/1087/1508
f 1568/1066/1501 1567/1065/1500 1582/1086/1514 1583/1088/1515
f 1561/873/1495 1560/1067/1494 1575/1087/1508 1576/1089/1509
f 1569/874/1502 1568/1066/1501 1583/1088/1515 1584/1090/1516
f 1562/1068/1496 1561/873/1495 1576/1089/1509 1577/1091/1510
f 1570/1069/1503 1569/874/1502 1584/1090/1516 1585/1092/1517
f 1563/1070/1497 1562/1068/1496 1577/1091/1510 1578/679/1511
f 1571/656/1504 1570/1069/1503 1585/1092/1517 1586/664/1518
f 1564/1071/1498 1563/1070/1497 1578/679/1511 1579/1080/1512
f 1576/1089/1509 1575/1087/1508 1590/1093/1522 1591/682/1523
f 1584/1090/1516 1583/1088/1515 1598/1094/1529 1599/681/1530
f 1577/1091/1510 1576/1089/1509 1591/682/1523 1592/886/1524
f 1585/1092/1517 1584/1090/1516 1599/681/1530 1600/1095/1531
f 1578/679/1511 1577/1091/1510 1592/886/1524 1593/888/1525
f 1586/664/1518 1585/1092/1517 1600/1095/1531 1601/686/1532
f 1579/1080/1512 1578/679/1511 1593/888/1525 1594/1096/1526
f 1587/1079/1519 1586/664/1518 1601/686/1532 1602/1097/1533
f 1580/79/548 1579/1080/1512 1594/1096/1526 1595/1098/563
f 1573/1082/1506 1126/1099/33 1588/1100/1520
f 1137/1101/105 1587/1079/1519 1602/1097/1533
f 1581/1084/1513 1580/79/548 1595/1098/563 1596/1102/1527
f 1574/1085/1507 1573/1082/1506 1588/1100/1520 1589/1103/1521
f 1582/1086/1514 1581/1084/1513 1596/1102/1527 1597/1104/1528
f 1575/1087/1508 1574/1085/1507 1589/1103/1521 1590/1093/1522
f 1583/1088/1515 1582/1086/1514 1597/1104/1528 1598/1094/1529
f 1595/1098/563 1594/1096/1526 1131/891/1095 1132/83/575
f 1588/1100/1520 1126/1105/33 1127/892/1091
f 1137/1106/105 1602/1097/1533 1136/889/1099
f 1596/1102/1527 1595/1098/563 1132/83/575 1133/177/1096
f 1589/1103/1521 1588/1100/1520 1127/892/1091 1603/894/1534
f 1597/1104/1528 1596/1102/1527 1133/177/1096 1605/895/1536
f 1590/1093/1522 1589/1103/1521 1603/894/1534 1128/727/1092
f 1598/1094/1529 1597/1104/1528 1605/895/1536 1134/185/1097
f 1591/682/1523 1590/1093/1522 1128/727/1092 1129/896/1093
f 1599/681/1530 1598/1094/1529 1134/185/1097 1606/898/1537
f 1592/886/1524 1591/682/1523 1129/896/1093 1604/729/1535
f 1600/1095/1531 1599/681/1530 1606/898/1537 1135/193/1098
f 1593/888/1525 1592/886/1524 1604/729/1535 1130/195/1094
f 1601/686/1532 1600/1095/1531 1135/193/1098 1607/197/1538
f 1594/1096/1526 1593/888/1525 1130/195/1094 1131/891/1095
f 1602/1097/1533 1601/686/1532 1607/197/1538 1136/889/1099
f 1608/698/1539 1640/2/1571 1609/3/1540
f 1609/3/1540 1640/2/1571 1610/4/1541
f 1610/4/1541 1640/2/1571 1611/712/1542
f 1611/712/1542 1640/2/1571 1612/6/1543
f 1612/6/1543 1640/2/1571 1613/711/1544
f 1613/711/1544 1640/2/1571 1614/8/1545
f 1614/8/1545 1640/2/1571 1615/9/1546
f 1615/9/1546 1640/2/1571 1616/710/1547
f 1616/710/1547 1640/2/1571 1617/11/1548
f 1617/11/1548 1640/2/1571 1618/12/1549
f 1618/12/1549 1640/2/1571 1619/709/1550
f 1619/709/1550 1640/2/1571 1620/708/1551
f 1620/708/1551 1640/2/1571 1621/707/1552
f 1621/707/1552 1640/2/1571 1622/16/1553
f 1622/16/1553 1640/2/1571 1623/141/1554
f 1623/141/1554 1640/2/1571 1624/706/1555
f 1624/706/1555 1640/2/1571 1625/139/1556
f 1625/139/1556 1640/2/1571 1626/20/1557
f 1626/20/1557 1640/2/1571 1627/705/1558
f 1627/705/1558 1640/2/1571 1628/704/1559
f 1628/704/1559 1640/2/1571 1629/703/1560
f 1629/703/1560 1640/2/1571 1630/24/1561
f 1630/24/1561 1640/2/1571 1631/134/1562
f 1631/134/1562 1640/2/1571 1632/702/1563
f 1632/702/1563 1640/2/1571 1633/132/1564
f 1633/132/1564 1640/2/1571 1634/28/1565
f 1634/28/1565 1640/2/1571 1635/701/1566
f 1635/701/1566 1640/2/1571 1636/700/1567
f 1636/700/1567 1640/2/1571 1637/699/1568
f 1637/699/1568 1640/2/1571 1638/32/1569
f 1608/713/1539 1609/34/1540 1610/35/1541 1611/714/1542 1612/37/1543 1613/715/1544 1614/39/1545 1615/40/1546 1616/41/1547 1617/42/1548 1618/43/1549 1619/716/1550 1620/717/1551 1621/718/1552 1622/47/1553 1623/160/1554 1624/719/1555 1625/162/1556 1626/51/1557 1627/720/1558 1628/721/1559 1629/722/1560 1630/55/1561 1631/56/1562 1632/57/1563 1633/58/1564 1634/59/1565 1635/723/1566 1636/61/1567 1637/724/1568 1638/63/1569 1639/64/1570
f 1638/32/1569 1640/2/1571 1639/65/1570
f 1639/65/1570 1640/2/1571 1608/698/1539
f 1641/66/1572 1642/67/1573 1644/68/1575 1643/69/1574
f 1643/69/1574 1644/68/1575 1646/70/1577 1645/71/1576
f 1645/71/1576 1646/70/1577 1648/72/1579 1647/73/1578
f 1647/73/1578 1648/72/1579 1650/74/1581 1649/75/1580
f 1649/75/1580 1650/74/1581 1652/76/1583 1651/77/1582
f 1651/77/1582 1652/76/1583 1654/78/1585 1653/79/1584
f 1653/79/1584 1654/78/1585 1656/80/1587 1655/81/1586
f 1655/81/1586 1656/80/1587 1658/82/1589 1657/83/1588
f 1657/83/1588 1658/82/1589 1660/84/1591 1659/85/1590
f 1659/85/1590 1660/84/1591 1662/86/1593 1661/87/1592
f 1661/87/1592 1662/86/1593 1664/88/1595 1663/89/1594
f 1663/89/1594 1664/88/1595 1666/90/1597 1665/91/1596
f 1665/91/1596 1666/90/1597 1668/92/1599 1667/93/1598
f 1667/93/1598 1668/92/1599 1670/94/1601 1669/95/1600
f 1669/95/1600 1670/94/1601 1672/96/1603 1671/97/1602
f 1671/97/1602 1672/96/1603 1674/98/1605 1673/99/1604
f 1673/99/1604 1674/98/1605 1676/100/1607 1675/101/1606
f 1675/101/1606 1676/100/1607 1678/102/1609 1677/103/1608
f 1677/103/1608 1678/102/1609 1680/104/1611 1679/105/1610
f 1679/105/1610 1680/104/1611 1682/106/1613 1681/107/1612
f 1681/107/1612 1682/106/1613 1684/108/1615 1683/109/1614
f 1683/109/1614 1684/108/1615 1686/110/1617 1685/111/1616
f 1685/111/1616 1686/110/1617 1688/112/1619 1687/113/1618
f 1687/113/1618 1688/112/1619 1690/114/1621 1689/115/1620
f 1689/115/1620 1690/114/1621 1692/116/1623 1691/117/1622
f 1691/117/1622 1692/116/1623 1694/118/1625 1693/119/1624
f 1693/119/1624 1694/118/1625 1696/120/1627 1695/121/1626
f 1695/121/1626 1696/120/1627 1698/122/1629 1697/123/1628
f 1697/123/1628 1698/122/1629 1700/124/1631 1699/125/1630
f 1699/125/1630 1700/124/1631 1702/126/1633 1701/127/1632
f 1644/3/1575 1642/1/1573 1704/65/1635 1702/32/1633 1700/31/1631 1698/700/1629 1696/1107/1627 1694/28/1625 1692/132/1623 1690/26/1621 1688/134/1619 1686/24/1617 1684/1108/1615 1682/704/1613 1680/1109/1611 1678/20/1609 1676/139/1607 1674/18/1605 1672/141/1603 1670/16/1601 1668/1110/1599 1666/708/1597 1664/13/1595 1662/12/1593 1660/11/1591 1658/10/1589 1656/9/1587 1654/8/1585 1652/7/1583 1650/6/1581 1648/5/1579 1646/4/1577
f 1701/127/1632 1702/126/1633 1704/150/1635 1703/151/1634
f 1703/151/1634 1704/150/1635 1642/152/1573 1641/153/1572
f 1641/33/1572 1643/34/1574 1645/35/1576 1647/36/1578 1649/37/1580 1651/38/1582 1653/39/1584 1655/40/1586 1657/41/1588 1659/42/1590 1661/43/1592 1663/44/1594 1665/717/1596 1667/1111/1598 1669/47/1600 1671/160/1602 1673/49/1604 1675/162/1606 1677/51/1608 1679/1112/1610 1681/721/1612 1683/54/1614 1685/55/1616 1687/56/1618 1689/57/1620 1691/58/1622 1693/59/1624 1695/60/1626 1697/61/1628 1699/62/1630 1701/63/1632 1703/64/1634
f 1714/193/1088 2184/1113/648 1727/190/659 1728/194/660
f 1708/195/646 2183/729/1084 1720/192/653 1721/196/654
f 2185/197/1089 1714/193/1088 1728/194/660 1729/1114/661
f 1709/891/1085 1708/195/646 1721/196/654 1722/170/655
f 2186/1115/1090 2185/197/1089 1729/1114/661 1730/890/662
f 1710/83/575 1709/891/1085 1722/170/655 1723/85/113
f 2181/1116/643 1705/1117/33 1716/893/649
f 1715/1118/105 2186/1115/1090 1730/890/662
f 1711/177/1086 1710/83/575 1723/85/113 1724/178/656
f 2182/894/1083 2181/1116/643 1716/893/649 1717/180/650
f 1712/181/647 1711/177/1086 1724/178/656 1725/182/657
f 1706/727/644 2182/894/1083 1717/180/650 1718/184/651
f 1713/185/1087 1712/181/647 1725/182/657 1726/186/658
f 1707/187/645 1706/727/644 1718/184/651 1719/188/652
f 2184/1113/648 1713/185/1087 1726/186/658 1727/190/659
f 2183/729/1084 1707/187/645 1719/188/652 1720/192/653
f 1727/190/659 1726/186/658 1741/211/672 1742/213/673
f 1720/192/653 1719/188/652 1734/212/666 1735/214/667
f 1728/194/660 1727/190/659 1742/213/673 1743/199/674
f 1721/196/654 1720/192/653 1735/214/667 1736/201/668
f 1729/1114/661 1728/194/660 1743/199/674 1744/1119/675
f 1722/170/655 1721/196/654 1736/201/668 1737/202/669
f 1730/890/662 1729/1114/661 1744/1119/675 1745/900/676
f 1723/85/113 1722/170/655 1737/202/669 1738/87/128
f 1716/893/649 1705/204/33 1731/901/663
f 1715/206/105 1730/890/662 1745/900/676
f 1724/178/656 1723/85/113 1738/87/128 1739/207/670
f 1717/180/650 1716/893/649 1731/901/663 1732/208/664
f 1725/182/657 1724/178/656 1739/207/670 1740/209/671
f 1718/184/651 1717/180/650 1732/208/664 1733/210/665
f 1726/186/658 1725/182/657 1740/209/671 1741/211/672
f 1719/188/652 1718/184/651 1733/210/665 1734/212/666
f 1731/901/663 1705/226/33 1746/903/677
f 1715/228/105 1745/900/676 1760/902/690
f 1739/207/670 1738/87/128 1753/89/143 1754/229/684
f 1732/208/664 1731/901/663 1746/903/677 1747/230/678
f 1740/209/671 1739/207/670 1754/229/684 1755/215/685
f 1733/210/665 1732/208/664 1747/230/678 1748/217/679
f 1741/211/672 1740/209/671 1755/215/685 1756/1120/686
f 1734/212/666 1733/210/665 1748/217/679 1749/218/680
f 1742/213/673 1741/211/672 1756/1120/686 1757/219/687
f 1735/214/667 1734/212/666 1749/218/680 1750/220/681
f 1743/199/674 1742/213/673 1757/219/687 1758/221/688
f 1736/201/668 1735/214/667 1750/220/681 1751/1121/682
f 1744/1119/675 1743/199/674 1758/221/688 1759/1122/689
f 1737/202/669 1736/201/668 1751/1121/682 1752/224/683
f 1745/900/676 1744/1119/675 1759/1122/689 1760/902/690
f 1738/87/128 1737/202/669 1752/224/683 1753/89/143
f 1750/220/681 1749/218/680 1764/1123/694 1765/735/695
f 1758/221/688 1757/219/687 1772/243/701 1773/245/702
f 1751/1121/682 1750/220/681 1765/735/695 1766/1124/696
f 1759/1122/689 1758/221/688 1773/245/702 1774/1125/703
f 1752/224/683 1751/1121/682 1766/1124/696 1767/233/697
f 1760/902/690 1759/1122/689 1774/1125/703 1775/904/704
f 1753/89/143 1752/224/683 1767/233/697 1768/91/158
f 1746/903/677 1705/234/33 1761/905/691
f 1715/236/105 1760/902/690 1775/904/704
f 1754/229/684 1753/89/143 1768/91/158 1769/237/698
f 1747/230/678 1746/903/677 1761/905/691 1762/238/692
f 1755/215/685 1754/229/684 1769/237/698 1770/239/699
f 1748/217/679 1747/230/678 1762/238/692 1763/240/693
f 1756/1120/686 1755/215/685 1770/239/699 1771/241/700
f 1749/218/680 1748/217/679 1763/240/693 1764/1123/694
f 1757/219/687 1756/1120/686 1771/241/700 1772/243/701
f 1769/237/698 1768/91/158 1783/93/173 1784/260/712
f 1762/238/692 1761/905/691 1776/908/705 1777/261/706
f 1770/239/699 1769/237/698 1784/260/712 1785/262/713
f 1763/240/693 1762/238/692 1777/261/706 1778/247/707
f 1771/241/700 1770/239/699 1785/262/713 1786/249/714
f 1764/1123/694 1763/240/693 1778/247/707 1779/248/708
f 1772/243/701 1771/241/700 1786/249/714 1787/250/715
f 1765/735/695 1764/1123/694 1779/248/708 1780/737/709
f 1773/245/702 1772/243/701 1787/250/715 1788/252/716
f 1766/1124/696 1765/735/695 1780/737/709 1781/1126/710
f 1774/1125/703 1773/245/702 1788/252/716 1789/906/717
f 1767/233/697 1766/1124/696 1781/1126/710 1782/255/711
f 1775/904/704 1774/1125/703 1789/906/717 1790/907/718
f 1768/91/158 1767/233/697 1782/255/711 1783/93/173
f 1761/905/691 1705/257/33 1776/908/705
f 1715/259/105 1775/904/704 1790/907/718
f 1788/252/716 1787/250/715 1802/274/729 1803/276/730
f 1781/1126/710 1780/737/709 1795/1127/723 1796/1128/724
f 1789/906/717 1788/252/716 1803/276/730 1804/278/731
f 1782/255/711 1781/1126/710 1796/1128/724 1797/263/725
f 1790/907/718 1789/906/717 1804/278/731 1805/1129/732
f 1783/93/173 1782/255/711 1797/263/725 1798/95/188
f 1776/908/705 1705/264/33 1791/1130/719
f 1715/266/105 1790/907/718 1805/1129/732
f 1784/260/712 1783/93/173 1798/95/188 1799/268/726
f 1777/261/706 1776/908/705 1791/1130/719 1792/269/720
f 1785/262/713 1784/260/712 1799/268/726 1800/270/727
f 1778/247/707 1777/261/706 1792/269/720 1793/271/721
f 1786/249/714 1785/262/713 1800/270/727 1801/272/728
f 1779/248/708 1778/247/707 1793/271/721 1794/273/722
f 1787/250/715 1786/249/714 1801/272/728 1802/274/729
f 1780/737/709 1779/248/708 1794/273/722 1795/1127/723
f 1792/269/720 1791/1130/719 1806/1131/733 1807/292/734
f 1800/270/727 1799/268/726 1814/291/740 1815/293/741
f 1793/271/721 1792/269/720 1807/292/734 1808/294/735
f 1801/272/728 1800/270/727 1815/293/741 1816/279/742
f 1794/273/722 1793/271/721 1808/294/735 1809/281/736
f 1802/274/729 1801/272/728 1816/279/742 1817/280/743
f 1795/1127/723 1794/273/722 1809/281/736 1810/1132/737
f 1803/276/730 1802/274/729 1817/280/743 1818/283/744
f 1796/1128/724 1795/1127/723 1810/1132/737 1811/284/738
f 1804/278/731 1803/276/730 1818/283/744 1819/285/745
f 1797/263/725 1796/1128/724 1811/284/738 1812/286/739
f 1805/1129/732 1804/278/731 1819/285/745 1820/1133/746
f 1798/95/188 1797/263/725 1812/286/739 1813/97/203
f 1791/1130/719 1705/288/33 1806/1131/733
f 1715/290/105 1805/1129/732 1820/1133/746
f 1799/268/726 1798/95/188 1813/97/203 1814/291/740
f 1811/284/738 1810/1132/737 1825/1134/751 1826/308/752
f 1819/285/745 1818/283/744 1833/307/758 1834/309/759
f 1812/286/739 1811/284/738 1826/308/752 1827/310/753
f 1820/1133/746 1819/285/745 1834/309/759 1835/1135/760
f 1813/97/203 1812/286/739 1827/310/753 1828/99/218
f 1806/1131/733 1705/295/33 1821/1136/747
f 1715/297/105 1820/1133/746 1835/1135/760
f 1814/291/740 1813/97/203 1828/99/218 1829/299/754
f 1807/292/734 1806/1131/733 1821/1136/747 1822/300/748
f 1815/293/741 1814/291/740 1829/299/754 1830/301/755
f 1808/294/735 1807/292/734 1822/300/748 1823/302/749
f 1816/279/742 1815/293/741 1830/301/755 1831/303/756
f 1809/281/736 1808/294/735 1823/302/749 1824/747/750
f 1817/280/743 1816/279/742 1831/303/756 1832/1137/757
f 1810/1132/737 1809/281/736 1824/747/750 1825/1134/751
f 1818/283/744 1817/280/743 1832/1137/757 1833/307/758
f 1830/301/755 1829/299/754 1844/322/768 1845/324/769
f 1823/302/749 1822/300/748 1837/323/762 1838/325/763
f 1831/303/756 1830/301/755 1845/324/769 1846/326/770
f 1824/747/750 1823/302/749 1838/325/763 1839/752/764
f 1832/1137/757 1831/303/756 1846/326/770 1847/1138/771
f 1825/1134/751 1824/747/750 1839/752/764 1840/920/765
f 1833/307/758 1832/1137/757 1847/1138/771 1848/314/772
f 1826/308/752 1825/1134/751 1840/920/765 1841/315/766
f 1834/309/759 1833/307/758 1848/314/772 1849/316/773
f 1827/310/753 1826/308/752 1841/315/766 1842/317/767
f 1835/1135/760 1834/309/759 1849/316/773 1850/1139/774
f 1828/99/218 1827/310/753 1842/317/767 1843/101/233
f 1821/1136/747 1705/319/33 1836/1140/761
f 1715/321/105 1835/1135/760 1850/1139/774
f 1829/299/754 1828/99/218 1843/101/233 1844/322/768
f 1822/300/748 1821/1136/747 1836/1140/761 1837/323/762
f 1849/316/773 1848/314/772 1863/336/786 1864/338/787
f 1842/317/767 1841/315/766 1856/337/780 1857/339/781
f 1850/1139/774 1849/316/773 1864/338/787 1865/1141/788
f 1843/101/233 1842/317/767 1857/339/781 1858/103/248
f 1836/1140/761 1705/341/33 1851/1142/775
f 1715/342/105 1850/1139/774 1865/1141/788
f 1844/322/768 1843/101/233 1858/103/248 1859/327/782
f 1837/323/762 1836/1140/761 1851/1142/775 1852/329/776
f 1845/324/769 1844/322/768 1859/327/782 1860/330/783
f 1838/325/763 1837/323/762 1852/329/776 1853/331/777
f 1846/326/770 1845/324/769 1860/330/783 1861/332/784
f 1839/752/764 1838/325/763 1853/331/777 1854/756/778
f 1847/1138/771 1846/326/770 1861/332/784 1862/1143/785
f 1840/920/765 1839/752/764 1854/756/778 1855/1144/779
f 1848/314/772 1847/1138/771 1862/1143/785 1863/336/786
f 1841/315/766 1840/920/765 1855/1144/779 1856/337/780
f 1861/332/784 1860/330/783 1875/355/797 1876/935/798
f 1854/756/778 1853/331/777 1868/356/791 1869/358/792
f 1862/1143/785 1861/332/784 1876/935/798 1877/343/799
f 1855/1144/779 1854/756/778 1869/358/792 1870/345/793
f 1863/336/786 1862/1143/785 1877/343/799 1878/344/800
f 1856/337/780 1855/1144/779 1870/345/793 1871/346/794
f 1864/338/787 1863/336/786 1878/344/800 1879/347/801
f 1857/339/781 1856/337/780 1871/346/794 1872/348/795
f 1865/1141/788 1864/338/787 1879/347/801 1880/1145/802
f 1858/103/248 1857/339/781 1872/348/795 1873/105/263
f 1851/1142/775 1705/1146/33 1866/1147/789
f 1715/1148/105 1865/1141/788 1880/1145/802
f 1859/327/782 1858/103/248 1873/105/263 1874/353/796
f 1852/329/776 1851/1142/775 1866/1147/789 1867/354/790
f 1860/330/783 1859/327/782 1874/353/796 1875/355/797
f 1853/331/777 1852/329/776 1867/354/790 1868/356/791
f 1880/1145/802 1879/347/801 1894/369/815 1895/1149/816
f 1873/105/263 1872/348/795 1887/370/809 1888/107/278
f 1866/1147/789 1705/1150/33 1881/1151/803
f 1715/1152/105 1880/1145/802 1895/1149/816
f 1874/353/796 1873/105/263 1888/107/278 1889/359/810
f 1867/354/790 1866/1147/789 1881/1151/803 1882/361/804
f 1875/355/797 1874/353/796 1889/359/810 1890/763/811
f 1868/356/791 1867/354/790 1882/361/804 1883/362/805
f 1876/935/798 1875/355/797 1890/763/811 1891/1153/812
f 1869/358/792 1868/356/791 1883/362/805 1884/364/806
f 1877/343/799 1876/935/798 1891/1153/812 1892/365/813
f 1870/345/793 1869/358/792 1884/364/806 1885/1154/807
f 1878/344/800 1877/343/799 1892/365/813 1893/367/814
f 1871/346/794 1870/345/793 1885/1154/807 1886/767/808
f 1879/347/801 1878/344/800 1893/367/814 1894/369/815
f 1872/348/795 1871/346/794 1886/767/808 1887/370/809
f 1884/364/806 1883/362/805 1898/386/819 1899/388/820
f 1892/365/813 1891/1153/812 1906/772/826 1907/389/827
f 1885/1154/807 1884/364/806 1899/388/820 1900/390/821
f 1893/367/814 1892/365/813 1907/389/827 1908/375/828
f 1886/767/808 1885/1154/807 1900/390/821 1901/770/822
f 1894/369/815 1893/367/814 1908/375/828 1909/376/829
f 1887/370/809 1886/767/808 1901/770/822 1902/378/823
f 1895/1149/816 1894/369/815 1909/376/829 1910/1155/1637
f 1888/107/278 1887/370/809 1902/378/823 1903/109/293
f 1881/1151/803 1705/1156/33 1896/1157/1636
f 1715/1158/105 1895/1149/816 1910/1155/1637
f 1889/359/810 1888/107/278 1903/109/293 1904/383/824
f 1882/361/804 1881/1151/803 1896/1157/1636 1897/384/818
f 1890/763/811 1889/359/810 1904/383/824 1905/771/825
f 1883/362/805 1882/361/804 1897/384/818 1898/386/819
f 1891/1153/812 1890/763/811 1905/771/825 1906/772/826
f 1903/109/293 1902/378/823 1917/401/837 1918/111/308
f 1896/1157/1636 1705/943/33 1911/1159/831
f 1715/944/105 1910/1155/1637 1925/1160/844
f 1904/383/824 1903/109/293 1918/111/308 1919/406/838
f 1897/384/818 1896/1157/1636 1911/1159/831 1912/391/832
f 1905/771/825 1904/383/824 1919/406/838 1920/1161/839
f 1898/386/819 1897/384/818 1912/391/832 1913/392/833
f 1906/772/826 1905/771/825 1920/1161/839 1921/773/840
f 1899/388/820 1898/386/819 1913/392/833 1914/395/834
f 1907/389/827 1906/772/826 1921/773/840 1922/1162/841
f 1900/390/821 1899/388/820 1914/395/834 1915/397/835
f 1908/375/828 1907/389/827 1922/1162/841 1923/398/842
f 1901/770/822 1900/390/821 1915/397/835 1916/775/836
f 1909/376/829 1908/375/828 1923/398/842 1924/400/843
f 1902/378/823 1901/770/822 1916/775/836 1917/401/837
f 1910/1155/1637 1909/376/829 1924/400/843 1925/1160/844
f 1922/1162/841 1921/773/840 1936/1163/854 1937/420/855
f 1915/397/835 1914/395/834 1929/419/848 1930/1164/849
f 1923/398/842 1922/1162/841 1937/420/855 1938/422/856
f 1916/775/836 1915/397/835 1930/1164/849 1931/777/850
f 1924/400/843 1923/398/842 1938/422/856 1939/409/857
f 1917/401/837 1916/775/836 1931/777/850 1932/408/851
f 1925/1160/844 1924/400/843 1939/409/857 1940/1165/858
f 1918/111/308 1917/401/837 1932/408/851 1933/113/323
f 1911/1159/831 1705/411/33 1926/1166/845
f 1715/413/105 1925/1160/844 1940/1165/858
f 1919/406/838 1918/111/308 1933/113/323 1934/414/852
f 1912/391/832 1911/1159/831 1926/1166/845 1927/415/846
f 1920/1161/839 1919/406/838 1934/414/852 1935/1167/853
f 1913/392/833 1912/391/832 1927/415/846 1928/417/847
f 1921/773/840 1920/1161/839 1935/1167/853 1936/1163/854
f 1914/395/834 1913/392/833 1928/417/847 1929/419/848
f 1926/1166/845 1705/434/33 1941/1168/859
f 1715/436/105 1940/1165/858 1955/1169/872
f 1934/414/852 1933/113/323 1948/115/338 1949/780/866
f 1927/415/846 1926/1166/845 1941/1168/859 1942/438/860
f 1935/1167/853 1934/414/852 1949/780/866 1950/1170/867
f 1928/417/847 1927/415/846 1942/438/860 1943/1171/861
f 1936/1163/854 1935/1167/853 1950/1170/867 1951/782/868
f 1929/419/848 1928/417/847 1943/1171/861 1944/1172/862
f 1937/420/855 1936/1163/854 1951/782/868 1952/1173/869
f 1930/1164/849 1929/419/848 1944/1172/862 1945/428/863
f 1938/422/856 1937/420/855 1952/1173/869 1953/1174/870
f 1931/777/850 1930/1164/849 1945/428/863 1946/1175/864
f 1939/409/857 1938/422/856 1953/1174/870 1954/431/871
f 1932/408/851 1931/777/850 1946/1175/864 1947/786/865
f 1940/1165/858 1939/409/857 1954/431/871 1955/1169/872
f 1933/113/323 1932/408/851 1947/786/865 1948/115/338
f 1945/428/863 1944/1172/862 1959/450/876 1960/1176/877
f 1953/1174/870 1952/1173/869 1967/451/883 1968/453/884
f 1946/1175/864 1945/428/863 1960/1176/877 1961/1177/878
f 1954/431/871 1953/1174/870 1968/453/884 1969/439/885
f 1947/786/865 1946/1175/864 1961/1177/878 1962/441/879
f 1955/1169/872 1954/431/871 1969/439/885 1970/1178/886
f 1948/115/338 1947/786/865 1962/441/879 1963/117/353
f 1941/1168/859 1705/442/33 1956/1179/873
f 1715/444/105 1955/1169/872 1970/1178/886
f 1949/780/866 1948/115/338 1963/117/353 1964/445/880
f 1942/438/860 1941/1168/859 1956/1179/873 1957/446/874
f 1950/1170/867 1949/780/866 1964/445/880 1965/1180/881
f 1943/1171/861 1942/438/860 1957/446/874 1958/448/875
f 1951/782/868 1950/1170/867 1965/1180/881 1966/1181/882
f 1944/1172/862 1943/1171/861 1958/448/875 1959/450/876
f 1952/1173/869 1951/782/868 1966/1181/882 1967/451/883
f 1964/445/880 1963/117/353 1978/119/368 1979/468/894
f 1957/446/874 1956/1179/873 1971/1182/887 1972/469/888
f 1965/1180/881 1964/445/880 1979/468/894 1980/1183/895
f 1958/448/875 1957/446/874 1972/469/888 1973/455/889
f 1966/1181/882 1965/1180/881 1980/1183/895 1981/1184/896
f 1959/450/876 1958/448/875 1973/455/889 1974/1185/890
f 1967/451/883 1966/1181/882 1981/1184/896 1982/1186/897
f 1960/1176/877 1959/450/876 1974/1185/890 1975/459/891
f 1968/453/884 1967/451/883 1982/1186/897 1983/460/898
f 1961/1177/878 1960/1176/877 1975/459/891 1976/1187/892
f 1969/439/885 1968/453/884 1983/460/898 1984/462/899
f 1962/441/879 1961/1177/878 1976/1187/892 1977/463/893
f 1970/1178/886 1969/439/885 1984/462/899 1985/1188/900
f 1963/117/353 1962/441/879 1977/463/893 1978/119/368
f 1956/1179/873 1705/973/33 1971/1182/887
f 1715/975/105 1970/1178/886 1985/1188/900
f 1983/460/898 1982/1186/897 1997/1189/911 1998/805/912
f 1976/1187/892 1975/459/891 1990/484/905 1991/1190/906
f 1984/462/899 1983/460/898 1998/805/912 1999/487/913
f 1977/463/893 1976/1187/892 1991/1190/906 1992/1191/907
f 1985/1188/900 1984/462/899 1999/487/913 2000/1192/914
f 1978/119/368 1977/463/893 1992/1191/907 1993/472/383
f 1971/1182/887 1705/473/33 1986/1193/901
f 1715/475/105 1985/1188/900 2000/1192/914
f 1979/468/894 1978/119/368 1993/472/383 1994/1194/908
f 1972/469/888 1971/1182/887 1986/1193/901 1987/478/902
f 1980/1183/895 1979/468/894 1994/1194/908 1995/1195/909
f 1973/455/889 1972/469/888 1987/478/902 1988/801/903
f 1981/1184/896 1980/1183/895 1995/1195/909 1996/481/910
f 1974/1185/890 1973/455/889 1988/801/903 1989/1196/904
f 1982/1186/897 1981/1184/896 1996/481/910 1997/1189/911
f 1975/459/891 1974/1185/890 1989/1196/904 1990/484/905
f 1995/1195/909 1994/1194/908 2009/500/922 2010/1197/923
f 1988/801/903 1987/478/902 2002/1198/916 2003/1199/917
f 1996/481/910 1995/1195/909 2010/1197/923 2011/488/924
f 1989/1196/904 1988/801/903 2003/1199/917 2004/1200/918
f 1997/1189/911 1996/481/910 2011/488/924 2012/1201/925
f 1990/484/905 1989/1196/904 2004/1200/918 2005/491/919
f 1998/805/912 1997/1189/911 2012/1201/925 2013/1202/926
f 1991/1190/906 1990/484/905 2005/491/919 2006/1203/920
f 1999/487/913 1998/805/912 2013/1202/926 2014/984/927
f 1992/1191/907 1991/1190/906 2006/1203/920 2007/495/921
f 2000/1192/914 1999/487/913 2014/984/927 2015/1204/928
f 1993/472/383 1992/1191/907 2007/495/921 2008/123/398
f 1986/1193/901 1705/987/33 2001/1205/915
f 1715/989/105 2000/1192/914 2015/1204/928
f 1994/1194/908 1993/472/383 2008/123/398 2009/500/922
f 1987/478/902 1986/1193/901 2001/1205/915 2002/1198/916
f 2014/984/927 2013/1202/926 2028/1000/940 2029/518/941
f 2007/495/921 2006/1203/920 2021/1206/934 2022/519/935
f 2015/1204/928 2014/984/927 2029/518/941 2030/1207/942
f 2008/123/398 2007/495/921 2022/519/935 2023/125/413
f 2001/1205/915 1705/992/33 2016/1208/929
f 1715/994/105 2015/1204/928 2030/1207/942
f 2009/500/922 2008/123/398 2023/125/413 2024/507/936
f 2002/1198/916 2001/1205/915 2016/1208/929 2017/509/930
f 2010/1197/923 2009/500/922 2024/507/936 2025/1209/937
f 2003/1199/917 2002/1198/916 2017/509/930 2018/997/931
f 2011/488/924 2010/1197/923 2025/1209/937 2026/512/938
f 2004/1200/918 2003/1199/917 2018/997/931 2019/513/932
f 2012/1201/925 2011/488/924 2026/512/938 2027/514/939
f 2005/491/919 2004/1200/918 2019/513/932 2020/515/933
f 2013/1202/926 2012/1201/925 2027/514/939 2028/1000/940
f 2006/1203/920 2005/491/919 2020/515/933 2021/1206/934
f 2018/997/931 2017/509/930 2032/533/944 2033/535/945
f 2026/512/938 2025/1209/937 2040/534/951 2041/536/952
f 2019/513/932 2018/997/931 2033/535/945 2034/1210/946
f 2027/514/939 2026/512/938 2041/536/952 2042/1211/953
f 2020/515/933 2019/513/932 2034/1210/946 2035/523/947
f 2028/1000/940 2027/514/939 2042/1211/953 2043/522/954
f 2021/1206/934 2020/515/933 2035/523/947 2036/1212/948
f 2029/518/941 2028/1000/940 2043/522/954 2044/525/955
f 2022/519/935 2021/1206/934 2036/1212/948 2037/1213/949
f 2030/1207/942 2029/518/941 2044/525/955 2045/1214/956
f 2023/125/413 2022/519/935 2037/1213/949 2038/528/428
f 2016/1208/929 1705/1001/33 2031/1215/943
f 1715/1002/105 2030/1207/942 2045/1214/956
f 2024/507/936 2023/125/413 2038/528/428 2039/1216/950
f 2017/509/930 2016/1208/929 2031/1215/943 2032/533/944
f 2025/1209/937 2024/507/936 2039/1216/950 2040/534/951
f 2037/1213/949 2036/1212/948 2051/1217/962 2052/550/963
f 2045/1214/956 2044/525/955 2059/1218/969 2060/1219/970
f 2038/528/428 2037/1213/949 2052/550/963 2053/151/443
f 2031/1215/943 1705/826/33 2046/1220/957
f 1715/827/105 2045/1214/956 2060/1219/970
f 2039/1216/950 2038/528/428 2053/151/443 2054/540/964
f 2032/533/944 2031/1215/943 2046/1220/957 2047/1221/958
f 2040/534/951 2039/1216/950 2054/540/964 2055/541/965
f 2033/535/945 2032/533/944 2047/1221/958 2048/1222/959
f 2041/536/952 2040/534/951 2055/541/965 2056/543/966
f 2034/1210/946 2033/535/945 2048/1222/959 2049/1223/960
f 2042/1211/953 2041/536/952 2056/543/966 2057/1224/967
f 2035/523/947 2034/1210/946 2049/1223/960 2050/546/961
f 2043/522/954 2042/1211/953 2057/1224/967 2058/1225/968
f 2036/1212/948 2035/523/947 2050/546/961 2051/1217/962
f 2044/525/955 2043/522/954 2058/1225/968 2059/1218/969
f 2056/543/966 2055/541/965 2070/565/979 2071/567/980
f 2049/1223/960 2048/1222/959 2063/566/973 2064/1226/974
f 2057/1224/967 2056/543/966 2071/567/980 2072/569/981
f 2050/546/961 2049/1223/960 2064/1226/974 2065/554/975
f 2058/1225/968 2057/1224/967 2072/569/981 2073/556/982
f 2051/1217/962 2050/546/961 2065/554/975 2066/1227/976
f 2059/1218/969 2058/1225/968 2073/556/982 2074/557/983
f 2052/550/963 2051/1217/962 2066/1227/976 2067/558/977
f 2060/1219/970 2059/1218/969 2074/557/983 2075/1228/984
f 2053/151/443 2052/550/963 2067/558/977 2068/153/458
f 2046/1220/957 1705/1017/33 2061/1229/971
f 1715/1018/105 2060/1219/970 2075/1228/984
f 2054/540/964 2053/151/443 2068/153/458 2069/563/978
f 2047/1221/958 2046/1220/957 2061/1229/971 2062/564/972
f 2055/541/965 2054/540/964 2069/563/978 2070/565/979
f 2048/1222/959 2047/1221/958 2062/564/972 2063/566/973
f 2075/1230/984 2074/590/983 2089/591/997 2090/1231/998
f 2068/66/458 2067/592/977 2082/852/991 2083/69/473
f 2061/1232/971 1705/597/33 2076/1233/985
f 1715/599/105 2075/1230/984 2090/1231/998
f 2069/571/978 2068/66/458 2083/69/473 2084/838/992
f 2062/575/972 2061/1232/971 2076/1233/985 2077/576/986
f 2070/570/979 2069/571/978 2084/838/992 2085/573/993
f 2063/574/973 2062/575/972 2077/576/986 2078/1234/987
f 2071/578/980 2070/570/979 2085/573/993 2086/579/994
f 2064/1235/974 2063/574/973 2078/1234/987 2079/1236/988
f 2072/582/981 2071/578/980 2086/579/994 2087/1237/995
f 2065/584/975 2064/1235/974 2079/1236/988 2080/585/989
f 2073/586/982 2072/582/981 2087/1237/995 2088/1238/996
f 2066/1239/976 2065/584/975 2080/585/989 2081/1240/990
f 2074/590/983 2073/586/982 2088/1238/996 2089/591/997
f 2067/592/977 2066/1239/976 2081/1240/990 2082/852/991
f 2079/1236/988 2078/1234/987 2093/1241/1001 2094/1242/1002
f 2087/1237/995 2086/579/994 2101/612/1008 2102/1243/1009
f 2080/585/989 2079/1236/988 2094/1242/1002 2095/615/1003
f 2088/1238/996 2087/1237/995 2102/1243/1009 2103/1244/1010
f 2081/1240/990 2080/585/989 2095/615/1003 2096/1245/1004
f 2089/591/997 2088/1238/996 2103/1244/1010 2104/1246/1011
f 2082/852/991 2081/1240/990 2096/1245/1004 2097/603/1005
f 2090/1231/998 2089/591/997 2104/1246/1011 2105/1247/1012
f 2083/69/473 2082/852/991 2097/603/1005 2098/71/488
f 2076/1233/985 1705/1034/33 2091/1248/999
f 1715/1036/105 2090/1231/998 2105/1247/1012
f 2084/838/992 2083/69/473 2098/71/488 2099/608/1006
f 2077/576/986 2076/1233/985 2091/1248/999 2092/1249/1000
f 2085/573/993 2084/838/992 2099/608/1006 2100/610/1007
f 2078/1234/987 2077/576/986 2092/1249/1000 2093/1241/1001
f 2086/579/994 2085/573/993 2100/610/1007 2101/612/1008
f 2098/71/488 2097/603/1005 2112/626/1019 2113/73/503
f 2091/1248/999 1705/1050/33 2106/1250/1013
f 1715/1052/105 2105/1247/1012 2120/1251/1026
f 2099/608/1006 2098/71/488 2113/73/503 2114/631/1020
f 2092/1249/1000 2091/1248/999 2106/1250/1013 2107/616/1014
f 2100/610/1007 2099/608/1006 2114/631/1020 2115/618/1021
f 2093/1241/1001 2092/1249/1000 2107/616/1014 2108/1045/1015
f 2101/612/1008 2100/610/1007 2115/618/1021 2116/1252/1022
f 2094/1242/1002 2093/1241/1001 2108/1045/1015 2109/1253/1016
f 2102/1243/1009 2101/612/1008 2116/1252/1022 2117/1254/1023
f 2095/615/1003 2094/1242/1002 2109/1253/1016 2110/1046/1017
f 2103/1244/1010 2102/1243/1009 2117/1254/1023 2118/1047/1024
f 2096/1245/1004 2095/615/1003 2110/1046/1017 2111/1255/1018
f 2104/1246/1011 2103/1244/1010 2118/1047/1024 2119/625/1025
f 2097/603/1005 2096/1245/1004 2111/1255/1018 2112/626/1019
f 2105/1247/1012 2104/1246/1011 2119/625/1025 2120/1251/1026
f 2117/1254/1023 2116/1252/1022 2131/1256/1036 2132/1257/1037
f 2110/1046/1017 2109/1253/1016 2124/1258/1030 2125/1064/1031
f 2118/1047/1024 2117/1254/1023 2132/1257/1037 2133/1053/1038
f 2111/1255/1018 2110/1046/1017 2125/1064/1031 2126/1259/1032
f 2119/625/1025 2118/1047/1024 2133/1053/1038 2134/634/1039
f 2112/626/1019 2111/1255/1018 2126/1259/1032 2127/633/1033
f 2120/1251/1026 2119/625/1025 2134/634/1039 2135/1260/1040
f 2113/73/503 2112/626/1019 2127/633/1033 2128/75/518
f 2106/1250/1013 1705/636/33 2121/1261/1027
f 1715/638/105 2120/1251/1026 2135/1260/1040
f 2114/631/1020 2113/73/503 2128/75/518 2129/639/1034
f 2107/616/1014 2106/1250/1013 2121/1261/1027 2122/640/1028
f 2115/618/1021 2114/631/1020 2129/639/1034 2130/641/1035
f 2108/1045/1015 2107/616/1014 2122/640/1028 2123/1063/1029
f 2116/1252/1022 2115/618/1021 2130/641/1035 2131/1256/1036
f 2109/1253/1016 2108/1045/1015 2123/1063/1029 2124/1258/1030
f 1715/1076/105 2135/1260/1040 2150/1262/1054
f 2129/639/1034 2128/75/518 2143/77/533 2144/662/1048
f 2122/640/1028 2121/1261/1027 2136/1263/1638 2137/1078/1042
f 2130/641/1035 2129/639/1034 2144/662/1048 2145/1264/1049
f 2123/1063/1029 2122/640/1028 2137/1078/1042 2138/1265/1043
f 2131/1256/1036 2130/641/1035 2145/1264/1049 2146/1066/1050
f 2124/1258/1030 2123/1063/1029 2138/1265/1043 2139/1266/1044
f 2132/1257/1037 2131/1256/1036 2146/1066/1050 2147/1267/1051
f 2125/1064/1031 2124/1258/1030 2139/1266/1044 2140/1068/1045
f 2133/1053/1038 2132/1257/1037 2147/1267/1051 2148/1268/1052
f 2126/1259/1032 2125/1064/1031 2140/1068/1045 2141/1269/1046
f 2134/634/1039 2133/1053/1038 2148/1268/1052 2149/656/1053
f 2127/633/1033 2126/1259/1032 2141/1269/1046 2142/1270/1047
f 2135/1260/1040 2134/634/1039 2149/656/1053 2150/1262/1054
f 2128/75/518 2127/633/1033 2142/1270/1047 2143/77/533
f 2121/1261/1027 1705/1074/33 2136/1263/1638
f 2148/1268/1052 2147/1267/1051 2162/1271/1065 2163/1272/1066
f 2141/1269/1046 2140/1068/1045 2155/1091/1059 2156/877/1060
f 2149/656/1053 2148/1268/1052 2163/1272/1066 2164/664/1067
f 2142/1270/1047 2141/1269/1046 2156/877/1060 2157/1273/1061
f 2150/1262/1054 2149/656/1053 2164/664/1067 2165/1274/1068
f 2143/77/533 2142/1270/1047 2157/1273/1061 2158/79/548
f 2136/1263/1638 1705/1081/33 2151/1275/1055
f 1715/1083/105 2150/1262/1054 2165/1274/1068
f 2144/662/1048 2143/77/533 2158/79/548 2159/670/1062
f 2137/1078/1042 2136/1263/1638 2151/1275/1055 2152/1085/1056
f 2145/1264/1049 2144/662/1048 2159/670/1062 2160/878/1063
f 2138/1265/1043 2137/1078/1042 2152/1085/1056 2153/1276/1057
f 2146/1066/1050 2145/1264/1049 2160/878/1063 2161/1088/1064
f 2139/1266/1044 2138/1265/1043 2153/1276/1057 2154/1277/1058
f 2147/1267/1051 2146/1066/1050 2161/1088/1064 2162/1271/1065
f 2140/1068/1045 2139/1266/1044 2154/1277/1058 2155/1091/1059
f 2152/1085/1056 2151/1275/1055 2166/1278/1069 2167/1279/1070
f 2160/878/1063 2159/670/1062 2174/692/1076 2175/883/1077
f 2153/1276/1057 2152/1085/1056 2167/1279/1070 2168/1093/1071
f 2161/1088/1064 2160/878/1063 2175/883/1077 2176/1094/1078
f 2154/1277/1058 2153/1276/1057 2168/1093/1071 2169/1280/1072
f 2162/1271/1065 2161/1088/1064 2176/1094/1078 2177/1281/1079
f 2155/1091/1059 2154/1277/1058 2169/1280/1072 2170/886/1073
f 2163/1272/1066 2162/1271/1065 2177/1281/1079 2178/1095/1080
f 2156/877/1060 2155/1091/1059 2170/886/1073 2171/888/1074
f 2164/664/1067 2163/1272/1066 2178/1095/1080 2179/1282/1081
f 2157/1273/1061 2156/877/1060 2171/888/1074 2172/1283/1075
f 2165/1274/1068 2164/664/1067 2179/1282/1081 2180/1284/1082
f 2158/79/548 2157/1273/1061 2172/1283/1075 2173/81/563
f 2151/1275/1055 1705/1099/33 2166/1278/1069
f 1715/1101/105 2165/1274/1068 2180/1284/1082
f 2159/670/1062 2158/79/548 2173/81/563 2174/692/1076
f 2171/888/1074 2170/886/1073 2183/729/1084 1708/195/646
f 2179/1282/1081 2178/1095/1080 1714/193/1088 2185/197/1089
f 2172/1283/1075 2171/888/1074 1708/195/646 1709/891/1085
f 2180/1284/1082 2179/1282/1081 2185/197/1089 2186/1115/1090
f 2173/81/563 2172/1283/1075 1709/891/1085 1710/83/575
f 2166/1278/1069 1705/1105/33 2181/1116/643
f 1715/1106/105 2180/1284/1082 2186/1115/1090
f 2174/692/1076 2173/81/563 1710/83/575 1711/177/1086
f 2167/1279/1070 2166/1278/1069 2181/1116/643 2182/894/1083
f 2175/883/1077 2174/692/1076 1711/177/1086 1712/181/647
f 2168/1093/1071 2167/1279/1070 2182/894/1083 1706/727/644
f 2176/1094/1078 2175/883/1077 1712/181/647 1713/185/1087
f 2169/1280/1072 2168/1093/1071 1706/727/644 1707/187/645
f 2177/1281/1079 2176/1094/1078 1713/185/1087 2184/1113/648
f 2170/886/1073 2169/1280/1072 1707/187/645 2183/729/1084
f 2178/1095/1080 2177/1281/1079 2184/1113/648 1714/193/1088
f 2187/66/1639 2188/67/1640 2190/68/1642 2189/69/1641
f 2189/69/1641 2190/68/1642 2192/70/1644 2191/71/1643
f 2191/71/1643 2192/70/1644 2194/72/1646 2193/73/1645
f 2193/73/1645 2194/72/1646 2196/74/1648 2195/75/1647
f 2195/75/1647 2196/74/1648 2198/76/1650 2197/77/1649
f 2197/77/1649 2198/76/1650 2200/78/1652 2199/79/1651
f 2199/79/1651 2200/78/1652 2202/80/1654 2201/81/1653
f 2201/81/1653 2202/80/1654 2204/82/1656 2203/83/1655
f 2203/83/1655 2204/82/1656 2206/84/1658 2205/85/1657
f 2205/85/1657 2206/84/1658 2208/86/1660 2207/87/1659
f 2207/87/1659 2208/86/1660 2210/88/1662 2209/89/1661
f 2209/89/1661 2210/88/1662 2212/90/1664 2211/91/1663
f 2211/91/1663 2212/90/1664 2214/92/1666 2213/93/1665
f 2213/93/1665 2214/92/1666 2216/94/1668 2215/95/1667
f 2215/95/1667 2216/94/1668 2218/96/1670 2217/97/1669
f 2217/97/1669 2218/96/1670 2220/98/1672 2219/99/1671
f 2219/99/1671 2220/98/1672 2222/100/1674 2221/101/1673
f 2221/101/1673 2222/100/1674 2224/102/1676 2223/103/1675
f 2223/103/1675 2224/102/1676 2226/104/1678 2225/105/1677
f 2225/105/1677 2226/104/1678 2228/106/1680 2227/107/1679
f 2227/107/1679 2228/106/1680 2230/108/1682 2229/109/1681
f 2229/109/1681 2230/108/1682 2232/110/1684 2231/111/1683
f 2231/111/1683 2232/110/1684 2234/112/1686 2233/113/1685
f 2233/113/1685 2234/112/1686 2236/114/1688 2235/115/1687
f 2235/115/1687 2236/114/1688 2238/116/1690 2237/117/1689
f 2237/117/1689 2238/116/1690 2240/118/1692 2239/119/1691
f 2239/119/1691 2240/118/1692 2242/120/1694 2241/121/1693
f 2241/121/1693 2242/120/1694 2244/122/1696 2243/123/1695
f 2243/123/1695 2244/122/1696 2246/124/1698 2245/125/1697
f 2245/125/1697 2246/124/1698 2248/126/1700 2247/127/1699
f 2190/3/1642 2188/1/1640 2250/65/1702 2248/32/1700 2246/31/1698 2244/700/1696 2242/1107/1694 2240/28/1692 2238/132/1690 2236/26/1688 2234/134/1686 2232/24/1684 2230/1108/1682 2228/704/1680 2226/1109/1678 2224/20/1676 2222/139/1674 2220/18/1672 2218/141/1670 2216/16/1668 2214/1110/1666 2212/708/1664 2210/13/1662 2208/12/1660 2206/11/1658 2204/10/1656 2202/9/1654 2200/8/1652 2198/7/1650 2196/6/1648 2194/5/1646 2192/4/1644
f 2247/127/1699 2248/126/1700 2250/150/1702 2249/151/1701
f 2249/151/1701 2250/150/1702 2188/152/1640 2187/153/1639
f 2187/33/1639 2189/34/1641 2191/35/1643 2193/36/1645 2195/37/1647 2197/38/1649 2199/39/1651 2201/40/1653 2203/41/1655 2205/42/1657 2207/43/1659 2209/44/1661 2211/717/1663 2213/1111/1665 2215/47/1667 2217/160/1669 2219/49/1671 2221/162/1673 2223/51/1675 2225/1112/1677 2227/721/1679 2229/54/1681 2231/55/1683 2233/56/1685 2235/57/1687 2237/58/1689 2239/59/1691 2241/60/1693 2243/61/1695 2245/62/1697 2247/63/1699 2249/64/1701
f 2730/1113/648 2259/185/1087 2272/186/658 2273/190/659
f 2729/729/1084 2253/187/645 2265/188/652 2266/192/653
f 2260/193/1088 2730/1113/648 2273/190/659 2274/194/660
f 2254/195/646 2729/729/1084 2266/192/653 2267/196/654
f 2731/197/1089 2260/193/1088 2274/194/660 2275/1114/661
f 2255/891/1085 2254/195/646 2267/196/654 2268/170/655
f 2732/1115/1090 2731/197/1089 2275/1114/661 2276/890/662
f 2256/83/575 2255/891/1085 2268/170/655 2269/85/113
f 2727/1116/643 2251/1117/33 2262/893/649
f 2261/1118/105 2732/1115/1090 2276/890/662
f 2257/177/1086 2256/83/575 2269/85/113 2270/178/656
f 2728/894/1083 2727/1116/643 2262/893/649 2263/180/650
f 2258/181/647 2257/177/1086 2270/178/656 2271/182/657
f 2252/727/644 2728/894/1083 2263/180/650 2264/184/651
f 2259/185/1087 2258/181/647 2271/182/657 2272/186/658
f 2253/187/645 2252/727/644 2264/184/651 2265/188/652
f 2272/186/658 2271/182/657 2286/209/671 2287/211/672
f 2265/188/652 2264/184/651 2279/210/665 2280/212/666
f 2273/190/659 2272/186/658 2287/211/672 2288/213/673
f 2266/192/653 2265/188/652 2280/212/666 2281/214/667
f 2274/194/660 2273/190/659 2288/213/673 2289/199/674
f 2267/196/654 2266/192/653 2281/214/667 2282/201/668
f 2275/1114/661 2274/194/660 2289/199/674 2290/1119/675
f 2268/170/655 2267/196/654 2282/201/668 2283/202/669
f 2276/890/662 2275/1114/661 2290/1119/675 2291/900/676
f 2269/85/113 2268/170/655 2283/202/669 2284/87/128
f 2262/893/649 2251/204/33 2277/901/663
f 2261/206/105 2276/890/662 2291/900/676
f 2270/178/656 2269/85/113 2284/87/128 2285/207/670
f 2263/180/650 2262/893/649 2277/901/663 2278/208/664
f 2271/182/657 2270/178/656 2285/207/670 2286/209/671
f 2264/184/651 2263/180/650 2278/208/664 2279/210/665
f 2291/900/676 2290/1119/675 2305/1122/689 2306/902/690
f 2284/87/128 2283/202/669 2298/224/683 2299/89/143
f 2277/901/663 2251/226/33 2292/903/677
f 2261/228/105 2291/900/676 2306/902/690
f 2285/207/670 2284/87/128 2299/89/143 2300/229/684
f 2278/208/664 2277/901/663 2292/903/677 2293/230/678
f 2286/209/671 2285/207/670 2300/229/684 2301/215/685
f 2279/210/665 2278/208/664 2293/230/678 2294/217/679
f 2287/211/672 2286/209/671 2301/215/685 2302/1120/686
f 2280/212/666 2279/210/665 2294/217/679 2295/218/680
f 2288/213/673 2287/211/672 2302/1120/686 2303/219/687
f 2281/214/667 2280/212/666 2295/218/680 2296/220/681
f 2289/199/674 2288/213/673 2303/219/687 2304/221/688
f 2282/201/668 2281/214/667 2296/220/681 2297/1121/682
f 2290/1119/675 2289/199/674 2304/221/688 2305/1122/689
f 2283/202/669 2282/201/668 2297/1121/682 2298/224/683
f 2295/218/680 2294/217/679 2309/240/693 2310/1123/694
f 2303/219/687 2302/1120/686 2317/241/700 2318/243/701
f 2296/220/681 2295/218/680 2310/1123/694 2311/735/695
f 2304/221/688 2303/219/687 2318/243/701 2319/245/702
f 2297/1121/682 2296/220/681 2311/735/695 2312/1124/696
f 2305/1122/689 2304/221/688 2319/245/702 2320/1125/703
f 2298/224/683 2297/1121/682 2312/1124/696 2313/233/697
f 2306/902/690 2305/1122/689 2320/1125/703 2321/904/704
f 2299/89/143 2298/224/683 2313/233/697 2314/91/158
f 2292/903/677 2251/234/33 2307/905/691
f 2261/236/105 2306/902/690 2321/904/704
f 2300/229/684 2299/89/143 2314/91/158 2315/237/698
f 2293/230/678 2292/903/677 2307/905/691 2308/238/692
f 2301/215/685 2300/229/684 2315/237/698 2316/239/699
f 2294/217/679 2293/230/678 2308/238/692 2309/240/693
f 2302/1120/686 2301/215/685 2316/239/699 2317/241/700
f 2314/91/158 2313/233/697 2328/255/711 2329/93/173
f 2307/905/691 2251/257/33 2322/908/705
f 2261/259/105 2321/904/704 2336/907/718
f 2315/237/698 2314/91/158 2329/93/173 2330/260/712
f 2308/238/692 2307/905/691 2322/908/705 2323/261/706
f 2316/239/699 2315/237/698 2330/260/712 2331/262/713
f 2309/240/693 2308/238/692 2323/261/706 2324/247/707
f 2317/241/700 2316/239/699 2331/262/713 2332/249/714
f 2310/1123/694 2309/240/693 2324/247/707 2325/248/708
f 2318/243/701 2317/241/700 2332/249/714 2333/250/715
f 2311/735/695 2310/1123/694 2325/248/708 2326/737/709
f 2319/245/702 2318/243/701 2333/250/715 2334/252/716
f 2312/1124/696 2311/735/695 2326/737/709 2327/1126/710
f 2320/1125/703 2319/245/702 2334/252/716 2335/906/717
f 2313/233/697 2312/1124/696 2327/1126/710 2328/255/711
f 2321/904/704 2320/1125/703 2335/906/717 2336/907/718
f 2333/250/715 2332/249/714 2347/272/728 2348/274/729
f 2326/737/709 2325/248/708 2340/273/722 2341/1127/723
f 2334/252/716 2333/250/715 2348/274/729 2349/276/730
f 2327/1126/710 2326/737/709 2341/1127/723 2342/1128/724
f 2335/906/717 2334/252/716 2349/276/730 2350/278/731
f 2328/255/711 2327/1126/710 2342/1128/724 2343/263/725
f 2336/907/718 2335/906/717 2350/278/731 2351/1129/732
f 2329/93/173 2328/255/711 2343/263/725 2344/95/188
f 2322/908/705 2251/264/33 2337/1130/719
f 2261/266/105 2336/907/718 2351/1129/732
f 2330/260/712 2329/93/173 2344/95/188 2345/268/726
f 2323/261/706 2322/908/705 2337/1130/719 2338/269/720
f 2331/262/713 2330/260/712 2345/268/726 2346/270/727
f 2324/247/707 2323/261/706 2338/269/720 2339/271/721
f 2332/249/714 2331/262/713 2346/270/727 2347/272/728
f 2325/248/708 2324/247/707 2339/271/721 2340/273/722
f 2261/290/105 2351/1129/732 2366/1133/746
f 2345/268/726 2344/95/188 2359/97/203 2360/291/740
f 2338/269/720 2337/1130/719 2352/1131/733 2353/292/734
f 2346/270/727 2345/268/726 2360/291/740 2361/293/741
f 2339/271/721 2338/269/720 2353/292/734 2354/294/735
f 2347/272/728 2346/270/727 2361/293/741 2362/279/742
f 2340/273/722 2339/271/721 2354/294/735 2355/281/736
f 2348/274/729 2347/272/728 2362/279/742 2363/280/743
f 2341/1127/723 2340/273/722 2355/281/736 2356/1132/737
f 2349/276/730 2348/274/729 2363/280/743 2364/283/744
f 2342/1128/724 2341/1127/723 2356/1132/737 2357/284/738
f 2350/278/731 2349/276/730 2364/283/744 2365/285/745
f 2343/263/725 2342/1128/724 2357/284/738 2358/286/739
f 2351/1129/732 2350/278/731 2365/285/745 2366/1133/746
f 2344/95/188 2343/263/725 2358/286/739 2359/97/203
f 2337/1130/719 2251/288/33 2352/1131/733
f 2364/283/744 2363/280/743 2378/1137/757 2379/307/758
f 2357/284/738 2356/1132/737 2371/1134/751 2372/308/752
f 2365/285/745 2364/283/744 2379/307/758 2380/309/759
f 2358/286/739 2357/284/738 2372/308/752 2373/310/753
f 2366/1133/746 2365/285/745 2380/309/759 2381/1135/760
f 2359/97/203 2358/286/739 2373/310/753 2374/99/218
f 2352/1131/733 2251/295/33 2367/1136/747
f 2261/297/105 2366/1133/746 2381/1135/760
f 2360/291/740 2359/97/203 2374/99/218 2375/299/754
f 2353/292/734 2352/1131/733 2367/1136/747 2368/300/748
f 2361/293/741 2360/291/740 2375/299/754 2376/301/755
f 2354/294/735 2353/292/734 2368/300/748 2369/302/749
f 2362/279/742 2361/293/741 2376/301/755 2377/303/756
f 2355/281/736 2354/294/735 2369/302/749 2370/747/750
f 2363/280/743 2362/279/742 2377/303/756 2378/1137/757
f 2356/1132/737 2355/281/736 2370/747/750 2371/1134/751
f 2368/300/748 2367/1136/747 2382/1140/761 2383/323/762
f 2376/301/755 2375/299/754 2390/322/768 2391/324/769
f 2369/302/749 2368/300/748 2383/323/762 2384/325/763
f 2377/303/756 2376/301/755 2391/324/769 2392/326/770
f 2370/747/750 2369/302/749 2384/325/763 2385/752/764
f 2378/1137/757 2377/303/756 2392/326/770 2393/1138/771
f 2371/1134/751 2370/747/750 2385/752/764 2386/920/765
f 2379/307/758 2378/1137/757 2393/1138/771 2394/314/772
f 2372/308/752 2371/1134/751 2386/920/765 2387/315/766
f 2380/309/759 2379/307/758 2394/314/772 2395/316/773
f 2373/310/753 2372/308/752 2387/315/766 2388/317/767
f 2381/1135/760 2380/309/759 2395/316/773 2396/1139/774
f 2374/99/218 2373/310/753 2388/317/767 2389/101/233
f 2367/1136/747 2251/319/33 2382/1140/761
f 2261/321/105 2381/1135/760 2396/1139/774
f 2375/299/754 2374/99/218 2389/101/233 2390/322/768
f 2387/315/766 2386/920/765 2401/1144/779 2402/337/780
f 2395/316/773 2394/314/772 2409/336/786 2410/338/787
f 2388/317/767 2387/315/766 2402/337/780 2403/339/781
f 2396/1139/774 2395/316/773 2410/338/787 2411/1141/788
f 2389/101/233 2388/317/767 2403/339/781 2404/103/248
f 2382/1140/761 2251/341/33 2397/1142/775
f 2261/342/105 2396/1139/774 2411/1141/788
f 2390/322/768 2389/101/233 2404/103/248 2405/327/782
f 2383/323/762 2382/1140/761 2397/1142/775 2398/329/776
f 2391/324/769 2390/322/768 2405/327/782 2406/330/783
f 2384/325/763 2383/323/762 2398/329/776 2399/331/777
f 2392/326/770 2391/324/769 2406/330/783 2407/332/784
f 2385/752/764 2384/325/763 2399/331/777 2400/756/778
f 2393/1138/771 2392/326/770 2407/332/784 2408/1143/785
f 2386/920/765 2385/752/764 2400/756/778 2401/1144/779
f 2394/314/772 2393/1138/771 2408/1143/785 2409/336/786
f 2406/330/783 2405/327/782 2420/353/796 2421/355/797
f 2399/331/777 2398/329/776 2413/354/790 2414/356/791
f 2407/332/784 2406/330/783 2421/355/797 2422/935/798
f 2400/756/778 2399/331/777 2414/356/791 2415/358/792
f 2408/1143/785 2407/332/784 2422/935/798 2423/343/799
f 2401/1144/779 2400/756/778 2415/358/792 2416/345/793
f 2409/336/786 2408/1143/785 2423/343/799 2424/344/800
f 2402/337/780 2401/1144/779 2416/345/793 2417/346/794
f 2410/338/787 2409/336/786 2424/344/800 2425/347/801
f 2403/339/781 2402/337/780 2417/346/794 2418/348/795
f 2411/1141/788 2410/338/787 2425/347/801 2426/1145/802
f 2404/103/248 2403/339/781 2418/348/795 2419/105/263
f 2397/1142/775 2251/1146/33 2412/1147/789
f 2261/1148/105 2411/1141/788 2426/1145/802
f 2405/327/782 2404/103/248 2419/105/263 2420/353/796
f 2398/329/776 2397/1142/775 2412/1147/789 2413/354/790
f 2425/347/801 2424/344/800 2439/367/814 2440/369/815
f 2418/348/795 2417/346/794 2432/767/808 2433/370/809
f 2426/1145/802 2425/347/801 2440/369/815 2441/1149/816
f 2419/105/263 2418/348/795 2433/370/809 2434/107/278
f 2412/1147/789 2251/1150/33 2427/1151/803
f 2261/1152/105 2426/1145/802 2441/1149/816
f 2420/353/796 2419/105/263 2434/107/278 2435/359/810
f 2413/354/790 2412/1147/789 2427/1151/803 2428/361/804
f 2421/355/797 2420/353/796 2435/359/810 2436/763/811
f 2414/356/791 2413/354/790 2428/361/804 2429/362/805
f 2422/935/798 2421/355/797 2436/763/811 2437/1153/812
f 2415/358/792 2414/356/791 2429/362/805 2430/364/806
f 2423/343/799 2422/935/798 2437/1153/812 2438/365/813
f 2416/345/793 2415/358/792 2430/364/806 2431/1154/807
f 2424/344/800 2423/343/799 2438/365/813 2439/367/814
f 2417/346/794 2416/345/793 2431/1154/807 2432/767/808
f 2429/362/805 2428/361/804 2443/384/818 2444/386/819
f 2437/1153/812 2436/763/811 2451/771/825 2452/772/826
f 2430/364/806 2429/362/805 2444/386/819 2445/388/820
f 2438/365/813 2437/1153/812 2452/772/826 2453/389/827
f 2431/1154/807 2430/364/806 2445/388/820 2446/390/821
f 2439/367/814 2438/365/813 2453/389/827 2454/375/828
f 2432/767/808 2431/1154/807 2446/390/821 2447/770/822
f 2440/369/815 2439/367/814 2454/375/828 2455/376/829
f 2433/370/809 2432/767/808 2447/770/822 2448/378/823
f 2441/1149/816 2440/369/815 2455/376/829 2456/1155/1637
f 2434/107/278 2433/370/809 2448/378/823 2449/109/293
f 2427/1151/803 2251/1156/33 2442/1157/1636
f 2261/1158/105 2441/1149/816 2456/1155/1637
f 2435/359/810 2434/107/278 2449/109/293 2450/383/824
f 2428/361/804 2427/1151/803 2442/1157/1636 2443/384/818
f 2436/763/811 2435/359/810 2450/383/824 2451/771/825
f 2448/378/823 2447/770/822 2462/775/836 2463/401/837
f 2456/1155/1637 2455/376/829 2470/400/843 2471/1160/844
f 2449/109/293 2448/378/823 2463/401/837 2464/111/308
f 2442/1157/1636 2251/943/33 2457/1159/831
f 2261/944/105 2456/1155/1637 2471/1160/844
f 2450/383/824 2449/109/293 2464/111/308 2465/406/838
f 2443/384/818 2442/1157/1636 2457/1159/831 2458/391/832
f 2451/771/825 2450/383/824 2465/406/838 2466/1161/839
f 2444/386/819 2443/384/818 2458/391/832 2459/392/833
f 2452/772/826 2451/771/825 2466/1161/839 2467/773/840
f 2445/388/820 2444/386/819 2459/392/833 2460/395/834
f 2453/389/827 2452/772/826 2467/773/840 2468/1162/841
f 2446/390/821 2445/388/820 2460/395/834 2461/397/835
f 2454/375/828 2453/389/827 2468/1162/841 2469/398/842
f 2447/770/822 2446/390/821 2461/397/835 2462/775/836
f 2455/376/829 2454/375/828 2469/398/842 2470/400/843
f 2467/773/840 2466/1161/839 2481/1167/853 2482/1163/854
f 2460/395/834 2459/392/833 2474/417/847 2475/419/848
f 2468/1162/841 2467/773/840 2482/1163/854 2483/420/855
f 2461/397/835 2460/395/834 2475/419/848 2476/1164/849
f 2469/398/842 2468/1162/841 2483/420/855 2484/422/856
f 2462/775/836 2461/397/835 2476/1164/849 2477/777/850
f 2470/400/843 2469/398/842 2484/422/856 2485/409/857
f 2463/401/837 2462/775/836 2477/777/850 2478/408/851
f 2471/1160/844 2470/400/843 2485/409/857 2486/1165/858
f 2464/111/308 2463/401/837 2478/408/851 2479/113/323
f 2457/1159/831 2251/411/33 2472/1166/845
f 2261/413/105 2471/1160/844 2486/1165/858
f 2465/406/838 2464/111/308 2479/113/323 2480/414/852
f 2458/391/832 2457/1159/831 2472/1166/845 2473/415/846
f 2466/1161/839 2465/406/838 2480/414/852 2481/1167/853
f 2459/392/833 2458/391/832 2473/415/846 2474/417/847
f 2486/1165/858 2485/409/857 2500/431/871 2501/1169/872
f 2479/113/323 2478/408/851 2493/786/865 2494/115/338
f 2472/1166/845 2251/434/33 2487/1168/859
f 2261/436/105 2486/1165/858 2501/1169/872
f 2480/414/852 2479/113/323 2494/115/338 2495/780/866
f 2473/415/846 2472/1166/845 2487/1168/859 2488/438/860
f 2481/1167/853 2480/414/852 2495/780/866 2496/1170/867
f 2474/417/847 2473/415/846 2488/438/860 2489/1171/861
f 2482/1163/854 2481/1167/853 2496/1170/867 2497/782/868
f 2475/419/848 2474/417/847 2489/1171/861 2490/1172/862
f 2483/420/855 2482/1163/854 2497/782/868 2498/1173/869
f 2476/1164/849 2475/419/848 2490/1172/862 2491/428/863
f 2484/422/856 2483/420/855 2498/1173/869 2499/1174/870
f 2477/777/850 2476/1164/849 2491/428/863 2492/1175/864
f 2485/409/857 2484/422/856 2499/1174/870 2500/431/871
f 2478/408/851 2477/777/850 2492/1175/864 2493/786/865
f 2498/1173/869 2497/782/868 2512/1181/882 2513/451/883
f 2491/428/863 2490/1172/862 2505/450/876 2506/1176/877
f 2499/1174/870 2498/1173/869 2513/451/883 2514/453/884
f 2492/1175/864 2491/428/863 2506/1176/877 2507/1177/878
f 2500/431/871 2499/1174/870 2514/453/884 2515/439/885
f 2493/786/865 2492/1175/864 2507/1177/878 2508/441/879
f 2501/1169/872 2500/431/871 2515/439/885 2516/1178/886
f 2494/115/338 2493/786/865 2508/441/879 2509/117/353
f 2487/1168/859 2251/442/33 2502/1179/873
f 2261/444/105 2501/1169/872 2516/1178/886
f 2495/780/866 2494/115/338 2509/117/353 2510/445/880
f 2488/438/860 2487/1168/859 2502/1179/873 2503/446/874
f 2496/1170/867 2495/780/866 2510/445/880 2511/1180/881
f 2489/1171/861 2488/438/860 2503/446/874 2504/448/875
f 2497/782/868 2496/1170/867 2511/1180/881 2512/1181/882
f 2490/1172/862 2489/1171/861 2504/448/875 2505/450/876
f 2502/1179/873 2251/973/33 2517/1182/887
f 2261/975/105 2516/1178/886 2531/1188/900
f 2510/445/880 2509/117/353 2524/119/368 2525/468/894
f 2503/446/874 2502/1179/873 2517/1182/887 2518/469/888
f 2511/1180/881 2510/445/880 2525/468/894 2526/1183/895
f 2504/448/875 2503/446/874 2518/469/888 2519/455/889
f 2512/1181/882 2511/1180/881 2526/1183/895 2527/1184/896
f 2505/450/876 2504/448/875 2519/455/889 2520/1185/890
f 2513/451/883 2512/1181/882 2527/1184/896 2528/1186/897
f 2506/1176/877 2505/450/876 2520/1185/890 2521/459/891
f 2514/453/884 2513/451/883 2528/1186/897 2529/460/898
f 2507/1177/878 2506/1176/877 2521/459/891 2522/1187/892
f 2515/439/885 2514/453/884 2529/460/898 2530/462/899
f 2508/441/879 2507/1177/878 2522/1187/892 2523/463/893
f 2516/1178/886 2515/439/885 2530/462/899 2531/1188/900
f 2509/117/353 2508/441/879 2523/463/893 2524/119/368
f 2521/459/891 2520/1185/890 2535/1196/904 2536/484/905
f 2529/460/898 2528/1186/897 2543/1189/911 2544/805/912
f 2522/1187/892 2521/459/891 2536/484/905 2537/1190/906
f 2530/462/899 2529/460/898 2544/805/912 2545/487/913
f 2523/463/893 2522/1187/892 2537/1190/906 2538/1191/907
f 2531/1188/900 2530/462/899 2545/487/913 2546/1192/914
f 2524/119/368 2523/463/893 2538/1191/907 2539/472/383
f 2517/1182/887 2251/473/33 2532/1193/901
f 2261/475/105 2531/1188/900 2546/1192/914
f 2525/468/894 2524/119/368 2539/472/383 2540/1194/908
f 2518/469/888 2517/1182/887 2532/1193/901 2533/478/902
f 2526/1183/895 2525/468/894 2540/1194/908 2541/1195/909
f 2519/455/889 2518/469/888 2533/478/902 2534/801/903
f 2527/1184/896 2526/1183/895 2541/1195/909 2542/481/910
f 2520/1185/890 2519/455/889 2534/801/903 2535/1196/904
f 2528/1186/897 2527/1184/896 2542/481/910 2543/1189/911
f 2540/1194/908 2539/472/383 2554/123/398 2555/500/922
f 2533/478/902 2532/1193/901 2547/1205/915 2548/1198/916
f 2541/1195/909 2540/1194/908 2555/500/922 2556/1197/923
f 2534/801/903 2533/478/902 2548/1198/916 2549/1199/917
f 2542/481/910 2541/1195/909 2556/1197/923 2557/488/924
f 2535/1196/904 2534/801/903 2549/1199/917 2550/1200/918
f 2543/1189/911 2542/481/910 2557/488/924 2558/1201/925
f 2536/484/905 2535/1196/904 2550/1200/918 2551/491/919
f 2544/805/912 2543/1189/911 2558/1201/925 2559/1202/926
f 2537/1190/906 2536/484/905 2551/491/919 2552/1203/920
f 2545/487/913 2544/805/912 2559/1202/926 2560/984/927
f 2538/1191/907 2537/1190/906 2552/1203/920 2553/495/921
f 2546/1192/914 2545/487/913 2560/984/927 2561/1204/928
f 2539/472/383 2538/1191/907 2553/495/921 2554/123/398
f 2532/1193/901 2251/987/33 2547/1205/915
f 2261/989/105 2546/1192/914 2561/1204/928
f 2559/1202/926 2558/1201/925 2573/514/939 2574/1000/940
f 2552/1203/920 2551/491/919 2566/515/933 2567/1206/934
f 2560/984/927 2559/1202/926 2574/1000/940 2575/518/941
f 2553/495/921 2552/1203/920 2567/1206/934 2568/519/935
f 2561/1204/928 2560/984/927 2575/518/941 2576/1207/942
f 2554/123/398 2553/495/921 2568/519/935 2569/125/413
f 2547/1205/915 2251/992/33 2562/1208/929
f 2261/994/105 2561/1204/928 2576/1207/942
f 2555/500/922 2554/123/398 2569/125/413 2570/507/936
f 2548/1198/916 2547/1205/915 2562/1208/929 2563/509/930
f 2556/1197/923 2555/500/922 2570/507/936 2571/1209/937
f 2549/1199/917 2548/1198/916 2563/509/930 2564/997/931
f 2557/488/924 2556/1197/923 2571/1209/937 2572/512/938
f 2550/1200/918 2549/1199/917 2564/997/931 2565/513/932
f 2558/1201/925 2557/488/924 2572/512/938 2573/514/939
f 2551/491/919 2550/1200/918 2565/513/932 2566/515/933
f 2563/509/930 2562/1208/929 2577/1215/943 2578/533/944
f 2571/1209/937 2570/507/936 2585/1216/950 2586/534/951
f 2564/997/931 2563/509/930 2578/533/944 2579/535/945
f 2572/512/938 2571/1209/937 2586/534/951 2587/536/952
f 2565/513/932 2564/997/931 2579/535/945 2580/1210/946
f 2573/514/939 2572/512/938 2587/536/952 2588/1211/953
f 2566/515/933 2565/513/932 2580/1210/946 2581/523/947
f 2574/1000/940 2573/514/939 2588/1211/953 2589/522/954
f 2567/1206/934 2566/515/933 2581/523/947 2582/1212/948
f 2575/518/941 2574/1000/940 2589/522/954 2590/525/955
f 2568/519/935 2567/1206/934 2582/1212/948 2583/1213/949
f 2576/1207/942 2575/518/941 2590/525/955 2591/1214/956
f 2569/125/413 2568/519/935 2583/1213/949 2584/528/428
f 2562/1208/929 2251/1001/33 2577/1215/943
f 2261/1002/105 2576/1207/942 2591/1214/956
f 2570/507/936 2569/125/413 2584/528/428 2585/1216/950
f 2582/1212/948 2581/523/947 2596/546/961 2597/1217/962
f 2590/525/955 2589/522/954 2604/1225/968 2605/1218/969
f 2583/1213/949 2582/1212/948 2597/1217/962 2598/550/963
f 2591/1214/956 2590/525/955 2605/1218/969 2606/1219/970
f 2584/528/428 2583/1213/949 2598/550/963 2599/151/443
f 2577/1215/943 2251/826/33 2592/1220/957
f 2261/827/105 2591/1214/956 2606/1219/970
f 2585/1216/950 2584/528/428 2599/151/443 2600/540/964
f 2578/533/944 2577/1215/943 2592/1220/957 2593/1221/958
f 2586/534/951 2585/1216/950 2600/540/964 2601/541/965
f 2579/535/945 2578/533/944 2593/1221/958 2594/1222/959
f 2587/536/952 2586/534/951 2601/541/965 2602/543/966
f 2580/1210/946 2579/535/945 2594/1222/959 2595/1223/960
f 2588/1211/953 2587/536/952 2602/543/966 2603/1224/967
f 2581/523/947 2580/1210/946 2595/1223/960 2596/546/961
f 2589/522/954 2588/1211/953 2603/1224/967 2604/1225/968
f 2601/541/965 2600/540/964 2615/563/978 2616/565/979
f 2594/1222/959 2593/1221/958 2608/564/972 2609/566/973
f 2602/543/966 2601/541/965 2616/565/979 2617/567/980
f 2595/1223/960 2594/1222/959 2609/566/973 2610/1226/974
f 2603/1224/967 2602/543/966 2617/567/980 2618/569/981
f 2596/546/961 2595/1223/960 2610/1226/974 2611/554/975
f 2604/1225/968 2603/1224/967 2618/569/981 2619/556/982
f 2597/1217/962 2596/546/961 2611/554/975 2612/1227/976
f 2605/1218/969 2604/1225/968 2619/556/982 2620/557/983
f 2598/550/963 2597/1217/962 2612/1227/976 2613/558/977
f 2606/1219/970 2605/1218/969 2620/557/983 2621/1228/984
f 2599/151/443 2598/550/963 2613/558/977 2614/153/458
f 2592/1220/957 2251/1017/33 2607/1229/971
f 2261/1018/105 2606/1219/970 2621/1228/984
f 2600/540/964 2599/151/443 2614/153/458 2615/563/978
f 2593/1221/958 2592/1220/957 2607/1229/971 2608/564/972
f 2620/590/983 2619/586/982 2634/1238/996 2635/591/997
f 2613/592/977 2612/1239/976 2627/1240/990 2628/852/991
f 2621/1230/984 2620/590/983 2635/591/997 2636/1231/998
f 2614/66/458 2613/592/977 2628/852/991 2629/69/473
f 2607/1232/971 2251/597/33 2622/1233/985
f 2261/599/105 2621/1230/984 2636/1231/998
f 2615/571/978 2614/66/458 2629/69/473 2630/838/992
f 2608/575/972 2607/1232/971 2622/1233/985 2623/576/986
f 2616/570/979 2615/571/978 2630/838/992 2631/573/993
f 2609/574/973 2608/575/972 2623/576/986 2624/1234/987
f 2617/578/980 2616/570/979 2631/573/993 2632/579/994
f 2610/1235/974 2609/574/973 2624/1234/987 2625/1236/988
f 2618/582/981 2617/578/980 2632/579/994 2633/1237/995
f 2611/584/975 2610/1235/974 2625/1236/988 2626/585/989
f 2619/586/982 2618/582/981 2633/1237/995 2634/1238/996
f 2612/1239/976 2611/584/975 2626/585/989 2627/1240/990
f 2632/579/994 2631/573/993 2646/610/1007 2647/612/1008
f 2625/1236/988 2624/1234/987 2639/1241/1001 2640/1242/1002
f 2633/1237/995 2632/579/994 2647/612/1008 2648/1243/1009
f 2626/585/989 2625/1236/988 2640/1242/1002 2641/615/1003
f 2634/1238/996 2633/1237/995 2648/1243/1009 2649/1244/1010
f 2627/1240/990 2626/585/989 2641/615/1003 2642/1245/1004
f 2635/591/997 2634/1238/996 2649/1244/1010 2650/1246/1011
f 2628/852/991 2627/1240/990 2642/1245/1004 2643/603/1005
f 2636/1231/998 2635/591/997 2650/1246/1011 2651/1247/1012
f 2629/69/473 2628/852/991 2643/603/1005 2644/71/488
f 2622/1233/985 2251/1034/33 2637/1248/999
f 2261/1036/105 2636/1231/998 2651/1247/1012
f 2630/838/992 2629/69/473 2644/71/488 2645/608/1006
f 2623/576/986 2622/1233/985 2637/1248/999 2638/1249/1000
f 2631/573/993 2630/838/992 2645/608/1006 2646/610/1007
f 2624/1234/987 2623/576/986 2638/1249/1000 2639/1241/1001
f 2651/1247/1012 2650/1246/1011 2665/625/1025 2666/1251/1026
f 2644/71/488 2643/603/1005 2658/626/1019 2659/73/503
f 2637/1248/999 2251/1050/33 2652/1250/1013
f 2261/1052/105 2651/1247/1012 2666/1251/1026
f 2645/608/1006 2644/71/488 2659/73/503 2660/631/1020
f 2638/1249/1000 2637/1248/999 2652/1250/1013 2653/616/1014
f 2646/610/1007 2645/608/1006 2660/631/1020 2661/618/1021
f 2639/1241/1001 2638/1249/1000 2653/616/1014 2654/1045/1015
f 2647/612/1008 2646/610/1007 2661/618/1021 2662/1252/1022
f 2640/1242/1002 2639/1241/1001 2654/1045/1015 2655/1253/1016
f 2648/1243/1009 2647/612/1008 2662/1252/1022 2663/1254/1023
f 2641/615/1003 2640/1242/1002 2655/1253/1016 2656/1046/1017
f 2649/1244/1010 2648/1243/1009 2663/1254/1023 2664/1047/1024
f 2642/1245/1004 2641/615/1003 2656/1046/1017 2657/1255/1018
f 2650/1246/1011 2649/1244/1010 2664/1047/1024 2665/625/1025
f 2643/603/1005 2642/1245/1004 2657/1255/1018 2658/626/1019
f 2655/1253/1016 2654/1045/1015 2669/1063/1029 2670/1258/1030
f 2663/1254/1023 2662/1252/1022 2677/1256/1036 2678/1257/1037
f 2656/1046/1017 2655/1253/1016 2670/1258/1030 2671/1064/1031
f 2664/1047/1024 2663/1254/1023 2678/1257/1037 2679/1053/1038
f 2657/1255/1018 2656/1046/1017 2671/1064/1031 2672/1259/1032
f 2665/625/1025 2664/1047/1024 2679/1053/1038 2680/634/1039
f 2658/626/1019 2657/1255/1018 2672/1259/1032 2673/633/1033
f 2666/1251/1026 2665/625/1025 2680/634/1039 2681/1260/1040
f 2659/73/503 2658/626/1019 2673/633/1033 2674/75/518
f 2652/1250/1013 2251/636/33 2667/1261/1027
f 2261/638/105 2666/1251/1026 2681/1260/1040
f 2660/631/1020 2659/73/503 2674/75/518 2675/639/1034
f 2653/616/1014 2652/1250/1013 2667/1261/1027 2668/640/1028
f 2661/618/1021 2660/631/1020 2675/639/1034 2676/641/1035
f 2654/1045/1015 2653/616/1014 2668/640/1028 2669/1063/1029
f 2662/1252/1022 2661/618/1021 2676/641/1035 2677/1256/1036
f 2674/75/518 2673/633/1033 2688/1270/1047 2689/77/533
f 2667/1261/1027 2251/1074/33 2682/1263/1638
f 2261/1076/105 2681/1260/1040 2696/1262/1054
f 2675/639/1034 2674/75/518 2689/77/533 2690/662/1048
f 2668/640/1028 2667/1261/1027 2682/1263/1638 2683/1078/1042
f 2676/641/1035 2675/639/1034 2690/662/1048 2691/1264/1049
f 2669/1063/1029 2668/640/1028 2683/1078/1042 2684/1265/1043
f 2677/1256/1036 2676/641/1035 2691/1264/1049 2692/1066/1050
f 2670/1258/1030 2669/1063/1029 2684/1265/1043 2685/1266/1044
f 2678/1257/1037 2677/1256/1036 2692/1066/1050 2693/1267/1051
f 2671/1064/1031 2670/1258/1030 2685/1266/1044 2686/1068/1045
f 2679/1053/1038 2678/1257/1037 2693/1267/1051 2694/1268/1052
f 2672/1259/1032 2671/1064/1031 2686/1068/1045 2687/1269/1046
f 2680/634/1039 2679/1053/1038 2694/1268/1052 2695/656/1053
f 2673/633/1033 2672/1259/1032 2687/1269/1046 2688/1270/1047
f 2681/1260/1040 2680/634/1039 2695/656/1053 2696/1262/1054
f 2693/1267/1051 2692/1066/1050 2707/1088/1064 2708/1271/1065
f 2686/1068/1045 2685/1266/1044 2700/1277/1058 2701/1091/1059
f 2694/1268/1052 2693/1267/1051 2708/1271/1065 2709/1272/1066
f 2687/1269/1046 2686/1068/1045 2701/1091/1059 2702/877/1060
f 2695/656/1053 2694/1268/1052 2709/1272/1066 2710/664/1067
f 2688/1270/1047 2687/1269/1046 2702/877/1060 2703/1273/1061
f 2696/1262/1054 2695/656/1053 2710/664/1067 2711/1274/1068
f 2689/77/533 2688/1270/1047 2703/1273/1061 2704/79/548
f 2682/1263/1638 2251/1081/33 2697/1275/1055
f 2261/1083/105 2696/1262/1054 2711/1274/1068
f 2690/662/1048 2689/77/533 2704/79/548 2705/670/1062
f 2683/1078/1042 2682/1263/1638 2697/1275/1055 2698/1085/1056
f 2691/1264/1049 2690/662/1048 2705/670/1062 2706/878/1063
f 2684/1265/1043 2683/1078/1042 2698/1085/1056 2699/1276/1057
f 2692/1066/1050 2691/1264/1049 2706/878/1063 2707/1088/1064
f 2685/1266/1044 2684/1265/1043 2699/1276/1057 2700/1277/1058
f 2697/1275/1055 2251/1099/33 2712/1278/1069
f 2261/1101/105 2711/1274/1068 2726/1284/1082
f 2705/670/1062 2704/79/548 2719/81/563 2720/692/1076
f 2698/1085/1056 2697/1275/1055 2712/1278/1069 2713/1279/1070
f 2706/878/1063 2705/670/1062 2720/692/1076 2721/883/1077
f 2699/1276/1057 2698/1085/1056 2713/1279/1070 2714/1093/1071
f 2707/1088/1064 2706/878/1063 2721/883/1077 2722/1094/1078
f 2700/1277/1058 2699/1276/1057 2714/1093/1071 2715/1280/1072
f 2708/1271/1065 2707/1088/1064 2722/1094/1078 2723/1281/1079
f 2701/1091/1059 2700/1277/1058 2715/1280/1072 2716/886/1073
f 2709/1272/1066 2708/1271/1065 2723/1281/1079 2724/1095/1080
f 2702/877/1060 2701/1091/1059 2716/886/1073 2717/888/1074
f 2710/664/1067 2709/1272/1066 2724/1095/1080 2725/1282/1081
f 2703/1273/1061 2702/877/1060 2717/888/1074 2718/1283/1075
f 2711/1274/1068 2710/664/1067 2725/1282/1081 2726/1284/1082
f 2704/79/548 2703/1273/1061 2718/1283/1075 2719/81/563
f 2716/886/1073 2715/1280/1072 2253/187/645 2729/729/1084
f 2724/1095/1080 2723/1281/1079 2730/1113/648 2260/193/1088
f 2717/888/1074 2716/886/1073 2729/729/1084 2254/195/646
f 2725/1282/1081 2724/1095/1080 2260/193/1088 2731/197/1089
f 2718/1283/1075 2717/888/1074 2254/195/646 2255/891/1085
f 2726/1284/1082 2725/1282/1081 2731/197/1089 2732/1115/1090
f 2719/81/563 2718/1283/1075 2255/891/1085 2256/83/575
f 2712/1278/1069 2251/1105/33 2727/1116/643
f 2261/1106/105 2726/1284/1082 2732/1115/1090
f 2720/692/1076 2719/81/563 2256/83/575 2257/177/1086
f 2713/1279/1070 2712/1278/1069 2727/1116/643 2728/894/1083
f 2721/883/1077 2720/692/1076 2257/177/1086 2258/181/647
f 2714/1093/1071 2713/1279/1070 2728/894/1083 2252/727/644
f 2722/1094/1078 2721/883/1077 2258/181/647 2259/185/1087
f 2715/1280/1072 2714/1093/1071 2252/727/644 2253/187/645
f 2723/1281/1079 2722/1094/1078 2259/185/1087 2730/1113/648
f 2733/66/579 2734/67/580 2736/68/582 2735/69/581
f 2735/69/581 2736/68/582 2738/70/584 2737/71/583
f 2737/71/583 2738/70/584 2740/72/586 2739/73/585
f 2739/73/585 2740/72/586 2742/74/588 2741/75/587
f 2741/75/587 2742/74/588 2744/76/590 2743/77/589
f 2743/77/589 2744/76/590 2746/78/592 2745/79/591
f 2745/79/591 2746/78/592 2748/80/594 2747/81/593
f 2747/81/593 2748/80/594 2750/82/596 2749/83/595
f 2749/83/595 2750/82/596 2752/84/598 2751/85/597
f 2751/85/597 2752/84/598 2754/86/600 2753/87/599
f 2753/87/599 2754/86/600 2756/88/602 2755/89/601
f 2755/89/601 2756/88/602 2758/90/604 2757/91/603
f 2757/91/603 2758/90/604 2760/92/606 2759/93/605
f 2759/93/605 2760/92/606 2762/94/608 2761/95/607
f 2761/95/607 2762/94/608 2764/96/610 2763/97/609
f 2763/97/609 2764/96/610 2766/98/612 2765/99/611
f 2765/99/611 2766/98/612 2768/100/614 2767/101/613
f 2767/101/613 2768/100/614 2770/102/616 2769/103/615
f 2769/103/615 2770/102/616 2772/104/618 2771/105/617
f 2771/105/617 2772/104/618 2774/106/620 2773/107/619
f 2773/107/619 2774/106/620 2776/108/622 2775/109/621
f 2775/109/621 2776/108/622 2778/110/624 2777/111/623
f 2777/111/623 2778/110/624 2780/112/626 2779/113/625
f 2779/113/625 2780/112/626 2782/114/628 2781/115/627
f 2781/115/627 2782/114/628 2784/116/630 2783/117/629
f 2783/117/629 2784/116/630 2786/118/632 2785/119/631
f 2785/119/631 2786/118/632 2788/120/634 2787/121/633
f 2787/121/633 2788/120/634 2790/122/636 2789/123/635
f 2789/123/635 2790/122/636 2792/124/638 2791/125/637
f 2791/125/637 2792/124/638 2794/126/640 2793/127/639
f 2736/3/582 2734/1/580 2796/65/642 2794/32/640 2792/31/638 2790/30/636 2788/1107/634 2786/28/632 2784/132/630 2782/26/628 2780/134/626 2778/24/624 2776/1108/622 2774/22/620 2772/1109/618 2770/20/616 2768/139/614 2766/18/612 2764/141/610 2762/16/608 2760/1110/606 2758/14/604 2756/13/602 2754/12/600 2752/11/598 2750/10/596 2748/9/594 2746/8/592 2744/7/590 2742/6/588 2740/5/586 2738/4/584
f 2793/127/639 2794/126/640 2796/150/642 2795/151/641
f 2795/151/641 2796/150/642 2734/152/580 2733/153/579
f 2733/33/579 2735/34/581 2737/35/583 2739/36/585 2741/37/587 2743/38/589 2745/39/591 2747/40/593 2749/41/595 2751/42/597 2753/43/599 2755/44/601 2757/45/603 2759/1111/605 2761/47/607 2763/160/609 2765/49/611 2767/162/613 2769/51/615 2771/1112/617 2773/53/619 2775/54/621 2777/55/623 2779/56/625 2781/57/627 2783/58/629 2785/59/631 2787/60/633 2789/61/635 2791/62/637 2793/63/639 2795/64/641
f 3273/187/645 2799/727/644 2809/184/651 2810/188/652
f 3276/189/648 2804/185/1087 2817/186/658 2818/190/659
f 3274/1285/1084 3273/187/645 2810/188/652 2811/192/653
f 2805/193/1088 3276/189/648 2818/190/659 2819/194/660
f 2800/195/646 3274/1285/1084 2811/192/653 2812/899/654
f 3277/197/1089 2805/193/1088 2819/194/660 2820/198/661
f 3275/1286/1085 2800/195/646 2812/899/654 2813/170/655
f 3278/1287/1090 3277/197/1089 2820/198/661 2821/890/662
f 2801/83/575 3275/1286/1085 2813/170/655 2814/85/113
f 2798/892/643 2797/172/33 2807/893/649
f 2806/174/105 3278/1287/1090 2821/890/662
f 2802/177/1086 2801/83/575 2814/85/113 2815/178/656
f 3272/894/1083 2798/892/643 2807/893/649 2808/180/650
f 2803/181/647 2802/177/1086 2815/178/656 2816/182/657
f 2799/727/644 3272/894/1083 2808/180/650 2809/184/651
f 2804/185/1087 2803/181/647 2816/182/657 2817/186/658
f 2816/182/657 2815/178/656 2830/207/670 2831/209/671
f 2809/184/651 2808/180/650 2823/208/664 2824/210/665
f 2817/186/658 2816/182/657 2831/209/671 2832/211/672
f 2810/188/652 2809/184/651 2824/210/665 2825/212/666
f 2818/190/659 2817/186/658 2832/211/672 2833/213/673
f 2811/192/653 2810/188/652 2825/212/666 2826/214/667
f 2819/194/660 2818/190/659 2833/213/673 2834/199/674
f 2812/899/654 2811/192/653 2826/214/667 2827/731/668
f 2820/198/661 2819/194/660 2834/199/674 2835/200/675
f 2813/170/655 2812/899/654 2827/731/668 2828/202/669
f 2821/890/662 2820/198/661 2835/200/675 2836/900/676
f 2814/85/113 2813/170/655 2828/202/669 2829/87/128
f 2807/893/649 2797/204/33 2822/901/663
f 2806/206/105 2821/890/662 2836/900/676
f 2815/178/656 2814/85/113 2829/87/128 2830/207/670
f 2808/180/650 2807/893/649 2822/901/663 2823/208/664
f 2835/200/675 2834/199/674 2849/221/688 2850/223/689
f 2828/202/669 2827/731/668 2842/222/682 2843/224/683
f 2836/900/676 2835/200/675 2850/223/689 2851/902/1704
f 2829/87/128 2828/202/669 2843/224/683 2844/89/143
f 2822/901/663 2797/226/33 2837/903/1703
f 2806/228/105 2836/900/676 2851/902/1704
f 2830/207/670 2829/87/128 2844/89/143 2845/229/684
f 2823/208/664 2822/901/663 2837/903/1703 2838/230/678
f 2831/209/671 2830/207/670 2845/229/684 2846/215/685
f 2824/210/665 2823/208/664 2838/230/678 2839/217/679
f 2832/211/672 2831/209/671 2846/215/685 2847/1120/686
f 2825/212/666 2824/210/665 2839/217/679 2840/218/680
f 2833/213/673 2832/211/672 2847/1120/686 2848/219/687
f 2826/214/667 2825/212/666 2840/218/680 2841/220/681
f 2834/199/674 2833/213/673 2848/219/687 2849/221/688
f 2827/731/668 2826/214/667 2841/220/681 2842/222/682
f 2847/1120/686 2846/215/685 2861/239/699 2862/241/700
f 2840/218/680 2839/217/679 2854/240/693 2855/1123/694
f 2848/219/687 2847/1120/686 2862/241/700 2863/243/701
f 2841/220/681 2840/218/680 2855/1123/694 2856/735/695
f 2849/221/688 2848/219/687 2863/243/701 2864/245/702
f 2842/222/682 2841/220/681 2856/735/695 2857/246/696
f 2850/223/689 2849/221/688 2864/245/702 2865/231/703
f 2843/224/683 2842/222/682 2857/246/696 2858/233/697
f 2851/902/1704 2850/223/689 2865/231/703 2866/904/704
f 2844/89/143 2843/224/683 2858/233/697 2859/91/158
f 2837/903/1703 2797/234/33 2852/905/691
f 2806/236/105 2851/902/1704 2866/904/704
f 2845/229/684 2844/89/143 2859/91/158 2860/237/698
f 2838/230/678 2837/903/1703 2852/905/691 2853/238/692
f 2846/215/685 2845/229/684 2860/237/698 2861/239/699
f 2839/217/679 2838/230/678 2853/238/692 2854/240/693
f 2866/904/704 2865/231/703 2880/254/717 2881/907/1706
f 2859/91/158 2858/233/697 2873/255/711 2874/93/173
f 2852/905/691 2797/257/33 2867/908/1705
f 2806/259/105 2866/904/704 2881/907/1706
f 2860/237/698 2859/91/158 2874/93/173 2875/260/712
f 2853/238/692 2852/905/691 2867/908/1705 2868/261/706
f 2861/239/699 2860/237/698 2875/260/712 2876/262/713
f 2854/240/693 2853/238/692 2868/261/706 2869/247/707
f 2862/241/700 2861/239/699 2876/262/713 2877/249/714
f 2855/1123/694 2854/240/693 2869/247/707 2870/1288/708
f 2863/243/701 2862/241/700 2877/249/714 2878/250/715
f 2856/735/695 2855/1123/694 2870/1288/708 2871/737/709
f 2864/245/702 2863/243/701 2878/250/715 2879/252/716
f 2857/246/696 2856/735/695 2871/737/709 2872/253/710
f 2865/231/703 2864/245/702 2879/252/716 2880/254/717
f 2858/233/697 2857/246/696 2872/253/710 2873/255/711
f 2870/1288/708 2869/247/707 2884/271/721 2885/1289/722
f 2878/250/715 2877/249/714 2892/272/728 2893/274/729
f 2871/737/709 2870/1288/708 2885/1289/722 2886/740/723
f 2879/252/716 2878/250/715 2893/274/729 2894/276/730
f 2872/253/710 2871/737/709 2886/740/723 2887/277/724
f 2880/254/717 2879/252/716 2894/276/730 2895/738/731
f 2873/255/711 2872/253/710 2887/277/724 2888/263/725
f 2881/907/1706 2880/254/717 2895/738/731 2896/1129/732
f 2874/93/173 2873/255/711 2888/263/725 2889/95/188
f 2867/908/1705 2797/264/33 2882/1130/719
f 2806/266/105 2881/907/1706 2896/1129/732
f 2875/260/712 2874/93/173 2889/95/188 2890/268/726
f 2868/261/706 2867/908/1705 2882/1130/719 2883/269/720
f 2876/262/713 2875/260/712 2890/268/726 2891/270/727
f 2869/247/707 2868/261/706 2883/269/720 2884/271/721
f 2877/249/714 2876/262/713 2891/270/727 2892/272/728
f 2889/95/188 2888/263/725 2903/286/739 2904/97/203
f 2882/1130/719 2797/288/33 2897/1131/733
f 2806/290/105 2896/1129/732 2911/1133/746
f 2890/268/726 2889/95/188 2904/97/203 2905/291/740
f 2883/269/720 2882/1130/719 2897/1131/733 2898/292/734
f 2891/270/727 2890/268/726 2905/291/740 2906/293/741
f 2884/271/721 2883/269/720 2898/292/734 2899/294/735
f 2892/272/728 2891/270/727 2906/293/741 2907/279/742
f 2885/1289/722 2884/271/721 2899/294/735 2900/1290/736
f 2893/274/729 2892/272/728 2907/279/742 2908/280/743
f 2886/740/723 2885/1289/722 2900/1290/736 2901/743/737
f 2894/276/730 2893/274/729 2908/280/743 2909/283/744
f 2887/277/724 2886/740/723 2901/743/737 2902/284/738
f 2895/738/731 2894/276/730 2909/283/744 2910/285/745
f 2888/263/725 2887/277/724 2902/284/738 2903/286/739
f 2896/1129/732 2895/738/731 2910/285/745 2911/1133/746
f 2908/280/743 2907/279/742 2922/303/756 2923/1137/757
f 2901/743/737 2900/1290/736 2915/1291/750 2916/749/751
f 2909/283/744 2908/280/743 2923/1137/757 2924/307/758
f 2902/284/738 2901/743/737 2916/749/751 2917/1292/752
f 2910/285/745 2909/283/744 2924/307/758 2925/919/759
f 2903/286/739 2902/284/738 2917/1292/752 2918/310/753
f 2911/1133/746 2910/285/745 2925/919/759 2926/1135/760
f 2904/97/203 2903/286/739 2918/310/753 2919/99/218
f 2897/1131/733 2797/295/33 2912/1136/747
f 2806/297/105 2911/1133/746 2926/1135/760
f 2905/291/740 2904/97/203 2919/99/218 2920/299/754
f 2898/292/734 2897/1131/733 2912/1136/747 2913/746/748
f 2906/293/741 2905/291/740 2920/299/754 2921/916/755
f 2899/294/735 2898/292/734 2913/746/748 2914/302/749
f 2907/279/742 2906/293/741 2921/916/755 2922/303/756
f 2900/1290/736 2899/294/735 2914/302/749 2915/1291/750
f 2912/1136/747 2797/319/33 2927/1140/761
f 2806/321/105 2926/1135/760 2941/1139/774
f 2920/299/754 2919/99/218 2934/101/233 2935/322/768
f 2913/746/748 2912/1136/747 2927/1140/761 2928/323/762
f 2921/916/755 2920/299/754 2935/322/768 2936/922/769
f 2914/302/749 2913/746/748 2928/323/762 2929/325/763
f 2922/303/756 2921/916/755 2936/922/769 2937/326/770
f 2915/1291/750 2914/302/749 2929/325/763 2930/1293/764
f 2923/1137/757 2922/303/756 2937/326/770 2938/1138/771
f 2916/749/751 2915/1291/750 2930/1293/764 2931/753/765
f 2924/307/758 2923/1137/757 2938/1138/771 2939/314/772
f 2917/1292/752 2916/749/751 2931/753/765 2932/1294/766
f 2925/919/759 2924/307/758 2939/314/772 2940/316/773
f 2918/310/753 2917/1292/752 2932/1294/766 2933/317/767
f 2926/1135/760 2925/919/759 2940/316/773 2941/1139/774
f 2919/99/218 2918/310/753 2933/317/767 2934/101/233
f 2931/753/765 2930/1293/764 2945/1295/778 2946/1144/779
f 2939/314/772 2938/1138/771 2953/1143/785 2954/336/786
f 2932/1294/766 2931/753/765 2946/1144/779 2947/1296/780
f 2940/316/773 2939/314/772 2954/336/786 2955/759/787
f 2933/317/767 2932/1294/766 2947/1296/780 2948/339/781
f 2941/1139/774 2940/316/773 2955/759/787 2956/1141/788
f 2934/101/233 2933/317/767 2948/339/781 2949/103/248
f 2927/1140/761 2797/341/33 2942/1142/775
f 2806/342/105 2941/1139/774 2956/1141/788
f 2935/322/768 2934/101/233 2949/103/248 2950/327/782
f 2928/323/762 2927/1140/761 2942/1142/775 2943/754/776
f 2936/922/769 2935/322/768 2950/327/782 2951/927/783
f 2929/325/763 2928/323/762 2943/754/776 2944/331/777
f 2937/326/770 2936/922/769 2951/927/783 2952/332/784
f 2930/1293/764 2929/325/763 2944/331/777 2945/1295/778
f 2938/1138/771 2937/326/770 2952/332/784 2953/1143/785
f 2950/327/782 2949/103/248 2964/105/263 2965/353/796
f 2943/754/776 2942/1142/775 2957/1147/1707 2958/354/790
f 2951/927/783 2950/327/782 2965/353/796 2966/1297/797
f 2944/331/777 2943/754/776 2958/354/790 2959/356/791
f 2952/332/784 2951/927/783 2966/1297/797 2967/935/798
f 2945/1295/778 2944/331/777 2959/356/791 2960/1298/792
f 2953/1143/785 2952/332/784 2967/935/798 2968/343/799
f 2946/1144/779 2945/1295/778 2960/1298/792 2961/1299/793
f 2954/336/786 2953/1143/785 2968/343/799 2969/344/800
f 2947/1296/780 2946/1144/779 2961/1299/793 2962/1300/794
f 2955/759/787 2954/336/786 2969/344/800 2970/347/801
f 2948/339/781 2947/1296/780 2962/1300/794 2963/348/795
f 2956/1141/788 2955/759/787 2970/347/801 2971/1145/1708
f 2949/103/248 2948/339/781 2963/348/795 2964/105/263
f 2942/1142/775 2797/350/33 2957/1147/1707
f 2806/352/105 2956/1141/788 2971/1145/1708
f 2969/344/800 2968/343/799 2983/365/813 2984/367/814
f 2962/1300/794 2961/1299/793 2976/1301/807 2977/1302/808
f 2970/347/801 2969/344/800 2984/367/814 2985/369/815
f 2963/348/795 2962/1300/794 2977/1302/808 2978/370/809
f 2971/1145/1708 2970/347/801 2985/369/815 2986/371/816
f 2964/105/263 2963/348/795 2978/370/809 2979/107/278
f 2957/1147/1707 2797/372/33 2972/373/803
f 2806/374/105 2971/1145/1708 2986/371/816
f 2965/353/796 2964/105/263 2979/107/278 2980/359/810
f 2958/354/790 2957/1147/1707 2972/373/803 2973/361/804
f 2966/1297/797 2965/353/796 2980/359/810 2981/1303/811
f 2959/356/791 2958/354/790 2973/361/804 2974/362/805
f 2967/935/798 2966/1297/797 2981/1303/811 2982/764/812
f 2960/1298/792 2959/356/791 2974/362/805 2975/1304/806
f 2968/343/799 2967/935/798 2982/764/812 2983/365/813
f 2961/1299/793 2960/1298/792 2975/1304/806 2976/1301/807
f 2981/1303/811 2980/359/810 2995/383/824 2996/1305/825
f 2974/362/805 2973/361/804 2988/384/818 2989/938/819
f 2982/764/812 2981/1303/811 2996/1305/825 2997/772/826
f 2975/1304/806 2974/362/805 2989/938/819 2990/1306/820
f 2983/365/813 2982/764/812 2997/772/826 2998/389/827
f 2976/1301/807 2975/1304/806 2990/1306/820 2991/937/821
f 2984/367/814 2983/365/813 2998/389/827 2999/375/828
f 2977/1302/808 2976/1301/807 2991/937/821 2992/1307/822
f 2985/369/815 2984/367/814 2999/375/828 3000/376/829
f 2978/370/809 2977/1302/808 2992/1307/822 2993/378/823
f 2986/371/816 2985/369/815 3000/376/829 3001/379/1637
f 2979/107/278 2978/370/809 2993/378/823 2994/109/293
f 2972/373/803 2797/380/33 2987/381/1636
f 2806/382/105 2986/371/816 3001/379/1637
f 2980/359/810 2979/107/278 2994/109/293 2995/383/824
f 2973/361/804 2972/373/803 2987/381/1636 2988/384/818
f 3000/376/829 2999/375/828 3014/398/842 3015/400/843
f 2993/378/823 2992/1307/822 3007/1308/836 3008/401/837
f 3001/379/1637 3000/376/829 3015/400/843 3016/402/844
f 2994/109/293 2993/378/823 3008/401/837 3009/111/308
f 2987/381/1636 2797/403/33 3002/404/831
f 2806/405/105 3001/379/1637 3016/402/844
f 2995/383/824 2994/109/293 3009/111/308 3010/406/838
f 2988/384/818 2987/381/1636 3002/404/831 3003/391/832
f 2996/1305/825 2995/383/824 3010/406/838 3011/1309/839
f 2989/938/819 2988/384/818 3003/391/832 3004/940/833
f 2997/772/826 2996/1305/825 3011/1309/839 3012/773/840
f 2990/1306/820 2989/938/819 3004/940/833 3005/1310/834
f 2998/389/827 2997/772/826 3012/773/840 3013/1162/841
f 2991/937/821 2990/1306/820 3005/1310/834 3006/942/835
f 2999/375/828 2998/389/827 3013/1162/841 3014/398/842
f 2992/1307/822 2991/937/821 3006/942/835 3007/1308/836
f 3004/940/833 3003/391/832 3018/1311/846 3019/1312/847
f 3012/773/840 3011/1309/839 3026/1313/853 3027/778/854
f 3005/1310/834 3004/940/833 3019/1312/847 3020/1314/848
f 3013/1162/841 3012/773/840 3027/778/854 3028/1315/855
f 3006/942/835 3005/1310/834 3020/1314/848 3021/950/849
f 3014/398/842 3013/1162/841 3028/1315/855 3029/422/856
f 3007/1308/836 3006/942/835 3021/950/849 3022/1316/850
f 3015/400/843 3014/398/842 3029/422/856 3030/1317/857
f 3008/401/837 3007/1308/836 3022/1316/850 3023/408/851
f 3016/402/844 3015/400/843 3030/1317/857 3031/410/858
f 3009/111/308 3008/401/837 3023/408/851 3024/113/323
f 3002/404/831 2797/411/33 3017/412/845
f 2806/413/105 3016/402/844 3031/410/858
f 3010/406/838 3009/111/308 3024/113/323 3025/414/852
f 3003/391/832 3002/404/831 3017/412/845 3018/1311/846
f 3011/1309/839 3010/406/838 3025/414/852 3026/1313/853
f 3023/408/851 3022/1316/850 3037/959/864 3038/786/865
f 3031/410/858 3030/1317/857 3045/431/871 3046/787/872
f 3024/113/323 3023/408/851 3038/786/865 3039/115/338
f 3017/412/845 2797/434/33 3032/788/859
f 2806/436/105 3031/410/858 3046/787/872
f 3025/414/852 3024/113/323 3039/115/338 3040/780/866
f 3018/1311/846 3017/412/845 3032/788/859 3033/438/860
f 3026/1313/853 3025/414/852 3040/780/866 3041/953/867
f 3019/1312/847 3018/1311/846 3033/438/860 3034/1318/861
f 3027/778/854 3026/1313/853 3041/953/867 3042/954/868
f 3020/1314/848 3019/1312/847 3034/1318/861 3035/1319/862
f 3028/1315/855 3027/778/854 3042/954/868 3043/2/869
f 3021/950/849 3020/1314/848 3035/1319/862 3036/1320/863
f 3029/422/856 3028/1315/855 3043/2/869 3044/429/870
f 3022/1316/850 3021/950/849 3036/1320/863 3037/959/864
f 3030/1317/857 3029/422/856 3044/429/870 3045/431/871
f 3042/954/868 3041/953/867 3056/1321/881 3057/789/882
f 3035/1319/862 3034/1318/861 3049/1322/875 3050/1323/876
f 3043/2/869 3042/954/868 3057/789/882 3058/1324/883
f 3036/1320/863 3035/1319/862 3050/1323/876 3051/452/877
f 3044/429/870 3043/2/869 3058/1324/883 3059/453/884
f 3037/959/864 3036/1320/863 3051/452/877 3052/1325/878
f 3045/431/871 3044/429/870 3059/453/884 3060/439/885
f 3038/786/865 3037/959/864 3052/1325/878 3053/441/879
f 3046/787/872 3045/431/871 3060/439/885 3061/440/886
f 3039/115/338 3038/786/865 3053/441/879 3054/117/353
f 3032/788/859 2797/442/33 3047/443/873
f 2806/444/105 3046/787/872 3061/440/886
f 3040/780/866 3039/115/338 3054/117/353 3055/445/880
f 3033/438/860 3032/788/859 3047/443/873 3048/446/874
f 3041/953/867 3040/780/866 3055/445/880 3056/1321/881
f 3034/1318/861 3033/438/860 3048/446/874 3049/1322/875
f 3061/440/886 3060/439/885 3075/462/899 3076/972/900
f 3054/117/353 3053/441/879 3068/463/893 3069/119/368
f 3047/443/873 2797/973/33 3062/974/887
f 2806/975/105 3061/440/886 3076/972/900
f 3055/445/880 3054/117/353 3069/119/368 3070/468/894
f 3048/446/874 3047/443/873 3062/974/887 3063/469/888
f 3056/1321/881 3055/445/880 3070/468/894 3071/1326/895
f 3049/1322/875 3048/446/874 3063/469/888 3064/1327/889
f 3057/789/882 3056/1321/881 3071/1326/895 3072/1328/896
f 3050/1323/876 3049/1322/875 3064/1327/889 3065/1329/890
f 3058/1324/883 3057/789/882 3072/1328/896 3073/1330/897
f 3051/452/877 3050/1323/876 3065/1329/890 3066/970/891
f 3059/453/884 3058/1324/883 3073/1330/897 3074/460/898
f 3052/1325/878 3051/452/877 3066/970/891 3067/1331/892
f 3060/439/885 3059/453/884 3074/460/898 3075/462/899
f 3053/441/879 3052/1325/878 3067/1331/892 3068/463/893
f 3065/1329/890 3064/1327/889 3079/1332/903 3080/1333/904
f 3073/1330/897 3072/1328/896 3087/481/910 3088/1334/911
f 3066/970/891 3065/1329/890 3080/1333/904 3081/484/905
f 3074/460/898 3073/1330/897 3088/1334/911 3089/805/912
f 3067/1331/892 3066/970/891 3081/484/905 3082/486/906
f 3075/462/899 3074/460/898 3089/805/912 3090/487/913
f 3068/463/893 3067/1331/892 3082/486/906 3083/471/907
f 3076/972/900 3075/462/899 3090/487/913 3091/799/914
f 3069/119/368 3068/463/893 3083/471/907 3084/977/383
f 3062/974/887 2797/473/33 3077/800/901
f 2806/475/105 3076/972/900 3091/799/914
f 3070/468/894 3069/119/368 3084/977/383 3085/477/908
f 3063/469/888 3062/974/887 3077/800/901 3078/478/902
f 3071/1326/895 3070/468/894 3085/477/908 3086/479/909
f 3064/1327/889 3063/469/888 3078/478/902 3079/1332/903
f 3072/1328/896 3071/1326/895 3086/479/909 3087/481/910
f 3084/977/383 3083/471/907 3098/495/921 3099/1335/398
f 3077/800/901 2797/987/33 3092/498/915
f 2806/989/105 3091/799/914 3106/496/928
f 3085/477/908 3084/977/383 3099/1335/398 3100/500/922
f 3078/478/902 3077/800/901 3092/498/915 3093/1198/916
f 3086/479/909 3085/477/908 3100/500/922 3101/812/923
f 3079/1332/903 3078/478/902 3093/1198/916 3094/1336/917
f 3087/481/910 3086/479/909 3101/812/923 3102/1337/924
f 3080/1333/904 3079/1332/903 3094/1336/917 3095/1338/918
f 3088/1334/911 3087/481/910 3102/1337/924 3103/1339/925
f 3081/484/905 3080/1333/904 3095/1338/918 3096/983/919
f 3089/805/912 3088/1334/911 3103/1339/925 3104/810/926
f 3082/486/906 3081/484/905 3096/983/919 3097/811/920
f 3090/487/913 3089/805/912 3104/810/926 3105/984/927
f 3083/471/907 3082/486/906 3097/811/920 3098/495/921
f 3091/799/914 3090/487/913 3105/984/927 3106/496/928
f 3103/1339/925 3102/1337/924 3117/512/938 3118/1340/939
f 3096/983/919 3095/1338/918 3110/1341/932 3111/515/933
f 3104/810/926 3103/1339/925 3118/1340/939 3119/817/940
f 3097/811/920 3096/983/919 3111/515/933 3112/1342/934
f 3105/984/927 3104/810/926 3119/817/940 3120/1343/941
f 3098/495/921 3097/811/920 3112/1342/934 3113/1344/935
f 3106/496/928 3105/984/927 3120/1343/941 3121/505/1710
f 3099/1335/398 3098/495/921 3113/1344/935 3114/125/413
f 3092/498/915 2797/520/33 3107/508/1709
f 2806/504/105 3106/496/928 3121/505/1710
f 3100/500/922 3099/1335/398 3114/125/413 3115/507/936
f 3093/1198/916 3092/498/915 3107/508/1709 3108/1345/930
f 3101/812/923 3100/500/922 3115/507/936 3116/1346/937
f 3094/1336/917 3093/1198/916 3108/1345/930 3109/1347/931
f 3102/1337/924 3101/812/923 3116/1346/937 3117/512/938
f 3095/1338/918 3094/1336/917 3109/1347/931 3110/1341/932
f 2806/531/105 3121/505/1710 3136/823/956
f 3115/507/936 3114/125/413 3129/127/428 3130/532/950
f 3108/1345/930 3107/508/1709 3122/824/943 3123/533/944
f 3116/1346/937 3115/507/936 3130/532/950 3131/534/951
f 3109/1347/931 3108/1345/930 3123/533/944 3124/1348/945
f 3117/512/938 3116/1346/937 3131/534/951 3132/536/952
f 3110/1341/932 3109/1347/931 3124/1348/945 3125/1349/946
f 3118/1340/939 3117/512/938 3132/536/952 3133/1350/953
f 3111/515/933 3110/1341/932 3125/1349/946 3126/523/947
f 3119/817/940 3118/1340/939 3133/1350/953 3134/822/954
f 3112/1342/934 3111/515/933 3126/523/947 3127/524/948
f 3120/1343/941 3119/817/940 3134/822/954 3135/525/955
f 3113/1344/935 3112/1342/934 3127/524/948 3128/1351/949
f 3121/505/1710 3120/1343/941 3135/525/955 3136/823/956
f 3114/125/413 3113/1344/935 3128/1351/949 3129/127/428
f 3107/508/1709 2797/529/33 3122/824/943
f 3134/822/954 3133/1350/953 3148/1352/967 3149/547/968
f 3127/524/948 3126/523/947 3141/1013/961 3142/548/962
f 3135/525/955 3134/822/954 3149/547/968 3150/1218/969
f 3128/1351/949 3127/524/948 3142/548/962 3143/1353/963
f 3136/823/956 3135/525/955 3150/1218/969 3151/1015/970
f 3129/127/428 3128/1351/949 3143/1353/963 3144/1005/443
f 3122/824/943 2797/826/33 3137/1007/957
f 2806/827/105 3136/823/956 3151/1015/970
f 3130/532/950 3129/127/428 3144/1005/443 3145/540/964
f 3123/533/944 3122/824/943 3137/1007/957 3138/1354/958
f 3131/534/951 3130/532/950 3145/540/964 3146/541/965
f 3124/1348/945 3123/533/944 3138/1354/958 3139/542/959
f 3132/536/952 3131/534/951 3146/541/965 3147/1355/966
f 3125/1349/946 3124/1348/945 3139/542/959 3140/1356/960
f 3133/1350/953 3132/536/952 3147/1355/966 3148/1352/967
f 3126/523/947 3125/1349/946 3140/1356/960 3141/1013/961
f 3138/1354/958 3137/1007/957 3152/561/971 3153/1019/972
f 3146/541/965 3145/540/964 3160/563/978 3161/565/979
f 3139/542/959 3138/1354/958 3153/1019/972 3154/1357/973
f 3147/1355/966 3146/541/965 3161/565/979 3162/567/980
f 3140/1356/960 3139/542/959 3154/1357/973 3155/1358/974
f 3148/1352/967 3147/1355/966 3162/567/980 3163/1359/981
f 3141/1013/961 3140/1356/960 3155/1358/974 3156/554/975
f 3149/547/968 3148/1352/967 3163/1359/981 3164/835/982
f 3142/548/962 3141/1013/961 3156/554/975 3157/555/976
f 3150/1218/969 3149/547/968 3164/835/982 3165/557/983
f 3143/1353/963 3142/548/962 3157/555/976 3158/1016/977
f 3151/1015/970 3150/1218/969 3165/557/983 3166/559/984
f 3144/1005/443 3143/1353/963 3158/1016/977 3159/153/458
f 3137/1007/957 2797/560/33 3152/561/971
f 2806/562/105 3151/1015/970 3166/559/984
f 3145/540/964 3144/1005/443 3159/153/458 3160/563/978
f 3157/588/976 3156/584/975 3171/1360/989 3172/589/990
f 3165/590/983 3164/849/982 3179/850/996 3180/591/997
f 3158/1028/977 3157/588/976 3172/589/990 3173/1361/991
f 3166/594/984 3165/590/983 3180/591/997 3181/853/998
f 3159/66/458 3158/1028/977 3173/1361/991 3174/1030/473
f 3152/596/971 2797/597/33 3167/839/985
f 2806/599/105 3166/594/984 3181/853/998
f 3160/571/978 3159/66/458 3174/1030/473 3175/838/992
f 3153/1022/972 3152/596/971 3167/839/985 3168/1023/986
f 3161/570/979 3160/571/978 3175/838/992 3176/573/993
f 3154/1362/973 3153/1022/972 3168/1023/986 3169/1363/987
f 3162/578/980 3161/570/979 3176/573/993 3177/1364/994
f 3155/1365/974 3154/1362/973 3169/1363/987 3170/1366/988
f 3163/1367/981 3162/578/980 3177/1364/994 3178/1368/995
f 3156/584/975 3155/1365/974 3170/1366/988 3171/1360/989
f 3164/849/982 3163/1367/981 3178/1368/995 3179/850/996
f 3176/573/993 3175/838/992 3190/608/1006 3191/1369/1007
f 3169/1363/987 3168/1023/986 3183/1370/1000 3184/1371/1001
f 3177/1364/994 3176/573/993 3191/1369/1007 3192/1372/1008
f 3170/1366/988 3169/1363/987 3184/1371/1001 3185/1373/1002
f 3178/1368/995 3177/1364/994 3192/1372/1008 3193/1374/1009
f 3171/1360/989 3170/1366/988 3185/1373/1002 3186/1031/1003
f 3179/850/996 3178/1368/995 3193/1374/1009 3194/855/1010
f 3172/589/990 3171/1360/989 3186/1031/1003 3187/1375/1004
f 3180/591/997 3179/850/996 3194/855/1010 3195/1246/1011
f 3173/1361/991 3172/589/990 3187/1375/1004 3188/1376/1005
f 3181/853/998 3180/591/997 3195/1246/1011 3196/604/1012
f 3174/1030/473 3173/1361/991 3188/1376/1005 3189/1377/488
f 3167/839/985 2797/605/33 3182/606/999
f 2806/607/105 3181/853/998 3196/604/1012
f 3175/838/992 3174/1030/473 3189/1377/488 3190/608/1006
f 3168/1023/986 3167/839/985 3182/606/999 3183/1370/1000
f 3195/1246/1011 3194/855/1010 3209/1378/1024 3210/625/1025
f 3188/1376/1005 3187/1375/1004 3202/1379/1018 3203/1048/1019
f 3196/604/1012 3195/1246/1011 3210/625/1025 3211/627/1026
f 3189/1377/488 3188/1376/1005 3203/1048/1019 3204/73/503
f 3182/606/999 2797/628/33 3197/629/1013
f 2806/630/105 3196/604/1012 3211/627/1026
f 3190/608/1006 3189/1377/488 3204/73/503 3205/631/1020
f 3183/1370/1000 3182/606/999 3197/629/1013 3198/1044/1014
f 3191/1369/1007 3190/608/1006 3205/631/1020 3206/1380/1021
f 3184/1371/1001 3183/1370/1000 3198/1044/1014 3199/1381/1015
f 3192/1372/1008 3191/1369/1007 3206/1380/1021 3207/1252/1022
f 3185/1373/1002 3184/1371/1001 3199/1381/1015 3200/1382/1016
f 3193/1374/1009 3192/1372/1008 3207/1252/1022 3208/1383/1023
f 3186/1031/1003 3185/1373/1002 3200/1382/1016 3201/1046/1017
f 3194/855/1010 3193/1374/1009 3208/1383/1023 3209/1378/1024
f 3187/1375/1004 3186/1031/1003 3201/1046/1017 3202/1379/1018
f 3199/1381/1015 3198/1044/1014 3213/1061/1028 3214/1063/1029
f 3207/1252/1022 3206/1380/1021 3221/641/1035 3222/1384/1036
f 3200/1382/1016 3199/1381/1015 3214/1063/1029 3215/1385/1030
f 3208/1383/1023 3207/1252/1022 3222/1384/1036 3223/1386/1037
f 3201/1046/1017 3200/1382/1016 3215/1385/1030 3216/1387/1031
f 3209/1378/1024 3208/1383/1023 3223/1386/1037 3224/1053/1038
f 3202/1379/1018 3201/1046/1017 3216/1387/1031 3217/632/1032
f 3210/625/1025 3209/1378/1024 3224/1053/1038 3225/634/1039
f 3203/1048/1019 3202/1379/1018 3217/632/1032 3218/1054/1033
f 3211/627/1026 3210/625/1025 3225/634/1039 3226/635/1040
f 3204/73/503 3203/1048/1019 3218/1054/1033 3219/1056/518
f 3197/629/1013 2797/636/33 3212/637/1027
f 2806/638/105 3211/627/1026 3226/635/1040
f 3205/631/1020 3204/73/503 3219/1056/518 3220/1060/1034
f 3198/1044/1014 3197/629/1013 3212/637/1027 3213/1061/1028
f 3206/1380/1021 3205/631/1020 3220/1060/1034 3221/641/1035
f 3218/1054/1033 3217/632/1032 3232/1070/1046 3233/657/1047
f 3226/635/1040 3225/634/1039 3240/1388/1053 3241/658/1054
f 3219/1056/518 3218/1054/1033 3233/657/1047 3234/1073/533
f 3212/637/1027 2797/659/33 3227/660/1638
f 2806/661/105 3226/635/1040 3241/658/1054
f 3220/1060/1034 3219/1056/518 3234/1073/533 3235/662/1048
f 3213/1061/1028 3212/637/1027 3227/660/1638 3228/1389/1042
f 3221/641/1035 3220/1060/1034 3235/662/1048 3236/1264/1049
f 3214/1063/1029 3213/1061/1028 3228/1389/1042 3229/1067/1043
f 3222/1384/1036 3221/641/1035 3236/1264/1049 3237/1390/1050
f 3215/1385/1030 3214/1063/1029 3229/1067/1043 3230/1391/1044
f 3223/1386/1037 3222/1384/1036 3237/1390/1050 3238/1392/1051
f 3216/1387/1031 3215/1385/1030 3230/1391/1044 3231/1393/1045
f 3224/1053/1038 3223/1386/1037 3238/1392/1051 3239/1069/1052
f 3217/632/1032 3216/1387/1031 3231/1393/1045 3232/1070/1046
f 3225/634/1039 3224/1053/1038 3239/1069/1052 3240/1388/1053
f 3237/1390/1050 3236/1264/1049 3251/878/1063 3252/1394/1064
f 3230/1391/1044 3229/1067/1043 3244/1087/1057 3245/1395/1058
f 3238/1392/1051 3237/1390/1050 3252/1394/1064 3253/1396/1065
f 3231/1393/1045 3230/1391/1044 3245/1395/1058 3246/1397/1059
f 3239/1069/1052 3238/1392/1051 3253/1396/1065 3254/1092/1066
f 3232/1070/1046 3231/1393/1045 3246/1397/1059 3247/877/1060
f 3240/1388/1053 3239/1069/1052 3254/1092/1066 3255/1398/1067
f 3233/657/1047 3232/1070/1046 3247/877/1060 3248/666/1061
f 3241/658/1054 3240/1388/1053 3255/1398/1067 3256/665/1068
f 3234/1073/533 3233/657/1047 3248/666/1061 3249/1399/548
f 3227/660/1638 2797/667/33 3242/668/1055
f 2806/669/105 3241/658/1054 3256/665/1068
f 3235/662/1048 3234/1073/533 3249/1399/548 3250/670/1062
f 3228/1389/1042 3227/660/1638 3242/668/1055 3243/1400/1711
f 3236/1264/1049 3235/662/1048 3250/670/1062 3251/878/1063
f 3229/1067/1043 3228/1389/1042 3243/1400/1711 3244/1087/1057
f 3256/665/1068 3255/1398/1067 3270/1282/1081 3271/688/1082
f 3249/1399/548 3248/666/1061 3263/1096/1075 3264/1098/563
f 3242/668/1055 2797/689/33 3257/690/1069
f 2806/691/105 3256/665/1068 3271/688/1082
f 3250/670/1062 3249/1399/548 3264/1098/563 3265/1102/1076
f 3243/1400/1711 3242/668/1055 3257/690/1069 3258/1279/1070
f 3251/878/1063 3250/670/1062 3265/1102/1076 3266/883/1077
f 3244/1087/1057 3243/1400/1711 3258/1279/1070 3259/1093/1071
f 3252/1394/1064 3251/878/1063 3266/883/1077 3267/1401/1078
f 3245/1395/1058 3244/1087/1057 3259/1093/1071 3260/1402/1072
f 3253/1396/1065 3252/1394/1064 3267/1401/1078 3268/1403/1079
f 3246/1397/1059 3245/1395/1058 3260/1402/1072 3261/1404/1073
f 3254/1092/1066 3253/1396/1065 3268/1403/1079 3269/1095/1080
f 3247/877/1060 3246/1397/1059 3261/1404/1073 3262/888/1074
f 3255/1398/1067 3254/1092/1066 3269/1095/1080 3270/1282/1081
f 3248/666/1061 3247/877/1060 3262/888/1074 3263/1096/1075
f 3268/1403/1079 3267/1401/1078 2804/185/1087 3276/189/648
f 3261/1404/1073 3260/1402/1072 3273/187/645 3274/1285/1084
f 3269/1095/1080 3268/1403/1079 3276/189/648 2805/193/1088
f 3262/888/1074 3261/1404/1073 3274/1285/1084 2800/195/646
f 3270/1282/1081 3269/1095/1080 2805/193/1088 3277/197/1089
f 3263/1096/1075 3262/888/1074 2800/195/646 3275/1286/1085
f 3271/688/1082 3270/1282/1081 3277/197/1089 3278/1287/1090
f 3264/1098/563 3263/1096/1075 3275/1286/1085 2801/83/575
f 3257/690/1069 2797/696/33 2798/892/643
f 2806/697/105 3271/688/1082 3278/1287/1090
f 3265/1102/1076 3264/1098/563 2801/83/575 2802/177/1086
f 3258/1279/1070 3257/690/1069 2798/892/643 3272/894/1083
f 3266/883/1077 3265/1102/1076 2802/177/1086 2803/181/647
f 3259/1093/1071 3258/1279/1070 3272/894/1083 2799/727/644
f 3267/1401/1078 3266/883/1077 2803/181/647 2804/185/1087
f 3260/1402/1072 3259/1093/1071 2799/727/644 3273/187/645
