# axis-converted-to-Y-up
# Blender 5.1.1
# www.blender.org
mtllib mob_wewe.mtl
o WeweGombel
v -0.000000 0.252873 0.737082
v -0.000000 1.472758 0.046459
v -0.184365 0.235934 0.690677
v -0.069137 1.466406 0.029057
v -0.319330 0.189655 0.563894
v -0.119749 1.449051 -0.018486
v -0.368730 0.126437 0.390707
v -0.138274 1.425344 -0.083431
v -0.319330 0.063218 0.217519
v -0.119749 1.401637 -0.148377
v -0.184365 0.016939 0.090737
v -0.069137 1.384282 -0.195920
v -0.000000 0.000000 0.044331
v 0.000000 1.377930 -0.213322
v 0.184365 0.016939 0.090737
v 0.069137 1.384282 -0.195920
v 0.319330 0.063218 0.217519
v 0.119749 1.401637 -0.148377
v 0.368730 0.126437 0.390707
v 0.138274 1.425344 -0.083431
v 0.319330 0.189655 0.563894
v 0.119749 1.449051 -0.018486
v 0.184365 0.235934 0.690677
v 0.069137 1.466406 0.029058
v 0.000000 1.083166 -0.215093
v -0.166760 1.210557 -0.336250
v 0.063695 1.210557 -0.411131
v 0.206126 1.210558 -0.215093
v 0.063695 1.210557 -0.019055
v -0.166760 1.210557 -0.093936
v -0.063695 1.416687 -0.411131
v 0.166760 1.416687 -0.336250
v 0.166760 1.416687 -0.093936
v -0.063695 1.416687 -0.019055
v -0.206126 1.416686 -0.215093
v 0.000000 1.544079 -0.215093
v 0.037439 1.117584 -0.330320
v -0.098019 1.117584 -0.286306
v -0.060580 1.192463 -0.401535
v -0.196037 1.192463 -0.215093
v -0.098019 1.117584 -0.143879
v 0.121158 1.117584 -0.215093
v 0.158598 1.192463 -0.330320
v 0.037439 1.117584 -0.099865
v 0.158598 1.192463 -0.099865
v -0.060580 1.192463 -0.028651
v -0.219177 1.313622 -0.286307
v -0.219177 1.313622 -0.143879
v 0.000000 1.313622 -0.445549
v -0.135459 1.313622 -0.401536
v 0.219177 1.313622 -0.286307
v 0.135459 1.313622 -0.401536
v 0.135459 1.313622 -0.028650
v 0.219177 1.313622 -0.143879
v -0.135459 1.313622 -0.028650
v -0.000000 1.313622 0.015364
v -0.158598 1.434782 -0.330320
v 0.060580 1.434782 -0.401535
v 0.196037 1.434782 -0.215093
v 0.060580 1.434782 -0.028651
v -0.158598 1.434782 -0.099865
v -0.037439 1.509661 -0.330320
v -0.121158 1.509661 -0.215093
v 0.098019 1.509661 -0.286306
v 0.098019 1.509661 -0.143879
v -0.037439 1.509661 -0.099865
v -0.000000 1.085931 0.115228
v -0.155643 1.190562 0.019110
v 0.059449 1.190562 -0.040295
v 0.192384 1.190563 0.115228
v 0.059449 1.190562 0.270752
v -0.155643 1.190562 0.211346
v -0.059449 1.359863 -0.040295
v 0.155643 1.359863 0.019110
v 0.155643 1.359863 0.211346
v -0.059449 1.359863 0.270752
v -0.192384 1.359863 0.115228
v -0.000000 1.464494 0.115228
v 0.034943 1.114200 0.023815
v -0.091484 1.114200 0.058732
v -0.056541 1.175700 -0.032683
v -0.182968 1.175701 0.115228
v -0.091484 1.114200 0.171725
v 0.113080 1.114200 0.115228
v 0.148025 1.175701 0.023815
v 0.034943 1.114200 0.206642
v 0.148025 1.175701 0.206642
v -0.056541 1.175700 0.263139
v -0.204565 1.275213 0.058732
v -0.204566 1.275213 0.171725
v 0.000000 1.275213 -0.067601
v -0.126428 1.275213 -0.032683
v 0.204565 1.275213 0.058732
v 0.126428 1.275213 -0.032683
v 0.126428 1.275213 0.263140
v 0.204565 1.275213 0.171725
v -0.126428 1.275213 0.263140
v -0.000000 1.275213 0.298057
v -0.148025 1.374725 0.023815
v 0.056541 1.374725 -0.032683
v 0.182968 1.374725 0.115228
v 0.056541 1.374725 0.263139
v -0.148025 1.374725 0.206642
v -0.034943 1.436226 0.023815
v -0.113080 1.436226 0.115228
v 0.091484 1.436226 0.058732
v 0.091484 1.436226 0.171725
v -0.034943 1.436226 0.206642
v -0.000000 1.418421 0.284994
v -0.000000 1.741327 0.185107
v -0.048888 1.412437 0.265649
v -0.048888 1.735343 0.165762
v -0.069137 1.397989 0.218944
v -0.069137 1.720896 0.119058
v -0.048888 1.383542 0.172241
v -0.048888 1.706448 0.072354
v -0.000000 1.377558 0.152896
v -0.000000 1.700464 0.053009
v 0.048887 1.383542 0.172241
v 0.048888 1.706448 0.072354
v 0.069137 1.397989 0.218944
v 0.069137 1.720896 0.119058
v 0.048887 1.412437 0.265649
v 0.048887 1.735343 0.165762
v -0.000000 1.534476 0.268866
v -0.194554 1.675669 0.138824
v 0.074311 1.675669 0.058452
v 0.240481 1.675670 0.268866
v 0.074311 1.675669 0.479280
v -0.194554 1.675669 0.398908
v -0.074311 1.904129 0.058452
v 0.194554 1.904129 0.138824
v 0.194554 1.904129 0.398908
v -0.074312 1.904129 0.479280
v -0.240481 1.904128 0.268866
v -0.000000 2.045321 0.268866
v 0.069351 1.649241 0.072499
v 0.062598 1.621954 0.091620
v 0.053958 1.595675 0.116082
v 0.043678 1.572623 0.145189
v 0.032375 1.554667 0.177196
v 0.020866 1.542663 0.209784
v 0.009907 1.536298 0.240814
v -0.025938 1.536298 0.251529
v -0.054628 1.542663 0.232352
v -0.084760 1.554667 0.212211
v -0.114355 1.572623 0.192430
v -0.141268 1.595675 0.174441
v -0.163886 1.621954 0.159322
v -0.181565 1.649241 0.147506
v -0.171658 1.668066 0.119453
v -0.143021 1.661600 0.100240
v -0.108893 1.657188 0.082770
v -0.070676 1.655614 0.068751
v -0.030802 1.657188 0.059426
v 0.007969 1.661600 0.055104
v 0.043413 1.668066 0.055162
v -0.207503 1.668066 0.372889
v -0.218515 1.661600 0.341895
v -0.226028 1.657189 0.306636
v -0.228710 1.655614 0.268866
v -0.226028 1.657189 0.231096
v -0.218515 1.661600 0.195837
v -0.207503 1.668066 0.164843
v -0.025938 1.536298 0.286203
v -0.054628 1.542663 0.305380
v -0.084760 1.554667 0.325521
v -0.114355 1.572623 0.345302
v -0.141268 1.595675 0.363291
v -0.163886 1.621954 0.378410
v -0.181565 1.649241 0.390226
v 0.224427 1.649243 0.268866
v 0.202575 1.621954 0.268866
v 0.174617 1.595676 0.268866
v 0.141350 1.572623 0.268866
v 0.104770 1.554667 0.268866
v 0.067525 1.542663 0.268866
v 0.032061 1.536299 0.268866
v 0.101412 1.668066 0.072499
v 0.130123 1.661600 0.091619
v 0.158729 1.657188 0.116082
v 0.185030 1.655614 0.145188
v 0.206992 1.657189 0.177196
v 0.223441 1.661601 0.209784
v 0.234334 1.668067 0.240814
v 0.069350 1.649241 0.465233
v 0.062598 1.621954 0.446112
v 0.053958 1.595675 0.421650
v 0.043678 1.572623 0.392543
v 0.032375 1.554667 0.360536
v 0.020866 1.542663 0.327948
v 0.009907 1.536298 0.296918
v 0.234334 1.668067 0.296918
v 0.223441 1.661601 0.327948
v 0.206992 1.657189 0.360536
v 0.185030 1.655614 0.392544
v 0.158729 1.657188 0.421650
v 0.130123 1.661600 0.446113
v 0.101412 1.668066 0.465233
v 0.043413 1.668066 0.482570
v 0.007969 1.661600 0.482627
v -0.030802 1.657188 0.478306
v -0.070676 1.655614 0.468981
v -0.108893 1.657188 0.454962
v -0.143021 1.661600 0.437492
v -0.171658 1.668066 0.418279
v -0.250365 1.881274 0.251529
v -0.257204 1.854048 0.232352
v -0.259378 1.823076 0.212211
v -0.255707 1.789899 0.192430
v -0.246038 1.756722 0.174441
v -0.231412 1.725749 0.159322
v -0.213626 1.698524 0.147505
v -0.213626 1.698524 0.390226
v -0.231412 1.725749 0.378410
v -0.246038 1.756722 0.363291
v -0.255707 1.789899 0.345302
v -0.259378 1.823076 0.325521
v -0.257204 1.854048 0.305380
v -0.250365 1.881274 0.286203
v -0.059443 1.881274 0.044447
v -0.041732 1.854049 0.032536
v -0.021584 1.823077 0.024410
v -0.000000 1.789899 0.021509
v 0.021584 1.756722 0.024410
v 0.041732 1.725749 0.032536
v 0.059443 1.698524 0.044447
v -0.191473 1.698524 0.119453
v -0.184754 1.725749 0.100239
v -0.173644 1.756721 0.082769
v -0.158036 1.789899 0.068751
v -0.138720 1.823077 0.059425
v -0.117227 1.854049 0.055104
v -0.095288 1.881274 0.055161
v 0.213626 1.881274 0.147505
v 0.231412 1.854049 0.159322
v 0.246038 1.823077 0.174441
v 0.255707 1.789899 0.192430
v 0.259378 1.756722 0.212211
v 0.257204 1.725750 0.232352
v 0.250365 1.698525 0.251529
v 0.095288 1.698524 0.055161
v 0.117227 1.725749 0.055104
v 0.138720 1.756721 0.059426
v 0.158036 1.789899 0.068751
v 0.173644 1.823077 0.082769
v 0.184754 1.854049 0.100239
v 0.191473 1.881274 0.119453
v 0.191473 1.881274 0.418279
v 0.184754 1.854049 0.437493
v 0.173644 1.823077 0.454963
v 0.158036 1.789899 0.468981
v 0.138720 1.756721 0.478307
v 0.117227 1.725749 0.482628
v 0.095288 1.698524 0.482571
v 0.250365 1.698525 0.286203
v 0.257204 1.725750 0.305380
v 0.259378 1.756722 0.325521
v 0.255707 1.789899 0.345302
v 0.246038 1.823077 0.363291
v 0.231412 1.854049 0.378410
v 0.213626 1.881274 0.390226
v -0.095288 1.881274 0.482571
v -0.117227 1.854049 0.482628
v -0.138720 1.823077 0.478307
v -0.158036 1.789899 0.468981
v -0.173644 1.756721 0.454963
v -0.184754 1.725749 0.437492
v -0.191473 1.698524 0.418279
v 0.059443 1.698524 0.493285
v 0.041732 1.725749 0.505196
v 0.021584 1.756722 0.513322
v -0.000000 1.789899 0.516223
v -0.021584 1.823077 0.513322
v -0.041732 1.854049 0.505196
v -0.059443 1.881274 0.493285
v -0.234334 1.911731 0.240814
v -0.223441 1.918197 0.209784
v -0.206992 1.922609 0.177196
v -0.185030 1.924184 0.145188
v -0.158729 1.922610 0.116082
v -0.130123 1.918198 0.091619
v -0.101412 1.911732 0.072499
v -0.043413 1.911732 0.055162
v -0.007969 1.918198 0.055104
v 0.030802 1.922610 0.059426
v 0.070676 1.924185 0.068751
v 0.108893 1.922610 0.082770
v 0.143021 1.918198 0.100240
v 0.171658 1.911732 0.119453
v 0.207503 1.911732 0.164843
v 0.218515 1.918198 0.195837
v 0.226028 1.922609 0.231096
v 0.228710 1.924184 0.268866
v 0.226028 1.922609 0.306636
v 0.218515 1.918198 0.341895
v 0.207503 1.911732 0.372889
v 0.171658 1.911732 0.418279
v 0.143021 1.918198 0.437492
v 0.108893 1.922610 0.454962
v 0.070676 1.924185 0.468981
v 0.030802 1.922610 0.478306
v -0.007969 1.918198 0.482627
v -0.043413 1.911732 0.482570
v -0.101412 1.911732 0.465233
v -0.130123 1.918198 0.446113
v -0.158729 1.922610 0.421650
v -0.185031 1.924184 0.392543
v -0.206992 1.922609 0.360536
v -0.223441 1.918197 0.327948
v -0.234334 1.911731 0.296918
v -0.009907 2.043499 0.240814
v -0.020866 2.037135 0.209784
v -0.032375 2.025131 0.177196
v -0.043678 2.007176 0.145189
v -0.053958 1.984123 0.116082
v -0.062598 1.957844 0.091620
v -0.069351 1.930557 0.072499
v -0.224427 1.930555 0.268866
v -0.202575 1.957843 0.268866
v -0.174617 1.984122 0.268866
v -0.141351 2.007175 0.268866
v -0.104770 2.025131 0.268866
v -0.067525 2.037135 0.268866
v -0.032061 2.043499 0.268866
v 0.025938 2.043499 0.251529
v 0.054628 2.037135 0.232352
v 0.084760 2.025131 0.212211
v 0.114355 2.007175 0.192430
v 0.141268 1.984123 0.174441
v 0.163886 1.957844 0.159322
v 0.181565 1.930557 0.147506
v 0.025938 2.043499 0.286203
v 0.054628 2.037135 0.305380
v 0.084760 2.025131 0.325521
v 0.114355 2.007175 0.345302
v 0.141268 1.984123 0.363291
v 0.163886 1.957844 0.378410
v 0.181565 1.930557 0.390226
v -0.009907 2.043499 0.296918
v -0.020866 2.037135 0.327948
v -0.032375 2.025131 0.360536
v -0.043678 2.007176 0.392543
v -0.053958 1.984123 0.421650
v -0.062598 1.957844 0.446112
v -0.069351 1.930557 0.465233
v -0.044685 2.039874 0.298734
v -0.082587 2.030816 0.300161
v -0.057872 2.030816 0.331456
v -0.121359 2.015400 0.300955
v -0.097276 2.018357 0.333887
v -0.070675 2.015400 0.365135
v -0.158035 1.993867 0.300955
v -0.136242 1.999323 0.334763
v -0.110222 1.999323 0.367710
v -0.082008 1.993867 0.397225
v -0.189889 1.967816 0.300161
v -0.171589 1.974725 0.333887
v -0.147879 1.977214 0.367711
v -0.120239 1.974726 0.398908
v -0.091030 1.967817 0.425342
v -0.215368 1.939661 0.298735
v -0.200941 1.946816 0.331456
v -0.180701 1.950801 0.365136
v -0.155359 1.950801 0.397226
v -0.126797 1.946816 0.425342
v -0.097428 1.939662 0.448077
v 0.017068 2.039874 0.317193
v 0.006831 2.030816 0.350797
v 0.046820 2.030816 0.338843
v -0.004328 2.015400 0.384968
v 0.037156 2.018357 0.374072
v 0.077680 2.015400 0.360452
v -0.015661 1.993867 0.417057
v 0.026021 1.999323 0.408437
v 0.068121 1.999323 0.395851
v 0.107350 1.993867 0.380286
v -0.026326 1.967817 0.444684
v 0.014193 1.974726 0.439093
v 0.056486 1.977214 0.428800
v 0.097276 1.974726 0.414257
v 0.133629 1.967817 0.396868
v -0.035674 1.939662 0.466535
v 0.002610 1.946817 0.464025
v 0.043681 1.950801 0.456723
v 0.084685 1.950801 0.444465
v 0.122577 1.946817 0.428163
v 0.155153 1.939662 0.409491
v 0.055233 2.039874 0.268866
v 0.086808 2.030816 0.288207
v 0.086808 2.030816 0.249525
v 0.118684 2.015400 0.308531
v 0.120239 2.018357 0.268866
v 0.118684 2.015400 0.229201
v 0.148355 1.993867 0.328363
v 0.152323 1.999323 0.289229
v 0.152323 1.999323 0.248503
v 0.148355 1.993867 0.209369
v 0.173617 1.967816 0.346231
v 0.180360 1.974726 0.309051
v 0.182788 1.977214 0.268866
v 0.180360 1.974726 0.228681
v 0.173617 1.967816 0.191501
v 0.193318 1.939662 0.361164
v 0.202554 1.946816 0.326890
v 0.207697 1.950801 0.288698
v 0.207697 1.950801 0.249034
v 0.202554 1.946816 0.210842
v 0.193318 1.939662 0.176568
v 0.017068 2.039874 0.220538
v 0.046820 2.030816 0.198889
v 0.006831 2.030816 0.186935
v 0.077680 2.015400 0.177279
v 0.037156 2.018357 0.163660
v -0.004328 2.015400 0.152764
v 0.107350 1.993867 0.157446
v 0.068121 1.999323 0.141881
v 0.026021 1.999323 0.129295
v -0.015661 1.993867 0.120675
v 0.133629 1.967817 0.140864
v 0.097276 1.974726 0.123475
v 0.056486 1.977214 0.108932
v 0.014193 1.974726 0.098638
v -0.026326 1.967817 0.093048
v 0.155153 1.939662 0.128241
v 0.122577 1.946817 0.109568
v 0.084685 1.950801 0.093267
v 0.043681 1.950801 0.081009
v 0.002610 1.946817 0.073707
v -0.035674 1.939662 0.071196
v -0.044685 2.039874 0.238998
v -0.057872 2.030816 0.206275
v -0.082587 2.030816 0.237571
v -0.070675 2.015400 0.172597
v -0.097276 2.018357 0.203845
v -0.121359 2.015400 0.236776
v -0.082008 1.993867 0.140507
v -0.110222 1.999323 0.170022
v -0.136242 1.999323 0.202969
v -0.158035 1.993867 0.236776
v -0.091030 1.967817 0.112390
v -0.120239 1.974726 0.138824
v -0.147879 1.977214 0.170021
v -0.171589 1.974725 0.203845
v -0.189889 1.967816 0.237571
v -0.097428 1.939662 0.089655
v -0.126797 1.946816 0.112390
v -0.155359 1.950801 0.140506
v -0.180701 1.950801 0.172596
v -0.200941 1.946816 0.206275
v -0.215368 1.939661 0.238997
v -0.242985 1.887188 0.317193
v -0.247762 1.857857 0.338844
v -0.229878 1.891837 0.350798
v -0.247049 1.824741 0.360453
v -0.231709 1.860497 0.374072
v -0.210373 1.894426 0.384968
v -0.240045 1.789899 0.380286
v -0.227638 1.825674 0.395852
v -0.208810 1.861447 0.408437
v -0.185031 1.894426 0.417058
v -0.227270 1.755920 0.396868
v -0.217518 1.789899 0.414258
v -0.201618 1.825674 0.428800
v -0.180361 1.860497 0.439094
v -0.155734 1.891838 0.444684
v -0.210388 1.725039 0.409492
v -0.202555 1.755920 0.428164
v -0.189361 1.789899 0.444467
v -0.171023 1.824742 0.456724
v -0.148903 1.857858 0.464026
v -0.125046 1.887189 0.466536
v -0.025126 1.887189 0.496405
v -0.004221 1.857857 0.507275
v 0.013663 1.891838 0.495321
v 0.018338 1.824741 0.513329
v 0.037156 1.860497 0.504116
v 0.055014 1.894426 0.488814
v 0.041004 1.789899 0.513329
v 0.060930 1.825674 0.507283
v 0.079759 1.861447 0.494698
v 0.096018 1.894426 0.476556
v 0.062094 1.755920 0.507276
v 0.083084 1.789899 0.504116
v 0.103031 1.825674 0.494698
v 0.120241 1.860497 0.479280
v 0.133629 1.891838 0.459459
v 0.080360 1.725039 0.496405
v 0.102083 1.755919 0.495322
v 0.123013 1.789899 0.488814
v 0.141351 1.824742 0.476557
v 0.155735 1.857857 0.459460
v 0.165703 1.887189 0.439361
v 0.227456 1.887189 0.361164
v 0.245153 1.857857 0.346232
v 0.238321 1.891837 0.326890
v 0.258382 1.824741 0.328364
v 0.254674 1.860497 0.309051
v 0.244373 1.894425 0.288698
v 0.265387 1.789899 0.308531
v 0.265294 1.825674 0.289229
v 0.258102 1.861447 0.268866
v 0.244373 1.894426 0.249034
v 0.265646 1.755920 0.288207
v 0.268866 1.789899 0.268866
v 0.265294 1.825674 0.248503
v 0.254674 1.860497 0.228681
v 0.238321 1.891837 0.210842
v 0.260053 1.725039 0.268866
v 0.265646 1.755920 0.249525
v 0.265387 1.789900 0.229201
v 0.258382 1.824742 0.209368
v 0.245153 1.857857 0.191500
v 0.227456 1.887189 0.176568
v 0.165703 1.887189 0.098372
v 0.155735 1.857857 0.078272
v 0.133629 1.891838 0.078273
v 0.141351 1.824741 0.061175
v 0.120241 1.860497 0.058452
v 0.096018 1.894426 0.061175
v 0.123014 1.789899 0.048917
v 0.103032 1.825674 0.043034
v 0.079759 1.861447 0.043034
v 0.055014 1.894426 0.048918
v 0.102083 1.755919 0.042410
v 0.083084 1.789899 0.033616
v 0.060930 1.825674 0.030449
v 0.037157 1.860497 0.033616
v 0.013663 1.891838 0.042411
v 0.080360 1.725039 0.041327
v 0.062094 1.755920 0.030456
v 0.041004 1.789899 0.024403
v 0.018338 1.824741 0.024403
v -0.004221 1.857857 0.030457
v -0.025126 1.887189 0.041327
v -0.125046 1.887189 0.071196
v -0.148903 1.857857 0.073706
v -0.155734 1.891837 0.093048
v -0.171023 1.824741 0.081008
v -0.180361 1.860497 0.098638
v -0.185031 1.894426 0.120673
v -0.189361 1.789899 0.093265
v -0.201618 1.825673 0.108931
v -0.208809 1.861447 0.129295
v -0.210373 1.894425 0.152763
v -0.202555 1.755919 0.109567
v -0.217518 1.789898 0.123474
v -0.227638 1.825673 0.141880
v -0.231709 1.860496 0.163659
v -0.229878 1.891837 0.186934
v -0.210388 1.725039 0.128240
v -0.227269 1.755919 0.140863
v -0.240045 1.789898 0.157446
v -0.247049 1.824741 0.177278
v -0.247762 1.857857 0.198888
v -0.242985 1.887188 0.220538
v -0.080360 1.854760 0.496405
v -0.102083 1.823878 0.495322
v -0.062094 1.823878 0.507276
v -0.123014 1.789899 0.488814
v -0.083084 1.789899 0.504116
v -0.041004 1.789899 0.513329
v -0.141351 1.755057 0.476557
v -0.103032 1.754124 0.494698
v -0.060930 1.754124 0.507283
v -0.018338 1.755057 0.513329
v -0.155735 1.721940 0.459460
v -0.120241 1.719301 0.479280
v -0.079759 1.718350 0.494698
v -0.037157 1.719301 0.504116
v 0.004221 1.721941 0.507275
v -0.165703 1.692609 0.439361
v -0.133629 1.687960 0.459459
v -0.096018 1.685372 0.476556
v -0.055014 1.685372 0.488814
v -0.013663 1.687960 0.495321
v 0.025126 1.692609 0.496405
v 0.210388 1.854760 0.409492
v 0.202555 1.823878 0.428164
v 0.227269 1.823878 0.396868
v 0.189360 1.789899 0.444467
v 0.217517 1.789899 0.414258
v 0.240045 1.789899 0.380286
v 0.171023 1.755057 0.456724
v 0.201617 1.754124 0.428801
v 0.227638 1.754124 0.395852
v 0.247049 1.755057 0.360453
v 0.148903 1.721940 0.464027
v 0.180361 1.719301 0.439094
v 0.208809 1.718351 0.408438
v 0.231709 1.719301 0.374072
v 0.247762 1.721941 0.338844
v 0.125045 1.692609 0.466537
v 0.155734 1.687961 0.444684
v 0.185030 1.685372 0.417059
v 0.210373 1.685372 0.384968
v 0.229878 1.687961 0.350798
v 0.242985 1.692610 0.317194
v 0.210388 1.854760 0.128240
v 0.227269 1.823878 0.140863
v 0.202555 1.823878 0.109567
v 0.240045 1.789899 0.157446
v 0.217517 1.789899 0.123474
v 0.189360 1.789899 0.093265
v 0.247049 1.755057 0.177279
v 0.227638 1.754124 0.141880
v 0.201617 1.754124 0.108931
v 0.171023 1.755057 0.081008
v 0.247762 1.721941 0.198888
v 0.231709 1.719301 0.163659
v 0.208809 1.718351 0.129294
v 0.180361 1.719301 0.098638
v 0.148903 1.721940 0.073705
v 0.242985 1.692610 0.220538
v 0.229878 1.687961 0.186934
v 0.210373 1.685372 0.152764
v 0.185030 1.685372 0.120673
v 0.155734 1.687961 0.093048
v 0.125045 1.692609 0.071195
v -0.080360 1.854760 0.041327
v -0.062094 1.823878 0.030456
v -0.102083 1.823878 0.042410
v -0.041004 1.789899 0.024403
v -0.083084 1.789899 0.033616
v -0.123014 1.789899 0.048917
v -0.018338 1.755057 0.024403
v -0.060930 1.754124 0.030449
v -0.103032 1.754124 0.043034
v -0.141351 1.755057 0.061175
v 0.004221 1.721941 0.030457
v -0.037157 1.719301 0.033616
v -0.079759 1.718351 0.043034
v -0.120241 1.719301 0.058452
v -0.155735 1.721940 0.078272
v 0.025126 1.692609 0.041327
v -0.013663 1.687961 0.042411
v -0.055014 1.685372 0.048918
v -0.096018 1.685372 0.061175
v -0.133629 1.687960 0.078273
v -0.165703 1.692609 0.098372
v -0.260053 1.854759 0.268866
v -0.265646 1.823878 0.249524
v -0.265646 1.823878 0.288207
v -0.265387 1.789899 0.229201
v -0.268866 1.789899 0.268866
v -0.265387 1.789899 0.308531
v -0.258382 1.755057 0.209368
v -0.265294 1.754124 0.248503
v -0.265294 1.754124 0.289229
v -0.258382 1.755057 0.328364
v -0.245153 1.721941 0.191500
v -0.254674 1.719301 0.228681
v -0.258102 1.718351 0.268866
v -0.254674 1.719301 0.309051
v -0.245153 1.721941 0.346232
v -0.227456 1.692609 0.176568
v -0.238321 1.687961 0.210842
v -0.244373 1.685372 0.249034
v -0.244373 1.685372 0.288698
v -0.238321 1.687961 0.326890
v -0.227456 1.692609 0.361164
v -0.155153 1.640136 0.409491
v -0.133629 1.611982 0.396868
v -0.122577 1.632982 0.428164
v -0.107351 1.585931 0.380286
v -0.097277 1.605072 0.414257
v -0.084685 1.628997 0.444465
v -0.077680 1.564398 0.360453
v -0.068121 1.580475 0.395851
v -0.056486 1.602584 0.428800
v -0.043681 1.628997 0.456723
v -0.046820 1.548982 0.338844
v -0.037157 1.561441 0.374072
v -0.026021 1.580475 0.408437
v -0.014193 1.605072 0.439093
v -0.002610 1.632982 0.464025
v -0.017068 1.539924 0.317193
v -0.006832 1.548982 0.350798
v 0.004329 1.564398 0.384968
v 0.015662 1.585931 0.417058
v 0.026326 1.611982 0.444684
v 0.035675 1.640136 0.466536
v 0.097428 1.640136 0.448077
v 0.091030 1.611981 0.425342
v 0.126797 1.632982 0.425342
v 0.082008 1.585931 0.397225
v 0.120240 1.605072 0.398908
v 0.155359 1.628997 0.397226
v 0.070675 1.564398 0.365135
v 0.110222 1.580475 0.367710
v 0.147879 1.602584 0.367710
v 0.180702 1.628997 0.365135
v 0.057872 1.548982 0.331456
v 0.097276 1.561441 0.333887
v 0.136242 1.580475 0.334762
v 0.171589 1.605073 0.333887
v 0.200941 1.632983 0.331456
v 0.044685 1.539924 0.298734
v 0.082587 1.548982 0.300161
v 0.121359 1.564398 0.300955
v 0.158035 1.585932 0.300955
v 0.189888 1.611983 0.300161
v 0.215368 1.640137 0.298734
v 0.215368 1.640137 0.238998
v 0.189888 1.611983 0.237571
v 0.200941 1.632983 0.206276
v 0.158035 1.585932 0.236776
v 0.171589 1.605073 0.203845
v 0.180702 1.628998 0.172597
v 0.121359 1.564398 0.236776
v 0.136242 1.580475 0.202969
v 0.147879 1.602584 0.170021
v 0.155359 1.628997 0.140506
v 0.082587 1.548983 0.237571
v 0.097276 1.561442 0.203845
v 0.110222 1.580475 0.170021
v 0.120240 1.605073 0.138823
v 0.126797 1.632982 0.112390
v 0.044685 1.539924 0.238997
v 0.057872 1.548982 0.206275
v 0.070675 1.564398 0.172596
v 0.082008 1.585931 0.140506
v 0.091030 1.611982 0.112390
v 0.097428 1.640136 0.089655
v -0.193319 1.640136 0.361163
v -0.202554 1.632982 0.326889
v -0.173618 1.611982 0.346231
v -0.207697 1.628997 0.288698
v -0.180360 1.605073 0.309051
v -0.148355 1.585931 0.328363
v -0.207697 1.628997 0.249034
v -0.182788 1.602584 0.268866
v -0.152323 1.580475 0.289229
v -0.118684 1.564398 0.308531
v -0.202554 1.632982 0.210842
v -0.180360 1.605073 0.228681
v -0.152323 1.580475 0.248503
v -0.120240 1.561442 0.268866
v -0.086808 1.548982 0.288207
v -0.193319 1.640136 0.176568
v -0.173618 1.611982 0.191500
v -0.148355 1.585931 0.209368
v -0.118684 1.564398 0.229201
v -0.086808 1.548983 0.249524
v -0.055234 1.539924 0.268866
v 0.035674 1.640136 0.071196
v 0.026326 1.611981 0.093048
v -0.002610 1.632982 0.073707
v 0.015661 1.585931 0.120674
v -0.014194 1.605072 0.098638
v -0.043681 1.628997 0.081009
v 0.004328 1.564398 0.152764
v -0.026021 1.580475 0.129295
v -0.056486 1.602584 0.108932
v -0.084685 1.628997 0.093267
v -0.006832 1.548982 0.186935
v -0.037157 1.561441 0.163660
v -0.068122 1.580475 0.141881
v -0.097277 1.605072 0.123475
v -0.122577 1.632982 0.109568
v -0.017068 1.539924 0.220538
v -0.046820 1.548982 0.198888
v -0.077680 1.564398 0.177279
v -0.107351 1.585931 0.157446
v -0.133629 1.611982 0.140864
v -0.155153 1.640136 0.128241
v 0.153638 1.694644 0.368730
v 0.106945 1.730314 0.325114
v 0.171473 1.730314 0.298157
v 0.211353 1.730314 0.368730
v 0.171473 1.730314 0.439304
v 0.106945 1.730314 0.412347
v 0.135803 1.788029 0.298157
v 0.200330 1.788029 0.325114
v 0.200330 1.788029 0.412347
v 0.135803 1.788029 0.439304
v 0.095922 1.788029 0.368730
v 0.153638 1.823699 0.368730
v 0.164120 1.704281 0.327249
v 0.126193 1.704281 0.343094
v 0.136675 1.725247 0.301612
v 0.098748 1.725247 0.368730
v 0.126193 1.704281 0.394367
v 0.187562 1.704281 0.368730
v 0.198045 1.725247 0.327248
v 0.164120 1.704281 0.410213
v 0.198045 1.725247 0.410213
v 0.136675 1.725247 0.435849
v 0.092268 1.759171 0.343094
v 0.092268 1.759171 0.394367
v 0.153638 1.759171 0.285766
v 0.115709 1.759171 0.301611
v 0.215007 1.759171 0.343094
v 0.191566 1.759171 0.301611
v 0.191566 1.759171 0.435850
v 0.215007 1.759171 0.394367
v 0.115709 1.759171 0.435850
v 0.153638 1.759171 0.451695
v 0.109230 1.793096 0.327248
v 0.170600 1.793096 0.301612
v 0.208528 1.793096 0.368730
v 0.170600 1.793096 0.435849
v 0.109230 1.793096 0.410213
v 0.143155 1.814062 0.327249
v 0.119714 1.814062 0.368730
v 0.181083 1.814062 0.343094
v 0.181083 1.814062 0.394367
v 0.143155 1.814062 0.410213
v -0.153638 1.694644 0.368730
v -0.200330 1.730314 0.325114
v -0.135803 1.730314 0.298157
v -0.095922 1.730314 0.368730
v -0.135803 1.730314 0.439304
v -0.200330 1.730314 0.412347
v -0.171473 1.788029 0.298157
v -0.106945 1.788029 0.325114
v -0.106945 1.788029 0.412347
v -0.171473 1.788029 0.439304
v -0.211353 1.788029 0.368730
v -0.153638 1.823699 0.368730
v -0.143155 1.704281 0.327249
v -0.181083 1.704281 0.343094
v -0.170600 1.725247 0.301611
v -0.208528 1.725247 0.368730
v -0.181083 1.704281 0.394367
v -0.119714 1.704281 0.368730
v -0.109230 1.725247 0.327248
v -0.143155 1.704281 0.410213
v -0.109230 1.725247 0.410213
v -0.170600 1.725247 0.435849
v -0.215008 1.759171 0.343094
v -0.215008 1.759171 0.394367
v -0.153638 1.759171 0.285766
v -0.191566 1.759171 0.301611
v -0.092268 1.759171 0.343094
v -0.115709 1.759171 0.301611
v -0.115709 1.759171 0.435850
v -0.092268 1.759171 0.394367
v -0.191566 1.759171 0.435850
v -0.153638 1.759171 0.451695
v -0.198045 1.793096 0.327248
v -0.136675 1.793096 0.301612
v -0.098748 1.793096 0.368730
v -0.136675 1.793096 0.435849
v -0.198045 1.793096 0.410213
v -0.164120 1.814062 0.327249
v -0.187562 1.814062 0.368730
v -0.126193 1.814062 0.343094
v -0.126193 1.814062 0.394367
v -0.164120 1.814062 0.410213
v -0.228920 1.943537 0.153638
v -0.227067 1.945265 0.153638
v -0.222006 1.946530 0.153638
v -0.215093 1.946993 0.153638
v -0.208179 1.946530 0.153638
v -0.203118 1.945265 0.153638
v -0.201265 1.943537 0.153638
v -0.203118 1.941808 0.153638
v -0.208179 1.940543 0.153638
v -0.215093 1.940080 0.153638
v -0.222006 1.940543 0.153638
v -0.227067 1.941808 0.153638
v -0.226962 1.943537 0.162602
v -0.225125 1.945265 0.162529
v -0.220107 1.946530 0.162331
v -0.213253 1.946993 0.162060
v -0.206398 1.946530 0.161790
v -0.201380 1.945265 0.161591
v -0.199544 1.943537 0.161519
v -0.201380 1.941808 0.161591
v -0.206398 1.940543 0.161790
v -0.213253 1.940080 0.162060
v -0.220107 1.940543 0.162331
v -0.225125 1.941808 0.162529
v -0.221120 1.943537 0.171412
v -0.219331 1.945265 0.171268
v -0.214442 1.946530 0.170876
v -0.207763 1.946993 0.170339
v -0.201086 1.946530 0.169802
v -0.196197 1.945265 0.169409
v -0.194408 1.943537 0.169265
v -0.196197 1.941808 0.169409
v -0.201086 1.940543 0.169802
v -0.207763 1.940080 0.170339
v -0.214442 1.940543 0.170876
v -0.219331 1.941808 0.171268
v -0.211495 1.943537 0.179919
v -0.209783 1.945265 0.179706
v -0.205107 1.946530 0.179125
v -0.198720 1.946993 0.178331
v -0.192332 1.946530 0.177538
v -0.187656 1.945265 0.176957
v -0.185945 1.943537 0.176744
v -0.187656 1.941808 0.176957
v -0.192332 1.940543 0.177538
v -0.198720 1.940080 0.178331
v -0.205107 1.940543 0.179125
v -0.209783 1.941808 0.179706
v -0.198251 1.943537 0.187976
v -0.196646 1.945265 0.187698
v -0.192263 1.946530 0.186939
v -0.186276 1.946993 0.185902
v -0.180288 1.946530 0.184865
v -0.175905 1.945265 0.184106
v -0.174301 1.943537 0.183827
v -0.175905 1.941808 0.184106
v -0.180288 1.940543 0.184865
v -0.186276 1.940080 0.185902
v -0.192263 1.940543 0.186939
v -0.196646 1.941808 0.187698
v -0.181614 1.943537 0.195445
v -0.180145 1.945265 0.195107
v -0.176129 1.946530 0.194183
v -0.170645 1.946993 0.192920
v -0.165160 1.946530 0.191657
v -0.161144 1.945265 0.190733
v -0.159675 1.943537 0.190395
v -0.161144 1.941808 0.190733
v -0.165160 1.940543 0.191657
v -0.170645 1.940080 0.192920
v -0.176129 1.940543 0.194183
v -0.180145 1.941808 0.195107
v -0.161871 1.943537 0.202199
v -0.160561 1.945265 0.201806
v -0.156982 1.946530 0.200732
v -0.152094 1.946993 0.199266
v -0.147205 1.946530 0.197799
v -0.143626 1.945265 0.196725
v -0.142316 1.943537 0.196333
v -0.143626 1.941808 0.196725
v -0.147205 1.940543 0.197799
v -0.152094 1.940080 0.199266
v -0.156982 1.940543 0.200732
v -0.160561 1.941808 0.201806
v -0.139358 1.943537 0.208122
v -0.138230 1.945265 0.207681
v -0.135149 1.946530 0.206477
v -0.130940 1.946993 0.204831
v -0.126731 1.946530 0.203186
v -0.123651 1.945265 0.201981
v -0.122523 1.943537 0.201540
v -0.123651 1.941808 0.201981
v -0.126731 1.940543 0.203186
v -0.130940 1.940080 0.204831
v -0.135149 1.940543 0.206477
v -0.138230 1.941808 0.207681
v -0.114460 1.943537 0.213113
v -0.113534 1.945265 0.212631
v -0.111003 1.946530 0.211316
v -0.107546 1.946993 0.209520
v -0.104090 1.946530 0.207724
v -0.101559 1.945265 0.206409
v -0.100633 1.943537 0.205928
v -0.101559 1.941808 0.206409
v -0.104090 1.940543 0.207724
v -0.107546 1.940080 0.209520
v -0.111003 1.940543 0.211316
v -0.113534 1.941808 0.212631
v -0.087604 1.943537 0.217086
v -0.086895 1.945265 0.216572
v -0.084959 1.946530 0.215170
v -0.082312 1.946993 0.213254
v -0.079667 1.946530 0.211337
v -0.077730 1.945265 0.209934
v -0.077021 1.943537 0.209421
v -0.077730 1.941808 0.209934
v -0.079667 1.940543 0.211337
v -0.082312 1.940080 0.213254
v -0.084959 1.940543 0.215170
v -0.086895 1.941808 0.216572
v -0.059249 1.943537 0.219974
v -0.058770 1.945265 0.219437
v -0.057460 1.946530 0.217970
v -0.055670 1.946993 0.215967
v -0.053881 1.946530 0.213964
v -0.052571 1.945265 0.212497
v -0.052092 1.943537 0.211960
v -0.052571 1.941808 0.212497
v -0.053881 1.940543 0.213964
v -0.055670 1.940080 0.215967
v -0.057460 1.940543 0.217970
v -0.058770 1.941808 0.219437
v -0.029880 1.943537 0.221726
v -0.029638 1.945265 0.221175
v -0.028978 1.946530 0.219670
v -0.028075 1.946993 0.217613
v -0.027173 1.946530 0.215557
v -0.026513 1.945265 0.214052
v -0.026271 1.943537 0.213501
v -0.026513 1.941808 0.214052
v -0.027173 1.940543 0.215557
v -0.028075 1.940080 0.217613
v -0.028978 1.940543 0.219670
v -0.029638 1.941808 0.221175
v -0.000000 1.943537 0.222314
v -0.000000 1.945265 0.221758
v -0.000000 1.946530 0.220240
v -0.000000 1.946993 0.218166
v -0.000000 1.946530 0.216091
v -0.000000 1.945265 0.214573
v -0.000000 1.943537 0.214017
v -0.000000 1.941808 0.214573
v -0.000000 1.940543 0.216091
v -0.000000 1.940080 0.218166
v -0.000000 1.940543 0.220240
v -0.000000 1.941808 0.221758
v 0.029880 1.943537 0.221726
v 0.029638 1.945265 0.221175
v 0.028978 1.946530 0.219670
v 0.028075 1.946993 0.217613
v 0.027173 1.946530 0.215557
v 0.026512 1.945265 0.214052
v 0.026270 1.943537 0.213501
v 0.026512 1.941808 0.214052
v 0.027173 1.940543 0.215557
v 0.028075 1.940080 0.217613
v 0.028978 1.940543 0.219670
v 0.029638 1.941808 0.221175
v 0.059249 1.943537 0.219974
v 0.058769 1.945265 0.219437
v 0.057460 1.946530 0.217970
v 0.055670 1.946993 0.215967
v 0.053881 1.946530 0.213964
v 0.052571 1.945265 0.212497
v 0.052092 1.943537 0.211960
v 0.052571 1.941808 0.212497
v 0.053881 1.940543 0.213964
v 0.055670 1.940080 0.215967
v 0.057460 1.940543 0.217970
v 0.058769 1.941808 0.219437
v 0.087604 1.943537 0.217086
v 0.086895 1.945265 0.216572
v 0.084959 1.946530 0.215170
v 0.082312 1.946993 0.213254
v 0.079667 1.946530 0.211337
v 0.077730 1.945265 0.209934
v 0.077021 1.943537 0.209421
v 0.077730 1.941808 0.209934
v 0.079667 1.940543 0.211337
v 0.082312 1.940080 0.213254
v 0.084959 1.940543 0.215170
v 0.086895 1.941808 0.216572
v 0.114460 1.943537 0.213113
v 0.113534 1.945265 0.212632
v 0.111003 1.946530 0.211316
v 0.107546 1.946993 0.209520
v 0.104090 1.946530 0.207724
v 0.101559 1.945265 0.206409
v 0.100633 1.943537 0.205928
v 0.101559 1.941808 0.206409
v 0.104090 1.940543 0.207724
v 0.107546 1.940080 0.209520
v 0.111003 1.940543 0.211316
v 0.113534 1.941808 0.212632
v 0.139358 1.943537 0.208122
v 0.138230 1.945265 0.207681
v 0.135149 1.946530 0.206477
v 0.130940 1.946993 0.204831
v 0.126731 1.946530 0.203186
v 0.123651 1.945265 0.201981
v 0.122522 1.943537 0.201540
v 0.123651 1.941808 0.201981
v 0.126731 1.940543 0.203186
v 0.130940 1.940080 0.204831
v 0.135149 1.940543 0.206477
v 0.138230 1.941808 0.207681
v 0.161871 1.943537 0.202199
v 0.160561 1.945265 0.201806
v 0.156982 1.946530 0.200732
v 0.152094 1.946993 0.199266
v 0.147205 1.946530 0.197799
v 0.143626 1.945265 0.196725
v 0.142316 1.943537 0.196333
v 0.143626 1.941808 0.196725
v 0.147205 1.940543 0.197799
v 0.152094 1.940080 0.199266
v 0.156982 1.940543 0.200732
v 0.160561 1.941808 0.201806
v 0.181614 1.943537 0.195445
v 0.180145 1.945265 0.195107
v 0.176129 1.946530 0.194183
v 0.170645 1.946993 0.192920
v 0.165160 1.946530 0.191657
v 0.161144 1.945265 0.190733
v 0.159675 1.943537 0.190395
v 0.161144 1.941808 0.190733
v 0.165160 1.940543 0.191657
v 0.170645 1.940080 0.192920
v 0.176129 1.940543 0.194183
v 0.180145 1.941808 0.195107
v 0.198251 1.943537 0.187976
v 0.196646 1.945265 0.187698
v 0.192263 1.946530 0.186939
v 0.186276 1.946993 0.185902
v 0.180288 1.946530 0.184865
v 0.175905 1.945265 0.184106
v 0.174301 1.943537 0.183828
v 0.175905 1.941808 0.184106
v 0.180288 1.940543 0.184865
v 0.186276 1.940080 0.185902
v 0.192263 1.940543 0.186939
v 0.196646 1.941808 0.187698
v 0.211495 1.943537 0.179919
v 0.209783 1.945265 0.179706
v 0.205107 1.946530 0.179125
v 0.198720 1.946993 0.178331
v 0.192332 1.946530 0.177538
v 0.187656 1.945265 0.176957
v 0.185945 1.943537 0.176744
v 0.187656 1.941808 0.176957
v 0.192332 1.940543 0.177538
v 0.198720 1.940080 0.178331
v 0.205107 1.940543 0.179125
v 0.209783 1.941808 0.179706
v 0.221120 1.943537 0.171412
v 0.219331 1.945265 0.171268
v 0.214442 1.946530 0.170876
v 0.207763 1.946993 0.170339
v 0.201086 1.946530 0.169802
v 0.196197 1.945265 0.169409
v 0.194408 1.943537 0.169265
v 0.196197 1.941808 0.169409
v 0.201086 1.940543 0.169802
v 0.207763 1.940080 0.170339
v 0.214442 1.940543 0.170876
v 0.219331 1.941808 0.171268
v 0.226962 1.943537 0.162602
v 0.225125 1.945265 0.162529
v 0.220107 1.946530 0.162331
v 0.213253 1.946993 0.162060
v 0.206398 1.946530 0.161790
v 0.201380 1.945265 0.161592
v 0.199544 1.943537 0.161519
v 0.201380 1.941808 0.161592
v 0.206398 1.940543 0.161790
v 0.213253 1.940080 0.162060
v 0.220107 1.940543 0.162331
v 0.225125 1.941808 0.162529
v 0.228920 1.943537 0.153638
v 0.227067 1.945265 0.153638
v 0.222006 1.946530 0.153638
v 0.215093 1.946993 0.153638
v 0.208179 1.946530 0.153638
v 0.203118 1.945265 0.153638
v 0.201265 1.943537 0.153638
v 0.203118 1.941808 0.153638
v 0.208179 1.940543 0.153638
v 0.215093 1.940080 0.153638
v 0.222006 1.940543 0.153638
v 0.227067 1.941808 0.153638
v 0.226962 1.943537 0.144674
v 0.225125 1.945265 0.144746
v 0.220107 1.946530 0.144944
v 0.213253 1.946993 0.145215
v 0.206398 1.946530 0.145486
v 0.201380 1.945265 0.145684
v 0.199544 1.943537 0.145757
v 0.201380 1.941808 0.145684
v 0.206398 1.940543 0.145486
v 0.213253 1.940080 0.145215
v 0.220107 1.940543 0.144944
v 0.225125 1.941808 0.144746
v 0.221120 1.943537 0.135863
v 0.219331 1.945265 0.136007
v 0.214442 1.946530 0.136400
v 0.207763 1.946993 0.136937
v 0.201086 1.946530 0.137473
v 0.196197 1.945265 0.137867
v 0.194408 1.943537 0.138010
v 0.196197 1.941808 0.137867
v 0.201086 1.940543 0.137473
v 0.207763 1.940080 0.136937
v 0.214442 1.940543 0.136400
v 0.219331 1.941808 0.136007
v 0.211495 1.943537 0.127356
v 0.209783 1.945265 0.127569
v 0.205107 1.946530 0.128150
v 0.198720 1.946993 0.128944
v 0.192332 1.946530 0.129738
v 0.187656 1.945265 0.130319
v 0.185945 1.943537 0.130531
v 0.187656 1.941808 0.130319
v 0.192332 1.940543 0.129738
v 0.198720 1.940080 0.128944
v 0.205107 1.940543 0.128150
v 0.209783 1.941808 0.127569
v 0.198251 1.943537 0.119300
v 0.196646 1.945265 0.119578
v 0.192263 1.946530 0.120337
v 0.186276 1.946993 0.121374
v 0.180288 1.946530 0.122411
v 0.175905 1.945265 0.123170
v 0.174301 1.943537 0.123448
v 0.175905 1.941808 0.123170
v 0.180288 1.940543 0.122411
v 0.186276 1.940080 0.121374
v 0.192263 1.940543 0.120337
v 0.196646 1.941808 0.119578
v 0.181614 1.943537 0.111831
v 0.180145 1.945265 0.112169
v 0.176129 1.946530 0.113093
v 0.170645 1.946993 0.114356
v 0.165160 1.946530 0.115619
v 0.161144 1.945265 0.116543
v 0.159675 1.943537 0.116881
v 0.161144 1.941808 0.116543
v 0.165160 1.940543 0.115619
v 0.170645 1.940080 0.114356
v 0.176129 1.940543 0.113093
v 0.180145 1.941808 0.112169
v 0.161871 1.943537 0.105077
v 0.160561 1.945265 0.105469
v 0.156982 1.946530 0.106543
v 0.152094 1.946993 0.108010
v 0.147205 1.946530 0.109476
v 0.143626 1.945265 0.110550
v 0.142316 1.943537 0.110943
v 0.143626 1.941808 0.110550
v 0.147205 1.940543 0.109476
v 0.152094 1.940080 0.108010
v 0.156982 1.940543 0.106543
v 0.160561 1.941808 0.105469
v 0.139358 1.943537 0.099153
v 0.138230 1.945265 0.099594
v 0.135149 1.946530 0.100799
v 0.130940 1.946993 0.102444
v 0.126731 1.946530 0.104090
v 0.123651 1.945265 0.105294
v 0.122523 1.943537 0.105735
v 0.123651 1.941808 0.105294
v 0.126731 1.940543 0.104090
v 0.130940 1.940080 0.102444
v 0.135149 1.940543 0.100799
v 0.138230 1.941808 0.099594
v 0.114460 1.943537 0.094162
v 0.113534 1.945265 0.094644
v 0.111003 1.946530 0.095959
v 0.107546 1.946993 0.097755
v 0.104090 1.946530 0.099551
v 0.101559 1.945265 0.100866
v 0.100633 1.943537 0.101347
v 0.101559 1.941808 0.100866
v 0.104090 1.940543 0.099551
v 0.107546 1.940080 0.097755
v 0.111003 1.940543 0.095959
v 0.113534 1.941808 0.094644
v 0.087604 1.943537 0.090189
v 0.086895 1.945265 0.090703
v 0.084959 1.946530 0.092106
v 0.082312 1.946993 0.094022
v 0.079667 1.946530 0.095938
v 0.077730 1.945265 0.097341
v 0.077021 1.943537 0.097854
v 0.077730 1.941808 0.097341
v 0.079667 1.940543 0.095938
v 0.082312 1.940080 0.094022
v 0.084959 1.940543 0.092106
v 0.086895 1.941808 0.090703
v 0.059249 1.943537 0.087302
v 0.058769 1.945265 0.087839
v 0.057460 1.946530 0.089305
v 0.055670 1.946993 0.091308
v 0.053881 1.946530 0.093312
v 0.052571 1.945265 0.094778
v 0.052092 1.943537 0.095315
v 0.052571 1.941808 0.094778
v 0.053881 1.940543 0.093312
v 0.055670 1.940080 0.091308
v 0.057460 1.940543 0.089305
v 0.058769 1.941808 0.087839
v 0.029880 1.943537 0.085549
v 0.029638 1.945265 0.086100
v 0.028978 1.946530 0.087606
v 0.028076 1.946993 0.089662
v 0.027173 1.946530 0.091719
v 0.026512 1.945265 0.093224
v 0.026271 1.943537 0.093774
v 0.026512 1.941808 0.093224
v 0.027173 1.940543 0.091719
v 0.028076 1.940080 0.089662
v 0.028978 1.940543 0.087606
v 0.029638 1.941808 0.086100
v -0.000000 1.943537 0.084962
v -0.000000 1.945265 0.085517
v -0.000000 1.946530 0.087036
v -0.000000 1.946993 0.089110
v -0.000000 1.946530 0.091184
v -0.000000 1.945265 0.092703
v -0.000000 1.943537 0.093258
v -0.000000 1.941808 0.092703
v -0.000000 1.940543 0.091184
v -0.000000 1.940080 0.089110
v -0.000000 1.940543 0.087036
v -0.000000 1.941808 0.085517
v -0.029880 1.943537 0.085549
v -0.029638 1.945265 0.086100
v -0.028978 1.946530 0.087606
v -0.028075 1.946993 0.089662
v -0.027173 1.946530 0.091719
v -0.026512 1.945265 0.093224
v -0.026271 1.943537 0.093774
v -0.026512 1.941808 0.093224
v -0.027173 1.940543 0.091719
v -0.028075 1.940080 0.089662
v -0.028978 1.940543 0.087606
v -0.029638 1.941808 0.086100
v -0.059249 1.943537 0.087302
v -0.058769 1.945265 0.087838
v -0.057460 1.946530 0.089305
v -0.055670 1.946993 0.091308
v -0.053881 1.946530 0.093312
v -0.052571 1.945265 0.094778
v -0.052091 1.943537 0.095315
v -0.052571 1.941808 0.094778
v -0.053881 1.940543 0.093312
v -0.055670 1.940080 0.091308
v -0.057460 1.940543 0.089305
v -0.058769 1.941808 0.087838
v -0.087604 1.943537 0.090189
v -0.086895 1.945265 0.090703
v -0.084959 1.946530 0.092106
v -0.082312 1.946993 0.094022
v -0.079667 1.946530 0.095938
v -0.077730 1.945265 0.097341
v -0.077021 1.943537 0.097854
v -0.077730 1.941808 0.097341
v -0.079667 1.940543 0.095938
v -0.082312 1.940080 0.094022
v -0.084959 1.940543 0.092106
v -0.086895 1.941808 0.090703
v -0.114460 1.943537 0.094162
v -0.113534 1.945265 0.094644
v -0.111003 1.946530 0.095959
v -0.107546 1.946993 0.097755
v -0.104090 1.946530 0.099551
v -0.101559 1.945265 0.100866
v -0.100633 1.943537 0.101347
v -0.101559 1.941808 0.100866
v -0.104090 1.940543 0.099551
v -0.107546 1.940080 0.097755
v -0.111003 1.940543 0.095959
v -0.113534 1.941808 0.094644
v -0.139358 1.943537 0.099153
v -0.138230 1.945265 0.099594
v -0.135149 1.946530 0.100799
v -0.130940 1.946993 0.102444
v -0.126731 1.946530 0.104090
v -0.123650 1.945265 0.105294
v -0.122522 1.943537 0.105735
v -0.123650 1.941808 0.105294
v -0.126731 1.940543 0.104090
v -0.130940 1.940080 0.102444
v -0.135149 1.940543 0.100799
v -0.138230 1.941808 0.099594
v -0.161871 1.943537 0.105077
v -0.160561 1.945265 0.105469
v -0.156982 1.946530 0.106543
v -0.152094 1.946993 0.108010
v -0.147205 1.946530 0.109476
v -0.143626 1.945265 0.110550
v -0.142316 1.943537 0.110943
v -0.143626 1.941808 0.110550
v -0.147205 1.940543 0.109476
v -0.152094 1.940080 0.108010
v -0.156982 1.940543 0.106543
v -0.160561 1.941808 0.105469
v -0.181614 1.943537 0.111831
v -0.180145 1.945265 0.112169
v -0.176129 1.946530 0.113093
v -0.170645 1.946993 0.114356
v -0.165160 1.946530 0.115618
v -0.161144 1.945265 0.116543
v -0.159675 1.943537 0.116881
v -0.161144 1.941808 0.116543
v -0.165160 1.940543 0.115618
v -0.170645 1.940080 0.114356
v -0.176129 1.940543 0.113093
v -0.180145 1.941808 0.112169
v -0.198251 1.943537 0.119300
v -0.196646 1.945265 0.119578
v -0.192263 1.946530 0.120337
v -0.186276 1.946993 0.121374
v -0.180288 1.946530 0.122411
v -0.175905 1.945265 0.123170
v -0.174301 1.943537 0.123448
v -0.175905 1.941808 0.123170
v -0.180288 1.940543 0.122411
v -0.186276 1.940080 0.121374
v -0.192263 1.940543 0.120337
v -0.196646 1.941808 0.119578
v -0.211495 1.943537 0.127356
v -0.209783 1.945265 0.127569
v -0.205107 1.946530 0.128150
v -0.198720 1.946993 0.128944
v -0.192332 1.946530 0.129738
v -0.187656 1.945265 0.130319
v -0.185945 1.943537 0.130531
v -0.187656 1.941808 0.130319
v -0.192332 1.940543 0.129738
v -0.198720 1.940080 0.128944
v -0.205107 1.940543 0.128150
v -0.209783 1.941808 0.127569
v -0.221120 1.943537 0.135863
v -0.219331 1.945265 0.136007
v -0.214442 1.946530 0.136400
v -0.207763 1.946993 0.136936
v -0.201086 1.946530 0.137473
v -0.196197 1.945265 0.137867
v -0.194408 1.943537 0.138010
v -0.196197 1.941808 0.137867
v -0.201086 1.940543 0.137473
v -0.207763 1.940080 0.136936
v -0.214442 1.940543 0.136400
v -0.219331 1.941808 0.136007
v -0.226962 1.943537 0.144674
v -0.225125 1.945265 0.144746
v -0.220107 1.946530 0.144944
v -0.213253 1.946993 0.145215
v -0.206398 1.946530 0.145486
v -0.201380 1.945265 0.145684
v -0.199544 1.943537 0.145757
v -0.201380 1.941808 0.145684
v -0.206398 1.940543 0.145486
v -0.213253 1.940080 0.145215
v -0.220107 1.940543 0.144944
v -0.225125 1.941808 0.144746
v -0.228920 1.978105 0.153638
v -0.227067 1.979834 0.153638
v -0.222006 1.981099 0.153638
v -0.215093 1.981562 0.153638
v -0.208179 1.981099 0.153638
v -0.203118 1.979834 0.153638
v -0.201265 1.978105 0.153638
v -0.203118 1.976377 0.153638
v -0.208179 1.975111 0.153638
v -0.215093 1.974648 0.153638
v -0.222006 1.975111 0.153638
v -0.227067 1.976377 0.153638
v -0.226962 1.978105 0.162602
v -0.225125 1.979834 0.162529
v -0.220107 1.981099 0.162331
v -0.213253 1.981562 0.162060
v -0.206398 1.981099 0.161790
v -0.201380 1.979834 0.161591
v -0.199544 1.978105 0.161519
v -0.201380 1.976377 0.161591
v -0.206398 1.975111 0.161790
v -0.213253 1.974648 0.162060
v -0.220107 1.975111 0.162331
v -0.225125 1.976377 0.162529
v -0.221120 1.978105 0.171412
v -0.219331 1.979834 0.171268
v -0.214442 1.981099 0.170876
v -0.207763 1.981562 0.170339
v -0.201086 1.981099 0.169802
v -0.196197 1.979834 0.169409
v -0.194408 1.978105 0.169265
v -0.196197 1.976377 0.169409
v -0.201086 1.975111 0.169802
v -0.207763 1.974648 0.170339
v -0.214442 1.975111 0.170876
v -0.219331 1.976377 0.171268
v -0.211495 1.978105 0.179919
v -0.209783 1.979834 0.179706
v -0.205107 1.981099 0.179125
v -0.198720 1.981562 0.178331
v -0.192332 1.981099 0.177538
v -0.187656 1.979834 0.176957
v -0.185945 1.978105 0.176744
v -0.187656 1.976377 0.176957
v -0.192332 1.975111 0.177538
v -0.198720 1.974648 0.178331
v -0.205107 1.975111 0.179125
v -0.209783 1.976377 0.179706
v -0.198251 1.978105 0.187976
v -0.196646 1.979834 0.187698
v -0.192263 1.981099 0.186939
v -0.186276 1.981562 0.185902
v -0.180288 1.981099 0.184865
v -0.175905 1.979834 0.184106
v -0.174301 1.978105 0.183827
v -0.175905 1.976377 0.184106
v -0.180288 1.975111 0.184865
v -0.186276 1.974648 0.185902
v -0.192263 1.975111 0.186939
v -0.196646 1.976377 0.187698
v -0.181614 1.978105 0.195445
v -0.180145 1.979834 0.195107
v -0.176129 1.981099 0.194183
v -0.170645 1.981562 0.192920
v -0.165160 1.981099 0.191657
v -0.161144 1.979834 0.190733
v -0.159675 1.978105 0.190395
v -0.161144 1.976377 0.190733
v -0.165160 1.975111 0.191657
v -0.170645 1.974648 0.192920
v -0.176129 1.975111 0.194183
v -0.180145 1.976377 0.195107
v -0.161871 1.978105 0.202199
v -0.160561 1.979834 0.201806
v -0.156982 1.981099 0.200732
v -0.152094 1.981562 0.199266
v -0.147205 1.981099 0.197799
v -0.143626 1.979834 0.196725
v -0.142316 1.978105 0.196333
v -0.143626 1.976377 0.196725
v -0.147205 1.975111 0.197799
v -0.152094 1.974648 0.199266
v -0.156982 1.975111 0.200732
v -0.160561 1.976377 0.201806
v -0.139358 1.978105 0.208122
v -0.138230 1.979834 0.207681
v -0.135149 1.981099 0.206477
v -0.130940 1.981562 0.204831
v -0.126731 1.981099 0.203186
v -0.123651 1.979834 0.201981
v -0.122523 1.978105 0.201540
v -0.123651 1.976377 0.201981
v -0.126731 1.975111 0.203186
v -0.130940 1.974648 0.204831
v -0.135149 1.975111 0.206477
v -0.138230 1.976377 0.207681
v -0.114460 1.978105 0.213113
v -0.113534 1.979834 0.212631
v -0.111003 1.981099 0.211316
v -0.107546 1.981562 0.209520
v -0.104090 1.981099 0.207724
v -0.101559 1.979834 0.206409
v -0.100633 1.978105 0.205928
v -0.101559 1.976377 0.206409
v -0.104090 1.975111 0.207724
v -0.107546 1.974648 0.209520
v -0.111003 1.975111 0.211316
v -0.113534 1.976377 0.212631
v -0.087604 1.978105 0.217086
v -0.086895 1.979834 0.216572
v -0.084959 1.981099 0.215170
v -0.082312 1.981562 0.213254
v -0.079667 1.981099 0.211337
v -0.077730 1.979834 0.209934
v -0.077021 1.978105 0.209421
v -0.077730 1.976377 0.209934
v -0.079667 1.975111 0.211337
v -0.082312 1.974648 0.213254
v -0.084959 1.975111 0.215170
v -0.086895 1.976377 0.216572
v -0.059249 1.978105 0.219974
v -0.058770 1.979834 0.219437
v -0.057460 1.981099 0.217970
v -0.055670 1.981562 0.215967
v -0.053881 1.981099 0.213964
v -0.052571 1.979834 0.212497
v -0.052092 1.978105 0.211960
v -0.052571 1.976377 0.212497
v -0.053881 1.975111 0.213964
v -0.055670 1.974648 0.215967
v -0.057460 1.975111 0.217970
v -0.058770 1.976377 0.219437
v -0.029880 1.978105 0.221726
v -0.029638 1.979834 0.221175
v -0.028978 1.981099 0.219670
v -0.028075 1.981562 0.217613
v -0.027173 1.981099 0.215557
v -0.026513 1.979834 0.214052
v -0.026271 1.978105 0.213501
v -0.026513 1.976377 0.214052
v -0.027173 1.975111 0.215557
v -0.028075 1.974648 0.217613
v -0.028978 1.975111 0.219670
v -0.029638 1.976377 0.221175
v -0.000000 1.978105 0.222314
v -0.000000 1.979834 0.221758
v -0.000000 1.981099 0.220240
v -0.000000 1.981562 0.218166
v -0.000000 1.981099 0.216091
v -0.000000 1.979834 0.214573
v -0.000000 1.978105 0.214017
v -0.000000 1.976377 0.214573
v -0.000000 1.975111 0.216091
v -0.000000 1.974648 0.218166
v -0.000000 1.975111 0.220240
v -0.000000 1.976377 0.221758
v 0.029880 1.978105 0.221726
v 0.029638 1.979834 0.221175
v 0.028978 1.981099 0.219670
v 0.028075 1.981562 0.217613
v 0.027173 1.981099 0.215557
v 0.026512 1.979834 0.214052
v 0.026270 1.978105 0.213501
v 0.026512 1.976377 0.214052
v 0.027173 1.975111 0.215557
v 0.028075 1.974648 0.217613
v 0.028978 1.975111 0.219670
v 0.029638 1.976377 0.221175
v 0.059249 1.978105 0.219974
v 0.058769 1.979834 0.219437
v 0.057460 1.981099 0.217970
v 0.055670 1.981562 0.215967
v 0.053881 1.981099 0.213964
v 0.052571 1.979834 0.212497
v 0.052092 1.978105 0.211960
v 0.052571 1.976377 0.212497
v 0.053881 1.975111 0.213964
v 0.055670 1.974648 0.215967
v 0.057460 1.975111 0.217970
v 0.058769 1.976377 0.219437
v 0.087604 1.978105 0.217086
v 0.086895 1.979834 0.216572
v 0.084959 1.981099 0.215170
v 0.082312 1.981562 0.213254
v 0.079667 1.981099 0.211337
v 0.077730 1.979834 0.209934
v 0.077021 1.978105 0.209421
v 0.077730 1.976377 0.209934
v 0.079667 1.975111 0.211337
v 0.082312 1.974648 0.213254
v 0.084959 1.975111 0.215170
v 0.086895 1.976377 0.216572
v 0.114460 1.978105 0.213113
v 0.113534 1.979834 0.212632
v 0.111003 1.981099 0.211316
v 0.107546 1.981562 0.209520
v 0.104090 1.981099 0.207724
v 0.101559 1.979834 0.206409
v 0.100633 1.978105 0.205928
v 0.101559 1.976377 0.206409
v 0.104090 1.975111 0.207724
v 0.107546 1.974648 0.209520
v 0.111003 1.975111 0.211316
v 0.113534 1.976377 0.212632
v 0.139358 1.978105 0.208122
v 0.138230 1.979834 0.207681
v 0.135149 1.981099 0.206477
v 0.130940 1.981562 0.204831
v 0.126731 1.981099 0.203186
v 0.123651 1.979834 0.201981
v 0.122522 1.978105 0.201540
v 0.123651 1.976377 0.201981
v 0.126731 1.975111 0.203186
v 0.130940 1.974648 0.204831
v 0.135149 1.975111 0.206477
v 0.138230 1.976377 0.207681
v 0.161871 1.978105 0.202199
v 0.160561 1.979834 0.201806
v 0.156982 1.981099 0.200732
v 0.152094 1.981562 0.199266
v 0.147205 1.981099 0.197799
v 0.143626 1.979834 0.196725
v 0.142316 1.978105 0.196333
v 0.143626 1.976377 0.196725
v 0.147205 1.975111 0.197799
v 0.152094 1.974648 0.199266
v 0.156982 1.975111 0.200732
v 0.160561 1.976377 0.201806
v 0.181614 1.978105 0.195445
v 0.180145 1.979834 0.195107
v 0.176129 1.981099 0.194183
v 0.170645 1.981562 0.192920
v 0.165160 1.981099 0.191657
v 0.161144 1.979834 0.190733
v 0.159675 1.978105 0.190395
v 0.161144 1.976377 0.190733
v 0.165160 1.975111 0.191657
v 0.170645 1.974648 0.192920
v 0.176129 1.975111 0.194183
v 0.180145 1.976377 0.195107
v 0.198251 1.978105 0.187976
v 0.196646 1.979834 0.187698
v 0.192263 1.981099 0.186939
v 0.186276 1.981562 0.185902
v 0.180288 1.981099 0.184865
v 0.175905 1.979834 0.184106
v 0.174301 1.978105 0.183828
v 0.175905 1.976377 0.184106
v 0.180288 1.975111 0.184865
v 0.186276 1.974648 0.185902
v 0.192263 1.975111 0.186939
v 0.196646 1.976377 0.187698
v 0.211495 1.978105 0.179919
v 0.209783 1.979834 0.179706
v 0.205107 1.981099 0.179125
v 0.198720 1.981562 0.178331
v 0.192332 1.981099 0.177538
v 0.187656 1.979834 0.176957
v 0.185945 1.978105 0.176744
v 0.187656 1.976377 0.176957
v 0.192332 1.975111 0.177538
v 0.198720 1.974648 0.178331
v 0.205107 1.975111 0.179125
v 0.209783 1.976377 0.179706
v 0.221120 1.978105 0.171412
v 0.219331 1.979834 0.171268
v 0.214442 1.981099 0.170876
v 0.207763 1.981562 0.170339
v 0.201086 1.981099 0.169802
v 0.196197 1.979834 0.169409
v 0.194408 1.978105 0.169265
v 0.196197 1.976377 0.169409
v 0.201086 1.975111 0.169802
v 0.207763 1.974648 0.170339
v 0.214442 1.975111 0.170876
v 0.219331 1.976377 0.171268
v 0.226962 1.978105 0.162602
v 0.225125 1.979834 0.162529
v 0.220107 1.981099 0.162331
v 0.213253 1.981562 0.162060
v 0.206398 1.981099 0.161790
v 0.201380 1.979834 0.161592
v 0.199544 1.978105 0.161519
v 0.201380 1.976377 0.161592
v 0.206398 1.975111 0.161790
v 0.213253 1.974648 0.162060
v 0.220107 1.975111 0.162331
v 0.225125 1.976377 0.162529
v 0.228920 1.978105 0.153638
v 0.227067 1.979834 0.153638
v 0.222006 1.981099 0.153638
v 0.215093 1.981562 0.153638
v 0.208179 1.981099 0.153638
v 0.203118 1.979834 0.153638
v 0.201265 1.978105 0.153638
v 0.203118 1.976377 0.153638
v 0.208179 1.975111 0.153638
v 0.215093 1.974648 0.153638
v 0.222006 1.975111 0.153638
v 0.227067 1.976377 0.153638
v 0.226962 1.978105 0.144674
v 0.225125 1.979834 0.144746
v 0.220107 1.981099 0.144944
v 0.213253 1.981562 0.145215
v 0.206398 1.981099 0.145486
v 0.201380 1.979834 0.145684
v 0.199544 1.978105 0.145757
v 0.201380 1.976377 0.145684
v 0.206398 1.975111 0.145486
v 0.213253 1.974648 0.145215
v 0.220107 1.975111 0.144944
v 0.225125 1.976377 0.144746
v 0.221120 1.978105 0.135863
v 0.219331 1.979834 0.136007
v 0.214442 1.981099 0.136400
v 0.207763 1.981562 0.136937
v 0.201086 1.981099 0.137473
v 0.196197 1.979834 0.137867
v 0.194408 1.978105 0.138010
v 0.196197 1.976377 0.137867
v 0.201086 1.975111 0.137473
v 0.207763 1.974648 0.136937
v 0.214442 1.975111 0.136400
v 0.219331 1.976377 0.136007
v 0.211495 1.978105 0.127356
v 0.209783 1.979834 0.127569
v 0.205107 1.981099 0.128150
v 0.198720 1.981562 0.128944
v 0.192332 1.981099 0.129738
v 0.187656 1.979834 0.130319
v 0.185945 1.978105 0.130531
v 0.187656 1.976377 0.130319
v 0.192332 1.975111 0.129738
v 0.198720 1.974648 0.128944
v 0.205107 1.975111 0.128150
v 0.209783 1.976377 0.127569
v 0.198251 1.978105 0.119300
v 0.196646 1.979834 0.119578
v 0.192263 1.981099 0.120337
v 0.186276 1.981562 0.121374
v 0.180288 1.981099 0.122411
v 0.175905 1.979834 0.123170
v 0.174301 1.978105 0.123448
v 0.175905 1.976377 0.123170
v 0.180288 1.975111 0.122411
v 0.186276 1.974648 0.121374
v 0.192263 1.975111 0.120337
v 0.196646 1.976377 0.119578
v 0.181614 1.978105 0.111831
v 0.180145 1.979834 0.112169
v 0.176129 1.981099 0.113093
v 0.170645 1.981562 0.114356
v 0.165160 1.981099 0.115619
v 0.161144 1.979834 0.116543
v 0.159675 1.978105 0.116881
v 0.161144 1.976377 0.116543
v 0.165160 1.975111 0.115619
v 0.170645 1.974648 0.114356
v 0.176129 1.975111 0.113093
v 0.180145 1.976377 0.112169
v 0.161871 1.978105 0.105077
v 0.160561 1.979834 0.105469
v 0.156982 1.981099 0.106543
v 0.152094 1.981562 0.108010
v 0.147205 1.981099 0.109476
v 0.143626 1.979834 0.110550
v 0.142316 1.978105 0.110943
v 0.143626 1.976377 0.110550
v 0.147205 1.975111 0.109476
v 0.152094 1.974648 0.108010
v 0.156982 1.975111 0.106543
v 0.160561 1.976377 0.105469
v 0.139358 1.978105 0.099153
v 0.138230 1.979834 0.099594
v 0.135149 1.981099 0.100799
v 0.130940 1.981562 0.102444
v 0.126731 1.981099 0.104090
v 0.123651 1.979834 0.105294
v 0.122523 1.978105 0.105735
v 0.123651 1.976377 0.105294
v 0.126731 1.975111 0.104090
v 0.130940 1.974648 0.102444
v 0.135149 1.975111 0.100799
v 0.138230 1.976377 0.099594
v 0.114460 1.978105 0.094162
v 0.113534 1.979834 0.094644
v 0.111003 1.981099 0.095959
v 0.107546 1.981562 0.097755
v 0.104090 1.981099 0.099551
v 0.101559 1.979834 0.100866
v 0.100633 1.978105 0.101347
v 0.101559 1.976377 0.100866
v 0.104090 1.975111 0.099551
v 0.107546 1.974648 0.097755
v 0.111003 1.975111 0.095959
v 0.113534 1.976377 0.094644
v 0.087604 1.978105 0.090189
v 0.086895 1.979834 0.090703
v 0.084959 1.981099 0.092106
v 0.082312 1.981562 0.094022
v 0.079667 1.981099 0.095938
v 0.077730 1.979834 0.097341
v 0.077021 1.978105 0.097854
v 0.077730 1.976377 0.097341
v 0.079667 1.975111 0.095938
v 0.082312 1.974648 0.094022
v 0.084959 1.975111 0.092106
v 0.086895 1.976377 0.090703
v 0.059249 1.978105 0.087302
v 0.058769 1.979834 0.087839
v 0.057460 1.981099 0.089305
v 0.055670 1.981562 0.091308
v 0.053881 1.981099 0.093312
v 0.052571 1.979834 0.094778
v 0.052092 1.978105 0.095315
v 0.052571 1.976377 0.094778
v 0.053881 1.975111 0.093312
v 0.055670 1.974648 0.091308
v 0.057460 1.975111 0.089305
v 0.058769 1.976377 0.087839
v 0.029880 1.978105 0.085549
v 0.029638 1.979834 0.086100
v 0.028978 1.981099 0.087606
v 0.028076 1.981562 0.089662
v 0.027173 1.981099 0.091719
v 0.026512 1.979834 0.093224
v 0.026271 1.978105 0.093774
v 0.026512 1.976377 0.093224
v 0.027173 1.975111 0.091719
v 0.028076 1.974648 0.089662
v 0.028978 1.975111 0.087606
v 0.029638 1.976377 0.086100
v -0.000000 1.978105 0.084962
v -0.000000 1.979834 0.085517
v -0.000000 1.981099 0.087036
v -0.000000 1.981562 0.089110
v -0.000000 1.981099 0.091184
v -0.000000 1.979834 0.092703
v -0.000000 1.978105 0.093258
v -0.000000 1.976377 0.092703
v -0.000000 1.975111 0.091184
v -0.000000 1.974648 0.089110
v -0.000000 1.975111 0.087036
v -0.000000 1.976377 0.085517
v -0.029880 1.978105 0.085549
v -0.029638 1.979834 0.086100
v -0.028978 1.981099 0.087606
v -0.028075 1.981562 0.089662
v -0.027173 1.981099 0.091719
v -0.026512 1.979834 0.093224
v -0.026271 1.978105 0.093774
v -0.026512 1.976377 0.093224
v -0.027173 1.975111 0.091719
v -0.028075 1.974648 0.089662
v -0.028978 1.975111 0.087606
v -0.029638 1.976377 0.086100
v -0.059249 1.978105 0.087302
v -0.058769 1.979834 0.087838
v -0.057460 1.981099 0.089305
v -0.055670 1.981562 0.091308
v -0.053881 1.981099 0.093312
v -0.052571 1.979834 0.094778
v -0.052091 1.978105 0.095315
v -0.052571 1.976377 0.094778
v -0.053881 1.975111 0.093312
v -0.055670 1.974648 0.091308
v -0.057460 1.975111 0.089305
v -0.058769 1.976377 0.087838
v -0.087604 1.978105 0.090189
v -0.086895 1.979834 0.090703
v -0.084959 1.981099 0.092106
v -0.082312 1.981562 0.094022
v -0.079667 1.981099 0.095938
v -0.077730 1.979834 0.097341
v -0.077021 1.978105 0.097854
v -0.077730 1.976377 0.097341
v -0.079667 1.975111 0.095938
v -0.082312 1.974648 0.094022
v -0.084959 1.975111 0.092106
v -0.086895 1.976377 0.090703
v -0.114460 1.978105 0.094162
v -0.113534 1.979834 0.094644
v -0.111003 1.981099 0.095959
v -0.107546 1.981562 0.097755
v -0.104090 1.981099 0.099551
v -0.101559 1.979834 0.100866
v -0.100633 1.978105 0.101347
v -0.101559 1.976377 0.100866
v -0.104090 1.975111 0.099551
v -0.107546 1.974648 0.097755
v -0.111003 1.975111 0.095959
v -0.113534 1.976377 0.094644
v -0.139358 1.978105 0.099153
v -0.138230 1.979834 0.099594
v -0.135149 1.981099 0.100799
v -0.130940 1.981562 0.102444
v -0.126731 1.981099 0.104090
v -0.123650 1.979834 0.105294
v -0.122522 1.978105 0.105735
v -0.123650 1.976377 0.105294
v -0.126731 1.975111 0.104090
v -0.130940 1.974648 0.102444
v -0.135149 1.975111 0.100799
v -0.138230 1.976377 0.099594
v -0.161871 1.978105 0.105077
v -0.160561 1.979834 0.105469
v -0.156982 1.981099 0.106543
v -0.152094 1.981562 0.108010
v -0.147205 1.981099 0.109476
v -0.143626 1.979834 0.110550
v -0.142316 1.978105 0.110943
v -0.143626 1.976377 0.110550
v -0.147205 1.975111 0.109476
v -0.152094 1.974648 0.108010
v -0.156982 1.975111 0.106543
v -0.160561 1.976377 0.105469
v -0.181614 1.978105 0.111831
v -0.180145 1.979834 0.112169
v -0.176129 1.981099 0.113093
v -0.170645 1.981562 0.114356
v -0.165160 1.981099 0.115618
v -0.161144 1.979834 0.116543
v -0.159675 1.978105 0.116881
v -0.161144 1.976377 0.116543
v -0.165160 1.975111 0.115618
v -0.170645 1.974648 0.114356
v -0.176129 1.975111 0.113093
v -0.180145 1.976377 0.112169
v -0.198251 1.978105 0.119300
v -0.196646 1.979834 0.119578
v -0.192263 1.981099 0.120337
v -0.186276 1.981562 0.121374
v -0.180288 1.981099 0.122411
v -0.175905 1.979834 0.123170
v -0.174301 1.978105 0.123448
v -0.175905 1.976377 0.123170
v -0.180288 1.975111 0.122411
v -0.186276 1.974648 0.121374
v -0.192263 1.975111 0.120337
v -0.196646 1.976377 0.119578
v -0.211495 1.978105 0.127356
v -0.209783 1.979834 0.127569
v -0.205107 1.981099 0.128150
v -0.198720 1.981562 0.128944
v -0.192332 1.981099 0.129738
v -0.187656 1.979834 0.130319
v -0.185945 1.978105 0.130531
v -0.187656 1.976377 0.130319
v -0.192332 1.975111 0.129738
v -0.198720 1.974648 0.128944
v -0.205107 1.975111 0.128150
v -0.209783 1.976377 0.127569
v -0.221120 1.978105 0.135863
v -0.219331 1.979834 0.136007
v -0.214442 1.981099 0.136400
v -0.207763 1.981562 0.136936
v -0.201086 1.981099 0.137473
v -0.196197 1.979834 0.137867
v -0.194408 1.978105 0.138010
v -0.196197 1.976377 0.137867
v -0.201086 1.975111 0.137473
v -0.207763 1.974648 0.136936
v -0.214442 1.975111 0.136400
v -0.219331 1.976377 0.136007
v -0.226962 1.978105 0.144674
v -0.225125 1.979834 0.144746
v -0.220107 1.981099 0.144944
v -0.213253 1.981562 0.145215
v -0.206398 1.981099 0.145486
v -0.201380 1.979834 0.145684
v -0.199544 1.978105 0.145757
v -0.201380 1.976377 0.145684
v -0.206398 1.975111 0.145486
v -0.213253 1.974648 0.145215
v -0.220107 1.975111 0.144944
v -0.225125 1.976377 0.144746
v -0.228920 2.012674 0.153638
v -0.227067 2.014402 0.153638
v -0.222006 2.015667 0.153638
v -0.215093 2.016130 0.153638
v -0.208179 2.015667 0.153638
v -0.203118 2.014402 0.153638
v -0.201265 2.012674 0.153638
v -0.203118 2.010945 0.153638
v -0.208179 2.009680 0.153638
v -0.215093 2.009217 0.153638
v -0.222006 2.009680 0.153638
v -0.227067 2.010945 0.153638
v -0.226962 2.012674 0.162602
v -0.225125 2.014402 0.162529
v -0.220107 2.015667 0.162331
v -0.213253 2.016130 0.162060
v -0.206398 2.015667 0.161790
v -0.201380 2.014402 0.161591
v -0.199544 2.012674 0.161519
v -0.201380 2.010945 0.161591
v -0.206398 2.009680 0.161790
v -0.213253 2.009217 0.162060
v -0.220107 2.009680 0.162331
v -0.225125 2.010945 0.162529
v -0.221120 2.012674 0.171412
v -0.219331 2.014402 0.171268
v -0.214442 2.015667 0.170876
v -0.207763 2.016130 0.170339
v -0.201086 2.015667 0.169802
v -0.196197 2.014402 0.169409
v -0.194408 2.012674 0.169265
v -0.196197 2.010945 0.169409
v -0.201086 2.009680 0.169802
v -0.207763 2.009217 0.170339
v -0.214442 2.009680 0.170876
v -0.219331 2.010945 0.171268
v -0.211495 2.012674 0.179919
v -0.209783 2.014402 0.179706
v -0.205107 2.015667 0.179125
v -0.198720 2.016130 0.178331
v -0.192332 2.015667 0.177538
v -0.187656 2.014402 0.176957
v -0.185945 2.012674 0.176744
v -0.187656 2.010945 0.176957
v -0.192332 2.009680 0.177538
v -0.198720 2.009217 0.178331
v -0.205107 2.009680 0.179125
v -0.209783 2.010945 0.179706
v -0.198251 2.012674 0.187976
v -0.196646 2.014402 0.187698
v -0.192263 2.015667 0.186939
v -0.186276 2.016130 0.185902
v -0.180288 2.015667 0.184865
v -0.175905 2.014402 0.184106
v -0.174301 2.012674 0.183827
v -0.175905 2.010945 0.184106
v -0.180288 2.009680 0.184865
v -0.186276 2.009217 0.185902
v -0.192263 2.009680 0.186939
v -0.196646 2.010945 0.187698
v -0.181614 2.012674 0.195445
v -0.180145 2.014402 0.195107
v -0.176129 2.015667 0.194183
v -0.170645 2.016130 0.192920
v -0.165160 2.015667 0.191657
v -0.161144 2.014402 0.190733
v -0.159675 2.012674 0.190395
v -0.161144 2.010945 0.190733
v -0.165160 2.009680 0.191657
v -0.170645 2.009217 0.192920
v -0.176129 2.009680 0.194183
v -0.180145 2.010945 0.195107
v -0.161871 2.012674 0.202199
v -0.160561 2.014402 0.201806
v -0.156982 2.015667 0.200732
v -0.152094 2.016130 0.199266
v -0.147205 2.015667 0.197799
v -0.143626 2.014402 0.196725
v -0.142316 2.012674 0.196333
v -0.143626 2.010945 0.196725
v -0.147205 2.009680 0.197799
v -0.152094 2.009217 0.199266
v -0.156982 2.009680 0.200732
v -0.160561 2.010945 0.201806
v -0.139358 2.012674 0.208122
v -0.138230 2.014402 0.207681
v -0.135149 2.015667 0.206477
v -0.130940 2.016130 0.204831
v -0.126731 2.015667 0.203186
v -0.123651 2.014402 0.201981
v -0.122523 2.012674 0.201540
v -0.123651 2.010945 0.201981
v -0.126731 2.009680 0.203186
v -0.130940 2.009217 0.204831
v -0.135149 2.009680 0.206477
v -0.138230 2.010945 0.207681
v -0.114460 2.012674 0.213113
v -0.113534 2.014402 0.212631
v -0.111003 2.015667 0.211316
v -0.107546 2.016130 0.209520
v -0.104090 2.015667 0.207724
v -0.101559 2.014402 0.206409
v -0.100633 2.012674 0.205928
v -0.101559 2.010945 0.206409
v -0.104090 2.009680 0.207724
v -0.107546 2.009217 0.209520
v -0.111003 2.009680 0.211316
v -0.113534 2.010945 0.212631
v -0.087604 2.012674 0.217086
v -0.086895 2.014402 0.216572
v -0.084959 2.015667 0.215170
v -0.082312 2.016130 0.213254
v -0.079667 2.015667 0.211337
v -0.077730 2.014402 0.209934
v -0.077021 2.012674 0.209421
v -0.077730 2.010945 0.209934
v -0.079667 2.009680 0.211337
v -0.082312 2.009217 0.213254
v -0.084959 2.009680 0.215170
v -0.086895 2.010945 0.216572
v -0.059249 2.012674 0.219974
v -0.058770 2.014402 0.219437
v -0.057460 2.015667 0.217970
v -0.055670 2.016130 0.215967
v -0.053881 2.015667 0.213964
v -0.052571 2.014402 0.212497
v -0.052092 2.012674 0.211960
v -0.052571 2.010945 0.212497
v -0.053881 2.009680 0.213964
v -0.055670 2.009217 0.215967
v -0.057460 2.009680 0.217970
v -0.058770 2.010945 0.219437
v -0.029880 2.012674 0.221726
v -0.029638 2.014402 0.221175
v -0.028978 2.015667 0.219670
v -0.028075 2.016130 0.217613
v -0.027173 2.015667 0.215557
v -0.026513 2.014402 0.214052
v -0.026271 2.012674 0.213501
v -0.026513 2.010945 0.214052
v -0.027173 2.009680 0.215557
v -0.028075 2.009217 0.217613
v -0.028978 2.009680 0.219670
v -0.029638 2.010945 0.221175
v -0.000000 2.012674 0.222314
v -0.000000 2.014402 0.221758
v -0.000000 2.015667 0.220240
v -0.000000 2.016130 0.218166
v -0.000000 2.015667 0.216091
v -0.000000 2.014402 0.214573
v -0.000000 2.012674 0.214017
v -0.000000 2.010945 0.214573
v -0.000000 2.009680 0.216091
v -0.000000 2.009217 0.218166
v -0.000000 2.009680 0.220240
v -0.000000 2.010945 0.221758
v 0.029880 2.012674 0.221726
v 0.029638 2.014402 0.221175
v 0.028978 2.015667 0.219670
v 0.028075 2.016130 0.217613
v 0.027173 2.015667 0.215557
v 0.026512 2.014402 0.214052
v 0.026270 2.012674 0.213501
v 0.026512 2.010945 0.214052
v 0.027173 2.009680 0.215557
v 0.028075 2.009217 0.217613
v 0.028978 2.009680 0.219670
v 0.029638 2.010945 0.221175
v 0.059249 2.012674 0.219974
v 0.058769 2.014402 0.219437
v 0.057460 2.015667 0.217970
v 0.055670 2.016130 0.215967
v 0.053881 2.015667 0.213964
v 0.052571 2.014402 0.212497
v 0.052092 2.012674 0.211960
v 0.052571 2.010945 0.212497
v 0.053881 2.009680 0.213964
v 0.055670 2.009217 0.215967
v 0.057460 2.009680 0.217970
v 0.058769 2.010945 0.219437
v 0.087604 2.012674 0.217086
v 0.086895 2.014402 0.216572
v 0.084959 2.015667 0.215170
v 0.082312 2.016130 0.213254
v 0.079667 2.015667 0.211337
v 0.077730 2.014402 0.209934
v 0.077021 2.012674 0.209421
v 0.077730 2.010945 0.209934
v 0.079667 2.009680 0.211337
v 0.082312 2.009217 0.213254
v 0.084959 2.009680 0.215170
v 0.086895 2.010945 0.216572
v 0.114460 2.012674 0.213113
v 0.113534 2.014402 0.212632
v 0.111003 2.015667 0.211316
v 0.107546 2.016130 0.209520
v 0.104090 2.015667 0.207724
v 0.101559 2.014402 0.206409
v 0.100633 2.012674 0.205928
v 0.101559 2.010945 0.206409
v 0.104090 2.009680 0.207724
v 0.107546 2.009217 0.209520
v 0.111003 2.009680 0.211316
v 0.113534 2.010945 0.212632
v 0.139358 2.012674 0.208122
v 0.138230 2.014402 0.207681
v 0.135149 2.015667 0.206477
v 0.130940 2.016130 0.204831
v 0.126731 2.015667 0.203186
v 0.123651 2.014402 0.201981
v 0.122522 2.012674 0.201540
v 0.123651 2.010945 0.201981
v 0.126731 2.009680 0.203186
v 0.130940 2.009217 0.204831
v 0.135149 2.009680 0.206477
v 0.138230 2.010945 0.207681
v 0.161871 2.012674 0.202199
v 0.160561 2.014402 0.201806
v 0.156982 2.015667 0.200732
v 0.152094 2.016130 0.199266
v 0.147205 2.015667 0.197799
v 0.143626 2.014402 0.196725
v 0.142316 2.012674 0.196333
v 0.143626 2.010945 0.196725
v 0.147205 2.009680 0.197799
v 0.152094 2.009217 0.199266
v 0.156982 2.009680 0.200732
v 0.160561 2.010945 0.201806
v 0.181614 2.012674 0.195445
v 0.180145 2.014402 0.195107
v 0.176129 2.015667 0.194183
v 0.170645 2.016130 0.192920
v 0.165160 2.015667 0.191657
v 0.161144 2.014402 0.190733
v 0.159675 2.012674 0.190395
v 0.161144 2.010945 0.190733
v 0.165160 2.009680 0.191657
v 0.170645 2.009217 0.192920
v 0.176129 2.009680 0.194183
v 0.180145 2.010945 0.195107
v 0.198251 2.012674 0.187976
v 0.196646 2.014402 0.187698
v 0.192263 2.015667 0.186939
v 0.186276 2.016130 0.185902
v 0.180288 2.015667 0.184865
v 0.175905 2.014402 0.184106
v 0.174301 2.012674 0.183828
v 0.175905 2.010945 0.184106
v 0.180288 2.009680 0.184865
v 0.186276 2.009217 0.185902
v 0.192263 2.009680 0.186939
v 0.196646 2.010945 0.187698
v 0.211495 2.012674 0.179919
v 0.209783 2.014402 0.179706
v 0.205107 2.015667 0.179125
v 0.198720 2.016130 0.178331
v 0.192332 2.015667 0.177538
v 0.187656 2.014402 0.176957
v 0.185945 2.012674 0.176744
v 0.187656 2.010945 0.176957
v 0.192332 2.009680 0.177538
v 0.198720 2.009217 0.178331
v 0.205107 2.009680 0.179125
v 0.209783 2.010945 0.179706
v 0.221120 2.012674 0.171412
v 0.219331 2.014402 0.171268
v 0.214442 2.015667 0.170876
v 0.207763 2.016130 0.170339
v 0.201086 2.015667 0.169802
v 0.196197 2.014402 0.169409
v 0.194408 2.012674 0.169265
v 0.196197 2.010945 0.169409
v 0.201086 2.009680 0.169802
v 0.207763 2.009217 0.170339
v 0.214442 2.009680 0.170876
v 0.219331 2.010945 0.171268
v 0.226962 2.012674 0.162602
v 0.225125 2.014402 0.162529
v 0.220107 2.015667 0.162331
v 0.213253 2.016130 0.162060
v 0.206398 2.015667 0.161790
v 0.201380 2.014402 0.161592
v 0.199544 2.012674 0.161519
v 0.201380 2.010945 0.161592
v 0.206398 2.009680 0.161790
v 0.213253 2.009217 0.162060
v 0.220107 2.009680 0.162331
v 0.225125 2.010945 0.162529
v 0.228920 2.012674 0.153638
v 0.227067 2.014402 0.153638
v 0.222006 2.015667 0.153638
v 0.215093 2.016130 0.153638
v 0.208179 2.015667 0.153638
v 0.203118 2.014402 0.153638
v 0.201265 2.012674 0.153638
v 0.203118 2.010945 0.153638
v 0.208179 2.009680 0.153638
v 0.215093 2.009217 0.153638
v 0.222006 2.009680 0.153638
v 0.227067 2.010945 0.153638
v 0.226962 2.012674 0.144674
v 0.225125 2.014402 0.144746
v 0.220107 2.015667 0.144944
v 0.213253 2.016130 0.145215
v 0.206398 2.015667 0.145486
v 0.201380 2.014402 0.145684
v 0.199544 2.012674 0.145757
v 0.201380 2.010945 0.145684
v 0.206398 2.009680 0.145486
v 0.213253 2.009217 0.145215
v 0.220107 2.009680 0.144944
v 0.225125 2.010945 0.144746
v 0.221120 2.012674 0.135863
v 0.219331 2.014402 0.136007
v 0.214442 2.015667 0.136400
v 0.207763 2.016130 0.136937
v 0.201086 2.015667 0.137473
v 0.196197 2.014402 0.137867
v 0.194408 2.012674 0.138010
v 0.196197 2.010945 0.137867
v 0.201086 2.009680 0.137473
v 0.207763 2.009217 0.136937
v 0.214442 2.009680 0.136400
v 0.219331 2.010945 0.136007
v 0.211495 2.012674 0.127356
v 0.209783 2.014402 0.127569
v 0.205107 2.015667 0.128150
v 0.198720 2.016130 0.128944
v 0.192332 2.015667 0.129738
v 0.187656 2.014402 0.130319
v 0.185945 2.012674 0.130531
v 0.187656 2.010945 0.130319
v 0.192332 2.009680 0.129738
v 0.198720 2.009217 0.128944
v 0.205107 2.009680 0.128150
v 0.209783 2.010945 0.127569
v 0.198251 2.012674 0.119300
v 0.196646 2.014402 0.119578
v 0.192263 2.015667 0.120337
v 0.186276 2.016130 0.121374
v 0.180288 2.015667 0.122411
v 0.175905 2.014402 0.123170
v 0.174301 2.012674 0.123448
v 0.175905 2.010945 0.123170
v 0.180288 2.009680 0.122411
v 0.186276 2.009217 0.121374
v 0.192263 2.009680 0.120337
v 0.196646 2.010945 0.119578
v 0.181614 2.012674 0.111831
v 0.180145 2.014402 0.112169
v 0.176129 2.015667 0.113093
v 0.170645 2.016130 0.114356
v 0.165160 2.015667 0.115619
v 0.161144 2.014402 0.116543
v 0.159675 2.012674 0.116881
v 0.161144 2.010945 0.116543
v 0.165160 2.009680 0.115619
v 0.170645 2.009217 0.114356
v 0.176129 2.009680 0.113093
v 0.180145 2.010945 0.112169
v 0.161871 2.012674 0.105077
v 0.160561 2.014402 0.105469
v 0.156982 2.015667 0.106543
v 0.152094 2.016130 0.108010
v 0.147205 2.015667 0.109476
v 0.143626 2.014402 0.110550
v 0.142316 2.012674 0.110943
v 0.143626 2.010945 0.110550
v 0.147205 2.009680 0.109476
v 0.152094 2.009217 0.108010
v 0.156982 2.009680 0.106543
v 0.160561 2.010945 0.105469
v 0.139358 2.012674 0.099153
v 0.138230 2.014402 0.099594
v 0.135149 2.015667 0.100799
v 0.130940 2.016130 0.102444
v 0.126731 2.015667 0.104090
v 0.123651 2.014402 0.105294
v 0.122523 2.012674 0.105735
v 0.123651 2.010945 0.105294
v 0.126731 2.009680 0.104090
v 0.130940 2.009217 0.102444
v 0.135149 2.009680 0.100799
v 0.138230 2.010945 0.099594
v 0.114460 2.012674 0.094162
v 0.113534 2.014402 0.094644
v 0.111003 2.015667 0.095959
v 0.107546 2.016130 0.097755
v 0.104090 2.015667 0.099551
v 0.101559 2.014402 0.100866
v 0.100633 2.012674 0.101347
v 0.101559 2.010945 0.100866
v 0.104090 2.009680 0.099551
v 0.107546 2.009217 0.097755
v 0.111003 2.009680 0.095959
v 0.113534 2.010945 0.094644
v 0.087604 2.012674 0.090189
v 0.086895 2.014402 0.090703
v 0.084959 2.015667 0.092106
v 0.082312 2.016130 0.094022
v 0.079667 2.015667 0.095938
v 0.077730 2.014402 0.097341
v 0.077021 2.012674 0.097854
v 0.077730 2.010945 0.097341
v 0.079667 2.009680 0.095938
v 0.082312 2.009217 0.094022
v 0.084959 2.009680 0.092106
v 0.086895 2.010945 0.090703
v 0.059249 2.012674 0.087302
v 0.058769 2.014402 0.087839
v 0.057460 2.015667 0.089305
v 0.055670 2.016130 0.091308
v 0.053881 2.015667 0.093312
v 0.052571 2.014402 0.094778
v 0.052092 2.012674 0.095315
v 0.052571 2.010945 0.094778
v 0.053881 2.009680 0.093312
v 0.055670 2.009217 0.091308
v 0.057460 2.009680 0.089305
v 0.058769 2.010945 0.087839
v 0.029880 2.012674 0.085549
v 0.029638 2.014402 0.086100
v 0.028978 2.015667 0.087606
v 0.028076 2.016130 0.089662
v 0.027173 2.015667 0.091719
v 0.026512 2.014402 0.093224
v 0.026271 2.012674 0.093774
v 0.026512 2.010945 0.093224
v 0.027173 2.009680 0.091719
v 0.028076 2.009217 0.089662
v 0.028978 2.009680 0.087606
v 0.029638 2.010945 0.086100
v -0.000000 2.012674 0.084962
v -0.000000 2.014402 0.085517
v -0.000000 2.015667 0.087036
v -0.000000 2.016130 0.089110
v -0.000000 2.015667 0.091184
v -0.000000 2.014402 0.092703
v -0.000000 2.012674 0.093258
v -0.000000 2.010945 0.092703
v -0.000000 2.009680 0.091184
v -0.000000 2.009217 0.089110
v -0.000000 2.009680 0.087036
v -0.000000 2.010945 0.085517
v -0.029880 2.012674 0.085549
v -0.029638 2.014402 0.086100
v -0.028978 2.015667 0.087606
v -0.028075 2.016130 0.089662
v -0.027173 2.015667 0.091719
v -0.026512 2.014402 0.093224
v -0.026271 2.012674 0.093774
v -0.026512 2.010945 0.093224
v -0.027173 2.009680 0.091719
v -0.028075 2.009217 0.089662
v -0.028978 2.009680 0.087606
v -0.029638 2.010945 0.086100
v -0.059249 2.012674 0.087302
v -0.058769 2.014402 0.087838
v -0.057460 2.015667 0.089305
v -0.055670 2.016130 0.091308
v -0.053881 2.015667 0.093312
v -0.052571 2.014402 0.094778
v -0.052091 2.012674 0.095315
v -0.052571 2.010945 0.094778
v -0.053881 2.009680 0.093312
v -0.055670 2.009217 0.091308
v -0.057460 2.009680 0.089305
v -0.058769 2.010945 0.087838
v -0.087604 2.012674 0.090189
v -0.086895 2.014402 0.090703
v -0.084959 2.015667 0.092106
v -0.082312 2.016130 0.094022
v -0.079667 2.015667 0.095938
v -0.077730 2.014402 0.097341
v -0.077021 2.012674 0.097854
v -0.077730 2.010945 0.097341
v -0.079667 2.009680 0.095938
v -0.082312 2.009217 0.094022
v -0.084959 2.009680 0.092106
v -0.086895 2.010945 0.090703
v -0.114460 2.012674 0.094162
v -0.113534 2.014402 0.094644
v -0.111003 2.015667 0.095959
v -0.107546 2.016130 0.097755
v -0.104090 2.015667 0.099551
v -0.101559 2.014402 0.100866
v -0.100633 2.012674 0.101347
v -0.101559 2.010945 0.100866
v -0.104090 2.009680 0.099551
v -0.107546 2.009217 0.097755
v -0.111003 2.009680 0.095959
v -0.113534 2.010945 0.094644
v -0.139358 2.012674 0.099153
v -0.138230 2.014402 0.099594
v -0.135149 2.015667 0.100799
v -0.130940 2.016130 0.102444
v -0.126731 2.015667 0.104090
v -0.123650 2.014402 0.105294
v -0.122522 2.012674 0.105735
v -0.123650 2.010945 0.105294
v -0.126731 2.009680 0.104090
v -0.130940 2.009217 0.102444
v -0.135149 2.009680 0.100799
v -0.138230 2.010945 0.099594
v -0.161871 2.012674 0.105077
v -0.160561 2.014402 0.105469
v -0.156982 2.015667 0.106543
v -0.152094 2.016130 0.108010
v -0.147205 2.015667 0.109476
v -0.143626 2.014402 0.110550
v -0.142316 2.012674 0.110943
v -0.143626 2.010945 0.110550
v -0.147205 2.009680 0.109476
v -0.152094 2.009217 0.108010
v -0.156982 2.009680 0.106543
v -0.160561 2.010945 0.105469
v -0.181614 2.012674 0.111831
v -0.180145 2.014402 0.112169
v -0.176129 2.015667 0.113093
v -0.170645 2.016130 0.114356
v -0.165160 2.015667 0.115618
v -0.161144 2.014402 0.116543
v -0.159675 2.012674 0.116881
v -0.161144 2.010945 0.116543
v -0.165160 2.009680 0.115618
v -0.170645 2.009217 0.114356
v -0.176129 2.009680 0.113093
v -0.180145 2.010945 0.112169
v -0.198251 2.012674 0.119300
v -0.196646 2.014402 0.119578
v -0.192263 2.015667 0.120337
v -0.186276 2.016130 0.121374
v -0.180288 2.015667 0.122411
v -0.175905 2.014402 0.123170
v -0.174301 2.012674 0.123448
v -0.175905 2.010945 0.123170
v -0.180288 2.009680 0.122411
v -0.186276 2.009217 0.121374
v -0.192263 2.009680 0.120337
v -0.196646 2.010945 0.119578
v -0.211495 2.012674 0.127356
v -0.209783 2.014402 0.127569
v -0.205107 2.015667 0.128150
v -0.198720 2.016130 0.128944
v -0.192332 2.015667 0.129738
v -0.187656 2.014402 0.130319
v -0.185945 2.012674 0.130531
v -0.187656 2.010945 0.130319
v -0.192332 2.009680 0.129738
v -0.198720 2.009217 0.128944
v -0.205107 2.009680 0.128150
v -0.209783 2.010945 0.127569
v -0.221120 2.012674 0.135863
v -0.219331 2.014402 0.136007
v -0.214442 2.015667 0.136400
v -0.207763 2.016130 0.136936
v -0.201086 2.015667 0.137473
v -0.196197 2.014402 0.137867
v -0.194408 2.012674 0.138010
v -0.196197 2.010945 0.137867
v -0.201086 2.009680 0.137473
v -0.207763 2.009217 0.136936
v -0.214442 2.009680 0.136400
v -0.219331 2.010945 0.136007
v -0.226962 2.012674 0.144674
v -0.225125 2.014402 0.144746
v -0.220107 2.015667 0.144944
v -0.213253 2.016130 0.145215
v -0.206398 2.015667 0.145486
v -0.201380 2.014402 0.145684
v -0.199544 2.012674 0.145757
v -0.201380 2.010945 0.145684
v -0.206398 2.009680 0.145486
v -0.213253 2.009217 0.145215
v -0.220107 2.009680 0.144944
v -0.225125 2.010945 0.144746
v -0.000000 1.696435 0.621134
v -0.000000 1.854440 0.471153
v -0.039917 1.683422 0.602114
v -0.009979 1.851187 0.466398
v -0.039917 1.657397 0.564073
v -0.009979 1.844680 0.456888
v -0.000000 1.644385 0.545053
v -0.000000 1.841427 0.452133
v 0.039917 1.657397 0.564073
v 0.009979 1.844680 0.456888
v 0.039917 1.683422 0.602114
v 0.009979 1.851187 0.466398
v 0.092183 1.765317 0.476277
v 0.052160 1.795891 0.447199
v 0.107470 1.795891 0.429228
v 0.141653 1.795891 0.476277
v 0.107470 1.795891 0.523326
v 0.052160 1.795891 0.505354
v 0.076896 1.845362 0.429228
v 0.132205 1.845362 0.447199
v 0.132205 1.845362 0.505354
v 0.076896 1.845362 0.523326
v 0.042712 1.845362 0.476277
v 0.092183 1.875936 0.476277
v 0.101168 1.773577 0.448622
v 0.068658 1.773577 0.459185
v 0.077643 1.791548 0.431531
v 0.045133 1.791548 0.476277
v 0.068658 1.773577 0.493368
v 0.121261 1.773577 0.476277
v 0.130246 1.791548 0.448622
v 0.101168 1.773577 0.503932
v 0.130246 1.791548 0.503932
v 0.077643 1.791548 0.521023
v 0.039580 1.820626 0.459185
v 0.039580 1.820626 0.493368
v 0.092183 1.820626 0.420967
v 0.059672 1.820626 0.431531
v 0.144785 1.820626 0.459185
v 0.124693 1.820626 0.431531
v 0.124693 1.820626 0.521023
v 0.144785 1.820626 0.493368
v 0.059672 1.820626 0.521023
v 0.092183 1.820626 0.531586
v 0.054119 1.849705 0.448622
v 0.106722 1.849705 0.431531
v 0.139232 1.849705 0.476277
v 0.106722 1.849705 0.521023
v 0.054119 1.849705 0.503932
v 0.083197 1.867676 0.448622
v 0.063104 1.867676 0.476277
v 0.115707 1.867676 0.459185
v 0.115707 1.867676 0.493368
v 0.083197 1.867676 0.503932
v -0.092183 1.765317 0.476277
v -0.132205 1.795891 0.447199
v -0.076896 1.795891 0.429228
v -0.042712 1.795891 0.476277
v -0.076896 1.795891 0.523326
v -0.132205 1.795891 0.505354
v -0.107470 1.845362 0.429228
v -0.052160 1.845362 0.447199
v -0.052160 1.845362 0.505354
v -0.107470 1.845362 0.523326
v -0.141653 1.845362 0.476277
v -0.092183 1.875936 0.476277
v -0.083197 1.773577 0.448622
v -0.115707 1.773577 0.459185
v -0.106722 1.791548 0.431531
v -0.139232 1.791548 0.476277
v -0.115707 1.773577 0.493368
v -0.063104 1.773577 0.476277
v -0.054119 1.791548 0.448622
v -0.083197 1.773577 0.503932
v -0.054119 1.791548 0.503932
v -0.106722 1.791548 0.521023
v -0.144785 1.820626 0.459185
v -0.144785 1.820626 0.493368
v -0.092183 1.820626 0.420967
v -0.124693 1.820626 0.431531
v -0.039580 1.820626 0.459185
v -0.059672 1.820626 0.431531
v -0.059672 1.820626 0.521023
v -0.039580 1.820626 0.493368
v -0.124693 1.820626 0.521023
v -0.092183 1.820626 0.531586
v -0.130246 1.849705 0.448622
v -0.077643 1.849705 0.431531
v -0.045133 1.849705 0.476277
v -0.077643 1.849705 0.521023
v -0.130246 1.849705 0.503932
v -0.101168 1.867676 0.448622
v -0.121261 1.867676 0.476277
v -0.068658 1.867676 0.459185
v -0.068658 1.867676 0.493368
v -0.101168 1.867676 0.503932
v 0.061455 1.643943 0.507004
v 0.061455 1.690034 0.507004
v 0.061455 1.643943 0.537732
v 0.061455 1.690034 0.537732
v -0.061455 1.643943 0.507004
v -0.061455 1.690034 0.507004
v -0.061455 1.643943 0.537732
v -0.061455 1.690034 0.537732
v -0.207674 1.828308 -0.012724
v -0.200637 2.212403 -0.035474
v -0.225415 1.828308 -0.046355
v -0.202664 2.212403 -0.039317
v -0.191784 1.828308 -0.064095
v -0.198821 2.212403 -0.041345
v -0.174043 1.828308 -0.030464
v -0.196794 2.212403 -0.037501
v -0.212275 1.806160 0.120110
v -0.167368 2.244899 -0.061271
v -0.232310 1.796873 0.089156
v -0.169657 2.243837 -0.064808
v -0.200148 1.787587 0.071126
v -0.165982 2.242776 -0.066869
v -0.180113 1.796873 0.102079
v -0.163693 2.243837 -0.063331
v -0.097018 1.795683 0.236352
v -0.066737 2.261211 -0.089346
v -0.121694 1.781159 0.211334
v -0.069557 2.259552 -0.092206
v -0.092829 1.766637 0.191293
v -0.066259 2.257892 -0.094496
v -0.068152 1.781159 0.216312
v -0.063438 2.259552 -0.091636
v 0.080332 1.756895 0.237764
v 0.045441 2.300000 -0.137515
v 0.051466 1.742371 0.217723
v 0.042143 2.298340 -0.139806
v 0.076143 1.727848 0.192705
v 0.044963 2.296680 -0.142665
v 0.105008 1.742371 0.212745
v 0.048261 2.298340 -0.140374
v 0.208449 1.849415 0.104656
v 0.171194 2.201644 -0.045817
v 0.176287 1.840129 0.086626
v 0.167519 2.200583 -0.047877
v 0.196321 1.830841 0.055672
v 0.169808 2.199522 -0.051415
v 0.228484 1.840129 0.073702
v 0.173484 2.200583 -0.049355
v 0.269129 1.782217 -0.012723
v 0.262092 2.258494 -0.035474
v 0.235498 1.782217 -0.030464
v 0.258249 2.258494 -0.037501
v 0.253239 1.782217 -0.064095
v 0.260276 2.258494 -0.041345
v 0.286870 1.782217 -0.046355
v 0.264119 2.258494 -0.039317
v 0.144054 1.744332 -0.156173
v 0.185872 2.286030 0.012728
v 0.111891 1.753619 -0.174204
v 0.182196 2.287092 0.010667
v 0.131926 1.762906 -0.205158
v 0.184485 2.288153 0.007130
v 0.164088 1.753619 -0.187128
v 0.188161 2.287092 0.009191
v 0.056792 1.727848 -0.281213
v 0.087972 2.296680 0.054157
v 0.027926 1.742371 -0.301254
v 0.084673 2.298340 0.051866
v 0.052603 1.756895 -0.326272
v 0.087493 2.300000 0.049007
v 0.081469 1.742371 -0.306231
v 0.090792 2.298340 0.051297
v -0.073201 1.844213 -0.218532
v -0.090553 2.180315 -0.031903
v -0.097878 1.858736 -0.243550
v -0.093373 2.181975 -0.034762
v -0.069012 1.873260 -0.263591
v -0.090074 2.183634 -0.037053
v -0.044336 1.858736 -0.238572
v -0.087254 2.181975 -0.034194
v -0.147880 1.787587 -0.140720
v -0.182045 2.242776 -0.002726
v -0.167914 1.796873 -0.171674
v -0.184335 2.243837 -0.006263
v -0.135752 1.806160 -0.189704
v -0.180659 2.244899 -0.008324
v -0.115718 1.796873 -0.158751
v -0.178370 2.243837 -0.004787
v 0.261217 1.116101 0.238456
v 0.325034 1.718401 0.134369
v 0.235130 1.112748 0.203062
v 0.298947 1.715049 0.098976
v 0.241614 1.104654 0.160203
v 0.305429 1.706955 0.056116
v 0.276869 1.096561 0.134985
v 0.340685 1.698861 0.030897
v 0.320245 1.093208 0.142179
v 0.384061 1.695509 0.038092
v 0.346332 1.096561 0.177572
v 0.410148 1.698861 0.073486
v 0.339849 1.104654 0.220432
v 0.403665 1.706955 0.116344
v 0.304593 1.112748 0.245651
v 0.368409 1.715049 0.141563
v 0.503746 0.789244 0.381015
v 0.572248 1.435057 0.193352
v 0.477553 0.785254 0.357724
v 0.546054 1.431067 0.170062
v 0.475548 0.775623 0.323847
v 0.544050 1.421436 0.136185
v 0.498905 0.765991 0.299228
v 0.567408 1.411804 0.111566
v 0.533943 0.762002 0.298288
v 0.602446 1.407815 0.110626
v 0.560137 0.765991 0.321578
v 0.628639 1.411804 0.133917
v 0.562142 0.775623 0.355455
v 0.630644 1.421436 0.167794
v 0.538783 0.785254 0.380075
v 0.607286 1.431067 0.192413
v 0.690107 0.493677 0.526540
v 0.740030 1.088018 0.280266
v 0.665548 0.489296 0.510989
v 0.715470 1.083637 0.264715
v 0.659492 0.478720 0.484237
v 0.709414 1.073061 0.237963
v 0.675487 0.468143 0.461955
v 0.725410 1.062484 0.215680
v 0.704165 0.463762 0.457195
v 0.754087 1.058104 0.210921
v 0.728724 0.468143 0.472746
v 0.778647 1.062484 0.226472
v 0.734780 0.478720 0.499498
v 0.784702 1.073061 0.253224
v 0.718785 0.489296 0.521780
v 0.768706 1.083637 0.275506
v 0.829643 0.549275 0.460913
v 0.787954 0.581123 0.430624
v 0.845567 0.581123 0.411903
v 0.881175 0.581123 0.460913
v 0.845567 0.581123 0.509923
v 0.787954 0.581123 0.491202
v 0.813720 0.632655 0.411903
v 0.871334 0.632655 0.430624
v 0.871334 0.632655 0.491202
v 0.813720 0.632655 0.509923
v 0.778112 0.632655 0.460913
v 0.829643 0.664503 0.460913
v 0.839003 0.557879 0.432106
v 0.805139 0.557879 0.443110
v 0.814499 0.576599 0.414302
v 0.780634 0.576599 0.460913
v 0.805139 0.557879 0.478717
v 0.859933 0.557879 0.460913
v 0.869293 0.576599 0.432106
v 0.839003 0.557879 0.489720
v 0.869293 0.576599 0.489720
v 0.814499 0.576599 0.507524
v 0.774849 0.606889 0.443110
v 0.774849 0.606889 0.478717
v 0.829643 0.606889 0.403299
v 0.795779 0.606889 0.414302
v 0.884438 0.606889 0.443110
v 0.863508 0.606889 0.414303
v 0.863508 0.606889 0.507524
v 0.884438 0.606889 0.478717
v 0.795779 0.606889 0.507524
v 0.829643 0.606889 0.518527
v 0.789994 0.637179 0.432106
v 0.844788 0.637179 0.414302
v 0.878653 0.637179 0.460913
v 0.844788 0.637179 0.507524
v 0.789994 0.637179 0.489720
v 0.820284 0.655898 0.432106
v 0.799354 0.655898 0.460913
v 0.854148 0.655898 0.443110
v 0.854148 0.655898 0.478717
v 0.820284 0.655898 0.489720
v 0.791757 0.421209 0.412318
v 0.827046 0.584408 0.491338
v 0.774325 0.428436 0.407192
v 0.824140 0.585612 0.490484
v 0.782144 0.435663 0.390791
v 0.825444 0.586817 0.487751
v 0.799577 0.428436 0.395916
v 0.828349 0.585612 0.488605
v 0.813538 0.414660 0.452119
v 0.833252 0.590957 0.544613
v 0.797557 0.421888 0.443472
v 0.830589 0.592161 0.543172
v 0.808623 0.429115 0.429060
v 0.832433 0.593366 0.540770
v 0.824604 0.421888 0.437707
v 0.835097 0.592161 0.542211
v 0.837325 0.408111 0.493307
v 0.837325 0.597505 0.595910
v 0.823498 0.415339 0.481519
v 0.835021 0.598710 0.593945
v 0.837325 0.422566 0.469730
v 0.837325 0.599915 0.591981
v 0.851153 0.415339 0.481519
v 0.839630 0.598710 0.593945
v 0.862787 0.401562 0.536448
v 0.839724 0.604055 0.644650
v 0.851720 0.408789 0.522036
v 0.837880 0.605259 0.642248
v 0.867702 0.416017 0.513389
v 0.840543 0.606464 0.640807
v 0.878767 0.408789 0.527801
v 0.842388 0.605259 0.643209
v 0.889442 0.395013 0.582018
v 0.841056 0.610604 0.690369
v 0.881623 0.402240 0.565616
v 0.839753 0.611808 0.687635
v 0.899055 0.409467 0.560491
v 0.842658 0.613013 0.686780
v 0.906875 0.402240 0.576893
v 0.843961 0.611808 0.689514
v -0.261217 1.116101 0.238456
v -0.325034 1.718401 0.134369
v -0.304593 1.112748 0.245651
v -0.368409 1.715049 0.141563
v -0.339849 1.104654 0.220432
v -0.403665 1.706955 0.116344
v -0.346332 1.096561 0.177572
v -0.410148 1.698861 0.073486
v -0.320245 1.093208 0.142179
v -0.384061 1.695509 0.038092
v -0.276869 1.096561 0.134984
v -0.340685 1.698861 0.030897
v -0.241614 1.104654 0.160203
v -0.305429 1.706955 0.056116
v -0.235130 1.112748 0.203062
v -0.298947 1.715049 0.098976
v -0.503746 0.789244 0.381014
v -0.572248 1.435057 0.193352
v -0.538784 0.785254 0.380075
v -0.607286 1.431067 0.192413
v -0.562142 0.775623 0.355455
v -0.630644 1.421436 0.167794
v -0.560137 0.765991 0.321578
v -0.628639 1.411804 0.133917
v -0.533943 0.762002 0.298288
v -0.602446 1.407815 0.110626
v -0.498905 0.765991 0.299228
v -0.567408 1.411804 0.111565
v -0.475548 0.775623 0.323847
v -0.544050 1.421436 0.136185
v -0.477553 0.785254 0.357724
v -0.546054 1.431067 0.170062
v -0.690107 0.493677 0.526540
v -0.740030 1.088018 0.280266
v -0.718785 0.489296 0.521780
v -0.768706 1.083637 0.275506
v -0.734780 0.478720 0.499498
v -0.784702 1.073061 0.253224
v -0.728724 0.468143 0.472746
v -0.778647 1.062484 0.226472
v -0.704165 0.463762 0.457195
v -0.754087 1.058104 0.210921
v -0.675487 0.468143 0.461955
v -0.725410 1.062484 0.215680
v -0.659492 0.478720 0.484237
v -0.709414 1.073061 0.237962
v -0.665548 0.489296 0.510989
v -0.715470 1.083637 0.264715
v -0.829644 0.549275 0.460913
v -0.871334 0.581123 0.430624
v -0.813720 0.581123 0.411903
v -0.778112 0.581123 0.460913
v -0.813720 0.581123 0.509923
v -0.871334 0.581123 0.491202
v -0.845567 0.632655 0.411903
v -0.787954 0.632655 0.430624
v -0.787954 0.632655 0.491202
v -0.845567 0.632655 0.509923
v -0.881175 0.632655 0.460913
v -0.829644 0.664503 0.460913
v -0.820284 0.557879 0.432106
v -0.854148 0.557879 0.443109
v -0.844788 0.576599 0.414302
v -0.878653 0.576599 0.460913
v -0.854148 0.557879 0.478716
v -0.799354 0.557879 0.460913
v -0.789994 0.576599 0.432106
v -0.820284 0.557879 0.489720
v -0.789994 0.576599 0.489720
v -0.844788 0.576599 0.507524
v -0.884438 0.606889 0.443109
v -0.884438 0.606889 0.478716
v -0.829644 0.606889 0.403299
v -0.863508 0.606889 0.414302
v -0.774849 0.606889 0.443109
v -0.795779 0.606889 0.414302
v -0.795779 0.606889 0.507524
v -0.774849 0.606889 0.478717
v -0.863508 0.606889 0.507524
v -0.829644 0.606889 0.518527
v -0.869293 0.637179 0.432106
v -0.814499 0.637179 0.414302
v -0.780634 0.637179 0.460913
v -0.814499 0.637179 0.507524
v -0.869293 0.637179 0.489720
v -0.839003 0.655898 0.432106
v -0.859933 0.655898 0.460913
v -0.805139 0.655898 0.443109
v -0.805139 0.655898 0.478717
v -0.839003 0.655898 0.489720
v -0.791757 0.421209 0.412318
v -0.827046 0.584408 0.491338
v -0.799577 0.428436 0.395916
v -0.828349 0.585612 0.488605
v -0.782144 0.435663 0.390790
v -0.825444 0.586817 0.487750
v -0.774326 0.428436 0.407192
v -0.824140 0.585612 0.490484
v -0.813538 0.414660 0.452119
v -0.833252 0.590957 0.544613
v -0.824604 0.421888 0.437707
v -0.835097 0.592161 0.542211
v -0.808623 0.429115 0.429060
v -0.832434 0.593366 0.540770
v -0.797557 0.421888 0.443472
v -0.830589 0.592161 0.543172
v -0.837325 0.408111 0.493307
v -0.837325 0.597505 0.595910
v -0.851153 0.415339 0.481519
v -0.839630 0.598710 0.593945
v -0.837325 0.422566 0.469730
v -0.837325 0.599915 0.591981
v -0.823498 0.415339 0.481519
v -0.835021 0.598710 0.593945
v -0.862787 0.401562 0.536447
v -0.839724 0.604055 0.644650
v -0.878768 0.408789 0.527801
v -0.842388 0.605259 0.643209
v -0.867702 0.416017 0.513389
v -0.840543 0.606464 0.640807
v -0.851721 0.408789 0.522035
v -0.837880 0.605259 0.642248
v -0.889442 0.395013 0.582018
v -0.841056 0.610604 0.690369
v -0.906875 0.402240 0.576893
v -0.843961 0.611808 0.689514
v -0.899055 0.409467 0.560491
v -0.842658 0.613013 0.686780
v -0.881623 0.402240 0.565616
v -0.839753 0.611808 0.687635
v 0.115228 0.052324 0.277101
v 0.115228 0.477680 0.212814
v 0.060909 0.048962 0.254853
v 0.060909 0.474317 0.190568
v 0.038409 0.040845 0.201145
v 0.038409 0.466200 0.136858
v 0.060909 0.032727 0.147435
v 0.060909 0.458082 0.083149
v 0.115228 0.029365 0.125189
v 0.115228 0.454720 0.060902
v 0.169548 0.032727 0.147435
v 0.169548 0.458082 0.083150
v 0.192047 0.040845 0.201145
v 0.192047 0.466200 0.136858
v 0.169548 0.048962 0.254853
v 0.169548 0.474317 0.190568
v -0.115228 0.052324 0.277101
v -0.115228 0.477680 0.212814
v -0.169548 0.048962 0.254853
v -0.169548 0.474317 0.190568
v -0.192047 0.040845 0.201145
v -0.192047 0.466200 0.136858
v -0.169548 0.032727 0.147435
v -0.169548 0.458082 0.083149
v -0.115228 0.029365 0.125189
v -0.115228 0.454720 0.060902
v -0.060909 0.032727 0.147435
v -0.060909 0.458082 0.083149
v -0.038409 0.040845 0.201145
v -0.038409 0.466200 0.136858
v -0.060909 0.048962 0.254853
v -0.060909 0.474317 0.190568
vn -0.255500 0.476300 0.841300
vn -0.698100 0.388700 0.601300
vn -0.953600 0.236900 0.185500
vn -0.953600 0.061700 -0.294500
vn -0.698100 -0.090100 -0.710300
vn -0.255500 -0.177700 -0.950300
vn 0.255500 -0.177700 -0.950300
vn 0.698100 -0.090100 -0.710300
vn 0.953600 0.061700 -0.294500
vn 0.953600 0.236900 0.185500
vn -0.000000 0.939400 -0.342900
vn 0.698100 0.388700 0.601300
vn 0.255500 0.476300 0.841300
vn -0.000000 -0.939400 0.342900
vn -0.102400 -0.943500 -0.315100
vn -0.700200 -0.661700 -0.268000
vn 0.268000 -0.943500 -0.194700
vn 0.268000 -0.943500 0.194700
vn -0.102400 -0.943500 0.315100
vn -0.905000 -0.330400 -0.268000
vn -0.024700 -0.330400 -0.943500
vn 0.889700 -0.330400 -0.315100
vn 0.574600 -0.330400 0.748800
vn -0.534600 -0.330400 0.777900
vn -0.802600 -0.125600 -0.583100
vn 0.306600 -0.125600 -0.943500
vn 0.992100 -0.125600 0.000000
vn 0.306600 -0.125600 0.943500
vn -0.802600 -0.125600 0.583100
vn -0.408900 0.661700 -0.628400
vn 0.471300 0.661700 -0.583100
vn 0.700200 0.661700 0.268000
vn -0.038500 0.661700 0.748800
vn -0.724000 0.661700 0.194700
vn -0.268000 0.943500 0.194700
vn -0.491100 0.794700 0.356800
vn -0.408900 0.661700 0.628400
vn 0.102400 0.943500 0.315100
vn 0.187600 0.794700 0.577300
vn 0.471300 0.661700 0.583100
vn 0.331300 0.943500 0.000000
vn 0.607100 0.794700 0.000000
vn 0.700200 0.661700 -0.268000
vn 0.102400 0.943500 -0.315100
vn 0.187600 0.794700 -0.577300
vn -0.038500 0.661700 -0.748800
vn -0.268000 0.943500 -0.194700
vn -0.491100 0.794700 -0.356800
vn -0.724000 0.661700 -0.194700
vn -0.889700 0.330400 0.315100
vn -0.794700 0.187600 0.577300
vn -0.574600 0.330400 0.748800
vn 0.024800 0.330400 0.943500
vn 0.303500 0.187600 0.934200
vn 0.534600 0.330400 0.777900
vn 0.905000 0.330400 0.268000
vn 0.982200 0.187600 0.000000
vn 0.905000 0.330400 -0.268000
vn 0.534600 0.330400 -0.777900
vn 0.303500 0.187600 -0.934200
vn 0.024700 0.330400 -0.943500
vn -0.574600 0.330400 -0.748800
vn -0.794700 0.187600 -0.577300
vn -0.889700 0.330400 -0.315100
vn -0.306600 0.125600 0.943500
vn -0.303500 -0.187600 0.934200
vn -0.024800 -0.330400 0.943500
vn 0.802600 0.125600 0.583100
vn 0.794700 -0.187600 0.577300
vn 0.889700 -0.330400 0.315100
vn 0.802600 0.125600 -0.583100
vn 0.794700 -0.187600 -0.577300
vn 0.574600 -0.330400 -0.748800
vn -0.306600 0.125600 -0.943500
vn -0.303500 -0.187600 -0.934200
vn -0.534600 -0.330400 -0.777900
vn -0.992100 0.125600 0.000000
vn -0.982200 -0.187600 0.000000
vn -0.905000 -0.330400 0.268000
vn -0.471300 -0.661700 0.583100
vn -0.187600 -0.794700 0.577300
vn 0.038500 -0.661700 0.748800
vn 0.408900 -0.661700 0.628400
vn 0.491100 -0.794700 0.356800
vn 0.724000 -0.661700 0.194700
vn 0.724000 -0.661700 -0.194700
vn 0.491100 -0.794700 -0.356800
vn 0.408900 -0.661700 -0.628400
vn -0.700200 -0.661700 0.268000
vn -0.607100 -0.794700 0.000000
vn -0.331300 -0.943500 0.000000
vn 0.038500 -0.661700 -0.748800
vn -0.187600 -0.794700 -0.577300
vn -0.471300 -0.661700 -0.583100
vn -0.089900 -0.941300 -0.325400
vn -0.651500 -0.699600 -0.293400
vn 0.237500 -0.949900 -0.203000
vn 0.237500 -0.949900 0.203000
vn -0.089900 -0.941300 0.325400
vn -0.879300 -0.364800 -0.306400
vn -0.021100 -0.320300 -0.947100
vn 0.860100 -0.363000 -0.358400
vn 0.514500 -0.336200 0.788800
vn -0.475400 -0.333900 0.813900
vn -0.753300 -0.134000 -0.643900
vn 0.264200 -0.123000 -0.956600
vn 0.989800 -0.142400 0.000000
vn 0.264200 -0.123000 0.956600
vn -0.753300 -0.134000 0.643900
vn -0.361600 0.664800 -0.653700
vn 0.420200 0.670400 -0.611600
vn 0.651500 0.699600 0.293400
vn -0.033200 0.648900 0.760200
vn -0.677500 0.703600 0.214400
vn -0.237500 0.949900 0.203000
vn -0.442300 0.813300 0.378100
vn -0.361600 0.664800 0.653700
vn 0.089900 0.941300 0.325400
vn 0.163800 0.788400 0.593000
vn 0.420200 0.670400 0.611600
vn 0.295200 0.955400 0.000000
vn 0.557900 0.829900 0.000000
vn 0.651500 0.699600 -0.293400
vn 0.089900 0.941300 -0.325400
vn 0.163800 0.788400 -0.593000
vn -0.033200 0.648900 -0.760200
vn -0.237500 0.949900 -0.203000
vn -0.442300 0.813300 -0.378100
vn -0.677500 0.703600 -0.214400
vn -0.860100 0.363000 0.358400
vn -0.744800 0.199800 0.636600
vn -0.514500 0.336200 0.788800
vn 0.021100 0.320300 0.947100
vn 0.261700 0.183800 0.947500
vn 0.475400 0.333900 0.813900
vn 0.879300 0.364800 0.306400
vn 0.977200 0.212100 0.000000
vn 0.879300 0.364800 -0.306400
vn 0.475400 0.333900 -0.813900
vn 0.261700 0.183800 -0.947500
vn 0.021100 0.320300 -0.947100
vn -0.514500 0.336200 -0.788800
vn -0.744800 0.199800 -0.636600
vn -0.860100 0.363000 -0.358400
vn -0.264200 0.123000 0.956600
vn -0.261700 -0.183800 0.947500
vn -0.021100 -0.320300 0.947100
vn 0.753300 0.134000 0.643900
vn 0.744800 -0.199800 0.636600
vn 0.860100 -0.363000 0.358400
vn 0.753300 0.134000 -0.643900
vn 0.744800 -0.199800 -0.636600
vn 0.514500 -0.336200 -0.788800
vn -0.264200 0.123000 -0.956600
vn -0.261700 -0.183800 -0.947500
vn -0.475400 -0.333900 -0.813900
vn -0.989800 0.142400 0.000000
vn -0.977200 -0.212100 0.000000
vn -0.879300 -0.364800 0.306400
vn -0.420200 -0.670400 0.611600
vn -0.163800 -0.788400 0.593000
vn 0.033200 -0.648900 0.760200
vn 0.361600 -0.664800 0.653700
vn 0.442300 -0.813300 0.378100
vn 0.677500 -0.703600 0.214400
vn 0.677500 -0.703600 -0.214400
vn 0.442300 -0.813300 -0.378100
vn 0.361600 -0.664800 -0.653700
vn -0.651500 -0.699600 0.293400
vn -0.557900 -0.829900 0.000000
vn -0.295200 -0.955400 0.000000
vn 0.033200 -0.648900 -0.760200
vn -0.163800 -0.788400 -0.593000
vn -0.420200 -0.670400 -0.611600
vn -0.382700 0.273000 0.882600
vn -0.923900 0.113100 0.365600
vn -0.923900 -0.113100 -0.365600
vn -0.382700 -0.273000 -0.882600
vn 0.382700 -0.273000 -0.882600
vn 0.923900 -0.113100 -0.365600
vn -0.000000 0.955300 -0.295500
vn 0.923900 0.113100 0.365600
vn 0.382700 0.273000 0.882600
vn -0.000000 -0.955300 0.295500
vn -0.021600 -0.997100 -0.072400
vn -0.702200 -0.508700 -0.498100
vn 0.056700 -0.997400 -0.044800
vn 0.056700 -0.997400 0.044800
vn -0.021600 -0.997100 0.072400
vn -0.748900 -0.435100 -0.499900
vn 0.196900 -0.416000 -0.887800
vn 0.893100 -0.443500 -0.075500
vn 0.322700 -0.418400 0.849000
vn -0.662000 -0.430700 0.613400
vn -0.723700 -0.386900 -0.571500
vn 0.265800 -0.372100 -0.889300
vn 0.917800 -0.397000 0.000000
vn 0.265800 -0.372100 0.889300
vn -0.723700 -0.386900 0.571500
vn -0.288300 0.491100 -0.822000
vn 0.648900 0.505700 -0.568500
vn 0.702200 0.508800 0.498100
vn -0.210500 0.489400 0.846300
vn -0.853700 0.518600 0.046500
vn -0.056700 0.997400 0.044800
vn -0.176500 0.983300 0.044800
vn -0.306400 0.950800 0.044500
vn -0.440200 0.896800 0.044400
vn -0.569000 0.821100 0.044700
vn -0.684200 0.727900 0.045400
vn -0.779700 0.624400 0.046100
vn -0.099300 0.992000 0.078400
vn -0.093500 0.981300 0.168200
vn -0.228500 0.969800 0.085800
vn -0.222500 0.959000 0.175700
vn -0.145300 0.967000 0.209100
vn -0.132700 0.944300 0.301000
vn -0.366300 0.926000 0.091400
vn -0.360100 0.915100 0.181200
vn -0.281500 0.933500 0.222300
vn -0.268500 0.910400 0.314700
vn -0.191500 0.918000 0.347400
vn -0.172300 0.883800 0.435000
vn -0.504100 0.858500 0.094000
vn -0.497700 0.847600 0.184000
vn -0.422900 0.876400 0.230600
vn -0.409400 0.853100 0.323400
vn -0.330400 0.871000 0.363700
vn -0.310600 0.836400 0.451600
vn -0.233800 0.843600 0.483500
vn -0.209700 0.801200 0.560500
vn -0.631700 0.769600 0.092700
vn -0.625000 0.758700 0.183700
vn -0.559500 0.795700 0.232200
vn -0.545500 0.772300 0.325600
vn -0.470100 0.800700 0.371300
vn -0.449700 0.765900 0.459500
vn -0.370300 0.783600 0.498900
vn -0.345700 0.741000 0.575600
vn -0.268600 0.748000 0.606900
vn -0.242400 0.702500 0.669100
vn -0.740800 0.665900 0.088100
vn -0.733800 0.655000 0.180300
vn -0.680900 0.696400 0.226800
vn -0.666400 0.673000 0.320900
vn -0.600200 0.709900 0.368500
vn -0.579000 0.675000 0.457300
vn -0.503200 0.703400 0.502000
vn -0.477800 0.660700 0.579000
vn -0.398300 0.678400 0.617400
vn -0.371600 0.632900 0.679200
vn -0.294100 0.640000 0.709900
vn -0.268700 0.596500 0.756300
vn -0.827000 0.556300 0.081200
vn -0.819900 0.545400 0.174200
vn -0.780300 0.587000 0.215700
vn -0.765500 0.563800 0.310100
vn -0.711700 0.605600 0.356000
vn -0.689900 0.570700 0.445300
vn -0.623100 0.608000 0.492000
vn -0.596800 0.565000 0.569800
vn -0.520900 0.593700 0.613300
vn -0.493400 0.547800 0.675700
vn -0.414200 0.565700 0.713100
vn -0.388200 0.521900 0.759500
vn -0.310800 0.529300 0.789500
vn -0.288300 0.491100 0.822000
vn 0.021700 0.997100 0.072400
vn -0.015300 0.980500 0.195700
vn -0.055300 0.943100 0.327900
vn -0.095600 0.882200 0.461100
vn -0.133100 0.799300 0.586000
vn -0.165300 0.700500 0.694200
vn -0.191000 0.594500 0.781100
vn 0.037900 0.991200 0.126800
vn 0.118400 0.981800 0.148700
vn 0.004500 0.965200 0.261500
vn 0.084700 0.955300 0.283300
vn 0.138000 0.966900 0.214800
vn 0.223000 0.947100 0.230900
vn -0.032800 0.915000 0.402100
vn 0.046700 0.904700 0.423400
vn 0.106900 0.927800 0.357400
vn 0.191800 0.907600 0.373600
vn 0.245300 0.919900 0.306000
vn 0.329700 0.890100 0.314800
vn -0.071900 0.839800 0.538100
vn 0.007000 0.829200 0.558900
vn 0.070000 0.862900 0.500600
vn 0.154400 0.842200 0.516500
vn 0.214900 0.866100 0.451400
vn 0.298900 0.835900 0.460300
vn 0.352900 0.848800 0.393600
vn 0.431000 0.811300 0.394900
vn -0.110300 0.744000 0.659000
vn -0.031300 0.733200 0.679300
vn 0.029500 0.774100 0.632400
vn 0.113400 0.753100 0.648000
vn 0.176600 0.787300 0.590700
vn 0.260000 0.756800 0.599700
vn 0.321100 0.781200 0.535400
vn 0.398200 0.743600 0.537100
vn 0.453300 0.756900 0.470700
vn 0.520200 0.715800 0.465900
vn -0.145100 0.636300 0.757700
vn -0.065900 0.625400 0.777600
vn -0.011500 0.668800 0.743300
vn 0.072000 0.647700 0.758500
vn 0.132900 0.688900 0.712600
vn 0.215600 0.658100 0.721400
vn 0.279300 0.692600 0.665000
vn 0.355800 0.654800 0.666900
vn 0.417700 0.679300 0.603400
vn 0.483500 0.638200 0.599000
vn 0.539800 0.651600 0.532900
vn 0.593000 0.611200 0.524200
vn -0.174500 0.526200 0.832300
vn -0.095400 0.515400 0.851600
vn -0.049800 0.557200 0.828900
vn 0.033000 0.536100 0.843500
vn 0.087700 0.580000 0.809900
vn 0.169700 0.549000 0.818400
vn 0.231100 0.590500 0.773200
vn 0.307100 0.552300 0.775100
vn 0.371300 0.586800 0.719600
vn 0.436800 0.545200 0.715500
vn 0.499300 0.569500 0.652900
vn 0.551900 0.529000 0.644600
vn 0.609100 0.542100 0.578900
vn 0.648900 0.505700 0.568500
vn 0.070100 0.997500 0.000000
vn 0.166900 0.983000 0.076500
vn 0.271500 0.949100 0.159500
vn 0.378400 0.892800 0.244300
vn 0.480600 0.814600 0.324800
vn 0.571200 0.719200 0.395600
vn 0.645400 0.614600 0.453600
vn 0.122800 0.992400 0.000000
vn 0.166900 0.983000 -0.076500
vn 0.231300 0.969900 0.076600
vn 0.275700 0.961200 0.000000
vn 0.231300 0.969900 -0.076600
vn 0.271500 0.949100 -0.159500
vn 0.345300 0.924800 0.159800
vn 0.390100 0.916900 0.083700
vn 0.349200 0.937000 0.000000
vn 0.390100 0.916900 -0.083700
vn 0.345300 0.924800 -0.159800
vn 0.378400 0.892800 -0.244300
vn 0.456800 0.855100 0.245100
vn 0.502300 0.848000 0.169200
vn 0.468500 0.879500 0.083900
vn 0.510200 0.860000 0.000000
vn 0.468500 0.879500 -0.083900
vn 0.502300 0.848000 -0.169200
vn 0.456800 0.855100 -0.245100
vn 0.480600 0.814600 -0.324800
vn 0.557000 0.763800 0.326100
vn 0.603700 0.757000 0.250200
vn 0.579300 0.797200 0.169900
vn 0.622100 0.778200 0.085800
vn 0.587400 0.809300 0.000000
vn 0.622100 0.778200 -0.085800
vn 0.579300 0.797200 -0.169900
vn 0.603700 0.757000 -0.250200
vn 0.557000 0.763800 -0.326100
vn 0.571200 0.719200 -0.395600
vn 0.639400 0.658200 0.397300
vn 0.687400 0.651400 0.321200
vn 0.672900 0.695700 0.251300
vn 0.716900 0.676900 0.167200
vn 0.691700 0.717000 0.086200
vn 0.727500 0.686100 0.000000
vn 0.691700 0.717000 -0.086200
vn 0.716900 0.676900 -0.167200
vn 0.672900 0.695700 -0.251300
vn 0.687400 0.651400 -0.321200
vn 0.639400 0.658200 -0.397300
vn 0.645400 0.614600 -0.453600
vn 0.701900 0.547700 0.455400
vn 0.750800 0.540600 0.379500
vn 0.744600 0.584400 0.322600
vn 0.789300 0.565500 0.238900
vn 0.774200 0.610300 0.167900
vn 0.811000 0.579300 0.081800
vn 0.784900 0.619700 0.000000
vn 0.811000 0.579300 -0.081800
vn 0.774200 0.610300 -0.167900
vn 0.789300 0.565500 -0.238900
vn 0.744600 0.584400 -0.322600
vn 0.750800 0.540600 -0.379500
vn 0.701900 0.547700 -0.455400
vn 0.702200 0.508800 -0.498100
vn 0.021700 0.997100 -0.072400
vn 0.118400 0.981800 -0.148700
vn 0.223000 0.947100 -0.230900
vn 0.329700 0.890100 -0.314800
vn 0.431000 0.811300 -0.394900
vn 0.520200 0.715800 -0.465900
vn 0.593000 0.611200 -0.524200
vn 0.037900 0.991200 -0.126800
vn -0.015300 0.980500 -0.195700
vn 0.138000 0.966900 -0.214800
vn 0.084700 0.955300 -0.283300
vn 0.004500 0.965200 -0.261500
vn -0.055300 0.943100 -0.327900
vn 0.245300 0.919900 -0.306000
vn 0.191800 0.907600 -0.373600
vn 0.106900 0.927800 -0.357400
vn 0.046700 0.904700 -0.423400
vn -0.032800 0.915000 -0.402100
vn -0.095600 0.882200 -0.461100
vn 0.352900 0.848800 -0.393600
vn 0.298900 0.835900 -0.460300
vn 0.214900 0.866100 -0.451400
vn 0.154400 0.842200 -0.516500
vn 0.070000 0.862900 -0.500600
vn 0.007000 0.829200 -0.558900
vn -0.071900 0.839800 -0.538100
vn -0.133100 0.799300 -0.586000
vn 0.453300 0.756900 -0.470700
vn 0.398200 0.743600 -0.537100
vn 0.321100 0.781200 -0.535400
vn 0.260000 0.756800 -0.599700
vn 0.176600 0.787300 -0.590700
vn 0.113400 0.753100 -0.648000
vn 0.029500 0.774100 -0.632400
vn -0.031300 0.733200 -0.679300
vn -0.110300 0.744000 -0.659000
vn -0.165300 0.700500 -0.694200
vn 0.539800 0.651600 -0.532900
vn 0.483500 0.638200 -0.599000
vn 0.417700 0.679300 -0.603300
vn 0.355700 0.654800 -0.666900
vn 0.279300 0.692600 -0.665000
vn 0.215600 0.658100 -0.721400
vn 0.132900 0.688900 -0.712600
vn 0.072000 0.647700 -0.758500
vn -0.011500 0.668800 -0.743300
vn -0.065900 0.625400 -0.777600
vn -0.145100 0.636300 -0.757700
vn -0.191000 0.594500 -0.781100
vn 0.609100 0.542100 -0.578900
vn 0.551900 0.529000 -0.644600
vn 0.499300 0.569500 -0.652900
vn 0.436800 0.545200 -0.715500
vn 0.371300 0.586800 -0.719600
vn 0.307100 0.552300 -0.775100
vn 0.231100 0.590500 -0.773200
vn 0.169700 0.549000 -0.818400
vn 0.087700 0.580000 -0.809900
vn 0.033000 0.536100 -0.843500
vn -0.049800 0.557200 -0.828900
vn -0.095400 0.515400 -0.851600
vn -0.174500 0.526200 -0.832300
vn -0.210500 0.489400 -0.846300
vn -0.056700 0.997400 -0.044800
vn -0.093500 0.981300 -0.168200
vn -0.132700 0.944400 -0.301000
vn -0.172300 0.883800 -0.435000
vn -0.209700 0.801200 -0.560500
vn -0.242400 0.702500 -0.669100
vn -0.268700 0.596400 -0.756300
vn -0.099300 0.992000 -0.078400
vn -0.176500 0.983300 -0.044800
vn -0.145300 0.967000 -0.209100
vn -0.222500 0.959000 -0.175700
vn -0.228500 0.969800 -0.085800
vn -0.306400 0.950800 -0.044500
vn -0.191500 0.918000 -0.347400
vn -0.268500 0.910400 -0.314700
vn -0.281500 0.933500 -0.222300
vn -0.360200 0.915100 -0.181200
vn -0.366300 0.926000 -0.091400
vn -0.440200 0.896800 -0.044400
vn -0.233800 0.843600 -0.483500
vn -0.310600 0.836400 -0.451600
vn -0.330400 0.871000 -0.363700
vn -0.409400 0.853100 -0.323400
vn -0.422900 0.876400 -0.230600
vn -0.497700 0.847600 -0.184000
vn -0.504100 0.858500 -0.094000
vn -0.569000 0.821100 -0.044700
vn -0.268600 0.748000 -0.606900
vn -0.345700 0.741000 -0.575600
vn -0.370300 0.783600 -0.498900
vn -0.449700 0.765900 -0.459500
vn -0.470100 0.800700 -0.371300
vn -0.545500 0.772300 -0.325600
vn -0.559500 0.795700 -0.232200
vn -0.625000 0.758700 -0.183700
vn -0.631700 0.769600 -0.092700
vn -0.684200 0.727900 -0.045400
vn -0.294100 0.640000 -0.709800
vn -0.371600 0.632900 -0.679200
vn -0.398300 0.678400 -0.617400
vn -0.477800 0.660700 -0.579000
vn -0.503200 0.703400 -0.502000
vn -0.579100 0.675000 -0.457300
vn -0.600200 0.709900 -0.368500
vn -0.666400 0.673000 -0.320900
vn -0.680900 0.696400 -0.226800
vn -0.733800 0.655000 -0.180300
vn -0.740800 0.665900 -0.088100
vn -0.779700 0.624400 -0.046100
vn -0.310800 0.529300 -0.789500
vn -0.388200 0.521900 -0.759500
vn -0.414200 0.565700 -0.713100
vn -0.493400 0.547800 -0.675700
vn -0.520900 0.593700 -0.613300
vn -0.596800 0.565000 -0.569800
vn -0.623100 0.608000 -0.492000
vn -0.689900 0.570700 -0.445300
vn -0.711700 0.605600 -0.356000
vn -0.765500 0.563800 -0.310100
vn -0.780300 0.587000 -0.215700
vn -0.819900 0.545400 -0.174200
vn -0.827000 0.556300 -0.081200
vn -0.853700 0.518600 -0.046500
vn -0.893100 0.443500 0.075500
vn -0.926700 0.342200 0.155400
vn -0.944500 0.223100 0.241100
vn -0.940400 0.091200 0.327600
vn -0.911800 -0.044400 0.408200
vn -0.861400 -0.173800 0.477300
vn -0.796000 -0.289200 0.531800
vn -0.895600 0.424900 0.132200
vn -0.858600 0.470600 0.203300
vn -0.922000 0.315700 0.224200
vn -0.884400 0.361700 0.294900
vn -0.853900 0.444000 0.271600
vn -0.803100 0.490000 0.339000
vn -0.928900 0.188100 0.318900
vn -0.891100 0.234300 0.388500
vn -0.869000 0.326700 0.371500
vn -0.817600 0.373400 0.438400
vn -0.787900 0.454600 0.415300
vn -0.726300 0.497900 0.473900
vn -0.911600 0.049000 0.408100
vn -0.873900 0.095700 0.476700
vn -0.862700 0.191800 0.468000
vn -0.811100 0.239100 0.533900
vn -0.789600 0.330500 0.517000
vn -0.727700 0.374500 0.574700
vn -0.699000 0.454700 0.552000
vn -0.632300 0.492600 0.598000
vn -0.870200 -0.090900 0.484200
vn -0.832600 -0.043600 0.552100
vn -0.832400 0.048500 0.552000
vn -0.781100 0.096400 0.616900
vn -0.770300 0.191400 0.608300
vn -0.708600 0.236000 0.664900
vn -0.687800 0.326400 0.648400
vn -0.621500 0.364700 0.693300
vn -0.593500 0.444500 0.671000
vn -0.528400 0.475200 0.703600
vn -0.810200 -0.221000 0.542900
vn -0.773000 -0.173000 0.610400
vn -0.781500 -0.091600 0.617200
vn -0.730800 -0.043000 0.681200
vn -0.730700 0.047900 0.681000
vn -0.669600 0.093200 0.736800
vn -0.659100 0.187000 0.728400
vn -0.593300 0.226000 0.772600
vn -0.573000 0.315400 0.756400
vn -0.508800 0.346400 0.788200
vn -0.481100 0.425900 0.766300
vn -0.423000 0.449100 0.787000
vn -0.739700 -0.334100 0.584100
vn -0.703200 -0.285900 0.651000
vn -0.717000 -0.218400 0.662000
vn -0.667400 -0.169600 0.725100
vn -0.675800 -0.088600 0.731700
vn -0.615700 -0.042800 0.786800
vn -0.615600 0.047300 0.786600
vn -0.550300 0.087000 0.830400
vn -0.540100 0.179500 0.822200
vn -0.476000 0.211200 0.853700
vn -0.456200 0.299300 0.838000
vn -0.398400 0.322900 0.858500
vn -0.371200 0.401900 0.837100
vn -0.322700 0.418400 0.849000
vn -0.196900 0.416000 0.887800
vn -0.140200 0.318900 0.937400
vn -0.075100 0.207100 0.975400
vn -0.003700 0.084700 0.996400
vn 0.070300 -0.041400 0.996700
vn 0.142500 -0.163400 0.976200
vn 0.208500 -0.274900 0.938600
vn -0.150800 0.397800 0.905000
vn -0.082100 0.442300 0.893100
vn -0.082600 0.294000 0.952200
vn -0.014300 0.338500 0.940900
vn -0.024600 0.417300 0.908500
vn 0.045900 0.463700 0.884800
vn -0.007500 0.174900 0.984600
vn 0.060400 0.219200 0.973800
vn 0.053000 0.306400 0.950400
vn 0.123800 0.353100 0.927400
vn 0.113800 0.431400 0.894900
vn 0.182200 0.477100 0.859800
vn 0.070300 0.045700 0.996500
vn 0.138000 0.089800 0.986300
vn 0.134400 0.180300 0.974400
vn 0.205400 0.226800 0.952000
vn 0.198200 0.314400 0.928400
vn 0.267200 0.360000 0.893900
vn 0.257400 0.438400 0.861100
vn 0.319500 0.480000 0.817000
vn 0.145400 -0.085300 0.985700
vn 0.213700 -0.041200 0.976000
vn 0.213600 0.045900 0.975800
vn 0.285200 0.092100 0.954000
vn 0.281600 0.183200 0.941900
vn 0.351200 0.228500 0.908000
vn 0.344100 0.316600 0.883900
vn 0.406700 0.357800 0.840600
vn 0.397000 0.437100 0.807100
vn 0.449300 0.472000 0.758500
vn 0.213300 -0.209700 0.954200
vn 0.282500 -0.165600 0.944900
vn 0.285300 -0.087500 0.954400
vn 0.357500 -0.041600 0.933000
vn 0.357500 0.046300 0.932800
vn 0.427900 0.091100 0.899200
vn 0.424300 0.183000 0.886900
vn 0.487800 0.223800 0.843800
vn 0.480700 0.312700 0.819200
vn 0.533600 0.347100 0.771200
vn 0.523700 0.427500 0.736900
vn 0.564700 0.454600 0.688800
vn 0.271300 -0.320800 0.907500
vn 0.341000 -0.276700 0.898400
vn 0.345700 -0.211100 0.914300
vn 0.418400 -0.165700 0.893000
vn 0.421200 -0.086500 0.902800
vn 0.492300 -0.042200 0.869400
vn 0.492200 0.046700 0.869200
vn 0.556900 0.087000 0.826000
vn 0.553200 0.179700 0.813400
vn 0.607300 0.213800 0.765200
vn 0.600100 0.303300 0.740200
vn 0.641900 0.330000 0.692100
vn 0.631900 0.411100 0.657100
vn 0.662000 0.430700 0.613400
vn 0.748900 0.435100 0.499800
vn 0.821600 0.337300 0.459600
vn 0.887100 0.221200 0.405000
vn 0.937500 0.091200 0.335700
vn 0.966100 -0.044700 0.254300
vn 0.970100 -0.176500 0.166700
vn 0.952000 -0.295500 0.080000
vn 0.784100 0.418500 0.458300
vn 0.798100 0.466800 0.381000
vn 0.859500 0.312900 0.404100
vn 0.873700 0.361200 0.325900
vn 0.835600 0.442900 0.325000
vn 0.836800 0.492200 0.239900
vn 0.923200 0.187900 0.335200
vn 0.937200 0.235900 0.256700
vn 0.909100 0.328600 0.256100
vn 0.910000 0.378200 0.169800
vn 0.871800 0.459700 0.169300
vn 0.858300 0.506500 0.082100
vn 0.965900 0.049400 0.254300
vn 0.979700 0.097100 0.175300
vn 0.965100 0.194700 0.175100
vn 0.965700 0.244300 0.088200
vn 0.937300 0.337300 0.087900
vn 0.923200 0.384300 0.000000
vn 0.884900 0.465800 0.000000
vn 0.858300 0.506500 -0.082100
vn 0.981600 -0.092300 0.166900
vn 0.995200 -0.044600 0.087300
vn 0.994900 0.049700 0.087300
vn 0.995100 0.099400 0.000000
vn 0.980400 0.197100 0.000000
vn 0.965700 0.244300 -0.088200
vn 0.937300 0.337300 -0.087900
vn 0.910000 0.378200 -0.169800
vn 0.871800 0.459700 -0.169300
vn 0.836800 0.492200 -0.239900
vn 0.970800 -0.226000 0.080200
vn 0.984000 -0.178200 0.000000
vn 0.995500 -0.094300 0.000000
vn 0.995200 -0.044600 -0.087300
vn 0.994900 0.049700 -0.087300
vn 0.979700 0.097100 -0.175300
vn 0.965100 0.194700 -0.175100
vn 0.937200 0.235900 -0.256700
vn 0.909100 0.328600 -0.256100
vn 0.873700 0.361200 -0.326000
vn 0.835600 0.442900 -0.325000
vn 0.798100 0.466800 -0.381000
vn 0.939300 -0.343200 0.000000
vn 0.952000 -0.295500 -0.080000
vn 0.970800 -0.226000 -0.080200
vn 0.970100 -0.176500 -0.166700
vn 0.981600 -0.092300 -0.166900
vn 0.966100 -0.044700 -0.254300
vn 0.965900 0.049400 -0.254300
vn 0.937500 0.091200 -0.335700
vn 0.923200 0.187900 -0.335200
vn 0.887100 0.221200 -0.405000
vn 0.859500 0.312900 -0.404100
vn 0.821600 0.337200 -0.459600
vn 0.784100 0.418500 -0.458300
vn 0.748900 0.435100 -0.499900
vn 0.662000 0.430700 -0.613400
vn 0.641900 0.330000 -0.692100
vn 0.607300 0.213800 -0.765200
vn 0.556900 0.087000 -0.826000
vn 0.492300 -0.042300 -0.869400
vn 0.418400 -0.165700 -0.893000
vn 0.341000 -0.276700 -0.898400
vn 0.631900 0.411100 -0.657100
vn 0.564700 0.454600 -0.688800
vn 0.600100 0.303300 -0.740200
vn 0.533600 0.347100 -0.771200
vn 0.523700 0.427500 -0.736900
vn 0.449300 0.472000 -0.758500
vn 0.553200 0.179700 -0.813400
vn 0.487800 0.223800 -0.843800
vn 0.480700 0.312700 -0.819200
vn 0.406700 0.357800 -0.840500
vn 0.397000 0.437100 -0.807100
vn 0.319500 0.480000 -0.817000
vn 0.492200 0.046700 -0.869200
vn 0.427900 0.091100 -0.899200
vn 0.424300 0.183000 -0.886800
vn 0.351200 0.228500 -0.908000
vn 0.344100 0.316600 -0.883900
vn 0.267200 0.360000 -0.893900
vn 0.257400 0.438400 -0.861100
vn 0.182200 0.477100 -0.859800
vn 0.421200 -0.086500 -0.902800
vn 0.357500 -0.041600 -0.933000
vn 0.357500 0.046300 -0.932800
vn 0.285200 0.092100 -0.954000
vn 0.281600 0.183200 -0.941900
vn 0.205400 0.226800 -0.952000
vn 0.198200 0.314400 -0.928400
vn 0.123800 0.353100 -0.927400
vn 0.113800 0.431500 -0.894900
vn 0.045900 0.463700 -0.884800
vn 0.345700 -0.211100 -0.914300
vn 0.282500 -0.165500 -0.944900
vn 0.285300 -0.087500 -0.954400
vn 0.213700 -0.041200 -0.976000
vn 0.213600 0.045900 -0.975800
vn 0.138000 0.089800 -0.986300
vn 0.134400 0.180300 -0.974400
vn 0.060400 0.219100 -0.973800
vn 0.053000 0.306400 -0.950400
vn -0.014300 0.338500 -0.940900
vn -0.024600 0.417300 -0.908500
vn -0.082100 0.442300 -0.893100
vn 0.271300 -0.320800 -0.907500
vn 0.208500 -0.274900 -0.938600
vn 0.213300 -0.209700 -0.954200
vn 0.142500 -0.163400 -0.976200
vn 0.145400 -0.085300 -0.985700
vn 0.070300 -0.041400 -0.996700
vn 0.070300 0.045700 -0.996500
vn -0.003700 0.084700 -0.996400
vn -0.007500 0.174900 -0.984600
vn -0.075100 0.207100 -0.975400
vn -0.082600 0.294000 -0.952200
vn -0.140200 0.318900 -0.937400
vn -0.150800 0.397800 -0.905000
vn -0.196900 0.416000 -0.887800
vn -0.322700 0.418400 -0.849000
vn -0.398400 0.322900 -0.858500
vn -0.476000 0.211200 -0.853700
vn -0.550300 0.087000 -0.830400
vn -0.615700 -0.042800 -0.786800
vn -0.667400 -0.169600 -0.725100
vn -0.703200 -0.285900 -0.651000
vn -0.371200 0.401900 -0.837100
vn -0.423000 0.449100 -0.787000
vn -0.456200 0.299300 -0.838000
vn -0.508800 0.346400 -0.788200
vn -0.481100 0.425900 -0.766300
vn -0.528400 0.475200 -0.703600
vn -0.540100 0.179500 -0.822200
vn -0.593300 0.226000 -0.772600
vn -0.573000 0.315400 -0.756400
vn -0.621500 0.364700 -0.693300
vn -0.593400 0.444500 -0.671000
vn -0.632300 0.492600 -0.598000
vn -0.615600 0.047300 -0.786600
vn -0.669600 0.093200 -0.736800
vn -0.659100 0.187000 -0.728400
vn -0.708600 0.236000 -0.664900
vn -0.687800 0.326400 -0.648400
vn -0.727700 0.374500 -0.574700
vn -0.699000 0.454700 -0.552000
vn -0.726300 0.497900 -0.473900
vn -0.675800 -0.088600 -0.731700
vn -0.730800 -0.043000 -0.681200
vn -0.730700 0.047900 -0.681000
vn -0.781100 0.096400 -0.616900
vn -0.770300 0.191400 -0.608300
vn -0.811100 0.239100 -0.533900
vn -0.789600 0.330500 -0.517000
vn -0.817600 0.373300 -0.438400
vn -0.787900 0.454600 -0.415300
vn -0.803100 0.490000 -0.339000
vn -0.717000 -0.218400 -0.662000
vn -0.773000 -0.173000 -0.610400
vn -0.781500 -0.091600 -0.617100
vn -0.832600 -0.043600 -0.552100
vn -0.832400 0.048500 -0.552000
vn -0.873900 0.095700 -0.476700
vn -0.862700 0.191800 -0.468000
vn -0.891100 0.234300 -0.388500
vn -0.869000 0.326700 -0.371500
vn -0.884400 0.361700 -0.294900
vn -0.853900 0.444000 -0.271600
vn -0.858600 0.470600 -0.203300
vn -0.739700 -0.334100 -0.584100
vn -0.796000 -0.289200 -0.531800
vn -0.810200 -0.220900 -0.543000
vn -0.861400 -0.173800 -0.477300
vn -0.870200 -0.090900 -0.484300
vn -0.911800 -0.044400 -0.408200
vn -0.911600 0.049000 -0.408100
vn -0.940400 0.091200 -0.327500
vn -0.928900 0.188100 -0.318900
vn -0.944500 0.223100 -0.241100
vn -0.922000 0.315700 -0.224200
vn -0.926700 0.342200 -0.155400
vn -0.895600 0.424900 -0.132200
vn -0.893100 0.443500 -0.075500
vn -0.265800 0.372000 0.889300
vn -0.341100 0.276700 0.898400
vn -0.418400 0.165700 0.893000
vn -0.492300 0.042300 0.869400
vn -0.556900 -0.087000 0.826000
vn -0.607300 -0.213800 0.765200
vn -0.641900 -0.330000 0.692100
vn -0.271300 0.320800 0.907500
vn -0.208500 0.274900 0.938600
vn -0.345700 0.211100 0.914300
vn -0.282500 0.165500 0.944900
vn -0.213300 0.209700 0.954200
vn -0.142500 0.163400 0.976200
vn -0.421200 0.086500 0.902800
vn -0.357500 0.041600 0.933000
vn -0.285300 0.087500 0.954400
vn -0.213700 0.041200 0.976000
vn -0.145400 0.085300 0.985700
vn -0.070300 0.041400 0.996700
vn -0.492200 -0.046700 0.869200
vn -0.427900 -0.091100 0.899200
vn -0.357500 -0.046300 0.932800
vn -0.285200 -0.092100 0.954000
vn -0.213600 -0.045900 0.975800
vn -0.138000 -0.089800 0.986300
vn -0.070300 -0.045700 0.996500
vn 0.003700 -0.084700 0.996400
vn -0.553200 -0.179700 0.813400
vn -0.487800 -0.223800 0.843800
vn -0.424300 -0.183000 0.886800
vn -0.351200 -0.228500 0.908000
vn -0.281600 -0.183200 0.941900
vn -0.205400 -0.226800 0.952000
vn -0.134400 -0.180300 0.974400
vn -0.060400 -0.219100 0.973800
vn 0.007500 -0.174900 0.984600
vn 0.075100 -0.207100 0.975400
vn -0.600100 -0.303300 0.740200
vn -0.533600 -0.347100 0.771200
vn -0.480700 -0.312700 0.819200
vn -0.406700 -0.357800 0.840600
vn -0.344100 -0.316600 0.883900
vn -0.267200 -0.360000 0.893900
vn -0.198200 -0.314400 0.928400
vn -0.123800 -0.353100 0.927400
vn -0.053000 -0.306400 0.950400
vn 0.014300 -0.338500 0.940900
vn 0.082600 -0.294000 0.952200
vn 0.140200 -0.318900 0.937400
vn -0.631900 -0.411100 0.657100
vn -0.564700 -0.454600 0.688800
vn -0.523700 -0.427500 0.736900
vn -0.449300 -0.472000 0.758500
vn -0.397000 -0.437100 0.807100
vn -0.319500 -0.480000 0.817000
vn -0.257400 -0.438400 0.861100
vn -0.182200 -0.477100 0.859800
vn -0.113800 -0.431400 0.894900
vn -0.045900 -0.463700 0.884800
vn 0.024600 -0.417300 0.908500
vn 0.082100 -0.442300 0.893100
vn 0.150800 -0.397800 0.905000
vn 0.196900 -0.416000 0.887800
vn 0.723700 0.386800 0.571500
vn 0.703200 0.285900 0.651000
vn 0.667400 0.169600 0.725100
vn 0.615700 0.042800 0.786800
vn 0.550400 -0.087000 0.830400
vn 0.476000 -0.211200 0.853700
vn 0.398400 -0.322900 0.858500
vn 0.739700 0.334100 0.584100
vn 0.796000 0.289200 0.531800
vn 0.717000 0.218400 0.662000
vn 0.773000 0.173000 0.610400
vn 0.810200 0.220900 0.543000
vn 0.861400 0.173800 0.477300
vn 0.675800 0.088600 0.731700
vn 0.730800 0.043000 0.681200
vn 0.781500 0.091500 0.617100
vn 0.832600 0.043600 0.552100
vn 0.870200 0.090900 0.484300
vn 0.911800 0.044400 0.408200
vn 0.615600 -0.047300 0.786600
vn 0.669600 -0.093200 0.736800
vn 0.730700 -0.047900 0.681000
vn 0.781100 -0.096400 0.616900
vn 0.832400 -0.048500 0.552000
vn 0.873900 -0.095700 0.476700
vn 0.911600 -0.049000 0.408100
vn 0.940400 -0.091200 0.327600
vn 0.540100 -0.179500 0.822200
vn 0.593400 -0.226000 0.772600
vn 0.659100 -0.187000 0.728400
vn 0.708600 -0.236000 0.664900
vn 0.770300 -0.191400 0.608300
vn 0.811100 -0.239100 0.533900
vn 0.862700 -0.191800 0.468000
vn 0.891100 -0.234300 0.388500
vn 0.928900 -0.188100 0.318900
vn 0.944500 -0.223100 0.241100
vn 0.456100 -0.299300 0.838100
vn 0.508800 -0.346400 0.788200
vn 0.573100 -0.315400 0.756400
vn 0.621500 -0.364700 0.693300
vn 0.687800 -0.326400 0.648400
vn 0.727700 -0.374500 0.574700
vn 0.789600 -0.330500 0.517000
vn 0.817600 -0.373400 0.438400
vn 0.869000 -0.326700 0.371500
vn 0.884400 -0.361700 0.294900
vn 0.922000 -0.315700 0.224200
vn 0.926700 -0.342200 0.155400
vn 0.371200 -0.401900 0.837100
vn 0.422900 -0.449100 0.787000
vn 0.481100 -0.425900 0.766200
vn 0.528400 -0.475200 0.703600
vn 0.593500 -0.444500 0.671000
vn 0.632300 -0.492600 0.598000
vn 0.699000 -0.454700 0.552000
vn 0.726300 -0.497900 0.473900
vn 0.787900 -0.454600 0.415300
vn 0.803100 -0.490000 0.339000
vn 0.853900 -0.444000 0.271600
vn 0.858600 -0.470600 0.203300
vn 0.895600 -0.424900 0.132200
vn 0.893100 -0.443500 0.075500
vn 0.723700 0.386800 -0.571500
vn 0.796000 0.289200 -0.531800
vn 0.861400 0.173800 -0.477300
vn 0.911800 0.044400 -0.408200
vn 0.940400 -0.091200 -0.327600
vn 0.944500 -0.223100 -0.241100
vn 0.926700 -0.342200 -0.155400
vn 0.739700 0.334100 -0.584100
vn 0.703200 0.285900 -0.651000
vn 0.810200 0.220900 -0.543000
vn 0.773000 0.173000 -0.610400
vn 0.717000 0.218400 -0.662000
vn 0.667400 0.169600 -0.725100
vn 0.870200 0.090900 -0.484300
vn 0.832600 0.043600 -0.552100
vn 0.781500 0.091500 -0.617100
vn 0.730800 0.043000 -0.681200
vn 0.675800 0.088600 -0.731700
vn 0.615700 0.042800 -0.786800
vn 0.911600 -0.049000 -0.408100
vn 0.873900 -0.095700 -0.476700
vn 0.832400 -0.048500 -0.552000
vn 0.781100 -0.096400 -0.616900
vn 0.730700 -0.047900 -0.681000
vn 0.669600 -0.093200 -0.736800
vn 0.615600 -0.047300 -0.786600
vn 0.550300 -0.087000 -0.830400
vn 0.928900 -0.188100 -0.318900
vn 0.891100 -0.234300 -0.388500
vn 0.862700 -0.191800 -0.468000
vn 0.811100 -0.239100 -0.533900
vn 0.770300 -0.191400 -0.608300
vn 0.708600 -0.236000 -0.664900
vn 0.659100 -0.187000 -0.728400
vn 0.593400 -0.226000 -0.772600
vn 0.540100 -0.179400 -0.822200
vn 0.476000 -0.211200 -0.853700
vn 0.922000 -0.315700 -0.224200
vn 0.884400 -0.361700 -0.294900
vn 0.869000 -0.326700 -0.371500
vn 0.817600 -0.373300 -0.438400
vn 0.789600 -0.330500 -0.517000
vn 0.727700 -0.374500 -0.574700
vn 0.687800 -0.326400 -0.648400
vn 0.621500 -0.364700 -0.693300
vn 0.573100 -0.315400 -0.756400
vn 0.508800 -0.346400 -0.788200
vn 0.456100 -0.299300 -0.838100
vn 0.398400 -0.322900 -0.858500
vn 0.895600 -0.424800 -0.132200
vn 0.858600 -0.470600 -0.203300
vn 0.853900 -0.444000 -0.271600
vn 0.803100 -0.490000 -0.339000
vn 0.787900 -0.454600 -0.415300
vn 0.726300 -0.497900 -0.473900
vn 0.699000 -0.454700 -0.552000
vn 0.632300 -0.492600 -0.598000
vn 0.593500 -0.444500 -0.671000
vn 0.528400 -0.475200 -0.703600
vn 0.481100 -0.425900 -0.766200
vn 0.423000 -0.449100 -0.787000
vn 0.371200 -0.401900 -0.837100
vn 0.322700 -0.418400 -0.849000
vn -0.265800 0.372000 -0.889300
vn -0.208500 0.274900 -0.938600
vn -0.142500 0.163400 -0.976200
vn -0.070300 0.041400 -0.996700
vn 0.003700 -0.084700 -0.996400
vn 0.075100 -0.207100 -0.975400
vn 0.140200 -0.318900 -0.937400
vn -0.271300 0.320800 -0.907500
vn -0.341100 0.276700 -0.898400
vn -0.213300 0.209700 -0.954200
vn -0.282500 0.165500 -0.944900
vn -0.345700 0.211100 -0.914300
vn -0.418400 0.165700 -0.893000
vn -0.145400 0.085300 -0.985700
vn -0.213700 0.041200 -0.976000
vn -0.285300 0.087500 -0.954400
vn -0.357500 0.041600 -0.933000
vn -0.421200 0.086500 -0.902800
vn -0.492300 0.042300 -0.869400
vn -0.070300 -0.045700 -0.996500
vn -0.138000 -0.089800 -0.986300
vn -0.213600 -0.045900 -0.975800
vn -0.285200 -0.092100 -0.954000
vn -0.357500 -0.046300 -0.932800
vn -0.427900 -0.091100 -0.899200
vn -0.492200 -0.046700 -0.869200
vn -0.556900 -0.087000 -0.826000
vn 0.007500 -0.174900 -0.984600
vn -0.060400 -0.219100 -0.973800
vn -0.134400 -0.180300 -0.974400
vn -0.205400 -0.226800 -0.952000
vn -0.281600 -0.183200 -0.941900
vn -0.351200 -0.228500 -0.908000
vn -0.424300 -0.183000 -0.886800
vn -0.487800 -0.223800 -0.843800
vn -0.553200 -0.179700 -0.813400
vn -0.607300 -0.213800 -0.765200
vn 0.082600 -0.294000 -0.952200
vn 0.014300 -0.338500 -0.940900
vn -0.053000 -0.306500 -0.950400
vn -0.123800 -0.353100 -0.927400
vn -0.198200 -0.314400 -0.928400
vn -0.267200 -0.360000 -0.893900
vn -0.344100 -0.316600 -0.883900
vn -0.406700 -0.357800 -0.840600
vn -0.480700 -0.312700 -0.819200
vn -0.533600 -0.347100 -0.771200
vn -0.600100 -0.303300 -0.740200
vn -0.641900 -0.330000 -0.692100
vn 0.150800 -0.397800 -0.905000
vn 0.082100 -0.442300 -0.893100
vn 0.024600 -0.417300 -0.908500
vn -0.045900 -0.463700 -0.884800
vn -0.113800 -0.431400 -0.894900
vn -0.182200 -0.477100 -0.859800
vn -0.257400 -0.438400 -0.861100
vn -0.319500 -0.480000 -0.817000
vn -0.397000 -0.437100 -0.807100
vn -0.449300 -0.472000 -0.758500
vn -0.523700 -0.427500 -0.736900
vn -0.564700 -0.454600 -0.688800
vn -0.631900 -0.411100 -0.657100
vn -0.662000 -0.430700 -0.613400
vn -0.917800 0.397000 0.000000
vn -0.952000 0.295500 -0.080000
vn -0.970100 0.176500 -0.166700
vn -0.966100 0.044700 -0.254300
vn -0.937500 -0.091200 -0.335700
vn -0.887100 -0.221200 -0.405000
vn -0.821600 -0.337200 -0.459600
vn -0.939300 0.343200 0.000000
vn -0.952000 0.295500 0.080000
vn -0.970800 0.226000 -0.080200
vn -0.984000 0.178200 0.000000
vn -0.970800 0.226000 0.080200
vn -0.970100 0.176500 0.166700
vn -0.981600 0.092300 -0.166900
vn -0.995200 0.044600 -0.087300
vn -0.995500 0.094300 0.000000
vn -0.995200 0.044600 0.087300
vn -0.981600 0.092300 0.166900
vn -0.966100 0.044700 0.254300
vn -0.965900 -0.049400 -0.254300
vn -0.979700 -0.097100 -0.175300
vn -0.994900 -0.049700 -0.087300
vn -0.995100 -0.099400 0.000000
vn -0.994900 -0.049700 0.087300
vn -0.979700 -0.097100 0.175300
vn -0.965900 -0.049400 0.254300
vn -0.937500 -0.091200 0.335700
vn -0.923200 -0.187900 -0.335200
vn -0.937200 -0.235900 -0.256700
vn -0.965100 -0.194700 -0.175100
vn -0.965700 -0.244300 -0.088200
vn -0.980400 -0.197100 0.000000
vn -0.965700 -0.244300 0.088200
vn -0.965100 -0.194700 0.175100
vn -0.937200 -0.235900 0.256700
vn -0.923200 -0.187900 0.335200
vn -0.887100 -0.221200 0.405000
vn -0.859500 -0.312900 -0.404100
vn -0.873700 -0.361200 -0.325900
vn -0.909100 -0.328600 -0.256100
vn -0.910000 -0.378200 -0.169800
vn -0.937300 -0.337300 -0.087900
vn -0.923200 -0.384300 0.000000
vn -0.937300 -0.337300 0.087900
vn -0.910000 -0.378200 0.169800
vn -0.909100 -0.328600 0.256100
vn -0.873700 -0.361200 0.325900
vn -0.859500 -0.312900 0.404100
vn -0.821600 -0.337300 0.459600
vn -0.784100 -0.418500 -0.458300
vn -0.798100 -0.466800 -0.381000
vn -0.835600 -0.442900 -0.325000
vn -0.836800 -0.492200 -0.239900
vn -0.871800 -0.459700 -0.169300
vn -0.858300 -0.506500 -0.082100
vn -0.884900 -0.465800 0.000000
vn -0.858300 -0.506500 0.082100
vn -0.871800 -0.459700 0.169300
vn -0.836800 -0.492200 0.239900
vn -0.835600 -0.442900 0.325000
vn -0.798100 -0.466800 0.381000
vn -0.784100 -0.418500 0.458300
vn -0.748900 -0.435100 0.499900
vn -0.648900 -0.505700 0.568500
vn -0.593000 -0.611200 0.524200
vn -0.520100 -0.715800 0.466000
vn -0.431000 -0.811400 0.394900
vn -0.329700 -0.890100 0.314800
vn -0.223000 -0.947100 0.230900
vn -0.118400 -0.981800 0.148700
vn -0.609100 -0.542100 0.578900
vn -0.551900 -0.529000 0.644600
vn -0.539800 -0.651600 0.532900
vn -0.483500 -0.638300 0.599000
vn -0.499300 -0.569500 0.652900
vn -0.436800 -0.545200 0.715500
vn -0.453300 -0.756900 0.470700
vn -0.398300 -0.743600 0.537100
vn -0.417700 -0.679300 0.603300
vn -0.355800 -0.654800 0.666900
vn -0.371300 -0.586800 0.719600
vn -0.307100 -0.552300 0.775100
vn -0.353000 -0.848800 0.393600
vn -0.298900 -0.835900 0.460400
vn -0.321100 -0.781200 0.535400
vn -0.260000 -0.756800 0.599700
vn -0.279300 -0.692600 0.665000
vn -0.215700 -0.658100 0.721400
vn -0.231100 -0.590500 0.773200
vn -0.169700 -0.549000 0.818400
vn -0.245300 -0.919900 0.306000
vn -0.191800 -0.907600 0.373600
vn -0.214900 -0.866100 0.451400
vn -0.154400 -0.842200 0.516500
vn -0.176600 -0.787300 0.590700
vn -0.113400 -0.753100 0.648000
vn -0.132900 -0.688900 0.712600
vn -0.072000 -0.647700 0.758500
vn -0.087700 -0.580000 0.809900
vn -0.033000 -0.536100 0.843500
vn -0.138100 -0.966900 0.214800
vn -0.084700 -0.955300 0.283300
vn -0.106900 -0.927800 0.357500
vn -0.046700 -0.904700 0.423400
vn -0.070000 -0.862900 0.500600
vn -0.007100 -0.829200 0.558900
vn -0.029500 -0.774100 0.632400
vn 0.031300 -0.733200 0.679300
vn 0.011500 -0.668800 0.743400
vn 0.065900 -0.625400 0.777500
vn 0.049800 -0.557200 0.828900
vn 0.095400 -0.515300 0.851700
vn -0.037900 -0.991200 0.126800
vn 0.015300 -0.980500 0.195700
vn -0.004500 -0.965200 0.261500
vn 0.055300 -0.943100 0.327900
vn 0.032800 -0.915000 0.402100
vn 0.095600 -0.882200 0.461100
vn 0.072000 -0.839800 0.538100
vn 0.133100 -0.799300 0.586000
vn 0.110300 -0.744000 0.659000
vn 0.165200 -0.700500 0.694200
vn 0.145100 -0.636300 0.757700
vn 0.191000 -0.594500 0.781100
vn 0.174500 -0.526100 0.832300
vn 0.210500 -0.489300 0.846300
vn 0.288300 -0.491000 0.822000
vn 0.268700 -0.596500 0.756300
vn 0.242400 -0.702500 0.669100
vn 0.209700 -0.801200 0.560400
vn 0.172300 -0.883800 0.435000
vn 0.132700 -0.944400 0.301000
vn 0.093500 -0.981300 0.168200
vn 0.310800 -0.529300 0.789500
vn 0.388200 -0.521900 0.759500
vn 0.294100 -0.640000 0.709900
vn 0.371600 -0.632900 0.679200
vn 0.414200 -0.565700 0.713100
vn 0.493400 -0.547800 0.675700
vn 0.268600 -0.748000 0.606900
vn 0.345700 -0.741000 0.575700
vn 0.398300 -0.678300 0.617400
vn 0.477800 -0.660600 0.579000
vn 0.520900 -0.593700 0.613300
vn 0.596800 -0.565000 0.569800
vn 0.233800 -0.843600 0.483500
vn 0.310600 -0.836400 0.451600
vn 0.370300 -0.783600 0.498900
vn 0.449700 -0.765900 0.459500
vn 0.503300 -0.703400 0.501900
vn 0.579000 -0.675000 0.457300
vn 0.623100 -0.608000 0.492100
vn 0.689900 -0.570700 0.445300
vn 0.191500 -0.918000 0.347400
vn 0.268500 -0.910400 0.314700
vn 0.330400 -0.871000 0.363700
vn 0.409400 -0.853100 0.323300
vn 0.470100 -0.800700 0.371300
vn 0.545500 -0.772300 0.325600
vn 0.600200 -0.709900 0.368500
vn 0.666500 -0.673000 0.320900
vn 0.711700 -0.605600 0.356000
vn 0.765500 -0.563800 0.310100
vn 0.145300 -0.967000 0.209100
vn 0.222600 -0.958900 0.175800
vn 0.281400 -0.933500 0.222300
vn 0.360100 -0.915100 0.181200
vn 0.422900 -0.876400 0.230600
vn 0.497700 -0.847600 0.184000
vn 0.559500 -0.795700 0.232200
vn 0.625000 -0.758700 0.183700
vn 0.680900 -0.696400 0.226800
vn 0.733800 -0.655000 0.180300
vn 0.780300 -0.587100 0.215700
vn 0.819900 -0.545400 0.174200
vn 0.099300 -0.992000 0.078400
vn 0.176400 -0.983300 0.044800
vn 0.228500 -0.969800 0.085800
vn 0.306400 -0.950800 0.044500
vn 0.366300 -0.926000 0.091400
vn 0.440200 -0.896800 0.044400
vn 0.504100 -0.858500 0.094000
vn 0.569000 -0.821100 0.044700
vn 0.631700 -0.769600 0.092800
vn 0.684200 -0.727900 0.045400
vn 0.740800 -0.665900 0.088100
vn 0.779700 -0.624400 0.046100
vn 0.827000 -0.556300 0.081200
vn 0.853700 -0.518600 0.046500
vn 0.853700 -0.518600 -0.046500
vn 0.779700 -0.624400 -0.046100
vn 0.684200 -0.727900 -0.045400
vn 0.569000 -0.821100 -0.044700
vn 0.440200 -0.896800 -0.044400
vn 0.306400 -0.950800 -0.044500
vn 0.176400 -0.983300 -0.044800
vn 0.827000 -0.556300 -0.081200
vn 0.819900 -0.545400 -0.174200
vn 0.740800 -0.665900 -0.088100
vn 0.733800 -0.655000 -0.180300
vn 0.780300 -0.587100 -0.215700
vn 0.765500 -0.563800 -0.310100
vn 0.631700 -0.769600 -0.092800
vn 0.625000 -0.758700 -0.183700
vn 0.680900 -0.696400 -0.226800
vn 0.666500 -0.673000 -0.320900
vn 0.711700 -0.605600 -0.356000
vn 0.689900 -0.570700 -0.445300
vn 0.504100 -0.858500 -0.094000
vn 0.497700 -0.847600 -0.184000
vn 0.559500 -0.795700 -0.232200
vn 0.545500 -0.772300 -0.325600
vn 0.600200 -0.709900 -0.368500
vn 0.579100 -0.675000 -0.457300
vn 0.623100 -0.608000 -0.492000
vn 0.596800 -0.565000 -0.569800
vn 0.366300 -0.926000 -0.091500
vn 0.360100 -0.915100 -0.181200
vn 0.422900 -0.876400 -0.230600
vn 0.409400 -0.853100 -0.323300
vn 0.470100 -0.800700 -0.371300
vn 0.449700 -0.765900 -0.459500
vn 0.503200 -0.703400 -0.502000
vn 0.477800 -0.660600 -0.579000
vn 0.520900 -0.593700 -0.613300
vn 0.493400 -0.547800 -0.675700
vn 0.228500 -0.969700 -0.085800
vn 0.222600 -0.958900 -0.175700
vn 0.281500 -0.933500 -0.222300
vn 0.268500 -0.910400 -0.314700
vn 0.330400 -0.871000 -0.363600
vn 0.310600 -0.836400 -0.451600
vn 0.370300 -0.783600 -0.498900
vn 0.345700 -0.741000 -0.575700
vn 0.398300 -0.678400 -0.617400
vn 0.371600 -0.632900 -0.679200
vn 0.414200 -0.565700 -0.713100
vn 0.388200 -0.521900 -0.759500
vn 0.099300 -0.992000 -0.078400
vn 0.093500 -0.981300 -0.168200
vn 0.145300 -0.967000 -0.209100
vn 0.132700 -0.944400 -0.301000
vn 0.191500 -0.918000 -0.347400
vn 0.172300 -0.883800 -0.435000
vn 0.233800 -0.843600 -0.483500
vn 0.209700 -0.801200 -0.560500
vn 0.268600 -0.748000 -0.606900
vn 0.242400 -0.702500 -0.669100
vn 0.294100 -0.640000 -0.709800
vn 0.268700 -0.596500 -0.756300
vn 0.310800 -0.529300 -0.789500
vn 0.288300 -0.491100 -0.822000
vn -0.702200 -0.508700 0.498100
vn -0.750800 -0.540600 0.379500
vn -0.789400 -0.565500 0.238900
vn -0.811000 -0.579300 0.081800
vn -0.811000 -0.579300 -0.081800
vn -0.789400 -0.565500 -0.238900
vn -0.750800 -0.540600 -0.379500
vn -0.701900 -0.547700 0.455400
vn -0.645400 -0.614600 0.453600
vn -0.744600 -0.584400 0.322600
vn -0.687400 -0.651400 0.321200
vn -0.639400 -0.658200 0.397300
vn -0.571200 -0.719200 0.395600
vn -0.774200 -0.610300 0.167900
vn -0.716800 -0.676900 0.167200
vn -0.672900 -0.695700 0.251300
vn -0.603700 -0.757000 0.250100
vn -0.557000 -0.763800 0.326100
vn -0.480600 -0.814600 0.324800
vn -0.784900 -0.619700 0.000000
vn -0.727500 -0.686100 0.000000
vn -0.691700 -0.717000 0.086200
vn -0.622100 -0.778200 0.085800
vn -0.579300 -0.797200 0.169900
vn -0.502300 -0.848000 0.169200
vn -0.456800 -0.855100 0.245100
vn -0.378400 -0.892800 0.244300
vn -0.774200 -0.610300 -0.167900
vn -0.716900 -0.676900 -0.167200
vn -0.691700 -0.717000 -0.086200
vn -0.622100 -0.778200 -0.085800
vn -0.587400 -0.809300 0.000000
vn -0.510200 -0.860100 0.000000
vn -0.468500 -0.879500 0.083900
vn -0.390100 -0.916900 0.083600
vn -0.345300 -0.924800 0.159800
vn -0.271500 -0.949100 0.159500
vn -0.744600 -0.584400 -0.322600
vn -0.687400 -0.651400 -0.321200
vn -0.672900 -0.695700 -0.251300
vn -0.603700 -0.757000 -0.250100
vn -0.579300 -0.797200 -0.169900
vn -0.502300 -0.848000 -0.169200
vn -0.468500 -0.879500 -0.083900
vn -0.390100 -0.917000 -0.083600
vn -0.349200 -0.937000 0.000000
vn -0.275800 -0.961200 0.000000
vn -0.231300 -0.969900 0.076600
vn -0.166900 -0.983000 0.076500
vn -0.701900 -0.547600 -0.455500
vn -0.645400 -0.614600 -0.453600
vn -0.639400 -0.658200 -0.397400
vn -0.571200 -0.719200 -0.395600
vn -0.557000 -0.763800 -0.326100
vn -0.480600 -0.814600 -0.324800
vn -0.456800 -0.855100 -0.245100
vn -0.378400 -0.892800 -0.244300
vn -0.345300 -0.924800 -0.159800
vn -0.271500 -0.949100 -0.159500
vn -0.231300 -0.969900 -0.076600
vn -0.166900 -0.983000 -0.076500
vn -0.122800 -0.992400 0.000000
vn -0.070100 -0.997500 0.000000
vn 0.210500 -0.489300 -0.846300
vn 0.191000 -0.594500 -0.781100
vn 0.165300 -0.700500 -0.694200
vn 0.133100 -0.799300 -0.586000
vn 0.095600 -0.882200 -0.461100
vn 0.055300 -0.943100 -0.327900
vn 0.015300 -0.980500 -0.195700
vn 0.174500 -0.526200 -0.832300
vn 0.095400 -0.515400 -0.851600
vn 0.145100 -0.636300 -0.757700
vn 0.065900 -0.625400 -0.777600
vn 0.049800 -0.557200 -0.828900
vn -0.033000 -0.536100 -0.843500
vn 0.110300 -0.744000 -0.659000
vn 0.031300 -0.733200 -0.679300
vn 0.011500 -0.668800 -0.743400
vn -0.072000 -0.647700 -0.758500
vn -0.087700 -0.580000 -0.809900
vn -0.169700 -0.549000 -0.818400
vn 0.071900 -0.839800 -0.538100
vn -0.007100 -0.829200 -0.558900
vn -0.029500 -0.774100 -0.632400
vn -0.113400 -0.753100 -0.648000
vn -0.132900 -0.688900 -0.712600
vn -0.215700 -0.658100 -0.721400
vn -0.231100 -0.590500 -0.773200
vn -0.307100 -0.552300 -0.775100
vn 0.032800 -0.915000 -0.402100
vn -0.046700 -0.904700 -0.423400
vn -0.070000 -0.862900 -0.500600
vn -0.154400 -0.842200 -0.516500
vn -0.176600 -0.787300 -0.590700
vn -0.259900 -0.756800 -0.599700
vn -0.279300 -0.692600 -0.665000
vn -0.355800 -0.654800 -0.666900
vn -0.371300 -0.586800 -0.719600
vn -0.436800 -0.545200 -0.715500
vn -0.004500 -0.965200 -0.261500
vn -0.084700 -0.955300 -0.283300
vn -0.106800 -0.927800 -0.357500
vn -0.191800 -0.907600 -0.373600
vn -0.214900 -0.866100 -0.451400
vn -0.298900 -0.835900 -0.460300
vn -0.321100 -0.781200 -0.535400
vn -0.398300 -0.743600 -0.537100
vn -0.417700 -0.679300 -0.603400
vn -0.483500 -0.638200 -0.599000
vn -0.499300 -0.569500 -0.652900
vn -0.551900 -0.529000 -0.644600
vn -0.037900 -0.991200 -0.126800
vn -0.118400 -0.981800 -0.148700
vn -0.138100 -0.966900 -0.214800
vn -0.223000 -0.947100 -0.230900
vn -0.245300 -0.919900 -0.306000
vn -0.329700 -0.890100 -0.314800
vn -0.353000 -0.848800 -0.393600
vn -0.431000 -0.811300 -0.394900
vn -0.453300 -0.756900 -0.470700
vn -0.520200 -0.715800 -0.466000
vn -0.539800 -0.651600 -0.532900
vn -0.593000 -0.611200 -0.524200
vn -0.609100 -0.542100 -0.578900
vn -0.648900 -0.505700 -0.568500
vn -0.104400 -0.962600 -0.250000
vn -0.710400 -0.671300 -0.211500
vn 0.270100 -0.950700 -0.152600
vn 0.270100 -0.950700 0.152600
vn -0.104500 -0.962600 0.250000
vn -0.918100 -0.335200 -0.211500
vn -0.030700 -0.410300 -0.911400
vn 0.907700 -0.337100 -0.250000
vn 0.651200 -0.374400 0.660100
vn -0.612800 -0.378700 0.693500
vn -0.862600 -0.135000 -0.487500
vn 0.380700 -0.156000 -0.911400
vn 0.380700 -0.156000 0.911400
vn -0.862600 -0.135000 0.487500
vn -0.445100 0.720300 -0.532000
vn 0.506600 0.711200 -0.487500
vn 0.710400 0.671300 0.211500
vn -0.043700 0.749900 0.660100
vn -0.729500 0.666700 0.152600
vn -0.270100 0.950700 0.152600
vn -0.503900 0.815400 0.284800
vn -0.445100 0.720300 0.532000
vn 0.104500 0.962600 0.250000
vn 0.201300 0.852800 0.481900
vn 0.506600 0.711200 0.487500
vn 0.710400 0.671300 -0.211500
vn 0.104400 0.962600 -0.250000
vn 0.201300 0.852800 -0.481900
vn -0.043700 0.749900 -0.660100
vn -0.270100 0.950700 -0.152600
vn -0.503900 0.815400 -0.284800
vn -0.729500 0.666700 -0.152600
vn -0.907700 0.337100 0.250000
vn -0.852800 0.201300 0.481900
vn -0.651200 0.374400 0.660100
vn 0.030700 0.410300 0.911400
vn 0.375000 0.231800 0.897600
vn 0.612800 0.378700 0.693500
vn 0.918100 0.335200 0.211500
vn 0.918100 0.335200 -0.211500
vn 0.612800 0.378800 -0.693500
vn 0.375000 0.231800 -0.897600
vn 0.030700 0.410300 -0.911400
vn -0.651200 0.374500 -0.660100
vn -0.852800 0.201300 -0.481900
vn -0.907700 0.337100 -0.250000
vn -0.380700 0.156000 0.911400
vn -0.375000 -0.231800 0.897600
vn -0.030700 -0.410300 0.911400
vn 0.862600 0.135000 0.487500
vn 0.852800 -0.201300 0.481900
vn 0.907700 -0.337100 0.250000
vn 0.862600 0.135000 -0.487500
vn 0.852800 -0.201300 -0.481900
vn 0.651200 -0.374400 -0.660100
vn -0.380700 0.156000 -0.911400
vn -0.375000 -0.231800 -0.897600
vn -0.612800 -0.378700 -0.693500
vn -0.918100 -0.335200 0.211500
vn -0.506600 -0.711200 0.487500
vn -0.201300 -0.852800 0.481900
vn 0.043700 -0.749900 0.660100
vn 0.445100 -0.720300 0.532000
vn 0.503900 -0.815400 0.284800
vn 0.729500 -0.666700 0.152600
vn 0.729500 -0.666700 -0.152600
vn 0.504000 -0.815400 -0.284800
vn 0.445100 -0.720300 -0.532000
vn -0.710400 -0.671300 0.211500
vn 0.043700 -0.749900 -0.660100
vn -0.201300 -0.852800 -0.481900
vn -0.506600 -0.711200 -0.487500
vn -0.504000 0.815400 0.284800
vn -0.651200 0.374400 -0.660100
vn 0.503900 -0.815400 -0.284800
vn -0.674700 0.723200 0.147400
vn -0.242200 0.968800 0.052900
vn -0.066800 0.997700 0.014600
vn 0.066800 0.997700 -0.014600
vn 0.242200 0.968800 -0.052900
vn 0.674700 0.723200 -0.147400
vn 0.674800 -0.723100 -0.147400
vn 0.242200 -0.968800 -0.052900
vn 0.066800 -0.997700 -0.014600
vn -0.066800 -0.997700 0.014600
vn -0.242200 -0.968800 0.052900
vn -0.674700 -0.723200 0.147400
vn -0.616800 0.672500 0.409000
vn -0.235600 0.959200 0.156300
vn -0.065600 0.996900 0.043500
vn 0.065600 0.996900 -0.043500
vn 0.235600 0.959200 -0.156300
vn 0.616800 0.672500 -0.409000
vn 0.616800 -0.672700 -0.408800
vn 0.235600 -0.959200 -0.156300
vn 0.065600 -0.996900 -0.043500
vn -0.065600 -0.996900 0.043500
vn -0.235700 -0.959200 0.156300
vn -0.616900 -0.672400 0.409000
vn -0.530300 0.598900 0.600100
vn -0.223400 0.941400 0.252700
vn -0.063200 0.995400 0.071600
vn 0.063300 0.995400 -0.071600
vn 0.223300 0.941400 -0.252700
vn 0.530300 0.598900 -0.600100
vn 0.530400 -0.598800 -0.600100
vn 0.223300 -0.941400 -0.252700
vn 0.063300 -0.995400 -0.071600
vn -0.063300 -0.995400 0.071600
vn -0.223400 -0.941400 0.252700
vn -0.530300 -0.598900 0.600100
vn -0.441900 0.526500 0.726300
vn -0.206300 0.917900 0.339000
vn -0.059800 0.993400 0.098300
vn 0.059800 0.993400 -0.098300
vn 0.206200 0.917900 -0.339000
vn 0.441700 0.526800 -0.726200
vn 0.441800 -0.526800 -0.726200
vn 0.206200 -0.917900 -0.339000
vn 0.059800 -0.993400 -0.098300
vn -0.059800 -0.993400 0.098300
vn -0.206300 -0.917900 0.339000
vn -0.441800 -0.526800 0.726200
vn -0.362400 0.466100 0.807100
vn -0.185700 0.891400 0.413500
vn -0.055300 0.990800 0.123200
vn 0.055300 0.990800 -0.123200
vn 0.185700 0.891400 -0.413500
vn 0.362400 0.466100 -0.807100
vn 0.362400 -0.466000 -0.807200
vn 0.185700 -0.891400 -0.413500
vn 0.055300 -0.990800 -0.123200
vn -0.055300 -0.990800 0.123200
vn -0.185700 -0.891400 0.413500
vn -0.362400 -0.466100 0.807100
vn -0.294000 0.418000 0.859500
vn -0.162800 0.864300 0.475900
vn -0.049900 0.988100 0.145800
vn 0.049900 0.988100 -0.145800
vn 0.162800 0.864300 -0.475900
vn 0.294000 0.418000 -0.859500
vn 0.294000 -0.418000 -0.859600
vn 0.162800 -0.864300 -0.475900
vn 0.049900 -0.988100 -0.145800
vn -0.049900 -0.988100 0.145800
vn -0.162800 -0.864300 0.475900
vn -0.294000 -0.418000 0.859500
vn -0.235200 0.381400 0.894000
vn -0.138500 0.838800 0.526600
vn -0.043600 0.985200 0.165800
vn 0.043600 0.985200 -0.165800
vn 0.138500 0.838800 -0.526600
vn 0.235200 0.381400 -0.894000
vn 0.235200 -0.381400 -0.894000
vn 0.138500 -0.838800 -0.526600
vn 0.043600 -0.985200 -0.165800
vn -0.043600 -0.985200 0.165800
vn -0.138500 -0.838800 0.526600
vn -0.235200 -0.381400 0.894000
vn -0.183800 0.354000 0.917000
vn -0.113600 0.816100 0.566600
vn -0.036600 0.982500 0.182800
vn 0.036700 0.982500 -0.182800
vn 0.113600 0.816100 -0.566600
vn 0.183800 0.353800 -0.917100
vn 0.183800 -0.353700 -0.917100
vn 0.113600 -0.816100 -0.566600
vn 0.036700 -0.982500 -0.182800
vn -0.036600 -0.982500 0.182800
vn -0.113600 -0.816100 0.566600
vn -0.183800 -0.353900 0.917000
vn -0.137900 0.333800 0.932500
vn -0.088300 0.797300 0.597100
vn -0.029100 0.980000 0.196700
vn -0.022600 0.978500 0.205100
vn -0.027500 0.979700 0.198600
vn 0.029100 0.980000 -0.196700
vn 0.022600 0.978500 -0.205100
vn 0.027500 0.979700 -0.198600
vn 0.088300 0.797300 -0.597100
vn 0.138000 0.333500 -0.932600
vn 0.138000 -0.333400 -0.932600
vn 0.088300 -0.797300 -0.597100
vn 0.029100 -0.980000 -0.196700
vn 0.027500 -0.979700 -0.198600
vn 0.022600 -0.978500 -0.205100
vn -0.029100 -0.980000 0.196700
vn -0.027500 -0.979700 0.198600
vn -0.022600 -0.978500 0.205100
vn -0.088300 -0.797300 0.597100
vn -0.137900 -0.333800 0.932500
vn -0.096000 0.319600 0.942700
vn -0.063000 0.782800 0.619000
vn -0.014100 0.976900 0.213100
vn -0.019700 0.977900 0.208300
vn 0.014100 0.976900 -0.213100
vn 0.019700 0.977900 -0.208300
vn 0.063100 0.782800 -0.619000
vn 0.096000 0.319400 -0.942700
vn 0.096000 -0.319400 -0.942800
vn 0.063100 -0.782800 -0.619000
vn 0.019700 -0.977900 -0.208300
vn 0.014100 -0.976900 -0.213100
vn -0.019700 -0.977900 0.208300
vn -0.014100 -0.976900 0.213100
vn -0.063000 -0.782800 0.619000
vn -0.096000 -0.319200 0.942800
vn -0.056600 0.310400 0.948900
vn -0.037800 0.773100 0.633100
vn -0.005100 0.976100 0.217300
vn -0.011800 0.976700 0.214500
vn 0.005100 0.976100 -0.217300
vn 0.011900 0.976700 -0.214500
vn 0.037800 0.773000 -0.633200
vn 0.056600 0.310400 -0.948900
vn 0.056600 -0.310400 -0.948900
vn 0.037800 -0.773000 -0.633200
vn 0.011800 -0.976700 -0.214500
vn 0.005100 -0.976100 -0.217300
vn -0.011800 -0.976700 0.214500
vn -0.005100 -0.976100 0.217300
vn -0.037800 -0.773100 0.633100
vn -0.056600 -0.310400 0.948900
vn -0.018700 0.305900 0.951900
vn -0.012600 0.768300 0.640000
vn -0.000000 0.976000 0.217900
vn -0.000000 0.976000 -0.217900
vn 0.012600 0.768200 -0.640100
vn 0.018700 0.305900 -0.951900
vn 0.018700 -0.305900 -0.951900
vn 0.012600 -0.768200 -0.640100
vn -0.000000 -0.976000 -0.217900
vn -0.000000 -0.976000 0.217900
vn -0.012600 -0.768000 0.640300
vn -0.018700 -0.306200 0.951800
vn 0.018700 0.305900 0.951900
vn 0.012600 0.768300 0.640000
vn 0.005100 0.976100 0.217300
vn 0.011800 0.976700 0.214500
vn -0.005100 0.976100 -0.217300
vn -0.011900 0.976700 -0.214500
vn -0.012600 0.768200 -0.640100
vn -0.018700 0.305900 -0.951900
vn -0.018700 -0.305900 -0.951900
vn -0.012600 -0.768200 -0.640100
vn -0.011900 -0.976700 -0.214500
vn -0.005100 -0.976100 -0.217300
vn 0.011800 -0.976700 0.214500
vn 0.005100 -0.976100 0.217300
vn 0.012600 -0.768000 0.640300
vn 0.018700 -0.305900 0.951900
vn 0.056600 0.310400 0.948900
vn 0.037800 0.773100 0.633100
vn 0.014100 0.976900 0.213000
vn 0.019700 0.977900 0.208300
vn -0.014100 0.976900 -0.213100
vn -0.019700 0.977900 -0.208300
vn -0.037800 0.773000 -0.633200
vn -0.056600 0.310400 -0.948900
vn -0.056600 -0.310400 -0.948900
vn -0.037800 -0.773000 -0.633200
vn -0.019700 -0.977900 -0.208300
vn -0.014100 -0.976900 -0.213100
vn 0.019700 -0.977900 0.208300
vn 0.014100 -0.976900 0.213000
vn 0.037800 -0.773100 0.633100
vn 0.056600 -0.310400 0.948900
vn 0.096000 0.319600 0.942700
vn 0.063000 0.782800 0.619000
vn 0.022600 0.978500 0.205100
vn 0.027500 0.979700 0.198600
vn -0.022600 0.978500 -0.205100
vn -0.027500 0.979700 -0.198600
vn -0.063100 0.782800 -0.619000
vn -0.096000 0.319400 -0.942700
vn -0.096000 -0.319400 -0.942800
vn -0.063100 -0.782800 -0.619000
vn -0.027500 -0.979700 -0.198600
vn -0.022600 -0.978500 -0.205100
vn 0.027500 -0.979700 0.198600
vn 0.022600 -0.978500 0.205100
vn 0.063000 -0.782800 0.619000
vn 0.096000 -0.319200 0.942800
vn 0.137900 0.333800 0.932500
vn 0.088300 0.797300 0.597100
vn 0.029100 0.980000 0.196700
vn -0.029100 0.980000 -0.196700
vn -0.088300 0.797300 -0.597100
vn -0.138000 0.333500 -0.932600
vn -0.138000 -0.333400 -0.932600
vn -0.088300 -0.797300 -0.597100
vn -0.029100 -0.980000 -0.196700
vn 0.029100 -0.980100 0.196400
vn 0.088300 -0.797300 0.597100
vn 0.137900 -0.333800 0.932500
vn 0.183800 0.354000 0.917000
vn 0.113600 0.816100 0.566600
vn 0.036600 0.982500 0.182800
vn -0.036700 0.982500 -0.182800
vn -0.113600 0.816100 -0.566600
vn -0.183800 0.353800 -0.917100
vn -0.183800 -0.353800 -0.917100
vn -0.113600 -0.816100 -0.566600
vn -0.036700 -0.982500 -0.182800
vn 0.036600 -0.982500 0.182800
vn 0.113600 -0.816100 0.566600
vn 0.183800 -0.353900 0.917000
vn 0.235200 0.381400 0.894000
vn 0.138500 0.838800 0.526600
vn 0.043600 0.985200 0.165800
vn -0.043600 0.985200 -0.165800
vn -0.138500 0.838800 -0.526600
vn -0.235200 0.381500 -0.894000
vn -0.235200 -0.381400 -0.894000
vn -0.138500 -0.838800 -0.526600
vn -0.043600 -0.985200 -0.165800
vn 0.043600 -0.985200 0.165800
vn 0.138500 -0.838800 0.526600
vn 0.235100 -0.381700 0.893900
vn 0.294000 0.418100 0.859500
vn 0.162800 0.864300 0.475900
vn 0.049900 0.988100 0.145800
vn -0.049900 0.988100 -0.145800
vn -0.162800 0.864300 -0.475900
vn -0.294000 0.418000 -0.859500
vn -0.294000 -0.418000 -0.859600
vn -0.162800 -0.864300 -0.475900
vn -0.049900 -0.988100 -0.145800
vn 0.049900 -0.988100 0.145800
vn 0.162800 -0.864300 0.475900
vn 0.294000 -0.418000 0.859500
vn 0.362400 0.466100 0.807100
vn 0.185700 0.891400 0.413500
vn 0.055300 0.990800 0.123200
vn -0.055300 0.990800 -0.123200
vn -0.185700 0.891300 -0.413500
vn -0.362400 0.466100 -0.807100
vn -0.362400 -0.466000 -0.807200
vn -0.185700 -0.891300 -0.413500
vn -0.055300 -0.990800 -0.123200
vn 0.055300 -0.990800 0.123200
vn 0.185700 -0.891400 0.413500
vn 0.362400 -0.466100 0.807100
vn 0.441700 0.526900 0.726100
vn 0.206200 0.917900 0.339000
vn 0.059800 0.993400 0.098300
vn -0.059800 0.993400 -0.098300
vn -0.206200 0.917900 -0.339000
vn -0.441700 0.526800 -0.726200
vn -0.441800 -0.526800 -0.726200
vn -0.206200 -0.917900 -0.339000
vn -0.059800 -0.993400 -0.098300
vn 0.059800 -0.993400 0.098300
vn 0.206300 -0.917900 0.339000
vn 0.441800 -0.526800 0.726200
vn 0.530300 0.598900 0.600100
vn 0.223400 0.941400 0.252700
vn 0.063300 0.995400 0.071600
vn -0.063300 0.995400 -0.071600
vn -0.223300 0.941400 -0.252700
vn -0.530300 0.598900 -0.600100
vn -0.530400 -0.598800 -0.600100
vn -0.223300 -0.941400 -0.252700
vn -0.063300 -0.995400 -0.071600
vn 0.063300 -0.995400 0.071600
vn 0.223400 -0.941400 0.252700
vn 0.530300 -0.598900 0.600100
vn 0.616800 0.672500 0.409000
vn 0.235600 0.959200 0.156300
vn 0.065600 0.996900 0.043500
vn -0.065600 0.996900 -0.043500
vn -0.235600 0.959200 -0.156300
vn -0.616800 0.672500 -0.409000
vn -0.616900 -0.672400 -0.409000
vn -0.235700 -0.959200 -0.156300
vn -0.065700 -0.996900 -0.043500
vn 0.065600 -0.996900 0.043500
vn 0.235700 -0.959200 0.156300
vn 0.616900 -0.672400 0.409000
vn 0.674700 0.723200 0.147400
vn 0.242200 0.968800 0.052900
vn 0.066800 0.997700 0.014600
vn -0.066800 0.997700 -0.014600
vn -0.242200 0.968800 -0.052900
vn -0.674700 0.723200 -0.147400
vn -0.674800 -0.723100 -0.147400
vn -0.242200 -0.968800 -0.052900
vn -0.066800 -0.997700 -0.014600
vn 0.066800 -0.997700 0.014600
vn 0.242200 -0.968800 0.052900
vn 0.674700 -0.723200 0.147400
vn -0.674800 -0.723100 0.147400
vn 0.674700 -0.723200 -0.147400
vn 0.235700 0.959200 -0.156300
vn -0.235600 -0.959200 0.156300
vn -0.065700 -0.996900 0.043500
vn 0.235700 -0.959200 -0.156300
vn 0.616900 -0.672400 -0.409000
vn 0.063200 0.995400 -0.071600
vn -0.062900 0.995400 0.071600
vn -0.223300 0.941400 0.252700
vn -0.223300 -0.941400 0.252700
vn 0.441700 0.526900 -0.726100
vn 0.206300 0.917900 -0.339000
vn -0.206200 0.917900 0.339000
vn -0.441800 0.526800 0.726200
vn -0.206200 -0.917900 0.339000
vn -0.185700 0.891300 0.413500
vn -0.362400 -0.466000 0.807200
vn -0.185700 -0.891300 0.413500
vn 0.362400 -0.466100 -0.807100
vn 0.294000 0.418400 -0.859400
vn 0.049900 0.988100 -0.145500
vn -0.294000 -0.418300 0.859400
vn 0.049900 -0.988100 -0.145500
vn 0.294000 -0.418000 -0.859500
vn 0.138400 0.838600 -0.526800
vn 0.138700 -0.838600 -0.526800
vn 0.183800 0.354000 -0.917000
vn 0.036600 0.982500 -0.182800
vn -0.183800 0.353800 0.917100
vn -0.183800 -0.353700 0.917100
vn 0.036600 -0.982500 -0.182800
vn 0.183800 -0.353900 -0.917000
vn 0.027400 0.979700 -0.198600
vn -0.138000 0.333500 0.932600
vn -0.138000 -0.333400 0.932600
vn 0.138000 -0.333500 -0.932600
vn 0.096000 0.319600 -0.942700
vn 0.063000 0.782800 -0.619000
vn 0.014000 0.976900 -0.213000
vn -0.014100 0.976900 0.213000
vn -0.063100 0.782800 0.619000
vn -0.096000 0.319400 0.942700
vn -0.096000 -0.319400 0.942800
vn -0.063100 -0.782800 0.619000
vn -0.014100 -0.976900 0.213000
vn 0.014100 -0.976900 -0.213000
vn 0.096000 -0.319500 -0.942700
vn 0.037800 0.773100 -0.633100
vn 0.011800 0.976700 -0.214500
vn -0.037800 0.773000 0.633200
vn -0.037800 -0.773000 0.633200
vn 0.037800 -0.773100 -0.633100
vn 0.012600 0.768300 -0.640000
vn -0.012600 0.768200 0.640100
vn -0.012600 -0.768200 0.640100
vn 0.012600 -0.768300 -0.640000
vn 0.018700 -0.306200 -0.951800
vn -0.012600 0.768300 -0.640000
vn -0.011800 0.976700 -0.214500
vn 0.011900 0.976700 0.214500
vn 0.012600 0.768200 0.640100
vn 0.018700 0.306200 0.951800
vn 0.018700 -0.306200 0.951800
vn 0.012600 -0.768200 0.640100
vn -0.011800 -0.976700 -0.214500
vn -0.012600 -0.768300 -0.640000
vn -0.018700 -0.306200 -0.951800
vn -0.037800 0.773100 -0.633100
vn -0.014100 0.976900 -0.213000
vn 0.037800 0.773000 0.633200
vn 0.037800 -0.773000 0.633200
vn -0.014000 -0.976900 -0.213000
vn -0.037800 -0.773100 -0.633100
vn -0.096000 0.319600 -0.942700
vn -0.063000 0.782800 -0.619000
vn 0.063100 0.782800 0.619000
vn 0.096000 0.319400 0.942700
vn 0.096000 -0.319400 0.942800
vn 0.063100 -0.782800 0.619000
vn -0.063000 -0.782800 -0.619000
vn -0.096000 -0.319500 -0.942700
vn 0.138000 0.333400 0.932600
vn 0.138000 -0.333400 0.932600
vn 0.029100 -0.980000 0.196700
vn -0.029100 -0.980100 -0.196400
vn -0.138000 -0.333500 -0.932600
vn -0.183800 0.354000 -0.917000
vn -0.036600 0.982500 -0.182800
vn 0.183800 0.353800 0.917100
vn 0.183800 -0.353700 0.917100
vn -0.036600 -0.982500 -0.182800
vn -0.183800 -0.353900 -0.917000
vn -0.235200 0.381400 -0.894000
vn -0.138600 0.838800 -0.526600
vn 0.138500 0.838800 0.526500
vn 0.235200 -0.381400 0.894000
vn 0.138500 -0.838800 0.526500
vn -0.294000 0.418100 -0.859500
vn -0.049900 0.988100 -0.145500
vn 0.294000 0.418000 0.859500
vn 0.294000 -0.418300 0.859400
vn -0.049900 -0.988100 -0.145500
vn -0.294000 -0.418100 -0.859500
vn -0.185700 0.891400 -0.413500
vn 0.362400 -0.466000 0.807200
vn 0.185700 -0.891300 0.413500
vn -0.185700 -0.891400 -0.413500
vn -0.362400 -0.466100 -0.807100
vn -0.441700 0.526900 -0.726100
vn 0.441800 0.526800 0.726200
vn 0.206200 -0.917900 0.339000
vn 0.062800 0.995500 0.071600
vn 0.223300 0.941400 0.252700
vn 0.223300 -0.941400 0.252700
vn -0.223400 -0.941400 -0.252700
vn -0.235700 0.959200 -0.156300
vn 0.235700 -0.959200 0.156200
vn 0.065700 -0.996900 0.043500
vn -0.065600 -0.996900 -0.043500
vn 0.674800 -0.723100 0.147400
vn -0.674700 -0.723200 -0.147400
vn 0.674800 0.723100 -0.147400
vn 0.242100 -0.968800 -0.052900
vn -0.235700 0.959200 0.156300
vn 0.065700 0.996900 -0.043500
vn 0.616900 0.672500 -0.409000
vn 0.616800 -0.672500 -0.409000
vn 0.065700 -0.996900 -0.043500
vn -0.616800 -0.672500 0.409000
vn 0.530300 -0.598900 -0.600100
vn -0.441700 0.526900 0.726200
vn -0.206300 0.917900 0.339100
vn 0.441800 0.526800 -0.726200
vn 0.441700 -0.526800 -0.726200
vn 0.206300 -0.917900 -0.339000
vn -0.441900 -0.526500 0.726300
vn -0.185700 0.891300 0.413600
vn 0.185700 0.891300 -0.413600
vn 0.362400 0.466000 -0.807100
vn -0.362300 -0.466100 0.807100
vn -0.138600 0.838800 0.526600
vn 0.138600 0.838700 -0.526600
vn -0.183800 0.353900 0.917000
vn -0.113600 0.816100 0.566700
vn 0.113600 0.816100 -0.566700
vn 0.183800 -0.353800 -0.917100
vn -0.183800 -0.354000 0.917000
vn 0.138000 0.333400 -0.932600
vn -0.138000 -0.333800 0.932500
vn -0.096000 0.319200 0.942800
vn -0.063100 0.782800 0.619100
vn 0.014100 0.976900 -0.213000
vn 0.063100 0.782800 -0.619100
vn 0.096000 0.319400 -0.942800
vn 0.096000 -0.319400 -0.942700
vn -0.014000 -0.976900 0.213000
vn -0.096000 -0.319600 0.942700
vn -0.037800 0.773100 0.633200
vn 0.037800 0.773000 -0.633300
vn -0.012600 0.768200 0.640000
vn 0.012600 0.768100 -0.640100
vn -0.012600 -0.768300 0.640000
vn -0.018700 -0.305900 0.951900
vn 0.012600 0.768200 0.640000
vn -0.012600 0.768100 -0.640100
vn 0.012600 -0.768300 0.640000
vn 0.037800 0.773100 0.633200
vn 0.014000 0.976900 0.213000
vn -0.037800 0.773000 -0.633300
vn -0.014100 -0.976900 -0.213000
vn 0.014100 -0.976900 0.213100
vn 0.096000 0.319300 0.942800
vn 0.063100 0.782800 0.619100
vn -0.063100 0.782800 -0.619100
vn -0.096000 0.319400 -0.942800
vn -0.096000 -0.319400 -0.942700
vn 0.096000 -0.319600 0.942700
vn -0.138000 0.333400 -0.932600
vn -0.138000 -0.333800 -0.932500
vn 0.138000 -0.333800 0.932500
vn 0.183800 0.353900 0.917000
vn 0.113600 0.816100 0.566700
vn -0.113600 0.816100 -0.566700
vn -0.183900 -0.353800 -0.917100
vn 0.183800 -0.354000 0.917000
vn 0.138600 0.838800 0.526600
vn -0.138500 0.838700 -0.526600
vn -0.235200 -0.381500 -0.894000
vn -0.294000 -0.418000 -0.859500
vn 0.294000 -0.418100 0.859500
vn 0.185700 0.891300 0.413600
vn -0.185700 0.891300 -0.413600
vn -0.362400 0.466000 -0.807100
vn 0.362300 -0.466100 0.807100
vn 0.441700 0.526900 0.726200
vn 0.206300 0.917900 0.339100
vn -0.206300 0.917900 -0.339000
vn -0.441800 0.526800 -0.726200
vn -0.441700 -0.526800 -0.726200
vn -0.206300 -0.917900 -0.339000
vn 0.441900 -0.526500 0.726300
vn -0.223400 0.941400 -0.252700
vn -0.530300 -0.598900 -0.600100
vn 0.235700 0.959200 0.156300
vn -0.065700 0.996900 -0.043500
vn -0.616800 0.672700 -0.408800
vn -0.616800 -0.672500 -0.409000
vn 0.616800 -0.672500 0.409000
vn -0.674800 0.723100 -0.147400
vn -0.242100 -0.968800 -0.052900
vn 0.674800 0.723200 -0.147400
vn -0.674800 0.723100 0.147400
vn -0.065700 0.996900 0.043500
vn -0.616900 0.672500 0.409000
vn -0.235700 -0.959200 0.156200
vn 0.223400 0.941400 -0.252700
vn -0.063300 0.995400 0.071600
vn 0.441700 0.526900 -0.726200
vn 0.206300 0.917900 -0.339100
vn -0.441700 -0.526800 0.726200
vn 0.442000 -0.526500 -0.726300
vn -0.362400 0.466000 0.807100
vn -0.293900 -0.418500 0.859400
vn 0.294000 -0.418400 -0.859400
vn 0.138600 0.838800 -0.526600
vn -0.138600 0.838700 0.526600
vn -0.036700 0.982500 0.182800
vn -0.183800 -0.353800 0.917100
vn -0.036700 -0.982500 0.182800
vn 0.183800 -0.354000 -0.917000
vn -0.138000 0.333400 0.932600
vn -0.138000 -0.333900 0.932400
vn -0.096000 0.319400 0.942800
vn -0.096000 -0.319400 0.942700
vn 0.063000 -0.782800 -0.619000
vn 0.096000 -0.319600 -0.942700
vn 0.037800 0.773100 -0.633200
vn -0.037800 0.773000 0.633300
vn 0.018700 0.306200 -0.951800
vn -0.012600 0.768100 0.640100
vn -0.018700 0.306200 -0.951800
vn 0.012600 0.768100 0.640100
vn 0.011900 -0.976700 0.214500
vn -0.037800 0.773100 -0.633200
vn 0.014100 0.976900 0.213100
vn 0.037800 0.773000 0.633300
vn -0.063000 0.782800 -0.619100
vn 0.096000 -0.319400 0.942700
vn -0.096000 -0.319600 -0.942700
vn 0.138100 -0.333900 0.932400
vn -0.183800 0.353900 -0.917000
vn 0.183800 -0.353800 0.917100
vn -0.183800 -0.354000 -0.917000
vn -0.138600 0.838700 -0.526600
vn -0.043600 -0.985200 -0.165700
vn 0.293900 -0.418500 0.859400
vn 0.362400 0.466000 0.807100
vn -0.206300 0.917900 -0.339100
vn 0.206300 0.917900 0.339000
vn 0.441700 -0.526800 0.726200
vn -0.442000 -0.526500 -0.726300
vn 0.065700 0.996900 0.043500
vn 0.616900 0.672500 0.409000
vn -0.674800 0.723200 -0.147400
vn 0.674800 0.723100 0.147400
vn -0.066900 0.997700 0.014600
vn -0.616800 0.672600 0.409000
vn 0.616800 0.672600 -0.409000
vn -0.530300 0.598900 0.600000
vn 0.530300 -0.598900 -0.600000
vn 0.223400 -0.941400 -0.252700
vn -0.530300 -0.598900 0.600000
vn -0.441700 0.526900 0.726100
vn -0.206200 0.917900 0.339100
vn 0.441800 0.526800 -0.726100
vn -0.206300 -0.917900 0.339100
vn 0.185700 -0.891300 -0.413600
vn -0.185700 -0.891300 0.413600
vn -0.294000 0.418100 0.859500
vn 0.294000 0.418100 -0.859500
vn 0.294000 -0.418100 -0.859500
vn -0.294100 -0.418100 0.859500
vn -0.036600 0.982500 0.182900
vn 0.036600 0.982500 -0.182900
vn 0.183800 0.354100 -0.917000
vn 0.183800 -0.354100 -0.917000
vn 0.113600 -0.816100 -0.566700
vn 0.036600 -0.982500 -0.182900
vn -0.036600 -0.982500 0.182900
vn -0.113600 -0.816100 0.566700
vn -0.088400 0.797300 0.597100
vn -0.029100 0.980000 0.196800
vn -0.027500 0.979700 0.198700
vn 0.027500 0.979700 -0.198700
vn 0.138000 -0.333800 -0.932500
vn 0.027500 -0.979700 -0.198700
vn -0.029100 -0.980100 0.196400
vn -0.027500 -0.979700 0.198700
vn -0.088400 -0.797300 0.597100
vn -0.138000 -0.333500 0.932600
vn 0.063100 -0.782800 -0.619100
vn -0.063100 -0.782800 0.619100
vn -0.005100 0.976100 0.217400
vn -0.011800 0.976600 0.214500
vn 0.005100 0.976100 -0.217400
vn 0.011900 0.976600 -0.214500
vn 0.037800 -0.773000 -0.633300
vn 0.011900 -0.976600 -0.214500
vn 0.005100 -0.976100 -0.217400
vn -0.011800 -0.976600 0.214500
vn -0.005100 -0.976100 0.217400
vn -0.037800 -0.773100 0.633200
vn -0.000000 0.976000 0.218000
vn -0.000000 0.976000 -0.218000
vn 0.012600 -0.768100 -0.640100
vn -0.000000 -0.976000 -0.218000
vn -0.000000 -0.976000 0.218000
vn -0.012600 -0.768200 0.640000
vn 0.005100 0.976100 0.217400
vn 0.011800 0.976600 0.214500
vn -0.005100 0.976100 -0.217400
vn -0.011800 0.976600 -0.214500
vn -0.012600 -0.768100 -0.640100
vn -0.011900 -0.976600 -0.214500
vn -0.005100 -0.976100 -0.217400
vn 0.011800 -0.976600 0.214500
vn 0.005100 -0.976100 0.217400
vn 0.012600 -0.768200 0.640000
vn -0.037800 -0.773000 -0.633300
vn 0.037800 -0.773100 0.633200
vn -0.027500 0.979700 -0.198700
vn -0.063100 -0.782800 -0.619100
vn -0.027500 -0.979700 -0.198700
vn 0.027500 -0.979700 0.198700
vn 0.063100 -0.782800 0.619100
vn 0.029100 0.980000 0.196800
vn 0.138000 -0.333500 0.932600
vn 0.036600 0.982500 0.182900
vn -0.036600 0.982500 -0.182900
vn -0.183800 0.353900 -0.917100
vn -0.183800 -0.353900 -0.917100
vn -0.113600 -0.816100 -0.566700
vn -0.036600 -0.982500 -0.182900
vn 0.036700 -0.982500 0.182900
vn 0.113600 -0.816100 0.566700
vn -0.138500 -0.838700 -0.526600
vn 0.294100 -0.418100 0.859500
vn -0.185700 -0.891300 -0.413600
vn 0.185700 -0.891300 0.413600
vn 0.206200 0.917900 0.339100
vn -0.441800 0.526800 -0.726100
vn -0.441700 -0.526900 -0.726100
vn 0.206300 -0.917900 0.339100
vn 0.530300 0.598900 0.600000
vn -0.530300 -0.598900 -0.600000
vn 0.530300 -0.598900 0.600000
vn 0.616800 0.672600 0.409000
vn 0.066900 0.997700 0.014600
vn -0.674800 0.723200 0.147400
vn -0.674800 -0.723200 0.147400
vn 0.066900 -0.997700 -0.014600
vn 0.530300 0.598900 -0.600000
vn -0.063000 -0.995400 0.071600
vn 0.206200 0.917900 -0.339100
vn -0.441800 0.526800 0.726100
vn -0.441800 -0.526800 0.726100
vn 0.206300 -0.917900 -0.339100
vn 0.441900 -0.526500 -0.726300
vn -0.294000 -0.418100 0.859500
vn -0.138500 0.838700 0.526600
vn -0.235200 -0.381700 0.893800
vn -0.138500 -0.838700 0.526600
vn 0.036700 0.982500 -0.182900
vn -0.036700 0.982500 0.182900
vn -0.036700 -0.982500 0.182900
vn 0.036700 -0.982500 -0.182900
vn 0.029100 0.980000 -0.196800
vn 0.029100 -0.980000 -0.196800
vn 0.137900 -0.333800 -0.932500
vn 0.011800 0.976600 -0.214500
vn -0.011800 0.976600 0.214600
vn -0.037800 -0.773000 0.633300
vn -0.011800 -0.976600 0.214600
vn 0.011800 -0.976600 -0.214500
vn 0.037800 -0.773100 -0.633200
vn -0.018700 -0.306300 0.951800
vn -0.012600 -0.768100 0.640100
vn -0.011800 0.976600 -0.214600
vn 0.011900 0.976600 0.214500
vn 0.012600 -0.768100 0.640100
vn 0.011900 -0.976600 0.214500
vn -0.011800 -0.976600 -0.214500
vn 0.037800 -0.773000 0.633300
vn -0.037800 -0.773100 -0.633200
vn 0.027500 0.979700 0.198700
vn -0.063000 -0.782800 -0.619100
vn -0.029100 0.980000 -0.196800
vn 0.138000 0.333500 0.932600
vn 0.138000 -0.333900 0.932400
vn -0.137900 -0.333800 -0.932500
vn -0.036700 0.982500 -0.182900
vn 0.036700 0.982500 0.182900
vn 0.036600 -0.982500 0.182900
vn -0.036700 -0.982500 -0.182900
vn -0.050000 0.988100 -0.145500
vn 0.293900 -0.418500 0.859300
vn -0.441900 0.526500 -0.726300
vn -0.206200 0.917900 -0.339100
vn 0.441800 0.526800 0.726100
vn 0.441800 -0.526800 0.726100
vn -0.206300 -0.917900 -0.339100
vn -0.530300 0.598900 -0.600000
vn -0.616800 0.672600 -0.409000
vn 0.674800 0.723200 0.147400
vn 0.674800 -0.723200 0.147400
vn -0.066900 -0.997700 -0.014600
vn -0.495200 0.598100 0.630100
vn -0.990500 0.113800 -0.077800
vn -0.495200 -0.370600 -0.785800
vn 0.495200 -0.370600 -0.785800
vn -0.000000 0.825300 -0.564700
vn 0.990500 0.113800 -0.077800
vn 0.495200 0.598100 0.630100
vn -0.000000 -0.825300 0.564600
vn -0.799500 0.183500 0.571900
vn -0.983700 0.076000 -0.163200
vn -0.591600 -0.076000 -0.802600
vn 0.147000 -0.183500 -0.972000
vn 0.799500 -0.183500 -0.571900
vn 0.983700 -0.076000 0.163200
vn 0.103800 0.980100 -0.169400
vn 0.591600 0.076000 0.802600
vn -0.147000 0.183500 0.972000
vn -0.103800 -0.980100 0.169400
vn -0.662100 0.273000 0.697900
vn -0.993200 0.113100 0.026600
vn -0.742500 -0.113100 -0.660200
vn -0.056800 -0.273000 -0.960300
vn 0.662100 -0.273000 -0.697900
vn 0.993200 -0.113100 -0.026600
vn 0.101300 0.955300 -0.277600
vn 0.742500 0.113100 0.660200
vn 0.056800 0.273000 0.960300
vn -0.101300 -0.955300 0.277600
vn -0.544100 0.359800 0.758000
vn -0.975500 0.149000 0.161900
vn -0.835400 -0.149000 -0.529000
vn -0.206000 -0.359800 -0.910000
vn 0.544100 -0.359800 -0.758000
vn 0.975500 -0.149000 -0.161900
vn 0.077400 0.921100 -0.381700
vn 0.835400 0.149000 0.529000
vn 0.206000 0.359800 0.910000
vn -0.077400 -0.921100 0.381700
vn -0.700200 -0.661700 -0.268100
vn -0.905000 -0.330400 -0.268100
vn -0.409000 0.661700 -0.628400
vn -0.409000 0.661700 0.628400
vn 0.187600 0.794700 0.577400
vn 0.024800 0.330400 -0.943500
vn -0.024700 -0.330400 0.943500
vn -0.905000 -0.330400 0.268100
vn -0.187600 -0.794700 0.577400
vn -0.700200 -0.661700 0.268100
vn 0.147000 0.183500 0.972000
vn -0.591600 0.076000 0.802600
vn -0.983700 -0.076000 0.163200
vn -0.799500 -0.183500 -0.571900
vn -0.147000 -0.183500 -0.972000
vn 0.591600 -0.076000 -0.802600
vn -0.103800 0.980100 -0.169400
vn 0.983700 0.076000 -0.163200
vn 0.799500 0.183500 0.571900
vn 0.103800 -0.980100 0.169400
vn -0.056800 0.273000 0.960300
vn -0.742500 0.113100 0.660200
vn -0.993200 -0.113100 -0.026600
vn -0.662100 -0.273000 -0.697900
vn 0.056800 -0.273000 -0.960300
vn 0.742500 -0.113100 -0.660200
vn -0.101300 0.955300 -0.277600
vn 0.993200 0.113100 0.026600
vn 0.662100 0.273000 0.697900
vn 0.101300 -0.955300 0.277600
vn -0.206000 0.359800 0.910000
vn -0.835400 0.149000 0.529000
vn -0.975500 -0.149000 -0.161900
vn -0.544100 -0.359800 -0.758000
vn 0.206000 -0.359800 -0.910000
vn 0.835400 -0.149000 -0.529000
vn -0.077400 0.921100 -0.381700
vn 0.975500 0.149000 0.161900
vn 0.544100 0.359800 0.758000
vn 0.077400 -0.921100 0.381700
vn 0.700200 0.661700 0.268100
vn 0.700200 0.661700 -0.268100
vn 0.905000 0.330400 0.268100
vn 0.905000 0.330400 -0.268100
vn -0.382700 0.138100 0.913500
vn -0.923900 0.057200 0.378400
vn -0.923900 -0.057200 -0.378400
vn -0.382700 -0.138100 -0.913500
vn 0.382700 -0.138100 -0.913500
vn 0.923900 -0.057200 -0.378400
vn -0.000000 0.988800 -0.149400
vn 0.923900 0.057200 0.378400
vn 0.382700 0.138100 0.913500
vn -0.000000 -0.988800 0.149400
vn -0.024800 -0.330400 -0.943500
vn 0.607000 0.794700 0.000000
vn -0.607000 -0.794700 0.000000
vn 1.000000 -0.000000 0.000000
vn -0.000000 -0.000000 1.000000
vn -1.000000 -0.000000 0.000000
vn -0.000000 -0.000000 -1.000000
vn -0.000000 -1.000000 0.000000
vn -0.000000 1.000000 0.000000
vn -0.883600 0.043800 0.466100
vn -0.466100 0.043800 -0.883600
vn 0.883600 0.043800 -0.466100
vn 0.466100 0.043800 0.883600
vn -0.842400 0.277200 0.462100
vn -0.523600 -0.210900 -0.825400
vn 0.083000 0.938400 -0.335300
vn 0.848300 -0.210900 -0.485800
vn 0.529500 0.277200 0.801700
vn -0.083000 -0.938500 0.335300
vn -0.757300 0.406700 0.510900
vn -0.647200 -0.356900 -0.673600
vn 0.050000 0.841600 -0.537800
vn 0.760300 -0.356900 -0.542800
vn 0.650200 0.406700 0.641800
vn -0.050000 -0.841600 0.537800
vn -0.650100 0.403300 0.644000
vn -0.760200 -0.360400 -0.540600
vn -0.050000 0.841600 -0.537800
vn 0.647500 -0.360400 -0.671500
vn 0.757600 0.403300 0.513200
vn 0.050000 -0.841600 0.537900
vn -0.530000 0.285100 0.798600
vn -0.848700 -0.202900 -0.488400
vn -0.083000 0.938500 -0.335300
vn 0.522700 -0.202900 -0.828000
vn 0.841400 0.285100 0.459100
vn 0.083000 -0.938500 0.335300
vn -0.466300 0.035300 0.883900
vn -0.883900 0.035300 -0.466300
vn 0.466300 0.035300 -0.883900
vn 0.883900 0.035300 0.466300
vn -0.524200 -0.216300 0.823600
vn -0.843000 0.271900 -0.464100
vn 0.083000 0.938500 0.335200
vn 0.529100 0.271900 -0.803800
vn 0.848000 -0.216300 0.483900
vn -0.083000 -0.938500 -0.335300
vn -0.647500 -0.360400 0.671500
vn -0.757600 0.403300 -0.513200
vn 0.049900 0.841600 0.537800
vn 0.650000 0.403300 -0.644100
vn 0.760200 -0.360400 0.540600
vn -0.050000 -0.841600 -0.537900
vn -0.760600 -0.344700 0.550100
vn -0.650500 0.418400 -0.633800
vn -0.050000 0.841600 0.537800
vn 0.756200 0.418500 -0.503000
vn 0.646200 -0.344700 0.680900
vn 0.050000 -0.841600 -0.537900
vn -0.848300 -0.210900 0.485800
vn -0.529500 0.277200 -0.801700
vn -0.082900 0.938500 0.335300
vn 0.842400 0.277200 -0.462100
vn 0.523600 -0.210900 0.825400
vn 0.083000 -0.938500 -0.335300
vn -0.390100 -0.331600 0.859000
vn -0.881200 0.406900 -0.240800
vn 0.213100 0.852500 0.477300
vn 0.408900 0.406900 -0.816900
vn 0.900000 -0.331600 0.282900
vn -0.213100 -0.852500 -0.477200
vn -0.561000 -0.334500 0.757200
vn -0.812100 0.404000 -0.421000
vn 0.109000 0.852500 0.511200
vn 0.569900 0.404000 -0.715500
vn 0.821000 -0.334500 0.462600
vn -0.109000 -0.852500 -0.511200
vn -0.706600 -0.337100 0.622200
vn -0.706600 0.401600 -0.582600
vn -0.000000 0.852500 0.522800
vn 0.706600 0.401600 -0.582600
vn 0.706600 -0.337100 0.622200
vn -0.000000 -0.852500 -0.522700
vn -0.820600 -0.339200 0.460000
vn -0.569400 0.399500 -0.718500
vn -0.109000 0.852500 0.511200
vn 0.812900 0.399500 -0.423800
vn 0.561700 -0.339200 0.754600
vn 0.109000 -0.852500 -0.511200
vn -0.898000 -0.341200 0.277800
vn -0.406700 0.397600 -0.822500
vn -0.213200 0.852600 0.477200
vn 0.883900 0.397600 -0.246200
vn 0.392600 -0.341200 0.854100
vn 0.213100 -0.852500 -0.477300
vn -0.900000 -0.331600 0.282900
vn -0.408900 0.406900 -0.816900
vn -0.213100 0.852500 0.477300
vn 0.881200 0.406900 -0.240800
vn 0.390100 -0.331600 0.859000
vn 0.213100 -0.852500 -0.477200
vn -0.821000 -0.334500 0.462600
vn -0.569900 0.404000 -0.715500
vn 0.812100 0.404000 -0.421000
vn 0.561000 -0.334500 0.757200
vn -0.561700 -0.339200 0.754600
vn -0.812900 0.399500 -0.423800
vn 0.569400 0.399500 -0.718500
vn 0.820600 -0.339200 0.460000
vn -0.392600 -0.341100 0.854100
vn -0.883900 0.397600 -0.246200
vn 0.213100 0.852500 0.477200
vn 0.406700 0.397600 -0.822500
vn 0.898000 -0.341200 0.277800
vn -0.213100 -0.852500 -0.477300
vt 1.000000 0.500000
vt 1.000000 1.000000
vt 0.916667 1.000000
vt 0.916667 0.500000
vt 0.833333 1.000000
vt 0.833333 0.500000
vt 0.750000 1.000000
vt 0.750000 0.500000
vt 0.666667 1.000000
vt 0.666667 0.500000
vt 0.583333 1.000000
vt 0.583333 0.500000
vt 0.500000 1.000000
vt 0.500000 0.500000
vt 0.416667 1.000000
vt 0.416667 0.500000
vt 0.333333 1.000000
vt 0.333333 0.500000
vt 0.250000 1.000000
vt 0.250000 0.500000
vt 0.166667 1.000000
vt 0.166667 0.500000
vt 0.370000 0.457846
vt 0.250000 0.490000
vt 0.130000 0.457846
vt 0.042154 0.370000
vt 0.010000 0.250000
vt 0.042154 0.130000
vt 0.130000 0.042154
vt 0.250000 0.010000
vt 0.370000 0.042154
vt 0.457846 0.130000
vt 0.490000 0.250000
vt 0.457846 0.370000
vt 0.083333 1.000000
vt 0.083333 0.500000
vt 0.000000 1.000000
vt 0.000000 0.500000
vt 0.750000 0.490000
vt 0.870000 0.457846
vt 0.957846 0.370000
vt 0.990000 0.250000
vt 0.957846 0.130000
vt 0.870000 0.042154
vt 0.750000 0.010000
vt 0.630000 0.042154
vt 0.542154 0.130000
vt 0.510000 0.250000
vt 0.542154 0.370000
vt 0.630000 0.457846
vt 0.181819 0.000000
vt 0.227273 0.078731
vt 0.136365 0.078731
vt 0.272728 0.157461
vt 0.318182 0.078731
vt 0.363637 0.157461
vt 0.909091 0.000000
vt 0.954545 0.078731
vt 0.863636 0.078731
vt 0.727273 0.000000
vt 0.772727 0.078731
vt 0.681818 0.078731
vt 0.545455 0.000000
vt 0.590909 0.078731
vt 0.500000 0.078731
vt 0.318182 0.236191
vt 0.090910 0.157461
vt 0.181819 0.157461
vt 0.136365 0.236191
vt 0.818182 0.157461
vt 0.909091 0.157461
vt 0.863636 0.236191
vt 0.636364 0.157461
vt 0.727273 0.157461
vt 0.681818 0.236191
vt 0.454546 0.157461
vt 0.545455 0.157461
vt 0.500000 0.236191
vt 0.227273 0.236191
vt 0.045455 0.236191
vt 0.772727 0.236191
vt 0.590909 0.236191
vt 0.409092 0.236191
vt 0.181819 0.314921
vt 0.272728 0.314921
vt 0.227273 0.393651
vt 0.000000 0.314921
vt 0.090910 0.314921
vt 0.045455 0.393651
vt 0.727273 0.314921
vt 0.818182 0.314921
vt 0.772727 0.393651
vt 0.545455 0.314921
vt 0.636364 0.314921
vt 0.590909 0.393651
vt 0.363637 0.314921
vt 0.454546 0.314921
vt 0.409092 0.393651
vt 0.500000 0.393651
vt 0.454546 0.472382
vt 0.681818 0.393651
vt 0.636364 0.472382
vt 0.863636 0.393651
vt 0.818182 0.472382
vt 0.909091 0.314921
vt 0.136365 0.393651
vt 0.090910 0.472382
vt 0.318182 0.393651
vt 0.272728 0.472382
vt 0.954545 0.236191
vt 1.000000 0.157461
vt 0.409092 0.078731
vt 0.363637 0.000000
vt 0.875000 1.000000
vt 0.875000 0.500000
vt 0.625000 1.000000
vt 0.625000 0.500000
vt 0.375000 1.000000
vt 0.375000 0.500000
vt 0.419706 0.419706
vt 0.080294 0.419706
vt 0.080294 0.080294
vt 0.419706 0.080294
vt 0.125000 1.000000
vt 0.125000 0.500000
vt 0.919706 0.419706
vt 0.919706 0.080294
vt 0.580294 0.080294
vt 0.580294 0.419706
vt 0.193183 0.019683
vt 0.170455 0.019683
vt 0.284092 0.137778
vt 0.295455 0.157461
vt 0.920455 0.019683
vt 0.897727 0.019683
vt 0.738637 0.019683
vt 0.715909 0.019683
vt 0.556819 0.019683
vt 0.534091 0.019683
vt 0.284092 0.177143
vt 0.113637 0.157461
vt 0.102274 0.177143
vt 0.840909 0.157461
vt 0.829546 0.177143
vt 0.659091 0.157461
vt 0.647728 0.177143
vt 0.477273 0.157461
vt 0.465910 0.177143
vt 0.261364 0.177143
vt 0.079546 0.177143
vt 0.806818 0.177143
vt 0.625000 0.177143
vt 0.443182 0.177143
vt 0.204546 0.314921
vt 0.193183 0.334604
vt 0.022727 0.314921
vt 0.011364 0.334604
vt 0.750000 0.314921
vt 0.738637 0.334604
vt 0.568182 0.314921
vt 0.556819 0.334604
vt 0.386364 0.314921
vt 0.375001 0.334604
vt 0.443182 0.452699
vt 0.465910 0.452699
vt 0.431819 0.433017
vt 0.454546 0.433017
vt 0.420455 0.413334
vt 0.443182 0.413334
vt 0.409092 0.393652
vt 0.431819 0.393652
vt 0.397728 0.373969
vt 0.420455 0.373969
vt 0.386364 0.354286
vt 0.409091 0.354286
vt 0.397728 0.334604
vt 0.477273 0.433017
vt 0.465910 0.413334
vt 0.488637 0.413334
vt 0.454546 0.393652
vt 0.477273 0.393652
vt 0.500000 0.393652
vt 0.443182 0.373969
vt 0.465910 0.373969
vt 0.488637 0.373969
vt 0.511364 0.373969
vt 0.431819 0.354286
vt 0.454546 0.354286
vt 0.477273 0.354286
vt 0.500000 0.354286
vt 0.522728 0.354286
vt 0.420455 0.334604
vt 0.443182 0.334604
vt 0.465910 0.334604
vt 0.488637 0.334604
vt 0.511364 0.334604
vt 0.534091 0.334604
vt 0.409091 0.314921
vt 0.431819 0.314921
vt 0.477273 0.314921
vt 0.500000 0.314921
vt 0.522728 0.314921
vt 0.625000 0.452699
vt 0.647728 0.452699
vt 0.613637 0.433017
vt 0.636364 0.433017
vt 0.602273 0.413334
vt 0.625000 0.413334
vt 0.590910 0.393652
vt 0.613637 0.393652
vt 0.579546 0.373969
vt 0.602273 0.373969
vt 0.568182 0.354286
vt 0.590909 0.354286
vt 0.579546 0.334604
vt 0.659091 0.433017
vt 0.647728 0.413334
vt 0.670455 0.413334
vt 0.636364 0.393652
vt 0.659091 0.393652
vt 0.681818 0.393652
vt 0.625000 0.373969
vt 0.647728 0.373969
vt 0.670455 0.373969
vt 0.693182 0.373969
vt 0.613637 0.354286
vt 0.636364 0.354286
vt 0.659091 0.354286
vt 0.681818 0.354286
vt 0.704546 0.354286
vt 0.602273 0.334604
vt 0.625000 0.334604
vt 0.647728 0.334604
vt 0.670455 0.334604
vt 0.693182 0.334604
vt 0.715909 0.334604
vt 0.590909 0.314921
vt 0.613637 0.314921
vt 0.659091 0.314921
vt 0.681819 0.314921
vt 0.704546 0.314921
vt 0.806818 0.452699
vt 0.829546 0.452699
vt 0.795455 0.433017
vt 0.818182 0.433017
vt 0.784091 0.413334
vt 0.806818 0.413334
vt 0.772727 0.393652
vt 0.795455 0.393652
vt 0.761364 0.373969
vt 0.784091 0.373969
vt 0.750000 0.354286
vt 0.772727 0.354286
vt 0.761364 0.334604
vt 0.840909 0.433017
vt 0.829546 0.413334
vt 0.852273 0.413334
vt 0.818182 0.393652
vt 0.840909 0.393652
vt 0.863636 0.393652
vt 0.806818 0.373969
vt 0.829546 0.373969
vt 0.852273 0.373969
vt 0.875000 0.373969
vt 0.795455 0.354286
vt 0.818182 0.354286
vt 0.840909 0.354286
vt 0.863636 0.354286
vt 0.886364 0.354286
vt 0.784091 0.334604
vt 0.806818 0.334604
vt 0.829546 0.334604
vt 0.852273 0.334604
vt 0.875000 0.334604
vt 0.897727 0.334604
vt 0.772727 0.314921
vt 0.795455 0.314921
vt 0.840909 0.314921
vt 0.863636 0.314921
vt 0.886364 0.314921
vt 0.079546 0.452699
vt 0.102274 0.452699
vt 0.068182 0.433017
vt 0.090910 0.433017
vt 0.056819 0.413334
vt 0.079546 0.413334
vt 0.045455 0.393652
vt 0.068182 0.393652
vt 0.034091 0.373969
vt 0.056819 0.373969
vt 0.022727 0.354286
vt 0.045455 0.354286
vt 0.034091 0.334604
vt 0.113637 0.433017
vt 0.102274 0.413334
vt 0.125001 0.413334
vt 0.090910 0.393652
vt 0.113637 0.393652
vt 0.136365 0.393652
vt 0.079546 0.373969
vt 0.102273 0.373969
vt 0.125001 0.373969
vt 0.147728 0.373969
vt 0.068182 0.354286
vt 0.090910 0.354286
vt 0.113637 0.354286
vt 0.136364 0.354286
vt 0.159092 0.354286
vt 0.056819 0.334604
vt 0.079546 0.334604
vt 0.102273 0.334604
vt 0.125001 0.334604
vt 0.147728 0.334604
vt 0.170455 0.334604
vt 0.045455 0.314921
vt 0.068182 0.314921
vt 0.113637 0.314921
vt 0.136364 0.314921
vt 0.159092 0.314921
vt 0.261364 0.452699
vt 0.284092 0.452699
vt 0.250001 0.433017
vt 0.272728 0.433017
vt 0.238637 0.413334
vt 0.261364 0.413334
vt 0.227273 0.393652
vt 0.250001 0.393652
vt 0.215910 0.373969
vt 0.238637 0.373969
vt 0.204546 0.354286
vt 0.227273 0.354286
vt 0.215910 0.334604
vt 0.295455 0.433017
vt 0.284092 0.413334
vt 0.306819 0.413334
vt 0.272728 0.393652
vt 0.295455 0.393652
vt 0.318182 0.393652
vt 0.261364 0.373969
vt 0.284092 0.373969
vt 0.306819 0.373969
vt 0.329546 0.373969
vt 0.250001 0.354286
vt 0.272728 0.354286
vt 0.295455 0.354286
vt 0.318182 0.354286
vt 0.340910 0.354286
vt 0.238637 0.334604
vt 0.261364 0.334604
vt 0.284092 0.334604
vt 0.306819 0.334604
vt 0.329546 0.334604
vt 0.352273 0.334604
vt 0.227274 0.314921
vt 0.250001 0.314921
vt 0.295455 0.314921
vt 0.318183 0.314921
vt 0.340910 0.314921
vt 0.375001 0.295238
vt 0.386364 0.275556
vt 0.397728 0.295238
vt 0.397728 0.255874
vt 0.409092 0.275556
vt 0.420455 0.255874
vt 0.420455 0.216509
vt 0.431819 0.236191
vt 0.431819 0.196826
vt 0.443182 0.216509
vt 0.454546 0.196826
vt 0.420455 0.295238
vt 0.431819 0.275556
vt 0.443182 0.295238
vt 0.443182 0.255874
vt 0.454546 0.275556
vt 0.465910 0.295238
vt 0.454546 0.236191
vt 0.465910 0.255874
vt 0.477273 0.275556
vt 0.488637 0.295238
vt 0.465910 0.216509
vt 0.477273 0.236191
vt 0.488637 0.255874
vt 0.500000 0.275556
vt 0.511364 0.295238
vt 0.477273 0.196826
vt 0.488637 0.216508
vt 0.511364 0.255874
vt 0.522728 0.275556
vt 0.534091 0.295238
vt 0.556819 0.295238
vt 0.568182 0.275556
vt 0.579546 0.295238
vt 0.579546 0.255874
vt 0.590910 0.275556
vt 0.590910 0.236191
vt 0.602273 0.255874
vt 0.602273 0.216509
vt 0.613637 0.236191
vt 0.613637 0.196826
vt 0.625000 0.216509
vt 0.636364 0.196826
vt 0.602273 0.295238
vt 0.613637 0.275556
vt 0.625000 0.295238
vt 0.625000 0.255874
vt 0.636364 0.275556
vt 0.647728 0.295238
vt 0.636364 0.236191
vt 0.647728 0.255874
vt 0.659091 0.275556
vt 0.670455 0.295238
vt 0.647728 0.216509
vt 0.659091 0.236191
vt 0.670455 0.255874
vt 0.681818 0.275556
vt 0.693182 0.295238
vt 0.659091 0.196826
vt 0.670455 0.216508
vt 0.693182 0.255874
vt 0.704546 0.275556
vt 0.715909 0.295238
vt 0.738637 0.295238
vt 0.750000 0.275556
vt 0.761364 0.295238
vt 0.761364 0.255874
vt 0.772727 0.275556
vt 0.784091 0.255874
vt 0.784091 0.216509
vt 0.795455 0.236191
vt 0.795455 0.196826
vt 0.806818 0.216509
vt 0.818182 0.196826
vt 0.784091 0.295238
vt 0.795455 0.275556
vt 0.806818 0.295238
vt 0.806818 0.255874
vt 0.818182 0.275556
vt 0.829546 0.295238
vt 0.818182 0.236191
vt 0.829546 0.255874
vt 0.840909 0.275556
vt 0.852273 0.295238
vt 0.829546 0.216509
vt 0.840909 0.236191
vt 0.852273 0.255874
vt 0.863636 0.275556
vt 0.875000 0.295238
vt 0.840909 0.196826
vt 0.852273 0.216508
vt 0.875000 0.255874
vt 0.886364 0.275556
vt 0.897727 0.295238
vt 0.011364 0.295238
vt 0.022727 0.275556
vt 0.034091 0.295238
vt 0.034091 0.255874
vt 0.045455 0.275556
vt 0.056819 0.255874
vt 0.056819 0.216509
vt 0.068182 0.236191
vt 0.068182 0.196826
vt 0.079546 0.216509
vt 0.090910 0.196826
vt 0.056819 0.295238
vt 0.068182 0.275556
vt 0.079546 0.295238
vt 0.079546 0.255874
vt 0.090910 0.275556
vt 0.102273 0.295238
vt 0.090910 0.236191
vt 0.102273 0.255874
vt 0.113637 0.275556
vt 0.125001 0.295238
vt 0.102274 0.216509
vt 0.113637 0.236191
vt 0.125001 0.255874
vt 0.136364 0.275556
vt 0.147728 0.295238
vt 0.113637 0.196826
vt 0.125001 0.216508
vt 0.147728 0.255874
vt 0.159092 0.275556
vt 0.170455 0.295238
vt 0.193183 0.295238
vt 0.204546 0.275556
vt 0.215910 0.295238
vt 0.215910 0.255874
vt 0.227274 0.275556
vt 0.238637 0.255874
vt 0.238637 0.216509
vt 0.250001 0.236191
vt 0.250001 0.196826
vt 0.261364 0.216509
vt 0.272728 0.196826
vt 0.238637 0.295238
vt 0.250001 0.275556
vt 0.261364 0.295238
vt 0.261364 0.255874
vt 0.272728 0.275556
vt 0.284092 0.295238
vt 0.272728 0.236191
vt 0.284092 0.255874
vt 0.295455 0.275556
vt 0.306819 0.295238
vt 0.284092 0.216509
vt 0.295455 0.236191
vt 0.306819 0.255874
vt 0.318182 0.275556
vt 0.329546 0.295238
vt 0.295455 0.196826
vt 0.306819 0.216508
vt 0.329546 0.255874
vt 0.340910 0.275556
vt 0.352273 0.295238
vt 0.545455 0.275556
vt 0.534091 0.255874
vt 0.522728 0.236191
vt 0.511364 0.216508
vt 0.500000 0.196826
vt 0.488637 0.177143
vt 0.556819 0.255874
vt 0.545455 0.236191
vt 0.568182 0.236191
vt 0.534091 0.216508
vt 0.556819 0.216508
vt 0.579546 0.216508
vt 0.522728 0.196826
vt 0.545455 0.196826
vt 0.568182 0.196826
vt 0.590909 0.196826
vt 0.511364 0.177143
vt 0.534091 0.177143
vt 0.556819 0.177143
vt 0.579546 0.177143
vt 0.602273 0.177143
vt 0.500000 0.157461
vt 0.522728 0.157461
vt 0.568182 0.157461
vt 0.590909 0.157461
vt 0.613637 0.157461
vt 0.727273 0.275556
vt 0.715909 0.255874
vt 0.704546 0.236191
vt 0.693182 0.216508
vt 0.681818 0.196826
vt 0.670455 0.177143
vt 0.738637 0.255874
vt 0.727273 0.236191
vt 0.750000 0.236191
vt 0.715909 0.216508
vt 0.738637 0.216508
vt 0.761364 0.216508
vt 0.704546 0.196826
vt 0.727273 0.196826
vt 0.750000 0.196826
vt 0.772727 0.196826
vt 0.693182 0.177143
vt 0.715909 0.177143
vt 0.738637 0.177143
vt 0.761364 0.177143
vt 0.784091 0.177143
vt 0.681818 0.157461
vt 0.704546 0.157461
vt 0.750000 0.157461
vt 0.772727 0.157461
vt 0.795455 0.157461
vt 0.920455 0.295238
vt 0.909091 0.275556
vt 0.897727 0.255874
vt 0.886364 0.236191
vt 0.875000 0.216508
vt 0.863636 0.196826
vt 0.852273 0.177143
vt 0.931818 0.275556
vt 0.920455 0.255874
vt 0.943182 0.255874
vt 0.909091 0.236191
vt 0.931818 0.236191
vt 0.897727 0.216508
vt 0.920455 0.216508
vt 0.943182 0.216508
vt 0.965909 0.216509
vt 0.886364 0.196826
vt 0.909091 0.196826
vt 0.931818 0.196826
vt 0.954545 0.196826
vt 0.977273 0.196826
vt 0.875000 0.177143
vt 0.897727 0.177143
vt 0.920455 0.177143
vt 0.943182 0.177143
vt 0.965909 0.177143
vt 0.988636 0.177143
vt 0.863636 0.157461
vt 0.886364 0.157461
vt 0.931818 0.157461
vt 0.954545 0.157461
vt 0.977273 0.157461
vt 0.181819 0.275556
vt 0.170455 0.255874
vt 0.159092 0.236191
vt 0.147728 0.216508
vt 0.136364 0.196826
vt 0.125001 0.177143
vt 0.193183 0.255874
vt 0.181819 0.236191
vt 0.204546 0.236191
vt 0.170455 0.216508
vt 0.193183 0.216508
vt 0.215910 0.216508
vt 0.159092 0.196826
vt 0.181819 0.196826
vt 0.204546 0.196826
vt 0.227273 0.196826
vt 0.147728 0.177143
vt 0.170455 0.177143
vt 0.193183 0.177143
vt 0.215910 0.177143
vt 0.238637 0.177143
vt 0.136364 0.157461
vt 0.159092 0.157461
vt 0.204546 0.157461
vt 0.227273 0.157461
vt 0.250001 0.157461
vt 0.363637 0.275556
vt 0.352273 0.255874
vt 0.340910 0.236191
vt 0.329546 0.216508
vt 0.318182 0.196826
vt 0.306819 0.177143
vt 0.375001 0.255874
vt 0.363637 0.236191
vt 0.386364 0.236191
vt 0.352273 0.216508
vt 0.375001 0.216508
vt 0.397728 0.216508
vt 0.340910 0.196826
vt 0.363637 0.196826
vt 0.386364 0.196826
vt 0.409092 0.196826
vt 0.329546 0.177143
vt 0.352273 0.177143
vt 0.375001 0.177143
vt 0.397728 0.177143
vt 0.420455 0.177143
vt 0.318182 0.157461
vt 0.340910 0.157461
vt 0.386364 0.157461
vt 0.409092 0.157461
vt 0.431819 0.157461
vt 0.465910 0.137778
vt 0.477273 0.118096
vt 0.488637 0.137778
vt 0.488637 0.098413
vt 0.500000 0.118096
vt 0.511364 0.098413
vt 0.511364 0.059048
vt 0.522728 0.078731
vt 0.522728 0.039365
vt 0.534091 0.059048
vt 0.545455 0.039365
vt 0.511364 0.137778
vt 0.522728 0.118096
vt 0.534091 0.137778
vt 0.534091 0.098413
vt 0.545455 0.118096
vt 0.556819 0.137778
vt 0.545455 0.078731
vt 0.556819 0.098413
vt 0.568182 0.118096
vt 0.579546 0.137778
vt 0.556819 0.059048
vt 0.568182 0.078731
vt 0.579546 0.098413
vt 0.590909 0.118096
vt 0.602273 0.137778
vt 0.568182 0.039365
vt 0.579546 0.059048
vt 0.590910 0.078731
vt 0.602273 0.098413
vt 0.613637 0.118096
vt 0.625000 0.137778
vt 0.647728 0.137778
vt 0.659091 0.118096
vt 0.670455 0.137778
vt 0.670455 0.098413
vt 0.681818 0.118096
vt 0.693182 0.098413
vt 0.693182 0.059048
vt 0.704546 0.078731
vt 0.704546 0.039365
vt 0.715909 0.059048
vt 0.727273 0.039365
vt 0.693182 0.137778
vt 0.704546 0.118096
vt 0.715909 0.137778
vt 0.715909 0.098413
vt 0.727273 0.118096
vt 0.738637 0.137778
vt 0.727273 0.078731
vt 0.738637 0.098413
vt 0.750000 0.118096
vt 0.761364 0.137778
vt 0.738637 0.059048
vt 0.750000 0.078731
vt 0.761364 0.098413
vt 0.772727 0.118096
vt 0.784091 0.137778
vt 0.750000 0.039365
vt 0.761364 0.059048
vt 0.784091 0.098413
vt 0.795455 0.118096
vt 0.806818 0.137778
vt 0.829546 0.137778
vt 0.840909 0.118096
vt 0.852273 0.137778
vt 0.852273 0.098413
vt 0.863636 0.118096
vt 0.875000 0.098413
vt 0.875000 0.059048
vt 0.886364 0.078731
vt 0.886364 0.039365
vt 0.897727 0.059048
vt 0.909091 0.039365
vt 0.875000 0.137778
vt 0.886364 0.118096
vt 0.897727 0.137778
vt 0.897727 0.098413
vt 0.909091 0.118096
vt 0.920455 0.137778
vt 0.909091 0.078731
vt 0.920455 0.098413
vt 0.931818 0.118096
vt 0.943182 0.137778
vt 0.920455 0.059048
vt 0.931818 0.078731
vt 0.943182 0.098413
vt 0.954545 0.118096
vt 0.965909 0.137778
vt 0.931818 0.039365
vt 0.943182 0.059048
vt 0.965909 0.098413
vt 0.977273 0.118096
vt 0.988636 0.137778
vt 0.443182 0.137778
vt 0.420455 0.137778
vt 0.397728 0.137778
vt 0.375001 0.137778
vt 0.352273 0.137778
vt 0.329546 0.137778
vt 0.306819 0.137778
vt 0.431819 0.118096
vt 0.409091 0.118096
vt 0.420455 0.098413
vt 0.386364 0.118096
vt 0.397728 0.098413
vt 0.363637 0.118096
vt 0.375001 0.098413
vt 0.386364 0.078731
vt 0.397728 0.059048
vt 0.340910 0.118096
vt 0.352273 0.098413
vt 0.363637 0.078731
vt 0.375001 0.059048
vt 0.386364 0.039365
vt 0.318182 0.118096
vt 0.329546 0.098413
vt 0.340910 0.078731
vt 0.352273 0.059048
vt 0.363637 0.039365
vt 0.375001 0.019683
vt 0.295455 0.118096
vt 0.306819 0.098413
vt 0.329546 0.059048
vt 0.340910 0.039365
vt 0.352273 0.019683
vt 0.102274 0.137778
vt 0.113637 0.118096
vt 0.125001 0.137778
vt 0.125001 0.098413
vt 0.136365 0.118096
vt 0.147728 0.098413
vt 0.147728 0.059048
vt 0.159092 0.078731
vt 0.159092 0.039365
vt 0.170455 0.059048
vt 0.181819 0.039365
vt 0.147728 0.137778
vt 0.159092 0.118096
vt 0.170455 0.137778
vt 0.170455 0.098413
vt 0.181819 0.118096
vt 0.193183 0.137778
vt 0.181819 0.078731
vt 0.193183 0.098413
vt 0.204546 0.118096
vt 0.215910 0.137778
vt 0.193183 0.059048
vt 0.204546 0.078731
vt 0.215910 0.098413
vt 0.227273 0.118096
vt 0.238637 0.137778
vt 0.204546 0.039365
vt 0.215910 0.059048
vt 0.227274 0.078731
vt 0.238637 0.098413
vt 0.250001 0.118096
vt 0.261364 0.137778
vt 0.520833 0.500000
vt 0.520833 0.583333
vt 0.500000 0.583333
vt 0.520833 0.666667
vt 0.500000 0.666667
vt 0.520833 0.750000
vt 0.500000 0.750000
vt 0.520833 0.833333
vt 0.500000 0.833333
vt 0.520833 0.916667
vt 0.500000 0.916667
vt 0.520833 1.000000
vt 0.500000 0.000000
vt 0.520833 0.000000
vt 0.520833 0.083333
vt 0.500000 0.083333
vt 0.520833 0.166667
vt 0.500000 0.166667
vt 0.520833 0.250000
vt 0.500000 0.250000
vt 0.520833 0.333333
vt 0.500000 0.333333
vt 0.520833 0.416667
vt 0.500000 0.416667
vt 0.541667 0.500000
vt 0.541667 0.583333
vt 0.541667 0.666667
vt 0.541667 0.750000
vt 0.541667 0.833333
vt 0.541667 0.916667
vt 0.541667 1.000000
vt 0.541667 0.000000
vt 0.541667 0.083333
vt 0.541667 0.166667
vt 0.541667 0.250000
vt 0.541667 0.333333
vt 0.541667 0.416667
vt 0.562500 0.500000
vt 0.562500 0.583333
vt 0.562500 0.666667
vt 0.562500 0.750000
vt 0.562500 0.833333
vt 0.562500 0.916667
vt 0.562500 1.000000
vt 0.562500 0.000000
vt 0.562500 0.083333
vt 0.562500 0.166667
vt 0.562500 0.250000
vt 0.562500 0.333333
vt 0.562500 0.416667
vt 0.583333 0.583333
vt 0.583333 0.666667
vt 0.583333 0.750000
vt 0.583333 0.833333
vt 0.583333 0.916667
vt 0.583333 0.000000
vt 0.583333 0.083333
vt 0.583333 0.166667
vt 0.583333 0.250000
vt 0.583333 0.333333
vt 0.583333 0.416667
vt 0.604167 0.500000
vt 0.604167 0.583333
vt 0.604167 0.666667
vt 0.604167 0.750000
vt 0.604167 0.833333
vt 0.604167 0.916667
vt 0.604167 1.000000
vt 0.604167 0.000000
vt 0.604167 0.083333
vt 0.604167 0.166667
vt 0.604167 0.250000
vt 0.604167 0.333333
vt 0.604167 0.416667
vt 0.625000 0.583333
vt 0.625000 0.666667
vt 0.625000 0.750000
vt 0.625000 0.833333
vt 0.625000 0.916667
vt 0.625000 0.000000
vt 0.625000 0.083333
vt 0.625000 0.166667
vt 0.625000 0.250000
vt 0.625000 0.333333
vt 0.625000 0.416667
vt 0.645833 0.500000
vt 0.645833 0.583333
vt 0.645833 0.666667
vt 0.645833 0.750000
vt 0.645833 0.833333
vt 0.645833 0.916667
vt 0.645833 1.000000
vt 0.645833 0.000000
vt 0.645833 0.083333
vt 0.645833 0.166667
vt 0.645833 0.250000
vt 0.645833 0.333333
vt 0.645833 0.416667
vt 0.666667 0.583333
vt 0.666667 0.666667
vt 0.666667 0.750000
vt 0.666667 0.833333
vt 0.666667 0.916667
vt 0.666667 0.000000
vt 0.666667 0.083333
vt 0.666667 0.166667
vt 0.666667 0.250000
vt 0.666667 0.333333
vt 0.666667 0.416667
vt 0.687500 0.500000
vt 0.687500 0.583333
vt 0.687500 0.666667
vt 0.687500 0.750000
vt 0.687500 0.833333
vt 0.687500 0.916667
vt 0.687500 1.000000
vt 0.687500 0.000000
vt 0.687500 0.083333
vt 0.687500 0.166667
vt 0.687500 0.250000
vt 0.687500 0.333333
vt 0.687500 0.416667
vt 0.708333 0.500000
vt 0.708333 0.583333
vt 0.708333 0.666667
vt 0.708333 0.750000
vt 0.708333 0.833333
vt 0.708333 0.916667
vt 0.708333 1.000000
vt 0.708333 0.000000
vt 0.708333 0.083333
vt 0.708333 0.166667
vt 0.708333 0.250000
vt 0.708333 0.333333
vt 0.708333 0.416667
vt 0.729167 0.500000
vt 0.729167 0.583333
vt 0.729167 0.666667
vt 0.729167 0.750000
vt 0.729167 0.833333
vt 0.729167 0.916667
vt 0.729167 1.000000
vt 0.729167 0.000000
vt 0.729167 0.083333
vt 0.729167 0.166667
vt 0.729167 0.250000
vt 0.729167 0.333333
vt 0.729167 0.416667
vt 0.750000 0.583333
vt 0.750000 0.666667
vt 0.750000 0.750000
vt 0.750000 0.833333
vt 0.750000 0.916667
vt 0.750000 0.000000
vt 0.750000 0.083333
vt 0.750000 0.166667
vt 0.750000 0.250000
vt 0.750000 0.333333
vt 0.750000 0.416667
vt 0.770833 0.500000
vt 0.770833 0.583333
vt 0.770833 0.666667
vt 0.770833 0.750000
vt 0.770833 0.833333
vt 0.770833 0.916667
vt 0.770833 1.000000
vt 0.770833 0.000000
vt 0.770833 0.083333
vt 0.770833 0.166667
vt 0.770833 0.250000
vt 0.770833 0.333333
vt 0.770833 0.416667
vt 0.791667 0.500000
vt 0.791667 0.583333
vt 0.791667 0.666667
vt 0.791667 0.750000
vt 0.791667 0.833333
vt 0.791667 0.916667
vt 0.791667 1.000000
vt 0.791667 0.000000
vt 0.791667 0.083333
vt 0.791667 0.166667
vt 0.791667 0.250000
vt 0.791667 0.333333
vt 0.791667 0.416667
vt 0.812500 0.500000
vt 0.812500 0.583333
vt 0.812500 0.666667
vt 0.812500 0.750000
vt 0.812500 0.833333
vt 0.812500 0.916667
vt 0.812500 1.000000
vt 0.812500 0.000000
vt 0.812500 0.083333
vt 0.812500 0.166667
vt 0.812500 0.250000
vt 0.812500 0.333333
vt 0.812500 0.416667
vt 0.833333 0.583333
vt 0.833333 0.666667
vt 0.833333 0.750000
vt 0.833333 0.833333
vt 0.833333 0.916667
vt 0.833333 0.000000
vt 0.833333 0.083333
vt 0.833333 0.166667
vt 0.833333 0.250000
vt 0.833333 0.333333
vt 0.833333 0.416667
vt 0.854167 0.500000
vt 0.854167 0.583333
vt 0.854167 0.666667
vt 0.854167 0.750000
vt 0.854167 0.833333
vt 0.854167 0.916667
vt 0.854167 1.000000
vt 0.854167 0.000000
vt 0.854167 0.083333
vt 0.854167 0.166667
vt 0.854167 0.250000
vt 0.854167 0.333333
vt 0.854167 0.416667
vt 0.875000 0.583333
vt 0.875000 0.666667
vt 0.875000 0.750000
vt 0.875000 0.833333
vt 0.875000 0.916667
vt 0.875000 0.000000
vt 0.875000 0.083333
vt 0.875000 0.166667
vt 0.875000 0.250000
vt 0.875000 0.333333
vt 0.875000 0.416667
vt 0.895833 0.500000
vt 0.895833 0.583333
vt 0.895833 0.666667
vt 0.895833 0.750000
vt 0.895833 0.833333
vt 0.895833 0.916667
vt 0.895833 1.000000
vt 0.895833 0.000000
vt 0.895833 0.083333
vt 0.895833 0.166667
vt 0.895833 0.250000
vt 0.895833 0.333333
vt 0.895833 0.416667
vt 0.916667 0.583333
vt 0.916667 0.666667
vt 0.916667 0.750000
vt 0.916667 0.833333
vt 0.916667 0.916667
vt 0.916667 0.000000
vt 0.916667 0.083333
vt 0.916667 0.166667
vt 0.916667 0.250000
vt 0.916667 0.333333
vt 0.916667 0.416667
vt 0.937500 0.500000
vt 0.937500 0.583333
vt 0.937500 0.666667
vt 0.937500 0.750000
vt 0.937500 0.833333
vt 0.937500 0.916667
vt 0.937500 1.000000
vt 0.937500 0.000000
vt 0.937500 0.083333
vt 0.937500 0.166667
vt 0.937500 0.250000
vt 0.937500 0.333333
vt 0.937500 0.416667
vt 0.958333 0.500000
vt 0.958333 0.583333
vt 0.958333 0.666667
vt 0.958333 0.750000
vt 0.958333 0.833333
vt 0.958333 0.916667
vt 0.958333 1.000000
vt 0.958333 0.000000
vt 0.958333 0.083333
vt 0.958333 0.166667
vt 0.958333 0.250000
vt 0.958333 0.333333
vt 0.958333 0.416667
vt 0.979167 0.500000
vt 0.979167 0.583333
vt 0.979167 0.666667
vt 0.979167 0.750000
vt 0.979167 0.833333
vt 0.979167 0.916667
vt 0.979167 1.000000
vt 0.979167 0.000000
vt 0.979167 0.083333
vt 0.979167 0.166667
vt 0.979167 0.250000
vt 0.979167 0.333333
vt 0.979167 0.416667
vt 1.000000 0.583333
vt 1.000000 0.666667
vt 1.000000 0.750000
vt 1.000000 0.833333
vt 1.000000 0.916667
vt 1.000000 0.000000
vt 1.000000 0.083333
vt 1.000000 0.166667
vt 1.000000 0.250000
vt 1.000000 0.333333
vt 1.000000 0.416667
vt 0.020833 0.500000
vt 0.020833 0.583333
vt 0.000000 0.583333
vt 0.020833 0.666667
vt 0.000000 0.666667
vt 0.020833 0.750000
vt 0.000000 0.750000
vt 0.020833 0.833333
vt 0.000000 0.833333
vt 0.020833 0.916667
vt 0.000000 0.916667
vt 0.020833 1.000000
vt 0.000000 0.000000
vt 0.020833 0.000000
vt 0.020833 0.083333
vt 0.000000 0.083333
vt 0.020833 0.166667
vt 0.000000 0.166667
vt 0.020833 0.250000
vt 0.000000 0.250000
vt 0.020833 0.333333
vt 0.000000 0.333333
vt 0.020833 0.416667
vt 0.000000 0.416667
vt 0.041667 0.500000
vt 0.041667 0.583333
vt 0.041667 0.666667
vt 0.041667 0.750000
vt 0.041667 0.833333
vt 0.041667 0.916667
vt 0.041667 1.000000
vt 0.041667 0.000000
vt 0.041667 0.083333
vt 0.041667 0.166667
vt 0.041667 0.250000
vt 0.041667 0.333333
vt 0.041667 0.416667
vt 0.062500 0.500000
vt 0.062500 0.583333
vt 0.062500 0.666667
vt 0.062500 0.750000
vt 0.062500 0.833333
vt 0.062500 0.916667
vt 0.062500 1.000000
vt 0.062500 0.000000
vt 0.062500 0.083333
vt 0.062500 0.166667
vt 0.062500 0.250000
vt 0.062500 0.333333
vt 0.062500 0.416667
vt 0.083333 0.583333
vt 0.083333 0.666667
vt 0.083333 0.750000
vt 0.083333 0.833333
vt 0.083333 0.916667
vt 0.083333 0.000000
vt 0.083333 0.083333
vt 0.083333 0.166667
vt 0.083333 0.250000
vt 0.083333 0.333333
vt 0.083333 0.416667
vt 0.104167 0.500000
vt 0.104167 0.583333
vt 0.104167 0.666667
vt 0.104167 0.750000
vt 0.104167 0.833333
vt 0.104167 0.916667
vt 0.104167 1.000000
vt 0.104167 0.000000
vt 0.104167 0.083333
vt 0.104167 0.166667
vt 0.104167 0.250000
vt 0.104167 0.333333
vt 0.104167 0.416667
vt 0.125000 0.583333
vt 0.125000 0.666667
vt 0.125000 0.750000
vt 0.125000 0.833333
vt 0.125000 0.916667
vt 0.125000 0.000000
vt 0.125000 0.083333
vt 0.125000 0.166667
vt 0.125000 0.250000
vt 0.125000 0.333333
vt 0.125000 0.416667
vt 0.145833 0.500000
vt 0.145833 0.583333
vt 0.145833 0.666667
vt 0.145833 0.750000
vt 0.145833 0.833333
vt 0.145833 0.916667
vt 0.145833 1.000000
vt 0.145833 0.000000
vt 0.145833 0.083333
vt 0.145833 0.166667
vt 0.145833 0.250000
vt 0.145833 0.333333
vt 0.145833 0.416667
vt 0.166667 0.583333
vt 0.166667 0.666667
vt 0.166667 0.750000
vt 0.166667 0.833333
vt 0.166667 0.916667
vt 0.166667 0.000000
vt 0.166667 0.083333
vt 0.166667 0.166667
vt 0.166667 0.250000
vt 0.166667 0.333333
vt 0.166667 0.416667
vt 0.187500 0.500000
vt 0.187500 0.583333
vt 0.187500 0.666667
vt 0.187500 0.750000
vt 0.187500 0.833333
vt 0.187500 0.916667
vt 0.187500 1.000000
vt 0.187500 0.000000
vt 0.187500 0.083333
vt 0.187500 0.166667
vt 0.187500 0.250000
vt 0.187500 0.333333
vt 0.187500 0.416667
vt 0.208333 0.500000
vt 0.208333 0.583333
vt 0.208333 0.666667
vt 0.208333 0.750000
vt 0.208333 0.833333
vt 0.208333 0.916667
vt 0.208333 1.000000
vt 0.208333 0.000000
vt 0.208333 0.083333
vt 0.208333 0.166667
vt 0.208333 0.250000
vt 0.208333 0.333333
vt 0.208333 0.416667
vt 0.229167 0.500000
vt 0.229167 0.583333
vt 0.229167 0.666667
vt 0.229167 0.750000
vt 0.229167 0.833333
vt 0.229167 0.916667
vt 0.229167 1.000000
vt 0.229167 0.000000
vt 0.229167 0.083333
vt 0.229167 0.166667
vt 0.229167 0.250000
vt 0.229167 0.333333
vt 0.229167 0.416667
vt 0.250000 0.583333
vt 0.250000 0.666667
vt 0.250000 0.750000
vt 0.250000 0.833333
vt 0.250000 0.916667
vt 0.250000 0.000000
vt 0.250000 0.083333
vt 0.250000 0.166667
vt 0.250000 0.250000
vt 0.250000 0.333333
vt 0.250000 0.416667
vt 0.270833 0.500000
vt 0.270833 0.583333
vt 0.270833 0.666667
vt 0.270833 0.750000
vt 0.270833 0.833333
vt 0.270833 0.916667
vt 0.270833 1.000000
vt 0.270833 0.000000
vt 0.270833 0.083333
vt 0.270833 0.166667
vt 0.270833 0.250000
vt 0.270833 0.333333
vt 0.270833 0.416667
vt 0.291667 0.500000
vt 0.291667 0.583333
vt 0.291667 0.666667
vt 0.291667 0.750000
vt 0.291667 0.833333
vt 0.291667 0.916667
vt 0.291667 1.000000
vt 0.291667 0.000000
vt 0.291667 0.083333
vt 0.291667 0.166667
vt 0.291667 0.250000
vt 0.291667 0.333333
vt 0.291667 0.416667
vt 0.312500 0.500000
vt 0.312500 0.583333
vt 0.312500 0.666667
vt 0.312500 0.750000
vt 0.312500 0.833333
vt 0.312500 0.916667
vt 0.312500 1.000000
vt 0.312500 0.000000
vt 0.312500 0.083333
vt 0.312500 0.166667
vt 0.312500 0.250000
vt 0.312500 0.333333
vt 0.312500 0.416667
vt 0.333333 0.583333
vt 0.333333 0.666667
vt 0.333333 0.750000
vt 0.333333 0.833333
vt 0.333333 0.916667
vt 0.333333 0.000000
vt 0.333333 0.083333
vt 0.333333 0.166667
vt 0.333333 0.250000
vt 0.333333 0.333333
vt 0.333333 0.416667
vt 0.354167 0.500000
vt 0.354167 0.583333
vt 0.354167 0.666667
vt 0.354167 0.750000
vt 0.354167 0.833333
vt 0.354167 0.916667
vt 0.354167 1.000000
vt 0.354167 0.000000
vt 0.354167 0.083333
vt 0.354167 0.166667
vt 0.354167 0.250000
vt 0.354167 0.333333
vt 0.354167 0.416667
vt 0.375000 0.583333
vt 0.375000 0.666667
vt 0.375000 0.750000
vt 0.375000 0.833333
vt 0.375000 0.916667
vt 0.375000 0.000000
vt 0.375000 0.083333
vt 0.375000 0.166667
vt 0.375000 0.250000
vt 0.375000 0.333333
vt 0.375000 0.416667
vt 0.395833 0.500000
vt 0.395833 0.583333
vt 0.395833 0.666667
vt 0.395833 0.750000
vt 0.395833 0.833333
vt 0.395833 0.916667
vt 0.395833 1.000000
vt 0.395833 0.000000
vt 0.395833 0.083333
vt 0.395833 0.166667
vt 0.395833 0.250000
vt 0.395833 0.333333
vt 0.395833 0.416667
vt 0.416667 0.583333
vt 0.416667 0.666667
vt 0.416667 0.750000
vt 0.416667 0.833333
vt 0.416667 0.916667
vt 0.416667 0.000000
vt 0.416667 0.083333
vt 0.416667 0.166667
vt 0.416667 0.250000
vt 0.416667 0.333333
vt 0.416667 0.416667
vt 0.437500 0.500000
vt 0.437500 0.583333
vt 0.437500 0.666667
vt 0.437500 0.750000
vt 0.437500 0.833333
vt 0.437500 0.916667
vt 0.437500 1.000000
vt 0.437500 0.000000
vt 0.437500 0.083333
vt 0.437500 0.166667
vt 0.437500 0.250000
vt 0.437500 0.333333
vt 0.437500 0.416667
vt 0.458333 0.500000
vt 0.458333 0.583333
vt 0.458333 0.666667
vt 0.458333 0.750000
vt 0.458333 0.833333
vt 0.458333 0.916667
vt 0.458333 1.000000
vt 0.458333 0.000000
vt 0.458333 0.083333
vt 0.458333 0.166667
vt 0.458333 0.250000
vt 0.458333 0.333333
vt 0.458333 0.416667
vt 0.479167 0.500000
vt 0.479167 0.583333
vt 0.479167 0.666667
vt 0.479167 0.750000
vt 0.479167 0.833333
vt 0.479167 0.916667
vt 0.479167 1.000000
vt 0.479167 0.000000
vt 0.479167 0.083333
vt 0.479167 0.166667
vt 0.479167 0.250000
vt 0.479167 0.333333
vt 0.479167 0.416667
s 1
usemtl WW_Baju.002
f 1/1/1 2/2/1 4/3/1 3/4/1
f 3/4/2 4/3/2 6/5/2 5/6/2
f 5/6/3 6/5/3 8/7/3 7/8/3
f 7/8/4 8/7/4 10/9/4 9/10/4
f 9/10/5 10/9/5 12/11/5 11/12/5
f 11/12/6 12/11/6 14/13/6 13/14/6
f 13/14/7 14/13/7 16/15/7 15/16/7
f 15/16/8 16/15/8 18/17/8 17/18/8
f 17/18/9 18/17/9 20/19/9 19/20/9
f 19/20/10 20/19/10 22/21/10 21/22/10
f 4/23/11 2/24/11 24/25/11 22/26/11 20/27/11 18/28/11 16/29/11 14/30/11 12/31/11 10/32/11 8/33/11 6/34/11
f 21/22/12 22/21/12 24/35/12 23/36/12
f 23/36/13 24/35/13 2/37/13 1/38/13
f 1/39/14 3/40/14 5/41/14 7/42/14 9/43/14 11/44/14 13/45/14 15/46/14 17/47/14 19/48/14 21/49/14 23/50/14
f 25/51/15 38/52/15 37/53/15
f 26/54/16 38/55/16 40/56/16
f 25/57/17 37/58/17 42/59/17
f 25/60/18 42/61/18 44/62/18
f 25/63/19 44/64/19 41/65/19
f 26/54/20 40/56/20 47/66/20
f 27/67/21 39/68/21 49/69/21
f 28/70/22 43/71/22 51/72/22
f 29/73/23 45/74/23 53/75/23
f 30/76/24 46/77/24 55/78/24
f 26/54/25 47/66/25 50/79/25
f 27/67/26 49/69/26 52/80/26
f 28/70/27 51/72/27 54/81/27
f 29/73/28 53/75/28 56/82/28
f 30/76/29 55/78/29 48/83/29
f 31/84/30 57/85/30 62/86/30
f 32/87/31 58/88/31 64/89/31
f 33/90/32 59/91/32 65/92/32
f 34/93/33 60/94/33 66/95/33
f 35/96/34 61/97/34 63/98/34
f 63/98/35 66/99/35 36/100/35
f 63/98/36 61/97/36 66/99/36
f 61/97/37 34/93/37 66/99/37
f 66/95/38 65/101/38 36/102/38
f 66/95/39 60/94/39 65/101/39
f 60/94/40 33/90/40 65/101/40
f 65/92/41 64/103/41 36/104/41
f 65/92/42 59/91/42 64/103/42
f 59/91/43 32/105/43 64/103/43
f 64/89/44 62/106/44 36/107/44
f 64/89/45 58/88/45 62/106/45
f 58/88/46 31/84/46 62/106/46
f 62/86/47 63/108/47 36/109/47
f 62/86/48 57/85/48 63/108/48
f 57/85/49 35/96/49 63/108/49
f 48/83/50 61/97/50 35/96/50
f 48/83/51 55/78/51 61/97/51
f 55/78/52 34/93/52 61/97/52
f 56/82/53 60/94/53 34/93/53
f 56/82/54 53/75/54 60/94/54
f 53/75/55 33/90/55 60/94/55
f 54/81/56 59/91/56 33/90/56
f 54/81/57 51/72/57 59/91/57
f 51/72/58 32/105/58 59/91/58
f 52/80/59 58/88/59 32/87/59
f 52/80/60 49/69/60 58/88/60
f 49/69/61 31/84/61 58/88/61
f 50/79/62 57/85/62 31/84/62
f 50/79/63 47/66/63 57/85/63
f 47/66/64 35/96/64 57/85/64
f 55/78/65 56/82/65 34/93/65
f 55/78/66 46/77/66 56/82/66
f 46/77/67 29/73/67 56/82/67
f 53/75/68 54/81/68 33/90/68
f 53/75/69 45/74/69 54/81/69
f 45/74/70 28/70/70 54/81/70
f 51/72/71 52/110/71 32/105/71
f 51/72/72 43/71/72 52/110/72
f 43/71/73 27/111/73 52/110/73
f 49/69/74 50/79/74 31/84/74
f 49/69/75 39/68/75 50/79/75
f 39/68/76 26/54/76 50/79/76
f 47/66/77 48/83/77 35/96/77
f 47/66/78 40/56/78 48/83/78
f 40/56/79 30/76/79 48/83/79
f 41/65/80 46/77/80 30/76/80
f 41/65/81 44/64/81 46/77/81
f 44/64/82 29/73/82 46/77/82
f 44/62/83 45/74/83 29/73/83
f 44/62/84 42/61/84 45/74/84
f 42/61/85 28/70/85 45/74/85
f 42/59/86 43/71/86 28/70/86
f 42/59/87 37/58/87 43/71/87
f 37/58/88 27/111/88 43/71/88
f 40/56/89 41/112/89 30/76/89
f 40/56/90 38/55/90 41/112/90
f 38/55/91 25/113/91 41/112/91
f 37/53/92 39/68/92 27/67/92
f 37/53/93 38/52/93 39/68/93
f 38/52/94 26/54/94 39/68/94
f 67/51/95 80/52/95 79/53/95
f 68/54/96 80/55/96 82/56/96
f 67/57/97 79/58/97 84/59/97
f 67/60/98 84/61/98 86/62/98
f 67/63/99 86/64/99 83/65/99
f 68/54/100 82/56/100 89/66/100
f 69/67/101 81/68/101 91/69/101
f 70/70/102 85/71/102 93/72/102
f 71/73/103 87/74/103 95/75/103
f 72/76/104 88/77/104 97/78/104
f 68/54/105 89/66/105 92/79/105
f 69/67/106 91/69/106 94/80/106
f 70/70/107 93/72/107 96/81/107
f 71/73/108 95/75/108 98/82/108
f 72/76/109 97/78/109 90/83/109
f 73/84/110 99/85/110 104/86/110
f 74/87/111 100/88/111 106/89/111
f 75/90/112 101/91/112 107/92/112
f 76/93/113 102/94/113 108/95/113
f 77/96/114 103/97/114 105/98/114
f 105/98/115 108/99/115 78/100/115
f 105/98/116 103/97/116 108/99/116
f 103/97/117 76/93/117 108/99/117
f 108/95/118 107/101/118 78/102/118
f 108/95/119 102/94/119 107/101/119
f 102/94/120 75/90/120 107/101/120
f 107/92/121 106/103/121 78/104/121
f 107/92/122 101/91/122 106/103/122
f 101/91/123 74/105/123 106/103/123
f 106/89/124 104/106/124 78/107/124
f 106/89/125 100/88/125 104/106/125
f 100/88/126 73/84/126 104/106/126
f 104/86/127 105/108/127 78/109/127
f 104/86/128 99/85/128 105/108/128
f 99/85/129 77/96/129 105/108/129
f 90/83/130 103/97/130 77/96/130
f 90/83/131 97/78/131 103/97/131
f 97/78/132 76/93/132 103/97/132
f 98/82/133 102/94/133 76/93/133
f 98/82/134 95/75/134 102/94/134
f 95/75/135 75/90/135 102/94/135
f 96/81/136 101/91/136 75/90/136
f 96/81/137 93/72/137 101/91/137
f 93/72/138 74/105/138 101/91/138
f 94/80/139 100/88/139 74/87/139
f 94/80/140 91/69/140 100/88/140
f 91/69/141 73/84/141 100/88/141
f 92/79/142 99/85/142 73/84/142
f 92/79/143 89/66/143 99/85/143
f 89/66/144 77/96/144 99/85/144
f 97/78/145 98/82/145 76/93/145
f 97/78/146 88/77/146 98/82/146
f 88/77/147 71/73/147 98/82/147
f 95/75/148 96/81/148 75/90/148
f 95/75/149 87/74/149 96/81/149
f 87/74/150 70/70/150 96/81/150
f 93/72/151 94/110/151 74/105/151
f 93/72/152 85/71/152 94/110/152
f 85/71/153 69/111/153 94/110/153
f 91/69/154 92/79/154 73/84/154
f 91/69/155 81/68/155 92/79/155
f 81/68/156 68/54/156 92/79/156
f 89/66/157 90/83/157 77/96/157
f 89/66/158 82/56/158 90/83/158
f 82/56/159 72/76/159 90/83/159
f 83/65/160 88/77/160 72/76/160
f 83/65/161 86/64/161 88/77/161
f 86/64/162 71/73/162 88/77/162
f 86/62/163 87/74/163 71/73/163
f 86/62/164 84/61/164 87/74/164
f 84/61/165 70/70/165 87/74/165
f 84/59/166 85/71/166 70/70/166
f 84/59/167 79/58/167 85/71/167
f 79/58/168 69/111/168 85/71/168
f 82/56/169 83/112/169 72/76/169
f 82/56/170 80/55/170 83/112/170
f 80/55/171 67/113/171 83/112/171
f 79/53/172 81/68/172 69/67/172
f 79/53/173 80/52/173 81/68/173
f 80/52/174 68/54/174 81/68/174
usemtl WW_Kulit.002
f 109/1/175 110/2/175 112/114/175 111/115/175
f 111/115/176 112/114/176 114/7/176 113/8/176
f 113/8/177 114/7/177 116/116/177 115/117/177
f 115/117/178 116/116/178 118/13/178 117/14/178
f 117/14/179 118/13/179 120/118/179 119/119/179
f 119/119/180 120/118/180 122/19/180 121/20/180
f 112/120/181 110/24/181 124/121/181 122/27/181 120/122/181 118/30/181 116/123/181 114/33/181
f 121/20/182 122/19/182 124/124/182 123/125/182
f 123/125/183 124/124/183 110/37/183 109/38/183
f 109/39/184 111/126/184 113/42/184 115/127/184 117/45/184 119/128/184 121/48/184 123/129/184
f 125/51/185 144/130/185 143/131/185
f 126/54/186 150/132/186 164/133/186
f 125/57/187 143/134/187 178/135/187
f 125/60/188 178/136/188 192/137/188
f 125/63/189 192/138/189 165/139/189
f 126/54/190 164/133/190 213/140/190
f 127/67/191 157/141/191 227/142/191
f 128/70/192 185/143/192 241/144/192
f 129/73/193 199/145/193 255/146/193
f 130/76/194 206/147/194 269/148/194
f 126/54/195 213/140/195 228/149/195
f 127/67/196 227/142/196 242/150/196
f 128/70/197 241/144/197 256/151/197
f 129/73/198 255/146/198 270/152/198
f 130/76/199 269/148/199 214/153/199
f 131/84/200 283/154/200 318/155/200
f 132/87/201 290/156/201 332/157/201
f 133/90/202 297/158/202 339/159/202
f 134/93/203 304/160/203 346/161/203
f 135/96/204 311/162/204 319/163/204
f 325/164/205 340/165/205 136/100/205
f 324/166/206 347/167/206 325/164/206
f 323/168/207 348/169/207 324/166/207
f 322/170/208 350/171/208 323/168/208
f 321/172/209 353/173/209 322/170/209
f 320/174/210 357/175/210 321/172/210
f 319/163/211 362/176/211 320/174/211
f 325/164/212 347/167/212 340/165/212
f 347/167/213 341/177/213 340/165/213
f 324/166/214 348/169/214 347/167/214
f 348/169/215 349/178/215 347/167/215
f 347/167/216 349/178/216 341/177/216
f 349/178/217 342/179/217 341/177/217
f 323/168/218 350/171/218 348/169/218
f 350/171/219 351/180/219 348/169/219
f 348/169/220 351/180/220 349/178/220
f 351/180/221 352/181/221 349/178/221
f 349/178/222 352/181/222 342/179/222
f 352/181/223 343/182/223 342/179/223
f 322/170/224 353/173/224 350/171/224
f 353/173/225 354/183/225 350/171/225
f 350/171/226 354/183/226 351/180/226
f 354/183/227 355/184/227 351/180/227
f 351/180/228 355/184/228 352/181/228
f 355/184/229 356/185/229 352/181/229
f 352/181/230 356/185/230 343/182/230
f 356/185/231 344/186/231 343/182/231
f 321/172/232 357/175/232 353/173/232
f 357/175/233 358/187/233 353/173/233
f 353/173/234 358/187/234 354/183/234
f 358/187/235 359/188/235 354/183/235
f 354/183/236 359/188/236 355/184/236
f 359/188/237 360/189/237 355/184/237
f 355/184/238 360/189/238 356/185/238
f 360/189/239 361/190/239 356/185/239
f 356/185/240 361/190/240 344/186/240
f 361/190/241 345/191/241 344/186/241
f 320/174/242 362/176/242 357/175/242
f 362/176/243 363/192/243 357/175/243
f 357/175/244 363/192/244 358/187/244
f 363/192/245 364/193/245 358/187/245
f 358/187/246 364/193/246 359/188/246
f 364/193/247 365/194/247 359/188/247
f 359/188/248 365/194/248 360/189/248
f 365/194/249 366/195/249 360/189/249
f 360/189/250 366/195/250 361/190/250
f 366/195/251 367/196/251 361/190/251
f 361/190/252 367/196/252 345/191/252
f 367/196/253 346/197/253 345/191/253
f 319/163/254 311/162/254 362/176/254
f 311/162/255 310/198/255 362/176/255
f 362/176/256 310/198/256 363/192/256
f 310/198/257 309/199/257 363/192/257
f 363/192/258 309/199/258 364/193/258
f 309/199/259 308/97/259 364/193/259
f 364/193/260 308/97/260 365/194/260
f 308/97/261 307/200/261 365/194/261
f 365/194/262 307/200/262 366/195/262
f 307/200/263 306/201/263 366/195/263
f 366/195/264 306/201/264 367/196/264
f 306/201/265 305/202/265 367/196/265
f 367/196/266 305/202/266 346/197/266
f 305/202/267 134/93/267 346/197/267
f 340/203/268 333/204/268 136/102/268
f 341/205/269 368/206/269 340/203/269
f 342/207/270 369/208/270 341/205/270
f 343/209/271 371/210/271 342/207/271
f 344/211/272 374/212/272 343/209/272
f 345/213/273 378/214/273 344/211/273
f 346/161/274 383/215/274 345/213/274
f 340/203/275 368/206/275 333/204/275
f 368/206/276 334/216/276 333/204/276
f 341/205/277 369/208/277 368/206/277
f 369/208/278 370/217/278 368/206/278
f 368/206/279 370/217/279 334/216/279
f 370/217/280 335/218/280 334/216/280
f 342/207/281 371/210/281 369/208/281
f 371/210/282 372/219/282 369/208/282
f 369/208/283 372/219/283 370/217/283
f 372/219/284 373/220/284 370/217/284
f 370/217/285 373/220/285 335/218/285
f 373/220/286 336/221/286 335/218/286
f 343/209/287 374/212/287 371/210/287
f 374/212/288 375/222/288 371/210/288
f 371/210/289 375/222/289 372/219/289
f 375/222/290 376/223/290 372/219/290
f 372/219/291 376/223/291 373/220/291
f 376/223/292 377/224/292 373/220/292
f 373/220/293 377/224/293 336/221/293
f 377/224/294 337/225/294 336/221/294
f 344/211/295 378/214/295 374/212/295
f 378/214/296 379/226/296 374/212/296
f 374/212/297 379/226/297 375/222/297
f 379/226/298 380/227/298 375/222/298
f 375/222/299 380/227/299 376/223/299
f 380/227/300 381/228/300 376/223/300
f 376/223/301 381/228/301 377/224/301
f 381/228/302 382/229/302 377/224/302
f 377/224/303 382/229/303 337/225/303
f 382/229/304 338/230/304 337/225/304
f 345/213/305 383/215/305 378/214/305
f 383/215/306 384/231/306 378/214/306
f 378/214/307 384/231/307 379/226/307
f 384/231/308 385/232/308 379/226/308
f 379/226/309 385/232/309 380/227/309
f 385/232/310 386/233/310 380/227/310
f 380/227/311 386/233/311 381/228/311
f 386/233/312 387/234/312 381/228/312
f 381/228/313 387/234/313 382/229/313
f 387/234/314 388/235/314 382/229/314
f 382/229/315 388/235/315 338/230/315
f 388/235/316 339/236/316 338/230/316
f 346/161/317 304/160/317 383/215/317
f 304/160/318 303/237/318 383/215/318
f 383/215/319 303/237/319 384/231/319
f 303/237/320 302/238/320 384/231/320
f 384/231/321 302/238/321 385/232/321
f 302/238/322 301/94/322 385/232/322
f 385/232/323 301/94/323 386/233/323
f 301/94/324 300/239/324 386/233/324
f 386/233/325 300/239/325 387/234/325
f 300/239/326 299/240/326 387/234/326
f 387/234/327 299/240/327 388/235/327
f 299/240/328 298/241/328 388/235/328
f 388/235/329 298/241/329 339/236/329
f 298/241/330 133/90/330 339/236/330
f 333/242/331 326/243/331 136/104/331
f 334/244/332 389/245/332 333/242/332
f 335/246/333 390/247/333 334/244/333
f 336/248/334 392/249/334 335/246/334
f 337/250/335 395/251/335 336/248/335
f 338/252/336 399/253/336 337/250/336
f 339/159/337 404/254/337 338/252/337
f 333/242/338 389/245/338 326/243/338
f 389/245/339 327/255/339 326/243/339
f 334/244/340 390/247/340 389/245/340
f 390/247/341 391/256/341 389/245/341
f 389/245/342 391/256/342 327/255/342
f 391/256/343 328/257/343 327/255/343
f 335/246/344 392/249/344 390/247/344
f 392/249/345 393/258/345 390/247/345
f 390/247/346 393/258/346 391/256/346
f 393/258/347 394/259/347 391/256/347
f 391/256/348 394/259/348 328/257/348
f 394/259/349 329/260/349 328/257/349
f 336/248/350 395/251/350 392/249/350
f 395/251/351 396/261/351 392/249/351
f 392/249/352 396/261/352 393/258/352
f 396/261/353 397/262/353 393/258/353
f 393/258/354 397/262/354 394/259/354
f 397/262/355 398/263/355 394/259/355
f 394/259/356 398/263/356 329/260/356
f 398/263/357 330/264/357 329/260/357
f 337/250/358 399/253/358 395/251/358
f 399/253/359 400/265/359 395/251/359
f 395/251/360 400/265/360 396/261/360
f 400/265/361 401/266/361 396/261/361
f 396/261/362 401/266/362 397/262/362
f 401/266/363 402/267/363 397/262/363
f 397/262/364 402/267/364 398/263/364
f 402/267/365 403/268/365 398/263/365
f 398/263/366 403/268/366 330/264/366
f 403/268/367 331/269/367 330/264/367
f 338/252/368 404/254/368 399/253/368
f 404/254/369 405/270/369 399/253/369
f 399/253/370 405/270/370 400/265/370
f 405/270/371 406/271/371 400/265/371
f 400/265/372 406/271/372 401/266/372
f 406/271/373 407/272/373 401/266/373
f 401/266/374 407/272/374 402/267/374
f 407/272/375 408/273/375 402/267/375
f 402/267/376 408/273/376 403/268/376
f 408/273/377 409/274/377 403/268/377
f 403/268/378 409/274/378 331/269/378
f 409/274/379 332/275/379 331/269/379
f 339/159/380 297/158/380 404/254/380
f 297/158/381 296/276/381 404/254/381
f 404/254/382 296/276/382 405/270/382
f 296/276/383 295/277/383 405/270/383
f 405/270/384 295/277/384 406/271/384
f 295/277/385 294/91/385 406/271/385
f 406/271/386 294/91/386 407/272/386
f 294/91/387 293/278/387 407/272/387
f 407/272/388 293/278/388 408/273/388
f 293/278/389 292/279/389 408/273/389
f 408/273/390 292/279/390 409/274/390
f 292/279/391 291/280/391 409/274/391
f 409/274/392 291/280/392 332/275/392
f 291/280/393 132/105/393 332/275/393
f 326/281/394 312/282/394 136/107/394
f 327/283/395 410/284/395 326/281/395
f 328/285/396 411/286/396 327/283/396
f 329/287/397 413/288/397 328/285/397
f 330/289/398 416/290/398 329/287/398
f 331/291/399 420/292/399 330/289/399
f 332/157/400 425/293/400 331/291/400
f 326/281/401 410/284/401 312/282/401
f 410/284/402 313/294/402 312/282/402
f 327/283/403 411/286/403 410/284/403
f 411/286/404 412/295/404 410/284/404
f 410/284/405 412/295/405 313/294/405
f 412/295/406 314/296/406 313/294/406
f 328/285/407 413/288/407 411/286/407
f 413/288/408 414/297/408 411/286/408
f 411/286/409 414/297/409 412/295/409
f 414/297/410 415/298/410 412/295/410
f 412/295/411 415/298/411 314/296/411
f 415/298/412 315/299/412 314/296/412
f 329/287/413 416/290/413 413/288/413
f 416/290/414 417/300/414 413/288/414
f 413/288/415 417/300/415 414/297/415
f 417/300/416 418/301/416 414/297/416
f 414/297/417 418/301/417 415/298/417
f 418/301/418 419/302/418 415/298/418
f 415/298/419 419/302/419 315/299/419
f 419/302/420 316/303/420 315/299/420
f 330/289/421 420/292/421 416/290/421
f 420/292/422 421/304/422 416/290/422
f 416/290/423 421/304/423 417/300/423
f 421/304/424 422/305/424 417/300/424
f 417/300/425 422/305/425 418/301/425
f 422/305/426 423/306/426 418/301/426
f 418/301/427 423/306/427 419/302/427
f 423/306/428 424/307/428 419/302/428
f 419/302/429 424/307/429 316/303/429
f 424/307/430 317/308/430 316/303/430
f 331/291/431 425/293/431 420/292/431
f 425/293/432 426/309/432 420/292/432
f 420/292/433 426/309/433 421/304/433
f 426/309/434 427/310/434 421/304/434
f 421/304/435 427/310/435 422/305/435
f 427/310/436 428/311/436 422/305/436
f 422/305/437 428/311/437 423/306/437
f 428/311/438 429/312/438 423/306/438
f 423/306/439 429/312/439 424/307/439
f 429/312/440 430/313/440 424/307/440
f 424/307/441 430/313/441 317/308/441
f 430/313/442 318/314/442 317/308/442
f 332/157/443 290/156/443 425/293/443
f 290/156/444 289/315/444 425/293/444
f 425/293/445 289/315/445 426/309/445
f 289/315/446 288/316/446 426/309/446
f 426/309/447 288/316/447 427/310/447
f 288/316/448 287/88/448 427/310/448
f 427/310/449 287/88/449 428/311/449
f 287/88/450 286/317/450 428/311/450
f 428/311/451 286/317/451 429/312/451
f 286/317/452 285/318/452 429/312/452
f 429/312/453 285/318/453 430/313/453
f 285/318/454 284/319/454 430/313/454
f 430/313/455 284/319/455 318/314/455
f 284/319/456 131/84/456 318/314/456
f 312/320/457 325/321/457 136/109/457
f 313/322/458 431/323/458 312/320/458
f 314/324/459 432/325/459 313/322/459
f 315/326/460 434/327/460 314/324/460
f 316/328/461 437/329/461 315/326/461
f 317/330/462 441/331/462 316/328/462
f 318/155/463 446/332/463 317/330/463
f 312/320/464 431/323/464 325/321/464
f 431/323/465 324/333/465 325/321/465
f 313/322/466 432/325/466 431/323/466
f 432/325/467 433/334/467 431/323/467
f 431/323/468 433/334/468 324/333/468
f 433/334/469 323/335/469 324/333/469
f 314/324/470 434/327/470 432/325/470
f 434/327/471 435/336/471 432/325/471
f 432/325/472 435/336/472 433/334/472
f 435/336/473 436/337/473 433/334/473
f 433/334/474 436/337/474 323/335/474
f 436/337/475 322/338/475 323/335/475
f 315/326/476 437/329/476 434/327/476
f 437/329/477 438/339/477 434/327/477
f 434/327/478 438/339/478 435/336/478
f 438/339/479 439/340/479 435/336/479
f 435/336/480 439/340/480 436/337/480
f 439/340/481 440/341/481 436/337/481
f 436/337/482 440/341/482 322/338/482
f 440/341/483 321/342/483 322/338/483
f 316/328/484 441/331/484 437/329/484
f 441/331/485 442/343/485 437/329/485
f 437/329/486 442/343/486 438/339/486
f 442/343/487 443/344/487 438/339/487
f 438/339/488 443/344/488 439/340/488
f 443/344/489 444/345/489 439/340/489
f 439/340/490 444/345/490 440/341/490
f 444/345/491 445/346/491 440/341/491
f 440/341/492 445/346/492 321/342/492
f 445/346/493 320/347/493 321/342/493
f 317/330/494 446/332/494 441/331/494
f 446/332/495 447/348/495 441/331/495
f 441/331/496 447/348/496 442/343/496
f 447/348/497 448/349/497 442/343/497
f 442/343/498 448/349/498 443/344/498
f 448/349/499 449/350/499 443/344/499
f 443/344/500 449/350/500 444/345/500
f 449/350/501 450/351/501 444/345/501
f 444/345/502 450/351/502 445/346/502
f 450/351/503 451/352/503 445/346/503
f 445/346/504 451/352/504 320/347/504
f 451/352/505 319/353/505 320/347/505
f 318/155/506 283/154/506 446/332/506
f 283/154/507 282/354/507 446/332/507
f 446/332/508 282/354/508 447/348/508
f 282/354/509 281/355/509 447/348/509
f 447/348/510 281/355/510 448/349/510
f 281/355/511 280/85/511 448/349/511
f 448/349/512 280/85/512 449/350/512
f 280/85/513 279/356/513 449/350/513
f 449/350/514 279/356/514 450/351/514
f 279/356/515 278/357/515 450/351/515
f 450/351/516 278/357/516 451/352/516
f 278/357/517 277/358/517 451/352/517
f 451/352/518 277/358/518 319/353/518
f 277/358/519 135/96/519 319/353/519
f 220/359/520 311/162/520 135/96/520
f 219/360/521 452/361/521 220/359/521
f 218/362/522 453/363/522 219/360/522
f 217/83/523 455/364/523 218/362/523
f 216/365/524 458/366/524 217/83/524
f 215/367/525 462/368/525 216/365/525
f 214/153/526 467/369/526 215/367/526
f 220/359/527 452/361/527 311/162/527
f 452/361/528 310/198/528 311/162/528
f 219/360/529 453/363/529 452/361/529
f 453/363/530 454/370/530 452/361/530
f 452/361/531 454/370/531 310/198/531
f 454/370/532 309/199/532 310/198/532
f 218/362/533 455/364/533 453/363/533
f 455/364/534 456/371/534 453/363/534
f 453/363/535 456/371/535 454/370/535
f 456/371/536 457/372/536 454/370/536
f 454/370/537 457/372/537 309/199/537
f 457/372/538 308/97/538 309/199/538
f 217/83/539 458/366/539 455/364/539
f 458/366/540 459/373/540 455/364/540
f 455/364/541 459/373/541 456/371/541
f 459/373/542 460/374/542 456/371/542
f 456/371/543 460/374/543 457/372/543
f 460/374/544 461/375/544 457/372/544
f 457/372/545 461/375/545 308/97/545
f 461/375/546 307/200/546 308/97/546
f 216/365/547 462/368/547 458/366/547
f 462/368/548 463/376/548 458/366/548
f 458/366/549 463/376/549 459/373/549
f 463/376/550 464/377/550 459/373/550
f 459/373/551 464/377/551 460/374/551
f 464/377/552 465/378/552 460/374/552
f 460/374/553 465/378/553 461/375/553
f 465/378/554 466/379/554 461/375/554
f 461/375/555 466/379/555 307/200/555
f 466/379/556 306/201/556 307/200/556
f 215/367/557 467/369/557 462/368/557
f 467/369/558 468/380/558 462/368/558
f 462/368/559 468/380/559 463/376/559
f 468/380/560 469/381/560 463/376/560
f 463/376/561 469/381/561 464/377/561
f 469/381/562 470/382/562 464/377/562
f 464/377/563 470/382/563 465/378/563
f 470/382/564 471/383/564 465/378/564
f 465/378/565 471/383/565 466/379/565
f 471/383/566 472/384/566 466/379/566
f 466/379/567 472/384/567 306/201/567
f 472/384/568 305/202/568 306/201/568
f 214/153/569 269/148/569 467/369/569
f 269/148/570 268/385/570 467/369/570
f 467/369/571 268/385/571 468/380/571
f 268/385/572 267/386/572 468/380/572
f 468/380/573 267/386/573 469/381/573
f 267/386/574 266/78/574 469/381/574
f 469/381/575 266/78/575 470/382/575
f 266/78/576 265/387/576 470/382/576
f 470/382/577 265/387/577 471/383/577
f 265/387/578 264/388/578 471/383/578
f 471/383/579 264/388/579 472/384/579
f 264/388/580 263/389/580 472/384/580
f 472/384/581 263/389/581 305/202/581
f 263/389/582 134/93/582 305/202/582
f 276/390/583 304/160/583 134/93/583
f 275/391/584 473/392/584 276/390/584
f 274/393/585 474/394/585 275/391/585
f 273/395/586 476/396/586 274/393/586
f 272/397/587 479/398/587 273/395/587
f 271/399/588 483/400/588 272/397/588
f 270/152/589 488/401/589 271/399/589
f 276/390/590 473/392/590 304/160/590
f 473/392/591 303/237/591 304/160/591
f 275/391/592 474/394/592 473/392/592
f 474/394/593 475/402/593 473/392/593
f 473/392/594 475/402/594 303/237/594
f 475/402/595 302/238/595 303/237/595
f 274/393/596 476/396/596 474/394/596
f 476/396/597 477/403/597 474/394/597
f 474/394/598 477/403/598 475/402/598
f 477/403/599 478/404/599 475/402/599
f 475/402/600 478/404/600 302/238/600
f 478/404/601 301/94/601 302/238/601
f 273/395/602 479/398/602 476/396/602
f 479/398/603 480/405/603 476/396/603
f 476/396/604 480/405/604 477/403/604
f 480/405/605 481/406/605 477/403/605
f 477/403/606 481/406/606 478/404/606
f 481/406/607 482/407/607 478/404/607
f 478/404/608 482/407/608 301/94/608
f 482/407/609 300/239/609 301/94/609
f 272/397/610 483/400/610 479/398/610
f 483/400/611 484/408/611 479/398/611
f 479/398/612 484/408/612 480/405/612
f 484/408/613 485/409/613 480/405/613
f 480/405/614 485/409/614 481/406/614
f 485/409/615 486/410/615 481/406/615
f 481/406/616 486/410/616 482/407/616
f 486/410/617 487/411/617 482/407/617
f 482/407/618 487/411/618 300/239/618
f 487/411/619 299/240/619 300/239/619
f 271/399/620 488/401/620 483/400/620
f 488/401/621 489/412/621 483/400/621
f 483/400/622 489/412/622 484/408/622
f 489/412/623 490/413/623 484/408/623
f 484/408/624 490/413/624 485/409/624
f 490/413/625 491/414/625 485/409/625
f 485/409/626 491/414/626 486/410/626
f 491/414/627 492/415/627 486/410/627
f 486/410/628 492/415/628 487/411/628
f 492/415/629 493/416/629 487/411/629
f 487/411/630 493/416/630 299/240/630
f 493/416/631 298/241/631 299/240/631
f 270/152/632 255/146/632 488/401/632
f 255/146/633 254/417/633 488/401/633
f 488/401/634 254/417/634 489/412/634
f 254/417/635 253/418/635 489/412/635
f 489/412/636 253/418/636 490/413/636
f 253/418/637 252/75/637 490/413/637
f 490/413/638 252/75/638 491/414/638
f 252/75/639 251/419/639 491/414/639
f 491/414/640 251/419/640 492/415/640
f 251/419/641 250/420/641 492/415/641
f 492/415/642 250/420/642 493/416/642
f 250/420/643 249/421/643 493/416/643
f 493/416/644 249/421/644 298/241/644
f 249/421/645 133/90/645 298/241/645
f 262/422/646 297/158/646 133/90/646
f 261/423/647 494/424/647 262/422/647
f 260/425/648 495/426/648 261/423/648
f 259/81/649 497/427/649 260/425/649
f 258/428/650 500/429/650 259/81/650
f 257/430/651 504/431/651 258/428/651
f 256/151/652 509/432/652 257/430/652
f 262/422/653 494/424/653 297/158/653
f 494/424/654 296/276/654 297/158/654
f 261/423/655 495/426/655 494/424/655
f 495/426/656 496/433/656 494/424/656
f 494/424/657 496/433/657 296/276/657
f 496/433/658 295/277/658 296/276/658
f 260/425/659 497/427/659 495/426/659
f 497/427/660 498/434/660 495/426/660
f 495/426/661 498/434/661 496/433/661
f 498/434/662 499/435/662 496/433/662
f 496/433/663 499/435/663 295/277/663
f 499/435/664 294/91/664 295/277/664
f 259/81/665 500/429/665 497/427/665
f 500/429/666 501/436/666 497/427/666
f 497/427/667 501/436/667 498/434/667
f 501/436/668 502/437/668 498/434/668
f 498/434/669 502/437/669 499/435/669
f 502/437/670 503/438/670 499/435/670
f 499/435/671 503/438/671 294/91/671
f 503/438/672 293/278/672 294/91/672
f 258/428/673 504/431/673 500/429/673
f 504/431/674 505/439/674 500/429/674
f 500/429/675 505/439/675 501/436/675
f 505/439/676 506/440/676 501/436/676
f 501/436/677 506/440/677 502/437/677
f 506/440/678 507/441/678 502/437/678
f 502/437/679 507/441/679 503/438/679
f 507/441/680 508/442/680 503/438/680
f 503/438/681 508/442/681 293/278/681
f 508/442/682 292/279/682 293/278/682
f 257/430/683 509/432/683 504/431/683
f 509/432/684 510/443/684 504/431/684
f 504/431/685 510/443/685 505/439/685
f 510/443/686 511/444/686 505/439/686
f 505/439/687 511/444/687 506/440/687
f 511/444/688 512/445/688 506/440/688
f 506/440/689 512/445/689 507/441/689
f 512/445/690 513/446/690 507/441/690
f 507/441/691 513/446/691 508/442/691
f 513/446/692 514/447/692 508/442/692
f 508/442/693 514/447/693 292/279/693
f 514/447/694 291/280/694 292/279/694
f 256/151/695 241/144/695 509/432/695
f 241/144/696 240/448/696 509/432/696
f 509/432/697 240/448/697 510/443/697
f 240/448/698 239/449/698 510/443/698
f 510/443/699 239/449/699 511/444/699
f 239/449/700 238/72/700 511/444/700
f 511/444/701 238/72/701 512/445/701
f 238/72/702 237/450/702 512/445/702
f 512/445/703 237/450/703 513/446/703
f 237/450/704 236/451/704 513/446/704
f 513/446/705 236/451/705 514/447/705
f 236/451/706 235/452/706 514/447/706
f 514/447/707 235/452/707 291/280/707
f 235/452/708 132/105/708 291/280/708
f 248/453/709 290/156/709 132/87/709
f 247/454/710 515/455/710 248/453/710
f 246/456/711 516/457/711 247/454/711
f 245/80/712 518/458/712 246/456/712
f 244/459/713 521/460/713 245/80/713
f 243/461/714 525/462/714 244/459/714
f 242/150/715 530/463/715 243/461/715
f 248/453/716 515/455/716 290/156/716
f 515/455/717 289/315/717 290/156/717
f 247/454/718 516/457/718 515/455/718
f 516/457/719 517/464/719 515/455/719
f 515/455/720 517/464/720 289/315/720
f 517/464/721 288/316/721 289/315/721
f 246/456/722 518/458/722 516/457/722
f 518/458/723 519/465/723 516/457/723
f 516/457/724 519/465/724 517/464/724
f 519/465/725 520/466/725 517/464/725
f 517/464/726 520/466/726 288/316/726
f 520/466/727 287/88/727 288/316/727
f 245/80/728 521/460/728 518/458/728
f 521/460/729 522/467/729 518/458/729
f 518/458/730 522/467/730 519/465/730
f 522/467/731 523/468/731 519/465/731
f 519/465/732 523/468/732 520/466/732
f 523/468/733 524/469/733 520/466/733
f 520/466/734 524/469/734 287/88/734
f 524/469/735 286/317/735 287/88/735
f 244/459/736 525/462/736 521/460/736
f 525/462/737 526/470/737 521/460/737
f 521/460/738 526/470/738 522/467/738
f 526/470/739 527/471/739 522/467/739
f 522/467/740 527/471/740 523/468/740
f 527/471/741 528/472/741 523/468/741
f 523/468/742 528/472/742 524/469/742
f 528/472/743 529/473/743 524/469/743
f 524/469/744 529/473/744 286/317/744
f 529/473/745 285/318/745 286/317/745
f 243/461/746 530/463/746 525/462/746
f 530/463/747 531/474/747 525/462/747
f 525/462/748 531/474/748 526/470/748
f 531/474/749 532/475/749 526/470/749
f 526/470/750 532/475/750 527/471/750
f 532/475/751 533/476/751 527/471/751
f 527/471/752 533/476/752 528/472/752
f 533/476/753 534/477/753 528/472/753
f 528/472/754 534/477/754 529/473/754
f 534/477/755 535/478/755 529/473/755
f 529/473/756 535/478/756 285/318/756
f 535/478/757 284/319/757 285/318/757
f 242/150/758 227/142/758 530/463/758
f 227/142/759 226/479/759 530/463/759
f 530/463/760 226/479/760 531/474/760
f 226/479/761 225/480/761 531/474/761
f 531/474/762 225/480/762 532/475/762
f 225/480/763 224/69/763 532/475/763
f 532/475/764 224/69/764 533/476/764
f 224/69/765 223/481/765 533/476/765
f 533/476/766 223/481/766 534/477/766
f 223/481/767 222/482/767 534/477/767
f 534/477/768 222/482/768 535/478/768
f 222/482/769 221/483/769 535/478/769
f 535/478/770 221/483/770 284/319/770
f 221/483/771 131/84/771 284/319/771
f 234/484/772 283/154/772 131/84/772
f 233/485/773 536/486/773 234/484/773
f 232/487/774 537/488/774 233/485/774
f 231/79/775 539/489/775 232/487/775
f 230/490/776 542/491/776 231/79/776
f 229/492/777 546/493/777 230/490/777
f 228/149/778 551/494/778 229/492/778
f 234/484/779 536/486/779 283/154/779
f 536/486/780 282/354/780 283/154/780
f 233/485/781 537/488/781 536/486/781
f 537/488/782 538/495/782 536/486/782
f 536/486/783 538/495/783 282/354/783
f 538/495/784 281/355/784 282/354/784
f 232/487/785 539/489/785 537/488/785
f 539/489/786 540/496/786 537/488/786
f 537/488/787 540/496/787 538/495/787
f 540/496/788 541/497/788 538/495/788
f 538/495/789 541/497/789 281/355/789
f 541/497/790 280/85/790 281/355/790
f 231/79/791 542/491/791 539/489/791
f 542/491/792 543/498/792 539/489/792
f 539/489/793 543/498/793 540/496/793
f 543/498/794 544/499/794 540/496/794
f 540/496/795 544/499/795 541/497/795
f 544/499/796 545/500/796 541/497/796
f 541/497/797 545/500/797 280/85/797
f 545/500/798 279/356/798 280/85/798
f 230/490/799 546/493/799 542/491/799
f 546/493/800 547/501/800 542/491/800
f 542/491/801 547/501/801 543/498/801
f 547/501/802 548/502/802 543/498/802
f 543/498/803 548/502/803 544/499/803
f 548/502/804 549/503/804 544/499/804
f 544/499/805 549/503/805 545/500/805
f 549/503/806 550/504/806 545/500/806
f 545/500/807 550/504/807 279/356/807
f 550/504/808 278/357/808 279/356/808
f 229/492/809 551/494/809 546/493/809
f 551/494/810 552/505/810 546/493/810
f 546/493/811 552/505/811 547/501/811
f 552/505/812 553/506/812 547/501/812
f 547/501/813 553/506/813 548/502/813
f 553/506/814 554/507/814 548/502/814
f 548/502/815 554/507/815 549/503/815
f 554/507/816 555/508/816 549/503/816
f 549/503/817 555/508/817 550/504/817
f 555/508/818 556/509/818 550/504/818
f 550/504/819 556/509/819 278/357/819
f 556/509/820 277/358/820 278/357/820
f 228/149/821 213/140/821 551/494/821
f 213/140/822 212/510/822 551/494/822
f 551/494/823 212/510/823 552/505/823
f 212/510/824 211/511/824 552/505/824
f 552/505/825 211/511/825 553/506/825
f 211/511/826 210/66/826 553/506/826
f 553/506/827 210/66/827 554/507/827
f 210/66/828 209/512/828 554/507/828
f 554/507/829 209/512/829 555/508/829
f 209/512/830 208/513/830 555/508/830
f 555/508/831 208/513/831 556/509/831
f 208/513/832 207/514/832 556/509/832
f 556/509/833 207/514/833 277/358/833
f 207/514/834 135/96/834 277/358/834
f 263/389/835 276/390/835 134/93/835
f 264/388/836 557/515/836 263/389/836
f 265/387/837 558/516/837 264/388/837
f 266/78/838 560/517/838 265/387/838
f 267/386/839 563/518/839 266/78/839
f 268/385/840 567/519/840 267/386/840
f 269/148/841 572/520/841 268/385/841
f 263/389/842 557/515/842 276/390/842
f 557/515/843 275/391/843 276/390/843
f 264/388/844 558/516/844 557/515/844
f 558/516/845 559/521/845 557/515/845
f 557/515/846 559/521/846 275/391/846
f 559/521/847 274/393/847 275/391/847
f 265/387/848 560/517/848 558/516/848
f 560/517/849 561/522/849 558/516/849
f 558/516/850 561/522/850 559/521/850
f 561/522/851 562/523/851 559/521/851
f 559/521/852 562/523/852 274/393/852
f 562/523/853 273/395/853 274/393/853
f 266/78/854 563/518/854 560/517/854
f 563/518/855 564/524/855 560/517/855
f 560/517/856 564/524/856 561/522/856
f 564/524/857 565/525/857 561/522/857
f 561/522/858 565/525/858 562/523/858
f 565/525/859 566/526/859 562/523/859
f 562/523/860 566/526/860 273/395/860
f 566/526/861 272/397/861 273/395/861
f 267/386/862 567/519/862 563/518/862
f 567/519/863 568/527/863 563/518/863
f 563/518/864 568/527/864 564/524/864
f 568/527/865 569/528/865 564/524/865
f 564/524/866 569/528/866 565/525/866
f 569/528/867 570/529/867 565/525/867
f 565/525/868 570/529/868 566/526/868
f 570/529/869 571/530/869 566/526/869
f 566/526/870 571/530/870 272/397/870
f 571/530/871 271/399/871 272/397/871
f 268/385/872 572/520/872 567/519/872
f 572/520/873 573/531/873 567/519/873
f 567/519/874 573/531/874 568/527/874
f 573/531/875 574/532/875 568/527/875
f 568/527/876 574/532/876 569/528/876
f 574/532/877 575/533/877 569/528/877
f 569/528/878 575/533/878 570/529/878
f 575/533/879 576/534/879 570/529/879
f 570/529/880 576/534/880 571/530/880
f 576/534/881 577/535/881 571/530/881
f 571/530/882 577/535/882 271/399/882
f 577/535/883 270/152/883 271/399/883
f 269/148/884 206/147/884 572/520/884
f 206/147/885 205/536/885 572/520/885
f 572/520/886 205/536/886 573/531/886
f 205/536/887 204/537/887 573/531/887
f 573/531/888 204/537/888 574/532/888
f 204/537/889 203/77/889 574/532/889
f 574/532/890 203/77/890 575/533/890
f 203/77/891 202/538/891 575/533/891
f 575/533/892 202/538/892 576/534/892
f 202/538/893 201/539/893 576/534/893
f 576/534/894 201/539/894 577/535/894
f 201/539/895 200/540/895 577/535/895
f 577/535/896 200/540/896 270/152/896
f 200/540/897 129/73/897 270/152/897
f 249/421/898 262/422/898 133/90/898
f 250/420/899 578/541/899 249/421/899
f 251/419/900 579/542/900 250/420/900
f 252/75/901 581/543/901 251/419/901
f 253/418/902 584/544/902 252/75/902
f 254/417/903 588/545/903 253/418/903
f 255/146/904 593/546/904 254/417/904
f 249/421/905 578/541/905 262/422/905
f 578/541/906 261/423/906 262/422/906
f 250/420/907 579/542/907 578/541/907
f 579/542/908 580/547/908 578/541/908
f 578/541/909 580/547/909 261/423/909
f 580/547/910 260/425/910 261/423/910
f 251/419/911 581/543/911 579/542/911
f 581/543/912 582/548/912 579/542/912
f 579/542/913 582/548/913 580/547/913
f 582/548/914 583/549/914 580/547/914
f 580/547/915 583/549/915 260/425/915
f 583/549/916 259/81/916 260/425/916
f 252/75/917 584/544/917 581/543/917
f 584/544/918 585/550/918 581/543/918
f 581/543/919 585/550/919 582/548/919
f 585/550/920 586/551/920 582/548/920
f 582/548/921 586/551/921 583/549/921
f 586/551/922 587/552/922 583/549/922
f 583/549/923 587/552/923 259/81/923
f 587/552/924 258/428/924 259/81/924
f 253/418/925 588/545/925 584/544/925
f 588/545/926 589/553/926 584/544/926
f 584/544/927 589/553/927 585/550/927
f 589/553/928 590/554/928 585/550/928
f 585/550/929 590/554/929 586/551/929
f 590/554/930 591/555/930 586/551/930
f 586/551/931 591/555/931 587/552/931
f 591/555/932 592/556/932 587/552/932
f 587/552/933 592/556/933 258/428/933
f 592/556/934 257/430/934 258/428/934
f 254/417/935 593/546/935 588/545/935
f 593/546/936 594/557/936 588/545/936
f 588/545/937 594/557/937 589/553/937
f 594/557/938 595/558/938 589/553/938
f 589/553/939 595/558/939 590/554/939
f 595/558/940 596/559/940 590/554/940
f 590/554/941 596/559/941 591/555/941
f 596/559/942 597/560/942 591/555/942
f 591/555/943 597/560/943 592/556/943
f 597/560/944 598/561/944 592/556/944
f 592/556/945 598/561/945 257/430/945
f 598/561/946 256/151/946 257/430/946
f 255/146/947 199/145/947 593/546/947
f 199/145/948 198/562/948 593/546/948
f 593/546/949 198/562/949 594/557/949
f 198/562/950 197/563/950 594/557/950
f 594/557/951 197/563/951 595/558/951
f 197/563/952 196/74/952 595/558/952
f 595/558/953 196/74/953 596/559/953
f 196/74/954 195/564/954 596/559/954
f 596/559/955 195/564/955 597/560/955
f 195/564/956 194/565/956 597/560/956
f 597/560/957 194/565/957 598/561/957
f 194/565/958 193/566/958 598/561/958
f 598/561/959 193/566/959 256/151/959
f 193/566/960 128/70/960 256/151/960
f 235/452/961 248/567/961 132/105/961
f 236/451/962 599/568/962 235/452/962
f 237/450/963 600/569/963 236/451/963
f 238/72/964 602/570/964 237/450/964
f 239/449/965 605/571/965 238/72/965
f 240/448/966 609/572/966 239/449/966
f 241/144/967 614/573/967 240/448/967
f 235/452/968 599/568/968 248/567/968
f 599/568/969 247/574/969 248/567/969
f 236/451/970 600/569/970 599/568/970
f 600/569/971 601/575/971 599/568/971
f 599/568/972 601/575/972 247/574/972
f 601/575/973 246/576/973 247/574/973
f 237/450/974 602/570/974 600/569/974
f 602/570/975 603/577/975 600/569/975
f 600/569/976 603/577/976 601/575/976
f 603/577/977 604/578/977 601/575/977
f 601/575/978 604/578/978 246/576/978
f 604/578/979 245/110/979 246/576/979
f 238/72/980 605/571/980 602/570/980
f 605/571/981 606/579/981 602/570/981
f 602/570/982 606/579/982 603/577/982
f 606/579/983 607/580/983 603/577/983
f 603/577/984 607/580/984 604/578/984
f 607/580/985 608/581/985 604/578/985
f 604/578/986 608/581/986 245/110/986
f 608/581/987 244/582/987 245/110/987
f 239/449/988 609/572/988 605/571/988
f 609/572/989 610/583/989 605/571/989
f 605/571/990 610/583/990 606/579/990
f 610/583/991 611/584/991 606/579/991
f 606/579/992 611/584/992 607/580/992
f 611/584/993 612/585/993 607/580/993
f 607/580/994 612/585/994 608/581/994
f 612/585/995 613/586/995 608/581/995
f 608/581/996 613/586/996 244/582/996
f 613/586/997 243/587/997 244/582/997
f 240/448/998 614/573/998 609/572/998
f 614/573/999 615/588/999 609/572/999
f 609/572/1000 615/588/1000 610/583/1000
f 615/588/1001 616/589/1001 610/583/1001
f 610/583/1002 616/589/1002 611/584/1002
f 616/589/1003 617/590/1003 611/584/1003
f 611/584/1004 617/590/1004 612/585/1004
f 617/590/1005 618/591/1005 612/585/1005
f 612/585/1006 618/591/1006 613/586/1006
f 618/591/1007 619/592/1007 613/586/1007
f 613/586/1008 619/592/1008 243/587/1008
f 619/592/1009 242/593/1009 243/587/1009
f 241/144/1010 185/143/1010 614/573/1010
f 185/143/1011 184/594/1011 614/573/1011
f 614/573/1012 184/594/1012 615/588/1012
f 184/594/1013 183/595/1013 615/588/1013
f 615/588/1014 183/595/1014 616/589/1014
f 183/595/1015 182/71/1015 616/589/1015
f 616/589/1016 182/71/1016 617/590/1016
f 182/71/1017 181/596/1017 617/590/1017
f 617/590/1018 181/596/1018 618/591/1018
f 181/596/1019 180/597/1019 618/591/1019
f 618/591/1020 180/597/1020 619/592/1020
f 180/597/1021 179/598/1021 619/592/1021
f 619/592/1022 179/598/1022 242/593/1022
f 179/598/1023 127/111/1023 242/593/1023
f 221/483/1024 234/484/1024 131/84/1024
f 222/482/1025 620/599/1025 221/483/1025
f 223/481/1026 621/600/1026 222/482/1026
f 224/69/1027 623/601/1027 223/481/1027
f 225/480/1028 626/602/1028 224/69/1028
f 226/479/1029 630/603/1029 225/480/1029
f 227/142/1030 635/604/1030 226/479/1030
f 221/483/1031 620/599/1031 234/484/1031
f 620/599/1032 233/485/1032 234/484/1032
f 222/482/1033 621/600/1033 620/599/1033
f 621/600/1034 622/605/1034 620/599/1034
f 620/599/1035 622/605/1035 233/485/1035
f 622/605/1036 232/487/1036 233/485/1036
f 223/481/1037 623/601/1037 621/600/1037
f 623/601/1038 624/606/1038 621/600/1038
f 621/600/1039 624/606/1039 622/605/1039
f 624/606/1040 625/607/1040 622/605/1040
f 622/605/1041 625/607/1041 232/487/1041
f 625/607/1042 231/79/1042 232/487/1042
f 224/69/1043 626/602/1043 623/601/1043
f 626/602/1044 627/608/1044 623/601/1044
f 623/601/1045 627/608/1045 624/606/1045
f 627/608/1046 628/609/1046 624/606/1046
f 624/606/1047 628/609/1047 625/607/1047
f 628/609/1048 629/610/1048 625/607/1048
f 625/607/1049 629/610/1049 231/79/1049
f 629/610/1050 230/490/1050 231/79/1050
f 225/480/1051 630/603/1051 626/602/1051
f 630/603/1052 631/611/1052 626/602/1052
f 626/602/1053 631/611/1053 627/608/1053
f 631/611/1054 632/612/1054 627/608/1054
f 627/608/1055 632/612/1055 628/609/1055
f 632/612/1056 633/613/1056 628/609/1056
f 628/609/1057 633/613/1057 629/610/1057
f 633/613/1058 634/614/1058 629/610/1058
f 629/610/1059 634/614/1059 230/490/1059
f 634/614/1060 229/492/1060 230/490/1060
f 226/479/1061 635/604/1061 630/603/1061
f 635/604/1062 636/615/1062 630/603/1062
f 630/603/1063 636/615/1063 631/611/1063
f 636/615/1064 637/616/1064 631/611/1064
f 631/611/1065 637/616/1065 632/612/1065
f 637/616/1066 638/617/1066 632/612/1066
f 632/612/1067 638/617/1067 633/613/1067
f 638/617/1068 639/618/1068 633/613/1068
f 633/613/1069 639/618/1069 634/614/1069
f 639/618/1070 640/619/1070 634/614/1070
f 634/614/1071 640/619/1071 229/492/1071
f 640/619/1072 228/149/1072 229/492/1072
f 227/142/1073 157/141/1073 635/604/1073
f 157/141/1074 156/620/1074 635/604/1074
f 635/604/1075 156/620/1075 636/615/1075
f 156/620/1076 155/621/1076 636/615/1076
f 636/615/1077 155/621/1077 637/616/1077
f 155/621/1078 154/68/1078 637/616/1078
f 637/616/1079 154/68/1079 638/617/1079
f 154/68/1080 153/622/1080 638/617/1080
f 638/617/1081 153/622/1081 639/618/1081
f 153/622/1082 152/623/1082 639/618/1082
f 639/618/1083 152/623/1083 640/619/1083
f 152/623/1084 151/624/1084 640/619/1084
f 640/619/1085 151/624/1085 228/149/1085
f 151/624/1086 126/54/1086 228/149/1086
f 207/514/1087 220/359/1087 135/96/1087
f 208/513/1088 641/625/1088 207/514/1088
f 209/512/1089 642/626/1089 208/513/1089
f 210/66/1090 644/627/1090 209/512/1090
f 211/511/1091 647/628/1091 210/66/1091
f 212/510/1092 651/629/1092 211/511/1092
f 213/140/1093 656/630/1093 212/510/1093
f 207/514/1094 641/625/1094 220/359/1094
f 641/625/1095 219/360/1095 220/359/1095
f 208/513/1096 642/626/1096 641/625/1096
f 642/626/1097 643/631/1097 641/625/1097
f 641/625/1098 643/631/1098 219/360/1098
f 643/631/1099 218/362/1099 219/360/1099
f 209/512/1100 644/627/1100 642/626/1100
f 644/627/1101 645/632/1101 642/626/1101
f 642/626/1102 645/632/1102 643/631/1102
f 645/632/1103 646/633/1103 643/631/1103
f 643/631/1104 646/633/1104 218/362/1104
f 646/633/1105 217/83/1105 218/362/1105
f 210/66/1106 647/628/1106 644/627/1106
f 647/628/1107 648/634/1107 644/627/1107
f 644/627/1108 648/634/1108 645/632/1108
f 648/634/1109 649/635/1109 645/632/1109
f 645/632/1110 649/635/1110 646/633/1110
f 649/635/1111 650/636/1111 646/633/1111
f 646/633/1112 650/636/1112 217/83/1112
f 650/636/1113 216/365/1113 217/83/1113
f 211/511/1114 651/629/1114 647/628/1114
f 651/629/1115 652/637/1115 647/628/1115
f 647/628/1116 652/637/1116 648/634/1116
f 652/637/1117 653/638/1117 648/634/1117
f 648/634/1118 653/638/1118 649/635/1118
f 653/638/1119 654/639/1119 649/635/1119
f 649/635/1120 654/639/1120 650/636/1120
f 654/639/1121 655/640/1121 650/636/1121
f 650/636/1122 655/640/1122 216/365/1122
f 655/640/1123 215/367/1123 216/365/1123
f 212/510/1124 656/630/1124 651/629/1124
f 656/630/1125 657/641/1125 651/629/1125
f 651/629/1126 657/641/1126 652/637/1126
f 657/641/1127 658/642/1127 652/637/1127
f 652/637/1128 658/642/1128 653/638/1128
f 658/642/1129 659/643/1129 653/638/1129
f 653/638/1130 659/643/1130 654/639/1130
f 659/643/1131 660/644/1131 654/639/1131
f 654/639/1132 660/644/1132 655/640/1132
f 660/644/1133 661/645/1133 655/640/1133
f 655/640/1134 661/645/1134 215/367/1134
f 661/645/1135 214/153/1135 215/367/1135
f 213/140/1136 164/133/1136 656/630/1136
f 164/133/1137 163/646/1137 656/630/1137
f 656/630/1138 163/646/1138 657/641/1138
f 163/646/1139 162/647/1139 657/641/1139
f 657/641/1140 162/647/1140 658/642/1140
f 162/647/1141 161/56/1141 658/642/1141
f 658/642/1142 161/56/1142 659/643/1142
f 161/56/1143 160/648/1143 659/643/1143
f 659/643/1144 160/648/1144 660/644/1144
f 160/648/1145 159/649/1145 660/644/1145
f 660/644/1146 159/649/1146 661/645/1146
f 159/649/1147 158/650/1147 661/645/1147
f 661/645/1148 158/650/1148 214/153/1148
f 158/650/1149 130/76/1149 214/153/1149
f 171/651/1150 206/147/1150 130/76/1150
f 170/652/1151 662/653/1151 171/651/1151
f 169/654/1152 663/655/1152 170/652/1152
f 168/65/1153 665/656/1153 169/654/1153
f 167/657/1154 668/658/1154 168/65/1154
f 166/659/1155 672/660/1155 167/657/1155
f 165/139/1156 677/661/1156 166/659/1156
f 171/651/1157 662/653/1157 206/147/1157
f 662/653/1158 205/536/1158 206/147/1158
f 170/652/1159 663/655/1159 662/653/1159
f 663/655/1160 664/662/1160 662/653/1160
f 662/653/1161 664/662/1161 205/536/1161
f 664/662/1162 204/537/1162 205/536/1162
f 169/654/1163 665/656/1163 663/655/1163
f 665/656/1164 666/663/1164 663/655/1164
f 663/655/1165 666/663/1165 664/662/1165
f 666/663/1166 667/664/1166 664/662/1166
f 664/662/1167 667/664/1167 204/537/1167
f 667/664/1168 203/77/1168 204/537/1168
f 168/65/1169 668/658/1169 665/656/1169
f 668/658/1170 669/665/1170 665/656/1170
f 665/656/1171 669/665/1171 666/663/1171
f 669/665/1172 670/666/1172 666/663/1172
f 666/663/1173 670/666/1173 667/664/1173
f 670/666/1174 671/667/1174 667/664/1174
f 667/664/1175 671/667/1175 203/77/1175
f 671/667/1176 202/538/1176 203/77/1176
f 167/657/1177 672/660/1177 668/658/1177
f 672/660/1178 673/668/1178 668/658/1178
f 668/658/1179 673/668/1179 669/665/1179
f 673/668/1180 674/669/1180 669/665/1180
f 669/665/1181 674/669/1181 670/666/1181
f 674/669/1182 675/670/1182 670/666/1182
f 670/666/1183 675/670/1183 671/667/1183
f 675/670/1184 676/671/1184 671/667/1184
f 671/667/1185 676/671/1185 202/538/1185
f 676/671/1186 201/539/1186 202/538/1186
f 166/659/1187 677/661/1187 672/660/1187
f 677/661/1188 678/672/1188 672/660/1188
f 672/660/1189 678/672/1189 673/668/1189
f 678/672/1190 679/673/1190 673/668/1190
f 673/668/1191 679/673/1191 674/669/1191
f 679/673/1192 680/674/1192 674/669/1192
f 674/669/1193 680/674/1193 675/670/1193
f 680/674/1194 681/675/1194 675/670/1194
f 675/670/1195 681/675/1195 676/671/1195
f 681/675/1196 682/676/1196 676/671/1196
f 676/671/1197 682/676/1197 201/539/1197
f 682/676/1198 200/540/1198 201/539/1198
f 165/139/1199 192/138/1199 677/661/1199
f 192/138/1200 191/677/1200 677/661/1200
f 677/661/1201 191/677/1201 678/672/1201
f 191/677/1202 190/678/1202 678/672/1202
f 678/672/1203 190/678/1203 679/673/1203
f 190/678/1204 189/679/1204 679/673/1204
f 679/673/1205 189/679/1205 680/674/1205
f 189/679/1206 188/680/1206 680/674/1206
f 680/674/1207 188/680/1207 681/675/1207
f 188/680/1208 187/681/1208 681/675/1208
f 681/675/1209 187/681/1209 682/676/1209
f 187/681/1210 186/682/1210 682/676/1210
f 682/676/1211 186/682/1211 200/540/1211
f 186/682/1212 129/73/1212 200/540/1212
f 186/683/1213 199/145/1213 129/73/1213
f 187/684/1214 683/685/1214 186/683/1214
f 188/686/1215 684/687/1215 187/684/1215
f 189/62/1216 686/688/1216 188/686/1216
f 190/689/1217 689/690/1217 189/62/1217
f 191/691/1218 693/692/1218 190/689/1218
f 192/137/1219 698/693/1219 191/691/1219
f 186/683/1220 683/685/1220 199/145/1220
f 683/685/1221 198/562/1221 199/145/1221
f 187/684/1222 684/687/1222 683/685/1222
f 684/687/1223 685/694/1223 683/685/1223
f 683/685/1224 685/694/1224 198/562/1224
f 685/694/1225 197/563/1225 198/562/1225
f 188/686/1226 686/688/1226 684/687/1226
f 686/688/1227 687/695/1227 684/687/1227
f 684/687/1228 687/695/1228 685/694/1228
f 687/695/1229 688/696/1229 685/694/1229
f 685/694/1230 688/696/1230 197/563/1230
f 688/696/1231 196/74/1231 197/563/1231
f 189/62/1232 689/690/1232 686/688/1232
f 689/690/1233 690/697/1233 686/688/1233
f 686/688/1234 690/697/1234 687/695/1234
f 690/697/1235 691/698/1235 687/695/1235
f 687/695/1236 691/698/1236 688/696/1236
f 691/698/1237 692/699/1237 688/696/1237
f 688/696/1238 692/699/1238 196/74/1238
f 692/699/1239 195/564/1239 196/74/1239
f 190/689/1240 693/692/1240 689/690/1240
f 693/692/1241 694/700/1241 689/690/1241
f 689/690/1242 694/700/1242 690/697/1242
f 694/700/1243 695/701/1243 690/697/1243
f 690/697/1244 695/701/1244 691/698/1244
f 695/701/1245 696/702/1245 691/698/1245
f 691/698/1246 696/702/1246 692/699/1246
f 696/702/1247 697/703/1247 692/699/1247
f 692/699/1248 697/703/1248 195/564/1248
f 697/703/1249 194/565/1249 195/564/1249
f 191/691/1250 698/693/1250 693/692/1250
f 698/693/1251 699/704/1251 693/692/1251
f 693/692/1252 699/704/1252 694/700/1252
f 699/704/1253 700/705/1253 694/700/1253
f 694/700/1254 700/705/1254 695/701/1254
f 700/705/1255 701/706/1255 695/701/1255
f 695/701/1256 701/706/1256 696/702/1256
f 701/706/1257 702/707/1257 696/702/1257
f 696/702/1258 702/707/1258 697/703/1258
f 702/707/1259 703/708/1259 697/703/1259
f 697/703/1260 703/708/1260 194/565/1260
f 703/708/1261 193/566/1261 194/565/1261
f 192/137/1262 178/136/1262 698/693/1262
f 178/136/1263 177/709/1263 698/693/1263
f 698/693/1264 177/709/1264 699/704/1264
f 177/709/1265 176/710/1265 699/704/1265
f 699/704/1266 176/710/1266 700/705/1266
f 176/710/1267 175/61/1267 700/705/1267
f 700/705/1268 175/61/1268 701/706/1268
f 175/61/1269 174/711/1269 701/706/1269
f 701/706/1270 174/711/1270 702/707/1270
f 174/711/1271 173/712/1271 702/707/1271
f 702/707/1272 173/712/1272 703/708/1272
f 173/712/1273 172/713/1273 703/708/1273
f 703/708/1274 172/713/1274 193/566/1274
f 172/713/1275 128/70/1275 193/566/1275
f 172/714/1276 185/143/1276 128/70/1276
f 173/715/1277 704/716/1277 172/714/1277
f 174/717/1278 705/718/1278 173/715/1278
f 175/59/1279 707/719/1279 174/717/1279
f 176/720/1280 710/721/1280 175/59/1280
f 177/722/1281 714/723/1281 176/720/1281
f 178/135/1282 719/724/1282 177/722/1282
f 172/714/1283 704/716/1283 185/143/1283
f 704/716/1284 184/594/1284 185/143/1284
f 173/715/1285 705/718/1285 704/716/1285
f 705/718/1286 706/725/1286 704/716/1286
f 704/716/1287 706/725/1287 184/594/1287
f 706/725/1288 183/595/1288 184/594/1288
f 174/717/1289 707/719/1289 705/718/1289
f 707/719/1290 708/726/1290 705/718/1290
f 705/718/1291 708/726/1291 706/725/1291
f 708/726/1292 709/727/1292 706/725/1292
f 706/725/1293 709/727/1293 183/595/1293
f 709/727/1294 182/71/1294 183/595/1294
f 175/59/1295 710/721/1295 707/719/1295
f 710/721/1296 711/728/1296 707/719/1296
f 707/719/1297 711/728/1297 708/726/1297
f 711/728/1298 712/729/1298 708/726/1298
f 708/726/1299 712/729/1299 709/727/1299
f 712/729/1300 713/730/1300 709/727/1300
f 709/727/1301 713/730/1301 182/71/1301
f 713/730/1302 181/596/1302 182/71/1302
f 176/720/1303 714/723/1303 710/721/1303
f 714/723/1304 715/731/1304 710/721/1304
f 710/721/1305 715/731/1305 711/728/1305
f 715/731/1306 716/732/1306 711/728/1306
f 711/728/1307 716/732/1307 712/729/1307
f 716/732/1308 717/733/1308 712/729/1308
f 712/729/1309 717/733/1309 713/730/1309
f 717/733/1310 718/734/1310 713/730/1310
f 713/730/1311 718/734/1311 181/596/1311
f 718/734/1312 180/597/1312 181/596/1312
f 177/722/1313 719/724/1313 714/723/1313
f 719/724/1314 720/735/1314 714/723/1314
f 714/723/1315 720/735/1315 715/731/1315
f 720/735/1316 721/736/1316 715/731/1316
f 715/731/1317 721/736/1317 716/732/1317
f 721/736/1318 722/737/1318 716/732/1318
f 716/732/1319 722/737/1319 717/733/1319
f 722/737/1320 723/738/1320 717/733/1320
f 717/733/1321 723/738/1321 718/734/1321
f 723/738/1322 724/739/1322 718/734/1322
f 718/734/1323 724/739/1323 180/597/1323
f 724/739/1324 179/598/1324 180/597/1324
f 178/135/1325 143/134/1325 719/724/1325
f 143/134/1326 142/740/1326 719/724/1326
f 719/724/1327 142/740/1327 720/735/1327
f 142/740/1328 141/741/1328 720/735/1328
f 720/735/1329 141/741/1329 721/736/1329
f 141/741/1330 140/58/1330 721/736/1330
f 721/736/1331 140/58/1331 722/737/1331
f 140/58/1332 139/742/1332 722/737/1332
f 722/737/1333 139/742/1333 723/738/1333
f 139/742/1334 138/743/1334 723/738/1334
f 723/738/1335 138/743/1335 724/739/1335
f 138/743/1336 137/744/1336 724/739/1336
f 724/739/1337 137/744/1337 179/598/1337
f 137/744/1338 127/111/1338 179/598/1338
f 158/650/1339 171/745/1339 130/76/1339
f 159/649/1340 725/746/1340 158/650/1340
f 160/648/1341 726/747/1341 159/649/1341
f 161/56/1342 728/748/1342 160/648/1342
f 162/647/1343 731/749/1343 161/56/1343
f 163/646/1344 735/750/1344 162/647/1344
f 164/133/1345 740/751/1345 163/646/1345
f 158/650/1346 725/746/1346 171/745/1346
f 725/746/1347 170/752/1347 171/745/1347
f 159/649/1348 726/747/1348 725/746/1348
f 726/747/1349 727/753/1349 725/746/1349
f 725/746/1350 727/753/1350 170/752/1350
f 727/753/1351 169/754/1351 170/752/1351
f 160/648/1352 728/748/1352 726/747/1352
f 728/748/1353 729/755/1353 726/747/1353
f 726/747/1354 729/755/1354 727/753/1354
f 729/755/1355 730/756/1355 727/753/1355
f 727/753/1356 730/756/1356 169/754/1356
f 730/756/1357 168/112/1357 169/754/1357
f 161/56/1358 731/749/1358 728/748/1358
f 731/749/1359 732/757/1359 728/748/1359
f 728/748/1360 732/757/1360 729/755/1360
f 732/757/1361 733/758/1361 729/755/1361
f 729/755/1362 733/758/1362 730/756/1362
f 733/758/1363 734/759/1363 730/756/1363
f 730/756/1364 734/759/1364 168/112/1364
f 734/759/1365 167/760/1365 168/112/1365
f 162/647/1366 735/750/1366 731/749/1366
f 735/750/1367 736/761/1367 731/749/1367
f 731/749/1368 736/761/1368 732/757/1368
f 736/761/1369 737/762/1369 732/757/1369
f 732/757/1370 737/762/1370 733/758/1370
f 737/762/1371 738/763/1371 733/758/1371
f 733/758/1372 738/763/1372 734/759/1372
f 738/763/1373 739/764/1373 734/759/1373
f 734/759/1374 739/764/1374 167/760/1374
f 739/764/1375 166/765/1375 167/760/1375
f 163/646/1376 740/751/1376 735/750/1376
f 740/751/1377 741/766/1377 735/750/1377
f 735/750/1378 741/766/1378 736/761/1378
f 741/766/1379 742/767/1379 736/761/1379
f 736/761/1380 742/767/1380 737/762/1380
f 742/767/1381 743/768/1381 737/762/1381
f 737/762/1382 743/768/1382 738/763/1382
f 743/768/1383 744/769/1383 738/763/1383
f 738/763/1384 744/769/1384 739/764/1384
f 744/769/1385 745/770/1385 739/764/1385
f 739/764/1386 745/770/1386 166/765/1386
f 745/770/1387 165/771/1387 166/765/1387
f 164/133/1388 150/132/1388 740/751/1388
f 150/132/1389 149/772/1389 740/751/1389
f 740/751/1390 149/772/1390 741/766/1390
f 149/772/1391 148/773/1391 741/766/1391
f 741/766/1392 148/773/1392 742/767/1392
f 148/773/1393 147/55/1393 742/767/1393
f 742/767/1394 147/55/1394 743/768/1394
f 147/55/1395 146/774/1395 743/768/1395
f 743/768/1396 146/774/1396 744/769/1396
f 146/774/1397 145/775/1397 744/769/1397
f 744/769/1398 145/775/1398 745/770/1398
f 145/775/1399 144/776/1399 745/770/1399
f 745/770/1400 144/776/1400 165/771/1400
f 144/776/1401 125/113/1401 165/771/1401
f 137/777/1402 157/141/1402 127/67/1402
f 138/778/1403 746/779/1403 137/777/1403
f 139/780/1404 747/781/1404 138/778/1404
f 140/53/1405 749/782/1405 139/780/1405
f 141/783/1406 752/784/1406 140/53/1406
f 142/785/1407 756/786/1407 141/783/1407
f 143/131/1408 761/787/1408 142/785/1408
f 137/777/1409 746/779/1409 157/141/1409
f 746/779/1410 156/620/1410 157/141/1410
f 138/778/1411 747/781/1411 746/779/1411
f 747/781/1412 748/788/1412 746/779/1412
f 746/779/1413 748/788/1413 156/620/1413
f 748/788/1414 155/621/1414 156/620/1414
f 139/780/1415 749/782/1415 747/781/1415
f 749/782/1416 750/789/1416 747/781/1416
f 747/781/1417 750/789/1417 748/788/1417
f 750/789/1418 751/790/1418 748/788/1418
f 748/788/1419 751/790/1419 155/621/1419
f 751/790/1420 154/68/1420 155/621/1420
f 140/53/1421 752/784/1421 749/782/1421
f 752/784/1422 753/791/1422 749/782/1422
f 749/782/1423 753/791/1423 750/789/1423
f 753/791/1424 754/792/1424 750/789/1424
f 750/789/1425 754/792/1425 751/790/1425
f 754/792/1426 755/793/1426 751/790/1426
f 751/790/1427 755/793/1427 154/68/1427
f 755/793/1428 153/622/1428 154/68/1428
f 141/783/1429 756/786/1429 752/784/1429
f 756/786/1430 757/794/1430 752/784/1430
f 752/784/1431 757/794/1431 753/791/1431
f 757/794/1432 758/795/1432 753/791/1432
f 753/791/1433 758/795/1433 754/792/1433
f 758/795/1434 759/796/1434 754/792/1434
f 754/792/1435 759/796/1435 755/793/1435
f 759/796/1436 760/797/1436 755/793/1436
f 755/793/1437 760/797/1437 153/622/1437
f 760/797/1438 152/623/1438 153/622/1438
f 142/785/1439 761/787/1439 756/786/1439
f 761/787/1440 762/798/1440 756/786/1440
f 756/786/1441 762/798/1441 757/794/1441
f 762/798/1442 763/799/1442 757/794/1442
f 757/794/1443 763/799/1443 758/795/1443
f 763/799/1444 764/800/1444 758/795/1444
f 758/795/1445 764/800/1445 759/796/1445
f 764/800/1446 765/801/1446 759/796/1446
f 759/796/1447 765/801/1447 760/797/1447
f 765/801/1448 766/802/1448 760/797/1448
f 760/797/1449 766/802/1449 152/623/1449
f 766/802/1450 151/624/1450 152/623/1450
f 143/131/1451 144/130/1451 761/787/1451
f 144/130/1452 145/803/1452 761/787/1452
f 761/787/1453 145/803/1453 762/798/1453
f 145/803/1454 146/804/1454 762/798/1454
f 762/798/1455 146/804/1455 763/799/1455
f 146/804/1456 147/805/1456 763/799/1456
f 763/799/1457 147/805/1457 764/800/1457
f 147/805/1458 148/806/1458 764/800/1458
f 764/800/1459 148/806/1459 765/801/1459
f 148/806/1460 149/807/1460 765/801/1460
f 765/801/1461 149/807/1461 766/802/1461
f 149/807/1462 150/808/1462 766/802/1462
f 766/802/1463 150/808/1463 151/624/1463
f 150/808/1464 126/54/1464 151/624/1464
f 767/51/1465 780/52/1465 779/53/1465
f 768/54/1466 780/55/1466 782/56/1466
f 767/57/1467 779/58/1467 784/59/1467
f 767/60/1468 784/61/1468 786/62/1468
f 767/63/1469 786/64/1469 783/65/1469
f 768/54/1470 782/56/1470 789/66/1470
f 769/67/1471 781/68/1471 791/69/1471
f 770/70/1472 785/71/1472 793/72/1472
f 771/73/1473 787/74/1473 795/75/1473
f 772/76/1474 788/77/1474 797/78/1474
f 768/54/1475 789/66/1475 792/79/1475
f 769/67/1476 791/69/1476 794/80/1476
f 770/70/27 793/72/27 796/81/27
f 771/73/1477 795/75/1477 798/82/1477
f 772/76/1478 797/78/1478 790/83/1478
f 773/84/1479 799/85/1479 804/86/1479
f 774/87/1480 800/88/1480 806/89/1480
f 775/90/1481 801/91/1481 807/92/1481
f 776/93/1482 802/94/1482 808/95/1482
f 777/96/1483 803/97/1483 805/98/1483
f 805/98/1484 808/99/1484 778/100/1484
f 805/98/1485 803/97/1485 808/99/1485
f 803/97/1486 776/93/1486 808/99/1486
f 808/95/1487 807/101/1487 778/102/1487
f 808/95/1488 802/94/1488 807/101/1488
f 802/94/1489 775/90/1489 807/101/1489
f 807/92/41 806/103/41 778/104/41
f 807/92/42 801/91/42 806/103/42
f 801/91/1490 774/105/1490 806/103/1490
f 806/89/1491 804/106/1491 778/107/1491
f 806/89/1492 800/88/1492 804/106/1492
f 800/88/1493 773/84/1493 804/106/1493
f 804/86/1494 805/108/1494 778/109/1494
f 804/86/1495 799/85/1495 805/108/1495
f 799/85/1496 777/96/1496 805/108/1496
f 790/83/1497 803/97/1497 777/96/1497
f 790/83/1498 797/78/1498 803/97/1498
f 797/78/1499 776/93/1499 803/97/1499
f 798/82/1500 802/94/1500 776/93/1500
f 798/82/1501 795/75/1501 802/94/1501
f 795/75/1502 775/90/1502 802/94/1502
f 796/81/1503 801/91/1503 775/90/1503
f 796/81/57 793/72/57 801/91/57
f 793/72/1504 774/105/1504 801/91/1504
f 794/80/1505 800/88/1505 774/87/1505
f 794/80/1506 791/69/1506 800/88/1506
f 791/69/1507 773/84/1507 800/88/1507
f 792/79/1508 799/85/1508 773/84/1508
f 792/79/1509 789/66/1509 799/85/1509
f 789/66/1510 777/96/1510 799/85/1510
f 797/78/1511 798/82/1511 776/93/1511
f 797/78/1512 788/77/1512 798/82/1512
f 788/77/1513 771/73/1513 798/82/1513
f 795/75/1514 796/81/1514 775/90/1514
f 795/75/1515 787/74/1515 796/81/1515
f 787/74/1516 770/70/1516 796/81/1516
f 793/72/1517 794/110/1517 774/105/1517
f 793/72/1518 785/71/1518 794/110/1518
f 785/71/1519 769/111/1519 794/110/1519
f 791/69/1520 792/79/1520 773/84/1520
f 791/69/1521 781/68/1521 792/79/1521
f 781/68/1522 768/54/1522 792/79/1522
f 789/66/77 790/83/77 777/96/77
f 789/66/78 782/56/78 790/83/78
f 782/56/1523 772/76/1523 790/83/1523
f 783/65/1524 788/77/1524 772/76/1524
f 783/65/1525 786/64/1525 788/77/1525
f 786/64/1526 771/73/1526 788/77/1526
f 786/62/1527 787/74/1527 771/73/1527
f 786/62/1528 784/61/1528 787/74/1528
f 784/61/1529 770/70/1529 787/74/1529
f 784/59/1530 785/71/1530 770/70/1530
f 784/59/1531 779/58/1531 785/71/1531
f 779/58/1532 769/111/1532 785/71/1532
f 782/56/1533 783/112/1533 772/76/1533
f 782/56/90 780/55/90 783/112/90
f 780/55/91 767/113/91 783/112/91
f 779/53/1534 781/68/1534 769/67/1534
f 779/53/1535 780/52/1535 781/68/1535
f 780/52/1536 768/54/1536 781/68/1536
f 809/51/1465 822/52/1465 821/53/1465
f 810/54/1466 822/55/1466 824/56/1466
f 809/57/1467 821/58/1467 826/59/1467
f 809/60/1468 826/61/1468 828/62/1468
f 809/63/1469 828/64/1469 825/65/1469
f 810/54/1470 824/56/1470 831/66/1470
f 811/67/1471 823/68/1471 833/69/1471
f 812/70/1472 827/71/1472 835/72/1472
f 813/73/1473 829/74/1473 837/75/1473
f 814/76/1474 830/77/1474 839/78/1474
f 810/54/1475 831/66/1475 834/79/1475
f 811/67/1476 833/69/1476 836/80/1476
f 812/70/27 835/72/27 838/81/27
f 813/73/1477 837/75/1477 840/82/1477
f 814/76/1478 839/78/1478 832/83/1478
f 815/84/1479 841/85/1479 846/86/1479
f 816/87/1480 842/88/1480 848/89/1480
f 817/90/1481 843/91/1481 849/92/1481
f 818/93/1482 844/94/1482 850/95/1482
f 819/96/1483 845/97/1483 847/98/1483
f 847/98/1484 850/99/1484 820/100/1484
f 847/98/1537 845/97/1537 850/99/1537
f 845/97/1486 818/93/1486 850/99/1486
f 850/95/1487 849/101/1487 820/102/1487
f 850/95/1488 844/94/1488 849/101/1488
f 844/94/1489 817/90/1489 849/101/1489
f 849/92/41 848/103/41 820/104/41
f 849/92/42 843/91/42 848/103/42
f 843/91/1490 816/105/1490 848/103/1490
f 848/89/1491 846/106/1491 820/107/1491
f 848/89/1492 842/88/1492 846/106/1492
f 842/88/1493 815/84/1493 846/106/1493
f 846/86/1494 847/108/1494 820/109/1494
f 846/86/1495 841/85/1495 847/108/1495
f 841/85/1496 819/96/1496 847/108/1496
f 832/83/1497 845/97/1497 819/96/1497
f 832/83/1498 839/78/1498 845/97/1498
f 839/78/1499 818/93/1499 845/97/1499
f 840/82/1500 844/94/1500 818/93/1500
f 840/82/1501 837/75/1501 844/94/1501
f 837/75/1502 817/90/1502 844/94/1502
f 838/81/1503 843/91/1503 817/90/1503
f 838/81/57 835/72/57 843/91/57
f 835/72/1504 816/105/1504 843/91/1504
f 836/80/1505 842/88/1505 816/87/1505
f 836/80/1506 833/69/1506 842/88/1506
f 833/69/1507 815/84/1507 842/88/1507
f 834/79/1538 841/85/1538 815/84/1538
f 834/79/1509 831/66/1509 841/85/1509
f 831/66/1510 819/96/1510 841/85/1510
f 839/78/1511 840/82/1511 818/93/1511
f 839/78/1512 830/77/1512 840/82/1512
f 830/77/1513 813/73/1513 840/82/1513
f 837/75/1514 838/81/1514 817/90/1514
f 837/75/1515 829/74/1515 838/81/1515
f 829/74/1516 812/70/1516 838/81/1516
f 835/72/1517 836/110/1517 816/105/1517
f 835/72/1518 827/71/1518 836/110/1518
f 827/71/1519 811/111/1519 836/110/1519
f 833/69/1520 834/79/1520 815/84/1520
f 833/69/1521 823/68/1521 834/79/1521
f 823/68/1522 810/54/1522 834/79/1522
f 831/66/77 832/83/77 819/96/77
f 831/66/78 824/56/78 832/83/78
f 824/56/1523 814/76/1523 832/83/1523
f 825/65/1524 830/77/1524 814/76/1524
f 825/65/1525 828/64/1525 830/77/1525
f 828/64/1526 813/73/1526 830/77/1526
f 828/62/1527 829/74/1527 813/73/1527
f 828/62/1528 826/61/1528 829/74/1528
f 826/61/1529 812/70/1529 829/74/1529
f 826/59/1530 827/71/1530 812/70/1530
f 826/59/1539 821/58/1539 827/71/1539
f 821/58/1532 811/111/1532 827/71/1532
f 824/56/1533 825/112/1533 814/76/1533
f 824/56/90 822/55/90 825/112/90
f 822/55/91 809/113/91 825/112/91
f 821/53/1534 823/68/1534 811/67/1534
f 821/53/1535 822/52/1535 823/68/1535
f 822/52/1536 810/54/1536 823/68/1536
f 851/14/1540 863/809/1540 864/810/1540 852/811/1540
f 852/811/1541 864/810/1541 865/812/1541 853/813/1541
f 853/813/1542 865/812/1542 866/814/1542 854/815/1542
f 854/815/1543 866/814/1543 867/816/1543 855/817/1543
f 855/817/1544 867/816/1544 868/818/1544 856/819/1544
f 856/819/1545 868/818/1545 869/820/1545 857/13/1545
f 857/821/1546 869/822/1546 870/823/1546 858/824/1546
f 858/824/1547 870/823/1547 871/825/1547 859/826/1547
f 859/826/1548 871/825/1548 872/827/1548 860/828/1548
f 860/828/1549 872/827/1549 873/829/1549 861/830/1549
f 861/830/1550 873/829/1550 874/831/1550 862/832/1550
f 862/832/1551 874/831/1551 863/809/1551 851/14/1551
f 863/809/1552 875/833/1552 876/834/1552 864/810/1552
f 864/810/1553 876/834/1553 877/835/1553 865/812/1553
f 865/812/1554 877/835/1554 878/836/1554 866/814/1554
f 866/814/1555 878/836/1555 879/837/1555 867/816/1555
f 867/816/1556 879/837/1556 880/838/1556 868/818/1556
f 868/818/1557 880/838/1557 881/839/1557 869/820/1557
f 869/822/1558 881/840/1558 882/841/1558 870/823/1558
f 870/823/1559 882/841/1559 883/842/1559 871/825/1559
f 871/825/1560 883/842/1560 884/843/1560 872/827/1560
f 872/827/1561 884/843/1561 885/844/1561 873/829/1561
f 873/829/1562 885/844/1562 886/845/1562 874/831/1562
f 874/831/1563 886/845/1563 875/833/1563 863/809/1563
f 875/833/1564 887/846/1564 888/847/1564 876/834/1564
f 876/834/1565 888/847/1565 889/848/1565 877/835/1565
f 877/835/1566 889/848/1566 890/849/1566 878/836/1566
f 878/836/1567 890/849/1567 891/850/1567 879/837/1567
f 879/837/1568 891/850/1568 892/851/1568 880/838/1568
f 880/838/1569 892/851/1569 893/852/1569 881/839/1569
f 881/840/1570 893/853/1570 894/854/1570 882/841/1570
f 882/841/1571 894/854/1571 895/855/1571 883/842/1571
f 883/842/1572 895/855/1572 896/856/1572 884/843/1572
f 884/843/1573 896/856/1573 897/857/1573 885/844/1573
f 885/844/1574 897/857/1574 898/858/1574 886/845/1574
f 886/845/1575 898/858/1575 887/846/1575 875/833/1575
f 887/846/1576 899/12/1576 900/859/1576 888/847/1576
f 888/847/1577 900/859/1577 901/860/1577 889/848/1577
f 889/848/1578 901/860/1578 902/861/1578 890/849/1578
f 890/849/1579 902/861/1579 903/862/1579 891/850/1579
f 891/850/1580 903/862/1580 904/863/1580 892/851/1580
f 892/851/1581 904/863/1581 905/11/1581 893/852/1581
f 893/853/1582 905/864/1582 906/865/1582 894/854/1582
f 894/854/1583 906/865/1583 907/866/1583 895/855/1583
f 895/855/1584 907/866/1584 908/867/1584 896/856/1584
f 896/856/1585 908/867/1585 909/868/1585 897/857/1585
f 897/857/1586 909/868/1586 910/869/1586 898/858/1586
f 898/858/1587 910/869/1587 899/12/1587 887/846/1587
f 899/12/1588 911/870/1588 912/871/1588 900/859/1588
f 900/859/1589 912/871/1589 913/872/1589 901/860/1589
f 901/860/1590 913/872/1590 914/873/1590 902/861/1590
f 902/861/1591 914/873/1591 915/874/1591 903/862/1591
f 903/862/1592 915/874/1592 916/875/1592 904/863/1592
f 904/863/1593 916/875/1593 917/876/1593 905/11/1593
f 905/864/1594 917/877/1594 918/878/1594 906/865/1594
f 906/865/1595 918/878/1595 919/879/1595 907/866/1595
f 907/866/1596 919/879/1596 920/880/1596 908/867/1596
f 908/867/1597 920/880/1597 921/881/1597 909/868/1597
f 909/868/1598 921/881/1598 922/882/1598 910/869/1598
f 910/869/1599 922/882/1599 911/870/1599 899/12/1599
f 911/870/1600 923/117/1600 924/883/1600 912/871/1600
f 912/871/1601 924/883/1601 925/884/1601 913/872/1601
f 913/872/1602 925/884/1602 926/885/1602 914/873/1602
f 914/873/1603 926/885/1603 927/886/1603 915/874/1603
f 915/874/1604 927/886/1604 928/887/1604 916/875/1604
f 916/875/1605 928/887/1605 929/116/1605 917/876/1605
f 917/877/1606 929/888/1606 930/889/1606 918/878/1606
f 918/878/1607 930/889/1607 931/890/1607 919/879/1607
f 919/879/1608 931/890/1608 932/891/1608 920/880/1608
f 920/880/1609 932/891/1609 933/892/1609 921/881/1609
f 921/881/1610 933/892/1610 934/893/1610 922/882/1610
f 922/882/1611 934/893/1611 923/117/1611 911/870/1611
f 923/117/1612 935/894/1612 936/895/1612 924/883/1612
f 924/883/1613 936/895/1613 937/896/1613 925/884/1613
f 925/884/1614 937/896/1614 938/897/1614 926/885/1614
f 926/885/1615 938/897/1615 939/898/1615 927/886/1615
f 927/886/1616 939/898/1616 940/899/1616 928/887/1616
f 928/887/1617 940/899/1617 941/900/1617 929/116/1617
f 929/888/1618 941/901/1618 942/902/1618 930/889/1618
f 930/889/1619 942/902/1619 943/903/1619 931/890/1619
f 931/890/1620 943/903/1620 944/904/1620 932/891/1620
f 932/891/1621 944/904/1621 945/905/1621 933/892/1621
f 933/892/1622 945/905/1622 946/906/1622 934/893/1622
f 934/893/1623 946/906/1623 935/894/1623 923/117/1623
f 935/894/1624 947/10/1624 948/907/1624 936/895/1624
f 936/895/1625 948/907/1625 949/908/1625 937/896/1625
f 937/896/1626 949/908/1626 950/909/1626 938/897/1626
f 938/897/1627 950/909/1627 951/910/1627 939/898/1627
f 939/898/1628 951/910/1628 952/911/1628 940/899/1628
f 940/899/1629 952/911/1629 953/9/1629 941/900/1629
f 941/901/1630 953/912/1630 954/913/1630 942/902/1630
f 942/902/1631 954/913/1631 955/914/1631 943/903/1631
f 943/903/1632 955/914/1632 956/915/1632 944/904/1632
f 944/904/1633 956/915/1633 957/916/1633 945/905/1633
f 945/905/1634 957/916/1634 958/917/1634 946/906/1634
f 946/906/1635 958/917/1635 947/10/1635 935/894/1635
f 947/10/1636 959/918/1636 960/919/1636 948/907/1636
f 948/907/1637 960/919/1637 961/920/1637 949/908/1637
f 949/908/1638 961/920/1639 962/921/1640 950/909/1638
f 950/909/1641 962/921/1642 963/922/1643 951/910/1641
f 951/910/1644 963/922/1644 964/923/1644 952/911/1644
f 952/911/1645 964/923/1645 965/924/1645 953/9/1645
f 953/912/1646 965/925/1646 966/926/1646 954/913/1646
f 954/913/1647 966/926/1647 967/927/1647 955/914/1647
f 955/914/1648 967/927/1649 968/928/1650 956/915/1648
f 956/915/1651 968/928/1652 969/929/1653 957/916/1651
f 957/916/1654 969/929/1654 970/930/1654 958/917/1654
f 958/917/1655 970/930/1655 959/918/1655 947/10/1655
f 959/918/1656 971/931/1656 972/932/1656 960/919/1656
f 960/919/1657 972/932/1657 973/933/1657 961/920/1657
f 961/920/1639 973/933/1658 974/934/1659 962/921/1640
f 962/921/1642 974/934/1660 975/935/1661 963/922/1643
f 963/922/1662 975/935/1662 976/936/1662 964/923/1662
f 964/923/1663 976/936/1663 977/937/1663 965/924/1663
f 965/925/1664 977/938/1664 978/939/1664 966/926/1664
f 966/926/1665 978/939/1665 979/940/1665 967/927/1665
f 967/927/1649 979/940/1666 980/941/1667 968/928/1650
f 968/928/1652 980/941/1668 981/942/1669 969/929/1653
f 969/929/1670 981/942/1670 982/943/1670 970/930/1670
f 970/930/1671 982/943/1671 971/931/1671 959/918/1671
f 971/931/1672 983/944/1672 984/945/1672 972/932/1672
f 972/932/1673 984/945/1673 985/946/1673 973/933/1673
f 973/933/1658 985/946/1674 986/947/1675 974/934/1659
f 974/934/1660 986/947/1676 987/948/1677 975/935/1661
f 975/935/1678 987/948/1678 988/949/1678 976/936/1678
f 976/936/1679 988/949/1679 989/950/1679 977/937/1679
f 977/938/1680 989/951/1680 990/952/1680 978/939/1680
f 978/939/1681 990/952/1681 991/953/1681 979/940/1681
f 979/940/1666 991/953/1682 992/954/1683 980/941/1667
f 980/941/1668 992/954/1684 993/955/1685 981/942/1669
f 981/942/1686 993/955/1686 994/956/1686 982/943/1686
f 982/943/1687 994/956/1687 983/944/1687 971/931/1687
f 983/944/1688 995/8/1688 996/957/1688 984/945/1688
f 984/945/1689 996/957/1689 997/958/1689 985/946/1689
f 985/946/1674 997/958/1690 998/959/1690 986/947/1675
f 986/947/1676 998/959/1691 999/960/1691 987/948/1677
f 987/948/1692 999/960/1692 1000/961/1692 988/949/1692
f 988/949/1693 1000/961/1693 1001/7/1693 989/950/1693
f 989/951/1694 1001/962/1694 1002/963/1694 990/952/1694
f 990/952/1695 1002/963/1695 1003/964/1695 991/953/1695
f 991/953/1682 1003/964/1696 1004/965/1696 992/954/1683
f 992/954/1684 1004/965/1697 1005/966/1697 993/955/1685
f 993/955/1698 1005/966/1698 1006/967/1698 994/956/1698
f 994/956/1699 1006/967/1699 995/8/1699 983/944/1699
f 995/8/1700 1007/968/1700 1008/969/1700 996/957/1700
f 996/957/1701 1008/969/1701 1009/970/1701 997/958/1701
f 997/958/1690 1009/970/1702 1010/971/1703 998/959/1690
f 998/959/1691 1010/971/1704 1011/972/1705 999/960/1691
f 999/960/1706 1011/972/1706 1012/973/1706 1000/961/1706
f 1000/961/1707 1012/973/1707 1013/974/1707 1001/7/1707
f 1001/962/1708 1013/975/1708 1014/976/1708 1002/963/1708
f 1002/963/1709 1014/976/1709 1015/977/1709 1003/964/1709
f 1003/964/1696 1015/977/1710 1016/978/1711 1004/965/1696
f 1004/965/1697 1016/978/1712 1017/979/1713 1005/966/1697
f 1005/966/1714 1017/979/1714 1018/980/1714 1006/967/1714
f 1006/967/1715 1018/980/1715 1007/968/1715 995/8/1715
f 1007/968/1716 1019/981/1716 1020/982/1716 1008/969/1716
f 1008/969/1717 1020/982/1717 1021/983/1717 1009/970/1717
f 1009/970/1702 1021/983/1718 1022/984/1719 1010/971/1703
f 1010/971/1704 1022/984/1720 1023/985/1721 1011/972/1705
f 1011/972/1722 1023/985/1722 1024/986/1722 1012/973/1722
f 1012/973/1723 1024/986/1723 1025/987/1723 1013/974/1723
f 1013/975/1724 1025/988/1724 1026/989/1724 1014/976/1724
f 1014/976/1725 1026/989/1725 1027/990/1725 1015/977/1725
f 1015/977/1710 1027/990/1726 1028/991/1727 1016/978/1711
f 1016/978/1712 1028/991/1728 1029/992/1729 1017/979/1713
f 1017/979/1730 1029/992/1730 1030/993/1730 1018/980/1730
f 1018/980/1731 1030/993/1731 1019/981/1731 1007/968/1731
f 1019/981/1732 1031/994/1732 1032/995/1732 1020/982/1732
f 1020/982/1733 1032/995/1733 1033/996/1733 1021/983/1733
f 1021/983/1718 1033/996/1734 1034/997/1735 1022/984/1719
f 1022/984/1720 1034/997/1736 1035/998/1737 1023/985/1721
f 1023/985/1738 1035/998/1738 1036/999/1738 1024/986/1738
f 1024/986/1739 1036/999/1739 1037/1000/1739 1025/987/1739
f 1025/988/1740 1037/1001/1740 1038/1002/1740 1026/989/1740
f 1026/989/1741 1038/1002/1741 1039/1003/1741 1027/990/1741
f 1027/990/1726 1039/1003/1742 1040/1004/1743 1028/991/1727
f 1028/991/1728 1040/1004/1744 1041/1005/1745 1029/992/1729
f 1029/992/1746 1041/1005/1746 1042/1006/1746 1030/993/1746
f 1030/993/1747 1042/1006/1747 1031/994/1747 1019/981/1747
f 1031/994/1748 1043/6/1748 1044/1007/1748 1032/995/1748
f 1032/995/1749 1044/1007/1749 1045/1008/1749 1033/996/1749
f 1033/996/1734 1045/1008/1750 1046/1009/1750 1034/997/1735
f 1034/997/1736 1046/1009/1751 1047/1010/1751 1035/998/1737
f 1035/998/1752 1047/1010/1752 1048/1011/1752 1036/999/1752
f 1036/999/1753 1048/1011/1753 1049/5/1753 1037/1000/1753
f 1037/1001/1754 1049/1012/1754 1050/1013/1754 1038/1002/1754
f 1038/1002/1755 1050/1013/1755 1051/1014/1755 1039/1003/1755
f 1039/1003/1742 1051/1014/1756 1052/1015/1756 1040/1004/1743
f 1040/1004/1744 1052/1015/1757 1053/1016/1757 1041/1005/1745
f 1041/1005/1758 1053/1016/1758 1054/1017/1758 1042/1006/1758
f 1042/1006/1759 1054/1017/1759 1043/6/1759 1031/994/1759
f 1043/6/1760 1055/1018/1760 1056/1019/1760 1044/1007/1760
f 1044/1007/1761 1056/1019/1761 1057/1020/1761 1045/1008/1761
f 1045/1008/1762 1057/1020/1762 1058/1021/1762 1046/1009/1762
f 1046/1009/1763 1058/1021/1763 1059/1022/1763 1047/1010/1763
f 1047/1010/1764 1059/1022/1764 1060/1023/1764 1048/1011/1764
f 1048/1011/1765 1060/1023/1765 1061/1024/1765 1049/5/1765
f 1049/1012/1766 1061/1025/1766 1062/1026/1766 1050/1013/1766
f 1050/1013/1767 1062/1026/1767 1063/1027/1767 1051/1014/1767
f 1051/1014/1768 1063/1027/1768 1064/1028/1768 1052/1015/1768
f 1052/1015/1769 1064/1028/1769 1065/1029/1769 1053/1016/1769
f 1053/1016/1770 1065/1029/1770 1066/1030/1770 1054/1017/1770
f 1054/1017/1771 1066/1030/1771 1055/1018/1771 1043/6/1771
f 1055/1018/1772 1067/115/1772 1068/1031/1772 1056/1019/1772
f 1056/1019/1773 1068/1031/1773 1069/1032/1773 1057/1020/1773
f 1057/1020/1774 1069/1032/1774 1070/1033/1774 1058/1021/1774
f 1058/1021/1775 1070/1033/1775 1071/1034/1775 1059/1022/1775
f 1059/1022/1776 1071/1034/1776 1072/1035/1776 1060/1023/1776
f 1060/1023/1777 1072/1035/1777 1073/114/1777 1061/1024/1777
f 1061/1025/1778 1073/1036/1778 1074/1037/1778 1062/1026/1778
f 1062/1026/1779 1074/1037/1779 1075/1038/1779 1063/1027/1779
f 1063/1027/1780 1075/1038/1780 1076/1039/1780 1064/1028/1780
f 1064/1028/1781 1076/1039/1781 1077/1040/1781 1065/1029/1781
f 1065/1029/1782 1077/1040/1782 1078/1041/1782 1066/1030/1782
f 1066/1030/1783 1078/1041/1783 1067/115/1783 1055/1018/1783
f 1067/115/1784 1079/1042/1784 1080/1043/1784 1068/1031/1784
f 1068/1031/1785 1080/1043/1785 1081/1044/1785 1069/1032/1785
f 1069/1032/1786 1081/1044/1786 1082/1045/1786 1070/1033/1786
f 1070/1033/1787 1082/1045/1787 1083/1046/1787 1071/1034/1787
f 1071/1034/1788 1083/1046/1788 1084/1047/1788 1072/1035/1788
f 1072/1035/1789 1084/1047/1789 1085/1048/1789 1073/114/1789
f 1073/1036/1790 1085/1049/1790 1086/1050/1790 1074/1037/1790
f 1074/1037/1791 1086/1050/1791 1087/1051/1791 1075/1038/1791
f 1075/1038/1792 1087/1051/1792 1088/1052/1792 1076/1039/1792
f 1076/1039/1793 1088/1052/1793 1089/1053/1793 1077/1040/1793
f 1077/1040/1794 1089/1053/1794 1090/1054/1794 1078/1041/1794
f 1078/1041/1795 1090/1054/1795 1079/1042/1795 1067/115/1795
f 1079/1042/1796 1091/4/1796 1092/1055/1796 1080/1043/1796
f 1080/1043/1797 1092/1055/1797 1093/1056/1797 1081/1044/1797
f 1081/1044/1798 1093/1056/1798 1094/1057/1798 1082/1045/1798
f 1082/1045/1799 1094/1057/1799 1095/1058/1799 1083/1046/1799
f 1083/1046/1800 1095/1058/1800 1096/1059/1800 1084/1047/1800
f 1084/1047/1801 1096/1059/1801 1097/3/1801 1085/1048/1801
f 1085/1049/1802 1097/1060/1802 1098/1061/1802 1086/1050/1802
f 1086/1050/1803 1098/1061/1803 1099/1062/1803 1087/1051/1803
f 1087/1051/1804 1099/1062/1804 1100/1063/1804 1088/1052/1804
f 1088/1052/1805 1100/1063/1805 1101/1064/1805 1089/1053/1805
f 1089/1053/1806 1101/1064/1806 1102/1065/1806 1090/1054/1806
f 1090/1054/1807 1102/1065/1807 1091/4/1807 1079/1042/1807
f 1091/4/1808 1103/1066/1808 1104/1067/1808 1092/1055/1808
f 1092/1055/1809 1104/1067/1809 1105/1068/1809 1093/1056/1809
f 1093/1056/1810 1105/1068/1810 1106/1069/1810 1094/1057/1810
f 1094/1057/1811 1106/1069/1811 1107/1070/1811 1095/1058/1811
f 1095/1058/1812 1107/1070/1812 1108/1071/1812 1096/1059/1812
f 1096/1059/1813 1108/1071/1813 1109/1072/1813 1097/3/1813
f 1097/1060/1814 1109/1073/1814 1110/1074/1814 1098/1061/1814
f 1098/1061/1815 1110/1074/1815 1111/1075/1815 1099/1062/1815
f 1099/1062/1816 1111/1075/1816 1112/1076/1816 1100/1063/1816
f 1100/1063/1817 1112/1076/1817 1113/1077/1817 1101/1064/1817
f 1101/1064/1818 1113/1077/1818 1114/1078/1818 1102/1065/1818
f 1102/1065/1819 1114/1078/1819 1103/1066/1819 1091/4/1819
f 1103/1066/1820 1115/1079/1820 1116/1080/1820 1104/1067/1820
f 1104/1067/1821 1116/1080/1821 1117/1081/1821 1105/1068/1821
f 1105/1068/1822 1117/1081/1822 1118/1082/1822 1106/1069/1822
f 1106/1069/1823 1118/1082/1823 1119/1083/1823 1107/1070/1823
f 1107/1070/1824 1119/1083/1824 1120/1084/1824 1108/1071/1824
f 1108/1071/1825 1120/1084/1825 1121/1085/1825 1109/1072/1825
f 1109/1073/1826 1121/1086/1826 1122/1087/1826 1110/1074/1826
f 1110/1074/1827 1122/1087/1827 1123/1088/1827 1111/1075/1827
f 1111/1075/1828 1123/1088/1828 1124/1089/1828 1112/1076/1828
f 1112/1076/1829 1124/1089/1829 1125/1090/1829 1113/1077/1829
f 1113/1077/1830 1125/1090/1830 1126/1091/1830 1114/1078/1830
f 1114/1078/1831 1126/1091/1831 1115/1079/1831 1103/1066/1831
f 1115/1079/1832 1127/1092/1832 1128/1093/1832 1116/1080/1832
f 1116/1080/1833 1128/1093/1833 1129/1094/1833 1117/1081/1833
f 1117/1081/1834 1129/1094/1834 1130/1095/1834 1118/1082/1834
f 1118/1082/1835 1130/1095/1835 1131/1096/1835 1119/1083/1835
f 1119/1083/1836 1131/1096/1836 1132/1097/1836 1120/1084/1836
f 1120/1084/1837 1132/1097/1837 1133/1098/1837 1121/1085/1837
f 1121/1086/1838 1133/1099/1838 1134/1100/1838 1122/1087/1838
f 1122/1087/1839 1134/1100/1839 1135/1101/1839 1123/1088/1839
f 1123/1088/1840 1135/1101/1840 1136/1102/1840 1124/1089/1840
f 1124/1089/1841 1136/1102/1841 1137/1103/1841 1125/1090/1841
f 1125/1090/1842 1137/1103/1842 1138/1104/1842 1126/1091/1842
f 1126/1091/1843 1138/1104/1843 1127/1092/1843 1115/1079/1843
f 1127/1092/1844 1139/1/1844 1140/1105/1844 1128/1093/1844
f 1128/1093/1845 1140/1105/1845 1141/1106/1845 1129/1094/1845
f 1129/1094/1846 1141/1106/1846 1142/1107/1846 1130/1095/1846
f 1130/1095/1847 1142/1107/1847 1143/1108/1847 1131/1096/1847
f 1131/1096/1848 1143/1108/1848 1144/1109/1848 1132/1097/1848
f 1132/1097/1849 1144/1109/1849 1145/2/1849 1133/1098/1849
f 1133/1099/1850 1145/1110/1850 1146/1111/1850 1134/1100/1850
f 1134/1100/1851 1146/1111/1851 1147/1112/1851 1135/1101/1851
f 1135/1101/1852 1147/1112/1852 1148/1113/1852 1136/1102/1852
f 1136/1102/1853 1148/1113/1853 1149/1114/1853 1137/1103/1853
f 1137/1103/1854 1149/1114/1854 1150/1115/1854 1138/1104/1854
f 1138/1104/1855 1150/1115/1855 1139/1/1855 1127/1092/1855
f 1139/38/1545 1151/1116/1545 1152/1117/1545 1140/1118/1545
f 1140/1118/1544 1152/1117/1544 1153/1119/1544 1141/1120/1544
f 1141/1120/1543 1153/1119/1543 1154/1121/1543 1142/1122/1543
f 1142/1122/1542 1154/1121/1542 1155/1123/1542 1143/1124/1542
f 1143/1124/1541 1155/1123/1541 1156/1125/1541 1144/1126/1541
f 1144/1126/1540 1156/1125/1540 1157/1127/1540 1145/37/1540
f 1145/1128/1856 1157/1129/1856 1158/1130/1856 1146/1131/1856
f 1146/1131/1550 1158/1130/1550 1159/1132/1550 1147/1133/1550
f 1147/1133/1549 1159/1132/1549 1160/1134/1549 1148/1135/1549
f 1148/1135/1548 1160/1134/1548 1161/1136/1548 1149/1137/1548
f 1149/1137/1547 1161/1136/1547 1162/1138/1547 1150/1139/1547
f 1150/1139/1857 1162/1138/1857 1151/1116/1857 1139/38/1857
f 1151/1116/1557 1163/1140/1557 1164/1141/1557 1152/1117/1557
f 1152/1117/1858 1164/1141/1858 1165/1142/1858 1153/1119/1858
f 1153/1119/1555 1165/1142/1555 1166/1143/1555 1154/1121/1555
f 1154/1121/1554 1166/1143/1554 1167/1144/1554 1155/1123/1554
f 1155/1123/1553 1167/1144/1553 1168/1145/1553 1156/1125/1553
f 1156/1125/1552 1168/1145/1552 1169/1146/1552 1157/1127/1552
f 1157/1129/1563 1169/1147/1563 1170/1148/1563 1158/1130/1563
f 1158/1130/1859 1170/1148/1859 1171/1149/1859 1159/1132/1859
f 1159/1132/1860 1171/1149/1860 1172/1150/1860 1160/1134/1860
f 1160/1134/1560 1172/1150/1560 1173/1151/1560 1161/1136/1560
f 1161/1136/1861 1173/1151/1861 1174/1152/1861 1162/1138/1861
f 1162/1138/1862 1174/1152/1862 1163/1140/1862 1151/1116/1862
f 1163/1140/1569 1175/1153/1569 1176/1154/1569 1164/1141/1569
f 1164/1141/1568 1176/1154/1568 1177/1155/1568 1165/1142/1568
f 1165/1142/1863 1177/1155/1863 1178/1156/1863 1166/1143/1863
f 1166/1143/1864 1178/1156/1864 1179/1157/1864 1167/1144/1864
f 1167/1144/1865 1179/1157/1865 1180/1158/1865 1168/1145/1865
f 1168/1145/1564 1180/1158/1564 1181/1159/1564 1169/1146/1564
f 1169/1147/1575 1181/1160/1575 1182/1161/1575 1170/1148/1575
f 1170/1148/1866 1182/1161/1866 1183/1162/1866 1171/1149/1866
f 1171/1149/1573 1183/1162/1573 1184/1163/1573 1172/1150/1573
f 1172/1150/1572 1184/1163/1572 1185/1164/1572 1173/1151/1572
f 1173/1151/1571 1185/1164/1571 1186/1165/1571 1174/1152/1571
f 1174/1152/1570 1186/1165/1570 1175/1153/1570 1163/1140/1570
f 1175/1153/1867 1187/36/1867 1188/1166/1867 1176/1154/1867
f 1176/1154/1868 1188/1166/1868 1189/1167/1868 1177/1155/1868
f 1177/1155/1579 1189/1167/1579 1190/1168/1579 1178/1156/1579
f 1178/1156/1578 1190/1168/1578 1191/1169/1578 1179/1157/1578
f 1179/1157/1869 1191/1169/1869 1192/1170/1869 1180/1158/1869
f 1180/1158/1870 1192/1170/1870 1193/35/1870 1181/1159/1870
f 1181/1160/1587 1193/1171/1587 1194/1172/1587 1182/1161/1587
f 1182/1161/1871 1194/1172/1871 1195/1173/1871 1183/1162/1871
f 1183/1162/1585 1195/1173/1585 1196/1174/1585 1184/1163/1585
f 1184/1163/1584 1196/1174/1584 1197/1175/1584 1185/1164/1584
f 1185/1164/1583 1197/1175/1583 1198/1176/1583 1186/1165/1583
f 1186/1165/1582 1198/1176/1582 1187/36/1582 1175/1153/1582
f 1187/36/1593 1199/1177/1593 1200/1178/1593 1188/1166/1593
f 1188/1166/1592 1200/1178/1592 1201/1179/1592 1189/1167/1592
f 1189/1167/1591 1201/1179/1591 1202/1180/1591 1190/1168/1591
f 1190/1168/1590 1202/1180/1590 1203/1181/1590 1191/1169/1590
f 1191/1169/1872 1203/1181/1872 1204/1182/1872 1192/1170/1872
f 1192/1170/1588 1204/1182/1588 1205/1183/1588 1193/35/1588
f 1193/1171/1873 1205/1184/1873 1206/1185/1873 1194/1172/1873
f 1194/1172/1874 1206/1185/1874 1207/1186/1874 1195/1173/1874
f 1195/1173/1597 1207/1186/1597 1208/1187/1597 1196/1174/1597
f 1196/1174/1596 1208/1187/1596 1209/1188/1596 1197/1175/1596
f 1197/1175/1595 1209/1188/1595 1210/1189/1595 1198/1176/1595
f 1198/1176/1875 1210/1189/1875 1199/1177/1875 1187/36/1875
f 1199/1177/1876 1211/125/1876 1212/1190/1876 1200/1178/1876
f 1200/1178/1604 1212/1190/1604 1213/1191/1604 1201/1179/1604
f 1201/1179/1877 1213/1191/1877 1214/1192/1877 1202/1180/1877
f 1202/1180/1602 1214/1192/1602 1215/1193/1602 1203/1181/1602
f 1203/1181/1601 1215/1193/1601 1216/1194/1601 1204/1182/1601
f 1204/1182/1600 1216/1194/1600 1217/124/1600 1205/1183/1600
f 1205/1184/1878 1217/1195/1878 1218/1196/1878 1206/1185/1878
f 1206/1185/1610 1218/1196/1610 1219/1197/1610 1207/1186/1610
f 1207/1186/1609 1219/1197/1609 1220/1198/1609 1208/1187/1609
f 1208/1187/1879 1220/1198/1879 1221/1199/1879 1209/1188/1879
f 1209/1188/1607 1221/1199/1607 1222/1200/1607 1210/1189/1607
f 1210/1189/1880 1222/1200/1880 1211/125/1880 1199/1177/1880
f 1211/125/1617 1223/1201/1617 1224/1202/1617 1212/1190/1617
f 1212/1190/1881 1224/1202/1881 1225/1203/1881 1213/1191/1881
f 1213/1191/1615 1225/1203/1615 1226/1204/1615 1214/1192/1615
f 1214/1192/1614 1226/1204/1614 1227/1205/1614 1215/1193/1614
f 1215/1193/1613 1227/1205/1613 1228/1206/1613 1216/1194/1613
f 1216/1194/1612 1228/1206/1612 1229/1207/1612 1217/124/1612
f 1217/1195/1623 1229/1208/1623 1230/1209/1623 1218/1196/1623
f 1218/1196/1622 1230/1209/1622 1231/1210/1622 1219/1197/1622
f 1219/1197/1621 1231/1210/1621 1232/1211/1621 1220/1198/1621
f 1220/1198/1620 1232/1211/1620 1233/1212/1620 1221/1199/1620
f 1221/1199/1882 1233/1212/1882 1234/1213/1882 1222/1200/1882
f 1222/1200/1618 1234/1213/1618 1223/1201/1618 1211/125/1618
f 1223/1201/1883 1235/22/1883 1236/1214/1883 1224/1202/1883
f 1224/1202/1628 1236/1214/1628 1237/1215/1628 1225/1203/1628
f 1225/1203/1884 1237/1215/1884 1238/1216/1884 1226/1204/1884
f 1226/1204/1626 1238/1216/1626 1239/1217/1626 1227/1205/1626
f 1227/1205/1625 1239/1217/1625 1240/1218/1625 1228/1206/1625
f 1228/1206/1885 1240/1218/1885 1241/21/1885 1229/1207/1885
f 1229/1208/1886 1241/1219/1886 1242/1220/1886 1230/1209/1886
f 1230/1209/1634 1242/1220/1634 1243/1221/1634 1231/1210/1634
f 1231/1210/1633 1243/1221/1633 1244/1222/1633 1232/1211/1633
f 1232/1211/1887 1244/1222/1887 1245/1223/1887 1233/1212/1887
f 1233/1212/1631 1245/1223/1631 1246/1224/1631 1234/1213/1631
f 1234/1213/1888 1246/1224/1888 1235/22/1888 1223/1201/1888
f 1235/22/1645 1247/1225/1645 1248/1226/1645 1236/1214/1645
f 1236/1214/1644 1248/1226/1644 1249/1227/1644 1237/1215/1644
f 1237/1215/1641 1249/1227/1642 1250/1228/1889 1238/1216/1641
f 1238/1216/1638 1250/1228/1639 1251/1229/1640 1239/1217/1638
f 1239/1217/1637 1251/1229/1637 1252/1230/1637 1240/1218/1637
f 1240/1218/1890 1252/1230/1890 1253/1231/1890 1241/21/1890
f 1241/1219/1891 1253/1232/1891 1254/1233/1891 1242/1220/1891
f 1242/1220/1654 1254/1233/1654 1255/1234/1654 1243/1221/1654
f 1243/1221/1651 1255/1234/1652 1256/1235/1653 1244/1222/1651
f 1244/1222/1648 1256/1235/1649 1257/1236/1650 1245/1223/1648
f 1245/1223/1647 1257/1236/1647 1258/1237/1647 1246/1224/1647
f 1246/1224/1892 1258/1237/1892 1247/1225/1892 1235/22/1892
f 1247/1225/1893 1259/1238/1893 1260/1239/1893 1248/1226/1893
f 1248/1226/1894 1260/1239/1894 1261/1240/1894 1249/1227/1894
f 1249/1227/1642 1261/1240/1895 1262/1241/1661 1250/1228/1889
f 1250/1228/1639 1262/1241/1896 1263/1242/1659 1251/1229/1640
f 1251/1229/1897 1263/1242/1897 1264/1243/1897 1252/1230/1897
f 1252/1230/1898 1264/1243/1898 1265/1244/1898 1253/1231/1898
f 1253/1232/1899 1265/1245/1899 1266/1246/1899 1254/1233/1899
f 1254/1233/1900 1266/1246/1900 1267/1247/1900 1255/1234/1900
f 1255/1234/1652 1267/1247/1668 1268/1248/1901 1256/1235/1653
f 1256/1235/1649 1268/1248/1666 1269/1249/1902 1257/1236/1650
f 1257/1236/1665 1269/1249/1665 1270/1250/1665 1258/1237/1665
f 1258/1237/1903 1270/1250/1903 1259/1238/1903 1247/1225/1903
f 1259/1238/1679 1271/1251/1679 1272/1252/1679 1260/1239/1679
f 1260/1239/1904 1272/1252/1904 1273/1253/1904 1261/1240/1904
f 1261/1240/1895 1273/1253/1676 1274/1254/1905 1262/1241/1661
f 1262/1241/1896 1274/1254/1674 1275/1255/1675 1263/1242/1659
f 1263/1242/1906 1275/1255/1906 1276/1256/1906 1264/1243/1906
f 1264/1243/1672 1276/1256/1672 1277/1257/1672 1265/1244/1672
f 1265/1245/1687 1277/1258/1687 1278/1259/1687 1266/1246/1687
f 1266/1246/1907 1278/1259/1907 1279/1260/1907 1267/1247/1907
f 1267/1247/1668 1279/1260/1684 1280/1261/1685 1268/1248/1901
f 1268/1248/1666 1280/1261/1682 1281/1262/1683 1269/1249/1902
f 1269/1249/1908 1281/1262/1908 1282/1263/1908 1270/1250/1908
f 1270/1250/1680 1282/1263/1680 1271/1251/1680 1259/1238/1680
f 1271/1251/1693 1283/20/1693 1284/1264/1693 1272/1252/1693
f 1272/1252/1909 1284/1264/1909 1285/1265/1909 1273/1253/1909
f 1273/1253/1676 1285/1265/1691 1286/1266/1691 1274/1254/1905
f 1274/1254/1674 1286/1266/1690 1287/1267/1690 1275/1255/1675
f 1275/1255/1910 1287/1267/1910 1288/1268/1910 1276/1256/1910
f 1276/1256/1688 1288/1268/1688 1289/19/1688 1277/1257/1688
f 1277/1258/1699 1289/1269/1699 1290/1270/1699 1278/1259/1699
f 1278/1259/1911 1290/1270/1911 1291/1271/1911 1279/1260/1911
f 1279/1260/1684 1291/1271/1697 1292/1272/1697 1280/1261/1685
f 1280/1261/1682 1292/1272/1696 1293/1273/1696 1281/1262/1683
f 1281/1262/1912 1293/1273/1912 1294/1274/1912 1282/1263/1912
f 1282/1263/1913 1294/1274/1913 1283/20/1913 1271/1251/1913
f 1283/20/1707 1295/1275/1707 1296/1276/1707 1284/1264/1707
f 1284/1264/1914 1296/1276/1914 1297/1277/1914 1285/1265/1914
f 1285/1265/1691 1297/1277/1704 1298/1278/1915 1286/1266/1691
f 1286/1266/1690 1298/1278/1702 1299/1279/1916 1287/1267/1690
f 1287/1267/1917 1299/1279/1917 1300/1280/1917 1288/1268/1917
f 1288/1268/1918 1300/1280/1918 1301/1281/1918 1289/19/1918
f 1289/1269/1919 1301/1282/1919 1302/1283/1919 1290/1270/1919
f 1290/1270/1920 1302/1283/1920 1303/1284/1920 1291/1271/1920
f 1291/1271/1697 1303/1284/1712 1304/1285/1713 1292/1272/1697
f 1292/1272/1696 1304/1285/1921 1305/1286/1711 1293/1273/1696
f 1293/1273/1922 1305/1286/1922 1306/1287/1922 1294/1274/1922
f 1294/1274/1923 1306/1287/1923 1295/1275/1923 1283/20/1923
f 1295/1275/1723 1307/1288/1723 1308/1289/1723 1296/1276/1723
f 1296/1276/1924 1308/1289/1924 1309/1290/1924 1297/1277/1924
f 1297/1277/1704 1309/1290/1925 1310/1291/1721 1298/1278/1915
f 1298/1278/1702 1310/1291/1718 1311/1292/1719 1299/1279/1916
f 1299/1279/1926 1311/1292/1926 1312/1293/1926 1300/1280/1926
f 1300/1280/1716 1312/1293/1716 1313/1294/1716 1301/1281/1716
f 1301/1282/1731 1313/1295/1731 1314/1296/1731 1302/1283/1731
f 1302/1283/1927 1314/1296/1927 1315/1297/1927 1303/1284/1927
f 1303/1284/1712 1315/1297/1728 1316/1298/1729 1304/1285/1713
f 1304/1285/1921 1316/1298/1726 1317/1299/1928 1305/1286/1711
f 1305/1286/1929 1317/1299/1929 1318/1300/1929 1306/1287/1929
f 1306/1287/1724 1318/1300/1724 1307/1288/1724 1295/1275/1724
f 1307/1288/1930 1319/1301/1930 1320/1302/1930 1308/1289/1930
f 1308/1289/1931 1320/1302/1931 1321/1303/1931 1309/1290/1931
f 1309/1290/1925 1321/1303/1736 1322/1304/1737 1310/1291/1721
f 1310/1291/1718 1322/1304/1734 1323/1305/1735 1311/1292/1719
f 1311/1292/1932 1323/1305/1932 1324/1306/1932 1312/1293/1932
f 1312/1293/1933 1324/1306/1933 1325/1307/1933 1313/1294/1933
f 1313/1295/1934 1325/1308/1934 1326/1309/1934 1314/1296/1934
f 1314/1296/1935 1326/1309/1935 1327/1310/1935 1315/1297/1935
f 1315/1297/1728 1327/1310/1744 1328/1311/1745 1316/1298/1729
f 1316/1298/1726 1328/1311/1742 1329/1312/1743 1317/1299/1928
f 1317/1299/1936 1329/1312/1936 1330/1313/1936 1318/1300/1936
f 1318/1300/1937 1330/1313/1937 1319/1301/1937 1307/1288/1937
f 1319/1301/1753 1331/18/1753 1332/1314/1753 1320/1302/1753
f 1320/1302/1752 1332/1314/1752 1333/1315/1752 1321/1303/1752
f 1321/1303/1736 1333/1315/1751 1334/1316/1751 1322/1304/1737
f 1322/1304/1734 1334/1316/1750 1335/1317/1750 1323/1305/1735
f 1323/1305/1749 1335/1317/1749 1336/1318/1749 1324/1306/1749
f 1324/1306/1938 1336/1318/1938 1337/17/1938 1325/1307/1938
f 1325/1308/1939 1337/1319/1939 1338/1320/1939 1326/1309/1939
f 1326/1309/1758 1338/1320/1758 1339/1321/1758 1327/1310/1758
f 1327/1310/1744 1339/1321/1940 1340/1322/1940 1328/1311/1745
f 1328/1311/1742 1340/1322/1941 1341/1323/1941 1329/1312/1743
f 1329/1312/1755 1341/1323/1755 1342/1324/1755 1330/1313/1755
f 1330/1313/1942 1342/1324/1942 1331/18/1942 1319/1301/1942
f 1331/18/1943 1343/1325/1943 1344/1326/1943 1332/1314/1943
f 1332/1314/1764 1344/1326/1764 1345/1327/1764 1333/1315/1764
f 1333/1315/1944 1345/1327/1944 1346/1328/1944 1334/1316/1944
f 1334/1316/1762 1346/1328/1762 1347/1329/1762 1335/1317/1762
f 1335/1317/1761 1347/1329/1761 1348/1330/1761 1336/1318/1761
f 1336/1318/1945 1348/1330/1945 1349/1331/1945 1337/17/1945
f 1337/1319/1946 1349/1332/1946 1350/1333/1946 1338/1320/1946
f 1338/1320/1770 1350/1333/1770 1351/1334/1770 1339/1321/1770
f 1339/1321/1769 1351/1334/1769 1352/1335/1769 1340/1322/1769
f 1340/1322/1947 1352/1335/1947 1353/1336/1947 1341/1323/1947
f 1341/1323/1767 1353/1336/1767 1354/1337/1767 1342/1324/1767
f 1342/1324/1948 1354/1337/1948 1343/1325/1948 1331/18/1948
f 1343/1325/1949 1355/119/1949 1356/1338/1949 1344/1326/1949
f 1344/1326/1950 1356/1338/1950 1357/1339/1950 1345/1327/1950
f 1345/1327/1775 1357/1339/1775 1358/1340/1775 1346/1328/1775
f 1346/1328/1774 1358/1340/1774 1359/1341/1774 1347/1329/1774
f 1347/1329/1951 1359/1341/1951 1360/1342/1951 1348/1330/1951
f 1348/1330/1772 1360/1342/1772 1361/118/1772 1349/1331/1772
f 1349/1332/1952 1361/1343/1952 1362/1344/1952 1350/1333/1952
f 1350/1333/1953 1362/1344/1953 1363/1345/1953 1351/1334/1953
f 1351/1334/1781 1363/1345/1781 1364/1346/1781 1352/1335/1781
f 1352/1335/1780 1364/1346/1780 1365/1347/1780 1353/1336/1780
f 1353/1336/1779 1365/1347/1779 1366/1348/1779 1354/1337/1779
f 1354/1337/1778 1366/1348/1778 1355/119/1778 1343/1325/1778
f 1355/119/1954 1367/1349/1954 1368/1350/1954 1356/1338/1954
f 1356/1338/1788 1368/1350/1788 1369/1351/1788 1357/1339/1788
f 1357/1339/1955 1369/1351/1955 1370/1352/1955 1358/1340/1955
f 1358/1340/1786 1370/1352/1786 1371/1353/1786 1359/1341/1786
f 1359/1341/1785 1371/1353/1785 1372/1354/1785 1360/1342/1785
f 1360/1342/1956 1372/1354/1956 1373/1355/1956 1361/118/1956
f 1361/1343/1957 1373/1356/1957 1374/1357/1957 1362/1344/1957
f 1362/1344/1794 1374/1357/1794 1375/1358/1794 1363/1345/1794
f 1363/1345/1793 1375/1358/1793 1376/1359/1793 1364/1346/1793
f 1364/1346/1958 1376/1359/1958 1377/1360/1958 1365/1347/1958
f 1365/1347/1791 1377/1360/1791 1378/1361/1791 1366/1348/1791
f 1366/1348/1959 1378/1361/1959 1367/1349/1959 1355/119/1959
f 1367/1349/1801 1379/16/1801 1380/1362/1801 1368/1350/1801
f 1368/1350/1960 1380/1362/1960 1381/1363/1960 1369/1351/1960
f 1369/1351/1799 1381/1363/1799 1382/1364/1799 1370/1352/1799
f 1370/1352/1798 1382/1364/1798 1383/1365/1798 1371/1353/1798
f 1371/1353/1797 1383/1365/1797 1384/1366/1797 1372/1354/1797
f 1372/1354/1796 1384/1366/1796 1385/15/1796 1373/1355/1796
f 1373/1356/1961 1385/1367/1961 1386/1368/1961 1374/1357/1961
f 1374/1357/1962 1386/1368/1962 1387/1369/1962 1375/1358/1962
f 1375/1358/1805 1387/1369/1805 1388/1370/1805 1376/1359/1805
f 1376/1359/1804 1388/1370/1804 1389/1371/1804 1377/1360/1804
f 1377/1360/1963 1389/1371/1963 1390/1372/1963 1378/1361/1963
f 1378/1361/1964 1390/1372/1964 1379/16/1964 1367/1349/1964
f 1379/16/1965 1391/1373/1965 1392/1374/1965 1380/1362/1965
f 1380/1362/1812 1392/1374/1812 1393/1375/1812 1381/1363/1812
f 1381/1363/1811 1393/1375/1811 1394/1376/1811 1382/1364/1811
f 1382/1364/1810 1394/1376/1810 1395/1377/1810 1383/1365/1810
f 1383/1365/1809 1395/1377/1809 1396/1378/1809 1384/1366/1809
f 1384/1366/1966 1396/1378/1966 1397/1379/1966 1385/15/1966
f 1385/1367/1819 1397/1380/1819 1398/1381/1819 1386/1368/1819
f 1386/1368/1967 1398/1381/1967 1399/1382/1967 1387/1369/1967
f 1387/1369/1817 1399/1382/1817 1400/1383/1817 1388/1370/1817
f 1388/1370/1816 1400/1383/1816 1401/1384/1816 1389/1371/1816
f 1389/1371/1815 1401/1384/1815 1402/1385/1815 1390/1372/1815
f 1390/1372/1814 1402/1385/1814 1391/1373/1814 1379/16/1814
f 1391/1373/1825 1403/1386/1825 1404/1387/1825 1392/1374/1825
f 1392/1374/1824 1404/1387/1824 1405/1388/1824 1393/1375/1824
f 1393/1375/1823 1405/1388/1823 1406/1389/1823 1394/1376/1823
f 1394/1376/1968 1406/1389/1968 1407/1390/1968 1395/1377/1968
f 1395/1377/1969 1407/1390/1969 1408/1391/1969 1396/1378/1969
f 1396/1378/1820 1408/1391/1820 1409/1392/1820 1397/1379/1820
f 1397/1380/1831 1409/1393/1831 1410/1394/1831 1398/1381/1831
f 1398/1381/1970 1410/1394/1970 1411/1395/1970 1399/1382/1970
f 1399/1382/1829 1411/1395/1829 1412/1396/1829 1400/1383/1829
f 1400/1383/1828 1412/1396/1828 1413/1397/1828 1401/1384/1828
f 1401/1384/1971 1413/1397/1971 1414/1398/1971 1402/1385/1971
f 1402/1385/1826 1414/1398/1826 1403/1386/1826 1391/1373/1826
f 1403/1386/1837 1415/1399/1837 1416/1400/1837 1404/1387/1837
f 1404/1387/1972 1416/1400/1972 1417/1401/1972 1405/1388/1972
f 1405/1388/1835 1417/1401/1835 1418/1402/1835 1406/1389/1835
f 1406/1389/1834 1418/1402/1834 1419/1403/1834 1407/1390/1834
f 1407/1390/1833 1419/1403/1833 1420/1404/1833 1408/1391/1833
f 1408/1391/1832 1420/1404/1832 1421/1405/1832 1409/1392/1832
f 1409/1393/1843 1421/1406/1843 1422/1407/1843 1410/1394/1843
f 1410/1394/1973 1422/1407/1973 1423/1408/1973 1411/1395/1973
f 1411/1395/1974 1423/1408/1974 1424/1409/1974 1412/1396/1974
f 1412/1396/1975 1424/1409/1975 1425/1410/1975 1413/1397/1975
f 1413/1397/1839 1425/1410/1839 1426/1411/1839 1414/1398/1839
f 1414/1398/1838 1426/1411/1838 1415/1399/1838 1403/1386/1838
f 1415/1399/1849 851/14/1849 852/811/1849 1416/1400/1849
f 1416/1400/1848 852/811/1848 853/813/1848 1417/1401/1848
f 1417/1401/1847 853/813/1847 854/815/1847 1418/1402/1847
f 1418/1402/1846 854/815/1846 855/817/1846 1419/1403/1846
f 1419/1403/1845 855/817/1845 856/819/1845 1420/1404/1845
f 1420/1404/1844 856/819/1844 857/13/1844 1421/1405/1844
f 1421/1406/1976 857/821/1976 858/824/1976 1422/1407/1976
f 1422/1407/1854 858/824/1854 859/826/1854 1423/1408/1854
f 1423/1408/1853 859/826/1853 860/828/1853 1424/1409/1853
f 1424/1409/1852 860/828/1852 861/830/1852 1425/1410/1852
f 1425/1410/1851 861/830/1851 862/832/1851 1426/1411/1851
f 1426/1411/1977 862/832/1977 851/14/1977 1415/1399/1977
f 1427/14/1540 1439/809/1540 1440/810/1540 1428/811/1540
f 1428/811/1541 1440/810/1541 1441/812/1541 1429/813/1541
f 1429/813/1542 1441/812/1542 1442/814/1542 1430/815/1542
f 1430/815/1543 1442/814/1543 1443/816/1543 1431/817/1543
f 1431/817/1544 1443/816/1544 1444/818/1544 1432/819/1544
f 1432/819/1978 1444/818/1978 1445/820/1978 1433/13/1978
f 1433/821/1546 1445/822/1546 1446/823/1546 1434/824/1546
f 1434/824/1979 1446/823/1979 1447/825/1979 1435/826/1979
f 1435/826/1548 1447/825/1548 1448/827/1548 1436/828/1548
f 1436/828/1549 1448/827/1549 1449/829/1549 1437/830/1549
f 1437/830/1550 1449/829/1550 1450/831/1550 1438/832/1550
f 1438/832/1551 1450/831/1551 1439/809/1551 1427/14/1551
f 1439/809/1552 1451/833/1552 1452/834/1552 1440/810/1552
f 1440/810/1980 1452/834/1980 1453/835/1980 1441/812/1980
f 1441/812/1554 1453/835/1554 1454/836/1554 1442/814/1554
f 1442/814/1981 1454/836/1981 1455/837/1981 1443/816/1981
f 1443/816/1556 1455/837/1556 1456/838/1556 1444/818/1556
f 1444/818/1982 1456/838/1982 1457/839/1982 1445/820/1982
f 1445/822/1983 1457/840/1983 1458/841/1983 1446/823/1983
f 1446/823/1861 1458/841/1861 1459/842/1861 1447/825/1861
f 1447/825/1984 1459/842/1984 1460/843/1984 1448/827/1984
f 1448/827/1561 1460/843/1561 1461/844/1561 1449/829/1561
f 1449/829/1562 1461/844/1562 1462/845/1562 1450/831/1562
f 1450/831/1985 1462/845/1985 1451/833/1985 1439/809/1985
f 1451/833/1564 1463/846/1564 1464/847/1564 1452/834/1564
f 1452/834/1565 1464/847/1565 1465/848/1565 1453/835/1565
f 1453/835/1566 1465/848/1566 1466/849/1566 1454/836/1566
f 1454/836/1567 1466/849/1567 1467/850/1567 1455/837/1567
f 1455/837/1568 1467/850/1568 1468/851/1568 1456/838/1568
f 1456/838/1569 1468/851/1569 1469/852/1569 1457/839/1569
f 1457/840/1986 1469/853/1986 1470/854/1986 1458/841/1986
f 1458/841/1571 1470/854/1571 1471/855/1571 1459/842/1571
f 1459/842/1572 1471/855/1572 1472/856/1572 1460/843/1572
f 1460/843/1573 1472/856/1573 1473/857/1573 1461/844/1573
f 1461/844/1866 1473/857/1866 1474/858/1866 1462/845/1866
f 1462/845/1575 1474/858/1575 1463/846/1575 1451/833/1575
f 1463/846/1987 1475/12/1987 1476/859/1987 1464/847/1987
f 1464/847/1988 1476/859/1988 1477/860/1988 1465/848/1988
f 1465/848/1578 1477/860/1578 1478/861/1578 1466/849/1578
f 1466/849/1579 1478/861/1579 1479/862/1579 1467/850/1579
f 1467/850/1868 1479/862/1868 1480/863/1868 1468/851/1868
f 1468/851/1989 1480/863/1989 1481/11/1989 1469/852/1989
f 1469/853/1990 1481/864/1990 1482/865/1990 1470/854/1990
f 1470/854/1991 1482/865/1991 1483/866/1991 1471/855/1991
f 1471/855/1584 1483/866/1584 1484/867/1584 1472/856/1584
f 1472/856/1585 1484/867/1585 1485/868/1585 1473/857/1585
f 1473/857/1586 1485/868/1586 1486/869/1586 1474/858/1586
f 1474/858/1992 1486/869/1992 1475/12/1992 1463/846/1992
f 1475/12/1588 1487/870/1588 1488/871/1588 1476/859/1588
f 1476/859/1993 1488/871/1993 1489/872/1993 1477/860/1993
f 1477/860/1590 1489/872/1590 1490/873/1590 1478/861/1590
f 1478/861/1591 1490/873/1591 1491/874/1591 1479/862/1591
f 1479/862/1994 1491/874/1994 1492/875/1994 1480/863/1994
f 1480/863/1995 1492/875/1995 1493/876/1995 1481/11/1995
f 1481/864/1875 1493/877/1875 1494/878/1875 1482/865/1875
f 1482/865/1595 1494/878/1595 1495/879/1595 1483/866/1595
f 1483/866/1596 1495/879/1596 1496/880/1596 1484/867/1596
f 1484/867/1597 1496/880/1597 1497/881/1597 1485/868/1597
f 1485/868/1598 1497/881/1598 1498/882/1598 1486/869/1598
f 1486/869/1996 1498/882/1996 1487/870/1996 1475/12/1996
f 1487/870/1600 1499/117/1600 1500/883/1600 1488/871/1600
f 1488/871/1601 1500/883/1601 1501/884/1601 1489/872/1601
f 1489/872/1602 1501/884/1602 1502/885/1602 1490/873/1602
f 1490/873/1603 1502/885/1603 1503/886/1603 1491/874/1603
f 1491/874/1604 1503/886/1604 1504/887/1604 1492/875/1604
f 1492/875/1605 1504/887/1605 1505/116/1605 1493/876/1605
f 1493/877/1880 1505/888/1880 1506/889/1880 1494/878/1880
f 1494/878/1607 1506/889/1607 1507/890/1607 1495/879/1607
f 1495/879/1608 1507/890/1608 1508/891/1608 1496/880/1608
f 1496/880/1609 1508/891/1609 1509/892/1609 1497/881/1609
f 1497/881/1610 1509/892/1610 1510/893/1610 1498/882/1610
f 1498/882/1611 1510/893/1611 1499/117/1611 1487/870/1611
f 1499/117/1612 1511/894/1612 1512/895/1612 1500/883/1612
f 1500/883/1997 1512/895/1997 1513/896/1997 1501/884/1997
f 1501/884/1614 1513/896/1614 1514/897/1614 1502/885/1614
f 1502/885/1615 1514/897/1615 1515/898/1615 1503/886/1615
f 1503/886/1998 1515/898/1998 1516/899/1998 1504/887/1998
f 1504/887/1617 1516/899/1617 1517/900/1617 1505/116/1617
f 1505/888/1618 1517/901/1618 1518/902/1618 1506/889/1618
f 1506/889/1619 1518/902/1619 1519/903/1619 1507/890/1619
f 1507/890/1620 1519/903/1620 1520/904/1620 1508/891/1620
f 1508/891/1621 1520/904/1621 1521/905/1621 1509/892/1621
f 1509/892/1622 1521/905/1622 1522/906/1622 1510/893/1622
f 1510/893/1623 1522/906/1623 1511/894/1623 1499/117/1623
f 1511/894/1999 1523/10/1999 1524/907/1999 1512/895/1999
f 1512/895/2000 1524/907/2000 1525/908/2000 1513/896/2000
f 1513/896/1626 1525/908/1626 1526/909/1626 1514/897/1626
f 1514/897/1884 1526/909/1884 1527/910/1884 1515/898/1884
f 1515/898/2001 1527/910/2001 1528/911/2001 1516/899/2001
f 1516/899/1629 1528/911/1629 1529/9/1629 1517/900/1629
f 1517/901/2002 1529/912/2002 1530/913/2002 1518/902/2002
f 1518/902/1631 1530/913/1631 1531/914/1631 1519/903/1631
f 1519/903/1887 1531/914/1887 1532/915/1887 1520/904/1887
f 1520/904/1633 1532/915/1633 1533/916/1633 1521/905/1633
f 1521/905/1634 1533/916/1634 1534/917/1634 1522/906/1634
f 1522/906/2003 1534/917/2003 1523/10/2003 1511/894/2003
f 1523/10/1636 1535/918/1636 1536/919/1636 1524/907/1636
f 1524/907/1637 1536/919/1637 1537/920/1637 1525/908/1637
f 1525/908/1638 1537/920/1639 1538/921/1640 1526/909/1638
f 1526/909/1641 1538/921/1642 1539/922/1643 1527/910/1641
f 1527/910/1644 1539/922/1644 1540/923/1644 1528/911/1644
f 1528/911/2004 1540/923/2004 1541/924/2004 1529/9/2004
f 1529/912/1892 1541/925/1892 1542/926/1892 1530/913/1892
f 1530/913/1647 1542/926/1647 1543/927/1647 1531/914/1647
f 1531/914/1648 1543/927/1649 1544/928/1650 1532/915/1648
f 1532/915/1651 1544/928/1652 1545/929/1653 1533/916/1651
f 1533/916/1654 1545/929/1654 1546/930/1654 1534/917/1654
f 1534/917/2005 1546/930/2005 1535/918/2005 1523/10/2005
f 1535/918/2006 1547/931/2006 1548/932/2006 1536/919/2006
f 1536/919/2007 1548/932/2007 1549/933/2007 1537/920/2007
f 1537/920/1639 1549/933/1658 1550/934/1659 1538/921/1640
f 1538/921/1642 1550/934/2008 1551/935/1661 1539/922/1643
f 1539/922/2009 1551/935/2009 1552/936/2009 1540/923/2009
f 1540/923/2010 1552/936/2010 1553/937/2010 1541/924/2010
f 1541/925/2011 1553/938/2011 1554/939/2011 1542/926/2011
f 1542/926/1665 1554/939/1665 1555/940/1665 1543/927/1665
f 1543/927/1649 1555/940/1666 1556/941/1902 1544/928/1650
f 1544/928/1652 1556/941/1668 1557/942/2012 1545/929/1653
f 1545/929/1670 1557/942/1670 1558/943/1670 1546/930/1670
f 1546/930/2013 1558/943/2013 1547/931/2013 1535/918/2013
f 1547/931/1672 1559/944/1672 1560/945/1672 1548/932/1672
f 1548/932/2014 1560/945/2014 1561/946/2014 1549/933/2014
f 1549/933/1658 1561/946/1674 1562/947/1675 1550/934/1659
f 1550/934/2008 1562/947/1676 1563/948/1905 1551/935/1661
f 1551/935/2015 1563/948/2015 1564/949/2015 1552/936/2015
f 1552/936/1679 1564/949/1679 1565/950/1679 1553/937/1679
f 1553/938/1680 1565/951/1680 1566/952/1680 1554/939/1680
f 1554/939/1681 1566/952/1681 1567/953/1681 1555/940/1681
f 1555/940/1666 1567/953/1682 1568/954/1683 1556/941/1902
f 1556/941/1668 1568/954/1684 1569/955/1685 1557/942/2012
f 1557/942/1686 1569/955/1686 1570/956/1686 1558/943/1686
f 1558/943/1687 1570/956/1687 1559/944/1687 1547/931/1687
f 1559/944/1688 1571/8/1688 1572/957/1688 1560/945/1688
f 1560/945/2016 1572/957/2016 1573/958/2016 1561/946/2016
f 1561/946/1674 1573/958/1690 1574/959/1690 1562/947/1675
f 1562/947/1676 1574/959/1691 1575/960/1691 1563/948/1905
f 1563/948/2017 1575/960/2017 1576/961/2017 1564/949/2017
f 1564/949/1693 1576/961/1693 1577/7/1693 1565/950/1693
f 1565/951/1694 1577/962/1694 1578/963/1694 1566/952/1694
f 1566/952/1695 1578/963/1695 1579/964/1695 1567/953/1695
f 1567/953/1682 1579/964/1696 1580/965/1696 1568/954/1683
f 1568/954/1684 1580/965/1697 1581/966/1697 1569/955/1685
f 1569/955/2018 1581/966/2018 1582/967/2018 1570/956/2018
f 1570/956/2019 1582/967/2019 1571/8/2019 1559/944/2019
f 1571/8/1918 1583/968/1918 1584/969/1918 1572/957/1918
f 1572/957/2020 1584/969/2020 1585/970/2020 1573/958/2020
f 1573/958/1690 1585/970/1702 1586/971/1703 1574/959/1690
f 1574/959/1691 1586/971/1704 1587/972/1915 1575/960/1691
f 1575/960/2021 1587/972/2021 1588/973/2021 1576/961/2021
f 1576/961/1707 1588/973/1707 1589/974/1707 1577/7/1707
f 1577/962/1708 1589/975/1708 1590/976/1708 1578/963/1708
f 1578/963/1709 1590/976/1709 1591/977/1709 1579/964/1709
f 1579/964/1696 1591/977/1710 1592/978/1711 1580/965/1696
f 1580/965/1697 1592/978/1712 1593/979/1713 1581/966/1697
f 1581/966/2022 1593/979/2022 1594/980/2022 1582/967/2022
f 1582/967/1715 1594/980/1715 1583/968/1715 1571/8/1715
f 1583/968/1716 1595/981/1716 1596/982/1716 1584/969/1716
f 1584/969/2023 1596/982/2023 1597/983/2023 1585/970/2023
f 1585/970/1702 1597/983/2024 1598/984/1719 1586/971/1703
f 1586/971/1704 1598/984/1925 1599/985/1721 1587/972/1915
f 1587/972/2025 1599/985/2025 1600/986/2025 1588/973/2025
f 1588/973/1723 1600/986/1723 1601/987/1723 1589/974/1723
f 1589/975/1724 1601/988/1724 1602/989/1724 1590/976/1724
f 1590/976/1725 1602/989/1725 1603/990/1725 1591/977/1725
f 1591/977/1710 1603/990/1726 1604/991/2026 1592/978/1711
f 1592/978/1712 1604/991/1728 1605/992/2027 1593/979/1713
f 1593/979/1730 1605/992/1730 1606/993/1730 1594/980/1730
f 1594/980/1731 1606/993/1731 1595/981/1731 1583/968/1731
f 1595/981/2028 1607/994/2028 1608/995/2028 1596/982/2028
f 1596/982/2029 1608/995/2029 1609/996/2029 1597/983/2029
f 1597/983/2024 1609/996/1734 1610/997/1735 1598/984/1719
f 1598/984/1925 1610/997/1736 1611/998/1737 1599/985/1721
f 1599/985/2030 1611/998/2030 1612/999/2030 1600/986/2030
f 1600/986/2031 1612/999/2031 1613/1000/2031 1601/987/2031
f 1601/988/2032 1613/1001/2032 1614/1002/2032 1602/989/2032
f 1602/989/1741 1614/1002/1741 1615/1003/1741 1603/990/1741
f 1603/990/1726 1615/1003/1742 1616/1004/1743 1604/991/2026
f 1604/991/1728 1616/1004/1744 1617/1005/1745 1605/992/2027
f 1605/992/1746 1617/1005/1746 1618/1006/1746 1606/993/1746
f 1606/993/2033 1618/1006/2033 1607/994/2033 1595/981/2033
f 1607/994/1748 1619/6/1748 1620/1007/1748 1608/995/1748
f 1608/995/1749 1620/1007/1749 1621/1008/1749 1609/996/1749
f 1609/996/1734 1621/1008/1750 1622/1009/1750 1610/997/1735
f 1610/997/1736 1622/1009/1751 1623/1010/1751 1611/998/1737
f 1611/998/1752 1623/1010/1752 1624/1011/1752 1612/999/1752
f 1612/999/2034 1624/1011/2034 1625/5/2034 1613/1000/2034
f 1613/1001/2035 1625/1012/2035 1626/1013/2035 1614/1002/2035
f 1614/1002/1755 1626/1013/1755 1627/1014/1755 1615/1003/1755
f 1615/1003/1742 1627/1014/1756 1628/1015/1756 1616/1004/1743
f 1616/1004/1744 1628/1015/1940 1629/1016/1940 1617/1005/1745
f 1617/1005/1758 1629/1016/1758 1630/1017/1758 1618/1006/1758
f 1618/1006/2036 1630/1017/2036 1619/6/2036 1607/994/2036
f 1619/6/2037 1631/1018/2037 1632/1019/2037 1620/1007/2037
f 1620/1007/2038 1632/1019/2038 1633/1020/2038 1621/1008/2038
f 1621/1008/1762 1633/1020/1762 1634/1021/1762 1622/1009/1762
f 1622/1009/1944 1634/1021/1944 1635/1022/1944 1623/1010/1944
f 1623/1010/2039 1635/1022/2039 1636/1023/2039 1624/1011/2039
f 1624/1011/1765 1636/1023/1765 1637/1024/1765 1625/5/1765
f 1625/1012/2040 1637/1025/2040 1638/1026/2040 1626/1013/2040
f 1626/1013/1767 1638/1026/1767 1639/1027/1767 1627/1014/1767
f 1627/1014/1947 1639/1027/1947 1640/1028/1947 1628/1015/1947
f 1628/1015/1769 1640/1028/1769 1641/1029/1769 1629/1016/1769
f 1629/1016/1770 1641/1029/1770 1642/1030/1770 1630/1017/1770
f 1630/1017/2041 1642/1030/2041 1631/1018/2041 1619/6/2041
f 1631/1018/1772 1643/115/1772 1644/1031/1772 1632/1019/1772
f 1632/1019/2042 1644/1031/2042 1645/1032/2042 1633/1020/2042
f 1633/1020/1774 1645/1032/1774 1646/1033/1774 1634/1021/1774
f 1634/1021/1775 1646/1033/1775 1647/1034/1775 1635/1022/1775
f 1635/1022/2043 1647/1034/2043 1648/1035/2043 1636/1023/2043
f 1636/1023/1949 1648/1035/1949 1649/114/1949 1637/1024/1949
f 1637/1025/2044 1649/1036/2044 1650/1037/2044 1638/1026/2044
f 1638/1026/1779 1650/1037/1779 1651/1038/1779 1639/1027/1779
f 1639/1027/1780 1651/1038/1780 1652/1039/1780 1640/1028/1780
f 1640/1028/1781 1652/1039/1781 1653/1040/1781 1641/1029/1781
f 1641/1029/1782 1653/1040/1782 1654/1041/1782 1642/1030/1782
f 1642/1030/1952 1654/1041/1952 1643/115/1952 1631/1018/1952
f 1643/115/1956 1655/1042/1956 1656/1043/1956 1644/1031/1956
f 1644/1031/1785 1656/1043/1785 1657/1044/1785 1645/1032/1785
f 1645/1032/1786 1657/1044/1786 1658/1045/1786 1646/1033/1786
f 1646/1033/1787 1658/1045/1787 1659/1046/1787 1647/1034/1787
f 1647/1034/1788 1659/1046/1788 1660/1047/1788 1648/1035/1788
f 1648/1035/1789 1660/1047/1789 1661/1048/1789 1649/114/1789
f 1649/1036/2045 1661/1049/2045 1662/1050/2045 1650/1037/2045
f 1650/1037/1791 1662/1050/1791 1663/1051/1791 1651/1038/1791
f 1651/1038/1792 1663/1051/1792 1664/1052/1792 1652/1039/1792
f 1652/1039/1793 1664/1052/1793 1665/1053/1793 1653/1040/1793
f 1653/1040/1794 1665/1053/1794 1666/1054/1794 1654/1041/1794
f 1654/1041/2046 1666/1054/2046 1655/1042/2046 1643/115/2046
f 1655/1042/1796 1667/4/1796 1668/1055/1796 1656/1043/1796
f 1656/1043/2047 1668/1055/2047 1669/1056/2047 1657/1044/2047
f 1657/1044/1798 1669/1056/1798 1670/1057/1798 1658/1045/1798
f 1658/1045/1799 1670/1057/1799 1671/1058/1799 1659/1046/1799
f 1659/1046/2048 1671/1058/2048 1672/1059/2048 1660/1047/2048
f 1660/1047/2049 1672/1059/2049 1673/3/2049 1661/1048/2049
f 1661/1049/1964 1673/1060/1964 1674/1061/1964 1662/1050/1964
f 1662/1050/1803 1674/1061/1803 1675/1062/1803 1663/1051/1803
f 1663/1051/1804 1675/1062/1804 1676/1063/1804 1664/1052/1804
f 1664/1052/1805 1676/1063/1805 1677/1064/1805 1665/1053/1805
f 1665/1053/1806 1677/1064/1806 1678/1065/1806 1666/1054/1806
f 1666/1054/2050 1678/1065/2050 1667/4/2050 1655/1042/2050
f 1667/4/2051 1679/1066/2051 1680/1067/2051 1668/1055/2051
f 1668/1055/2052 1680/1067/2052 1681/1068/2052 1669/1056/2052
f 1669/1056/1810 1681/1068/1810 1682/1069/1810 1670/1057/1810
f 1670/1057/1811 1682/1069/1811 1683/1070/1811 1671/1058/1811
f 1671/1058/2053 1683/1070/2053 1684/1071/2053 1672/1059/2053
f 1672/1059/2054 1684/1071/2054 1685/1072/2054 1673/3/2054
f 1673/1060/2055 1685/1073/2055 1686/1074/2055 1674/1061/2055
f 1674/1061/2056 1686/1074/2056 1687/1075/2056 1675/1062/2056
f 1675/1062/1816 1687/1075/1816 1688/1076/1816 1676/1063/1816
f 1676/1063/1817 1688/1076/1817 1689/1077/1817 1677/1064/1817
f 1677/1064/1818 1689/1077/1818 1690/1078/1818 1678/1065/1818
f 1678/1065/2057 1690/1078/2057 1679/1066/2057 1667/4/2057
f 1679/1066/1820 1691/1079/1820 1692/1080/1820 1680/1067/1820
f 1680/1067/1821 1692/1080/1821 1693/1081/1821 1681/1068/1821
f 1681/1068/1822 1693/1081/1822 1694/1082/1822 1682/1069/1822
f 1682/1069/1823 1694/1082/1823 1695/1083/1823 1683/1070/1823
f 1683/1070/2058 1695/1083/2058 1696/1084/2058 1684/1071/2058
f 1684/1071/1825 1696/1084/1825 1697/1085/1825 1685/1072/1825
f 1685/1073/2059 1697/1086/2059 1698/1087/2059 1686/1074/2059
f 1686/1074/1827 1698/1087/1827 1699/1088/1827 1687/1075/1827
f 1687/1075/1828 1699/1088/1828 1700/1089/1828 1688/1076/1828
f 1688/1076/1829 1700/1089/1829 1701/1090/1829 1689/1077/1829
f 1689/1077/1970 1701/1090/1970 1702/1091/1970 1690/1078/1970
f 1690/1078/1831 1702/1091/1831 1691/1079/1831 1679/1066/1831
f 1691/1079/1832 1703/1092/1832 1704/1093/1832 1692/1080/1832
f 1692/1080/2060 1704/1093/2060 1705/1094/2060 1693/1081/2060
f 1693/1081/1834 1705/1094/1834 1706/1095/1834 1694/1082/1834
f 1694/1082/2061 1706/1095/2061 1707/1096/2061 1695/1083/2061
f 1695/1083/1972 1707/1096/1972 1708/1097/1972 1696/1084/1972
f 1696/1084/2062 1708/1097/2062 1709/1098/2062 1697/1085/2062
f 1697/1086/2063 1709/1099/2063 1710/1100/2063 1698/1087/2063
f 1698/1087/1839 1710/1100/1839 1711/1101/1839 1699/1088/1839
f 1699/1088/1840 1711/1101/1840 1712/1102/1840 1700/1089/1840
f 1700/1089/1841 1712/1102/1841 1713/1103/1841 1701/1090/1841
f 1701/1090/1842 1713/1103/1842 1714/1104/1842 1702/1091/1842
f 1702/1091/2064 1714/1104/2064 1703/1092/2064 1691/1079/2064
f 1703/1092/1844 1715/1/1844 1716/1105/1844 1704/1093/1844
f 1704/1093/1845 1716/1105/1845 1717/1106/1845 1705/1094/1845
f 1705/1094/1846 1717/1106/1846 1718/1107/1846 1706/1095/1846
f 1706/1095/1847 1718/1107/1847 1719/1108/1847 1707/1096/1847
f 1707/1096/1848 1719/1108/1848 1720/1109/1848 1708/1097/1848
f 1708/1097/2065 1720/1109/2065 1721/2/2065 1709/1098/2065
f 1709/1099/1850 1721/1110/1850 1722/1111/1850 1710/1100/1850
f 1710/1100/2066 1722/1111/2066 1723/1112/2066 1711/1101/2066
f 1711/1101/1852 1723/1112/1852 1724/1113/1852 1712/1102/1852
f 1712/1102/1853 1724/1113/1853 1725/1114/1853 1713/1103/1853
f 1713/1103/1854 1725/1114/1854 1726/1115/1854 1714/1104/1854
f 1714/1104/1855 1726/1115/1855 1715/1/1855 1703/1092/1855
f 1715/38/2067 1727/1116/2067 1728/1117/2067 1716/1118/2067
f 1716/1118/1544 1728/1117/1544 1729/1119/1544 1717/1120/1544
f 1717/1120/1543 1729/1119/1543 1730/1121/1543 1718/1122/1543
f 1718/1122/1542 1730/1121/1542 1731/1123/1542 1719/1124/1542
f 1719/1124/1541 1731/1123/1541 1732/1125/1541 1720/1126/1541
f 1720/1126/2068 1732/1125/2068 1733/1127/2068 1721/37/2068
f 1721/1128/1856 1733/1129/1856 1734/1130/1856 1722/1131/1856
f 1722/1131/1550 1734/1130/1550 1735/1132/1550 1723/1133/1550
f 1723/1133/1549 1735/1132/1549 1736/1134/1549 1724/1135/1549
f 1724/1135/1548 1736/1134/1548 1737/1136/1548 1725/1137/1548
f 1725/1137/1547 1737/1136/1547 1738/1138/1547 1726/1139/1547
f 1726/1139/1857 1738/1138/1857 1727/1116/1857 1715/38/1857
f 1727/1116/1557 1739/1140/1557 1740/1141/1557 1728/1117/1557
f 1728/1117/1858 1740/1141/1858 1741/1142/1858 1729/1119/1858
f 1729/1119/1555 1741/1142/1555 1742/1143/1555 1730/1121/1555
f 1730/1121/2069 1742/1143/2069 1743/1144/2069 1731/1123/2069
f 1731/1123/1553 1743/1144/1553 1744/1145/1553 1732/1125/1553
f 1732/1125/2070 1744/1145/2070 1745/1146/2070 1733/1127/2070
f 1733/1129/1985 1745/1147/1985 1746/1148/1985 1734/1130/1985
f 1734/1130/2071 1746/1148/2071 1747/1149/2071 1735/1132/2071
f 1735/1132/1860 1747/1149/1860 1748/1150/1860 1736/1134/1860
f 1736/1134/1560 1748/1150/1560 1749/1151/1560 1737/1136/1560
f 1737/1136/1861 1749/1151/1861 1750/1152/1861 1738/1138/1861
f 1738/1138/1983 1750/1152/1983 1739/1140/1983 1727/1116/1983
f 1739/1140/1569 1751/1153/1569 1752/1154/1569 1740/1141/1569
f 1740/1141/2072 1752/1154/2072 1753/1155/2072 1741/1142/2072
f 1741/1142/1567 1753/1155/1567 1754/1156/1567 1742/1143/1567
f 1742/1143/2073 1754/1156/2073 1755/1157/2073 1743/1144/2073
f 1743/1144/1565 1755/1157/1565 1756/1158/1565 1744/1145/1565
f 1744/1145/1564 1756/1158/1564 1757/1159/1564 1745/1146/1564
f 1745/1147/1575 1757/1160/1575 1758/1161/1575 1746/1148/1575
f 1746/1148/1866 1758/1161/1866 1759/1162/1866 1747/1149/1866
f 1747/1149/1573 1759/1162/1573 1760/1163/1573 1748/1150/1573
f 1748/1150/1572 1760/1163/1572 1761/1164/1572 1749/1151/1572
f 1749/1151/1571 1761/1164/1571 1762/1165/1571 1750/1152/1571
f 1750/1152/1986 1762/1165/1986 1751/1153/1986 1739/1140/1986
f 1751/1153/2074 1763/36/2074 1764/1166/2074 1752/1154/2074
f 1752/1154/2075 1764/1166/2075 1765/1167/2075 1753/1155/2075
f 1753/1155/1579 1765/1167/1579 1766/1168/1579 1754/1156/1579
f 1754/1156/1578 1766/1168/1578 1767/1169/1578 1755/1157/1578
f 1755/1157/1577 1767/1169/1577 1768/1170/1577 1756/1158/1577
f 1756/1158/1870 1768/1170/1870 1769/35/1870 1757/1159/1870
f 1757/1160/2076 1769/1171/2076 1770/1172/2076 1758/1161/2076
f 1758/1161/1871 1770/1172/1871 1771/1173/1871 1759/1162/1871
f 1759/1162/1585 1771/1173/1585 1772/1174/1585 1760/1163/1585
f 1760/1163/1584 1772/1174/1584 1773/1175/1584 1761/1164/1584
f 1761/1164/1991 1773/1175/1991 1774/1176/1991 1762/1165/1991
f 1762/1165/2077 1774/1176/2077 1763/36/2077 1751/1153/2077
f 1763/36/1593 1775/1177/1593 1776/1178/1593 1764/1166/1593
f 1764/1166/1994 1776/1178/1994 1777/1179/1994 1765/1167/1994
f 1765/1167/1591 1777/1179/1591 1778/1180/1591 1766/1168/1591
f 1766/1168/1590 1778/1180/1590 1779/1181/1590 1767/1169/1590
f 1767/1169/1993 1779/1181/1993 1780/1182/1993 1768/1170/1993
f 1768/1170/2078 1780/1182/2078 1781/1183/2078 1769/35/2078
f 1769/1171/1599 1781/1184/1599 1782/1185/1599 1770/1172/1599
f 1770/1172/1874 1782/1185/1874 1783/1186/1874 1771/1173/1874
f 1771/1173/1597 1783/1186/1597 1784/1187/1597 1772/1174/1597
f 1772/1174/1596 1784/1187/1596 1785/1188/1596 1773/1175/1596
f 1773/1175/1595 1785/1188/1595 1786/1189/1595 1774/1176/1595
f 1774/1176/1875 1786/1189/1875 1775/1177/1875 1763/36/1875
f 1775/1177/1605 1787/125/1605 1788/1190/1605 1776/1178/1605
f 1776/1178/1604 1788/1190/1604 1789/1191/1604 1777/1179/1604
f 1777/1179/1877 1789/1191/1877 1790/1192/1877 1778/1180/1877
f 1778/1180/1602 1790/1192/1602 1791/1193/1602 1779/1181/1602
f 1779/1181/1601 1791/1193/1601 1792/1194/1601 1780/1182/1601
f 1780/1182/1600 1792/1194/1600 1793/124/1600 1781/1183/1600
f 1781/1184/2079 1793/1195/2079 1794/1196/2079 1782/1185/2079
f 1782/1185/1610 1794/1196/1610 1795/1197/1610 1783/1186/1610
f 1783/1186/1609 1795/1197/1609 1796/1198/1609 1784/1187/1609
f 1784/1187/1879 1796/1198/1879 1797/1199/1879 1785/1188/1879
f 1785/1188/1607 1797/1199/1607 1798/1200/1607 1786/1189/1607
f 1786/1189/2080 1798/1200/2080 1787/125/2080 1775/1177/2080
f 1787/125/1617 1799/1201/1617 1800/1202/1617 1788/1190/1617
f 1788/1190/2081 1800/1202/2081 1801/1203/2081 1789/1191/2081
f 1789/1191/1615 1801/1203/1615 1802/1204/1615 1790/1192/1615
f 1790/1192/1614 1802/1204/1614 1803/1205/1614 1791/1193/1614
f 1791/1193/2082 1803/1205/2082 1804/1206/2082 1792/1194/2082
f 1792/1194/1612 1804/1206/1612 1805/1207/1612 1793/124/1612
f 1793/1195/1623 1805/1208/1623 1806/1209/1623 1794/1196/1623
f 1794/1196/1622 1806/1209/1622 1807/1210/1622 1795/1197/1622
f 1795/1197/1621 1807/1210/1621 1808/1211/1621 1796/1198/1621
f 1796/1198/1620 1808/1211/1620 1809/1212/1620 1797/1199/1620
f 1797/1199/1619 1809/1212/1619 1810/1213/1619 1798/1200/1619
f 1798/1200/1618 1810/1213/1618 1799/1201/1618 1787/125/1618
f 1799/1201/1883 1811/22/1883 1812/1214/1883 1800/1202/1883
f 1800/1202/2001 1812/1214/2001 1813/1215/2001 1801/1203/2001
f 1801/1203/1884 1813/1215/1884 1814/1216/1884 1802/1204/1884
f 1802/1204/2083 1814/1216/2083 1815/1217/2083 1803/1205/2083
f 1803/1205/2000 1815/1217/2000 1816/1218/2000 1804/1206/2000
f 1804/1206/1885 1816/1218/1885 1817/21/1885 1805/1207/1885
f 1805/1208/2084 1817/1219/2084 1818/1220/2084 1806/1209/2084
f 1806/1209/1634 1818/1220/1634 1819/1221/1634 1807/1210/1634
f 1807/1210/2085 1819/1221/2085 1820/1222/2085 1808/1211/2085
f 1808/1211/1887 1820/1222/1887 1821/1223/1887 1809/1212/1887
f 1809/1212/1631 1821/1223/1631 1822/1224/1631 1810/1213/1631
f 1810/1213/2086 1822/1224/2086 1811/22/2086 1799/1201/2086
f 1811/22/1645 1823/1225/1645 1824/1226/1645 1812/1214/1645
f 1812/1214/1644 1824/1226/1644 1825/1227/1644 1813/1215/1644
f 1813/1215/1641 1825/1227/1642 1826/1228/1643 1814/1216/1641
f 1814/1216/1638 1826/1228/1639 1827/1229/1640 1815/1217/1638
f 1815/1217/1637 1827/1229/1637 1828/1230/1637 1816/1218/1637
f 1816/1218/2087 1828/1230/2087 1829/1231/2087 1817/21/2087
f 1817/1219/2088 1829/1232/2088 1830/1233/2088 1818/1220/2088
f 1818/1220/1654 1830/1233/1654 1831/1234/1654 1819/1221/1654
f 1819/1221/1651 1831/1234/1652 1832/1235/1653 1820/1222/1651
f 1820/1222/1648 1832/1235/1649 1833/1236/1650 1821/1223/1648
f 1821/1223/1647 1833/1236/1647 1834/1237/1647 1822/1224/1647
f 1822/1224/1892 1834/1237/1892 1823/1225/1892 1811/22/1892
f 1823/1225/1893 1835/1238/1893 1836/1239/1893 1824/1226/1893
f 1824/1226/2009 1836/1239/2009 1837/1240/2009 1825/1227/2009
f 1825/1227/1642 1837/1240/2008 1838/1241/1661 1826/1228/1643
f 1826/1228/1639 1838/1241/1658 1839/1242/1659 1827/1229/1640
f 1827/1229/2007 1839/1242/2007 1840/1243/2007 1828/1230/2007
f 1828/1230/2089 1840/1243/2089 1841/1244/2089 1829/1231/2089
f 1829/1232/2090 1841/1245/2090 1842/1246/2090 1830/1233/2090
f 1830/1233/1900 1842/1246/1900 1843/1247/1900 1831/1234/1900
f 1831/1234/1652 1843/1247/1668 1844/1248/1669 1832/1235/1653
f 1832/1235/1649 1844/1248/1666 1845/1249/1667 1833/1236/1650
f 1833/1236/2091 1845/1249/2091 1846/1250/2091 1834/1237/2091
f 1834/1237/2092 1846/1250/2092 1835/1238/2092 1823/1225/2092
f 1835/1238/1679 1847/1251/1679 1848/1252/1679 1836/1239/1679
f 1836/1239/2093 1848/1252/2093 1849/1253/2093 1837/1240/2093
f 1837/1240/2008 1849/1253/1676 1850/1254/1905 1838/1241/1661
f 1838/1241/1658 1850/1254/1674 1851/1255/1675 1839/1242/1659
f 1839/1242/2094 1851/1255/2094 1852/1256/2094 1840/1243/2094
f 1840/1243/1672 1852/1256/1672 1853/1257/1672 1841/1244/1672
f 1841/1245/1687 1853/1258/1687 1854/1259/1687 1842/1246/1687
f 1842/1246/1907 1854/1259/1907 1855/1260/1907 1843/1247/1907
f 1843/1247/1668 1855/1260/1684 1856/1261/1685 1844/1248/1669
f 1844/1248/1666 1856/1261/1682 1857/1262/1683 1845/1249/1667
f 1845/1249/1908 1857/1262/1908 1858/1263/1908 1846/1250/1908
f 1846/1250/1680 1858/1263/1680 1847/1251/1680 1835/1238/1680
f 1847/1251/2095 1859/20/2095 1860/1264/2095 1848/1252/2095
f 1848/1252/1692 1860/1264/1692 1861/1265/1692 1849/1253/1692
f 1849/1253/1676 1861/1265/1691 1862/1266/1691 1850/1254/1905
f 1850/1254/1674 1862/1266/1690 1863/1267/1690 1851/1255/1675
f 1851/1255/2096 1863/1267/2096 1864/1268/2096 1852/1256/2096
f 1852/1256/1688 1864/1268/1688 1865/19/1688 1853/1257/1688
f 1853/1258/2019 1865/1269/2019 1866/1270/2019 1854/1259/2019
f 1854/1259/1911 1866/1270/1911 1867/1271/1911 1855/1260/1911
f 1855/1260/1684 1867/1271/1697 1868/1272/1697 1856/1261/1685
f 1856/1261/1682 1868/1272/1696 1869/1273/1696 1857/1262/1683
f 1857/1262/1912 1869/1273/1912 1870/1274/1912 1858/1263/1912
f 1858/1263/1694 1870/1274/1694 1859/20/1694 1847/1251/1694
f 1859/20/2097 1871/1275/2097 1872/1276/2097 1860/1264/2097
f 1860/1264/1706 1872/1276/1706 1873/1277/1706 1861/1265/1706
f 1861/1265/1691 1873/1277/1704 1874/1278/1915 1862/1266/1691
f 1862/1266/1690 1874/1278/1702 1875/1279/1916 1863/1267/1690
f 1863/1267/2098 1875/1279/2098 1876/1280/2098 1864/1268/2098
f 1864/1268/1700 1876/1280/1700 1877/1281/1700 1865/19/1700
f 1865/1269/1715 1877/1282/1715 1878/1283/1715 1866/1270/1715
f 1866/1270/1920 1878/1283/1920 1879/1284/1920 1867/1271/1920
f 1867/1271/1697 1879/1284/2099 1880/1285/1713 1868/1272/1697
f 1868/1272/1696 1880/1285/1921 1881/1286/1711 1869/1273/1696
f 1869/1273/1922 1881/1286/1922 1882/1287/1922 1870/1274/1922
f 1870/1274/1708 1882/1287/1708 1871/1275/1708 1859/20/1708
f 1871/1275/1723 1883/1288/1723 1884/1289/1723 1872/1276/1723
f 1872/1276/2100 1884/1289/2100 1885/1290/2100 1873/1277/2100
f 1873/1277/1704 1885/1290/1925 1886/1291/1721 1874/1278/1915
f 1874/1278/1702 1886/1291/2101 1887/1292/1719 1875/1279/1916
f 1875/1279/2102 1887/1292/2102 1888/1293/2102 1876/1280/2102
f 1876/1280/1716 1888/1293/1716 1889/1294/1716 1877/1281/1716
f 1877/1282/1731 1889/1295/1731 1890/1296/1731 1878/1283/1731
f 1878/1283/1927 1890/1296/1927 1891/1297/1927 1879/1284/1927
f 1879/1284/2099 1891/1297/1728 1892/1298/2027 1880/1285/1713
f 1880/1285/1921 1892/1298/1726 1893/1299/1727 1881/1286/1711
f 1881/1286/1929 1893/1299/1929 1894/1300/1929 1882/1287/1929
f 1882/1287/1724 1894/1300/1724 1883/1288/1724 1871/1275/1724
f 1883/1288/1930 1895/1301/1930 1896/1302/1930 1884/1289/1930
f 1884/1289/2103 1896/1302/2103 1897/1303/2103 1885/1290/2103
f 1885/1290/1925 1897/1303/1736 1898/1304/1737 1886/1291/1721
f 1886/1291/2101 1898/1304/1734 1899/1305/1735 1887/1292/1719
f 1887/1292/2029 1899/1305/2029 1900/1306/2029 1888/1293/2029
f 1888/1293/1933 1900/1306/1933 1901/1307/1933 1889/1294/1933
f 1889/1295/2104 1901/1308/2104 1902/1309/2104 1890/1296/2104
f 1890/1296/1935 1902/1309/1935 1903/1310/1935 1891/1297/1935
f 1891/1297/1728 1903/1310/1744 1904/1311/1745 1892/1298/2027
f 1892/1298/1726 1904/1311/1742 1905/1312/1743 1893/1299/1727
f 1893/1299/1936 1905/1312/1936 1906/1313/1936 1894/1300/1936
f 1894/1300/2105 1906/1313/2105 1895/1301/2105 1883/1288/2105
f 1895/1301/1753 1907/18/1753 1908/1314/1753 1896/1302/1753
f 1896/1302/1752 1908/1314/1752 1909/1315/1752 1897/1303/1752
f 1897/1303/1736 1909/1315/1751 1910/1316/1751 1898/1304/1737
f 1898/1304/1734 1910/1316/1750 1911/1317/1750 1899/1305/1735
f 1899/1305/1749 1911/1317/1749 1912/1318/1749 1900/1306/1749
f 1900/1306/1938 1912/1318/1938 1913/17/1938 1901/1307/1938
f 1901/1308/2106 1913/1319/2106 1914/1320/2106 1902/1309/2106
f 1902/1309/1758 1914/1320/1758 1915/1321/1758 1903/1310/1758
f 1903/1310/1744 1915/1321/1940 1916/1322/1940 1904/1311/1745
f 1904/1311/1742 1916/1322/1756 1917/1323/1756 1905/1312/1743
f 1905/1312/1755 1917/1323/1755 1918/1324/1755 1906/1313/1755
f 1906/1313/1942 1918/1324/1942 1907/18/1942 1895/1301/1942
f 1907/18/2107 1919/1325/2107 1920/1326/2107 1908/1314/2107
f 1908/1314/2039 1920/1326/2039 1921/1327/2039 1909/1315/2039
f 1909/1315/1944 1921/1327/1944 1922/1328/1944 1910/1316/1944
f 1910/1316/1762 1922/1328/1762 1923/1329/1762 1911/1317/1762
f 1911/1317/2038 1923/1329/2038 1924/1330/2038 1912/1318/2038
f 1912/1318/1945 1924/1330/1945 1925/1331/1945 1913/17/1945
f 1913/1319/2108 1925/1332/2108 1926/1333/2108 1914/1320/2108
f 1914/1320/1770 1926/1333/1770 1927/1334/1770 1915/1321/1770
f 1915/1321/1769 1927/1334/1769 1928/1335/1769 1916/1322/1769
f 1916/1322/1947 1928/1335/1947 1929/1336/1947 1917/1323/1947
f 1917/1323/1767 1929/1336/1767 1930/1337/1767 1918/1324/1767
f 1918/1324/2109 1930/1337/2109 1919/1325/2109 1907/18/2109
f 1919/1325/1949 1931/119/1949 1932/1338/1949 1920/1326/1949
f 1920/1326/2110 1932/1338/2110 1933/1339/2110 1921/1327/2110
f 1921/1327/1775 1933/1339/1775 1934/1340/1775 1922/1328/1775
f 1922/1328/1774 1934/1340/1774 1935/1341/1774 1923/1329/1774
f 1923/1329/1773 1935/1341/1773 1936/1342/1773 1924/1330/1773
f 1924/1330/1772 1936/1342/1772 1937/118/1772 1925/1331/1772
f 1925/1332/1952 1937/1343/1952 1938/1344/1952 1926/1333/1952
f 1926/1333/1953 1938/1344/1953 1939/1345/1953 1927/1334/1953
f 1927/1334/1781 1939/1345/1781 1940/1346/1781 1928/1335/1781
f 1928/1335/2111 1940/1346/2111 1941/1347/2111 1929/1336/2111
f 1929/1336/1779 1941/1347/1779 1942/1348/1779 1930/1337/1779
f 1930/1337/1778 1942/1348/1778 1931/119/1778 1919/1325/1778
f 1931/119/1954 1943/1349/1954 1944/1350/1954 1932/1338/1954
f 1932/1338/1788 1944/1350/1788 1945/1351/1788 1933/1339/1788
f 1933/1339/1955 1945/1351/1955 1946/1352/1955 1934/1340/1955
f 1934/1340/1786 1946/1352/1786 1947/1353/1786 1935/1341/1786
f 1935/1341/1785 1947/1353/1785 1948/1354/1785 1936/1342/1785
f 1936/1342/1956 1948/1354/1956 1949/1355/1956 1937/118/1956
f 1937/1343/2112 1949/1356/2112 1950/1357/2112 1938/1344/2112
f 1938/1344/1794 1950/1357/1794 1951/1358/1794 1939/1345/1794
f 1939/1345/1793 1951/1358/1793 1952/1359/1793 1940/1346/1793
f 1940/1346/1958 1952/1359/1958 1953/1360/1958 1941/1347/1958
f 1941/1347/1791 1953/1360/1791 1954/1361/1791 1942/1348/1791
f 1942/1348/1959 1954/1361/1959 1943/1349/1959 1931/119/1959
f 1943/1349/1801 1955/16/1801 1956/1362/1801 1944/1350/1801
f 1944/1350/2048 1956/1362/2048 1957/1363/2048 1945/1351/2048
f 1945/1351/1799 1957/1363/1799 1958/1364/1799 1946/1352/1799
f 1946/1352/1798 1958/1364/1798 1959/1365/1798 1947/1353/1798
f 1947/1353/2047 1959/1365/2047 1960/1366/2047 1948/1354/2047
f 1948/1354/2113 1960/1366/2113 1961/15/2113 1949/1355/2113
f 1949/1356/1807 1961/1367/1807 1962/1368/1807 1950/1357/1807
f 1950/1357/1962 1962/1368/1962 1963/1369/1962 1951/1358/1962
f 1951/1358/1805 1963/1369/1805 1964/1370/1805 1952/1359/1805
f 1952/1359/1804 1964/1370/1804 1965/1371/1804 1953/1360/1804
f 1953/1360/1963 1965/1371/1963 1966/1372/1963 1954/1361/1963
f 1954/1361/1964 1966/1372/1964 1955/16/1964 1943/1349/1964
f 1955/16/1965 1967/1373/1965 1968/1374/1965 1956/1362/1965
f 1956/1362/2114 1968/1374/2114 1969/1375/2114 1957/1363/2114
f 1957/1363/1811 1969/1375/1811 1970/1376/1811 1958/1364/1811
f 1958/1364/1810 1970/1376/1810 1971/1377/1810 1959/1365/1810
f 1959/1365/2115 1971/1377/2115 1972/1378/2115 1960/1366/2115
f 1960/1366/1966 1972/1378/1966 1973/1379/1966 1961/15/1966
f 1961/1367/2116 1973/1380/2116 1974/1381/2116 1962/1368/2116
f 1962/1368/1967 1974/1381/1967 1975/1382/1967 1963/1369/1967
f 1963/1369/1817 1975/1382/1817 1976/1383/1817 1964/1370/1817
f 1964/1370/1816 1976/1383/1816 1977/1384/1816 1965/1371/1816
f 1965/1371/2056 1977/1384/2056 1978/1385/2056 1966/1372/2056
f 1966/1372/2117 1978/1385/2117 1967/1373/2117 1955/16/2117
f 1967/1373/1825 1979/1386/1825 1980/1387/1825 1968/1374/1825
f 1968/1374/2058 1980/1387/2058 1981/1388/2058 1969/1375/2058
f 1969/1375/1823 1981/1388/1823 1982/1389/1823 1970/1376/1823
f 1970/1376/1822 1982/1389/1822 1983/1390/1822 1971/1377/1822
f 1971/1377/1821 1983/1390/1821 1984/1391/1821 1972/1378/1821
f 1972/1378/1820 1984/1391/1820 1985/1392/1820 1973/1379/1820
f 1973/1380/1831 1985/1393/1831 1986/1394/1831 1974/1381/1831
f 1974/1381/1970 1986/1394/1970 1987/1395/1970 1975/1382/1970
f 1975/1382/1829 1987/1395/1829 1988/1396/1829 1976/1383/1829
f 1976/1383/1828 1988/1396/1828 1989/1397/1828 1977/1384/1828
f 1977/1384/1827 1989/1397/1827 1990/1398/1827 1978/1385/1827
f 1978/1385/2059 1990/1398/2059 1979/1386/2059 1967/1373/2059
f 1979/1386/1837 1991/1399/1837 1992/1400/1837 1980/1387/1837
f 1980/1387/1972 1992/1400/1972 1993/1401/1972 1981/1388/1972
f 1981/1388/1835 1993/1401/1835 1994/1402/1835 1982/1389/1835
f 1982/1389/2118 1994/1402/2118 1995/1403/2118 1983/1390/2118
f 1983/1390/2060 1995/1403/2060 1996/1404/2060 1984/1391/2060
f 1984/1391/2119 1996/1404/2119 1997/1405/2119 1985/1392/2119
f 1985/1393/2064 1997/1406/2064 1998/1407/2064 1986/1394/2064
f 1986/1394/1973 1998/1407/1973 1999/1408/1973 1987/1395/1973
f 1987/1395/1974 1999/1408/1974 2000/1409/1974 1988/1396/1974
f 1988/1396/1975 2000/1409/1975 2001/1410/1975 1989/1397/1975
f 1989/1397/1839 2001/1410/1839 2002/1411/1839 1990/1398/1839
f 1990/1398/2063 2002/1411/2063 1991/1399/2063 1979/1386/2063
f 1991/1399/2120 1427/14/2120 1428/811/2120 1992/1400/2120
f 1992/1400/1848 1428/811/1848 1429/813/1848 1993/1401/1848
f 1993/1401/1847 1429/813/1847 1430/815/1847 1994/1402/1847
f 1994/1402/1846 1430/815/1846 1431/817/1846 1995/1403/1846
f 1995/1403/1845 1431/817/1845 1432/819/1845 1996/1404/1845
f 1996/1404/2121 1432/819/2121 1433/13/2121 1997/1405/2121
f 1997/1406/1976 1433/821/1976 1434/824/1976 1998/1407/1976
f 1998/1407/1854 1434/824/1854 1435/826/1854 1999/1408/1854
f 1999/1408/1853 1435/826/1853 1436/828/1853 2000/1409/1853
f 2000/1409/1852 1436/828/1852 1437/830/1852 2001/1410/1852
f 2001/1410/1851 1437/830/1851 1438/832/1851 2002/1411/1851
f 2002/1411/1977 1438/832/1977 1427/14/1977 1991/1399/1977
f 2003/14/1540 2015/809/1540 2016/810/1540 2004/811/1540
f 2004/811/1541 2016/810/1541 2017/812/1541 2005/813/1541
f 2005/813/2122 2017/812/2122 2018/814/2122 2006/815/2122
f 2006/815/1543 2018/814/1543 2019/816/1543 2007/817/1543
f 2007/817/1544 2019/816/1544 2020/818/1544 2008/819/1544
f 2008/819/2067 2020/818/2067 2021/820/2067 2009/13/2067
f 2009/821/1546 2021/822/1546 2022/823/1546 2010/824/1546
f 2010/824/1547 2022/823/1547 2023/825/1547 2011/826/1547
f 2011/826/1548 2023/825/1548 2024/827/1548 2012/828/1548
f 2012/828/1549 2024/827/1549 2025/829/1549 2013/830/1549
f 2013/830/1550 2025/829/1550 2026/831/1550 2014/832/1550
f 2014/832/1551 2026/831/1551 2015/809/1551 2003/14/1551
f 2015/809/2123 2027/833/2123 2028/834/2123 2016/810/2123
f 2016/810/1980 2028/834/1980 2029/835/1980 2017/812/1980
f 2017/812/1554 2029/835/1554 2030/836/1554 2018/814/1554
f 2018/814/1981 2030/836/1981 2031/837/1981 2019/816/1981
f 2019/816/1858 2031/837/1858 2032/838/1858 2020/818/1858
f 2020/818/2124 2032/838/2124 2033/839/2124 2021/820/2124
f 2021/822/1983 2033/840/1983 2034/841/1983 2022/823/1983
f 2022/823/1861 2034/841/1861 2035/842/1861 2023/825/1861
f 2023/825/1984 2035/842/1984 2036/843/1984 2024/827/1984
f 2024/827/1561 2036/843/1561 2037/844/1561 2025/829/1561
f 2025/829/1562 2037/844/1562 2038/845/1562 2026/831/1562
f 2026/831/1985 2038/845/1985 2027/833/1985 2015/809/1985
f 2027/833/2125 2039/846/2125 2040/847/2125 2028/834/2125
f 2028/834/1565 2040/847/1565 2041/848/1565 2029/835/1565
f 2029/835/2073 2041/848/2073 2042/849/2073 2030/836/2073
f 2030/836/1567 2042/849/1567 2043/850/1567 2031/837/1567
f 2031/837/1568 2043/850/1568 2044/851/1568 2032/838/1568
f 2032/838/1569 2044/851/1569 2045/852/1569 2033/839/1569
f 2033/840/2126 2045/853/2126 2046/854/2126 2034/841/2126
f 2034/841/2127 2046/854/2127 2047/855/2127 2035/842/2127
f 2035/842/1572 2047/855/1572 2048/856/1572 2036/843/1572
f 2036/843/1573 2048/856/1573 2049/857/1573 2037/844/1573
f 2037/844/1574 2049/857/1574 2050/858/1574 2038/845/1574
f 2038/845/2128 2050/858/2128 2039/846/2128 2027/833/2128
f 2039/846/2129 2051/12/2129 2052/859/2129 2040/847/2129
f 2040/847/2130 2052/859/2130 2053/860/2130 2041/848/2130
f 2041/848/1578 2053/860/1578 2054/861/1578 2042/849/1578
f 2042/849/1579 2054/861/1579 2055/862/1579 2043/850/1579
f 2043/850/1868 2055/862/1868 2056/863/1868 2044/851/1868
f 2044/851/2131 2056/863/2131 2057/11/2131 2045/852/2131
f 2045/853/1990 2057/864/1990 2058/865/1990 2046/854/1990
f 2046/854/1991 2058/865/1991 2059/866/1991 2047/855/1991
f 2047/855/1584 2059/866/1584 2060/867/1584 2048/856/1584
f 2048/856/1585 2060/867/1585 2061/868/1585 2049/857/1585
f 2049/857/2132 2061/868/2132 2062/869/2132 2050/858/2132
f 2050/858/1992 2062/869/1992 2051/12/1992 2039/846/1992
f 2051/12/1588 2063/870/1588 2064/871/1588 2052/859/1588
f 2052/859/1993 2064/871/1993 2065/872/1993 2053/860/1993
f 2053/860/1590 2065/872/1590 2066/873/1590 2054/861/1590
f 2054/861/1591 2066/873/1591 2067/874/1591 2055/862/1591
f 2055/862/1994 2067/874/1994 2068/875/1994 2056/863/1994
f 2056/863/1593 2068/875/1593 2069/876/1593 2057/11/1593
f 2057/864/1875 2069/877/1875 2070/878/1875 2058/865/1875
f 2058/865/2133 2070/878/2133 2071/879/2133 2059/866/2133
f 2059/866/1596 2071/879/1596 2072/880/1596 2060/867/1596
f 2060/867/1597 2072/880/1597 2073/881/1597 2061/868/1597
f 2061/868/2134 2073/881/2134 2074/882/2134 2062/869/2134
f 2062/869/1599 2074/882/1599 2063/870/1599 2051/12/1599
f 2063/870/2135 2075/117/2135 2076/883/2135 2064/871/2135
f 2064/871/1601 2076/883/1601 2077/884/1601 2065/872/1601
f 2065/872/1602 2077/884/1602 2078/885/1602 2066/873/1602
f 2066/873/1603 2078/885/1603 2079/886/1603 2067/874/1603
f 2067/874/1604 2079/886/1604 2080/887/1604 2068/875/1604
f 2068/875/2136 2080/887/2136 2081/116/2136 2069/876/2136
f 2069/877/2137 2081/888/2137 2082/889/2137 2070/878/2137
f 2070/878/1607 2082/889/1607 2083/890/1607 2071/879/1607
f 2071/879/1608 2083/890/1608 2084/891/1608 2072/880/1608
f 2072/880/1609 2084/891/1609 2085/892/1609 2073/881/1609
f 2073/881/1610 2085/892/1610 2086/893/1610 2074/882/1610
f 2074/882/2138 2086/893/2138 2075/117/2138 2063/870/2138
f 2075/117/1612 2087/894/1612 2088/895/1612 2076/883/1612
f 2076/883/1613 2088/895/1613 2089/896/1613 2077/884/1613
f 2077/884/1614 2089/896/1614 2090/897/1614 2078/885/1614
f 2078/885/1615 2090/897/1615 2091/898/1615 2079/886/1615
f 2079/886/1616 2091/898/1616 2092/899/1616 2080/887/1616
f 2080/887/1617 2092/899/1617 2093/900/1617 2081/116/1617
f 2081/888/1618 2093/901/1618 2094/902/1618 2082/889/1618
f 2082/889/1619 2094/902/1619 2095/903/1619 2083/890/1619
f 2083/890/1620 2095/903/1620 2096/904/1620 2084/891/1620
f 2084/891/1621 2096/904/1621 2097/905/1621 2085/892/1621
f 2085/892/1622 2097/905/1622 2098/906/1622 2086/893/1622
f 2086/893/1623 2098/906/1623 2087/894/1623 2075/117/1623
f 2087/894/1624 2099/10/1624 2100/907/1624 2088/895/1624
f 2088/895/2000 2100/907/2000 2101/908/2000 2089/896/2000
f 2089/896/2139 2101/908/2139 2102/909/2139 2090/897/2139
f 2090/897/2140 2102/909/2140 2103/910/2140 2091/898/2140
f 2091/898/2001 2103/910/2001 2104/911/2001 2092/899/2001
f 2092/899/2141 2104/911/2141 2105/9/2141 2093/900/2141
f 2093/901/2142 2105/912/2142 2106/913/2142 2094/902/2142
f 2094/902/2143 2106/913/2143 2107/914/2143 2095/903/2143
f 2095/903/2144 2107/914/2144 2108/915/2144 2096/904/2144
f 2096/904/2145 2108/915/2145 2109/916/2145 2097/905/2145
f 2097/905/2146 2109/916/2146 2110/917/2146 2098/906/2146
f 2098/906/2003 2110/917/2003 2099/10/2003 2087/894/2003
f 2099/10/1636 2111/918/1636 2112/919/1636 2100/907/1636
f 2100/907/2147 2112/919/2147 2113/920/2147 2101/908/2147
f 2101/908/2148 2113/920/1639 2114/921/2149 2102/909/2148
f 2102/909/1641 2114/921/1642 2115/922/2150 2103/910/1641
f 2103/910/1644 2115/922/1644 2116/923/1644 2104/911/1644
f 2104/911/1645 2116/923/1645 2117/924/1645 2105/9/1645
f 2105/912/2151 2117/925/2151 2118/926/2151 2106/913/2151
f 2106/913/1647 2118/926/1647 2119/927/1647 2107/914/1647
f 2107/914/1648 2119/927/2152 2120/928/1650 2108/915/1648
f 2108/915/2153 2120/928/2154 2121/929/1653 2109/916/2153
f 2109/916/2155 2121/929/2155 2122/930/2155 2110/917/2155
f 2110/917/2156 2122/930/2156 2111/918/2156 2099/10/2156
f 2111/918/1656 2123/931/1656 2124/932/1656 2112/919/1656
f 2112/919/2007 2124/932/2007 2125/933/2007 2113/920/2007
f 2113/920/1639 2125/933/1658 2126/934/1659 2114/921/2149
f 2114/921/1642 2126/934/1660 2127/935/1661 2115/922/2150
f 2115/922/2009 2127/935/2009 2128/936/2009 2116/923/2009
f 2116/923/1663 2128/936/1663 2129/937/1663 2117/924/1663
f 2117/925/2011 2129/938/2011 2130/939/2011 2118/926/2011
f 2118/926/2157 2130/939/2157 2131/940/2157 2119/927/2157
f 2119/927/2152 2131/940/1666 2132/941/1667 2120/928/1650
f 2120/928/2154 2132/941/1668 2133/942/1669 2121/929/1653
f 2121/929/2158 2133/942/2158 2134/943/2158 2122/930/2158
f 2122/930/2013 2134/943/2013 2123/931/2013 2111/918/2013
f 2123/931/1672 2135/944/1672 2136/945/1672 2124/932/1672
f 2124/932/2014 2136/945/2014 2137/946/2014 2125/933/2014
f 2125/933/1658 2137/946/2159 2138/947/2160 2126/934/1659
f 2126/934/1660 2138/947/2161 2139/948/2162 2127/935/1661
f 2127/935/2015 2139/948/2015 2140/949/2015 2128/936/2015
f 2128/936/1679 2140/949/1679 2141/950/1679 2129/937/1679
f 2129/938/1680 2141/951/1680 2142/952/1680 2130/939/1680
f 2130/939/2163 2142/952/2163 2143/953/2163 2131/940/2163
f 2131/940/1666 2143/953/2164 2144/954/2165 2132/941/1667
f 2132/941/1668 2144/954/2166 2145/955/2167 2133/942/1669
f 2133/942/2168 2145/955/2168 2146/956/2168 2134/943/2168
f 2134/943/1687 2146/956/1687 2135/944/1687 2123/931/1687
f 2135/944/1688 2147/8/1688 2148/957/1688 2136/945/1688
f 2136/945/2016 2148/957/2016 2149/958/2016 2137/946/2016
f 2137/946/2159 2149/958/2169 2150/959/2169 2138/947/2160
f 2138/947/2161 2150/959/2170 2151/960/2170 2139/948/2162
f 2139/948/2017 2151/960/2017 2152/961/2017 2140/949/2017
f 2140/949/1693 2152/961/1693 2153/7/1693 2141/950/1693
f 2141/951/1694 2153/962/1694 2154/963/1694 2142/952/1694
f 2142/952/2171 2154/963/2171 2155/964/2171 2143/953/2171
f 2143/953/2164 2155/964/2172 2156/965/2172 2144/954/2165
f 2144/954/2166 2156/965/2173 2157/966/2173 2145/955/2167
f 2145/955/2174 2157/966/2174 2158/967/2174 2146/956/2174
f 2146/956/2019 2158/967/2019 2147/8/2019 2135/944/2019
f 2147/8/1700 2159/968/1700 2160/969/1700 2148/957/1700
f 2148/957/2020 2160/969/2020 2161/970/2020 2149/958/2020
f 2149/958/2169 2161/970/2175 2162/971/2176 2150/959/2169
f 2150/959/2170 2162/971/2177 2163/972/2178 2151/960/2170
f 2151/960/2021 2163/972/2021 2164/973/2021 2152/961/2021
f 2152/961/1707 2164/973/1707 2165/974/1707 2153/7/1707
f 2153/962/1708 2165/975/1708 2166/976/1708 2154/963/1708
f 2154/963/2179 2166/976/2179 2167/977/2179 2155/964/2179
f 2155/964/2172 2167/977/2180 2168/978/2181 2156/965/2172
f 2156/965/2173 2168/978/2182 2169/979/2183 2157/966/2173
f 2157/966/2184 2169/979/2184 2170/980/2184 2158/967/2184
f 2158/967/1715 2170/980/1715 2159/968/1715 2147/8/1715
f 2159/968/1716 2171/981/1716 2172/982/1716 2160/969/1716
f 2160/969/2023 2172/982/2023 2173/983/2023 2161/970/2023
f 2161/970/2175 2173/983/2101 2174/984/1719 2162/971/2176
f 2162/971/2177 2174/984/1720 2175/985/1721 2163/972/2178
f 2163/972/2025 2175/985/2025 2176/986/2025 2164/973/2025
f 2164/973/1723 2176/986/1723 2177/987/1723 2165/974/1723
f 2165/975/1724 2177/988/1724 2178/989/1724 2166/976/1724
f 2166/976/2185 2178/989/2185 2179/990/2185 2167/977/2185
f 2167/977/2180 2179/990/1726 2180/991/1727 2168/978/2181
f 2168/978/2182 2180/991/1728 2181/992/2027 2169/979/2183
f 2169/979/2186 2181/992/2186 2182/993/2186 2170/980/2186
f 2170/980/1731 2182/993/1731 2171/981/1731 2159/968/1731
f 2171/981/1732 2183/994/1732 2184/995/1732 2172/982/1732
f 2172/982/2029 2184/995/2029 2185/996/2029 2173/983/2029
f 2173/983/2101 2185/996/1734 2186/997/1735 2174/984/1719
f 2174/984/1720 2186/997/1736 2187/998/2187 2175/985/1721
f 2175/985/2030 2187/998/2030 2188/999/2030 2176/986/2030
f 2176/986/1739 2188/999/1739 2189/1000/1739 2177/987/1739
f 2177/988/2032 2189/1001/2032 2190/1002/2032 2178/989/2032
f 2178/989/2188 2190/1002/2188 2191/1003/2188 2179/990/2188
f 2179/990/1726 2191/1003/2189 2192/1004/1743 2180/991/1727
f 2180/991/1728 2192/1004/2190 2193/1005/1745 2181/992/2027
f 2181/992/2191 2193/1005/2191 2194/1006/2191 2182/993/2191
f 2182/993/2033 2194/1006/2033 2183/994/2033 2171/981/2033
f 2183/994/1748 2195/6/1748 2196/1007/1748 2184/995/1748
f 2184/995/1749 2196/1007/1749 2197/1008/1749 2185/996/1749
f 2185/996/1734 2197/1008/2192 2198/1009/2192 2186/997/1735
f 2186/997/1736 2198/1009/1751 2199/1010/1751 2187/998/2187
f 2187/998/1752 2199/1010/1752 2200/1011/1752 2188/999/1752
f 2188/999/1753 2200/1011/1753 2201/5/1753 2189/1000/1753
f 2189/1001/2035 2201/1012/2035 2202/1013/2035 2190/1002/2035
f 2190/1002/1755 2202/1013/1755 2203/1014/1755 2191/1003/1755
f 2191/1003/2189 2203/1014/1756 2204/1015/1756 2192/1004/1743
f 2192/1004/2190 2204/1015/1757 2205/1016/1757 2193/1005/1745
f 2193/1005/1758 2205/1016/1758 2206/1017/1758 2194/1006/1758
f 2194/1006/2193 2206/1017/2193 2195/6/2193 2183/994/2193
f 2195/6/1760 2207/1018/1760 2208/1019/1760 2196/1007/1760
f 2196/1007/2038 2208/1019/2038 2209/1020/2038 2197/1008/2038
f 2197/1008/2194 2209/1020/2194 2210/1021/2194 2198/1009/2194
f 2198/1009/2195 2210/1021/2195 2211/1022/2195 2199/1010/2195
f 2199/1010/2039 2211/1022/2039 2212/1023/2039 2200/1011/2039
f 2200/1011/2196 2212/1023/2196 2213/1024/2196 2201/5/2196
f 2201/1012/2197 2213/1025/2197 2214/1026/2197 2202/1013/2197
f 2202/1013/2198 2214/1026/2198 2215/1027/2198 2203/1014/2198
f 2203/1014/2199 2215/1027/2199 2216/1028/2199 2204/1015/2199
f 2204/1015/2200 2216/1028/2200 2217/1029/2200 2205/1016/2200
f 2205/1016/2201 2217/1029/2201 2218/1030/2201 2206/1017/2201
f 2206/1017/2041 2218/1030/2041 2207/1018/2041 2195/6/2041
f 2207/1018/1772 2219/115/1772 2220/1031/1772 2208/1019/1772
f 2208/1019/1773 2220/1031/1773 2221/1032/1773 2209/1020/1773
f 2209/1020/1774 2221/1032/1774 2222/1033/1774 2210/1021/1774
f 2210/1021/1775 2222/1033/1775 2223/1034/1775 2211/1022/1775
f 2211/1022/2043 2223/1034/2043 2224/1035/2043 2212/1023/2043
f 2212/1023/1777 2224/1035/1777 2225/114/1777 2213/1024/1777
f 2213/1025/2044 2225/1036/2044 2226/1037/2044 2214/1026/2044
f 2214/1026/2202 2226/1037/2202 2227/1038/2202 2215/1027/2202
f 2215/1027/1780 2227/1038/1780 2228/1039/1780 2216/1028/1780
f 2216/1028/1781 2228/1039/1781 2229/1040/1781 2217/1029/1781
f 2217/1029/1782 2229/1040/1782 2230/1041/1782 2218/1030/1782
f 2218/1030/1952 2230/1041/1952 2219/115/1952 2207/1018/1952
f 2219/115/1784 2231/1042/1784 2232/1043/1784 2220/1031/1784
f 2220/1031/1785 2232/1043/1785 2233/1044/1785 2221/1032/1785
f 2221/1032/1786 2233/1044/1786 2234/1045/1786 2222/1033/1786
f 2222/1033/1787 2234/1045/1787 2235/1046/1787 2223/1034/1787
f 2223/1034/1788 2235/1046/1788 2236/1047/1788 2224/1035/1788
f 2224/1035/1954 2236/1047/1954 2237/1048/1954 2225/114/1954
f 2225/1036/1959 2237/1049/1959 2238/1050/1959 2226/1037/1959
f 2226/1037/1791 2238/1050/1791 2239/1051/1791 2227/1038/1791
f 2227/1038/1792 2239/1051/1792 2240/1052/1792 2228/1039/1792
f 2228/1039/1793 2240/1052/1793 2241/1053/1793 2229/1040/1793
f 2229/1040/1794 2241/1053/1794 2242/1054/1794 2230/1041/1794
f 2230/1041/2203 2242/1054/2203 2231/1042/2203 2219/115/2203
f 2231/1042/1796 2243/4/1796 2244/1055/1796 2232/1043/1796
f 2232/1043/2047 2244/1055/2047 2245/1056/2047 2233/1044/2047
f 2233/1044/1798 2245/1056/1798 2246/1057/1798 2234/1045/1798
f 2234/1045/1799 2246/1057/1799 2247/1058/1799 2235/1046/1799
f 2235/1046/2048 2247/1058/2048 2248/1059/2048 2236/1047/2048
f 2236/1047/1801 2248/1059/1801 2249/3/1801 2237/1048/1801
f 2237/1049/1964 2249/1060/1964 2250/1061/1964 2238/1050/1964
f 2238/1050/2204 2250/1061/2204 2251/1062/2204 2239/1051/2204
f 2239/1051/1804 2251/1062/1804 2252/1063/1804 2240/1052/1804
f 2240/1052/1805 2252/1063/1805 2253/1064/1805 2241/1053/1805
f 2241/1053/2205 2253/1064/2205 2254/1065/2205 2242/1054/2205
f 2242/1054/1807 2254/1065/1807 2243/4/1807 2231/1042/1807
f 2243/4/1808 2255/1066/1808 2256/1067/1808 2244/1055/1808
f 2244/1055/2206 2256/1067/2206 2257/1068/2206 2245/1056/2206
f 2245/1056/1810 2257/1068/1810 2258/1069/1810 2246/1057/1810
f 2246/1057/1811 2258/1069/1811 2259/1070/1811 2247/1058/1811
f 2247/1058/2053 2259/1070/2053 2260/1071/2053 2248/1059/2053
f 2248/1059/2207 2260/1071/2207 2261/1072/2207 2249/3/2207
f 2249/1060/2208 2261/1073/2208 2262/1074/2208 2250/1061/2208
f 2250/1061/2056 2262/1074/2056 2263/1075/2056 2251/1062/2056
f 2251/1062/1816 2263/1075/1816 2264/1076/1816 2252/1063/1816
f 2252/1063/1817 2264/1076/1817 2265/1077/1817 2253/1064/1817
f 2253/1064/2209 2265/1077/2209 2266/1078/2209 2254/1065/2209
f 2254/1065/2057 2266/1078/2057 2255/1066/2057 2243/4/2057
f 2255/1066/2210 2267/1079/2210 2268/1080/2210 2256/1067/2210
f 2256/1067/1821 2268/1080/1821 2269/1081/1821 2257/1068/1821
f 2257/1068/1822 2269/1081/1822 2270/1082/1822 2258/1069/1822
f 2258/1069/1823 2270/1082/1823 2271/1083/1823 2259/1070/1823
f 2259/1070/1824 2271/1083/1824 2272/1084/1824 2260/1071/1824
f 2260/1071/1825 2272/1084/1825 2273/1085/1825 2261/1072/1825
f 2261/1073/2211 2273/1086/2211 2274/1087/2211 2262/1074/2211
f 2262/1074/1827 2274/1087/1827 2275/1088/1827 2263/1075/1827
f 2263/1075/1828 2275/1088/1828 2276/1089/1828 2264/1076/1828
f 2264/1076/1829 2276/1089/1829 2277/1090/1829 2265/1077/1829
f 2265/1077/1830 2277/1090/1830 2278/1091/1830 2266/1078/1830
f 2266/1078/2212 2278/1091/2212 2267/1079/2212 2255/1066/2212
f 2267/1079/2213 2279/1092/2213 2280/1093/2213 2268/1080/2213
f 2268/1080/2060 2280/1093/2060 2281/1094/2060 2269/1081/2060
f 2269/1081/1834 2281/1094/1834 2282/1095/1834 2270/1082/1834
f 2270/1082/2061 2282/1095/2061 2283/1096/2061 2271/1083/2061
f 2271/1083/1972 2283/1096/1972 2284/1097/1972 2272/1084/1972
f 2272/1084/1837 2284/1097/1837 2285/1098/1837 2273/1085/1837
f 2273/1086/2063 2285/1099/2063 2286/1100/2063 2274/1087/2063
f 2274/1087/1839 2286/1100/1839 2287/1101/1839 2275/1088/1839
f 2275/1088/1840 2287/1101/1840 2288/1102/1840 2276/1089/1840
f 2276/1089/1841 2288/1102/1841 2289/1103/1841 2277/1090/1841
f 2277/1090/1842 2289/1103/1842 2290/1104/1842 2278/1091/1842
f 2278/1091/2064 2290/1104/2064 2279/1092/2064 2267/1079/2064
f 2279/1092/1844 2291/1/1844 2292/1105/1844 2280/1093/1844
f 2280/1093/1845 2292/1105/1845 2293/1106/1845 2281/1094/1845
f 2281/1094/2214 2293/1106/2214 2294/1107/2214 2282/1095/2214
f 2282/1095/1847 2294/1107/1847 2295/1108/1847 2283/1096/1847
f 2283/1096/1848 2295/1108/1848 2296/1109/1848 2284/1097/1848
f 2284/1097/2065 2296/1109/2065 2297/2/2065 2285/1098/2065
f 2285/1099/1850 2297/1110/1850 2298/1111/1850 2286/1100/1850
f 2286/1100/1851 2298/1111/1851 2299/1112/1851 2287/1101/1851
f 2287/1101/1852 2299/1112/1852 2300/1113/1852 2288/1102/1852
f 2288/1102/1853 2300/1113/1853 2301/1114/1853 2289/1103/1853
f 2289/1103/1854 2301/1114/1854 2302/1115/1854 2290/1104/1854
f 2290/1104/1855 2302/1115/1855 2291/1/1855 2279/1092/1855
f 2291/38/1545 2303/1116/1545 2304/1117/1545 2292/1118/1545
f 2292/1118/1544 2304/1117/1544 2305/1119/1544 2293/1120/1544
f 2293/1120/1543 2305/1119/1543 2306/1121/1543 2294/1122/1543
f 2294/1122/1542 2306/1121/1542 2307/1123/1542 2295/1124/1542
f 2295/1124/1541 2307/1123/1541 2308/1125/1541 2296/1126/1541
f 2296/1126/2215 2308/1125/2215 2309/1127/2215 2297/37/2215
f 2297/1128/2216 2309/1129/2216 2310/1130/2216 2298/1131/2216
f 2298/1131/1550 2310/1130/1550 2311/1132/1550 2299/1133/1550
f 2299/1133/1549 2311/1132/1549 2312/1134/1549 2300/1135/1549
f 2300/1135/2217 2312/1134/2217 2313/1136/2217 2301/1137/2217
f 2301/1137/1547 2313/1136/1547 2314/1138/1547 2302/1139/1547
f 2302/1139/1857 2314/1138/1857 2303/1116/1857 2291/38/1857
f 2303/1116/2124 2315/1140/2124 2316/1141/2124 2304/1117/2124
f 2304/1117/1858 2316/1141/1858 2317/1142/1858 2305/1119/1858
f 2305/1119/1555 2317/1142/1555 2318/1143/1555 2306/1121/1555
f 2306/1121/2069 2318/1143/2069 2319/1144/2069 2307/1123/2069
f 2307/1123/1980 2319/1144/1980 2320/1145/1980 2308/1125/1980
f 2308/1125/1552 2320/1145/1552 2321/1146/1552 2309/1127/1552
f 2309/1129/1985 2321/1147/1985 2322/1148/1985 2310/1130/1985
f 2310/1130/1562 2322/1148/1562 2323/1149/1562 2311/1132/1562
f 2311/1132/1860 2323/1149/1860 2324/1150/1860 2312/1134/1860
f 2312/1134/1560 2324/1150/1560 2325/1151/1560 2313/1136/1560
f 2313/1136/1861 2325/1151/1861 2326/1152/1861 2314/1138/1861
f 2314/1138/1983 2326/1152/1983 2315/1140/1983 2303/1116/1983
f 2315/1140/2218 2327/1153/2218 2328/1154/2218 2316/1141/2218
f 2316/1141/1568 2328/1154/1568 2329/1155/1568 2317/1142/1568
f 2317/1142/1567 2329/1155/1567 2330/1156/1567 2318/1143/1567
f 2318/1143/2073 2330/1156/2073 2331/1157/2073 2319/1144/2073
f 2319/1144/1865 2331/1157/1865 2332/1158/1865 2320/1145/1865
f 2320/1145/1564 2332/1158/1564 2333/1159/1564 2321/1146/1564
f 2321/1147/2128 2333/1160/2128 2334/1161/2128 2322/1148/2128
f 2322/1148/1574 2334/1161/1574 2335/1162/1574 2323/1149/1574
f 2323/1149/2219 2335/1162/2219 2336/1163/2219 2324/1150/2219
f 2324/1150/1572 2336/1163/1572 2337/1164/1572 2325/1151/1572
f 2325/1151/2127 2337/1164/2127 2338/1165/2127 2326/1152/2127
f 2326/1152/2126 2338/1165/2126 2327/1153/2126 2315/1140/2126
f 2327/1153/1867 2339/36/1867 2340/1166/1867 2328/1154/1867
f 2328/1154/2220 2340/1166/2220 2341/1167/2220 2329/1155/2220
f 2329/1155/1579 2341/1167/1579 2342/1168/1579 2330/1156/1579
f 2330/1156/1578 2342/1168/1578 2343/1169/1578 2331/1157/1578
f 2331/1157/1577 2343/1169/1577 2344/1170/1577 2332/1158/1577
f 2332/1158/2221 2344/1170/2221 2345/35/2221 2333/1159/2221
f 2333/1160/2222 2345/1171/2222 2346/1172/2222 2334/1161/2222
f 2334/1161/1871 2346/1172/1871 2347/1173/1871 2335/1162/1871
f 2335/1162/1585 2347/1173/1585 2348/1174/1585 2336/1163/1585
f 2336/1163/1584 2348/1174/1584 2349/1175/1584 2337/1164/1584
f 2337/1164/2223 2349/1175/2223 2350/1176/2223 2338/1165/2223
f 2338/1165/2224 2350/1176/2224 2339/36/2224 2327/1153/2224
f 2339/36/1593 2351/1177/1593 2352/1178/1593 2340/1166/1593
f 2340/1166/1994 2352/1178/1994 2353/1179/1994 2341/1167/1994
f 2341/1167/1591 2353/1179/1591 2354/1180/1591 2342/1168/1591
f 2342/1168/1590 2354/1180/1590 2355/1181/1590 2343/1169/1590
f 2343/1169/1993 2355/1181/1993 2356/1182/1993 2344/1170/1993
f 2344/1170/1588 2356/1182/1588 2357/1183/1588 2345/35/1588
f 2345/1171/1599 2357/1184/1599 2358/1185/1599 2346/1172/1599
f 2346/1172/2134 2358/1185/2134 2359/1186/2134 2347/1173/2134
f 2347/1173/1597 2359/1186/1597 2360/1187/1597 2348/1174/1597
f 2348/1174/1596 2360/1187/1596 2361/1188/1596 2349/1175/1596
f 2349/1175/2133 2361/1188/2133 2362/1189/2133 2350/1176/2133
f 2350/1176/1875 2362/1189/1875 2351/1177/1875 2339/36/1875
f 2351/1177/1876 2363/125/1876 2364/1190/1876 2352/1178/1876
f 2352/1178/1604 2364/1190/1604 2365/1191/1604 2353/1179/1604
f 2353/1179/1877 2365/1191/1877 2366/1192/1877 2354/1180/1877
f 2354/1180/1602 2366/1192/1602 2367/1193/1602 2355/1181/1602
f 2355/1181/1601 2367/1193/1601 2368/1194/1601 2356/1182/1601
f 2356/1182/2135 2368/1194/2135 2369/124/2135 2357/1183/2135
f 2357/1184/2225 2369/1195/2225 2370/1196/2225 2358/1185/2225
f 2358/1185/1610 2370/1196/1610 2371/1197/1610 2359/1186/1610
f 2359/1186/1609 2371/1197/1609 2372/1198/1609 2360/1187/1609
f 2360/1187/1608 2372/1198/1608 2373/1199/1608 2361/1188/1608
f 2361/1188/1607 2373/1199/1607 2374/1200/1607 2362/1189/1607
f 2362/1189/2080 2374/1200/2080 2363/125/2080 2351/1177/2080
f 2363/125/1617 2375/1201/1617 2376/1202/1617 2364/1190/1617
f 2364/1190/1616 2376/1202/1616 2377/1203/1616 2365/1191/1616
f 2365/1191/1615 2377/1203/1615 2378/1204/1615 2366/1192/1615
f 2366/1192/1614 2378/1204/1614 2379/1205/1614 2367/1193/1614
f 2367/1193/2226 2379/1205/2226 2380/1206/2226 2368/1194/2226
f 2368/1194/1612 2380/1206/1612 2381/1207/1612 2369/124/1612
f 2369/1195/2227 2381/1208/2227 2382/1209/2227 2370/1196/2227
f 2370/1196/2228 2382/1209/2228 2383/1210/2228 2371/1197/2228
f 2371/1197/1621 2383/1210/1621 2384/1211/1621 2372/1198/1621
f 2372/1198/1620 2384/1211/1620 2385/1212/1620 2373/1199/1620
f 2373/1199/1619 2385/1212/1619 2386/1213/1619 2374/1200/1619
f 2374/1200/1618 2386/1213/1618 2375/1201/1618 2363/125/1618
f 2375/1201/1883 2387/22/1883 2388/1214/1883 2376/1202/1883
f 2376/1202/2001 2388/1214/2001 2389/1215/2001 2377/1203/2001
f 2377/1203/2229 2389/1215/2229 2390/1216/2229 2378/1204/2229
f 2378/1204/2230 2390/1216/2230 2391/1217/2230 2379/1205/2230
f 2379/1205/2000 2391/1217/2000 2392/1218/2000 2380/1206/2000
f 2380/1206/1885 2392/1218/1885 2393/21/1885 2381/1207/1885
f 2381/1208/2084 2393/1219/2084 2394/1220/2084 2382/1209/2084
f 2382/1209/2146 2394/1220/2146 2395/1221/2146 2383/1210/2146
f 2383/1210/2231 2395/1221/2231 2396/1222/2231 2384/1211/2231
f 2384/1211/2232 2396/1222/2232 2397/1223/2232 2385/1212/2232
f 2385/1212/2143 2397/1223/2143 2398/1224/2143 2386/1213/2143
f 2386/1213/2086 2398/1224/2086 2387/22/2086 2375/1201/2086
f 2387/22/1645 2399/1225/1645 2400/1226/1645 2388/1214/1645
f 2388/1214/1644 2400/1226/1644 2401/1227/1644 2389/1215/1644
f 2389/1215/2233 2401/1227/1642 2402/1228/2150 2390/1216/2233
f 2390/1216/1638 2402/1228/1639 2403/1229/2149 2391/1217/1638
f 2391/1217/1637 2403/1229/1637 2404/1230/1637 2392/1218/1637
f 2392/1218/1890 2404/1230/1890 2405/1231/1890 2393/21/1890
f 2393/1219/2156 2405/1232/2156 2406/1233/2156 2394/1220/2156
f 2394/1220/1654 2406/1233/1654 2407/1234/1654 2395/1221/1654
f 2395/1221/1651 2407/1234/2154 2408/1235/1653 2396/1222/1651
f 2396/1222/2234 2408/1235/2152 2409/1236/1650 2397/1223/2234
f 2397/1223/1647 2409/1236/1647 2410/1237/1647 2398/1224/1647
f 2398/1224/2235 2410/1237/2235 2399/1225/2235 2387/22/2235
f 2399/1225/1893 2411/1238/1893 2412/1239/1893 2400/1226/1893
f 2400/1226/2009 2412/1239/2009 2413/1240/2009 2401/1227/2009
f 2401/1227/1642 2413/1240/1660 2414/1241/1661 2402/1228/2150
f 2402/1228/1639 2414/1241/1658 2415/1242/1659 2403/1229/2149
f 2403/1229/2007 2415/1242/2007 2416/1243/2007 2404/1230/2007
f 2404/1230/1898 2416/1243/1898 2417/1244/1898 2405/1231/1898
f 2405/1232/2090 2417/1245/2090 2418/1246/2090 2406/1233/2090
f 2406/1233/2158 2418/1246/2158 2419/1247/2158 2407/1234/2158
f 2407/1234/2154 2419/1247/1668 2420/1248/1669 2408/1235/1653
f 2408/1235/2152 2420/1248/1666 2421/1249/1667 2409/1236/1650
f 2409/1236/2157 2421/1249/2157 2422/1250/2157 2410/1237/2157
f 2410/1237/2092 2422/1250/2092 2411/1238/2092 2399/1225/2092
f 2411/1238/1679 2423/1251/1679 2424/1252/1679 2412/1239/1679
f 2412/1239/2093 2424/1252/2093 2425/1253/2093 2413/1240/2093
f 2413/1240/1660 2425/1253/2161 2426/1254/2236 2414/1241/1661
f 2414/1241/1658 2426/1254/2159 2427/1255/2237 2415/1242/1659
f 2415/1242/2094 2427/1255/2094 2428/1256/2094 2416/1243/2094
f 2416/1243/1672 2428/1256/1672 2429/1257/1672 2417/1244/1672
f 2417/1245/1687 2429/1258/1687 2430/1259/1687 2418/1246/1687
f 2418/1246/2238 2430/1259/2238 2431/1260/2238 2419/1247/2238
f 2419/1247/1668 2431/1260/2239 2432/1261/2167 2420/1248/1669
f 2420/1248/1666 2432/1261/2240 2433/1262/2165 2421/1249/1667
f 2421/1249/2241 2433/1262/2241 2434/1263/2241 2422/1250/2241
f 2422/1250/1680 2434/1263/1680 2423/1251/1680 2411/1238/1680
f 2423/1251/1693 2435/20/1693 2436/1264/1693 2424/1252/1693
f 2424/1252/1692 2436/1264/1692 2437/1265/1692 2425/1253/1692
f 2425/1253/2161 2437/1265/2170 2438/1266/2170 2426/1254/2236
f 2426/1254/2159 2438/1266/2169 2439/1267/2169 2427/1255/2237
f 2427/1255/2096 2439/1267/2096 2440/1268/2096 2428/1256/2096
f 2428/1256/1688 2440/1268/1688 2441/19/1688 2429/1257/1688
f 2429/1258/2242 2441/1269/2242 2442/1270/2242 2430/1259/2242
f 2430/1259/2243 2442/1270/2243 2443/1271/2243 2431/1260/2243
f 2431/1260/2239 2443/1271/2173 2444/1272/2173 2432/1261/2167
f 2432/1261/2240 2444/1272/2172 2445/1273/2172 2433/1262/2165
f 2433/1262/1695 2445/1273/1695 2446/1274/1695 2434/1263/1695
f 2434/1263/1694 2446/1274/1694 2435/20/1694 2423/1251/1694
f 2435/20/1707 2447/1275/1707 2448/1276/1707 2436/1264/1707
f 2436/1264/1706 2448/1276/1706 2449/1277/1706 2437/1265/1706
f 2437/1265/2170 2449/1277/2177 2450/1278/2244 2438/1266/2170
f 2438/1266/2169 2450/1278/2175 2451/1279/2245 2439/1267/2169
f 2439/1267/2098 2451/1279/2098 2452/1280/2098 2440/1268/2098
f 2440/1268/1700 2452/1280/1700 2453/1281/1700 2441/19/1700
f 2441/1269/1715 2453/1282/1715 2454/1283/1715 2442/1270/1715
f 2442/1270/2246 2454/1283/2246 2455/1284/2246 2443/1271/2246
f 2443/1271/2173 2455/1284/2247 2456/1285/2183 2444/1272/2173
f 2444/1272/2172 2456/1285/2248 2457/1286/2181 2445/1273/2172
f 2445/1273/1709 2457/1286/1709 2458/1287/1709 2446/1274/1709
f 2446/1274/1708 2458/1287/1708 2447/1275/1708 2435/20/1708
f 2447/1275/1723 2459/1288/1723 2460/1289/1723 2448/1276/1723
f 2448/1276/2100 2460/1289/2100 2461/1290/2100 2449/1277/2100
f 2449/1277/2177 2461/1290/1720 2462/1291/1721 2450/1278/2244
f 2450/1278/2175 2462/1291/2101 2463/1292/1719 2451/1279/2245
f 2451/1279/2102 2463/1292/2102 2464/1293/2102 2452/1280/2102
f 2452/1280/1716 2464/1293/1716 2465/1294/1716 2453/1281/1716
f 2453/1282/1731 2465/1295/1731 2466/1296/1731 2454/1283/1731
f 2454/1283/2249 2466/1296/2249 2467/1297/2249 2455/1284/2249
f 2455/1284/2247 2467/1297/1728 2468/1298/2027 2456/1285/2183
f 2456/1285/2248 2468/1298/1726 2469/1299/1727 2457/1286/2181
f 2457/1286/2250 2469/1299/2250 2470/1300/2250 2458/1287/2250
f 2458/1287/1724 2470/1300/1724 2459/1288/1724 2447/1275/1724
f 2459/1288/1930 2471/1301/1930 2472/1302/1930 2460/1289/1930
f 2460/1289/2030 2472/1302/2030 2473/1303/2030 2461/1290/2030
f 2461/1290/1720 2473/1303/1736 2474/1304/2187 2462/1291/1721
f 2462/1291/2101 2474/1304/1734 2475/1305/2251 2463/1292/1719
f 2463/1292/2029 2475/1305/2029 2476/1306/2029 2464/1293/2029
f 2464/1293/1933 2476/1306/1933 2477/1307/1933 2465/1294/1933
f 2465/1295/2104 2477/1308/2104 2478/1309/2104 2466/1296/2104
f 2466/1296/2191 2478/1309/2191 2479/1310/2191 2467/1297/2191
f 2467/1297/1728 2479/1310/2190 2480/1311/1745 2468/1298/2027
f 2468/1298/1726 2480/1311/2189 2481/1312/1743 2469/1299/1727
f 2469/1299/2252 2481/1312/2252 2482/1313/2252 2470/1300/2252
f 2470/1300/2105 2482/1313/2105 2471/1301/2105 2459/1288/2105
f 2471/1301/1753 2483/18/1753 2484/1314/1753 2472/1302/1753
f 2472/1302/1752 2484/1314/1752 2485/1315/1752 2473/1303/1752
f 2473/1303/1736 2485/1315/2253 2486/1316/2253 2474/1304/2187
f 2474/1304/1734 2486/1316/1750 2487/1317/1750 2475/1305/2251
f 2475/1305/1749 2487/1317/1749 2488/1318/1749 2476/1306/1749
f 2476/1306/2254 2488/1318/2254 2489/17/2254 2477/1307/2254
f 2477/1308/2255 2489/1319/2255 2490/1320/2255 2478/1309/2255
f 2478/1309/1758 2490/1320/1758 2491/1321/1758 2479/1310/1758
f 2479/1310/2190 2491/1321/1940 2492/1322/1940 2480/1311/1745
f 2480/1311/2189 2492/1322/1941 2493/1323/1941 2481/1312/1743
f 2481/1312/1755 2493/1323/1755 2494/1324/1755 2482/1313/1755
f 2482/1313/2256 2494/1324/2256 2483/18/2256 2471/1301/2256
f 2483/18/1943 2495/1325/1943 2496/1326/1943 2484/1314/1943
f 2484/1314/2039 2496/1326/2039 2497/1327/2039 2485/1315/2039
f 2485/1315/2257 2497/1327/2257 2498/1328/2257 2486/1316/2257
f 2486/1316/2258 2498/1328/2258 2499/1329/2258 2487/1317/2258
f 2487/1317/2038 2499/1329/2038 2500/1330/2038 2488/1318/2038
f 2488/1318/1945 2500/1330/1945 2501/1331/1945 2489/17/1945
f 2489/1319/2108 2501/1332/2108 2502/1333/2108 2490/1320/2108
f 2490/1320/2201 2502/1333/2201 2503/1334/2201 2491/1321/2201
f 2491/1321/2259 2503/1334/2259 2504/1335/2259 2492/1322/2259
f 2492/1322/2260 2504/1335/2260 2505/1336/2260 2493/1323/2260
f 2493/1323/2198 2505/1336/2198 2506/1337/2198 2494/1324/2198
f 2494/1324/2109 2506/1337/2109 2495/1325/2109 2483/18/2109
f 2495/1325/1777 2507/119/1777 2508/1338/1777 2496/1326/1777
f 2496/1326/2043 2508/1338/2043 2509/1339/2043 2497/1327/2043
f 2497/1327/1775 2509/1339/1775 2510/1340/1775 2498/1328/1775
f 2498/1328/1774 2510/1340/1774 2511/1341/1774 2499/1329/1774
f 2499/1329/2042 2511/1341/2042 2512/1342/2042 2500/1330/2042
f 2500/1330/1772 2512/1342/1772 2513/118/1772 2501/1331/1772
f 2501/1332/1952 2513/1343/1952 2514/1344/1952 2502/1333/1952
f 2502/1333/1782 2514/1344/1782 2515/1345/1782 2503/1334/1782
f 2503/1334/1781 2515/1345/1781 2516/1346/1781 2504/1335/1781
f 2504/1335/1780 2516/1346/1780 2517/1347/1780 2505/1336/1780
f 2505/1336/2202 2517/1347/2202 2518/1348/2202 2506/1337/2202
f 2506/1337/2044 2518/1348/2044 2507/119/2044 2495/1325/2044
f 2507/119/1954 2519/1349/1954 2520/1350/1954 2508/1338/1954
f 2508/1338/1788 2520/1350/1788 2521/1351/1788 2509/1339/1788
f 2509/1339/2261 2521/1351/2261 2522/1352/2261 2510/1340/2261
f 2510/1340/1786 2522/1352/1786 2523/1353/1786 2511/1341/1786
f 2511/1341/1785 2523/1353/1785 2524/1354/1785 2512/1342/1785
f 2512/1342/1784 2524/1354/1784 2525/1355/1784 2513/118/1784
f 2513/1343/2262 2525/1356/2262 2526/1357/2262 2514/1344/2262
f 2514/1344/1794 2526/1357/1794 2527/1358/1794 2515/1345/1794
f 2515/1345/1793 2527/1358/1793 2528/1359/1793 2516/1346/1793
f 2516/1346/1792 2528/1359/1792 2529/1360/1792 2517/1347/1792
f 2517/1347/1791 2529/1360/1791 2530/1361/1791 2518/1348/1791
f 2518/1348/1959 2530/1361/1959 2519/1349/1959 2507/119/1959
f 2519/1349/1801 2531/16/1801 2532/1362/1801 2520/1350/1801
f 2520/1350/2048 2532/1362/2048 2533/1363/2048 2521/1351/2048
f 2521/1351/1799 2533/1363/1799 2534/1364/1799 2522/1352/1799
f 2522/1352/1798 2534/1364/1798 2535/1365/1798 2523/1353/1798
f 2523/1353/2047 2535/1365/2047 2536/1366/2047 2524/1354/2047
f 2524/1354/1796 2536/1366/1796 2537/15/1796 2525/1355/1796
f 2525/1356/1807 2537/1367/1807 2538/1368/1807 2526/1357/1807
f 2526/1357/2205 2538/1368/2205 2539/1369/2205 2527/1358/2205
f 2527/1358/1805 2539/1369/1805 2540/1370/1805 2528/1359/1805
f 2528/1359/1804 2540/1370/1804 2541/1371/1804 2529/1360/1804
f 2529/1360/2204 2541/1371/2204 2542/1372/2204 2530/1361/2204
f 2530/1361/1964 2542/1372/1964 2531/16/1964 2519/1349/1964
f 2531/16/2263 2543/1373/2263 2544/1374/2263 2532/1362/2263
f 2532/1362/2264 2544/1374/2264 2545/1375/2264 2533/1363/2264
f 2533/1363/1811 2545/1375/1811 2546/1376/1811 2534/1364/1811
f 2534/1364/1810 2546/1376/1810 2547/1377/1810 2535/1365/1810
f 2535/1365/2115 2547/1377/2115 2548/1378/2115 2536/1366/2115
f 2536/1366/2265 2548/1378/2265 2549/1379/2265 2537/15/2265
f 2537/1367/2266 2549/1380/2266 2550/1381/2266 2538/1368/2266
f 2538/1368/1818 2550/1381/1818 2551/1382/1818 2539/1369/1818
f 2539/1369/1817 2551/1382/1817 2552/1383/1817 2540/1370/1817
f 2540/1370/1816 2552/1383/1816 2553/1384/1816 2541/1371/1816
f 2541/1371/2267 2553/1384/2267 2554/1385/2267 2542/1372/2267
f 2542/1372/2208 2554/1385/2208 2543/1373/2208 2531/16/2208
f 2543/1373/2268 2555/1386/2268 2556/1387/2268 2544/1374/2268
f 2544/1374/1824 2556/1387/1824 2557/1388/1824 2545/1375/1824
f 2545/1375/1823 2557/1388/1823 2558/1389/1823 2546/1376/1823
f 2546/1376/1822 2558/1389/1822 2559/1390/1822 2547/1377/1822
f 2547/1377/1969 2559/1390/1969 2560/1391/1969 2548/1378/1969
f 2548/1378/1820 2560/1391/1820 2561/1392/1820 2549/1379/1820
f 2549/1380/2212 2561/1393/2212 2562/1394/2212 2550/1381/2212
f 2550/1381/1970 2562/1394/1970 2563/1395/1970 2551/1382/1970
f 2551/1382/1829 2563/1395/1829 2564/1396/1829 2552/1383/1829
f 2552/1383/1828 2564/1396/1828 2565/1397/1828 2553/1384/1828
f 2553/1384/1971 2565/1397/1971 2566/1398/1971 2554/1385/1971
f 2554/1385/2211 2566/1398/2211 2555/1386/2211 2543/1373/2211
f 2555/1386/2269 2567/1399/2269 2568/1400/2269 2556/1387/2269
f 2556/1387/1972 2568/1400/1972 2569/1401/1972 2557/1388/1972
f 2557/1388/1835 2569/1401/1835 2570/1402/1835 2558/1389/1835
f 2558/1389/2118 2570/1402/2118 2571/1403/2118 2559/1390/2118
f 2559/1390/2060 2571/1403/2060 2572/1404/2060 2560/1391/2060
f 2560/1391/1832 2572/1404/1832 2573/1405/1832 2561/1392/1832
f 2561/1393/2064 2573/1406/2064 2574/1407/2064 2562/1394/2064
f 2562/1394/1842 2574/1407/1842 2575/1408/1842 2563/1395/1842
f 2563/1395/1974 2575/1408/1974 2576/1409/1974 2564/1396/1974
f 2564/1396/1975 2576/1409/1975 2577/1410/1975 2565/1397/1975
f 2565/1397/1839 2577/1410/1839 2578/1411/1839 2566/1398/1839
f 2566/1398/2063 2578/1411/2063 2567/1399/2063 2555/1386/2063
f 2567/1399/1849 2003/14/1849 2004/811/1849 2568/1400/1849
f 2568/1400/1848 2004/811/1848 2005/813/1848 2569/1401/1848
f 2569/1401/1847 2005/813/1847 2006/815/1847 2570/1402/1847
f 2570/1402/1846 2006/815/1846 2007/817/1846 2571/1403/1846
f 2571/1403/1845 2007/817/1845 2008/819/1845 2572/1404/1845
f 2572/1404/2270 2008/819/2270 2009/13/2270 2573/1405/2270
f 2573/1406/2271 2009/821/2271 2010/824/2271 2574/1407/2271
f 2574/1407/1854 2010/824/1854 2011/826/1854 2575/1408/1854
f 2575/1408/1853 2011/826/1853 2012/828/1853 2576/1409/1853
f 2576/1409/2272 2012/828/2272 2013/830/2272 2577/1410/2272
f 2577/1410/1851 2013/830/1851 2014/832/1851 2578/1411/1851
f 2578/1411/1977 2014/832/1977 2003/14/1977 2567/1399/1977
f 2579/1/2273 2580/2/2273 2582/5/2273 2581/6/2273
f 2581/6/2274 2582/5/2274 2584/9/2274 2583/10/2274
f 2583/10/2275 2584/9/2275 2586/13/2275 2585/14/2275
f 2585/14/2276 2586/13/2276 2588/17/2276 2587/18/2276
f 2582/34/2277 2580/24/2277 2590/26/2277 2588/28/2277 2586/30/2277 2584/32/2277
f 2587/18/2278 2588/17/2278 2590/21/2278 2589/22/2278
f 2589/22/2279 2590/21/2279 2580/37/2279 2579/38/2279
f 2579/39/2280 2581/41/2280 2583/43/2280 2585/45/2280 2587/47/2280 2589/49/2280
f 2763/1/2281 2764/2/2281 2766/114/2281 2765/115/2281
f 2765/115/2282 2766/114/2282 2768/7/2282 2767/8/2282
f 2767/8/2283 2768/7/2283 2770/116/2283 2769/117/2283
f 2769/117/2284 2770/116/2284 2772/13/2284 2771/14/2284
f 2771/14/2285 2772/13/2285 2774/118/2285 2773/119/2285
f 2773/119/2286 2774/118/2286 2776/19/2286 2775/20/2286
f 2766/120/2287 2764/24/2287 2778/121/2287 2776/27/2287 2774/122/2287 2772/30/2287 2770/123/2287 2768/33/2287
f 2775/20/2288 2776/19/2288 2778/124/2288 2777/125/2288
f 2777/125/2289 2778/124/2289 2764/37/2289 2763/38/2289
f 2763/39/2290 2765/126/2290 2767/42/2290 2769/127/2290 2771/45/2290 2773/128/2290 2775/48/2290 2777/129/2290
f 2779/1/2291 2780/2/2291 2782/114/2291 2781/115/2291
f 2781/115/2292 2782/114/2292 2784/7/2292 2783/8/2292
f 2783/8/2293 2784/7/2293 2786/116/2293 2785/117/2293
f 2785/117/2294 2786/116/2294 2788/13/2294 2787/14/2294
f 2787/14/2295 2788/13/2295 2790/118/2295 2789/119/2295
f 2789/119/2296 2790/118/2296 2792/19/2296 2791/20/2296
f 2782/120/2297 2780/24/2297 2794/121/2297 2792/27/2297 2790/122/2297 2788/30/2297 2786/123/2297 2784/33/2297
f 2791/20/2298 2792/19/2298 2794/124/2298 2793/125/2298
f 2793/125/2299 2794/124/2299 2780/37/2299 2779/38/2299
f 2779/39/2300 2781/126/2300 2783/42/2300 2785/127/2300 2787/45/2300 2789/128/2300 2791/48/2300 2793/129/2300
f 2795/1/2301 2796/2/2301 2798/114/2301 2797/115/2301
f 2797/115/2302 2798/114/2302 2800/7/2302 2799/8/2302
f 2799/8/2303 2800/7/2303 2802/116/2303 2801/117/2303
f 2801/117/2304 2802/116/2304 2804/13/2304 2803/14/2304
f 2803/14/2305 2804/13/2305 2806/118/2305 2805/119/2305
f 2805/119/2306 2806/118/2306 2808/19/2306 2807/20/2306
f 2798/120/2307 2796/24/2307 2810/121/2307 2808/27/2307 2806/122/2307 2804/30/2307 2802/123/2307 2800/33/2307
f 2807/20/2308 2808/19/2308 2810/124/2308 2809/125/2308
f 2809/125/2309 2810/124/2309 2796/37/2309 2795/38/2309
f 2795/39/2310 2797/126/2310 2799/42/2310 2801/127/2310 2803/45/2310 2805/128/2310 2807/48/2310 2809/129/2310
f 2811/51/15 2824/52/15 2823/53/15
f 2812/54/2311 2824/55/2311 2826/56/2311
f 2811/57/17 2823/58/17 2828/59/17
f 2811/60/18 2828/61/18 2830/62/18
f 2811/63/19 2830/64/19 2827/65/19
f 2812/54/2312 2826/56/2312 2833/66/2312
f 2813/67/21 2825/68/21 2835/69/21
f 2814/70/22 2829/71/22 2837/72/22
f 2815/73/23 2831/74/23 2839/75/23
f 2816/76/24 2832/77/24 2841/78/24
f 2812/54/25 2833/66/25 2836/79/25
f 2813/67/26 2835/69/26 2838/80/26
f 2814/70/27 2837/72/27 2840/81/27
f 2815/73/28 2839/75/28 2842/82/28
f 2816/76/29 2841/78/29 2834/83/29
f 2817/84/2313 2843/85/2313 2848/86/2313
f 2818/87/31 2844/88/31 2850/89/31
f 2819/90/32 2845/91/32 2851/92/32
f 2820/93/33 2846/94/33 2852/95/33
f 2821/96/34 2847/97/34 2849/98/34
f 2849/98/35 2852/99/35 2822/100/35
f 2849/98/36 2847/97/36 2852/99/36
f 2847/97/2314 2820/93/2314 2852/99/2314
f 2852/95/38 2851/101/38 2822/102/38
f 2852/95/2315 2846/94/2315 2851/101/2315
f 2846/94/40 2819/90/40 2851/101/40
f 2851/92/41 2850/103/41 2822/104/41
f 2851/92/42 2845/91/42 2850/103/42
f 2845/91/43 2818/105/43 2850/103/43
f 2850/89/44 2848/106/44 2822/107/44
f 2850/89/45 2844/88/45 2848/106/45
f 2844/88/46 2817/84/46 2848/106/46
f 2848/86/47 2849/108/47 2822/109/47
f 2848/86/48 2843/85/48 2849/108/48
f 2843/85/49 2821/96/49 2849/108/49
f 2834/83/50 2847/97/50 2821/96/50
f 2834/83/51 2841/78/51 2847/97/51
f 2841/78/52 2820/93/52 2847/97/52
f 2842/82/53 2846/94/53 2820/93/53
f 2842/82/54 2839/75/54 2846/94/54
f 2839/75/55 2819/90/55 2846/94/55
f 2840/81/56 2845/91/56 2819/90/56
f 2840/81/57 2837/72/57 2845/91/57
f 2837/72/58 2818/105/58 2845/91/58
f 2838/80/59 2844/88/59 2818/87/59
f 2838/80/60 2835/69/60 2844/88/60
f 2835/69/2316 2817/84/2316 2844/88/2316
f 2836/79/62 2843/85/62 2817/84/62
f 2836/79/63 2833/66/63 2843/85/63
f 2833/66/64 2821/96/64 2843/85/64
f 2841/78/65 2842/82/65 2820/93/65
f 2841/78/66 2832/77/66 2842/82/66
f 2832/77/2317 2815/73/2317 2842/82/2317
f 2839/75/68 2840/81/68 2819/90/68
f 2839/75/69 2831/74/69 2840/81/69
f 2831/74/70 2814/70/70 2840/81/70
f 2837/72/71 2838/110/71 2818/105/71
f 2837/72/72 2829/71/72 2838/110/72
f 2829/71/73 2813/111/73 2838/110/73
f 2835/69/74 2836/79/74 2817/84/74
f 2835/69/75 2825/68/75 2836/79/75
f 2825/68/76 2812/54/76 2836/79/76
f 2833/66/77 2834/83/77 2821/96/77
f 2833/66/78 2826/56/78 2834/83/78
f 2826/56/2318 2816/76/2318 2834/83/2318
f 2827/65/80 2832/77/80 2816/76/80
f 2827/65/2319 2830/64/2319 2832/77/2319
f 2830/64/82 2815/73/82 2832/77/82
f 2830/62/83 2831/74/83 2815/73/83
f 2830/62/84 2828/61/84 2831/74/84
f 2828/61/85 2814/70/85 2831/74/85
f 2828/59/86 2829/71/86 2814/70/86
f 2828/59/87 2823/58/87 2829/71/87
f 2823/58/88 2813/111/88 2829/71/88
f 2826/56/2320 2827/112/2320 2816/76/2320
f 2826/56/90 2824/55/90 2827/112/90
f 2824/55/91 2811/113/91 2827/112/91
f 2823/53/92 2825/68/92 2813/67/92
f 2823/53/93 2824/52/93 2825/68/93
f 2824/52/94 2812/54/94 2825/68/94
f 2893/1/2321 2894/2/2321 2896/114/2321 2895/115/2321
f 2895/115/2322 2896/114/2322 2898/7/2322 2897/8/2322
f 2897/8/2323 2898/7/2323 2900/116/2323 2899/117/2323
f 2899/117/2324 2900/116/2324 2902/13/2324 2901/14/2324
f 2901/14/2325 2902/13/2325 2904/118/2325 2903/119/2325
f 2903/119/2326 2904/118/2326 2906/19/2326 2905/20/2326
f 2896/120/2327 2894/24/2327 2908/121/2327 2906/27/2327 2904/122/2327 2902/30/2327 2900/123/2327 2898/33/2327
f 2905/20/2328 2906/19/2328 2908/124/2328 2907/125/2328
f 2907/125/2329 2908/124/2329 2894/37/2329 2893/38/2329
f 2893/39/2330 2895/126/2330 2897/42/2330 2899/127/2330 2901/45/2330 2903/128/2330 2905/48/2330 2907/129/2330
f 2909/1/2331 2910/2/2331 2912/114/2331 2911/115/2331
f 2911/115/2332 2912/114/2332 2914/7/2332 2913/8/2332
f 2913/8/2333 2914/7/2333 2916/116/2333 2915/117/2333
f 2915/117/2334 2916/116/2334 2918/13/2334 2917/14/2334
f 2917/14/2335 2918/13/2335 2920/118/2335 2919/119/2335
f 2919/119/2336 2920/118/2336 2922/19/2336 2921/20/2336
f 2912/120/2337 2910/24/2337 2924/121/2337 2922/27/2337 2920/122/2337 2918/30/2337 2916/123/2337 2914/33/2337
f 2921/20/2338 2922/19/2338 2924/124/2338 2923/125/2338
f 2923/125/2339 2924/124/2339 2910/37/2339 2909/38/2339
f 2909/39/2340 2911/126/2340 2913/42/2340 2915/127/2340 2917/45/2340 2919/128/2340 2921/48/2340 2923/129/2340
f 2925/1/2341 2926/2/2341 2928/114/2341 2927/115/2341
f 2927/115/2342 2928/114/2342 2930/7/2342 2929/8/2342
f 2929/8/2343 2930/7/2343 2932/116/2343 2931/117/2343
f 2931/117/2344 2932/116/2344 2934/13/2344 2933/14/2344
f 2933/14/2345 2934/13/2345 2936/118/2345 2935/119/2345
f 2935/119/2346 2936/118/2346 2938/19/2346 2937/20/2346
f 2928/120/2347 2926/24/2347 2940/121/2347 2938/27/2347 2936/122/2347 2934/30/2347 2932/123/2347 2930/33/2347
f 2937/20/2348 2938/19/2348 2940/124/2348 2939/125/2348
f 2939/125/2349 2940/124/2349 2926/37/2349 2925/38/2349
f 2925/39/2350 2927/126/2350 2929/42/2350 2931/127/2350 2933/45/2350 2935/128/2350 2937/48/2350 2939/129/2350
f 2941/51/15 2954/52/15 2953/53/15
f 2942/54/16 2954/55/16 2956/56/16
f 2941/57/17 2953/58/17 2958/59/17
f 2941/60/18 2958/61/18 2960/62/18
f 2941/63/19 2960/64/19 2957/65/19
f 2942/54/20 2956/56/20 2963/66/20
f 2943/67/21 2955/68/21 2965/69/21
f 2944/70/22 2959/71/22 2967/72/22
f 2945/73/23 2961/74/23 2969/75/23
f 2946/76/24 2962/77/24 2971/78/24
f 2942/54/25 2963/66/25 2966/79/25
f 2943/67/26 2965/69/26 2968/80/26
f 2944/70/27 2967/72/27 2970/81/27
f 2945/73/28 2969/75/28 2972/82/28
f 2946/76/29 2971/78/29 2964/83/29
f 2947/84/2313 2973/85/2313 2978/86/2313
f 2948/87/31 2974/88/31 2980/89/31
f 2949/90/2351 2975/91/2351 2981/92/2351
f 2950/93/33 2976/94/33 2982/95/33
f 2951/96/34 2977/97/34 2979/98/34
f 2979/98/35 2982/99/35 2952/100/35
f 2979/98/36 2977/97/36 2982/99/36
f 2977/97/2314 2950/93/2314 2982/99/2314
f 2982/95/38 2981/101/38 2952/102/38
f 2982/95/2315 2976/94/2315 2981/101/2315
f 2976/94/40 2949/90/40 2981/101/40
f 2981/92/41 2980/103/41 2952/104/41
f 2981/92/42 2975/91/42 2980/103/42
f 2975/91/2352 2948/105/2352 2980/103/2352
f 2980/89/44 2978/106/44 2952/107/44
f 2980/89/45 2974/88/45 2978/106/45
f 2974/88/46 2947/84/46 2978/106/46
f 2978/86/47 2979/108/47 2952/109/47
f 2978/86/48 2973/85/48 2979/108/48
f 2973/85/49 2951/96/49 2979/108/49
f 2964/83/50 2977/97/50 2951/96/50
f 2964/83/51 2971/78/51 2977/97/51
f 2971/78/52 2950/93/52 2977/97/52
f 2972/82/53 2976/94/53 2950/93/53
f 2972/82/54 2969/75/54 2976/94/54
f 2969/75/55 2949/90/55 2976/94/55
f 2970/81/2353 2975/91/2353 2949/90/2353
f 2970/81/57 2967/72/57 2975/91/57
f 2967/72/2354 2948/105/2354 2975/91/2354
f 2968/80/59 2974/88/59 2948/87/59
f 2968/80/60 2965/69/60 2974/88/60
f 2965/69/2316 2947/84/2316 2974/88/2316
f 2966/79/62 2973/85/62 2947/84/62
f 2966/79/63 2963/66/63 2973/85/63
f 2963/66/64 2951/96/64 2973/85/64
f 2971/78/65 2972/82/65 2950/93/65
f 2971/78/66 2962/77/66 2972/82/66
f 2962/77/2317 2945/73/2317 2972/82/2317
f 2969/75/68 2970/81/68 2949/90/68
f 2969/75/69 2961/74/69 2970/81/69
f 2961/74/70 2944/70/70 2970/81/70
f 2967/72/71 2968/110/71 2948/105/71
f 2967/72/72 2959/71/72 2968/110/72
f 2959/71/73 2943/111/73 2968/110/73
f 2965/69/74 2966/79/74 2947/84/74
f 2965/69/75 2955/68/75 2966/79/75
f 2955/68/76 2942/54/76 2966/79/76
f 2963/66/77 2964/83/77 2951/96/77
f 2963/66/78 2956/56/78 2964/83/78
f 2956/56/79 2946/76/79 2964/83/79
f 2957/65/80 2962/77/80 2946/76/80
f 2957/65/81 2960/64/81 2962/77/81
f 2960/64/82 2945/73/82 2962/77/82
f 2960/62/83 2961/74/83 2945/73/83
f 2960/62/84 2958/61/84 2961/74/84
f 2958/61/85 2944/70/85 2961/74/85
f 2958/59/86 2959/71/86 2944/70/86
f 2958/59/87 2953/58/87 2959/71/87
f 2953/58/88 2943/111/88 2959/71/88
f 2956/56/89 2957/112/89 2946/76/89
f 2956/56/90 2954/55/90 2957/112/90
f 2954/55/91 2941/113/91 2957/112/91
f 2953/53/92 2955/68/92 2943/67/92
f 2953/53/93 2954/52/93 2955/68/93
f 2954/52/94 2942/54/94 2955/68/94
f 3023/1/2355 3024/2/2355 3026/114/2355 3025/115/2355
f 3025/115/2356 3026/114/2356 3028/7/2356 3027/8/2356
f 3027/8/2357 3028/7/2357 3030/116/2357 3029/117/2357
f 3029/117/2358 3030/116/2358 3032/13/2358 3031/14/2358
f 3031/14/2359 3032/13/2359 3034/118/2359 3033/119/2359
f 3033/119/2360 3034/118/2360 3036/19/2360 3035/20/2360
f 3026/120/2361 3024/24/2361 3038/121/2361 3036/27/2361 3034/122/2361 3032/30/2361 3030/123/2361 3028/33/2361
f 3035/20/2362 3036/19/2362 3038/124/2362 3037/125/2362
f 3037/125/2363 3038/124/2363 3024/37/2363 3023/38/2363
f 3023/39/2364 3025/126/2364 3027/42/2364 3029/127/2364 3031/45/2364 3033/128/2364 3035/48/2364 3037/129/2364
f 3039/1/2355 3040/2/2355 3042/114/2355 3041/115/2355
f 3041/115/2356 3042/114/2356 3044/7/2356 3043/8/2356
f 3043/8/2357 3044/7/2357 3046/116/2357 3045/117/2357
f 3045/117/2358 3046/116/2358 3048/13/2358 3047/14/2358
f 3047/14/2359 3048/13/2359 3050/118/2359 3049/119/2359
f 3049/119/2360 3050/118/2360 3052/19/2360 3051/20/2360
f 3042/120/2361 3040/24/2361 3054/121/2361 3052/27/2361 3050/122/2361 3048/30/2361 3046/123/2361 3044/33/2361
f 3051/20/2362 3052/19/2362 3054/124/2362 3053/125/2362
f 3053/125/2363 3054/124/2363 3040/37/2363 3039/38/2363
f 3039/39/2364 3041/126/2364 3043/42/2364 3045/127/2364 3047/45/2364 3049/128/2364 3051/48/2364 3053/129/2364
usemtl WW_Mata.002
f 2591/51/15 2604/52/15 2603/53/15
f 2592/54/16 2604/55/16 2606/56/16
f 2591/57/17 2603/58/17 2608/59/17
f 2591/60/18 2608/61/18 2610/62/18
f 2591/63/19 2610/64/19 2607/65/19
f 2592/54/20 2606/56/20 2613/66/20
f 2593/67/2365 2605/68/2365 2615/69/2365
f 2594/70/22 2609/71/22 2617/72/22
f 2595/73/23 2611/74/23 2619/75/23
f 2596/76/24 2612/77/24 2621/78/24
f 2592/54/25 2613/66/25 2616/79/25
f 2593/67/26 2615/69/26 2618/80/26
f 2594/70/27 2617/72/27 2620/81/27
f 2595/73/28 2619/75/28 2622/82/28
f 2596/76/29 2621/78/29 2614/83/29
f 2597/84/30 2623/85/30 2628/86/30
f 2598/87/31 2624/88/31 2630/89/31
f 2599/90/32 2625/91/32 2631/92/32
f 2600/93/33 2626/94/33 2632/95/33
f 2601/96/34 2627/97/34 2629/98/34
f 2629/98/35 2632/99/35 2602/100/35
f 2629/98/36 2627/97/36 2632/99/36
f 2627/97/37 2600/93/37 2632/99/37
f 2632/95/38 2631/101/38 2602/102/38
f 2632/95/39 2626/94/39 2631/101/39
f 2626/94/40 2599/90/40 2631/101/40
f 2631/92/41 2630/103/41 2602/104/41
f 2631/92/2366 2625/91/2366 2630/103/2366
f 2625/91/43 2598/105/43 2630/103/43
f 2630/89/44 2628/106/44 2602/107/44
f 2630/89/45 2624/88/45 2628/106/45
f 2624/88/46 2597/84/46 2628/106/46
f 2628/86/47 2629/108/47 2602/109/47
f 2628/86/48 2623/85/48 2629/108/48
f 2623/85/49 2601/96/49 2629/108/49
f 2614/83/50 2627/97/50 2601/96/50
f 2614/83/51 2621/78/51 2627/97/51
f 2621/78/52 2600/93/52 2627/97/52
f 2622/82/53 2626/94/53 2600/93/53
f 2622/82/54 2619/75/54 2626/94/54
f 2619/75/55 2599/90/55 2626/94/55
f 2620/81/56 2625/91/56 2599/90/56
f 2620/81/57 2617/72/57 2625/91/57
f 2617/72/58 2598/105/58 2625/91/58
f 2618/80/59 2624/88/59 2598/87/59
f 2618/80/60 2615/69/60 2624/88/60
f 2615/69/2316 2597/84/2316 2624/88/2316
f 2616/79/62 2623/85/62 2597/84/62
f 2616/79/63 2613/66/63 2623/85/63
f 2613/66/64 2601/96/64 2623/85/64
f 2621/78/65 2622/82/65 2600/93/65
f 2621/78/66 2612/77/66 2622/82/66
f 2612/77/67 2595/73/67 2622/82/67
f 2619/75/68 2620/81/68 2599/90/68
f 2619/75/69 2611/74/69 2620/81/69
f 2611/74/70 2594/70/70 2620/81/70
f 2617/72/71 2618/110/71 2598/105/71
f 2617/72/72 2609/71/72 2618/110/72
f 2609/71/73 2593/111/73 2618/110/73
f 2615/69/74 2616/79/74 2597/84/74
f 2615/69/75 2605/68/75 2616/79/75
f 2605/68/76 2592/54/76 2616/79/76
f 2613/66/77 2614/83/77 2601/96/77
f 2613/66/78 2606/56/78 2614/83/78
f 2606/56/79 2596/76/79 2614/83/79
f 2607/65/80 2612/77/80 2596/76/80
f 2607/65/81 2610/64/81 2612/77/81
f 2610/64/82 2595/73/82 2612/77/82
f 2610/62/83 2611/74/83 2595/73/83
f 2610/62/84 2608/61/84 2611/74/84
f 2608/61/85 2594/70/85 2611/74/85
f 2608/59/86 2609/71/86 2594/70/86
f 2608/59/87 2603/58/87 2609/71/87
f 2603/58/88 2593/111/88 2609/71/88
f 2606/56/89 2607/112/89 2596/76/89
f 2606/56/2367 2604/55/2367 2607/112/2367
f 2604/55/91 2591/113/91 2607/112/91
f 2603/53/92 2605/68/92 2593/67/92
f 2603/53/93 2604/52/93 2605/68/93
f 2604/52/94 2592/54/94 2605/68/94
f 2633/51/15 2646/52/15 2645/53/15
f 2634/54/16 2646/55/16 2648/56/16
f 2633/57/17 2645/58/17 2650/59/17
f 2633/60/18 2650/61/18 2652/62/18
f 2633/63/19 2652/64/19 2649/65/19
f 2634/54/20 2648/56/20 2655/66/20
f 2635/67/2365 2647/68/2365 2657/69/2365
f 2636/70/22 2651/71/22 2659/72/22
f 2637/73/23 2653/74/23 2661/75/23
f 2638/76/24 2654/77/24 2663/78/24
f 2634/54/25 2655/66/25 2658/79/25
f 2635/67/26 2657/69/26 2660/80/26
f 2636/70/27 2659/72/27 2662/81/27
f 2637/73/28 2661/75/28 2664/82/28
f 2638/76/29 2663/78/29 2656/83/29
f 2639/84/30 2665/85/30 2670/86/30
f 2640/87/31 2666/88/31 2672/89/31
f 2641/90/32 2667/91/32 2673/92/32
f 2642/93/33 2668/94/33 2674/95/33
f 2643/96/34 2669/97/34 2671/98/34
f 2671/98/35 2674/99/35 2644/100/35
f 2671/98/36 2669/97/36 2674/99/36
f 2669/97/37 2642/93/37 2674/99/37
f 2674/95/38 2673/101/38 2644/102/38
f 2674/95/39 2668/94/39 2673/101/39
f 2668/94/40 2641/90/40 2673/101/40
f 2673/92/41 2672/103/41 2644/104/41
f 2673/92/2366 2667/91/2366 2672/103/2366
f 2667/91/43 2640/105/43 2672/103/43
f 2672/89/44 2670/106/44 2644/107/44
f 2672/89/45 2666/88/45 2670/106/45
f 2666/88/46 2639/84/46 2670/106/46
f 2670/86/47 2671/108/47 2644/109/47
f 2670/86/48 2665/85/48 2671/108/48
f 2665/85/49 2643/96/49 2671/108/49
f 2656/83/50 2669/97/50 2643/96/50
f 2656/83/51 2663/78/51 2669/97/51
f 2663/78/52 2642/93/52 2669/97/52
f 2664/82/53 2668/94/53 2642/93/53
f 2664/82/54 2661/75/54 2668/94/54
f 2661/75/55 2641/90/55 2668/94/55
f 2662/81/56 2667/91/56 2641/90/56
f 2662/81/57 2659/72/57 2667/91/57
f 2659/72/58 2640/105/58 2667/91/58
f 2660/80/59 2666/88/59 2640/87/59
f 2660/80/60 2657/69/60 2666/88/60
f 2657/69/2316 2639/84/2316 2666/88/2316
f 2658/79/62 2665/85/62 2639/84/62
f 2658/79/63 2655/66/63 2665/85/63
f 2655/66/64 2643/96/64 2665/85/64
f 2663/78/65 2664/82/65 2642/93/65
f 2663/78/66 2654/77/66 2664/82/66
f 2654/77/67 2637/73/67 2664/82/67
f 2661/75/68 2662/81/68 2641/90/68
f 2661/75/69 2653/74/69 2662/81/69
f 2653/74/70 2636/70/70 2662/81/70
f 2659/72/71 2660/110/71 2640/105/71
f 2659/72/72 2651/71/72 2660/110/72
f 2651/71/73 2635/111/73 2660/110/73
f 2657/69/74 2658/79/74 2639/84/74
f 2657/69/75 2647/68/75 2658/79/75
f 2647/68/76 2634/54/76 2658/79/76
f 2655/66/77 2656/83/77 2643/96/77
f 2655/66/78 2648/56/78 2656/83/78
f 2648/56/79 2638/76/79 2656/83/79
f 2649/65/80 2654/77/80 2638/76/80
f 2649/65/81 2652/64/81 2654/77/81
f 2652/64/82 2637/73/82 2654/77/82
f 2652/62/83 2653/74/83 2637/73/83
f 2652/62/84 2650/61/84 2653/74/84
f 2650/61/85 2636/70/85 2653/74/85
f 2650/59/86 2651/71/86 2636/70/86
f 2650/59/87 2645/58/87 2651/71/87
f 2645/58/88 2635/111/88 2651/71/88
f 2648/56/89 2649/112/89 2638/76/89
f 2648/56/2367 2646/55/2367 2649/112/2367
f 2646/55/91 2633/113/91 2649/112/91
f 2645/53/92 2647/68/92 2635/67/92
f 2645/53/93 2646/52/93 2647/68/93
f 2646/52/94 2634/54/94 2647/68/94
usemtl WW_Mulut.002
f 2675/1343/2368 2676/888/2368 2678/891/2368 2677/1346/2368
f 2677/1346/2369 2678/891/2369 2682/117/2369 2681/119/2369
f 2681/119/2370 2682/117/2370 2680/885/2370 2679/1340/2370
f 2679/1340/2371 2680/885/2371 2676/116/2371 2675/118/2371
f 2677/125/2372 2681/119/2372 2679/1340/2372 2675/1192/2372
f 2682/117/2373 2678/115/2373 2676/1033/2373 2680/885/2373
usemtl WW_Rambut.002
f 2683/1/2374 2684/2/2374 2686/7/2374 2685/8/2374
f 2685/8/2375 2686/7/2375 2688/13/2375 2687/14/2375
f 2686/33/2373 2684/24/2373 2690/27/2373 2688/30/2373
f 2687/14/2376 2688/13/2376 2690/19/2376 2689/20/2376
f 2689/20/2377 2690/19/2377 2684/37/2377 2683/38/2377
f 2683/39/2372 2685/42/2372 2687/45/2372 2689/48/2372
f 2691/1/2378 2692/2/2378 2694/7/2378 2693/8/2378
f 2693/8/2379 2694/7/2379 2696/13/2379 2695/14/2379
f 2694/33/2380 2692/24/2380 2698/27/2380 2696/30/2380
f 2695/14/2381 2696/13/2381 2698/19/2381 2697/20/2381
f 2697/20/2382 2698/19/2382 2692/37/2382 2691/38/2382
f 2691/39/2383 2693/42/2383 2695/45/2383 2697/48/2383
f 2699/1/2384 2700/2/2384 2702/7/2384 2701/8/2384
f 2701/8/2385 2702/7/2385 2704/13/2385 2703/14/2385
f 2702/33/2386 2700/24/2386 2706/27/2386 2704/30/2386
f 2703/14/2387 2704/13/2387 2706/19/2387 2705/20/2387
f 2705/20/2388 2706/19/2388 2700/37/2388 2699/38/2388
f 2699/39/2389 2701/42/2389 2703/45/2389 2705/48/2389
f 2707/1/2390 2708/2/2390 2710/7/2390 2709/8/2390
f 2709/8/2391 2710/7/2391 2712/13/2391 2711/14/2391
f 2710/33/2392 2708/24/2392 2714/27/2392 2712/30/2392
f 2711/14/2393 2712/13/2393 2714/19/2393 2713/20/2393
f 2713/20/2394 2714/19/2394 2708/37/2394 2707/38/2394
f 2707/39/2395 2709/42/2395 2711/45/2395 2713/48/2395
f 2715/1/2396 2716/2/2396 2718/7/2396 2717/8/2396
f 2717/8/2397 2718/7/2397 2720/13/2397 2719/14/2397
f 2718/33/2398 2716/24/2398 2722/27/2398 2720/30/2398
f 2719/14/2399 2720/13/2399 2722/19/2399 2721/20/2399
f 2721/20/2400 2722/19/2400 2716/37/2400 2715/38/2400
f 2715/39/2401 2717/42/2401 2719/45/2401 2721/48/2401
f 2723/1/2402 2724/2/2402 2726/7/2402 2725/8/2402
f 2725/8/2403 2726/7/2403 2728/13/2403 2727/14/2403
f 2726/33/2373 2724/24/2373 2730/27/2373 2728/30/2373
f 2727/14/2404 2728/13/2404 2730/19/2404 2729/20/2404
f 2729/20/2405 2730/19/2405 2724/37/2405 2723/38/2405
f 2723/39/2372 2725/42/2372 2727/45/2372 2729/48/2372
f 2731/1/2406 2732/2/2406 2734/7/2406 2733/8/2406
f 2733/8/2407 2734/7/2407 2736/13/2407 2735/14/2407
f 2734/33/2408 2732/24/2408 2738/27/2408 2736/30/2408
f 2735/14/2409 2736/13/2409 2738/19/2409 2737/20/2409
f 2737/20/2410 2738/19/2410 2732/37/2410 2731/38/2410
f 2731/39/2411 2733/42/2411 2735/45/2411 2737/48/2411
f 2739/1/2412 2740/2/2412 2742/7/2412 2741/8/2412
f 2741/8/2413 2742/7/2413 2744/13/2413 2743/14/2413
f 2742/33/2414 2740/24/2414 2746/27/2414 2744/30/2414
f 2743/14/2415 2744/13/2415 2746/19/2415 2745/20/2415
f 2745/20/2416 2746/19/2416 2740/37/2416 2739/38/2416
f 2739/39/2417 2741/42/2417 2743/45/2417 2745/48/2417
f 2747/1/2418 2748/2/2418 2750/7/2418 2749/8/2418
f 2749/8/2419 2750/7/2419 2752/13/2419 2751/14/2419
f 2750/33/2420 2748/24/2420 2754/27/2420 2752/30/2420
f 2751/14/2421 2752/13/2421 2754/19/2421 2753/20/2421
f 2753/20/2422 2754/19/2422 2748/37/2422 2747/38/2422
f 2747/39/2423 2749/42/2423 2751/45/2423 2753/48/2423
f 2755/1/2424 2756/2/2424 2758/7/2424 2757/8/2424
f 2757/8/2425 2758/7/2425 2760/13/2425 2759/14/2425
f 2758/33/2426 2756/24/2426 2762/27/2426 2760/30/2426
f 2759/14/2427 2760/13/2427 2762/19/2427 2761/20/2427
f 2761/20/2428 2762/19/2428 2756/37/2428 2755/38/2428
f 2755/39/2429 2757/42/2429 2759/45/2429 2761/48/2429
usemtl WW_Kuku.002
f 2853/1/2430 2854/2/2430 2856/7/2430 2855/8/2430
f 2855/8/2431 2856/7/2431 2858/13/2431 2857/14/2431
f 2856/33/2432 2854/24/2432 2860/27/2432 2858/30/2432
f 2857/14/2433 2858/13/2433 2860/19/2433 2859/20/2433
f 2859/20/2434 2860/19/2434 2854/37/2434 2853/38/2434
f 2853/39/2435 2855/42/2435 2857/45/2435 2859/48/2435
f 2861/1/2436 2862/2/2436 2864/7/2436 2863/8/2436
f 2863/8/2437 2864/7/2437 2866/13/2437 2865/14/2437
f 2864/33/2438 2862/24/2438 2868/27/2438 2866/30/2438
f 2865/14/2439 2866/13/2439 2868/19/2439 2867/20/2439
f 2867/20/2440 2868/19/2440 2862/37/2440 2861/38/2440
f 2861/39/2441 2863/42/2441 2865/45/2441 2867/48/2441
f 2869/1/2442 2870/2/2442 2872/7/2442 2871/8/2442
f 2871/8/2443 2872/7/2443 2874/13/2443 2873/14/2443
f 2872/33/2444 2870/24/2444 2876/27/2444 2874/30/2444
f 2873/14/2445 2874/13/2445 2876/19/2445 2875/20/2445
f 2875/20/2446 2876/19/2446 2870/37/2446 2869/38/2446
f 2869/39/2447 2871/42/2447 2873/45/2447 2875/48/2447
f 2877/1/2448 2878/2/2448 2880/7/2448 2879/8/2448
f 2879/8/2449 2880/7/2449 2882/13/2449 2881/14/2449
f 2880/33/2450 2878/24/2450 2884/27/2450 2882/30/2450
f 2881/14/2451 2882/13/2451 2884/19/2451 2883/20/2451
f 2883/20/2452 2884/19/2452 2878/37/2452 2877/38/2452
f 2877/39/2453 2879/42/2453 2881/45/2453 2883/48/2453
f 2885/1/2454 2886/2/2454 2888/7/2454 2887/8/2454
f 2887/8/2455 2888/7/2455 2890/13/2455 2889/14/2455
f 2888/33/2456 2886/24/2456 2892/27/2456 2890/30/2456
f 2889/14/2457 2890/13/2457 2892/19/2457 2891/20/2457
f 2891/20/2458 2892/19/2458 2886/37/2458 2885/38/2458
f 2885/39/2459 2887/42/2459 2889/45/2459 2891/48/2459
f 2983/1/2460 2984/2/2460 2986/7/2460 2985/8/2460
f 2985/8/2461 2986/7/2461 2988/13/2461 2987/14/2461
f 2986/33/2462 2984/24/2462 2990/27/2462 2988/30/2462
f 2987/14/2463 2988/13/2463 2990/19/2463 2989/20/2463
f 2989/20/2464 2990/19/2464 2984/37/2464 2983/38/2464
f 2983/39/2465 2985/42/2465 2987/45/2465 2989/48/2465
f 2991/1/2466 2992/2/2466 2994/7/2466 2993/8/2466
f 2993/8/2467 2994/7/2467 2996/13/2467 2995/14/2467
f 2994/33/2450 2992/24/2450 2998/27/2450 2996/30/2450
f 2995/14/2468 2996/13/2468 2998/19/2468 2997/20/2468
f 2997/20/2469 2998/19/2469 2992/37/2469 2991/38/2469
f 2991/39/2453 2993/42/2453 2995/45/2453 2997/48/2453
f 2999/1/2442 3000/2/2442 3002/7/2442 3001/8/2442
f 3001/8/2443 3002/7/2443 3004/13/2443 3003/14/2443
f 3002/33/2444 3000/24/2444 3006/27/2444 3004/30/2444
f 3003/14/2445 3004/13/2445 3006/19/2445 3005/20/2445
f 3005/20/2446 3006/19/2446 3000/37/2446 2999/38/2446
f 2999/39/2447 3001/42/2447 3003/45/2447 3005/48/2447
f 3007/1/2470 3008/2/2470 3010/7/2470 3009/8/2470
f 3009/8/2471 3010/7/2471 3012/13/2471 3011/14/2471
f 3010/33/2438 3008/24/2438 3014/27/2438 3012/30/2438
f 3011/14/2472 3012/13/2472 3014/19/2472 3013/20/2472
f 3013/20/2473 3014/19/2473 3008/37/2473 3007/38/2473
f 3007/39/2441 3009/42/2441 3011/45/2441 3013/48/2441
f 3015/1/2474 3016/2/2474 3018/7/2474 3017/8/2474
f 3017/8/2475 3018/7/2475 3020/13/2475 3019/14/2475
f 3018/33/2476 3016/24/2476 3022/27/2476 3020/30/2476
f 3019/14/2477 3020/13/2477 3022/19/2477 3021/20/2477
f 3021/20/2478 3022/19/2478 3016/37/2478 3015/38/2478
f 3015/39/2479 3017/42/2479 3019/45/2479 3021/48/2479
