# Blender 5.1.1
# www.blender.org
mtllib mob_pocong.mtl
o mob_pocong
v 0.000000 0.000000 0.160000
v 0.000000 0.120000 0.120000
v -0.113137 0.000000 0.113137
v -0.084853 0.120000 0.084853
v -0.160000 0.000000 0.000000
v -0.120000 0.120000 0.000000
v -0.113137 0.000000 -0.113137
v -0.084853 0.120000 -0.084853
v -0.000000 0.000000 -0.160000
v -0.000000 0.120000 -0.120000
v 0.113137 0.000000 -0.113137
v 0.084853 0.120000 -0.084853
v 0.160000 0.000000 -0.000000
v 0.120000 0.120000 -0.000000
v 0.113137 0.000000 0.113137
v 0.084853 0.120000 0.084853
v 0.000000 1.934000 0.000000
v 0.000000 1.890734 0.089306
v 0.000000 1.569602 0.233806
v 0.000000 1.323171 0.274855
v 0.000000 1.050000 0.289000
v 0.000000 0.334829 0.169870
v 0.000000 0.209266 0.089306
v 0.000000 0.166000 0.000000
v -0.045586 1.890734 0.080462
v -0.086710 1.765171 0.153048
v -0.119347 1.569602 0.210652
v -0.140300 1.323171 0.247636
v -0.147520 1.050000 0.260380
v -0.140300 0.776829 0.247636
v -0.119347 0.530398 0.210652
v -0.086710 0.334829 0.153048
v -0.045586 0.209266 0.080462
v -0.082144 1.890734 0.055681
v -0.156247 1.765171 0.105912
v -0.215055 1.569602 0.145776
v -0.252812 1.323171 0.171370
v -0.265823 1.050000 0.180189
v -0.252812 0.776829 0.171370
v -0.215055 0.530398 0.145776
v -0.156247 0.334829 0.105912
v -0.082144 0.209266 0.055681
v -0.102432 1.890734 0.019872
v -0.194836 1.765171 0.037800
v -0.268169 1.569602 0.052027
v -0.315252 1.323171 0.061161
v -0.331475 1.050000 0.064309
v -0.315252 0.776829 0.061161
v -0.268169 0.530398 0.052027
v -0.194836 0.334829 0.037800
v -0.102432 0.209266 0.019872
v -0.102432 1.890734 -0.019872
v -0.194836 1.765171 -0.037800
v -0.268169 1.569602 -0.052027
v -0.315252 1.323171 -0.061161
v -0.331475 1.050000 -0.064309
v -0.315252 0.776829 -0.061161
v -0.268169 0.530398 -0.052027
v -0.194836 0.334829 -0.037800
v -0.102432 0.209266 -0.019872
v -0.082144 1.890734 -0.055681
v -0.156247 1.765171 -0.105912
v -0.215055 1.569602 -0.145776
v -0.252812 1.323171 -0.171370
v -0.265823 1.050000 -0.180189
v -0.252812 0.776829 -0.171370
v -0.215055 0.530398 -0.145776
v -0.156247 0.334829 -0.105912
v -0.082144 0.209266 -0.055681
v -0.045586 1.890734 -0.080462
v -0.086710 1.765171 -0.153048
v -0.119347 1.569602 -0.210652
v -0.140300 1.323171 -0.247636
v -0.147520 1.050000 -0.260380
v -0.140300 0.776829 -0.247636
v -0.119347 0.530398 -0.210652
v -0.086710 0.334829 -0.153048
v -0.045586 0.209266 -0.080462
v 0.000000 1.890734 -0.089306
v 0.000000 1.765171 -0.169870
v 0.000000 1.569602 -0.233806
v 0.000000 1.323171 -0.274855
v 0.000000 1.050000 -0.289000
v 0.000000 0.776829 -0.274855
v 0.000000 0.530398 -0.233806
v 0.000000 0.334829 -0.169870
v 0.000000 0.209266 -0.089306
v 0.045586 1.890734 -0.080462
v 0.086710 1.765171 -0.153048
v 0.119347 1.569602 -0.210652
v 0.140300 1.323171 -0.247636
v 0.147520 1.050000 -0.260380
v 0.140300 0.776829 -0.247636
v 0.119347 0.530398 -0.210652
v 0.086710 0.334829 -0.153048
v 0.045586 0.209266 -0.080462
v 0.082144 1.890734 -0.055681
v 0.156247 1.765171 -0.105912
v 0.215055 1.569602 -0.145776
v 0.252812 1.323171 -0.171369
v 0.265823 1.050000 -0.180189
v 0.252812 0.776829 -0.171369
v 0.215055 0.530398 -0.145776
v 0.156247 0.334829 -0.105912
v 0.082144 0.209266 -0.055681
v 0.102432 1.890734 -0.019872
v 0.194836 1.765171 -0.037800
v 0.268169 1.569602 -0.052027
v 0.315252 1.323171 -0.061161
v 0.331476 1.050000 -0.064309
v 0.315252 0.776829 -0.061161
v 0.268169 0.530398 -0.052027
v 0.194836 0.334829 -0.037800
v 0.102432 0.209266 -0.019872
v 0.102432 1.890734 0.019872
v 0.194836 1.765171 0.037800
v 0.268169 1.569602 0.052027
v 0.315252 1.323171 0.061161
v 0.331476 1.050000 0.064309
v 0.315252 0.776829 0.061161
v 0.268169 0.530398 0.052027
v 0.194836 0.334829 0.037800
v 0.102432 0.209266 0.019872
v 0.082144 1.890734 0.055681
v 0.156247 1.765171 0.105912
v 0.215055 1.569602 0.145776
v 0.252812 1.323171 0.171370
v 0.265823 1.050000 0.180189
v 0.252812 0.776829 0.171370
v 0.215055 0.530398 0.145776
v 0.156247 0.334829 0.105912
v 0.082144 0.209266 0.055681
v 0.045586 1.890734 0.080462
v 0.086710 1.765171 0.153047
v 0.119346 1.569602 0.210652
v 0.140300 1.323171 0.247636
v 0.147520 1.050000 0.260380
v 0.140300 0.776829 0.247636
v 0.119346 0.530398 0.210652
v 0.086710 0.334829 0.153047
v 0.045586 0.209266 0.080462
v -0.000000 1.765171 0.169870
v -0.000000 0.776829 0.274855
v -0.000000 0.530398 0.233806
v 0.000000 2.196000 0.000000
v 0.000000 2.115161 0.169706
v 0.000000 2.025621 0.221731
v 0.000000 1.920000 0.240000
v 0.000000 1.814379 0.221731
v 0.000000 1.644000 0.000000
v -0.045922 2.174991 0.079539
v -0.084853 2.115161 0.146969
v -0.110866 2.025621 0.192025
v -0.120000 1.920000 0.207846
v -0.110866 1.814379 0.192025
v -0.084853 1.724838 0.146969
v -0.045922 1.665009 0.079539
v -0.079539 2.174991 0.045922
v -0.146969 2.115161 0.084853
v -0.192025 2.025621 0.110866
v -0.207846 1.920000 0.120000
v -0.192025 1.814379 0.110866
v -0.146969 1.724838 0.084853
v -0.079539 1.665009 0.045922
v -0.091844 2.174991 0.000000
v -0.169706 2.115161 0.000000
v -0.221731 2.025621 0.000000
v -0.240000 1.920000 0.000000
v -0.221731 1.814379 0.000000
v -0.169706 1.724838 0.000000
v -0.091844 1.665009 0.000000
v -0.079539 2.174991 -0.045922
v -0.146969 2.115161 -0.084853
v -0.192025 2.025621 -0.110866
v -0.207846 1.920000 -0.120000
v -0.192025 1.814379 -0.110866
v -0.146969 1.724838 -0.084853
v -0.079539 1.665009 -0.045922
v -0.045922 2.174991 -0.079539
v -0.084853 2.115161 -0.146969
v -0.110866 2.025621 -0.192025
v -0.120000 1.920000 -0.207846
v -0.110866 1.814379 -0.192025
v -0.084853 1.724838 -0.146969
v -0.045922 1.665009 -0.079539
v -0.000000 2.174991 -0.091844
v -0.000000 2.115161 -0.169706
v -0.000000 2.025621 -0.221731
v -0.000000 1.920000 -0.240000
v -0.000000 1.814379 -0.221731
v -0.000000 1.724838 -0.169706
v -0.000000 1.665009 -0.091844
v 0.045922 2.174991 -0.079539
v 0.084853 2.115161 -0.146969
v 0.110866 2.025621 -0.192025
v 0.120000 1.920000 -0.207846
v 0.110866 1.814379 -0.192025
v 0.084853 1.724838 -0.146969
v 0.045922 1.665009 -0.079539
v 0.079539 2.174991 -0.045922
v 0.146969 2.115161 -0.084853
v 0.192025 2.025621 -0.110866
v 0.207846 1.920000 -0.120000
v 0.192025 1.814379 -0.110866
v 0.146969 1.724838 -0.084853
v 0.079539 1.665009 -0.045922
v 0.091844 2.174991 -0.000000
v 0.169706 2.115161 -0.000000
v 0.221731 2.025621 -0.000000
v 0.240000 1.920000 0.000000
v 0.221731 1.814379 -0.000000
v 0.169706 1.724838 -0.000000
v 0.091844 1.665009 -0.000000
v 0.079539 2.174991 0.045922
v 0.146969 2.115161 0.084853
v 0.192025 2.025621 0.110866
v 0.207846 1.920000 0.120000
v 0.192025 1.814379 0.110866
v 0.146969 1.724838 0.084853
v 0.079539 1.665009 0.045922
v 0.045922 2.174991 0.079539
v 0.084853 2.115161 0.146969
v 0.110866 2.025621 0.192025
v 0.120000 1.920000 0.207846
v 0.110866 1.814379 0.192025
v 0.084853 1.724838 0.146969
v 0.045922 1.665009 0.079539
v 0.000000 2.174991 0.091844
v 0.000000 1.724838 0.169706
v 0.000000 1.665009 0.091844
v -0.249000 0.500000 0.000000
v -0.246588 0.509000 0.000000
v -0.240000 0.515588 0.000000
v -0.231000 0.518000 0.000000
v -0.222000 0.515588 0.000000
v -0.215412 0.509000 0.000000
v -0.213000 0.500000 0.000000
v -0.215412 0.491000 0.000000
v -0.222000 0.484412 0.000000
v -0.231000 0.482000 0.000000
v -0.240000 0.484412 0.000000
v -0.246588 0.491000 0.000000
v -0.246870 0.500000 0.032501
v -0.244479 0.509000 0.032186
v -0.237947 0.515588 0.031326
v -0.229024 0.518000 0.030152
v -0.220101 0.515588 0.028977
v -0.213569 0.509000 0.028117
v -0.211178 0.500000 0.027802
v -0.213569 0.491000 0.028117
v -0.220101 0.484412 0.028977
v -0.229024 0.482000 0.030152
v -0.237947 0.484412 0.031326
v -0.244479 0.491000 0.032186
v -0.240516 0.500000 0.064446
v -0.238186 0.509000 0.063822
v -0.231822 0.515588 0.062117
v -0.223129 0.518000 0.059787
v -0.214436 0.515588 0.057458
v -0.208072 0.509000 0.055753
v -0.205742 0.500000 0.055128
v -0.208072 0.491000 0.055753
v -0.214436 0.484412 0.057458
v -0.223129 0.482000 0.059787
v -0.231822 0.484412 0.062117
v -0.238186 0.491000 0.063822
v -0.230046 0.500000 0.095288
v -0.227818 0.509000 0.094365
v -0.221731 0.515588 0.091844
v -0.213416 0.518000 0.088400
v -0.205101 0.515588 0.084956
v -0.199014 0.509000 0.082434
v -0.196786 0.500000 0.081512
v -0.199014 0.491000 0.082434
v -0.205101 0.484412 0.084956
v -0.213416 0.482000 0.088400
v -0.221731 0.484412 0.091844
v -0.227818 0.491000 0.094365
v -0.215640 0.500000 0.124500
v -0.213552 0.509000 0.123294
v -0.207846 0.515588 0.120000
v -0.200052 0.518000 0.115500
v -0.192258 0.515588 0.111000
v -0.186552 0.509000 0.107706
v -0.184463 0.500000 0.106500
v -0.186552 0.491000 0.107706
v -0.192258 0.484412 0.111000
v -0.200052 0.482000 0.115500
v -0.207846 0.484412 0.120000
v -0.213552 0.491000 0.123294
v -0.197545 0.500000 0.151582
v -0.195632 0.509000 0.150114
v -0.190405 0.515588 0.146103
v -0.183265 0.518000 0.140624
v -0.176124 0.515588 0.135145
v -0.170897 0.509000 0.131134
v -0.168984 0.500000 0.129666
v -0.170897 0.491000 0.131134
v -0.176124 0.484412 0.135145
v -0.183265 0.482000 0.140624
v -0.190405 0.484412 0.146103
v -0.195632 0.491000 0.150114
v -0.176070 0.500000 0.176070
v -0.174364 0.509000 0.174364
v -0.169706 0.515588 0.169706
v -0.163342 0.518000 0.163342
v -0.156978 0.515588 0.156978
v -0.152319 0.509000 0.152319
v -0.150614 0.500000 0.150614
v -0.152319 0.491000 0.152319
v -0.156978 0.484412 0.156978
v -0.163342 0.482000 0.163342
v -0.169706 0.484412 0.169706
v -0.174364 0.491000 0.174364
v -0.151582 0.500000 0.197545
v -0.150114 0.509000 0.195632
v -0.146103 0.515588 0.190405
v -0.140624 0.518000 0.183265
v -0.135145 0.515588 0.176124
v -0.131134 0.509000 0.170897
v -0.129666 0.500000 0.168984
v -0.131134 0.491000 0.170897
v -0.135145 0.484412 0.176124
v -0.140624 0.482000 0.183265
v -0.146103 0.484412 0.190405
v -0.150114 0.491000 0.195632
v -0.124500 0.500000 0.215640
v -0.123294 0.509000 0.213552
v -0.120000 0.515588 0.207846
v -0.115500 0.518000 0.200052
v -0.111000 0.515588 0.192258
v -0.107706 0.509000 0.186552
v -0.106500 0.500000 0.184463
v -0.107706 0.491000 0.186552
v -0.111000 0.484412 0.192258
v -0.115500 0.482000 0.200052
v -0.120000 0.484412 0.207846
v -0.123294 0.491000 0.213552
v -0.095288 0.500000 0.230046
v -0.094365 0.509000 0.227818
v -0.091844 0.515588 0.221731
v -0.088400 0.518000 0.213416
v -0.084956 0.515588 0.205101
v -0.082434 0.509000 0.199014
v -0.081512 0.500000 0.196786
v -0.082434 0.491000 0.199014
v -0.084956 0.484412 0.205101
v -0.088400 0.482000 0.213416
v -0.091844 0.484412 0.221731
v -0.094365 0.491000 0.227818
v -0.064446 0.500000 0.240516
v -0.063822 0.509000 0.238186
v -0.062117 0.515588 0.231822
v -0.059787 0.518000 0.223129
v -0.057458 0.515588 0.214436
v -0.055753 0.509000 0.208072
v -0.055128 0.500000 0.205742
v -0.055753 0.491000 0.208072
v -0.057458 0.484412 0.214436
v -0.059787 0.482000 0.223129
v -0.062117 0.484412 0.231822
v -0.063822 0.491000 0.238186
v -0.032501 0.500000 0.246870
v -0.032186 0.509000 0.244479
v -0.031326 0.515588 0.237947
v -0.030151 0.518000 0.229024
v -0.028977 0.515588 0.220101
v -0.028117 0.509000 0.213569
v -0.027802 0.500000 0.211178
v -0.028117 0.491000 0.213569
v -0.028977 0.484412 0.220101
v -0.030151 0.482000 0.229024
v -0.031326 0.484412 0.237947
v -0.032186 0.491000 0.244479
v 0.000000 0.500000 0.249000
v 0.000000 0.509000 0.246588
v 0.000000 0.515588 0.240000
v 0.000000 0.518000 0.231000
v 0.000000 0.515588 0.222000
v 0.000000 0.509000 0.215412
v 0.000000 0.500000 0.213000
v 0.000000 0.491000 0.215412
v 0.000000 0.484412 0.222000
v 0.000000 0.482000 0.231000
v 0.000000 0.484412 0.240000
v 0.000000 0.491000 0.246588
v 0.032501 0.500000 0.246870
v 0.032186 0.509000 0.244479
v 0.031326 0.515588 0.237947
v 0.030152 0.518000 0.229024
v 0.028977 0.515588 0.220101
v 0.028117 0.509000 0.213569
v 0.027802 0.500000 0.211178
v 0.028117 0.491000 0.213569
v 0.028977 0.484412 0.220101
v 0.030152 0.482000 0.229024
v 0.031326 0.484412 0.237947
v 0.032186 0.491000 0.244479
v 0.064446 0.500000 0.240516
v 0.063822 0.509000 0.238186
v 0.062117 0.515588 0.231822
v 0.059787 0.518000 0.223129
v 0.057458 0.515588 0.214436
v 0.055753 0.509000 0.208072
v 0.055128 0.500000 0.205742
v 0.055753 0.491000 0.208072
v 0.057458 0.484412 0.214436
v 0.059787 0.482000 0.223129
v 0.062117 0.484412 0.231822
v 0.063822 0.491000 0.238186
v 0.095288 0.500000 0.230046
v 0.094365 0.509000 0.227818
v 0.091844 0.515588 0.221731
v 0.088400 0.518000 0.213416
v 0.084956 0.515588 0.205101
v 0.082434 0.509000 0.199014
v 0.081512 0.500000 0.196786
v 0.082434 0.491000 0.199014
v 0.084956 0.484412 0.205101
v 0.088400 0.482000 0.213416
v 0.091844 0.484412 0.221731
v 0.094365 0.491000 0.227818
v 0.124500 0.500000 0.215640
v 0.123294 0.509000 0.213552
v 0.120000 0.515588 0.207846
v 0.115500 0.518000 0.200052
v 0.111000 0.515588 0.192258
v 0.107706 0.509000 0.186552
v 0.106500 0.500000 0.184463
v 0.107706 0.491000 0.186552
v 0.111000 0.484412 0.192258
v 0.115500 0.482000 0.200052
v 0.120000 0.484412 0.207846
v 0.123294 0.491000 0.213552
v 0.151582 0.500000 0.197545
v 0.150114 0.509000 0.195632
v 0.146103 0.515588 0.190405
v 0.140624 0.518000 0.183265
v 0.135145 0.515588 0.176124
v 0.131134 0.509000 0.170897
v 0.129666 0.500000 0.168984
v 0.131134 0.491000 0.170897
v 0.135145 0.484412 0.176124
v 0.140624 0.482000 0.183265
v 0.146103 0.484412 0.190405
v 0.150114 0.491000 0.195632
v 0.176070 0.500000 0.176070
v 0.174364 0.509000 0.174364
v 0.169706 0.515588 0.169706
v 0.163342 0.518000 0.163342
v 0.156978 0.515588 0.156978
v 0.152319 0.509000 0.152319
v 0.150614 0.500000 0.150614
v 0.152319 0.491000 0.152319
v 0.156978 0.484412 0.156978
v 0.163342 0.482000 0.163342
v 0.169706 0.484412 0.169706
v 0.174364 0.491000 0.174364
v 0.197545 0.500000 0.151582
v 0.195632 0.509000 0.150114
v 0.190405 0.515588 0.146103
v 0.183265 0.518000 0.140624
v 0.176124 0.515588 0.135145
v 0.170897 0.509000 0.131134
v 0.168984 0.500000 0.129666
v 0.170897 0.491000 0.131134
v 0.176124 0.484412 0.135145
v 0.183265 0.482000 0.140624
v 0.190405 0.484412 0.146103
v 0.195632 0.491000 0.150114
v 0.215640 0.500000 0.124500
v 0.213552 0.509000 0.123294
v 0.207846 0.515588 0.120000
v 0.200052 0.518000 0.115500
v 0.192258 0.515588 0.111000
v 0.186552 0.509000 0.107706
v 0.184463 0.500000 0.106500
v 0.186552 0.491000 0.107706
v 0.192258 0.484412 0.111000
v 0.200052 0.482000 0.115500
v 0.207846 0.484412 0.120000
v 0.213552 0.491000 0.123294
v 0.230046 0.500000 0.095288
v 0.227818 0.509000 0.094365
v 0.221731 0.515588 0.091844
v 0.213416 0.518000 0.088400
v 0.205101 0.515588 0.084956
v 0.199014 0.509000 0.082434
v 0.196786 0.500000 0.081512
v 0.199014 0.491000 0.082434
v 0.205101 0.484412 0.084956
v 0.213416 0.482000 0.088400
v 0.221731 0.484412 0.091844
v 0.227818 0.491000 0.094365
v 0.240516 0.500000 0.064446
v 0.238186 0.509000 0.063822
v 0.231822 0.515588 0.062117
v 0.223129 0.518000 0.059787
v 0.214436 0.515588 0.057458
v 0.208072 0.509000 0.055753
v 0.205742 0.500000 0.055128
v 0.208072 0.491000 0.055753
v 0.214436 0.484412 0.057458
v 0.223129 0.482000 0.059787
v 0.231822 0.484412 0.062117
v 0.238186 0.491000 0.063822
v 0.246870 0.500000 0.032501
v 0.244479 0.509000 0.032186
v 0.237947 0.515588 0.031326
v 0.229024 0.518000 0.030152
v 0.220101 0.515588 0.028977
v 0.213569 0.509000 0.028117
v 0.211178 0.500000 0.027802
v 0.213569 0.491000 0.028117
v 0.220101 0.484412 0.028977
v 0.229024 0.482000 0.030152
v 0.237947 0.484412 0.031326
v 0.244479 0.491000 0.032186
v 0.249000 0.500000 0.000000
v 0.246588 0.509000 0.000000
v 0.240000 0.515588 0.000000
v 0.231000 0.518000 0.000000
v 0.222000 0.515588 0.000000
v 0.215412 0.509000 0.000000
v 0.213000 0.500000 0.000000
v 0.215412 0.491000 0.000000
v 0.222000 0.484412 0.000000
v 0.231000 0.482000 0.000000
v 0.240000 0.484412 0.000000
v 0.246588 0.491000 0.000000
v 0.246870 0.500000 -0.032501
v 0.244479 0.509000 -0.032186
v 0.237947 0.515588 -0.031326
v 0.229024 0.518000 -0.030152
v 0.220101 0.515588 -0.028977
v 0.213569 0.509000 -0.028117
v 0.211178 0.500000 -0.027802
v 0.213569 0.491000 -0.028117
v 0.220101 0.484412 -0.028977
v 0.229024 0.482000 -0.030152
v 0.237947 0.484412 -0.031326
v 0.244479 0.491000 -0.032186
v 0.240516 0.500000 -0.064446
v 0.238186 0.509000 -0.063822
v 0.231822 0.515588 -0.062117
v 0.223129 0.518000 -0.059787
v 0.214436 0.515588 -0.057458
v 0.208072 0.509000 -0.055753
v 0.205742 0.500000 -0.055128
v 0.208072 0.491000 -0.055753
v 0.214436 0.484412 -0.057458
v 0.223129 0.482000 -0.059787
v 0.231822 0.484412 -0.062117
v 0.238186 0.491000 -0.063822
v 0.230046 0.500000 -0.095288
v 0.227818 0.509000 -0.094365
v 0.221731 0.515588 -0.091844
v 0.213416 0.518000 -0.088400
v 0.205101 0.515588 -0.084956
v 0.199014 0.509000 -0.082434
v 0.196786 0.500000 -0.081512
v 0.199014 0.491000 -0.082434
v 0.205101 0.484412 -0.084956
v 0.213416 0.482000 -0.088400
v 0.221731 0.484412 -0.091844
v 0.227818 0.491000 -0.094365
v 0.215640 0.500000 -0.124500
v 0.213552 0.509000 -0.123294
v 0.207846 0.515588 -0.120000
v 0.200052 0.518000 -0.115500
v 0.192258 0.515588 -0.111000
v 0.186552 0.509000 -0.107706
v 0.184463 0.500000 -0.106500
v 0.186552 0.491000 -0.107706
v 0.192258 0.484412 -0.111000
v 0.200052 0.482000 -0.115500
v 0.207846 0.484412 -0.120000
v 0.213552 0.491000 -0.123294
v 0.197545 0.500000 -0.151582
v 0.195632 0.509000 -0.150114
v 0.190405 0.515588 -0.146103
v 0.183265 0.518000 -0.140624
v 0.176124 0.515588 -0.135145
v 0.170897 0.509000 -0.131134
v 0.168984 0.500000 -0.129666
v 0.170897 0.491000 -0.131134
v 0.176124 0.484412 -0.135145
v 0.183265 0.482000 -0.140624
v 0.190405 0.484412 -0.146103
v 0.195632 0.491000 -0.150114
v 0.176070 0.500000 -0.176070
v 0.174364 0.509000 -0.174364
v 0.169706 0.515588 -0.169706
v 0.163342 0.518000 -0.163342
v 0.156978 0.515588 -0.156978
v 0.152319 0.509000 -0.152319
v 0.150614 0.500000 -0.150614
v 0.152319 0.491000 -0.152319
v 0.156978 0.484412 -0.156978
v 0.163342 0.482000 -0.163342
v 0.169706 0.484412 -0.169706
v 0.174364 0.491000 -0.174364
v 0.151582 0.500000 -0.197545
v 0.150114 0.509000 -0.195632
v 0.146103 0.515588 -0.190405
v 0.140624 0.518000 -0.183265
v 0.135145 0.515588 -0.176124
v 0.131134 0.509000 -0.170897
v 0.129666 0.500000 -0.168984
v 0.131134 0.491000 -0.170897
v 0.135145 0.484412 -0.176124
v 0.140624 0.482000 -0.183265
v 0.146103 0.484412 -0.190405
v 0.150114 0.491000 -0.195632
v 0.124500 0.500000 -0.215640
v 0.123294 0.509000 -0.213552
v 0.120000 0.515588 -0.207846
v 0.115500 0.518000 -0.200052
v 0.111000 0.515588 -0.192258
v 0.107706 0.509000 -0.186552
v 0.106500 0.500000 -0.184463
v 0.107706 0.491000 -0.186552
v 0.111000 0.484412 -0.192258
v 0.115500 0.482000 -0.200052
v 0.120000 0.484412 -0.207846
v 0.123294 0.491000 -0.213552
v 0.095288 0.500000 -0.230046
v 0.094365 0.509000 -0.227818
v 0.091844 0.515588 -0.221731
v 0.088400 0.518000 -0.213416
v 0.084956 0.515588 -0.205101
v 0.082434 0.509000 -0.199014
v 0.081512 0.500000 -0.196786
v 0.082434 0.491000 -0.199014
v 0.084956 0.484412 -0.205101
v 0.088400 0.482000 -0.213416
v 0.091844 0.484412 -0.221731
v 0.094365 0.491000 -0.227818
v 0.064446 0.500000 -0.240516
v 0.063822 0.509000 -0.238186
v 0.062117 0.515588 -0.231822
v 0.059787 0.518000 -0.223129
v 0.057458 0.515588 -0.214436
v 0.055753 0.509000 -0.208072
v 0.055129 0.500000 -0.205742
v 0.055753 0.491000 -0.208072
v 0.057458 0.484412 -0.214436
v 0.059787 0.482000 -0.223129
v 0.062117 0.484412 -0.231822
v 0.063822 0.491000 -0.238186
v 0.032501 0.500000 -0.246870
v 0.032186 0.509000 -0.244479
v 0.031326 0.515588 -0.237947
v 0.030152 0.518000 -0.229024
v 0.028977 0.515588 -0.220101
v 0.028117 0.509000 -0.213569
v 0.027802 0.500000 -0.211178
v 0.028117 0.491000 -0.213569
v 0.028977 0.484412 -0.220101
v 0.030152 0.482000 -0.229024
v 0.031326 0.484412 -0.237947
v 0.032186 0.491000 -0.244479
v -0.000000 0.500000 -0.249000
v -0.000000 0.509000 -0.246588
v -0.000000 0.515588 -0.240000
v -0.000000 0.518000 -0.231000
v -0.000000 0.515588 -0.222000
v -0.000000 0.509000 -0.215412
v -0.000000 0.500000 -0.213000
v -0.000000 0.491000 -0.215412
v -0.000000 0.484412 -0.222000
v -0.000000 0.482000 -0.231000
v -0.000000 0.484412 -0.240000
v -0.000000 0.491000 -0.246588
v -0.032501 0.500000 -0.246870
v -0.032186 0.509000 -0.244479
v -0.031326 0.515588 -0.237947
v -0.030152 0.518000 -0.229024
v -0.028977 0.515588 -0.220101
v -0.028117 0.509000 -0.213569
v -0.027802 0.500000 -0.211178
v -0.028117 0.491000 -0.213569
v -0.028977 0.484412 -0.220101
v -0.030152 0.482000 -0.229024
v -0.031326 0.484412 -0.237947
v -0.032186 0.491000 -0.244479
v -0.064446 0.500000 -0.240516
v -0.063822 0.509000 -0.238186
v -0.062116 0.515588 -0.231822
v -0.059787 0.518000 -0.223129
v -0.057458 0.515588 -0.214436
v -0.055753 0.509000 -0.208072
v -0.055128 0.500000 -0.205742
v -0.055753 0.491000 -0.208072
v -0.057458 0.484412 -0.214436
v -0.059787 0.482000 -0.223129
v -0.062116 0.484412 -0.231822
v -0.063822 0.491000 -0.238186
v -0.095288 0.500000 -0.230046
v -0.094365 0.509000 -0.227818
v -0.091844 0.515588 -0.221731
v -0.088400 0.518000 -0.213416
v -0.084956 0.515588 -0.205101
v -0.082434 0.509000 -0.199014
v -0.081512 0.500000 -0.196786
v -0.082434 0.491000 -0.199014
v -0.084956 0.484412 -0.205101
v -0.088400 0.482000 -0.213416
v -0.091844 0.484412 -0.221731
v -0.094365 0.491000 -0.227818
v -0.124500 0.500000 -0.215640
v -0.123294 0.509000 -0.213552
v -0.120000 0.515588 -0.207846
v -0.115500 0.518000 -0.200052
v -0.111000 0.515588 -0.192258
v -0.107706 0.509000 -0.186552
v -0.106500 0.500000 -0.184463
v -0.107706 0.491000 -0.186552
v -0.111000 0.484412 -0.192258
v -0.115500 0.482000 -0.200052
v -0.120000 0.484412 -0.207846
v -0.123294 0.491000 -0.213552
v -0.151582 0.500000 -0.197545
v -0.150114 0.509000 -0.195632
v -0.146103 0.515588 -0.190405
v -0.140624 0.518000 -0.183265
v -0.135145 0.515588 -0.176124
v -0.131134 0.509000 -0.170897
v -0.129666 0.500000 -0.168984
v -0.131134 0.491000 -0.170897
v -0.135145 0.484412 -0.176124
v -0.140624 0.482000 -0.183265
v -0.146103 0.484412 -0.190405
v -0.150114 0.491000 -0.195632
v -0.176070 0.500000 -0.176070
v -0.174364 0.509000 -0.174364
v -0.169706 0.515588 -0.169706
v -0.163342 0.518000 -0.163342
v -0.156978 0.515588 -0.156978
v -0.152319 0.509000 -0.152319
v -0.150614 0.500000 -0.150614
v -0.152319 0.491000 -0.152319
v -0.156978 0.484412 -0.156978
v -0.163342 0.482000 -0.163342
v -0.169706 0.484412 -0.169706
v -0.174364 0.491000 -0.174364
v -0.197545 0.500000 -0.151582
v -0.195632 0.509000 -0.150114
v -0.190405 0.515588 -0.146103
v -0.183265 0.518000 -0.140624
v -0.176124 0.515588 -0.135145
v -0.170897 0.509000 -0.131134
v -0.168984 0.500000 -0.129666
v -0.170897 0.491000 -0.131134
v -0.176124 0.484412 -0.135145
v -0.183265 0.482000 -0.140624
v -0.190405 0.484412 -0.146103
v -0.195632 0.491000 -0.150114
v -0.215640 0.500000 -0.124500
v -0.213552 0.509000 -0.123294
v -0.207846 0.515588 -0.120000
v -0.200052 0.518000 -0.115500
v -0.192258 0.515588 -0.111000
v -0.186552 0.509000 -0.107706
v -0.184463 0.500000 -0.106500
v -0.186552 0.491000 -0.107706
v -0.192258 0.484412 -0.111000
v -0.200052 0.482000 -0.115500
v -0.207846 0.484412 -0.120000
v -0.213552 0.491000 -0.123294
v -0.230046 0.500000 -0.095288
v -0.227818 0.509000 -0.094365
v -0.221731 0.515588 -0.091844
v -0.213416 0.518000 -0.088400
v -0.205101 0.515588 -0.084956
v -0.199014 0.509000 -0.082434
v -0.196786 0.500000 -0.081512
v -0.199014 0.491000 -0.082434
v -0.205101 0.484412 -0.084956
v -0.213416 0.482000 -0.088400
v -0.221731 0.484412 -0.091844
v -0.227818 0.491000 -0.094365
v -0.240516 0.500000 -0.064446
v -0.238186 0.509000 -0.063822
v -0.231822 0.515588 -0.062116
v -0.223129 0.518000 -0.059787
v -0.214436 0.515588 -0.057458
v -0.208072 0.509000 -0.055753
v -0.205742 0.500000 -0.055128
v -0.208072 0.491000 -0.055753
v -0.214436 0.484412 -0.057458
v -0.223129 0.482000 -0.059787
v -0.231822 0.484412 -0.062116
v -0.238186 0.491000 -0.063822
v -0.246870 0.500000 -0.032501
v -0.244479 0.509000 -0.032186
v -0.237947 0.515588 -0.031326
v -0.229024 0.518000 -0.030152
v -0.220101 0.515588 -0.028977
v -0.213569 0.509000 -0.028117
v -0.211178 0.500000 -0.027802
v -0.213569 0.491000 -0.028117
v -0.220101 0.484412 -0.028977
v -0.229024 0.482000 -0.030152
v -0.237947 0.484412 -0.031326
v -0.244479 0.491000 -0.032186
v -0.312000 0.850000 0.000000
v -0.309588 0.859000 0.000000
v -0.303000 0.865588 0.000000
v -0.294000 0.868000 0.000000
v -0.285000 0.865588 0.000000
v -0.278412 0.859000 0.000000
v -0.276000 0.850000 0.000000
v -0.278412 0.841000 0.000000
v -0.285000 0.834412 0.000000
v -0.294000 0.832000 0.000000
v -0.303000 0.834412 0.000000
v -0.309588 0.841000 0.000000
v -0.309331 0.850000 0.040724
v -0.306940 0.859000 0.040409
v -0.300408 0.865588 0.039549
v -0.291485 0.868000 0.038375
v -0.282562 0.865588 0.037200
v -0.276030 0.859000 0.036340
v -0.273639 0.850000 0.036025
v -0.276030 0.841000 0.036340
v -0.282562 0.834412 0.037200
v -0.291485 0.832000 0.038375
v -0.300408 0.834412 0.039549
v -0.306940 0.841000 0.040409
v -0.301369 0.850000 0.080752
v -0.299039 0.859000 0.080127
v -0.292676 0.865588 0.078422
v -0.283982 0.868000 0.076093
v -0.275289 0.865588 0.073763
v -0.268925 0.859000 0.072058
v -0.266596 0.850000 0.071434
v -0.268925 0.841000 0.072058
v -0.275289 0.834412 0.073763
v -0.283982 0.832000 0.076093
v -0.292676 0.834412 0.078422
v -0.299039 0.841000 0.080127
v -0.288250 0.850000 0.119397
v -0.286022 0.859000 0.118474
v -0.279936 0.865588 0.115953
v -0.271621 0.868000 0.112509
v -0.263306 0.865588 0.109065
v -0.257219 0.859000 0.106543
v -0.254991 0.850000 0.105621
v -0.257219 0.841000 0.106543
v -0.263306 0.834412 0.109065
v -0.271621 0.832000 0.112509
v -0.279936 0.834412 0.115953
v -0.286022 0.841000 0.118474
v -0.270200 0.850000 0.156000
v -0.268111 0.859000 0.154794
v -0.262406 0.865588 0.151500
v -0.254611 0.868000 0.147000
v -0.246817 0.865588 0.142500
v -0.241111 0.859000 0.139206
v -0.239023 0.850000 0.138000
v -0.241111 0.841000 0.139206
v -0.246817 0.834412 0.142500
v -0.254611 0.832000 0.147000
v -0.262406 0.834412 0.151500
v -0.268111 0.841000 0.154794
v -0.247526 0.850000 0.189934
v -0.245613 0.859000 0.188465
v -0.240386 0.865588 0.184455
v -0.233246 0.868000 0.178976
v -0.226106 0.865588 0.173497
v -0.220879 0.859000 0.169486
v -0.218966 0.850000 0.168018
v -0.220879 0.841000 0.169486
v -0.226106 0.834412 0.173497
v -0.233246 0.832000 0.178976
v -0.240386 0.834412 0.184455
v -0.245613 0.841000 0.188465
v -0.220617 0.850000 0.220617
v -0.218912 0.859000 0.218912
v -0.214253 0.865588 0.214253
v -0.207889 0.868000 0.207889
v -0.201525 0.865588 0.201525
v -0.196867 0.859000 0.196867
v -0.195161 0.850000 0.195161
v -0.196867 0.841000 0.196867
v -0.201525 0.834412 0.201525
v -0.207889 0.832000 0.207889
v -0.214253 0.834412 0.214253
v -0.218912 0.841000 0.218912
v -0.189934 0.850000 0.247526
v -0.188466 0.859000 0.245613
v -0.184455 0.865588 0.240386
v -0.178976 0.868000 0.233246
v -0.173497 0.865588 0.226106
v -0.169486 0.859000 0.220879
v -0.168018 0.850000 0.218965
v -0.169486 0.841000 0.220879
v -0.173497 0.834412 0.226106
v -0.178976 0.832000 0.233246
v -0.184455 0.834412 0.240386
v -0.188466 0.841000 0.245613
v -0.156000 0.850000 0.270200
v -0.154794 0.859000 0.268111
v -0.151500 0.865588 0.262406
v -0.147000 0.868000 0.254611
v -0.142500 0.865588 0.246817
v -0.139206 0.859000 0.241111
v -0.138000 0.850000 0.239023
v -0.139206 0.841000 0.241111
v -0.142500 0.834412 0.246817
v -0.147000 0.832000 0.254611
v -0.151500 0.834412 0.262406
v -0.154794 0.841000 0.268111
v -0.119397 0.850000 0.288250
v -0.118474 0.859000 0.286022
v -0.115953 0.865588 0.279935
v -0.112509 0.868000 0.271621
v -0.109065 0.865588 0.263306
v -0.106544 0.859000 0.257219
v -0.105621 0.850000 0.254991
v -0.106544 0.841000 0.257219
v -0.109065 0.834412 0.263306
v -0.112509 0.832000 0.271621
v -0.115953 0.834412 0.279935
v -0.118474 0.841000 0.286022
v -0.080752 0.850000 0.301369
v -0.080127 0.859000 0.299039
v -0.078422 0.865588 0.292676
v -0.076093 0.868000 0.283982
v -0.073763 0.865588 0.275289
v -0.072058 0.859000 0.268925
v -0.071434 0.850000 0.266596
v -0.072058 0.841000 0.268925
v -0.073763 0.834412 0.275289
v -0.076093 0.832000 0.283982
v -0.078422 0.834412 0.292676
v -0.080127 0.841000 0.299039
v -0.040724 0.850000 0.309331
v -0.040409 0.859000 0.306940
v -0.039549 0.865588 0.300408
v -0.038375 0.868000 0.291485
v -0.037200 0.865588 0.282562
v -0.036340 0.859000 0.276030
v -0.036025 0.850000 0.273639
v -0.036340 0.841000 0.276030
v -0.037200 0.834412 0.282562
v -0.038375 0.832000 0.291485
v -0.039549 0.834412 0.300408
v -0.040409 0.841000 0.306940
v 0.000000 0.850000 0.312000
v 0.000000 0.859000 0.309588
v 0.000000 0.865588 0.303000
v 0.000000 0.868000 0.294000
v 0.000000 0.865588 0.285000
v 0.000000 0.859000 0.278412
v 0.000000 0.850000 0.276000
v 0.000000 0.841000 0.278412
v 0.000000 0.834412 0.285000
v 0.000000 0.832000 0.294000
v 0.000000 0.834412 0.303000
v 0.000000 0.841000 0.309588
v 0.040724 0.850000 0.309331
v 0.040409 0.859000 0.306940
v 0.039550 0.865588 0.300408
v 0.038375 0.868000 0.291485
v 0.037200 0.865588 0.282562
v 0.036340 0.859000 0.276030
v 0.036025 0.850000 0.273639
v 0.036340 0.841000 0.276030
v 0.037200 0.834412 0.282562
v 0.038375 0.832000 0.291485
v 0.039550 0.834412 0.300408
v 0.040409 0.841000 0.306940
v 0.080752 0.850000 0.301369
v 0.080127 0.859000 0.299040
v 0.078422 0.865588 0.292676
v 0.076093 0.868000 0.283982
v 0.073763 0.865588 0.275289
v 0.072058 0.859000 0.268925
v 0.071434 0.850000 0.266596
v 0.072058 0.841000 0.268925
v 0.073763 0.834412 0.275289
v 0.076093 0.832000 0.283982
v 0.078422 0.834412 0.292676
v 0.080127 0.841000 0.299040
v 0.119397 0.850000 0.288250
v 0.118474 0.859000 0.286022
v 0.115953 0.865588 0.279935
v 0.112509 0.868000 0.271621
v 0.109065 0.865588 0.263306
v 0.106544 0.859000 0.257219
v 0.105621 0.850000 0.254991
v 0.106544 0.841000 0.257219
v 0.109065 0.834412 0.263306
v 0.112509 0.832000 0.271621
v 0.115953 0.834412 0.279935
v 0.118474 0.841000 0.286022
v 0.156000 0.850000 0.270200
v 0.154794 0.859000 0.268111
v 0.151500 0.865588 0.262406
v 0.147000 0.868000 0.254611
v 0.142500 0.865588 0.246817
v 0.139206 0.859000 0.241111
v 0.138000 0.850000 0.239023
v 0.139206 0.841000 0.241111
v 0.142500 0.834412 0.246817
v 0.147000 0.832000 0.254611
v 0.151500 0.834412 0.262406
v 0.154794 0.841000 0.268111
v 0.189934 0.850000 0.247526
v 0.188466 0.859000 0.245613
v 0.184455 0.865588 0.240386
v 0.178976 0.868000 0.233246
v 0.173497 0.865588 0.226106
v 0.169486 0.859000 0.220879
v 0.168018 0.850000 0.218966
v 0.169486 0.841000 0.220879
v 0.173497 0.834412 0.226106
v 0.178976 0.832000 0.233246
v 0.184455 0.834412 0.240386
v 0.188466 0.841000 0.245613
v 0.220617 0.850000 0.220617
v 0.218912 0.859000 0.218912
v 0.214253 0.865588 0.214253
v 0.207889 0.868000 0.207889
v 0.201525 0.865588 0.201525
v 0.196867 0.859000 0.196867
v 0.195162 0.850000 0.195161
v 0.196867 0.841000 0.196867
v 0.201525 0.834412 0.201525
v 0.207889 0.832000 0.207889
v 0.214253 0.834412 0.214253
v 0.218912 0.841000 0.218912
v 0.247526 0.850000 0.189934
v 0.245613 0.859000 0.188466
v 0.240386 0.865588 0.184455
v 0.233246 0.868000 0.178976
v 0.226106 0.865588 0.173497
v 0.220879 0.859000 0.169486
v 0.218966 0.850000 0.168018
v 0.220879 0.841000 0.169486
v 0.226106 0.834412 0.173497
v 0.233246 0.832000 0.178976
v 0.240386 0.834412 0.184455
v 0.245613 0.841000 0.188466
v 0.270200 0.850000 0.156000
v 0.268111 0.859000 0.154794
v 0.262406 0.865588 0.151500
v 0.254611 0.868000 0.147000
v 0.246817 0.865588 0.142500
v 0.241111 0.859000 0.139206
v 0.239023 0.850000 0.138000
v 0.241111 0.841000 0.139206
v 0.246817 0.834412 0.142500
v 0.254611 0.832000 0.147000
v 0.262406 0.834412 0.151500
v 0.268111 0.841000 0.154794
v 0.288250 0.850000 0.119397
v 0.286022 0.859000 0.118474
v 0.279935 0.865588 0.115953
v 0.271621 0.868000 0.112509
v 0.263306 0.865588 0.109065
v 0.257219 0.859000 0.106543
v 0.254991 0.850000 0.105621
v 0.257219 0.841000 0.106543
v 0.263306 0.834412 0.109065
v 0.271621 0.832000 0.112509
v 0.279935 0.834412 0.115953
v 0.286022 0.841000 0.118474
v 0.301369 0.850000 0.080751
v 0.299040 0.859000 0.080127
v 0.292676 0.865588 0.078422
v 0.283982 0.868000 0.076093
v 0.275289 0.865588 0.073763
v 0.268925 0.859000 0.072058
v 0.266596 0.850000 0.071434
v 0.268925 0.841000 0.072058
v 0.275289 0.834412 0.073763
v 0.283982 0.832000 0.076093
v 0.292676 0.834412 0.078422
v 0.299040 0.841000 0.080127
v 0.309331 0.850000 0.040724
v 0.306940 0.859000 0.040409
v 0.300408 0.865588 0.039549
v 0.291485 0.868000 0.038375
v 0.282562 0.865588 0.037200
v 0.276030 0.859000 0.036340
v 0.273639 0.850000 0.036025
v 0.276030 0.841000 0.036340
v 0.282562 0.834412 0.037200
v 0.291485 0.832000 0.038375
v 0.300408 0.834412 0.039549
v 0.306940 0.841000 0.040409
v 0.312000 0.850000 0.000000
v 0.309588 0.859000 0.000000
v 0.303000 0.865588 0.000000
v 0.294000 0.868000 0.000000
v 0.285000 0.865588 0.000000
v 0.278412 0.859000 0.000000
v 0.276000 0.850000 0.000000
v 0.278412 0.841000 0.000000
v 0.285000 0.834412 0.000000
v 0.294000 0.832000 0.000000
v 0.303000 0.834412 0.000000
v 0.309588 0.841000 0.000000
v 0.309331 0.850000 -0.040724
v 0.306940 0.859000 -0.040409
v 0.300408 0.865588 -0.039549
v 0.291485 0.868000 -0.038375
v 0.282562 0.865588 -0.037200
v 0.276030 0.859000 -0.036340
v 0.273639 0.850000 -0.036025
v 0.276030 0.841000 -0.036340
v 0.282562 0.834412 -0.037200
v 0.291485 0.832000 -0.038375
v 0.300408 0.834412 -0.039549
v 0.306940 0.841000 -0.040409
v 0.301369 0.850000 -0.080752
v 0.299040 0.859000 -0.080127
v 0.292676 0.865588 -0.078422
v 0.283982 0.868000 -0.076093
v 0.275289 0.865588 -0.073763
v 0.268925 0.859000 -0.072058
v 0.266596 0.850000 -0.071434
v 0.268925 0.841000 -0.072058
v 0.275289 0.834412 -0.073763
v 0.283982 0.832000 -0.076093
v 0.292676 0.834412 -0.078422
v 0.299040 0.841000 -0.080127
v 0.288250 0.850000 -0.119397
v 0.286022 0.859000 -0.118474
v 0.279936 0.865588 -0.115953
v 0.271621 0.868000 -0.112509
v 0.263306 0.865588 -0.109065
v 0.257219 0.859000 -0.106543
v 0.254991 0.850000 -0.105621
v 0.257219 0.841000 -0.106543
v 0.263306 0.834412 -0.109065
v 0.271621 0.832000 -0.112509
v 0.279936 0.834412 -0.115953
v 0.286022 0.841000 -0.118474
v 0.270200 0.850000 -0.156000
v 0.268111 0.859000 -0.154794
v 0.262406 0.865588 -0.151500
v 0.254611 0.868000 -0.147000
v 0.246817 0.865588 -0.142500
v 0.241111 0.859000 -0.139206
v 0.239023 0.850000 -0.138000
v 0.241111 0.841000 -0.139206
v 0.246817 0.834412 -0.142500
v 0.254611 0.832000 -0.147000
v 0.262406 0.834412 -0.151500
v 0.268111 0.841000 -0.154794
v 0.247526 0.850000 -0.189934
v 0.245613 0.859000 -0.188466
v 0.240386 0.865588 -0.184455
v 0.233246 0.868000 -0.178976
v 0.226106 0.865588 -0.173497
v 0.220879 0.859000 -0.169486
v 0.218966 0.850000 -0.168018
v 0.220879 0.841000 -0.169486
v 0.226106 0.834412 -0.173497
v 0.233246 0.832000 -0.178976
v 0.240386 0.834412 -0.184455
v 0.245613 0.841000 -0.188466
v 0.220617 0.850000 -0.220617
v 0.218912 0.859000 -0.218912
v 0.214253 0.865588 -0.214253
v 0.207889 0.868000 -0.207889
v 0.201525 0.865588 -0.201525
v 0.196867 0.859000 -0.196867
v 0.195161 0.850000 -0.195161
v 0.196867 0.841000 -0.196867
v 0.201525 0.834412 -0.201525
v 0.207889 0.832000 -0.207889
v 0.214253 0.834412 -0.214253
v 0.218912 0.841000 -0.218912
v 0.189934 0.850000 -0.247526
v 0.188466 0.859000 -0.245613
v 0.184455 0.865588 -0.240386
v 0.178976 0.868000 -0.233246
v 0.173497 0.865588 -0.226106
v 0.169486 0.859000 -0.220879
v 0.168018 0.850000 -0.218965
v 0.169486 0.841000 -0.220879
v 0.173497 0.834412 -0.226106
v 0.178976 0.832000 -0.233246
v 0.184455 0.834412 -0.240386
v 0.188466 0.841000 -0.245613
v 0.156000 0.850000 -0.270200
v 0.154794 0.859000 -0.268111
v 0.151500 0.865588 -0.262406
v 0.147000 0.868000 -0.254611
v 0.142500 0.865588 -0.246817
v 0.139206 0.859000 -0.241112
v 0.138000 0.850000 -0.239023
v 0.139206 0.841000 -0.241112
v 0.142500 0.834412 -0.246817
v 0.147000 0.832000 -0.254611
v 0.151500 0.834412 -0.262406
v 0.154794 0.841000 -0.268111
v 0.119397 0.850000 -0.288250
v 0.118474 0.859000 -0.286022
v 0.115953 0.865588 -0.279935
v 0.112509 0.868000 -0.271621
v 0.109065 0.865588 -0.263306
v 0.106543 0.859000 -0.257219
v 0.105621 0.850000 -0.254991
v 0.106543 0.841000 -0.257219
v 0.109065 0.834412 -0.263306
v 0.112509 0.832000 -0.271621
v 0.115953 0.834412 -0.279935
v 0.118474 0.841000 -0.286022
v 0.080752 0.850000 -0.301369
v 0.080127 0.859000 -0.299039
v 0.078422 0.865588 -0.292675
v 0.076093 0.868000 -0.283982
v 0.073763 0.865588 -0.275289
v 0.072058 0.859000 -0.268925
v 0.071434 0.850000 -0.266596
v 0.072058 0.841000 -0.268925
v 0.073763 0.834412 -0.275289
v 0.076093 0.832000 -0.283982
v 0.078422 0.834412 -0.292675
v 0.080127 0.841000 -0.299039
v 0.040724 0.850000 -0.309331
v 0.040410 0.859000 -0.306940
v 0.039550 0.865588 -0.300408
v 0.038375 0.868000 -0.291485
v 0.037200 0.865588 -0.282562
v 0.036340 0.859000 -0.276030
v 0.036025 0.850000 -0.273639
v 0.036340 0.841000 -0.276030
v 0.037200 0.834412 -0.282562
v 0.038375 0.832000 -0.291485
v 0.039550 0.834412 -0.300408
v 0.040410 0.841000 -0.306940
v -0.000000 0.850000 -0.312000
v -0.000000 0.859000 -0.309588
v -0.000000 0.865588 -0.303000
v -0.000000 0.868000 -0.294000
v -0.000000 0.865588 -0.285000
v -0.000000 0.859000 -0.278412
v -0.000000 0.850000 -0.276000
v -0.000000 0.841000 -0.278412
v -0.000000 0.834412 -0.285000
v -0.000000 0.832000 -0.294000
v -0.000000 0.834412 -0.303000
v -0.000000 0.841000 -0.309588
v -0.040724 0.850000 -0.309331
v -0.040409 0.859000 -0.306940
v -0.039549 0.865588 -0.300408
v -0.038375 0.868000 -0.291485
v -0.037200 0.865588 -0.282562
v -0.036340 0.859000 -0.276030
v -0.036025 0.850000 -0.273639
v -0.036340 0.841000 -0.276030
v -0.037200 0.834412 -0.282562
v -0.038375 0.832000 -0.291485
v -0.039549 0.834412 -0.300408
v -0.040409 0.841000 -0.306940
v -0.080751 0.850000 -0.301369
v -0.080127 0.859000 -0.299040
v -0.078422 0.865588 -0.292676
v -0.076093 0.868000 -0.283982
v -0.073763 0.865588 -0.275289
v -0.072058 0.859000 -0.268925
v -0.071434 0.850000 -0.266596
v -0.072058 0.841000 -0.268925
v -0.073763 0.834412 -0.275289
v -0.076093 0.832000 -0.283982
v -0.078422 0.834412 -0.292676
v -0.080127 0.841000 -0.299040
v -0.119397 0.850000 -0.288250
v -0.118474 0.859000 -0.286022
v -0.115953 0.865588 -0.279935
v -0.112509 0.868000 -0.271621
v -0.109065 0.865588 -0.263306
v -0.106544 0.859000 -0.257219
v -0.105621 0.850000 -0.254991
v -0.106544 0.841000 -0.257219
v -0.109065 0.834412 -0.263306
v -0.112509 0.832000 -0.271621
v -0.115953 0.834412 -0.279935
v -0.118474 0.841000 -0.286022
v -0.156000 0.850000 -0.270200
v -0.154794 0.859000 -0.268111
v -0.151500 0.865588 -0.262406
v -0.147000 0.868000 -0.254611
v -0.142500 0.865588 -0.246817
v -0.139206 0.859000 -0.241111
v -0.138000 0.850000 -0.239023
v -0.139206 0.841000 -0.241111
v -0.142500 0.834412 -0.246817
v -0.147000 0.832000 -0.254611
v -0.151500 0.834412 -0.262406
v -0.154794 0.841000 -0.268111
v -0.189934 0.850000 -0.247526
v -0.188465 0.859000 -0.245613
v -0.184455 0.865588 -0.240386
v -0.178976 0.868000 -0.233246
v -0.173497 0.865588 -0.226106
v -0.169486 0.859000 -0.220879
v -0.168018 0.850000 -0.218966
v -0.169486 0.841000 -0.220879
v -0.173497 0.834412 -0.226106
v -0.178976 0.832000 -0.233246
v -0.184455 0.834412 -0.240386
v -0.188465 0.841000 -0.245613
v -0.220617 0.850000 -0.220617
v -0.218912 0.859000 -0.218912
v -0.214253 0.865588 -0.214253
v -0.207889 0.868000 -0.207889
v -0.201525 0.865588 -0.201526
v -0.196867 0.859000 -0.196867
v -0.195161 0.850000 -0.195162
v -0.196867 0.841000 -0.196867
v -0.201525 0.834412 -0.201526
v -0.207889 0.832000 -0.207889
v -0.214253 0.834412 -0.214253
v -0.218912 0.841000 -0.218912
v -0.247526 0.850000 -0.189934
v -0.245613 0.859000 -0.188465
v -0.240386 0.865588 -0.184455
v -0.233246 0.868000 -0.178976
v -0.226106 0.865588 -0.173497
v -0.220879 0.859000 -0.169486
v -0.218966 0.850000 -0.168018
v -0.220879 0.841000 -0.169486
v -0.226106 0.834412 -0.173497
v -0.233246 0.832000 -0.178976
v -0.240386 0.834412 -0.184455
v -0.245613 0.841000 -0.188465
v -0.270200 0.850000 -0.156000
v -0.268111 0.859000 -0.154794
v -0.262406 0.865588 -0.151500
v -0.254611 0.868000 -0.147000
v -0.246817 0.865588 -0.142500
v -0.241111 0.859000 -0.139206
v -0.239023 0.850000 -0.138000
v -0.241111 0.841000 -0.139206
v -0.246817 0.834412 -0.142500
v -0.254611 0.832000 -0.147000
v -0.262406 0.834412 -0.151500
v -0.268111 0.841000 -0.154794
v -0.288250 0.850000 -0.119397
v -0.286022 0.859000 -0.118474
v -0.279935 0.865588 -0.115953
v -0.271621 0.868000 -0.112509
v -0.263306 0.865588 -0.109065
v -0.257219 0.859000 -0.106544
v -0.254991 0.850000 -0.105621
v -0.257219 0.841000 -0.106544
v -0.263306 0.834412 -0.109065
v -0.271621 0.832000 -0.112509
v -0.279935 0.834412 -0.115953
v -0.286022 0.841000 -0.118474
v -0.301369 0.850000 -0.080751
v -0.299040 0.859000 -0.080127
v -0.292676 0.865588 -0.078422
v -0.283982 0.868000 -0.076093
v -0.275289 0.865588 -0.073763
v -0.268925 0.859000 -0.072058
v -0.266596 0.850000 -0.071434
v -0.268925 0.841000 -0.072058
v -0.275289 0.834412 -0.073763
v -0.283982 0.832000 -0.076093
v -0.292676 0.834412 -0.078422
v -0.299040 0.841000 -0.080127
v -0.309331 0.850000 -0.040724
v -0.306940 0.859000 -0.040409
v -0.300408 0.865588 -0.039549
v -0.291485 0.868000 -0.038375
v -0.282562 0.865588 -0.037200
v -0.276030 0.859000 -0.036340
v -0.273639 0.850000 -0.036025
v -0.276030 0.841000 -0.036340
v -0.282562 0.834412 -0.037200
v -0.291485 0.832000 -0.038375
v -0.300408 0.834412 -0.039549
v -0.306940 0.841000 -0.040409
v -0.312000 1.250000 0.000000
v -0.309588 1.259000 0.000000
v -0.303000 1.265588 0.000000
v -0.294000 1.268000 0.000000
v -0.285000 1.265588 0.000000
v -0.278412 1.259000 0.000000
v -0.276000 1.250000 0.000000
v -0.278412 1.241000 0.000000
v -0.285000 1.234412 0.000000
v -0.294000 1.232000 0.000000
v -0.303000 1.234412 0.000000
v -0.309588 1.241000 0.000000
v -0.309331 1.250000 0.040724
v -0.306940 1.259000 0.040409
v -0.300408 1.265588 0.039549
v -0.291485 1.268000 0.038375
v -0.282562 1.265588 0.037200
v -0.276030 1.259000 0.036340
v -0.273639 1.250000 0.036025
v -0.276030 1.241000 0.036340
v -0.282562 1.234412 0.037200
v -0.291485 1.232000 0.038375
v -0.300408 1.234412 0.039549
v -0.306940 1.241000 0.040409
v -0.301369 1.250000 0.080752
v -0.299039 1.259000 0.080127
v -0.292676 1.265588 0.078422
v -0.283982 1.268000 0.076093
v -0.275289 1.265588 0.073763
v -0.268925 1.259000 0.072058
v -0.266596 1.250000 0.071434
v -0.268925 1.241000 0.072058
v -0.275289 1.234412 0.073763
v -0.283982 1.232000 0.076093
v -0.292676 1.234412 0.078422
v -0.299039 1.241000 0.080127
v -0.288250 1.250000 0.119397
v -0.286022 1.259000 0.118474
v -0.279936 1.265588 0.115953
v -0.271621 1.268000 0.112509
v -0.263306 1.265588 0.109065
v -0.257219 1.259000 0.106543
v -0.254991 1.250000 0.105621
v -0.257219 1.241000 0.106543
v -0.263306 1.234412 0.109065
v -0.271621 1.232000 0.112509
v -0.279936 1.234412 0.115953
v -0.286022 1.241000 0.118474
v -0.270200 1.250000 0.156000
v -0.268111 1.259000 0.154794
v -0.262406 1.265588 0.151500
v -0.254611 1.268000 0.147000
v -0.246817 1.265588 0.142500
v -0.241111 1.259000 0.139206
v -0.239023 1.250000 0.138000
v -0.241111 1.241000 0.139206
v -0.246817 1.234412 0.142500
v -0.254611 1.232000 0.147000
v -0.262406 1.234412 0.151500
v -0.268111 1.241000 0.154794
v -0.247526 1.250000 0.189934
v -0.245613 1.259000 0.188465
v -0.240386 1.265588 0.184455
v -0.233246 1.268000 0.178976
v -0.226106 1.265588 0.173497
v -0.220879 1.259000 0.169486
v -0.218966 1.250000 0.168018
v -0.220879 1.241000 0.169486
v -0.226106 1.234412 0.173497
v -0.233246 1.232000 0.178976
v -0.240386 1.234412 0.184455
v -0.245613 1.241000 0.188465
v -0.220617 1.250000 0.220617
v -0.218912 1.259000 0.218912
v -0.214253 1.265588 0.214253
v -0.207889 1.268000 0.207889
v -0.201525 1.265588 0.201525
v -0.196867 1.259000 0.196867
v -0.195161 1.250000 0.195161
v -0.196867 1.241000 0.196867
v -0.201525 1.234412 0.201525
v -0.207889 1.232000 0.207889
v -0.214253 1.234412 0.214253
v -0.218912 1.241000 0.218912
v -0.189934 1.250000 0.247526
v -0.188466 1.259000 0.245613
v -0.184455 1.265588 0.240386
v -0.178976 1.268000 0.233246
v -0.173497 1.265588 0.226106
v -0.169486 1.259000 0.220879
v -0.168018 1.250000 0.218965
v -0.169486 1.241000 0.220879
v -0.173497 1.234412 0.226106
v -0.178976 1.232000 0.233246
v -0.184455 1.234412 0.240386
v -0.188466 1.241000 0.245613
v -0.156000 1.250000 0.270200
v -0.154794 1.259000 0.268111
v -0.151500 1.265588 0.262406
v -0.147000 1.268000 0.254611
v -0.142500 1.265588 0.246817
v -0.139206 1.259000 0.241111
v -0.138000 1.250000 0.239023
v -0.139206 1.241000 0.241111
v -0.142500 1.234412 0.246817
v -0.147000 1.232000 0.254611
v -0.151500 1.234412 0.262406
v -0.154794 1.241000 0.268111
v -0.119397 1.250000 0.288250
v -0.118474 1.259000 0.286022
v -0.115953 1.265588 0.279935
v -0.112509 1.268000 0.271621
v -0.109065 1.265588 0.263306
v -0.106544 1.259000 0.257219
v -0.105621 1.250000 0.254991
v -0.106544 1.241000 0.257219
v -0.109065 1.234412 0.263306
v -0.112509 1.232000 0.271621
v -0.115953 1.234412 0.279935
v -0.118474 1.241000 0.286022
v -0.080752 1.250000 0.301369
v -0.080127 1.259000 0.299039
v -0.078422 1.265588 0.292676
v -0.076093 1.268000 0.283982
v -0.073763 1.265588 0.275289
v -0.072058 1.259000 0.268925
v -0.071434 1.250000 0.266596
v -0.072058 1.241000 0.268925
v -0.073763 1.234412 0.275289
v -0.076093 1.232000 0.283982
v -0.078422 1.234412 0.292676
v -0.080127 1.241000 0.299039
v -0.040724 1.250000 0.309331
v -0.040409 1.259000 0.306940
v -0.039549 1.265588 0.300408
v -0.038375 1.268000 0.291485
v -0.037200 1.265588 0.282562
v -0.036340 1.259000 0.276030
v -0.036025 1.250000 0.273639
v -0.036340 1.241000 0.276030
v -0.037200 1.234412 0.282562
v -0.038375 1.232000 0.291485
v -0.039549 1.234412 0.300408
v -0.040409 1.241000 0.306940
v 0.000000 1.250000 0.312000
v 0.000000 1.259000 0.309588
v 0.000000 1.265588 0.303000
v 0.000000 1.268000 0.294000
v 0.000000 1.265588 0.285000
v 0.000000 1.259000 0.278412
v 0.000000 1.250000 0.276000
v 0.000000 1.241000 0.278412
v 0.000000 1.234412 0.285000
v 0.000000 1.232000 0.294000
v 0.000000 1.234412 0.303000
v 0.000000 1.241000 0.309588
v 0.040724 1.250000 0.309331
v 0.040409 1.259000 0.306940
v 0.039550 1.265588 0.300408
v 0.038375 1.268000 0.291485
v 0.037200 1.265588 0.282562
v 0.036340 1.259000 0.276030
v 0.036025 1.250000 0.273639
v 0.036340 1.241000 0.276030
v 0.037200 1.234412 0.282562
v 0.038375 1.232000 0.291485
v 0.039550 1.234412 0.300408
v 0.040409 1.241000 0.306940
v 0.080752 1.250000 0.301369
v 0.080127 1.259000 0.299040
v 0.078422 1.265588 0.292676
v 0.076093 1.268000 0.283982
v 0.073763 1.265588 0.275289
v 0.072058 1.259000 0.268925
v 0.071434 1.250000 0.266596
v 0.072058 1.241000 0.268925
v 0.073763 1.234412 0.275289
v 0.076093 1.232000 0.283982
v 0.078422 1.234412 0.292676
v 0.080127 1.241000 0.299040
v 0.119397 1.250000 0.288250
v 0.118474 1.259000 0.286022
v 0.115953 1.265588 0.279935
v 0.112509 1.268000 0.271621
v 0.109065 1.265588 0.263306
v 0.106544 1.259000 0.257219
v 0.105621 1.250000 0.254991
v 0.106544 1.241000 0.257219
v 0.109065 1.234412 0.263306
v 0.112509 1.232000 0.271621
v 0.115953 1.234412 0.279935
v 0.118474 1.241000 0.286022
v 0.156000 1.250000 0.270200
v 0.154794 1.259000 0.268111
v 0.151500 1.265588 0.262406
v 0.147000 1.268000 0.254611
v 0.142500 1.265588 0.246817
v 0.139206 1.259000 0.241111
v 0.138000 1.250000 0.239023
v 0.139206 1.241000 0.241111
v 0.142500 1.234412 0.246817
v 0.147000 1.232000 0.254611
v 0.151500 1.234412 0.262406
v 0.154794 1.241000 0.268111
v 0.189934 1.250000 0.247526
v 0.188466 1.259000 0.245613
v 0.184455 1.265588 0.240386
v 0.178976 1.268000 0.233246
v 0.173497 1.265588 0.226106
v 0.169486 1.259000 0.220879
v 0.168018 1.250000 0.218966
v 0.169486 1.241000 0.220879
v 0.173497 1.234412 0.226106
v 0.178976 1.232000 0.233246
v 0.184455 1.234412 0.240386
v 0.188466 1.241000 0.245613
v 0.220617 1.250000 0.220617
v 0.218912 1.259000 0.218912
v 0.214253 1.265588 0.214253
v 0.207889 1.268000 0.207889
v 0.201525 1.265588 0.201525
v 0.196867 1.259000 0.196867
v 0.195162 1.250000 0.195161
v 0.196867 1.241000 0.196867
v 0.201525 1.234412 0.201525
v 0.207889 1.232000 0.207889
v 0.214253 1.234412 0.214253
v 0.218912 1.241000 0.218912
v 0.247526 1.250000 0.189934
v 0.245613 1.259000 0.188466
v 0.240386 1.265588 0.184455
v 0.233246 1.268000 0.178976
v 0.226106 1.265588 0.173497
v 0.220879 1.259000 0.169486
v 0.218966 1.250000 0.168018
v 0.220879 1.241000 0.169486
v 0.226106 1.234412 0.173497
v 0.233246 1.232000 0.178976
v 0.240386 1.234412 0.184455
v 0.245613 1.241000 0.188466
v 0.270200 1.250000 0.156000
v 0.268111 1.259000 0.154794
v 0.262406 1.265588 0.151500
v 0.254611 1.268000 0.147000
v 0.246817 1.265588 0.142500
v 0.241111 1.259000 0.139206
v 0.239023 1.250000 0.138000
v 0.241111 1.241000 0.139206
v 0.246817 1.234412 0.142500
v 0.254611 1.232000 0.147000
v 0.262406 1.234412 0.151500
v 0.268111 1.241000 0.154794
v 0.288250 1.250000 0.119397
v 0.286022 1.259000 0.118474
v 0.279935 1.265588 0.115953
v 0.271621 1.268000 0.112509
v 0.263306 1.265588 0.109065
v 0.257219 1.259000 0.106543
v 0.254991 1.250000 0.105621
v 0.257219 1.241000 0.106543
v 0.263306 1.234412 0.109065
v 0.271621 1.232000 0.112509
v 0.279935 1.234412 0.115953
v 0.286022 1.241000 0.118474
v 0.301369 1.250000 0.080751
v 0.299040 1.259000 0.080127
v 0.292676 1.265588 0.078422
v 0.283982 1.268000 0.076093
v 0.275289 1.265588 0.073763
v 0.268925 1.259000 0.072058
v 0.266596 1.250000 0.071434
v 0.268925 1.241000 0.072058
v 0.275289 1.234412 0.073763
v 0.283982 1.232000 0.076093
v 0.292676 1.234412 0.078422
v 0.299040 1.241000 0.080127
v 0.309331 1.250000 0.040724
v 0.306940 1.259000 0.040409
v 0.300408 1.265588 0.039549
v 0.291485 1.268000 0.038375
v 0.282562 1.265588 0.037200
v 0.276030 1.259000 0.036340
v 0.273639 1.250000 0.036025
v 0.276030 1.241000 0.036340
v 0.282562 1.234412 0.037200
v 0.291485 1.232000 0.038375
v 0.300408 1.234412 0.039549
v 0.306940 1.241000 0.040409
v 0.312000 1.250000 0.000000
v 0.309588 1.259000 0.000000
v 0.303000 1.265588 0.000000
v 0.294000 1.268000 0.000000
v 0.285000 1.265588 0.000000
v 0.278412 1.259000 0.000000
v 0.276000 1.250000 0.000000
v 0.278412 1.241000 0.000000
v 0.285000 1.234412 0.000000
v 0.294000 1.232000 0.000000
v 0.303000 1.234412 0.000000
v 0.309588 1.241000 0.000000
v 0.309331 1.250000 -0.040724
v 0.306940 1.259000 -0.040409
v 0.300408 1.265588 -0.039549
v 0.291485 1.268000 -0.038375
v 0.282562 1.265588 -0.037200
v 0.276030 1.259000 -0.036340
v 0.273639 1.250000 -0.036025
v 0.276030 1.241000 -0.036340
v 0.282562 1.234412 -0.037200
v 0.291485 1.232000 -0.038375
v 0.300408 1.234412 -0.039549
v 0.306940 1.241000 -0.040409
v 0.301369 1.250000 -0.080752
v 0.299040 1.259000 -0.080127
v 0.292676 1.265588 -0.078422
v 0.283982 1.268000 -0.076093
v 0.275289 1.265588 -0.073763
v 0.268925 1.259000 -0.072058
v 0.266596 1.250000 -0.071434
v 0.268925 1.241000 -0.072058
v 0.275289 1.234412 -0.073763
v 0.283982 1.232000 -0.076093
v 0.292676 1.234412 -0.078422
v 0.299040 1.241000 -0.080127
v 0.288250 1.250000 -0.119397
v 0.286022 1.259000 -0.118474
v 0.279936 1.265588 -0.115953
v 0.271621 1.268000 -0.112509
v 0.263306 1.265588 -0.109065
v 0.257219 1.259000 -0.106543
v 0.254991 1.250000 -0.105621
v 0.257219 1.241000 -0.106543
v 0.263306 1.234412 -0.109065
v 0.271621 1.232000 -0.112509
v 0.279936 1.234412 -0.115953
v 0.286022 1.241000 -0.118474
v 0.270200 1.250000 -0.156000
v 0.268111 1.259000 -0.154794
v 0.262406 1.265588 -0.151500
v 0.254611 1.268000 -0.147000
v 0.246817 1.265588 -0.142500
v 0.241111 1.259000 -0.139206
v 0.239023 1.250000 -0.138000
v 0.241111 1.241000 -0.139206
v 0.246817 1.234412 -0.142500
v 0.254611 1.232000 -0.147000
v 0.262406 1.234412 -0.151500
v 0.268111 1.241000 -0.154794
v 0.247526 1.250000 -0.189934
v 0.245613 1.259000 -0.188466
v 0.240386 1.265588 -0.184455
v 0.233246 1.268000 -0.178976
v 0.226106 1.265588 -0.173497
v 0.220879 1.259000 -0.169486
v 0.218966 1.250000 -0.168018
v 0.220879 1.241000 -0.169486
v 0.226106 1.234412 -0.173497
v 0.233246 1.232000 -0.178976
v 0.240386 1.234412 -0.184455
v 0.245613 1.241000 -0.188466
v 0.220617 1.250000 -0.220617
v 0.218912 1.259000 -0.218912
v 0.214253 1.265588 -0.214253
v 0.207889 1.268000 -0.207889
v 0.201525 1.265588 -0.201525
v 0.196867 1.259000 -0.196867
v 0.195161 1.250000 -0.195161
v 0.196867 1.241000 -0.196867
v 0.201525 1.234412 -0.201525
v 0.207889 1.232000 -0.207889
v 0.214253 1.234412 -0.214253
v 0.218912 1.241000 -0.218912
v 0.189934 1.250000 -0.247526
v 0.188466 1.259000 -0.245613
v 0.184455 1.265588 -0.240386
v 0.178976 1.268000 -0.233246
v 0.173497 1.265588 -0.226106
v 0.169486 1.259000 -0.220879
v 0.168018 1.250000 -0.218965
v 0.169486 1.241000 -0.220879
v 0.173497 1.234412 -0.226106
v 0.178976 1.232000 -0.233246
v 0.184455 1.234412 -0.240386
v 0.188466 1.241000 -0.245613
v 0.156000 1.250000 -0.270200
v 0.154794 1.259000 -0.268111
v 0.151500 1.265588 -0.262406
v 0.147000 1.268000 -0.254611
v 0.142500 1.265588 -0.246817
v 0.139206 1.259000 -0.241112
v 0.138000 1.250000 -0.239023
v 0.139206 1.241000 -0.241112
v 0.142500 1.234412 -0.246817
v 0.147000 1.232000 -0.254611
v 0.151500 1.234412 -0.262406
v 0.154794 1.241000 -0.268111
v 0.119397 1.250000 -0.288250
v 0.118474 1.259000 -0.286022
v 0.115953 1.265588 -0.279935
v 0.112509 1.268000 -0.271621
v 0.109065 1.265588 -0.263306
v 0.106543 1.259000 -0.257219
v 0.105621 1.250000 -0.254991
v 0.106543 1.241000 -0.257219
v 0.109065 1.234412 -0.263306
v 0.112509 1.232000 -0.271621
v 0.115953 1.234412 -0.279935
v 0.118474 1.241000 -0.286022
v 0.080752 1.250000 -0.301369
v 0.080127 1.259000 -0.299039
v 0.078422 1.265588 -0.292675
v 0.076093 1.268000 -0.283982
v 0.073763 1.265588 -0.275289
v 0.072058 1.259000 -0.268925
v 0.071434 1.250000 -0.266596
v 0.072058 1.241000 -0.268925
v 0.073763 1.234412 -0.275289
v 0.076093 1.232000 -0.283982
v 0.078422 1.234412 -0.292675
v 0.080127 1.241000 -0.299039
v 0.040724 1.250000 -0.309331
v 0.040410 1.259000 -0.306940
v 0.039550 1.265588 -0.300408
v 0.038375 1.268000 -0.291485
v 0.037200 1.265588 -0.282562
v 0.036340 1.259000 -0.276030
v 0.036025 1.250000 -0.273639
v 0.036340 1.241000 -0.276030
v 0.037200 1.234412 -0.282562
v 0.038375 1.232000 -0.291485
v 0.039550 1.234412 -0.300408
v 0.040410 1.241000 -0.306940
v -0.000000 1.250000 -0.312000
v -0.000000 1.259000 -0.309588
v -0.000000 1.265588 -0.303000
v -0.000000 1.268000 -0.294000
v -0.000000 1.265588 -0.285000
v -0.000000 1.259000 -0.278412
v -0.000000 1.250000 -0.276000
v -0.000000 1.241000 -0.278412
v -0.000000 1.234412 -0.285000
v -0.000000 1.232000 -0.294000
v -0.000000 1.234412 -0.303000
v -0.000000 1.241000 -0.309588
v -0.040724 1.250000 -0.309331
v -0.040409 1.259000 -0.306940
v -0.039549 1.265588 -0.300408
v -0.038375 1.268000 -0.291485
v -0.037200 1.265588 -0.282562
v -0.036340 1.259000 -0.276030
v -0.036025 1.250000 -0.273639
v -0.036340 1.241000 -0.276030
v -0.037200 1.234412 -0.282562
v -0.038375 1.232000 -0.291485
v -0.039549 1.234412 -0.300408
v -0.040409 1.241000 -0.306940
v -0.080751 1.250000 -0.301369
v -0.080127 1.259000 -0.299040
v -0.078422 1.265588 -0.292676
v -0.076093 1.268000 -0.283982
v -0.073763 1.265588 -0.275289
v -0.072058 1.259000 -0.268925
v -0.071434 1.250000 -0.266596
v -0.072058 1.241000 -0.268925
v -0.073763 1.234412 -0.275289
v -0.076093 1.232000 -0.283982
v -0.078422 1.234412 -0.292676
v -0.080127 1.241000 -0.299040
v -0.119397 1.250000 -0.288250
v -0.118474 1.259000 -0.286022
v -0.115953 1.265588 -0.279935
v -0.112509 1.268000 -0.271621
v -0.109065 1.265588 -0.263306
v -0.106544 1.259000 -0.257219
v -0.105621 1.250000 -0.254991
v -0.106544 1.241000 -0.257219
v -0.109065 1.234412 -0.263306
v -0.112509 1.232000 -0.271621
v -0.115953 1.234412 -0.279935
v -0.118474 1.241000 -0.286022
v -0.156000 1.250000 -0.270200
v -0.154794 1.259000 -0.268111
v -0.151500 1.265588 -0.262406
v -0.147000 1.268000 -0.254611
v -0.142500 1.265588 -0.246817
v -0.139206 1.259000 -0.241111
v -0.138000 1.250000 -0.239023
v -0.139206 1.241000 -0.241111
v -0.142500 1.234412 -0.246817
v -0.147000 1.232000 -0.254611
v -0.151500 1.234412 -0.262406
v -0.154794 1.241000 -0.268111
v -0.189934 1.250000 -0.247526
v -0.188465 1.259000 -0.245613
v -0.184455 1.265588 -0.240386
v -0.178976 1.268000 -0.233246
v -0.173497 1.265588 -0.226106
v -0.169486 1.259000 -0.220879
v -0.168018 1.250000 -0.218966
v -0.169486 1.241000 -0.220879
v -0.173497 1.234412 -0.226106
v -0.178976 1.232000 -0.233246
v -0.184455 1.234412 -0.240386
v -0.188465 1.241000 -0.245613
v -0.220617 1.250000 -0.220617
v -0.218912 1.259000 -0.218912
v -0.214253 1.265588 -0.214253
v -0.207889 1.268000 -0.207889
v -0.201525 1.265588 -0.201526
v -0.196867 1.259000 -0.196867
v -0.195161 1.250000 -0.195162
v -0.196867 1.241000 -0.196867
v -0.201525 1.234412 -0.201526
v -0.207889 1.232000 -0.207889
v -0.214253 1.234412 -0.214253
v -0.218912 1.241000 -0.218912
v -0.247526 1.250000 -0.189934
v -0.245613 1.259000 -0.188465
v -0.240386 1.265588 -0.184455
v -0.233246 1.268000 -0.178976
v -0.226106 1.265588 -0.173497
v -0.220879 1.259000 -0.169486
v -0.218966 1.250000 -0.168018
v -0.220879 1.241000 -0.169486
v -0.226106 1.234412 -0.173497
v -0.233246 1.232000 -0.178976
v -0.240386 1.234412 -0.184455
v -0.245613 1.241000 -0.188465
v -0.270200 1.250000 -0.156000
v -0.268111 1.259000 -0.154794
v -0.262406 1.265588 -0.151500
v -0.254611 1.268000 -0.147000
v -0.246817 1.265588 -0.142500
v -0.241111 1.259000 -0.139206
v -0.239023 1.250000 -0.138000
v -0.241111 1.241000 -0.139206
v -0.246817 1.234412 -0.142500
v -0.254611 1.232000 -0.147000
v -0.262406 1.234412 -0.151500
v -0.268111 1.241000 -0.154794
v -0.288250 1.250000 -0.119397
v -0.286022 1.259000 -0.118474
v -0.279935 1.265588 -0.115953
v -0.271621 1.268000 -0.112509
v -0.263306 1.265588 -0.109065
v -0.257219 1.259000 -0.106544
v -0.254991 1.250000 -0.105621
v -0.257219 1.241000 -0.106544
v -0.263306 1.234412 -0.109065
v -0.271621 1.232000 -0.112509
v -0.279935 1.234412 -0.115953
v -0.286022 1.241000 -0.118474
v -0.301369 1.250000 -0.080751
v -0.299040 1.259000 -0.080127
v -0.292676 1.265588 -0.078422
v -0.283982 1.268000 -0.076093
v -0.275289 1.265588 -0.073763
v -0.268925 1.259000 -0.072058
v -0.266596 1.250000 -0.071434
v -0.268925 1.241000 -0.072058
v -0.275289 1.234412 -0.073763
v -0.283982 1.232000 -0.076093
v -0.292676 1.234412 -0.078422
v -0.299040 1.241000 -0.080127
v -0.309331 1.250000 -0.040724
v -0.306940 1.259000 -0.040409
v -0.300408 1.265588 -0.039549
v -0.291485 1.268000 -0.038375
v -0.282562 1.265588 -0.037200
v -0.276030 1.259000 -0.036340
v -0.273639 1.250000 -0.036025
v -0.276030 1.241000 -0.036340
v -0.282562 1.234412 -0.037200
v -0.291485 1.232000 -0.038375
v -0.300408 1.234412 -0.039549
v -0.306940 1.241000 -0.040409
v -0.258000 1.550000 0.000000
v -0.255588 1.559000 0.000000
v -0.249000 1.565588 0.000000
v -0.240000 1.568000 0.000000
v -0.231000 1.565588 0.000000
v -0.224412 1.559000 0.000000
v -0.222000 1.550000 0.000000
v -0.224412 1.541000 0.000000
v -0.231000 1.534412 0.000000
v -0.240000 1.532000 0.000000
v -0.249000 1.534412 0.000000
v -0.255588 1.541000 0.000000
v -0.255793 1.550000 0.033676
v -0.253402 1.559000 0.033361
v -0.246870 1.565588 0.032501
v -0.237947 1.568000 0.031326
v -0.229024 1.565588 0.030152
v -0.222492 1.559000 0.029292
v -0.220101 1.550000 0.028977
v -0.222492 1.541000 0.029292
v -0.229024 1.534412 0.030152
v -0.237947 1.532000 0.031326
v -0.246870 1.534412 0.032501
v -0.253402 1.541000 0.033361
v -0.249209 1.550000 0.066775
v -0.246879 1.559000 0.066151
v -0.240516 1.565588 0.064446
v -0.231822 1.568000 0.062117
v -0.223129 1.565588 0.059787
v -0.216765 1.559000 0.058082
v -0.214436 1.550000 0.057458
v -0.216765 1.541000 0.058082
v -0.223129 1.534412 0.059787
v -0.231822 1.532000 0.062117
v -0.240516 1.534412 0.064446
v -0.246879 1.541000 0.066151
v -0.238361 1.550000 0.098732
v -0.236133 1.559000 0.097809
v -0.230046 1.565588 0.095288
v -0.221731 1.568000 0.091844
v -0.213416 1.565588 0.088400
v -0.207329 1.559000 0.085879
v -0.205101 1.550000 0.084956
v -0.207329 1.541000 0.085879
v -0.213416 1.534412 0.088400
v -0.221731 1.532000 0.091844
v -0.230046 1.534412 0.095288
v -0.236133 1.541000 0.097809
v -0.223435 1.550000 0.129000
v -0.221346 1.559000 0.127794
v -0.215640 1.565588 0.124500
v -0.207846 1.568000 0.120000
v -0.200052 1.565588 0.115500
v -0.194346 1.559000 0.112206
v -0.192258 1.550000 0.111000
v -0.194346 1.541000 0.112206
v -0.200052 1.534412 0.115500
v -0.207846 1.532000 0.120000
v -0.215640 1.534412 0.124500
v -0.221346 1.541000 0.127794
v -0.204685 1.550000 0.157060
v -0.202772 1.559000 0.155592
v -0.197545 1.565588 0.151582
v -0.190405 1.568000 0.146103
v -0.183265 1.565588 0.140624
v -0.178038 1.559000 0.136613
v -0.176124 1.550000 0.135145
v -0.178038 1.541000 0.136613
v -0.183265 1.534412 0.140624
v -0.190405 1.532000 0.146103
v -0.197545 1.534412 0.151582
v -0.202772 1.541000 0.155592
v -0.182434 1.550000 0.182434
v -0.180728 1.559000 0.180728
v -0.176070 1.565588 0.176070
v -0.169706 1.568000 0.169706
v -0.163342 1.565588 0.163342
v -0.158683 1.559000 0.158683
v -0.156978 1.550000 0.156978
v -0.158683 1.541000 0.158683
v -0.163342 1.534412 0.163342
v -0.169706 1.532000 0.169706
v -0.176070 1.534412 0.176070
v -0.180728 1.541000 0.180728
v -0.157060 1.550000 0.204685
v -0.155592 1.559000 0.202772
v -0.151582 1.565588 0.197545
v -0.146103 1.568000 0.190405
v -0.140624 1.565588 0.183265
v -0.136613 1.559000 0.178038
v -0.135145 1.550000 0.176124
v -0.136613 1.541000 0.178038
v -0.140624 1.534412 0.183265
v -0.146103 1.532000 0.190405
v -0.151582 1.534412 0.197545
v -0.155592 1.541000 0.202772
v -0.129000 1.550000 0.223435
v -0.127794 1.559000 0.221346
v -0.124500 1.565588 0.215640
v -0.120000 1.568000 0.207846
v -0.115500 1.565588 0.200052
v -0.112206 1.559000 0.194346
v -0.111000 1.550000 0.192258
v -0.112206 1.541000 0.194346
v -0.115500 1.534412 0.200052
v -0.120000 1.532000 0.207846
v -0.124500 1.534412 0.215640
v -0.127794 1.541000 0.221346
v -0.098732 1.550000 0.238361
v -0.097810 1.559000 0.236133
v -0.095288 1.565588 0.230046
v -0.091844 1.568000 0.221731
v -0.088400 1.565588 0.213416
v -0.085879 1.559000 0.207329
v -0.084956 1.550000 0.205101
v -0.085879 1.541000 0.207329
v -0.088400 1.534412 0.213416
v -0.091844 1.532000 0.221731
v -0.095288 1.534412 0.230046
v -0.097810 1.541000 0.236133
v -0.066775 1.550000 0.249209
v -0.066151 1.559000 0.246879
v -0.064446 1.565588 0.240516
v -0.062117 1.568000 0.231822
v -0.059787 1.565588 0.223129
v -0.058082 1.559000 0.216765
v -0.057458 1.550000 0.214436
v -0.058082 1.541000 0.216765
v -0.059787 1.534412 0.223129
v -0.062117 1.532000 0.231822
v -0.064446 1.534412 0.240516
v -0.066151 1.541000 0.246879
v -0.033676 1.550000 0.255793
v -0.033361 1.559000 0.253402
v -0.032501 1.565588 0.246870
v -0.031326 1.568000 0.237947
v -0.030151 1.565588 0.229024
v -0.029292 1.559000 0.222492
v -0.028977 1.550000 0.220101
v -0.029292 1.541000 0.222492
v -0.030151 1.534412 0.229024
v -0.031326 1.532000 0.237947
v -0.032501 1.534412 0.246870
v -0.033361 1.541000 0.253402
v 0.000000 1.550000 0.258000
v 0.000000 1.559000 0.255588
v 0.000000 1.565588 0.249000
v 0.000000 1.568000 0.240000
v 0.000000 1.565588 0.231000
v 0.000000 1.559000 0.224412
v 0.000000 1.550000 0.222000
v 0.000000 1.541000 0.224412
v 0.000000 1.534412 0.231000
v 0.000000 1.532000 0.240000
v 0.000000 1.534412 0.249000
v 0.000000 1.541000 0.255588
v 0.033676 1.550000 0.255793
v 0.033361 1.559000 0.253402
v 0.032501 1.565588 0.246870
v 0.031326 1.568000 0.237947
v 0.030152 1.565588 0.229024
v 0.029292 1.559000 0.222492
v 0.028977 1.550000 0.220101
v 0.029292 1.541000 0.222492
v 0.030152 1.534412 0.229024
v 0.031326 1.532000 0.237947
v 0.032501 1.534412 0.246870
v 0.033361 1.541000 0.253402
v 0.066775 1.550000 0.249209
v 0.066151 1.559000 0.246879
v 0.064446 1.565588 0.240516
v 0.062117 1.568000 0.231822
v 0.059787 1.565588 0.223129
v 0.058082 1.559000 0.216765
v 0.057458 1.550000 0.214436
v 0.058082 1.541000 0.216765
v 0.059787 1.534412 0.223129
v 0.062117 1.532000 0.231822
v 0.064446 1.534412 0.240516
v 0.066151 1.541000 0.246879
v 0.098732 1.550000 0.238361
v 0.097810 1.559000 0.236133
v 0.095288 1.565588 0.230046
v 0.091844 1.568000 0.221731
v 0.088400 1.565588 0.213416
v 0.085879 1.559000 0.207329
v 0.084956 1.550000 0.205101
v 0.085879 1.541000 0.207329
v 0.088400 1.534412 0.213416
v 0.091844 1.532000 0.221731
v 0.095288 1.534412 0.230046
v 0.097810 1.541000 0.236133
v 0.129000 1.550000 0.223435
v 0.127794 1.559000 0.221346
v 0.124500 1.565588 0.215640
v 0.120000 1.568000 0.207846
v 0.115500 1.565588 0.200052
v 0.112206 1.559000 0.194346
v 0.111000 1.550000 0.192258
v 0.112206 1.541000 0.194346
v 0.115500 1.534412 0.200052
v 0.120000 1.532000 0.207846
v 0.124500 1.534412 0.215640
v 0.127794 1.541000 0.221346
v 0.157060 1.550000 0.204685
v 0.155592 1.559000 0.202772
v 0.151582 1.565588 0.197545
v 0.146103 1.568000 0.190405
v 0.140624 1.565588 0.183265
v 0.136613 1.559000 0.178038
v 0.135145 1.550000 0.176124
v 0.136613 1.541000 0.178038
v 0.140624 1.534412 0.183265
v 0.146103 1.532000 0.190405
v 0.151582 1.534412 0.197545
v 0.155592 1.541000 0.202772
v 0.182434 1.550000 0.182433
v 0.180728 1.559000 0.180728
v 0.176070 1.565588 0.176070
v 0.169706 1.568000 0.169706
v 0.163342 1.565588 0.163342
v 0.158683 1.559000 0.158683
v 0.156978 1.550000 0.156978
v 0.158683 1.541000 0.158683
v 0.163342 1.534412 0.163342
v 0.169706 1.532000 0.169706
v 0.176070 1.534412 0.176070
v 0.180728 1.541000 0.180728
v 0.204685 1.550000 0.157060
v 0.202772 1.559000 0.155592
v 0.197545 1.565588 0.151582
v 0.190405 1.568000 0.146103
v 0.183265 1.565588 0.140624
v 0.178038 1.559000 0.136613
v 0.176124 1.550000 0.135145
v 0.178038 1.541000 0.136613
v 0.183265 1.534412 0.140624
v 0.190405 1.532000 0.146103
v 0.197545 1.534412 0.151582
v 0.202772 1.541000 0.155592
v 0.223435 1.550000 0.129000
v 0.221346 1.559000 0.127794
v 0.215640 1.565588 0.124500
v 0.207846 1.568000 0.120000
v 0.200052 1.565588 0.115500
v 0.194346 1.559000 0.112206
v 0.192258 1.550000 0.111000
v 0.194346 1.541000 0.112206
v 0.200052 1.534412 0.115500
v 0.207846 1.532000 0.120000
v 0.215640 1.534412 0.124500
v 0.221346 1.541000 0.127794
v 0.238361 1.550000 0.098732
v 0.236133 1.559000 0.097809
v 0.230046 1.565588 0.095288
v 0.221731 1.568000 0.091844
v 0.213416 1.565588 0.088400
v 0.207329 1.559000 0.085879
v 0.205101 1.550000 0.084956
v 0.207329 1.541000 0.085879
v 0.213416 1.534412 0.088400
v 0.221731 1.532000 0.091844
v 0.230046 1.534412 0.095288
v 0.236133 1.541000 0.097809
v 0.249209 1.550000 0.066775
v 0.246879 1.559000 0.066151
v 0.240516 1.565588 0.064446
v 0.231822 1.568000 0.062117
v 0.223129 1.565588 0.059787
v 0.216765 1.559000 0.058082
v 0.214436 1.550000 0.057458
v 0.216765 1.541000 0.058082
v 0.223129 1.534412 0.059787
v 0.231822 1.532000 0.062117
v 0.240516 1.534412 0.064446
v 0.246879 1.541000 0.066151
v 0.255793 1.550000 0.033676
v 0.253402 1.559000 0.033361
v 0.246870 1.565588 0.032501
v 0.237947 1.568000 0.031326
v 0.229024 1.565588 0.030152
v 0.222492 1.559000 0.029292
v 0.220101 1.550000 0.028977
v 0.222492 1.541000 0.029292
v 0.229024 1.534412 0.030152
v 0.237947 1.532000 0.031326
v 0.246870 1.534412 0.032501
v 0.253402 1.541000 0.033361
v 0.258000 1.550000 0.000000
v 0.255588 1.559000 0.000000
v 0.249000 1.565588 0.000000
v 0.240000 1.568000 0.000000
v 0.231000 1.565588 0.000000
v 0.224412 1.559000 0.000000
v 0.222000 1.550000 0.000000
v 0.224412 1.541000 0.000000
v 0.231000 1.534412 0.000000
v 0.240000 1.532000 0.000000
v 0.249000 1.534412 0.000000
v 0.255588 1.541000 0.000000
v 0.255793 1.550000 -0.033676
v 0.253402 1.559000 -0.033361
v 0.246870 1.565588 -0.032501
v 0.237947 1.568000 -0.031326
v 0.229024 1.565588 -0.030152
v 0.222492 1.559000 -0.029292
v 0.220101 1.550000 -0.028977
v 0.222492 1.541000 -0.029292
v 0.229024 1.534412 -0.030152
v 0.237947 1.532000 -0.031326
v 0.246870 1.534412 -0.032501
v 0.253402 1.541000 -0.033361
v 0.249209 1.550000 -0.066775
v 0.246879 1.559000 -0.066151
v 0.240516 1.565588 -0.064446
v 0.231822 1.568000 -0.062117
v 0.223129 1.565588 -0.059787
v 0.216765 1.559000 -0.058082
v 0.214436 1.550000 -0.057458
v 0.216765 1.541000 -0.058082
v 0.223129 1.534412 -0.059787
v 0.231822 1.532000 -0.062117
v 0.240516 1.534412 -0.064446
v 0.246879 1.541000 -0.066151
v 0.238361 1.550000 -0.098732
v 0.236133 1.559000 -0.097809
v 0.230046 1.565588 -0.095288
v 0.221731 1.568000 -0.091844
v 0.213416 1.565588 -0.088400
v 0.207329 1.559000 -0.085879
v 0.205101 1.550000 -0.084956
v 0.207329 1.541000 -0.085879
v 0.213416 1.534412 -0.088400
v 0.221731 1.532000 -0.091844
v 0.230046 1.534412 -0.095288
v 0.236133 1.541000 -0.097809
v 0.223435 1.550000 -0.129000
v 0.221346 1.559000 -0.127794
v 0.215640 1.565588 -0.124500
v 0.207846 1.568000 -0.120000
v 0.200052 1.565588 -0.115500
v 0.194346 1.559000 -0.112206
v 0.192258 1.550000 -0.111000
v 0.194346 1.541000 -0.112206
v 0.200052 1.534412 -0.115500
v 0.207846 1.532000 -0.120000
v 0.215640 1.534412 -0.124500
v 0.221346 1.541000 -0.127794
v 0.204685 1.550000 -0.157060
v 0.202772 1.559000 -0.155592
v 0.197545 1.565588 -0.151582
v 0.190405 1.568000 -0.146103
v 0.183265 1.565588 -0.140624
v 0.178038 1.559000 -0.136613
v 0.176124 1.550000 -0.135145
v 0.178038 1.541000 -0.136613
v 0.183265 1.534412 -0.140624
v 0.190405 1.532000 -0.146103
v 0.197545 1.534412 -0.151582
v 0.202772 1.541000 -0.155592
v 0.182434 1.550000 -0.182434
v 0.180728 1.559000 -0.180728
v 0.176070 1.565588 -0.176070
v 0.169706 1.568000 -0.169706
v 0.163342 1.565588 -0.163342
v 0.158683 1.559000 -0.158683
v 0.156978 1.550000 -0.156978
v 0.158683 1.541000 -0.158683
v 0.163342 1.534412 -0.163342
v 0.169706 1.532000 -0.169706
v 0.176070 1.534412 -0.176070
v 0.180728 1.541000 -0.180728
v 0.157061 1.550000 -0.204685
v 0.155592 1.559000 -0.202772
v 0.151582 1.565588 -0.197545
v 0.146103 1.568000 -0.190405
v 0.140624 1.565588 -0.183265
v 0.136613 1.559000 -0.178038
v 0.135145 1.550000 -0.176124
v 0.136613 1.541000 -0.178038
v 0.140624 1.534412 -0.183265
v 0.146103 1.532000 -0.190405
v 0.151582 1.534412 -0.197545
v 0.155592 1.541000 -0.202772
v 0.129000 1.550000 -0.223435
v 0.127794 1.559000 -0.221346
v 0.124500 1.565588 -0.215640
v 0.120000 1.568000 -0.207846
v 0.115500 1.565588 -0.200052
v 0.112206 1.559000 -0.194346
v 0.111000 1.550000 -0.192258
v 0.112206 1.541000 -0.194346
v 0.115500 1.534412 -0.200052
v 0.120000 1.532000 -0.207846
v 0.124500 1.534412 -0.215640
v 0.127794 1.541000 -0.221346
v 0.098732 1.550000 -0.238361
v 0.097809 1.559000 -0.236133
v 0.095288 1.565588 -0.230046
v 0.091844 1.568000 -0.221731
v 0.088400 1.565588 -0.213416
v 0.085879 1.559000 -0.207329
v 0.084956 1.550000 -0.205101
v 0.085879 1.541000 -0.207329
v 0.088400 1.534412 -0.213416
v 0.091844 1.532000 -0.221731
v 0.095288 1.534412 -0.230046
v 0.097809 1.541000 -0.236133
v 0.066775 1.550000 -0.249209
v 0.066151 1.559000 -0.246879
v 0.064446 1.565588 -0.240516
v 0.062117 1.568000 -0.231822
v 0.059787 1.565588 -0.223129
v 0.058082 1.559000 -0.216765
v 0.057458 1.550000 -0.214436
v 0.058082 1.541000 -0.216765
v 0.059787 1.534412 -0.223129
v 0.062117 1.532000 -0.231822
v 0.064446 1.534412 -0.240516
v 0.066151 1.541000 -0.246879
v 0.033676 1.550000 -0.255793
v 0.033361 1.559000 -0.253402
v 0.032501 1.565588 -0.246870
v 0.031326 1.568000 -0.237947
v 0.030152 1.565588 -0.229024
v 0.029292 1.559000 -0.222492
v 0.028977 1.550000 -0.220101
v 0.029292 1.541000 -0.222492
v 0.030152 1.534412 -0.229024
v 0.031326 1.532000 -0.237947
v 0.032501 1.534412 -0.246870
v 0.033361 1.541000 -0.253402
v -0.000000 1.550000 -0.258000
v -0.000000 1.559000 -0.255588
v -0.000000 1.565588 -0.249000
v -0.000000 1.568000 -0.240000
v -0.000000 1.565588 -0.231000
v -0.000000 1.559000 -0.224412
v -0.000000 1.550000 -0.222000
v -0.000000 1.541000 -0.224412
v -0.000000 1.534412 -0.231000
v -0.000000 1.532000 -0.240000
v -0.000000 1.534412 -0.249000
v -0.000000 1.541000 -0.255588
v -0.033676 1.550000 -0.255793
v -0.033361 1.559000 -0.253402
v -0.032501 1.565588 -0.246870
v -0.031326 1.568000 -0.237947
v -0.030152 1.565588 -0.229024
v -0.029292 1.559000 -0.222492
v -0.028977 1.550000 -0.220101
v -0.029292 1.541000 -0.222492
v -0.030152 1.534412 -0.229024
v -0.031326 1.532000 -0.237947
v -0.032501 1.534412 -0.246870
v -0.033361 1.541000 -0.253402
v -0.066775 1.550000 -0.249209
v -0.066151 1.559000 -0.246880
v -0.064446 1.565588 -0.240516
v -0.062116 1.568000 -0.231822
v -0.059787 1.565588 -0.223129
v -0.058082 1.559000 -0.216765
v -0.057458 1.550000 -0.214436
v -0.058082 1.541000 -0.216765
v -0.059787 1.534412 -0.223129
v -0.062116 1.532000 -0.231822
v -0.064446 1.534412 -0.240516
v -0.066151 1.541000 -0.246880
v -0.098732 1.550000 -0.238361
v -0.097810 1.559000 -0.236133
v -0.095288 1.565588 -0.230046
v -0.091844 1.568000 -0.221731
v -0.088400 1.565588 -0.213416
v -0.085879 1.559000 -0.207329
v -0.084956 1.550000 -0.205101
v -0.085879 1.541000 -0.207329
v -0.088400 1.534412 -0.213416
v -0.091844 1.532000 -0.221731
v -0.095288 1.534412 -0.230046
v -0.097810 1.541000 -0.236133
v -0.129000 1.550000 -0.223435
v -0.127794 1.559000 -0.221346
v -0.124500 1.565588 -0.215640
v -0.120000 1.568000 -0.207846
v -0.115500 1.565588 -0.200052
v -0.112206 1.559000 -0.194346
v -0.111000 1.550000 -0.192258
v -0.112206 1.541000 -0.194346
v -0.115500 1.534412 -0.200052
v -0.120000 1.532000 -0.207846
v -0.124500 1.534412 -0.215640
v -0.127794 1.541000 -0.221346
v -0.157060 1.550000 -0.204685
v -0.155592 1.559000 -0.202772
v -0.151582 1.565588 -0.197545
v -0.146103 1.568000 -0.190405
v -0.140624 1.565588 -0.183265
v -0.136613 1.559000 -0.178038
v -0.135145 1.550000 -0.176124
v -0.136613 1.541000 -0.178038
v -0.140624 1.534412 -0.183265
v -0.146103 1.532000 -0.190405
v -0.151582 1.534412 -0.197545
v -0.155592 1.541000 -0.202772
v -0.182433 1.550000 -0.182434
v -0.180728 1.559000 -0.180728
v -0.176070 1.565588 -0.176070
v -0.169706 1.568000 -0.169706
v -0.163342 1.565588 -0.163342
v -0.158683 1.559000 -0.158683
v -0.156978 1.550000 -0.156978
v -0.158683 1.541000 -0.158683
v -0.163342 1.534412 -0.163342
v -0.169706 1.532000 -0.169706
v -0.176070 1.534412 -0.176070
v -0.180728 1.541000 -0.180728
v -0.204685 1.550000 -0.157060
v -0.202772 1.559000 -0.155592
v -0.197545 1.565588 -0.151582
v -0.190405 1.568000 -0.146103
v -0.183265 1.565588 -0.140624
v -0.178038 1.559000 -0.136613
v -0.176124 1.550000 -0.135145
v -0.178038 1.541000 -0.136613
v -0.183265 1.534412 -0.140624
v -0.190405 1.532000 -0.146103
v -0.197545 1.534412 -0.151582
v -0.202772 1.541000 -0.155592
v -0.223435 1.550000 -0.129000
v -0.221346 1.559000 -0.127794
v -0.215640 1.565588 -0.124500
v -0.207846 1.568000 -0.120000
v -0.200052 1.565588 -0.115500
v -0.194346 1.559000 -0.112206
v -0.192258 1.550000 -0.111000
v -0.194346 1.541000 -0.112206
v -0.200052 1.534412 -0.115500
v -0.207846 1.532000 -0.120000
v -0.215640 1.534412 -0.124500
v -0.221346 1.541000 -0.127794
v -0.238361 1.550000 -0.098732
v -0.236133 1.559000 -0.097810
v -0.230046 1.565588 -0.095288
v -0.221731 1.568000 -0.091844
v -0.213416 1.565588 -0.088400
v -0.207329 1.559000 -0.085879
v -0.205101 1.550000 -0.084956
v -0.207329 1.541000 -0.085879
v -0.213416 1.534412 -0.088400
v -0.221731 1.532000 -0.091844
v -0.230046 1.534412 -0.095288
v -0.236133 1.541000 -0.097810
v -0.249209 1.550000 -0.066775
v -0.246879 1.559000 -0.066151
v -0.240516 1.565588 -0.064446
v -0.231822 1.568000 -0.062116
v -0.223129 1.565588 -0.059787
v -0.216765 1.559000 -0.058082
v -0.214436 1.550000 -0.057458
v -0.216765 1.541000 -0.058082
v -0.223129 1.534412 -0.059787
v -0.231822 1.532000 -0.062116
v -0.240516 1.534412 -0.064446
v -0.246879 1.541000 -0.066151
v -0.255793 1.550000 -0.033676
v -0.253402 1.559000 -0.033361
v -0.246870 1.565588 -0.032501
v -0.237947 1.568000 -0.031326
v -0.229024 1.565588 -0.030152
v -0.222492 1.559000 -0.029292
v -0.220101 1.550000 -0.028977
v -0.222492 1.541000 -0.029292
v -0.229024 1.534412 -0.030152
v -0.237947 1.532000 -0.031326
v -0.246870 1.534412 -0.032501
v -0.253402 1.541000 -0.033361
v -0.230000 1.680000 0.000000
v -0.225981 1.695000 0.000000
v -0.215000 1.705981 0.000000
v -0.200000 1.710000 0.000000
v -0.185000 1.705981 0.000000
v -0.174019 1.695000 0.000000
v -0.170000 1.680000 0.000000
v -0.174019 1.665000 0.000000
v -0.185000 1.654019 0.000000
v -0.200000 1.650000 0.000000
v -0.215000 1.654019 0.000000
v -0.225981 1.665000 0.000000
v -0.228032 1.680000 0.030021
v -0.224047 1.695000 0.029496
v -0.213161 1.705981 0.028063
v -0.198289 1.710000 0.026105
v -0.183417 1.705981 0.024147
v -0.172530 1.695000 0.022714
v -0.168546 1.680000 0.022189
v -0.172530 1.665000 0.022714
v -0.183417 1.654019 0.024147
v -0.198289 1.650000 0.026105
v -0.213161 1.654019 0.028063
v -0.224047 1.665000 0.029496
v -0.222163 1.680000 0.059528
v -0.218281 1.695000 0.058488
v -0.207674 1.705981 0.055646
v -0.193185 1.710000 0.051764
v -0.178696 1.705981 0.047882
v -0.168090 1.695000 0.045040
v -0.164207 1.680000 0.043999
v -0.168090 1.665000 0.045040
v -0.178696 1.654019 0.047882
v -0.193185 1.650000 0.051764
v -0.207674 1.654019 0.055646
v -0.218281 1.665000 0.058488
v -0.212492 1.680000 0.088017
v -0.208779 1.695000 0.086479
v -0.198634 1.705981 0.082277
v -0.184776 1.710000 0.076537
v -0.170918 1.705981 0.070796
v -0.160773 1.695000 0.066594
v -0.157060 1.680000 0.065056
v -0.160773 1.665000 0.066594
v -0.170918 1.654019 0.070796
v -0.184776 1.650000 0.076537
v -0.198634 1.654019 0.082277
v -0.208779 1.665000 0.086479
v -0.199186 1.680000 0.115000
v -0.195705 1.695000 0.112990
v -0.186195 1.705981 0.107500
v -0.173205 1.710000 0.100000
v -0.160215 1.705981 0.092500
v -0.150705 1.695000 0.087010
v -0.147224 1.680000 0.085000
v -0.150705 1.665000 0.087010
v -0.160215 1.654019 0.092500
v -0.173205 1.650000 0.100000
v -0.186195 1.654019 0.107500
v -0.195705 1.665000 0.112990
v -0.182471 1.680000 0.140015
v -0.179283 1.695000 0.137568
v -0.170571 1.705981 0.130884
v -0.158671 1.710000 0.121752
v -0.146770 1.705981 0.112621
v -0.138059 1.695000 0.105936
v -0.134870 1.680000 0.103489
v -0.138059 1.665000 0.105936
v -0.146770 1.654019 0.112621
v -0.158671 1.650000 0.121752
v -0.170571 1.654019 0.130884
v -0.179283 1.665000 0.137568
v -0.162635 1.680000 0.162635
v -0.159792 1.695000 0.159793
v -0.152028 1.705981 0.152028
v -0.141421 1.710000 0.141421
v -0.130815 1.705981 0.130815
v -0.123050 1.695000 0.123050
v -0.120208 1.680000 0.120208
v -0.123050 1.665000 0.123050
v -0.130815 1.654019 0.130815
v -0.141421 1.650000 0.141421
v -0.152028 1.654019 0.152028
v -0.159792 1.665000 0.159793
v -0.140015 1.680000 0.182471
v -0.137568 1.695000 0.179283
v -0.130884 1.705981 0.170571
v -0.121752 1.710000 0.158671
v -0.112621 1.705981 0.146770
v -0.105936 1.695000 0.138059
v -0.103489 1.680000 0.134870
v -0.105936 1.665000 0.138059
v -0.112621 1.654019 0.146770
v -0.121752 1.650000 0.158671
v -0.130884 1.654019 0.170571
v -0.137568 1.665000 0.179283
v -0.115000 1.680000 0.199186
v -0.112990 1.695000 0.195705
v -0.107500 1.705981 0.186195
v -0.100000 1.710000 0.173205
v -0.092500 1.705981 0.160215
v -0.087010 1.695000 0.150705
v -0.085000 1.680000 0.147224
v -0.087010 1.665000 0.150705
v -0.092500 1.654019 0.160215
v -0.100000 1.650000 0.173205
v -0.107500 1.654019 0.186195
v -0.112990 1.665000 0.195705
v -0.088017 1.680000 0.212492
v -0.086479 1.695000 0.208779
v -0.082277 1.705981 0.198634
v -0.076537 1.710000 0.184776
v -0.070796 1.705981 0.170918
v -0.066594 1.695000 0.160773
v -0.065056 1.680000 0.157060
v -0.066594 1.665000 0.160773
v -0.070796 1.654019 0.170918
v -0.076537 1.650000 0.184776
v -0.082277 1.654019 0.198634
v -0.086479 1.665000 0.208779
v -0.059528 1.680000 0.222163
v -0.058488 1.695000 0.218281
v -0.055646 1.705981 0.207674
v -0.051764 1.710000 0.193185
v -0.047882 1.705981 0.178696
v -0.045039 1.695000 0.168090
v -0.043999 1.680000 0.164207
v -0.045039 1.665000 0.168090
v -0.047882 1.654019 0.178696
v -0.051764 1.650000 0.193185
v -0.055646 1.654019 0.207674
v -0.058488 1.665000 0.218281
v -0.030021 1.680000 0.228032
v -0.029496 1.695000 0.224047
v -0.028063 1.705981 0.213161
v -0.026105 1.710000 0.198289
v -0.024147 1.705981 0.183417
v -0.022714 1.695000 0.172530
v -0.022189 1.680000 0.168546
v -0.022714 1.665000 0.172530
v -0.024147 1.654019 0.183417
v -0.026105 1.650000 0.198289
v -0.028063 1.654019 0.213161
v -0.029496 1.665000 0.224047
v 0.000000 1.680000 0.230000
v 0.000000 1.695000 0.225981
v 0.000000 1.705981 0.215000
v 0.000000 1.710000 0.200000
v 0.000000 1.705981 0.185000
v 0.000000 1.695000 0.174019
v 0.000000 1.680000 0.170000
v 0.000000 1.665000 0.174019
v 0.000000 1.654019 0.185000
v 0.000000 1.650000 0.200000
v 0.000000 1.654019 0.215000
v 0.000000 1.665000 0.225981
v 0.030021 1.680000 0.228032
v 0.029496 1.695000 0.224047
v 0.028063 1.705981 0.213161
v 0.026105 1.710000 0.198289
v 0.024147 1.705981 0.183417
v 0.022714 1.695000 0.172530
v 0.022189 1.680000 0.168546
v 0.022714 1.665000 0.172530
v 0.024147 1.654019 0.183417
v 0.026105 1.650000 0.198289
v 0.028063 1.654019 0.213161
v 0.029496 1.665000 0.224047
v 0.059528 1.680000 0.222163
v 0.058488 1.695000 0.218281
v 0.055646 1.705981 0.207674
v 0.051764 1.710000 0.193185
v 0.047882 1.705981 0.178696
v 0.045039 1.695000 0.168090
v 0.043999 1.680000 0.164207
v 0.045039 1.665000 0.168090
v 0.047882 1.654019 0.178696
v 0.051764 1.650000 0.193185
v 0.055646 1.654019 0.207674
v 0.058488 1.665000 0.218281
v 0.088017 1.680000 0.212492
v 0.086479 1.695000 0.208779
v 0.082277 1.705981 0.198634
v 0.076537 1.710000 0.184776
v 0.070796 1.705981 0.170918
v 0.066594 1.695000 0.160773
v 0.065056 1.680000 0.157060
v 0.066594 1.665000 0.160773
v 0.070796 1.654019 0.170918
v 0.076537 1.650000 0.184776
v 0.082277 1.654019 0.198634
v 0.086479 1.665000 0.208779
v 0.115000 1.680000 0.199186
v 0.112990 1.695000 0.195705
v 0.107500 1.705981 0.186195
v 0.100000 1.710000 0.173205
v 0.092500 1.705981 0.160215
v 0.087010 1.695000 0.150705
v 0.085000 1.680000 0.147224
v 0.087010 1.665000 0.150705
v 0.092500 1.654019 0.160215
v 0.100000 1.650000 0.173205
v 0.107500 1.654019 0.186195
v 0.112990 1.665000 0.195705
v 0.140015 1.680000 0.182471
v 0.137568 1.695000 0.179283
v 0.130884 1.705981 0.170571
v 0.121752 1.710000 0.158671
v 0.112621 1.705981 0.146770
v 0.105936 1.695000 0.138059
v 0.103489 1.680000 0.134870
v 0.105936 1.665000 0.138059
v 0.112621 1.654019 0.146770
v 0.121752 1.650000 0.158671
v 0.130884 1.654019 0.170571
v 0.137568 1.665000 0.179283
v 0.162635 1.680000 0.162635
v 0.159793 1.695000 0.159792
v 0.152028 1.705981 0.152028
v 0.141421 1.710000 0.141421
v 0.130815 1.705981 0.130815
v 0.123050 1.695000 0.123050
v 0.120208 1.680000 0.120208
v 0.123050 1.665000 0.123050
v 0.130815 1.654019 0.130815
v 0.141421 1.650000 0.141421
v 0.152028 1.654019 0.152028
v 0.159793 1.665000 0.159792
v 0.182471 1.680000 0.140015
v 0.179283 1.695000 0.137568
v 0.170571 1.705981 0.130884
v 0.158671 1.710000 0.121752
v 0.146770 1.705981 0.112621
v 0.138059 1.695000 0.105936
v 0.134870 1.680000 0.103489
v 0.138059 1.665000 0.105936
v 0.146770 1.654019 0.112621
v 0.158671 1.650000 0.121752
v 0.170571 1.654019 0.130884
v 0.179283 1.665000 0.137568
v 0.199186 1.680000 0.115000
v 0.195705 1.695000 0.112990
v 0.186195 1.705981 0.107500
v 0.173205 1.710000 0.100000
v 0.160215 1.705981 0.092500
v 0.150705 1.695000 0.087010
v 0.147224 1.680000 0.085000
v 0.150705 1.665000 0.087010
v 0.160215 1.654019 0.092500
v 0.173205 1.650000 0.100000
v 0.186195 1.654019 0.107500
v 0.195705 1.665000 0.112990
v 0.212492 1.680000 0.088017
v 0.208779 1.695000 0.086479
v 0.198634 1.705981 0.082277
v 0.184776 1.710000 0.076537
v 0.170918 1.705981 0.070796
v 0.160773 1.695000 0.066594
v 0.157060 1.680000 0.065056
v 0.160773 1.665000 0.066594
v 0.170918 1.654019 0.070796
v 0.184776 1.650000 0.076537
v 0.198634 1.654019 0.082277
v 0.208779 1.665000 0.086479
v 0.222163 1.680000 0.059528
v 0.218281 1.695000 0.058488
v 0.207674 1.705981 0.055646
v 0.193185 1.710000 0.051764
v 0.178696 1.705981 0.047881
v 0.168090 1.695000 0.045039
v 0.164207 1.680000 0.043999
v 0.168090 1.665000 0.045039
v 0.178696 1.654019 0.047881
v 0.193185 1.650000 0.051764
v 0.207674 1.654019 0.055646
v 0.218281 1.665000 0.058488
v 0.228032 1.680000 0.030021
v 0.224047 1.695000 0.029496
v 0.213161 1.705981 0.028063
v 0.198289 1.710000 0.026105
v 0.183417 1.705981 0.024147
v 0.172530 1.695000 0.022714
v 0.168546 1.680000 0.022189
v 0.172530 1.665000 0.022714
v 0.183417 1.654019 0.024147
v 0.198289 1.650000 0.026105
v 0.213161 1.654019 0.028063
v 0.224047 1.665000 0.029496
v 0.230000 1.680000 0.000000
v 0.225981 1.695000 0.000000
v 0.215000 1.705981 0.000000
v 0.200000 1.710000 0.000000
v 0.185000 1.705981 0.000000
v 0.174019 1.695000 0.000000
v 0.170000 1.680000 0.000000
v 0.174019 1.665000 0.000000
v 0.185000 1.654019 0.000000
v 0.200000 1.650000 0.000000
v 0.215000 1.654019 0.000000
v 0.225981 1.665000 0.000000
v 0.228032 1.680000 -0.030021
v 0.224047 1.695000 -0.029496
v 0.213161 1.705981 -0.028063
v 0.198289 1.710000 -0.026105
v 0.183417 1.705981 -0.024147
v 0.172530 1.695000 -0.022714
v 0.168546 1.680000 -0.022189
v 0.172530 1.665000 -0.022714
v 0.183417 1.654019 -0.024147
v 0.198289 1.650000 -0.026105
v 0.213161 1.654019 -0.028063
v 0.224047 1.665000 -0.029496
v 0.222163 1.680000 -0.059528
v 0.218281 1.695000 -0.058488
v 0.207674 1.705981 -0.055646
v 0.193185 1.710000 -0.051764
v 0.178696 1.705981 -0.047882
v 0.168090 1.695000 -0.045039
v 0.164207 1.680000 -0.043999
v 0.168090 1.665000 -0.045039
v 0.178696 1.654019 -0.047882
v 0.193185 1.650000 -0.051764
v 0.207674 1.654019 -0.055646
v 0.218281 1.665000 -0.058488
v 0.212492 1.680000 -0.088017
v 0.208779 1.695000 -0.086479
v 0.198634 1.705981 -0.082277
v 0.184776 1.710000 -0.076537
v 0.170918 1.705981 -0.070796
v 0.160773 1.695000 -0.066594
v 0.157060 1.680000 -0.065056
v 0.160773 1.665000 -0.066594
v 0.170918 1.654019 -0.070796
v 0.184776 1.650000 -0.076537
v 0.198634 1.654019 -0.082277
v 0.208779 1.665000 -0.086479
v 0.199186 1.680000 -0.115000
v 0.195705 1.695000 -0.112990
v 0.186195 1.705981 -0.107500
v 0.173205 1.710000 -0.100000
v 0.160215 1.705981 -0.092500
v 0.150705 1.695000 -0.087010
v 0.147224 1.680000 -0.085000
v 0.150705 1.665000 -0.087010
v 0.160215 1.654019 -0.092500
v 0.173205 1.650000 -0.100000
v 0.186195 1.654019 -0.107500
v 0.195705 1.665000 -0.112990
v 0.182471 1.680000 -0.140015
v 0.179283 1.695000 -0.137568
v 0.170571 1.705981 -0.130884
v 0.158671 1.710000 -0.121752
v 0.146770 1.705981 -0.112621
v 0.138059 1.695000 -0.105936
v 0.134870 1.680000 -0.103489
v 0.138059 1.665000 -0.105936
v 0.146770 1.654019 -0.112621
v 0.158671 1.650000 -0.121752
v 0.170571 1.654019 -0.130884
v 0.179283 1.665000 -0.137568
v 0.162635 1.680000 -0.162635
v 0.159793 1.695000 -0.159792
v 0.152028 1.705981 -0.152028
v 0.141421 1.710000 -0.141421
v 0.130815 1.705981 -0.130815
v 0.123050 1.695000 -0.123050
v 0.120208 1.680000 -0.120208
v 0.123050 1.665000 -0.123050
v 0.130815 1.654019 -0.130815
v 0.141421 1.650000 -0.141421
v 0.152028 1.654019 -0.152028
v 0.159793 1.665000 -0.159792
v 0.140015 1.680000 -0.182471
v 0.137568 1.695000 -0.179283
v 0.130884 1.705981 -0.170571
v 0.121752 1.710000 -0.158671
v 0.112621 1.705981 -0.146770
v 0.105936 1.695000 -0.138059
v 0.103490 1.680000 -0.134870
v 0.105936 1.665000 -0.138059
v 0.112621 1.654019 -0.146770
v 0.121752 1.650000 -0.158671
v 0.130884 1.654019 -0.170571
v 0.137568 1.665000 -0.179283
v 0.115000 1.680000 -0.199186
v 0.112990 1.695000 -0.195705
v 0.107500 1.705981 -0.186196
v 0.100000 1.710000 -0.173205
v 0.092500 1.705981 -0.160215
v 0.087010 1.695000 -0.150705
v 0.085000 1.680000 -0.147224
v 0.087010 1.665000 -0.150705
v 0.092500 1.654019 -0.160215
v 0.100000 1.650000 -0.173205
v 0.107500 1.654019 -0.186196
v 0.112990 1.665000 -0.195705
v 0.088017 1.680000 -0.212492
v 0.086479 1.695000 -0.208779
v 0.082277 1.705981 -0.198634
v 0.076537 1.710000 -0.184776
v 0.070796 1.705981 -0.170918
v 0.066594 1.695000 -0.160773
v 0.065056 1.680000 -0.157060
v 0.066594 1.665000 -0.160773
v 0.070796 1.654019 -0.170918
v 0.076537 1.650000 -0.184776
v 0.082277 1.654019 -0.198634
v 0.086479 1.665000 -0.208779
v 0.059528 1.680000 -0.222163
v 0.058488 1.695000 -0.218281
v 0.055646 1.705981 -0.207674
v 0.051764 1.710000 -0.193185
v 0.047882 1.705981 -0.178696
v 0.045040 1.695000 -0.168090
v 0.043999 1.680000 -0.164207
v 0.045040 1.665000 -0.168090
v 0.047882 1.654019 -0.178696
v 0.051764 1.650000 -0.193185
v 0.055646 1.654019 -0.207674
v 0.058488 1.665000 -0.218281
v 0.030021 1.680000 -0.228032
v 0.029497 1.695000 -0.224047
v 0.028063 1.705981 -0.213161
v 0.026105 1.710000 -0.198289
v 0.024147 1.705981 -0.183417
v 0.022714 1.695000 -0.172530
v 0.022190 1.680000 -0.168546
v 0.022714 1.665000 -0.172530
v 0.024147 1.654019 -0.183417
v 0.026105 1.650000 -0.198289
v 0.028063 1.654019 -0.213161
v 0.029497 1.665000 -0.224047
v -0.000000 1.680000 -0.230000
v -0.000000 1.695000 -0.225981
v -0.000000 1.705981 -0.215000
v -0.000000 1.710000 -0.200000
v -0.000000 1.705981 -0.185000
v -0.000000 1.695000 -0.174019
v -0.000000 1.680000 -0.170000
v -0.000000 1.665000 -0.174019
v -0.000000 1.654019 -0.185000
v -0.000000 1.650000 -0.200000
v -0.000000 1.654019 -0.215000
v -0.000000 1.665000 -0.225981
v -0.030021 1.680000 -0.228032
v -0.029496 1.695000 -0.224047
v -0.028063 1.705981 -0.213161
v -0.026105 1.710000 -0.198289
v -0.024147 1.705981 -0.183417
v -0.022714 1.695000 -0.172530
v -0.022189 1.680000 -0.168546
v -0.022714 1.665000 -0.172530
v -0.024147 1.654019 -0.183417
v -0.026105 1.650000 -0.198289
v -0.028063 1.654019 -0.213161
v -0.029496 1.665000 -0.224047
v -0.059528 1.680000 -0.222163
v -0.058488 1.695000 -0.218281
v -0.055646 1.705981 -0.207674
v -0.051764 1.710000 -0.193185
v -0.047881 1.705981 -0.178696
v -0.045039 1.695000 -0.168090
v -0.043999 1.680000 -0.164207
v -0.045039 1.665000 -0.168090
v -0.047881 1.654019 -0.178696
v -0.051764 1.650000 -0.193185
v -0.055646 1.654019 -0.207674
v -0.058488 1.665000 -0.218281
v -0.088017 1.680000 -0.212492
v -0.086479 1.695000 -0.208779
v -0.082277 1.705981 -0.198634
v -0.076537 1.710000 -0.184776
v -0.070796 1.705981 -0.170918
v -0.066594 1.695000 -0.160773
v -0.065056 1.680000 -0.157060
v -0.066594 1.665000 -0.160773
v -0.070796 1.654019 -0.170918
v -0.076537 1.650000 -0.184776
v -0.082277 1.654019 -0.198634
v -0.086479 1.665000 -0.208779
v -0.115000 1.680000 -0.199186
v -0.112990 1.695000 -0.195705
v -0.107500 1.705981 -0.186195
v -0.100000 1.710000 -0.173205
v -0.092500 1.705981 -0.160215
v -0.087010 1.695000 -0.150705
v -0.085000 1.680000 -0.147224
v -0.087010 1.665000 -0.150705
v -0.092500 1.654019 -0.160215
v -0.100000 1.650000 -0.173205
v -0.107500 1.654019 -0.186195
v -0.112990 1.665000 -0.195705
v -0.140015 1.680000 -0.182471
v -0.137568 1.695000 -0.179283
v -0.130884 1.705981 -0.170571
v -0.121752 1.710000 -0.158671
v -0.112621 1.705981 -0.146770
v -0.105936 1.695000 -0.138059
v -0.103489 1.680000 -0.134870
v -0.105936 1.665000 -0.138059
v -0.112621 1.654019 -0.146770
v -0.121752 1.650000 -0.158671
v -0.130884 1.654019 -0.170571
v -0.137568 1.665000 -0.179283
v -0.162634 1.680000 -0.162635
v -0.159792 1.695000 -0.159793
v -0.152028 1.705981 -0.152028
v -0.141421 1.710000 -0.141421
v -0.130815 1.705981 -0.130815
v -0.123050 1.695000 -0.123050
v -0.120208 1.680000 -0.120208
v -0.123050 1.665000 -0.123050
v -0.130815 1.654019 -0.130815
v -0.141421 1.650000 -0.141421
v -0.152028 1.654019 -0.152028
v -0.159792 1.665000 -0.159793
v -0.182471 1.680000 -0.140015
v -0.179283 1.695000 -0.137568
v -0.170571 1.705981 -0.130884
v -0.158671 1.710000 -0.121752
v -0.146770 1.705981 -0.112621
v -0.138059 1.695000 -0.105936
v -0.134870 1.680000 -0.103489
v -0.138059 1.665000 -0.105936
v -0.146770 1.654019 -0.112621
v -0.158671 1.650000 -0.121752
v -0.170571 1.654019 -0.130884
v -0.179283 1.665000 -0.137568
v -0.199186 1.680000 -0.115000
v -0.195705 1.695000 -0.112990
v -0.186195 1.705981 -0.107500
v -0.173205 1.710000 -0.100000
v -0.160215 1.705981 -0.092500
v -0.150705 1.695000 -0.087010
v -0.147224 1.680000 -0.085000
v -0.150705 1.665000 -0.087010
v -0.160215 1.654019 -0.092500
v -0.173205 1.650000 -0.100000
v -0.186195 1.654019 -0.107500
v -0.195705 1.665000 -0.112990
v -0.212492 1.680000 -0.088017
v -0.208779 1.695000 -0.086479
v -0.198634 1.705981 -0.082277
v -0.184776 1.710000 -0.076537
v -0.170918 1.705981 -0.070796
v -0.160773 1.695000 -0.066594
v -0.157059 1.680000 -0.065056
v -0.160773 1.665000 -0.066594
v -0.170918 1.654019 -0.070796
v -0.184776 1.650000 -0.076537
v -0.198634 1.654019 -0.082277
v -0.208779 1.665000 -0.086479
v -0.222163 1.680000 -0.059528
v -0.218281 1.695000 -0.058488
v -0.207674 1.705981 -0.055646
v -0.193185 1.710000 -0.051764
v -0.178696 1.705981 -0.047881
v -0.168090 1.695000 -0.045039
v -0.164207 1.680000 -0.043999
v -0.168090 1.665000 -0.045039
v -0.178696 1.654019 -0.047881
v -0.193185 1.650000 -0.051764
v -0.207674 1.654019 -0.055646
v -0.218281 1.665000 -0.058488
v -0.228032 1.680000 -0.030021
v -0.224047 1.695000 -0.029496
v -0.213161 1.705981 -0.028063
v -0.198289 1.710000 -0.026105
v -0.183417 1.705981 -0.024147
v -0.172530 1.695000 -0.022714
v -0.168546 1.680000 -0.022189
v -0.172530 1.665000 -0.022714
v -0.183417 1.654019 -0.024147
v -0.198289 1.650000 -0.026105
v -0.213161 1.654019 -0.028063
v -0.224047 1.665000 -0.029496
v -0.200000 0.220000 0.000000
v -0.195981 0.235000 0.000000
v -0.185000 0.245981 0.000000
v -0.170000 0.250000 0.000000
v -0.155000 0.245981 0.000000
v -0.144019 0.235000 0.000000
v -0.140000 0.220000 0.000000
v -0.144019 0.205000 0.000000
v -0.155000 0.194019 0.000000
v -0.170000 0.190000 0.000000
v -0.185000 0.194019 0.000000
v -0.195981 0.205000 0.000000
v -0.198289 0.220000 0.026105
v -0.194304 0.235000 0.025581
v -0.183417 0.245981 0.024147
v -0.168546 0.250000 0.022189
v -0.153674 0.245981 0.020232
v -0.142787 0.235000 0.018798
v -0.138802 0.220000 0.018274
v -0.142787 0.205000 0.018798
v -0.153674 0.194019 0.020232
v -0.168546 0.190000 0.022189
v -0.183417 0.194019 0.024147
v -0.194304 0.205000 0.025581
v -0.193185 0.220000 0.051764
v -0.189303 0.235000 0.050724
v -0.178696 0.245981 0.047882
v -0.164207 0.250000 0.043999
v -0.149719 0.245981 0.040117
v -0.139112 0.235000 0.037275
v -0.135230 0.220000 0.036235
v -0.139112 0.205000 0.037275
v -0.149719 0.194019 0.040117
v -0.164207 0.190000 0.043999
v -0.178696 0.194019 0.047882
v -0.189303 0.205000 0.050724
v -0.184776 0.220000 0.076537
v -0.181063 0.235000 0.074999
v -0.170918 0.245981 0.070796
v -0.157060 0.250000 0.065056
v -0.143201 0.245981 0.059316
v -0.133056 0.235000 0.055114
v -0.129343 0.220000 0.053576
v -0.133056 0.205000 0.055114
v -0.143201 0.194019 0.059316
v -0.157060 0.190000 0.065056
v -0.170918 0.194019 0.070796
v -0.181063 0.205000 0.074999
v -0.173205 0.220000 0.100000
v -0.169724 0.235000 0.097990
v -0.160215 0.245981 0.092500
v -0.147224 0.250000 0.085000
v -0.134234 0.245981 0.077500
v -0.124724 0.235000 0.072010
v -0.121244 0.220000 0.070000
v -0.124724 0.205000 0.072010
v -0.134234 0.194019 0.077500
v -0.147224 0.190000 0.085000
v -0.160215 0.194019 0.092500
v -0.169724 0.205000 0.097990
v -0.158671 0.220000 0.121752
v -0.155482 0.235000 0.119306
v -0.146770 0.245981 0.112621
v -0.134870 0.250000 0.103489
v -0.122970 0.245981 0.094358
v -0.114258 0.235000 0.087673
v -0.111069 0.220000 0.085227
v -0.114258 0.205000 0.087673
v -0.122970 0.194019 0.094358
v -0.134870 0.190000 0.103489
v -0.146770 0.194019 0.112621
v -0.155482 0.205000 0.119306
v -0.141421 0.220000 0.141421
v -0.138579 0.235000 0.138579
v -0.130815 0.245981 0.130815
v -0.120208 0.250000 0.120208
v -0.109602 0.245981 0.109602
v -0.101837 0.235000 0.101837
v -0.098995 0.220000 0.098995
v -0.101837 0.205000 0.101837
v -0.109602 0.194019 0.109602
v -0.120208 0.190000 0.120208
v -0.130815 0.194019 0.130815
v -0.138579 0.205000 0.138579
v -0.121752 0.220000 0.158671
v -0.119306 0.235000 0.155482
v -0.112621 0.245981 0.146770
v -0.103489 0.250000 0.134870
v -0.094358 0.245981 0.122970
v -0.087673 0.235000 0.114258
v -0.085227 0.220000 0.111069
v -0.087673 0.205000 0.114258
v -0.094358 0.194019 0.122970
v -0.103489 0.190000 0.134870
v -0.112621 0.194019 0.146770
v -0.119306 0.205000 0.155482
v -0.100000 0.220000 0.173205
v -0.097990 0.235000 0.169724
v -0.092500 0.245981 0.160215
v -0.085000 0.250000 0.147224
v -0.077500 0.245981 0.134234
v -0.072010 0.235000 0.124724
v -0.070000 0.220000 0.121244
v -0.072010 0.205000 0.124724
v -0.077500 0.194019 0.134234
v -0.085000 0.190000 0.147224
v -0.092500 0.194019 0.160215
v -0.097990 0.205000 0.169724
v -0.076537 0.220000 0.184776
v -0.074999 0.235000 0.181063
v -0.070796 0.245981 0.170918
v -0.065056 0.250000 0.157060
v -0.059316 0.245981 0.143201
v -0.055114 0.235000 0.133056
v -0.053576 0.220000 0.129343
v -0.055114 0.205000 0.133056
v -0.059316 0.194019 0.143201
v -0.065056 0.190000 0.157060
v -0.070796 0.194019 0.170918
v -0.074999 0.205000 0.181063
v -0.051764 0.220000 0.193185
v -0.050724 0.235000 0.189303
v -0.047882 0.245981 0.178696
v -0.043999 0.250000 0.164207
v -0.040117 0.245981 0.149719
v -0.037275 0.235000 0.139112
v -0.036235 0.220000 0.135230
v -0.037275 0.205000 0.139112
v -0.040117 0.194019 0.149719
v -0.043999 0.190000 0.164207
v -0.047882 0.194019 0.178696
v -0.050724 0.205000 0.189303
v -0.026105 0.220000 0.198289
v -0.025581 0.235000 0.194304
v -0.024147 0.245981 0.183417
v -0.022189 0.250000 0.168546
v -0.020232 0.245981 0.153674
v -0.018798 0.235000 0.142787
v -0.018274 0.220000 0.138802
v -0.018798 0.205000 0.142787
v -0.020232 0.194019 0.153674
v -0.022189 0.190000 0.168546
v -0.024147 0.194019 0.183417
v -0.025581 0.205000 0.194304
v 0.000000 0.220000 0.200000
v 0.000000 0.235000 0.195981
v 0.000000 0.245981 0.185000
v 0.000000 0.250000 0.170000
v 0.000000 0.245981 0.155000
v 0.000000 0.235000 0.144019
v 0.000000 0.220000 0.140000
v 0.000000 0.205000 0.144019
v 0.000000 0.194019 0.155000
v 0.000000 0.190000 0.170000
v 0.000000 0.194019 0.185000
v 0.000000 0.205000 0.195981
v 0.026105 0.220000 0.198289
v 0.025581 0.235000 0.194304
v 0.024147 0.245981 0.183417
v 0.022189 0.250000 0.168546
v 0.020232 0.245981 0.153674
v 0.018798 0.235000 0.142787
v 0.018274 0.220000 0.138802
v 0.018798 0.205000 0.142787
v 0.020232 0.194019 0.153674
v 0.022189 0.190000 0.168546
v 0.024147 0.194019 0.183417
v 0.025581 0.205000 0.194304
v 0.051764 0.220000 0.193185
v 0.050724 0.235000 0.189303
v 0.047882 0.245981 0.178696
v 0.043999 0.250000 0.164207
v 0.040117 0.245981 0.149719
v 0.037275 0.235000 0.139112
v 0.036235 0.220000 0.135230
v 0.037275 0.205000 0.139112
v 0.040117 0.194019 0.149719
v 0.043999 0.190000 0.164207
v 0.047882 0.194019 0.178696
v 0.050724 0.205000 0.189303
v 0.076537 0.220000 0.184776
v 0.074999 0.235000 0.181063
v 0.070796 0.245981 0.170918
v 0.065056 0.250000 0.157060
v 0.059316 0.245981 0.143201
v 0.055114 0.235000 0.133056
v 0.053576 0.220000 0.129343
v 0.055114 0.205000 0.133056
v 0.059316 0.194019 0.143201
v 0.065056 0.190000 0.157060
v 0.070796 0.194019 0.170918
v 0.074999 0.205000 0.181063
v 0.100000 0.220000 0.173205
v 0.097990 0.235000 0.169724
v 0.092500 0.245981 0.160215
v 0.085000 0.250000 0.147224
v 0.077500 0.245981 0.134234
v 0.072010 0.235000 0.124724
v 0.070000 0.220000 0.121244
v 0.072010 0.205000 0.124724
v 0.077500 0.194019 0.134234
v 0.085000 0.190000 0.147224
v 0.092500 0.194019 0.160215
v 0.097990 0.205000 0.169724
v 0.121752 0.220000 0.158671
v 0.119306 0.235000 0.155482
v 0.112621 0.245981 0.146770
v 0.103489 0.250000 0.134870
v 0.094358 0.245981 0.122970
v 0.087673 0.235000 0.114258
v 0.085227 0.220000 0.111069
v 0.087673 0.205000 0.114258
v 0.094358 0.194019 0.122970
v 0.103489 0.190000 0.134870
v 0.112621 0.194019 0.146770
v 0.119306 0.205000 0.155482
v 0.141421 0.220000 0.141421
v 0.138579 0.235000 0.138579
v 0.130815 0.245981 0.130815
v 0.120208 0.250000 0.120208
v 0.109602 0.245981 0.109602
v 0.101837 0.235000 0.101837
v 0.098995 0.220000 0.098995
v 0.101837 0.205000 0.101837
v 0.109602 0.194019 0.109602
v 0.120208 0.190000 0.120208
v 0.130815 0.194019 0.130815
v 0.138579 0.205000 0.138579
v 0.158671 0.220000 0.121752
v 0.155482 0.235000 0.119306
v 0.146770 0.245981 0.112621
v 0.134870 0.250000 0.103489
v 0.122970 0.245981 0.094358
v 0.114258 0.235000 0.087673
v 0.111069 0.220000 0.085227
v 0.114258 0.205000 0.087673
v 0.122970 0.194019 0.094358
v 0.134870 0.190000 0.103489
v 0.146770 0.194019 0.112621
v 0.155482 0.205000 0.119306
v 0.173205 0.220000 0.100000
v 0.169724 0.235000 0.097990
v 0.160215 0.245981 0.092500
v 0.147224 0.250000 0.085000
v 0.134234 0.245981 0.077500
v 0.124724 0.235000 0.072010
v 0.121244 0.220000 0.070000
v 0.124724 0.205000 0.072010
v 0.134234 0.194019 0.077500
v 0.147224 0.190000 0.085000
v 0.160215 0.194019 0.092500
v 0.169724 0.205000 0.097990
v 0.184776 0.220000 0.076537
v 0.181063 0.235000 0.074999
v 0.170918 0.245981 0.070796
v 0.157060 0.250000 0.065056
v 0.143201 0.245981 0.059316
v 0.133056 0.235000 0.055114
v 0.129343 0.220000 0.053576
v 0.133056 0.205000 0.055114
v 0.143201 0.194019 0.059316
v 0.157060 0.190000 0.065056
v 0.170918 0.194019 0.070796
v 0.181063 0.205000 0.074999
v 0.193185 0.220000 0.051764
v 0.189303 0.235000 0.050724
v 0.178696 0.245981 0.047881
v 0.164207 0.250000 0.043999
v 0.149719 0.245981 0.040117
v 0.139112 0.235000 0.037275
v 0.135230 0.220000 0.036235
v 0.139112 0.205000 0.037275
v 0.149719 0.194019 0.040117
v 0.164207 0.190000 0.043999
v 0.178696 0.194019 0.047881
v 0.189303 0.205000 0.050724
v 0.198289 0.220000 0.026105
v 0.194304 0.235000 0.025581
v 0.183417 0.245981 0.024147
v 0.168546 0.250000 0.022189
v 0.153674 0.245981 0.020232
v 0.142787 0.235000 0.018798
v 0.138802 0.220000 0.018274
v 0.142787 0.205000 0.018798
v 0.153674 0.194019 0.020232
v 0.168546 0.190000 0.022189
v 0.183417 0.194019 0.024147
v 0.194304 0.205000 0.025581
v 0.200000 0.220000 0.000000
v 0.195981 0.235000 0.000000
v 0.185000 0.245981 0.000000
v 0.170000 0.250000 0.000000
v 0.155000 0.245981 0.000000
v 0.144019 0.235000 0.000000
v 0.140000 0.220000 0.000000
v 0.144019 0.205000 0.000000
v 0.155000 0.194019 0.000000
v 0.170000 0.190000 0.000000
v 0.185000 0.194019 0.000000
v 0.195981 0.205000 0.000000
v 0.198289 0.220000 -0.026105
v 0.194304 0.235000 -0.025581
v 0.183417 0.245981 -0.024147
v 0.168546 0.250000 -0.022189
v 0.153674 0.245981 -0.020232
v 0.142787 0.235000 -0.018798
v 0.138802 0.220000 -0.018274
v 0.142787 0.205000 -0.018798
v 0.153674 0.194019 -0.020232
v 0.168546 0.190000 -0.022189
v 0.183417 0.194019 -0.024147
v 0.194304 0.205000 -0.025581
v 0.193185 0.220000 -0.051764
v 0.189303 0.235000 -0.050724
v 0.178696 0.245981 -0.047882
v 0.164207 0.250000 -0.043999
v 0.149719 0.245981 -0.040117
v 0.139112 0.235000 -0.037275
v 0.135230 0.220000 -0.036235
v 0.139112 0.205000 -0.037275
v 0.149719 0.194019 -0.040117
v 0.164207 0.190000 -0.043999
v 0.178696 0.194019 -0.047882
v 0.189303 0.205000 -0.050724
v 0.184776 0.220000 -0.076537
v 0.181063 0.235000 -0.074999
v 0.170918 0.245981 -0.070796
v 0.157060 0.250000 -0.065056
v 0.143201 0.245981 -0.059316
v 0.133056 0.235000 -0.055114
v 0.129343 0.220000 -0.053576
v 0.133056 0.205000 -0.055114
v 0.143201 0.194019 -0.059316
v 0.157060 0.190000 -0.065056
v 0.170918 0.194019 -0.070796
v 0.181063 0.205000 -0.074999
v 0.173205 0.220000 -0.100000
v 0.169724 0.235000 -0.097990
v 0.160215 0.245981 -0.092500
v 0.147224 0.250000 -0.085000
v 0.134234 0.245981 -0.077500
v 0.124724 0.235000 -0.072010
v 0.121244 0.220000 -0.070000
v 0.124724 0.205000 -0.072010
v 0.134234 0.194019 -0.077500
v 0.147224 0.190000 -0.085000
v 0.160215 0.194019 -0.092500
v 0.169724 0.205000 -0.097990
v 0.158671 0.220000 -0.121752
v 0.155482 0.235000 -0.119306
v 0.146770 0.245981 -0.112621
v 0.134870 0.250000 -0.103489
v 0.122970 0.245981 -0.094358
v 0.114258 0.235000 -0.087673
v 0.111069 0.220000 -0.085227
v 0.114258 0.205000 -0.087673
v 0.122970 0.194019 -0.094358
v 0.134870 0.190000 -0.103489
v 0.146770 0.194019 -0.112621
v 0.155482 0.205000 -0.119306
v 0.141421 0.220000 -0.141421
v 0.138579 0.235000 -0.138579
v 0.130815 0.245981 -0.130815
v 0.120208 0.250000 -0.120208
v 0.109602 0.245981 -0.109602
v 0.101837 0.235000 -0.101837
v 0.098995 0.220000 -0.098995
v 0.101837 0.205000 -0.101837
v 0.109602 0.194019 -0.109602
v 0.120208 0.190000 -0.120208
v 0.130815 0.194019 -0.130815
v 0.138579 0.205000 -0.138579
v 0.121752 0.220000 -0.158671
v 0.119306 0.235000 -0.155482
v 0.112621 0.245981 -0.146770
v 0.103490 0.250000 -0.134870
v 0.094358 0.245981 -0.122970
v 0.087673 0.235000 -0.114258
v 0.085227 0.220000 -0.111069
v 0.087673 0.205000 -0.114258
v 0.094358 0.194019 -0.122970
v 0.103490 0.190000 -0.134870
v 0.112621 0.194019 -0.146770
v 0.119306 0.205000 -0.155482
v 0.100000 0.220000 -0.173205
v 0.097990 0.235000 -0.169724
v 0.092500 0.245981 -0.160215
v 0.085000 0.250000 -0.147224
v 0.077500 0.245981 -0.134234
v 0.072010 0.235000 -0.124724
v 0.070000 0.220000 -0.121244
v 0.072010 0.205000 -0.124724
v 0.077500 0.194019 -0.134234
v 0.085000 0.190000 -0.147224
v 0.092500 0.194019 -0.160215
v 0.097990 0.205000 -0.169724
v 0.076537 0.220000 -0.184776
v 0.074999 0.235000 -0.181063
v 0.070796 0.245981 -0.170918
v 0.065056 0.250000 -0.157060
v 0.059316 0.245981 -0.143201
v 0.055114 0.235000 -0.133056
v 0.053576 0.220000 -0.129343
v 0.055114 0.205000 -0.133056
v 0.059316 0.194019 -0.143201
v 0.065056 0.190000 -0.157060
v 0.070796 0.194019 -0.170918
v 0.074999 0.205000 -0.181063
v 0.051764 0.220000 -0.193185
v 0.050724 0.235000 -0.189303
v 0.047882 0.245981 -0.178696
v 0.043999 0.250000 -0.164207
v 0.040117 0.245981 -0.149718
v 0.037275 0.235000 -0.139112
v 0.036235 0.220000 -0.135230
v 0.037275 0.205000 -0.139112
v 0.040117 0.194019 -0.149718
v 0.043999 0.190000 -0.164207
v 0.047882 0.194019 -0.178696
v 0.050724 0.205000 -0.189303
v 0.026105 0.220000 -0.198289
v 0.025581 0.235000 -0.194304
v 0.024147 0.245981 -0.183417
v 0.022190 0.250000 -0.168546
v 0.020232 0.245981 -0.153674
v 0.018798 0.235000 -0.142787
v 0.018274 0.220000 -0.138802
v 0.018798 0.205000 -0.142787
v 0.020232 0.194019 -0.153674
v 0.022190 0.190000 -0.168546
v 0.024147 0.194019 -0.183417
v 0.025581 0.205000 -0.194304
v -0.000000 0.220000 -0.200000
v -0.000000 0.235000 -0.195981
v -0.000000 0.245981 -0.185000
v -0.000000 0.250000 -0.170000
v -0.000000 0.245981 -0.155000
v -0.000000 0.235000 -0.144019
v -0.000000 0.220000 -0.140000
v -0.000000 0.205000 -0.144019
v -0.000000 0.194019 -0.155000
v -0.000000 0.190000 -0.170000
v -0.000000 0.194019 -0.185000
v -0.000000 0.205000 -0.195981
v -0.026105 0.220000 -0.198289
v -0.025581 0.235000 -0.194304
v -0.024147 0.245981 -0.183417
v -0.022189 0.250000 -0.168546
v -0.020232 0.245981 -0.153674
v -0.018798 0.235000 -0.142787
v -0.018274 0.220000 -0.138802
v -0.018798 0.205000 -0.142787
v -0.020232 0.194019 -0.153674
v -0.022189 0.190000 -0.168546
v -0.024147 0.194019 -0.183417
v -0.025581 0.205000 -0.194304
v -0.051764 0.220000 -0.193185
v -0.050723 0.235000 -0.189303
v -0.047881 0.245981 -0.178696
v -0.043999 0.250000 -0.164207
v -0.040117 0.245981 -0.149719
v -0.037275 0.235000 -0.139112
v -0.036235 0.220000 -0.135230
v -0.037275 0.205000 -0.139112
v -0.040117 0.194019 -0.149719
v -0.043999 0.190000 -0.164207
v -0.047881 0.194019 -0.178696
v -0.050723 0.205000 -0.189303
v -0.076537 0.220000 -0.184776
v -0.074999 0.235000 -0.181063
v -0.070796 0.245981 -0.170918
v -0.065056 0.250000 -0.157060
v -0.059316 0.245981 -0.143201
v -0.055114 0.235000 -0.133056
v -0.053576 0.220000 -0.129343
v -0.055114 0.205000 -0.133056
v -0.059316 0.194019 -0.143201
v -0.065056 0.190000 -0.157060
v -0.070796 0.194019 -0.170918
v -0.074999 0.205000 -0.181063
v -0.100000 0.220000 -0.173205
v -0.097990 0.235000 -0.169724
v -0.092500 0.245981 -0.160215
v -0.085000 0.250000 -0.147224
v -0.077500 0.245981 -0.134234
v -0.072010 0.235000 -0.124724
v -0.070000 0.220000 -0.121244
v -0.072010 0.205000 -0.124724
v -0.077500 0.194019 -0.134234
v -0.085000 0.190000 -0.147224
v -0.092500 0.194019 -0.160215
v -0.097990 0.205000 -0.169724
v -0.121752 0.220000 -0.158671
v -0.119305 0.235000 -0.155482
v -0.112621 0.245981 -0.146770
v -0.103489 0.250000 -0.134870
v -0.094358 0.245981 -0.122970
v -0.087673 0.235000 -0.114258
v -0.085227 0.220000 -0.111069
v -0.087673 0.205000 -0.114258
v -0.094358 0.194019 -0.122970
v -0.103489 0.190000 -0.134870
v -0.112621 0.194019 -0.146770
v -0.119305 0.205000 -0.155482
v -0.141421 0.220000 -0.141421
v -0.138579 0.235000 -0.138579
v -0.130815 0.245981 -0.130815
v -0.120208 0.250000 -0.120208
v -0.109602 0.245981 -0.109602
v -0.101837 0.235000 -0.101837
v -0.098995 0.220000 -0.098995
v -0.101837 0.205000 -0.101837
v -0.109602 0.194019 -0.109602
v -0.120208 0.190000 -0.120208
v -0.130815 0.194019 -0.130815
v -0.138579 0.205000 -0.138579
v -0.158671 0.220000 -0.121752
v -0.155482 0.235000 -0.119305
v -0.146770 0.245981 -0.112621
v -0.134870 0.250000 -0.103489
v -0.122970 0.245981 -0.094358
v -0.114258 0.235000 -0.087673
v -0.111069 0.220000 -0.085227
v -0.114258 0.205000 -0.087673
v -0.122970 0.194019 -0.094358
v -0.134870 0.190000 -0.103489
v -0.146770 0.194019 -0.112621
v -0.155482 0.205000 -0.119305
v -0.173205 0.220000 -0.100000
v -0.169724 0.235000 -0.097990
v -0.160215 0.245981 -0.092500
v -0.147224 0.250000 -0.085000
v -0.134234 0.245981 -0.077500
v -0.124724 0.235000 -0.072010
v -0.121244 0.220000 -0.070000
v -0.124724 0.205000 -0.072010
v -0.134234 0.194019 -0.077500
v -0.147224 0.190000 -0.085000
v -0.160215 0.194019 -0.092500
v -0.169724 0.205000 -0.097990
v -0.184776 0.220000 -0.076537
v -0.181063 0.235000 -0.074999
v -0.170918 0.245981 -0.070796
v -0.157059 0.250000 -0.065056
v -0.143201 0.245981 -0.059316
v -0.133056 0.235000 -0.055114
v -0.129343 0.220000 -0.053576
v -0.133056 0.205000 -0.055114
v -0.143201 0.194019 -0.059316
v -0.157059 0.190000 -0.065056
v -0.170918 0.194019 -0.070796
v -0.181063 0.205000 -0.074999
v -0.193185 0.220000 -0.051764
v -0.189303 0.235000 -0.050723
v -0.178696 0.245981 -0.047881
v -0.164207 0.250000 -0.043999
v -0.149719 0.245981 -0.040117
v -0.139112 0.235000 -0.037275
v -0.135230 0.220000 -0.036235
v -0.139112 0.205000 -0.037275
v -0.149719 0.194019 -0.040117
v -0.164207 0.190000 -0.043999
v -0.178696 0.194019 -0.047881
v -0.189303 0.205000 -0.050723
v -0.198289 0.220000 -0.026105
v -0.194304 0.235000 -0.025581
v -0.183417 0.245981 -0.024147
v -0.168546 0.250000 -0.022189
v -0.153674 0.245981 -0.020232
v -0.142787 0.235000 -0.018798
v -0.138802 0.220000 -0.018274
v -0.142787 0.205000 -0.018798
v -0.153674 0.194019 -0.020232
v -0.168546 0.190000 -0.022189
v -0.183417 0.194019 -0.024147
v -0.194304 0.205000 -0.025581
v 0.000000 2.130000 0.080000
v 0.000000 2.270000 0.030000
v -0.056569 2.130000 0.056569
v -0.021213 2.270000 0.021213
v -0.080000 2.130000 0.000000
v -0.030000 2.270000 0.000000
v -0.056569 2.130000 -0.056569
v -0.021213 2.270000 -0.021213
v -0.000000 2.130000 -0.080000
v -0.000000 2.270000 -0.030000
v 0.056569 2.130000 -0.056569
v 0.021213 2.270000 -0.021213
v 0.080000 2.130000 -0.000000
v 0.030000 2.270000 -0.000000
v 0.056569 2.130000 0.056569
v 0.021213 2.270000 0.021213
v 0.012642 2.258085 0.060000
v -0.029922 2.287889 0.030000
v -0.029922 2.287889 -0.030000
v 0.012642 2.258085 -0.060000
v 0.055207 2.228281 -0.030000
v 0.055207 2.228281 0.030000
v 0.127358 2.421915 -0.000000
v 0.070000 1.970000 -0.205000
v 0.070000 1.955000 -0.179019
v 0.070000 1.925000 -0.179019
v 0.070000 1.910000 -0.205000
v 0.059393 1.965981 -0.194393
v 0.051629 1.955000 -0.186629
v 0.048787 1.940000 -0.183787
v 0.051629 1.925000 -0.186629
v 0.059393 1.914019 -0.194393
v 0.055000 1.965981 -0.205000
v 0.044019 1.955000 -0.205000
v 0.040000 1.940000 -0.205000
v 0.044019 1.925000 -0.205000
v 0.055000 1.914019 -0.205000
v 0.059393 1.965981 -0.215607
v 0.051629 1.955000 -0.223371
v 0.048787 1.940000 -0.226213
v 0.051629 1.925000 -0.223371
v 0.059393 1.914019 -0.215607
v 0.070000 1.965981 -0.220000
v 0.070000 1.955000 -0.230981
v 0.070000 1.940000 -0.235000
v 0.070000 1.925000 -0.230981
v 0.070000 1.914019 -0.220000
v 0.080607 1.965981 -0.215607
v 0.088371 1.955000 -0.223371
v 0.091213 1.940000 -0.226213
v 0.088371 1.925000 -0.223371
v 0.080607 1.914019 -0.215607
v 0.085000 1.965981 -0.205000
v 0.095981 1.955000 -0.205000
v 0.100000 1.940000 -0.205000
v 0.095981 1.925000 -0.205000
v 0.085000 1.914019 -0.205000
v 0.080607 1.965981 -0.194393
v 0.088371 1.955000 -0.186629
v 0.091213 1.940000 -0.183787
v 0.088371 1.925000 -0.186629
v 0.080607 1.914019 -0.194393
v 0.070000 1.965981 -0.190000
v 0.070000 1.940000 -0.175000
v 0.070000 1.914019 -0.190000
v -0.012642 2.258085 0.060000
v -0.055207 2.228281 0.030000
v -0.055207 2.228281 -0.030000
v -0.012642 2.258085 -0.060000
v 0.029922 2.287889 -0.030000
v 0.029922 2.287889 0.030000
v -0.127358 2.421915 0.000000
v -0.070000 1.970000 -0.205000
v -0.070000 1.955000 -0.179019
v -0.070000 1.925000 -0.179019
v -0.070000 1.910000 -0.205000
v -0.080607 1.965981 -0.194393
v -0.088371 1.955000 -0.186629
v -0.091213 1.940000 -0.183787
v -0.088371 1.925000 -0.186629
v -0.080607 1.914019 -0.194393
v -0.085000 1.965981 -0.205000
v -0.095981 1.955000 -0.205000
v -0.100000 1.940000 -0.205000
v -0.095981 1.925000 -0.205000
v -0.085000 1.914019 -0.205000
v -0.080607 1.965981 -0.215607
v -0.088371 1.955000 -0.223371
v -0.091213 1.940000 -0.226213
v -0.088371 1.925000 -0.223371
v -0.080607 1.914019 -0.215607
v -0.070000 1.965981 -0.220000
v -0.070000 1.955000 -0.230981
v -0.070000 1.940000 -0.235000
v -0.070000 1.925000 -0.230981
v -0.070000 1.914019 -0.220000
v -0.059393 1.965981 -0.215607
v -0.051629 1.955000 -0.223371
v -0.048787 1.940000 -0.226213
v -0.051629 1.925000 -0.223371
v -0.059393 1.914019 -0.215607
v -0.055000 1.965981 -0.205000
v -0.044019 1.955000 -0.205000
v -0.040000 1.940000 -0.205000
v -0.044019 1.925000 -0.205000
v -0.055000 1.914019 -0.205000
v -0.059393 1.965981 -0.194393
v -0.051629 1.955000 -0.186629
v -0.048787 1.940000 -0.183787
v -0.051629 1.925000 -0.186629
v -0.059393 1.914019 -0.194393
v -0.070000 1.965981 -0.190000
v -0.070000 1.940000 -0.175000
v -0.070000 1.914019 -0.190000
v -0.000000 2.043000 -0.170000
v -0.000000 2.001116 -0.133230
v -0.000000 1.767885 -0.150100
v -0.000000 1.757000 -0.170000
v -0.022387 2.032115 -0.152766
v -0.041366 2.001116 -0.138157
v -0.054047 1.954724 -0.128395
v -0.058500 1.900000 -0.124967
v -0.054047 1.845276 -0.128395
v -0.041366 1.798884 -0.138157
v -0.022387 1.767885 -0.152766
v -0.038775 2.032115 -0.160050
v -0.071648 2.001116 -0.151615
v -0.093612 1.954724 -0.145979
v -0.101325 1.900000 -0.144000
v -0.093612 1.845276 -0.145979
v -0.071648 1.798884 -0.151615
v -0.038775 1.767885 -0.160050
v -0.044774 2.032115 -0.170000
v -0.082731 2.001116 -0.170000
v -0.108094 1.954724 -0.170000
v -0.117000 1.900000 -0.170000
v -0.108094 1.845276 -0.170000
v -0.082731 1.798884 -0.170000
v -0.044774 1.767885 -0.170000
v -0.038775 2.032115 -0.179950
v -0.071648 2.001116 -0.188385
v -0.093612 1.954724 -0.194021
v -0.101325 1.900000 -0.196000
v -0.093612 1.845276 -0.194021
v -0.071648 1.798884 -0.188385
v -0.038775 1.767885 -0.179950
v -0.022387 2.032115 -0.187234
v -0.041366 2.001116 -0.201843
v -0.054047 1.954724 -0.211605
v -0.058500 1.900000 -0.215033
v -0.054047 1.845276 -0.211605
v -0.041366 1.798884 -0.201843
v -0.022387 1.767885 -0.187234
v -0.000000 2.032115 -0.189900
v -0.000000 2.001116 -0.206770
v -0.000000 1.954724 -0.218042
v -0.000000 1.900000 -0.222000
v -0.000000 1.845276 -0.218042
v -0.000000 1.798884 -0.206770
v -0.000000 1.767885 -0.189900
v 0.022387 2.032115 -0.187234
v 0.041366 2.001116 -0.201843
v 0.054047 1.954724 -0.211605
v 0.058500 1.900000 -0.215033
v 0.054047 1.845276 -0.211605
v 0.041366 1.798884 -0.201843
v 0.022387 1.767885 -0.187234
v 0.038775 2.032115 -0.179950
v 0.071648 2.001116 -0.188385
v 0.093612 1.954724 -0.194021
v 0.101325 1.900000 -0.196000
v 0.093612 1.845276 -0.194021
v 0.071648 1.798884 -0.188385
v 0.038775 1.767885 -0.179950
v 0.044774 2.032115 -0.170000
v 0.082731 2.001116 -0.170000
v 0.108094 1.954724 -0.170000
v 0.117000 1.900000 -0.170000
v 0.108094 1.845276 -0.170000
v 0.082731 1.798884 -0.170000
v 0.044774 1.767885 -0.170000
v 0.038775 2.032115 -0.160050
v 0.071648 2.001116 -0.151615
v 0.093612 1.954724 -0.145979
v 0.101325 1.900000 -0.144000
v 0.093612 1.845276 -0.145979
v 0.071648 1.798884 -0.151615
v 0.038775 1.767885 -0.160050
v 0.022387 2.032115 -0.152766
v 0.041366 2.001116 -0.138157
v 0.054047 1.954724 -0.128395
v 0.058500 1.900000 -0.124967
v 0.054047 1.845276 -0.128395
v 0.041366 1.798884 -0.138157
v 0.022387 1.767885 -0.152766
v -0.000000 2.032115 -0.150100
v -0.000000 1.954724 -0.121958
v -0.000000 1.900000 -0.118000
v -0.000000 1.845276 -0.121958
v -0.000000 1.798884 -0.133230
vn -0.3657 0.2943 0.8830
vn -0.8830 0.2943 0.3657
vn -0.8830 0.2943 -0.3657
vn -0.3657 0.2943 -0.8830
vn 0.3657 0.2943 -0.8830
vn 0.8830 0.2943 -0.3657
vn -0.0000 1.0000 -0.0000
vn 0.8830 0.2943 0.3657
vn 0.3657 0.2943 0.8830
vn -0.0000 -1.0000 -0.0000
vn -0.0000 0.4230 0.9061
vn -0.0000 0.7319 0.6814
vn -0.2565 0.7388 0.6232
vn -0.3464 0.4319 0.8328
vn -0.0000 -0.7319 0.6814
vn -0.0000 -0.4230 0.9061
vn -0.3464 -0.4319 0.8328
vn -0.2565 -0.7388 0.6232
vn -0.0000 -0.1075 0.9942
vn -0.0000 -0.0000 1.0000
vn -0.3843 -0.0000 0.9232
vn -0.3820 -0.1104 0.9176
vn -0.0000 0.2361 0.9717
vn -0.3729 0.2421 0.8957
vn -0.0000 -0.2361 0.9717
vn -0.3729 -0.2421 0.8957
vn -0.0000 0.1075 0.9942
vn -0.3820 0.1104 0.9176
vn -0.4795 0.7549 0.4474
vn -0.6551 0.4537 0.6042
vn -0.6551 -0.4537 0.6042
vn -0.4795 -0.7549 0.4474
vn -0.7357 -0.0000 0.6773
vn -0.7306 -0.1176 0.6726
vn -0.7109 0.2571 0.6546
vn -0.7109 -0.2571 0.6546
vn -0.7306 0.1176 0.6726
vn -0.9596 0.1244 0.2523
vn -0.9671 -0.0000 0.2543
vn -0.6180 0.7687 0.1650
vn -0.8520 0.4730 0.2246
vn -0.8520 -0.4730 0.2246
vn -0.6180 -0.7687 0.1650
vn -0.9596 -0.1244 0.2523
vn -0.9310 0.2708 0.2449
vn -0.9310 -0.2708 0.2449
vn -0.6180 0.7687 -0.1650
vn -0.9310 -0.2708 -0.2449
vn -0.8520 -0.4730 -0.2246
vn -0.9596 0.1244 -0.2523
vn -0.9671 -0.0000 -0.2543
vn -0.8520 0.4730 -0.2246
vn -0.6180 -0.7687 -0.1650
vn -0.9596 -0.1244 -0.2523
vn -0.9310 0.2708 -0.2449
vn -0.7306 -0.1176 -0.6726
vn -0.7109 -0.2571 -0.6546
vn -0.7109 0.2571 -0.6546
vn -0.7306 0.1176 -0.6726
vn -0.4795 0.7549 -0.4474
vn -0.6551 -0.4537 -0.6042
vn -0.7357 -0.0000 -0.6773
vn -0.6551 0.4537 -0.6042
vn -0.4795 -0.7549 -0.4474
vn -0.3464 0.4319 -0.8328
vn -0.3729 0.2421 -0.8957
vn -0.2565 -0.7388 -0.6232
vn -0.3820 -0.1104 -0.9176
vn -0.3729 -0.2421 -0.8957
vn -0.3820 0.1104 -0.9176
vn -0.2565 0.7388 -0.6232
vn -0.3464 -0.4319 -0.8328
vn -0.3843 -0.0000 -0.9232
vn -0.0000 -0.0000 -1.0000
vn -0.0000 -0.1075 -0.9942
vn -0.0000 0.4230 -0.9061
vn -0.0000 0.2361 -0.9717
vn -0.0000 -0.7319 -0.6814
vn -0.0000 -0.2361 -0.9717
vn -0.0000 0.1075 -0.9942
vn -0.0000 0.7319 -0.6814
vn -0.0000 -0.4230 -0.9061
vn 0.2565 0.7388 -0.6232
vn 0.3464 0.4319 -0.8328
vn 0.3464 -0.4319 -0.8328
vn 0.2565 -0.7388 -0.6232
vn 0.3843 -0.0000 -0.9232
vn 0.3820 -0.1104 -0.9176
vn 0.3729 0.2421 -0.8957
vn 0.3729 -0.2421 -0.8957
vn 0.3820 0.1104 -0.9176
vn 0.7109 -0.2571 -0.6546
vn 0.6551 -0.4537 -0.6042
vn 0.7306 0.1176 -0.6726
vn 0.7357 -0.0000 -0.6773
vn 0.4795 0.7549 -0.4474
vn 0.6551 0.4537 -0.6042
vn 0.4795 -0.7549 -0.4474
vn 0.7306 -0.1176 -0.6726
vn 0.7109 0.2571 -0.6546
vn 0.9310 0.2708 -0.2449
vn 0.9596 0.1244 -0.2523
vn 0.6180 0.7687 -0.1650
vn 0.9310 -0.2708 -0.2449
vn 0.8520 -0.4730 -0.2246
vn 0.9671 -0.0000 -0.2543
vn 0.8520 0.4730 -0.2246
vn 0.6180 -0.7687 -0.1650
vn 0.9596 -0.1244 -0.2523
vn 0.9596 -0.1244 0.2523
vn 0.9310 -0.2708 0.2449
vn 0.9310 0.2708 0.2449
vn 0.9596 0.1244 0.2523
vn 0.6180 0.7687 0.1650
vn 0.8520 -0.4730 0.2246
vn 0.9671 -0.0000 0.2543
vn 0.8520 0.4730 0.2246
vn 0.6180 -0.7687 0.1650
vn 0.6551 0.4537 0.6042
vn 0.7109 0.2571 0.6546
vn 0.4795 -0.7549 0.4474
vn 0.7306 -0.1176 0.6726
vn 0.7109 -0.2571 0.6546
vn 0.7306 0.1176 0.6726
vn 0.4795 0.7549 0.4474
vn 0.6551 -0.4537 0.6042
vn 0.7357 -0.0000 0.6773
vn 0.3464 -0.4319 0.8328
vn 0.2565 -0.7388 0.6232
vn 0.3843 -0.0000 0.9232
vn 0.3820 -0.1104 0.9176
vn 0.3464 0.4319 0.8328
vn 0.3729 0.2421 0.8957
vn 0.3729 -0.2421 0.8957
vn 0.3820 0.1104 0.9176
vn 0.2565 0.7388 0.6232
vn -0.0000 0.6447 0.7645
vn -0.0000 0.8909 0.4542
vn -0.2271 0.8909 0.3933
vn -0.3822 0.6447 0.6621
vn -0.0000 -0.8909 0.4542
vn -0.0000 -0.6447 0.7645
vn -0.3822 -0.6447 0.6621
vn -0.2271 -0.8909 0.3933
vn -0.0000 -0.3328 0.9430
vn -0.5000 -0.0000 0.8660
vn -0.4715 -0.3328 0.8167
vn -0.0000 0.3328 0.9430
vn -0.4715 0.3328 0.8167
vn -0.8660 -0.0000 0.5000
vn -0.8167 -0.3328 0.4715
vn -0.6621 0.6447 0.3822
vn -0.8167 0.3328 0.4715
vn -0.3933 0.8909 0.2271
vn -0.3933 -0.8909 0.2271
vn -0.6621 -0.6447 0.3822
vn -0.4542 -0.8909 -0.0000
vn -0.9430 -0.3328 -0.0000
vn -0.7645 -0.6447 -0.0000
vn -0.9430 0.3328 -0.0000
vn -1.0000 -0.0000 -0.0000
vn -0.4542 0.8909 -0.0000
vn -0.7645 0.6447 -0.0000
vn -0.8167 0.3328 -0.4715
vn -0.8660 -0.0000 -0.5000
vn -0.3933 0.8909 -0.2271
vn -0.6621 0.6447 -0.3822
vn -0.6621 -0.6447 -0.3822
vn -0.3933 -0.8909 -0.2271
vn -0.8167 -0.3328 -0.4715
vn -0.3822 -0.6447 -0.6621
vn -0.2271 -0.8909 -0.3933
vn -0.5000 -0.0000 -0.8660
vn -0.4715 -0.3328 -0.8167
vn -0.3822 0.6447 -0.6621
vn -0.4715 0.3328 -0.8167
vn -0.2271 0.8909 -0.3933
vn -0.0000 0.6447 -0.7645
vn -0.0000 0.3328 -0.9430
vn -0.0000 0.8909 -0.4542
vn -0.0000 -0.8909 -0.4542
vn -0.0000 -0.3328 -0.9430
vn -0.0000 -0.6447 -0.7645
vn 0.2271 -0.8909 -0.3933
vn 0.4715 -0.3328 -0.8167
vn 0.3822 -0.6447 -0.6621
vn 0.4715 0.3328 -0.8167
vn 0.5000 -0.0000 -0.8660
vn 0.2271 0.8909 -0.3933
vn 0.3822 0.6447 -0.6621
vn 0.3933 0.8909 -0.2271
vn 0.6621 0.6447 -0.3822
vn 0.6621 -0.6447 -0.3822
vn 0.3933 -0.8909 -0.2271
vn 0.8660 -0.0000 -0.5000
vn 0.8167 -0.3328 -0.4715
vn 0.8167 0.3328 -0.4715
vn 0.7645 -0.6447 -0.0000
vn 0.4542 -0.8909 -0.0000
vn 1.0000 -0.0000 -0.0000
vn 0.9430 -0.3328 -0.0000
vn 0.7645 0.6447 -0.0000
vn 0.9430 0.3328 -0.0000
vn 0.4542 0.8909 -0.0000
vn 0.3933 0.8909 0.2271
vn 0.3933 -0.8909 0.2271
vn 0.8167 -0.3328 0.4715
vn 0.6621 -0.6447 0.3822
vn 0.8167 0.3328 0.4715
vn 0.8660 -0.0000 0.5000
vn 0.6621 0.6447 0.3822
vn 0.4715 -0.3328 0.8167
vn 0.3822 -0.6447 0.6621
vn 0.4715 0.3328 0.8167
vn 0.5000 -0.0000 0.8660
vn 0.2271 0.8909 0.3933
vn 0.3822 0.6447 0.6621
vn 0.2271 -0.8909 0.3933
vn -0.9640 0.2583 0.0632
vn -0.7063 0.7064 0.0463
vn -0.2588 0.9658 0.0170
vn 0.2588 0.9658 -0.0170
vn 0.7063 0.7063 -0.0463
vn 0.9640 0.2583 -0.0632
vn 0.9640 -0.2583 -0.0632
vn 0.7063 -0.7063 -0.0463
vn 0.2588 -0.9658 -0.0170
vn -0.2588 -0.9658 0.0170
vn -0.7063 -0.7063 0.0463
vn -0.9640 -0.2583 0.0632
vn -0.9475 0.2583 0.1885
vn -0.6943 0.7063 0.1381
vn -0.2544 0.9658 0.0506
vn 0.2544 0.9658 -0.0506
vn 0.6943 0.7063 -0.1381
vn 0.9475 0.2583 -0.1885
vn 0.9475 -0.2583 -0.1885
vn 0.6943 -0.7063 -0.1381
vn 0.2544 -0.9658 -0.0506
vn -0.2544 -0.9658 0.0506
vn -0.6943 -0.7063 0.1381
vn -0.9475 -0.2583 0.1885
vn -0.9148 0.2583 0.3105
vn -0.6703 0.7063 0.2275
vn -0.2456 0.9658 0.0834
vn 0.2456 0.9658 -0.0834
vn 0.6703 0.7063 -0.2275
vn 0.9148 0.2583 -0.3105
vn 0.9148 -0.2583 -0.3105
vn 0.6703 -0.7063 -0.2275
vn 0.2456 -0.9658 -0.0834
vn -0.2456 -0.9658 0.0834
vn -0.6703 -0.7063 0.2275
vn -0.9148 -0.2583 0.3105
vn -0.8664 0.2583 0.4273
vn -0.6349 0.7063 0.3131
vn -0.2326 0.9658 0.1147
vn 0.2326 0.9658 -0.1147
vn 0.6349 0.7064 -0.3131
vn 0.8664 0.2583 -0.4273
vn 0.8664 -0.2583 -0.4273
vn 0.6349 -0.7064 -0.3131
vn 0.2326 -0.9658 -0.1147
vn -0.2326 -0.9658 0.1147
vn -0.6349 -0.7063 0.3131
vn -0.8664 -0.2583 0.4273
vn -0.8033 0.2583 0.5367
vn -0.5886 0.7063 0.3933
vn -0.2156 0.9658 0.1441
vn 0.2156 0.9658 -0.1441
vn 0.5886 0.7063 -0.3933
vn 0.8033 0.2583 -0.5367
vn 0.8033 -0.2583 -0.5367
vn 0.5886 -0.7063 -0.3933
vn 0.2156 -0.9658 -0.1441
vn -0.2156 -0.9658 0.1441
vn -0.5886 -0.7063 0.3933
vn -0.8033 -0.2583 0.5367
vn -0.7263 0.2583 0.6370
vn -0.5322 0.7063 0.4667
vn -0.1950 0.9658 0.1710
vn 0.1950 0.9658 -0.1710
vn 0.5322 0.7063 -0.4667
vn 0.7263 0.2583 -0.6370
vn 0.7263 -0.2583 -0.6370
vn 0.5322 -0.7063 -0.4667
vn 0.1950 -0.9658 -0.1710
vn -0.1950 -0.9658 0.1710
vn -0.5322 -0.7063 0.4667
vn -0.7263 -0.2583 0.6370
vn -0.6370 0.2583 0.7263
vn -0.4667 0.7063 0.5322
vn -0.1710 0.9658 0.1950
vn 0.1710 0.9658 -0.1950
vn 0.4667 0.7063 -0.5322
vn 0.6370 0.2583 -0.7263
vn 0.6370 -0.2583 -0.7263
vn 0.4667 -0.7063 -0.5322
vn 0.1710 -0.9658 -0.1950
vn -0.1710 -0.9658 0.1950
vn -0.4667 -0.7063 0.5322
vn -0.6370 -0.2583 0.7263
vn -0.5367 0.2583 0.8033
vn -0.3933 0.7063 0.5886
vn -0.1441 0.9658 0.2156
vn 0.1441 0.9658 -0.2156
vn 0.3933 0.7063 -0.5886
vn 0.5367 0.2583 -0.8033
vn 0.5367 -0.2583 -0.8033
vn 0.3933 -0.7063 -0.5886
vn 0.1441 -0.9658 -0.2156
vn -0.1441 -0.9658 0.2156
vn -0.3933 -0.7063 0.5886
vn -0.5367 -0.2583 0.8033
vn -0.4273 0.2583 0.8664
vn -0.3131 0.7063 0.6349
vn -0.1147 0.9658 0.2326
vn 0.1147 0.9658 -0.2326
vn 0.3131 0.7063 -0.6349
vn 0.4273 0.2583 -0.8664
vn 0.4273 -0.2583 -0.8664
vn 0.3131 -0.7063 -0.6349
vn 0.1147 -0.9658 -0.2326
vn -0.1147 -0.9658 0.2326
vn -0.3131 -0.7063 0.6349
vn -0.4273 -0.2583 0.8664
vn -0.3105 0.2583 0.9148
vn -0.2275 0.7063 0.6703
vn -0.0834 0.9658 0.2456
vn 0.0834 0.9658 -0.2456
vn 0.2275 0.7063 -0.6703
vn 0.3105 0.2583 -0.9148
vn 0.3105 -0.2583 -0.9148
vn 0.2275 -0.7063 -0.6703
vn 0.0834 -0.9658 -0.2456
vn -0.0834 -0.9658 0.2456
vn -0.2275 -0.7063 0.6703
vn -0.3105 -0.2583 0.9148
vn -0.1885 0.2583 0.9475
vn -0.1381 0.7063 0.6943
vn -0.0506 0.9658 0.2544
vn 0.0506 0.9658 -0.2544
vn 0.1381 0.7063 -0.6943
vn 0.1885 0.2583 -0.9475
vn 0.1885 -0.2583 -0.9475
vn 0.1381 -0.7063 -0.6943
vn 0.0506 -0.9658 -0.2544
vn -0.0506 -0.9658 0.2544
vn -0.1381 -0.7063 0.6943
vn -0.1885 -0.2583 0.9475
vn -0.0632 0.2583 0.9640
vn -0.0463 0.7063 0.7063
vn -0.0170 0.9658 0.2588
vn 0.0170 0.9658 -0.2588
vn 0.0463 0.7063 -0.7063
vn 0.0632 0.2583 -0.9640
vn 0.0632 -0.2583 -0.9640
vn 0.0463 -0.7063 -0.7063
vn 0.0170 -0.9658 -0.2588
vn -0.0170 -0.9658 0.2588
vn -0.0463 -0.7063 0.7063
vn -0.0632 -0.2583 0.9640
vn 0.0632 0.2583 0.9640
vn 0.0463 0.7064 0.7063
vn 0.0170 0.9658 0.2588
vn -0.0170 0.9658 -0.2588
vn -0.0463 0.7063 -0.7063
vn -0.0632 0.2583 -0.9640
vn -0.0632 -0.2583 -0.9640
vn -0.0463 -0.7063 -0.7063
vn -0.0170 -0.9658 -0.2588
vn 0.0170 -0.9658 0.2588
vn 0.0463 -0.7064 0.7063
vn 0.0632 -0.2583 0.9640
vn 0.1885 0.2583 0.9475
vn 0.1381 0.7063 0.6943
vn 0.0506 0.9658 0.2544
vn -0.0506 0.9658 -0.2544
vn -0.1381 0.7063 -0.6943
vn -0.1885 0.2583 -0.9475
vn -0.1885 -0.2583 -0.9475
vn -0.1381 -0.7063 -0.6943
vn -0.0506 -0.9658 -0.2544
vn 0.0506 -0.9658 0.2544
vn 0.1381 -0.7063 0.6943
vn 0.1885 -0.2583 0.9475
vn 0.3105 0.2583 0.9148
vn 0.2275 0.7063 0.6703
vn 0.0834 0.9658 0.2456
vn -0.0834 0.9658 -0.2456
vn -0.2275 0.7063 -0.6703
vn -0.3105 0.2583 -0.9148
vn -0.3105 -0.2583 -0.9148
vn -0.2275 -0.7063 -0.6703
vn -0.0834 -0.9658 -0.2456
vn 0.0834 -0.9658 0.2456
vn 0.2275 -0.7063 0.6703
vn 0.3105 -0.2583 0.9148
vn 0.4273 0.2583 0.8664
vn 0.3131 0.7063 0.6349
vn 0.1147 0.9658 0.2326
vn -0.1147 0.9658 -0.2326
vn -0.3131 0.7063 -0.6349
vn -0.4273 0.2583 -0.8664
vn -0.4273 -0.2583 -0.8664
vn -0.3131 -0.7063 -0.6349
vn -0.1147 -0.9658 -0.2326
vn 0.1147 -0.9658 0.2326
vn 0.3131 -0.7063 0.6349
vn 0.4273 -0.2583 0.8664
vn 0.5367 0.2583 0.8033
vn 0.3933 0.7063 0.5886
vn 0.1441 0.9658 0.2156
vn -0.1441 0.9658 -0.2156
vn -0.3933 0.7063 -0.5886
vn -0.5367 0.2583 -0.8033
vn -0.5367 -0.2583 -0.8033
vn -0.3933 -0.7063 -0.5886
vn -0.1441 -0.9658 -0.2156
vn 0.1441 -0.9658 0.2156
vn 0.3933 -0.7063 0.5886
vn 0.5367 -0.2583 0.8033
vn 0.6370 0.2583 0.7263
vn 0.4667 0.7063 0.5322
vn 0.1710 0.9658 0.1950
vn -0.1710 0.9658 -0.1950
vn -0.4667 0.7063 -0.5322
vn -0.6370 0.2583 -0.7263
vn -0.6370 -0.2583 -0.7263
vn -0.4667 -0.7063 -0.5322
vn -0.1710 -0.9658 -0.1950
vn 0.1710 -0.9658 0.1950
vn 0.4667 -0.7063 0.5322
vn 0.6370 -0.2583 0.7263
vn 0.7263 0.2583 0.6370
vn 0.5322 0.7063 0.4667
vn 0.1950 0.9658 0.1710
vn -0.1950 0.9658 -0.1710
vn -0.5322 0.7063 -0.4667
vn -0.7263 0.2583 -0.6370
vn -0.7263 -0.2583 -0.6370
vn -0.5322 -0.7063 -0.4667
vn -0.1950 -0.9658 -0.1710
vn 0.1950 -0.9658 0.1710
vn 0.5322 -0.7063 0.4667
vn 0.7263 -0.2583 0.6370
vn 0.8033 0.2583 0.5367
vn 0.5886 0.7064 0.3933
vn 0.2156 0.9658 0.1441
vn -0.2156 0.9658 -0.1441
vn -0.5886 0.7063 -0.3933
vn -0.8033 0.2583 -0.5367
vn -0.8033 -0.2583 -0.5367
vn -0.5886 -0.7063 -0.3933
vn -0.2156 -0.9658 -0.1441
vn 0.2156 -0.9658 0.1441
vn 0.5886 -0.7063 0.3933
vn 0.8033 -0.2583 0.5367
vn 0.8664 0.2583 0.4273
vn 0.6349 0.7063 0.3131
vn 0.2326 0.9658 0.1147
vn -0.2326 0.9658 -0.1147
vn -0.6349 0.7064 -0.3131
vn -0.8664 0.2583 -0.4273
vn -0.8664 -0.2583 -0.4273
vn -0.6349 -0.7064 -0.3131
vn -0.2326 -0.9658 -0.1147
vn 0.2326 -0.9658 0.1147
vn 0.6349 -0.7063 0.3131
vn 0.8664 -0.2583 0.4273
vn 0.9148 0.2583 0.3105
vn 0.6703 0.7063 0.2275
vn 0.2456 0.9658 0.0834
vn -0.2456 0.9658 -0.0834
vn -0.6703 0.7063 -0.2275
vn -0.9148 0.2583 -0.3105
vn -0.9148 -0.2583 -0.3105
vn -0.6703 -0.7063 -0.2275
vn -0.2456 -0.9658 -0.0834
vn 0.2456 -0.9658 0.0834
vn 0.6703 -0.7063 0.2275
vn 0.9148 -0.2583 0.3105
vn 0.9475 0.2583 0.1885
vn 0.6943 0.7064 0.1381
vn 0.2544 0.9658 0.0506
vn -0.2544 0.9658 -0.0506
vn -0.6943 0.7063 -0.1381
vn -0.9475 0.2583 -0.1885
vn -0.9475 -0.2583 -0.1885
vn -0.6943 -0.7063 -0.1381
vn -0.2544 -0.9658 -0.0506
vn 0.2544 -0.9658 0.0506
vn 0.6943 -0.7063 0.1381
vn 0.9475 -0.2583 0.1885
vn 0.9640 0.2583 0.0632
vn 0.7063 0.7063 0.0463
vn 0.2588 0.9658 0.0170
vn -0.2588 0.9658 -0.0170
vn -0.7064 0.7063 -0.0463
vn -0.9640 0.2583 -0.0632
vn -0.9640 -0.2583 -0.0632
vn -0.7064 -0.7063 -0.0463
vn -0.2588 -0.9658 -0.0170
vn 0.2588 -0.9658 0.0170
vn 0.7063 -0.7063 0.0463
vn 0.9640 -0.2583 0.0632
vn -0.7063 0.7063 0.0463
vn 0.6943 0.7064 -0.1381
vn 0.6349 0.7063 -0.3131
vn -0.6349 0.7064 0.3131
vn -0.6349 -0.7064 0.3131
vn 0.6349 -0.7063 -0.3131
vn 0.5886 0.7064 -0.3933
vn 0.5886 -0.7064 -0.3933
vn -0.0463 0.7063 -0.7064
vn 0.0463 0.7063 0.7063
vn 0.0463 -0.7063 0.7063
vn 0.5886 0.7063 0.3933
vn -0.6349 0.7063 -0.3131
vn -0.6349 -0.7063 -0.3131
vn -0.6943 0.7064 -0.1381
vn 0.6943 0.7063 0.1381
vn -0.7063 0.7064 -0.0463
vn -0.7063 -0.7063 -0.0463
vn 0.7063 -0.7064 -0.0463
vn -0.7064 -0.7063 0.0463
vn -0.2543 0.9658 0.0506
vn 0.6703 -0.7064 -0.2275
vn -0.2275 -0.7064 0.6703
vn -0.0463 0.7064 0.7063
vn -0.0463 -0.7064 0.7063
vn -0.5886 -0.7064 -0.3933
vn -0.2543 0.9658 -0.0506
vn 0.7064 0.7063 0.0463
vn 0.7063 -0.7064 0.0463
vn 0.7064 0.7063 -0.0463
vn -0.7064 0.7063 0.0463
vn -0.7063 -0.7064 0.0463
vn 0.7064 -0.7063 -0.0463
vn 0.2543 0.9658 -0.0506
vn -0.2543 -0.9658 0.0506
vn -0.2275 0.7064 0.6703
vn 0.0463 0.7064 -0.7063
vn 0.0463 -0.7064 -0.7063
vn 0.3131 0.7064 0.6349
vn 0.3131 -0.7064 0.6349
vn 0.4667 -0.7064 0.5322
vn 0.6349 -0.7064 0.3131
vn 0.2543 0.9658 0.0506
vn 0.7064 -0.7063 0.0463
vn 0.7063 0.7064 -0.0463
vn 0.6943 -0.7064 -0.1381
vn -0.6703 0.7064 0.2275
vn 0.6703 0.7064 -0.2275
vn -0.6703 -0.7064 0.2275
vn 0.2275 0.7064 0.6703
vn -0.5322 0.7064 -0.4667
vn -0.5322 -0.7064 -0.4667
vn 0.8032 0.2583 0.5367
vn 0.5886 -0.7064 0.3933
vn 0.6943 -0.7064 0.1381
vn -0.6943 -0.7064 0.1381
vn -0.4667 0.7064 -0.5322
vn -0.4667 -0.7064 -0.5322
vn -0.8032 0.2583 -0.5367
vn -0.5886 0.7064 -0.3933
vn -0.8032 -0.2583 -0.5367
vn -0.6943 -0.7064 -0.1381
vn 0.7063 0.7064 0.0463
vn -0.6943 0.7064 0.1381
vn -0.5886 0.7064 0.3933
vn 0.8032 -0.2583 -0.5367
vn 0.5322 0.7064 -0.4667
vn 0.5322 -0.7064 -0.4667
vn -0.5322 -0.7064 0.4667
vn -0.4667 -0.7064 0.5322
vn 0.3933 0.7064 -0.5886
vn -0.2275 -0.7064 -0.6703
vn 0.5322 -0.7064 0.4667
vn 0.6703 0.7064 0.2275
vn 0.6703 -0.7064 0.2275
vn -0.7063 0.7063 -0.0463
vn -0.8032 -0.2583 0.5367
vn -0.3933 0.7064 0.5886
vn -0.5367 0.2583 0.8032
vn -0.3933 -0.7064 0.5886
vn 0.8032 -0.2583 0.5367
vn -0.5886 -0.7064 0.3933
vn 0.4667 0.7064 -0.5322
vn 0.4667 -0.7064 -0.5322
vn 0.1381 -0.7064 -0.6943
vn -0.1381 0.7064 -0.6943
vn -0.1381 -0.7064 -0.6943
vn 0.3933 -0.7064 0.5886
vn 0.6349 0.7064 0.3131
vn -0.7063 -0.7064 -0.0463
vn -0.5322 0.7064 0.4667
vn -0.4667 0.7064 0.5322
vn 0.3933 -0.7064 -0.5886
vn 0.2275 0.7064 -0.6703
vn 0.2275 -0.7064 -0.6703
vn -0.0463 0.7064 -0.7063
vn 0.2275 -0.7064 0.6703
vn -0.3933 -0.7064 -0.5886
vn 0.5322 0.7064 0.4667
vn -0.6703 0.7064 -0.2275
vn -0.3634 0.3133 0.8774
vn -0.8774 0.3133 0.3634
vn -0.8774 0.3133 -0.3634
vn -0.3634 0.3133 -0.8774
vn 0.3634 0.3133 -0.8774
vn 0.8774 0.3133 -0.3634
vn 0.8774 0.3133 0.3634
vn 0.3634 0.3133 0.8774
vn -0.2522 0.4836 0.8382
vn -0.6486 0.7611 -0.0000
vn -0.2522 0.4836 -0.8382
vn 0.5406 -0.0716 -0.8382
vn -0.5736 -0.8192 -0.0000
vn 0.9371 -0.3492 -0.0000
vn 0.5406 -0.0716 0.8382
vn -0.0000 -0.8383 0.5452
vn -0.0000 -0.4744 0.8803
vn -0.6225 -0.4744 0.6225
vn -0.3855 -0.8383 0.3855
vn -0.0000 0.4744 0.8803
vn -0.6225 0.4744 0.6225
vn -0.7071 -0.0000 0.7071
vn -0.0000 0.8383 0.5452
vn -0.3855 0.8383 0.3855
vn -0.5452 0.8383 -0.0000
vn -0.5452 -0.8383 -0.0000
vn -0.8803 -0.4744 -0.0000
vn -0.8803 0.4744 -0.0000
vn -0.3855 -0.8383 -0.3855
vn -0.7071 -0.0000 -0.7071
vn -0.6225 -0.4744 -0.6225
vn -0.3855 0.8383 -0.3855
vn -0.6225 0.4744 -0.6225
vn -0.0000 -0.8383 -0.5452
vn -0.0000 -0.4744 -0.8803
vn -0.0000 0.8383 -0.5452
vn -0.0000 0.4744 -0.8803
vn 0.3855 -0.8383 -0.3855
vn 0.7071 -0.0000 -0.7071
vn 0.6225 -0.4744 -0.6225
vn 0.3855 0.8383 -0.3855
vn 0.6225 0.4744 -0.6225
vn 0.8803 -0.4744 -0.0000
vn 0.5452 0.8383 -0.0000
vn 0.8803 0.4744 -0.0000
vn 0.5452 -0.8383 -0.0000
vn 0.3855 0.8383 0.3855
vn 0.6225 0.4744 0.6225
vn 0.6225 -0.4744 0.6225
vn 0.3855 -0.8383 0.3855
vn 0.7071 -0.0000 0.7071
vn -0.5406 -0.0716 0.8382
vn -0.9371 -0.3492 -0.0000
vn -0.5406 -0.0716 -0.8382
vn 0.2522 0.4836 -0.8382
vn 0.5736 -0.8192 -0.0000
vn 0.6486 0.7611 -0.0000
vn 0.2522 0.4836 0.8382
vn -0.0000 -0.3569 0.9342
vn -0.0000 -0.1537 0.9881
vn -0.2665 -0.1743 0.9479
vn -0.2471 -0.3975 0.8837
vn -0.0000 0.1537 0.9881
vn -0.2665 0.1743 0.9479
vn -0.2707 -0.0000 0.9627
vn -0.0000 0.3569 0.9342
vn -0.0000 0.6959 0.7182
vn -0.1737 0.7293 0.6617
vn -0.2471 0.3975 0.8837
vn -0.0000 -0.6959 0.7182
vn -0.1737 -0.7293 0.6617
vn -0.5620 -0.5196 0.6436
vn -0.3631 -0.8086 0.4630
vn -0.6730 -0.0000 0.7397
vn -0.6493 -0.2474 0.7192
vn -0.5620 0.5196 0.6436
vn -0.6493 0.2474 0.7192
vn -0.3631 0.8086 0.4630
vn -0.7931 0.6091 -0.0000
vn -0.9511 0.3089 -0.0000
vn -0.5019 0.8649 -0.0000
vn -0.5019 -0.8649 -0.0000
vn -0.9511 -0.3089 -0.0000
vn -0.7931 -0.6091 -0.0000
vn -0.3631 -0.8086 -0.4630
vn -0.6493 -0.2474 -0.7192
vn -0.5620 -0.5196 -0.6436
vn -0.6493 0.2474 -0.7192
vn -0.6730 -0.0000 -0.7397
vn -0.3631 0.8086 -0.4630
vn -0.5620 0.5196 -0.6436
vn -0.1737 0.7293 -0.6617
vn -0.2471 0.3975 -0.8837
vn -0.2471 -0.3975 -0.8837
vn -0.1737 -0.7293 -0.6617
vn -0.2707 -0.0000 -0.9627
vn -0.2665 -0.1743 -0.9479
vn -0.2665 0.1743 -0.9479
vn -0.0000 -0.3569 -0.9342
vn -0.0000 -0.6959 -0.7182
vn -0.0000 -0.1537 -0.9881
vn -0.0000 0.3569 -0.9342
vn -0.0000 0.1537 -0.9881
vn -0.0000 0.6959 -0.7182
vn 0.1737 0.7293 -0.6617
vn 0.1737 -0.7293 -0.6617
vn 0.2665 -0.1743 -0.9479
vn 0.2471 -0.3975 -0.8837
vn 0.2665 0.1743 -0.9479
vn 0.2707 -0.0000 -0.9627
vn 0.2471 0.3975 -0.8837
vn 0.6493 -0.2474 -0.7192
vn 0.5620 -0.5196 -0.6436
vn 0.6493 0.2474 -0.7192
vn 0.6730 -0.0000 -0.7397
vn 0.3631 0.8086 -0.4630
vn 0.5620 0.5196 -0.6436
vn 0.3631 -0.8086 -0.4630
vn 0.7931 -0.6091 -0.0000
vn 0.5019 -0.8649 -0.0000
vn 0.9511 -0.3089 -0.0000
vn 0.7931 0.6091 -0.0000
vn 0.9511 0.3089 -0.0000
vn 0.5019 0.8649 -0.0000
vn 0.6730 -0.0000 0.7397
vn 0.6493 -0.2474 0.7192
vn 0.5620 0.5196 0.6436
vn 0.6493 0.2474 0.7192
vn 0.3631 0.8086 0.4630
vn 0.3631 -0.8086 0.4630
vn 0.5620 -0.5196 0.6436
vn 0.1737 -0.7293 0.6617
vn 0.2665 -0.1743 0.9479
vn 0.2471 -0.3975 0.8837
vn 0.2665 0.1743 0.9479
vn 0.2707 -0.0000 0.9627
vn 0.1737 0.7293 0.6617
vn 0.2471 0.3975 0.8837
vt 1.000000 0.500000
vt 1.000000 1.000000
vt 0.875000 1.000000
vt 0.875000 0.500000
vt 0.750000 1.000000
vt 0.750000 0.500000
vt 0.625000 1.000000
vt 0.625000 0.500000
vt 0.500000 1.000000
vt 0.500000 0.500000
vt 0.375000 1.000000
vt 0.375000 0.500000
vt 0.250000 1.000000
vt 0.250000 0.500000
vt 0.419706 0.419706
vt 0.250000 0.490000
vt 0.080294 0.419706
vt 0.010000 0.250000
vt 0.080294 0.080294
vt 0.250000 0.010000
vt 0.419706 0.080294
vt 0.490000 0.250000
vt 0.125000 1.000000
vt 0.125000 0.500000
vt 0.000000 1.000000
vt 0.000000 0.500000
vt 0.750000 0.490000
vt 0.919706 0.419706
vt 0.990000 0.250000
vt 0.919706 0.080294
vt 0.750000 0.010000
vt 0.580294 0.080294
vt 0.510000 0.250000
vt 0.580294 0.419706
vt 0.714286 0.800000
vt 0.714286 0.900000
vt 0.642857 0.900000
vt 0.642857 0.800000
vt 0.714286 0.100000
vt 0.714286 0.200000
vt 0.642857 0.200000
vt 0.642857 0.100000
vt 0.714286 0.400000
vt 0.714286 0.500000
vt 0.642857 0.500000
vt 0.642857 0.400000
vt 0.714286 0.700000
vt 0.642857 0.700000
vt 0.678571 0.000000
vt 0.714286 0.300000
vt 0.642857 0.300000
vt 0.714286 0.600000
vt 0.642857 0.600000
vt 0.678571 1.000000
vt 0.571429 0.900000
vt 0.571429 0.800000
vt 0.571429 0.200000
vt 0.571429 0.100000
vt 0.571429 0.500000
vt 0.571429 0.400000
vt 0.571429 0.700000
vt 0.607143 0.000000
vt 0.571429 0.300000
vt 0.571429 0.600000
vt 0.607143 1.000000
vt 0.500000 0.600000
vt 0.500000 0.900000
vt 0.500000 0.800000
vt 0.500000 0.200000
vt 0.500000 0.100000
vt 0.500000 0.400000
vt 0.500000 0.700000
vt 0.535714 0.000000
vt 0.500000 0.300000
vt 0.535714 1.000000
vt 0.464286 1.000000
vt 0.428571 0.900000
vt 0.428571 0.300000
vt 0.428571 0.200000
vt 0.428571 0.600000
vt 0.428571 0.500000
vt 0.428571 0.800000
vt 0.428571 0.100000
vt 0.428571 0.400000
vt 0.428571 0.700000
vt 0.464286 0.000000
vt 0.357143 0.400000
vt 0.357143 0.300000
vt 0.357143 0.700000
vt 0.357143 0.600000
vt 0.392857 1.000000
vt 0.357143 0.900000
vt 0.357143 0.200000
vt 0.357143 0.500000
vt 0.357143 0.800000
vt 0.357143 0.100000
vt 0.392857 0.000000
vt 0.285714 0.800000
vt 0.285714 0.700000
vt 0.321429 0.000000
vt 0.285714 0.100000
vt 0.285714 0.400000
vt 0.285714 0.300000
vt 0.285714 0.600000
vt 0.321429 1.000000
vt 0.285714 0.900000
vt 0.285714 0.200000
vt 0.285714 0.500000
vt 0.214286 0.500000
vt 0.214286 0.400000
vt 0.214286 0.800000
vt 0.214286 0.700000
vt 0.250000 0.000000
vt 0.214286 0.100000
vt 0.214286 0.300000
vt 0.214286 0.600000
vt 0.214286 0.900000
vt 0.214286 0.200000
vt 0.142857 0.900000
vt 0.142857 0.800000
vt 0.142857 0.200000
vt 0.142857 0.100000
vt 0.142857 0.500000
vt 0.142857 0.400000
vt 0.142857 0.700000
vt 0.178571 0.000000
vt 0.142857 0.300000
vt 0.142857 0.600000
vt 0.178571 1.000000
vt 0.071429 0.300000
vt 0.071429 0.200000
vt 0.071429 0.600000
vt 0.071429 0.500000
vt 0.071429 0.900000
vt 0.071429 0.800000
vt 0.071429 0.100000
vt 0.071429 0.400000
vt 0.071429 0.700000
vt 0.107143 0.000000
vt 0.107143 1.000000
vt 0.000000 0.700000
vt 0.000000 0.600000
vt 0.035714 1.000000
vt 0.000000 0.900000
vt 0.000000 0.300000
vt 0.000000 0.200000
vt 0.000000 0.800000
vt 0.000000 0.100000
vt 0.000000 0.400000
vt 0.035714 0.000000
vt 1.000000 0.300000
vt 1.000000 0.400000
vt 0.928571 0.400000
vt 0.928571 0.300000
vt 1.000000 0.600000
vt 1.000000 0.700000
vt 0.928571 0.700000
vt 0.928571 0.600000
vt 1.000000 0.900000
vt 0.964286 1.000000
vt 0.928571 0.900000
vt 1.000000 0.200000
vt 0.928571 0.200000
vt 0.928571 0.500000
vt 1.000000 0.800000
vt 0.928571 0.800000
vt 1.000000 0.100000
vt 0.928571 0.100000
vt 0.964286 0.000000
vt 0.857143 0.800000
vt 0.857143 0.700000
vt 0.892857 0.000000
vt 0.857143 0.100000
vt 0.857143 0.400000
vt 0.857143 0.300000
vt 0.857143 0.600000
vt 0.892857 1.000000
vt 0.857143 0.900000
vt 0.857143 0.200000
vt 0.857143 0.500000
vt 0.785714 0.200000
vt 0.785714 0.100000
vt 0.785714 0.500000
vt 0.785714 0.400000
vt 0.785714 0.800000
vt 0.785714 0.700000
vt 0.821429 0.000000
vt 0.785714 0.300000
vt 0.785714 0.600000
vt 0.821429 1.000000
vt 0.785714 0.900000
vt 0.750000 0.000000
vt 0.750000 0.750000
vt 0.750000 0.875000
vt 0.666667 0.875000
vt 0.666667 0.750000
vt 0.750000 0.125000
vt 0.750000 0.250000
vt 0.666667 0.250000
vt 0.666667 0.125000
vt 0.750000 0.375000
vt 0.666667 0.500000
vt 0.666667 0.375000
vt 0.750000 0.625000
vt 0.666667 0.625000
vt 0.708333 1.000000
vt 0.708333 0.000000
vt 0.583333 0.500000
vt 0.583333 0.375000
vt 0.583333 0.750000
vt 0.583333 0.625000
vt 0.583333 0.875000
vt 0.625000 0.000000
vt 0.583333 0.125000
vt 0.583333 0.250000
vt 0.541667 0.000000
vt 0.500000 0.125000
vt 0.500000 0.375000
vt 0.500000 0.250000
vt 0.500000 0.625000
vt 0.500000 0.875000
vt 0.500000 0.750000
vt 0.541667 1.000000
vt 0.416667 0.625000
vt 0.416667 0.500000
vt 0.416667 0.875000
vt 0.416667 0.750000
vt 0.416667 0.250000
vt 0.416667 0.125000
vt 0.416667 0.375000
vt 0.458333 1.000000
vt 0.458333 0.000000
vt 0.333333 0.250000
vt 0.333333 0.125000
vt 0.333333 0.500000
vt 0.333333 0.375000
vt 0.333333 0.750000
vt 0.333333 0.625000
vt 0.333333 0.875000
vt 0.375000 0.000000
vt 0.250000 0.750000
vt 0.250000 0.625000
vt 0.291667 1.000000
vt 0.250000 0.875000
vt 0.291667 0.000000
vt 0.250000 0.125000
vt 0.250000 0.375000
vt 0.250000 0.250000
vt 0.208333 0.000000
vt 0.166667 0.125000
vt 0.166667 0.375000
vt 0.166667 0.250000
vt 0.166667 0.625000
vt 0.166667 0.500000
vt 0.166667 0.875000
vt 0.166667 0.750000
vt 0.208333 1.000000
vt 0.083333 0.875000
vt 0.083333 0.750000
vt 0.083333 0.250000
vt 0.083333 0.125000
vt 0.083333 0.500000
vt 0.083333 0.375000
vt 0.083333 0.625000
vt 0.125000 0.000000
vt 0.000000 0.250000
vt 0.000000 0.125000
vt 0.000000 0.375000
vt 0.000000 0.750000
vt 0.000000 0.625000
vt 0.041667 1.000000
vt 0.000000 0.875000
vt 0.041667 0.000000
vt 1.000000 0.875000
vt 0.958333 1.000000
vt 0.916667 0.875000
vt 0.958333 0.000000
vt 1.000000 0.125000
vt 0.916667 0.125000
vt 1.000000 0.250000
vt 1.000000 0.375000
vt 0.916667 0.375000
vt 0.916667 0.250000
vt 1.000000 0.625000
vt 0.916667 0.625000
vt 0.916667 0.500000
vt 1.000000 0.750000
vt 0.916667 0.750000
vt 0.833333 0.375000
vt 0.833333 0.250000
vt 0.833333 0.625000
vt 0.833333 0.500000
vt 0.833333 0.875000
vt 0.833333 0.750000
vt 0.833333 0.125000
vt 0.875000 0.000000
vt 0.791667 1.000000
vt 0.791667 0.000000
vt 0.520833 0.500000
vt 0.520833 0.583333
vt 0.500000 0.583333
vt 0.520833 0.666667
vt 0.500000 0.666667
vt 0.520833 0.750000
vt 0.500000 0.750000
vt 0.520833 0.833333
vt 0.500000 0.833333
vt 0.520833 0.916667
vt 0.500000 0.916667
vt 0.520833 1.000000
vt 0.500000 0.000000
vt 0.520833 0.000000
vt 0.520833 0.083333
vt 0.500000 0.083333
vt 0.520833 0.166667
vt 0.500000 0.166667
vt 0.520833 0.250000
vt 0.520833 0.333333
vt 0.500000 0.333333
vt 0.520833 0.416667
vt 0.500000 0.416667
vt 0.541667 0.500000
vt 0.541667 0.583333
vt 0.541667 0.666667
vt 0.541667 0.750000
vt 0.541667 0.833333
vt 0.541667 0.916667
vt 0.541667 0.000000
vt 0.541667 0.083333
vt 0.541667 0.166667
vt 0.541667 0.250000
vt 0.541667 0.333333
vt 0.541667 0.416667
vt 0.562500 0.500000
vt 0.562500 0.583333
vt 0.562500 0.666667
vt 0.562500 0.750000
vt 0.562500 0.833333
vt 0.562500 0.916667
vt 0.562500 1.000000
vt 0.562500 0.000000
vt 0.562500 0.083333
vt 0.562500 0.166667
vt 0.562500 0.250000
vt 0.562500 0.333333
vt 0.562500 0.416667
vt 0.583333 0.583333
vt 0.583333 0.666667
vt 0.583333 0.833333
vt 0.583333 0.916667
vt 0.583333 1.000000
vt 0.583333 0.000000
vt 0.583333 0.083333
vt 0.583333 0.166667
vt 0.583333 0.333333
vt 0.583333 0.416667
vt 0.604167 0.500000
vt 0.604167 0.583333
vt 0.604167 0.666667
vt 0.604167 0.750000
vt 0.604167 0.833333
vt 0.604167 0.916667
vt 0.604167 1.000000
vt 0.604167 0.000000
vt 0.604167 0.083333
vt 0.604167 0.166667
vt 0.604167 0.250000
vt 0.604167 0.333333
vt 0.604167 0.416667
vt 0.625000 0.583333
vt 0.625000 0.666667
vt 0.625000 0.750000
vt 0.625000 0.833333
vt 0.625000 0.916667
vt 0.625000 0.000000
vt 0.625000 0.083333
vt 0.625000 0.166667
vt 0.625000 0.250000
vt 0.625000 0.333333
vt 0.625000 0.416667
vt 0.645833 0.500000
vt 0.645833 0.583333
vt 0.645833 0.666667
vt 0.645833 0.750000
vt 0.645833 0.833333
vt 0.645833 0.916667
vt 0.645833 1.000000
vt 0.645833 0.000000
vt 0.645833 0.083333
vt 0.645833 0.166667
vt 0.645833 0.250000
vt 0.645833 0.333333
vt 0.645833 0.416667
vt 0.666667 0.583333
vt 0.666667 0.666667
vt 0.666667 0.833333
vt 0.666667 0.916667
vt 0.666667 1.000000
vt 0.666667 0.000000
vt 0.666667 0.083333
vt 0.666667 0.166667
vt 0.666667 0.333333
vt 0.666667 0.416667
vt 0.687500 0.500000
vt 0.687500 0.583333
vt 0.687500 0.666667
vt 0.687500 0.750000
vt 0.687500 0.833333
vt 0.687500 0.916667
vt 0.687500 1.000000
vt 0.687500 0.000000
vt 0.687500 0.083333
vt 0.687500 0.166667
vt 0.687500 0.250000
vt 0.687500 0.333333
vt 0.687500 0.416667
vt 0.708333 0.500000
vt 0.708333 0.583333
vt 0.708333 0.666667
vt 0.708333 0.750000
vt 0.708333 0.833333
vt 0.708333 0.916667
vt 0.708333 0.000000
vt 0.708333 0.083333
vt 0.708333 0.166667
vt 0.708333 0.250000
vt 0.708333 0.333333
vt 0.708333 0.416667
vt 0.729167 0.500000
vt 0.729167 0.583333
vt 0.729167 0.666667
vt 0.729167 0.750000
vt 0.729167 0.833333
vt 0.729167 0.916667
vt 0.729167 1.000000
vt 0.729167 0.000000
vt 0.729167 0.083333
vt 0.729167 0.166667
vt 0.729167 0.250000
vt 0.729167 0.333333
vt 0.729167 0.416667
vt 0.750000 0.583333
vt 0.750000 0.666667
vt 0.750000 0.833333
vt 0.750000 0.916667
vt 0.750000 0.000000
vt 0.750000 0.083333
vt 0.750000 0.166667
vt 0.750000 0.333333
vt 0.750000 0.416667
vt 0.770833 0.500000
vt 0.770833 0.583333
vt 0.770833 0.666667
vt 0.770833 0.750000
vt 0.770833 0.833333
vt 0.770833 0.916667
vt 0.770833 1.000000
vt 0.770833 0.000000
vt 0.770833 0.083333
vt 0.770833 0.166667
vt 0.770833 0.250000
vt 0.770833 0.333333
vt 0.770833 0.416667
vt 0.791667 0.500000
vt 0.791667 0.583333
vt 0.791667 0.666667
vt 0.791667 0.750000
vt 0.791667 0.833333
vt 0.791667 0.916667
vt 0.791667 1.000000
vt 0.791667 0.000000
vt 0.791667 0.083333
vt 0.791667 0.166667
vt 0.791667 0.250000
vt 0.791667 0.333333
vt 0.791667 0.416667
vt 0.812500 0.500000
vt 0.812500 0.583333
vt 0.812500 0.666667
vt 0.812500 0.750000
vt 0.812500 0.833333
vt 0.812500 0.916667
vt 0.812500 1.000000
vt 0.812500 0.000000
vt 0.812500 0.083333
vt 0.812500 0.166667
vt 0.812500 0.250000
vt 0.812500 0.333333
vt 0.812500 0.416667
vt 0.833333 0.500000
vt 0.833333 0.583333
vt 0.833333 0.666667
vt 0.833333 0.750000
vt 0.833333 0.833333
vt 0.833333 0.916667
vt 0.833333 1.000000
vt 0.833333 0.000000
vt 0.833333 0.083333
vt 0.833333 0.166667
vt 0.833333 0.250000
vt 0.833333 0.333333
vt 0.833333 0.416667
vt 0.854167 0.500000
vt 0.854167 0.583333
vt 0.854167 0.666667
vt 0.854167 0.750000
vt 0.854167 0.833333
vt 0.854167 0.916667
vt 0.854167 1.000000
vt 0.854167 0.000000
vt 0.854167 0.083333
vt 0.854167 0.166667
vt 0.854167 0.250000
vt 0.854167 0.333333
vt 0.854167 0.416667
vt 0.875000 0.583333
vt 0.875000 0.666667
vt 0.875000 0.750000
vt 0.875000 0.833333
vt 0.875000 0.916667
vt 0.875000 0.000000
vt 0.875000 0.083333
vt 0.875000 0.166667
vt 0.875000 0.250000
vt 0.875000 0.333333
vt 0.875000 0.416667
vt 0.895833 0.500000
vt 0.895833 0.583333
vt 0.895833 0.666667
vt 0.895833 0.750000
vt 0.895833 0.833333
vt 0.895833 0.916667
vt 0.895833 1.000000
vt 0.895833 0.000000
vt 0.895833 0.083333
vt 0.895833 0.166667
vt 0.895833 0.250000
vt 0.895833 0.333333
vt 0.895833 0.416667
vt 0.916667 0.500000
vt 0.916667 0.583333
vt 0.916667 0.666667
vt 0.916667 0.750000
vt 0.916667 0.833333
vt 0.916667 0.916667
vt 0.916667 1.000000
vt 0.916667 0.000000
vt 0.916667 0.083333
vt 0.916667 0.166667
vt 0.916667 0.250000
vt 0.916667 0.333333
vt 0.916667 0.416667
vt 0.937500 0.500000
vt 0.937500 0.583333
vt 0.937500 0.666667
vt 0.937500 0.750000
vt 0.937500 0.833333
vt 0.937500 0.916667
vt 0.937500 1.000000
vt 0.937500 0.000000
vt 0.937500 0.083333
vt 0.937500 0.166667
vt 0.937500 0.250000
vt 0.937500 0.333333
vt 0.937500 0.416667
vt 0.958333 0.500000
vt 0.958333 0.583333
vt 0.958333 0.666667
vt 0.958333 0.750000
vt 0.958333 0.833333
vt 0.958333 0.916667
vt 0.958333 0.000000
vt 0.958333 0.083333
vt 0.958333 0.166667
vt 0.958333 0.250000
vt 0.958333 0.333333
vt 0.958333 0.416667
vt 0.979167 0.500000
vt 0.979167 0.583333
vt 0.979167 0.666667
vt 0.979167 0.750000
vt 0.979167 0.833333
vt 0.979167 0.916667
vt 0.979167 1.000000
vt 0.979167 0.000000
vt 0.979167 0.083333
vt 0.979167 0.166667
vt 0.979167 0.250000
vt 0.979167 0.333333
vt 0.979167 0.416667
vt 1.000000 0.583333
vt 1.000000 0.666667
vt 1.000000 0.750000
vt 1.000000 0.833333
vt 1.000000 0.916667
vt 1.000000 0.000000
vt 1.000000 0.083333
vt 1.000000 0.166667
vt 1.000000 0.333333
vt 1.000000 0.416667
vt 0.000000 0.500000
vt 0.020833 0.500000
vt 0.020833 0.583333
vt 0.000000 0.583333
vt 0.020833 0.666667
vt 0.000000 0.666667
vt 0.020833 0.750000
vt 0.000000 0.750000
vt 0.020833 0.833333
vt 0.000000 0.833333
vt 0.020833 0.916667
vt 0.000000 0.916667
vt 0.020833 1.000000
vt 0.000000 1.000000
vt 0.000000 0.000000
vt 0.020833 0.000000
vt 0.020833 0.083333
vt 0.000000 0.083333
vt 0.020833 0.166667
vt 0.000000 0.166667
vt 0.020833 0.250000
vt 0.000000 0.250000
vt 0.020833 0.333333
vt 0.000000 0.333333
vt 0.020833 0.416667
vt 0.000000 0.416667
vt 0.041667 0.500000
vt 0.041667 0.583333
vt 0.041667 0.666667
vt 0.041667 0.750000
vt 0.041667 0.833333
vt 0.041667 0.916667
vt 0.041667 1.000000
vt 0.041667 0.000000
vt 0.041667 0.083333
vt 0.041667 0.166667
vt 0.041667 0.250000
vt 0.041667 0.333333
vt 0.041667 0.416667
vt 0.062500 0.500000
vt 0.062500 0.583333
vt 0.062500 0.666667
vt 0.062500 0.750000
vt 0.062500 0.833333
vt 0.062500 0.916667
vt 0.062500 1.000000
vt 0.062500 0.000000
vt 0.062500 0.083333
vt 0.062500 0.166667
vt 0.062500 0.250000
vt 0.062500 0.333333
vt 0.062500 0.416667
vt 0.083333 0.500000
vt 0.083333 0.583333
vt 0.083333 0.666667
vt 0.083333 0.750000
vt 0.083333 0.833333
vt 0.083333 0.916667
vt 0.083333 1.000000
vt 0.083333 0.000000
vt 0.083333 0.083333
vt 0.083333 0.166667
vt 0.083333 0.250000
vt 0.083333 0.333333
vt 0.083333 0.416667
vt 0.104167 0.500000
vt 0.104167 0.583333
vt 0.104167 0.666667
vt 0.104167 0.750000
vt 0.104167 0.833333
vt 0.104167 0.916667
vt 0.104167 1.000000
vt 0.104167 0.000000
vt 0.104167 0.083333
vt 0.104167 0.166667
vt 0.104167 0.250000
vt 0.104167 0.333333
vt 0.104167 0.416667
vt 0.125000 0.583333
vt 0.125000 0.666667
vt 0.125000 0.750000
vt 0.125000 0.833333
vt 0.125000 0.916667
vt 0.125000 0.000000
vt 0.125000 0.083333
vt 0.125000 0.166667
vt 0.125000 0.250000
vt 0.125000 0.333333
vt 0.125000 0.416667
vt 0.145833 0.500000
vt 0.145833 0.583333
vt 0.145833 0.666667
vt 0.145833 0.750000
vt 0.145833 0.833333
vt 0.145833 0.916667
vt 0.145833 1.000000
vt 0.145833 0.000000
vt 0.145833 0.083333
vt 0.145833 0.166667
vt 0.145833 0.250000
vt 0.145833 0.333333
vt 0.145833 0.416667
vt 0.166667 0.500000
vt 0.166667 0.583333
vt 0.166667 0.666667
vt 0.166667 0.750000
vt 0.166667 0.833333
vt 0.166667 0.916667
vt 0.166667 1.000000
vt 0.166667 0.000000
vt 0.166667 0.083333
vt 0.166667 0.166667
vt 0.166667 0.250000
vt 0.166667 0.333333
vt 0.166667 0.416667
vt 0.187500 0.500000
vt 0.187500 0.583333
vt 0.187500 0.666667
vt 0.187500 0.750000
vt 0.187500 0.833333
vt 0.187500 0.916667
vt 0.187500 1.000000
vt 0.187500 0.000000
vt 0.187500 0.083333
vt 0.187500 0.166667
vt 0.187500 0.250000
vt 0.187500 0.333333
vt 0.187500 0.416667
vt 0.208333 0.500000
vt 0.208333 0.583333
vt 0.208333 0.666667
vt 0.208333 0.750000
vt 0.208333 0.833333
vt 0.208333 0.916667
vt 0.208333 1.000000
vt 0.208333 0.000000
vt 0.208333 0.083333
vt 0.208333 0.166667
vt 0.208333 0.250000
vt 0.208333 0.333333
vt 0.208333 0.416667
vt 0.229167 0.500000
vt 0.229167 0.583333
vt 0.229167 0.666667
vt 0.229167 0.750000
vt 0.229167 0.833333
vt 0.229167 0.916667
vt 0.229167 1.000000
vt 0.229167 0.000000
vt 0.229167 0.083333
vt 0.229167 0.166667
vt 0.229167 0.250000
vt 0.229167 0.333333
vt 0.229167 0.416667
vt 0.250000 0.583333
vt 0.250000 0.666667
vt 0.250000 0.750000
vt 0.250000 0.833333
vt 0.250000 0.916667
vt 0.250000 0.000000
vt 0.250000 0.083333
vt 0.250000 0.166667
vt 0.250000 0.333333
vt 0.250000 0.416667
vt 0.270833 0.500000
vt 0.270833 0.583333
vt 0.270833 0.666667
vt 0.270833 0.750000
vt 0.270833 0.833333
vt 0.270833 0.916667
vt 0.270833 1.000000
vt 0.270833 0.000000
vt 0.270833 0.083333
vt 0.270833 0.166667
vt 0.270833 0.250000
vt 0.270833 0.333333
vt 0.270833 0.416667
vt 0.291667 0.500000
vt 0.291667 0.583333
vt 0.291667 0.666667
vt 0.291667 0.750000
vt 0.291667 0.833333
vt 0.291667 0.916667
vt 0.291667 1.000000
vt 0.291667 0.000000
vt 0.291667 0.083333
vt 0.291667 0.166667
vt 0.291667 0.250000
vt 0.291667 0.333333
vt 0.291667 0.416667
vt 0.312500 0.500000
vt 0.312500 0.583333
vt 0.312500 0.666667
vt 0.312500 0.750000
vt 0.312500 0.833333
vt 0.312500 0.916667
vt 0.312500 1.000000
vt 0.312500 0.000000
vt 0.312500 0.083333
vt 0.312500 0.166667
vt 0.312500 0.250000
vt 0.312500 0.333333
vt 0.312500 0.416667
vt 0.333333 0.500000
vt 0.333333 0.583333
vt 0.333333 0.666667
vt 0.333333 0.750000
vt 0.333333 0.833333
vt 0.333333 0.916667
vt 0.333333 1.000000
vt 0.333333 0.000000
vt 0.333333 0.083333
vt 0.333333 0.166667
vt 0.333333 0.250000
vt 0.333333 0.333333
vt 0.333333 0.416667
vt 0.354167 0.500000
vt 0.354167 0.583333
vt 0.354167 0.666667
vt 0.354167 0.750000
vt 0.354167 0.833333
vt 0.354167 0.916667
vt 0.354167 1.000000
vt 0.354167 0.000000
vt 0.354167 0.083333
vt 0.354167 0.166667
vt 0.354167 0.250000
vt 0.354167 0.333333
vt 0.354167 0.416667
vt 0.375000 0.583333
vt 0.375000 0.666667
vt 0.375000 0.750000
vt 0.375000 0.833333
vt 0.375000 0.916667
vt 0.375000 0.000000
vt 0.375000 0.083333
vt 0.375000 0.166667
vt 0.375000 0.250000
vt 0.375000 0.333333
vt 0.375000 0.416667
vt 0.395833 0.500000
vt 0.395833 0.583333
vt 0.395833 0.666667
vt 0.395833 0.750000
vt 0.395833 0.833333
vt 0.395833 0.916667
vt 0.395833 1.000000
vt 0.395833 0.000000
vt 0.395833 0.083333
vt 0.395833 0.166667
vt 0.395833 0.250000
vt 0.395833 0.333333
vt 0.395833 0.416667
vt 0.416667 0.583333
vt 0.416667 0.666667
vt 0.416667 0.833333
vt 0.416667 0.916667
vt 0.416667 1.000000
vt 0.416667 0.000000
vt 0.416667 0.083333
vt 0.416667 0.166667
vt 0.416667 0.333333
vt 0.416667 0.416667
vt 0.437500 0.500000
vt 0.437500 0.583333
vt 0.437500 0.666667
vt 0.437500 0.750000
vt 0.437500 0.833333
vt 0.437500 0.916667
vt 0.437500 1.000000
vt 0.437500 0.000000
vt 0.437500 0.083333
vt 0.437500 0.166667
vt 0.437500 0.250000
vt 0.437500 0.333333
vt 0.437500 0.416667
vt 0.458333 0.500000
vt 0.458333 0.583333
vt 0.458333 0.666667
vt 0.458333 0.750000
vt 0.458333 0.833333
vt 0.458333 0.916667
vt 0.458333 1.000000
vt 0.458333 0.000000
vt 0.458333 0.083333
vt 0.458333 0.166667
vt 0.458333 0.250000
vt 0.458333 0.333333
vt 0.458333 0.416667
vt 0.479167 0.500000
vt 0.479167 0.583333
vt 0.479167 0.666667
vt 0.479167 0.750000
vt 0.479167 0.833333
vt 0.479167 0.916667
vt 0.479167 1.000000
vt 0.479167 0.000000
vt 0.479167 0.083333
vt 0.479167 0.166667
vt 0.479167 0.250000
vt 0.479167 0.333333
vt 0.479167 0.416667
vt 0.457846 0.370000
vt 0.457846 0.130000
vt 0.042154 0.130000
vt 0.957846 0.370000
vt 0.957846 0.130000
vt 0.542154 0.130000
vt 0.542154 0.370000
vt 0.042154 0.370000
vt 0.750000 0.166667
vt 0.750000 0.333333
vt 0.625000 0.333333
vt 0.625000 0.166667
vt 0.750000 0.666667
vt 0.625000 0.666667
vt 0.687500 0.000000
vt 0.562500 0.000000
vt 0.500000 0.166667
vt 0.500000 0.333333
vt 0.500000 0.666667
vt 0.437500 0.000000
vt 0.375000 0.166667
vt 0.375000 0.333333
vt 0.375000 0.666667
vt 0.312500 0.000000
vt 0.250000 0.166667
vt 0.250000 0.333333
vt 0.250000 0.666667
vt 0.187500 0.000000
vt 0.125000 0.166667
vt 0.125000 0.333333
vt 0.125000 0.666667
vt 0.000000 0.333333
vt 0.000000 0.833333
vt 0.000000 0.666667
vt 0.000000 0.166667
vt 0.062500 1.000000
vt 0.062500 0.000000
vt 1.000000 0.666667
vt 0.875000 0.666667
vt 1.000000 0.166667
vt 1.000000 0.333333
vt 0.875000 0.333333
vt 0.875000 0.166667
vt 0.937500 0.000000
vt 0.812500 0.000000
vt 0.750000 0.250000
vt 0.750000 0.375000
vt 0.750000 0.500000
vt 0.750000 0.625000
vt 0.750000 0.875000
vt 0.500000 0.625000
vt 0.541667 1.000000
vt 0.541667 0.000000
vt 0.416667 0.625000
vt 0.333333 0.125000
vt 0.333333 0.625000
vt 0.250000 0.125000
vt 0.250000 0.625000
vt 0.250000 0.875000
vt 0.291667 0.000000
vt 0.208333 1.000000
vt 0.208333 0.000000
vt 0.166667 0.125000
vt 0.166667 0.625000
vt 0.166667 0.750000
vt 0.083333 0.375000
vt 0.083333 0.250000
vt 0.083333 0.625000
vt 0.083333 0.875000
vt 0.083333 0.750000
vt 0.083333 0.125000
vt 0.125000 1.000000
vt 0.125000 0.000000
vt 0.000000 0.125000
vt 0.000000 0.625000
vt 0.041667 1.000000
vt 0.041667 0.000000
vt 1.000000 0.625000
vt 0.916667 0.750000
vt 0.916667 0.625000
vt 1.000000 0.125000
vt 0.916667 0.125000
vt 0.833333 0.125000
vt 0.833333 0.375000
vt 0.833333 0.250000
vt 0.833333 0.625000
vt 0.833333 0.875000
vt 0.833333 0.750000
s 0
usemtl PC_Tali
f 1/1/1 2/2/1 4/3/1 3/4/1
f 3/4/2 4/3/2 6/5/2 5/6/2
f 5/6/3 6/5/3 8/7/3 7/8/3
f 7/8/4 8/7/4 10/9/4 9/10/4
f 9/10/5 10/9/5 12/11/5 11/12/5
f 11/12/6 12/11/6 14/13/6 13/14/6
f 4/15/7 2/16/7 16/17/7 14/18/7 12/19/7 10/20/7 8/21/7 6/22/7
f 13/14/8 14/13/8 16/23/8 15/24/8
f 15/24/9 16/23/9 2/25/9 1/26/9
f 1/27/10 3/28/10 5/29/10 7/30/10 9/31/10 11/32/10 13/33/10 15/34/10
f 2535/10/219 2547/299/219 2548/300/219 2536/301/219
f 2536/301/537 2548/300/537 2549/302/537 2537/303/537
f 2537/303/221 2549/302/221 2550/304/221 2538/305/221
f 2538/305/222 2550/304/222 2551/306/222 2539/307/222
f 2539/307/551 2551/306/551 2552/308/551 2540/309/551
f 2540/309/224 2552/308/224 2553/310/224 2541/9/224
f 2541/311/225 2553/312/225 2554/313/225 2542/314/225
f 2542/314/226 2554/313/226 2555/315/226 2543/316/226
f 2543/316/227 2555/315/227 2556/317/227 2544/219/227
f 2544/219/228 2556/317/228 2557/318/228 2545/319/228
f 2545/319/538 2557/318/538 2558/320/538 2546/321/538
f 2546/321/230 2558/320/230 2547/299/230 2535/10/230
f 2547/299/231 2559/322/231 2560/323/231 2548/300/231
f 2548/300/570 2560/323/570 2561/324/570 2549/302/570
f 2549/302/233 2561/324/233 2562/325/233 2550/304/233
f 2550/304/234 2562/325/234 2563/326/234 2551/306/234
f 2551/306/508 2563/326/508 2564/327/508 2552/308/508
f 2552/308/236 2564/327/236 2565/223/236 2553/310/236
f 2553/312/237 2565/328/237 2566/329/237 2554/313/237
f 2554/313/238 2566/329/238 2567/330/238 2555/315/238
f 2555/315/239 2567/330/239 2568/331/239 2556/317/239
f 2556/317/240 2568/331/240 2569/332/240 2557/318/240
f 2557/318/562 2569/332/562 2570/333/562 2558/320/562
f 2558/320/242 2570/333/242 2559/322/242 2547/299/242
f 2559/322/243 2571/334/243 2572/335/243 2560/323/243
f 2560/323/553 2572/335/553 2573/336/553 2561/324/553
f 2561/324/245 2573/336/245 2574/337/245 2562/325/245
f 2562/325/246 2574/337/246 2575/338/246 2563/326/246
f 2563/326/247 2575/338/247 2576/339/247 2564/327/247
f 2564/327/248 2576/339/248 2577/340/248 2565/223/248
f 2565/328/249 2577/341/249 2578/342/249 2566/329/249
f 2566/329/250 2578/342/250 2579/343/250 2567/330/250
f 2567/330/251 2579/343/251 2580/344/251 2568/331/251
f 2568/331/252 2580/344/252 2581/345/252 2569/332/252
f 2569/332/253 2581/345/253 2582/346/253 2570/333/253
f 2570/333/254 2582/346/254 2571/334/254 2559/322/254
f 2571/334/255 2583/208/255 2584/347/255 2572/335/255
f 2572/335/510 2584/347/510 2585/348/510 2573/336/510
f 2573/336/257 2585/348/257 2586/210/257 2574/337/257
f 2574/337/258 2586/210/258 2587/349/258 2575/338/258
f 2575/338/259 2587/349/259 2588/350/259 2576/339/259
f 2576/339/260 2588/350/260 2589/351/260 2577/340/260
f 2577/341/261 2589/352/261 2590/353/261 2578/342/261
f 2578/342/262 2590/353/262 2591/354/262 2579/343/262
f 2579/343/263 2591/354/263 2592/215/263 2580/344/263
f 2580/344/264 2592/215/264 2593/355/264 2581/345/264
f 2581/345/265 2593/355/265 2594/356/265 2582/346/265
f 2582/346/266 2594/356/266 2583/208/266 2571/334/266
f 2583/208/267 2595/357/267 2596/358/267 2584/347/267
f 2584/347/268 2596/358/268 2597/359/268 2585/348/268
f 2585/348/269 2597/359/269 2598/360/269 2586/210/269
f 2586/210/270 2598/360/270 2599/361/270 2587/349/270
f 2587/349/513 2599/361/513 2600/362/513 2588/350/513
f 2588/350/272 2600/362/272 2601/363/272 2589/351/272
f 2589/352/273 2601/364/273 2602/365/273 2590/353/273
f 2590/353/514 2602/365/514 2603/366/514 2591/354/514
f 2591/354/275 2603/366/275 2604/367/275 2592/215/275
f 2592/215/276 2604/367/276 2605/368/276 2593/355/276
f 2593/355/588 2605/368/588 2606/369/588 2594/356/588
f 2594/356/278 2606/369/278 2595/357/278 2583/208/278
f 2595/357/279 2607/8/279 2608/370/279 2596/358/279
f 2596/358/280 2608/370/280 2609/371/280 2597/359/280
f 2597/359/281 2609/371/281 2610/372/281 2598/360/281
f 2598/360/282 2610/372/282 2611/373/282 2599/361/282
f 2599/361/283 2611/373/283 2612/374/283 2600/362/283
f 2600/362/284 2612/374/284 2613/7/284 2601/363/284
f 2601/364/285 2613/375/285 2614/376/285 2602/365/285
f 2602/365/286 2614/376/286 2615/377/286 2603/366/286
f 2603/366/287 2615/377/287 2616/378/287 2604/367/287
f 2604/367/288 2616/378/288 2617/379/288 2605/368/288
f 2605/368/289 2617/379/289 2618/380/289 2606/369/289
f 2606/369/290 2618/380/290 2607/8/290 2595/357/290
f 2607/8/291 2619/381/291 2620/382/291 2608/370/291
f 2608/370/292 2620/382/292 2621/383/292 2609/371/292
f 2609/371/293 2621/383/293 2622/384/293 2610/372/293
f 2610/372/294 2622/384/294 2623/385/294 2611/373/294
f 2611/373/589 2623/385/589 2624/386/589 2612/374/589
f 2612/374/296 2624/386/296 2625/387/296 2613/7/296
f 2613/375/297 2625/388/297 2626/389/297 2614/376/297
f 2614/376/590 2626/389/590 2627/390/590 2615/377/590
f 2615/377/299 2627/390/299 2628/391/299 2616/378/299
f 2616/378/300 2628/391/300 2629/392/300 2617/379/300
f 2617/379/576 2629/392/576 2630/393/576 2618/380/576
f 2618/380/302 2630/393/302 2619/381/302 2607/8/302
f 2619/381/303 2631/202/303 2632/394/303 2620/382/303
f 2620/382/584 2632/394/584 2633/395/584 2621/383/584
f 2621/383/305 2633/395/305 2634/196/305 2622/384/305
f 2622/384/306 2634/196/306 2635/396/306 2623/385/306
f 2623/385/577 2635/396/577 2636/397/577 2624/386/577
f 2624/386/308 2636/397/308 2637/398/308 2625/387/308
f 2625/388/309 2637/399/309 2638/400/309 2626/389/309
f 2626/389/310 2638/400/310 2639/401/310 2627/390/310
f 2627/390/311 2639/401/311 2640/199/311 2628/391/311
f 2628/391/312 2640/199/312 2641/402/312 2629/392/312
f 2629/392/313 2641/402/313 2642/403/313 2630/393/313
f 2630/393/314 2642/403/314 2631/202/314 2619/381/314
f 2631/202/315 2643/404/315 2644/405/315 2632/394/315
f 2632/394/316 2644/405/316 2645/406/316 2633/395/316
f 2633/395/317 2645/406/317 2646/407/317 2634/196/317
f 2634/196/318 2646/407/318 2647/408/318 2635/396/318
f 2635/396/319 2647/408/319 2648/409/319 2636/397/319
f 2636/397/320 2648/409/320 2649/410/320 2637/398/320
f 2637/399/321 2649/411/321 2650/412/321 2638/400/321
f 2638/400/322 2650/412/322 2651/413/322 2639/401/322
f 2639/401/323 2651/413/323 2652/414/323 2640/199/323
f 2640/199/324 2652/414/324 2653/415/324 2641/402/324
f 2641/402/325 2653/415/325 2654/416/325 2642/403/325
f 2642/403/326 2654/416/326 2643/404/326 2631/202/326
f 2643/404/327 2655/417/327 2656/418/327 2644/405/327
f 2644/405/328 2656/418/328 2657/419/328 2645/406/328
f 2645/406/329 2657/419/329 2658/420/329 2646/407/329
f 2646/407/330 2658/420/330 2659/421/330 2647/408/330
f 2647/408/331 2659/421/331 2660/422/331 2648/409/331
f 2648/409/332 2660/422/332 2661/206/332 2649/410/332
f 2649/411/333 2661/423/333 2662/424/333 2650/412/333
f 2650/412/334 2662/424/334 2663/425/334 2651/413/334
f 2651/413/335 2663/425/335 2664/426/335 2652/414/335
f 2652/414/336 2664/426/336 2665/427/336 2653/415/336
f 2653/415/529 2665/427/529 2666/428/529 2654/416/529
f 2654/416/338 2666/428/338 2655/417/338 2643/404/338
f 2655/417/339 2667/429/339 2668/430/339 2656/418/339
f 2656/418/340 2668/430/340 2669/431/340 2657/419/340
f 2657/419/341 2669/431/341 2670/432/341 2658/420/341
f 2658/420/342 2670/432/342 2671/433/342 2659/421/342
f 2659/421/343 2671/433/343 2672/434/343 2660/422/343
f 2660/422/344 2672/434/344 2673/435/344 2661/206/344
f 2661/423/345 2673/436/345 2674/437/345 2662/424/345
f 2662/424/591 2674/437/591 2675/438/591 2663/425/591
f 2663/425/347 2675/438/347 2676/439/347 2664/426/347
f 2664/426/348 2676/439/348 2677/440/348 2665/427/348
f 2665/427/349 2677/440/349 2678/441/349 2666/428/349
f 2666/428/350 2678/441/350 2667/429/350 2655/417/350
f 2667/429/351 2679/6/351 2680/442/351 2668/430/351
f 2668/430/352 2680/442/352 2681/443/352 2669/431/352
f 2669/431/353 2681/443/353 2682/193/353 2670/432/353
f 2670/432/354 2682/193/354 2683/444/354 2671/433/354
f 2671/433/355 2683/444/355 2684/445/355 2672/434/355
f 2672/434/356 2684/445/356 2685/5/356 2673/435/356
f 2673/436/357 2685/446/357 2686/447/357 2674/437/357
f 2674/437/358 2686/447/358 2687/448/358 2675/438/358
f 2675/438/359 2687/448/359 2688/198/359 2676/439/359
f 2676/439/360 2688/198/360 2689/449/360 2677/440/360
f 2677/440/361 2689/449/361 2690/450/361 2678/441/361
f 2678/441/362 2690/450/362 2679/6/362 2667/429/362
f 2679/6/363 2691/451/363 2692/452/363 2680/442/363
f 2680/442/516 2692/452/516 2693/453/516 2681/443/516
f 2681/443/365 2693/453/365 2694/454/365 2682/193/365
f 2682/193/366 2694/454/366 2695/455/366 2683/444/366
f 2683/444/367 2695/455/367 2696/456/367 2684/445/367
f 2684/445/368 2696/456/368 2697/457/368 2685/5/368
f 2685/446/369 2697/458/369 2698/459/369 2686/447/369
f 2686/447/370 2698/459/370 2699/460/370 2687/448/370
f 2687/448/371 2699/460/371 2700/461/371 2688/198/371
f 2688/198/372 2700/461/372 2701/462/372 2689/449/372
f 2689/449/517 2701/462/517 2702/463/517 2690/450/517
f 2690/450/374 2702/463/374 2691/451/374 2679/6/374
f 2691/451/375 2703/464/375 2704/465/375 2692/452/375
f 2692/452/376 2704/465/376 2705/466/376 2693/453/376
f 2693/453/377 2705/466/377 2706/467/377 2694/454/377
f 2694/454/378 2706/467/378 2707/468/378 2695/455/378
f 2695/455/592 2707/468/592 2708/469/592 2696/456/592
f 2696/456/380 2708/469/380 2709/470/380 2697/457/380
f 2697/458/381 2709/471/381 2710/472/381 2698/459/381
f 2698/459/593 2710/472/593 2711/473/593 2699/460/593
f 2699/460/383 2711/473/383 2712/474/383 2700/461/383
f 2700/461/384 2712/474/384 2713/475/384 2701/462/384
f 2701/462/385 2713/475/385 2714/476/385 2702/463/385
f 2702/463/386 2714/476/386 2703/464/386 2691/451/386
f 2703/464/387 2715/477/387 2716/478/387 2704/465/387
f 2704/465/388 2716/478/388 2717/479/388 2705/466/388
f 2705/466/389 2717/479/389 2718/480/389 2706/467/389
f 2706/467/390 2718/480/390 2719/481/390 2707/468/390
f 2707/468/391 2719/481/391 2720/482/391 2708/469/391
f 2708/469/392 2720/482/392 2721/483/392 2709/470/392
f 2709/471/393 2721/484/393 2722/485/393 2710/472/393
f 2710/472/394 2722/485/394 2723/486/394 2711/473/394
f 2711/473/395 2723/486/395 2724/487/395 2712/474/395
f 2712/474/396 2724/487/396 2725/488/396 2713/475/396
f 2713/475/397 2725/488/397 2726/489/397 2714/476/397
f 2714/476/398 2726/489/398 2715/477/398 2703/464/398
f 2715/477/399 2727/490/399 2728/491/399 2716/478/399
f 2716/478/400 2728/491/400 2729/492/400 2717/479/400
f 2717/479/401 2729/492/401 2730/493/401 2718/480/401
f 2718/480/402 2730/493/402 2731/494/402 2719/481/402
f 2719/481/403 2731/494/403 2732/495/403 2720/482/403
f 2720/482/404 2732/495/404 2733/496/404 2721/483/404
f 2721/484/405 2733/497/405 2734/498/405 2722/485/405
f 2722/485/406 2734/498/406 2735/499/406 2723/486/406
f 2723/486/407 2735/499/407 2736/500/407 2724/487/407
f 2724/487/408 2736/500/408 2737/501/408 2725/488/408
f 2725/488/409 2737/501/409 2738/502/409 2726/489/409
f 2726/489/410 2738/502/410 2727/490/410 2715/477/410
f 2727/490/411 2739/503/411 2740/504/411 2728/491/411
f 2728/491/412 2740/504/412 2741/505/412 2729/492/412
f 2729/492/413 2741/505/413 2742/506/413 2730/493/413
f 2730/493/414 2742/506/414 2743/507/414 2731/494/414
f 2731/494/415 2743/507/415 2744/508/415 2732/495/415
f 2732/495/416 2744/508/416 2745/509/416 2733/496/416
f 2733/497/417 2745/510/417 2746/511/417 2734/498/417
f 2734/498/418 2746/511/418 2747/512/418 2735/499/418
f 2735/499/419 2747/512/419 2748/513/419 2736/500/419
f 2736/500/420 2748/513/420 2749/514/420 2737/501/420
f 2737/501/594 2749/514/594 2750/515/594 2738/502/594
f 2738/502/422 2750/515/422 2739/503/422 2727/490/422
f 2739/503/423 2751/4/423 2752/516/423 2740/504/423
f 2740/504/424 2752/516/424 2753/517/424 2741/505/424
f 2741/505/425 2753/517/425 2754/518/425 2742/506/425
f 2742/506/426 2754/518/426 2755/519/426 2743/507/426
f 2743/507/427 2755/519/427 2756/520/427 2744/508/427
f 2744/508/428 2756/520/428 2757/3/428 2745/509/428
f 2745/510/429 2757/521/429 2758/522/429 2746/511/429
f 2746/511/430 2758/522/430 2759/523/430 2747/512/430
f 2747/512/431 2759/523/431 2760/524/431 2748/513/431
f 2748/513/432 2760/524/432 2761/525/432 2749/514/432
f 2749/514/433 2761/525/433 2762/526/433 2750/515/433
f 2750/515/434 2762/526/434 2751/4/434 2739/503/434
f 2751/4/435 2763/527/435 2764/528/435 2752/516/435
f 2752/516/436 2764/528/436 2765/529/436 2753/517/436
f 2753/517/437 2765/529/437 2766/530/437 2754/518/437
f 2754/518/438 2766/530/438 2767/531/438 2755/519/438
f 2755/519/439 2767/531/439 2768/532/439 2756/520/439
f 2756/520/440 2768/532/440 2769/533/440 2757/3/440
f 2757/521/441 2769/534/441 2770/535/441 2758/522/441
f 2758/522/558 2770/535/558 2771/536/558 2759/523/558
f 2759/523/443 2771/536/443 2772/537/443 2760/524/443
f 2760/524/444 2772/537/444 2773/538/444 2761/525/444
f 2761/525/445 2773/538/445 2774/539/445 2762/526/445
f 2762/526/446 2774/539/446 2763/527/446 2751/4/446
f 2763/527/447 2775/540/447 2776/541/447 2764/528/447
f 2764/528/448 2776/541/448 2777/542/448 2765/529/448
f 2765/529/449 2777/542/449 2778/543/449 2766/530/449
f 2766/530/450 2778/543/450 2779/544/450 2767/531/450
f 2767/531/566 2779/544/566 2780/545/566 2768/532/566
f 2768/532/452 2780/545/452 2781/546/452 2769/533/452
f 2769/534/453 2781/547/453 2782/548/453 2770/535/453
f 2770/535/532 2782/548/532 2783/549/532 2771/536/532
f 2771/536/455 2783/549/455 2784/550/455 2772/537/455
f 2772/537/456 2784/550/456 2785/551/456 2773/538/456
f 2773/538/560 2785/551/560 2786/552/560 2774/539/560
f 2774/539/458 2786/552/458 2775/540/458 2763/527/458
f 2775/540/459 2787/553/459 2788/554/459 2776/541/459
f 2776/541/595 2788/554/595 2789/555/595 2777/542/595
f 2777/542/461 2789/555/461 2790/556/461 2778/543/461
f 2778/543/462 2790/556/462 2791/557/462 2779/544/462
f 2779/544/463 2791/557/463 2792/558/463 2780/545/463
f 2780/545/464 2792/558/464 2793/559/464 2781/546/464
f 2781/547/465 2793/560/465 2794/561/465 2782/548/465
f 2782/548/466 2794/561/466 2795/562/466 2783/549/466
f 2783/549/467 2795/562/467 2796/563/467 2784/550/467
f 2784/550/468 2796/563/468 2797/564/468 2785/551/468
f 2785/551/548 2797/564/548 2798/565/548 2786/552/548
f 2786/552/470 2798/565/470 2787/553/470 2775/540/470
f 2787/553/471 2799/566/471 2800/567/471 2788/554/471
f 2788/554/580 2800/567/580 2801/568/580 2789/555/580
f 2789/555/473 2801/568/473 2802/569/473 2790/556/473
f 2790/556/474 2802/569/474 2803/570/474 2791/557/474
f 2791/557/475 2803/570/475 2804/571/475 2792/558/475
f 2792/558/476 2804/571/476 2805/275/476 2793/559/476
f 2793/560/477 2805/572/477 2806/573/477 2794/561/477
f 2794/561/478 2806/573/478 2807/574/478 2795/562/478
f 2795/562/479 2807/574/479 2808/575/479 2796/563/479
f 2796/563/480 2808/575/480 2809/576/480 2797/564/480
f 2797/564/581 2809/576/581 2810/577/581 2798/565/581
f 2798/565/482 2810/577/482 2799/566/482 2787/553/482
f 2799/566/483 2811/578/483 2812/579/483 2800/567/483
f 2800/567/522 2812/579/522 2813/580/522 2801/568/522
f 2801/568/485 2813/580/485 2814/581/485 2802/569/485
f 2802/569/486 2814/581/486 2815/582/486 2803/570/486
f 2803/570/521 2815/582/521 2816/583/521 2804/571/521
f 2804/571/488 2816/583/488 2817/584/488 2805/275/488
f 2805/572/489 2817/585/489 2818/586/489 2806/573/489
f 2806/573/490 2818/586/490 2819/587/490 2807/574/490
f 2807/574/491 2819/587/491 2820/588/491 2808/575/491
f 2808/575/492 2820/588/492 2821/589/492 2809/576/492
f 2809/576/561 2821/589/561 2822/590/561 2810/577/561
f 2810/577/494 2822/590/494 2811/578/494 2799/566/494
f 2811/578/495 2823/1/495 2824/591/495 2812/579/495
f 2812/579/496 2824/591/496 2825/592/496 2813/580/496
f 2813/580/497 2825/592/497 2826/593/497 2814/581/497
f 2814/581/498 2826/593/498 2827/594/498 2815/582/498
f 2815/582/582 2827/594/582 2828/595/582 2816/583/582
f 2816/583/500 2828/595/500 2829/2/500 2817/584/500
f 2817/585/501 2829/596/501 2830/597/501 2818/586/501
f 2818/586/596 2830/597/596 2831/598/596 2819/587/596
f 2819/587/503 2831/598/503 2832/280/503 2820/588/503
f 2820/588/504 2832/280/504 2833/599/504 2821/589/504
f 2821/589/505 2833/599/505 2834/600/505 2822/590/505
f 2822/590/506 2834/600/506 2823/1/506 2811/578/506
f 2823/601/224 2835/602/224 2836/603/224 2824/604/224
f 2824/604/536 2836/603/536 2837/605/536 2825/606/536
f 2825/606/222 2837/605/222 2838/607/222 2826/608/222
f 2826/608/221 2838/607/221 2839/609/221 2827/610/221
f 2827/610/220 2839/609/220 2840/611/220 2828/612/220
f 2828/612/219 2840/611/219 2841/613/219 2829/614/219
f 2829/615/230 2841/616/230 2842/617/230 2830/618/230
f 2830/618/229 2842/617/229 2843/619/229 2831/620/229
f 2831/620/228 2843/619/228 2844/621/228 2832/622/228
f 2832/622/227 2844/621/227 2845/623/227 2833/624/227
f 2833/624/226 2845/623/226 2846/625/226 2834/626/226
f 2834/626/225 2846/625/225 2835/602/225 2823/601/225
f 2835/602/236 2847/627/236 2848/628/236 2836/603/236
f 2836/603/235 2848/628/235 2849/629/235 2837/605/235
f 2837/605/234 2849/629/234 2850/630/234 2838/607/234
f 2838/607/233 2850/630/233 2851/631/233 2839/609/233
f 2839/609/232 2851/631/232 2852/632/232 2840/611/232
f 2840/611/231 2852/632/231 2853/633/231 2841/613/231
f 2841/616/242 2853/634/242 2854/635/242 2842/617/242
f 2842/617/241 2854/635/241 2855/636/241 2843/619/241
f 2843/619/240 2855/636/240 2856/637/240 2844/621/240
f 2844/621/239 2856/637/239 2857/638/239 2845/623/239
f 2845/623/552 2857/638/552 2858/639/552 2846/625/552
f 2846/625/237 2858/639/237 2847/627/237 2835/602/237
f 2847/627/248 2859/640/248 2860/641/248 2848/628/248
f 2848/628/247 2860/641/247 2861/642/247 2849/629/247
f 2849/629/246 2861/642/246 2862/643/246 2850/630/246
f 2850/630/245 2862/643/245 2863/644/245 2851/631/245
f 2851/631/244 2863/644/244 2864/645/244 2852/632/244
f 2852/632/243 2864/645/243 2865/646/243 2853/633/243
f 2853/634/254 2865/647/254 2866/648/254 2854/635/254
f 2854/635/555 2866/648/555 2867/649/555 2855/636/555
f 2855/636/252 2867/649/252 2868/650/252 2856/637/252
f 2856/637/251 2868/650/251 2869/651/251 2857/638/251
f 2857/638/250 2869/651/250 2870/652/250 2858/639/250
f 2858/639/249 2870/652/249 2859/640/249 2847/627/249
f 2859/640/260 2871/653/260 2872/654/260 2860/641/260
f 2860/641/509 2872/654/509 2873/655/509 2861/642/509
f 2861/642/258 2873/655/258 2874/656/258 2862/643/258
f 2862/643/257 2874/656/257 2875/657/257 2863/644/257
f 2863/644/510 2875/657/510 2876/658/510 2864/645/510
f 2864/645/255 2876/658/255 2877/659/255 2865/646/255
f 2865/647/266 2877/660/266 2878/661/266 2866/648/266
f 2866/648/511 2878/661/511 2879/662/511 2867/649/511
f 2867/649/264 2879/662/264 2880/663/264 2868/650/264
f 2868/650/263 2880/663/263 2881/664/263 2869/651/263
f 2869/651/512 2881/664/512 2882/665/512 2870/652/512
f 2870/652/261 2882/665/261 2871/653/261 2859/640/261
f 2871/653/272 2883/666/272 2884/667/272 2872/654/272
f 2872/654/271 2884/667/271 2885/668/271 2873/655/271
f 2873/655/270 2885/668/270 2886/669/270 2874/656/270
f 2874/656/269 2886/669/269 2887/670/269 2875/657/269
f 2875/657/571 2887/670/571 2888/671/571 2876/658/571
f 2876/658/267 2888/671/267 2889/672/267 2877/659/267
f 2877/660/278 2889/673/278 2890/674/278 2878/661/278
f 2878/661/277 2890/674/277 2891/675/277 2879/662/277
f 2879/662/276 2891/675/276 2892/676/276 2880/663/276
f 2880/663/275 2892/676/275 2893/677/275 2881/664/275
f 2881/664/514 2893/677/514 2894/678/514 2882/665/514
f 2882/665/273 2894/678/273 2883/666/273 2871/653/273
f 2883/666/284 2895/24/284 2896/679/284 2884/667/284
f 2884/667/283 2896/679/283 2897/680/283 2885/668/283
f 2885/668/282 2897/680/282 2898/681/282 2886/669/282
f 2886/669/281 2898/681/281 2899/682/281 2887/670/281
f 2887/670/597 2899/682/597 2900/683/597 2888/671/597
f 2888/671/279 2900/683/279 2901/23/279 2889/672/279
f 2889/673/290 2901/684/290 2902/685/290 2890/674/290
f 2890/674/289 2902/685/289 2903/686/289 2891/675/289
f 2891/675/288 2903/686/288 2904/687/288 2892/676/288
f 2892/676/287 2904/687/287 2905/688/287 2893/677/287
f 2893/677/286 2905/688/286 2906/689/286 2894/678/286
f 2894/678/285 2906/689/285 2895/24/285 2883/666/285
f 2895/24/296 2907/690/296 2908/691/296 2896/679/296
f 2896/679/295 2908/691/295 2909/692/295 2897/680/295
f 2897/680/294 2909/692/294 2910/693/294 2898/681/294
f 2898/681/293 2910/693/293 2911/694/293 2899/682/293
f 2899/682/598 2911/694/598 2912/695/598 2900/683/598
f 2900/683/291 2912/695/291 2913/696/291 2901/23/291
f 2901/684/302 2913/697/302 2914/698/302 2902/685/302
f 2902/685/576 2914/698/576 2915/699/576 2903/686/576
f 2903/686/300 2915/699/300 2916/700/300 2904/687/300
f 2904/687/299 2916/700/299 2917/701/299 2905/688/299
f 2905/688/590 2917/701/590 2918/702/590 2906/689/590
f 2906/689/297 2918/702/297 2907/690/297 2895/24/297
f 2907/690/308 2919/703/308 2920/704/308 2908/691/308
f 2908/691/307 2920/704/307 2921/705/307 2909/692/307
f 2909/692/306 2921/705/306 2922/706/306 2910/693/306
f 2910/693/305 2922/706/305 2923/707/305 2911/694/305
f 2911/694/304 2923/707/304 2924/708/304 2912/695/304
f 2912/695/303 2924/708/303 2925/709/303 2913/696/303
f 2913/697/314 2925/710/314 2926/711/314 2914/698/314
f 2914/698/313 2926/711/313 2927/712/313 2915/699/313
f 2915/699/312 2927/712/312 2928/713/312 2916/700/312
f 2916/700/311 2928/713/311 2929/714/311 2917/701/311
f 2917/701/599 2929/714/599 2930/715/599 2918/702/599
f 2918/702/309 2930/715/309 2919/703/309 2907/690/309
f 2919/703/320 2931/716/320 2932/717/320 2920/704/320
f 2920/704/319 2932/717/319 2933/718/319 2921/705/319
f 2921/705/318 2933/718/318 2934/719/318 2922/706/318
f 2922/706/317 2934/719/317 2935/720/317 2923/707/317
f 2923/707/316 2935/720/316 2936/721/316 2924/708/316
f 2924/708/315 2936/721/315 2937/722/315 2925/709/315
f 2925/710/326 2937/723/326 2938/724/326 2926/711/326
f 2926/711/325 2938/724/325 2939/725/325 2927/712/325
f 2927/712/324 2939/725/324 2940/726/324 2928/713/324
f 2928/713/323 2940/726/323 2941/727/323 2929/714/323
f 2929/714/322 2941/727/322 2942/728/322 2930/715/322
f 2930/715/321 2942/728/321 2931/716/321 2919/703/321
f 2931/716/332 2943/729/332 2944/730/332 2932/717/332
f 2932/717/600 2944/730/600 2945/731/600 2933/718/600
f 2933/718/330 2945/731/330 2946/732/330 2934/719/330
f 2934/719/329 2946/732/329 2947/733/329 2935/720/329
f 2935/720/542 2947/733/542 2948/734/542 2936/721/542
f 2936/721/327 2948/734/327 2949/735/327 2937/722/327
f 2937/723/338 2949/736/338 2950/737/338 2938/724/338
f 2938/724/337 2950/737/337 2951/738/337 2939/725/337
f 2939/725/336 2951/738/336 2952/739/336 2940/726/336
f 2940/726/335 2952/739/335 2953/740/335 2941/727/335
f 2941/727/601 2953/740/601 2954/741/601 2942/728/601
f 2942/728/333 2954/741/333 2943/729/333 2931/716/333
f 2943/729/344 2955/742/344 2956/743/344 2944/730/344
f 2944/730/343 2956/743/343 2957/744/343 2945/731/343
f 2945/731/342 2957/744/342 2958/745/342 2946/732/342
f 2946/732/341 2958/745/341 2959/746/341 2947/733/341
f 2947/733/340 2959/746/340 2960/747/340 2948/734/340
f 2948/734/339 2960/747/339 2961/748/339 2949/735/339
f 2949/736/350 2961/749/350 2962/750/350 2950/737/350
f 2950/737/349 2962/750/349 2963/751/349 2951/738/349
f 2951/738/348 2963/751/348 2964/752/348 2952/739/348
f 2952/739/347 2964/752/347 2965/753/347 2953/740/347
f 2953/740/346 2965/753/346 2966/754/346 2954/741/346
f 2954/741/345 2966/754/345 2955/742/345 2943/729/345
f 2955/742/356 2967/14/356 2968/755/356 2956/743/356
f 2956/743/355 2968/755/355 2969/756/355 2957/744/355
f 2957/744/354 2969/756/354 2970/757/354 2958/745/354
f 2958/745/353 2970/757/353 2971/758/353 2959/746/353
f 2959/746/530 2971/758/530 2972/759/530 2960/747/530
f 2960/747/351 2972/759/351 2973/13/351 2961/748/351
f 2961/749/362 2973/760/362 2974/761/362 2962/750/362
f 2962/750/531 2974/761/531 2975/762/531 2963/751/531
f 2963/751/360 2975/762/360 2976/248/360 2964/752/360
f 2964/752/359 2976/248/359 2977/763/359 2965/753/359
f 2965/753/358 2977/763/358 2978/764/358 2966/754/358
f 2966/754/357 2978/764/357 2967/14/357 2955/742/357
f 2967/14/368 2979/765/368 2980/766/368 2968/755/368
f 2968/755/602 2980/766/602 2981/767/602 2969/756/602
f 2969/756/366 2981/767/366 2982/768/366 2970/757/366
f 2970/757/365 2982/768/365 2983/769/365 2971/758/365
f 2971/758/516 2983/769/516 2984/770/516 2972/759/516
f 2972/759/363 2984/770/363 2985/771/363 2973/13/363
f 2973/760/374 2985/772/374 2986/773/374 2974/761/374
f 2974/761/373 2986/773/373 2987/774/373 2975/762/373
f 2975/762/372 2987/774/372 2988/775/372 2976/248/372
f 2976/248/371 2988/775/371 2989/776/371 2977/763/371
f 2977/763/370 2989/776/370 2990/777/370 2978/764/370
f 2978/764/369 2990/777/369 2979/765/369 2967/14/369
f 2979/765/380 2991/778/380 2992/779/380 2980/766/380
f 2980/766/379 2992/779/379 2993/780/379 2981/767/379
f 2981/767/378 2993/780/378 2994/781/378 2982/768/378
f 2982/768/377 2994/781/377 2995/782/377 2983/769/377
f 2983/769/376 2995/782/376 2996/783/376 2984/770/376
f 2984/770/375 2996/783/375 2997/784/375 2985/771/375
f 2985/772/386 2997/785/386 2998/786/386 2986/773/386
f 2986/773/385 2998/786/385 2999/787/385 2987/774/385
f 2987/774/384 2999/787/384 3000/788/384 2988/775/384
f 2988/775/383 3000/788/383 3001/789/383 2989/776/383
f 2989/776/382 3001/789/382 3002/790/382 2990/777/382
f 2990/777/381 3002/790/381 2991/778/381 2979/765/381
f 2991/778/392 3003/791/392 3004/792/392 2992/779/392
f 2992/779/391 3004/792/391 3005/793/391 2993/780/391
f 2993/780/390 3005/793/390 3006/794/390 2994/781/390
f 2994/781/389 3006/794/389 3007/795/389 2995/782/389
f 2995/782/556 3007/795/556 3008/796/556 2996/783/556
f 2996/783/387 3008/796/387 3009/797/387 2997/784/387
f 2997/785/398 3009/798/398 3010/799/398 2998/786/398
f 2998/786/603 3010/799/603 3011/800/603 2999/787/603
f 2999/787/396 3011/800/396 3012/801/396 3000/788/396
f 3000/788/395 3012/801/395 3013/802/395 3001/789/395
f 3001/789/578 3013/802/578 3014/803/578 3002/790/578
f 3002/790/393 3014/803/393 3003/791/393 2991/778/393
f 3003/791/404 3015/804/404 3016/805/404 3004/792/404
f 3004/792/403 3016/805/403 3017/806/403 3005/793/403
f 3005/793/402 3017/806/402 3018/807/402 3006/794/402
f 3006/794/401 3018/807/401 3019/808/401 3007/795/401
f 3007/795/400 3019/808/400 3020/809/400 3008/796/400
f 3008/796/399 3020/809/399 3021/810/399 3009/797/399
f 3009/798/410 3021/811/410 3022/812/410 3010/799/410
f 3010/799/546 3022/812/546 3023/813/546 3011/800/546
f 3011/800/408 3023/813/408 3024/814/408 3012/801/408
f 3012/801/407 3024/814/407 3025/815/407 3013/802/407
f 3013/802/406 3025/815/406 3026/816/406 3014/803/406
f 3014/803/405 3026/816/405 3015/804/405 3003/791/405
f 3015/804/416 3027/817/416 3028/818/416 3016/805/416
f 3016/805/415 3028/818/415 3029/819/415 3017/806/415
f 3017/806/414 3029/819/414 3030/820/414 3018/807/414
f 3018/807/413 3030/820/413 3031/821/413 3019/808/413
f 3019/808/412 3031/821/412 3032/822/412 3020/809/412
f 3020/809/411 3032/822/411 3033/823/411 3021/810/411
f 3021/811/422 3033/824/422 3034/825/422 3022/812/422
f 3022/812/421 3034/825/421 3035/826/421 3023/813/421
f 3023/813/420 3035/826/420 3036/827/420 3024/814/420
f 3024/814/419 3036/827/419 3037/828/419 3025/815/419
f 3025/815/604 3037/828/604 3038/829/604 3026/816/604
f 3026/816/417 3038/829/417 3027/817/417 3015/804/417
f 3027/817/428 3039/12/428 3040/830/428 3028/818/428
f 3028/818/427 3040/830/427 3041/831/427 3029/819/427
f 3029/819/426 3041/831/426 3042/832/426 3030/820/426
f 3030/820/425 3042/832/425 3043/833/425 3031/821/425
f 3031/821/424 3043/833/424 3044/834/424 3032/822/424
f 3032/822/423 3044/834/423 3045/11/423 3033/823/423
f 3033/824/434 3045/835/434 3046/836/434 3034/825/434
f 3034/825/547 3046/836/547 3047/837/547 3035/826/547
f 3035/826/432 3047/837/432 3048/838/432 3036/827/432
f 3036/827/431 3048/838/431 3049/839/431 3037/828/431
f 3037/828/430 3049/839/430 3050/840/430 3038/829/430
f 3038/829/429 3050/840/429 3039/12/429 3027/817/429
f 3039/12/440 3051/841/440 3052/842/440 3040/830/440
f 3040/830/439 3052/842/439 3053/843/439 3041/831/439
f 3041/831/438 3053/843/438 3054/844/438 3042/832/438
f 3042/832/437 3054/844/437 3055/845/437 3043/833/437
f 3043/833/605 3055/845/605 3056/846/605 3044/834/605
f 3044/834/435 3056/846/435 3057/847/435 3045/11/435
f 3045/835/446 3057/848/446 3058/849/446 3046/836/446
f 3046/836/445 3058/849/445 3059/850/445 3047/837/445
f 3047/837/444 3059/850/444 3060/851/444 3048/838/444
f 3048/838/443 3060/851/443 3061/852/443 3049/839/443
f 3049/839/558 3061/852/558 3062/853/558 3050/840/558
f 3050/840/441 3062/853/441 3051/841/441 3039/12/441
f 3051/841/452 3063/225/452 3064/854/452 3052/842/452
f 3052/842/451 3064/854/451 3065/855/451 3053/843/451
f 3053/843/450 3065/855/450 3066/227/450 3054/844/450
f 3054/844/449 3066/227/449 3067/856/449 3055/845/449
f 3055/845/448 3067/856/448 3068/857/448 3056/846/448
f 3056/846/447 3068/857/447 3069/858/447 3057/847/447
f 3057/848/458 3069/859/458 3070/860/458 3058/849/458
f 3058/849/560 3070/860/560 3071/861/560 3059/850/560
f 3059/850/456 3071/861/456 3072/228/456 3060/851/456
f 3060/851/455 3072/228/455 3073/862/455 3061/852/455
f 3061/852/532 3073/862/532 3074/863/532 3062/853/532
f 3062/853/453 3074/863/453 3063/225/453 3051/841/453
f 3063/225/464 3075/864/464 3076/865/464 3064/854/464
f 3064/854/463 3076/865/463 3077/866/463 3065/855/463
f 3065/855/462 3077/866/462 3078/867/462 3066/227/462
f 3066/227/461 3078/867/461 3079/868/461 3067/856/461
f 3067/856/460 3079/868/460 3080/869/460 3068/857/460
f 3068/857/459 3080/869/459 3081/870/459 3069/858/459
f 3069/859/470 3081/871/470 3082/872/470 3070/860/470
f 3070/860/469 3082/872/469 3083/873/469 3071/861/469
f 3071/861/468 3083/873/468 3084/874/468 3072/228/468
f 3072/228/467 3084/874/467 3085/875/467 3073/862/467
f 3073/862/466 3085/875/466 3086/876/466 3074/863/466
f 3074/863/465 3086/876/465 3075/864/465 3063/225/465
f 3075/864/476 3087/877/476 3088/878/476 3076/865/476
f 3076/865/606 3088/878/606 3089/879/606 3077/866/606
f 3077/866/474 3089/879/474 3090/880/474 3078/867/474
f 3078/867/473 3090/880/473 3091/881/473 3079/868/473
f 3079/868/580 3091/881/580 3092/882/580 3080/869/580
f 3080/869/471 3092/882/471 3093/883/471 3081/870/471
f 3081/871/482 3093/884/482 3094/885/482 3082/872/482
f 3082/872/581 3094/885/581 3095/886/581 3083/873/581
f 3083/873/480 3095/886/480 3096/887/480 3084/874/480
f 3084/874/479 3096/887/479 3097/888/479 3085/875/479
f 3085/875/478 3097/888/478 3098/889/478 3086/876/478
f 3086/876/477 3098/889/477 3087/877/477 3075/864/477
f 3087/877/488 3099/890/488 3100/891/488 3088/878/488
f 3088/878/487 3100/891/487 3101/892/487 3089/879/487
f 3089/879/486 3101/892/486 3102/893/486 3090/880/486
f 3090/880/485 3102/893/485 3103/894/485 3091/881/485
f 3091/881/484 3103/894/484 3104/895/484 3092/882/484
f 3092/882/483 3104/895/483 3105/896/483 3093/883/483
f 3093/884/494 3105/897/494 3106/898/494 3094/885/494
f 3094/885/493 3106/898/493 3107/899/493 3095/886/493
f 3095/886/492 3107/899/492 3108/900/492 3096/887/492
f 3096/887/491 3108/900/491 3109/901/491 3097/888/491
f 3097/888/568 3109/901/568 3110/902/568 3098/889/568
f 3098/889/489 3110/902/489 3099/890/489 3087/877/489
f 3099/890/500 2535/10/500 2536/301/500 3100/891/500
f 3100/891/523 2536/301/523 2537/303/523 3101/892/523
f 3101/892/498 2537/303/498 2538/305/498 3102/893/498
f 3102/893/497 2538/305/497 2539/307/497 3103/894/497
f 3103/894/534 2539/307/534 2540/309/534 3104/895/534
f 3104/895/495 2540/309/495 2541/9/495 3105/896/495
f 3105/897/506 2541/311/506 2542/314/506 3106/898/506
f 3106/898/535 2542/314/535 2543/316/535 3107/899/535
f 3107/899/504 2543/316/504 2544/219/504 3108/900/504
f 3108/900/503 2544/219/503 2545/319/503 3109/901/503
f 3109/901/502 2545/319/502 2546/321/502 3110/902/502
f 3110/902/501 2546/321/501 2535/10/501 3099/890/501
f 3111/10/219 3123/299/219 3124/300/219 3112/301/219
f 3112/301/507 3124/300/507 3125/302/507 3113/303/507
f 3113/303/221 3125/302/221 3126/304/221 3114/305/221
f 3114/305/222 3126/304/222 3127/306/222 3115/307/222
f 3115/307/223 3127/306/223 3128/308/223 3116/309/223
f 3116/309/224 3128/308/224 3129/310/224 3117/9/224
f 3117/311/225 3129/312/225 3130/313/225 3118/314/225
f 3118/314/226 3130/313/226 3131/315/226 3119/316/226
f 3119/316/227 3131/315/227 3132/317/227 3120/219/227
f 3120/219/228 3132/317/228 3133/318/228 3121/319/228
f 3121/319/229 3133/318/229 3134/320/229 3122/321/229
f 3122/321/230 3134/320/230 3123/299/230 3111/10/230
f 3123/299/231 3135/322/231 3136/323/231 3124/300/231
f 3124/300/232 3136/323/232 3137/324/232 3125/302/232
f 3125/302/233 3137/324/233 3138/325/233 3126/304/233
f 3126/304/234 3138/325/234 3139/326/234 3127/306/234
f 3127/306/235 3139/326/235 3140/327/235 3128/308/235
f 3128/308/236 3140/327/236 3141/223/236 3129/310/236
f 3129/312/237 3141/328/237 3142/329/237 3130/313/237
f 3130/313/238 3142/329/238 3143/330/238 3131/315/238
f 3131/315/239 3143/330/239 3144/331/239 3132/317/239
f 3132/317/240 3144/331/240 3145/332/240 3133/318/240
f 3133/318/241 3145/332/241 3146/333/241 3134/320/241
f 3134/320/242 3146/333/242 3135/322/242 3123/299/242
f 3135/322/243 3147/334/243 3148/335/243 3136/323/243
f 3136/323/244 3148/335/244 3149/336/244 3137/324/244
f 3137/324/245 3149/336/245 3150/337/245 3138/325/245
f 3138/325/246 3150/337/246 3151/338/246 3139/326/246
f 3139/326/247 3151/338/247 3152/339/247 3140/327/247
f 3140/327/248 3152/339/248 3153/340/248 3141/223/248
f 3141/328/249 3153/341/249 3154/342/249 3142/329/249
f 3142/329/250 3154/342/250 3155/343/250 3143/330/250
f 3143/330/251 3155/343/251 3156/344/251 3144/331/251
f 3144/331/252 3156/344/252 3157/345/252 3145/332/252
f 3145/332/253 3157/345/253 3158/346/253 3146/333/253
f 3146/333/254 3158/346/254 3147/334/254 3135/322/254
f 3147/334/255 3159/208/255 3160/347/255 3148/335/255
f 3148/335/256 3160/347/256 3161/348/256 3149/336/256
f 3149/336/257 3161/348/257 3162/210/257 3150/337/257
f 3150/337/258 3162/210/258 3163/349/258 3151/338/258
f 3151/338/509 3163/349/509 3164/350/509 3152/339/509
f 3152/339/260 3164/350/260 3165/351/260 3153/340/260
f 3153/341/261 3165/352/261 3166/353/261 3154/342/261
f 3154/342/512 3166/353/512 3167/354/512 3155/343/512
f 3155/343/263 3167/354/263 3168/215/263 3156/344/263
f 3156/344/264 3168/215/264 3169/355/264 3157/345/264
f 3157/345/265 3169/355/265 3170/356/265 3158/346/265
f 3158/346/266 3170/356/266 3159/208/266 3147/334/266
f 3159/208/267 3171/357/267 3172/358/267 3160/347/267
f 3160/347/268 3172/358/268 3173/359/268 3161/348/268
f 3161/348/269 3173/359/269 3174/360/269 3162/210/269
f 3162/210/270 3174/360/270 3175/361/270 3163/349/270
f 3163/349/271 3175/361/271 3176/362/271 3164/350/271
f 3164/350/272 3176/362/272 3177/363/272 3165/351/272
f 3165/352/273 3177/364/273 3178/365/273 3166/353/273
f 3166/353/274 3178/365/274 3179/366/274 3167/354/274
f 3167/354/275 3179/366/275 3180/367/275 3168/215/275
f 3168/215/276 3180/367/276 3181/368/276 3169/355/276
f 3169/355/277 3181/368/277 3182/369/277 3170/356/277
f 3170/356/278 3182/369/278 3171/357/278 3159/208/278
f 3171/357/279 3183/8/279 3184/370/279 3172/358/279
f 3172/358/280 3184/370/280 3185/371/280 3173/359/280
f 3173/359/281 3185/371/281 3186/372/281 3174/360/281
f 3174/360/282 3186/372/282 3187/373/282 3175/361/282
f 3175/361/283 3187/373/283 3188/374/283 3176/362/283
f 3176/362/284 3188/374/284 3189/7/284 3177/363/284
f 3177/364/285 3189/375/285 3190/376/285 3178/365/285
f 3178/365/286 3190/376/286 3191/377/286 3179/366/286
f 3179/366/287 3191/377/287 3192/378/287 3180/367/287
f 3180/367/288 3192/378/288 3193/379/288 3181/368/288
f 3181/368/289 3193/379/289 3194/380/289 3182/369/289
f 3182/369/290 3194/380/290 3183/8/290 3171/357/290
f 3183/8/291 3195/381/291 3196/382/291 3184/370/291
f 3184/370/292 3196/382/292 3197/383/292 3185/371/292
f 3185/371/293 3197/383/293 3198/384/293 3186/372/293
f 3186/372/294 3198/384/294 3199/385/294 3187/373/294
f 3187/373/295 3199/385/295 3200/386/295 3188/374/295
f 3188/374/296 3200/386/296 3201/387/296 3189/7/296
f 3189/375/297 3201/388/297 3202/389/297 3190/376/297
f 3190/376/298 3202/389/298 3203/390/298 3191/377/298
f 3191/377/299 3203/390/299 3204/391/299 3192/378/299
f 3192/378/300 3204/391/300 3205/392/300 3193/379/300
f 3193/379/301 3205/392/301 3206/393/301 3194/380/301
f 3194/380/302 3206/393/302 3195/381/302 3183/8/302
f 3195/381/303 3207/202/303 3208/394/303 3196/382/303
f 3196/382/304 3208/394/304 3209/395/304 3197/383/304
f 3197/383/305 3209/395/305 3210/196/305 3198/384/305
f 3198/384/306 3210/196/306 3211/396/306 3199/385/306
f 3199/385/307 3211/396/307 3212/397/307 3200/386/307
f 3200/386/308 3212/397/308 3213/398/308 3201/387/308
f 3201/388/309 3213/399/309 3214/400/309 3202/389/309
f 3202/389/310 3214/400/310 3215/401/310 3203/390/310
f 3203/390/311 3215/401/311 3216/199/311 3204/391/311
f 3204/391/312 3216/199/312 3217/402/312 3205/392/312
f 3205/392/313 3217/402/313 3218/403/313 3206/393/313
f 3206/393/314 3218/403/314 3207/202/314 3195/381/314
f 3207/202/315 3219/404/315 3220/405/315 3208/394/315
f 3208/394/316 3220/405/316 3221/406/316 3209/395/316
f 3209/395/317 3221/406/317 3222/407/317 3210/196/317
f 3210/196/318 3222/407/318 3223/408/318 3211/396/318
f 3211/396/319 3223/408/319 3224/409/319 3212/397/319
f 3212/397/320 3224/409/320 3225/410/320 3213/398/320
f 3213/399/321 3225/411/321 3226/412/321 3214/400/321
f 3214/400/322 3226/412/322 3227/413/322 3215/401/322
f 3215/401/323 3227/413/323 3228/414/323 3216/199/323
f 3216/199/324 3228/414/324 3229/415/324 3217/402/324
f 3217/402/325 3229/415/325 3230/416/325 3218/403/325
f 3218/403/326 3230/416/326 3219/404/326 3207/202/326
f 3219/404/327 3231/417/327 3232/418/327 3220/405/327
f 3220/405/328 3232/418/328 3233/419/328 3221/406/328
f 3221/406/329 3233/419/329 3234/420/329 3222/407/329
f 3222/407/330 3234/420/330 3235/421/330 3223/408/330
f 3223/408/331 3235/421/331 3236/422/331 3224/409/331
f 3224/409/332 3236/422/332 3237/206/332 3225/410/332
f 3225/411/333 3237/423/333 3238/424/333 3226/412/333
f 3226/412/334 3238/424/334 3239/425/334 3227/413/334
f 3227/413/335 3239/425/335 3240/426/335 3228/414/335
f 3228/414/336 3240/426/336 3241/427/336 3229/415/336
f 3229/415/337 3241/427/337 3242/428/337 3230/416/337
f 3230/416/338 3242/428/338 3231/417/338 3219/404/338
f 3231/417/339 3243/429/339 3244/430/339 3232/418/339
f 3232/418/340 3244/430/340 3245/431/340 3233/419/340
f 3233/419/341 3245/431/341 3246/432/341 3234/420/341
f 3234/420/342 3246/432/342 3247/433/342 3235/421/342
f 3235/421/343 3247/433/343 3248/434/343 3236/422/343
f 3236/422/344 3248/434/344 3249/435/344 3237/206/344
f 3237/423/345 3249/436/345 3250/437/345 3238/424/345
f 3238/424/346 3250/437/346 3251/438/346 3239/425/346
f 3239/425/347 3251/438/347 3252/439/347 3240/426/347
f 3240/426/348 3252/439/348 3253/440/348 3241/427/348
f 3241/427/349 3253/440/349 3254/441/349 3242/428/349
f 3242/428/350 3254/441/350 3243/429/350 3231/417/350
f 3243/429/351 3255/6/351 3256/442/351 3244/430/351
f 3244/430/352 3256/442/352 3257/443/352 3245/431/352
f 3245/431/353 3257/443/353 3258/193/353 3246/432/353
f 3246/432/354 3258/193/354 3259/444/354 3247/433/354
f 3247/433/355 3259/444/355 3260/445/355 3248/434/355
f 3248/434/356 3260/445/356 3261/5/356 3249/435/356
f 3249/436/357 3261/446/357 3262/447/357 3250/437/357
f 3250/437/358 3262/447/358 3263/448/358 3251/438/358
f 3251/438/359 3263/448/359 3264/198/359 3252/439/359
f 3252/439/360 3264/198/360 3265/449/360 3253/440/360
f 3253/440/361 3265/449/361 3266/450/361 3254/441/361
f 3254/441/362 3266/450/362 3255/6/362 3243/429/362
f 3255/6/363 3267/451/363 3268/452/363 3256/442/363
f 3256/442/516 3268/452/516 3269/453/516 3257/443/516
f 3257/443/365 3269/453/365 3270/454/365 3258/193/365
f 3258/193/366 3270/454/366 3271/455/366 3259/444/366
f 3259/444/367 3271/455/367 3272/456/367 3260/445/367
f 3260/445/368 3272/456/368 3273/457/368 3261/5/368
f 3261/446/369 3273/458/369 3274/459/369 3262/447/369
f 3262/447/370 3274/459/370 3275/460/370 3263/448/370
f 3263/448/371 3275/460/371 3276/461/371 3264/198/371
f 3264/198/372 3276/461/372 3277/462/372 3265/449/372
f 3265/449/517 3277/462/517 3278/463/517 3266/450/517
f 3266/450/374 3278/463/374 3267/451/374 3255/6/374
f 3267/451/375 3279/464/375 3280/465/375 3268/452/375
f 3268/452/376 3280/465/376 3281/466/376 3269/453/376
f 3269/453/377 3281/466/377 3282/467/377 3270/454/377
f 3270/454/378 3282/467/378 3283/468/378 3271/455/378
f 3271/455/379 3283/468/379 3284/469/379 3272/456/379
f 3272/456/380 3284/469/380 3285/470/380 3273/457/380
f 3273/458/381 3285/471/381 3286/472/381 3274/459/381
f 3274/459/382 3286/472/382 3287/473/382 3275/460/382
f 3275/460/383 3287/473/383 3288/474/383 3276/461/383
f 3276/461/384 3288/474/384 3289/475/384 3277/462/384
f 3277/462/385 3289/475/385 3290/476/385 3278/463/385
f 3278/463/386 3290/476/386 3279/464/386 3267/451/386
f 3279/464/387 3291/477/387 3292/478/387 3280/465/387
f 3280/465/388 3292/478/388 3293/479/388 3281/466/388
f 3281/466/389 3293/479/389 3294/480/389 3282/467/389
f 3282/467/390 3294/480/390 3295/481/390 3283/468/390
f 3283/468/391 3295/481/391 3296/482/391 3284/469/391
f 3284/469/392 3296/482/392 3297/483/392 3285/470/392
f 3285/471/393 3297/484/393 3298/485/393 3286/472/393
f 3286/472/394 3298/485/394 3299/486/394 3287/473/394
f 3287/473/395 3299/486/395 3300/487/395 3288/474/395
f 3288/474/396 3300/487/396 3301/488/396 3289/475/396
f 3289/475/397 3301/488/397 3302/489/397 3290/476/397
f 3290/476/398 3302/489/398 3291/477/398 3279/464/398
f 3291/477/399 3303/490/399 3304/491/399 3292/478/399
f 3292/478/400 3304/491/400 3305/492/400 3293/479/400
f 3293/479/401 3305/492/401 3306/493/401 3294/480/401
f 3294/480/402 3306/493/402 3307/494/402 3295/481/402
f 3295/481/403 3307/494/403 3308/495/403 3296/482/403
f 3296/482/404 3308/495/404 3309/496/404 3297/483/404
f 3297/484/405 3309/497/405 3310/498/405 3298/485/405
f 3298/485/406 3310/498/406 3311/499/406 3299/486/406
f 3299/486/407 3311/499/407 3312/500/407 3300/487/407
f 3300/487/408 3312/500/408 3313/501/408 3301/488/408
f 3301/488/409 3313/501/409 3314/502/409 3302/489/409
f 3302/489/410 3314/502/410 3303/490/410 3291/477/410
f 3303/490/411 3315/503/411 3316/504/411 3304/491/411
f 3304/491/412 3316/504/412 3317/505/412 3305/492/412
f 3305/492/413 3317/505/413 3318/506/413 3306/493/413
f 3306/493/414 3318/506/414 3319/507/414 3307/494/414
f 3307/494/415 3319/507/415 3320/508/415 3308/495/415
f 3308/495/416 3320/508/416 3321/509/416 3309/496/416
f 3309/497/417 3321/510/417 3322/511/417 3310/498/417
f 3310/498/418 3322/511/418 3323/512/418 3311/499/418
f 3311/499/419 3323/512/419 3324/513/419 3312/500/419
f 3312/500/420 3324/513/420 3325/514/420 3313/501/420
f 3313/501/421 3325/514/421 3326/515/421 3314/502/421
f 3314/502/422 3326/515/422 3315/503/422 3303/490/422
f 3315/503/423 3327/4/423 3328/516/423 3316/504/423
f 3316/504/424 3328/516/424 3329/517/424 3317/505/424
f 3317/505/425 3329/517/425 3330/518/425 3318/506/425
f 3318/506/426 3330/518/426 3331/519/426 3319/507/426
f 3319/507/427 3331/519/427 3332/520/427 3320/508/427
f 3320/508/428 3332/520/428 3333/3/428 3321/509/428
f 3321/510/429 3333/521/429 3334/522/429 3322/511/429
f 3322/511/430 3334/522/430 3335/523/430 3323/512/430
f 3323/512/431 3335/523/431 3336/524/431 3324/513/431
f 3324/513/432 3336/524/432 3337/525/432 3325/514/432
f 3325/514/433 3337/525/433 3338/526/433 3326/515/433
f 3326/515/434 3338/526/434 3327/4/434 3315/503/434
f 3327/4/435 3339/527/435 3340/528/435 3328/516/435
f 3328/516/436 3340/528/436 3341/529/436 3329/517/436
f 3329/517/437 3341/529/437 3342/530/437 3330/518/437
f 3330/518/438 3342/530/438 3343/531/438 3331/519/438
f 3331/519/439 3343/531/439 3344/532/439 3332/520/439
f 3332/520/440 3344/532/440 3345/533/440 3333/3/440
f 3333/521/441 3345/534/441 3346/535/441 3334/522/441
f 3334/522/442 3346/535/442 3347/536/442 3335/523/442
f 3335/523/443 3347/536/443 3348/537/443 3336/524/443
f 3336/524/444 3348/537/444 3349/538/444 3337/525/444
f 3337/525/445 3349/538/445 3350/539/445 3338/526/445
f 3338/526/446 3350/539/446 3339/527/446 3327/4/446
f 3339/527/447 3351/540/447 3352/541/447 3340/528/447
f 3340/528/518 3352/541/518 3353/542/518 3341/529/518
f 3341/529/449 3353/542/449 3354/543/449 3342/530/449
f 3342/530/450 3354/543/450 3355/544/450 3343/531/450
f 3343/531/451 3355/544/451 3356/545/451 3344/532/451
f 3344/532/452 3356/545/452 3357/546/452 3345/533/452
f 3345/534/453 3357/547/453 3358/548/453 3346/535/453
f 3346/535/454 3358/548/454 3359/549/454 3347/536/454
f 3347/536/455 3359/549/455 3360/550/455 3348/537/455
f 3348/537/456 3360/550/456 3361/551/456 3349/538/456
f 3349/538/457 3361/551/457 3362/552/457 3350/539/457
f 3350/539/458 3362/552/458 3351/540/458 3339/527/458
f 3351/540/459 3363/553/459 3364/554/459 3352/541/459
f 3352/541/460 3364/554/460 3365/555/460 3353/542/460
f 3353/542/461 3365/555/461 3366/556/461 3354/543/461
f 3354/543/462 3366/556/462 3367/557/462 3355/544/462
f 3355/544/519 3367/557/519 3368/558/519 3356/545/519
f 3356/545/464 3368/558/464 3369/559/464 3357/546/464
f 3357/547/465 3369/560/465 3370/561/465 3358/548/465
f 3358/548/520 3370/561/520 3371/562/520 3359/549/520
f 3359/549/467 3371/562/467 3372/563/467 3360/550/467
f 3360/550/468 3372/563/468 3373/564/468 3361/551/468
f 3361/551/469 3373/564/469 3374/565/469 3362/552/469
f 3362/552/470 3374/565/470 3363/553/470 3351/540/470
f 3363/553/471 3375/566/471 3376/567/471 3364/554/471
f 3364/554/472 3376/567/472 3377/568/472 3365/555/472
f 3365/555/473 3377/568/473 3378/569/473 3366/556/473
f 3366/556/474 3378/569/474 3379/570/474 3367/557/474
f 3367/557/475 3379/570/475 3380/571/475 3368/558/475
f 3368/558/476 3380/571/476 3381/275/476 3369/559/476
f 3369/560/477 3381/572/477 3382/573/477 3370/561/477
f 3370/561/478 3382/573/478 3383/574/478 3371/562/478
f 3371/562/479 3383/574/479 3384/575/479 3372/563/479
f 3372/563/480 3384/575/480 3385/576/480 3373/564/480
f 3373/564/481 3385/576/481 3386/577/481 3374/565/481
f 3374/565/482 3386/577/482 3375/566/482 3363/553/482
f 3375/566/483 3387/578/483 3388/579/483 3376/567/483
f 3376/567/522 3388/579/522 3389/580/522 3377/568/522
f 3377/568/485 3389/580/485 3390/581/485 3378/569/485
f 3378/569/486 3390/581/486 3391/582/486 3379/570/486
f 3379/570/487 3391/582/487 3392/583/487 3380/571/487
f 3380/571/488 3392/583/488 3393/584/488 3381/275/488
f 3381/572/489 3393/585/489 3394/586/489 3382/573/489
f 3382/573/490 3394/586/490 3395/587/490 3383/574/490
f 3383/574/491 3395/587/491 3396/588/491 3384/575/491
f 3384/575/492 3396/588/492 3397/589/492 3385/576/492
f 3385/576/493 3397/589/493 3398/590/493 3386/577/493
f 3386/577/494 3398/590/494 3387/578/494 3375/566/494
f 3387/578/495 3399/1/495 3400/591/495 3388/579/495
f 3388/579/496 3400/591/496 3401/592/496 3389/580/496
f 3389/580/497 3401/592/497 3402/593/497 3390/581/497
f 3390/581/498 3402/593/498 3403/594/498 3391/582/498
f 3391/582/582 3403/594/582 3404/595/582 3392/583/582
f 3392/583/500 3404/595/500 3405/2/500 3393/584/500
f 3393/585/501 3405/596/501 3406/597/501 3394/586/501
f 3394/586/524 3406/597/524 3407/598/524 3395/587/524
f 3395/587/503 3407/598/503 3408/280/503 3396/588/503
f 3396/588/504 3408/280/504 3409/599/504 3397/589/504
f 3397/589/505 3409/599/505 3410/600/505 3398/590/505
f 3398/590/506 3410/600/506 3399/1/506 3387/578/506
f 3399/601/224 3411/602/224 3412/603/224 3400/604/224
f 3400/604/223 3412/603/223 3413/605/223 3401/606/223
f 3401/606/222 3413/605/222 3414/607/222 3402/608/222
f 3402/608/221 3414/607/221 3415/609/221 3403/610/221
f 3403/610/507 3415/609/507 3416/611/507 3404/612/507
f 3404/612/219 3416/611/219 3417/613/219 3405/614/219
f 3405/615/230 3417/616/230 3418/617/230 3406/618/230
f 3406/618/229 3418/617/229 3419/619/229 3407/620/229
f 3407/620/228 3419/619/228 3420/621/228 3408/622/228
f 3408/622/227 3420/621/227 3421/623/227 3409/624/227
f 3409/624/226 3421/623/226 3422/625/226 3410/626/226
f 3410/626/225 3422/625/225 3411/602/225 3399/601/225
f 3411/602/236 3423/627/236 3424/628/236 3412/603/236
f 3412/603/235 3424/628/235 3425/629/235 3413/605/235
f 3413/605/234 3425/629/234 3426/630/234 3414/607/234
f 3414/607/233 3426/630/233 3427/631/233 3415/609/233
f 3415/609/232 3427/631/232 3428/632/232 3416/611/232
f 3416/611/231 3428/632/231 3429/633/231 3417/613/231
f 3417/616/242 3429/634/242 3430/635/242 3418/617/242
f 3418/617/241 3430/635/241 3431/636/241 3419/619/241
f 3419/619/240 3431/636/240 3432/637/240 3420/621/240
f 3420/621/239 3432/637/239 3433/638/239 3421/623/239
f 3421/623/238 3433/638/238 3434/639/238 3422/625/238
f 3422/625/237 3434/639/237 3423/627/237 3411/602/237
f 3423/627/248 3435/640/248 3436/641/248 3424/628/248
f 3424/628/247 3436/641/247 3437/642/247 3425/629/247
f 3425/629/246 3437/642/246 3438/643/246 3426/630/246
f 3426/630/245 3438/643/245 3439/644/245 3427/631/245
f 3427/631/244 3439/644/244 3440/645/244 3428/632/244
f 3428/632/243 3440/645/243 3441/646/243 3429/633/243
f 3429/634/254 3441/647/254 3442/648/254 3430/635/254
f 3430/635/253 3442/648/253 3443/649/253 3431/636/253
f 3431/636/252 3443/649/252 3444/650/252 3432/637/252
f 3432/637/251 3444/650/251 3445/651/251 3433/638/251
f 3433/638/250 3445/651/250 3446/652/250 3434/639/250
f 3434/639/249 3446/652/249 3435/640/249 3423/627/249
f 3435/640/260 3447/653/260 3448/654/260 3436/641/260
f 3436/641/509 3448/654/509 3449/655/509 3437/642/509
f 3437/642/258 3449/655/258 3450/656/258 3438/643/258
f 3438/643/257 3450/656/257 3451/657/257 3439/644/257
f 3439/644/256 3451/657/256 3452/658/256 3440/645/256
f 3440/645/255 3452/658/255 3453/659/255 3441/646/255
f 3441/647/266 3453/660/266 3454/661/266 3442/648/266
f 3442/648/265 3454/661/265 3455/662/265 3443/649/265
f 3443/649/264 3455/662/264 3456/663/264 3444/650/264
f 3444/650/263 3456/663/263 3457/664/263 3445/651/263
f 3445/651/512 3457/664/512 3458/665/512 3446/652/512
f 3446/652/261 3458/665/261 3447/653/261 3435/640/261
f 3447/653/272 3459/666/272 3460/667/272 3448/654/272
f 3448/654/271 3460/667/271 3461/668/271 3449/655/271
f 3449/655/270 3461/668/270 3462/669/270 3450/656/270
f 3450/656/269 3462/669/269 3463/670/269 3451/657/269
f 3451/657/268 3463/670/268 3464/671/268 3452/658/268
f 3452/658/267 3464/671/267 3465/672/267 3453/659/267
f 3453/660/278 3465/673/278 3466/674/278 3454/661/278
f 3454/661/277 3466/674/277 3467/675/277 3455/662/277
f 3455/662/276 3467/675/276 3468/676/276 3456/663/276
f 3456/663/275 3468/676/275 3469/677/275 3457/664/275
f 3457/664/274 3469/677/274 3470/678/274 3458/665/274
f 3458/665/273 3470/678/273 3459/666/273 3447/653/273
f 3459/666/284 3471/24/284 3472/679/284 3460/667/284
f 3460/667/283 3472/679/283 3473/680/283 3461/668/283
f 3461/668/282 3473/680/282 3474/681/282 3462/669/282
f 3462/669/281 3474/681/281 3475/682/281 3463/670/281
f 3463/670/280 3475/682/280 3476/683/280 3464/671/280
f 3464/671/279 3476/683/279 3477/23/279 3465/672/279
f 3465/673/290 3477/684/290 3478/685/290 3466/674/290
f 3466/674/289 3478/685/289 3479/686/289 3467/675/289
f 3467/675/288 3479/686/288 3480/687/288 3468/676/288
f 3468/676/287 3480/687/287 3481/688/287 3469/677/287
f 3469/677/286 3481/688/286 3482/689/286 3470/678/286
f 3470/678/285 3482/689/285 3471/24/285 3459/666/285
f 3471/24/296 3483/690/296 3484/691/296 3472/679/296
f 3472/679/295 3484/691/295 3485/692/295 3473/680/295
f 3473/680/294 3485/692/294 3486/693/294 3474/681/294
f 3474/681/293 3486/693/293 3487/694/293 3475/682/293
f 3475/682/292 3487/694/292 3488/695/292 3476/683/292
f 3476/683/291 3488/695/291 3489/696/291 3477/23/291
f 3477/684/302 3489/697/302 3490/698/302 3478/685/302
f 3478/685/301 3490/698/301 3491/699/301 3479/686/301
f 3479/686/300 3491/699/300 3492/700/300 3480/687/300
f 3480/687/299 3492/700/299 3493/701/299 3481/688/299
f 3481/688/298 3493/701/298 3494/702/298 3482/689/298
f 3482/689/297 3494/702/297 3483/690/297 3471/24/297
f 3483/690/308 3495/703/308 3496/704/308 3484/691/308
f 3484/691/307 3496/704/307 3497/705/307 3485/692/307
f 3485/692/306 3497/705/306 3498/706/306 3486/693/306
f 3486/693/305 3498/706/305 3499/707/305 3487/694/305
f 3487/694/304 3499/707/304 3500/708/304 3488/695/304
f 3488/695/303 3500/708/303 3501/709/303 3489/696/303
f 3489/697/314 3501/710/314 3502/711/314 3490/698/314
f 3490/698/313 3502/711/313 3503/712/313 3491/699/313
f 3491/699/312 3503/712/312 3504/713/312 3492/700/312
f 3492/700/311 3504/713/311 3505/714/311 3493/701/311
f 3493/701/310 3505/714/310 3506/715/310 3494/702/310
f 3494/702/309 3506/715/309 3495/703/309 3483/690/309
f 3495/703/320 3507/716/320 3508/717/320 3496/704/320
f 3496/704/319 3508/717/319 3509/718/319 3497/705/319
f 3497/705/318 3509/718/318 3510/719/318 3498/706/318
f 3498/706/317 3510/719/317 3511/720/317 3499/707/317
f 3499/707/316 3511/720/316 3512/721/316 3500/708/316
f 3500/708/315 3512/721/315 3513/722/315 3501/709/315
f 3501/710/326 3513/723/326 3514/724/326 3502/711/326
f 3502/711/325 3514/724/325 3515/725/325 3503/712/325
f 3503/712/324 3515/725/324 3516/726/324 3504/713/324
f 3504/713/323 3516/726/323 3517/727/323 3505/714/323
f 3505/714/322 3517/727/322 3518/728/322 3506/715/322
f 3506/715/321 3518/728/321 3507/716/321 3495/703/321
f 3507/716/332 3519/729/332 3520/730/332 3508/717/332
f 3508/717/331 3520/730/331 3521/731/331 3509/718/331
f 3509/718/330 3521/731/330 3522/732/330 3510/719/330
f 3510/719/329 3522/732/329 3523/733/329 3511/720/329
f 3511/720/328 3523/733/328 3524/734/328 3512/721/328
f 3512/721/327 3524/734/327 3525/735/327 3513/722/327
f 3513/723/338 3525/736/338 3526/737/338 3514/724/338
f 3514/724/337 3526/737/337 3527/738/337 3515/725/337
f 3515/725/336 3527/738/336 3528/739/336 3516/726/336
f 3516/726/335 3528/739/335 3529/740/335 3517/727/335
f 3517/727/334 3529/740/334 3530/741/334 3518/728/334
f 3518/728/333 3530/741/333 3519/729/333 3507/716/333
f 3519/729/344 3531/742/344 3532/743/344 3520/730/344
f 3520/730/343 3532/743/343 3533/744/343 3521/731/343
f 3521/731/342 3533/744/342 3534/745/342 3522/732/342
f 3522/732/341 3534/745/341 3535/746/341 3523/733/341
f 3523/733/340 3535/746/340 3536/747/340 3524/734/340
f 3524/734/339 3536/747/339 3537/748/339 3525/735/339
f 3525/736/350 3537/749/350 3538/750/350 3526/737/350
f 3526/737/349 3538/750/349 3539/751/349 3527/738/349
f 3527/738/348 3539/751/348 3540/752/348 3528/739/348
f 3528/739/347 3540/752/347 3541/753/347 3529/740/347
f 3529/740/346 3541/753/346 3542/754/346 3530/741/346
f 3530/741/345 3542/754/345 3531/742/345 3519/729/345
f 3531/742/356 3543/14/356 3544/755/356 3532/743/356
f 3532/743/355 3544/755/355 3545/756/355 3533/744/355
f 3533/744/354 3545/756/354 3546/757/354 3534/745/354
f 3534/745/353 3546/757/353 3547/758/353 3535/746/353
f 3535/746/352 3547/758/352 3548/759/352 3536/747/352
f 3536/747/351 3548/759/351 3549/13/351 3537/748/351
f 3537/749/362 3549/760/362 3550/761/362 3538/750/362
f 3538/750/361 3550/761/361 3551/762/361 3539/751/361
f 3539/751/360 3551/762/360 3552/248/360 3540/752/360
f 3540/752/359 3552/248/359 3553/763/359 3541/753/359
f 3541/753/358 3553/763/358 3554/764/358 3542/754/358
f 3542/754/357 3554/764/357 3543/14/357 3531/742/357
f 3543/14/368 3555/765/368 3556/766/368 3544/755/368
f 3544/755/367 3556/766/367 3557/767/367 3545/756/367
f 3545/756/366 3557/767/366 3558/768/366 3546/757/366
f 3546/757/365 3558/768/365 3559/769/365 3547/758/365
f 3547/758/516 3559/769/516 3560/770/516 3548/759/516
f 3548/759/363 3560/770/363 3561/771/363 3549/13/363
f 3549/760/374 3561/772/374 3562/773/374 3550/761/374
f 3550/761/517 3562/773/517 3563/774/517 3551/762/517
f 3551/762/372 3563/774/372 3564/775/372 3552/248/372
f 3552/248/371 3564/775/371 3565/776/371 3553/763/371
f 3553/763/370 3565/776/370 3566/777/370 3554/764/370
f 3554/764/369 3566/777/369 3555/765/369 3543/14/369
f 3555/765/380 3567/778/380 3568/779/380 3556/766/380
f 3556/766/379 3568/779/379 3569/780/379 3557/767/379
f 3557/767/378 3569/780/378 3570/781/378 3558/768/378
f 3558/768/377 3570/781/377 3571/782/377 3559/769/377
f 3559/769/376 3571/782/376 3572/783/376 3560/770/376
f 3560/770/375 3572/783/375 3573/784/375 3561/771/375
f 3561/772/386 3573/785/386 3574/786/386 3562/773/386
f 3562/773/385 3574/786/385 3575/787/385 3563/774/385
f 3563/774/384 3575/787/384 3576/788/384 3564/775/384
f 3564/775/383 3576/788/383 3577/789/383 3565/776/383
f 3565/776/382 3577/789/382 3578/790/382 3566/777/382
f 3566/777/381 3578/790/381 3567/778/381 3555/765/381
f 3567/778/392 3579/791/392 3580/792/392 3568/779/392
f 3568/779/391 3580/792/391 3581/793/391 3569/780/391
f 3569/780/390 3581/793/390 3582/794/390 3570/781/390
f 3570/781/389 3582/794/389 3583/795/389 3571/782/389
f 3571/782/388 3583/795/388 3584/796/388 3572/783/388
f 3572/783/387 3584/796/387 3585/797/387 3573/784/387
f 3573/785/398 3585/798/398 3586/799/398 3574/786/398
f 3574/786/397 3586/799/397 3587/800/397 3575/787/397
f 3575/787/396 3587/800/396 3588/801/396 3576/788/396
f 3576/788/395 3588/801/395 3589/802/395 3577/789/395
f 3577/789/394 3589/802/394 3590/803/394 3578/790/394
f 3578/790/393 3590/803/393 3579/791/393 3567/778/393
f 3579/791/404 3591/804/404 3592/805/404 3580/792/404
f 3580/792/403 3592/805/403 3593/806/403 3581/793/403
f 3581/793/402 3593/806/402 3594/807/402 3582/794/402
f 3582/794/401 3594/807/401 3595/808/401 3583/795/401
f 3583/795/400 3595/808/400 3596/809/400 3584/796/400
f 3584/796/399 3596/809/399 3597/810/399 3585/797/399
f 3585/798/410 3597/811/410 3598/812/410 3586/799/410
f 3586/799/409 3598/812/409 3599/813/409 3587/800/409
f 3587/800/408 3599/813/408 3600/814/408 3588/801/408
f 3588/801/407 3600/814/407 3601/815/407 3589/802/407
f 3589/802/406 3601/815/406 3602/816/406 3590/803/406
f 3590/803/405 3602/816/405 3591/804/405 3579/791/405
f 3591/804/416 3603/817/416 3604/818/416 3592/805/416
f 3592/805/415 3604/818/415 3605/819/415 3593/806/415
f 3593/806/414 3605/819/414 3606/820/414 3594/807/414
f 3594/807/413 3606/820/413 3607/821/413 3595/808/413
f 3595/808/412 3607/821/412 3608/822/412 3596/809/412
f 3596/809/411 3608/822/411 3609/823/411 3597/810/411
f 3597/811/422 3609/824/422 3610/825/422 3598/812/422
f 3598/812/421 3610/825/421 3611/826/421 3599/813/421
f 3599/813/420 3611/826/420 3612/827/420 3600/814/420
f 3600/814/419 3612/827/419 3613/828/419 3601/815/419
f 3601/815/418 3613/828/418 3614/829/418 3602/816/418
f 3602/816/417 3614/829/417 3603/817/417 3591/804/417
f 3603/817/428 3615/12/428 3616/830/428 3604/818/428
f 3604/818/427 3616/830/427 3617/831/427 3605/819/427
f 3605/819/426 3617/831/426 3618/832/426 3606/820/426
f 3606/820/425 3618/832/425 3619/833/425 3607/821/425
f 3607/821/424 3619/833/424 3620/834/424 3608/822/424
f 3608/822/423 3620/834/423 3621/11/423 3609/823/423
f 3609/824/434 3621/835/434 3622/836/434 3610/825/434
f 3610/825/433 3622/836/433 3623/837/433 3611/826/433
f 3611/826/432 3623/837/432 3624/838/432 3612/827/432
f 3612/827/431 3624/838/431 3625/839/431 3613/828/431
f 3613/828/430 3625/839/430 3626/840/430 3614/829/430
f 3614/829/429 3626/840/429 3615/12/429 3603/817/429
f 3615/12/440 3627/841/440 3628/842/440 3616/830/440
f 3616/830/439 3628/842/439 3629/843/439 3617/831/439
f 3617/831/438 3629/843/438 3630/844/438 3618/832/438
f 3618/832/437 3630/844/437 3631/845/437 3619/833/437
f 3619/833/436 3631/845/436 3632/846/436 3620/834/436
f 3620/834/435 3632/846/435 3633/847/435 3621/11/435
f 3621/835/446 3633/848/446 3634/849/446 3622/836/446
f 3622/836/445 3634/849/445 3635/850/445 3623/837/445
f 3623/837/444 3635/850/444 3636/851/444 3624/838/444
f 3624/838/443 3636/851/443 3637/852/443 3625/839/443
f 3625/839/442 3637/852/442 3638/853/442 3626/840/442
f 3626/840/441 3638/853/441 3627/841/441 3615/12/441
f 3627/841/452 3639/225/452 3640/854/452 3628/842/452
f 3628/842/451 3640/854/451 3641/855/451 3629/843/451
f 3629/843/450 3641/855/450 3642/227/450 3630/844/450
f 3630/844/449 3642/227/449 3643/856/449 3631/845/449
f 3631/845/518 3643/856/518 3644/857/518 3632/846/518
f 3632/846/447 3644/857/447 3645/858/447 3633/847/447
f 3633/848/458 3645/859/458 3646/860/458 3634/849/458
f 3634/849/457 3646/860/457 3647/861/457 3635/850/457
f 3635/850/456 3647/861/456 3648/228/456 3636/851/456
f 3636/851/455 3648/228/455 3649/862/455 3637/852/455
f 3637/852/454 3649/862/454 3650/863/454 3638/853/454
f 3638/853/453 3650/863/453 3639/225/453 3627/841/453
f 3639/225/464 3651/864/464 3652/865/464 3640/854/464
f 3640/854/519 3652/865/519 3653/866/519 3641/855/519
f 3641/855/462 3653/866/462 3654/867/462 3642/227/462
f 3642/227/461 3654/867/461 3655/868/461 3643/856/461
f 3643/856/460 3655/868/460 3656/869/460 3644/857/460
f 3644/857/459 3656/869/459 3657/870/459 3645/858/459
f 3645/859/470 3657/871/470 3658/872/470 3646/860/470
f 3646/860/469 3658/872/469 3659/873/469 3647/861/469
f 3647/861/468 3659/873/468 3660/874/468 3648/228/468
f 3648/228/467 3660/874/467 3661/875/467 3649/862/467
f 3649/862/520 3661/875/520 3662/876/520 3650/863/520
f 3650/863/465 3662/876/465 3651/864/465 3639/225/465
f 3651/864/476 3663/877/476 3664/878/476 3652/865/476
f 3652/865/475 3664/878/475 3665/879/475 3653/866/475
f 3653/866/474 3665/879/474 3666/880/474 3654/867/474
f 3654/867/473 3666/880/473 3667/881/473 3655/868/473
f 3655/868/472 3667/881/472 3668/882/472 3656/869/472
f 3656/869/471 3668/882/471 3669/883/471 3657/870/471
f 3657/871/482 3669/884/482 3670/885/482 3658/872/482
f 3658/872/481 3670/885/481 3671/886/481 3659/873/481
f 3659/873/480 3671/886/480 3672/887/480 3660/874/480
f 3660/874/479 3672/887/479 3673/888/479 3661/875/479
f 3661/875/478 3673/888/478 3674/889/478 3662/876/478
f 3662/876/477 3674/889/477 3663/877/477 3651/864/477
f 3663/877/488 3675/890/488 3676/891/488 3664/878/488
f 3664/878/487 3676/891/487 3677/892/487 3665/879/487
f 3665/879/486 3677/892/486 3678/893/486 3666/880/486
f 3666/880/485 3678/893/485 3679/894/485 3667/881/485
f 3667/881/522 3679/894/522 3680/895/522 3668/882/522
f 3668/882/483 3680/895/483 3681/896/483 3669/883/483
f 3669/884/494 3681/897/494 3682/898/494 3670/885/494
f 3670/885/493 3682/898/493 3683/899/493 3671/886/493
f 3671/886/492 3683/899/492 3684/900/492 3672/887/492
f 3672/887/491 3684/900/491 3685/901/491 3673/888/491
f 3673/888/490 3685/901/490 3686/902/490 3674/889/490
f 3674/889/489 3686/902/489 3675/890/489 3663/877/489
f 3675/890/500 3111/10/500 3112/301/500 3676/891/500
f 3676/891/582 3112/301/582 3113/303/582 3677/892/582
f 3677/892/498 3113/303/498 3114/305/498 3678/893/498
f 3678/893/497 3114/305/497 3115/307/497 3679/894/497
f 3679/894/496 3115/307/496 3116/309/496 3680/895/496
f 3680/895/495 3116/309/495 3117/9/495 3681/896/495
f 3681/897/506 3117/311/506 3118/314/506 3682/898/506
f 3682/898/505 3118/314/505 3119/316/505 3683/899/505
f 3683/899/504 3119/316/504 3120/219/504 3684/900/504
f 3684/900/503 3120/219/503 3121/319/503 3685/901/503
f 3685/901/524 3121/319/524 3122/321/524 3686/902/524
f 3686/902/501 3122/321/501 3111/10/501 3675/890/501
f 3687/1/607 3688/2/607 3690/3/607 3689/4/607
f 3689/4/608 3690/3/608 3692/5/608 3691/6/608
f 3691/6/609 3692/5/609 3694/7/609 3693/8/609
f 3693/8/610 3694/7/610 3696/9/610 3695/10/610
f 3695/10/611 3696/9/611 3698/11/611 3697/12/611
f 3697/12/612 3698/11/612 3700/13/612 3699/14/612
f 3690/15/7 3688/16/7 3702/17/7 3700/18/7 3698/19/7 3696/20/7 3694/21/7 3692/22/7
f 3699/14/613 3700/13/613 3702/23/613 3701/24/613
f 3701/24/614 3702/23/614 3688/25/614 3687/26/614
f 3687/27/10 3689/28/10 3691/29/10 3693/30/10 3695/31/10 3697/32/10 3699/33/10 3701/34/10
s 1
usemtl PC_Kafan
f 142/35/11 18/36/12 25/37/13 26/38/14
f 23/39/15 22/40/16 32/41/17 33/42/18
f 143/43/19 21/44/20 29/45/21 30/46/22
f 19/47/23 142/35/11 26/38/14 27/48/24
f 24/49/10 23/39/15 33/42/18
f 144/50/25 143/43/19 30/46/22 31/51/26
f 20/52/27 19/47/23 27/48/24 28/53/28
f 18/36/12 17/54/7 25/37/13
f 22/40/16 144/50/25 31/51/26 32/41/17
f 21/44/20 20/52/27 28/53/28 29/45/21
f 26/38/14 25/37/13 34/55/29 35/56/30
f 33/42/18 32/41/17 41/57/31 42/58/32
f 30/46/22 29/45/21 38/59/33 39/60/34
f 27/48/24 26/38/14 35/56/30 36/61/35
f 24/62/10 33/42/18 42/58/32
f 31/51/26 30/46/22 39/60/34 40/63/36
f 28/53/28 27/48/24 36/61/35 37/64/37
f 25/37/13 17/65/7 34/55/29
f 32/41/17 31/51/26 40/63/36 41/57/31
f 29/45/21 28/53/28 37/64/37 38/59/33
f 38/59/33 37/64/37 46/66/38 47/10/39
f 35/56/30 34/55/29 43/67/40 44/68/41
f 42/58/32 41/57/31 50/69/42 51/70/43
f 39/60/34 38/59/33 47/10/39 48/71/44
f 36/61/35 35/56/30 44/68/41 45/72/45
f 24/73/10 42/58/32 51/70/43
f 40/63/36 39/60/34 48/71/44 49/74/46
f 37/64/37 36/61/35 45/72/45 46/66/38
f 34/55/29 17/75/7 43/67/40
f 41/57/31 40/63/36 49/74/46 50/69/42
f 43/67/40 17/76/7 52/77/47
f 50/69/42 49/74/46 58/78/48 59/79/49
f 47/10/39 46/66/38 55/80/50 56/81/51
f 44/68/41 43/67/40 52/77/47 53/82/52
f 51/70/43 50/69/42 59/79/49 60/83/53
f 48/71/44 47/10/39 56/81/51 57/84/54
f 45/72/45 44/68/41 53/82/52 54/85/55
f 24/86/10 51/70/43 60/83/53
f 49/74/46 48/71/44 57/84/54 58/78/48
f 46/66/38 45/72/45 54/85/55 55/80/50
f 58/78/48 57/84/54 66/87/56 67/88/57
f 55/80/50 54/85/55 63/89/58 64/90/59
f 52/77/47 17/91/7 61/92/60
f 59/79/49 58/78/48 67/88/57 68/93/61
f 56/81/51 55/80/50 64/90/59 65/94/62
f 53/82/52 52/77/47 61/92/60 62/95/63
f 60/83/53 59/79/49 68/93/61 69/96/64
f 57/84/54 56/81/51 65/94/62 66/87/56
f 54/85/55 53/82/52 62/95/63 63/89/58
f 24/97/10 60/83/53 69/96/64
f 63/89/58 62/95/63 71/98/65 72/99/66
f 24/100/10 69/96/64 78/101/67
f 67/88/57 66/87/56 75/102/68 76/103/69
f 64/90/59 63/89/58 72/99/66 73/104/70
f 61/92/60 17/105/7 70/106/71
f 68/93/61 67/88/57 76/103/69 77/107/72
f 65/94/62 64/90/59 73/104/70 74/108/73
f 62/95/63 61/92/60 70/106/71 71/98/65
f 69/96/64 68/93/61 77/107/72 78/101/67
f 66/87/56 65/94/62 74/108/73 75/102/68
f 75/102/68 74/108/73 83/109/74 84/110/75
f 72/99/66 71/98/65 80/111/76 81/112/77
f 24/113/10 78/101/67 87/114/78
f 76/103/69 75/102/68 84/110/75 85/115/79
f 73/104/70 72/99/66 81/112/77 82/116/80
f 70/106/71 17/13/7 79/117/81
f 77/107/72 76/103/69 85/115/79 86/118/82
f 74/108/73 73/104/70 82/116/80 83/109/74
f 71/98/65 70/106/71 79/117/81 80/111/76
f 78/101/67 77/107/72 86/118/82 87/114/78
f 80/111/76 79/117/81 88/119/83 89/120/84
f 87/114/78 86/118/82 95/121/85 96/122/86
f 84/110/75 83/109/74 92/123/87 93/124/88
f 81/112/77 80/111/76 89/120/84 90/125/89
f 24/126/10 87/114/78 96/122/86
f 85/115/79 84/110/75 93/124/88 94/127/90
f 82/116/80 81/112/77 90/125/89 91/128/91
f 79/117/81 17/129/7 88/119/83
f 86/118/82 85/115/79 94/127/90 95/121/85
f 83/109/74 82/116/80 91/128/91 92/123/87
f 95/121/85 94/127/90 103/130/92 104/131/93
f 92/123/87 91/128/91 100/132/94 101/133/95
f 89/120/84 88/119/83 97/134/96 98/135/97
f 96/122/86 95/121/85 104/131/93 105/136/98
f 93/124/88 92/123/87 101/133/95 102/137/99
f 90/125/89 89/120/84 98/135/97 99/138/100
f 24/139/10 96/122/86 105/136/98
f 94/127/90 93/124/88 102/137/99 103/130/92
f 91/128/91 90/125/89 99/138/100 100/132/94
f 88/119/83 17/140/7 97/134/96
f 100/132/94 99/138/100 108/141/101 109/142/102
f 97/134/96 17/143/7 106/144/103
f 104/131/93 103/130/92 112/145/104 113/146/105
f 101/133/95 100/132/94 109/142/102 110/26/106
f 98/135/97 97/134/96 106/144/103 107/147/107
f 105/136/98 104/131/93 113/146/105 114/148/108
f 102/137/99 101/133/95 110/26/106 111/149/109
f 99/138/100 98/135/97 107/147/107 108/141/101
f 24/150/10 105/136/98 114/148/108
f 103/130/92 102/137/99 111/149/109 112/145/104
f 112/151/104 111/152/109 120/153/110 121/154/111
f 109/155/102 108/156/101 117/157/112 118/158/113
f 106/159/103 17/160/7 115/161/114
f 113/162/105 112/151/104 121/154/111 122/163/115
f 110/1/106 109/155/102 118/158/113 119/164/116
f 107/165/107 106/159/103 115/161/114 116/166/117
f 114/167/108 113/162/105 122/163/115 123/168/118
f 111/152/109 110/1/106 119/164/116 120/153/110
f 108/156/101 107/165/107 116/166/117 117/157/112
f 24/169/10 114/167/108 123/168/118
f 117/157/112 116/166/117 125/170/119 126/171/120
f 24/172/10 123/168/118 132/173/121
f 121/154/111 120/153/110 129/174/122 130/175/123
f 118/158/113 117/157/112 126/171/120 127/176/124
f 115/161/114 17/177/7 124/178/125
f 122/163/115 121/154/111 130/175/123 131/179/126
f 119/164/116 118/158/113 127/176/124 128/180/127
f 116/166/117 115/161/114 124/178/125 125/170/119
f 123/168/118 122/163/115 131/179/126 132/173/121
f 120/153/110 119/164/116 128/180/127 129/174/122
f 132/173/121 131/179/126 140/181/128 141/182/129
f 129/174/122 128/180/127 137/183/130 138/184/131
f 126/171/120 125/170/119 134/185/132 135/186/133
f 24/187/10 132/173/121 141/182/129
f 130/175/123 129/174/122 138/184/131 139/188/134
f 127/176/124 126/171/120 135/186/133 136/189/135
f 124/178/125 17/190/7 133/191/136
f 131/179/126 130/175/123 139/188/134 140/181/128
f 128/180/127 127/176/124 136/189/135 137/183/130
f 125/170/119 124/178/125 133/191/136 134/185/132
f 137/183/130 136/189/135 20/52/27 21/44/20
f 134/185/132 133/191/136 18/36/12 142/35/11
f 141/182/129 140/181/128 22/40/16 23/39/15
f 138/184/131 137/183/130 21/44/20 143/43/19
f 135/186/133 134/185/132 142/35/11 19/47/23
f 24/192/10 141/182/129 23/39/15
f 139/188/134 138/184/131 143/43/19 144/50/25
f 136/189/135 135/186/133 19/47/23 20/52/27
f 133/191/136 17/5/7 18/36/12
f 140/181/128 139/188/134 144/50/25 22/40/16
f 146/193/137 228/194/138 151/195/139 152/196/140
f 230/197/141 229/198/142 156/199/143 157/200/144
f 149/201/145 148/6/20 154/202/146 155/203/147
f 147/204/148 146/193/137 152/196/140 153/205/149
f 228/194/138 145/206/7 151/195/139
f 150/207/10 230/197/141 157/200/144
f 229/198/142 149/201/145 155/203/147 156/199/143
f 148/6/20 147/204/148 153/205/149 154/202/146
f 155/203/147 154/202/146 161/208/150 162/209/151
f 153/205/149 152/196/140 159/210/152 160/211/153
f 151/195/139 145/7/7 158/212/154
f 150/213/10 157/200/144 164/214/155
f 156/199/143 155/203/147 162/209/151 163/215/156
f 154/202/146 153/205/149 160/211/153 161/208/150
f 152/196/140 151/195/139 158/212/154 159/210/152
f 157/200/144 156/199/143 163/215/156 164/214/155
f 150/216/10 164/214/155 171/217/157
f 163/215/156 162/209/151 169/218/158 170/219/159
f 161/208/150 160/211/153 167/220/160 168/10/161
f 159/210/152 158/212/154 165/221/162 166/222/163
f 164/214/155 163/215/156 170/219/159 171/217/157
f 162/209/151 161/208/150 168/10/161 169/218/158
f 160/211/153 159/210/152 166/222/163 167/220/160
f 158/212/154 145/223/7 165/221/162
f 168/10/161 167/220/160 174/224/164 175/225/165
f 166/222/163 165/221/162 172/226/166 173/227/167
f 171/217/157 170/219/159 177/228/168 178/229/169
f 169/218/158 168/10/161 175/225/165 176/230/170
f 167/220/160 166/222/163 173/227/167 174/224/164
f 165/221/162 145/231/7 172/226/166
f 150/232/10 171/217/157 178/229/169
f 170/219/159 169/218/158 176/230/170 177/228/168
f 178/229/169 177/228/168 184/233/171 185/234/172
f 176/230/170 175/225/165 182/235/173 183/236/174
f 174/224/164 173/227/167 180/237/175 181/238/176
f 172/226/166 145/11/7 179/239/177
f 150/240/10 178/229/169 185/234/172
f 177/228/168 176/230/170 183/236/174 184/233/171
f 175/225/165 174/224/164 181/238/176 182/235/173
f 173/227/167 172/226/166 179/239/177 180/237/175
f 181/238/176 180/237/175 187/241/178 188/242/179
f 179/239/177 145/243/7 186/244/180
f 150/245/10 185/234/172 192/246/181
f 184/233/171 183/236/174 190/247/182 191/248/183
f 182/235/173 181/238/176 188/242/179 189/14/74
f 180/237/175 179/239/177 186/244/180 187/241/178
f 185/234/172 184/233/171 191/248/183 192/246/181
f 183/236/174 182/235/173 189/14/74 190/247/182
f 150/249/10 192/246/181 199/250/184
f 191/248/183 190/247/182 197/251/185 198/252/186
f 189/14/74 188/242/179 195/253/187 196/254/188
f 187/241/178 186/244/180 193/255/189 194/256/190
f 192/246/181 191/248/183 198/252/186 199/250/184
f 190/247/182 189/14/74 196/254/188 197/251/185
f 188/242/179 187/241/178 194/256/190 195/253/187
f 186/244/180 145/257/7 193/255/189
f 194/256/190 193/255/189 200/258/191 201/259/192
f 199/250/184 198/252/186 205/260/193 206/261/194
f 197/251/185 196/254/188 203/262/195 204/263/196
f 195/253/187 194/256/190 201/259/192 202/264/197
f 193/255/189 145/23/7 200/258/191
f 150/265/10 199/250/184 206/261/194
f 198/252/186 197/251/185 204/263/196 205/260/193
f 196/254/188 195/253/187 202/264/197 203/262/195
f 206/261/194 205/260/193 212/266/198 213/267/199
f 204/263/196 203/262/195 210/26/200 211/268/201
f 202/264/197 201/259/192 208/269/202 209/270/203
f 200/258/191 145/271/7 207/272/204
f 150/273/10 206/261/194 213/267/199
f 205/260/193 204/263/196 211/268/201 212/266/198
f 203/262/195 202/264/197 209/270/203 210/26/200
f 201/259/192 200/258/191 207/272/204 208/269/202
f 207/274/204 145/275/7 214/276/205
f 150/277/10 213/278/199 220/279/206
f 212/280/198 211/281/201 218/282/207 219/283/208
f 210/1/200 209/284/203 216/285/209 217/286/210
f 208/287/202 207/274/204 214/276/205 215/288/211
f 213/278/199 212/280/198 219/283/208 220/279/206
f 211/281/201 210/1/200 217/286/210 218/282/207
f 209/284/203 208/287/202 215/288/211 216/285/209
f 219/283/208 218/282/207 225/289/212 226/290/213
f 217/286/210 216/285/209 223/291/214 224/292/215
f 215/288/211 214/276/205 221/293/216 222/294/217
f 220/279/206 219/283/208 226/290/213 227/295/218
f 218/282/207 217/286/210 224/292/215 225/289/212
f 216/285/209 215/288/211 222/294/217 223/291/214
f 214/276/205 145/3/7 221/293/216
f 150/296/10 220/279/206 227/295/218
f 227/295/218 226/290/213 229/198/142 230/197/141
f 225/289/212 224/292/215 148/6/20 149/201/145
f 223/291/214 222/294/217 146/193/137 147/204/148
f 221/293/216 145/297/7 228/194/138
f 150/298/10 227/295/218 230/197/141
f 226/290/213 225/289/212 149/201/145 229/198/142
f 224/292/215 223/291/214 147/204/148 148/6/20
f 222/294/217 221/293/216 228/194/138 146/193/137
s 0
f 3703/16/615 3709/248/615 3704/903/615
f 3704/903/616 3709/248/616 3705/904/616
f 3705/904/617 3709/248/617 3706/20/617
f 3706/20/618 3709/248/618 3707/905/618
f 3703/27/619 3704/906/619 3705/907/619 3706/31/619 3707/908/619 3708/909/619
f 3707/905/620 3709/248/620 3708/910/620
f 3708/910/621 3709/248/621 3703/16/621
f 3752/16/658 3758/248/658 3753/903/658
f 3753/903/659 3758/248/659 3754/904/659
f 3754/904/660 3758/248/660 3755/20/660
f 3755/20/661 3758/248/661 3756/905/661
f 3752/27/662 3753/906/662 3754/907/662 3755/31/662 3756/908/662 3757/909/662
f 3756/905/663 3758/248/663 3757/910/663
f 3757/910/664 3758/248/664 3752/16/664
usemtl PC_Lipatan
f 231/10/219 243/299/219 244/300/219 232/301/219
f 232/301/220 244/300/220 245/302/220 233/303/220
f 233/303/221 245/302/221 246/304/221 234/305/221
f 234/305/222 246/304/222 247/306/222 235/307/222
f 235/307/223 247/306/223 248/308/223 236/309/223
f 236/309/224 248/308/224 249/310/224 237/9/224
f 237/311/225 249/312/225 250/313/225 238/314/225
f 238/314/226 250/313/226 251/315/226 239/316/226
f 239/316/227 251/315/227 252/317/227 240/219/227
f 240/219/228 252/317/228 253/318/228 241/319/228
f 241/319/229 253/318/229 254/320/229 242/321/229
f 242/321/230 254/320/230 243/299/230 231/10/230
f 243/299/231 255/322/231 256/323/231 244/300/231
f 244/300/232 256/323/232 257/324/232 245/302/232
f 245/302/233 257/324/233 258/325/233 246/304/233
f 246/304/234 258/325/234 259/326/234 247/306/234
f 247/306/235 259/326/235 260/327/235 248/308/235
f 248/308/236 260/327/236 261/223/236 249/310/236
f 249/312/237 261/328/237 262/329/237 250/313/237
f 250/313/238 262/329/238 263/330/238 251/315/238
f 251/315/239 263/330/239 264/331/239 252/317/239
f 252/317/240 264/331/240 265/332/240 253/318/240
f 253/318/241 265/332/241 266/333/241 254/320/241
f 254/320/242 266/333/242 255/322/242 243/299/242
f 255/322/243 267/334/243 268/335/243 256/323/243
f 256/323/244 268/335/244 269/336/244 257/324/244
f 257/324/245 269/336/245 270/337/245 258/325/245
f 258/325/246 270/337/246 271/338/246 259/326/246
f 259/326/247 271/338/247 272/339/247 260/327/247
f 260/327/248 272/339/248 273/340/248 261/223/248
f 261/328/249 273/341/249 274/342/249 262/329/249
f 262/329/250 274/342/250 275/343/250 263/330/250
f 263/330/251 275/343/251 276/344/251 264/331/251
f 264/331/252 276/344/252 277/345/252 265/332/252
f 265/332/253 277/345/253 278/346/253 266/333/253
f 266/333/254 278/346/254 267/334/254 255/322/254
f 267/334/255 279/208/255 280/347/255 268/335/255
f 268/335/256 280/347/256 281/348/256 269/336/256
f 269/336/257 281/348/257 282/210/257 270/337/257
f 270/337/258 282/210/258 283/349/258 271/338/258
f 271/338/259 283/349/259 284/350/259 272/339/259
f 272/339/260 284/350/260 285/351/260 273/340/260
f 273/341/261 285/352/261 286/353/261 274/342/261
f 274/342/262 286/353/262 287/354/262 275/343/262
f 275/343/263 287/354/263 288/215/263 276/344/263
f 276/344/264 288/215/264 289/355/264 277/345/264
f 277/345/265 289/355/265 290/356/265 278/346/265
f 278/346/266 290/356/266 279/208/266 267/334/266
f 279/208/267 291/357/267 292/358/267 280/347/267
f 280/347/268 292/358/268 293/359/268 281/348/268
f 281/348/269 293/359/269 294/360/269 282/210/269
f 282/210/270 294/360/270 295/361/270 283/349/270
f 283/349/271 295/361/271 296/362/271 284/350/271
f 284/350/272 296/362/272 297/363/272 285/351/272
f 285/352/273 297/364/273 298/365/273 286/353/273
f 286/353/274 298/365/274 299/366/274 287/354/274
f 287/354/275 299/366/275 300/367/275 288/215/275
f 288/215/276 300/367/276 301/368/276 289/355/276
f 289/355/277 301/368/277 302/369/277 290/356/277
f 290/356/278 302/369/278 291/357/278 279/208/278
f 291/357/279 303/8/279 304/370/279 292/358/279
f 292/358/280 304/370/280 305/371/280 293/359/280
f 293/359/281 305/371/281 306/372/281 294/360/281
f 294/360/282 306/372/282 307/373/282 295/361/282
f 295/361/283 307/373/283 308/374/283 296/362/283
f 296/362/284 308/374/284 309/7/284 297/363/284
f 297/364/285 309/375/285 310/376/285 298/365/285
f 298/365/286 310/376/286 311/377/286 299/366/286
f 299/366/287 311/377/287 312/378/287 300/367/287
f 300/367/288 312/378/288 313/379/288 301/368/288
f 301/368/289 313/379/289 314/380/289 302/369/289
f 302/369/290 314/380/290 303/8/290 291/357/290
f 303/8/291 315/381/291 316/382/291 304/370/291
f 304/370/292 316/382/292 317/383/292 305/371/292
f 305/371/293 317/383/293 318/384/293 306/372/293
f 306/372/294 318/384/294 319/385/294 307/373/294
f 307/373/295 319/385/295 320/386/295 308/374/295
f 308/374/296 320/386/296 321/387/296 309/7/296
f 309/375/297 321/388/297 322/389/297 310/376/297
f 310/376/298 322/389/298 323/390/298 311/377/298
f 311/377/299 323/390/299 324/391/299 312/378/299
f 312/378/300 324/391/300 325/392/300 313/379/300
f 313/379/301 325/392/301 326/393/301 314/380/301
f 314/380/302 326/393/302 315/381/302 303/8/302
f 315/381/303 327/202/303 328/394/303 316/382/303
f 316/382/304 328/394/304 329/395/304 317/383/304
f 317/383/305 329/395/305 330/196/305 318/384/305
f 318/384/306 330/196/306 331/396/306 319/385/306
f 319/385/307 331/396/307 332/397/307 320/386/307
f 320/386/308 332/397/308 333/398/308 321/387/308
f 321/388/309 333/399/309 334/400/309 322/389/309
f 322/389/310 334/400/310 335/401/310 323/390/310
f 323/390/311 335/401/311 336/199/311 324/391/311
f 324/391/312 336/199/312 337/402/312 325/392/312
f 325/392/313 337/402/313 338/403/313 326/393/313
f 326/393/314 338/403/314 327/202/314 315/381/314
f 327/202/315 339/404/315 340/405/315 328/394/315
f 328/394/316 340/405/316 341/406/316 329/395/316
f 329/395/317 341/406/317 342/407/317 330/196/317
f 330/196/318 342/407/318 343/408/318 331/396/318
f 331/396/319 343/408/319 344/409/319 332/397/319
f 332/397/320 344/409/320 345/410/320 333/398/320
f 333/399/321 345/411/321 346/412/321 334/400/321
f 334/400/322 346/412/322 347/413/322 335/401/322
f 335/401/323 347/413/323 348/414/323 336/199/323
f 336/199/324 348/414/324 349/415/324 337/402/324
f 337/402/325 349/415/325 350/416/325 338/403/325
f 338/403/326 350/416/326 339/404/326 327/202/326
f 339/404/327 351/417/327 352/418/327 340/405/327
f 340/405/328 352/418/328 353/419/328 341/406/328
f 341/406/329 353/419/329 354/420/329 342/407/329
f 342/407/330 354/420/330 355/421/330 343/408/330
f 343/408/331 355/421/331 356/422/331 344/409/331
f 344/409/332 356/422/332 357/206/332 345/410/332
f 345/411/333 357/423/333 358/424/333 346/412/333
f 346/412/334 358/424/334 359/425/334 347/413/334
f 347/413/335 359/425/335 360/426/335 348/414/335
f 348/414/336 360/426/336 361/427/336 349/415/336
f 349/415/337 361/427/337 362/428/337 350/416/337
f 350/416/338 362/428/338 351/417/338 339/404/338
f 351/417/339 363/429/339 364/430/339 352/418/339
f 352/418/340 364/430/340 365/431/340 353/419/340
f 353/419/341 365/431/341 366/432/341 354/420/341
f 354/420/342 366/432/342 367/433/342 355/421/342
f 355/421/343 367/433/343 368/434/343 356/422/343
f 356/422/344 368/434/344 369/435/344 357/206/344
f 357/423/345 369/436/345 370/437/345 358/424/345
f 358/424/346 370/437/346 371/438/346 359/425/346
f 359/425/347 371/438/347 372/439/347 360/426/347
f 360/426/348 372/439/348 373/440/348 361/427/348
f 361/427/349 373/440/349 374/441/349 362/428/349
f 362/428/350 374/441/350 363/429/350 351/417/350
f 363/429/351 375/6/351 376/442/351 364/430/351
f 364/430/352 376/442/352 377/443/352 365/431/352
f 365/431/353 377/443/353 378/193/353 366/432/353
f 366/432/354 378/193/354 379/444/354 367/433/354
f 367/433/355 379/444/355 380/445/355 368/434/355
f 368/434/356 380/445/356 381/5/356 369/435/356
f 369/436/357 381/446/357 382/447/357 370/437/357
f 370/437/358 382/447/358 383/448/358 371/438/358
f 371/438/359 383/448/359 384/198/359 372/439/359
f 372/439/360 384/198/360 385/449/360 373/440/360
f 373/440/361 385/449/361 386/450/361 374/441/361
f 374/441/362 386/450/362 375/6/362 363/429/362
f 375/6/363 387/451/363 388/452/363 376/442/363
f 376/442/364 388/452/364 389/453/364 377/443/364
f 377/443/365 389/453/365 390/454/365 378/193/365
f 378/193/366 390/454/366 391/455/366 379/444/366
f 379/444/367 391/455/367 392/456/367 380/445/367
f 380/445/368 392/456/368 393/457/368 381/5/368
f 381/446/369 393/458/369 394/459/369 382/447/369
f 382/447/370 394/459/370 395/460/370 383/448/370
f 383/448/371 395/460/371 396/461/371 384/198/371
f 384/198/372 396/461/372 397/462/372 385/449/372
f 385/449/373 397/462/373 398/463/373 386/450/373
f 386/450/374 398/463/374 387/451/374 375/6/374
f 387/451/375 399/464/375 400/465/375 388/452/375
f 388/452/376 400/465/376 401/466/376 389/453/376
f 389/453/377 401/466/377 402/467/377 390/454/377
f 390/454/378 402/467/378 403/468/378 391/455/378
f 391/455/379 403/468/379 404/469/379 392/456/379
f 392/456/380 404/469/380 405/470/380 393/457/380
f 393/458/381 405/471/381 406/472/381 394/459/381
f 394/459/382 406/472/382 407/473/382 395/460/382
f 395/460/383 407/473/383 408/474/383 396/461/383
f 396/461/384 408/474/384 409/475/384 397/462/384
f 397/462/385 409/475/385 410/476/385 398/463/385
f 398/463/386 410/476/386 399/464/386 387/451/386
f 399/464/387 411/477/387 412/478/387 400/465/387
f 400/465/388 412/478/388 413/479/388 401/466/388
f 401/466/389 413/479/389 414/480/389 402/467/389
f 402/467/390 414/480/390 415/481/390 403/468/390
f 403/468/391 415/481/391 416/482/391 404/469/391
f 404/469/392 416/482/392 417/483/392 405/470/392
f 405/471/393 417/484/393 418/485/393 406/472/393
f 406/472/394 418/485/394 419/486/394 407/473/394
f 407/473/395 419/486/395 420/487/395 408/474/395
f 408/474/396 420/487/396 421/488/396 409/475/396
f 409/475/397 421/488/397 422/489/397 410/476/397
f 410/476/398 422/489/398 411/477/398 399/464/398
f 411/477/399 423/490/399 424/491/399 412/478/399
f 412/478/400 424/491/400 425/492/400 413/479/400
f 413/479/401 425/492/401 426/493/401 414/480/401
f 414/480/402 426/493/402 427/494/402 415/481/402
f 415/481/403 427/494/403 428/495/403 416/482/403
f 416/482/404 428/495/404 429/496/404 417/483/404
f 417/484/405 429/497/405 430/498/405 418/485/405
f 418/485/406 430/498/406 431/499/406 419/486/406
f 419/486/407 431/499/407 432/500/407 420/487/407
f 420/487/408 432/500/408 433/501/408 421/488/408
f 421/488/409 433/501/409 434/502/409 422/489/409
f 422/489/410 434/502/410 423/490/410 411/477/410
f 423/490/411 435/503/411 436/504/411 424/491/411
f 424/491/412 436/504/412 437/505/412 425/492/412
f 425/492/413 437/505/413 438/506/413 426/493/413
f 426/493/414 438/506/414 439/507/414 427/494/414
f 427/494/415 439/507/415 440/508/415 428/495/415
f 428/495/416 440/508/416 441/509/416 429/496/416
f 429/497/417 441/510/417 442/511/417 430/498/417
f 430/498/418 442/511/418 443/512/418 431/499/418
f 431/499/419 443/512/419 444/513/419 432/500/419
f 432/500/420 444/513/420 445/514/420 433/501/420
f 433/501/421 445/514/421 446/515/421 434/502/421
f 434/502/422 446/515/422 435/503/422 423/490/422
f 435/503/423 447/4/423 448/516/423 436/504/423
f 436/504/424 448/516/424 449/517/424 437/505/424
f 437/505/425 449/517/425 450/518/425 438/506/425
f 438/506/426 450/518/426 451/519/426 439/507/426
f 439/507/427 451/519/427 452/520/427 440/508/427
f 440/508/428 452/520/428 453/3/428 441/509/428
f 441/510/429 453/521/429 454/522/429 442/511/429
f 442/511/430 454/522/430 455/523/430 443/512/430
f 443/512/431 455/523/431 456/524/431 444/513/431
f 444/513/432 456/524/432 457/525/432 445/514/432
f 445/514/433 457/525/433 458/526/433 446/515/433
f 446/515/434 458/526/434 447/4/434 435/503/434
f 447/4/435 459/527/435 460/528/435 448/516/435
f 448/516/436 460/528/436 461/529/436 449/517/436
f 449/517/437 461/529/437 462/530/437 450/518/437
f 450/518/438 462/530/438 463/531/438 451/519/438
f 451/519/439 463/531/439 464/532/439 452/520/439
f 452/520/440 464/532/440 465/533/440 453/3/440
f 453/521/441 465/534/441 466/535/441 454/522/441
f 454/522/442 466/535/442 467/536/442 455/523/442
f 455/523/443 467/536/443 468/537/443 456/524/443
f 456/524/444 468/537/444 469/538/444 457/525/444
f 457/525/445 469/538/445 470/539/445 458/526/445
f 458/526/446 470/539/446 459/527/446 447/4/446
f 459/527/447 471/540/447 472/541/447 460/528/447
f 460/528/448 472/541/448 473/542/448 461/529/448
f 461/529/449 473/542/449 474/543/449 462/530/449
f 462/530/450 474/543/450 475/544/450 463/531/450
f 463/531/451 475/544/451 476/545/451 464/532/451
f 464/532/452 476/545/452 477/546/452 465/533/452
f 465/534/453 477/547/453 478/548/453 466/535/453
f 466/535/454 478/548/454 479/549/454 467/536/454
f 467/536/455 479/549/455 480/550/455 468/537/455
f 468/537/456 480/550/456 481/551/456 469/538/456
f 469/538/457 481/551/457 482/552/457 470/539/457
f 470/539/458 482/552/458 471/540/458 459/527/458
f 471/540/459 483/553/459 484/554/459 472/541/459
f 472/541/460 484/554/460 485/555/460 473/542/460
f 473/542/461 485/555/461 486/556/461 474/543/461
f 474/543/462 486/556/462 487/557/462 475/544/462
f 475/544/463 487/557/463 488/558/463 476/545/463
f 476/545/464 488/558/464 489/559/464 477/546/464
f 477/547/465 489/560/465 490/561/465 478/548/465
f 478/548/466 490/561/466 491/562/466 479/549/466
f 479/549/467 491/562/467 492/563/467 480/550/467
f 480/550/468 492/563/468 493/564/468 481/551/468
f 481/551/469 493/564/469 494/565/469 482/552/469
f 482/552/470 494/565/470 483/553/470 471/540/470
f 483/553/471 495/566/471 496/567/471 484/554/471
f 484/554/472 496/567/472 497/568/472 485/555/472
f 485/555/473 497/568/473 498/569/473 486/556/473
f 486/556/474 498/569/474 499/570/474 487/557/474
f 487/557/475 499/570/475 500/571/475 488/558/475
f 488/558/476 500/571/476 501/275/476 489/559/476
f 489/560/477 501/572/477 502/573/477 490/561/477
f 490/561/478 502/573/478 503/574/478 491/562/478
f 491/562/479 503/574/479 504/575/479 492/563/479
f 492/563/480 504/575/480 505/576/480 493/564/480
f 493/564/481 505/576/481 506/577/481 494/565/481
f 494/565/482 506/577/482 495/566/482 483/553/482
f 495/566/483 507/578/483 508/579/483 496/567/483
f 496/567/484 508/579/484 509/580/484 497/568/484
f 497/568/485 509/580/485 510/581/485 498/569/485
f 498/569/486 510/581/486 511/582/486 499/570/486
f 499/570/487 511/582/487 512/583/487 500/571/487
f 500/571/488 512/583/488 513/584/488 501/275/488
f 501/572/489 513/585/489 514/586/489 502/573/489
f 502/573/490 514/586/490 515/587/490 503/574/490
f 503/574/491 515/587/491 516/588/491 504/575/491
f 504/575/492 516/588/492 517/589/492 505/576/492
f 505/576/493 517/589/493 518/590/493 506/577/493
f 506/577/494 518/590/494 507/578/494 495/566/494
f 507/578/495 519/1/495 520/591/495 508/579/495
f 508/579/496 520/591/496 521/592/496 509/580/496
f 509/580/497 521/592/497 522/593/497 510/581/497
f 510/581/498 522/593/498 523/594/498 511/582/498
f 511/582/499 523/594/499 524/595/499 512/583/499
f 512/583/500 524/595/500 525/2/500 513/584/500
f 513/585/501 525/596/501 526/597/501 514/586/501
f 514/586/502 526/597/502 527/598/502 515/587/502
f 515/587/503 527/598/503 528/280/503 516/588/503
f 516/588/504 528/280/504 529/599/504 517/589/504
f 517/589/505 529/599/505 530/600/505 518/590/505
f 518/590/506 530/600/506 519/1/506 507/578/506
f 519/601/224 531/602/224 532/603/224 520/604/224
f 520/604/223 532/603/223 533/605/223 521/606/223
f 521/606/222 533/605/222 534/607/222 522/608/222
f 522/608/221 534/607/221 535/609/221 523/610/221
f 523/610/507 535/609/507 536/611/507 524/612/507
f 524/612/219 536/611/219 537/613/219 525/614/219
f 525/615/230 537/616/230 538/617/230 526/618/230
f 526/618/229 538/617/229 539/619/229 527/620/229
f 527/620/228 539/619/228 540/621/228 528/622/228
f 528/622/227 540/621/227 541/623/227 529/624/227
f 529/624/226 541/623/226 542/625/226 530/626/226
f 530/626/225 542/625/225 531/602/225 519/601/225
f 531/602/236 543/627/236 544/628/236 532/603/236
f 532/603/508 544/628/508 545/629/508 533/605/508
f 533/605/234 545/629/234 546/630/234 534/607/234
f 534/607/233 546/630/233 547/631/233 535/609/233
f 535/609/232 547/631/232 548/632/232 536/611/232
f 536/611/231 548/632/231 549/633/231 537/613/231
f 537/616/242 549/634/242 550/635/242 538/617/242
f 538/617/241 550/635/241 551/636/241 539/619/241
f 539/619/240 551/636/240 552/637/240 540/621/240
f 540/621/239 552/637/239 553/638/239 541/623/239
f 541/623/238 553/638/238 554/639/238 542/625/238
f 542/625/237 554/639/237 543/627/237 531/602/237
f 543/627/248 555/640/248 556/641/248 544/628/248
f 544/628/247 556/641/247 557/642/247 545/629/247
f 545/629/246 557/642/246 558/643/246 546/630/246
f 546/630/245 558/643/245 559/644/245 547/631/245
f 547/631/244 559/644/244 560/645/244 548/632/244
f 548/632/243 560/645/243 561/646/243 549/633/243
f 549/634/254 561/647/254 562/648/254 550/635/254
f 550/635/253 562/648/253 563/649/253 551/636/253
f 551/636/252 563/649/252 564/650/252 552/637/252
f 552/637/251 564/650/251 565/651/251 553/638/251
f 553/638/250 565/651/250 566/652/250 554/639/250
f 554/639/249 566/652/249 555/640/249 543/627/249
f 555/640/260 567/653/260 568/654/260 556/641/260
f 556/641/509 568/654/509 569/655/509 557/642/509
f 557/642/258 569/655/258 570/656/258 558/643/258
f 558/643/257 570/656/257 571/657/257 559/644/257
f 559/644/510 571/657/510 572/658/510 560/645/510
f 560/645/255 572/658/255 573/659/255 561/646/255
f 561/647/266 573/660/266 574/661/266 562/648/266
f 562/648/511 574/661/511 575/662/511 563/649/511
f 563/649/264 575/662/264 576/663/264 564/650/264
f 564/650/263 576/663/263 577/664/263 565/651/263
f 565/651/512 577/664/512 578/665/512 566/652/512
f 566/652/261 578/665/261 567/653/261 555/640/261
f 567/653/272 579/666/272 580/667/272 568/654/272
f 568/654/513 580/667/513 581/668/513 569/655/513
f 569/655/270 581/668/270 582/669/270 570/656/270
f 570/656/269 582/669/269 583/670/269 571/657/269
f 571/657/268 583/670/268 584/671/268 572/658/268
f 572/658/267 584/671/267 585/672/267 573/659/267
f 573/660/278 585/673/278 586/674/278 574/661/278
f 574/661/277 586/674/277 587/675/277 575/662/277
f 575/662/276 587/675/276 588/676/276 576/663/276
f 576/663/275 588/676/275 589/677/275 577/664/275
f 577/664/514 589/677/514 590/678/514 578/665/514
f 578/665/273 590/678/273 579/666/273 567/653/273
f 579/666/284 591/24/284 592/679/284 580/667/284
f 580/667/283 592/679/283 593/680/283 581/668/283
f 581/668/282 593/680/282 594/681/282 582/669/282
f 582/669/281 594/681/281 595/682/281 583/670/281
f 583/670/280 595/682/280 596/683/280 584/671/280
f 584/671/279 596/683/279 597/23/279 585/672/279
f 585/673/290 597/684/290 598/685/290 586/674/290
f 586/674/289 598/685/289 599/686/289 587/675/289
f 587/675/288 599/686/288 600/687/288 588/676/288
f 588/676/287 600/687/287 601/688/287 589/677/287
f 589/677/286 601/688/286 602/689/286 590/678/286
f 590/678/285 602/689/285 591/24/285 579/666/285
f 591/24/296 603/690/296 604/691/296 592/679/296
f 592/679/295 604/691/295 605/692/295 593/680/295
f 593/680/294 605/692/294 606/693/294 594/681/294
f 594/681/293 606/693/293 607/694/293 595/682/293
f 595/682/292 607/694/292 608/695/292 596/683/292
f 596/683/291 608/695/291 609/696/291 597/23/291
f 597/684/302 609/697/302 610/698/302 598/685/302
f 598/685/301 610/698/301 611/699/301 599/686/301
f 599/686/300 611/699/300 612/700/300 600/687/300
f 600/687/299 612/700/299 613/701/299 601/688/299
f 601/688/298 613/701/298 614/702/298 602/689/298
f 602/689/297 614/702/297 603/690/297 591/24/297
f 603/690/308 615/703/308 616/704/308 604/691/308
f 604/691/307 616/704/307 617/705/307 605/692/307
f 605/692/306 617/705/306 618/706/306 606/693/306
f 606/693/305 618/706/305 619/707/305 607/694/305
f 607/694/304 619/707/304 620/708/304 608/695/304
f 608/695/303 620/708/303 621/709/303 609/696/303
f 609/697/314 621/710/314 622/711/314 610/698/314
f 610/698/313 622/711/313 623/712/313 611/699/313
f 611/699/312 623/712/312 624/713/312 612/700/312
f 612/700/311 624/713/311 625/714/311 613/701/311
f 613/701/310 625/714/310 626/715/310 614/702/310
f 614/702/309 626/715/309 615/703/309 603/690/309
f 615/703/320 627/716/320 628/717/320 616/704/320
f 616/704/319 628/717/319 629/718/319 617/705/319
f 617/705/318 629/718/318 630/719/318 618/706/318
f 618/706/317 630/719/317 631/720/317 619/707/317
f 619/707/316 631/720/316 632/721/316 620/708/316
f 620/708/315 632/721/315 633/722/315 621/709/315
f 621/710/326 633/723/326 634/724/326 622/711/326
f 622/711/325 634/724/325 635/725/325 623/712/325
f 623/712/324 635/725/324 636/726/324 624/713/324
f 624/713/323 636/726/323 637/727/323 625/714/323
f 625/714/322 637/727/322 638/728/322 626/715/322
f 626/715/321 638/728/321 627/716/321 615/703/321
f 627/716/332 639/729/332 640/730/332 628/717/332
f 628/717/331 640/730/331 641/731/331 629/718/331
f 629/718/330 641/731/330 642/732/330 630/719/330
f 630/719/329 642/732/329 643/733/329 631/720/329
f 631/720/328 643/733/328 644/734/328 632/721/328
f 632/721/327 644/734/327 645/735/327 633/722/327
f 633/723/338 645/736/338 646/737/338 634/724/338
f 634/724/337 646/737/337 647/738/337 635/725/337
f 635/725/336 647/738/336 648/739/336 636/726/336
f 636/726/335 648/739/335 649/740/335 637/727/335
f 637/727/334 649/740/334 650/741/334 638/728/334
f 638/728/333 650/741/333 639/729/333 627/716/333
f 639/729/344 651/742/344 652/743/344 640/730/344
f 640/730/343 652/743/343 653/744/343 641/731/343
f 641/731/342 653/744/342 654/745/342 642/732/342
f 642/732/341 654/745/341 655/746/341 643/733/341
f 643/733/340 655/746/340 656/747/340 644/734/340
f 644/734/339 656/747/339 657/748/339 645/735/339
f 645/736/350 657/749/350 658/750/350 646/737/350
f 646/737/349 658/750/349 659/751/349 647/738/349
f 647/738/348 659/751/348 660/752/348 648/739/348
f 648/739/347 660/752/347 661/753/347 649/740/347
f 649/740/346 661/753/346 662/754/346 650/741/346
f 650/741/345 662/754/345 651/742/345 639/729/345
f 651/742/356 663/14/356 664/755/356 652/743/356
f 652/743/355 664/755/355 665/756/355 653/744/355
f 653/744/354 665/756/354 666/757/354 654/745/354
f 654/745/353 666/757/353 667/758/353 655/746/353
f 655/746/352 667/758/352 668/759/352 656/747/352
f 656/747/351 668/759/351 669/13/351 657/748/351
f 657/749/362 669/760/362 670/761/362 658/750/362
f 658/750/361 670/761/361 671/762/361 659/751/361
f 659/751/360 671/762/360 672/248/360 660/752/360
f 660/752/359 672/248/359 673/763/359 661/753/359
f 661/753/358 673/763/358 674/764/358 662/754/358
f 662/754/357 674/764/357 663/14/357 651/742/357
f 663/14/368 675/765/368 676/766/368 664/755/368
f 664/755/515 676/766/515 677/767/515 665/756/515
f 665/756/366 677/767/366 678/768/366 666/757/366
f 666/757/365 678/768/365 679/769/365 667/758/365
f 667/758/516 679/769/516 680/770/516 668/759/516
f 668/759/363 680/770/363 681/771/363 669/13/363
f 669/760/374 681/772/374 682/773/374 670/761/374
f 670/761/517 682/773/517 683/774/517 671/762/517
f 671/762/372 683/774/372 684/775/372 672/248/372
f 672/248/371 684/775/371 685/776/371 673/763/371
f 673/763/370 685/776/370 686/777/370 674/764/370
f 674/764/369 686/777/369 675/765/369 663/14/369
f 675/765/380 687/778/380 688/779/380 676/766/380
f 676/766/379 688/779/379 689/780/379 677/767/379
f 677/767/378 689/780/378 690/781/378 678/768/378
f 678/768/377 690/781/377 691/782/377 679/769/377
f 679/769/376 691/782/376 692/783/376 680/770/376
f 680/770/375 692/783/375 693/784/375 681/771/375
f 681/772/386 693/785/386 694/786/386 682/773/386
f 682/773/385 694/786/385 695/787/385 683/774/385
f 683/774/384 695/787/384 696/788/384 684/775/384
f 684/775/383 696/788/383 697/789/383 685/776/383
f 685/776/382 697/789/382 698/790/382 686/777/382
f 686/777/381 698/790/381 687/778/381 675/765/381
f 687/778/392 699/791/392 700/792/392 688/779/392
f 688/779/391 700/792/391 701/793/391 689/780/391
f 689/780/390 701/793/390 702/794/390 690/781/390
f 690/781/389 702/794/389 703/795/389 691/782/389
f 691/782/388 703/795/388 704/796/388 692/783/388
f 692/783/387 704/796/387 705/797/387 693/784/387
f 693/785/398 705/798/398 706/799/398 694/786/398
f 694/786/397 706/799/397 707/800/397 695/787/397
f 695/787/396 707/800/396 708/801/396 696/788/396
f 696/788/395 708/801/395 709/802/395 697/789/395
f 697/789/394 709/802/394 710/803/394 698/790/394
f 698/790/393 710/803/393 699/791/393 687/778/393
f 699/791/404 711/804/404 712/805/404 700/792/404
f 700/792/403 712/805/403 713/806/403 701/793/403
f 701/793/402 713/806/402 714/807/402 702/794/402
f 702/794/401 714/807/401 715/808/401 703/795/401
f 703/795/400 715/808/400 716/809/400 704/796/400
f 704/796/399 716/809/399 717/810/399 705/797/399
f 705/798/410 717/811/410 718/812/410 706/799/410
f 706/799/409 718/812/409 719/813/409 707/800/409
f 707/800/408 719/813/408 720/814/408 708/801/408
f 708/801/407 720/814/407 721/815/407 709/802/407
f 709/802/406 721/815/406 722/816/406 710/803/406
f 710/803/405 722/816/405 711/804/405 699/791/405
f 711/804/416 723/817/416 724/818/416 712/805/416
f 712/805/415 724/818/415 725/819/415 713/806/415
f 713/806/414 725/819/414 726/820/414 714/807/414
f 714/807/413 726/820/413 727/821/413 715/808/413
f 715/808/412 727/821/412 728/822/412 716/809/412
f 716/809/411 728/822/411 729/823/411 717/810/411
f 717/811/422 729/824/422 730/825/422 718/812/422
f 718/812/421 730/825/421 731/826/421 719/813/421
f 719/813/420 731/826/420 732/827/420 720/814/420
f 720/814/419 732/827/419 733/828/419 721/815/419
f 721/815/418 733/828/418 734/829/418 722/816/418
f 722/816/417 734/829/417 723/817/417 711/804/417
f 723/817/428 735/12/428 736/830/428 724/818/428
f 724/818/427 736/830/427 737/831/427 725/819/427
f 725/819/426 737/831/426 738/832/426 726/820/426
f 726/820/425 738/832/425 739/833/425 727/821/425
f 727/821/424 739/833/424 740/834/424 728/822/424
f 728/822/423 740/834/423 741/11/423 729/823/423
f 729/824/434 741/835/434 742/836/434 730/825/434
f 730/825/433 742/836/433 743/837/433 731/826/433
f 731/826/432 743/837/432 744/838/432 732/827/432
f 732/827/431 744/838/431 745/839/431 733/828/431
f 733/828/430 745/839/430 746/840/430 734/829/430
f 734/829/429 746/840/429 735/12/429 723/817/429
f 735/12/440 747/841/440 748/842/440 736/830/440
f 736/830/439 748/842/439 749/843/439 737/831/439
f 737/831/438 749/843/438 750/844/438 738/832/438
f 738/832/437 750/844/437 751/845/437 739/833/437
f 739/833/436 751/845/436 752/846/436 740/834/436
f 740/834/435 752/846/435 753/847/435 741/11/435
f 741/835/446 753/848/446 754/849/446 742/836/446
f 742/836/445 754/849/445 755/850/445 743/837/445
f 743/837/444 755/850/444 756/851/444 744/838/444
f 744/838/443 756/851/443 757/852/443 745/839/443
f 745/839/442 757/852/442 758/853/442 746/840/442
f 746/840/441 758/853/441 747/841/441 735/12/441
f 747/841/452 759/225/452 760/854/452 748/842/452
f 748/842/451 760/854/451 761/855/451 749/843/451
f 749/843/450 761/855/450 762/227/450 750/844/450
f 750/844/449 762/227/449 763/856/449 751/845/449
f 751/845/518 763/856/518 764/857/518 752/846/518
f 752/846/447 764/857/447 765/858/447 753/847/447
f 753/848/458 765/859/458 766/860/458 754/849/458
f 754/849/457 766/860/457 767/861/457 755/850/457
f 755/850/456 767/861/456 768/228/456 756/851/456
f 756/851/455 768/228/455 769/862/455 757/852/455
f 757/852/454 769/862/454 770/863/454 758/853/454
f 758/853/453 770/863/453 759/225/453 747/841/453
f 759/225/464 771/864/464 772/865/464 760/854/464
f 760/854/519 772/865/519 773/866/519 761/855/519
f 761/855/462 773/866/462 774/867/462 762/227/462
f 762/227/461 774/867/461 775/868/461 763/856/461
f 763/856/460 775/868/460 776/869/460 764/857/460
f 764/857/459 776/869/459 777/870/459 765/858/459
f 765/859/470 777/871/470 778/872/470 766/860/470
f 766/860/469 778/872/469 779/873/469 767/861/469
f 767/861/468 779/873/468 780/874/468 768/228/468
f 768/228/467 780/874/467 781/875/467 769/862/467
f 769/862/520 781/875/520 782/876/520 770/863/520
f 770/863/465 782/876/465 771/864/465 759/225/465
f 771/864/476 783/877/476 784/878/476 772/865/476
f 772/865/475 784/878/475 785/879/475 773/866/475
f 773/866/474 785/879/474 786/880/474 774/867/474
f 774/867/473 786/880/473 787/881/473 775/868/473
f 775/868/472 787/881/472 788/882/472 776/869/472
f 776/869/471 788/882/471 789/883/471 777/870/471
f 777/871/482 789/884/482 790/885/482 778/872/482
f 778/872/481 790/885/481 791/886/481 779/873/481
f 779/873/480 791/886/480 792/887/480 780/874/480
f 780/874/479 792/887/479 793/888/479 781/875/479
f 781/875/478 793/888/478 794/889/478 782/876/478
f 782/876/477 794/889/477 783/877/477 771/864/477
f 783/877/488 795/890/488 796/891/488 784/878/488
f 784/878/521 796/891/521 797/892/521 785/879/521
f 785/879/486 797/892/486 798/893/486 786/880/486
f 786/880/485 798/893/485 799/894/485 787/881/485
f 787/881/522 799/894/522 800/895/522 788/882/522
f 788/882/483 800/895/483 801/896/483 789/883/483
f 789/884/494 801/897/494 802/898/494 790/885/494
f 790/885/493 802/898/493 803/899/493 791/886/493
f 791/886/492 803/899/492 804/900/492 792/887/492
f 792/887/491 804/900/491 805/901/491 793/888/491
f 793/888/490 805/901/490 806/902/490 794/889/490
f 794/889/489 806/902/489 795/890/489 783/877/489
f 795/890/500 231/10/500 232/301/500 796/891/500
f 796/891/523 232/301/523 233/303/523 797/892/523
f 797/892/498 233/303/498 234/305/498 798/893/498
f 798/893/497 234/305/497 235/307/497 799/894/497
f 799/894/496 235/307/496 236/309/496 800/895/496
f 800/895/495 236/309/495 237/9/495 801/896/495
f 801/897/506 237/311/506 238/314/506 802/898/506
f 802/898/505 238/314/505 239/316/505 803/899/505
f 803/899/504 239/316/504 240/219/504 804/900/504
f 804/900/503 240/219/503 241/319/503 805/901/503
f 805/901/524 241/319/524 242/321/524 806/902/524
f 806/902/501 242/321/501 231/10/501 795/890/501
f 807/10/219 819/299/219 820/300/219 808/301/219
f 808/301/220 820/300/220 821/302/220 809/303/220
f 809/303/221 821/302/221 822/304/221 810/305/221
f 810/305/222 822/304/222 823/306/222 811/307/222
f 811/307/223 823/306/223 824/308/223 812/309/223
f 812/309/224 824/308/224 825/310/224 813/9/224
f 813/311/225 825/312/225 826/313/225 814/314/225
f 814/314/525 826/313/525 827/315/525 815/316/525
f 815/316/227 827/315/227 828/317/227 816/219/227
f 816/219/228 828/317/228 829/318/228 817/319/228
f 817/319/526 829/318/526 830/320/526 818/321/526
f 818/321/230 830/320/230 819/299/230 807/10/230
f 819/299/231 831/322/231 832/323/231 820/300/231
f 820/300/232 832/323/232 833/324/232 821/302/232
f 821/302/527 833/324/527 834/325/527 822/304/527
f 822/304/234 834/325/234 835/326/234 823/306/234
f 823/306/235 835/326/235 836/327/235 824/308/235
f 824/308/236 836/327/236 837/223/236 825/310/236
f 825/312/237 837/328/237 838/329/237 826/313/237
f 826/313/238 838/329/238 839/330/238 827/315/238
f 827/315/239 839/330/239 840/331/239 828/317/239
f 828/317/240 840/331/240 841/332/240 829/318/240
f 829/318/241 841/332/241 842/333/241 830/320/241
f 830/320/242 842/333/242 831/322/242 819/299/242
f 831/322/243 843/334/243 844/335/243 832/323/243
f 832/323/244 844/335/244 845/336/244 833/324/244
f 833/324/245 845/336/245 846/337/245 834/325/245
f 834/325/246 846/337/246 847/338/246 835/326/246
f 835/326/247 847/338/247 848/339/247 836/327/247
f 836/327/248 848/339/248 849/340/248 837/223/248
f 837/328/249 849/341/249 850/342/249 838/329/249
f 838/329/528 850/342/528 851/343/528 839/330/528
f 839/330/251 851/343/251 852/344/251 840/331/251
f 840/331/252 852/344/252 853/345/252 841/332/252
f 841/332/253 853/345/253 854/346/253 842/333/253
f 842/333/254 854/346/254 843/334/254 831/322/254
f 843/334/255 855/208/255 856/347/255 844/335/255
f 844/335/256 856/347/256 857/348/256 845/336/256
f 845/336/257 857/348/257 858/210/257 846/337/257
f 846/337/258 858/210/258 859/349/258 847/338/258
f 847/338/259 859/349/259 860/350/259 848/339/259
f 848/339/260 860/350/260 861/351/260 849/340/260
f 849/341/261 861/352/261 862/353/261 850/342/261
f 850/342/262 862/353/262 863/354/262 851/343/262
f 851/343/263 863/354/263 864/215/263 852/344/263
f 852/344/264 864/215/264 865/355/264 853/345/264
f 853/345/265 865/355/265 866/356/265 854/346/265
f 854/346/266 866/356/266 855/208/266 843/334/266
f 855/208/267 867/357/267 868/358/267 856/347/267
f 856/347/268 868/358/268 869/359/268 857/348/268
f 857/348/269 869/359/269 870/360/269 858/210/269
f 858/210/270 870/360/270 871/361/270 859/349/270
f 859/349/271 871/361/271 872/362/271 860/350/271
f 860/350/272 872/362/272 873/363/272 861/351/272
f 861/352/273 873/364/273 874/365/273 862/353/273
f 862/353/274 874/365/274 875/366/274 863/354/274
f 863/354/275 875/366/275 876/367/275 864/215/275
f 864/215/276 876/367/276 877/368/276 865/355/276
f 865/355/277 877/368/277 878/369/277 866/356/277
f 866/356/278 878/369/278 867/357/278 855/208/278
f 867/357/279 879/8/279 880/370/279 868/358/279
f 868/358/280 880/370/280 881/371/280 869/359/280
f 869/359/281 881/371/281 882/372/281 870/360/281
f 870/360/282 882/372/282 883/373/282 871/361/282
f 871/361/283 883/373/283 884/374/283 872/362/283
f 872/362/284 884/374/284 885/7/284 873/363/284
f 873/364/285 885/375/285 886/376/285 874/365/285
f 874/365/286 886/376/286 887/377/286 875/366/286
f 875/366/287 887/377/287 888/378/287 876/367/287
f 876/367/288 888/378/288 889/379/288 877/368/288
f 877/368/289 889/379/289 890/380/289 878/369/289
f 878/369/290 890/380/290 879/8/290 867/357/290
f 879/8/291 891/381/291 892/382/291 880/370/291
f 880/370/292 892/382/292 893/383/292 881/371/292
f 881/371/293 893/383/293 894/384/293 882/372/293
f 882/372/294 894/384/294 895/385/294 883/373/294
f 883/373/295 895/385/295 896/386/295 884/374/295
f 884/374/296 896/386/296 897/387/296 885/7/296
f 885/375/297 897/388/297 898/389/297 886/376/297
f 886/376/298 898/389/298 899/390/298 887/377/298
f 887/377/299 899/390/299 900/391/299 888/378/299
f 888/378/300 900/391/300 901/392/300 889/379/300
f 889/379/301 901/392/301 902/393/301 890/380/301
f 890/380/302 902/393/302 891/381/302 879/8/302
f 891/381/303 903/202/303 904/394/303 892/382/303
f 892/382/304 904/394/304 905/395/304 893/383/304
f 893/383/305 905/395/305 906/196/305 894/384/305
f 894/384/306 906/196/306 907/396/306 895/385/306
f 895/385/307 907/396/307 908/397/307 896/386/307
f 896/386/308 908/397/308 909/398/308 897/387/308
f 897/388/309 909/399/309 910/400/309 898/389/309
f 898/389/310 910/400/310 911/401/310 899/390/310
f 899/390/311 911/401/311 912/199/311 900/391/311
f 900/391/312 912/199/312 913/402/312 901/392/312
f 901/392/313 913/402/313 914/403/313 902/393/313
f 902/393/314 914/403/314 903/202/314 891/381/314
f 903/202/315 915/404/315 916/405/315 904/394/315
f 904/394/316 916/405/316 917/406/316 905/395/316
f 905/395/317 917/406/317 918/407/317 906/196/317
f 906/196/318 918/407/318 919/408/318 907/396/318
f 907/396/319 919/408/319 920/409/319 908/397/319
f 908/397/320 920/409/320 921/410/320 909/398/320
f 909/399/321 921/411/321 922/412/321 910/400/321
f 910/400/322 922/412/322 923/413/322 911/401/322
f 911/401/323 923/413/323 924/414/323 912/199/323
f 912/199/324 924/414/324 925/415/324 913/402/324
f 913/402/325 925/415/325 926/416/325 914/403/325
f 914/403/326 926/416/326 915/404/326 903/202/326
f 915/404/327 927/417/327 928/418/327 916/405/327
f 916/405/328 928/418/328 929/419/328 917/406/328
f 917/406/329 929/419/329 930/420/329 918/407/329
f 918/407/330 930/420/330 931/421/330 919/408/330
f 919/408/331 931/421/331 932/422/331 920/409/331
f 920/409/332 932/422/332 933/206/332 921/410/332
f 921/411/333 933/423/333 934/424/333 922/412/333
f 922/412/334 934/424/334 935/425/334 923/413/334
f 923/413/335 935/425/335 936/426/335 924/414/335
f 924/414/336 936/426/336 937/427/336 925/415/336
f 925/415/529 937/427/529 938/428/529 926/416/529
f 926/416/338 938/428/338 927/417/338 915/404/338
f 927/417/339 939/429/339 940/430/339 928/418/339
f 928/418/340 940/430/340 941/431/340 929/419/340
f 929/419/341 941/431/341 942/432/341 930/420/341
f 930/420/342 942/432/342 943/433/342 931/421/342
f 931/421/343 943/433/343 944/434/343 932/422/343
f 932/422/344 944/434/344 945/435/344 933/206/344
f 933/423/345 945/436/345 946/437/345 934/424/345
f 934/424/346 946/437/346 947/438/346 935/425/346
f 935/425/347 947/438/347 948/439/347 936/426/347
f 936/426/348 948/439/348 949/440/348 937/427/348
f 937/427/349 949/440/349 950/441/349 938/428/349
f 938/428/350 950/441/350 939/429/350 927/417/350
f 939/429/351 951/6/351 952/442/351 940/430/351
f 940/430/530 952/442/530 953/443/530 941/431/530
f 941/431/353 953/443/353 954/193/353 942/432/353
f 942/432/354 954/193/354 955/444/354 943/433/354
f 943/433/355 955/444/355 956/445/355 944/434/355
f 944/434/356 956/445/356 957/5/356 945/435/356
f 945/436/357 957/446/357 958/447/357 946/437/357
f 946/437/358 958/447/358 959/448/358 947/438/358
f 947/438/359 959/448/359 960/198/359 948/439/359
f 948/439/360 960/198/360 961/449/360 949/440/360
f 949/440/531 961/449/531 962/450/531 950/441/531
f 950/441/362 962/450/362 951/6/362 939/429/362
f 951/6/363 963/451/363 964/452/363 952/442/363
f 952/442/516 964/452/516 965/453/516 953/443/516
f 953/443/365 965/453/365 966/454/365 954/193/365
f 954/193/366 966/454/366 967/455/366 955/444/366
f 955/444/367 967/455/367 968/456/367 956/445/367
f 956/445/368 968/456/368 969/457/368 957/5/368
f 957/446/369 969/458/369 970/459/369 958/447/369
f 958/447/370 970/459/370 971/460/370 959/448/370
f 959/448/371 971/460/371 972/461/371 960/198/371
f 960/198/372 972/461/372 973/462/372 961/449/372
f 961/449/517 973/462/517 974/463/517 962/450/517
f 962/450/374 974/463/374 963/451/374 951/6/374
f 963/451/375 975/464/375 976/465/375 964/452/375
f 964/452/376 976/465/376 977/466/376 965/453/376
f 965/453/377 977/466/377 978/467/377 966/454/377
f 966/454/378 978/467/378 979/468/378 967/455/378
f 967/455/379 979/468/379 980/469/379 968/456/379
f 968/456/380 980/469/380 981/470/380 969/457/380
f 969/458/381 981/471/381 982/472/381 970/459/381
f 970/459/382 982/472/382 983/473/382 971/460/382
f 971/460/383 983/473/383 984/474/383 972/461/383
f 972/461/384 984/474/384 985/475/384 973/462/384
f 973/462/385 985/475/385 986/476/385 974/463/385
f 974/463/386 986/476/386 975/464/386 963/451/386
f 975/464/387 987/477/387 988/478/387 976/465/387
f 976/465/388 988/478/388 989/479/388 977/466/388
f 977/466/389 989/479/389 990/480/389 978/467/389
f 978/467/390 990/480/390 991/481/390 979/468/390
f 979/468/391 991/481/391 992/482/391 980/469/391
f 980/469/392 992/482/392 993/483/392 981/470/392
f 981/471/393 993/484/393 994/485/393 982/472/393
f 982/472/394 994/485/394 995/486/394 983/473/394
f 983/473/395 995/486/395 996/487/395 984/474/395
f 984/474/396 996/487/396 997/488/396 985/475/396
f 985/475/397 997/488/397 998/489/397 986/476/397
f 986/476/398 998/489/398 987/477/398 975/464/398
f 987/477/399 999/490/399 1000/491/399 988/478/399
f 988/478/400 1000/491/400 1001/492/400 989/479/400
f 989/479/401 1001/492/401 1002/493/401 990/480/401
f 990/480/402 1002/493/402 1003/494/402 991/481/402
f 991/481/403 1003/494/403 1004/495/403 992/482/403
f 992/482/404 1004/495/404 1005/496/404 993/483/404
f 993/484/405 1005/497/405 1006/498/405 994/485/405
f 994/485/406 1006/498/406 1007/499/406 995/486/406
f 995/486/407 1007/499/407 1008/500/407 996/487/407
f 996/487/408 1008/500/408 1009/501/408 997/488/408
f 997/488/409 1009/501/409 1010/502/409 998/489/409
f 998/489/410 1010/502/410 999/490/410 987/477/410
f 999/490/411 1011/503/411 1012/504/411 1000/491/411
f 1000/491/412 1012/504/412 1013/505/412 1001/492/412
f 1001/492/413 1013/505/413 1014/506/413 1002/493/413
f 1002/493/414 1014/506/414 1015/507/414 1003/494/414
f 1003/494/415 1015/507/415 1016/508/415 1004/495/415
f 1004/495/416 1016/508/416 1017/509/416 1005/496/416
f 1005/497/417 1017/510/417 1018/511/417 1006/498/417
f 1006/498/418 1018/511/418 1019/512/418 1007/499/418
f 1007/499/419 1019/512/419 1020/513/419 1008/500/419
f 1008/500/420 1020/513/420 1021/514/420 1009/501/420
f 1009/501/421 1021/514/421 1022/515/421 1010/502/421
f 1010/502/422 1022/515/422 1011/503/422 999/490/422
f 1011/503/423 1023/4/423 1024/516/423 1012/504/423
f 1012/504/424 1024/516/424 1025/517/424 1013/505/424
f 1013/505/425 1025/517/425 1026/518/425 1014/506/425
f 1014/506/426 1026/518/426 1027/519/426 1015/507/426
f 1015/507/427 1027/519/427 1028/520/427 1016/508/427
f 1016/508/428 1028/520/428 1029/3/428 1017/509/428
f 1017/510/429 1029/521/429 1030/522/429 1018/511/429
f 1018/511/430 1030/522/430 1031/523/430 1019/512/430
f 1019/512/431 1031/523/431 1032/524/431 1020/513/431
f 1020/513/432 1032/524/432 1033/525/432 1021/514/432
f 1021/514/433 1033/525/433 1034/526/433 1022/515/433
f 1022/515/434 1034/526/434 1023/4/434 1011/503/434
f 1023/4/435 1035/527/435 1036/528/435 1024/516/435
f 1024/516/436 1036/528/436 1037/529/436 1025/517/436
f 1025/517/437 1037/529/437 1038/530/437 1026/518/437
f 1026/518/438 1038/530/438 1039/531/438 1027/519/438
f 1027/519/439 1039/531/439 1040/532/439 1028/520/439
f 1028/520/440 1040/532/440 1041/533/440 1029/3/440
f 1029/521/441 1041/534/441 1042/535/441 1030/522/441
f 1030/522/442 1042/535/442 1043/536/442 1031/523/442
f 1031/523/443 1043/536/443 1044/537/443 1032/524/443
f 1032/524/444 1044/537/444 1045/538/444 1033/525/444
f 1033/525/445 1045/538/445 1046/539/445 1034/526/445
f 1034/526/446 1046/539/446 1035/527/446 1023/4/446
f 1035/527/447 1047/540/447 1048/541/447 1036/528/447
f 1036/528/518 1048/541/518 1049/542/518 1037/529/518
f 1037/529/449 1049/542/449 1050/543/449 1038/530/449
f 1038/530/450 1050/543/450 1051/544/450 1039/531/450
f 1039/531/451 1051/544/451 1052/545/451 1040/532/451
f 1040/532/452 1052/545/452 1053/546/452 1041/533/452
f 1041/534/453 1053/547/453 1054/548/453 1042/535/453
f 1042/535/532 1054/548/532 1055/549/532 1043/536/532
f 1043/536/455 1055/549/455 1056/550/455 1044/537/455
f 1044/537/456 1056/550/456 1057/551/456 1045/538/456
f 1045/538/457 1057/551/457 1058/552/457 1046/539/457
f 1046/539/458 1058/552/458 1047/540/458 1035/527/458
f 1047/540/459 1059/553/459 1060/554/459 1048/541/459
f 1048/541/460 1060/554/460 1061/555/460 1049/542/460
f 1049/542/461 1061/555/461 1062/556/461 1050/543/461
f 1050/543/462 1062/556/462 1063/557/462 1051/544/462
f 1051/544/463 1063/557/463 1064/558/463 1052/545/463
f 1052/545/464 1064/558/464 1065/559/464 1053/546/464
f 1053/547/465 1065/560/465 1066/561/465 1054/548/465
f 1054/548/466 1066/561/466 1067/562/466 1055/549/466
f 1055/549/467 1067/562/467 1068/563/467 1056/550/467
f 1056/550/468 1068/563/468 1069/564/468 1057/551/468
f 1057/551/469 1069/564/469 1070/565/469 1058/552/469
f 1058/552/470 1070/565/470 1059/553/470 1047/540/470
f 1059/553/471 1071/566/471 1072/567/471 1060/554/471
f 1060/554/472 1072/567/472 1073/568/472 1061/555/472
f 1061/555/473 1073/568/473 1074/569/473 1062/556/473
f 1062/556/474 1074/569/474 1075/570/474 1063/557/474
f 1063/557/475 1075/570/475 1076/571/475 1064/558/475
f 1064/558/476 1076/571/476 1077/275/476 1065/559/476
f 1065/560/477 1077/572/477 1078/573/477 1066/561/477
f 1066/561/478 1078/573/478 1079/574/478 1067/562/478
f 1067/562/479 1079/574/479 1080/575/479 1068/563/479
f 1068/563/480 1080/575/480 1081/576/480 1069/564/480
f 1069/564/481 1081/576/481 1082/577/481 1070/565/481
f 1070/565/482 1082/577/482 1071/566/482 1059/553/482
f 1071/566/483 1083/578/483 1084/579/483 1072/567/483
f 1072/567/522 1084/579/522 1085/580/522 1073/568/522
f 1073/568/485 1085/580/485 1086/581/485 1074/569/485
f 1074/569/533 1086/581/533 1087/582/533 1075/570/533
f 1075/570/487 1087/582/487 1088/583/487 1076/571/487
f 1076/571/488 1088/583/488 1089/584/488 1077/275/488
f 1077/572/489 1089/585/489 1090/586/489 1078/573/489
f 1078/573/490 1090/586/490 1091/587/490 1079/574/490
f 1079/574/491 1091/587/491 1092/588/491 1080/575/491
f 1080/575/492 1092/588/492 1093/589/492 1081/576/492
f 1081/576/493 1093/589/493 1094/590/493 1082/577/493
f 1082/577/494 1094/590/494 1083/578/494 1071/566/494
f 1083/578/495 1095/1/495 1096/591/495 1084/579/495
f 1084/579/534 1096/591/534 1097/592/534 1085/580/534
f 1085/580/497 1097/592/497 1098/593/497 1086/581/497
f 1086/581/498 1098/593/498 1099/594/498 1087/582/498
f 1087/582/499 1099/594/499 1100/595/499 1088/583/499
f 1088/583/500 1100/595/500 1101/2/500 1089/584/500
f 1089/585/501 1101/596/501 1102/597/501 1090/586/501
f 1090/586/524 1102/597/524 1103/598/524 1091/587/524
f 1091/587/503 1103/598/503 1104/280/503 1092/588/503
f 1092/588/504 1104/280/504 1105/599/504 1093/589/504
f 1093/589/535 1105/599/535 1106/600/535 1094/590/535
f 1094/590/506 1106/600/506 1095/1/506 1083/578/506
f 1095/601/224 1107/602/224 1108/603/224 1096/604/224
f 1096/604/536 1108/603/536 1109/605/536 1097/606/536
f 1097/606/222 1109/605/222 1110/607/222 1098/608/222
f 1098/608/221 1110/607/221 1111/609/221 1099/610/221
f 1099/610/537 1111/609/537 1112/611/537 1100/612/537
f 1100/612/219 1112/611/219 1113/613/219 1101/614/219
f 1101/615/230 1113/616/230 1114/617/230 1102/618/230
f 1102/618/538 1114/617/538 1115/619/538 1103/620/538
f 1103/620/228 1115/619/228 1116/621/228 1104/622/228
f 1104/622/227 1116/621/227 1117/623/227 1105/624/227
f 1105/624/539 1117/623/539 1118/625/539 1106/626/539
f 1106/626/225 1118/625/225 1107/602/225 1095/601/225
f 1107/602/236 1119/627/236 1120/628/236 1108/603/236
f 1108/603/235 1120/628/235 1121/629/235 1109/605/235
f 1109/605/540 1121/629/540 1122/630/540 1110/607/540
f 1110/607/233 1122/630/233 1123/631/233 1111/609/233
f 1111/609/232 1123/631/232 1124/632/232 1112/611/232
f 1112/611/231 1124/632/231 1125/633/231 1113/613/231
f 1113/616/242 1125/634/242 1126/635/242 1114/617/242
f 1114/617/241 1126/635/241 1127/636/241 1115/619/241
f 1115/619/541 1127/636/541 1128/637/541 1116/621/541
f 1116/621/239 1128/637/239 1129/638/239 1117/623/239
f 1117/623/238 1129/638/238 1130/639/238 1118/625/238
f 1118/625/237 1130/639/237 1119/627/237 1107/602/237
f 1119/627/248 1131/640/248 1132/641/248 1120/628/248
f 1120/628/247 1132/641/247 1133/642/247 1121/629/247
f 1121/629/246 1133/642/246 1134/643/246 1122/630/246
f 1122/630/245 1134/643/245 1135/644/245 1123/631/245
f 1123/631/244 1135/644/244 1136/645/244 1124/632/244
f 1124/632/243 1136/645/243 1137/646/243 1125/633/243
f 1125/634/254 1137/647/254 1138/648/254 1126/635/254
f 1126/635/253 1138/648/253 1139/649/253 1127/636/253
f 1127/636/252 1139/649/252 1140/650/252 1128/637/252
f 1128/637/251 1140/650/251 1141/651/251 1129/638/251
f 1129/638/528 1141/651/528 1142/652/528 1130/639/528
f 1130/639/249 1142/652/249 1131/640/249 1119/627/249
f 1131/640/260 1143/653/260 1144/654/260 1132/641/260
f 1132/641/509 1144/654/509 1145/655/509 1133/642/509
f 1133/642/258 1145/655/258 1146/656/258 1134/643/258
f 1134/643/257 1146/656/257 1147/657/257 1135/644/257
f 1135/644/510 1147/657/510 1148/658/510 1136/645/510
f 1136/645/255 1148/658/255 1149/659/255 1137/646/255
f 1137/647/266 1149/660/266 1150/661/266 1138/648/266
f 1138/648/265 1150/661/265 1151/662/265 1139/649/265
f 1139/649/264 1151/662/264 1152/663/264 1140/650/264
f 1140/650/263 1152/663/263 1153/664/263 1141/651/263
f 1141/651/512 1153/664/512 1154/665/512 1142/652/512
f 1142/652/261 1154/665/261 1143/653/261 1131/640/261
f 1143/653/272 1155/666/272 1156/667/272 1144/654/272
f 1144/654/271 1156/667/271 1157/668/271 1145/655/271
f 1145/655/270 1157/668/270 1158/669/270 1146/656/270
f 1146/656/269 1158/669/269 1159/670/269 1147/657/269
f 1147/657/268 1159/670/268 1160/671/268 1148/658/268
f 1148/658/267 1160/671/267 1161/672/267 1149/659/267
f 1149/660/278 1161/673/278 1162/674/278 1150/661/278
f 1150/661/277 1162/674/277 1163/675/277 1151/662/277
f 1151/662/276 1163/675/276 1164/676/276 1152/663/276
f 1152/663/275 1164/676/275 1165/677/275 1153/664/275
f 1153/664/274 1165/677/274 1166/678/274 1154/665/274
f 1154/665/273 1166/678/273 1155/666/273 1143/653/273
f 1155/666/284 1167/24/284 1168/679/284 1156/667/284
f 1156/667/283 1168/679/283 1169/680/283 1157/668/283
f 1157/668/282 1169/680/282 1170/681/282 1158/669/282
f 1158/669/281 1170/681/281 1171/682/281 1159/670/281
f 1159/670/280 1171/682/280 1172/683/280 1160/671/280
f 1160/671/279 1172/683/279 1173/23/279 1161/672/279
f 1161/673/290 1173/684/290 1174/685/290 1162/674/290
f 1162/674/289 1174/685/289 1175/686/289 1163/675/289
f 1163/675/288 1175/686/288 1176/687/288 1164/676/288
f 1164/676/287 1176/687/287 1177/688/287 1165/677/287
f 1165/677/286 1177/688/286 1178/689/286 1166/678/286
f 1166/678/285 1178/689/285 1167/24/285 1155/666/285
f 1167/24/296 1179/690/296 1180/691/296 1168/679/296
f 1168/679/295 1180/691/295 1181/692/295 1169/680/295
f 1169/680/294 1181/692/294 1182/693/294 1170/681/294
f 1170/681/293 1182/693/293 1183/694/293 1171/682/293
f 1171/682/292 1183/694/292 1184/695/292 1172/683/292
f 1172/683/291 1184/695/291 1185/696/291 1173/23/291
f 1173/684/302 1185/697/302 1186/698/302 1174/685/302
f 1174/685/301 1186/698/301 1187/699/301 1175/686/301
f 1175/686/300 1187/699/300 1188/700/300 1176/687/300
f 1176/687/299 1188/700/299 1189/701/299 1177/688/299
f 1177/688/298 1189/701/298 1190/702/298 1178/689/298
f 1178/689/297 1190/702/297 1179/690/297 1167/24/297
f 1179/690/308 1191/703/308 1192/704/308 1180/691/308
f 1180/691/307 1192/704/307 1193/705/307 1181/692/307
f 1181/692/306 1193/705/306 1194/706/306 1182/693/306
f 1182/693/305 1194/706/305 1195/707/305 1183/694/305
f 1183/694/304 1195/707/304 1196/708/304 1184/695/304
f 1184/695/303 1196/708/303 1197/709/303 1185/696/303
f 1185/697/314 1197/710/314 1198/711/314 1186/698/314
f 1186/698/313 1198/711/313 1199/712/313 1187/699/313
f 1187/699/312 1199/712/312 1200/713/312 1188/700/312
f 1188/700/311 1200/713/311 1201/714/311 1189/701/311
f 1189/701/310 1201/714/310 1202/715/310 1190/702/310
f 1190/702/309 1202/715/309 1191/703/309 1179/690/309
f 1191/703/320 1203/716/320 1204/717/320 1192/704/320
f 1192/704/319 1204/717/319 1205/718/319 1193/705/319
f 1193/705/318 1205/718/318 1206/719/318 1194/706/318
f 1194/706/317 1206/719/317 1207/720/317 1195/707/317
f 1195/707/316 1207/720/316 1208/721/316 1196/708/316
f 1196/708/315 1208/721/315 1209/722/315 1197/709/315
f 1197/710/326 1209/723/326 1210/724/326 1198/711/326
f 1198/711/325 1210/724/325 1211/725/325 1199/712/325
f 1199/712/324 1211/725/324 1212/726/324 1200/713/324
f 1200/713/323 1212/726/323 1213/727/323 1201/714/323
f 1201/714/322 1213/727/322 1214/728/322 1202/715/322
f 1202/715/321 1214/728/321 1203/716/321 1191/703/321
f 1203/716/332 1215/729/332 1216/730/332 1204/717/332
f 1204/717/331 1216/730/331 1217/731/331 1205/718/331
f 1205/718/330 1217/731/330 1218/732/330 1206/719/330
f 1206/719/329 1218/732/329 1219/733/329 1207/720/329
f 1207/720/542 1219/733/542 1220/734/542 1208/721/542
f 1208/721/327 1220/734/327 1221/735/327 1209/722/327
f 1209/723/338 1221/736/338 1222/737/338 1210/724/338
f 1210/724/529 1222/737/529 1223/738/529 1211/725/529
f 1211/725/336 1223/738/336 1224/739/336 1212/726/336
f 1212/726/335 1224/739/335 1225/740/335 1213/727/335
f 1213/727/334 1225/740/334 1226/741/334 1214/728/334
f 1214/728/333 1226/741/333 1215/729/333 1203/716/333
f 1215/729/344 1227/742/344 1228/743/344 1216/730/344
f 1216/730/343 1228/743/343 1229/744/343 1217/731/343
f 1217/731/342 1229/744/342 1230/745/342 1218/732/342
f 1218/732/341 1230/745/341 1231/746/341 1219/733/341
f 1219/733/340 1231/746/340 1232/747/340 1220/734/340
f 1220/734/339 1232/747/339 1233/748/339 1221/735/339
f 1221/736/350 1233/749/350 1234/750/350 1222/737/350
f 1222/737/349 1234/750/349 1235/751/349 1223/738/349
f 1223/738/348 1235/751/348 1236/752/348 1224/739/348
f 1224/739/347 1236/752/347 1237/753/347 1225/740/347
f 1225/740/346 1237/753/346 1238/754/346 1226/741/346
f 1226/741/345 1238/754/345 1227/742/345 1215/729/345
f 1227/742/356 1239/14/356 1240/755/356 1228/743/356
f 1228/743/543 1240/755/543 1241/756/543 1229/744/543
f 1229/744/354 1241/756/354 1242/757/354 1230/745/354
f 1230/745/353 1242/757/353 1243/758/353 1231/746/353
f 1231/746/352 1243/758/352 1244/759/352 1232/747/352
f 1232/747/351 1244/759/351 1245/13/351 1233/748/351
f 1233/749/362 1245/760/362 1246/761/362 1234/750/362
f 1234/750/361 1246/761/361 1247/762/361 1235/751/361
f 1235/751/360 1247/762/360 1248/248/360 1236/752/360
f 1236/752/359 1248/248/359 1249/763/359 1237/753/359
f 1237/753/544 1249/763/544 1250/764/544 1238/754/544
f 1238/754/357 1250/764/357 1239/14/357 1227/742/357
f 1239/14/368 1251/765/368 1252/766/368 1240/755/368
f 1240/755/367 1252/766/367 1253/767/367 1241/756/367
f 1241/756/366 1253/767/366 1254/768/366 1242/757/366
f 1242/757/365 1254/768/365 1255/769/365 1243/758/365
f 1243/758/516 1255/769/516 1256/770/516 1244/759/516
f 1244/759/363 1256/770/363 1257/771/363 1245/13/363
f 1245/760/374 1257/772/374 1258/773/374 1246/761/374
f 1246/761/517 1258/773/517 1259/774/517 1247/762/517
f 1247/762/372 1259/774/372 1260/775/372 1248/248/372
f 1248/248/371 1260/775/371 1261/776/371 1249/763/371
f 1249/763/370 1261/776/370 1262/777/370 1250/764/370
f 1250/764/369 1262/777/369 1251/765/369 1239/14/369
f 1251/765/380 1263/778/380 1264/779/380 1252/766/380
f 1252/766/379 1264/779/379 1265/780/379 1253/767/379
f 1253/767/378 1265/780/378 1266/781/378 1254/768/378
f 1254/768/377 1266/781/377 1267/782/377 1255/769/377
f 1255/769/376 1267/782/376 1268/783/376 1256/770/376
f 1256/770/375 1268/783/375 1269/784/375 1257/771/375
f 1257/772/386 1269/785/386 1270/786/386 1258/773/386
f 1258/773/385 1270/786/385 1271/787/385 1259/774/385
f 1259/774/384 1271/787/384 1272/788/384 1260/775/384
f 1260/775/383 1272/788/383 1273/789/383 1261/776/383
f 1261/776/382 1273/789/382 1274/790/382 1262/777/382
f 1262/777/381 1274/790/381 1263/778/381 1251/765/381
f 1263/778/392 1275/791/392 1276/792/392 1264/779/392
f 1264/779/391 1276/792/391 1277/793/391 1265/780/391
f 1265/780/390 1277/793/390 1278/794/390 1266/781/390
f 1266/781/389 1278/794/389 1279/795/389 1267/782/389
f 1267/782/388 1279/795/388 1280/796/388 1268/783/388
f 1268/783/387 1280/796/387 1281/797/387 1269/784/387
f 1269/785/398 1281/798/398 1282/799/398 1270/786/398
f 1270/786/397 1282/799/397 1283/800/397 1271/787/397
f 1271/787/396 1283/800/396 1284/801/396 1272/788/396
f 1272/788/395 1284/801/395 1285/802/395 1273/789/395
f 1273/789/394 1285/802/394 1286/803/394 1274/790/394
f 1274/790/393 1286/803/393 1275/791/393 1263/778/393
f 1275/791/404 1287/804/404 1288/805/404 1276/792/404
f 1276/792/403 1288/805/403 1289/806/403 1277/793/403
f 1277/793/402 1289/806/402 1290/807/402 1278/794/402
f 1278/794/401 1290/807/401 1291/808/401 1279/795/401
f 1279/795/545 1291/808/545 1292/809/545 1280/796/545
f 1280/796/399 1292/809/399 1293/810/399 1281/797/399
f 1281/798/410 1293/811/410 1294/812/410 1282/799/410
f 1282/799/546 1294/812/546 1295/813/546 1283/800/546
f 1283/800/408 1295/813/408 1296/814/408 1284/801/408
f 1284/801/407 1296/814/407 1297/815/407 1285/802/407
f 1285/802/406 1297/815/406 1298/816/406 1286/803/406
f 1286/803/405 1298/816/405 1287/804/405 1275/791/405
f 1287/804/416 1299/817/416 1300/818/416 1288/805/416
f 1288/805/415 1300/818/415 1301/819/415 1289/806/415
f 1289/806/414 1301/819/414 1302/820/414 1290/807/414
f 1290/807/413 1302/820/413 1303/821/413 1291/808/413
f 1291/808/412 1303/821/412 1304/822/412 1292/809/412
f 1292/809/411 1304/822/411 1305/823/411 1293/810/411
f 1293/811/422 1305/824/422 1306/825/422 1294/812/422
f 1294/812/421 1306/825/421 1307/826/421 1295/813/421
f 1295/813/420 1307/826/420 1308/827/420 1296/814/420
f 1296/814/419 1308/827/419 1309/828/419 1297/815/419
f 1297/815/418 1309/828/418 1310/829/418 1298/816/418
f 1298/816/417 1310/829/417 1299/817/417 1287/804/417
f 1299/817/428 1311/12/428 1312/830/428 1300/818/428
f 1300/818/427 1312/830/427 1313/831/427 1301/819/427
f 1301/819/426 1313/831/426 1314/832/426 1302/820/426
f 1302/820/425 1314/832/425 1315/833/425 1303/821/425
f 1303/821/424 1315/833/424 1316/834/424 1304/822/424
f 1304/822/423 1316/834/423 1317/11/423 1305/823/423
f 1305/824/434 1317/835/434 1318/836/434 1306/825/434
f 1306/825/547 1318/836/547 1319/837/547 1307/826/547
f 1307/826/432 1319/837/432 1320/838/432 1308/827/432
f 1308/827/431 1320/838/431 1321/839/431 1309/828/431
f 1309/828/430 1321/839/430 1322/840/430 1310/829/430
f 1310/829/429 1322/840/429 1311/12/429 1299/817/429
f 1311/12/440 1323/841/440 1324/842/440 1312/830/440
f 1312/830/439 1324/842/439 1325/843/439 1313/831/439
f 1313/831/438 1325/843/438 1326/844/438 1314/832/438
f 1314/832/437 1326/844/437 1327/845/437 1315/833/437
f 1315/833/436 1327/845/436 1328/846/436 1316/834/436
f 1316/834/435 1328/846/435 1329/847/435 1317/11/435
f 1317/835/446 1329/848/446 1330/849/446 1318/836/446
f 1318/836/445 1330/849/445 1331/850/445 1319/837/445
f 1319/837/444 1331/850/444 1332/851/444 1320/838/444
f 1320/838/443 1332/851/443 1333/852/443 1321/839/443
f 1321/839/442 1333/852/442 1334/853/442 1322/840/442
f 1322/840/441 1334/853/441 1323/841/441 1311/12/441
f 1323/841/452 1335/225/452 1336/854/452 1324/842/452
f 1324/842/451 1336/854/451 1337/855/451 1325/843/451
f 1325/843/450 1337/855/450 1338/227/450 1326/844/450
f 1326/844/449 1338/227/449 1339/856/449 1327/845/449
f 1327/845/518 1339/856/518 1340/857/518 1328/846/518
f 1328/846/447 1340/857/447 1341/858/447 1329/847/447
f 1329/848/458 1341/859/458 1342/860/458 1330/849/458
f 1330/849/457 1342/860/457 1343/861/457 1331/850/457
f 1331/850/456 1343/861/456 1344/228/456 1332/851/456
f 1332/851/455 1344/228/455 1345/862/455 1333/852/455
f 1333/852/454 1345/862/454 1346/863/454 1334/853/454
f 1334/853/453 1346/863/453 1335/225/453 1323/841/453
f 1335/225/464 1347/864/464 1348/865/464 1336/854/464
f 1336/854/519 1348/865/519 1349/866/519 1337/855/519
f 1337/855/462 1349/866/462 1350/867/462 1338/227/462
f 1338/227/461 1350/867/461 1351/868/461 1339/856/461
f 1339/856/460 1351/868/460 1352/869/460 1340/857/460
f 1340/857/459 1352/869/459 1353/870/459 1341/858/459
f 1341/859/470 1353/871/470 1354/872/470 1342/860/470
f 1342/860/548 1354/872/548 1355/873/548 1343/861/548
f 1343/861/468 1355/873/468 1356/874/468 1344/228/468
f 1344/228/467 1356/874/467 1357/875/467 1345/862/467
f 1345/862/520 1357/875/520 1358/876/520 1346/863/520
f 1346/863/465 1358/876/465 1347/864/465 1335/225/465
f 1347/864/476 1359/877/476 1360/878/476 1348/865/476
f 1348/865/475 1360/878/475 1361/879/475 1349/866/475
f 1349/866/474 1361/879/474 1362/880/474 1350/867/474
f 1350/867/473 1362/880/473 1363/881/473 1351/868/473
f 1351/868/472 1363/881/472 1364/882/472 1352/869/472
f 1352/869/471 1364/882/471 1365/883/471 1353/870/471
f 1353/871/482 1365/884/482 1366/885/482 1354/872/482
f 1354/872/481 1366/885/481 1367/886/481 1355/873/481
f 1355/873/480 1367/886/480 1368/887/480 1356/874/480
f 1356/874/479 1368/887/479 1369/888/479 1357/875/479
f 1357/875/478 1369/888/478 1370/889/478 1358/876/478
f 1358/876/477 1370/889/477 1359/877/477 1347/864/477
f 1359/877/488 1371/890/488 1372/891/488 1360/878/488
f 1360/878/487 1372/891/487 1373/892/487 1361/879/487
f 1361/879/486 1373/892/486 1374/893/486 1362/880/486
f 1362/880/549 1374/893/549 1375/894/549 1363/881/549
f 1363/881/522 1375/894/522 1376/895/522 1364/882/522
f 1364/882/483 1376/895/483 1377/896/483 1365/883/483
f 1365/884/494 1377/897/494 1378/898/494 1366/885/494
f 1366/885/493 1378/898/493 1379/899/493 1367/886/493
f 1367/886/492 1379/899/492 1380/900/492 1368/887/492
f 1368/887/491 1380/900/491 1381/901/491 1369/888/491
f 1369/888/490 1381/901/490 1382/902/490 1370/889/490
f 1370/889/489 1382/902/489 1371/890/489 1359/877/489
f 1371/890/500 807/10/500 808/301/500 1372/891/500
f 1372/891/523 808/301/523 809/303/523 1373/892/523
f 1373/892/498 809/303/498 810/305/498 1374/893/498
f 1374/893/497 810/305/497 811/307/497 1375/894/497
f 1375/894/496 811/307/496 812/309/496 1376/895/496
f 1376/895/495 812/309/495 813/9/495 1377/896/495
f 1377/897/506 813/311/506 814/314/506 1378/898/506
f 1378/898/550 814/314/550 815/316/550 1379/899/550
f 1379/899/504 815/316/504 816/219/504 1380/900/504
f 1380/900/503 816/219/503 817/319/503 1381/901/503
f 1381/901/502 817/319/502 818/321/502 1382/902/502
f 1382/902/501 818/321/501 807/10/501 1371/890/501
f 1383/10/219 1395/299/219 1396/300/219 1384/301/219
f 1384/301/537 1396/300/537 1397/302/537 1385/303/537
f 1385/303/221 1397/302/221 1398/304/221 1386/305/221
f 1386/305/222 1398/304/222 1399/306/222 1387/307/222
f 1387/307/551 1399/306/551 1400/308/551 1388/309/551
f 1388/309/224 1400/308/224 1401/310/224 1389/9/224
f 1389/311/225 1401/312/225 1402/313/225 1390/314/225
f 1390/314/525 1402/313/525 1403/315/525 1391/316/525
f 1391/316/227 1403/315/227 1404/317/227 1392/219/227
f 1392/219/228 1404/317/228 1405/318/228 1393/319/228
f 1393/319/526 1405/318/526 1406/320/526 1394/321/526
f 1394/321/230 1406/320/230 1395/299/230 1383/10/230
f 1395/299/231 1407/322/231 1408/323/231 1396/300/231
f 1396/300/232 1408/323/232 1409/324/232 1397/302/232
f 1397/302/233 1409/324/233 1410/325/233 1398/304/233
f 1398/304/234 1410/325/234 1411/326/234 1399/306/234
f 1399/306/508 1411/326/508 1412/327/508 1400/308/508
f 1400/308/236 1412/327/236 1413/223/236 1401/310/236
f 1401/312/237 1413/328/237 1414/329/237 1402/313/237
f 1402/313/552 1414/329/552 1415/330/552 1403/315/552
f 1403/315/239 1415/330/239 1416/331/239 1404/317/239
f 1404/317/240 1416/331/240 1417/332/240 1405/318/240
f 1405/318/241 1417/332/241 1418/333/241 1406/320/241
f 1406/320/242 1418/333/242 1407/322/242 1395/299/242
f 1407/322/243 1419/334/243 1420/335/243 1408/323/243
f 1408/323/553 1420/335/553 1421/336/553 1409/324/553
f 1409/324/245 1421/336/245 1422/337/245 1410/325/245
f 1410/325/246 1422/337/246 1423/338/246 1411/326/246
f 1411/326/554 1423/338/554 1424/339/554 1412/327/554
f 1412/327/248 1424/339/248 1425/340/248 1413/223/248
f 1413/328/249 1425/341/249 1426/342/249 1414/329/249
f 1414/329/528 1426/342/528 1427/343/528 1415/330/528
f 1415/330/251 1427/343/251 1428/344/251 1416/331/251
f 1416/331/252 1428/344/252 1429/345/252 1417/332/252
f 1417/332/555 1429/345/555 1430/346/555 1418/333/555
f 1418/333/254 1430/346/254 1419/334/254 1407/322/254
f 1419/334/255 1431/208/255 1432/347/255 1420/335/255
f 1420/335/256 1432/347/256 1433/348/256 1421/336/256
f 1421/336/257 1433/348/257 1434/210/257 1422/337/257
f 1422/337/258 1434/210/258 1435/349/258 1423/338/258
f 1423/338/259 1435/349/259 1436/350/259 1424/339/259
f 1424/339/260 1436/350/260 1437/351/260 1425/340/260
f 1425/341/261 1437/352/261 1438/353/261 1426/342/261
f 1426/342/262 1438/353/262 1439/354/262 1427/343/262
f 1427/343/263 1439/354/263 1440/215/263 1428/344/263
f 1428/344/264 1440/215/264 1441/355/264 1429/345/264
f 1429/345/265 1441/355/265 1442/356/265 1430/346/265
f 1430/346/266 1442/356/266 1431/208/266 1419/334/266
f 1431/208/267 1443/357/267 1444/358/267 1432/347/267
f 1432/347/268 1444/358/268 1445/359/268 1433/348/268
f 1433/348/269 1445/359/269 1446/360/269 1434/210/269
f 1434/210/270 1446/360/270 1447/361/270 1435/349/270
f 1435/349/271 1447/361/271 1448/362/271 1436/350/271
f 1436/350/272 1448/362/272 1449/363/272 1437/351/272
f 1437/352/273 1449/364/273 1450/365/273 1438/353/273
f 1438/353/274 1450/365/274 1451/366/274 1439/354/274
f 1439/354/275 1451/366/275 1452/367/275 1440/215/275
f 1440/215/276 1452/367/276 1453/368/276 1441/355/276
f 1441/355/277 1453/368/277 1454/369/277 1442/356/277
f 1442/356/278 1454/369/278 1443/357/278 1431/208/278
f 1443/357/279 1455/8/279 1456/370/279 1444/358/279
f 1444/358/280 1456/370/280 1457/371/280 1445/359/280
f 1445/359/281 1457/371/281 1458/372/281 1446/360/281
f 1446/360/282 1458/372/282 1459/373/282 1447/361/282
f 1447/361/283 1459/373/283 1460/374/283 1448/362/283
f 1448/362/284 1460/374/284 1461/7/284 1449/363/284
f 1449/364/285 1461/375/285 1462/376/285 1450/365/285
f 1450/365/286 1462/376/286 1463/377/286 1451/366/286
f 1451/366/287 1463/377/287 1464/378/287 1452/367/287
f 1452/367/288 1464/378/288 1465/379/288 1453/368/288
f 1453/368/289 1465/379/289 1466/380/289 1454/369/289
f 1454/369/290 1466/380/290 1455/8/290 1443/357/290
f 1455/8/291 1467/381/291 1468/382/291 1456/370/291
f 1456/370/292 1468/382/292 1469/383/292 1457/371/292
f 1457/371/293 1469/383/293 1470/384/293 1458/372/293
f 1458/372/294 1470/384/294 1471/385/294 1459/373/294
f 1459/373/295 1471/385/295 1472/386/295 1460/374/295
f 1460/374/296 1472/386/296 1473/387/296 1461/7/296
f 1461/375/297 1473/388/297 1474/389/297 1462/376/297
f 1462/376/298 1474/389/298 1475/390/298 1463/377/298
f 1463/377/299 1475/390/299 1476/391/299 1464/378/299
f 1464/378/300 1476/391/300 1477/392/300 1465/379/300
f 1465/379/301 1477/392/301 1478/393/301 1466/380/301
f 1466/380/302 1478/393/302 1467/381/302 1455/8/302
f 1467/381/303 1479/202/303 1480/394/303 1468/382/303
f 1468/382/304 1480/394/304 1481/395/304 1469/383/304
f 1469/383/305 1481/395/305 1482/196/305 1470/384/305
f 1470/384/306 1482/196/306 1483/396/306 1471/385/306
f 1471/385/307 1483/396/307 1484/397/307 1472/386/307
f 1472/386/308 1484/397/308 1485/398/308 1473/387/308
f 1473/388/309 1485/399/309 1486/400/309 1474/389/309
f 1474/389/310 1486/400/310 1487/401/310 1475/390/310
f 1475/390/311 1487/401/311 1488/199/311 1476/391/311
f 1476/391/312 1488/199/312 1489/402/312 1477/392/312
f 1477/392/313 1489/402/313 1490/403/313 1478/393/313
f 1478/393/314 1490/403/314 1479/202/314 1467/381/314
f 1479/202/315 1491/404/315 1492/405/315 1480/394/315
f 1480/394/316 1492/405/316 1493/406/316 1481/395/316
f 1481/395/317 1493/406/317 1494/407/317 1482/196/317
f 1482/196/318 1494/407/318 1495/408/318 1483/396/318
f 1483/396/319 1495/408/319 1496/409/319 1484/397/319
f 1484/397/320 1496/409/320 1497/410/320 1485/398/320
f 1485/399/321 1497/411/321 1498/412/321 1486/400/321
f 1486/400/322 1498/412/322 1499/413/322 1487/401/322
f 1487/401/323 1499/413/323 1500/414/323 1488/199/323
f 1488/199/324 1500/414/324 1501/415/324 1489/402/324
f 1489/402/325 1501/415/325 1502/416/325 1490/403/325
f 1490/403/326 1502/416/326 1491/404/326 1479/202/326
f 1491/404/327 1503/417/327 1504/418/327 1492/405/327
f 1492/405/542 1504/418/542 1505/419/542 1493/406/542
f 1493/406/329 1505/419/329 1506/420/329 1494/407/329
f 1494/407/330 1506/420/330 1507/421/330 1495/408/330
f 1495/408/331 1507/421/331 1508/422/331 1496/409/331
f 1496/409/332 1508/422/332 1509/206/332 1497/410/332
f 1497/411/333 1509/423/333 1510/424/333 1498/412/333
f 1498/412/334 1510/424/334 1511/425/334 1499/413/334
f 1499/413/335 1511/425/335 1512/426/335 1500/414/335
f 1500/414/336 1512/426/336 1513/427/336 1501/415/336
f 1501/415/337 1513/427/337 1514/428/337 1502/416/337
f 1502/416/338 1514/428/338 1503/417/338 1491/404/338
f 1503/417/339 1515/429/339 1516/430/339 1504/418/339
f 1504/418/340 1516/430/340 1517/431/340 1505/419/340
f 1505/419/341 1517/431/341 1518/432/341 1506/420/341
f 1506/420/342 1518/432/342 1519/433/342 1507/421/342
f 1507/421/343 1519/433/343 1520/434/343 1508/422/343
f 1508/422/344 1520/434/344 1521/435/344 1509/206/344
f 1509/423/345 1521/436/345 1522/437/345 1510/424/345
f 1510/424/346 1522/437/346 1523/438/346 1511/425/346
f 1511/425/347 1523/438/347 1524/439/347 1512/426/347
f 1512/426/348 1524/439/348 1525/440/348 1513/427/348
f 1513/427/349 1525/440/349 1526/441/349 1514/428/349
f 1514/428/350 1526/441/350 1515/429/350 1503/417/350
f 1515/429/351 1527/6/351 1528/442/351 1516/430/351
f 1516/430/530 1528/442/530 1529/443/530 1517/431/530
f 1517/431/353 1529/443/353 1530/193/353 1518/432/353
f 1518/432/354 1530/193/354 1531/444/354 1519/433/354
f 1519/433/355 1531/444/355 1532/445/355 1520/434/355
f 1520/434/356 1532/445/356 1533/5/356 1521/435/356
f 1521/436/357 1533/446/357 1534/447/357 1522/437/357
f 1522/437/358 1534/447/358 1535/448/358 1523/438/358
f 1523/438/359 1535/448/359 1536/198/359 1524/439/359
f 1524/439/360 1536/198/360 1537/449/360 1525/440/360
f 1525/440/531 1537/449/531 1538/450/531 1526/441/531
f 1526/441/362 1538/450/362 1527/6/362 1515/429/362
f 1527/6/363 1539/451/363 1540/452/363 1528/442/363
f 1528/442/516 1540/452/516 1541/453/516 1529/443/516
f 1529/443/365 1541/453/365 1542/454/365 1530/193/365
f 1530/193/366 1542/454/366 1543/455/366 1531/444/366
f 1531/444/367 1543/455/367 1544/456/367 1532/445/367
f 1532/445/368 1544/456/368 1545/457/368 1533/5/368
f 1533/446/369 1545/458/369 1546/459/369 1534/447/369
f 1534/447/370 1546/459/370 1547/460/370 1535/448/370
f 1535/448/371 1547/460/371 1548/461/371 1536/198/371
f 1536/198/372 1548/461/372 1549/462/372 1537/449/372
f 1537/449/517 1549/462/517 1550/463/517 1538/450/517
f 1538/450/374 1550/463/374 1539/451/374 1527/6/374
f 1539/451/375 1551/464/375 1552/465/375 1540/452/375
f 1540/452/376 1552/465/376 1553/466/376 1541/453/376
f 1541/453/377 1553/466/377 1554/467/377 1542/454/377
f 1542/454/378 1554/467/378 1555/468/378 1543/455/378
f 1543/455/379 1555/468/379 1556/469/379 1544/456/379
f 1544/456/380 1556/469/380 1557/470/380 1545/457/380
f 1545/458/381 1557/471/381 1558/472/381 1546/459/381
f 1546/459/382 1558/472/382 1559/473/382 1547/460/382
f 1547/460/383 1559/473/383 1560/474/383 1548/461/383
f 1548/461/384 1560/474/384 1561/475/384 1549/462/384
f 1549/462/385 1561/475/385 1562/476/385 1550/463/385
f 1550/463/386 1562/476/386 1551/464/386 1539/451/386
f 1551/464/387 1563/477/387 1564/478/387 1552/465/387
f 1552/465/556 1564/478/556 1565/479/556 1553/466/556
f 1553/466/389 1565/479/389 1566/480/389 1554/467/389
f 1554/467/390 1566/480/390 1567/481/390 1555/468/390
f 1555/468/391 1567/481/391 1568/482/391 1556/469/391
f 1556/469/392 1568/482/392 1569/483/392 1557/470/392
f 1557/471/393 1569/484/393 1570/485/393 1558/472/393
f 1558/472/394 1570/485/394 1571/486/394 1559/473/394
f 1559/473/395 1571/486/395 1572/487/395 1560/474/395
f 1560/474/396 1572/487/396 1573/488/396 1561/475/396
f 1561/475/397 1573/488/397 1574/489/397 1562/476/397
f 1562/476/398 1574/489/398 1563/477/398 1551/464/398
f 1563/477/399 1575/490/399 1576/491/399 1564/478/399
f 1564/478/400 1576/491/400 1577/492/400 1565/479/400
f 1565/479/401 1577/492/401 1578/493/401 1566/480/401
f 1566/480/402 1578/493/402 1579/494/402 1567/481/402
f 1567/481/403 1579/494/403 1580/495/403 1568/482/403
f 1568/482/404 1580/495/404 1581/496/404 1569/483/404
f 1569/484/405 1581/497/405 1582/498/405 1570/485/405
f 1570/485/406 1582/498/406 1583/499/406 1571/486/406
f 1571/486/407 1583/499/407 1584/500/407 1572/487/407
f 1572/487/408 1584/500/408 1585/501/408 1573/488/408
f 1573/488/409 1585/501/409 1586/502/409 1574/489/409
f 1574/489/410 1586/502/410 1575/490/410 1563/477/410
f 1575/490/411 1587/503/411 1588/504/411 1576/491/411
f 1576/491/412 1588/504/412 1589/505/412 1577/492/412
f 1577/492/413 1589/505/413 1590/506/413 1578/493/413
f 1578/493/414 1590/506/414 1591/507/414 1579/494/414
f 1579/494/415 1591/507/415 1592/508/415 1580/495/415
f 1580/495/416 1592/508/416 1593/509/416 1581/496/416
f 1581/497/417 1593/510/417 1594/511/417 1582/498/417
f 1582/498/418 1594/511/418 1595/512/418 1583/499/418
f 1583/499/419 1595/512/419 1596/513/419 1584/500/419
f 1584/500/420 1596/513/420 1597/514/420 1585/501/420
f 1585/501/421 1597/514/421 1598/515/421 1586/502/421
f 1586/502/422 1598/515/422 1587/503/422 1575/490/422
f 1587/503/423 1599/4/423 1600/516/423 1588/504/423
f 1588/504/424 1600/516/424 1601/517/424 1589/505/424
f 1589/505/425 1601/517/425 1602/518/425 1590/506/425
f 1590/506/426 1602/518/426 1603/519/426 1591/507/426
f 1591/507/427 1603/519/427 1604/520/427 1592/508/427
f 1592/508/428 1604/520/428 1605/3/428 1593/509/428
f 1593/510/429 1605/521/429 1606/522/429 1594/511/429
f 1594/511/430 1606/522/430 1607/523/430 1595/512/430
f 1595/512/431 1607/523/431 1608/524/431 1596/513/431
f 1596/513/432 1608/524/432 1609/525/432 1597/514/432
f 1597/514/433 1609/525/433 1610/526/433 1598/515/433
f 1598/515/434 1610/526/434 1599/4/434 1587/503/434
f 1599/4/435 1611/527/435 1612/528/435 1600/516/435
f 1600/516/436 1612/528/436 1613/529/436 1601/517/436
f 1601/517/437 1613/529/437 1614/530/437 1602/518/437
f 1602/518/438 1614/530/438 1615/531/438 1603/519/438
f 1603/519/557 1615/531/557 1616/532/557 1604/520/557
f 1604/520/440 1616/532/440 1617/533/440 1605/3/440
f 1605/521/441 1617/534/441 1618/535/441 1606/522/441
f 1606/522/558 1618/535/558 1619/536/558 1607/523/558
f 1607/523/443 1619/536/443 1620/537/443 1608/524/443
f 1608/524/444 1620/537/444 1621/538/444 1609/525/444
f 1609/525/445 1621/538/445 1622/539/445 1610/526/445
f 1610/526/446 1622/539/446 1611/527/446 1599/4/446
f 1611/527/559 1623/540/559 1624/541/559 1612/528/559
f 1612/528/518 1624/541/518 1625/542/518 1613/529/518
f 1613/529/449 1625/542/449 1626/543/449 1614/530/449
f 1614/530/450 1626/543/450 1627/544/450 1615/531/450
f 1615/531/451 1627/544/451 1628/545/451 1616/532/451
f 1616/532/452 1628/545/452 1629/546/452 1617/533/452
f 1617/534/453 1629/547/453 1630/548/453 1618/535/453
f 1618/535/454 1630/548/454 1631/549/454 1619/536/454
f 1619/536/455 1631/549/455 1632/550/455 1620/537/455
f 1620/537/456 1632/550/456 1633/551/456 1621/538/456
f 1621/538/560 1633/551/560 1634/552/560 1622/539/560
f 1622/539/458 1634/552/458 1623/540/458 1611/527/458
f 1623/540/459 1635/553/459 1636/554/459 1624/541/459
f 1624/541/460 1636/554/460 1637/555/460 1625/542/460
f 1625/542/461 1637/555/461 1638/556/461 1626/543/461
f 1626/543/462 1638/556/462 1639/557/462 1627/544/462
f 1627/544/463 1639/557/463 1640/558/463 1628/545/463
f 1628/545/464 1640/558/464 1641/559/464 1629/546/464
f 1629/547/465 1641/560/465 1642/561/465 1630/548/465
f 1630/548/466 1642/561/466 1643/562/466 1631/549/466
f 1631/549/467 1643/562/467 1644/563/467 1632/550/467
f 1632/550/468 1644/563/468 1645/564/468 1633/551/468
f 1633/551/469 1645/564/469 1646/565/469 1634/552/469
f 1634/552/470 1646/565/470 1635/553/470 1623/540/470
f 1635/553/471 1647/566/471 1648/567/471 1636/554/471
f 1636/554/472 1648/567/472 1649/568/472 1637/555/472
f 1637/555/473 1649/568/473 1650/569/473 1638/556/473
f 1638/556/474 1650/569/474 1651/570/474 1639/557/474
f 1639/557/475 1651/570/475 1652/571/475 1640/558/475
f 1640/558/476 1652/571/476 1653/275/476 1641/559/476
f 1641/560/477 1653/572/477 1654/573/477 1642/561/477
f 1642/561/478 1654/573/478 1655/574/478 1643/562/478
f 1643/562/479 1655/574/479 1656/575/479 1644/563/479
f 1644/563/480 1656/575/480 1657/576/480 1645/564/480
f 1645/564/481 1657/576/481 1658/577/481 1646/565/481
f 1646/565/482 1658/577/482 1647/566/482 1635/553/482
f 1647/566/483 1659/578/483 1660/579/483 1648/567/483
f 1648/567/484 1660/579/484 1661/580/484 1649/568/484
f 1649/568/485 1661/580/485 1662/581/485 1650/569/485
f 1650/569/486 1662/581/486 1663/582/486 1651/570/486
f 1651/570/487 1663/582/487 1664/583/487 1652/571/487
f 1652/571/488 1664/583/488 1665/584/488 1653/275/488
f 1653/572/489 1665/585/489 1666/586/489 1654/573/489
f 1654/573/490 1666/586/490 1667/587/490 1655/574/490
f 1655/574/491 1667/587/491 1668/588/491 1656/575/491
f 1656/575/492 1668/588/492 1669/589/492 1657/576/492
f 1657/576/561 1669/589/561 1670/590/561 1658/577/561
f 1658/577/494 1670/590/494 1659/578/494 1647/566/494
f 1659/578/495 1671/1/495 1672/591/495 1660/579/495
f 1660/579/534 1672/591/534 1673/592/534 1661/580/534
f 1661/580/497 1673/592/497 1674/593/497 1662/581/497
f 1662/581/498 1674/593/498 1675/594/498 1663/582/498
f 1663/582/499 1675/594/499 1676/595/499 1664/583/499
f 1664/583/500 1676/595/500 1677/2/500 1665/584/500
f 1665/585/501 1677/596/501 1678/597/501 1666/586/501
f 1666/586/502 1678/597/502 1679/598/502 1667/587/502
f 1667/587/503 1679/598/503 1680/280/503 1668/588/503
f 1668/588/504 1680/280/504 1681/599/504 1669/589/504
f 1669/589/550 1681/599/550 1682/600/550 1670/590/550
f 1670/590/506 1682/600/506 1671/1/506 1659/578/506
f 1671/601/224 1683/602/224 1684/603/224 1672/604/224
f 1672/604/536 1684/603/536 1685/605/536 1673/606/536
f 1673/606/222 1685/605/222 1686/607/222 1674/608/222
f 1674/608/221 1686/607/221 1687/609/221 1675/610/221
f 1675/610/220 1687/609/220 1688/611/220 1676/612/220
f 1676/612/219 1688/611/219 1689/613/219 1677/614/219
f 1677/615/230 1689/616/230 1690/617/230 1678/618/230
f 1678/618/526 1690/617/526 1691/619/526 1679/620/526
f 1679/620/228 1691/619/228 1692/621/228 1680/622/228
f 1680/622/227 1692/621/227 1693/623/227 1681/624/227
f 1681/624/539 1693/623/539 1694/625/539 1682/626/539
f 1682/626/225 1694/625/225 1683/602/225 1671/601/225
f 1683/602/236 1695/627/236 1696/628/236 1684/603/236
f 1684/603/508 1696/628/508 1697/629/508 1685/605/508
f 1685/605/234 1697/629/234 1698/630/234 1686/607/234
f 1686/607/233 1698/630/233 1699/631/233 1687/609/233
f 1687/609/232 1699/631/232 1700/632/232 1688/611/232
f 1688/611/231 1700/632/231 1701/633/231 1689/613/231
f 1689/616/242 1701/634/242 1702/635/242 1690/617/242
f 1690/617/562 1702/635/562 1703/636/562 1691/619/562
f 1691/619/240 1703/636/240 1704/637/240 1692/621/240
f 1692/621/239 1704/637/239 1705/638/239 1693/623/239
f 1693/623/552 1705/638/552 1706/639/552 1694/625/552
f 1694/625/237 1706/639/237 1695/627/237 1683/602/237
f 1695/627/248 1707/640/248 1708/641/248 1696/628/248
f 1696/628/247 1708/641/247 1709/642/247 1697/629/247
f 1697/629/246 1709/642/246 1710/643/246 1698/630/246
f 1698/630/245 1710/643/245 1711/644/245 1699/631/245
f 1699/631/244 1711/644/244 1712/645/244 1700/632/244
f 1700/632/243 1712/645/243 1713/646/243 1701/633/243
f 1701/634/254 1713/647/254 1714/648/254 1702/635/254
f 1702/635/253 1714/648/253 1715/649/253 1703/636/253
f 1703/636/252 1715/649/252 1716/650/252 1704/637/252
f 1704/637/251 1716/650/251 1717/651/251 1705/638/251
f 1705/638/250 1717/651/250 1718/652/250 1706/639/250
f 1706/639/249 1718/652/249 1707/640/249 1695/627/249
f 1707/640/260 1719/653/260 1720/654/260 1708/641/260
f 1708/641/509 1720/654/509 1721/655/509 1709/642/509
f 1709/642/258 1721/655/258 1722/656/258 1710/643/258
f 1710/643/257 1722/656/257 1723/657/257 1711/644/257
f 1711/644/510 1723/657/510 1724/658/510 1712/645/510
f 1712/645/255 1724/658/255 1725/659/255 1713/646/255
f 1713/647/266 1725/660/266 1726/661/266 1714/648/266
f 1714/648/511 1726/661/511 1727/662/511 1715/649/511
f 1715/649/264 1727/662/264 1728/663/264 1716/650/264
f 1716/650/263 1728/663/263 1729/664/263 1717/651/263
f 1717/651/512 1729/664/512 1730/665/512 1718/652/512
f 1718/652/261 1730/665/261 1719/653/261 1707/640/261
f 1719/653/272 1731/666/272 1732/667/272 1720/654/272
f 1720/654/271 1732/667/271 1733/668/271 1721/655/271
f 1721/655/270 1733/668/270 1734/669/270 1722/656/270
f 1722/656/269 1734/669/269 1735/670/269 1723/657/269
f 1723/657/268 1735/670/268 1736/671/268 1724/658/268
f 1724/658/267 1736/671/267 1737/672/267 1725/659/267
f 1725/660/278 1737/673/278 1738/674/278 1726/661/278
f 1726/661/277 1738/674/277 1739/675/277 1727/662/277
f 1727/662/276 1739/675/276 1740/676/276 1728/663/276
f 1728/663/275 1740/676/275 1741/677/275 1729/664/275
f 1729/664/514 1741/677/514 1742/678/514 1730/665/514
f 1730/665/273 1742/678/273 1731/666/273 1719/653/273
f 1731/666/284 1743/24/284 1744/679/284 1732/667/284
f 1732/667/283 1744/679/283 1745/680/283 1733/668/283
f 1733/668/282 1745/680/282 1746/681/282 1734/669/282
f 1734/669/281 1746/681/281 1747/682/281 1735/670/281
f 1735/670/280 1747/682/280 1748/683/280 1736/671/280
f 1736/671/279 1748/683/279 1749/23/279 1737/672/279
f 1737/673/290 1749/684/290 1750/685/290 1738/674/290
f 1738/674/289 1750/685/289 1751/686/289 1739/675/289
f 1739/675/288 1751/686/288 1752/687/288 1740/676/288
f 1740/676/287 1752/687/287 1753/688/287 1741/677/287
f 1741/677/286 1753/688/286 1754/689/286 1742/678/286
f 1742/678/285 1754/689/285 1743/24/285 1731/666/285
f 1743/24/296 1755/690/296 1756/691/296 1744/679/296
f 1744/679/295 1756/691/295 1757/692/295 1745/680/295
f 1745/680/294 1757/692/294 1758/693/294 1746/681/294
f 1746/681/293 1758/693/293 1759/694/293 1747/682/293
f 1747/682/292 1759/694/292 1760/695/292 1748/683/292
f 1748/683/291 1760/695/291 1761/696/291 1749/23/291
f 1749/684/302 1761/697/302 1762/698/302 1750/685/302
f 1750/685/301 1762/698/301 1763/699/301 1751/686/301
f 1751/686/300 1763/699/300 1764/700/300 1752/687/300
f 1752/687/299 1764/700/299 1765/701/299 1753/688/299
f 1753/688/298 1765/701/298 1766/702/298 1754/689/298
f 1754/689/297 1766/702/297 1755/690/297 1743/24/297
f 1755/690/308 1767/703/308 1768/704/308 1756/691/308
f 1756/691/307 1768/704/307 1769/705/307 1757/692/307
f 1757/692/306 1769/705/306 1770/706/306 1758/693/306
f 1758/693/305 1770/706/305 1771/707/305 1759/694/305
f 1759/694/304 1771/707/304 1772/708/304 1760/695/304
f 1760/695/303 1772/708/303 1773/709/303 1761/696/303
f 1761/697/314 1773/710/314 1774/711/314 1762/698/314
f 1762/698/313 1774/711/313 1775/712/313 1763/699/313
f 1763/699/312 1775/712/312 1776/713/312 1764/700/312
f 1764/700/311 1776/713/311 1777/714/311 1765/701/311
f 1765/701/310 1777/714/310 1778/715/310 1766/702/310
f 1766/702/309 1778/715/309 1767/703/309 1755/690/309
f 1767/703/320 1779/716/320 1780/717/320 1768/704/320
f 1768/704/319 1780/717/319 1781/718/319 1769/705/319
f 1769/705/318 1781/718/318 1782/719/318 1770/706/318
f 1770/706/317 1782/719/317 1783/720/317 1771/707/317
f 1771/707/316 1783/720/316 1784/721/316 1772/708/316
f 1772/708/315 1784/721/315 1785/722/315 1773/709/315
f 1773/710/326 1785/723/326 1786/724/326 1774/711/326
f 1774/711/325 1786/724/325 1787/725/325 1775/712/325
f 1775/712/324 1787/725/324 1788/726/324 1776/713/324
f 1776/713/323 1788/726/323 1789/727/323 1777/714/323
f 1777/714/322 1789/727/322 1790/728/322 1778/715/322
f 1778/715/321 1790/728/321 1779/716/321 1767/703/321
f 1779/716/332 1791/729/332 1792/730/332 1780/717/332
f 1780/717/331 1792/730/331 1793/731/331 1781/718/331
f 1781/718/330 1793/731/330 1794/732/330 1782/719/330
f 1782/719/329 1794/732/329 1795/733/329 1783/720/329
f 1783/720/542 1795/733/542 1796/734/542 1784/721/542
f 1784/721/327 1796/734/327 1797/735/327 1785/722/327
f 1785/723/338 1797/736/338 1798/737/338 1786/724/338
f 1786/724/529 1798/737/529 1799/738/529 1787/725/529
f 1787/725/336 1799/738/336 1800/739/336 1788/726/336
f 1788/726/335 1800/739/335 1801/740/335 1789/727/335
f 1789/727/334 1801/740/334 1802/741/334 1790/728/334
f 1790/728/333 1802/741/333 1791/729/333 1779/716/333
f 1791/729/344 1803/742/344 1804/743/344 1792/730/344
f 1792/730/343 1804/743/343 1805/744/343 1793/731/343
f 1793/731/342 1805/744/342 1806/745/342 1794/732/342
f 1794/732/341 1806/745/341 1807/746/341 1795/733/341
f 1795/733/340 1807/746/340 1808/747/340 1796/734/340
f 1796/734/339 1808/747/339 1809/748/339 1797/735/339
f 1797/736/350 1809/749/350 1810/750/350 1798/737/350
f 1798/737/349 1810/750/349 1811/751/349 1799/738/349
f 1799/738/348 1811/751/348 1812/752/348 1800/739/348
f 1800/739/347 1812/752/347 1813/753/347 1801/740/347
f 1801/740/346 1813/753/346 1814/754/346 1802/741/346
f 1802/741/345 1814/754/345 1803/742/345 1791/729/345
f 1803/742/356 1815/14/356 1816/755/356 1804/743/356
f 1804/743/543 1816/755/543 1817/756/543 1805/744/543
f 1805/744/354 1817/756/354 1818/757/354 1806/745/354
f 1806/745/353 1818/757/353 1819/758/353 1807/746/353
f 1807/746/352 1819/758/352 1820/759/352 1808/747/352
f 1808/747/351 1820/759/351 1821/13/351 1809/748/351
f 1809/749/362 1821/760/362 1822/761/362 1810/750/362
f 1810/750/361 1822/761/361 1823/762/361 1811/751/361
f 1811/751/360 1823/762/360 1824/248/360 1812/752/360
f 1812/752/359 1824/248/359 1825/763/359 1813/753/359
f 1813/753/544 1825/763/544 1826/764/544 1814/754/544
f 1814/754/357 1826/764/357 1815/14/357 1803/742/357
f 1815/14/368 1827/765/368 1828/766/368 1816/755/368
f 1816/755/367 1828/766/367 1829/767/367 1817/756/367
f 1817/756/366 1829/767/366 1830/768/366 1818/757/366
f 1818/757/365 1830/768/365 1831/769/365 1819/758/365
f 1819/758/516 1831/769/516 1832/770/516 1820/759/516
f 1820/759/363 1832/770/363 1833/771/363 1821/13/363
f 1821/760/374 1833/772/374 1834/773/374 1822/761/374
f 1822/761/517 1834/773/517 1835/774/517 1823/762/517
f 1823/762/372 1835/774/372 1836/775/372 1824/248/372
f 1824/248/371 1836/775/371 1837/776/371 1825/763/371
f 1825/763/370 1837/776/370 1838/777/370 1826/764/370
f 1826/764/369 1838/777/369 1827/765/369 1815/14/369
f 1827/765/380 1839/778/380 1840/779/380 1828/766/380
f 1828/766/379 1840/779/379 1841/780/379 1829/767/379
f 1829/767/378 1841/780/378 1842/781/378 1830/768/378
f 1830/768/377 1842/781/377 1843/782/377 1831/769/377
f 1831/769/376 1843/782/376 1844/783/376 1832/770/376
f 1832/770/375 1844/783/375 1845/784/375 1833/771/375
f 1833/772/386 1845/785/386 1846/786/386 1834/773/386
f 1834/773/385 1846/786/385 1847/787/385 1835/774/385
f 1835/774/384 1847/787/384 1848/788/384 1836/775/384
f 1836/775/383 1848/788/383 1849/789/383 1837/776/383
f 1837/776/382 1849/789/382 1850/790/382 1838/777/382
f 1838/777/381 1850/790/381 1839/778/381 1827/765/381
f 1839/778/392 1851/791/392 1852/792/392 1840/779/392
f 1840/779/391 1852/792/391 1853/793/391 1841/780/391
f 1841/780/390 1853/793/390 1854/794/390 1842/781/390
f 1842/781/389 1854/794/389 1855/795/389 1843/782/389
f 1843/782/388 1855/795/388 1856/796/388 1844/783/388
f 1844/783/387 1856/796/387 1857/797/387 1845/784/387
f 1845/785/398 1857/798/398 1858/799/398 1846/786/398
f 1846/786/397 1858/799/397 1859/800/397 1847/787/397
f 1847/787/396 1859/800/396 1860/801/396 1848/788/396
f 1848/788/395 1860/801/395 1861/802/395 1849/789/395
f 1849/789/394 1861/802/394 1862/803/394 1850/790/394
f 1850/790/393 1862/803/393 1851/791/393 1839/778/393
f 1851/791/404 1863/804/404 1864/805/404 1852/792/404
f 1852/792/403 1864/805/403 1865/806/403 1853/793/403
f 1853/793/402 1865/806/402 1866/807/402 1854/794/402
f 1854/794/401 1866/807/401 1867/808/401 1855/795/401
f 1855/795/545 1867/808/545 1868/809/545 1856/796/545
f 1856/796/399 1868/809/399 1869/810/399 1857/797/399
f 1857/798/410 1869/811/410 1870/812/410 1858/799/410
f 1858/799/546 1870/812/546 1871/813/546 1859/800/546
f 1859/800/408 1871/813/408 1872/814/408 1860/801/408
f 1860/801/407 1872/814/407 1873/815/407 1861/802/407
f 1861/802/406 1873/815/406 1874/816/406 1862/803/406
f 1862/803/405 1874/816/405 1863/804/405 1851/791/405
f 1863/804/416 1875/817/416 1876/818/416 1864/805/416
f 1864/805/415 1876/818/415 1877/819/415 1865/806/415
f 1865/806/414 1877/819/414 1878/820/414 1866/807/414
f 1866/807/413 1878/820/413 1879/821/413 1867/808/413
f 1867/808/412 1879/821/412 1880/822/412 1868/809/412
f 1868/809/411 1880/822/411 1881/823/411 1869/810/411
f 1869/811/422 1881/824/422 1882/825/422 1870/812/422
f 1870/812/421 1882/825/421 1883/826/421 1871/813/421
f 1871/813/420 1883/826/420 1884/827/420 1872/814/420
f 1872/814/419 1884/827/419 1885/828/419 1873/815/419
f 1873/815/418 1885/828/418 1886/829/418 1874/816/418
f 1874/816/417 1886/829/417 1875/817/417 1863/804/417
f 1875/817/428 1887/12/428 1888/830/428 1876/818/428
f 1876/818/563 1888/830/563 1889/831/563 1877/819/563
f 1877/819/426 1889/831/426 1890/832/426 1878/820/426
f 1878/820/425 1890/832/425 1891/833/425 1879/821/425
f 1879/821/424 1891/833/424 1892/834/424 1880/822/424
f 1880/822/423 1892/834/423 1893/11/423 1881/823/423
f 1881/824/434 1893/835/434 1894/836/434 1882/825/434
f 1882/825/433 1894/836/433 1895/837/433 1883/826/433
f 1883/826/432 1895/837/432 1896/838/432 1884/827/432
f 1884/827/431 1896/838/431 1897/839/431 1885/828/431
f 1885/828/564 1897/839/564 1898/840/564 1886/829/564
f 1886/829/429 1898/840/429 1887/12/429 1875/817/429
f 1887/12/440 1899/841/440 1900/842/440 1888/830/440
f 1888/830/439 1900/842/439 1901/843/439 1889/831/439
f 1889/831/438 1901/843/438 1902/844/438 1890/832/438
f 1890/832/437 1902/844/437 1903/845/437 1891/833/437
f 1891/833/436 1903/845/436 1904/846/436 1892/834/436
f 1892/834/435 1904/846/435 1905/847/435 1893/11/435
f 1893/835/446 1905/848/446 1906/849/446 1894/836/446
f 1894/836/445 1906/849/445 1907/850/445 1895/837/445
f 1895/837/444 1907/850/444 1908/851/444 1896/838/444
f 1896/838/443 1908/851/443 1909/852/443 1897/839/443
f 1897/839/442 1909/852/442 1910/853/442 1898/840/442
f 1898/840/441 1910/853/441 1899/841/441 1887/12/441
f 1899/841/565 1911/225/565 1912/854/565 1900/842/565
f 1900/842/566 1912/854/566 1913/855/566 1901/843/566
f 1901/843/450 1913/855/450 1914/227/450 1902/844/450
f 1902/844/449 1914/227/449 1915/856/449 1903/845/449
f 1903/845/518 1915/856/518 1916/857/518 1904/846/518
f 1904/846/447 1916/857/447 1917/858/447 1905/847/447
f 1905/848/458 1917/859/458 1918/860/458 1906/849/458
f 1906/849/457 1918/860/457 1919/861/457 1907/850/457
f 1907/850/456 1919/861/456 1920/228/456 1908/851/456
f 1908/851/455 1920/228/455 1921/862/455 1909/852/455
f 1909/852/532 1921/862/532 1922/863/532 1910/853/532
f 1910/853/567 1922/863/567 1911/225/567 1899/841/567
f 1911/225/464 1923/864/464 1924/865/464 1912/854/464
f 1912/854/519 1924/865/519 1925/866/519 1913/855/519
f 1913/855/462 1925/866/462 1926/867/462 1914/227/462
f 1914/227/461 1926/867/461 1927/868/461 1915/856/461
f 1915/856/460 1927/868/460 1928/869/460 1916/857/460
f 1916/857/459 1928/869/459 1929/870/459 1917/858/459
f 1917/859/470 1929/871/470 1930/872/470 1918/860/470
f 1918/860/469 1930/872/469 1931/873/469 1919/861/469
f 1919/861/468 1931/873/468 1932/874/468 1920/228/468
f 1920/228/467 1932/874/467 1933/875/467 1921/862/467
f 1921/862/520 1933/875/520 1934/876/520 1922/863/520
f 1922/863/465 1934/876/465 1923/864/465 1911/225/465
f 1923/864/476 1935/877/476 1936/878/476 1924/865/476
f 1924/865/475 1936/878/475 1937/879/475 1925/866/475
f 1925/866/474 1937/879/474 1938/880/474 1926/867/474
f 1926/867/473 1938/880/473 1939/881/473 1927/868/473
f 1927/868/472 1939/881/472 1940/882/472 1928/869/472
f 1928/869/471 1940/882/471 1941/883/471 1929/870/471
f 1929/871/482 1941/884/482 1942/885/482 1930/872/482
f 1930/872/481 1942/885/481 1943/886/481 1931/873/481
f 1931/873/480 1943/886/480 1944/887/480 1932/874/480
f 1932/874/479 1944/887/479 1945/888/479 1933/875/479
f 1933/875/478 1945/888/478 1946/889/478 1934/876/478
f 1934/876/477 1946/889/477 1935/877/477 1923/864/477
f 1935/877/488 1947/890/488 1948/891/488 1936/878/488
f 1936/878/521 1948/891/521 1949/892/521 1937/879/521
f 1937/879/486 1949/892/486 1950/893/486 1938/880/486
f 1938/880/485 1950/893/485 1951/894/485 1939/881/485
f 1939/881/484 1951/894/484 1952/895/484 1940/882/484
f 1940/882/483 1952/895/483 1953/896/483 1941/883/483
f 1941/884/494 1953/897/494 1954/898/494 1942/885/494
f 1942/885/561 1954/898/561 1955/899/561 1943/886/561
f 1943/886/492 1955/899/492 1956/900/492 1944/887/492
f 1944/887/491 1956/900/491 1957/901/491 1945/888/491
f 1945/888/568 1957/901/568 1958/902/568 1946/889/568
f 1946/889/489 1958/902/489 1947/890/489 1935/877/489
f 1947/890/500 1383/10/500 1384/301/500 1948/891/500
f 1948/891/499 1384/301/499 1385/303/499 1949/892/499
f 1949/892/498 1385/303/498 1386/305/498 1950/893/498
f 1950/893/497 1386/305/497 1387/307/497 1951/894/497
f 1951/894/569 1387/307/569 1388/309/569 1952/895/569
f 1952/895/495 1388/309/495 1389/9/495 1953/896/495
f 1953/897/506 1389/311/506 1390/314/506 1954/898/506
f 1954/898/535 1390/314/535 1391/316/535 1955/899/535
f 1955/899/504 1391/316/504 1392/219/504 1956/900/504
f 1956/900/503 1392/219/503 1393/319/503 1957/901/503
f 1957/901/502 1393/319/502 1394/321/502 1958/902/502
f 1958/902/501 1394/321/501 1383/10/501 1947/890/501
f 1959/10/219 1971/299/219 1972/300/219 1960/301/219
f 1960/301/507 1972/300/507 1973/302/507 1961/303/507
f 1961/303/221 1973/302/221 1974/304/221 1962/305/221
f 1962/305/222 1974/304/222 1975/306/222 1963/307/222
f 1963/307/536 1975/306/536 1976/308/536 1964/309/536
f 1964/309/224 1976/308/224 1977/310/224 1965/9/224
f 1965/311/225 1977/312/225 1978/313/225 1966/314/225
f 1966/314/525 1978/313/525 1979/315/525 1967/316/525
f 1967/316/227 1979/315/227 1980/317/227 1968/219/227
f 1968/219/228 1980/317/228 1981/318/228 1969/319/228
f 1969/319/229 1981/318/229 1982/320/229 1970/321/229
f 1970/321/230 1982/320/230 1971/299/230 1959/10/230
f 1971/299/231 1983/322/231 1984/323/231 1972/300/231
f 1972/300/570 1984/323/570 1985/324/570 1973/302/570
f 1973/302/233 1985/324/233 1986/325/233 1974/304/233
f 1974/304/234 1986/325/234 1987/326/234 1975/306/234
f 1975/306/508 1987/326/508 1988/327/508 1976/308/508
f 1976/308/236 1988/327/236 1989/223/236 1977/310/236
f 1977/312/237 1989/328/237 1990/329/237 1978/313/237
f 1978/313/552 1990/329/552 1991/330/552 1979/315/552
f 1979/315/239 1991/330/239 1992/331/239 1980/317/239
f 1980/317/240 1992/331/240 1993/332/240 1981/318/240
f 1981/318/241 1993/332/241 1994/333/241 1982/320/241
f 1982/320/242 1994/333/242 1983/322/242 1971/299/242
f 1983/322/243 1995/334/243 1996/335/243 1984/323/243
f 1984/323/244 1996/335/244 1997/336/244 1985/324/244
f 1985/324/245 1997/336/245 1998/337/245 1986/325/245
f 1986/325/246 1998/337/246 1999/338/246 1987/326/246
f 1987/326/247 1999/338/247 2000/339/247 1988/327/247
f 1988/327/248 2000/339/248 2001/340/248 1989/223/248
f 1989/328/249 2001/341/249 2002/342/249 1990/329/249
f 1990/329/250 2002/342/250 2003/343/250 1991/330/250
f 1991/330/251 2003/343/251 2004/344/251 1992/331/251
f 1992/331/252 2004/344/252 2005/345/252 1993/332/252
f 1993/332/253 2005/345/253 2006/346/253 1994/333/253
f 1994/333/254 2006/346/254 1995/334/254 1983/322/254
f 1995/334/255 2007/208/255 2008/347/255 1996/335/255
f 1996/335/256 2008/347/256 2009/348/256 1997/336/256
f 1997/336/257 2009/348/257 2010/210/257 1998/337/257
f 1998/337/258 2010/210/258 2011/349/258 1999/338/258
f 1999/338/259 2011/349/259 2012/350/259 2000/339/259
f 2000/339/260 2012/350/260 2013/351/260 2001/340/260
f 2001/341/261 2013/352/261 2014/353/261 2002/342/261
f 2002/342/262 2014/353/262 2015/354/262 2003/343/262
f 2003/343/263 2015/354/263 2016/215/263 2004/344/263
f 2004/344/264 2016/215/264 2017/355/264 2005/345/264
f 2005/345/511 2017/355/511 2018/356/511 2006/346/511
f 2006/346/266 2018/356/266 2007/208/266 1995/334/266
f 2007/208/267 2019/357/267 2020/358/267 2008/347/267
f 2008/347/571 2020/358/571 2021/359/571 2009/348/571
f 2009/348/269 2021/359/269 2022/360/269 2010/210/269
f 2010/210/270 2022/360/270 2023/361/270 2011/349/270
f 2011/349/271 2023/361/271 2024/362/271 2012/350/271
f 2012/350/272 2024/362/272 2025/363/272 2013/351/272
f 2013/352/572 2025/364/572 2026/365/572 2014/353/572
f 2014/353/514 2026/365/514 2027/366/514 2015/354/514
f 2015/354/275 2027/366/275 2028/367/275 2016/215/275
f 2016/215/276 2028/367/276 2029/368/276 2017/355/276
f 2017/355/277 2029/368/277 2030/369/277 2018/356/277
f 2018/356/278 2030/369/278 2019/357/278 2007/208/278
f 2019/357/279 2031/8/279 2032/370/279 2020/358/279
f 2020/358/280 2032/370/280 2033/371/280 2021/359/280
f 2021/359/281 2033/371/281 2034/372/281 2022/360/281
f 2022/360/282 2034/372/282 2035/373/282 2023/361/282
f 2023/361/573 2035/373/573 2036/374/573 2024/362/573
f 2024/362/284 2036/374/284 2037/7/284 2025/363/284
f 2025/364/285 2037/375/285 2038/376/285 2026/365/285
f 2026/365/574 2038/376/574 2039/377/574 2027/366/574
f 2027/366/287 2039/377/287 2040/378/287 2028/367/287
f 2028/367/288 2040/378/288 2041/379/288 2029/368/288
f 2029/368/575 2041/379/575 2042/380/575 2030/369/575
f 2030/369/290 2042/380/290 2031/8/290 2019/357/290
f 2031/8/291 2043/381/291 2044/382/291 2032/370/291
f 2032/370/292 2044/382/292 2045/383/292 2033/371/292
f 2033/371/293 2045/383/293 2046/384/293 2034/372/293
f 2034/372/294 2046/384/294 2047/385/294 2035/373/294
f 2035/373/295 2047/385/295 2048/386/295 2036/374/295
f 2036/374/296 2048/386/296 2049/387/296 2037/7/296
f 2037/375/297 2049/388/297 2050/389/297 2038/376/297
f 2038/376/298 2050/389/298 2051/390/298 2039/377/298
f 2039/377/299 2051/390/299 2052/391/299 2040/378/299
f 2040/378/300 2052/391/300 2053/392/300 2041/379/300
f 2041/379/576 2053/392/576 2054/393/576 2042/380/576
f 2042/380/302 2054/393/302 2043/381/302 2031/8/302
f 2043/381/303 2055/202/303 2056/394/303 2044/382/303
f 2044/382/304 2056/394/304 2057/395/304 2045/383/304
f 2045/383/305 2057/395/305 2058/196/305 2046/384/305
f 2046/384/306 2058/196/306 2059/396/306 2047/385/306
f 2047/385/577 2059/396/577 2060/397/577 2048/386/577
f 2048/386/308 2060/397/308 2061/398/308 2049/387/308
f 2049/388/309 2061/399/309 2062/400/309 2050/389/309
f 2050/389/310 2062/400/310 2063/401/310 2051/390/310
f 2051/390/311 2063/401/311 2064/199/311 2052/391/311
f 2052/391/312 2064/199/312 2065/402/312 2053/392/312
f 2053/392/313 2065/402/313 2066/403/313 2054/393/313
f 2054/393/314 2066/403/314 2055/202/314 2043/381/314
f 2055/202/315 2067/404/315 2068/405/315 2056/394/315
f 2056/394/316 2068/405/316 2069/406/316 2057/395/316
f 2057/395/317 2069/406/317 2070/407/317 2058/196/317
f 2058/196/318 2070/407/318 2071/408/318 2059/396/318
f 2059/396/319 2071/408/319 2072/409/319 2060/397/319
f 2060/397/320 2072/409/320 2073/410/320 2061/398/320
f 2061/399/321 2073/411/321 2074/412/321 2062/400/321
f 2062/400/322 2074/412/322 2075/413/322 2063/401/322
f 2063/401/323 2075/413/323 2076/414/323 2064/199/323
f 2064/199/324 2076/414/324 2077/415/324 2065/402/324
f 2065/402/325 2077/415/325 2078/416/325 2066/403/325
f 2066/403/326 2078/416/326 2067/404/326 2055/202/326
f 2067/404/327 2079/417/327 2080/418/327 2068/405/327
f 2068/405/328 2080/418/328 2081/419/328 2069/406/328
f 2069/406/329 2081/419/329 2082/420/329 2070/407/329
f 2070/407/330 2082/420/330 2083/421/330 2071/408/330
f 2071/408/331 2083/421/331 2084/422/331 2072/409/331
f 2072/409/332 2084/422/332 2085/206/332 2073/410/332
f 2073/411/333 2085/423/333 2086/424/333 2074/412/333
f 2074/412/334 2086/424/334 2087/425/334 2075/413/334
f 2075/413/335 2087/425/335 2088/426/335 2076/414/335
f 2076/414/336 2088/426/336 2089/427/336 2077/415/336
f 2077/415/337 2089/427/337 2090/428/337 2078/416/337
f 2078/416/338 2090/428/338 2079/417/338 2067/404/338
f 2079/417/339 2091/429/339 2092/430/339 2080/418/339
f 2080/418/340 2092/430/340 2093/431/340 2081/419/340
f 2081/419/341 2093/431/341 2094/432/341 2082/420/341
f 2082/420/342 2094/432/342 2095/433/342 2083/421/342
f 2083/421/343 2095/433/343 2096/434/343 2084/422/343
f 2084/422/344 2096/434/344 2097/435/344 2085/206/344
f 2085/423/345 2097/436/345 2098/437/345 2086/424/345
f 2086/424/346 2098/437/346 2099/438/346 2087/425/346
f 2087/425/347 2099/438/347 2100/439/347 2088/426/347
f 2088/426/348 2100/439/348 2101/440/348 2089/427/348
f 2089/427/349 2101/440/349 2102/441/349 2090/428/349
f 2090/428/350 2102/441/350 2091/429/350 2079/417/350
f 2091/429/351 2103/6/351 2104/442/351 2092/430/351
f 2092/430/352 2104/442/352 2105/443/352 2093/431/352
f 2093/431/353 2105/443/353 2106/193/353 2094/432/353
f 2094/432/354 2106/193/354 2107/444/354 2095/433/354
f 2095/433/355 2107/444/355 2108/445/355 2096/434/355
f 2096/434/356 2108/445/356 2109/5/356 2097/435/356
f 2097/436/357 2109/446/357 2110/447/357 2098/437/357
f 2098/437/358 2110/447/358 2111/448/358 2099/438/358
f 2099/438/359 2111/448/359 2112/198/359 2100/439/359
f 2100/439/360 2112/198/360 2113/449/360 2101/440/360
f 2101/440/361 2113/449/361 2114/450/361 2102/441/361
f 2102/441/362 2114/450/362 2103/6/362 2091/429/362
f 2103/6/363 2115/451/363 2116/452/363 2104/442/363
f 2104/442/516 2116/452/516 2117/453/516 2105/443/516
f 2105/443/365 2117/453/365 2118/454/365 2106/193/365
f 2106/193/366 2118/454/366 2119/455/366 2107/444/366
f 2107/444/367 2119/455/367 2120/456/367 2108/445/367
f 2108/445/368 2120/456/368 2121/457/368 2109/5/368
f 2109/446/369 2121/458/369 2122/459/369 2110/447/369
f 2110/447/370 2122/459/370 2123/460/370 2111/448/370
f 2111/448/371 2123/460/371 2124/461/371 2112/198/371
f 2112/198/372 2124/461/372 2125/462/372 2113/449/372
f 2113/449/517 2125/462/517 2126/463/517 2114/450/517
f 2114/450/374 2126/463/374 2115/451/374 2103/6/374
f 2115/451/375 2127/464/375 2128/465/375 2116/452/375
f 2116/452/376 2128/465/376 2129/466/376 2117/453/376
f 2117/453/377 2129/466/377 2130/467/377 2118/454/377
f 2118/454/378 2130/467/378 2131/468/378 2119/455/378
f 2119/455/379 2131/468/379 2132/469/379 2120/456/379
f 2120/456/380 2132/469/380 2133/470/380 2121/457/380
f 2121/458/381 2133/471/381 2134/472/381 2122/459/381
f 2122/459/382 2134/472/382 2135/473/382 2123/460/382
f 2123/460/383 2135/473/383 2136/474/383 2124/461/383
f 2124/461/384 2136/474/384 2137/475/384 2125/462/384
f 2125/462/385 2137/475/385 2138/476/385 2126/463/385
f 2126/463/386 2138/476/386 2127/464/386 2115/451/386
f 2127/464/387 2139/477/387 2140/478/387 2128/465/387
f 2128/465/388 2140/478/388 2141/479/388 2129/466/388
f 2129/466/389 2141/479/389 2142/480/389 2130/467/389
f 2130/467/390 2142/480/390 2143/481/390 2131/468/390
f 2131/468/391 2143/481/391 2144/482/391 2132/469/391
f 2132/469/392 2144/482/392 2145/483/392 2133/470/392
f 2133/471/393 2145/484/393 2146/485/393 2134/472/393
f 2134/472/578 2146/485/578 2147/486/578 2135/473/578
f 2135/473/395 2147/486/395 2148/487/395 2136/474/395
f 2136/474/396 2148/487/396 2149/488/396 2137/475/396
f 2137/475/397 2149/488/397 2150/489/397 2138/476/397
f 2138/476/398 2150/489/398 2139/477/398 2127/464/398
f 2139/477/399 2151/490/399 2152/491/399 2140/478/399
f 2140/478/400 2152/491/400 2153/492/400 2141/479/400
f 2141/479/401 2153/492/401 2154/493/401 2142/480/401
f 2142/480/402 2154/493/402 2155/494/402 2143/481/402
f 2143/481/403 2155/494/403 2156/495/403 2144/482/403
f 2144/482/404 2156/495/404 2157/496/404 2145/483/404
f 2145/484/405 2157/497/405 2158/498/405 2146/485/405
f 2146/485/406 2158/498/406 2159/499/406 2147/486/406
f 2147/486/407 2159/499/407 2160/500/407 2148/487/407
f 2148/487/408 2160/500/408 2161/501/408 2149/488/408
f 2149/488/409 2161/501/409 2162/502/409 2150/489/409
f 2150/489/410 2162/502/410 2151/490/410 2139/477/410
f 2151/490/411 2163/503/411 2164/504/411 2152/491/411
f 2152/491/412 2164/504/412 2165/505/412 2153/492/412
f 2153/492/413 2165/505/413 2166/506/413 2154/493/413
f 2154/493/414 2166/506/414 2167/507/414 2155/494/414
f 2155/494/415 2167/507/415 2168/508/415 2156/495/415
f 2156/495/416 2168/508/416 2169/509/416 2157/496/416
f 2157/497/417 2169/510/417 2170/511/417 2158/498/417
f 2158/498/418 2170/511/418 2171/512/418 2159/499/418
f 2159/499/419 2171/512/419 2172/513/419 2160/500/419
f 2160/500/420 2172/513/420 2173/514/420 2161/501/420
f 2161/501/421 2173/514/421 2174/515/421 2162/502/421
f 2162/502/422 2174/515/422 2163/503/422 2151/490/422
f 2163/503/423 2175/4/423 2176/516/423 2164/504/423
f 2164/504/424 2176/516/424 2177/517/424 2165/505/424
f 2165/505/425 2177/517/425 2178/518/425 2166/506/425
f 2166/506/426 2178/518/426 2179/519/426 2167/507/426
f 2167/507/427 2179/519/427 2180/520/427 2168/508/427
f 2168/508/428 2180/520/428 2181/3/428 2169/509/428
f 2169/510/429 2181/521/429 2182/522/429 2170/511/429
f 2170/511/564 2182/522/564 2183/523/564 2171/512/564
f 2171/512/431 2183/523/431 2184/524/431 2172/513/431
f 2172/513/432 2184/524/432 2185/525/432 2173/514/432
f 2173/514/433 2185/525/433 2186/526/433 2174/515/433
f 2174/515/434 2186/526/434 2175/4/434 2163/503/434
f 2175/4/435 2187/527/435 2188/528/435 2176/516/435
f 2176/516/436 2188/528/436 2189/529/436 2177/517/436
f 2177/517/437 2189/529/437 2190/530/437 2178/518/437
f 2178/518/438 2190/530/438 2191/531/438 2179/519/438
f 2179/519/439 2191/531/439 2192/532/439 2180/520/439
f 2180/520/440 2192/532/440 2193/533/440 2181/3/440
f 2181/521/441 2193/534/441 2194/535/441 2182/522/441
f 2182/522/442 2194/535/442 2195/536/442 2183/523/442
f 2183/523/443 2195/536/443 2196/537/443 2184/524/443
f 2184/524/444 2196/537/444 2197/538/444 2185/525/444
f 2185/525/579 2197/538/579 2198/539/579 2186/526/579
f 2186/526/446 2198/539/446 2187/527/446 2175/4/446
f 2187/527/447 2199/540/447 2200/541/447 2188/528/447
f 2188/528/518 2200/541/518 2201/542/518 2189/529/518
f 2189/529/449 2201/542/449 2202/543/449 2190/530/449
f 2190/530/450 2202/543/450 2203/544/450 2191/531/450
f 2191/531/451 2203/544/451 2204/545/451 2192/532/451
f 2192/532/452 2204/545/452 2205/546/452 2193/533/452
f 2193/534/453 2205/547/453 2206/548/453 2194/535/453
f 2194/535/532 2206/548/532 2207/549/532 2195/536/532
f 2195/536/455 2207/549/455 2208/550/455 2196/537/455
f 2196/537/456 2208/550/456 2209/551/456 2197/538/456
f 2197/538/457 2209/551/457 2210/552/457 2198/539/457
f 2198/539/458 2210/552/458 2199/540/458 2187/527/458
f 2199/540/459 2211/553/459 2212/554/459 2200/541/459
f 2200/541/460 2212/554/460 2213/555/460 2201/542/460
f 2201/542/461 2213/555/461 2214/556/461 2202/543/461
f 2202/543/462 2214/556/462 2215/557/462 2203/544/462
f 2203/544/519 2215/557/519 2216/558/519 2204/545/519
f 2204/545/464 2216/558/464 2217/559/464 2205/546/464
f 2205/547/465 2217/560/465 2218/561/465 2206/548/465
f 2206/548/520 2218/561/520 2219/562/520 2207/549/520
f 2207/549/467 2219/562/467 2220/563/467 2208/550/467
f 2208/550/468 2220/563/468 2221/564/468 2209/551/468
f 2209/551/548 2221/564/548 2222/565/548 2210/552/548
f 2210/552/470 2222/565/470 2211/553/470 2199/540/470
f 2211/553/471 2223/566/471 2224/567/471 2212/554/471
f 2212/554/580 2224/567/580 2225/568/580 2213/555/580
f 2213/555/473 2225/568/473 2226/569/473 2214/556/473
f 2214/556/474 2226/569/474 2227/570/474 2215/557/474
f 2215/557/475 2227/570/475 2228/571/475 2216/558/475
f 2216/558/476 2228/571/476 2229/275/476 2217/559/476
f 2217/560/477 2229/572/477 2230/573/477 2218/561/477
f 2218/561/478 2230/573/478 2231/574/478 2219/562/478
f 2219/562/479 2231/574/479 2232/575/479 2220/563/479
f 2220/563/480 2232/575/480 2233/576/480 2221/564/480
f 2221/564/581 2233/576/581 2234/577/581 2222/565/581
f 2222/565/482 2234/577/482 2223/566/482 2211/553/482
f 2223/566/483 2235/578/483 2236/579/483 2224/567/483
f 2224/567/484 2236/579/484 2237/580/484 2225/568/484
f 2225/568/485 2237/580/485 2238/581/485 2226/569/485
f 2226/569/486 2238/581/486 2239/582/486 2227/570/486
f 2227/570/521 2239/582/521 2240/583/521 2228/571/521
f 2228/571/488 2240/583/488 2241/584/488 2229/275/488
f 2229/572/489 2241/585/489 2242/586/489 2230/573/489
f 2230/573/568 2242/586/568 2243/587/568 2231/574/568
f 2231/574/491 2243/587/491 2244/588/491 2232/575/491
f 2232/575/492 2244/588/492 2245/589/492 2233/576/492
f 2233/576/493 2245/589/493 2246/590/493 2234/577/493
f 2234/577/494 2246/590/494 2235/578/494 2223/566/494
f 2235/578/495 2247/1/495 2248/591/495 2236/579/495
f 2236/579/496 2248/591/496 2249/592/496 2237/580/496
f 2237/580/497 2249/592/497 2250/593/497 2238/581/497
f 2238/581/498 2250/593/498 2251/594/498 2239/582/498
f 2239/582/582 2251/594/582 2252/595/582 2240/583/582
f 2240/583/500 2252/595/500 2253/2/500 2241/584/500
f 2241/585/501 2253/596/501 2254/597/501 2242/586/501
f 2242/586/524 2254/597/524 2255/598/524 2243/587/524
f 2243/587/503 2255/598/503 2256/280/503 2244/588/503
f 2244/588/504 2256/280/504 2257/599/504 2245/589/504
f 2245/589/535 2257/599/535 2258/600/535 2246/590/535
f 2246/590/506 2258/600/506 2247/1/506 2235/578/506
f 2247/601/224 2259/602/224 2260/603/224 2248/604/224
f 2248/604/223 2260/603/223 2261/605/223 2249/606/223
f 2249/606/222 2261/605/222 2262/607/222 2250/608/222
f 2250/608/221 2262/607/221 2263/609/221 2251/610/221
f 2251/610/507 2263/609/507 2264/611/507 2252/612/507
f 2252/612/219 2264/611/219 2265/613/219 2253/614/219
f 2253/615/230 2265/616/230 2266/617/230 2254/618/230
f 2254/618/538 2266/617/538 2267/619/538 2255/620/538
f 2255/620/228 2267/619/228 2268/621/228 2256/622/228
f 2256/622/227 2268/621/227 2269/623/227 2257/624/227
f 2257/624/226 2269/623/226 2270/625/226 2258/626/226
f 2258/626/225 2270/625/225 2259/602/225 2247/601/225
f 2259/602/236 2271/627/236 2272/628/236 2260/603/236
f 2260/603/235 2272/628/235 2273/629/235 2261/605/235
f 2261/605/234 2273/629/234 2274/630/234 2262/607/234
f 2262/607/233 2274/630/233 2275/631/233 2263/609/233
f 2263/609/570 2275/631/570 2276/632/570 2264/611/570
f 2264/611/231 2276/632/231 2277/633/231 2265/613/231
f 2265/616/242 2277/634/242 2278/635/242 2266/617/242
f 2266/617/562 2278/635/562 2279/636/562 2267/619/562
f 2267/619/240 2279/636/240 2280/637/240 2268/621/240
f 2268/621/239 2280/637/239 2281/638/239 2269/623/239
f 2269/623/238 2281/638/238 2282/639/238 2270/625/238
f 2270/625/237 2282/639/237 2271/627/237 2259/602/237
f 2271/627/248 2283/640/248 2284/641/248 2272/628/248
f 2272/628/247 2284/641/247 2285/642/247 2273/629/247
f 2273/629/246 2285/642/246 2286/643/246 2274/630/246
f 2274/630/245 2286/643/245 2287/644/245 2275/631/245
f 2275/631/244 2287/644/244 2288/645/244 2276/632/244
f 2276/632/243 2288/645/243 2289/646/243 2277/633/243
f 2277/634/254 2289/647/254 2290/648/254 2278/635/254
f 2278/635/253 2290/648/253 2291/649/253 2279/636/253
f 2279/636/252 2291/649/252 2292/650/252 2280/637/252
f 2280/637/251 2292/650/251 2293/651/251 2281/638/251
f 2281/638/250 2293/651/250 2294/652/250 2282/639/250
f 2282/639/249 2294/652/249 2283/640/249 2271/627/249
f 2283/640/260 2295/653/260 2296/654/260 2284/641/260
f 2284/641/509 2296/654/509 2297/655/509 2285/642/509
f 2285/642/258 2297/655/258 2298/656/258 2286/643/258
f 2286/643/257 2298/656/257 2299/657/257 2287/644/257
f 2287/644/256 2299/657/256 2300/658/256 2288/645/256
f 2288/645/255 2300/658/255 2301/659/255 2289/646/255
f 2289/647/266 2301/660/266 2302/661/266 2290/648/266
f 2290/648/265 2302/661/265 2303/662/265 2291/649/265
f 2291/649/264 2303/662/264 2304/663/264 2292/650/264
f 2292/650/263 2304/663/263 2305/664/263 2293/651/263
f 2293/651/262 2305/664/262 2306/665/262 2294/652/262
f 2294/652/261 2306/665/261 2295/653/261 2283/640/261
f 2295/653/272 2307/666/272 2308/667/272 2296/654/272
f 2296/654/513 2308/667/513 2309/668/513 2297/655/513
f 2297/655/270 2309/668/270 2310/669/270 2298/656/270
f 2298/656/269 2310/669/269 2311/670/269 2299/657/269
f 2299/657/268 2311/670/268 2312/671/268 2300/658/268
f 2300/658/267 2312/671/267 2313/672/267 2301/659/267
f 2301/660/583 2313/673/583 2314/674/583 2302/661/583
f 2302/661/277 2314/674/277 2315/675/277 2303/662/277
f 2303/662/276 2315/675/276 2316/676/276 2304/663/276
f 2304/663/275 2316/676/275 2317/677/275 2305/664/275
f 2305/664/274 2317/677/274 2318/678/274 2306/665/274
f 2306/665/572 2318/678/572 2307/666/572 2295/653/572
f 2307/666/284 2319/24/284 2320/679/284 2308/667/284
f 2308/667/283 2320/679/283 2321/680/283 2309/668/283
f 2309/668/282 2321/680/282 2322/681/282 2310/669/282
f 2310/669/281 2322/681/281 2323/682/281 2311/670/281
f 2311/670/280 2323/682/280 2324/683/280 2312/671/280
f 2312/671/279 2324/683/279 2325/23/279 2313/672/279
f 2313/673/290 2325/684/290 2326/685/290 2314/674/290
f 2314/674/289 2326/685/289 2327/686/289 2315/675/289
f 2315/675/288 2327/686/288 2328/687/288 2316/676/288
f 2316/676/287 2328/687/287 2329/688/287 2317/677/287
f 2317/677/574 2329/688/574 2330/689/574 2318/678/574
f 2318/678/285 2330/689/285 2319/24/285 2307/666/285
f 2319/24/296 2331/690/296 2332/691/296 2320/679/296
f 2320/679/295 2332/691/295 2333/692/295 2321/680/295
f 2321/680/294 2333/692/294 2334/693/294 2322/681/294
f 2322/681/293 2334/693/293 2335/694/293 2323/682/293
f 2323/682/292 2335/694/292 2336/695/292 2324/683/292
f 2324/683/291 2336/695/291 2337/696/291 2325/23/291
f 2325/684/302 2337/697/302 2338/698/302 2326/685/302
f 2326/685/301 2338/698/301 2339/699/301 2327/686/301
f 2327/686/300 2339/699/300 2340/700/300 2328/687/300
f 2328/687/299 2340/700/299 2341/701/299 2329/688/299
f 2329/688/298 2341/701/298 2342/702/298 2330/689/298
f 2330/689/297 2342/702/297 2331/690/297 2319/24/297
f 2331/690/308 2343/703/308 2344/704/308 2332/691/308
f 2332/691/307 2344/704/307 2345/705/307 2333/692/307
f 2333/692/306 2345/705/306 2346/706/306 2334/693/306
f 2334/693/305 2346/706/305 2347/707/305 2335/694/305
f 2335/694/584 2347/707/584 2348/708/584 2336/695/584
f 2336/695/585 2348/708/585 2349/709/585 2337/696/585
f 2337/697/314 2349/710/314 2350/711/314 2338/698/314
f 2338/698/586 2350/711/586 2351/712/586 2339/699/586
f 2339/699/312 2351/712/312 2352/713/312 2340/700/312
f 2340/700/311 2352/713/311 2353/714/311 2341/701/311
f 2341/701/310 2353/714/310 2354/715/310 2342/702/310
f 2342/702/309 2354/715/309 2343/703/309 2331/690/309
f 2343/703/320 2355/716/320 2356/717/320 2344/704/320
f 2344/704/319 2356/717/319 2357/718/319 2345/705/319
f 2345/705/318 2357/718/318 2358/719/318 2346/706/318
f 2346/706/317 2358/719/317 2359/720/317 2347/707/317
f 2347/707/316 2359/720/316 2360/721/316 2348/708/316
f 2348/708/315 2360/721/315 2361/722/315 2349/709/315
f 2349/710/326 2361/723/326 2362/724/326 2350/711/326
f 2350/711/325 2362/724/325 2363/725/325 2351/712/325
f 2351/712/324 2363/725/324 2364/726/324 2352/713/324
f 2352/713/323 2364/726/323 2365/727/323 2353/714/323
f 2353/714/322 2365/727/322 2366/728/322 2354/715/322
f 2354/715/321 2366/728/321 2355/716/321 2343/703/321
f 2355/716/332 2367/729/332 2368/730/332 2356/717/332
f 2356/717/331 2368/730/331 2369/731/331 2357/718/331
f 2357/718/330 2369/731/330 2370/732/330 2358/719/330
f 2358/719/329 2370/732/329 2371/733/329 2359/720/329
f 2359/720/328 2371/733/328 2372/734/328 2360/721/328
f 2360/721/327 2372/734/327 2373/735/327 2361/722/327
f 2361/723/338 2373/736/338 2374/737/338 2362/724/338
f 2362/724/337 2374/737/337 2375/738/337 2363/725/337
f 2363/725/336 2375/738/336 2376/739/336 2364/726/336
f 2364/726/335 2376/739/335 2377/740/335 2365/727/335
f 2365/727/334 2377/740/334 2378/741/334 2366/728/334
f 2366/728/333 2378/741/333 2367/729/333 2355/716/333
f 2367/729/344 2379/742/344 2380/743/344 2368/730/344
f 2368/730/343 2380/743/343 2381/744/343 2369/731/343
f 2369/731/342 2381/744/342 2382/745/342 2370/732/342
f 2370/732/341 2382/745/341 2383/746/341 2371/733/341
f 2371/733/340 2383/746/340 2384/747/340 2372/734/340
f 2372/734/339 2384/747/339 2385/748/339 2373/735/339
f 2373/736/350 2385/749/350 2386/750/350 2374/737/350
f 2374/737/349 2386/750/349 2387/751/349 2375/738/349
f 2375/738/348 2387/751/348 2388/752/348 2376/739/348
f 2376/739/347 2388/752/347 2389/753/347 2377/740/347
f 2377/740/346 2389/753/346 2390/754/346 2378/741/346
f 2378/741/345 2390/754/345 2379/742/345 2367/729/345
f 2379/742/356 2391/14/356 2392/755/356 2380/743/356
f 2380/743/355 2392/755/355 2393/756/355 2381/744/355
f 2381/744/354 2393/756/354 2394/757/354 2382/745/354
f 2382/745/353 2394/757/353 2395/758/353 2383/746/353
f 2383/746/352 2395/758/352 2396/759/352 2384/747/352
f 2384/747/351 2396/759/351 2397/13/351 2385/748/351
f 2385/749/362 2397/760/362 2398/761/362 2386/750/362
f 2386/750/361 2398/761/361 2399/762/361 2387/751/361
f 2387/751/360 2399/762/360 2400/248/360 2388/752/360
f 2388/752/359 2400/248/359 2401/763/359 2389/753/359
f 2389/753/358 2401/763/358 2402/764/358 2390/754/358
f 2390/754/357 2402/764/357 2391/14/357 2379/742/357
f 2391/14/368 2403/765/368 2404/766/368 2392/755/368
f 2392/755/367 2404/766/367 2405/767/367 2393/756/367
f 2393/756/366 2405/767/366 2406/768/366 2394/757/366
f 2394/757/365 2406/768/365 2407/769/365 2395/758/365
f 2395/758/364 2407/769/364 2408/770/364 2396/759/364
f 2396/759/363 2408/770/363 2409/771/363 2397/13/363
f 2397/760/374 2409/772/374 2410/773/374 2398/761/374
f 2398/761/373 2410/773/373 2411/774/373 2399/762/373
f 2399/762/372 2411/774/372 2412/775/372 2400/248/372
f 2400/248/371 2412/775/371 2413/776/371 2401/763/371
f 2401/763/370 2413/776/370 2414/777/370 2402/764/370
f 2402/764/369 2414/777/369 2403/765/369 2391/14/369
f 2403/765/380 2415/778/380 2416/779/380 2404/766/380
f 2404/766/379 2416/779/379 2417/780/379 2405/767/379
f 2405/767/378 2417/780/378 2418/781/378 2406/768/378
f 2406/768/377 2418/781/377 2419/782/377 2407/769/377
f 2407/769/376 2419/782/376 2420/783/376 2408/770/376
f 2408/770/375 2420/783/375 2421/784/375 2409/771/375
f 2409/772/386 2421/785/386 2422/786/386 2410/773/386
f 2410/773/385 2422/786/385 2423/787/385 2411/774/385
f 2411/774/384 2423/787/384 2424/788/384 2412/775/384
f 2412/775/383 2424/788/383 2425/789/383 2413/776/383
f 2413/776/382 2425/789/382 2426/790/382 2414/777/382
f 2414/777/381 2426/790/381 2415/778/381 2403/765/381
f 2415/778/392 2427/791/392 2428/792/392 2416/779/392
f 2416/779/391 2428/792/391 2429/793/391 2417/780/391
f 2417/780/390 2429/793/390 2430/794/390 2418/781/390
f 2418/781/389 2430/794/389 2431/795/389 2419/782/389
f 2419/782/388 2431/795/388 2432/796/388 2420/783/388
f 2420/783/387 2432/796/387 2433/797/387 2421/784/387
f 2421/785/398 2433/798/398 2434/799/398 2422/786/398
f 2422/786/397 2434/799/397 2435/800/397 2423/787/397
f 2423/787/396 2435/800/396 2436/801/396 2424/788/396
f 2424/788/395 2436/801/395 2437/802/395 2425/789/395
f 2425/789/394 2437/802/394 2438/803/394 2426/790/394
f 2426/790/393 2438/803/393 2427/791/393 2415/778/393
f 2427/791/404 2439/804/404 2440/805/404 2428/792/404
f 2428/792/403 2440/805/403 2441/806/403 2429/793/403
f 2429/793/402 2441/806/402 2442/807/402 2430/794/402
f 2430/794/401 2442/807/401 2443/808/401 2431/795/401
f 2431/795/400 2443/808/400 2444/809/400 2432/796/400
f 2432/796/399 2444/809/399 2445/810/399 2433/797/399
f 2433/798/410 2445/811/410 2446/812/410 2434/799/410
f 2434/799/409 2446/812/409 2447/813/409 2435/800/409
f 2435/800/408 2447/813/408 2448/814/408 2436/801/408
f 2436/801/407 2448/814/407 2449/815/407 2437/802/407
f 2437/802/406 2449/815/406 2450/816/406 2438/803/406
f 2438/803/405 2450/816/405 2439/804/405 2427/791/405
f 2439/804/416 2451/817/416 2452/818/416 2440/805/416
f 2440/805/415 2452/818/415 2453/819/415 2441/806/415
f 2441/806/414 2453/819/414 2454/820/414 2442/807/414
f 2442/807/413 2454/820/413 2455/821/413 2443/808/413
f 2443/808/412 2455/821/412 2456/822/412 2444/809/412
f 2444/809/411 2456/822/411 2457/823/411 2445/810/411
f 2445/811/422 2457/824/422 2458/825/422 2446/812/422
f 2446/812/421 2458/825/421 2459/826/421 2447/813/421
f 2447/813/420 2459/826/420 2460/827/420 2448/814/420
f 2448/814/419 2460/827/419 2461/828/419 2449/815/419
f 2449/815/418 2461/828/418 2462/829/418 2450/816/418
f 2450/816/417 2462/829/417 2451/817/417 2439/804/417
f 2451/817/428 2463/12/428 2464/830/428 2452/818/428
f 2452/818/427 2464/830/427 2465/831/427 2453/819/427
f 2453/819/426 2465/831/426 2466/832/426 2454/820/426
f 2454/820/425 2466/832/425 2467/833/425 2455/821/425
f 2455/821/424 2467/833/424 2468/834/424 2456/822/424
f 2456/822/423 2468/834/423 2469/11/423 2457/823/423
f 2457/824/434 2469/835/434 2470/836/434 2458/825/434
f 2458/825/433 2470/836/433 2471/837/433 2459/826/433
f 2459/826/432 2471/837/432 2472/838/432 2460/827/432
f 2460/827/431 2472/838/431 2473/839/431 2461/828/431
f 2461/828/430 2473/839/430 2474/840/430 2462/829/430
f 2462/829/429 2474/840/429 2463/12/429 2451/817/429
f 2463/12/440 2475/841/440 2476/842/440 2464/830/440
f 2464/830/439 2476/842/439 2477/843/439 2465/831/439
f 2465/831/438 2477/843/438 2478/844/438 2466/832/438
f 2466/832/437 2478/844/437 2479/845/437 2467/833/437
f 2467/833/436 2479/845/436 2480/846/436 2468/834/436
f 2468/834/435 2480/846/435 2481/847/435 2469/11/435
f 2469/835/446 2481/848/446 2482/849/446 2470/836/446
f 2470/836/445 2482/849/445 2483/850/445 2471/837/445
f 2471/837/444 2483/850/444 2484/851/444 2472/838/444
f 2472/838/443 2484/851/443 2485/852/443 2473/839/443
f 2473/839/558 2485/852/558 2486/853/558 2474/840/558
f 2474/840/441 2486/853/441 2475/841/441 2463/12/441
f 2475/841/452 2487/225/452 2488/854/452 2476/842/452
f 2476/842/451 2488/854/451 2489/855/451 2477/843/451
f 2477/843/450 2489/855/450 2490/227/450 2478/844/450
f 2478/844/449 2490/227/449 2491/856/449 2479/845/449
f 2479/845/518 2491/856/518 2492/857/518 2480/846/518
f 2480/846/447 2492/857/447 2493/858/447 2481/847/447
f 2481/848/587 2493/859/587 2494/860/587 2482/849/587
f 2482/849/457 2494/860/457 2495/861/457 2483/850/457
f 2483/850/456 2495/861/456 2496/228/456 2484/851/456
f 2484/851/455 2496/228/455 2497/862/455 2485/852/455
f 2485/852/454 2497/862/454 2498/863/454 2486/853/454
f 2486/853/453 2498/863/453 2487/225/453 2475/841/453
f 2487/225/464 2499/864/464 2500/865/464 2488/854/464
f 2488/854/463 2500/865/463 2501/866/463 2489/855/463
f 2489/855/462 2501/866/462 2502/867/462 2490/227/462
f 2490/227/461 2502/867/461 2503/868/461 2491/856/461
f 2491/856/460 2503/868/460 2504/869/460 2492/857/460
f 2492/857/459 2504/869/459 2505/870/459 2493/858/459
f 2493/859/470 2505/871/470 2506/872/470 2494/860/470
f 2494/860/469 2506/872/469 2507/873/469 2495/861/469
f 2495/861/468 2507/873/468 2508/874/468 2496/228/468
f 2496/228/467 2508/874/467 2509/875/467 2497/862/467
f 2497/862/466 2509/875/466 2510/876/466 2498/863/466
f 2498/863/465 2510/876/465 2499/864/465 2487/225/465
f 2499/864/476 2511/877/476 2512/878/476 2500/865/476
f 2500/865/475 2512/878/475 2513/879/475 2501/866/475
f 2501/866/474 2513/879/474 2514/880/474 2502/867/474
f 2502/867/473 2514/880/473 2515/881/473 2503/868/473
f 2503/868/580 2515/881/580 2516/882/580 2504/869/580
f 2504/869/471 2516/882/471 2517/883/471 2505/870/471
f 2505/871/482 2517/884/482 2518/885/482 2506/872/482
f 2506/872/581 2518/885/581 2519/886/581 2507/873/581
f 2507/873/480 2519/886/480 2520/887/480 2508/874/480
f 2508/874/479 2520/887/479 2521/888/479 2509/875/479
f 2509/875/478 2521/888/478 2522/889/478 2510/876/478
f 2510/876/477 2522/889/477 2511/877/477 2499/864/477
f 2511/877/488 2523/890/488 2524/891/488 2512/878/488
f 2512/878/487 2524/891/487 2525/892/487 2513/879/487
f 2513/879/486 2525/892/486 2526/893/486 2514/880/486
f 2514/880/485 2526/893/485 2527/894/485 2515/881/485
f 2515/881/484 2527/894/484 2528/895/484 2516/882/484
f 2516/882/483 2528/895/483 2529/896/483 2517/883/483
f 2517/884/494 2529/897/494 2530/898/494 2518/885/494
f 2518/885/561 2530/898/561 2531/899/561 2519/886/561
f 2519/886/492 2531/899/492 2532/900/492 2520/887/492
f 2520/887/491 2532/900/491 2533/901/491 2521/888/491
f 2521/888/490 2533/901/490 2534/902/490 2522/889/490
f 2522/889/489 2534/902/489 2523/890/489 2511/877/489
f 2523/890/500 1959/10/500 1960/301/500 2524/891/500
f 2524/891/582 1960/301/582 1961/303/582 2525/892/582
f 2525/892/498 1961/303/498 1962/305/498 2526/893/498
f 2526/893/497 1962/305/497 1963/307/497 2527/894/497
f 2527/894/496 1963/307/496 1964/309/496 2528/895/496
f 2528/895/495 1964/309/495 1965/9/495 2529/896/495
f 2529/897/506 1965/311/506 1966/314/506 2530/898/506
f 2530/898/505 1966/314/505 1967/316/505 2531/899/505
f 2531/899/504 1967/316/504 1968/219/504 2532/900/504
f 2532/900/503 1968/219/503 1969/319/503 2533/901/503
f 2533/901/524 1969/319/524 1970/321/524 2534/902/524
f 2534/902/501 1970/321/501 1959/10/501 2523/890/501
s 1
usemtl PC_Mata
f 3751/911/622 3712/912/623 3717/913/624 3718/914/625
f 3750/6/20 3711/915/626 3715/916/627 3716/8/628
f 3749/444/629 3710/410/7 3714/373/630
f 3713/917/10 3751/911/622 3718/914/625
f 3712/912/623 3750/6/20 3716/8/628 3717/913/624
f 3711/915/626 3749/444/629 3714/373/630 3715/916/627
f 3714/373/630 3710/340/7 3719/307/631
f 3713/918/10 3718/914/625 3723/919/632
f 3717/913/624 3716/8/628 3721/10/161 3722/920/633
f 3715/916/627 3714/373/630 3719/307/631 3720/921/634
f 3718/914/625 3717/913/624 3722/920/633 3723/919/632
f 3716/8/628 3715/916/627 3720/921/634 3721/10/161
f 3713/922/10 3723/919/632 3728/923/635
f 3722/920/633 3721/10/161 3726/12/636 3727/924/637
f 3720/921/634 3719/307/631 3724/833/638 3725/925/639
f 3723/919/632 3722/920/633 3727/924/637 3728/923/635
f 3721/10/161 3720/921/634 3725/925/639 3726/12/636
f 3719/307/631 3710/870/7 3724/833/638
f 3713/926/10 3728/923/635 3733/927/640
f 3727/924/637 3726/12/636 3731/14/74 3732/928/641
f 3725/925/639 3724/833/638 3729/758/642 3730/929/643
f 3728/923/635 3727/924/637 3732/928/641 3733/927/640
f 3726/12/636 3725/925/639 3730/929/643 3731/14/74
f 3724/833/638 3710/797/7 3729/758/642
f 3713/930/10 3733/927/640 3738/931/644
f 3732/928/641 3731/14/74 3736/24/645 3737/932/646
f 3730/929/643 3729/758/642 3734/682/647 3735/933/648
f 3733/927/640 3732/928/641 3737/932/646 3738/931/644
f 3731/14/74 3730/929/643 3735/933/648 3736/24/645
f 3729/758/642 3710/722/7 3734/682/647
f 3737/932/646 3736/24/645 3741/26/200 3742/934/649
f 3735/933/648 3734/682/647 3739/935/650 3740/936/651
f 3738/931/644 3737/932/646 3742/934/649 3743/937/652
f 3736/24/645 3735/933/648 3740/936/651 3741/26/200
f 3734/682/647 3710/938/7 3739/935/650
f 3713/939/10 3738/931/644 3743/937/652
f 3740/940/651 3739/594/650 3744/519/653 3745/941/654
f 3743/942/652 3742/943/649 3747/944/655 3748/945/656
f 3741/1/200 3740/940/651 3745/941/654 3746/4/657
f 3739/594/650 3710/559/7 3744/519/653
f 3713/946/10 3743/942/652 3748/945/656
f 3742/943/649 3741/1/200 3746/4/657 3747/944/655
f 3748/945/656 3747/944/655 3712/912/623 3751/911/622
f 3746/4/657 3745/941/654 3711/915/626 3750/6/20
f 3744/519/653 3710/483/7 3749/444/629
f 3713/947/10 3748/945/656 3751/911/622
f 3747/944/655 3746/4/657 3750/6/20 3712/912/623
f 3745/941/654 3744/519/653 3749/444/629 3711/915/626
f 3762/917/10 3800/911/622 3767/914/625
f 3761/912/623 3799/6/20 3765/8/628 3766/913/624
f 3760/915/626 3798/444/629 3763/373/630 3764/916/627
f 3800/911/622 3761/912/623 3766/913/624 3767/914/625
f 3799/6/20 3760/915/626 3764/916/627 3765/8/628
f 3798/444/629 3759/410/7 3763/373/630
f 3764/916/627 3763/373/630 3768/307/631 3769/921/634
f 3767/914/625 3766/913/624 3771/920/633 3772/919/632
f 3765/8/628 3764/916/627 3769/921/634 3770/10/161
f 3763/373/630 3759/340/7 3768/307/631
f 3762/918/10 3767/914/625 3772/919/632
f 3766/913/624 3765/8/628 3770/10/161 3771/920/633
f 3772/919/632 3771/920/633 3776/924/637 3777/923/635
f 3770/10/161 3769/921/634 3774/925/639 3775/12/636
f 3768/307/631 3759/870/7 3773/833/638
f 3762/922/10 3772/919/632 3777/923/635
f 3771/920/633 3770/10/161 3775/12/636 3776/924/637
f 3769/921/634 3768/307/631 3773/833/638 3774/925/639
f 3777/923/635 3776/924/637 3781/928/641 3782/927/640
f 3775/12/636 3774/925/639 3779/929/643 3780/14/74
f 3773/833/638 3759/797/7 3778/758/642
f 3762/926/10 3777/923/635 3782/927/640
f 3776/924/637 3775/12/636 3780/14/74 3781/928/641
f 3774/925/639 3773/833/638 3778/758/642 3779/929/643
f 3782/927/640 3781/928/641 3786/932/646 3787/931/644
f 3780/14/74 3779/929/643 3784/933/648 3785/24/645
f 3778/758/642 3759/722/7 3783/682/647
f 3762/930/10 3782/927/640 3787/931/644
f 3781/928/641 3780/14/74 3785/24/645 3786/932/646
f 3779/929/643 3778/758/642 3783/682/647 3784/933/648
f 3787/931/644 3786/932/646 3791/934/649 3792/937/652
f 3785/24/645 3784/933/648 3789/936/651 3790/26/200
f 3783/682/647 3759/938/7 3788/935/650
f 3762/939/10 3787/931/644 3792/937/652
f 3786/932/646 3785/24/645 3790/26/200 3791/934/649
f 3784/933/648 3783/682/647 3788/935/650 3789/936/651
f 3790/1/200 3789/940/651 3794/941/654 3795/4/657
f 3788/594/650 3759/559/7 3793/519/653
f 3762/946/10 3792/942/652 3797/945/656
f 3791/943/649 3790/1/200 3795/4/657 3796/944/655
f 3789/940/651 3788/594/650 3793/519/653 3794/941/654
f 3792/942/652 3791/943/649 3796/944/655 3797/945/656
f 3793/519/653 3759/483/7 3798/444/629
f 3762/947/10 3797/945/656 3800/911/622
f 3796/944/655 3795/4/657 3799/6/20 3761/912/623
f 3794/941/654 3793/519/653 3798/444/629 3760/915/626
f 3797/945/656 3796/944/655 3761/912/623 3800/911/622
f 3795/4/657 3794/941/654 3760/915/626 3799/6/20
usemtl PC_Muka
f 3886/948/665 3885/949/666 3809/203/667 3810/199/668
f 3884/950/20 3883/951/669 3807/205/670 3808/202/671
f 3802/193/672 3882/952/673 3805/195/674 3806/196/675
f 3803/197/676 3886/948/665 3810/199/668 3811/200/677
f 3885/949/666 3884/950/20 3808/202/671 3809/203/667
f 3883/951/669 3802/193/672 3806/196/675 3807/205/670
f 3882/952/673 3801/206/7 3805/195/674
f 3804/207/10 3803/197/676 3811/200/677
f 3811/200/677 3810/199/668 3817/215/678 3818/214/679
f 3809/203/667 3808/202/671 3815/208/680 3816/209/681
f 3807/205/670 3806/196/675 3813/210/682 3814/211/683
f 3805/195/674 3801/7/7 3812/212/684
f 3804/213/10 3811/200/677 3818/214/679
f 3810/199/668 3809/203/667 3816/209/681 3817/215/678
f 3808/202/671 3807/205/670 3814/211/683 3815/208/680
f 3806/196/675 3805/195/674 3812/212/684 3813/210/682
f 3814/211/683 3813/210/682 3820/305/685 3821/953/686
f 3812/212/684 3801/954/7 3819/221/687
f 3804/955/10 3818/214/679 3825/217/688
f 3817/215/678 3816/209/681 3823/218/689 3824/219/690
f 3815/208/680 3814/211/683 3821/953/686 3822/10/161
f 3813/210/682 3812/212/684 3819/221/687 3820/305/685
f 3818/214/679 3817/215/678 3824/219/690 3825/217/688
f 3816/209/681 3815/208/680 3822/10/161 3823/218/689
f 3804/232/10 3825/217/688 3832/229/691
f 3824/219/690 3823/218/689 3830/230/692 3831/228/693
f 3822/10/161 3821/953/686 3828/956/694 3829/225/695
f 3820/305/685 3819/221/687 3826/226/696 3827/227/697
f 3825/217/688 3824/219/690 3831/228/693 3832/229/691
f 3823/218/689 3822/10/161 3829/225/695 3830/230/692
f 3821/953/686 3820/305/685 3827/227/697 3828/956/694
f 3819/221/687 3801/231/7 3826/226/696
f 3827/227/697 3826/226/696 3833/239/698 3834/237/699
f 3832/229/691 3831/228/693 3838/233/700 3839/957/701
f 3830/230/692 3829/225/695 3836/235/702 3837/236/703
f 3828/956/694 3827/227/697 3834/237/699 3835/958/704
f 3826/226/696 3801/11/7 3833/239/698
f 3804/240/10 3832/229/691 3839/957/701
f 3831/228/693 3830/230/692 3837/236/703 3838/233/700
f 3829/225/695 3828/956/694 3835/958/704 3836/235/702
f 3839/957/701 3838/233/700 3845/248/705 3846/959/706
f 3837/236/703 3836/235/702 3843/14/74 3844/247/707
f 3835/958/704 3834/237/699 3841/757/708 3842/960/709
f 3833/239/698 3801/784/7 3840/961/710
f 3804/962/10 3839/957/701 3846/959/706
f 3838/233/700 3837/236/703 3844/247/707 3845/248/705
f 3836/235/702 3835/958/704 3842/960/709 3843/14/74
f 3834/237/699 3833/239/698 3840/961/710 3841/757/708
f 3840/961/710 3801/963/7 3847/255/711
f 3804/964/10 3846/959/706 3853/965/712
f 3845/248/705 3844/247/707 3851/251/713 3852/252/714
f 3843/14/74 3842/960/709 3849/966/715 3850/254/716
f 3841/757/708 3840/961/710 3847/255/711 3848/967/717
f 3846/959/706 3845/248/705 3852/252/714 3853/965/712
f 3844/247/707 3843/14/74 3850/254/716 3851/251/713
f 3842/960/709 3841/757/708 3848/967/717 3849/966/715
f 3852/252/714 3851/251/713 3858/968/718 3859/969/719
f 3850/254/716 3849/966/715 3856/970/720 3857/262/721
f 3848/967/717 3847/255/711 3854/971/722 3855/972/723
f 3853/965/712 3852/252/714 3859/969/719 3860/973/724
f 3851/251/713 3850/254/716 3857/262/721 3858/968/718
f 3849/966/715 3848/967/717 3855/972/723 3856/970/720
f 3847/255/711 3801/974/7 3854/971/722
f 3804/975/10 3853/965/712 3860/973/724
f 3860/973/724 3859/969/719 3866/266/725 3867/976/726
f 3858/968/718 3857/262/721 3864/26/200 3865/268/727
f 3856/970/720 3855/972/723 3862/269/728 3863/977/729
f 3854/971/722 3801/978/7 3861/272/730
f 3804/979/10 3860/973/724 3867/976/726
f 3859/969/719 3858/968/718 3865/268/727 3866/266/725
f 3857/262/721 3856/970/720 3863/977/729 3864/26/200
f 3855/972/723 3854/971/722 3861/272/730 3862/269/728
f 3865/281/727 3864/1/200 3871/286/731 3872/282/732
f 3863/980/729 3862/287/728 3869/981/733 3870/982/734
f 3861/274/730 3801/275/7 3868/276/735
f 3804/277/10 3867/983/726 3874/984/736
f 3866/280/725 3865/281/727 3872/282/732 3873/283/737
f 3864/1/200 3863/980/729 3870/982/734 3871/286/731
f 3862/287/728 3861/274/730 3868/276/735 3869/981/733
f 3867/983/726 3866/280/725 3873/283/737 3874/984/736
f 3804/296/10 3874/984/736 3881/985/738
f 3873/283/737 3872/282/732 3879/986/739 3880/987/740
f 3871/286/731 3870/982/734 3877/988/741 3878/292/742
f 3869/981/733 3868/276/735 3875/989/743 3876/990/744
f 3874/984/736 3873/283/737 3880/987/740 3881/985/738
f 3872/282/732 3871/286/731 3878/292/742 3879/986/739
f 3870/982/734 3869/981/733 3876/990/744 3877/988/741
f 3868/276/735 3801/3/7 3875/989/743
f 3878/292/742 3877/988/741 3883/951/669 3884/950/20
f 3876/990/744 3875/989/743 3882/952/673 3802/193/672
f 3881/985/738 3880/987/740 3886/948/665 3803/197/676
f 3879/986/739 3878/292/742 3884/950/20 3885/949/666
f 3877/988/741 3876/990/744 3802/193/672 3883/951/669
f 3875/989/743 3801/297/7 3882/952/673
f 3804/298/10 3881/985/738 3803/197/676
f 3880/987/740 3879/986/739 3885/949/666 3886/948/665
