# axis-converted-to-Y-up
# Blender 5.1.1
# www.blender.org
mtllib mob_domba_walk2.mtl
o mob_domba_walk2
v 4.112500 0.000000 0.490875
v 4.112500 0.393750 0.228375
v 4.143435 0.000000 0.503690
v 4.143435 0.393750 0.241190
v 4.156250 0.000000 0.534625
v 4.156250 0.393750 0.272125
v 4.143435 0.000000 0.565561
v 4.143435 0.393750 0.303061
v 4.112500 0.000000 0.578375
v 4.112500 0.393750 0.315875
v 4.081564 0.000000 0.565561
v 4.081564 0.393750 0.303061
v 4.068750 0.000000 0.534625
v 4.068750 0.393750 0.272125
v 4.081564 0.000000 0.503690
v 4.081564 0.393750 0.241190
v 4.112500 0.000000 0.009625
v 4.112500 0.393750 -0.252875
v 4.143435 0.000000 0.022440
v 4.143435 0.393750 -0.240060
v 4.156250 0.000000 0.053375
v 4.156250 0.393750 -0.209125
v 4.143435 0.000000 0.084311
v 4.143435 0.393750 -0.178189
v 4.112500 0.000000 0.097125
v 4.112500 0.393750 -0.165375
v 4.081564 0.000000 0.084311
v 4.081564 0.393750 -0.178189
v 4.068750 0.000000 0.053375
v 4.068750 0.393750 -0.209125
v 4.081564 0.000000 0.022440
v 4.081564 0.393750 -0.240060
v 4.418750 0.000000 0.490875
v 4.418750 0.393750 0.228375
v 4.449687 0.000000 0.503690
v 4.449687 0.393750 0.241190
v 4.462500 0.000000 0.534625
v 4.462500 0.393750 0.272125
v 4.449687 0.000000 0.565561
v 4.449687 0.393750 0.303061
v 4.418750 0.000000 0.578375
v 4.418750 0.393750 0.315875
v 4.387814 0.000000 0.565561
v 4.387814 0.393750 0.303061
v 4.375000 0.000000 0.534625
v 4.375000 0.393750 0.272125
v 4.387814 0.000000 0.503690
v 4.387814 0.393750 0.241190
v 4.418750 0.000000 0.009625
v 4.418750 0.393750 -0.252875
v 4.449687 0.000000 0.022440
v 4.449687 0.393750 -0.240060
v 4.462500 0.000000 0.053375
v 4.462500 0.393750 -0.209125
v 4.449687 0.000000 0.084311
v 4.449687 0.393750 -0.178189
v 4.418750 0.000000 0.097125
v 4.418750 0.393750 -0.165375
v 4.387814 0.000000 0.084311
v 4.387814 0.393750 -0.178189
v 4.375000 0.000000 0.053375
v 4.375000 0.393750 -0.209125
v 4.387814 0.000000 0.022440
v 4.387814 0.393750 -0.240060
v 4.265625 0.178281 0.175146
v 4.534717 0.394125 0.304956
v 4.162843 0.394125 0.474120
v 3.933010 0.394126 0.031250
v 4.162843 0.394125 -0.411618
v 4.534717 0.394125 -0.242454
v 4.368407 0.769441 0.442870
v 3.996534 0.769441 0.273706
v 3.996534 0.769441 -0.273705
v 4.368407 0.769441 -0.442869
v 4.598240 0.769440 0.000000
v 4.265625 1.003893 0.000000
v 4.179045 0.312010 0.459055
v 4.205212 0.236596 0.396580
v 4.236765 0.190796 0.291156
v 4.341184 0.190796 0.243656
v 4.423792 0.236596 0.297148
v 4.492300 0.312010 0.316557
v 4.463441 0.372617 0.400506
v 4.363380 0.363466 0.472882
v 4.254603 0.372617 0.495506
v 4.567859 0.372618 -0.108119
v 4.581959 0.363466 0.051690
v 4.567859 0.372618 0.199297
v 4.341184 0.190796 0.089949
v 4.423792 0.236596 -0.024609
v 4.492300 0.312010 -0.144568
v 3.985439 0.312011 0.085993
v 4.070119 0.236597 0.136270
v 4.172230 0.190796 0.166803
v 4.085649 0.372617 0.418652
v 4.009705 0.363466 0.312001
v 3.956578 0.372618 0.169942
v 4.179045 0.312010 -0.287066
v 4.205212 0.236596 -0.124041
v 4.236765 0.190796 0.042450
v 3.956578 0.372618 -0.078764
v 4.009705 0.363466 -0.208622
v 4.085649 0.372617 -0.327472
v 4.254603 0.372617 -0.404326
v 4.363379 0.363466 -0.369502
v 4.463441 0.372617 -0.309326
v 4.621371 0.686282 0.076854
v 4.619300 0.579763 0.160880
v 4.585697 0.473243 0.230563
v 4.585697 0.473243 -0.230562
v 4.619300 0.579763 -0.160879
v 4.621371 0.686282 -0.076853
v 4.323346 0.686283 0.497417
v 4.265625 0.579763 0.520625
v 4.207905 0.473243 0.497417
v 4.521163 0.473243 0.354918
v 4.484208 0.579763 0.421195
v 4.427766 0.686283 0.449918
v 3.945553 0.686283 0.230563
v 3.911950 0.579763 0.160880
v 3.909880 0.473244 0.076854
v 4.103486 0.473243 0.449918
v 4.047042 0.579763 0.421195
v 4.010088 0.686283 0.354919
v 4.010088 0.686283 -0.354917
v 4.047042 0.579763 -0.421194
v 4.103486 0.473243 -0.449917
v 3.909880 0.473244 -0.076853
v 3.911950 0.579763 -0.160879
v 3.945553 0.686283 -0.230562
v 4.427766 0.686283 -0.449917
v 4.484208 0.579763 -0.421194
v 4.521163 0.473243 -0.354918
v 4.207905 0.473243 -0.497416
v 4.265625 0.579763 -0.520625
v 4.323346 0.686283 -0.497416
v 4.574672 0.792804 0.124353
v 4.521546 0.802744 0.260312
v 4.445601 0.792805 0.373062
v 4.276648 0.792805 0.449917
v 4.167871 0.802744 0.421193
v 4.067810 0.792805 0.354917
v 3.963391 0.792804 0.153708
v 3.949291 0.802744 0.000000
v 3.963391 0.792804 -0.153708
v 4.067810 0.792805 -0.354916
v 4.167871 0.802744 -0.421192
v 4.276647 0.792805 -0.449916
v 4.445601 0.792805 -0.373061
v 4.521546 0.802744 -0.260311
v 4.574672 0.792804 -0.124352
v 4.294485 0.990299 0.124353
v 4.326038 0.940552 0.260311
v 4.352205 0.858636 0.373061
v 4.545811 0.858635 0.000000
v 4.461131 0.940549 0.000000
v 4.359020 0.990299 0.000000
v 4.190068 0.990299 0.076854
v 4.107458 0.940552 0.160879
v 4.038949 0.858636 0.230563
v 4.190068 0.990299 -0.076853
v 4.107458 0.940552 -0.160878
v 4.038949 0.858636 -0.230562
v 4.294485 0.990299 -0.124352
v 4.326038 0.940552 -0.260310
v 4.352205 0.858636 -0.373060
v 4.400169 0.959117 -0.136853
v 4.502953 0.886668 -0.136853
v 4.431931 0.886668 -0.273707
v 4.214233 0.959117 -0.221432
v 4.245994 0.886668 -0.358286
v 4.131080 0.886668 -0.306012
v 4.099319 0.959117 0.000000
v 4.016165 0.886668 -0.084579
v 4.016165 0.886668 0.084580
v 4.214233 0.959117 0.221432
v 4.131080 0.886668 0.306013
v 4.245994 0.886668 0.358287
v 4.400169 0.959117 0.136854
v 4.431931 0.886668 0.273708
v 4.502953 0.886668 0.136854
v 4.586109 0.696990 -0.221433
v 4.566478 0.579763 -0.306013
v 4.515086 0.696991 -0.358288
v 4.214233 0.696991 -0.495142
v 4.150710 0.579763 -0.495144
v 4.099317 0.696991 -0.442869
v 3.913381 0.696990 -0.084579
v 3.893750 0.579763 0.000000
v 3.913381 0.696991 0.084580
v 4.099317 0.696991 0.442870
v 4.150709 0.579763 0.495144
v 4.214232 0.696991 0.495143
v 4.515086 0.696990 0.358289
v 4.566478 0.579762 0.306015
v 4.586109 0.696990 0.221434
v 4.380541 0.579763 -0.495144
v 4.431933 0.462535 -0.442869
v 4.317018 0.462535 -0.495142
v 3.964772 0.579763 -0.306015
v 4.016164 0.462535 -0.358289
v 3.945142 0.462535 -0.221434
v 3.964772 0.579763 0.306015
v 3.945142 0.462535 0.221434
v 4.016165 0.462535 0.358290
v 4.380541 0.579763 0.495144
v 4.317018 0.462535 0.495143
v 4.431933 0.462535 0.442870
v 4.637500 0.579763 0.000000
v 4.617870 0.462536 0.084580
v 4.617870 0.462536 -0.084579
v 4.400171 0.286203 -0.202814
v 4.317017 0.219504 -0.073769
v 4.285255 0.286203 -0.255088
v 4.099318 0.286203 -0.170508
v 4.131081 0.219504 0.010811
v 4.028296 0.286203 -0.033654
v 4.028296 0.286203 0.240052
v 4.131081 0.219504 0.284518
v 4.099319 0.286203 0.376907
v 4.515085 0.286203 0.018620
v 4.515085 0.286203 0.187779
v 4.431932 0.219504 0.147664
v 4.285257 0.286203 0.461485
v 4.317018 0.219504 0.369097
v 4.400172 0.286203 0.409212
v 4.484375 0.520361 -0.240625
v 4.618920 0.632005 -0.142873
v 4.432984 0.632005 -0.082457
v 4.318068 0.632005 -0.240625
v 4.432984 0.632005 -0.398792
v 4.618920 0.632005 -0.338376
v 4.535766 0.812651 -0.082457
v 4.349829 0.812651 -0.142873
v 4.349829 0.812651 -0.338376
v 4.535766 0.812651 -0.398792
v 4.650681 0.812651 -0.240625
v 4.484375 0.924294 -0.240625
v 4.454168 0.550524 -0.147657
v 4.563459 0.550524 -0.183168
v 4.533253 0.616147 -0.090199
v 4.642542 0.616147 -0.240625
v 4.563459 0.550524 -0.298081
v 4.386622 0.550524 -0.240625
v 4.356415 0.616147 -0.147657
v 4.454168 0.550524 -0.333592
v 4.356415 0.616147 -0.333592
v 4.533253 0.616147 -0.391050
v 4.661212 0.722328 -0.183168
v 4.661212 0.722328 -0.298081
v 4.484375 0.722328 -0.054687
v 4.593667 0.722328 -0.090198
v 4.307538 0.722328 -0.183168
v 4.375084 0.722328 -0.090198
v 4.375083 0.722328 -0.391051
v 4.307538 0.722328 -0.298081
v 4.593667 0.722328 -0.391051
v 4.484375 0.722328 -0.426562
v 4.612335 0.828508 -0.147657
v 4.435498 0.828508 -0.090199
v 4.326208 0.828508 -0.240625
v 4.435498 0.828508 -0.391050
v 4.612335 0.828508 -0.333593
v 4.514581 0.894131 -0.147657
v 4.582128 0.894131 -0.240625
v 4.405292 0.894131 -0.183168
v 4.405292 0.894131 -0.298081
v 4.514581 0.894131 -0.333592
v 4.046875 0.520361 -0.240625
v 4.181420 0.632005 -0.142873
v 3.995484 0.632005 -0.082457
v 3.880568 0.632005 -0.240625
v 3.995484 0.632005 -0.398792
v 4.181420 0.632005 -0.338376
v 4.098266 0.812651 -0.082457
v 3.912330 0.812651 -0.142873
v 3.912330 0.812651 -0.338376
v 4.098266 0.812651 -0.398792
v 4.213182 0.812651 -0.240625
v 4.046875 0.924294 -0.240625
v 4.016669 0.550524 -0.147657
v 4.125958 0.550524 -0.183168
v 4.095753 0.616147 -0.090199
v 4.205042 0.616147 -0.240625
v 4.125958 0.550524 -0.298082
v 3.949122 0.550524 -0.240625
v 3.918915 0.616147 -0.147656
v 4.016669 0.550524 -0.333592
v 3.918915 0.616147 -0.333592
v 4.095753 0.616147 -0.391050
v 4.223712 0.722328 -0.183168
v 4.223712 0.722328 -0.298082
v 4.046875 0.722328 -0.054687
v 4.156167 0.722328 -0.090198
v 3.870038 0.722328 -0.183168
v 3.937584 0.722328 -0.090198
v 3.937583 0.722328 -0.391051
v 3.870038 0.722328 -0.298082
v 4.156167 0.722328 -0.391051
v 4.046875 0.722328 -0.426562
v 4.174835 0.828508 -0.147657
v 3.997998 0.828508 -0.090199
v 3.888708 0.828508 -0.240625
v 3.997998 0.828508 -0.391050
v 4.174835 0.828508 -0.333592
v 4.077082 0.894131 -0.147657
v 4.144628 0.894131 -0.240625
v 3.967792 0.894131 -0.183168
v 3.967792 0.894131 -0.298082
v 4.077082 0.894131 -0.333592
v 4.484375 0.520361 0.240625
v 4.618920 0.632005 0.338377
v 4.432984 0.632005 0.398793
v 4.318068 0.632005 0.240625
v 4.432984 0.632005 0.082458
v 4.618920 0.632005 0.142874
v 4.535766 0.812651 0.398793
v 4.349829 0.812651 0.338377
v 4.349829 0.812651 0.142874
v 4.535766 0.812651 0.082458
v 4.650683 0.812651 0.240625
v 4.484375 0.924294 0.240625
v 4.454169 0.550524 0.333593
v 4.563459 0.550524 0.298082
v 4.533253 0.616147 0.391051
v 4.642542 0.616147 0.240625
v 4.563459 0.550524 0.183169
v 4.386622 0.550524 0.240625
v 4.356415 0.616147 0.333593
v 4.454168 0.550524 0.147658
v 4.356415 0.616147 0.147658
v 4.533253 0.616147 0.090200
v 4.661212 0.722328 0.298082
v 4.661212 0.722328 0.183169
v 4.484375 0.722328 0.426563
v 4.593667 0.722328 0.391052
v 4.307538 0.722328 0.298082
v 4.375084 0.722328 0.391052
v 4.375084 0.722328 0.090199
v 4.307538 0.722328 0.183169
v 4.593667 0.722328 0.090199
v 4.484375 0.722328 0.054688
v 4.612335 0.828508 0.333593
v 4.435499 0.828508 0.391051
v 4.326208 0.828508 0.240625
v 4.435498 0.828508 0.090200
v 4.612335 0.828508 0.147657
v 4.514581 0.894131 0.333593
v 4.582128 0.894131 0.240625
v 4.405292 0.894131 0.298082
v 4.405292 0.894131 0.183169
v 4.514581 0.894131 0.147658
v 4.046875 0.520361 0.240625
v 4.181420 0.632005 0.338377
v 3.995484 0.632005 0.398793
v 3.880568 0.632005 0.240625
v 3.995484 0.632005 0.082458
v 4.181420 0.632005 0.142874
v 4.098266 0.812651 0.398793
v 3.912330 0.812651 0.338377
v 3.912330 0.812651 0.142874
v 4.098266 0.812651 0.082458
v 4.213182 0.812651 0.240625
v 4.046875 0.924294 0.240625
v 4.016669 0.550524 0.333593
v 4.125958 0.550524 0.298082
v 4.095753 0.616147 0.391051
v 4.205042 0.616147 0.240625
v 4.125958 0.550524 0.183168
v 3.949122 0.550524 0.240625
v 3.918915 0.616147 0.333594
v 4.016669 0.550524 0.147658
v 3.918915 0.616147 0.147658
v 4.095753 0.616147 0.090200
v 4.223712 0.722328 0.298082
v 4.223712 0.722328 0.183169
v 4.046875 0.722328 0.426563
v 4.156167 0.722328 0.391052
v 3.870038 0.722328 0.298082
v 3.937584 0.722328 0.391052
v 3.937584 0.722328 0.090199
v 3.870038 0.722328 0.183168
v 4.156167 0.722328 0.090199
v 4.046875 0.722328 0.054688
v 4.174835 0.828508 0.333593
v 3.997999 0.828508 0.391051
v 3.888708 0.828508 0.240625
v 3.997998 0.828508 0.090200
v 4.174835 0.828508 0.147658
v 4.077082 0.894131 0.333593
v 4.144628 0.894131 0.240625
v 3.967792 0.894131 0.298082
v 3.967792 0.894131 0.183168
v 4.077082 0.894131 0.147658
v 4.265625 0.627284 0.000000
v 4.423915 0.758629 0.115003
v 4.205166 0.758629 0.186080
v 4.069970 0.758630 0.000000
v 4.205166 0.758629 -0.186079
v 4.423915 0.758629 -0.115002
v 4.326085 0.971155 0.186080
v 4.107337 0.971155 0.115003
v 4.107337 0.971155 -0.115002
v 4.326085 0.971155 -0.186079
v 4.461282 0.971154 0.000000
v 4.265625 1.102500 0.000000
v 4.230088 0.662770 0.109374
v 4.358665 0.662770 0.067596
v 4.323128 0.739972 0.176971
v 4.451705 0.739973 0.000000
v 4.358665 0.662770 -0.067596
v 4.150621 0.662771 0.000000
v 4.115083 0.739973 0.109374
v 4.230088 0.662770 -0.109374
v 4.115083 0.739973 -0.109374
v 4.323128 0.739972 -0.176971
v 4.473669 0.864893 0.067597
v 4.473669 0.864893 -0.067597
v 4.265625 0.864893 0.218750
v 4.394203 0.864893 0.176972
v 4.057582 0.864893 0.067597
v 4.137047 0.864893 0.176972
v 4.137047 0.864893 -0.176972
v 4.057582 0.864893 -0.067597
v 4.394203 0.864893 -0.176972
v 4.265625 0.864893 -0.218750
v 4.416167 0.989811 0.109374
v 4.208122 0.989812 0.176971
v 4.079546 0.989811 0.000000
v 4.208122 0.989812 -0.176971
v 4.416167 0.989811 -0.109374
v 4.301162 1.067014 0.109374
v 4.380629 1.067013 0.000000
v 4.172586 1.067014 0.067596
v 4.172585 1.067014 -0.067596
v 4.301162 1.067014 -0.109374
v 4.528125 0.382812 0.038792
v 4.646842 0.476305 0.086252
v 4.482780 0.476305 0.139560
v 4.381383 0.476306 0.000000
v 4.482780 0.476305 -0.139559
v 4.646842 0.476305 -0.086252
v 4.573470 0.635700 0.139560
v 4.409408 0.635700 0.086252
v 4.409408 0.635700 -0.086252
v 4.573470 0.635700 -0.139559
v 4.674867 0.635698 0.000000
v 4.528125 0.734208 0.000000
v 4.501472 0.407315 0.104487
v 4.597904 0.407315 0.073155
v 4.571251 0.462312 0.132729
v 4.667685 0.462314 0.000000
v 4.597904 0.407315 -0.028240
v 4.441873 0.407315 0.022457
v 4.415219 0.462314 0.082032
v 4.501472 0.407315 -0.059573
v 4.415219 0.462314 -0.082031
v 4.571251 0.462312 -0.132728
v 4.684158 0.556002 0.050698
v 4.684158 0.556002 -0.050697
v 4.528125 0.556002 0.164063
v 4.624559 0.556002 0.132729
v 4.372092 0.556002 0.050698
v 4.431692 0.556002 0.132730
v 4.431692 0.556002 -0.132729
v 4.372092 0.556002 -0.050697
v 4.624559 0.556002 -0.132729
v 4.528125 0.556002 -0.164062
v 4.641031 0.649691 0.082032
v 4.484999 0.649692 0.132729
v 4.388566 0.649691 0.000000
v 4.484999 0.649692 -0.132728
v 4.641031 0.649691 -0.082031
v 4.554779 0.707594 0.082031
v 4.614378 0.707594 0.000000
v 4.458345 0.707594 0.050698
v 4.458345 0.707594 -0.050697
v 4.554779 0.707594 -0.082030
v 4.003125 0.382812 0.038792
v 4.121842 0.476305 0.086252
v 3.957780 0.476305 0.139560
v 3.856383 0.476306 0.000000
v 3.957780 0.476305 -0.139559
v 4.121842 0.476305 -0.086252
v 4.048470 0.635700 0.139560
v 3.884408 0.635700 0.086252
v 3.884408 0.635700 -0.086252
v 4.048470 0.635700 -0.139559
v 4.149867 0.635698 0.000000
v 4.003125 0.734208 0.000000
v 3.976473 0.407315 0.104487
v 4.072905 0.407315 0.073155
v 4.046252 0.462312 0.132729
v 4.142684 0.462314 0.000000
v 4.072905 0.407315 -0.028240
v 3.916873 0.407315 0.022457
v 3.890219 0.462314 0.082032
v 3.976473 0.407315 -0.059573
v 3.890219 0.462314 -0.082031
v 4.046252 0.462312 -0.132728
v 4.159158 0.556002 0.050698
v 4.159158 0.556002 -0.050697
v 4.003125 0.556002 0.164063
v 4.099559 0.556002 0.132730
v 3.847092 0.556002 0.050698
v 3.906691 0.556002 0.132730
v 3.906691 0.556002 -0.132728
v 3.847092 0.556002 -0.050697
v 4.099559 0.556002 -0.132729
v 4.003125 0.556002 -0.164062
v 4.116031 0.649691 0.082032
v 3.959998 0.649692 0.132729
v 3.863566 0.649691 0.000000
v 3.959998 0.649692 -0.132728
v 4.116031 0.649691 -0.082031
v 4.029778 0.707594 0.082031
v 4.089378 0.707594 0.000000
v 3.933346 0.707594 0.050698
v 3.933346 0.707594 -0.050697
v 4.029778 0.707594 -0.082030
v 4.265625 0.496600 -0.306250
v 4.384342 0.595109 -0.219998
v 4.220280 0.595109 -0.166690
v 4.118883 0.595110 -0.306250
v 4.220280 0.595109 -0.445809
v 4.384342 0.595109 -0.392502
v 4.310970 0.754503 -0.166690
v 4.146908 0.754503 -0.219998
v 4.146908 0.754503 -0.392502
v 4.310970 0.754503 -0.445809
v 4.412367 0.754502 -0.306250
v 4.265625 0.853011 -0.306250
v 4.238973 0.523215 -0.224219
v 4.335405 0.523215 -0.255552
v 4.308752 0.581116 -0.173521
v 4.405184 0.581117 -0.306250
v 4.335405 0.523215 -0.356947
v 4.179373 0.523215 -0.306250
v 4.152719 0.581117 -0.224218
v 4.238973 0.523215 -0.388280
v 4.152719 0.581117 -0.388281
v 4.308752 0.581116 -0.438978
v 4.421658 0.674807 -0.255552
v 4.421658 0.674807 -0.356947
v 4.265625 0.674807 -0.142187
v 4.362059 0.674807 -0.173520
v 4.109591 0.674807 -0.255552
v 4.169191 0.674807 -0.173520
v 4.169191 0.674807 -0.438979
v 4.109591 0.674807 -0.356947
v 4.362059 0.674807 -0.438979
v 4.265625 0.674807 -0.470312
v 4.378532 0.768495 -0.224218
v 4.222498 0.768496 -0.173521
v 4.126066 0.768495 -0.306250
v 4.222498 0.768496 -0.438978
v 4.378532 0.768495 -0.388281
v 4.292277 0.826397 -0.224219
v 4.351877 0.826397 -0.306250
v 4.195846 0.826397 -0.255552
v 4.195846 0.826397 -0.356947
v 4.292277 0.826397 -0.388280
v 4.265625 0.410156 -0.460687
v 4.372470 0.515857 -0.390685
v 4.224815 0.515857 -0.334712
v 4.133558 0.515857 -0.481250
v 4.224815 0.515857 -0.627787
v 4.372470 0.515857 -0.571814
v 4.306435 0.691190 -0.334712
v 4.158780 0.691190 -0.390685
v 4.158780 0.691190 -0.571814
v 4.306435 0.691190 -0.627787
v 4.397693 0.691190 -0.481250
v 4.265625 0.799550 -0.481250
v 4.241637 0.437108 -0.392524
v 4.328427 0.437108 -0.425424
v 4.304439 0.500465 -0.341885
v 4.391229 0.500466 -0.481250
v 4.328427 0.437108 -0.531887
v 4.187997 0.437108 -0.478655
v 4.164010 0.500466 -0.395117
v 4.241637 0.437108 -0.564787
v 4.164010 0.500466 -0.567381
v 4.304439 0.500465 -0.620614
v 4.406054 0.603524 -0.428018
v 4.406054 0.603524 -0.534481
v 4.265625 0.603524 -0.308984
v 4.352415 0.603524 -0.341884
v 4.125195 0.603524 -0.428018
v 4.178835 0.603524 -0.341884
v 4.178835 0.603524 -0.620615
v 4.125195 0.603524 -0.534481
v 4.352415 0.603524 -0.620615
v 4.265625 0.603524 -0.653515
v 4.367241 0.706581 -0.395117
v 4.226811 0.706582 -0.341885
v 4.140022 0.706581 -0.481250
v 4.226811 0.706582 -0.620614
v 4.367241 0.706581 -0.567381
v 4.289613 0.770275 -0.395118
v 4.343252 0.770275 -0.481250
v 4.202824 0.770275 -0.428018
v 4.202824 0.770275 -0.534481
v 4.289613 0.770275 -0.567381
v 4.182401 0.612139 -0.541406
v 4.020724 0.642429 -0.490000
v 4.190395 0.662483 -0.518757
v 4.021887 0.649751 -0.486705
v 4.192369 0.674917 -0.467863
v 4.022175 0.651560 -0.479303
v 4.186837 0.640079 -0.427051
v 4.021370 0.646493 -0.473366
v 4.177964 0.584201 -0.427051
v 4.020079 0.638365 -0.473366
v 4.172432 0.549363 -0.467863
v 4.019275 0.633299 -0.479303
v 4.174407 0.561796 -0.518757
v 4.019562 0.635107 -0.486705
v 4.348849 0.612139 -0.541406
v 4.510526 0.642429 -0.490000
v 4.356844 0.561796 -0.518757
v 4.511688 0.635107 -0.486705
v 4.358818 0.549363 -0.467863
v 4.511976 0.633299 -0.479303
v 4.353286 0.584201 -0.427051
v 4.511170 0.638365 -0.473366
v 4.344413 0.640079 -0.427051
v 4.509881 0.646493 -0.473366
v 4.338882 0.674917 -0.467863
v 4.509075 0.651560 -0.479303
v 4.340856 0.662483 -0.518757
v 4.509363 0.649751 -0.486705
v 4.189063 0.609464 -0.590625
v 4.208848 0.625883 -0.576249
v 4.181505 0.625883 -0.567365
v 4.164605 0.625883 -0.590625
v 4.181505 0.625883 -0.613884
v 4.208848 0.625883 -0.605000
v 4.196620 0.652447 -0.567365
v 4.169276 0.652447 -0.576249
v 4.169276 0.652447 -0.605000
v 4.196620 0.652447 -0.613884
v 4.213520 0.652447 -0.590625
v 4.189063 0.668865 -0.590625
v 4.342187 0.609464 -0.590625
v 4.361973 0.625883 -0.576249
v 4.334630 0.625883 -0.567365
v 4.317730 0.625883 -0.590625
v 4.334630 0.625883 -0.613884
v 4.361973 0.625883 -0.605000
v 4.349745 0.652447 -0.567365
v 4.322402 0.652447 -0.576249
v 4.322402 0.652447 -0.605000
v 4.349745 0.652447 -0.613884
v 4.366645 0.652447 -0.590625
v 4.342187 0.668865 -0.590625
v 4.265625 0.472839 0.371875
v 4.336855 0.531944 0.423626
v 4.238418 0.531944 0.455611
v 4.177580 0.531945 0.371875
v 4.238418 0.531944 0.288140
v 4.336855 0.531944 0.320125
v 4.292832 0.627582 0.455611
v 4.194396 0.627582 0.423626
v 4.194395 0.627582 0.320125
v 4.292832 0.627582 0.288140
v 4.353671 0.627581 0.371875
v 4.265625 0.686687 0.371875
v 4.249633 0.488808 0.421094
v 4.307493 0.488808 0.402294
v 4.291501 0.523550 0.451512
v 4.349360 0.523550 0.371875
v 4.307493 0.488808 0.341457
v 4.213873 0.488808 0.371875
v 4.197881 0.523550 0.421094
v 4.249633 0.488808 0.322657
v 4.197881 0.523550 0.322657
v 4.291501 0.523550 0.292238
v 4.359244 0.579763 0.402294
v 4.359244 0.579763 0.341457
v 4.265625 0.579763 0.470313
v 4.323485 0.579763 0.451513
v 4.172006 0.579763 0.402294
v 4.207765 0.579763 0.451513
v 4.207765 0.579763 0.292237
v 4.172006 0.579763 0.341457
v 4.323485 0.579763 0.292237
v 4.265625 0.579763 0.273438
v 4.333368 0.635976 0.421094
v 4.239749 0.635976 0.451512
v 4.181890 0.635976 0.371875
v 4.239749 0.635976 0.292238
v 4.333368 0.635976 0.322657
v 4.281617 0.670718 0.421094
v 4.317377 0.670718 0.371875
v 4.223757 0.670718 0.402294
v 4.223757 0.670718 0.341457
v 4.281617 0.670718 0.322657
vn -0.000000 -0.833000 -0.553200
vn -0.000000 0.400500 -0.916300
vn 0.576800 0.446100 -0.684300
vn 0.499800 -0.769900 -0.396700
vn 0.797500 0.592700 -0.113200
vn 0.797500 -0.592700 0.113200
vn 0.499800 0.769900 0.396700
vn 0.576800 -0.446100 0.684300
vn -0.000000 0.833000 0.553200
vn -0.000000 -0.400500 0.916300
vn -0.499800 0.769900 0.396700
vn -0.576800 -0.446100 0.684300
vn -0.797500 0.592700 -0.113200
vn -0.797500 -0.592700 0.113200
vn -0.576800 0.446100 -0.684300
vn -0.499800 -0.769900 -0.396700
vn 0.797500 0.592700 -0.113100
vn 0.000800 -1.000000 0.008100
vn 0.239400 -0.961000 0.138500
vn -0.096100 -0.968400 0.230100
vn 0.854700 -0.273300 0.441400
vn 0.747000 -0.527800 0.404100
vn 0.889700 -0.396600 0.226000
vn -0.275000 -0.961400 0.009700
vn -0.075800 -0.983800 -0.162300
vn 0.207500 -0.972900 -0.101800
vn 0.927400 -0.174100 0.331100
vn -0.406900 -0.164800 0.898500
vn -0.033300 -0.211800 0.976700
vn -0.211800 -0.120100 0.969900
vn -0.903100 -0.429400 -0.004200
vn -0.891600 -0.409800 0.192800
vn -0.973100 -0.205000 0.105100
vn -0.282900 -0.726300 -0.626400
vn -0.476700 -0.729000 -0.491200
vn -0.524900 -0.386800 -0.758200
vn 0.709600 -0.598100 -0.372400
vn 0.504200 -0.717700 -0.480300
vn 0.755300 -0.347100 -0.556000
vn 0.805100 -0.146600 0.574700
vn -0.576400 -0.129100 0.806900
vn -0.960900 -0.250000 -0.119300
vn -0.192400 -0.417700 -0.888000
vn 0.895800 -0.290700 -0.336300
vn 0.352700 0.504100 0.788400
vn 0.584600 0.530400 0.613900
vn 0.283100 0.720100 0.633500
vn -0.797000 0.434700 0.419200
vn -0.616500 0.523700 0.587900
vn -0.670700 0.652300 0.353200
vn -0.797000 0.434700 -0.419200
vn -0.856600 0.467600 -0.218100
vn -0.670700 0.652300 -0.353200
vn 0.352700 0.504100 -0.788400
vn 0.024900 0.577600 -0.815900
vn 0.283100 0.720100 -0.633500
vn 0.915200 0.402900 0.000000
vn 0.865600 0.464300 -0.187300
vn 0.786000 0.618200 0.000000
vn 0.293400 0.956000 0.000000
vn 0.090700 0.974500 -0.205100
vn -0.001000 1.000000 0.000000
vn 0.573300 0.819400 0.000000
vn 0.413300 0.884000 -0.218500
vn 0.685100 0.697300 -0.210800
vn 0.190300 0.883800 -0.427500
vn 0.516100 0.738900 -0.433100
vn 0.759400 0.512700 -0.400600
vn 0.584600 0.530400 -0.613900
vn -0.238000 0.963000 -0.126600
vn -0.163500 0.915900 -0.366500
vn -0.072500 0.788600 -0.610600
vn -0.476300 0.842500 -0.251900
vn -0.416000 0.757200 -0.503600
vn -0.330200 0.584100 -0.741500
vn -0.616500 0.523700 -0.587900
vn -0.238000 0.963000 0.126600
vn -0.500500 0.865700 0.000000
vn -0.715400 0.688300 -0.120400
vn -0.476300 0.842500 0.251900
vn -0.715400 0.688300 0.120400
vn -0.877700 0.479300 0.000000
vn -0.856600 0.467600 0.218100
vn 0.090700 0.974500 0.205100
vn -0.163500 0.915900 0.366500
vn -0.416000 0.757200 0.503600
vn 0.190300 0.883800 0.427500
vn -0.072500 0.788600 0.610600
vn -0.330200 0.584100 0.741500
vn 0.024900 0.577600 0.815900
vn 0.413300 0.884000 0.218500
vn 0.516100 0.738900 0.433100
vn 0.685100 0.697300 0.210800
vn 0.759400 0.512700 0.400600
vn 0.865600 0.464300 0.187300
vn 0.969600 0.217200 -0.112900
vn 0.973300 0.000200 -0.229400
vn 0.908300 0.254400 -0.332100
vn 0.884300 0.008600 -0.466900
vn 0.774600 0.275600 -0.569200
vn 0.705600 -0.000600 -0.708600
vn 0.553000 0.268800 -0.788700
vn 0.201500 0.288200 -0.936100
vn -0.000000 -0.000000 -1.000000
vn -0.194200 0.321400 -0.926800
vn -0.405300 0.010300 -0.914100
vn -0.549600 0.301100 -0.779300
vn -0.705600 0.000600 -0.708700
vn -0.783100 0.246500 -0.570900
vn -0.914400 0.226200 -0.335800
vn -0.973300 -0.000200 -0.229400
vn -0.963100 0.243900 -0.113900
vn -1.000000 0.007800 0.000000
vn -0.963100 0.243900 0.113900
vn -0.973300 -0.000200 0.229400
vn -0.914400 0.226200 0.335800
vn -0.783100 0.246500 0.570900
vn -0.705600 0.000600 0.708600
vn -0.549600 0.301100 0.779300
vn -0.405300 0.010300 0.914100
vn -0.194200 0.321400 0.926800
vn -0.000000 -0.000000 1.000000
vn 0.201500 0.288200 0.936100
vn 0.553000 0.268800 0.788700
vn 0.705600 -0.000600 0.708600
vn 0.774600 0.275600 0.569200
vn 0.884300 0.008600 0.466900
vn 0.908300 0.254400 0.332100
vn 0.973300 0.000200 0.229400
vn 0.969600 0.217200 0.112900
vn 0.405300 -0.010300 -0.914100
vn 0.515900 -0.435900 -0.737500
vn 0.173700 -0.466000 -0.867600
vn 0.252900 -0.790500 -0.557800
vn -0.013800 -0.793100 -0.608900
vn -0.884300 -0.008600 -0.466900
vn -0.733800 -0.390600 -0.555900
vn -0.882100 -0.333800 -0.332400
vn -0.658100 -0.670500 -0.342500
vn -0.809200 -0.560700 -0.175600
vn -0.884300 -0.008600 0.466900
vn -0.925200 -0.193000 0.326700
vn -0.804700 -0.158000 0.572400
vn -0.826400 -0.352900 0.438800
vn -0.662600 -0.265500 0.700300
vn 0.405300 -0.010300 0.914100
vn 0.213800 -0.119000 0.969600
vn 0.577700 -0.133600 0.805200
vn 0.390600 -0.252200 0.885400
vn 0.696800 -0.272900 0.663300
vn 1.000000 -0.007800 0.000000
vn 0.967000 -0.232900 0.102900
vn 0.951300 -0.282000 -0.124200
vn 0.862900 -0.505400 0.002300
vn 0.792800 -0.575900 -0.199400
vn 0.561200 -0.776400 -0.286800
vn 0.399600 -0.894200 -0.201900
vn 0.318700 -0.870300 -0.375500
vn 0.127600 -0.952500 -0.276400
vn 0.052700 -0.900200 -0.432300
vn -0.146300 -0.936900 -0.317400
vn -0.208500 -0.865900 -0.454600
vn -0.409100 -0.849300 -0.333600
vn -0.349500 -0.920400 -0.175300
vn -0.602800 -0.777900 -0.177600
vn -0.546300 -0.837600 0.009300
vn -0.763700 -0.645500 0.007000
vn -0.724900 -0.648700 0.231800
vn -0.441700 -0.862700 0.246500
vn -0.603000 -0.604000 0.521100
vn -0.228300 -0.813200 0.535400
vn -0.352300 -0.465900 0.811700
vn 0.655400 -0.748300 -0.102700
vn 0.728000 -0.672900 0.131100
vn 0.474100 -0.880400 0.009700
vn 0.516700 -0.806500 0.287200
vn 0.092300 -0.586800 0.804400
vn 0.190800 -0.873400 0.448000
vn 0.502800 -0.594700 0.627300
vn -0.000000 -1.000000 0.000000
vn 0.446000 -0.834300 0.324000
vn -0.170400 -0.834300 0.524300
vn 0.732900 -0.423400 0.532500
vn 0.865100 -0.501700 0.000000
vn -0.551300 -0.834300 0.000000
vn -0.170400 -0.834300 -0.524300
vn 0.446000 -0.834300 -0.324000
vn 0.951100 -0.000000 0.309000
vn -0.279900 -0.423400 0.861600
vn 0.267300 -0.501700 0.822700
vn -0.905900 -0.423400 0.000000
vn -0.699800 -0.501700 0.508500
vn -0.951100 -0.000000 0.309000
vn -0.279900 -0.423400 -0.861600
vn -0.699800 -0.501700 -0.508500
vn -0.587800 -0.000000 -0.809000
vn 0.732900 -0.423400 -0.532500
vn 0.267300 -0.501700 -0.822700
vn 0.587800 -0.000000 -0.809000
vn 0.587800 -0.000000 0.809000
vn -0.587800 -0.000000 0.809000
vn -0.951100 -0.000000 -0.309000
vn 0.951100 -0.000000 -0.309000
vn 0.279900 0.423400 0.861600
vn 0.699800 0.501700 0.508500
vn 0.170400 0.834300 0.524300
vn -0.732900 0.423400 0.532500
vn -0.267300 0.501700 0.822700
vn -0.446000 0.834300 0.324000
vn -0.732900 0.423400 -0.532500
vn -0.865100 0.501700 0.000000
vn -0.446000 0.834300 -0.324000
vn 0.279900 0.423400 -0.861600
vn -0.267300 0.501700 -0.822700
vn 0.170400 0.834300 -0.524300
vn 0.905900 0.423400 0.000000
vn 0.699800 0.501700 -0.508500
vn 0.551300 0.834300 0.000000
vn -0.000000 1.000000 0.000000
vn 0.000200 -0.997700 0.067500
vn 0.467600 -0.795200 0.386000
vn -0.185200 -0.762400 0.620000
vn 0.750500 -0.389900 0.533600
vn 0.857400 -0.514400 -0.016800
vn -0.539800 -0.840900 0.040200
vn -0.147000 -0.895000 -0.421100
vn 0.404400 -0.877000 -0.259300
vn -0.292800 -0.357100 0.887000
vn 0.285000 -0.427200 0.858000
vn -0.901700 -0.432300 -0.008500
vn -0.724600 -0.465700 0.508100
vn -0.269200 -0.482300 -0.833600
vn -0.668100 -0.550400 -0.500700
vn 0.713100 -0.465400 -0.524300
vn 0.250100 -0.568000 -0.784100
vn -0.000400 -0.997300 0.073500
vn 0.507900 -0.795800 0.329800
vn -0.199700 -0.808200 0.554000
vn 0.779800 -0.377200 0.499600
vn 0.895900 -0.444200 -0.001900
vn -0.603100 -0.797700 -0.001600
vn -0.185800 -0.840100 -0.509700
vn 0.481700 -0.818900 -0.312200
vn 0.961100 0.000800 0.276000
vn -0.315600 -0.399000 0.860900
vn 0.303200 -0.476500 0.825200
vn -0.929900 -0.367900 -0.001000
vn -0.750900 -0.453600 0.480000
vn -0.961100 -0.000800 0.276000
vn -0.313300 -0.412100 -0.855600
vn -0.744600 -0.463900 -0.480000
vn -0.633100 0.001500 -0.774000
vn 0.776100 -0.385800 -0.498900
vn 0.298700 -0.492300 -0.817500
vn 0.633100 -0.001500 -0.774000
vn 0.633100 -0.001500 0.774000
vn -0.633100 0.001500 0.774000
vn -0.961100 -0.000800 -0.276000
vn 0.961100 0.000800 -0.276000
vn 0.314500 0.405000 0.858500
vn 0.748200 0.457700 0.480300
vn 0.193700 0.821400 0.536500
vn -0.778200 0.380800 0.499400
vn -0.301100 0.483500 0.821900
vn -0.499900 0.802400 0.326000
vn -0.778200 0.380800 -0.499400
vn -0.896500 0.443000 0.000000
vn -0.499900 0.802400 -0.326000
vn 0.314500 0.405000 -0.858500
vn -0.301100 0.483500 -0.821900
vn 0.193700 0.821400 -0.536500
vn 0.930200 0.367100 0.000000
vn 0.748200 0.457700 -0.480300
vn 0.612200 0.790700 0.000000
vn -0.000400 1.000000 0.000000
vn 0.502500 -0.085100 -0.860400
vn -0.726200 0.120600 -0.676800
vn -0.637700 0.632100 -0.440200
vn 0.603600 0.573800 -0.553500
vn -0.613100 0.773500 0.160600
vn 0.627400 0.752300 0.200900
vn -0.678700 0.396100 0.618500
vn 0.560000 0.271700 0.782700
vn -0.773100 -0.153300 0.615400
vn 0.438400 -0.441300 0.783000
vn -0.836400 -0.524500 0.159000
vn 0.343100 -0.917600 0.200800
vn -0.812800 -0.385800 -0.436500
vn 0.379500 -0.741300 -0.553500
vn -0.502500 -0.085100 -0.860400
vn 0.726200 0.120600 -0.676800
vn 0.812800 -0.385800 -0.436500
vn -0.379500 -0.741300 -0.553600
vn 0.836400 -0.524500 0.159000
vn -0.343200 -0.917600 0.200800
vn 0.773100 -0.153300 0.615500
vn -0.438400 -0.441300 0.783000
vn 0.678700 0.396100 0.618500
vn -0.560000 0.271700 0.782700
vn 0.613100 0.773500 0.160600
vn -0.627400 0.752400 0.200900
vn 0.637800 0.632100 -0.440200
vn -0.603600 0.573800 -0.553500
vn 0.727700 -0.436900 0.528700
vn -0.278000 -0.436900 0.855500
vn 0.727700 -0.436900 -0.528700
vn -0.899500 -0.436900 0.000000
vn -0.278000 -0.436900 -0.855500
vn 0.899500 0.436900 0.000000
vn 0.278000 0.436900 0.855500
vn -0.727700 0.436900 0.528700
vn -0.727700 0.436900 -0.528700
vn 0.278000 0.436900 -0.855500
vt 0.924425 0.626616
vt 0.924425 0.526183
vt 0.932964 0.526180
vt 0.932964 0.626613
vt 0.273741 0.602115
vt 0.273741 0.501673
vt 0.280141 0.501693
vt 0.280141 0.602135
vt 0.288666 0.501691
vt 0.288666 0.602133
vt 0.962052 0.112935
vt 0.962052 0.012504
vt 0.967927 0.012598
vt 0.967927 0.113030
vt 0.976465 0.012602
vt 0.976465 0.113033
vt 0.123381 0.653382
vt 0.123381 0.552940
vt 0.129780 0.552921
vt 0.129780 0.653363
vt 0.470406 0.949728
vt 0.476446 0.955768
vt 0.476445 0.964309
vt 0.470406 0.970349
vt 0.461864 0.970349
vt 0.455824 0.964309
vt 0.455825 0.955768
vt 0.461864 0.949728
vt 0.138306 0.552922
vt 0.138306 0.653365
vt 0.918545 0.626700
vt 0.918545 0.526266
vt 0.501454 0.964309
vt 0.501454 0.955768
vt 0.507494 0.949728
vt 0.516035 0.949728
vt 0.522075 0.955768
vt 0.522075 0.964309
vt 0.516035 0.970349
vt 0.507493 0.970349
vt 0.924425 0.877614
vt 0.924425 0.777181
vt 0.932964 0.777178
vt 0.932964 0.877611
vt 0.273741 0.727585
vt 0.273741 0.627143
vt 0.280141 0.627163
vt 0.280141 0.727605
vt 0.288666 0.627161
vt 0.288666 0.727603
vt 0.957972 0.626602
vt 0.957972 0.526171
vt 0.963847 0.526265
vt 0.963847 0.626696
vt 0.972386 0.526269
vt 0.972386 0.626700
vt 0.123381 0.527913
vt 0.123381 0.427471
vt 0.129780 0.427451
vt 0.129780 0.527893
vt 0.758468 0.950913
vt 0.764508 0.956952
vt 0.764508 0.965494
vt 0.758468 0.971534
vt 0.749926 0.971534
vt 0.743887 0.965494
vt 0.743887 0.956953
vt 0.749926 0.950913
vt 0.138306 0.427453
vt 0.138306 0.527895
vt 0.918545 0.877698
vt 0.918545 0.777264
vt 0.547083 0.964309
vt 0.547083 0.955768
vt 0.553123 0.949728
vt 0.561664 0.949728
vt 0.567704 0.955768
vt 0.567704 0.964309
vt 0.561664 0.970349
vt 0.553122 0.970349
vt 0.930225 0.363131
vt 0.930225 0.262697
vt 0.938764 0.262694
vt 0.938764 0.363128
vt 0.123381 0.778832
vt 0.123381 0.678390
vt 0.129780 0.678410
vt 0.129780 0.778852
vt 0.138306 0.678408
vt 0.138306 0.778850
vt 0.957972 0.877609
vt 0.957972 0.777178
vt 0.963847 0.777272
vt 0.963847 0.877703
vt 0.972386 0.777275
vt 0.972386 0.877707
vt 0.884412 0.363156
vt 0.884412 0.262714
vt 0.890812 0.262694
vt 0.890812 0.363136
vt 0.407920 0.947180
vt 0.413959 0.953220
vt 0.413959 0.961761
vt 0.407920 0.967801
vt 0.399378 0.967802
vt 0.393338 0.961762
vt 0.393338 0.953220
vt 0.399378 0.947180
vt 0.899337 0.262696
vt 0.899337 0.363138
vt 0.924345 0.363215
vt 0.924345 0.262781
vt 0.592712 0.964309
vt 0.592712 0.955768
vt 0.598752 0.949728
vt 0.607293 0.949728
vt 0.613333 0.955768
vt 0.613333 0.964309
vt 0.607293 0.970349
vt 0.598751 0.970349
vt 0.930338 0.497988
vt 0.930338 0.397554
vt 0.938877 0.397551
vt 0.938877 0.497985
vt 0.123381 0.904302
vt 0.123381 0.803860
vt 0.129780 0.803880
vt 0.129780 0.904322
vt 0.138306 0.803878
vt 0.138306 0.904320
vt 0.963772 0.363125
vt 0.963772 0.262694
vt 0.969647 0.262789
vt 0.969647 0.363220
vt 0.978185 0.262792
vt 0.978185 0.363223
vt 0.918545 0.752170
vt 0.918545 0.651728
vt 0.924945 0.651708
vt 0.924945 0.752150
vt 0.666396 0.948653
vt 0.672436 0.954693
vt 0.672436 0.963235
vt 0.666396 0.969275
vt 0.657854 0.969275
vt 0.651815 0.963235
vt 0.651815 0.954693
vt 0.657855 0.948653
vt 0.933471 0.651710
vt 0.933471 0.752152
vt 0.924458 0.498071
vt 0.924458 0.397638
vt 0.697444 0.963235
vt 0.697444 0.954693
vt 0.703484 0.948654
vt 0.712025 0.948654
vt 0.718065 0.954693
vt 0.718065 0.963235
vt 0.712025 0.969275
vt 0.703483 0.969275
vt 0.082487 0.124872
vt 0.105204 0.140356
vt 0.081417 0.157398
vt 0.366480 0.155010
vt 0.345578 0.148132
vt 0.360983 0.123317
vt 0.059126 0.129462
vt 0.069138 0.095155
vt 0.097615 0.101888
vt 0.385971 0.140363
vt 0.408284 0.381718
vt 0.387518 0.391012
vt 0.388860 0.365574
vt 0.292305 0.405505
vt 0.297832 0.433551
vt 0.272768 0.425952
vt 0.292442 0.279607
vt 0.297870 0.302853
vt 0.272859 0.282820
vt 0.114982 0.381589
vt 0.089395 0.382285
vt 0.107179 0.360050
vt 0.386009 0.175714
vt 0.417635 0.360254
vt 0.272744 0.388873
vt 0.272944 0.262700
vt 0.134601 0.365419
vt 0.291367 0.018829
vt 0.307266 0.040093
vt 0.283989 0.035407
vt 0.447426 0.283555
vt 0.421833 0.282883
vt 0.438273 0.263723
vt 0.203229 0.334160
vt 0.197732 0.365853
vt 0.182327 0.341037
vt 0.075839 0.283469
vt 0.055069 0.274163
vt 0.083007 0.263739
vt 0.455556 0.083664
vt 0.461083 0.055618
vt 0.476550 0.088001
vt 0.267435 0.128970
vt 0.245135 0.156897
vt 0.244082 0.124336
vt 0.292916 0.134070
vt 0.270920 0.165284
vt 0.313989 0.138341
vt 0.296537 0.170441
vt 0.246236 0.192531
vt 0.271996 0.201176
vt 0.247091 0.222124
vt 0.483193 0.058539
vt 0.463486 0.027227
vt 0.294963 0.202340
vt 0.130914 0.286051
vt 0.101628 0.282765
vt 0.112573 0.262709
vt 0.270368 0.226810
vt 0.221354 0.139846
vt 0.220206 0.177253
vt 0.221282 0.213145
vt 0.196454 0.156838
vt 0.195110 0.194380
vt 0.175746 0.170970
vt 0.224287 0.237686
vt 0.198500 0.225108
vt 0.176724 0.203584
vt 0.175814 0.315191
vt 0.197794 0.308654
vt 0.228955 0.101381
vt 0.202400 0.116156
vt 0.177304 0.133283
vt 0.212366 0.076318
vt 0.185669 0.090951
vt 0.198550 0.055574
vt 0.175746 0.378139
vt 0.195409 0.404100
vt 0.175772 0.418945
vt 0.197779 0.440011
vt 0.175746 0.071136
vt 0.203314 0.466212
vt 0.182398 0.452274
vt 0.257434 0.094658
vt 0.242107 0.066427
vt 0.225377 0.041221
vt 0.271982 0.062246
vt 0.256719 0.033823
vt 0.211827 0.025948
vt 0.391727 0.286150
vt 0.408283 0.262694
vt 0.240159 0.014302
vt 0.364284 0.293523
vt 0.376616 0.268549
vt 0.268786 0.012504
vt 0.284455 0.096789
vt 0.299067 0.064185
vt 0.310072 0.101946
vt 0.461121 0.186316
vt 0.463406 0.152817
vt 0.483193 0.163470
vt 0.483150 0.124566
vt 0.461045 0.115614
vt 0.436019 0.063217
vt 0.411018 0.043133
vt 0.438587 0.031264
vt 0.386042 0.029125
vt 0.411087 0.012504
vt 0.127079 0.338379
vt 0.114983 0.308058
vt 0.145161 0.313967
vt 0.096519 0.332485
vt 0.085197 0.304947
vt 0.056422 0.299631
vt 0.036283 0.321357
vt 0.032076 0.292742
vt 0.020854 0.344102
vt 0.012504 0.317212
vt 0.033451 0.268045
vt 0.247878 0.267979
vt 0.220309 0.284836
vt 0.220403 0.262694
vt 0.195538 0.284365
vt 0.247797 0.294416
vt 0.222758 0.313455
vt 0.222720 0.348807
vt 0.247717 0.368418
vt 0.220200 0.386689
vt 0.247726 0.408736
vt 0.220226 0.427496
vt 0.247767 0.446036
vt 0.222791 0.460044
vt 0.439617 0.305127
vt 0.428954 0.332713
vt 0.409761 0.308260
vt 0.397666 0.338594
vt 0.378094 0.314114
vt 0.368720 0.343849
vt 0.353293 0.321086
vt 0.344949 0.302500
vt 0.436110 0.206350
vt 0.455693 0.209562
vt 0.411048 0.194753
vt 0.438561 0.177001
vt 0.410992 0.160144
vt 0.438518 0.138097
vt 0.410968 0.120752
vt 0.435995 0.100296
vt 0.065233 0.326620
vt 0.077328 0.356941
vt 0.045661 0.351091
vt 0.059291 0.379031
vt 0.031845 0.371653
vt 0.012504 0.362656
vt 0.247742 0.329025
vt 0.275310 0.312168
vt 0.275268 0.351072
vt 0.300155 0.336353
vt 0.297794 0.373555
vt 0.467049 0.299714
vt 0.247836 0.476665
vt 0.275336 0.457906
vt 0.459522 0.326783
vt 0.477616 0.351159
vt 0.447426 0.357117
vt 0.300235 0.461943
vt 0.463370 0.379081
vt 0.434076 0.382404
vt 0.436195 0.226469
vt 0.344949 0.347964
vt 0.364521 0.372444
vt 0.411129 0.221191
vt 0.383654 0.226475
vt 0.383560 0.204333
vt 0.365909 0.397099
vt 0.358789 0.204804
vt 0.361045 0.180515
vt 0.410977 0.080433
vt 0.383451 0.102480
vt 0.383477 0.061673
vt 0.358660 0.085069
vt 0.361030 0.049158
vt 0.366565 0.022957
vt 0.105825 0.401396
vt 0.114188 0.076707
vt 0.101162 0.041471
vt 0.127971 0.055764
vt 0.084459 0.066851
vt 0.114671 0.025970
vt 0.075839 0.402443
vt 0.069822 0.034062
vt 0.086348 0.014338
vt 0.057716 0.012504
vt 0.054576 0.062614
vt 0.042538 0.035566
vt 0.035122 0.018762
vt 0.019227 0.040078
vt 0.027464 0.064408
vt 0.042101 0.097198
vt 0.319941 0.325699
vt 0.016446 0.102164
vt 0.319899 0.364603
vt 0.033619 0.134429
vt 0.012504 0.138488
vt 0.313299 0.401168
vt 0.029960 0.170663
vt 0.055614 0.165697
vt 0.319941 0.430630
vt 0.054491 0.201407
vt 0.031482 0.202353
vt 0.445036 0.402413
vt 0.080280 0.192907
vt 0.079376 0.222294
vt 0.056065 0.226807
vt 0.415463 0.401413
vt 0.345649 0.036895
vt 0.339023 0.070224
vt 0.338997 0.111030
vt 0.150738 0.071170
vt 0.140854 0.091216
vt 0.149206 0.133550
vt 0.124151 0.116596
vt 0.150738 0.171168
vt 0.130074 0.157232
vt 0.105201 0.213395
vt 0.106324 0.177685
vt 0.102143 0.237701
vt 0.127938 0.225157
vt 0.131380 0.194640
vt 0.149718 0.203616
vt 0.339065 0.173979
vt 0.216245 0.542106
vt 0.223902 0.518368
vt 0.241132 0.542083
vt 0.567381 0.712850
vt 0.547896 0.716092
vt 0.553419 0.691144
vt 0.223902 0.565798
vt 0.196023 0.556740
vt 0.196024 0.527427
vt 0.581186 0.692033
vt 0.055047 0.714772
vt 0.037591 0.729484
vt 0.031358 0.704346
vt 0.222986 0.668362
vt 0.218457 0.687446
vt 0.197583 0.672989
vt 0.242785 0.624980
vt 0.236988 0.646599
vt 0.220674 0.622245
vt 0.218201 0.777303
vt 0.194547 0.767270
vt 0.219554 0.753170
vt 0.592824 0.717533
vt 0.056315 0.689281
vt 0.209035 0.647744
vt 0.175746 0.751658
vt 0.175831 0.727032
vt 0.194599 0.738096
vt 0.241162 0.766496
vt 0.565770 0.442833
vt 0.587610 0.429372
vt 0.579850 0.452985
vt 0.054963 0.665129
vt 0.031309 0.675166
vt 0.037461 0.653093
vt 0.195230 0.626927
vt 0.181269 0.648634
vt 0.175746 0.623685
vt 0.218290 0.727670
vt 0.200838 0.712932
vt 0.229648 0.712454
vt 0.613201 0.427421
vt 0.632720 0.444027
vt 0.607729 0.443926
vt 0.624959 0.467641
vt 0.599998 0.467595
vt 0.241215 0.737322
vt 0.607729 0.491356
vt 0.632720 0.491457
vt 0.613201 0.508114
vt 0.579850 0.482299
vt 0.587610 0.506115
vt 0.565770 0.492704
vt 0.559731 0.467744
vt 0.012504 0.690759
vt 0.012504 0.668157
vt 0.609138 0.693178
vt 0.595136 0.671416
vt 0.614960 0.668641
vt 0.569733 0.666789
vt 0.590607 0.652332
vt 0.200099 0.607376
vt 0.175746 0.669876
vt 0.614936 0.714798
vt 0.077922 0.675929
vt 0.077972 0.705109
vt 0.012584 0.715370
vt 0.572250 0.732402
vt 0.547896 0.669902
vt 0.200700 0.789310
vt 0.175746 0.542033
vt 0.175746 0.774236
vt 0.203625 0.580406
vt 0.181746 0.566957
vt 0.242810 0.671136
vt 0.248733 0.565748
vt 0.229176 0.582368
vt 0.066399 0.729956
vt 0.203625 0.503661
vt 0.181747 0.517085
vt 0.248733 0.518317
vt 0.229176 0.501673
vt 0.496323 0.587062
vt 0.503980 0.563324
vt 0.521210 0.587039
vt 0.677212 0.487940
vt 0.657728 0.491182
vt 0.663250 0.466233
vt 0.503981 0.610755
vt 0.476102 0.601696
vt 0.476102 0.572383
vt 0.691017 0.467123
vt 0.750769 0.074184
vt 0.733312 0.088896
vt 0.727080 0.063757
vt 0.392189 0.714052
vt 0.387660 0.733136
vt 0.366786 0.718679
vt 0.411989 0.670670
vt 0.406191 0.692289
vt 0.389877 0.667935
vt 0.786341 0.611479
vt 0.762687 0.601445
vt 0.787694 0.587345
vt 0.702655 0.492622
vt 0.752036 0.048692
vt 0.378239 0.693434
vt 0.743886 0.585834
vt 0.743971 0.561208
vt 0.762740 0.572271
vt 0.809303 0.600671
vt 0.612569 0.278107
vt 0.634409 0.264645
vt 0.626649 0.288259
vt 0.750684 0.024541
vt 0.727030 0.034578
vt 0.733182 0.012504
vt 0.364433 0.672617
vt 0.350472 0.694324
vt 0.344949 0.669375
vt 0.786431 0.561845
vt 0.768978 0.547108
vt 0.797788 0.546629
vt 0.660000 0.262694
vt 0.679519 0.279301
vt 0.654528 0.279200
vt 0.671758 0.302914
vt 0.646798 0.302868
vt 0.809355 0.571497
vt 0.654528 0.326630
vt 0.679519 0.326731
vt 0.660000 0.343387
vt 0.626649 0.317572
vt 0.634410 0.341389
vt 0.612570 0.327978
vt 0.606530 0.303018
vt 0.708225 0.050171
vt 0.708225 0.027569
vt 0.718969 0.468267
vt 0.704967 0.446505
vt 0.724792 0.443730
vt 0.679565 0.441878
vt 0.700438 0.427421
vt 0.369302 0.653066
vt 0.344949 0.715566
vt 0.724767 0.489887
vt 0.773643 0.035341
vt 0.773693 0.064520
vt 0.708306 0.074782
vt 0.682081 0.507491
vt 0.657728 0.444991
vt 0.768841 0.623485
vt 0.455824 0.586990
vt 0.743886 0.608412
vt 0.483703 0.625362
vt 0.461825 0.611913
vt 0.412013 0.716826
vt 0.528812 0.610704
vt 0.509255 0.627324
vt 0.762121 0.089367
vt 0.483703 0.548617
vt 0.461825 0.562041
vt 0.528812 0.563273
vt 0.509255 0.546629
vt 0.385448 0.587796
vt 0.393105 0.564058
vt 0.410335 0.587773
vt 0.671299 0.712226
vt 0.651815 0.715469
vt 0.657337 0.690520
vt 0.393105 0.611489
vt 0.365227 0.602430
vt 0.365227 0.573117
vt 0.685104 0.691410
vt 0.744846 0.199966
vt 0.727389 0.214679
vt 0.721157 0.189540
vt 0.503064 0.713318
vt 0.498535 0.732402
vt 0.477661 0.717945
vt 0.522864 0.669936
vt 0.517066 0.691556
vt 0.500752 0.667201
vt 0.786341 0.716557
vt 0.762687 0.706524
vt 0.787694 0.692424
vt 0.696742 0.716909
vt 0.746113 0.174475
vt 0.489114 0.692700
vt 0.743886 0.690912
vt 0.743971 0.666286
vt 0.762740 0.677350
vt 0.809303 0.705750
vt 0.616268 0.027916
vt 0.638108 0.014455
vt 0.630348 0.038069
vt 0.744761 0.150324
vt 0.721107 0.160361
vt 0.727259 0.138287
vt 0.475309 0.671883
vt 0.461347 0.693590
vt 0.455824 0.668641
vt 0.786431 0.666923
vt 0.768978 0.652186
vt 0.797788 0.651708
vt 0.663699 0.012504
vt 0.683217 0.029110
vt 0.658227 0.029009
vt 0.675457 0.052724
vt 0.650496 0.052678
vt 0.809355 0.676576
vt 0.658227 0.076439
vt 0.683218 0.076541
vt 0.663699 0.093197
vt 0.630348 0.067382
vt 0.638108 0.091198
vt 0.616268 0.077787
vt 0.610229 0.052828
vt 0.702302 0.175954
vt 0.702302 0.153352
vt 0.713056 0.692554
vt 0.699054 0.670792
vt 0.718879 0.668017
vt 0.673652 0.666165
vt 0.694526 0.651708
vt 0.480178 0.652332
vt 0.455824 0.714832
vt 0.718854 0.714174
vt 0.767721 0.161124
vt 0.767770 0.190303
vt 0.702383 0.200564
vt 0.676168 0.731778
vt 0.651815 0.669278
vt 0.768841 0.728564
vt 0.344949 0.587723
vt 0.743886 0.713490
vt 0.372828 0.626096
vt 0.350949 0.612647
vt 0.522889 0.716093
vt 0.417936 0.611438
vt 0.398380 0.628058
vt 0.756198 0.215150
vt 0.372828 0.549351
vt 0.350950 0.562775
vt 0.417936 0.564007
vt 0.398380 0.547363
vt 0.594318 0.587062
vt 0.601976 0.563324
vt 0.619205 0.587039
vt 0.629715 0.198806
vt 0.610230 0.202048
vt 0.615753 0.177099
vt 0.601976 0.610755
vt 0.574097 0.601696
vt 0.574097 0.572383
vt 0.643520 0.177989
vt 0.747070 0.324374
vt 0.729614 0.339086
vt 0.723381 0.313947
vt 0.699054 0.607616
vt 0.694526 0.626700
vt 0.673652 0.612243
vt 0.718854 0.564233
vt 0.713056 0.585853
vt 0.696742 0.561498
vt 0.792254 0.492270
vt 0.768600 0.482237
vt 0.793607 0.468137
vt 0.655158 0.203488
vt 0.748338 0.298882
vt 0.685104 0.586998
vt 0.749799 0.466625
vt 0.749884 0.441999
vt 0.768653 0.453063
vt 0.815216 0.481463
vt 0.018543 0.562804
vt 0.040383 0.549343
vt 0.032623 0.572956
vt 0.746986 0.274731
vt 0.723331 0.284768
vt 0.729483 0.262694
vt 0.671299 0.566181
vt 0.657337 0.587888
vt 0.651815 0.562939
vt 0.792344 0.442636
vt 0.774891 0.427899
vt 0.803701 0.427421
vt 0.065974 0.547392
vt 0.085492 0.563998
vt 0.060502 0.563897
vt 0.077732 0.587612
vt 0.052771 0.587566
vt 0.815268 0.452289
vt 0.060502 0.611327
vt 0.085492 0.611428
vt 0.065974 0.628085
vt 0.032623 0.602270
vt 0.040383 0.626086
vt 0.018543 0.612675
vt 0.012504 0.587715
vt 0.704527 0.300361
vt 0.704527 0.277759
vt 0.671472 0.179134
vt 0.657470 0.157371
vt 0.677295 0.154597
vt 0.632067 0.152744
vt 0.652941 0.138287
vt 0.676168 0.546629
vt 0.651815 0.609130
vt 0.677270 0.200753
vt 0.769945 0.285531
vt 0.769994 0.314710
vt 0.704607 0.324972
vt 0.634584 0.218358
vt 0.610230 0.155857
vt 0.774754 0.504277
vt 0.553819 0.586990
vt 0.749799 0.489203
vt 0.581698 0.625362
vt 0.559820 0.611913
vt 0.718879 0.610390
vt 0.626807 0.610704
vt 0.607250 0.627324
vt 0.758422 0.339557
vt 0.581698 0.548617
vt 0.559820 0.562041
vt 0.626807 0.563273
vt 0.607250 0.546629
vt 0.392595 0.474989
vt 0.401603 0.447061
vt 0.421874 0.474961
vt 0.478747 0.498619
vt 0.455824 0.502434
vt 0.462322 0.473082
vt 0.401604 0.502862
vt 0.368805 0.492206
vt 0.368805 0.457719
vt 0.494989 0.474129
vt 0.558251 0.085068
vt 0.537714 0.102377
vt 0.530382 0.072802
vt 0.558200 0.334443
vt 0.552872 0.356895
vt 0.528314 0.339886
vt 0.581494 0.283405
vt 0.574673 0.308840
vt 0.555480 0.280187
vt 0.558147 0.204232
vt 0.530319 0.192428
vt 0.559739 0.175840
vt 0.508680 0.504128
vt 0.559743 0.055078
vt 0.541788 0.310187
vt 0.508200 0.174062
vt 0.508300 0.145090
vt 0.530381 0.158106
vt 0.585161 0.191518
vt 0.019608 0.445583
vt 0.045303 0.429746
vt 0.036173 0.457527
vt 0.558152 0.026665
vt 0.530323 0.038473
vt 0.537561 0.012504
vt 0.525546 0.285696
vt 0.509121 0.311234
vt 0.502624 0.281882
vt 0.558252 0.145840
vt 0.537720 0.128501
vt 0.571614 0.127939
vt 0.075410 0.427451
vt 0.098373 0.446988
vt 0.068972 0.446869
vt 0.089243 0.474768
vt 0.059877 0.474714
vt 0.585223 0.157196
vt 0.068972 0.502669
vt 0.098373 0.502788
vt 0.075409 0.522384
vt 0.036173 0.492013
vt 0.045303 0.520032
vt 0.019609 0.504255
vt 0.012504 0.474890
vt 0.508200 0.056818
vt 0.508200 0.030227
vt 0.527874 0.475476
vt 0.511401 0.449873
vt 0.534723 0.446609
vt 0.481515 0.444430
vt 0.506073 0.427421
vt 0.531274 0.262694
vt 0.502624 0.336224
vt 0.534694 0.500911
vt 0.585163 0.039371
vt 0.585221 0.073699
vt 0.508295 0.085772
vt 0.484475 0.521622
vt 0.455824 0.448092
vt 0.537558 0.218358
vt 0.344949 0.474903
vt 0.508200 0.200624
vt 0.377748 0.520047
vt 0.352008 0.504225
vt 0.581523 0.337707
vt 0.430817 0.502803
vt 0.407809 0.522355
vt 0.571607 0.102931
vt 0.377748 0.429759
vt 0.352009 0.445553
vt 0.430817 0.447001
vt 0.407809 0.427421
vt 0.687549 0.792463
vt 0.694305 0.771517
vt 0.709508 0.792442
vt 0.277120 0.867716
vt 0.259928 0.870577
vt 0.264801 0.848563
vt 0.694305 0.813367
vt 0.669706 0.805375
vt 0.669707 0.779510
vt 0.289301 0.849349
vt 0.867691 0.908399
vt 0.852288 0.921380
vt 0.846789 0.899199
vt 0.876045 0.600441
vt 0.872050 0.617280
vt 0.853631 0.604523
vt 0.893516 0.562163
vt 0.888400 0.581239
vt 0.874005 0.559749
vt 0.049964 0.916696
vt 0.029093 0.907843
vt 0.051158 0.895402
vt 0.299570 0.871848
vt 0.868809 0.885906
vt 0.863736 0.582249
vt 0.012504 0.894068
vt 0.012579 0.872339
vt 0.029139 0.882102
vt 0.070224 0.907160
vt 0.798106 0.151886
vt 0.817377 0.140008
vt 0.810530 0.160844
vt 0.867616 0.864596
vt 0.846745 0.873452
vt 0.852173 0.853976
vt 0.851555 0.563881
vt 0.839236 0.583034
vt 0.834363 0.561020
vt 0.050043 0.872902
vt 0.034644 0.859898
vt 0.060064 0.859476
vt 0.839957 0.138287
vt 0.857180 0.152940
vt 0.835129 0.152850
vt 0.850332 0.173775
vt 0.828308 0.173734
vt 0.070271 0.881419
vt 0.835129 0.194700
vt 0.857180 0.194790
vt 0.839957 0.209487
vt 0.810530 0.186709
vt 0.817377 0.207723
vt 0.798107 0.195890
vt 0.792778 0.173867
vt 0.830152 0.887211
vt 0.830152 0.867268
vt 0.313965 0.850359
vt 0.301610 0.831157
vt 0.319102 0.828708
vt 0.279196 0.827074
vt 0.297614 0.814318
vt 0.855851 0.546629
vt 0.834363 0.601777
vt 0.319080 0.869435
vt 0.887874 0.874126
vt 0.887918 0.899872
vt 0.830223 0.908926
vt 0.281416 0.884968
vt 0.259928 0.829821
vt 0.034522 0.927290
vt 0.651815 0.792398
vt 0.012504 0.913990
vt 0.676413 0.826256
vt 0.657109 0.814390
vt 0.893538 0.602889
vt 0.716215 0.813323
vt 0.698959 0.827987
vt 0.877707 0.921796
vt 0.676413 0.758540
vt 0.657109 0.770385
vt 0.716215 0.771472
vt 0.698959 0.756786
vt 0.491559 0.793086
vt 0.498315 0.772141
vt 0.513518 0.793065
vt 0.851555 0.705107
vt 0.834363 0.707968
vt 0.839236 0.685954
vt 0.498315 0.813991
vt 0.473716 0.805999
vt 0.473717 0.780134
vt 0.863736 0.686739
vt 0.382488 0.908775
vt 0.367085 0.921756
vt 0.361585 0.899575
vt 0.881958 0.481232
vt 0.877962 0.498071
vt 0.859544 0.485315
vt 0.899429 0.442954
vt 0.894313 0.462030
vt 0.879918 0.440541
vt 0.916737 0.069724
vt 0.895866 0.060871
vt 0.917931 0.048430
vt 0.874005 0.709239
vt 0.383606 0.886282
vt 0.869649 0.463040
vt 0.879277 0.047096
vt 0.879352 0.025367
vt 0.895912 0.035129
vt 0.936997 0.060188
vt 0.800331 0.276294
vt 0.819602 0.264416
vt 0.812754 0.285251
vt 0.382413 0.864972
vt 0.361542 0.873828
vt 0.366970 0.854352
vt 0.857468 0.444672
vt 0.845149 0.463825
vt 0.840276 0.441812
vt 0.916816 0.025929
vt 0.901417 0.012926
vt 0.926837 0.012504
vt 0.842182 0.262694
vt 0.859404 0.277347
vt 0.837354 0.277258
vt 0.852557 0.298183
vt 0.830532 0.298142
vt 0.937044 0.034446
vt 0.837353 0.319108
vt 0.859404 0.319197
vt 0.842182 0.333894
vt 0.812755 0.311116
vt 0.819602 0.332131
vt 0.800331 0.320297
vt 0.795002 0.298274
vt 0.344949 0.887587
vt 0.344949 0.867644
vt 0.888400 0.687749
vt 0.876045 0.668547
vt 0.893537 0.666099
vt 0.853631 0.664464
vt 0.872049 0.651708
vt 0.861764 0.427421
vt 0.840276 0.482568
vt 0.893516 0.706825
vt 0.402671 0.874502
vt 0.402715 0.900248
vt 0.345020 0.909302
vt 0.855851 0.722358
vt 0.834363 0.667211
vt 0.901295 0.080318
vt 0.455824 0.793022
vt 0.879277 0.067018
vt 0.480423 0.826880
vt 0.461119 0.815014
vt 0.899450 0.483680
vt 0.520225 0.813946
vt 0.502969 0.828611
vt 0.392504 0.922172
vt 0.480423 0.759164
vt 0.461119 0.771009
vt 0.520225 0.772095
vt 0.502969 0.757410
vt 0.583630 0.793086
vt 0.590387 0.772140
vt 0.605590 0.793065
vt 0.192938 0.867716
vt 0.175746 0.870577
vt 0.180619 0.848563
vt 0.590387 0.813991
vt 0.565788 0.805999
vt 0.565789 0.780134
vt 0.205119 0.849349
vt 0.781425 0.912508
vt 0.766022 0.925489
vt 0.760523 0.903308
vt 0.693497 0.906806
vt 0.689501 0.923646
vt 0.671082 0.910889
vt 0.710967 0.868528
vt 0.705851 0.887604
vt 0.691456 0.866115
vt 0.919648 0.195507
vt 0.898776 0.186654
vt 0.920841 0.174213
vt 0.215388 0.871848
vt 0.782543 0.890015
vt 0.681188 0.888615
vt 0.882187 0.172879
vt 0.882262 0.151150
vt 0.898823 0.160912
vt 0.939908 0.185971
vt 0.350278 0.771743
vt 0.369549 0.759865
vt 0.362701 0.780701
vt 0.781350 0.868705
vt 0.760479 0.877561
vt 0.765907 0.858084
vt 0.669006 0.870247
vt 0.656688 0.889400
vt 0.651815 0.867386
vt 0.919726 0.151712
vt 0.904327 0.138709
vt 0.929748 0.138287
vt 0.392129 0.758144
vt 0.409351 0.772797
vt 0.387300 0.772708
vt 0.402503 0.793632
vt 0.380479 0.793592
vt 0.939954 0.160229
vt 0.387300 0.814558
vt 0.409351 0.814647
vt 0.392128 0.829344
vt 0.362701 0.806566
vt 0.369549 0.827580
vt 0.350278 0.815747
vt 0.344949 0.793724
vt 0.743887 0.891320
vt 0.743887 0.871377
vt 0.229783 0.850359
vt 0.217428 0.831157
vt 0.234920 0.828708
vt 0.195014 0.827074
vt 0.213432 0.814318
vt 0.673303 0.852995
vt 0.651815 0.908143
vt 0.234898 0.869435
vt 0.801608 0.878235
vt 0.801652 0.903981
vt 0.743957 0.913035
vt 0.197234 0.884968
vt 0.175746 0.829821
vt 0.904206 0.206101
vt 0.547896 0.793022
vt 0.882187 0.192801
vt 0.572495 0.826880
vt 0.553191 0.815013
vt 0.710989 0.909255
vt 0.612297 0.813946
vt 0.595041 0.828611
vt 0.791441 0.925905
vt 0.572495 0.759164
vt 0.553191 0.771009
vt 0.612297 0.772095
vt 0.595041 0.757410
vt 0.481632 0.889288
vt 0.497688 0.902830
vt 0.475549 0.911221
vt 0.787557 0.813552
vt 0.782829 0.832246
vt 0.764289 0.817939
vt 0.461866 0.889250
vt 0.475549 0.867279
vt 0.497688 0.875672
vt 0.775083 0.793389
vt 0.834488 0.072680
vt 0.820234 0.083896
vt 0.814258 0.059959
vt 0.030868 0.814843
vt 0.012504 0.817894
vt 0.018031 0.793821
vt 0.073762 0.816317
vt 0.054038 0.819238
vt 0.068913 0.795518
vt 0.865939 0.815210
vt 0.845708 0.808815
vt 0.866743 0.792338
vt 0.800295 0.792522
vt 0.835292 0.049175
vt 0.043700 0.794652
vt 0.830152 0.796859
vt 0.830651 0.774069
vt 0.845708 0.781552
vt 0.885721 0.802308
vt 0.805144 0.771723
vt 0.785420 0.768802
vt 0.791352 0.753571
vt 0.834488 0.026286
vt 0.814258 0.032690
vt 0.820234 0.012504
vt 0.056175 0.774488
vt 0.032906 0.770101
vt 0.051447 0.755794
vt 0.865939 0.768828
vt 0.851686 0.757592
vt 0.876415 0.753571
vt 0.762251 0.773197
vt 0.743886 0.770146
vt 0.766140 0.754438
vt 0.599816 0.889089
vt 0.586133 0.911060
vt 0.580050 0.889051
vt 0.605858 0.911142
vt 0.885721 0.775045
vt 0.563994 0.902667
vt 0.570036 0.924720
vt 0.073700 0.771502
vt 0.563994 0.875509
vt 0.547897 0.889169
vt 0.012504 0.773075
vt 0.025778 0.754964
vt 0.586133 0.867118
vt 0.570036 0.853619
vt 0.798701 0.044632
vt 0.799199 0.023288
vt 0.605858 0.867199
vt 0.749414 0.794219
vt 0.854269 0.039178
vt 0.854269 0.066447
vt 0.799199 0.067410
vt 0.805082 0.816538
vt 0.743886 0.814965
vt 0.851686 0.828968
vt 0.491647 0.853619
vt 0.830651 0.818181
vt 0.059969 0.834469
vt 0.455824 0.867197
vt 0.034757 0.833602
vt 0.455824 0.911140
vt 0.844962 0.087905
vt 0.757160 0.833076
vt 0.513786 0.889170
vt 0.491647 0.924720
vt 0.716210 0.397561
vt 0.717823 0.364565
vt 0.719608 0.364904
vt 0.728484 0.399894
vt 0.980752 0.902714
vt 0.980752 0.946482
vt 0.978881 0.946760
vt 0.967886 0.904628
vt 0.977439 0.947249
vt 0.957972 0.907989
vt 0.964962 0.182675
vt 0.964962 0.139291
vt 0.966881 0.139053
vt 0.978157 0.181036
vt 0.968077 0.138287
vt 0.986377 0.175769
vt 0.885400 0.231432
vt 0.886193 0.233108
vt 0.885400 0.234875
vt 0.883617 0.235402
vt 0.882187 0.234293
vt 0.882187 0.232382
vt 0.883617 0.231109
vt 0.312916 0.909976
vt 0.311446 0.949032
vt 0.309554 0.949032
vt 0.299907 0.909976
vt 0.704527 0.399894
vt 0.716124 0.364904
vt 0.279185 0.756202
vt 0.291417 0.752613
vt 0.301227 0.760289
vt 0.301227 0.773451
vt 0.291417 0.782187
vt 0.279185 0.779919
vt 0.273741 0.768354
vt 0.975459 0.397850
vt 0.985496 0.440285
vt 0.983812 0.441011
vt 0.963885 0.402848
vt 0.344949 0.987187
vt 0.351537 0.947322
vt 0.353423 0.947180
vt 0.357920 0.986209
vt 0.354938 0.947322
vt 0.368330 0.987187
vt 0.659891 0.402018
vt 0.667884 0.368395
vt 0.669814 0.368395
vt 0.673160 0.402018
vt 0.958478 0.690981
vt 0.977954 0.651708
vt 0.979398 0.652185
vt 0.968408 0.694259
vt 0.880070 0.109296
vt 0.879277 0.107616
vt 0.880070 0.105849
vt 0.881854 0.105326
vt 0.883283 0.106440
vt 0.883283 0.108353
vt 0.881854 0.109624
vt 0.981269 0.652467
vt 0.981269 0.696204
vt 0.987204 0.397551
vt 0.987204 0.440241
vt 0.624764 0.397102
vt 0.612146 0.395121
vt 0.606530 0.383993
vt 0.612146 0.372099
vt 0.624764 0.368395
vt 0.634883 0.375670
vt 0.634883 0.388446
vt 0.863694 0.395718
vt 0.869936 0.395689
vt 0.865626 0.401623
vt 0.865626 0.389756
vt 0.858650 0.399356
vt 0.858650 0.392022
vt 0.313674 0.689222
vt 0.313674 0.682287
vt 0.319909 0.685360
vt 0.313674 0.543929
vt 0.313740 0.538482
vt 0.319931 0.540397
vt 0.313740 0.550283
vt 0.319931 0.547691
vt 0.319924 0.717380
vt 0.319909 0.724393
vt 0.313674 0.720531
vt 0.581465 0.384492
vt 0.581465 0.391785
vt 0.575211 0.388254
vt 0.319924 0.692373
vt 0.313674 0.727466
vt 0.575270 0.393705
vt 0.575270 0.381903
vt 0.550203 0.384169
vt 0.550203 0.391503
vt 0.545184 0.387831
vt 0.543228 0.381903
vt 0.538917 0.387836
vt 0.543228 0.393770
vt 0.758511 0.370504
vt 0.760467 0.376432
vt 0.753492 0.374165
vt 0.764778 0.370499
vt 0.753492 0.366831
vt 0.760467 0.364565
vt 0.313674 0.654129
vt 0.313674 0.647194
vt 0.319909 0.650266
vt 0.313674 0.507120
vt 0.313740 0.501673
vt 0.319931 0.503589
vt 0.313740 0.513474
vt 0.319931 0.510882
vt 0.319925 0.612100
vt 0.319909 0.619113
vt 0.313674 0.615250
vt 0.319929 0.577879
vt 0.319929 0.585173
vt 0.313674 0.581642
vt 0.319924 0.657279
vt 0.313674 0.622186
vt 0.313733 0.587093
vt 0.313733 0.575291
vt 0.506934 0.381903
vt 0.513910 0.384169
vt 0.508866 0.387807
vt 0.502624 0.387836
vt 0.506935 0.393769
vt 0.513910 0.391503
vt 0.816443 0.380308
vt 0.820497 0.367740
vt 0.829618 0.380295
vt 0.249710 0.942015
vt 0.239395 0.943732
vt 0.242319 0.930524
vt 0.820497 0.392851
vt 0.805737 0.388055
vt 0.805738 0.372536
vt 0.257019 0.930995
vt 0.852675 0.979458
vt 0.843434 0.987247
vt 0.840134 0.973938
vt 0.127811 0.961617
vt 0.125413 0.971720
vt 0.114362 0.964066
vt 0.138293 0.938650
vt 0.135223 0.950095
vt 0.126587 0.937202
vt 0.912296 0.981136
vt 0.899773 0.975824
vt 0.913012 0.968359
vt 0.263180 0.944495
vt 0.853346 0.965962
vt 0.120425 0.950701
vt 0.889820 0.967559
vt 0.889865 0.954522
vt 0.899801 0.960379
vt 0.924452 0.975414
vt 0.178943 0.918136
vt 0.190505 0.911009
vt 0.186397 0.923510
vt 0.852631 0.953176
vt 0.840108 0.958490
vt 0.843365 0.946804
vt 0.113117 0.939681
vt 0.105725 0.951173
vt 0.102801 0.937964
vt 0.912343 0.954859
vt 0.903104 0.947057
vt 0.918356 0.946804
vt 0.204053 0.909976
vt 0.214387 0.918768
vt 0.201157 0.918714
vt 0.210278 0.931269
vt 0.197064 0.931245
vt 0.924480 0.959969
vt 0.201157 0.943824
vt 0.214387 0.943878
vt 0.204053 0.952696
vt 0.186397 0.939029
vt 0.190506 0.951638
vt 0.178943 0.944538
vt 0.175746 0.931324
vt 0.830152 0.966745
vt 0.830152 0.954779
vt 0.271817 0.931601
vt 0.264404 0.920080
vt 0.274899 0.918611
vt 0.250955 0.917630
vt 0.262006 0.909976
vt 0.115694 0.929330
vt 0.102801 0.962418
vt 0.274886 0.943047
vt 0.864785 0.958894
vt 0.864812 0.974342
vt 0.830195 0.979774
vt 0.252288 0.952366
vt 0.239395 0.919278
vt 0.903031 0.987492
vt 0.795002 0.380269
vt 0.889820 0.979512
vt 0.809762 0.400584
vt 0.798179 0.393464
vt 0.138306 0.963086
vt 0.833643 0.392824
vt 0.823289 0.401623
vt 0.858685 0.987496
vt 0.809762 0.359954
vt 0.798179 0.367061
vt 0.833643 0.367713
vt 0.823289 0.358902
s 1
usemtl mob_domba_mat.003
f 1/1/1 2/2/2 4/3/3 3/4/4
f 3/5/4 4/6/3 6/7/5 5/8/6
f 5/8/6 6/7/5 8/9/7 7/10/8
f 7/11/8 8/12/7 10/13/9 9/14/10
f 9/14/10 10/13/9 12/15/11 11/16/12
f 11/17/12 12/18/11 14/19/13 13/20/14
f 4/21/3 2/22/2 16/23/15 14/24/13 12/25/11 10/26/9 8/27/7 6/28/5
f 13/20/14 14/19/13 16/29/15 15/30/16
f 15/31/16 16/32/15 2/2/2 1/1/1
f 1/33/1 3/34/4 5/35/6 7/36/8 9/37/10 11/38/12 13/39/14 15/40/16
f 17/41/1 18/42/2 20/43/3 19/44/4
f 19/45/4 20/46/3 22/47/5 21/48/6
f 21/48/6 22/47/5 24/49/7 23/50/8
f 23/51/8 24/52/7 26/53/9 25/54/10
f 25/54/10 26/53/9 28/55/11 27/56/12
f 27/57/12 28/58/11 30/59/13 29/60/14
f 20/61/3 18/62/2 32/63/15 30/64/13 28/65/11 26/66/9 24/67/7 22/68/5
f 29/60/14 30/59/13 32/69/15 31/70/16
f 31/71/16 32/72/15 18/42/2 17/41/1
f 17/73/1 19/74/4 21/75/6 23/76/8 25/77/10 27/78/12 29/79/14 31/80/16
f 33/81/1 34/82/2 36/83/3 35/84/4
f 35/85/4 36/86/3 38/87/17 37/88/6
f 37/88/6 38/87/17 40/89/7 39/90/8
f 39/91/8 40/92/7 42/93/9 41/94/10
f 41/94/10 42/93/9 44/95/11 43/96/12
f 43/97/12 44/98/11 46/99/13 45/100/14
f 36/101/3 34/102/2 48/103/15 46/104/13 44/105/11 42/106/9 40/107/7 38/108/17
f 45/100/14 46/99/13 48/109/15 47/110/16
f 47/111/16 48/112/15 34/82/2 33/81/1
f 33/113/1 35/114/4 37/115/6 39/116/8 41/117/10 43/118/12 45/119/14 47/120/16
f 49/121/1 50/122/2 52/123/3 51/124/4
f 51/125/4 52/126/3 54/127/5 53/128/6
f 53/128/6 54/127/5 56/129/7 55/130/8
f 55/131/8 56/132/7 58/133/9 57/134/10
f 57/134/10 58/133/9 60/135/11 59/136/12
f 59/137/12 60/138/11 62/139/13 61/140/14
f 52/141/3 50/142/2 64/143/15 62/144/13 60/145/11 58/146/9 56/147/7 54/148/5
f 61/140/14 62/139/13 64/149/15 63/150/16
f 63/151/16 64/152/15 50/122/2 49/121/1
f 49/153/1 51/154/4 53/155/6 55/156/8 57/157/10 59/158/12 61/159/14 63/160/16
f 65/161/18 80/162/19 79/163/20
f 66/164/21 82/165/22 88/166/23
f 65/161/18 79/163/20 94/167/24
f 65/161/18 94/167/24 100/168/25
f 65/161/18 100/168/25 89/169/26
f 66/164/21 88/166/23 109/170/27
f 67/171/28 85/172/29 115/173/30
f 68/174/31 97/175/32 121/176/33
f 69/177/34 103/178/35 127/179/36
f 70/180/37 106/181/38 133/182/39
f 66/164/21 109/170/27 116/183/40
f 67/171/28 115/173/30 122/184/41
f 68/174/31 121/176/33 128/185/42
f 69/177/34 127/179/36 134/186/43
f 70/180/37 133/182/39 110/187/44
f 71/188/45 139/189/46 154/190/47
f 72/191/48 142/192/49 160/193/50
f 73/194/51 145/195/52 163/196/53
f 74/197/54 148/198/55 166/199/56
f 75/200/57 151/201/58 155/202/59
f 157/203/60 164/204/61 76/205/62
f 156/206/63 167/207/64 157/203/60
f 155/208/59 168/209/65 156/206/63
f 157/203/60 167/207/64 164/204/61
f 167/207/64 165/210/66 164/204/61
f 156/206/63 168/209/65 167/207/64
f 168/209/65 169/211/67 167/207/64
f 167/207/64 169/211/67 165/210/66
f 169/211/67 166/212/56 165/210/66
f 155/202/59 151/201/58 168/213/65
f 151/201/58 150/214/68 168/213/65
f 168/209/65 150/215/68 169/211/67
f 150/216/68 149/217/69 169/218/67
f 169/211/67 149/219/69 166/212/56
f 149/217/69 74/197/54 166/199/56
f 164/204/61 161/220/70 76/205/62
f 165/210/66 170/221/71 164/204/61
f 166/212/56 171/222/72 165/210/66
f 164/204/61 170/221/71 161/220/70
f 170/221/71 162/223/73 161/220/70
f 165/210/66 171/222/72 170/221/71
f 171/222/72 172/224/74 170/221/71
f 170/221/71 172/224/74 162/223/73
f 172/224/74 163/225/53 162/223/73
f 166/212/56 148/226/55 171/222/72
f 148/226/55 147/227/75 171/222/72
f 171/222/72 147/227/75 172/224/74
f 147/227/75 146/228/76 172/224/74
f 172/229/74 146/230/76 163/196/53
f 146/230/76 73/194/51 163/196/53
f 161/220/70 158/231/77 76/205/62
f 162/223/73 173/232/78 161/220/70
f 163/225/53 174/233/79 162/223/73
f 161/220/70 173/232/78 158/231/77
f 173/232/78 159/234/80 158/231/77
f 162/223/73 174/233/79 173/232/78
f 174/233/79 175/235/81 173/232/78
f 173/232/78 175/235/81 159/234/80
f 175/235/81 160/236/50 159/234/80
f 163/196/53 145/195/52 174/237/79
f 145/195/52 144/238/82 174/237/79
f 174/237/79 144/238/82 175/239/81
f 144/238/82 143/240/83 175/239/81
f 175/235/81 143/241/83 160/236/50
f 143/240/83 72/242/48 160/243/50
f 158/231/77 152/244/84 76/205/62
f 159/234/80 176/245/85 158/231/77
f 160/236/50 177/246/86 159/234/80
f 158/231/77 176/245/85 152/244/84
f 176/245/85 153/247/87 152/244/84
f 159/234/80 177/246/86 176/245/85
f 177/246/86 178/248/88 176/245/85
f 176/245/85 178/248/88 153/247/87
f 178/248/88 154/190/47 153/247/87
f 160/236/50 142/249/49 177/246/86
f 142/192/49 141/250/89 177/251/86
f 177/246/86 141/252/89 178/248/88
f 141/250/89 140/253/90 178/254/88
f 178/248/88 140/255/90 154/190/47
f 140/255/90 71/188/45 154/190/47
f 152/244/84 157/203/60 76/205/62
f 153/247/87 179/256/91 152/244/84
f 154/190/47 180/257/92 153/247/87
f 152/244/84 179/256/91 157/203/60
f 179/256/91 156/206/63 157/203/60
f 153/247/87 180/257/92 179/256/91
f 180/257/92 181/258/93 179/256/91
f 179/256/91 181/258/93 156/206/63
f 181/258/93 155/208/59 156/206/63
f 154/190/47 139/189/46 180/257/92
f 139/259/46 138/260/94 180/261/92
f 180/261/92 138/260/94 181/262/93
f 138/260/94 137/263/95 181/262/93
f 181/262/93 137/263/95 155/202/59
f 137/263/95 75/200/57 155/202/59
f 112/264/96 151/201/58 75/200/57
f 111/265/97 182/266/98 112/264/96
f 110/267/44 183/268/99 111/265/97
f 112/264/96 182/266/98 151/201/58
f 182/266/98 150/214/68 151/201/58
f 111/265/97 183/268/99 182/266/98
f 183/269/99 184/270/100 182/271/98
f 182/271/98 184/270/100 150/216/68
f 184/270/100 149/217/69 150/216/68
f 110/187/44 133/182/39 183/269/99
f 133/182/39 132/272/101 183/269/99
f 183/269/99 132/272/101 184/270/100
f 132/272/101 131/273/102 184/270/100
f 184/270/100 131/273/102 149/217/69
f 131/273/102 74/197/54 149/217/69
f 136/274/103 148/198/55 74/197/54
f 135/275/104 185/276/105 136/274/103
f 134/277/43 186/278/106 135/275/104
f 136/274/103 185/276/105 148/198/55
f 185/276/105 147/279/75 148/198/55
f 135/275/104 186/278/106 185/276/105
f 186/280/106 187/281/107 185/282/105
f 185/282/105 187/281/107 147/283/75
f 187/281/107 146/230/76 147/283/75
f 134/186/43 127/179/36 186/280/106
f 127/179/36 126/284/108 186/280/106
f 186/280/106 126/284/108 187/281/107
f 126/284/108 125/285/109 187/281/107
f 187/281/107 125/285/109 146/230/76
f 125/285/109 73/194/51 146/230/76
f 130/286/110 145/195/52 73/194/51
f 129/287/111 188/288/112 130/286/110
f 128/185/42 189/289/113 129/287/111
f 130/286/110 188/288/112 145/195/52
f 188/288/112 144/238/82 145/195/52
f 129/287/111 189/289/113 188/288/112
f 189/289/113 190/290/114 188/288/112
f 188/288/112 190/290/114 144/238/82
f 190/290/114 143/240/83 144/238/82
f 128/185/42 121/176/33 189/289/113
f 121/176/33 120/291/115 189/289/113
f 189/289/113 120/291/115 190/290/114
f 120/291/115 119/292/116 190/290/114
f 190/290/114 119/292/116 143/240/83
f 119/292/116 72/242/48 143/240/83
f 124/293/117 142/192/49 72/191/48
f 123/294/118 191/295/119 124/293/117
f 122/184/41 192/296/120 123/294/118
f 124/293/117 191/295/119 142/192/49
f 191/295/119 141/250/89 142/192/49
f 123/294/118 192/296/120 191/295/119
f 192/296/120 193/297/121 191/295/119
f 191/295/119 193/297/121 141/250/89
f 193/297/121 140/253/90 141/250/89
f 122/184/41 115/173/30 192/296/120
f 115/173/30 114/298/122 192/296/120
f 192/296/120 114/298/122 193/297/121
f 114/298/122 113/299/123 193/297/121
f 193/297/121 113/299/123 140/253/90
f 113/299/123 71/300/45 140/253/90
f 118/301/124 139/259/46 71/302/45
f 117/303/125 194/304/126 118/301/124
f 116/183/40 195/305/127 117/303/125
f 118/301/124 194/304/126 139/259/46
f 194/304/126 138/260/94 139/259/46
f 117/303/125 195/305/127 194/304/126
f 195/305/127 196/306/128 194/304/126
f 194/304/126 196/306/128 138/260/94
f 196/306/128 137/263/95 138/260/94
f 116/183/40 109/170/27 195/305/127
f 109/170/27 108/307/129 195/305/127
f 195/305/127 108/307/129 196/306/128
f 108/307/129 107/308/130 196/306/128
f 196/306/128 107/308/130 137/263/95
f 107/308/130 75/200/57 137/263/95
f 131/273/102 136/274/103 74/197/54
f 132/272/101 197/309/131 131/273/102
f 133/182/39 198/310/132 132/272/101
f 131/273/102 197/309/131 136/274/103
f 197/309/131 135/275/104 136/274/103
f 132/272/101 198/310/132 197/309/131
f 198/310/132 199/311/133 197/309/131
f 197/309/131 199/311/133 135/275/104
f 199/311/133 134/277/43 135/275/104
f 133/182/39 106/181/38 198/310/132
f 106/181/38 105/312/134 198/310/132
f 198/310/132 105/312/134 199/311/133
f 105/312/134 104/313/135 199/311/133
f 199/311/133 104/313/135 134/277/43
f 104/313/135 69/314/34 134/277/43
f 125/285/109 130/286/110 73/194/51
f 126/284/108 200/315/136 125/285/109
f 127/179/36 201/316/137 126/284/108
f 125/285/109 200/315/136 130/286/110
f 200/315/136 129/287/111 130/286/110
f 126/284/108 201/316/137 200/315/136
f 201/316/137 202/317/138 200/315/136
f 200/315/136 202/317/138 129/287/111
f 202/317/138 128/185/42 129/287/111
f 127/179/36 103/178/35 201/316/137
f 103/178/35 102/318/139 201/316/137
f 201/316/137 102/318/139 202/317/138
f 102/318/139 101/319/140 202/317/138
f 202/317/138 101/319/140 128/185/42
f 101/319/140 68/174/31 128/185/42
f 119/320/116 124/293/117 72/191/48
f 120/291/115 203/321/141 119/292/116
f 121/176/33 204/322/142 120/291/115
f 119/320/116 203/323/141 124/293/117
f 203/323/141 123/294/118 124/293/117
f 120/291/115 204/322/142 203/321/141
f 204/324/142 205/325/143 203/323/141
f 203/323/141 205/325/143 123/294/118
f 205/325/143 122/184/41 123/294/118
f 121/176/33 97/175/32 204/322/142
f 97/175/32 96/326/144 204/322/142
f 204/324/142 96/327/144 205/325/143
f 96/327/144 95/328/145 205/325/143
f 205/325/143 95/328/145 122/184/41
f 95/328/145 67/171/28 122/184/41
f 113/329/123 118/301/124 71/302/45
f 114/298/122 206/330/146 113/299/123
f 115/173/30 207/331/147 114/298/122
f 113/329/123 206/332/146 118/301/124
f 206/332/146 117/303/125 118/301/124
f 114/298/122 207/331/147 206/330/146
f 207/333/147 208/334/148 206/332/146
f 206/332/146 208/334/148 117/303/125
f 208/334/148 116/183/40 117/303/125
f 115/173/30 85/172/29 207/331/147
f 85/172/29 84/335/149 207/331/147
f 207/333/147 84/336/149 208/334/148
f 84/336/149 83/337/150 208/334/148
f 208/334/148 83/337/150 116/183/40
f 83/337/150 66/164/21 116/183/40
f 107/308/130 112/264/96 75/200/57
f 108/307/129 209/338/151 107/308/130
f 109/170/27 210/339/152 108/307/129
f 107/308/130 209/338/151 112/264/96
f 209/338/151 111/265/97 112/264/96
f 108/307/129 210/339/152 209/338/151
f 210/339/152 211/340/153 209/338/151
f 209/338/151 211/340/153 111/265/97
f 211/340/153 110/267/44 111/265/97
f 109/170/27 88/166/23 210/339/152
f 88/166/23 87/341/154 210/339/152
f 210/339/152 87/341/154 211/340/153
f 87/341/154 86/342/155 211/340/153
f 211/340/153 86/342/155 110/267/44
f 86/342/155 70/343/37 110/267/44
f 91/344/156 106/181/38 70/180/37
f 90/345/157 212/346/158 91/347/156
f 89/169/26 213/348/159 90/345/157
f 91/347/156 212/346/158 106/349/38
f 212/350/158 105/312/134 106/181/38
f 90/345/157 213/348/159 212/346/158
f 213/348/159 214/351/160 212/346/158
f 212/346/158 214/351/160 105/352/134
f 214/351/160 104/353/135 105/352/134
f 89/169/26 100/168/25 213/348/159
f 100/168/25 99/354/161 213/348/159
f 213/348/159 99/354/161 214/351/160
f 99/354/161 98/355/162 214/351/160
f 214/351/160 98/355/162 104/353/135
f 98/355/162 69/356/34 104/353/135
f 98/355/162 103/357/35 69/356/34
f 99/354/161 215/358/163 98/355/162
f 100/168/25 216/359/164 99/354/161
f 98/355/162 215/358/163 103/357/35
f 215/360/163 102/318/139 103/178/35
f 99/354/161 216/359/164 215/358/163
f 216/359/164 217/361/165 215/358/163
f 215/360/163 217/362/165 102/318/139
f 217/362/165 101/319/140 102/318/139
f 100/168/25 94/167/24 216/359/164
f 94/167/24 93/363/166 216/359/164
f 216/359/164 93/363/166 217/361/165
f 93/363/166 92/364/167 217/361/165
f 217/362/165 92/365/167 101/319/140
f 92/365/167 68/174/31 101/319/140
f 92/365/167 97/175/32 68/174/31
f 93/363/166 218/366/168 92/364/167
f 94/167/24 219/367/169 93/363/166
f 92/365/167 218/368/168 97/175/32
f 218/368/168 96/326/144 97/175/32
f 93/363/166 219/367/169 218/366/168
f 219/367/169 220/369/170 218/366/168
f 218/366/168 220/369/170 96/370/144
f 220/371/170 95/328/145 96/327/144
f 94/167/24 79/163/20 219/367/169
f 79/163/20 78/372/171 219/367/169
f 219/367/169 78/372/171 220/369/170
f 78/372/171 77/373/172 220/369/170
f 220/369/170 77/373/172 95/374/145
f 77/375/172 67/171/28 95/328/145
f 86/342/155 91/376/156 70/343/37
f 87/341/154 221/377/173 86/342/155
f 88/166/23 222/378/174 87/341/154
f 86/379/155 221/380/173 91/347/156
f 221/380/173 90/345/157 91/347/156
f 87/341/154 222/378/174 221/377/173
f 222/381/174 223/382/175 221/380/173
f 221/380/173 223/382/175 90/345/157
f 223/382/175 89/169/26 90/345/157
f 88/166/23 82/165/22 222/378/174
f 82/383/22 81/384/176 222/381/174
f 222/381/174 81/384/176 223/382/175
f 81/384/176 80/162/19 223/382/175
f 223/382/175 80/162/19 89/169/26
f 80/162/19 65/161/18 89/169/26
f 77/375/172 85/172/29 67/171/28
f 78/372/171 224/385/177 77/373/172
f 79/163/20 225/386/178 78/372/171
f 77/373/172 224/385/177 85/387/29
f 224/385/177 84/388/149 85/387/29
f 78/372/171 225/386/178 224/385/177
f 225/386/178 226/389/179 224/385/177
f 224/385/177 226/389/179 84/388/149
f 226/389/179 83/390/150 84/388/149
f 79/163/20 80/162/19 225/386/178
f 80/162/19 81/384/176 225/386/178
f 225/386/178 81/384/176 226/389/179
f 81/384/176 82/383/22 226/389/179
f 226/391/179 82/165/22 83/337/150
f 82/165/22 66/164/21 83/337/150
f 227/392/180 240/393/181 239/394/182
f 228/395/183 240/396/181 242/397/184
f 227/392/180 239/394/182 244/398/185
f 227/392/180 244/398/185 246/399/186
f 227/392/180 246/399/186 243/400/187
f 228/395/183 242/397/184 249/401/188
f 229/402/189 241/403/190 251/404/122
f 230/405/191 245/406/192 253/407/193
f 231/408/194 247/409/195 255/410/196
f 232/411/197 248/412/198 257/413/199
f 228/395/183 249/401/188 252/414/200
f 229/402/189 251/404/122 254/415/201
f 230/405/191 253/407/193 256/416/202
f 231/417/194 255/418/196 258/419/104
f 232/411/197 257/413/199 250/420/203
f 233/421/204 259/422/205 264/423/206
f 234/424/207 260/425/208 266/426/209
f 235/427/210 261/428/211 267/429/212
f 236/430/213 262/431/214 268/432/215
f 237/433/216 263/434/217 265/435/218
f 265/435/218 268/436/215 238/437/219
f 265/435/218 263/434/217 268/436/215
f 263/438/217 236/430/213 268/432/215
f 268/436/215 267/439/212 238/437/219
f 268/436/215 262/440/214 267/439/212
f 262/440/214 235/441/210 267/439/212
f 267/439/212 266/442/209 238/437/219
f 267/439/212 261/443/211 266/442/209
f 261/443/211 234/444/207 266/442/209
f 266/442/209 264/423/206 238/437/219
f 266/442/209 260/445/208 264/423/206
f 260/425/208 233/446/204 264/447/206
f 264/423/206 265/435/218 238/437/219
f 264/423/206 259/422/205 265/435/218
f 259/448/205 237/449/216 265/450/218
f 250/451/203 263/452/217 237/449/216
f 250/420/203 257/413/199 263/438/217
f 257/413/199 236/430/213 263/438/217
f 258/419/104 262/431/214 236/430/213
f 258/419/104 255/418/196 262/431/214
f 255/410/196 235/427/210 262/453/214
f 256/416/202 261/428/211 235/427/210
f 256/416/202 253/407/193 261/428/211
f 253/407/193 234/454/207 261/428/211
f 254/415/201 260/425/208 234/424/207
f 254/415/201 251/404/122 260/425/208
f 251/404/122 233/446/204 260/425/208
f 252/414/200 259/448/205 233/455/204
f 252/414/200 249/401/188 259/448/205
f 249/401/188 237/449/216 259/448/205
f 257/413/199 258/419/104 236/430/213
f 257/413/199 248/412/198 258/419/104
f 248/412/198 231/417/194 258/419/104
f 255/410/196 256/416/202 235/427/210
f 255/410/196 247/409/195 256/416/202
f 247/409/195 230/405/191 256/416/202
f 253/456/193 254/415/201 234/424/207
f 253/456/193 245/457/192 254/415/201
f 245/457/192 229/402/189 254/415/201
f 251/404/122 252/458/200 233/446/204
f 251/404/122 241/403/190 252/458/200
f 241/459/190 228/395/183 252/414/200
f 249/401/188 250/451/203 237/449/216
f 249/401/188 242/397/184 250/451/203
f 242/397/184 232/460/197 250/451/203
f 243/461/187 248/412/198 232/411/197
f 243/400/187 246/399/186 248/462/198
f 246/463/186 231/417/194 248/412/198
f 246/399/186 247/464/195 231/465/194
f 246/399/186 244/398/185 247/464/195
f 244/466/185 230/405/191 247/409/195
f 244/398/185 245/467/192 230/468/191
f 244/398/185 239/394/182 245/467/192
f 239/469/182 229/402/189 245/457/192
f 242/470/184 243/400/187 232/471/197
f 242/470/184 240/393/181 243/400/187
f 240/393/181 227/392/180 243/400/187
f 239/469/182 241/403/190 229/402/189
f 239/394/182 240/393/181 241/472/190
f 240/393/181 228/473/183 241/472/190
f 269/474/180 282/475/181 281/476/182
f 270/477/183 282/478/181 284/479/184
f 269/474/180 281/476/182 286/480/185
f 269/474/180 286/480/185 288/481/186
f 269/474/180 288/481/186 285/482/187
f 270/477/183 284/479/184 291/483/188
f 271/484/189 283/485/190 293/486/122
f 272/487/191 287/488/192 295/489/193
f 273/490/194 289/491/195 297/492/196
f 274/493/197 290/494/198 299/495/199
f 270/477/183 291/483/188 294/496/200
f 271/484/189 293/486/122 296/497/201
f 272/487/191 295/489/193 298/498/202
f 273/499/194 297/500/196 300/501/104
f 274/493/197 299/495/199 292/502/203
f 275/503/204 301/504/205 306/505/206
f 276/506/207 302/507/208 308/508/209
f 277/509/210 303/510/211 309/511/212
f 278/512/213 304/513/214 310/514/215
f 279/515/216 305/516/217 307/517/218
f 307/517/218 310/518/215 280/519/219
f 307/517/218 305/516/217 310/518/215
f 305/520/217 278/512/213 310/514/215
f 310/518/215 309/521/212 280/519/219
f 310/518/215 304/522/214 309/521/212
f 304/522/214 277/523/210 309/521/212
f 309/521/212 308/524/209 280/519/219
f 309/521/212 303/525/211 308/524/209
f 303/525/211 276/526/207 308/524/209
f 308/524/209 306/505/206 280/519/219
f 308/524/209 302/527/208 306/505/206
f 302/507/208 275/528/204 306/529/206
f 306/505/206 307/517/218 280/519/219
f 306/505/206 301/504/205 307/517/218
f 301/530/205 279/531/216 307/532/218
f 292/533/203 305/534/217 279/531/216
f 292/502/203 299/495/199 305/520/217
f 299/495/199 278/512/213 305/520/217
f 300/501/104 304/513/214 278/512/213
f 300/501/104 297/500/196 304/513/214
f 297/492/196 277/509/210 304/535/214
f 298/498/202 303/510/211 277/509/210
f 298/498/202 295/489/193 303/510/211
f 295/489/193 276/536/207 303/510/211
f 296/497/201 302/507/208 276/506/207
f 296/497/201 293/486/122 302/507/208
f 293/486/122 275/528/204 302/507/208
f 294/496/200 301/530/205 275/537/204
f 294/496/200 291/483/188 301/530/205
f 291/483/188 279/531/216 301/530/205
f 299/495/199 300/501/104 278/512/213
f 299/495/199 290/494/198 300/501/104
f 290/494/198 273/499/194 300/501/104
f 297/492/196 298/498/202 277/509/210
f 297/492/196 289/491/195 298/498/202
f 289/491/195 272/487/191 298/498/202
f 295/538/193 296/497/201 276/506/207
f 295/538/193 287/539/192 296/497/201
f 287/539/192 271/484/189 296/497/201
f 293/486/122 294/540/200 275/528/204
f 293/486/122 283/485/190 294/540/200
f 283/541/190 270/477/183 294/496/200
f 291/483/188 292/533/203 279/531/216
f 291/483/188 284/479/184 292/533/203
f 284/479/184 274/542/197 292/533/203
f 285/543/187 290/494/198 274/493/197
f 285/482/187 288/481/186 290/544/198
f 288/545/186 273/499/194 290/494/198
f 288/481/186 289/546/195 273/547/194
f 288/481/186 286/480/185 289/546/195
f 286/548/185 272/487/191 289/491/195
f 286/480/185 287/549/192 272/550/191
f 286/480/185 281/476/182 287/549/192
f 281/551/182 271/484/189 287/539/192
f 284/552/184 285/482/187 274/553/197
f 284/552/184 282/475/181 285/482/187
f 282/475/181 269/474/180 285/482/187
f 281/551/182 283/485/190 271/484/189
f 281/476/182 282/475/181 283/554/190
f 282/475/181 270/555/183 283/554/190
f 311/556/180 324/557/181 323/558/182
f 312/559/183 324/560/181 326/561/184
f 311/556/180 323/558/182 328/562/185
f 311/556/180 328/562/185 330/563/186
f 311/556/180 330/563/186 327/564/187
f 312/559/183 326/561/184 333/565/188
f 313/566/189 325/567/190 335/568/122
f 314/569/191 329/570/192 337/571/193
f 315/572/194 331/573/195 339/574/196
f 316/575/197 332/576/198 341/577/199
f 312/559/183 333/565/188 336/578/200
f 313/566/189 335/568/122 338/579/201
f 314/569/191 337/571/193 340/580/202
f 315/581/194 339/582/196 342/583/104
f 316/575/197 341/577/199 334/584/203
f 317/585/204 343/586/205 348/587/206
f 318/588/207 344/589/208 350/590/209
f 319/591/210 345/592/211 351/593/212
f 320/594/213 346/595/214 352/596/215
f 321/597/216 347/598/217 349/599/218
f 349/599/218 352/600/215 322/601/219
f 349/599/218 347/598/217 352/600/215
f 347/602/217 320/594/213 352/596/215
f 352/600/215 351/603/212 322/601/219
f 352/600/215 346/604/214 351/603/212
f 346/604/214 319/605/210 351/603/212
f 351/603/212 350/606/209 322/601/219
f 351/603/212 345/607/211 350/606/209
f 345/607/211 318/608/207 350/606/209
f 350/606/209 348/587/206 322/601/219
f 350/606/209 344/609/208 348/587/206
f 344/589/208 317/610/204 348/611/206
f 348/587/206 349/599/218 322/601/219
f 348/587/206 343/586/205 349/599/218
f 343/612/205 321/613/216 349/614/218
f 334/615/203 347/616/217 321/613/216
f 334/584/203 341/577/199 347/602/217
f 341/577/199 320/594/213 347/602/217
f 342/583/104 346/595/214 320/594/213
f 342/583/104 339/582/196 346/595/214
f 339/574/196 319/591/210 346/617/214
f 340/580/202 345/592/211 319/591/210
f 340/580/202 337/571/193 345/592/211
f 337/571/193 318/618/207 345/592/211
f 338/579/201 344/589/208 318/588/207
f 338/579/201 335/568/122 344/589/208
f 335/568/122 317/610/204 344/589/208
f 336/578/200 343/612/205 317/619/204
f 336/578/200 333/565/188 343/612/205
f 333/565/188 321/613/216 343/612/205
f 341/577/199 342/583/104 320/594/213
f 341/577/199 332/576/198 342/583/104
f 332/576/198 315/581/194 342/583/104
f 339/574/196 340/580/202 319/591/210
f 339/574/196 331/573/195 340/580/202
f 331/573/195 314/569/191 340/580/202
f 337/620/193 338/579/201 318/588/207
f 337/620/193 329/621/192 338/579/201
f 329/621/192 313/566/189 338/579/201
f 335/568/122 336/622/200 317/610/204
f 335/568/122 325/567/190 336/622/200
f 325/623/190 312/559/183 336/578/200
f 333/565/188 334/615/203 321/613/216
f 333/565/188 326/561/184 334/615/203
f 326/561/184 316/624/197 334/615/203
f 327/625/187 332/576/198 316/575/197
f 327/564/187 330/563/186 332/626/198
f 330/627/186 315/581/194 332/576/198
f 330/563/186 331/628/195 315/629/194
f 330/563/186 328/562/185 331/628/195
f 328/630/185 314/569/191 331/573/195
f 328/562/185 329/631/192 314/632/191
f 328/562/185 323/558/182 329/631/192
f 323/633/182 313/566/189 329/621/192
f 326/634/184 327/564/187 316/635/197
f 326/634/184 324/557/181 327/564/187
f 324/557/181 311/556/180 327/564/187
f 323/633/182 325/567/190 313/566/189
f 323/558/182 324/557/181 325/636/190
f 324/557/181 312/637/183 325/636/190
f 353/638/180 366/639/181 365/640/182
f 354/641/183 366/642/181 368/643/184
f 353/638/180 365/640/182 370/644/185
f 353/638/180 370/644/185 372/645/186
f 353/638/180 372/645/186 369/646/187
f 354/641/183 368/643/184 375/647/188
f 355/648/189 367/649/190 377/650/122
f 356/651/191 371/652/192 379/653/193
f 357/654/194 373/655/195 381/656/196
f 358/657/197 374/658/198 383/659/199
f 354/641/183 375/647/188 378/660/200
f 355/648/189 377/650/122 380/661/201
f 356/651/191 379/653/193 382/662/202
f 357/663/194 381/664/196 384/665/104
f 358/657/197 383/659/199 376/666/203
f 359/667/204 385/668/205 390/669/206
f 360/670/207 386/671/208 392/672/209
f 361/673/210 387/674/211 393/675/212
f 362/676/213 388/677/214 394/678/215
f 363/679/216 389/680/217 391/681/218
f 391/681/218 394/682/215 364/683/219
f 391/681/218 389/680/217 394/682/215
f 389/684/217 362/676/213 394/678/215
f 394/682/215 393/685/212 364/683/219
f 394/682/215 388/686/214 393/685/212
f 388/686/214 361/687/210 393/685/212
f 393/685/212 392/688/209 364/683/219
f 393/685/212 387/689/211 392/688/209
f 387/689/211 360/690/207 392/688/209
f 392/688/209 390/669/206 364/683/219
f 392/688/209 386/691/208 390/669/206
f 386/671/208 359/692/204 390/693/206
f 390/669/206 391/681/218 364/683/219
f 390/669/206 385/668/205 391/681/218
f 385/694/205 363/695/216 391/696/218
f 376/697/203 389/698/217 363/695/216
f 376/666/203 383/659/199 389/684/217
f 383/659/199 362/676/213 389/684/217
f 384/665/104 388/677/214 362/676/213
f 384/665/104 381/664/196 388/677/214
f 381/656/196 361/673/210 388/699/214
f 382/662/202 387/674/211 361/673/210
f 382/662/202 379/653/193 387/674/211
f 379/653/193 360/700/207 387/674/211
f 380/661/201 386/671/208 360/670/207
f 380/661/201 377/650/122 386/671/208
f 377/650/122 359/692/204 386/671/208
f 378/660/200 385/694/205 359/701/204
f 378/660/200 375/647/188 385/694/205
f 375/647/188 363/695/216 385/694/205
f 383/659/199 384/665/104 362/676/213
f 383/659/199 374/658/198 384/665/104
f 374/658/198 357/663/194 384/665/104
f 381/656/196 382/662/202 361/673/210
f 381/656/196 373/655/195 382/662/202
f 373/655/195 356/651/191 382/662/202
f 379/702/193 380/661/201 360/670/207
f 379/702/193 371/703/192 380/661/201
f 371/703/192 355/648/189 380/661/201
f 377/650/122 378/704/200 359/692/204
f 377/650/122 367/649/190 378/704/200
f 367/705/190 354/641/183 378/660/200
f 375/647/188 376/697/203 363/695/216
f 375/647/188 368/643/184 376/697/203
f 368/643/184 358/706/197 376/697/203
f 369/707/187 374/658/198 358/657/197
f 369/646/187 372/645/186 374/708/198
f 372/709/186 357/663/194 374/658/198
f 372/645/186 373/710/195 357/711/194
f 372/645/186 370/644/185 373/710/195
f 370/712/185 356/651/191 373/655/195
f 370/644/185 371/713/192 356/714/191
f 370/644/185 365/640/182 371/713/192
f 365/715/182 355/648/189 371/703/192
f 368/716/184 369/646/187 358/717/197
f 368/716/184 366/639/181 369/646/187
f 366/639/181 353/638/180 369/646/187
f 365/715/182 367/649/190 355/648/189
f 365/640/182 366/639/181 367/718/190
f 366/639/181 354/719/183 367/718/190
f 395/720/180 408/721/181 407/722/182
f 396/723/183 408/724/181 410/725/184
f 395/720/180 407/722/182 412/726/185
f 395/720/180 412/726/185 414/727/186
f 395/720/180 414/727/186 411/728/187
f 396/723/183 410/725/184 417/729/188
f 397/730/189 409/731/190 419/732/122
f 398/733/191 413/734/192 421/735/193
f 399/736/194 415/737/195 423/738/196
f 400/739/197 416/740/198 425/741/199
f 396/723/183 417/729/188 420/742/200
f 397/730/189 419/732/122 422/743/201
f 398/733/191 421/735/193 424/744/202
f 399/745/194 423/746/196 426/747/104
f 400/739/197 425/741/199 418/748/203
f 401/749/204 427/750/205 432/751/206
f 402/752/207 428/753/208 434/754/209
f 403/755/210 429/756/211 435/757/212
f 404/758/213 430/759/214 436/760/215
f 405/761/216 431/762/217 433/763/218
f 433/763/218 436/764/215 406/765/219
f 433/763/218 431/762/217 436/764/215
f 431/766/217 404/758/213 436/760/215
f 436/764/215 435/767/212 406/765/219
f 436/764/215 430/768/214 435/767/212
f 430/768/214 403/769/210 435/767/212
f 435/767/212 434/770/209 406/765/219
f 435/767/212 429/771/211 434/770/209
f 429/771/211 402/772/207 434/770/209
f 434/770/209 432/751/206 406/765/219
f 434/770/209 428/773/208 432/751/206
f 428/753/208 401/774/204 432/775/206
f 432/751/206 433/763/218 406/765/219
f 432/751/206 427/750/205 433/763/218
f 427/776/205 405/777/216 433/778/218
f 418/779/203 431/780/217 405/777/216
f 418/748/203 425/741/199 431/766/217
f 425/741/199 404/758/213 431/766/217
f 426/747/104 430/759/214 404/758/213
f 426/747/104 423/746/196 430/759/214
f 423/738/196 403/755/210 430/781/214
f 424/744/202 429/756/211 403/755/210
f 424/744/202 421/735/193 429/756/211
f 421/735/193 402/782/207 429/756/211
f 422/743/201 428/753/208 402/752/207
f 422/743/201 419/732/122 428/753/208
f 419/732/122 401/774/204 428/753/208
f 420/742/200 427/776/205 401/783/204
f 420/742/200 417/729/188 427/776/205
f 417/729/188 405/777/216 427/776/205
f 425/741/199 426/747/104 404/758/213
f 425/741/199 416/740/198 426/747/104
f 416/740/198 399/745/194 426/747/104
f 423/738/196 424/744/202 403/755/210
f 423/738/196 415/737/195 424/744/202
f 415/737/195 398/733/191 424/744/202
f 421/784/193 422/743/201 402/752/207
f 421/784/193 413/785/192 422/743/201
f 413/785/192 397/730/189 422/743/201
f 419/732/122 420/786/200 401/774/204
f 419/732/122 409/731/190 420/786/200
f 409/787/190 396/723/183 420/742/200
f 417/729/188 418/779/203 405/777/216
f 417/729/188 410/725/184 418/779/203
f 410/725/184 400/788/197 418/779/203
f 411/789/187 416/740/198 400/739/197
f 411/728/187 414/727/186 416/790/198
f 414/791/186 399/745/194 416/740/198
f 414/727/186 415/792/195 399/793/194
f 414/727/186 412/726/185 415/792/195
f 412/794/185 398/733/191 415/737/195
f 412/726/185 413/795/192 398/796/191
f 412/726/185 407/722/182 413/795/192
f 407/797/182 397/730/189 413/785/192
f 410/798/184 411/728/187 400/799/197
f 410/798/184 408/721/181 411/728/187
f 408/721/181 395/720/180 411/728/187
f 407/797/182 409/731/190 397/730/189
f 407/722/182 408/721/181 409/800/190
f 408/721/181 396/801/183 409/800/190
f 437/802/220 450/803/221 449/804/222
f 438/805/223 450/806/221 452/807/224
f 437/802/220 449/804/222 454/808/225
f 437/802/220 454/808/225 456/809/226
f 437/802/220 456/809/226 453/810/227
f 438/805/223 452/807/224 459/811/188
f 439/812/228 451/813/229 461/814/122
f 440/815/230 455/816/231 463/817/193
f 441/818/232 457/819/233 465/820/196
f 442/821/234 458/822/235 467/823/199
f 438/805/223 459/811/188 462/824/200
f 439/812/228 461/814/122 464/825/201
f 440/815/230 463/817/193 466/826/202
f 441/827/232 465/828/196 468/829/104
f 442/821/234 467/823/199 460/830/203
f 443/831/204 469/832/205 474/833/206
f 444/834/207 470/835/208 476/836/209
f 445/837/210 471/838/211 477/839/212
f 446/840/213 472/841/214 478/842/215
f 447/843/216 473/844/217 475/845/218
f 475/845/218 478/846/215 448/847/219
f 475/845/218 473/844/217 478/846/215
f 473/848/217 446/840/213 478/842/215
f 478/846/215 477/849/212 448/847/219
f 478/846/215 472/850/214 477/849/212
f 472/850/214 445/851/210 477/849/212
f 477/849/212 476/852/209 448/847/219
f 477/849/212 471/853/211 476/852/209
f 471/853/211 444/854/207 476/852/209
f 476/852/209 474/833/206 448/847/219
f 476/852/209 470/855/208 474/833/206
f 470/835/208 443/856/204 474/857/206
f 474/833/206 475/845/218 448/847/219
f 474/833/206 469/832/205 475/845/218
f 469/858/205 447/859/216 475/860/218
f 460/861/203 473/862/217 447/859/216
f 460/830/203 467/823/199 473/848/217
f 467/823/199 446/840/213 473/848/217
f 468/829/104 472/841/214 446/840/213
f 468/829/104 465/828/196 472/841/214
f 465/820/196 445/837/210 472/863/214
f 466/826/202 471/838/211 445/837/210
f 466/826/202 463/817/193 471/838/211
f 463/817/193 444/864/207 471/838/211
f 464/825/201 470/835/208 444/834/207
f 464/825/201 461/814/122 470/835/208
f 461/814/122 443/856/204 470/835/208
f 462/824/200 469/858/205 443/865/204
f 462/824/200 459/811/188 469/858/205
f 459/811/188 447/859/216 469/858/205
f 467/823/199 468/829/104 446/840/213
f 467/823/199 458/822/235 468/829/104
f 458/822/235 441/827/232 468/829/104
f 465/820/196 466/826/202 445/837/210
f 465/820/196 457/819/233 466/826/202
f 457/819/233 440/815/230 466/826/202
f 463/866/193 464/825/201 444/834/207
f 463/866/193 455/867/231 464/825/201
f 455/867/231 439/812/228 464/825/201
f 461/814/122 462/868/200 443/856/204
f 461/814/122 451/813/229 462/868/200
f 451/869/229 438/805/223 462/824/200
f 459/811/188 460/861/203 447/859/216
f 459/811/188 452/807/224 460/861/203
f 452/807/224 442/870/234 460/861/203
f 453/871/227 458/822/235 442/821/234
f 453/810/227 456/809/226 458/872/235
f 456/873/226 441/827/232 458/822/235
f 456/809/226 457/874/233 441/875/232
f 456/809/226 454/808/225 457/874/233
f 454/876/225 440/815/230 457/819/233
f 454/808/225 455/877/231 440/878/230
f 454/808/225 449/804/222 455/877/231
f 449/879/222 439/812/228 455/867/231
f 452/880/224 453/810/227 442/881/234
f 452/880/224 450/803/221 453/810/227
f 450/803/221 437/802/220 453/810/227
f 449/879/222 451/813/229 439/812/228
f 449/804/222 450/803/221 451/882/229
f 450/803/221 438/883/223 451/882/229
f 479/884/220 492/885/221 491/886/222
f 480/887/223 492/888/221 494/889/224
f 479/884/220 491/886/222 496/890/225
f 479/884/220 496/890/225 498/891/226
f 479/884/220 498/891/226 495/892/227
f 480/887/223 494/889/224 501/893/188
f 481/894/228 493/895/229 503/896/122
f 482/897/230 497/898/231 505/899/193
f 483/900/232 499/901/233 507/902/196
f 484/903/234 500/904/235 509/905/199
f 480/887/223 501/893/188 504/906/200
f 481/894/228 503/896/122 506/907/201
f 482/897/230 505/899/193 508/908/202
f 483/909/232 507/910/196 510/911/104
f 484/903/234 509/905/199 502/912/203
f 485/913/204 511/914/205 516/915/206
f 486/916/207 512/917/208 518/918/209
f 487/919/210 513/920/211 519/921/212
f 488/922/213 514/923/214 520/924/215
f 489/925/216 515/926/217 517/927/218
f 517/927/218 520/928/215 490/929/219
f 517/927/218 515/926/217 520/928/215
f 515/930/217 488/922/213 520/924/215
f 520/928/215 519/931/212 490/929/219
f 520/928/215 514/932/214 519/931/212
f 514/932/214 487/933/210 519/931/212
f 519/931/212 518/934/209 490/929/219
f 519/931/212 513/935/211 518/934/209
f 513/935/211 486/936/207 518/934/209
f 518/934/209 516/915/206 490/929/219
f 518/934/209 512/937/208 516/915/206
f 512/917/208 485/938/204 516/939/206
f 516/915/206 517/927/218 490/929/219
f 516/915/206 511/914/205 517/927/218
f 511/940/205 489/941/216 517/942/218
f 502/943/203 515/944/217 489/941/216
f 502/912/203 509/905/199 515/930/217
f 509/905/199 488/922/213 515/930/217
f 510/911/104 514/923/214 488/922/213
f 510/911/104 507/910/196 514/923/214
f 507/902/196 487/919/210 514/945/214
f 508/908/202 513/920/211 487/919/210
f 508/908/202 505/899/193 513/920/211
f 505/899/193 486/946/207 513/920/211
f 506/907/201 512/917/208 486/916/207
f 506/907/201 503/896/122 512/917/208
f 503/896/122 485/938/204 512/917/208
f 504/906/200 511/940/205 485/947/204
f 504/906/200 501/893/188 511/940/205
f 501/893/188 489/941/216 511/940/205
f 509/905/199 510/911/104 488/922/213
f 509/905/199 500/904/235 510/911/104
f 500/904/235 483/909/232 510/911/104
f 507/902/196 508/908/202 487/919/210
f 507/902/196 499/901/233 508/908/202
f 499/901/233 482/897/230 508/908/202
f 505/948/193 506/907/201 486/916/207
f 505/948/193 497/949/231 506/907/201
f 497/949/231 481/894/228 506/907/201
f 503/896/122 504/950/200 485/938/204
f 503/896/122 493/895/229 504/950/200
f 493/951/229 480/887/223 504/906/200
f 501/893/188 502/943/203 489/941/216
f 501/893/188 494/889/224 502/943/203
f 494/889/224 484/952/234 502/943/203
f 495/953/227 500/904/235 484/903/234
f 495/892/227 498/891/226 500/954/235
f 498/955/226 483/909/232 500/904/235
f 498/891/226 499/956/233 483/957/232
f 498/891/226 496/890/225 499/956/233
f 496/958/225 482/897/230 499/901/233
f 496/890/225 497/959/231 482/960/230
f 496/890/225 491/886/222 497/959/231
f 491/961/222 481/894/228 497/949/231
f 494/962/224 495/892/227 484/963/234
f 494/962/224 492/885/221 495/892/227
f 492/885/221 479/884/220 495/892/227
f 491/961/222 493/895/229 481/894/228
f 491/886/222 492/885/221 493/964/229
f 492/885/221 480/965/223 493/964/229
f 521/966/180 534/967/181 533/968/182
f 522/969/183 534/970/181 536/971/184
f 521/966/180 533/968/182 538/972/185
f 521/966/180 538/972/185 540/973/186
f 521/966/180 540/973/186 537/974/187
f 522/969/183 536/971/184 543/975/188
f 523/976/189 535/977/190 545/978/122
f 524/979/191 539/980/192 547/981/193
f 525/982/194 541/983/195 549/984/196
f 526/985/197 542/986/198 551/987/199
f 522/969/183 543/975/188 546/988/200
f 523/976/189 545/978/122 548/989/201
f 524/979/191 547/981/193 550/990/202
f 525/991/194 549/992/196 552/993/104
f 526/985/197 551/987/199 544/994/203
f 527/995/204 553/996/205 558/997/206
f 528/998/207 554/999/208 560/1000/209
f 529/1001/210 555/1002/211 561/1003/212
f 530/1004/213 556/1005/214 562/1006/215
f 531/1007/216 557/1008/217 559/1009/218
f 559/1009/218 562/1010/215 532/1011/219
f 559/1009/218 557/1008/217 562/1010/215
f 557/1012/217 530/1004/213 562/1006/215
f 562/1010/215 561/1013/212 532/1011/219
f 562/1010/215 556/1014/214 561/1013/212
f 556/1014/214 529/1015/210 561/1013/212
f 561/1013/212 560/1016/209 532/1011/219
f 561/1013/212 555/1017/211 560/1016/209
f 555/1017/211 528/1018/207 560/1016/209
f 560/1016/209 558/997/206 532/1011/219
f 560/1016/209 554/1019/208 558/997/206
f 554/999/208 527/1020/204 558/1021/206
f 558/997/206 559/1009/218 532/1011/219
f 558/997/206 553/996/205 559/1009/218
f 553/1022/205 531/1023/216 559/1024/218
f 544/1025/203 557/1026/217 531/1023/216
f 544/994/203 551/987/199 557/1012/217
f 551/987/199 530/1004/213 557/1012/217
f 552/993/104 556/1005/214 530/1004/213
f 552/993/104 549/992/196 556/1005/214
f 549/984/196 529/1001/210 556/1027/214
f 550/990/202 555/1002/211 529/1001/210
f 550/990/202 547/981/193 555/1002/211
f 547/981/193 528/1028/207 555/1002/211
f 548/989/201 554/999/208 528/998/207
f 548/989/201 545/978/122 554/999/208
f 545/978/122 527/1020/204 554/999/208
f 546/988/200 553/1022/205 527/1029/204
f 546/988/200 543/975/188 553/1022/205
f 543/975/188 531/1023/216 553/1022/205
f 551/987/199 552/993/104 530/1004/213
f 551/987/199 542/986/198 552/993/104
f 542/986/198 525/991/194 552/993/104
f 549/984/196 550/990/202 529/1001/210
f 549/984/196 541/983/195 550/990/202
f 541/983/195 524/979/191 550/990/202
f 547/1030/193 548/989/201 528/998/207
f 547/1030/193 539/1031/192 548/989/201
f 539/1031/192 523/976/189 548/989/201
f 545/978/122 546/1032/200 527/1020/204
f 545/978/122 535/977/190 546/1032/200
f 535/1033/190 522/969/183 546/988/200
f 543/975/188 544/1025/203 531/1023/216
f 543/975/188 536/971/184 544/1025/203
f 536/971/184 526/1034/197 544/1025/203
f 537/1035/187 542/986/198 526/985/197
f 537/974/187 540/973/186 542/1036/198
f 540/1037/186 525/991/194 542/986/198
f 540/973/186 541/1038/195 525/1039/194
f 540/973/186 538/972/185 541/1038/195
f 538/1040/185 524/979/191 541/983/195
f 538/972/185 539/1041/192 524/1042/191
f 538/972/185 533/968/182 539/1041/192
f 533/1043/182 523/976/189 539/1031/192
f 536/1044/184 537/974/187 526/1045/197
f 536/1044/184 534/967/181 537/974/187
f 534/967/181 521/966/180 537/974/187
f 533/1043/182 535/977/190 523/976/189
f 533/968/182 534/967/181 535/1046/190
f 534/967/181 522/1047/183 535/1046/190
f 563/1048/236 576/1049/237 575/1050/238
f 564/1051/239 576/1052/237 578/1053/240
f 563/1048/236 575/1050/238 580/1054/241
f 563/1048/236 580/1054/241 582/1055/242
f 563/1048/236 582/1055/242 579/1056/243
f 564/1051/239 578/1053/240 585/1057/244
f 565/1058/245 577/1059/246 587/1060/122
f 566/1061/247 581/1062/248 589/1063/249
f 567/1064/250 583/1065/251 591/1066/252
f 568/1067/253 584/1068/254 593/1069/255
f 564/1051/239 585/1057/244 588/1070/256
f 565/1058/245 587/1060/122 590/1071/257
f 566/1061/247 589/1063/249 592/1072/258
f 567/1073/250 591/1074/252 594/1075/104
f 568/1067/253 593/1069/255 586/1076/259
f 569/1077/260 595/1078/261 600/1079/262
f 570/1080/263 596/1081/264 602/1082/265
f 571/1083/266 597/1084/267 603/1085/268
f 572/1086/269 598/1087/270 604/1088/271
f 573/1089/272 599/1090/273 601/1091/274
f 601/1092/274 604/1093/271 574/1094/275
f 601/1092/274 599/1095/273 604/1093/271
f 599/1096/273 572/1086/269 604/1088/271
f 604/1093/271 603/1097/268 574/1094/275
f 604/1093/271 598/1098/270 603/1097/268
f 598/1099/270 571/1083/266 603/1085/268
f 603/1097/268 602/1100/265 574/1094/275
f 603/1097/268 597/1101/267 602/1100/265
f 597/1084/267 570/1102/263 602/1103/265
f 602/1100/265 600/1104/262 574/1094/275
f 602/1100/265 596/1105/264 600/1104/262
f 596/1081/264 569/1106/260 600/1107/262
f 600/1104/262 601/1092/274 574/1094/275
f 600/1104/262 595/1108/261 601/1092/274
f 595/1078/261 573/1089/272 601/1091/274
f 586/1109/259 599/1090/273 573/1089/272
f 586/1076/259 593/1069/255 599/1096/273
f 593/1069/255 572/1086/269 599/1096/273
f 594/1075/104 598/1087/270 572/1086/269
f 594/1075/104 591/1074/252 598/1087/270
f 591/1066/252 571/1083/266 598/1099/270
f 592/1072/258 597/1084/267 571/1083/266
f 592/1072/258 589/1063/249 597/1084/267
f 589/1063/249 570/1102/263 597/1084/267
f 590/1071/257 596/1081/264 570/1080/263
f 590/1071/257 587/1060/122 596/1081/264
f 587/1060/122 569/1106/260 596/1081/264
f 588/1070/256 595/1078/261 569/1077/260
f 588/1070/256 585/1057/244 595/1078/261
f 585/1057/244 573/1089/272 595/1078/261
f 593/1069/255 594/1075/104 572/1086/269
f 593/1069/255 584/1068/254 594/1075/104
f 584/1068/254 567/1073/250 594/1075/104
f 591/1066/252 592/1072/258 571/1083/266
f 591/1066/252 583/1065/251 592/1072/258
f 583/1065/251 566/1061/247 592/1072/258
f 589/1110/249 590/1071/257 570/1080/263
f 589/1110/249 581/1111/248 590/1071/257
f 581/1111/248 565/1058/245 590/1071/257
f 587/1060/122 588/1112/256 569/1106/260
f 587/1060/122 577/1059/246 588/1112/256
f 577/1113/246 564/1051/239 588/1070/256
f 585/1057/244 586/1109/259 573/1089/272
f 585/1057/244 578/1053/240 586/1109/259
f 578/1053/240 568/1114/253 586/1109/259
f 579/1115/243 584/1068/254 568/1067/253
f 579/1056/243 582/1055/242 584/1116/254
f 582/1117/242 567/1073/250 584/1068/254
f 582/1118/242 583/1065/251 567/1064/250
f 582/1055/242 580/1054/241 583/1119/251
f 580/1120/241 566/1061/247 583/1065/251
f 580/1120/241 581/1062/248 566/1061/247
f 580/1054/241 575/1050/238 581/1121/248
f 575/1122/238 565/1058/245 581/1111/248
f 578/1053/240 579/1123/243 568/1114/253
f 578/1124/240 576/1049/237 579/1056/243
f 576/1049/237 563/1048/236 579/1056/243
f 575/1122/238 577/1059/246 565/1058/245
f 575/1050/238 576/1049/237 577/1125/246
f 576/1052/237 564/1051/239 577/1113/246
f 605/1126/276 606/1127/277 608/1128/278 607/1129/279
f 607/1130/279 608/1131/278 610/1132/280 609/1133/281
f 609/1133/281 610/1132/280 612/1134/282 611/1135/283
f 611/1136/283 612/1137/282 614/1138/284 613/1139/285
f 613/1139/285 614/1138/284 616/1140/286 615/1141/287
f 608/1142/278 606/1143/277 618/1144/288 616/1145/286 614/1146/284 612/1147/282 610/1148/280
f 615/1149/287 616/1150/286 618/1151/288 617/1152/289
f 617/1153/289 618/1154/288 606/1127/277 605/1126/276
f 605/1155/276 607/1156/279 609/1157/281 611/1158/283 613/1159/285 615/1160/287 617/1161/289
f 619/1162/290 620/1163/291 622/1164/292 621/1165/293
f 621/1166/293 622/1167/292 624/1168/294 623/1169/295
f 623/1169/295 624/1168/294 626/1170/296 625/1171/297
f 625/1172/297 626/1173/296 628/1174/298 627/1175/299
f 627/1176/299 628/1177/298 630/1178/300 629/1179/301
f 622/1180/292 620/1181/291 632/1182/302 630/1183/300 628/1184/298 626/1185/296 624/1186/294
f 629/1179/301 630/1178/300 632/1187/302 631/1188/303
f 631/1189/303 632/1190/302 620/1163/291 619/1162/290
f 619/1191/290 621/1192/293 623/1193/295 625/1194/297 627/1195/299 629/1196/301 631/1197/303
f 633/1198/180 634/1199/304 635/1200/305
f 634/1199/304 633/1198/180 638/1201/306
f 633/1198/180 635/1200/305 636/1202/307
f 633/1198/180 636/1202/307 637/1203/308
f 633/1198/180 637/1203/308 638/1201/306
f 634/1204/304 638/1205/306 643/1206/309
f 635/1207/305 634/1208/304 639/1209/310
f 636/1210/307 635/1207/305 640/1211/311
f 637/1212/308 636/1213/307 641/1214/312
f 638/1215/306 637/1216/308 642/1217/313
f 634/1204/304 643/1206/309 639/1218/310
f 635/1207/305 639/1209/310 640/1211/311
f 636/1213/307 640/1219/311 641/1214/312
f 637/1216/308 641/1220/312 642/1217/313
f 638/1215/306 642/1217/313 643/1221/309
f 639/1222/310 643/1223/309 644/1224/219
f 640/1225/311 639/1222/310 644/1224/219
f 641/1226/312 640/1225/311 644/1224/219
f 642/1227/313 641/1226/312 644/1224/219
f 643/1223/309 642/1227/313 644/1224/219
f 645/1228/180 646/1229/304 647/1230/305
f 646/1229/304 645/1228/180 650/1231/306
f 645/1228/180 647/1230/305 648/1232/307
f 645/1228/180 648/1232/307 649/1233/308
f 645/1228/180 649/1233/308 650/1231/306
f 646/1234/304 650/1235/306 655/1236/309
f 647/1237/305 646/1238/304 651/1239/310
f 648/1240/307 647/1237/305 652/1241/311
f 649/1242/308 648/1243/307 653/1244/312
f 650/1245/306 649/1246/308 654/1247/313
f 646/1234/304 655/1236/309 651/1248/310
f 647/1237/305 651/1239/310 652/1241/311
f 648/1243/307 652/1249/311 653/1244/312
f 649/1246/308 653/1250/312 654/1247/313
f 650/1245/306 654/1247/313 655/1251/309
f 651/1252/310 655/1253/309 656/1254/219
f 652/1255/311 651/1252/310 656/1254/219
f 653/1256/312 652/1255/311 656/1254/219
f 654/1257/313 653/1256/312 656/1254/219
f 655/1253/309 654/1257/313 656/1254/219
f 657/1258/180 670/1259/181 669/1260/182
f 658/1261/183 670/1262/181 672/1263/184
f 657/1258/180 669/1260/182 674/1264/185
f 657/1258/180 674/1264/185 676/1265/186
f 657/1258/180 676/1265/186 673/1266/187
f 658/1261/183 672/1263/184 679/1267/188
f 659/1268/189 671/1269/190 681/1270/122
f 660/1271/191 675/1272/192 683/1273/193
f 661/1274/194 677/1275/195 685/1276/196
f 662/1277/197 678/1278/198 687/1279/199
f 658/1261/183 679/1267/188 682/1280/200
f 659/1268/189 681/1270/122 684/1281/201
f 660/1271/191 683/1273/193 686/1282/202
f 661/1283/194 685/1284/196 688/1285/104
f 662/1277/197 687/1279/199 680/1286/203
f 663/1287/204 689/1288/205 694/1289/206
f 664/1290/207 690/1291/208 696/1292/209
f 665/1293/210 691/1294/211 697/1295/212
f 666/1296/213 692/1297/214 698/1298/215
f 667/1299/216 693/1300/217 695/1301/218
f 695/1301/218 698/1302/215 668/1303/219
f 695/1301/218 693/1300/217 698/1302/215
f 693/1304/217 666/1296/213 698/1298/215
f 698/1302/215 697/1305/212 668/1303/219
f 698/1302/215 692/1306/214 697/1305/212
f 692/1306/214 665/1307/210 697/1305/212
f 697/1305/212 696/1308/209 668/1303/219
f 697/1305/212 691/1309/211 696/1308/209
f 691/1309/211 664/1310/207 696/1308/209
f 696/1308/209 694/1289/206 668/1303/219
f 696/1308/209 690/1311/208 694/1289/206
f 690/1291/208 663/1312/204 694/1313/206
f 694/1289/206 695/1301/218 668/1303/219
f 694/1289/206 689/1288/205 695/1301/218
f 689/1314/205 667/1315/216 695/1316/218
f 680/1317/203 693/1318/217 667/1315/216
f 680/1286/203 687/1279/199 693/1304/217
f 687/1279/199 666/1296/213 693/1304/217
f 688/1285/104 692/1297/214 666/1296/213
f 688/1285/104 685/1284/196 692/1297/214
f 685/1276/196 665/1293/210 692/1319/214
f 686/1282/202 691/1294/211 665/1293/210
f 686/1282/202 683/1273/193 691/1294/211
f 683/1273/193 664/1320/207 691/1294/211
f 684/1281/201 690/1291/208 664/1290/207
f 684/1281/201 681/1270/122 690/1291/208
f 681/1270/122 663/1312/204 690/1291/208
f 682/1280/200 689/1314/205 663/1321/204
f 682/1280/200 679/1267/188 689/1314/205
f 679/1267/188 667/1315/216 689/1314/205
f 687/1279/199 688/1285/104 666/1296/213
f 687/1279/199 678/1278/198 688/1285/104
f 678/1278/198 661/1283/194 688/1285/104
f 685/1276/196 686/1282/202 665/1293/210
f 685/1276/196 677/1275/195 686/1282/202
f 677/1275/195 660/1271/191 686/1282/202
f 683/1322/193 684/1281/201 664/1290/207
f 683/1322/193 675/1323/192 684/1281/201
f 675/1323/192 659/1268/189 684/1281/201
f 681/1270/122 682/1324/200 663/1312/204
f 681/1270/122 671/1269/190 682/1324/200
f 671/1325/190 658/1261/183 682/1280/200
f 679/1267/188 680/1317/203 667/1315/216
f 679/1267/188 672/1263/184 680/1317/203
f 672/1263/184 662/1326/197 680/1317/203
f 673/1327/187 678/1278/198 662/1277/197
f 673/1266/187 676/1265/186 678/1328/198
f 676/1329/186 661/1283/194 678/1278/198
f 676/1265/186 677/1330/195 661/1331/194
f 676/1265/186 674/1264/185 677/1330/195
f 674/1332/185 660/1271/191 677/1275/195
f 674/1264/185 675/1333/192 660/1334/191
f 674/1264/185 669/1260/182 675/1333/192
f 669/1335/182 659/1268/189 675/1323/192
f 672/1336/184 673/1266/187 662/1337/197
f 672/1336/184 670/1259/181 673/1266/187
f 670/1259/181 657/1258/180 673/1266/187
f 669/1335/182 671/1269/190 659/1268/189
f 669/1260/182 670/1259/181 671/1338/190
f 670/1259/181 658/1339/183 671/1338/190
