# Blender 5.1.1
# www.blender.org
mtllib mob_leak.mtl
o mob_leak
v -0.192000 0.385000 0.050000
v -0.192000 0.380311 0.067500
v -0.192000 0.350000 0.085000
v -0.192000 0.319689 0.067500
v -0.192000 0.315000 0.050000
v -0.204374 0.380311 0.062374
v -0.213433 0.367500 0.071433
v -0.216749 0.350000 0.074749
v -0.213433 0.332500 0.071433
v -0.204374 0.319689 0.062374
v -0.209500 0.380311 0.050000
v -0.222311 0.367500 0.050000
v -0.227000 0.350000 0.050000
v -0.222311 0.332500 0.050000
v -0.209500 0.319689 0.050000
v -0.204374 0.380311 0.037626
v -0.213433 0.367500 0.028567
v -0.216749 0.350000 0.025251
v -0.213433 0.332500 0.028567
v -0.204374 0.319689 0.037626
v -0.192000 0.380311 0.032500
v -0.192000 0.367500 0.019689
v -0.192000 0.350000 0.015000
v -0.192000 0.332500 0.019689
v -0.192000 0.319689 0.032500
v -0.179626 0.380311 0.037626
v -0.170567 0.367500 0.028567
v -0.167251 0.350000 0.025251
v -0.170567 0.332500 0.028567
v -0.179626 0.319689 0.037626
v -0.174500 0.380311 0.050000
v -0.161689 0.367500 0.050000
v -0.157000 0.350000 0.050000
v -0.161689 0.332500 0.050000
v -0.174500 0.319689 0.050000
v -0.179626 0.380311 0.062374
v -0.170567 0.367500 0.071433
v -0.167251 0.350000 0.074749
v -0.170567 0.332500 0.071433
v -0.179626 0.319689 0.062374
v -0.192000 0.367500 0.080311
v -0.192000 0.332500 0.080311
v 0.000000 1.865000 0.000000
v 0.000000 1.670545 0.263306
v 0.000000 1.550000 0.285000
v 0.000000 1.429455 0.263306
v 0.000000 1.327261 0.201525
v 0.000000 1.235000 0.000000
v -0.057403 1.841022 0.094453
v -0.106066 1.772739 0.174526
v -0.138582 1.670545 0.228029
v -0.150000 1.550000 0.246817
v -0.138582 1.429455 0.228029
v -0.106066 1.327261 0.174526
v -0.057403 1.258978 0.094453
v -0.099424 1.841022 0.054532
v -0.183712 1.772739 0.100763
v -0.240031 1.670545 0.131653
v -0.259808 1.550000 0.142500
v -0.240031 1.429455 0.131653
v -0.183712 1.327261 0.100763
v -0.099424 1.258978 0.054532
v -0.114805 1.841022 0.000000
v -0.212132 1.772739 0.000000
v -0.277164 1.670545 0.000000
v -0.300000 1.550000 0.000000
v -0.277164 1.429455 0.000000
v -0.212132 1.327261 0.000000
v -0.114805 1.258978 0.000000
v -0.099424 1.841022 -0.054532
v -0.183712 1.772739 -0.100763
v -0.240031 1.670545 -0.131653
v -0.259808 1.550000 -0.142500
v -0.240031 1.429455 -0.131653
v -0.183712 1.327261 -0.100763
v -0.099424 1.258978 -0.054532
v -0.057403 1.841022 -0.094453
v -0.106066 1.772739 -0.174526
v -0.138582 1.670545 -0.228029
v -0.150000 1.550000 -0.246817
v -0.138582 1.429455 -0.228029
v -0.106066 1.327261 -0.174526
v -0.057403 1.258978 -0.094453
v -0.000000 1.841022 -0.109065
v -0.000000 1.772739 -0.201525
v -0.000000 1.670545 -0.263306
v -0.000000 1.550000 -0.285000
v -0.000000 1.429455 -0.263306
v -0.000000 1.327261 -0.201525
v -0.000000 1.258978 -0.109065
v 0.057403 1.841022 -0.094453
v 0.106066 1.772739 -0.174526
v 0.138582 1.670545 -0.228029
v 0.150000 1.550000 -0.246817
v 0.138582 1.429455 -0.228029
v 0.106066 1.327261 -0.174526
v 0.057403 1.258978 -0.094453
v 0.099424 1.841022 -0.054532
v 0.183712 1.772739 -0.100763
v 0.240031 1.670545 -0.131653
v 0.259808 1.550000 -0.142500
v 0.240031 1.429455 -0.131653
v 0.183712 1.327261 -0.100763
v 0.099424 1.258978 -0.054532
v 0.114805 1.841022 -0.000000
v 0.212132 1.772739 0.000000
v 0.277164 1.670545 -0.000000
v 0.300000 1.550000 -0.000000
v 0.277164 1.429455 -0.000000
v 0.212132 1.327261 0.000000
v 0.114805 1.258978 -0.000000
v 0.099424 1.841022 0.054532
v 0.183712 1.772739 0.100763
v 0.240031 1.670545 0.131653
v 0.259808 1.550000 0.142500
v 0.240031 1.429455 0.131653
v 0.183712 1.327261 0.100763
v 0.099424 1.258978 0.054532
v 0.057403 1.841022 0.094453
v 0.106066 1.772739 0.174526
v 0.138582 1.670545 0.228029
v 0.150000 1.550000 0.246817
v 0.138582 1.429455 0.228029
v 0.106066 1.327261 0.174526
v 0.057403 1.258978 0.094453
v 0.000000 1.841022 0.109065
v -0.000000 1.772739 0.201525
v 0.000000 1.258978 0.109065
v 0.157201 1.790976 0.078064
v 0.209613 1.749849 0.029761
v 0.235197 1.683305 0.070857
v 0.198597 1.683305 0.144560
v 0.150393 1.749849 0.149014
v 0.479587 1.931467 0.238157
v -0.144930 1.758022 -0.047563
v -0.186858 1.715090 0.008745
v -0.213180 1.645625 -0.026657
v -0.187521 1.645625 -0.104844
v -0.145340 1.715090 -0.117765
v -0.496037 1.870925 -0.162788
v 0.147230 1.791680 0.019954
v 0.183966 1.752275 -0.042250
v 0.225524 1.688516 -0.010956
v 0.214472 1.688516 0.070588
v 0.166084 1.752275 0.089692
v 0.494231 1.955015 0.066982
v -0.076456 1.786783 0.208700
v -0.021262 1.743343 0.251575
v -0.056979 1.673055 0.275146
v -0.134247 1.673055 0.246839
v -0.146285 1.743343 0.205773
v -0.204442 1.891036 0.558058
v 0.043924 1.810691 -0.031032
v 0.038604 1.784278 -0.108786
v 0.106824 1.741540 -0.125849
v 0.154307 1.741540 -0.058640
v 0.115433 1.784278 -0.000040
v 0.261298 2.090804 -0.184607
v -0.187799 1.723234 0.160930
v -0.151998 1.675889 0.217925
v -0.180709 1.599284 0.209040
v -0.234255 1.599284 0.146554
v -0.238637 1.675889 0.116821
v -0.481118 1.732499 0.412283
v -0.081679 1.838694 0.076772
v -0.062865 1.807249 0.150453
v -0.123612 1.756371 0.172652
v -0.179970 1.756371 0.112691
v -0.154055 1.807249 0.053434
v -0.300443 2.081928 0.282392
v 0.073432 1.640918 -0.165879
v 0.009358 1.593199 -0.185603
v 0.027436 1.515988 -0.163620
v 0.102683 1.515988 -0.130309
v 0.131110 1.593199 -0.131705
v 0.220561 1.509788 -0.498231
v -0.031946 1.839931 0.008233
v -0.057910 1.819774 0.083673
v -0.133147 1.787159 0.076803
v -0.153683 1.787159 -0.002883
v -0.091138 1.819774 -0.045262
v -0.246916 2.156189 0.063634
v 0.062996 1.781376 -0.070258
v 0.035240 1.745710 -0.139028
v 0.089464 1.688001 -0.161412
v 0.150732 1.688001 -0.106477
v 0.134374 1.745710 -0.050141
v 0.281617 1.986444 -0.314085
v -0.141173 1.624369 0.254092
v -0.079265 1.576608 0.279743
v -0.095487 1.499329 0.256582
v -0.167420 1.499329 0.216616
v -0.195656 1.576608 0.215077
v -0.318036 1.495194 0.572422
v 0.230200 1.643089 -0.006165
v 0.222704 1.595059 -0.072562
v 0.214139 1.517345 -0.046894
v 0.216342 1.517345 0.035366
v 0.226268 1.595059 0.060538
v 0.599133 1.528674 -0.016045
v -0.089313 1.704507 0.263310
v -0.028152 1.656495 0.290252
v -0.055283 1.578811 0.291076
v -0.133212 1.578811 0.264643
v -0.154243 1.656495 0.247483
v -0.213201 1.681128 0.628557
v -0.181684 1.766353 0.065563
v -0.178169 1.722445 0.135071
v -0.217677 1.651399 0.122294
v -0.245610 1.651399 0.044889
v -0.223365 1.722445 0.009828
v -0.533780 1.862191 0.192621
v 0.077120 1.839372 0.052523
v 0.146477 1.810191 0.019213
v 0.183751 1.762975 0.075364
v 0.137429 1.762975 0.143378
v 0.071527 1.810191 0.129262
v 0.312744 2.100195 0.212998
v 0.129916 1.800831 0.009900
v 0.165991 1.763791 -0.054117
v 0.214244 1.703859 -0.024937
v 0.207991 1.703859 0.057115
v 0.155873 1.763791 0.078646
v 0.464957 1.991606 0.035433
v 0.128265 1.807099 0.025943
v 0.172633 1.770654 -0.033005
v 0.218028 1.711687 0.002120
v 0.201714 1.711687 0.082777
v 0.146238 1.770654 0.097500
v 0.454008 2.004203 0.091827
v 0.214703 1.713845 0.092990
v 0.249128 1.666262 0.035350
v 0.251912 1.589270 0.064267
v 0.219208 1.589270 0.139779
v 0.196211 1.666262 0.157531
v 0.569269 1.713188 0.246556
v -0.025386 1.843066 0.009976
v -0.042467 1.824141 0.088217
v -0.118801 1.793521 0.090891
v -0.148897 1.793521 0.014302
v -0.091164 1.824141 -0.035706
v -0.223721 2.165385 0.087912
v -0.045399 1.795973 -0.053288
v -0.120344 1.765328 -0.038601
v -0.140255 1.715744 -0.101183
v -0.077615 1.715744 -0.154549
v -0.018991 1.765328 -0.124948
v -0.236653 2.045625 -0.277779
v 0.097561 1.700283 0.261350
v 0.161733 1.652189 0.242894
v 0.140825 1.574372 0.259597
v 0.063731 1.574372 0.288375
v 0.036993 1.652189 0.289459
v 0.232308 1.671155 0.622314
v 0.062707 1.643928 0.289425
v 0.126864 1.595749 0.271139
v 0.100543 1.517795 0.269745
v 0.020119 1.517795 0.287169
v -0.003265 1.595749 0.299332
v 0.141541 1.540527 0.653284
v 0.110000 1.695000 -0.250000
v 0.110000 1.545000 -0.250000
v 0.093130 1.689291 -0.226780
v 0.078828 1.673033 -0.207095
v 0.069272 1.648701 -0.193942
v 0.065916 1.620000 -0.189324
v 0.069272 1.591299 -0.193942
v 0.078828 1.566967 -0.207095
v 0.093130 1.550709 -0.226780
v 0.082703 1.689291 -0.241131
v 0.059563 1.673033 -0.233612
v 0.044100 1.648701 -0.228588
v 0.038671 1.620000 -0.226824
v 0.044100 1.591299 -0.228588
v 0.059563 1.566967 -0.233612
v 0.082703 1.550709 -0.241131
v 0.082703 1.689291 -0.258869
v 0.059563 1.673033 -0.266388
v 0.044100 1.648701 -0.271412
v 0.038671 1.620000 -0.273176
v 0.044100 1.591299 -0.271412
v 0.059563 1.566967 -0.266388
v 0.082703 1.550709 -0.258869
v 0.093130 1.689291 -0.273220
v 0.078828 1.673033 -0.292905
v 0.069272 1.648701 -0.306058
v 0.065916 1.620000 -0.310676
v 0.069272 1.591299 -0.306058
v 0.078828 1.566967 -0.292905
v 0.093130 1.550709 -0.273220
v 0.110000 1.689291 -0.278701
v 0.110000 1.673033 -0.303033
v 0.110000 1.648701 -0.319291
v 0.110000 1.620000 -0.325000
v 0.110000 1.591299 -0.319291
v 0.110000 1.566967 -0.303033
v 0.110000 1.550709 -0.278701
v 0.126870 1.689291 -0.273220
v 0.141172 1.673033 -0.292905
v 0.150728 1.648701 -0.306058
v 0.154084 1.620000 -0.310676
v 0.150728 1.591299 -0.306058
v 0.141172 1.566967 -0.292905
v 0.126870 1.550709 -0.273220
v 0.137296 1.689291 -0.258869
v 0.160437 1.673033 -0.266388
v 0.175900 1.648701 -0.271412
v 0.181329 1.620000 -0.273176
v 0.175900 1.591299 -0.271412
v 0.160437 1.566967 -0.266388
v 0.137296 1.550709 -0.258869
v 0.137296 1.689291 -0.241131
v 0.160437 1.673033 -0.233612
v 0.175900 1.648701 -0.228588
v 0.181329 1.620000 -0.226824
v 0.175900 1.591299 -0.228588
v 0.160437 1.566967 -0.233612
v 0.137296 1.550709 -0.241131
v 0.126870 1.689291 -0.226780
v 0.141172 1.673033 -0.207095
v 0.150728 1.648701 -0.193942
v 0.154084 1.620000 -0.189324
v 0.150728 1.591299 -0.193942
v 0.141172 1.566967 -0.207095
v 0.126870 1.550709 -0.226780
v 0.110000 1.689291 -0.221299
v 0.110000 1.673033 -0.196967
v 0.110000 1.648701 -0.180709
v 0.110000 1.620000 -0.175000
v 0.110000 1.591299 -0.180709
v 0.110000 1.566967 -0.196967
v 0.110000 1.550709 -0.221299
v 0.110000 1.655000 -0.320000
v 0.110000 1.650311 -0.302500
v 0.110000 1.620000 -0.285000
v 0.110000 1.589689 -0.302500
v 0.110000 1.585000 -0.320000
v 0.097626 1.650311 -0.307626
v 0.088567 1.637500 -0.298567
v 0.085251 1.620000 -0.295251
v 0.088567 1.602500 -0.298567
v 0.097626 1.589689 -0.307626
v 0.092500 1.650311 -0.320000
v 0.079689 1.637500 -0.320000
v 0.075000 1.620000 -0.320000
v 0.079689 1.602500 -0.320000
v 0.092500 1.589689 -0.320000
v 0.097626 1.650311 -0.332374
v 0.088567 1.637500 -0.341433
v 0.085251 1.620000 -0.344749
v 0.088567 1.602500 -0.341433
v 0.097626 1.589689 -0.332374
v 0.110000 1.650311 -0.337500
v 0.110000 1.637500 -0.350311
v 0.110000 1.620000 -0.355000
v 0.110000 1.602500 -0.350311
v 0.110000 1.589689 -0.337500
v 0.122374 1.650311 -0.332374
v 0.131433 1.637500 -0.341433
v 0.134749 1.620000 -0.344749
v 0.131433 1.602500 -0.341433
v 0.122374 1.589689 -0.332374
v 0.127500 1.650311 -0.320000
v 0.140311 1.637500 -0.320000
v 0.145000 1.620000 -0.320000
v 0.140311 1.602500 -0.320000
v 0.127500 1.589689 -0.320000
v 0.122374 1.650311 -0.307626
v 0.131433 1.637500 -0.298567
v 0.134749 1.620000 -0.295251
v 0.131433 1.602500 -0.298567
v 0.122374 1.589689 -0.307626
v 0.110000 1.637500 -0.289689
v 0.110000 1.602500 -0.289689
v 0.100000 1.470000 -0.310000
v 0.071468 1.470000 -0.289271
v 0.082366 1.470000 -0.255729
v 0.117634 1.470000 -0.255729
v 0.128532 1.470000 -0.289271
v 0.100000 1.330000 -0.280000
v -0.110000 1.695000 -0.250000
v -0.110000 1.545000 -0.250000
v -0.126870 1.689291 -0.226780
v -0.141172 1.673033 -0.207095
v -0.150728 1.648701 -0.193942
v -0.154084 1.620000 -0.189324
v -0.150728 1.591299 -0.193942
v -0.141172 1.566967 -0.207095
v -0.126870 1.550709 -0.226780
v -0.137297 1.689291 -0.241131
v -0.160437 1.673033 -0.233612
v -0.175900 1.648701 -0.228588
v -0.181329 1.620000 -0.226824
v -0.175900 1.591299 -0.228588
v -0.160437 1.566967 -0.233612
v -0.137297 1.550709 -0.241131
v -0.137297 1.689291 -0.258869
v -0.160437 1.673033 -0.266388
v -0.175900 1.648701 -0.271412
v -0.181329 1.620000 -0.273176
v -0.175900 1.591299 -0.271412
v -0.160437 1.566967 -0.266388
v -0.137297 1.550709 -0.258869
v -0.126870 1.689291 -0.273220
v -0.141172 1.673033 -0.292905
v -0.150728 1.648701 -0.306058
v -0.154084 1.620000 -0.310676
v -0.150728 1.591299 -0.306058
v -0.141172 1.566967 -0.292905
v -0.126870 1.550709 -0.273220
v -0.110000 1.689291 -0.278701
v -0.110000 1.673033 -0.303033
v -0.110000 1.648701 -0.319291
v -0.110000 1.620000 -0.325000
v -0.110000 1.591299 -0.319291
v -0.110000 1.566967 -0.303033
v -0.110000 1.550709 -0.278701
v -0.093130 1.689291 -0.273220
v -0.078828 1.673033 -0.292905
v -0.069272 1.648701 -0.306058
v -0.065916 1.620000 -0.310676
v -0.069272 1.591299 -0.306058
v -0.078828 1.566967 -0.292905
v -0.093130 1.550709 -0.273220
v -0.082704 1.689291 -0.258869
v -0.059563 1.673033 -0.266388
v -0.044100 1.648701 -0.271412
v -0.038671 1.620000 -0.273176
v -0.044100 1.591299 -0.271412
v -0.059563 1.566967 -0.266388
v -0.082704 1.550709 -0.258869
v -0.082704 1.689291 -0.241131
v -0.059563 1.673033 -0.233612
v -0.044100 1.648701 -0.228588
v -0.038671 1.620000 -0.226824
v -0.044100 1.591299 -0.228588
v -0.059563 1.566967 -0.233612
v -0.082704 1.550709 -0.241131
v -0.093130 1.689291 -0.226780
v -0.078828 1.673033 -0.207095
v -0.069272 1.648701 -0.193942
v -0.065916 1.620000 -0.189324
v -0.069272 1.591299 -0.193942
v -0.078828 1.566967 -0.207095
v -0.093130 1.550709 -0.226780
v -0.110000 1.689291 -0.221299
v -0.110000 1.673033 -0.196967
v -0.110000 1.648701 -0.180709
v -0.110000 1.620000 -0.175000
v -0.110000 1.591299 -0.180709
v -0.110000 1.566967 -0.196967
v -0.110000 1.550709 -0.221299
v -0.110000 1.655000 -0.320000
v -0.110000 1.650311 -0.302500
v -0.110000 1.620000 -0.285000
v -0.110000 1.589689 -0.302500
v -0.110000 1.585000 -0.320000
v -0.122374 1.650311 -0.307626
v -0.131433 1.637500 -0.298567
v -0.134749 1.620000 -0.295251
v -0.131433 1.602500 -0.298567
v -0.122374 1.589689 -0.307626
v -0.127500 1.650311 -0.320000
v -0.140311 1.637500 -0.320000
v -0.145000 1.620000 -0.320000
v -0.140311 1.602500 -0.320000
v -0.127500 1.589689 -0.320000
v -0.122374 1.650311 -0.332374
v -0.131433 1.637500 -0.341433
v -0.134749 1.620000 -0.344749
v -0.131433 1.602500 -0.341433
v -0.122374 1.589689 -0.332374
v -0.110000 1.650311 -0.337500
v -0.110000 1.637500 -0.350311
v -0.110000 1.620000 -0.355000
v -0.110000 1.602500 -0.350311
v -0.110000 1.589689 -0.337500
v -0.097626 1.650311 -0.332374
v -0.088567 1.637500 -0.341433
v -0.085251 1.620000 -0.344749
v -0.088567 1.602500 -0.341433
v -0.097626 1.589689 -0.332374
v -0.092500 1.650311 -0.320000
v -0.079689 1.637500 -0.320000
v -0.075000 1.620000 -0.320000
v -0.079689 1.602500 -0.320000
v -0.092500 1.589689 -0.320000
v -0.097626 1.650311 -0.307626
v -0.088567 1.637500 -0.298567
v -0.085251 1.620000 -0.295251
v -0.088567 1.602500 -0.298567
v -0.097626 1.589689 -0.307626
v -0.110000 1.637500 -0.289689
v -0.110000 1.602500 -0.289689
v -0.100000 1.470000 -0.310000
v -0.128532 1.470000 -0.289271
v -0.117634 1.470000 -0.255729
v -0.082366 1.470000 -0.255729
v -0.071468 1.470000 -0.289271
v -0.100000 1.330000 -0.280000
v -0.000000 1.435378 -0.302291
v -0.000000 1.215378 -0.382291
v -0.031820 1.430874 -0.289904
v -0.031820 1.210874 -0.369904
v -0.045000 1.420000 -0.260000
v -0.045000 1.200000 -0.340000
v -0.031820 1.409126 -0.230096
v -0.031820 1.189126 -0.310096
v -0.000000 1.404621 -0.217709
v -0.000000 1.184622 -0.297709
v 0.031820 1.409126 -0.230096
v 0.031820 1.189126 -0.310096
v 0.045000 1.420000 -0.260000
v 0.045000 1.200000 -0.340000
v 0.031820 1.430874 -0.289904
v 0.031820 1.210874 -0.369904
v -0.000000 1.245000 -0.340000
v -0.000000 1.238971 -0.317500
v -0.000000 1.222500 -0.301029
v -0.000000 1.200000 -0.295000
v -0.000000 1.177500 -0.301029
v -0.000000 1.161029 -0.317500
v -0.000000 1.155000 -0.340000
v -0.015910 1.238971 -0.324090
v -0.027557 1.222500 -0.312443
v -0.031820 1.200000 -0.308180
v -0.027557 1.177500 -0.312443
v -0.015910 1.161029 -0.324090
v -0.022500 1.238971 -0.340000
v -0.038971 1.222500 -0.340000
v -0.045000 1.200000 -0.340000
v -0.038971 1.177500 -0.340000
v -0.022500 1.161029 -0.340000
v -0.015910 1.238971 -0.355910
v -0.027557 1.222500 -0.367557
v -0.031820 1.200000 -0.371820
v -0.027557 1.177500 -0.367557
v -0.015910 1.161029 -0.355910
v -0.000000 1.238971 -0.362500
v -0.000000 1.222500 -0.378971
v -0.000000 1.200000 -0.385000
v -0.000000 1.177500 -0.378971
v -0.000000 1.161029 -0.362500
v 0.015910 1.238971 -0.355910
v 0.027557 1.222500 -0.367557
v 0.031820 1.200000 -0.371820
v 0.027557 1.177500 -0.367557
v 0.015910 1.161029 -0.355910
v 0.022500 1.238971 -0.340000
v 0.038971 1.222500 -0.340000
v 0.045000 1.200000 -0.340000
v 0.038971 1.177500 -0.340000
v 0.022500 1.161029 -0.340000
v 0.015910 1.238971 -0.324090
v 0.027557 1.222500 -0.312443
v 0.031820 1.200000 -0.308180
v 0.027557 1.177500 -0.312443
v 0.015910 1.161029 -0.324090
v -0.036949 1.207278 -0.315367
v -0.066949 0.987278 -0.295367
v -0.008477 1.205146 -0.296106
v -0.038477 0.985146 -0.276106
v 0.024962 1.200000 -0.302558
v -0.005039 0.980000 -0.282558
v 0.043778 1.194854 -0.330942
v 0.013778 0.974854 -0.310942
v 0.036949 1.192722 -0.364633
v 0.006949 0.972722 -0.344633
v 0.008477 1.194854 -0.383894
v -0.021523 0.974854 -0.363894
v -0.024962 1.200000 -0.377442
v -0.054962 0.980000 -0.357442
v -0.043778 1.205146 -0.349058
v -0.073778 0.985146 -0.329058
v -0.030000 1.025000 -0.320000
v -0.030000 1.018971 -0.297500
v -0.030000 1.002500 -0.281029
v -0.030000 0.980000 -0.275000
v -0.030000 0.957500 -0.281029
v -0.030000 0.941029 -0.297500
v -0.030000 0.935000 -0.320000
v -0.045910 1.018971 -0.304090
v -0.057557 1.002500 -0.292443
v -0.061820 0.980000 -0.288180
v -0.057557 0.957500 -0.292443
v -0.045910 0.941029 -0.304090
v -0.052500 1.018971 -0.320000
v -0.068971 1.002500 -0.320000
v -0.075000 0.980000 -0.320000
v -0.068971 0.957500 -0.320000
v -0.052500 0.941029 -0.320000
v -0.045910 1.018971 -0.335910
v -0.057557 1.002500 -0.347557
v -0.061820 0.980000 -0.351820
v -0.057557 0.957500 -0.347557
v -0.045910 0.941029 -0.335910
v -0.030000 1.018971 -0.342500
v -0.030000 1.002500 -0.358971
v -0.030000 0.980000 -0.365000
v -0.030000 0.957500 -0.358971
v -0.030000 0.941029 -0.342500
v -0.014090 1.018971 -0.335910
v -0.002443 1.002500 -0.347557
v 0.001820 0.980000 -0.351820
v -0.002443 0.957500 -0.347557
v -0.014090 0.941029 -0.335910
v -0.007500 1.018971 -0.320000
v 0.008971 1.002500 -0.320000
v 0.015000 0.980000 -0.320000
v 0.008971 0.957500 -0.320000
v -0.007500 0.941029 -0.320000
v -0.014090 1.018971 -0.304090
v -0.002443 1.002500 -0.292443
v 0.001820 0.980000 -0.288180
v -0.002443 0.957500 -0.292443
v -0.014090 0.941029 -0.304090
v 0.000000 1.300000 0.020000
v 0.000000 1.225922 0.103149
v 0.000000 1.069134 0.054442
v 0.000000 1.060000 0.020000
v -0.019134 1.290865 0.049827
v -0.035355 1.264853 0.075114
v -0.046194 1.225922 0.092009
v -0.050000 1.180000 0.097942
v -0.046194 1.134078 0.092009
v -0.035355 1.095147 0.075114
v -0.019134 1.069134 0.049827
v -0.033141 1.290865 0.037221
v -0.061237 1.264853 0.051820
v -0.080010 1.225922 0.061575
v -0.086603 1.180000 0.065000
v -0.080010 1.134078 0.061575
v -0.061237 1.095147 0.051820
v -0.033141 1.069134 0.037221
v -0.038268 1.290865 0.020000
v -0.070711 1.264853 0.020000
v -0.092388 1.225922 0.020000
v -0.100000 1.180000 0.020000
v -0.092388 1.134078 0.020000
v -0.070711 1.095147 0.020000
v -0.038268 1.069134 0.020000
v -0.033141 1.290865 0.002779
v -0.061237 1.264853 -0.011820
v -0.080010 1.225922 -0.021575
v -0.086603 1.180000 -0.025000
v -0.080010 1.134078 -0.021575
v -0.061237 1.095147 -0.011820
v -0.033141 1.069134 0.002779
v -0.019134 1.290865 -0.009827
v -0.035355 1.264853 -0.035114
v -0.046194 1.225922 -0.052009
v -0.050000 1.180000 -0.057942
v -0.046194 1.134078 -0.052009
v -0.035355 1.095147 -0.035114
v -0.019134 1.069134 -0.009827
v -0.000000 1.290865 -0.014442
v -0.000000 1.264853 -0.043640
v -0.000000 1.225922 -0.063149
v -0.000000 1.180000 -0.070000
v -0.000000 1.134078 -0.063149
v -0.000000 1.095147 -0.043640
v -0.000000 1.069134 -0.014442
v 0.019134 1.290865 -0.009827
v 0.035355 1.264853 -0.035114
v 0.046194 1.225922 -0.052009
v 0.050000 1.180000 -0.057942
v 0.046194 1.134078 -0.052009
v 0.035355 1.095147 -0.035114
v 0.019134 1.069134 -0.009827
v 0.033141 1.290865 0.002779
v 0.061237 1.264853 -0.011820
v 0.080010 1.225922 -0.021575
v 0.086603 1.180000 -0.025000
v 0.080010 1.134078 -0.021575
v 0.061237 1.095147 -0.011820
v 0.033141 1.069134 0.002779
v 0.038268 1.290865 0.020000
v 0.070711 1.264853 0.020000
v 0.092388 1.225922 0.020000
v 0.100000 1.180000 0.020000
v 0.092388 1.134078 0.020000
v 0.070711 1.095147 0.020000
v 0.038268 1.069134 0.020000
v 0.033141 1.290865 0.037221
v 0.061237 1.264853 0.051820
v 0.080010 1.225922 0.061575
v 0.086603 1.180000 0.065000
v 0.080010 1.134078 0.061575
v 0.061237 1.095147 0.051820
v 0.033141 1.069134 0.037221
v 0.019134 1.290865 0.049827
v 0.035355 1.264853 0.075114
v 0.046194 1.225922 0.092009
v 0.050000 1.180000 0.097942
v 0.046194 1.134078 0.092009
v 0.035355 1.095147 0.075114
v 0.019134 1.069134 0.049827
v 0.000000 1.290865 0.054442
v -0.000000 1.264853 0.083640
v -0.000000 1.180000 0.110000
v -0.000000 1.134078 0.103149
v -0.000000 1.095147 0.083640
v 0.146323 1.257136 0.041936
v 0.194323 0.957136 0.081936
v 0.154457 1.255046 0.016498
v 0.202457 0.955046 0.056498
v 0.142406 1.250000 -0.006888
v 0.190406 0.950000 0.033112
v 0.117231 1.244954 -0.014523
v 0.165231 0.944954 0.025477
v 0.093677 1.242864 -0.001936
v 0.141677 0.942864 0.038064
v 0.085543 1.244954 0.023502
v 0.133543 0.944954 0.063502
v 0.097594 1.250000 0.046888
v 0.145594 0.950000 0.086888
v 0.122769 1.255046 0.054523
v 0.170769 0.955046 0.094523
v 0.168000 0.985000 0.060000
v 0.168000 0.980311 0.077500
v 0.168000 0.950000 0.095000
v 0.168000 0.919689 0.077500
v 0.168000 0.915000 0.060000
v 0.155626 0.980311 0.072374
v 0.146567 0.967500 0.081433
v 0.143251 0.950000 0.084749
v 0.146567 0.932500 0.081433
v 0.155626 0.919689 0.072374
v 0.150500 0.980311 0.060000
v 0.137689 0.967500 0.060000
v 0.133000 0.950000 0.060000
v 0.137689 0.932500 0.060000
v 0.150500 0.919689 0.060000
v 0.155626 0.980311 0.047626
v 0.146567 0.967500 0.038567
v 0.143251 0.950000 0.035251
v 0.146567 0.932500 0.038567
v 0.155626 0.919689 0.047626
v 0.168000 0.980311 0.042500
v 0.168000 0.967500 0.029689
v 0.168000 0.950000 0.025000
v 0.168000 0.932500 0.029689
v 0.168000 0.919689 0.042500
v 0.180374 0.980311 0.047626
v 0.189433 0.967500 0.038567
v 0.192749 0.950000 0.035251
v 0.189433 0.932500 0.038567
v 0.180374 0.919689 0.047626
v 0.185500 0.980311 0.060000
v 0.198311 0.967500 0.060000
v 0.203000 0.950000 0.060000
v 0.198311 0.932500 0.060000
v 0.185500 0.919689 0.060000
v 0.180374 0.980311 0.072374
v 0.189433 0.967500 0.081433
v 0.192749 0.950000 0.084749
v 0.189433 0.932500 0.081433
v 0.180374 0.919689 0.072374
v 0.168000 0.967500 0.090311
v 0.168000 0.932500 0.090311
v 0.145010 0.964731 0.038104
v 0.061009 0.714731 -0.041896
v 0.134675 0.960417 0.062439
v 0.050675 0.710417 -0.017561
v 0.143862 0.950000 0.085345
v 0.059862 0.700000 0.005345
v 0.167189 0.939583 0.093404
v 0.083189 0.689583 0.013404
v 0.190991 0.935269 0.081896
v 0.106991 0.685269 0.001896
v 0.201325 0.939583 0.057561
v 0.117325 0.689583 -0.022439
v 0.192138 0.950000 0.034655
v 0.108138 0.700000 -0.045345
v 0.168811 0.960417 0.026596
v 0.084811 0.710417 -0.053404
v 0.084000 0.735000 -0.020000
v 0.084000 0.730311 -0.002500
v 0.084000 0.700000 0.015000
v 0.084000 0.669689 -0.002500
v 0.084000 0.665000 -0.020000
v 0.071626 0.730311 -0.007626
v 0.062567 0.717500 0.001433
v 0.059251 0.700000 0.004749
v 0.062567 0.682500 0.001433
v 0.071626 0.669689 -0.007626
v 0.066500 0.730311 -0.020000
v 0.053689 0.717500 -0.020000
v 0.049000 0.700000 -0.020000
v 0.053689 0.682500 -0.020000
v 0.066500 0.669689 -0.020000
v 0.071626 0.730311 -0.032374
v 0.062567 0.717500 -0.041433
v 0.059251 0.700000 -0.044749
v 0.062567 0.682500 -0.041433
v 0.071626 0.669689 -0.032374
v 0.084000 0.730311 -0.037500
v 0.084000 0.717500 -0.050311
v 0.084000 0.700000 -0.055000
v 0.084000 0.682500 -0.050311
v 0.084000 0.669689 -0.037500
v 0.096374 0.730311 -0.032374
v 0.105433 0.717500 -0.041433
v 0.108749 0.700000 -0.044749
v 0.105433 0.682500 -0.041433
v 0.096374 0.669689 -0.032374
v 0.101500 0.730311 -0.020000
v 0.114311 0.717500 -0.020000
v 0.119000 0.700000 -0.020000
v 0.114311 0.682500 -0.020000
v 0.101500 0.669689 -0.020000
v 0.096374 0.730311 -0.007626
v 0.105433 0.717500 0.001433
v 0.108749 0.700000 0.004749
v 0.105433 0.682500 0.001433
v 0.096374 0.669689 -0.007626
v 0.084000 0.717500 0.010311
v 0.084000 0.682500 0.010311
v 0.110113 0.716020 -0.003075
v 0.218113 0.466020 0.066925
v 0.115926 0.711328 -0.028800
v 0.223926 0.461328 0.041200
v 0.103036 0.700000 -0.049370
v 0.211036 0.450000 0.020630
v 0.078996 0.688672 -0.052736
v 0.186996 0.438672 0.017264
v 0.057887 0.683980 -0.036925
v 0.165887 0.433980 0.033075
v 0.052074 0.688672 -0.011200
v 0.160074 0.438672 0.058800
v 0.064964 0.700000 0.009370
v 0.172964 0.450000 0.079370
v 0.089004 0.711328 0.012736
v 0.197004 0.461328 0.082736
v 0.192000 0.485000 0.050000
v 0.192000 0.480311 0.067500
v 0.192000 0.450000 0.085000
v 0.192000 0.419689 0.067500
v 0.192000 0.415000 0.050000
v 0.179626 0.480311 0.062374
v 0.170567 0.467500 0.071433
v 0.167251 0.450000 0.074749
v 0.170567 0.432500 0.071433
v 0.179626 0.419689 0.062374
v 0.174500 0.480311 0.050000
v 0.161689 0.467500 0.050000
v 0.157000 0.450000 0.050000
v 0.161689 0.432500 0.050000
v 0.174500 0.419689 0.050000
v 0.179626 0.480311 0.037626
v 0.170567 0.467500 0.028567
v 0.167251 0.450000 0.025251
v 0.170567 0.432500 0.028567
v 0.179626 0.419689 0.037626
v 0.192000 0.480311 0.032500
v 0.192000 0.467500 0.019689
v 0.192000 0.450000 0.015000
v 0.192000 0.432500 0.019689
v 0.192000 0.419689 0.032500
v 0.204374 0.480311 0.037626
v 0.213433 0.467500 0.028567
v 0.216749 0.450000 0.025251
v 0.213433 0.432500 0.028567
v 0.204374 0.419689 0.037626
v 0.209500 0.480311 0.050000
v 0.222311 0.467500 0.050000
v 0.227000 0.450000 0.050000
v 0.222311 0.432500 0.050000
v 0.209500 0.419689 0.050000
v 0.204374 0.480311 0.062374
v 0.213433 0.467500 0.071433
v 0.216749 0.450000 0.074749
v 0.213433 0.432500 0.071433
v 0.204374 0.419689 0.062374
v 0.192000 0.467500 0.080311
v 0.192000 0.432500 0.080311
v 0.000000 1.254626 0.054693
v -0.000000 0.954626 0.094693
v 0.024749 1.253271 0.044532
v 0.024749 0.953271 0.084532
v 0.035000 1.250000 0.020000
v 0.035000 0.950000 0.060000
v 0.024749 1.246729 -0.004532
v 0.024749 0.946729 0.035468
v 0.000000 1.245374 -0.014693
v -0.000000 0.945374 0.025307
v -0.024749 1.246729 -0.004532
v -0.024749 0.946729 0.035468
v -0.035000 1.250000 0.020000
v -0.035000 0.950000 0.060000
v -0.024749 1.253271 0.044532
v -0.024749 0.953271 0.084532
v 0.000000 0.985000 0.060000
v 0.000000 0.980311 0.077500
v 0.000000 0.950000 0.095000
v 0.000000 0.919689 0.077500
v 0.000000 0.915000 0.060000
v -0.012374 0.980311 0.072374
v -0.021433 0.967500 0.081433
v -0.024749 0.950000 0.084749
v -0.021433 0.932500 0.081433
v -0.012374 0.919689 0.072374
v -0.017500 0.980311 0.060000
v -0.030311 0.967500 0.060000
v -0.035000 0.950000 0.060000
v -0.030311 0.932500 0.060000
v -0.017500 0.919689 0.060000
v -0.012374 0.980311 0.047626
v -0.021433 0.967500 0.038567
v -0.024749 0.950000 0.035251
v -0.021433 0.932500 0.038567
v -0.012374 0.919689 0.047626
v 0.000000 0.980311 0.042500
v 0.000000 0.967500 0.029689
v 0.000000 0.950000 0.025000
v 0.000000 0.932500 0.029689
v 0.000000 0.919689 0.042500
v 0.012374 0.980311 0.047626
v 0.021433 0.967500 0.038567
v 0.024749 0.950000 0.035251
v 0.021433 0.932500 0.038567
v 0.012374 0.919689 0.047626
v 0.017500 0.980311 0.060000
v 0.030311 0.967500 0.060000
v 0.035000 0.950000 0.060000
v 0.030311 0.932500 0.060000
v 0.017500 0.919689 0.060000
v 0.012374 0.980311 0.072374
v 0.021433 0.967500 0.081433
v 0.024749 0.950000 0.084749
v 0.021433 0.932500 0.081433
v 0.012374 0.919689 0.072374
v 0.000000 0.967500 0.090311
v 0.000000 0.932500 0.090311
v 0.000000 0.960667 0.026665
v -0.000000 0.710667 -0.053335
v -0.024749 0.957543 0.036429
v -0.024749 0.707543 -0.043571
v -0.035000 0.950000 0.060000
v -0.035000 0.700000 -0.020000
v -0.024749 0.942457 0.083571
v -0.024749 0.692457 0.003571
v 0.000000 0.939333 0.093335
v 0.000000 0.689333 0.013335
v 0.024749 0.942457 0.083571
v 0.024749 0.692457 0.003571
v 0.035000 0.950000 0.060000
v 0.035000 0.700000 -0.020000
v 0.024749 0.957543 0.036429
v 0.024749 0.707543 -0.043571
v -0.000000 0.735000 -0.020000
v -0.000000 0.730311 -0.002500
v 0.000000 0.700000 0.015000
v -0.000000 0.669689 -0.002500
v -0.000000 0.665000 -0.020000
v -0.012374 0.730311 -0.007626
v -0.021433 0.717500 0.001433
v -0.024749 0.700000 0.004749
v -0.021433 0.682500 0.001433
v -0.012374 0.669689 -0.007626
v -0.017500 0.730311 -0.020000
v -0.030311 0.717500 -0.020000
v -0.035000 0.700000 -0.020000
v -0.030311 0.682500 -0.020000
v -0.017500 0.669689 -0.020000
v -0.012374 0.730311 -0.032374
v -0.021433 0.717500 -0.041433
v -0.024749 0.700000 -0.044749
v -0.021433 0.682500 -0.041433
v -0.012374 0.669689 -0.032374
v -0.000000 0.730311 -0.037500
v -0.000000 0.717500 -0.050311
v -0.000000 0.700000 -0.055000
v -0.000000 0.682500 -0.050311
v -0.000000 0.669689 -0.037500
v 0.012374 0.730311 -0.032374
v 0.021433 0.717500 -0.041433
v 0.024749 0.700000 -0.044749
v 0.021433 0.682500 -0.041433
v 0.012374 0.669689 -0.032374
v 0.017500 0.730311 -0.020000
v 0.030311 0.717500 -0.020000
v 0.035000 0.700000 -0.020000
v 0.030311 0.682500 -0.020000
v 0.017500 0.669689 -0.020000
v 0.012374 0.730311 -0.007626
v 0.021433 0.717500 0.001433
v 0.024749 0.700000 0.004749
v 0.021433 0.682500 0.001433
v 0.012374 0.669689 -0.007626
v 0.000000 0.717500 0.010311
v 0.000000 0.682500 0.010311
v 0.000000 0.707953 0.014084
v -0.000000 0.407953 0.084084
v 0.024749 0.705624 0.004101
v 0.024749 0.405624 0.074101
v 0.035000 0.700000 -0.020000
v 0.035000 0.400000 0.050000
v 0.024749 0.694376 -0.044101
v 0.024749 0.394376 0.025899
v 0.000000 0.692047 -0.054084
v -0.000000 0.392047 0.015916
v -0.024749 0.694376 -0.044101
v -0.024749 0.394376 0.025899
v -0.035000 0.700000 -0.020000
v -0.035000 0.400000 0.050000
v -0.024749 0.705624 0.004101
v -0.024749 0.405624 0.074101
v 0.000000 0.435000 0.050000
v 0.000000 0.430311 0.067500
v 0.000000 0.400000 0.085000
v 0.000000 0.369689 0.067500
v 0.000000 0.365000 0.050000
v -0.012374 0.430311 0.062374
v -0.021433 0.417500 0.071433
v -0.024749 0.400000 0.074749
v -0.021433 0.382500 0.071433
v -0.012374 0.369689 0.062374
v -0.017500 0.430311 0.050000
v -0.030311 0.417500 0.050000
v -0.035000 0.400000 0.050000
v -0.030311 0.382500 0.050000
v -0.017500 0.369689 0.050000
v -0.012374 0.430311 0.037626
v -0.021433 0.417500 0.028567
v -0.024749 0.400000 0.025251
v -0.021433 0.382500 0.028567
v -0.012374 0.369689 0.037626
v 0.000000 0.430311 0.032500
v 0.000000 0.417500 0.019689
v 0.000000 0.400000 0.015000
v 0.000000 0.382500 0.019689
v 0.000000 0.369689 0.032500
v 0.012374 0.430311 0.037626
v 0.021433 0.417500 0.028567
v 0.024749 0.400000 0.025251
v 0.021433 0.382500 0.028567
v 0.012374 0.369689 0.037626
v 0.017500 0.430311 0.050000
v 0.030311 0.417500 0.050000
v 0.035000 0.400000 0.050000
v 0.030311 0.382500 0.050000
v 0.017500 0.369689 0.050000
v 0.012374 0.430311 0.062374
v 0.021433 0.417500 0.071433
v 0.024749 0.400000 0.074749
v 0.021433 0.382500 0.071433
v 0.012374 0.369689 0.062374
v 0.000000 0.417500 0.080311
v 0.000000 0.382500 0.080311
v -0.146323 1.257136 0.041936
v -0.194323 0.957136 0.081936
v -0.122769 1.255046 0.054523
v -0.170769 0.955046 0.094523
v -0.097594 1.250000 0.046888
v -0.145594 0.950000 0.086888
v -0.085543 1.244954 0.023502
v -0.133543 0.944954 0.063502
v -0.093677 1.242864 -0.001936
v -0.141677 0.942864 0.038064
v -0.117231 1.244954 -0.014523
v -0.165231 0.944954 0.025477
v -0.142406 1.250000 -0.006888
v -0.190406 0.950000 0.033112
v -0.154457 1.255046 0.016498
v -0.202457 0.955046 0.056498
v -0.168000 0.985000 0.060000
v -0.168000 0.980311 0.077500
v -0.168000 0.950000 0.095000
v -0.168000 0.919689 0.077500
v -0.168000 0.915000 0.060000
v -0.180374 0.980311 0.072374
v -0.189433 0.967500 0.081433
v -0.192749 0.950000 0.084749
v -0.189433 0.932500 0.081433
v -0.180374 0.919689 0.072374
v -0.185500 0.980311 0.060000
v -0.198311 0.967500 0.060000
v -0.203000 0.950000 0.060000
v -0.198311 0.932500 0.060000
v -0.185500 0.919689 0.060000
v -0.180374 0.980311 0.047626
v -0.189433 0.967500 0.038567
v -0.192749 0.950000 0.035251
v -0.189433 0.932500 0.038567
v -0.180374 0.919689 0.047626
v -0.168000 0.980311 0.042500
v -0.168000 0.967500 0.029689
v -0.168000 0.950000 0.025000
v -0.168000 0.932500 0.029689
v -0.168000 0.919689 0.042500
v -0.155626 0.980311 0.047626
v -0.146567 0.967500 0.038567
v -0.143251 0.950000 0.035251
v -0.146567 0.932500 0.038567
v -0.155626 0.919689 0.047626
v -0.150500 0.980311 0.060000
v -0.137689 0.967500 0.060000
v -0.133000 0.950000 0.060000
v -0.137689 0.932500 0.060000
v -0.150500 0.919689 0.060000
v -0.155626 0.980311 0.072374
v -0.146567 0.967500 0.081433
v -0.143251 0.950000 0.084749
v -0.146567 0.932500 0.081433
v -0.155626 0.919689 0.072374
v -0.168000 0.967500 0.090311
v -0.168000 0.932500 0.090311
v -0.145010 0.964731 0.038104
v -0.061010 0.714731 -0.041896
v -0.168811 0.960417 0.026596
v -0.084811 0.710417 -0.053404
v -0.192138 0.950000 0.034655
v -0.108138 0.700000 -0.045345
v -0.201325 0.939583 0.057561
v -0.117325 0.689583 -0.022439
v -0.190991 0.935269 0.081896
v -0.106990 0.685269 0.001896
v -0.167189 0.939583 0.093404
v -0.083189 0.689583 0.013404
v -0.143862 0.950000 0.085345
v -0.059862 0.700000 0.005345
v -0.134675 0.960417 0.062439
v -0.050675 0.710417 -0.017561
v -0.084000 0.735000 -0.020000
v -0.084000 0.730311 -0.002500
v -0.084000 0.700000 0.015000
v -0.084000 0.669689 -0.002500
v -0.084000 0.665000 -0.020000
v -0.096374 0.730311 -0.007626
v -0.105433 0.717500 0.001433
v -0.108749 0.700000 0.004749
v -0.105433 0.682500 0.001433
v -0.096374 0.669689 -0.007626
v -0.101500 0.730311 -0.020000
v -0.114311 0.717500 -0.020000
v -0.119000 0.700000 -0.020000
v -0.114311 0.682500 -0.020000
v -0.101500 0.669689 -0.020000
v -0.096374 0.730311 -0.032374
v -0.105433 0.717500 -0.041433
v -0.108749 0.700000 -0.044749
v -0.105433 0.682500 -0.041433
v -0.096374 0.669689 -0.032374
v -0.084000 0.730311 -0.037500
v -0.084000 0.717500 -0.050311
v -0.084000 0.700000 -0.055000
v -0.084000 0.682500 -0.050311
v -0.084000 0.669689 -0.037500
v -0.071626 0.730311 -0.032374
v -0.062567 0.717500 -0.041433
v -0.059251 0.700000 -0.044749
v -0.062567 0.682500 -0.041433
v -0.071626 0.669689 -0.032374
v -0.066500 0.730311 -0.020000
v -0.053689 0.717500 -0.020000
v -0.049000 0.700000 -0.020000
v -0.053689 0.682500 -0.020000
v -0.066500 0.669689 -0.020000
v -0.071626 0.730311 -0.007626
v -0.062567 0.717500 0.001433
v -0.059251 0.700000 0.004749
v -0.062567 0.682500 0.001433
v -0.071626 0.669689 -0.007626
v -0.084000 0.717500 0.010311
v -0.084000 0.682500 0.010311
v -0.111566 0.712079 -0.002133
v -0.219566 0.362079 0.067867
v -0.090031 0.708541 0.013402
v -0.198031 0.358541 0.083402
v -0.064964 0.700000 0.009370
v -0.172964 0.350000 0.079370
v -0.051047 0.691459 -0.011866
v -0.159047 0.341459 0.058134
v -0.056434 0.687921 -0.037867
v -0.164434 0.337921 0.032133
v -0.077969 0.691459 -0.053402
v -0.185969 0.341459 0.016598
v -0.103036 0.700000 -0.049370
v -0.211036 0.350000 0.020630
v -0.116953 0.708541 -0.028134
v -0.224953 0.358541 0.041866
vn -0.0000 -0.8383 0.5452
vn -0.0000 -0.4744 0.8803
vn -0.6225 -0.4744 0.6225
vn -0.3855 -0.8383 0.3855
vn -0.0000 -0.0000 1.0000
vn -0.0000 0.4744 0.8803
vn -0.6225 0.4744 0.6225
vn -0.7071 -0.0000 0.7071
vn -0.0000 0.8383 0.5452
vn -0.0000 1.0000 -0.0000
vn -0.3855 0.8383 0.3855
vn -0.0000 -1.0000 -0.0000
vn -0.5452 -0.8383 -0.0000
vn -1.0000 -0.0000 -0.0000
vn -0.8803 -0.4744 -0.0000
vn -0.5452 0.8383 -0.0000
vn -0.8803 0.4744 -0.0000
vn -0.3855 -0.8383 -0.3855
vn -0.7071 -0.0000 -0.7071
vn -0.6225 -0.4744 -0.6225
vn -0.3855 0.8383 -0.3855
vn -0.6225 0.4744 -0.6225
vn -0.0000 -0.8383 -0.5452
vn -0.0000 -0.0000 -1.0000
vn -0.0000 -0.4744 -0.8803
vn -0.0000 0.8383 -0.5452
vn -0.0000 0.4744 -0.8803
vn 0.7071 -0.0000 -0.7071
vn 0.6225 -0.4744 -0.6225
vn 0.3855 0.8383 -0.3855
vn 0.6225 0.4744 -0.6225
vn 0.3855 -0.8383 -0.3855
vn 0.5452 0.8383 -0.0000
vn 0.8803 0.4744 -0.0000
vn 0.8803 -0.4744 -0.0000
vn 0.5452 -0.8383 -0.0000
vn 1.0000 -0.0000 -0.0000
vn 0.6225 -0.4744 0.6225
vn 0.3855 -0.8383 0.3855
vn 0.6225 0.4744 0.6225
vn 0.7071 -0.0000 0.7071
vn 0.3855 0.8383 0.3855
vn -0.0000 -0.8980 0.4401
vn -0.0000 -0.6588 0.7523
vn -0.3614 -0.6627 0.6559
vn -0.2095 -0.8996 0.3832
vn -0.0000 -0.3440 0.9390
vn -0.4844 -0.0000 0.8749
vn -0.4538 -0.3473 0.8206
vn -0.0000 0.3440 0.9390
vn -0.0000 0.6588 0.7523
vn -0.3614 0.6627 0.6559
vn -0.4538 0.3473 0.8206
vn -0.0000 0.8980 0.4401
vn -0.2095 0.8996 0.3832
vn -0.3671 -0.9029 0.2238
vn -0.8011 -0.3540 0.4827
vn -0.6348 -0.6705 0.3840
vn -0.8011 0.3540 0.4827
vn -0.8568 -0.0000 0.5156
vn -0.3671 0.9029 0.2238
vn -0.6348 0.6705 0.3840
vn -0.9340 0.3574 -0.0000
vn -0.4264 0.9046 -0.0000
vn -0.7383 0.6745 -0.0000
vn -0.7383 -0.6745 -0.0000
vn -0.4264 -0.9046 -0.0000
vn -0.9340 -0.3574 -0.0000
vn -0.6348 -0.6705 -0.3840
vn -0.3671 -0.9029 -0.2238
vn -0.8568 -0.0000 -0.5156
vn -0.8011 -0.3540 -0.4827
vn -0.6348 0.6705 -0.3840
vn -0.8011 0.3540 -0.4827
vn -0.3671 0.9029 -0.2238
vn -0.3614 0.6627 -0.6559
vn -0.4538 0.3473 -0.8206
vn -0.2095 0.8996 -0.3832
vn -0.2095 -0.8996 -0.3832
vn -0.4538 -0.3473 -0.8206
vn -0.3614 -0.6627 -0.6559
vn -0.4844 -0.0000 -0.8749
vn -0.0000 -0.8980 -0.4401
vn -0.0000 -0.3440 -0.9390
vn -0.0000 -0.6588 -0.7523
vn -0.0000 0.3440 -0.9390
vn -0.0000 0.8980 -0.4401
vn -0.0000 0.6588 -0.7523
vn 0.2095 0.8996 -0.3832
vn 0.3614 0.6627 -0.6559
vn 0.3614 -0.6627 -0.6559
vn 0.2095 -0.8996 -0.3832
vn 0.4844 -0.0000 -0.8749
vn 0.4538 -0.3473 -0.8206
vn 0.4538 0.3473 -0.8206
vn 0.6348 -0.6705 -0.3840
vn 0.3671 -0.9029 -0.2238
vn 0.8568 -0.0000 -0.5156
vn 0.8011 -0.3540 -0.4827
vn 0.6348 0.6705 -0.3840
vn 0.8011 0.3540 -0.4827
vn 0.3671 0.9029 -0.2238
vn 0.4264 0.9046 -0.0000
vn 0.4264 -0.9046 -0.0000
vn 0.9340 -0.3574 -0.0000
vn 0.7383 -0.6745 -0.0000
vn 0.9340 0.3574 -0.0000
vn 0.7383 0.6745 -0.0000
vn 0.8011 -0.3540 0.4827
vn 0.6348 -0.6705 0.3840
vn 0.8011 0.3540 0.4827
vn 0.8568 -0.0000 0.5156
vn 0.3671 0.9029 0.2238
vn 0.6348 0.6705 0.3840
vn 0.3671 -0.9029 0.2238
vn 0.3614 -0.6627 0.6559
vn 0.2095 -0.8996 0.3832
vn 0.4844 -0.0000 0.8749
vn 0.4538 -0.3473 0.8206
vn 0.3614 0.6627 0.6559
vn 0.4538 0.3473 0.8206
vn 0.2095 0.8996 0.3832
vn -0.0064 0.7580 -0.6523
vn 0.6747 -0.1823 -0.7152
vn 0.5785 -0.7634 0.2873
vn -0.7615 -0.5263 -0.3782
vn -0.1620 -0.1823 0.9698
vn -0.5235 0.7580 0.3891
vn 0.0446 0.7781 0.6265
vn -0.5514 -0.2034 0.8091
vn -0.5572 -0.8100 -0.1829
vn 0.8433 -0.4606 0.2768
vn 0.0352 -0.2034 -0.9785
vn 0.4072 0.7781 -0.4782
vn -0.2627 0.7374 -0.6223
vn 0.4210 -0.1635 -0.8922
vn 0.6874 -0.7203 0.0932
vn -0.8073 -0.5799 -0.1094
vn 0.1683 -0.1635 0.9721
vn -0.4189 0.7374 0.5299
vn 0.6214 0.7835 -0.0061
vn 0.7915 -0.2097 0.5741
vn -0.1952 -0.8235 0.5327
vn 0.3089 -0.4398 -0.8433
vn -0.9750 -0.2097 -0.0731
vn -0.4704 0.7835 -0.4061
vn -0.8172 0.5604 -0.1345
vn -0.2679 -0.0434 -0.9625
vn 0.7425 -0.4166 -0.5246
vn -0.4460 -0.8377 0.3151
vn 0.8176 -0.0434 0.5741
vn -0.1463 0.5604 0.8152
vn 0.3931 0.8134 0.4288
vn 0.4550 -0.2690 0.8489
vn -0.2633 -0.9380 0.2256
vn 0.7433 -0.2047 -0.6369
vn -0.7692 -0.2690 -0.5797
vn -0.3635 0.8134 -0.4541
vn 0.7714 0.6322 0.0728
vn 0.4052 -0.0867 0.9101
vn -0.6174 -0.5310 0.5803
vn 0.4737 -0.7598 -0.4452
vn -0.8833 -0.0867 -0.4607
vn -0.0250 0.6322 -0.7744
vn -0.4198 0.7654 -0.4878
vn -0.8215 -0.3256 -0.4681
vn -0.0065 -0.9999 0.0148
vn -0.3994 0.1633 0.9021
vn 0.8988 -0.3256 0.2935
vn 0.6434 0.7654 -0.0172
vn 0.7900 0.4675 0.3968
vn -0.0938 0.0066 0.9956
vn -0.9301 -0.2782 0.2397
vn 0.4036 -0.9090 -0.1040
vn -0.5633 0.0066 -0.8262
vn 0.4998 0.4675 -0.7292
vn -0.7211 0.6896 -0.0666
vn -0.4900 -0.1258 -0.8626
vn 0.5186 -0.6298 -0.5784
vn -0.4923 -0.6755 0.5490
vn 0.9108 -0.1258 0.3933
vn 0.1446 0.6896 0.7096
vn 0.3761 0.7668 0.5201
vn 0.7750 -0.3251 0.5419
vn 0.0052 -0.9999 -0.0094
vn 0.4796 0.1580 -0.8632
vn -0.8695 -0.3251 -0.3718
vn -0.6403 0.7668 -0.0446
vn 0.2253 0.7772 -0.5876
vn 0.0850 -0.3209 -0.9433
vn 0.0295 -0.9996 -0.0008
vn -0.9926 0.1182 0.0266
vn 0.1354 -0.3209 0.9374
vn 0.2564 0.7772 0.5747
vn 0.5347 0.8122 0.2334
vn 0.8319 -0.2855 0.4758
vn -0.0855 -0.9639 0.2522
vn 0.3188 -0.1213 -0.9400
vn -0.9497 -0.2855 -0.1285
vn -0.5664 0.8122 -0.1401
vn 0.3872 0.7882 0.4783
vn 0.0729 -0.2156 0.9738
vn -0.5161 -0.8360 0.1862
vn 0.8539 -0.4194 -0.3081
vn -0.5657 -0.2156 -0.7959
vn -0.0075 0.7882 -0.6153
vn -0.1267 0.6003 -0.7897
vn 0.8045 -0.0668 -0.5902
vn 0.7255 -0.4792 0.4941
vn -0.4986 -0.7975 -0.3396
vn -0.2545 -0.0668 0.9647
vn -0.7812 0.6003 0.1713
vn -0.3564 0.7076 -0.6102
vn 0.3800 -0.1393 -0.9144
vn 0.7468 -0.6626 0.0569
vn -0.7636 -0.6431 -0.0582
vn 0.2371 -0.1393 0.9615
vn -0.4447 0.7076 0.5492
vn -0.2916 0.6998 -0.6521
vn 0.4923 -0.1334 -0.8601
vn 0.7463 -0.6483 0.1509
vn -0.7385 -0.6575 -0.1494
vn 0.1193 -0.1334 0.9839
vn -0.5221 0.6998 0.4875
vn 0.2323 0.8136 -0.5329
vn 0.5573 -0.2742 -0.7838
vn 0.2960 -0.9466 0.1282
vn -0.9027 -0.1795 -0.3910
vn -0.1904 -0.2742 0.9426
vn -0.2298 0.8136 0.5340
vn 0.8443 0.4487 0.2929
vn 0.0286 0.0161 0.9995
vn -0.9008 -0.2513 0.3540
vn 0.3642 -0.9203 -0.1431
vn -0.6595 0.0161 -0.7515
vn 0.4191 0.4487 -0.7893
vn -0.1016 0.6210 0.7772
vn -0.9300 -0.0796 0.3589
vn -0.5568 -0.5126 -0.6536
vn 0.4109 -0.7737 0.4823
vn 0.5021 -0.0796 -0.8611
vn 0.7835 0.6210 0.0231
vn 0.5661 0.8113 -0.1459
vn 0.9439 -0.2882 -0.1612
vn 0.0881 -0.9678 0.2360
vn -0.3477 -0.1065 -0.9315
vn -0.8186 -0.2882 0.4968
vn -0.5232 0.8113 0.2608
vn 0.6143 0.7840 0.0897
vn 0.9447 -0.3175 -0.0822
vn 0.0125 -0.9982 0.0578
vn -0.2109 0.0886 -0.9735
vn -0.8940 -0.3175 0.3162
vn -0.5221 0.7840 0.3359
vn -0.0000 -0.9099 0.4149
vn -0.0000 -0.6883 0.7254
vn -0.4264 -0.6883 0.5869
vn -0.2439 -0.9099 0.3357
vn -0.0000 -0.3697 0.9291
vn -0.5878 -0.0000 0.8090
vn -0.5461 -0.3697 0.7517
vn -0.0000 0.3697 0.9291
vn -0.0000 0.6883 0.7254
vn -0.4264 0.6883 0.5869
vn -0.5461 0.3697 0.7517
vn -0.0000 0.9099 0.4149
vn -0.2439 0.9099 0.3357
vn -0.6899 0.6883 0.2242
vn -0.8837 0.3697 0.2871
vn -0.3946 0.9099 0.1282
vn -0.3946 -0.9099 0.1282
vn -0.8837 -0.3697 0.2871
vn -0.6899 -0.6883 0.2242
vn -0.9511 -0.0000 0.3090
vn -0.3946 -0.9099 -0.1282
vn -0.8837 -0.3697 -0.2871
vn -0.6899 -0.6883 -0.2242
vn -0.8837 0.3697 -0.2871
vn -0.9511 -0.0000 -0.3090
vn -0.3946 0.9099 -0.1282
vn -0.6899 0.6883 -0.2242
vn -0.2439 0.9099 -0.3357
vn -0.4264 0.6883 -0.5869
vn -0.4264 -0.6883 -0.5869
vn -0.2439 -0.9099 -0.3357
vn -0.5878 -0.0000 -0.8090
vn -0.5461 -0.3697 -0.7517
vn -0.5461 0.3697 -0.7517
vn -0.0000 -0.6883 -0.7254
vn -0.0000 -0.9099 -0.4149
vn -0.0000 -0.3697 -0.9291
vn -0.0000 0.6883 -0.7254
vn -0.0000 0.3697 -0.9291
vn -0.0000 0.9099 -0.4149
vn 0.2439 0.9099 -0.3357
vn 0.2439 -0.9099 -0.3357
vn 0.5461 -0.3697 -0.7517
vn 0.4264 -0.6883 -0.5869
vn 0.5461 0.3697 -0.7517
vn 0.5878 -0.0000 -0.8090
vn 0.4264 0.6883 -0.5869
vn 0.8837 -0.3697 -0.2871
vn 0.6899 -0.6883 -0.2242
vn 0.8837 0.3697 -0.2871
vn 0.9511 -0.0000 -0.3090
vn 0.3946 0.9099 -0.1282
vn 0.6899 0.6883 -0.2242
vn 0.3946 -0.9099 -0.1282
vn 0.6899 -0.6883 0.2242
vn 0.3946 -0.9099 0.1282
vn 0.9511 -0.0000 0.3090
vn 0.8837 -0.3697 0.2871
vn 0.6899 0.6883 0.2242
vn 0.8837 0.3697 0.2871
vn 0.3946 0.9099 0.1282
vn 0.5878 -0.0000 0.8090
vn 0.5461 -0.3697 0.7517
vn 0.4264 0.6883 0.5869
vn 0.5461 0.3697 0.7517
vn 0.2439 0.9099 0.3357
vn 0.2439 -0.9099 0.3357
vn 0.4264 -0.6883 0.5869
vn -0.5791 -0.1708 -0.7971
vn -0.9371 -0.1708 0.3045
vn -0.0000 -0.1708 0.9853
vn 0.9371 -0.1708 0.3045
vn 0.5791 -0.1708 -0.7971
vn -0.0000 0.8576 -0.5143
vn -0.0000 -0.3270 -0.9450
vn -0.5490 -0.4047 -0.7313
vn -0.5490 0.7799 -0.3006
vn -0.7764 -0.5923 -0.2154
vn -0.7764 0.5923 0.2154
vn -0.5490 -0.7799 0.3006
vn -0.5490 0.4047 0.7313
vn -0.0000 -0.8576 0.5143
vn -0.0000 0.3270 0.9450
vn 0.5490 -0.7799 0.3006
vn 0.5490 0.4047 0.7313
vn 0.7764 -0.5923 -0.2154
vn 0.7764 0.5923 0.2154
vn 0.5490 -0.4047 -0.7313
vn 0.5490 0.7799 -0.3006
vn -0.5527 0.7475 0.3685
vn -0.7223 -0.4964 0.4815
vn -0.2311 -0.5332 0.8138
vn -0.0614 0.7107 0.7008
vn 0.3458 -0.6220 0.7025
vn 0.5155 0.6220 0.5895
vn 0.6705 -0.7107 0.2128
vn 0.8401 0.5332 0.0997
vn 0.5527 -0.7475 -0.3685
vn 0.7223 0.4964 -0.4815
vn 0.0614 -0.7107 -0.7008
vn 0.2311 0.5332 -0.8138
vn -0.5155 -0.6220 -0.5895
vn -0.3459 0.6220 -0.7025
vn -0.8401 -0.5332 -0.0997
vn -0.6705 0.7107 -0.2128
vn -0.0000 -0.8661 0.4999
vn -0.0000 -0.5950 0.8038
vn -0.3710 -0.6030 0.7062
vn -0.2267 -0.8700 0.4379
vn -0.0000 -0.2950 0.9555
vn -0.4677 -0.0000 0.8839
vn -0.4455 -0.3010 0.8432
vn -0.0000 0.2950 0.9555
vn -0.0000 0.5950 0.8038
vn -0.3710 0.6030 0.7062
vn -0.4455 0.3010 0.8432
vn -0.0000 0.8661 0.4999
vn -0.2267 0.8700 0.4379
vn -0.4024 -0.8780 0.2592
vn -0.8033 -0.3138 0.5062
vn -0.6627 -0.6198 0.4203
vn -0.8033 0.3138 0.5062
vn -0.8465 -0.0000 0.5324
vn -0.4024 0.8780 0.2592
vn -0.6627 0.6198 0.4203
vn -0.9472 0.3206 -0.0000
vn -0.4708 0.8822 -0.0000
vn -0.7778 0.6286 -0.0000
vn -0.7778 -0.6286 -0.0000
vn -0.4709 -0.8822 -0.0000
vn -0.9472 -0.3206 -0.0000
vn -0.6627 -0.6198 -0.4203
vn -0.4024 -0.8780 -0.2592
vn -0.8465 -0.0000 -0.5324
vn -0.8033 -0.3138 -0.5062
vn -0.6627 0.6198 -0.4203
vn -0.8033 0.3138 -0.5062
vn -0.4024 0.8780 -0.2592
vn -0.3710 0.6030 -0.7062
vn -0.4455 0.3010 -0.8432
vn -0.2267 0.8700 -0.4379
vn -0.2267 -0.8700 -0.4379
vn -0.4455 -0.3010 -0.8432
vn -0.3710 -0.6030 -0.7062
vn -0.4677 -0.0000 -0.8839
vn -0.0000 -0.8661 -0.4999
vn -0.0000 -0.2950 -0.9555
vn -0.0000 -0.5950 -0.8038
vn -0.0000 0.2950 -0.9555
vn -0.0000 0.8661 -0.4999
vn -0.0000 0.5950 -0.8038
vn 0.2267 0.8700 -0.4379
vn 0.3710 0.6030 -0.7062
vn 0.3710 -0.6030 -0.7062
vn 0.2267 -0.8700 -0.4379
vn 0.4677 -0.0000 -0.8839
vn 0.4455 -0.3010 -0.8432
vn 0.4455 0.3010 -0.8432
vn 0.6627 -0.6198 -0.4203
vn 0.4024 -0.8780 -0.2592
vn 0.8465 -0.0000 -0.5324
vn 0.8033 -0.3138 -0.5062
vn 0.6627 0.6198 -0.4203
vn 0.8033 0.3138 -0.5062
vn 0.4024 0.8780 -0.2592
vn 0.4709 0.8822 -0.0000
vn 0.4709 -0.8822 -0.0000
vn 0.9472 -0.3206 -0.0000
vn 0.7778 -0.6286 -0.0000
vn 0.9472 0.3206 -0.0000
vn 0.7778 0.6286 -0.0000
vn 0.8033 -0.3138 0.5062
vn 0.6627 -0.6198 0.4203
vn 0.8033 0.3138 0.5062
vn 0.8465 -0.0000 0.5324
vn 0.4024 0.8780 0.2592
vn 0.6627 0.6198 0.4203
vn 0.4024 -0.8780 0.2592
vn 0.3710 -0.6030 0.7062
vn 0.2267 -0.8700 0.4379
vn 0.4677 -0.0000 0.8839
vn 0.4455 -0.3010 0.8432
vn 0.3710 0.6030 0.7062
vn 0.4455 0.3010 0.8432
vn 0.2267 0.8700 0.4379
vn 0.4852 0.7753 0.4043
vn 0.6826 -0.4587 0.5689
vn 0.8631 -0.5051 0.0046
vn 0.6656 0.7290 -0.1599
vn 0.5958 -0.6170 -0.5142
vn 0.3983 0.6170 -0.6787
vn 0.0373 -0.7290 -0.6835
vn -0.1602 0.5051 -0.8481
vn -0.4852 -0.7753 -0.4043
vn -0.6826 0.4587 -0.5689
vn -0.6656 -0.7290 0.1599
vn -0.8631 0.5051 -0.0046
vn -0.3983 -0.6170 0.6787
vn -0.5958 0.6170 0.5142
vn 0.1602 -0.5051 0.8481
vn -0.0373 0.7290 0.6835
vn -0.3179 0.8985 -0.3028
vn -0.7021 -0.2449 -0.6686
vn -0.9313 -0.3406 -0.1288
vn -0.5471 0.8028 0.2370
vn -0.7275 -0.5717 0.3793
vn -0.3433 0.5717 0.7452
vn -0.2101 -0.8028 0.5580
vn 0.1741 0.3406 0.9239
vn 0.3179 -0.8985 0.3028
vn 0.7021 0.2449 0.6686
vn 0.5471 -0.8028 -0.2370
vn 0.9313 0.3406 0.1288
vn 0.3433 -0.5717 -0.7452
vn 0.7275 0.5717 -0.3793
vn -0.1741 -0.3406 -0.9239
vn 0.2101 0.8028 -0.5580
vn 0.3372 0.9157 0.2185
vn 0.8213 -0.2050 0.5323
vn 0.9503 -0.3091 -0.0383
vn 0.4661 0.8116 -0.3521
vn 0.6643 -0.5604 -0.4946
vn 0.1802 0.5604 -0.8084
vn 0.1311 -0.8116 -0.5693
vn -0.3531 0.3091 -0.8831
vn -0.3372 -0.9157 -0.2185
vn -0.8213 0.2050 -0.5323
vn -0.4661 -0.8116 0.3521
vn -0.9503 0.3091 0.0383
vn -0.1802 -0.5604 0.8084
vn -0.6643 0.5604 0.4946
vn 0.3531 -0.3091 0.8831
vn -0.1311 0.8116 0.5693
vn -0.0000 0.7273 0.6863
vn -0.0000 -0.5221 0.8529
vn 0.5490 -0.5522 0.6275
vn 0.5490 0.6973 0.4609
vn 0.7764 -0.6247 0.0833
vn 0.7764 0.6247 -0.0833
vn 0.5490 -0.6973 -0.4609
vn 0.5490 0.5522 -0.6275
vn -0.0000 -0.7273 -0.6863
vn -0.0000 0.5221 -0.8529
vn -0.5490 -0.6973 -0.4609
vn -0.5490 0.5522 -0.6275
vn -0.7764 -0.6247 0.0833
vn -0.7764 0.6247 -0.0833
vn -0.5490 -0.5522 0.6275
vn -0.5490 0.6973 0.4609
vn -0.0000 0.8369 -0.5474
vn -0.0000 -0.3636 -0.9315
vn -0.5490 -0.4330 -0.7150
vn -0.5490 0.7676 -0.3308
vn -0.7764 -0.6003 -0.1921
vn -0.7764 0.6003 0.1921
vn -0.5490 -0.7676 0.3308
vn -0.5490 0.4330 0.7150
vn -0.0000 -0.8369 0.5474
vn -0.0000 0.3636 0.9315
vn 0.5490 -0.7676 0.3308
vn 0.5490 0.4330 0.7150
vn 0.7764 -0.6003 -0.1921
vn 0.7764 0.6003 0.1921
vn 0.5490 -0.4330 -0.7150
vn 0.5490 0.7676 -0.3308
vn -0.0000 0.7902 0.6129
vn -0.0000 -0.4373 0.8993
vn 0.5490 -0.4890 0.6778
vn 0.5490 0.7385 0.3914
vn 0.7764 -0.6138 0.1432
vn 0.7764 0.6138 -0.1432
vn 0.5490 -0.7385 -0.3914
vn 0.5490 0.4890 -0.6778
vn -0.0000 -0.7902 -0.6129
vn -0.0000 0.4374 -0.8993
vn -0.5490 -0.7385 -0.3914
vn -0.5490 0.4890 -0.6778
vn -0.7764 -0.6138 0.1432
vn -0.7764 0.6138 -0.1432
vn -0.5490 -0.4890 0.6778
vn -0.5490 0.7385 0.3914
vn -0.4852 0.7753 0.4043
vn -0.6826 -0.4587 0.5689
vn -0.1602 -0.5051 0.8481
vn 0.0373 0.7290 0.6835
vn 0.3983 -0.6170 0.6787
vn 0.5958 0.6170 0.5142
vn 0.6656 -0.7290 0.1599
vn 0.8631 0.5051 -0.0046
vn 0.4852 -0.7753 -0.4043
vn 0.6826 0.4587 -0.5689
vn -0.0373 -0.7290 -0.6835
vn 0.1602 0.5051 -0.8481
vn -0.5958 -0.6170 -0.5142
vn -0.3983 0.6170 -0.6787
vn -0.8631 -0.5051 0.0046
vn -0.6656 0.7290 -0.1599
vn 0.3179 0.8985 -0.3028
vn 0.7021 -0.2449 -0.6686
vn 0.1741 -0.3406 -0.9239
vn -0.2101 0.8028 -0.5580
vn -0.3433 -0.5717 -0.7452
vn -0.7275 0.5717 -0.3793
vn -0.5471 -0.8028 -0.2370
vn -0.9313 0.3406 0.1288
vn -0.3179 -0.8985 0.3028
vn -0.7021 0.2449 0.6686
vn 0.2101 -0.8028 0.5580
vn -0.1741 0.3406 0.9239
vn 0.7275 -0.5717 0.3793
vn 0.3433 0.5717 0.7452
vn 0.9313 -0.3406 -0.1288
vn 0.5471 0.8028 0.2370
vn -0.4289 0.8595 0.2780
vn -0.7940 -0.3236 0.5146
vn -0.3163 -0.4021 0.8592
vn 0.0487 0.7810 0.6226
vn 0.2397 -0.5915 0.7698
vn 0.6048 0.5915 0.5332
vn 0.5484 -0.7810 0.2987
vn 0.9135 0.4021 0.0621
vn 0.4289 -0.8595 -0.2780
vn 0.7940 0.3236 -0.5146
vn -0.0487 -0.7810 -0.6226
vn 0.3163 0.4021 -0.8592
vn -0.6048 -0.5915 -0.5332
vn -0.2397 0.5915 -0.7698
vn -0.9135 -0.4021 -0.0621
vn -0.5484 0.7810 -0.2987
vt 0.750000 0.166667
vt 0.750000 0.333333
vt 0.625000 0.333333
vt 0.625000 0.166667
vt 0.750000 0.500000
vt 0.750000 0.666667
vt 0.625000 0.666667
vt 0.625000 0.500000
vt 0.750000 0.833333
vt 0.687500 1.000000
vt 0.625000 0.833333
vt 0.687500 0.000000
vt 0.562500 0.000000
vt 0.500000 0.166667
vt 0.500000 0.500000
vt 0.500000 0.333333
vt 0.500000 0.833333
vt 0.500000 0.666667
vt 0.562500 1.000000
vt 0.437500 0.000000
vt 0.375000 0.166667
vt 0.375000 0.500000
vt 0.375000 0.333333
vt 0.375000 0.833333
vt 0.375000 0.666667
vt 0.437500 1.000000
vt 0.312500 0.000000
vt 0.250000 0.166667
vt 0.250000 0.500000
vt 0.250000 0.333333
vt 0.250000 0.833333
vt 0.250000 0.666667
vt 0.312500 1.000000
vt 0.125000 0.500000
vt 0.125000 0.333333
vt 0.125000 0.833333
vt 0.125000 0.666667
vt 0.125000 0.166667
vt 0.187500 1.000000
vt 0.187500 0.000000
vt 0.000000 0.833333
vt 0.000000 0.666667
vt 0.000000 0.333333
vt 0.000000 0.166667
vt 0.000000 0.500000
vt 0.062500 1.000000
vt 0.062500 0.000000
vt 1.000000 0.166667
vt 1.000000 0.333333
vt 0.875000 0.333333
vt 0.875000 0.166667
vt 1.000000 0.500000
vt 1.000000 0.666667
vt 0.875000 0.666667
vt 0.875000 0.500000
vt 1.000000 0.833333
vt 0.937500 1.000000
vt 0.875000 0.833333
vt 0.937500 0.000000
vt 0.812500 1.000000
vt 0.812500 0.000000
vt 0.750000 0.125000
vt 0.750000 0.250000
vt 0.666667 0.250000
vt 0.666667 0.125000
vt 0.750000 0.375000
vt 0.666667 0.500000
vt 0.666667 0.375000
vt 0.750000 0.625000
vt 0.750000 0.750000
vt 0.666667 0.750000
vt 0.666667 0.625000
vt 0.750000 0.875000
vt 0.708333 1.000000
vt 0.666667 0.875000
vt 0.708333 0.000000
vt 0.625000 0.000000
vt 0.583333 0.125000
vt 0.583333 0.375000
vt 0.583333 0.250000
vt 0.583333 0.625000
vt 0.583333 0.500000
vt 0.583333 0.875000
vt 0.583333 0.750000
vt 0.625000 1.000000
vt 0.500000 0.625000
vt 0.500000 0.875000
vt 0.500000 0.750000
vt 0.500000 0.250000
vt 0.500000 0.125000
vt 0.500000 0.375000
vt 0.541667 1.000000
vt 0.541667 0.000000
vt 0.416667 0.250000
vt 0.416667 0.125000
vt 0.416667 0.500000
vt 0.416667 0.375000
vt 0.416667 0.750000
vt 0.416667 0.625000
vt 0.458333 1.000000
vt 0.416667 0.875000
vt 0.458333 0.000000
vt 0.333333 0.750000
vt 0.333333 0.625000
vt 0.375000 1.000000
vt 0.333333 0.875000
vt 0.375000 0.000000
vt 0.333333 0.125000
vt 0.333333 0.375000
vt 0.333333 0.250000
vt 0.333333 0.500000
vt 0.291667 0.000000
vt 0.250000 0.125000
vt 0.250000 0.375000
vt 0.250000 0.250000
vt 0.250000 0.625000
vt 0.250000 0.875000
vt 0.250000 0.750000
vt 0.291667 1.000000
vt 0.166667 0.875000
vt 0.166667 0.750000
vt 0.166667 0.250000
vt 0.166667 0.125000
vt 0.166667 0.500000
vt 0.166667 0.375000
vt 0.166667 0.625000
vt 0.208333 1.000000
vt 0.208333 0.000000
vt 0.083333 0.250000
vt 0.083333 0.125000
vt 0.083333 0.500000
vt 0.083333 0.375000
vt 0.083333 0.750000
vt 0.083333 0.625000
vt 0.125000 1.000000
vt 0.083333 0.875000
vt 0.125000 0.000000
vt 0.041667 1.000000
vt 0.000000 0.875000
vt 0.041667 0.000000
vt 0.000000 0.125000
vt 0.000000 0.375000
vt 0.000000 0.250000
vt 0.000000 0.625000
vt 0.000000 0.750000
vt 1.000000 0.250000
vt 1.000000 0.375000
vt 0.916667 0.375000
vt 0.916667 0.250000
vt 1.000000 0.625000
vt 0.916667 0.625000
vt 0.916667 0.500000
vt 1.000000 0.750000
vt 1.000000 0.875000
vt 0.916667 0.875000
vt 0.916667 0.750000
vt 1.000000 0.125000
vt 0.916667 0.125000
vt 0.958333 1.000000
vt 0.958333 0.000000
vt 0.833333 0.250000
vt 0.833333 0.125000
vt 0.833333 0.500000
vt 0.833333 0.375000
vt 0.833333 0.750000
vt 0.833333 0.625000
vt 0.875000 1.000000
vt 0.833333 0.875000
vt 0.875000 0.000000
vt 0.791667 1.000000
vt 0.791667 0.000000
vt 0.250000 0.490000
vt 0.478254 0.324164
vt 0.391068 0.055836
vt 0.108932 0.055836
vt 0.750000 0.490000
vt 0.978254 0.324164
vt 0.891068 0.055836
vt 0.608932 0.055836
vt 0.521746 0.324164
vt 0.021746 0.324164
vt 0.700000 0.125000
vt 0.700000 0.250000
vt 0.600000 0.250000
vt 0.600000 0.125000
vt 0.700000 0.375000
vt 0.700000 0.500000
vt 0.600000 0.500000
vt 0.600000 0.375000
vt 0.700000 0.625000
vt 0.700000 0.750000
vt 0.600000 0.750000
vt 0.600000 0.625000
vt 0.700000 0.875000
vt 0.650000 1.000000
vt 0.600000 0.875000
vt 0.650000 0.000000
vt 0.500000 0.750000
vt 0.550000 1.000000
vt 0.550000 0.000000
vt 0.450000 0.000000
vt 0.400000 0.125000
vt 0.400000 0.375000
vt 0.400000 0.250000
vt 0.400000 0.625000
vt 0.400000 0.500000
vt 0.400000 0.875000
vt 0.400000 0.750000
vt 0.450000 1.000000
vt 0.300000 0.875000
vt 0.300000 0.750000
vt 0.300000 0.250000
vt 0.300000 0.125000
vt 0.300000 0.500000
vt 0.300000 0.375000
vt 0.300000 0.625000
vt 0.350000 1.000000
vt 0.350000 0.000000
vt 0.200000 0.250000
vt 0.200000 0.125000
vt 0.200000 0.500000
vt 0.200000 0.375000
vt 0.200000 0.750000
vt 0.200000 0.625000
vt 0.250000 1.000000
vt 0.200000 0.875000
vt 0.250000 0.000000
vt 0.150000 1.000000
vt 0.100000 0.875000
vt 0.150000 0.000000
vt 0.100000 0.125000
vt 0.100000 0.375000
vt 0.100000 0.250000
vt 0.100000 0.625000
vt 0.100000 0.500000
vt 0.100000 0.750000
vt 0.000000 0.250000
vt 0.000000 0.625000
vt 0.000000 0.750000
vt 0.050000 1.000000
vt 0.050000 0.000000
vt 1.000000 0.125000
vt 1.000000 0.250000
vt 0.900000 0.250000
vt 0.900000 0.125000
vt 1.000000 0.375000
vt 1.000000 0.500000
vt 0.900000 0.500000
vt 0.900000 0.375000
vt 1.000000 0.625000
vt 1.000000 0.750000
vt 0.900000 0.750000
vt 0.900000 0.625000
vt 1.000000 0.875000
vt 0.950000 1.000000
vt 0.900000 0.875000
vt 0.950000 0.000000
vt 0.800000 0.500000
vt 0.800000 0.375000
vt 0.800000 0.750000
vt 0.800000 0.625000
vt 0.850000 1.000000
vt 0.800000 0.875000
vt 0.850000 0.000000
vt 0.800000 0.125000
vt 0.800000 0.250000
vt 0.750000 0.000000
vt 0.750000 1.000000
vt 0.250000 0.490000
vt 0.391068 0.055836
vt 0.108932 0.055836
vt 0.750000 0.490000
vt 0.891068 0.055836
vt 0.608932 0.055836
vt 0.021746 0.324164
vt 1.000000 1.000000
vt 0.500000 1.000000
vt 0.419706 0.419706
vt 0.080294 0.419706
vt 0.010000 0.250000
vt 0.080294 0.080294
vt 0.250000 0.010000
vt 0.419706 0.080294
vt 0.490000 0.250000
vt 0.000000 1.000000
vt 0.919706 0.419706
vt 0.990000 0.250000
vt 0.919706 0.080294
vt 0.750000 0.010000
vt 0.580294 0.080294
vt 0.510000 0.250000
vt 0.580294 0.419706
vt 0.750000 0.666667
vt 0.625000 0.666667
vt 0.500000 0.666667
vt 0.375000 0.666667
vt 0.250000 0.666667
vt 0.125000 0.666667
vt 0.000000 0.666667
vt 1.000000 0.666667
vt 0.875000 0.666667
vt 0.750000 0.375000
vt 0.750000 0.500000
vt 0.750000 0.750000
vt 0.666667 0.750000
vt 0.750000 0.875000
vt 0.583333 0.625000
vt 0.500000 0.625000
vt 0.416667 0.625000
vt 0.458333 1.000000
vt 0.458333 0.000000
vt 0.333333 0.625000
vt 0.250000 0.125000
vt 0.250000 0.250000
vt 0.250000 0.625000
vt 0.250000 0.875000
vt 0.250000 0.750000
vt 0.166667 0.875000
vt 0.166667 0.125000
vt 0.166667 0.625000
vt 0.083333 0.125000
vt 0.083333 0.500000
vt 0.083333 0.375000
vt 0.083333 0.625000
vt 0.125000 1.000000
vt 0.083333 0.875000
vt 0.125000 0.000000
vt 1.000000 0.250000
vt 0.916667 0.250000
vt 1.000000 0.625000
vt 0.916667 0.625000
vt 0.916667 0.125000
vt 0.833333 0.250000
vt 0.833333 0.125000
vt 0.833333 0.500000
vt 0.833333 0.375000
vt 0.833333 0.625000
vt 0.875000 1.000000
vt 0.833333 0.875000
vt 0.875000 0.000000
vt 0.010000 0.250000
vt 0.250000 0.010000
vt 0.490000 0.250000
vt 0.750000 0.010000
s 1
usemtl LK_Usus
f 4/1/1 42/2/2 9/3/3 10/4/4
f 3/5/5 41/6/6 7/7/7 8/8/8
f 2/9/9 1/10/10 6/11/11
f 5/12/12 4/1/1 10/4/4
f 42/2/2 3/5/5 8/8/8 9/3/3
f 41/6/6 2/9/9 6/11/11 7/7/7
f 5/13/12 10/4/4 15/14/13
f 9/3/3 8/8/8 13/15/14 14/16/15
f 7/7/7 6/11/11 11/17/16 12/18/17
f 10/4/4 9/3/3 14/16/15 15/14/13
f 8/8/8 7/7/7 12/18/17 13/15/14
f 6/11/11 1/19/10 11/17/16
f 5/20/12 15/14/13 20/21/18
f 14/16/15 13/15/14 18/22/19 19/23/20
f 12/18/17 11/17/16 16/24/21 17/25/22
f 15/14/13 14/16/15 19/23/20 20/21/18
f 13/15/14 12/18/17 17/25/22 18/22/19
f 11/17/16 1/26/10 16/24/21
f 5/27/12 20/21/18 25/28/23
f 19/23/20 18/22/19 23/29/24 24/30/25
f 17/25/22 16/24/21 21/31/26 22/32/27
f 20/21/18 19/23/20 24/30/25 25/28/23
f 18/22/19 17/25/22 22/32/27 23/29/24
f 16/24/21 1/33/10 21/31/26
f 24/30/25 23/29/24 28/34/28 29/35/29
f 22/32/27 21/31/26 26/36/30 27/37/31
f 25/28/23 24/30/25 29/35/29 30/38/32
f 23/29/24 22/32/27 27/37/31 28/34/28
f 21/31/26 1/39/10 26/36/30
f 5/40/12 25/28/23 30/38/32
f 27/37/31 26/36/30 31/41/33 32/42/34
f 30/38/32 29/35/29 34/43/35 35/44/36
f 28/34/28 27/37/31 32/42/34 33/45/37
f 26/36/30 1/46/10 31/41/33
f 5/47/12 30/38/32 35/44/36
f 29/35/29 28/34/28 33/45/37 34/43/35
f 35/48/36 34/49/35 39/50/38 40/51/39
f 33/52/37 32/53/34 37/54/40 38/55/41
f 31/56/33 1/57/10 36/58/42
f 5/59/12 35/48/36 40/51/39
f 34/49/35 33/52/37 38/55/41 39/50/38
f 32/53/34 31/56/33 36/58/42 37/54/40
f 40/51/39 39/50/38 42/2/2 4/1/1
f 38/55/41 37/54/40 41/6/6 3/5/5
f 36/58/42 1/60/10 2/9/9
f 5/61/12 40/51/39 4/1/1
f 39/50/38 38/55/41 3/5/5 42/2/2
f 37/54/40 36/58/42 2/9/9 41/6/6
f 703/52/440 704/276/441 706/167/442 705/55/443
f 705/55/443 706/167/442 708/268/444 707/5/445
f 707/5/445 708/268/444 710/85/446 709/8/447
f 709/8/447 710/85/446 712/277/448 711/15/449
f 711/15/449 712/277/448 714/105/450 713/22/451
f 713/22/451 714/105/450 716/225/452 715/29/453
f 706/278/442 704/172/441 718/279/454 716/341/452 714/281/450 712/342/448 710/283/446 708/343/444
f 715/29/453 716/225/452 718/135/454 717/34/455
f 717/34/455 718/135/454 704/285/441 703/45/440
f 703/176/440 705/286/443 707/287/445 709/288/447 711/344/449 713/290/451 715/291/453 717/292/455
f 759/6/6 720/9/9 724/11/11 725/7/7
f 722/1/1 760/2/2 727/3/3 728/4/4
f 721/5/5 759/6/6 725/7/7 726/8/8
f 720/9/9 719/10/10 724/11/11
f 723/12/12 722/1/1 728/4/4
f 760/2/2 721/5/5 726/8/8 727/3/3
f 728/4/4 727/3/3 732/16/15 733/14/13
f 726/8/8 725/7/7 730/18/17 731/15/14
f 724/11/11 719/19/10 729/17/16
f 723/13/12 728/4/4 733/14/13
f 727/3/3 726/8/8 731/15/14 732/16/15
f 725/7/7 724/11/11 729/17/16 730/18/17
f 733/14/13 732/16/15 737/23/20 738/21/18
f 731/15/14 730/18/17 735/25/22 736/22/19
f 729/17/16 719/26/10 734/24/21
f 723/20/12 733/14/13 738/21/18
f 732/16/15 731/15/14 736/22/19 737/23/20
f 730/18/17 729/17/16 734/24/21 735/25/22
f 736/22/19 735/25/22 740/32/27 741/29/24
f 734/24/21 719/33/10 739/31/26
f 723/27/12 738/21/18 743/28/23
f 737/23/20 736/22/19 741/29/24 742/30/25
f 735/25/22 734/24/21 739/31/26 740/32/27
f 738/21/18 737/23/20 742/30/25 743/28/23
f 739/31/26 719/39/10 744/36/30
f 723/40/12 743/28/23 748/38/32
f 742/30/25 741/29/24 746/34/28 747/35/29
f 740/32/27 739/31/26 744/36/30 745/37/31
f 743/28/23 742/30/25 747/35/29 748/38/32
f 741/29/24 740/32/27 745/37/31 746/34/28
f 723/47/12 748/38/32 753/44/36
f 747/35/29 746/34/28 751/45/37 752/43/35
f 745/37/31 744/36/30 749/41/33 750/42/34
f 748/38/32 747/35/29 752/43/35 753/44/36
f 746/34/28 745/37/31 750/42/34 751/45/37
f 744/36/30 719/46/10 749/41/33
f 723/59/12 753/48/36 758/51/39
f 752/49/35 751/52/37 756/55/41 757/50/38
f 750/53/34 749/56/33 754/58/42 755/54/40
f 753/48/36 752/49/35 757/50/38 758/51/39
f 751/52/37 750/53/34 755/54/40 756/55/41
f 749/56/33 719/57/10 754/58/42
f 723/61/12 758/51/39 722/1/1
f 757/50/38 756/55/41 721/5/5 760/2/2
f 755/54/40 754/58/42 720/9/9 759/6/6
f 758/51/39 757/50/38 760/2/2 722/1/1
f 756/55/41 755/54/40 759/6/6 721/5/5
f 754/58/42 719/60/10 720/9/9
f 761/52/456 762/276/457 764/167/458 763/55/459
f 763/55/459 764/167/458 766/268/460 765/5/461
f 765/5/461 766/268/460 768/85/462 767/8/463
f 767/8/463 768/85/462 770/277/464 769/15/465
f 769/15/465 770/277/464 772/105/466 771/22/467
f 771/22/467 772/105/466 774/225/468 773/29/469
f 764/278/458 762/172/457 776/279/470 774/341/468 772/281/466 770/342/464 768/283/462 766/343/460
f 773/29/469 774/225/468 776/135/470 775/34/471
f 775/34/471 776/135/470 762/285/457 761/45/456
f 761/176/456 763/286/459 765/287/461 767/288/463 769/344/465 771/290/467 773/291/469 775/292/471
f 780/1/1 818/2/2 785/3/3 786/4/4
f 779/5/5 817/6/6 783/7/7 784/8/8
f 778/9/9 777/10/10 782/11/11
f 781/12/12 780/1/1 786/4/4
f 818/2/2 779/5/5 784/8/8 785/3/3
f 817/6/6 778/9/9 782/11/11 783/7/7
f 786/4/4 785/3/3 790/16/15 791/14/13
f 784/8/8 783/7/7 788/18/17 789/15/14
f 782/11/11 777/19/10 787/17/16
f 781/13/12 786/4/4 791/14/13
f 785/3/3 784/8/8 789/15/14 790/16/15
f 783/7/7 782/11/11 787/17/16 788/18/17
f 789/15/14 788/18/17 793/25/22 794/22/19
f 787/17/16 777/26/10 792/24/21
f 781/20/12 791/14/13 796/21/18
f 790/16/15 789/15/14 794/22/19 795/23/20
f 788/18/17 787/17/16 792/24/21 793/25/22
f 791/14/13 790/16/15 795/23/20 796/21/18
f 792/24/21 777/33/10 797/31/26
f 781/27/12 796/21/18 801/28/23
f 795/23/20 794/22/19 799/29/24 800/30/25
f 793/25/22 792/24/21 797/31/26 798/32/27
f 796/21/18 795/23/20 800/30/25 801/28/23
f 794/22/19 793/25/22 798/32/27 799/29/24
f 781/40/12 801/28/23 806/38/32
f 800/30/25 799/29/24 804/34/28 805/35/29
f 798/32/27 797/31/26 802/36/30 803/37/31
f 801/28/23 800/30/25 805/35/29 806/38/32
f 799/29/24 798/32/27 803/37/31 804/34/28
f 797/31/26 777/39/10 802/36/30
f 781/47/12 806/38/32 811/44/36
f 805/35/29 804/34/28 809/45/37 810/43/35
f 803/37/31 802/36/30 807/41/33 808/42/34
f 806/38/32 805/35/29 810/43/35 811/44/36
f 804/34/28 803/37/31 808/42/34 809/45/37
f 802/36/30 777/46/10 807/41/33
f 781/59/12 811/48/36 816/51/39
f 810/49/35 809/52/37 814/55/41 815/50/38
f 808/53/34 807/56/33 812/58/42 813/54/40
f 811/48/36 810/49/35 815/50/38 816/51/39
f 809/52/37 808/53/34 813/54/40 814/55/41
f 807/56/33 777/57/10 812/58/42
f 815/50/38 814/55/41 779/5/5 818/2/2
f 813/54/40 812/58/42 778/9/9 817/6/6
f 816/51/39 815/50/38 818/2/2 780/1/1
f 814/55/41 813/54/40 817/6/6 779/5/5
f 812/58/42 777/60/10 778/9/9
f 781/61/12 816/51/39 780/1/1
f 819/52/472 820/276/473 822/167/474 821/55/475
f 821/55/475 822/167/474 824/268/476 823/5/477
f 823/5/477 824/268/476 826/85/478 825/8/479
f 825/8/479 826/85/478 828/277/480 827/15/481
f 827/15/481 828/277/480 830/105/482 829/22/483
f 829/22/483 830/105/482 832/225/484 831/29/485
f 822/278/474 820/172/473 834/279/486 832/341/484 830/281/482 828/342/480 826/283/478 824/343/476
f 831/29/485 832/225/484 834/135/486 833/34/487
f 833/34/487 834/135/486 820/285/473 819/45/472
f 819/176/472 821/286/475 823/287/477 825/288/479 827/344/481 829/290/483 831/291/485 833/292/487
f 839/12/12 838/1/1 844/4/4
f 876/2/2 837/5/5 842/8/8 843/3/3
f 875/6/6 836/9/9 840/11/11 841/7/7
f 838/1/1 876/2/2 843/3/3 844/4/4
f 837/5/5 875/6/6 841/7/7 842/8/8
f 836/9/9 835/10/10 840/11/11
f 841/7/7 840/11/11 845/17/16 846/18/17
f 844/4/4 843/3/3 848/16/15 849/14/13
f 842/8/8 841/7/7 846/18/17 847/15/14
f 840/11/11 835/19/10 845/17/16
f 839/13/12 844/4/4 849/14/13
f 843/3/3 842/8/8 847/15/14 848/16/15
f 849/14/13 848/16/15 853/23/20 854/21/18
f 847/15/14 846/18/17 851/25/22 852/22/19
f 845/17/16 835/26/10 850/24/21
f 839/20/12 849/14/13 854/21/18
f 848/16/15 847/15/14 852/22/19 853/23/20
f 846/18/17 845/17/16 850/24/21 851/25/22
f 854/21/18 853/23/20 858/30/25 859/28/23
f 852/22/19 851/25/22 856/32/27 857/29/24
f 850/24/21 835/33/10 855/31/26
f 839/27/12 854/21/18 859/28/23
f 853/23/20 852/22/19 857/29/24 858/30/25
f 851/25/22 850/24/21 855/31/26 856/32/27
f 859/28/23 858/30/25 863/35/29 864/38/32
f 857/29/24 856/32/27 861/37/31 862/34/28
f 855/31/26 835/39/10 860/36/30
f 839/40/12 859/28/23 864/38/32
f 858/30/25 857/29/24 862/34/28 863/35/29
f 856/32/27 855/31/26 860/36/30 861/37/31
f 864/38/32 863/35/29 868/43/35 869/44/36
f 862/34/28 861/37/31 866/42/34 867/45/37
f 860/36/30 835/46/10 865/41/33
f 839/47/12 864/38/32 869/44/36
f 863/35/29 862/34/28 867/45/37 868/43/35
f 861/37/31 860/36/30 865/41/33 866/42/34
f 867/52/37 866/53/34 871/54/40 872/55/41
f 865/56/33 835/57/10 870/58/42
f 839/59/12 869/48/36 874/51/39
f 868/49/35 867/52/37 872/55/41 873/50/38
f 866/53/34 865/56/33 870/58/42 871/54/40
f 869/48/36 868/49/35 873/50/38 874/51/39
f 870/58/42 835/60/10 836/9/9
f 839/61/12 874/51/39 838/1/1
f 873/50/38 872/55/41 837/5/5 876/2/2
f 871/54/40 870/58/42 836/9/9 875/6/6
f 874/51/39 873/50/38 876/2/2 838/1/1
f 872/55/41 871/54/40 875/6/6 837/5/5
f 877/52/488 878/276/489 880/167/490 879/55/491
f 879/55/491 880/167/490 882/268/492 881/5/493
f 881/5/493 882/268/492 884/85/494 883/8/495
f 883/8/495 884/85/494 886/277/496 885/15/497
f 885/15/497 886/277/496 888/105/498 887/22/499
f 887/22/499 888/105/498 890/225/500 889/29/501
f 880/278/490 878/172/489 892/279/502 890/341/500 888/281/498 886/342/496 884/283/494 882/343/492
f 889/29/501 890/225/500 892/135/502 891/34/503
f 891/34/503 892/135/502 878/285/489 877/45/488
f 877/176/488 879/286/491 881/287/493 883/288/495 885/344/497 887/290/499 889/291/501 891/292/503
f 896/1/1 934/2/2 901/3/3 902/4/4
f 895/5/5 933/6/6 899/7/7 900/8/8
f 894/9/9 893/10/10 898/11/11
f 897/12/12 896/1/1 902/4/4
f 934/2/2 895/5/5 900/8/8 901/3/3
f 933/6/6 894/9/9 898/11/11 899/7/7
f 897/13/12 902/4/4 907/14/13
f 901/3/3 900/8/8 905/15/14 906/16/15
f 899/7/7 898/11/11 903/17/16 904/18/17
f 902/4/4 901/3/3 906/16/15 907/14/13
f 900/8/8 899/7/7 904/18/17 905/15/14
f 898/11/11 893/19/10 903/17/16
f 897/20/12 907/14/13 912/21/18
f 906/16/15 905/15/14 910/22/19 911/23/20
f 904/18/17 903/17/16 908/24/21 909/25/22
f 907/14/13 906/16/15 911/23/20 912/21/18
f 905/15/14 904/18/17 909/25/22 910/22/19
f 903/17/16 893/26/10 908/24/21
f 897/27/12 912/21/18 917/28/23
f 911/23/20 910/22/19 915/29/24 916/30/25
f 909/25/22 908/24/21 913/31/26 914/32/27
f 912/21/18 911/23/20 916/30/25 917/28/23
f 910/22/19 909/25/22 914/32/27 915/29/24
f 908/24/21 893/33/10 913/31/26
f 916/30/25 915/29/24 920/34/28 921/35/29
f 914/32/27 913/31/26 918/36/30 919/37/31
f 917/28/23 916/30/25 921/35/29 922/38/32
f 915/29/24 914/32/27 919/37/31 920/34/28
f 913/31/26 893/39/10 918/36/30
f 897/40/12 917/28/23 922/38/32
f 919/37/31 918/36/30 923/41/33 924/42/34
f 922/38/32 921/35/29 926/43/35 927/44/36
f 920/34/28 919/37/31 924/42/34 925/45/37
f 918/36/30 893/46/10 923/41/33
f 897/47/12 922/38/32 927/44/36
f 921/35/29 920/34/28 925/45/37 926/43/35
f 927/48/36 926/49/35 931/50/38 932/51/39
f 925/52/37 924/53/34 929/54/40 930/55/41
f 923/56/33 893/57/10 928/58/42
f 897/59/12 927/48/36 932/51/39
f 926/49/35 925/52/37 930/55/41 931/50/38
f 924/53/34 923/56/33 928/58/42 929/54/40
f 932/51/39 931/50/38 934/2/2 896/1/1
f 930/55/41 929/54/40 933/6/6 895/5/5
f 928/58/42 893/60/10 894/9/9
f 897/61/12 932/51/39 896/1/1
f 931/50/38 930/55/41 895/5/5 934/2/2
f 929/54/40 928/58/42 894/9/9 933/6/6
f 935/52/504 936/276/505 938/167/506 937/55/507
f 937/55/507 938/167/506 940/268/508 939/5/509
f 939/5/509 940/268/508 942/85/510 941/8/511
f 941/8/511 942/85/510 944/277/512 943/15/513
f 943/15/513 944/277/512 946/105/514 945/22/515
f 945/22/515 946/105/514 948/225/516 947/29/517
f 938/278/506 936/172/505 950/279/518 948/341/516 946/281/514 944/342/512 942/283/510 940/343/508
f 947/29/517 948/225/516 950/135/518 949/34/519
f 949/34/519 950/135/518 936/285/505 935/45/504
f 935/176/504 937/286/507 939/287/509 941/288/511 943/344/513 945/290/515 947/291/517 949/292/519
f 991/6/6 952/9/9 956/11/11 957/7/7
f 954/1/1 992/2/2 959/3/3 960/4/4
f 953/5/5 991/6/6 957/7/7 958/8/8
f 952/9/9 951/10/10 956/11/11
f 955/12/12 954/1/1 960/4/4
f 992/2/2 953/5/5 958/8/8 959/3/3
f 960/4/4 959/3/3 964/16/15 965/14/13
f 958/8/8 957/7/7 962/18/17 963/15/14
f 956/11/11 951/19/10 961/17/16
f 955/13/12 960/4/4 965/14/13
f 959/3/3 958/8/8 963/15/14 964/16/15
f 957/7/7 956/11/11 961/17/16 962/18/17
f 965/14/13 964/16/15 969/23/20 970/21/18
f 963/15/14 962/18/17 967/25/22 968/22/19
f 961/17/16 951/26/10 966/24/21
f 955/20/12 965/14/13 970/21/18
f 964/16/15 963/15/14 968/22/19 969/23/20
f 962/18/17 961/17/16 966/24/21 967/25/22
f 968/22/19 967/25/22 972/32/27 973/29/24
f 966/24/21 951/33/10 971/31/26
f 955/27/12 970/21/18 975/28/23
f 969/23/20 968/22/19 973/29/24 974/30/25
f 967/25/22 966/24/21 971/31/26 972/32/27
f 970/21/18 969/23/20 974/30/25 975/28/23
f 971/31/26 951/39/10 976/36/30
f 955/40/12 975/28/23 980/38/32
f 974/30/25 973/29/24 978/34/28 979/35/29
f 972/32/27 971/31/26 976/36/30 977/37/31
f 975/28/23 974/30/25 979/35/29 980/38/32
f 973/29/24 972/32/27 977/37/31 978/34/28
f 955/47/12 980/38/32 985/44/36
f 979/35/29 978/34/28 983/45/37 984/43/35
f 977/37/31 976/36/30 981/41/33 982/42/34
f 980/38/32 979/35/29 984/43/35 985/44/36
f 978/34/28 977/37/31 982/42/34 983/45/37
f 976/36/30 951/46/10 981/41/33
f 955/59/12 985/48/36 990/51/39
f 984/49/35 983/52/37 988/55/41 989/50/38
f 982/53/34 981/56/33 986/58/42 987/54/40
f 985/48/36 984/49/35 989/50/38 990/51/39
f 983/52/37 982/53/34 987/54/40 988/55/41
f 981/56/33 951/57/10 986/58/42
f 955/61/12 990/51/39 954/1/1
f 989/50/38 988/55/41 953/5/5 992/2/2
f 987/54/40 986/58/42 952/9/9 991/6/6
f 990/51/39 989/50/38 992/2/2 954/1/1
f 988/55/41 987/54/40 991/6/6 953/5/5
f 986/58/42 951/60/10 952/9/9
f 993/52/520 994/276/521 996/167/522 995/55/523
f 995/55/523 996/167/522 998/268/524 997/5/525
f 997/5/525 998/268/524 1000/85/526 999/8/527
f 999/8/527 1000/85/526 1002/277/528 1001/15/529
f 1001/15/529 1002/277/528 1004/105/530 1003/22/531
f 1003/22/531 1004/105/530 1006/225/532 1005/29/533
f 996/278/522 994/172/521 1008/279/534 1006/341/532 1004/281/530 1002/342/528 1000/283/526 998/343/524
f 1005/29/533 1006/225/532 1008/135/534 1007/34/535
f 1007/34/535 1008/135/534 994/285/521 993/45/520
f 993/176/520 995/286/523 997/287/525 999/288/527 1001/344/529 1003/290/531 1005/291/533 1007/292/535
f 1013/12/12 1012/1/1 1018/4/4
f 1050/2/2 1011/5/5 1016/8/8 1017/3/3
f 1049/6/6 1010/9/9 1014/11/11 1015/7/7
f 1012/1/1 1050/2/2 1017/3/3 1018/4/4
f 1011/5/5 1049/6/6 1015/7/7 1016/8/8
f 1010/9/9 1009/10/10 1014/11/11
f 1017/3/3 1016/8/8 1021/15/14 1022/16/15
f 1015/7/7 1014/11/11 1019/17/16 1020/18/17
f 1018/4/4 1017/3/3 1022/16/15 1023/14/13
f 1016/8/8 1015/7/7 1020/18/17 1021/15/14
f 1014/11/11 1009/19/10 1019/17/16
f 1013/13/12 1018/4/4 1023/14/13
f 1020/18/17 1019/17/16 1024/24/21 1025/25/22
f 1023/14/13 1022/16/15 1027/23/20 1028/21/18
f 1021/15/14 1020/18/17 1025/25/22 1026/22/19
f 1019/17/16 1009/26/10 1024/24/21
f 1013/20/12 1023/14/13 1028/21/18
f 1022/16/15 1021/15/14 1026/22/19 1027/23/20
f 1028/21/18 1027/23/20 1032/30/25 1033/28/23
f 1026/22/19 1025/25/22 1030/32/27 1031/29/24
f 1024/24/21 1009/33/10 1029/31/26
f 1013/27/12 1028/21/18 1033/28/23
f 1027/23/20 1026/22/19 1031/29/24 1032/30/25
f 1025/25/22 1024/24/21 1029/31/26 1030/32/27
f 1033/28/23 1032/30/25 1037/35/29 1038/38/32
f 1031/29/24 1030/32/27 1035/37/31 1036/34/28
f 1029/31/26 1009/39/10 1034/36/30
f 1013/40/12 1033/28/23 1038/38/32
f 1032/30/25 1031/29/24 1036/34/28 1037/35/29
f 1030/32/27 1029/31/26 1034/36/30 1035/37/31
f 1038/38/32 1037/35/29 1042/43/35 1043/44/36
f 1036/34/28 1035/37/31 1040/42/34 1041/45/37
f 1034/36/30 1009/46/10 1039/41/33
f 1013/47/12 1038/38/32 1043/44/36
f 1037/35/29 1036/34/28 1041/45/37 1042/43/35
f 1035/37/31 1034/36/30 1039/41/33 1040/42/34
f 1043/48/36 1042/49/35 1047/50/38 1048/51/39
f 1041/52/37 1040/53/34 1045/54/40 1046/55/41
f 1039/56/33 1009/57/10 1044/58/42
f 1013/59/12 1043/48/36 1048/51/39
f 1042/49/35 1041/52/37 1046/55/41 1047/50/38
f 1040/53/34 1039/56/33 1044/58/42 1045/54/40
f 1046/55/41 1045/54/40 1049/6/6 1011/5/5
f 1044/58/42 1009/60/10 1010/9/9
f 1013/61/12 1048/51/39 1012/1/1
f 1047/50/38 1046/55/41 1011/5/5 1050/2/2
f 1045/54/40 1044/58/42 1010/9/9 1049/6/6
f 1048/51/39 1047/50/38 1050/2/2 1012/1/1
f 1051/52/536 1052/276/537 1054/167/538 1053/55/539
f 1053/55/539 1054/167/538 1056/268/540 1055/5/541
f 1055/5/541 1056/268/540 1058/85/542 1057/8/543
f 1057/8/543 1058/85/542 1060/277/544 1059/15/545
f 1059/15/545 1060/277/544 1062/105/546 1061/22/547
f 1061/22/547 1062/105/546 1064/225/548 1063/29/549
f 1054/278/538 1052/172/537 1066/279/550 1064/341/548 1062/281/546 1060/342/544 1058/283/542 1056/343/540
f 1063/29/549 1064/225/548 1066/135/550 1065/34/551
f 1065/34/551 1066/135/550 1052/285/537 1051/45/536
f 1051/176/536 1053/286/539 1055/287/541 1057/288/543 1059/344/545 1061/290/547 1063/291/549 1065/292/551
f 1070/1/1 1108/2/2 1075/3/3 1076/4/4
f 1069/5/5 1107/6/6 1073/7/7 1074/8/8
f 1068/9/9 1067/10/10 1072/11/11
f 1071/12/12 1070/1/1 1076/4/4
f 1108/2/2 1069/5/5 1074/8/8 1075/3/3
f 1107/6/6 1068/9/9 1072/11/11 1073/7/7
f 1076/4/4 1075/3/3 1080/16/15 1081/14/13
f 1074/8/8 1073/7/7 1078/18/17 1079/15/14
f 1072/11/11 1067/19/10 1077/17/16
f 1071/13/12 1076/4/4 1081/14/13
f 1075/3/3 1074/8/8 1079/15/14 1080/16/15
f 1073/7/7 1072/11/11 1077/17/16 1078/18/17
f 1079/15/14 1078/18/17 1083/25/22 1084/22/19
f 1077/17/16 1067/26/10 1082/24/21
f 1071/20/12 1081/14/13 1086/21/18
f 1080/16/15 1079/15/14 1084/22/19 1085/23/20
f 1078/18/17 1077/17/16 1082/24/21 1083/25/22
f 1081/14/13 1080/16/15 1085/23/20 1086/21/18
f 1082/24/21 1067/33/10 1087/31/26
f 1071/27/12 1086/21/18 1091/28/23
f 1085/23/20 1084/22/19 1089/29/24 1090/30/25
f 1083/25/22 1082/24/21 1087/31/26 1088/32/27
f 1086/21/18 1085/23/20 1090/30/25 1091/28/23
f 1084/22/19 1083/25/22 1088/32/27 1089/29/24
f 1071/40/12 1091/28/23 1096/38/32
f 1090/30/25 1089/29/24 1094/34/28 1095/35/29
f 1088/32/27 1087/31/26 1092/36/30 1093/37/31
f 1091/28/23 1090/30/25 1095/35/29 1096/38/32
f 1089/29/24 1088/32/27 1093/37/31 1094/34/28
f 1087/31/26 1067/39/10 1092/36/30
f 1071/47/12 1096/38/32 1101/44/36
f 1095/35/29 1094/34/28 1099/45/37 1100/43/35
f 1093/37/31 1092/36/30 1097/41/33 1098/42/34
f 1096/38/32 1095/35/29 1100/43/35 1101/44/36
f 1094/34/28 1093/37/31 1098/42/34 1099/45/37
f 1092/36/30 1067/46/10 1097/41/33
f 1071/59/12 1101/48/36 1106/51/39
f 1100/49/35 1099/52/37 1104/55/41 1105/50/38
f 1098/53/34 1097/56/33 1102/58/42 1103/54/40
f 1101/48/36 1100/49/35 1105/50/38 1106/51/39
f 1099/52/37 1098/53/34 1103/54/40 1104/55/41
f 1097/56/33 1067/57/10 1102/58/42
f 1105/50/38 1104/55/41 1069/5/5 1108/2/2
f 1103/54/40 1102/58/42 1068/9/9 1107/6/6
f 1106/51/39 1105/50/38 1108/2/2 1070/1/1
f 1104/55/41 1103/54/40 1107/6/6 1069/5/5
f 1102/58/42 1067/60/10 1068/9/9
f 1071/61/12 1106/51/39 1070/1/1
f 1109/52/552 1110/276/553 1112/167/554 1111/55/555
f 1111/55/555 1112/167/554 1114/268/556 1113/5/557
f 1113/5/557 1114/268/556 1116/85/558 1115/8/559
f 1115/8/559 1116/85/558 1118/277/560 1117/15/561
f 1117/15/561 1118/277/560 1120/105/562 1119/22/563
f 1119/22/563 1120/105/562 1122/225/564 1121/29/565
f 1112/278/554 1110/172/553 1124/279/566 1122/341/564 1120/281/562 1118/342/560 1116/283/558 1114/343/556
f 1121/29/565 1122/225/564 1124/135/566 1123/34/567
f 1123/34/567 1124/135/566 1110/285/553 1109/45/552
f 1109/176/552 1111/286/555 1113/287/557 1115/288/559 1117/344/561 1119/290/563 1121/291/565 1123/292/567
f 1129/12/12 1128/1/1 1134/4/4
f 1166/2/2 1127/5/5 1132/8/8 1133/3/3
f 1165/6/6 1126/9/9 1130/11/11 1131/7/7
f 1128/1/1 1166/2/2 1133/3/3 1134/4/4
f 1127/5/5 1165/6/6 1131/7/7 1132/8/8
f 1126/9/9 1125/10/10 1130/11/11
f 1131/7/7 1130/11/11 1135/17/16 1136/18/17
f 1134/4/4 1133/3/3 1138/16/15 1139/14/13
f 1132/8/8 1131/7/7 1136/18/17 1137/15/14
f 1130/11/11 1125/19/10 1135/17/16
f 1129/13/12 1134/4/4 1139/14/13
f 1133/3/3 1132/8/8 1137/15/14 1138/16/15
f 1139/14/13 1138/16/15 1143/23/20 1144/21/18
f 1137/15/14 1136/18/17 1141/25/22 1142/22/19
f 1135/17/16 1125/26/10 1140/24/21
f 1129/20/12 1139/14/13 1144/21/18
f 1138/16/15 1137/15/14 1142/22/19 1143/23/20
f 1136/18/17 1135/17/16 1140/24/21 1141/25/22
f 1144/21/18 1143/23/20 1148/30/25 1149/28/23
f 1142/22/19 1141/25/22 1146/32/27 1147/29/24
f 1140/24/21 1125/33/10 1145/31/26
f 1129/27/12 1144/21/18 1149/28/23
f 1143/23/20 1142/22/19 1147/29/24 1148/30/25
f 1141/25/22 1140/24/21 1145/31/26 1146/32/27
f 1149/28/23 1148/30/25 1153/35/29 1154/38/32
f 1147/29/24 1146/32/27 1151/37/31 1152/34/28
f 1145/31/26 1125/39/10 1150/36/30
f 1129/40/12 1149/28/23 1154/38/32
f 1148/30/25 1147/29/24 1152/34/28 1153/35/29
f 1146/32/27 1145/31/26 1150/36/30 1151/37/31
f 1154/38/32 1153/35/29 1158/43/35 1159/44/36
f 1152/34/28 1151/37/31 1156/42/34 1157/45/37
f 1150/36/30 1125/46/10 1155/41/33
f 1129/47/12 1154/38/32 1159/44/36
f 1153/35/29 1152/34/28 1157/45/37 1158/43/35
f 1151/37/31 1150/36/30 1155/41/33 1156/42/34
f 1157/52/37 1156/53/34 1161/54/40 1162/55/41
f 1155/56/33 1125/57/10 1160/58/42
f 1129/59/12 1159/48/36 1164/51/39
f 1158/49/35 1157/52/37 1162/55/41 1163/50/38
f 1156/53/34 1155/56/33 1160/58/42 1161/54/40
f 1159/48/36 1158/49/35 1163/50/38 1164/51/39
f 1160/58/42 1125/60/10 1126/9/9
f 1129/61/12 1164/51/39 1128/1/1
f 1163/50/38 1162/55/41 1127/5/5 1166/2/2
f 1161/54/40 1160/58/42 1126/9/9 1165/6/6
f 1164/51/39 1163/50/38 1166/2/2 1128/1/1
f 1162/55/41 1161/54/40 1165/6/6 1127/5/5
f 1167/52/568 1168/276/569 1170/167/570 1169/55/571
f 1169/55/571 1170/167/570 1172/268/572 1171/5/573
f 1171/5/573 1172/268/572 1174/85/574 1173/8/575
f 1173/8/575 1174/85/574 1176/277/576 1175/15/577
f 1175/15/577 1176/277/576 1178/105/578 1177/22/579
f 1177/22/579 1178/105/578 1180/225/580 1179/29/581
f 1170/278/570 1168/172/569 1182/279/582 1180/341/580 1178/281/578 1176/342/576 1174/283/574 1172/343/572
f 1179/29/581 1180/225/580 1182/135/582 1181/34/583
f 1181/34/583 1182/135/582 1168/285/569 1167/45/568
f 1167/176/568 1169/286/571 1171/287/573 1173/288/575 1175/344/577 1177/290/579 1179/291/581 1181/292/583
usemtl LK_Kulit
f 128/62/43 47/63/44 54/64/45 55/65/46
f 46/66/47 45/5/5 52/67/48 53/68/49
f 44/69/50 127/70/51 50/71/52 51/72/53
f 126/73/54 43/74/10 49/75/55
f 48/76/12 128/62/43 55/65/46
f 47/63/44 46/66/47 53/68/49 54/64/45
f 45/5/5 44/69/50 51/72/53 52/67/48
f 127/70/51 126/73/54 49/75/55 50/71/52
f 48/77/12 55/65/46 62/78/56
f 54/64/45 53/68/49 60/79/57 61/80/58
f 52/67/48 51/72/53 58/81/59 59/82/60
f 50/71/52 49/75/55 56/83/61 57/84/62
f 55/65/46 54/64/45 61/80/58 62/78/56
f 53/68/49 52/67/48 59/82/60 60/79/57
f 51/72/53 50/71/52 57/84/62 58/81/59
f 49/75/55 43/85/10 56/83/61
f 59/82/60 58/81/59 65/86/63 66/15/14
f 57/84/62 56/83/61 63/87/64 64/88/65
f 62/78/56 61/80/58 68/89/66 69/90/67
f 60/79/57 59/82/60 66/15/14 67/91/68
f 58/81/59 57/84/62 64/88/65 65/86/63
f 56/83/61 43/92/10 63/87/64
f 48/93/12 62/78/56 69/90/67
f 61/80/58 60/79/57 67/91/68 68/89/66
f 69/90/67 68/89/66 75/94/69 76/95/70
f 67/91/68 66/15/14 73/96/71 74/97/72
f 65/86/63 64/88/65 71/98/73 72/99/74
f 63/87/64 43/100/10 70/101/75
f 48/102/12 69/90/67 76/95/70
f 68/89/66 67/91/68 74/97/72 75/94/69
f 66/15/14 65/86/63 72/99/74 73/96/71
f 64/88/65 63/87/64 70/101/75 71/98/73
f 72/99/74 71/98/73 78/103/76 79/104/77
f 70/101/75 43/105/10 77/106/78
f 48/107/12 76/95/70 83/108/79
f 75/94/69 74/97/72 81/109/80 82/110/81
f 73/96/71 72/99/74 79/104/77 80/111/82
f 71/98/73 70/101/75 77/106/78 78/103/76
f 76/95/70 75/94/69 82/110/81 83/108/79
f 74/97/72 73/96/71 80/111/82 81/109/80
f 48/112/12 83/108/79 90/113/83
f 82/110/81 81/109/80 88/114/84 89/115/85
f 80/111/82 79/104/77 86/116/86 87/29/24
f 78/103/76 77/106/78 84/117/87 85/118/88
f 83/108/79 82/110/81 89/115/85 90/113/83
f 81/109/80 80/111/82 87/29/24 88/114/84
f 79/104/77 78/103/76 85/118/88 86/116/86
f 77/106/78 43/119/10 84/117/87
f 85/118/88 84/117/87 91/120/89 92/121/90
f 90/113/83 89/115/85 96/122/91 97/123/92
f 88/114/84 87/29/24 94/124/93 95/125/94
f 86/116/86 85/118/88 92/121/90 93/126/95
f 84/117/87 43/127/10 91/120/89
f 48/128/12 90/113/83 97/123/92
f 89/115/85 88/114/84 95/125/94 96/122/91
f 87/29/24 86/116/86 93/126/95 94/124/93
f 97/123/92 96/122/91 103/129/96 104/130/97
f 95/125/94 94/124/93 101/131/98 102/132/99
f 93/126/95 92/121/90 99/133/100 100/134/101
f 91/120/89 43/135/10 98/136/102
f 48/137/12 97/123/92 104/130/97
f 96/122/91 95/125/94 102/132/99 103/129/96
f 94/124/93 93/126/95 100/134/101 101/131/98
f 92/121/90 91/120/89 98/136/102 99/133/100
f 98/136/102 43/138/10 105/139/103
f 48/140/12 104/130/97 111/141/104
f 103/129/96 102/132/99 109/142/105 110/143/106
f 101/131/98 100/134/101 107/144/107 108/45/37
f 99/133/100 98/136/102 105/139/103 106/145/108
f 104/130/97 103/129/96 110/143/106 111/141/104
f 102/132/99 101/131/98 108/45/37 109/142/105
f 100/134/101 99/133/100 106/145/108 107/144/107
f 110/146/106 109/147/105 116/148/109 117/149/110
f 108/52/37 107/150/107 114/151/111 115/152/112
f 106/153/108 105/154/103 112/155/113 113/156/114
f 111/157/104 110/146/106 117/149/110 118/158/115
f 109/147/105 108/52/37 115/152/112 116/148/109
f 107/150/107 106/153/108 113/156/114 114/151/111
f 105/154/103 43/159/10 112/155/113
f 48/160/12 111/157/104 118/158/115
f 118/158/115 117/149/110 124/161/116 125/162/117
f 116/148/109 115/152/112 122/163/118 123/164/119
f 114/151/111 113/156/114 120/165/120 121/166/121
f 112/155/113 43/167/10 119/168/122
f 48/169/12 118/158/115 125/162/117
f 117/149/110 116/148/109 123/164/119 124/161/116
f 115/152/112 114/151/111 121/166/121 122/163/118
f 113/156/114 112/155/113 119/168/122 120/165/120
f 123/164/119 122/163/118 45/5/5 46/66/47
f 121/166/121 120/165/120 127/70/51 44/69/50
f 119/168/122 43/170/10 126/73/54
f 48/171/12 125/162/117 128/62/43
f 124/161/116 123/164/119 46/66/47 47/63/44
f 122/163/118 121/166/121 44/69/50 45/5/5
f 120/165/120 119/168/122 126/73/54 127/70/51
f 125/162/117 124/161/116 47/63/44 128/62/43
s 0
usemtl LK_Rambut
f 129/172/123 134/115/123 130/173/123
f 130/173/124 134/115/124 131/174/124
f 131/174/125 134/115/125 132/175/125
f 129/176/126 130/177/126 131/178/126 132/179/126 133/180/126
f 132/175/127 134/115/127 133/181/127
f 133/181/128 134/115/128 129/172/128
f 135/172/129 140/115/129 136/173/129
f 136/173/130 140/115/130 137/174/130
f 137/174/131 140/115/131 138/175/131
f 135/176/132 136/177/132 137/178/132 138/179/132 139/180/132
f 138/175/133 140/115/133 139/181/133
f 139/181/134 140/115/134 135/172/134
f 141/172/135 146/115/135 142/173/135
f 142/173/136 146/115/136 143/174/136
f 143/174/137 146/115/137 144/175/137
f 141/176/138 142/177/138 143/178/138 144/179/138 145/180/138
f 144/175/139 146/115/139 145/181/139
f 145/181/140 146/115/140 141/172/140
f 147/172/141 152/115/141 148/173/141
f 148/173/142 152/115/142 149/174/142
f 149/174/143 152/115/143 150/175/143
f 147/176/144 148/177/144 149/178/144 150/179/144 151/180/144
f 150/175/145 152/115/145 151/181/145
f 151/181/146 152/115/146 147/172/146
f 153/172/147 158/115/147 154/173/147
f 154/173/148 158/115/148 155/174/148
f 155/174/149 158/115/149 156/175/149
f 153/176/150 154/177/150 155/178/150 156/179/150 157/180/150
f 156/175/151 158/115/151 157/181/151
f 157/181/152 158/115/152 153/172/152
f 159/172/153 164/115/153 160/173/153
f 160/173/154 164/115/154 161/174/154
f 161/174/155 164/115/155 162/175/155
f 159/176/156 160/177/156 161/178/156 162/179/156 163/180/156
f 162/175/157 164/115/157 163/181/157
f 163/181/158 164/115/158 159/172/158
f 165/172/159 170/115/159 166/173/159
f 166/173/160 170/115/160 167/174/160
f 167/174/161 170/115/161 168/175/161
f 165/176/162 166/177/162 167/178/162 168/179/162 169/180/162
f 168/175/163 170/115/163 169/181/163
f 169/181/164 170/115/164 165/172/164
f 171/172/165 176/115/165 172/173/165
f 172/173/166 176/115/166 173/174/166
f 173/174/167 176/115/167 174/175/167
f 171/176/168 172/177/168 173/178/168 174/179/168 175/180/168
f 174/175/169 176/115/169 175/181/169
f 175/181/170 176/115/170 171/172/170
f 177/172/171 182/115/171 178/173/171
f 178/173/172 182/115/172 179/174/172
f 179/174/173 182/115/173 180/175/173
f 177/176/174 178/177/174 179/178/174 180/179/174 181/180/174
f 180/175/175 182/115/175 181/181/175
f 181/181/176 182/115/176 177/172/176
f 183/172/177 188/115/177 184/173/177
f 184/173/178 188/115/178 185/174/178
f 185/174/179 188/115/179 186/175/179
f 183/176/180 184/177/180 185/178/180 186/179/180 187/180/180
f 186/175/181 188/115/181 187/181/181
f 187/181/182 188/115/182 183/172/182
f 189/172/183 194/115/183 190/173/183
f 190/173/184 194/115/184 191/174/184
f 191/174/185 194/115/185 192/175/185
f 189/176/186 190/177/186 191/178/186 192/179/186 193/180/186
f 192/175/187 194/115/187 193/181/187
f 193/181/188 194/115/188 189/172/188
f 195/172/189 200/115/189 196/173/189
f 196/173/190 200/115/190 197/174/190
f 197/174/191 200/115/191 198/175/191
f 195/176/192 196/177/192 197/178/192 198/179/192 199/180/192
f 198/175/193 200/115/193 199/181/193
f 199/181/194 200/115/194 195/172/194
f 201/172/195 206/115/195 202/173/195
f 202/173/196 206/115/196 203/174/196
f 203/174/197 206/115/197 204/175/197
f 201/176/198 202/177/198 203/178/198 204/179/198 205/180/198
f 204/175/199 206/115/199 205/181/199
f 205/181/200 206/115/200 201/172/200
f 207/172/201 212/115/201 208/173/201
f 208/173/202 212/115/202 209/174/202
f 209/174/203 212/115/203 210/175/203
f 207/176/204 208/177/204 209/178/204 210/179/204 211/180/204
f 210/175/205 212/115/205 211/181/205
f 211/181/206 212/115/206 207/172/206
f 213/172/207 218/115/207 214/173/207
f 214/173/208 218/115/208 215/174/208
f 215/174/209 218/115/209 216/175/209
f 213/176/210 214/177/210 215/178/210 216/179/210 217/180/210
f 216/175/211 218/115/211 217/181/211
f 217/181/212 218/115/212 213/172/212
f 219/172/213 224/115/213 220/173/213
f 220/173/214 224/115/214 221/174/214
f 221/174/215 224/115/215 222/175/215
f 219/176/216 220/177/216 221/178/216 222/179/216 223/180/216
f 222/175/217 224/115/217 223/181/217
f 223/181/218 224/115/218 219/172/218
f 225/172/219 230/115/219 226/173/219
f 226/173/220 230/115/220 227/174/220
f 227/174/221 230/115/221 228/175/221
f 225/176/222 226/177/222 227/178/222 228/179/222 229/180/222
f 228/175/223 230/115/223 229/181/223
f 229/181/224 230/115/224 225/172/224
f 231/172/225 236/115/225 232/173/225
f 232/173/226 236/115/226 233/174/226
f 233/174/227 236/115/227 234/175/227
f 231/176/228 232/177/228 233/178/228 234/179/228 235/180/228
f 234/175/229 236/115/229 235/181/229
f 235/181/230 236/115/230 231/172/230
f 237/172/231 242/115/231 238/173/231
f 238/173/232 242/115/232 239/174/232
f 239/174/233 242/115/233 240/175/233
f 237/176/234 238/177/234 239/178/234 240/179/234 241/180/234
f 240/175/235 242/115/235 241/181/235
f 241/181/236 242/115/236 237/172/236
f 243/172/237 248/115/237 244/173/237
f 244/173/238 248/115/238 245/174/238
f 245/174/239 248/115/239 246/175/239
f 243/176/240 244/177/240 245/178/240 246/179/240 247/180/240
f 246/175/241 248/115/241 247/181/241
f 247/181/242 248/115/242 243/172/242
f 249/172/243 254/115/243 250/173/243
f 250/173/244 254/115/244 251/174/244
f 251/174/245 254/115/245 252/175/245
f 249/176/246 250/177/246 251/178/246 252/179/246 253/180/246
f 252/175/247 254/115/247 253/181/247
f 253/181/248 254/115/248 249/172/248
f 255/172/249 260/115/249 256/173/249
f 256/173/250 260/115/250 257/174/250
f 257/174/251 260/115/251 258/175/251
f 255/176/252 256/177/252 257/178/252 258/179/252 259/180/252
f 258/175/253 260/115/253 259/181/253
f 259/181/254 260/115/254 255/172/254
s 1
usemtl LK_MataPutih
f 332/182/255 331/183/256 268/184/257 269/185/258
f 330/186/259 329/187/5 266/188/260 267/189/261
f 328/190/262 327/191/263 264/192/264 265/193/265
f 326/194/266 261/195/10 263/196/267
f 262/197/12 332/182/255 269/185/258
f 331/183/256 330/186/259 267/189/261 268/184/257
f 329/187/5 328/190/262 265/193/265 266/188/260
f 327/191/263 326/194/266 263/196/267 264/192/264
f 265/193/265 264/192/264 271/198/268 272/86/269
f 263/196/267 261/199/10 270/87/270
f 262/200/12 269/185/258 276/90/271
f 268/184/257 267/189/261 274/91/272 275/89/273
f 266/188/260 265/193/265 272/86/269 273/15/274
f 264/192/264 263/196/267 270/87/270 271/198/268
f 269/185/258 268/184/257 275/89/273 276/90/271
f 267/189/261 266/188/260 273/15/274 274/91/272
f 262/201/12 276/90/271 283/202/275
f 275/89/273 274/91/272 281/203/276 282/204/277
f 273/15/274 272/86/269 279/205/278 280/206/279
f 271/198/268 270/87/270 277/207/280 278/208/281
f 276/90/271 275/89/273 282/204/277 283/202/275
f 274/91/272 273/15/274 280/206/279 281/203/276
f 272/86/269 271/198/268 278/208/281 279/205/278
f 270/87/270 261/209/10 277/207/280
f 278/208/281 277/207/280 284/210/282 285/211/283
f 283/202/275 282/204/277 289/212/284 290/213/285
f 281/203/276 280/206/279 287/214/286 288/215/287
f 279/205/278 278/208/281 285/211/283 286/216/288
f 277/207/280 261/217/10 284/210/282
f 262/218/12 283/202/275 290/213/285
f 282/204/277 281/203/276 288/215/287 289/212/284
f 280/206/279 279/205/278 286/216/288 287/214/286
f 290/213/285 289/212/284 296/219/289 297/220/290
f 288/215/287 287/214/286 294/221/24 295/222/291
f 286/216/288 285/211/283 292/223/292 293/224/293
f 284/210/282 261/225/10 291/226/294
f 262/227/12 290/213/285 297/220/290
f 289/212/284 288/215/287 295/222/291 296/219/289
f 287/214/286 286/216/288 293/224/293 294/221/24
f 285/211/283 284/210/282 291/226/294 292/223/292
f 291/226/294 261/228/10 298/229/295
f 262/230/12 297/220/290 304/231/296
f 296/219/289 295/222/291 302/232/297 303/233/298
f 294/221/24 293/224/293 300/234/299 301/235/300
f 292/223/292 291/226/294 298/229/295 299/236/301
f 297/220/290 296/219/289 303/233/298 304/231/296
f 295/222/291 294/221/24 301/235/300 302/232/297
f 293/224/293 292/223/292 299/236/301 300/234/299
f 303/233/298 302/232/297 309/142/302 310/237/303
f 301/235/300 300/234/299 307/238/304 308/45/305
f 299/236/301 298/229/295 305/139/306 306/239/307
f 304/231/296 303/233/298 310/237/303 311/141/308
f 302/232/297 301/235/300 308/45/305 309/142/302
f 300/234/299 299/236/301 306/239/307 307/238/304
f 298/229/295 261/240/10 305/139/306
f 262/241/12 304/231/296 311/141/308
f 311/242/308 310/243/303 317/244/309 318/245/310
f 309/246/302 308/247/305 315/248/311 316/249/312
f 307/250/304 306/251/307 313/252/313 314/253/314
f 305/254/306 261/255/10 312/256/315
f 262/257/12 311/242/308 318/245/310
f 310/243/303 309/246/302 316/249/312 317/244/309
f 308/247/305 307/250/304 314/253/314 315/248/311
f 306/251/307 305/254/306 312/256/315 313/252/313
f 316/249/312 315/248/311 322/258/316 323/259/317
f 314/253/314 313/252/313 320/260/318 321/261/319
f 312/256/315 261/262/10 319/263/320
f 262/264/12 318/245/310 325/265/321
f 317/244/309 316/249/312 323/259/317 324/266/322
f 315/248/311 314/253/314 321/261/319 322/258/316
f 313/252/313 312/256/315 319/263/320 320/260/318
f 318/245/310 317/244/309 324/266/322 325/265/321
f 262/267/12 325/265/321 332/182/255
f 324/266/322 323/259/317 330/186/259 331/183/256
f 322/258/316 321/261/319 328/190/262 329/187/5
f 320/260/318 319/263/320 326/194/266 327/191/263
f 325/265/321 324/266/322 331/183/256 332/182/255
f 323/259/317 322/258/316 329/187/5 330/186/259
f 321/261/319 320/260/318 327/191/263 328/190/262
f 319/263/320 261/268/10 326/194/266
f 446/194/266 381/195/10 383/196/267
f 382/197/12 452/182/255 389/185/258
f 451/183/256 450/186/259 387/189/261 388/184/257
f 449/187/5 448/190/262 385/193/265 386/188/260
f 447/191/263 446/194/266 383/196/267 384/192/264
f 452/182/255 451/183/256 388/184/257 389/185/258
f 450/186/259 449/187/5 386/188/260 387/189/261
f 448/190/262 447/191/263 384/192/264 385/193/265
f 386/188/260 385/193/265 392/86/269 393/15/274
f 384/192/264 383/196/267 390/87/270 391/198/268
f 389/185/258 388/184/257 395/89/273 396/90/271
f 387/189/261 386/188/260 393/15/274 394/91/272
f 385/193/265 384/192/264 391/198/268 392/86/269
f 383/196/267 381/199/10 390/87/270
f 382/200/12 389/185/258 396/90/271
f 388/184/257 387/189/261 394/91/272 395/89/273
f 396/90/271 395/89/273 402/204/277 403/202/275
f 394/91/272 393/15/274 400/206/279 401/203/276
f 392/86/269 391/198/268 398/208/281 399/205/278
f 390/87/270 381/209/10 397/207/280
f 382/201/12 396/90/271 403/202/275
f 395/89/273 394/91/272 401/203/276 402/204/277
f 393/15/274 392/86/269 399/205/278 400/206/279
f 391/198/268 390/87/270 397/207/280 398/208/281
f 399/205/278 398/208/281 405/211/283 406/216/288
f 397/207/280 381/217/10 404/210/282
f 382/218/12 403/202/275 410/213/285
f 402/204/277 401/203/276 408/215/287 409/212/284
f 400/206/279 399/205/278 406/216/288 407/214/286
f 398/208/281 397/207/280 404/210/282 405/211/283
f 403/202/275 402/204/277 409/212/284 410/213/285
f 401/203/276 400/206/279 407/214/286 408/215/287
f 382/227/12 410/213/285 417/220/290
f 409/212/284 408/215/287 415/222/291 416/219/289
f 407/214/286 406/216/288 413/224/293 414/221/24
f 405/211/283 404/210/282 411/226/294 412/223/292
f 410/213/285 409/212/284 416/219/289 417/220/290
f 408/215/287 407/214/286 414/221/24 415/222/291
f 406/216/288 405/211/283 412/223/292 413/224/293
f 404/210/282 381/225/10 411/226/294
f 412/223/292 411/226/294 418/229/295 419/236/301
f 417/220/290 416/219/289 423/233/298 424/231/296
f 415/222/291 414/221/24 421/235/300 422/232/297
f 413/224/293 412/223/292 419/236/301 420/234/299
f 411/226/294 381/228/10 418/229/295
f 382/230/12 417/220/290 424/231/296
f 416/219/289 415/222/291 422/232/297 423/233/298
f 414/221/24 413/224/293 420/234/299 421/235/300
f 424/231/296 423/233/298 430/237/303 431/141/308
f 422/232/297 421/235/300 428/45/305 429/142/302
f 420/234/299 419/236/301 426/239/307 427/238/304
f 418/229/295 381/240/10 425/139/306
f 382/241/12 424/231/296 431/141/308
f 423/233/298 422/232/297 429/142/302 430/237/303
f 421/235/300 420/234/299 427/238/304 428/45/305
f 419/236/301 418/229/295 425/139/306 426/239/307
f 425/254/306 381/255/10 432/256/315
f 382/257/12 431/242/308 438/245/310
f 430/243/303 429/246/302 436/249/312 437/244/309
f 428/247/305 427/250/304 434/253/314 435/248/311
f 426/251/307 425/254/306 432/256/315 433/252/313
f 431/242/308 430/243/303 437/244/309 438/245/310
f 429/246/302 428/247/305 435/248/311 436/249/312
f 427/250/304 426/251/307 433/252/313 434/253/314
f 437/244/309 436/249/312 443/259/317 444/266/322
f 435/248/311 434/253/314 441/261/319 442/258/316
f 433/252/313 432/256/315 439/263/320 440/260/318
f 438/245/310 437/244/309 444/266/322 445/265/321
f 436/249/312 435/248/311 442/258/316 443/259/317
f 434/253/314 433/252/313 440/260/318 441/261/319
f 432/256/315 381/262/10 439/263/320
f 382/264/12 438/245/310 445/265/321
f 445/265/321 444/266/322 451/183/256 452/182/255
f 443/259/317 442/258/316 449/187/5 450/186/259
f 441/261/319 440/260/318 447/191/263 448/190/262
f 439/263/320 381/268/10 446/194/266
f 382/267/12 445/265/321 452/182/255
f 444/266/322 443/259/317 450/186/259 451/183/256
f 442/258/316 441/261/319 448/190/262 449/187/5
f 440/260/318 439/263/320 446/194/266 447/191/263
usemtl LK_Pupil
f 337/12/12 336/1/1 342/4/4
f 374/2/2 335/5/5 340/8/8 341/3/3
f 373/6/6 334/9/9 338/11/11 339/7/7
f 336/1/1 374/2/2 341/3/3 342/4/4
f 335/5/5 373/6/6 339/7/7 340/8/8
f 334/9/9 333/10/10 338/11/11
f 342/4/4 341/3/3 346/16/15 347/14/13
f 340/8/8 339/7/7 344/18/17 345/15/14
f 338/11/11 333/19/10 343/17/16
f 337/13/12 342/4/4 347/14/13
f 341/3/3 340/8/8 345/15/14 346/16/15
f 339/7/7 338/11/11 343/17/16 344/18/17
f 347/14/13 346/16/15 351/23/20 352/21/18
f 345/15/14 344/18/17 349/25/22 350/22/19
f 343/17/16 333/26/10 348/24/21
f 337/20/12 347/14/13 352/21/18
f 346/16/15 345/15/14 350/22/19 351/23/20
f 344/18/17 343/17/16 348/24/21 349/25/22
f 352/21/18 351/23/20 356/30/25 357/28/23
f 350/22/19 349/25/22 354/32/27 355/29/24
f 348/24/21 333/33/10 353/31/26
f 337/27/12 352/21/18 357/28/23
f 351/23/20 350/22/19 355/29/24 356/30/25
f 349/25/22 348/24/21 353/31/26 354/32/27
f 357/28/23 356/30/25 361/35/29 362/38/32
f 355/29/24 354/32/27 359/37/31 360/34/28
f 353/31/26 333/39/10 358/36/30
f 337/40/12 357/28/23 362/38/32
f 356/30/25 355/29/24 360/34/28 361/35/29
f 354/32/27 353/31/26 358/36/30 359/37/31
f 360/34/28 359/37/31 364/42/34 365/45/37
f 358/36/30 333/46/10 363/41/33
f 337/47/12 362/38/32 367/44/36
f 361/35/29 360/34/28 365/45/37 366/43/35
f 359/37/31 358/36/30 363/41/33 364/42/34
f 362/38/32 361/35/29 366/43/35 367/44/36
f 363/56/33 333/57/10 368/58/42
f 337/59/12 367/48/36 372/51/39
f 366/49/35 365/52/37 370/55/41 371/50/38
f 364/53/34 363/56/33 368/58/42 369/54/40
f 367/48/36 366/49/35 371/50/38 372/51/39
f 365/52/37 364/53/34 369/54/40 370/55/41
f 337/61/12 372/51/39 336/1/1
f 371/50/38 370/55/41 335/5/5 374/2/2
f 369/54/40 368/58/42 334/9/9 373/6/6
f 372/51/39 371/50/38 374/2/2 336/1/1
f 370/55/41 369/54/40 373/6/6 335/5/5
f 368/58/42 333/60/10 334/9/9
f 456/1/1 494/2/2 461/3/3 462/4/4
f 455/5/5 493/6/6 459/7/7 460/8/8
f 454/9/9 453/10/10 458/11/11
f 457/12/12 456/1/1 462/4/4
f 494/2/2 455/5/5 460/8/8 461/3/3
f 493/6/6 454/9/9 458/11/11 459/7/7
f 457/13/12 462/4/4 467/14/13
f 461/3/3 460/8/8 465/15/14 466/16/15
f 459/7/7 458/11/11 463/17/16 464/18/17
f 462/4/4 461/3/3 466/16/15 467/14/13
f 460/8/8 459/7/7 464/18/17 465/15/14
f 458/11/11 453/19/10 463/17/16
f 457/20/12 467/14/13 472/21/18
f 466/16/15 465/15/14 470/22/19 471/23/20
f 464/18/17 463/17/16 468/24/21 469/25/22
f 467/14/13 466/16/15 471/23/20 472/21/18
f 465/15/14 464/18/17 469/25/22 470/22/19
f 463/17/16 453/26/10 468/24/21
f 457/27/12 472/21/18 477/28/23
f 471/23/20 470/22/19 475/29/24 476/30/25
f 469/25/22 468/24/21 473/31/26 474/32/27
f 472/21/18 471/23/20 476/30/25 477/28/23
f 470/22/19 469/25/22 474/32/27 475/29/24
f 468/24/21 453/33/10 473/31/26
f 476/30/25 475/29/24 480/34/28 481/35/29
f 474/32/27 473/31/26 478/36/30 479/37/31
f 477/28/23 476/30/25 481/35/29 482/38/32
f 475/29/24 474/32/27 479/37/31 480/34/28
f 473/31/26 453/39/10 478/36/30
f 457/40/12 477/28/23 482/38/32
f 479/37/31 478/36/30 483/41/33 484/42/34
f 482/38/32 481/35/29 486/43/35 487/44/36
f 480/34/28 479/37/31 484/42/34 485/45/37
f 478/36/30 453/46/10 483/41/33
f 457/47/12 482/38/32 487/44/36
f 481/35/29 480/34/28 485/45/37 486/43/35
f 487/48/36 486/49/35 491/50/38 492/51/39
f 485/52/37 484/53/34 489/54/40 490/55/41
f 483/56/33 453/57/10 488/58/42
f 457/59/12 487/48/36 492/51/39
f 486/49/35 485/52/37 490/55/41 491/50/38
f 484/53/34 483/56/33 488/58/42 489/54/40
f 492/51/39 491/50/38 494/2/2 456/1/1
f 490/55/41 489/54/40 493/6/6 455/5/5
f 488/58/42 453/60/10 454/9/9
f 457/61/12 492/51/39 456/1/1
f 491/50/38 490/55/41 455/5/5 494/2/2
f 489/54/40 488/58/42 454/9/9 493/6/6
s 0
usemtl LK_Taring
f 375/269/323 380/115/323 376/173/323
f 376/173/324 380/115/324 377/270/324
f 377/270/325 380/115/325 378/271/325
f 375/272/10 376/177/10 377/273/10 378/274/10 379/180/10
f 378/271/326 380/115/326 379/275/326
f 379/275/327 380/115/327 375/269/327
f 495/269/323 500/115/323 496/173/323
f 496/173/324 500/115/324 497/270/324
f 497/270/325 500/115/325 498/271/325
f 495/272/10 496/177/10 497/273/10 498/274/10 499/180/10
f 498/271/326 500/115/326 499/275/326
f 499/275/327 500/115/327 495/269/327
s 1
usemtl LK_Lidah
f 501/52/328 502/276/329 504/167/330 503/55/331
f 503/55/331 504/167/330 506/268/332 505/5/333
f 505/5/333 506/268/332 508/85/334 507/8/335
f 507/8/335 508/85/334 510/277/336 509/15/337
f 509/15/337 510/277/336 512/105/338 511/22/339
f 511/22/339 512/105/338 514/225/340 513/29/341
f 504/278/330 502/269/329 516/279/342 514/280/340 512/281/338 510/282/336 508/283/334 506/284/332
f 513/29/341 514/225/340 516/135/342 515/34/343
f 515/34/343 516/135/342 502/285/329 501/45/328
f 501/272/328 503/286/331 505/287/333 507/288/335 509/289/337 511/290/339 513/291/341 515/292/343
f 522/1/1 521/2/2 527/3/3 528/4/4
f 520/5/5 519/293/6 525/294/7 526/8/8
f 518/9/9 517/10/10 524/11/11
f 523/12/12 522/1/1 528/4/4
f 521/2/2 520/5/5 526/8/8 527/3/3
f 519/293/6 518/9/9 524/11/11 525/294/7
f 524/11/11 517/19/10 529/17/16
f 523/13/12 528/4/4 533/14/13
f 527/3/3 526/8/8 531/15/14 532/16/15
f 525/294/7 524/11/11 529/17/16 530/295/17
f 528/4/4 527/3/3 532/16/15 533/14/13
f 526/8/8 525/294/7 530/295/17 531/15/14
f 523/20/12 533/14/13 538/21/18
f 532/16/15 531/15/14 536/22/19 537/23/20
f 530/295/17 529/17/16 534/24/21 535/296/22
f 533/14/13 532/16/15 537/23/20 538/21/18
f 531/15/14 530/295/17 535/296/22 536/22/19
f 529/17/16 517/26/10 534/24/21
f 523/27/12 538/21/18 543/28/23
f 537/23/20 536/22/19 541/29/24 542/30/25
f 535/296/22 534/24/21 539/31/26 540/297/27
f 538/21/18 537/23/20 542/30/25 543/28/23
f 536/22/19 535/296/22 540/297/27 541/29/24
f 534/24/21 517/33/10 539/31/26
f 523/40/12 543/28/23 548/38/32
f 542/30/25 541/29/24 546/34/28 547/35/29
f 540/297/27 539/31/26 544/36/30 545/298/31
f 543/28/23 542/30/25 547/35/29 548/38/32
f 541/29/24 540/297/27 545/298/31 546/34/28
f 539/31/26 517/39/10 544/36/30
f 547/35/29 546/34/28 551/45/37 552/43/35
f 545/298/31 544/36/30 549/41/33 550/299/34
f 548/38/32 547/35/29 552/43/35 553/44/36
f 546/34/28 545/298/31 550/299/34 551/45/37
f 544/36/30 517/46/10 549/41/33
f 523/47/12 548/38/32 553/44/36
f 550/300/34 549/56/33 554/58/42 555/301/40
f 553/48/36 552/49/35 557/50/38 558/51/39
f 551/52/37 550/300/34 555/301/40 556/55/41
f 549/56/33 517/57/10 554/58/42
f 523/59/12 553/48/36 558/51/39
f 552/49/35 551/52/37 556/55/41 557/50/38
f 558/51/39 557/50/38 521/2/2 522/1/1
f 556/55/41 555/301/40 519/293/6 520/5/5
f 554/58/42 517/60/10 518/9/9
f 523/61/12 558/51/39 522/1/1
f 557/50/38 556/55/41 520/5/5 521/2/2
f 555/301/40 554/58/42 518/9/9 519/293/6
f 559/52/344 560/276/345 562/167/346 561/55/347
f 561/55/347 562/167/346 564/268/348 563/5/349
f 563/5/349 564/268/348 566/85/350 565/8/351
f 565/8/351 566/85/350 568/277/352 567/15/353
f 567/15/353 568/277/352 570/105/354 569/22/355
f 569/22/355 570/105/354 572/225/356 571/29/357
f 562/278/346 560/269/345 574/279/358 572/280/356 570/281/354 568/282/352 566/283/350 564/284/348
f 571/29/357 572/225/356 574/135/358 573/34/359
f 573/34/359 574/135/358 560/285/345 559/45/344
f 559/272/344 561/286/347 563/287/349 565/288/351 567/289/353 569/290/355 571/291/357 573/292/359
f 579/2/2 578/5/5 584/8/8 585/3/3
f 577/293/6 576/9/9 582/11/11 583/294/7
f 580/1/1 579/2/2 585/3/3 586/4/4
f 578/5/5 577/293/6 583/294/7 584/8/8
f 576/9/9 575/10/10 582/11/11
f 581/12/12 580/1/1 586/4/4
f 586/4/4 585/3/3 590/16/15 591/14/13
f 584/8/8 583/294/7 588/295/17 589/15/14
f 582/11/11 575/19/10 587/17/16
f 581/13/12 586/4/4 591/14/13
f 585/3/3 584/8/8 589/15/14 590/16/15
f 583/294/7 582/11/11 587/17/16 588/295/17
f 591/14/13 590/16/15 595/23/20 596/21/18
f 589/15/14 588/295/17 593/296/22 594/22/19
f 587/17/16 575/26/10 592/24/21
f 581/20/12 591/14/13 596/21/18
f 590/16/15 589/15/14 594/22/19 595/23/20
f 588/295/17 587/17/16 592/24/21 593/296/22
f 596/21/18 595/23/20 600/30/25 601/28/23
f 594/22/19 593/296/22 598/297/27 599/29/24
f 592/24/21 575/33/10 597/31/26
f 581/27/12 596/21/18 601/28/23
f 595/23/20 594/22/19 599/29/24 600/30/25
f 593/296/22 592/24/21 597/31/26 598/297/27
f 599/29/24 598/297/27 603/298/31 604/34/28
f 597/31/26 575/39/10 602/36/30
f 581/40/12 601/28/23 606/38/32
f 600/30/25 599/29/24 604/34/28 605/35/29
f 598/297/27 597/31/26 602/36/30 603/298/31
f 601/28/23 600/30/25 605/35/29 606/38/32
f 602/36/30 575/46/10 607/41/33
f 581/47/12 606/38/32 611/44/36
f 605/35/29 604/34/28 609/45/37 610/43/35
f 603/298/31 602/36/30 607/41/33 608/299/34
f 606/38/32 605/35/29 610/43/35 611/44/36
f 604/34/28 603/298/31 608/299/34 609/45/37
f 581/59/12 611/48/36 616/51/39
f 610/49/35 609/52/37 614/55/41 615/50/38
f 608/300/34 607/56/33 612/58/42 613/301/40
f 611/48/36 610/49/35 615/50/38 616/51/39
f 609/52/37 608/300/34 613/301/40 614/55/41
f 607/56/33 575/57/10 612/58/42
f 581/61/12 616/51/39 580/1/1
f 615/50/38 614/55/41 578/5/5 579/2/2
f 613/301/40 612/58/42 576/9/9 577/293/6
f 616/51/39 615/50/38 579/2/2 580/1/1
f 614/55/41 613/301/40 577/293/6 578/5/5
f 612/58/42 575/60/10 576/9/9
usemtl LK_Jantung
f 619/62/360 702/63/361 626/64/362 627/65/363
f 701/302/364 700/303/5 624/67/365 625/68/366
f 618/69/367 699/304/368 622/305/369 623/72/370
f 698/306/371 617/74/10 621/75/372
f 620/76/12 619/62/360 627/65/363
f 702/63/361 701/302/364 625/68/366 626/64/362
f 700/303/5 618/69/367 623/72/370 624/67/365
f 699/304/368 698/306/371 621/75/372 622/305/369
f 620/77/12 627/65/363 634/78/373
f 626/64/362 625/68/366 632/79/374 633/80/375
f 624/67/365 623/72/370 630/307/376 631/82/377
f 622/305/369 621/75/372 628/83/378 629/84/379
f 627/65/363 626/64/362 633/80/375 634/78/373
f 625/68/366 624/67/365 631/82/377 632/79/374
f 623/72/370 622/305/369 629/84/379 630/307/376
f 621/75/372 617/85/10 628/83/378
f 631/82/377 630/307/376 637/308/380 638/15/14
f 629/84/379 628/83/378 635/87/381 636/88/382
f 634/78/373 633/80/375 640/89/383 641/90/384
f 632/79/374 631/82/377 638/15/14 639/91/385
f 630/307/376 629/84/379 636/88/382 637/308/380
f 628/83/378 617/92/10 635/87/381
f 620/93/12 634/78/373 641/90/384
f 633/80/375 632/79/374 639/91/385 640/89/383
f 641/90/384 640/89/383 647/94/386 648/95/387
f 639/91/385 638/15/14 645/96/388 646/97/389
f 637/308/380 636/88/382 643/98/390 644/309/391
f 635/87/381 617/310/10 642/101/392
f 620/311/12 641/90/384 648/95/387
f 640/89/383 639/91/385 646/97/389 647/94/386
f 638/15/14 637/308/380 644/309/391 645/96/388
f 636/88/382 635/87/381 642/101/392 643/98/390
f 644/309/391 643/98/390 650/103/393 651/312/394
f 642/101/392 617/105/10 649/106/395
f 620/107/12 648/95/387 655/108/396
f 647/94/386 646/97/389 653/109/397 654/110/398
f 645/96/388 644/309/391 651/312/394 652/111/399
f 643/98/390 642/101/392 649/106/395 650/103/393
f 648/95/387 647/94/386 654/110/398 655/108/396
f 646/97/389 645/96/388 652/111/399 653/109/397
f 620/112/12 655/108/396 662/313/400
f 654/110/398 653/109/397 660/114/401 661/314/402
f 652/111/399 651/312/394 658/315/403 659/29/24
f 650/103/393 649/106/395 656/316/404 657/317/405
f 655/108/396 654/110/398 661/314/402 662/313/400
f 653/109/397 652/111/399 659/29/24 660/114/401
f 651/312/394 650/103/393 657/317/405 658/315/403
f 649/106/395 617/119/10 656/316/404
f 657/317/405 656/316/404 663/318/406 664/121/407
f 662/313/400 661/314/402 668/122/408 669/319/409
f 660/114/401 659/29/24 666/124/410 667/125/411
f 658/315/403 657/317/405 664/121/407 665/320/412
f 656/316/404 617/127/10 663/318/406
f 620/128/12 662/313/400 669/319/409
f 661/314/402 660/114/401 667/125/411 668/122/408
f 659/29/24 658/315/403 665/320/412 666/124/410
f 669/319/409 668/122/408 675/129/413 676/321/414
f 667/125/411 666/124/410 673/322/415 674/323/416
f 665/320/412 664/121/407 671/133/417 672/324/418
f 663/318/406 617/325/10 670/326/419
f 620/327/12 669/319/409 676/321/414
f 668/122/408 667/125/411 674/323/416 675/129/413
f 666/124/410 665/320/412 672/324/418 673/322/415
f 664/121/407 663/318/406 670/326/419 671/133/417
f 670/326/419 617/138/10 677/139/420
f 620/140/12 676/321/414 683/141/421
f 675/129/413 674/323/416 681/142/422 682/237/423
f 673/322/415 672/324/418 679/238/424 680/45/37
f 671/133/417 670/326/419 677/139/420 678/145/425
f 676/321/414 675/129/413 682/237/423 683/141/421
f 674/323/416 673/322/415 680/45/37 681/142/422
f 672/324/418 671/133/417 678/145/425 679/238/424
f 682/328/423 681/147/422 688/148/426 689/329/427
f 680/52/37 679/330/424 686/331/428 687/152/429
f 678/153/425 677/154/420 684/155/430 685/156/431
f 683/157/421 682/328/423 689/329/427 690/332/432
f 681/147/422 680/52/37 687/152/429 688/148/426
f 679/330/424 678/153/425 685/156/431 686/331/428
f 677/154/420 617/159/10 684/155/430
f 620/160/12 683/157/421 690/332/432
f 690/332/432 689/329/427 696/333/433 697/334/434
f 688/148/426 687/152/429 694/335/435 695/336/436
f 686/331/428 685/156/431 692/165/437 693/337/438
f 684/155/430 617/338/10 691/339/439
f 620/340/12 690/332/432 697/334/434
f 689/329/427 688/148/426 695/336/436 696/333/433
f 687/152/429 686/331/428 693/337/438 694/335/435
f 685/156/431 684/155/430 691/339/439 692/165/437
f 695/336/436 694/335/435 700/303/5 701/302/364
f 693/337/438 692/165/437 699/304/368 618/69/367
f 691/339/439 617/170/10 698/306/371
f 620/171/12 697/334/434 619/62/360
f 696/333/433 695/336/436 701/302/364 702/63/361
f 694/335/435 693/337/438 618/69/367 700/303/5
f 692/165/437 691/339/439 698/306/371 699/304/368
f 697/334/434 696/333/433 702/63/361 619/62/360
