# Blender 5.1.1
# www.blender.org
mtllib npc_pak_guru_walk2.mtl
o npc_pak_guru_walk2
v -0.079355 -0.090347 1.052208
v 0.079623 -0.090675 1.052075
v -0.083281 -0.068271 1.115690
v 0.083603 -0.065850 1.118397
v -0.119506 -0.016603 1.123996
v 0.119406 -0.015242 1.123405
v 0.093013 0.049062 1.100992
v -0.093476 0.048815 1.100991
v -0.000322 0.074813 1.094120
v -0.000259 0.056166 1.179903
v -0.128239 -0.016802 1.144942
v 0.128281 -0.015899 1.144654
v 0.000161 -0.084458 1.117044
v -0.119506 -0.016603 1.123996
v 0.119406 -0.015242 1.123405
v -0.128239 -0.016802 1.144942
v 0.128281 -0.015899 1.144654
v -0.091742 0.053508 1.046783
v 0.091555 0.053061 1.046775
v -0.000094 0.076205 1.046779
v 0.130110 -0.012719 1.050725
v -0.130169 -0.012073 1.050790
v 0.090783 -0.083808 1.019123
v -0.092553 -0.084131 1.019101
v -0.130541 -0.015550 1.030534
v 0.130234 -0.015102 1.030965
v 0.030029 0.064346 0.857790
v -0.034325 0.064605 0.857812
v -0.000160 0.070386 0.920155
v -0.000885 -0.099052 1.010891
v -0.001896 -0.102701 0.858284
v -0.001403 -0.108251 0.922043
v -0.091742 0.053508 1.046783
v 0.091555 0.053061 1.046775
v 0.130110 -0.012719 1.050725
v -0.130169 -0.012073 1.050790
v -0.095851 0.039427 1.188088
v -0.095980 -0.071141 1.211576
v 0.096286 -0.069813 1.212930
v 0.095424 0.039648 1.188090
v 0.000153 -0.083388 1.212253
v -0.102209 0.047199 1.275185
v 0.101788 0.047394 1.275187
v -0.000210 0.062236 1.265686
v 0.128820 -0.016280 1.186987
v -0.128703 -0.016849 1.187123
v 0.128820 -0.016280 1.186987
v -0.128703 -0.016849 1.187123
v -0.131286 -0.016897 1.319509
v -0.117148 -0.089889 1.335583
v 0.131481 -0.016661 1.319511
v 0.117455 -0.089653 1.335585
v -0.000108 -0.109890 1.340813
v -0.102874 0.009459 1.438428
v -0.121560 -0.062751 1.440999
v 0.102708 0.009417 1.437389
v 0.121500 -0.062804 1.439828
v 0.151498 -0.042412 1.365386
v -0.151587 -0.065345 1.366276
v -0.000191 0.045767 1.365638
v 0.123441 -0.096960 1.397201
v -0.123522 -0.097001 1.398357
v 0.125243 0.021478 1.393802
v -0.125386 0.021418 1.394859
v 0.154984 0.021018 1.366718
v -0.155128 -0.000944 1.367550
v -0.131286 -0.016897 1.319509
v 0.131481 -0.016661 1.319511
v 0.151498 -0.042412 1.365386
v 0.151498 -0.042412 1.365386
v -0.151587 -0.065345 1.366276
v -0.151587 -0.065345 1.366276
v 0.154984 0.021018 1.366718
v -0.155128 -0.000944 1.367550
v -0.130706 -0.049461 1.354555
v -0.177347 -0.083587 1.339137
v -0.196990 -0.072290 1.340891
v -0.191658 -0.018020 1.342914
v -0.141743 0.012750 1.346477
v -0.154947 -0.141516 1.145331
v -0.207217 -0.140072 1.148339
v -0.179646 -0.067888 1.185567
v -0.159305 -0.092746 1.141264
v -0.204782 -0.089342 1.144069
v -0.190858 -0.052628 1.395649
v -0.188441 0.001256 1.392004
v -0.186982 -0.025754 1.417450
v -0.193264 -0.027409 1.320247
v -0.196498 -0.078410 1.316567
v -0.160085 0.021057 1.408603
v -0.158928 -0.066431 1.411073
v -0.179485 -0.006474 1.343436
v -0.203813 -0.116626 1.215167
v -0.183078 -0.150413 1.150290
v -0.176315 -0.123563 1.228327
v -0.146385 -0.051539 1.219582
v -0.177347 -0.083587 1.339137
v -0.179646 -0.067888 1.185567
v -0.204782 -0.089342 1.144069
v -0.190858 -0.052628 1.395649
v -0.190858 -0.052628 1.395649
v -0.188441 0.001256 1.392004
v -0.186982 -0.025754 1.417450
v -0.160085 0.021057 1.408603
v -0.160085 0.021057 1.408603
v -0.158928 -0.066431 1.411073
v -0.158928 -0.066431 1.411073
v -0.179485 -0.006474 1.343436
v -0.183078 -0.150413 1.150290
v -0.176315 -0.123563 1.228327
v 0.129571 -0.049425 1.354557
v 0.176202 -0.040741 1.339140
v 0.195839 -0.030801 1.340893
v 0.190552 0.021924 1.342958
v 0.140652 0.012778 1.346518
v 0.157207 0.047077 1.144035
v 0.206180 0.046337 1.146965
v 0.178542 0.090088 1.185607
v 0.157875 0.098476 1.141289
v 0.203340 0.099758 1.144098
v 0.189694 -0.051125 1.395635
v 0.187228 0.003273 1.392053
v 0.186988 -0.025781 1.417270
v 0.192153 0.029559 1.320281
v 0.195353 -0.018658 1.316573
v 0.158993 0.021108 1.408638
v 0.157781 -0.066370 1.411080
v 0.178383 0.033113 1.343476
v 0.202507 0.019157 1.215354
v 0.182100 0.036679 1.147972
v 0.175063 0.003697 1.228207
v 0.146309 -0.050292 1.220077
v 0.176202 -0.040741 1.339140
v 0.178542 0.090088 1.185607
v 0.203340 0.099758 1.144098
v 0.189694 -0.051125 1.395635
v 0.189694 -0.051125 1.395635
v 0.187228 0.003273 1.392053
v 0.186988 -0.025781 1.417270
v 0.158993 0.021108 1.408638
v 0.158993 0.021108 1.408638
v 0.157781 -0.066370 1.411080
v 0.157781 -0.066370 1.411080
v 0.178383 0.033113 1.343476
v 0.182100 0.036679 1.147972
v 0.175063 0.003697 1.228207
v -0.000106 -0.067177 1.479756
v -0.032590 0.014004 1.439505
v 0.032978 0.014112 1.439507
v -0.044864 -0.053855 1.479051
v 0.045200 -0.053689 1.479020
v -0.035197 0.016726 1.568871
v -0.029835 -0.033772 1.588398
v 0.031373 -0.034217 1.588093
v 0.036406 0.016802 1.568864
v 0.000604 0.038739 1.562778
v -0.000347 0.008844 1.596157
v -0.044864 -0.053855 1.479051
v 0.045200 -0.053689 1.479020
v -0.029835 -0.033772 1.588398
v 0.031373 -0.034217 1.588093
v -0.000347 0.008844 1.596157
v 0.084678 -0.097767 0.867803
v 0.136794 -0.030004 0.893772
v 0.136981 0.022161 0.931918
v 0.100138 0.064332 0.923817
v 0.092067 -0.103629 0.930948
v 0.042993 -0.154477 0.545985
v 0.072459 -0.038385 0.559004
v 0.103003 -0.153050 0.549897
v 0.116193 -0.058949 0.556523
v 0.128528 -0.003951 0.723049
v 0.024320 -0.058638 0.556817
v 0.102848 -0.133958 0.616121
v 0.085112 -0.087387 0.831807
v 0.008577 -0.086506 0.831088
v 0.098364 0.055750 0.882338
v 0.136981 0.022161 0.931918
v 0.116193 -0.058949 0.556523
v 0.128528 -0.003951 0.723049
v 0.024320 -0.058638 0.556817
v -0.088296 -0.098036 0.867786
v -0.138722 -0.030110 0.893758
v -0.138343 0.022215 0.931926
v -0.101123 0.064189 0.923816
v -0.094800 -0.103939 0.930930
v -0.002622 0.015776 0.829614
v -0.044458 0.034484 0.516115
v -0.104495 0.033263 0.520464
v -0.117689 0.122575 0.528046
v -0.073935 0.141418 0.530931
v -0.130082 0.064257 0.712429
v -0.025773 0.122674 0.528280
v -0.104391 0.007176 0.593357
v -0.087689 -0.086598 0.831599
v -0.011186 -0.085274 0.831140
v -0.002190 -0.074928 0.843958
v -0.099626 0.056812 0.882514
v -0.138343 0.022215 0.931926
v -0.002622 0.015776 0.829614
v -0.117689 0.122575 0.528046
v -0.130082 0.064257 0.712429
v -0.025773 0.122674 0.528280
v -0.029017 0.142142 0.463048
v -0.115948 0.144175 0.457491
v -0.078093 0.162002 0.439195
v -0.031477 0.121552 0.337296
v -0.037388 0.149482 0.170418
v -0.121841 0.119780 0.338727
v -0.100522 0.146235 0.169383
v -0.051991 0.090196 0.342753
v -0.100367 0.054502 0.454040
v -0.048321 0.053935 0.456841
v -0.076900 0.157079 0.462952
v -0.099907 0.090253 0.340749
v -0.092615 0.183374 0.056172
v -0.048957 0.169072 0.117111
v -0.093075 0.169167 0.116338
v -0.094475 0.185058 0.070677
v -0.052823 0.185053 0.071306
v -0.090259 0.174840 0.111342
v -0.053729 0.174789 0.111960
v -0.029017 0.142142 0.463048
v -0.115948 0.144175 0.457491
v -0.033706 0.225108 0.169937
v -0.072294 0.253766 0.170972
v -0.120606 0.229687 0.171395
v -0.093115 0.202565 -0.002168
v -0.040217 0.339741 0.044161
v -0.119668 0.344304 0.029541
v -0.039741 0.353100 -0.002380
v -0.047927 0.203039 -0.002169
v -0.124553 0.353290 -0.002380
v -0.041916 0.266118 0.061974
v -0.112060 0.270041 0.063236
v -0.073818 0.290534 0.069788
v -0.046869 0.190543 0.028938
v -0.094651 0.190410 0.028516
v -0.074629 0.277812 0.077094
v -0.101666 0.255326 0.073946
v -0.052477 0.250980 0.072899
v -0.050606 0.184073 0.056315
v -0.118985 0.245980 0.119334
v -0.072691 0.267610 0.121328
v -0.035243 0.241735 0.117900
v -0.073835 0.259417 0.116500
v -0.101258 0.235835 0.114754
v -0.052215 0.232392 0.113720
v -0.033706 0.225108 0.169937
v -0.120606 0.229687 0.171395
v -0.039741 0.353100 -0.002380
v -0.124553 0.353290 -0.002380
v -0.041916 0.266118 0.061974
v -0.112060 0.270041 0.063236
v -0.101666 0.255326 0.073946
v -0.052477 0.250980 0.072899
v -0.118985 0.245980 0.119334
v -0.035243 0.241735 0.117900
v -0.101258 0.235835 0.114754
v -0.052215 0.232392 0.113720
v -0.097759 0.434699 -0.002495
v -0.098076 0.425685 0.019673
v -0.062834 0.446124 -0.002511
v -0.061573 0.435327 0.020872
v -0.040699 0.352466 0.037663
v -0.118320 0.354471 0.028818
v 0.027557 -0.078878 0.499152
v 0.114462 -0.080148 0.494347
v 0.076543 -0.073967 0.476349
v 0.030014 -0.175206 0.384972
v 0.034523 -0.250963 0.234135
v 0.120352 -0.176297 0.385665
v 0.099172 -0.251741 0.233148
v 0.050521 -0.203524 0.389070
v 0.046852 -0.170654 0.492465
v 0.098883 -0.171843 0.489773
v 0.075425 -0.064262 0.497730
v 0.098424 -0.204635 0.387375
v 0.091182 -0.283074 0.131110
v 0.094505 -0.268060 0.185513
v 0.037381 -0.267740 0.186320
v 0.052276 -0.272253 0.144763
v 0.092610 -0.272514 0.144194
v 0.052293 -0.257924 0.181419
v 0.089253 -0.258159 0.180858
v 0.027557 -0.078878 0.499152
v 0.114462 -0.080148 0.494347
v 0.031164 -0.171860 0.233852
v 0.070730 -0.142545 0.235010
v 0.120115 -0.166378 0.235235
v 0.092969 -0.299361 0.078399
v 0.119522 -0.138717 0.107038
v 0.039657 -0.148936 0.078239
v 0.040133 -0.133848 0.120227
v 0.047870 -0.298880 0.078398
v 0.124407 -0.148852 0.078239
v 0.111243 -0.192165 0.137519
v 0.039783 -0.196580 0.136392
v 0.073010 -0.167415 0.143498
v 0.093685 -0.292850 0.106088
v 0.045847 -0.292540 0.106482
v 0.051237 -0.205055 0.146265
v 0.073471 -0.175680 0.150132
v 0.099916 -0.200212 0.147210
v 0.049361 -0.282712 0.131234
v 0.071412 -0.155866 0.190158
v 0.118243 -0.179956 0.188192
v 0.032972 -0.185256 0.186861
v 0.050393 -0.198486 0.183072
v 0.073250 -0.175604 0.184857
v 0.100791 -0.194466 0.184002
v 0.031164 -0.171860 0.233852
v 0.120115 -0.166378 0.235235
v 0.039657 -0.148936 0.078239
v 0.124407 -0.148852 0.078239
v 0.111243 -0.192165 0.137519
v 0.039783 -0.196580 0.136392
v 0.051237 -0.205055 0.146265
v 0.099916 -0.200212 0.147210
v 0.118243 -0.179956 0.188192
v 0.032972 -0.185256 0.186861
v 0.050393 -0.198486 0.183072
v 0.100791 -0.194466 0.184002
v 0.097613 -0.067059 0.078152
v 0.097930 -0.062462 0.098151
v 0.062751 -0.055437 0.078140
v 0.061489 -0.052051 0.099234
v 0.040615 -0.124888 0.114367
v 0.118174 -0.128553 0.106387
v -0.106436 -0.025585 1.447195
v -0.106436 -0.025585 1.447195
v 0.106324 -0.025642 1.446093
v 0.106324 -0.025642 1.446093
v 0.183929 0.045817 1.125837
v 0.213492 0.052145 1.115475
v 0.159062 0.053859 1.111001
v 0.159739 0.089783 1.052737
v 0.209202 0.064501 1.076013
v 0.225163 0.092291 1.077690
v 0.212288 0.141625 1.061409
v 0.166691 0.137694 1.047362
v 0.195605 0.200192 0.885172
v 0.218094 0.197605 0.888240
v 0.218206 0.170367 0.882194
v 0.210049 0.187721 0.872771
v 0.196734 0.171850 0.879462
v 0.205627 0.104476 1.129353
v 0.157934 0.101917 1.120991
v 0.219325 0.187331 0.949413
v 0.217429 0.120313 0.953902
v 0.177970 0.186587 0.940221
v 0.174231 0.134730 0.940208
v 0.188241 0.151751 0.917168
v 0.219435 0.143950 0.925279
v 0.189302 0.188229 0.920068
v 0.220235 0.187231 0.926114
v 0.233144 0.150081 0.953004
v 0.183929 0.045817 1.125837
v 0.213492 0.052145 1.115475
v 0.209202 0.064501 1.076013
v 0.212288 0.141625 1.061409
v 0.218094 0.197605 0.888240
v 0.218206 0.170367 0.882194
v 0.210049 0.187721 0.872771
v 0.205627 0.104476 1.129353
v 0.219325 0.187331 0.949413
v 0.217429 0.120313 0.953902
v 0.219435 0.143950 0.925279
v 0.220235 0.187231 0.926114
v -0.185123 -0.156690 1.126595
v -0.213058 -0.159281 1.114683
v -0.161278 -0.160904 1.110466
v -0.159987 -0.167841 1.052999
v -0.206716 -0.175634 1.076182
v -0.222656 -0.146585 1.077841
v -0.209765 -0.109478 1.061536
v -0.166901 -0.123976 1.047582
v -0.195723 -0.215930 0.878782
v -0.195249 -0.181682 0.885136
v -0.220489 -0.182029 0.888200
v -0.220876 -0.214873 0.882150
v -0.211614 -0.203250 0.870405
v -0.204333 -0.095722 1.129325
v -0.157420 -0.104571 1.120964
v -0.218305 -0.146398 0.951128
v -0.176256 -0.154008 0.941923
v -0.216584 -0.210562 0.955615
v -0.172161 -0.206640 0.941584
v -0.221045 -0.164305 0.926170
v -0.220457 -0.209014 0.925337
v -0.188430 -0.167799 0.920124
v -0.186884 -0.207668 0.916746
v -0.232207 -0.181236 0.954714
v -0.185123 -0.156690 1.126595
v -0.213058 -0.159281 1.114683
v -0.206716 -0.175634 1.076182
v -0.209765 -0.109478 1.061536
v -0.220489 -0.182029 0.888200
v -0.220876 -0.214873 0.882150
v -0.211614 -0.203250 0.870405
v -0.204333 -0.095722 1.129325
v -0.218305 -0.146398 0.951128
v -0.216584 -0.210562 0.955615
v -0.221045 -0.164305 0.926170
v -0.220457 -0.209014 0.925337
v 0.070409 0.095932 1.649944
v 0.072507 0.101769 1.648502
v 0.071521 0.098577 1.637970
v 0.069452 0.092740 1.639412
v 0.070470 0.015032 1.646733
v 0.066879 -0.011134 1.645123
v 0.064075 -0.019204 1.617445
v 0.061241 -0.024187 1.609733
v 0.058484 -0.029490 1.620117
v 0.065536 -0.015587 1.652046
v 0.070470 0.015866 1.653689
v 0.074709 0.075922 1.639934
v 0.075672 0.014384 1.646794
v 0.071387 -0.011619 1.645169
v 0.068821 -0.019645 1.617486
v 0.065170 -0.024651 1.609776
v 0.062664 -0.029863 1.620152
v 0.070011 -0.016061 1.652091
v 0.075673 0.014352 1.653550
v 0.075915 0.077661 1.646274
v -0.069464 0.095942 1.650098
v -0.071562 0.101830 1.648643
v -0.070556 0.098602 1.637960
v -0.068487 0.092713 1.639416
v -0.070553 0.015032 1.646735
v -0.066962 -0.011134 1.645125
v -0.064159 -0.019204 1.617447
v -0.061325 -0.024187 1.609735
v -0.058568 -0.029490 1.620118
v -0.065618 -0.015587 1.652049
v -0.070553 0.015866 1.653691
v -0.074792 0.075922 1.639936
v -0.075756 0.014384 1.646796
v -0.071470 -0.011618 1.645171
v -0.068905 -0.019645 1.617488
v -0.065254 -0.024651 1.609778
v -0.062748 -0.029863 1.620154
v -0.070094 -0.016061 1.652093
v -0.075756 0.014352 1.653553
v -0.075998 0.077661 1.646277
v 0.034222 0.107963 1.649125
v 0.054958 0.102129 1.646286
v 0.059010 0.100391 1.644033
v 0.056229 0.094412 1.615577
v 0.022387 0.102899 1.615148
v 0.019438 0.103449 1.617378
v 0.015653 0.108468 1.642008
v 0.000490 0.112758 1.645007
v -0.004704 0.108625 1.642016
v -0.006973 0.110296 1.651056
v -0.032838 0.110057 1.659247
v -0.063824 0.099562 1.655271
v -0.064805 0.089820 1.611587
v -0.057157 0.091295 1.604614
v -0.018111 0.099762 1.604103
v -0.011327 0.100712 1.607948
v -0.005102 0.107068 1.635711
v 0.000287 0.111178 1.638612
v 0.006272 0.107084 1.635687
v 0.012765 0.100784 1.608130
v 0.019489 0.099843 1.604318
v 0.058219 0.091374 1.604823
v 0.065789 0.089884 1.611735
v 0.070409 0.095932 1.649944
v 0.064818 0.099540 1.655073
v 0.034112 0.110027 1.659016
v 0.008450 0.110284 1.650898
v 0.005879 0.108628 1.641937
v -0.014441 0.108468 1.642009
v -0.018227 0.103449 1.617378
v -0.021177 0.102899 1.615149
v -0.055018 0.094412 1.615579
v -0.057799 0.100391 1.644035
v -0.053746 0.102129 1.646287
v -0.033010 0.107963 1.649126
v -0.005182 0.113452 1.640823
v -0.007655 0.116184 1.649601
v -0.015795 0.113588 1.640744
v -0.033506 0.115945 1.657792
v -0.033682 0.113084 1.647860
v -0.065753 0.105450 1.653816
v -0.054833 0.107250 1.645022
v -0.058967 0.105512 1.642770
v -0.066763 0.095708 1.610132
v -0.056131 0.099532 1.614314
v -0.058313 0.097183 1.603159
v -0.023137 0.108019 1.613883
v -0.019795 0.105651 1.602648
v -0.012401 0.106601 1.606493
v -0.019922 0.108570 1.616113
v -0.005615 0.111895 1.634519
v 0.000258 0.115375 1.637575
v 0.017007 0.113588 1.640743
v 0.006782 0.111869 1.634505
v 0.021133 0.108570 1.616112
v 0.013859 0.106622 1.606688
v 0.021189 0.105680 1.602876
v 0.024348 0.108019 1.613883
v 0.059371 0.097211 1.603381
v 0.057342 0.099532 1.614312
v 0.067749 0.095721 1.610293
v 0.072507 0.101769 1.648502
v 0.060178 0.105512 1.642768
v 0.066748 0.105378 1.653631
v 0.056045 0.107250 1.645020
v 0.034782 0.115864 1.657574
v 0.034894 0.113084 1.647859
v 0.009156 0.116121 1.649456
v 0.006353 0.113413 1.640755
v 0.000480 0.116955 1.643970
v 0.070409 0.095932 1.649944
v 0.070409 0.095932 1.649944
v 0.072507 0.101769 1.648502
v 0.072507 0.101769 1.648502
v 0.071521 0.098577 1.637970
v 0.071521 0.098577 1.637970
v 0.071521 0.098577 1.637970
v 0.071521 0.098577 1.637970
v 0.071521 0.098577 1.637970
v 0.071521 0.098577 1.637970
v 0.069452 0.092740 1.639412
v 0.069452 0.092740 1.639412
v 0.069452 0.092740 1.639412
v 0.069452 0.092740 1.639412
v 0.069452 0.092740 1.639412
v 0.070470 0.015032 1.646733
v 0.070470 0.015032 1.646733
v 0.070470 0.015032 1.646733
v 0.070470 0.015032 1.646733
v 0.070470 0.015032 1.646733
v 0.066879 -0.011134 1.645123
v 0.066879 -0.011134 1.645123
v 0.064075 -0.019204 1.617445
v 0.064075 -0.019204 1.617445
v 0.061241 -0.024187 1.609733
v 0.061241 -0.024187 1.609733
v 0.058484 -0.029490 1.620117
v 0.058484 -0.029490 1.620117
v 0.065536 -0.015587 1.652046
v 0.065536 -0.015587 1.652046
v 0.065536 -0.015587 1.652046
v 0.070470 0.015866 1.653689
v 0.070470 0.015866 1.653689
v 0.070470 0.015866 1.653689
v 0.070470 0.015866 1.653689
v 0.074709 0.075922 1.639934
v 0.074709 0.075922 1.639934
v 0.074709 0.075922 1.639934
v 0.074709 0.075922 1.639934
v 0.075672 0.014384 1.646794
v 0.075672 0.014384 1.646794
v 0.071387 -0.011619 1.645169
v 0.071387 -0.011619 1.645169
v 0.068821 -0.019645 1.617486
v 0.068821 -0.019645 1.617486
v 0.065170 -0.024651 1.609776
v 0.065170 -0.024651 1.609776
v 0.062664 -0.029863 1.620152
v 0.062664 -0.029863 1.620152
v 0.070011 -0.016061 1.652091
v 0.070011 -0.016061 1.652091
v 0.075673 0.014352 1.653550
v 0.075673 0.014352 1.653550
v 0.075673 0.014352 1.653550
v 0.075915 0.077661 1.646274
v 0.075915 0.077661 1.646274
v 0.075915 0.077661 1.646274
v -0.069464 0.095942 1.650098
v -0.069464 0.095942 1.650098
v -0.069464 0.095942 1.650098
v -0.069464 0.095942 1.650098
v -0.069464 0.095942 1.650098
v -0.069464 0.095942 1.650098
v -0.069464 0.095942 1.650098
v -0.071562 0.101830 1.648643
v -0.071562 0.101830 1.648643
v -0.071562 0.101830 1.648643
v -0.071562 0.101830 1.648643
v -0.071562 0.101830 1.648643
v -0.071562 0.101830 1.648643
v -0.070556 0.098602 1.637960
v -0.070556 0.098602 1.637960
v -0.070556 0.098602 1.637960
v -0.070556 0.098602 1.637960
v -0.070556 0.098602 1.637960
v -0.068487 0.092713 1.639416
v -0.068487 0.092713 1.639416
v -0.068487 0.092713 1.639416
v -0.068487 0.092713 1.639416
v -0.068487 0.092713 1.639416
v -0.068487 0.092713 1.639416
v -0.070553 0.015032 1.646735
v -0.070553 0.015032 1.646735
v -0.070553 0.015032 1.646735
v -0.070553 0.015032 1.646735
v -0.070553 0.015032 1.646735
v -0.066962 -0.011134 1.645125
v -0.066962 -0.011134 1.645125
v -0.064159 -0.019204 1.617447
v -0.064159 -0.019204 1.617447
v -0.061325 -0.024187 1.609735
v -0.061325 -0.024187 1.609735
v -0.058568 -0.029490 1.620118
v -0.058568 -0.029490 1.620118
v -0.065618 -0.015587 1.652049
v -0.065618 -0.015587 1.652049
v -0.065618 -0.015587 1.652049
v -0.070553 0.015866 1.653691
v -0.070553 0.015866 1.653691
v -0.070553 0.015866 1.653691
v -0.070553 0.015866 1.653691
v -0.074792 0.075922 1.639936
v -0.074792 0.075922 1.639936
v -0.074792 0.075922 1.639936
v -0.074792 0.075922 1.639936
v -0.075756 0.014384 1.646796
v -0.075756 0.014384 1.646796
v -0.071470 -0.011618 1.645171
v -0.071470 -0.011618 1.645171
v -0.068905 -0.019645 1.617488
v -0.068905 -0.019645 1.617488
v -0.065254 -0.024651 1.609778
v -0.065254 -0.024651 1.609778
v -0.062748 -0.029863 1.620154
v -0.062748 -0.029863 1.620154
v -0.070094 -0.016061 1.652093
v -0.070094 -0.016061 1.652093
v -0.075756 0.014352 1.653553
v -0.075756 0.014352 1.653553
v -0.075756 0.014352 1.653553
v -0.075998 0.077661 1.646277
v -0.075998 0.077661 1.646277
v -0.075998 0.077661 1.646277
v 0.034222 0.107963 1.649125
v 0.034222 0.107963 1.649125
v 0.034222 0.107963 1.649125
v 0.034222 0.107963 1.649125
v 0.034222 0.107963 1.649125
v 0.054958 0.102129 1.646286
v 0.054958 0.102129 1.646286
v 0.054958 0.102129 1.646286
v 0.054958 0.102129 1.646286
v 0.054958 0.102129 1.646286
v 0.059010 0.100391 1.644033
v 0.059010 0.100391 1.644033
v 0.059010 0.100391 1.644033
v 0.059010 0.100391 1.644033
v 0.059010 0.100391 1.644033
v 0.059010 0.100391 1.644033
v 0.059010 0.100391 1.644033
v 0.056229 0.094412 1.615577
v 0.056229 0.094412 1.615577
v 0.056229 0.094412 1.615577
v 0.056229 0.094412 1.615577
v 0.056229 0.094412 1.615577
v 0.022387 0.102899 1.615148
v 0.022387 0.102899 1.615148
v 0.022387 0.102899 1.615148
v 0.022387 0.102899 1.615148
v 0.022387 0.102899 1.615148
v 0.022387 0.102899 1.615148
v 0.019438 0.103449 1.617378
v 0.019438 0.103449 1.617378
v 0.019438 0.103449 1.617378
v 0.019438 0.103449 1.617378
v 0.019438 0.103449 1.617378
v 0.015653 0.108468 1.642008
v 0.015653 0.108468 1.642008
v 0.015653 0.108468 1.642008
v 0.015653 0.108468 1.642008
v 0.015653 0.108468 1.642008
v 0.015653 0.108468 1.642008
v 0.000490 0.112758 1.645007
v 0.000490 0.112758 1.645007
v 0.000490 0.112758 1.645007
v 0.000490 0.112758 1.645007
v -0.004704 0.108625 1.642016
v -0.004704 0.108625 1.642016
v -0.004704 0.108625 1.642016
v -0.004704 0.108625 1.642016
v -0.004704 0.108625 1.642016
v -0.004704 0.108625 1.642016
v -0.006973 0.110296 1.651056
v -0.006973 0.110296 1.651056
v -0.006973 0.110296 1.651056
v -0.006973 0.110296 1.651056
v -0.006973 0.110296 1.651056
v -0.032838 0.110057 1.659247
v -0.032838 0.110057 1.659247
v -0.032838 0.110057 1.659247
v -0.032838 0.110057 1.659247
v -0.032838 0.110057 1.659247
v -0.063824 0.099562 1.655271
v -0.063824 0.099562 1.655271
v -0.063824 0.099562 1.655271
v -0.063824 0.099562 1.655271
v -0.064805 0.089820 1.611587
v -0.064805 0.089820 1.611587
v -0.064805 0.089820 1.611587
v -0.064805 0.089820 1.611587
v -0.057157 0.091295 1.604614
v -0.057157 0.091295 1.604614
v -0.057157 0.091295 1.604614
v -0.057157 0.091295 1.604614
v -0.057157 0.091295 1.604614
v -0.018111 0.099762 1.604103
v -0.018111 0.099762 1.604103
v -0.018111 0.099762 1.604103
v -0.018111 0.099762 1.604103
v -0.011327 0.100712 1.607948
v -0.011327 0.100712 1.607948
v -0.011327 0.100712 1.607948
v -0.011327 0.100712 1.607948
v -0.011327 0.100712 1.607948
v -0.005102 0.107068 1.635711
v -0.005102 0.107068 1.635711
v -0.005102 0.107068 1.635711
v -0.005102 0.107068 1.635711
v -0.005102 0.107068 1.635711
v -0.005102 0.107068 1.635711
v 0.000287 0.111178 1.638612
v 0.000287 0.111178 1.638612
v 0.000287 0.111178 1.638612
v 0.000287 0.111178 1.638612
v 0.000287 0.111178 1.638612
v 0.000287 0.111178 1.638612
v 0.006272 0.107084 1.635687
v 0.006272 0.107084 1.635687
v 0.006272 0.107084 1.635687
v 0.006272 0.107084 1.635687
v 0.006272 0.107084 1.635687
v 0.006272 0.107084 1.635687
v 0.012765 0.100784 1.608130
v 0.012765 0.100784 1.608130
v 0.012765 0.100784 1.608130
v 0.012765 0.100784 1.608130
v 0.012765 0.100784 1.608130
v 0.019489 0.099843 1.604318
v 0.019489 0.099843 1.604318
v 0.019489 0.099843 1.604318
v 0.019489 0.099843 1.604318
v 0.058219 0.091374 1.604823
v 0.058219 0.091374 1.604823
v 0.058219 0.091374 1.604823
v 0.058219 0.091374 1.604823
v 0.058219 0.091374 1.604823
v 0.065789 0.089884 1.611735
v 0.065789 0.089884 1.611735
v 0.065789 0.089884 1.611735
v 0.065789 0.089884 1.611735
v 0.065789 0.089884 1.611735
v 0.070409 0.095932 1.649944
v 0.070409 0.095932 1.649944
v 0.070409 0.095932 1.649944
v 0.064818 0.099540 1.655073
v 0.064818 0.099540 1.655073
v 0.064818 0.099540 1.655073
v 0.064818 0.099540 1.655073
v 0.064818 0.099540 1.655073
v 0.034112 0.110027 1.659016
v 0.034112 0.110027 1.659016
v 0.034112 0.110027 1.659016
v 0.034112 0.110027 1.659016
v 0.034112 0.110027 1.659016
v 0.008450 0.110284 1.650898
v 0.008450 0.110284 1.650898
v 0.008450 0.110284 1.650898
v 0.008450 0.110284 1.650898
v 0.008450 0.110284 1.650898
v 0.005879 0.108628 1.641937
v 0.005879 0.108628 1.641937
v 0.005879 0.108628 1.641937
v 0.005879 0.108628 1.641937
v 0.005879 0.108628 1.641937
v 0.005879 0.108628 1.641937
v -0.014441 0.108468 1.642009
v -0.014441 0.108468 1.642009
v -0.014441 0.108468 1.642009
v -0.014441 0.108468 1.642009
v -0.014441 0.108468 1.642009
v -0.014441 0.108468 1.642009
v -0.018227 0.103449 1.617378
v -0.018227 0.103449 1.617378
v -0.018227 0.103449 1.617378
v -0.018227 0.103449 1.617378
v -0.018227 0.103449 1.617378
v -0.021177 0.102899 1.615149
v -0.021177 0.102899 1.615149
v -0.021177 0.102899 1.615149
v -0.021177 0.102899 1.615149
v -0.021177 0.102899 1.615149
v -0.021177 0.102899 1.615149
v -0.055018 0.094412 1.615579
v -0.055018 0.094412 1.615579
v -0.055018 0.094412 1.615579
v -0.055018 0.094412 1.615579
v -0.055018 0.094412 1.615579
v -0.055018 0.094412 1.615579
v -0.055018 0.094412 1.615579
v -0.057799 0.100391 1.644035
v -0.057799 0.100391 1.644035
v -0.057799 0.100391 1.644035
v -0.057799 0.100391 1.644035
v -0.053746 0.102129 1.646287
v -0.053746 0.102129 1.646287
v -0.053746 0.102129 1.646287
v -0.053746 0.102129 1.646287
v -0.053746 0.102129 1.646287
v -0.053746 0.102129 1.646287
v -0.033010 0.107963 1.649126
v -0.033010 0.107963 1.649126
v -0.033010 0.107963 1.649126
v -0.033010 0.107963 1.649126
v -0.033010 0.107963 1.649126
v -0.005182 0.113452 1.640823
v -0.005182 0.113452 1.640823
v -0.005182 0.113452 1.640823
v -0.007655 0.116184 1.649601
v -0.007655 0.116184 1.649601
v -0.007655 0.116184 1.649601
v -0.015795 0.113588 1.640744
v -0.015795 0.113588 1.640744
v -0.015795 0.113588 1.640744
v -0.033506 0.115945 1.657792
v -0.033506 0.115945 1.657792
v -0.033506 0.115945 1.657792
v -0.033682 0.113084 1.647860
v -0.033682 0.113084 1.647860
v -0.033682 0.113084 1.647860
v -0.065753 0.105450 1.653816
v -0.065753 0.105450 1.653816
v -0.065753 0.105450 1.653816
v -0.054833 0.107250 1.645022
v -0.054833 0.107250 1.645022
v -0.054833 0.107250 1.645022
v -0.058967 0.105512 1.642770
v -0.058967 0.105512 1.642770
v -0.058967 0.105512 1.642770
v -0.058967 0.105512 1.642770
v -0.066763 0.095708 1.610132
v -0.066763 0.095708 1.610132
v -0.066763 0.095708 1.610132
v -0.056131 0.099532 1.614314
v -0.056131 0.099532 1.614314
v -0.056131 0.099532 1.614314
v -0.058313 0.097183 1.603159
v -0.058313 0.097183 1.603159
v -0.058313 0.097183 1.603159
v -0.023137 0.108019 1.613883
v -0.023137 0.108019 1.613883
v -0.023137 0.108019 1.613883
v -0.019795 0.105651 1.602648
v -0.019795 0.105651 1.602648
v -0.019795 0.105651 1.602648
v -0.012401 0.106601 1.606493
v -0.012401 0.106601 1.606493
v -0.012401 0.106601 1.606493
v -0.019922 0.108570 1.616113
v -0.019922 0.108570 1.616113
v -0.019922 0.108570 1.616113
v -0.005615 0.111895 1.634519
v -0.005615 0.111895 1.634519
v -0.005615 0.111895 1.634519
v 0.000258 0.115375 1.637575
v 0.000258 0.115375 1.637575
v 0.000258 0.115375 1.637575
v 0.017007 0.113588 1.640743
v 0.017007 0.113588 1.640743
v 0.017007 0.113588 1.640743
v 0.006782 0.111869 1.634505
v 0.006782 0.111869 1.634505
v 0.006782 0.111869 1.634505
v 0.021133 0.108570 1.616112
v 0.021133 0.108570 1.616112
v 0.021133 0.108570 1.616112
v 0.013859 0.106622 1.606688
v 0.013859 0.106622 1.606688
v 0.013859 0.106622 1.606688
v 0.021189 0.105680 1.602876
v 0.021189 0.105680 1.602876
v 0.021189 0.105680 1.602876
v 0.024348 0.108019 1.613883
v 0.024348 0.108019 1.613883
v 0.024348 0.108019 1.613883
v 0.059371 0.097211 1.603381
v 0.059371 0.097211 1.603381
v 0.059371 0.097211 1.603381
v 0.057342 0.099532 1.614312
v 0.057342 0.099532 1.614312
v 0.057342 0.099532 1.614312
v 0.057342 0.099532 1.614312
v 0.067749 0.095721 1.610293
v 0.067749 0.095721 1.610293
v 0.067749 0.095721 1.610293
v 0.067749 0.095721 1.610293
v 0.072507 0.101769 1.648502
v 0.060178 0.105512 1.642768
v 0.060178 0.105512 1.642768
v 0.060178 0.105512 1.642768
v 0.066748 0.105378 1.653631
v 0.066748 0.105378 1.653631
v 0.066748 0.105378 1.653631
v 0.056045 0.107250 1.645020
v 0.056045 0.107250 1.645020
v 0.056045 0.107250 1.645020
v 0.034782 0.115864 1.657574
v 0.034782 0.115864 1.657574
v 0.034782 0.115864 1.657574
v 0.034894 0.113084 1.647859
v 0.034894 0.113084 1.647859
v 0.034894 0.113084 1.647859
v 0.009156 0.116121 1.649456
v 0.009156 0.116121 1.649456
v 0.009156 0.116121 1.649456
v 0.006353 0.113413 1.640755
v 0.006353 0.113413 1.640755
v 0.006353 0.113413 1.640755
v 0.000480 0.116955 1.643970
v 0.000480 0.116955 1.643970
v 0.000480 0.116955 1.643970
v -0.057707 0.013843 1.551981
v -0.041470 0.041040 1.528606
v -0.038786 -0.022901 1.585728
v -0.042119 -0.086187 1.690686
v -0.043117 0.085876 1.723278
v -0.050588 0.076304 1.630134
v -0.044652 0.088341 1.652253
v 0.026885 -0.063278 1.746554
v -0.051413 0.090946 1.602096
v -0.065190 0.006553 1.590542
v 0.056995 0.013884 1.551942
v 0.040606 0.041105 1.528590
v 0.038341 -0.022821 1.585698
v 0.041673 -0.086143 1.690505
v 0.042765 0.068599 1.714405
v 0.049790 0.076406 1.630094
v 0.043788 0.088422 1.652219
v 0.050548 0.091019 1.602073
v 0.064387 0.006668 1.590503
v -0.062398 0.030017 1.670420
v 0.060770 0.030017 1.671123
v 0.080773 -0.019555 1.625398
v -0.081112 -0.019321 1.626006
v 0.066876 0.014376 1.640461
v -0.067504 0.014287 1.640504
v 0.068945 -0.013213 1.643862
v -0.069899 -0.013181 1.644122
v -0.021820 0.105115 1.595622
v 0.020956 0.105140 1.595612
v 0.005352 0.107110 1.634207
v 0.015590 0.112089 1.655658
v -0.006444 0.107111 1.634212
v -0.009031 0.134335 1.604276
v 0.008323 0.134348 1.604270
v -0.000153 0.094734 1.519904
v -0.026490 -0.063291 1.746634
v 0.087151 -0.031311 1.714803
v -0.081725 -0.031182 1.708461
v -0.060610 -0.003738 1.760221
v 0.061846 0.037877 1.749284
v -0.019401 0.063218 1.769296
v 0.031471 0.101353 1.769857
v 0.060593 -0.003599 1.751616
v -0.063501 0.038063 1.741066
v 0.010715 0.089405 1.629347
v -0.011720 0.089354 1.629364
v -0.000163 0.120333 1.567625
v 0.020007 0.023725 1.787296
v -0.019862 -0.030434 1.768787
v -0.000167 0.121444 1.589308
v -0.000078 0.131708 1.728480
v -0.041044 0.073023 1.697201
v 0.040054 0.073127 1.697554
v 0.025343 0.108093 1.744337
v -0.025572 0.119029 1.749956
v -0.009279 0.125435 1.607035
v 0.008379 0.125441 1.607029
v -0.000125 0.096815 1.696968
v -0.040453 -0.050401 1.605886
v 0.040007 -0.050339 1.605780
v -0.073917 -0.009035 1.598152
v 0.073359 -0.009095 1.597829
v 0.018801 0.100663 1.529416
v -0.019640 0.100627 1.529427
v -0.061380 0.025545 1.700383
v 0.059739 0.025644 1.700311
v -0.015717 0.112374 1.655558
v 0.024698 0.108399 1.565954
v -0.025550 0.108388 1.565965
v 0.048707 0.036082 1.785712
v 0.092430 0.000747 1.745671
v 0.051178 -0.020165 1.777485
v 0.095420 -0.000595 1.692964
v -0.019631 0.016113 1.783255
v 0.054167 -0.070477 1.747965
v -0.070554 -0.030443 1.666137
v 0.074050 -0.015249 1.662540
v 0.075312 0.036857 1.773778
v -0.082420 -0.018074 1.765678
v 0.064709 0.010753 1.603662
v -0.065424 0.010651 1.603703
v -0.079227 -0.007961 1.645058
v 0.078436 -0.007932 1.644906
v -0.000259 0.006610 1.590522
v -0.000330 -0.041789 1.581398
v -0.000359 -0.086448 1.705020
v -0.000309 -0.063567 1.761019
v -0.000226 0.041073 1.528598
v -0.000101 0.110882 1.634283
v -0.000092 0.128104 1.610185
v -0.000088 0.114421 1.651795
v -0.000083 0.137066 1.604487
v -0.000134 0.109091 1.529587
v -0.000250 -0.027730 1.777857
v -0.000056 0.111122 1.758858
v -0.000056 0.126063 1.747385
v -0.000100 0.077686 1.769509
v 0.008808 0.043672 1.790768
v -0.000178 0.015227 1.790727
v -0.000357 -0.077276 1.624546
v -0.000125 0.132093 1.595276
v 0.019403 0.107562 1.608699
v -0.020285 0.107547 1.608707
v 0.012998 0.099982 1.604651
v -0.013942 0.099948 1.604664
v -0.023998 0.089138 1.641622
v 0.023064 0.089204 1.641597
v -0.000165 0.126142 1.573253
v -0.000148 0.126128 1.560026
v -0.007818 0.127566 1.575633
v 0.007227 0.127581 1.575627
v -0.012849 0.122913 1.560780
v 0.012275 0.122928 1.560775
v 0.007776 0.112130 1.548925
v -0.046115 0.076386 1.558871
v 0.045250 0.076406 1.558850
v -0.006242 0.112220 1.548815
v -0.039031 0.087935 1.562331
v 0.038172 0.087952 1.562315
v 0.016964 0.115734 1.595399
v -0.017750 0.115715 1.595408
v -0.011610 0.105111 1.610872
v 0.010688 0.105130 1.610863
v -0.038216 0.082968 1.622636
v 0.037314 0.083045 1.622607
v -0.038838 0.082599 1.642131
v 0.037972 0.082682 1.642098
v -0.022637 0.104035 1.545588
v 0.022974 0.103988 1.545635
v -0.034521 0.098149 1.564148
v 0.033665 0.098189 1.564134
v -0.062206 0.051358 1.644105
v 0.061460 0.051444 1.644067
v -0.040565 0.087850 1.629417
v 0.039647 0.087922 1.629389
v -0.026142 0.090694 1.629581
v 0.025181 0.090755 1.629560
v -0.040662 0.087213 1.637733
v -0.023275 0.091904 1.637561
v 0.039770 0.087290 1.637703
v 0.022328 0.091968 1.637537
v -0.024968 0.086228 1.622566
v 0.024014 0.086292 1.622543
v -0.063061 0.050799 1.602900
v 0.062270 0.050886 1.602867
v -0.039122 0.098422 1.603439
v 0.038218 0.098476 1.603420
v -0.023590 0.119406 1.694356
v -0.057707 0.013843 1.551981
v -0.057707 0.013843 1.551981
v -0.065190 0.006553 1.590542
v 0.064387 0.006668 1.590503
v 0.080773 -0.019555 1.625398
v -0.081112 -0.019321 1.626006
v 0.066876 0.014376 1.640461
v -0.067504 0.014287 1.640504
v 0.068945 -0.013213 1.643862
v -0.069899 -0.013181 1.644122
v -0.069899 -0.013181 1.644122
v -0.073917 -0.009035 1.598152
v 0.073359 -0.009095 1.597829
v -0.079227 -0.007961 1.645058
v -0.079227 -0.007961 1.645058
v 0.078436 -0.007932 1.644906
v -0.000259 0.006610 1.590522
v -0.000330 -0.041789 1.581398
v -0.000359 -0.086448 1.705020
v -0.000309 -0.063567 1.761019
v -0.000250 -0.027730 1.777857
v -0.000178 0.015227 1.790727
v -0.000357 -0.077276 1.624546
v -0.209250 -0.191501 0.877300
v -0.199950 -0.193051 0.877300
v -0.199950 -0.214751 0.877300
v -0.209250 -0.214751 0.877300
v -0.220100 -0.203513 0.837000
v -0.201500 -0.207776 0.833900
v -0.201500 -0.227926 0.833900
v -0.217000 -0.226763 0.837000
v -0.229400 0.013609 0.818400
v -0.223200 0.008487 0.784300
v -0.213900 0.006330 0.781200
v -0.204600 0.004443 0.787400
v 0.209250 0.197701 0.877300
v 0.199950 0.196151 0.877300
v 0.199950 0.174451 0.877300
v 0.209250 0.174451 0.877300
v 0.220100 0.215913 0.837000
v 0.201500 0.213976 0.833900
v 0.201500 0.193826 0.833900
v 0.217000 0.192663 0.837000
v 0.229400 0.011191 0.818788
v 0.223200 -0.014687 0.788024
v 0.213900 -0.018730 0.785228
v 0.204600 -0.016843 0.790821
vn 0.4565 0.8798 -0.1323
vn -0.4630 0.8780 -0.1214
vn 0.5505 0.8318 -0.0706
vn -0.5568 0.8276 -0.0716
vn 0.8207 0.5511 0.1509
vn -0.8147 0.5624 0.1412
vn -0.6480 -0.7608 -0.0357
vn 0.6546 -0.7551 -0.0378
vn 0.0004 -0.9951 -0.0986
vn 0.0011 -0.9973 -0.0738
vn 0.8129 0.5591 0.1631
vn -0.8036 0.5692 0.1739
vn -0.0081 0.9941 -0.1078
vn 0.9242 -0.3261 0.1989
vn -0.9210 -0.3364 0.1965
vn 0.8996 -0.4240 0.1052
vn -0.8945 -0.4358 0.0999
vn 0.5073 -0.8569 -0.0917
vn -0.5104 -0.8554 -0.0883
vn -0.0022 -0.9994 -0.0345
vn -0.9779 0.2029 -0.0504
vn 0.9804 0.1905 -0.0499
vn -0.6077 0.7853 -0.1182
vn 0.6097 0.7787 -0.1479
vn 0.9893 0.0737 -0.1261
vn -0.9918 0.0672 -0.1088
vn 0.0164 -0.9444 0.3284
vn -0.1566 -0.9829 0.0972
vn -0.0007 -0.9983 0.0591
vn -0.0005 0.9901 -0.1402
vn 0.0034 0.9387 0.3448
vn -0.0017 1.0000 -0.0024
vn 0.8755 -0.4513 -0.1727
vn -0.8735 -0.4565 -0.1690
vn -0.8501 -0.5069 -0.1428
vn 0.8482 -0.5065 -0.1549
vn 0.6036 -0.7973 -0.0001
vn 0.5604 0.8207 0.1112
vn -0.5628 0.8181 0.1180
vn -0.5985 -0.8011 -0.0008
vn -0.0095 0.9934 0.1142
vn 0.5818 -0.8124 0.0380
vn -0.5723 -0.8186 0.0481
vn 0.0009 -0.9992 -0.0391
vn -0.8508 0.5252 0.0167
vn 0.8635 -0.5043 0.0128
vn -0.8584 -0.5128 0.0110
vn 0.8539 0.5203 0.0126
vn 0.9044 0.3150 0.2880
vn 0.5656 0.7772 0.2760
vn -0.9091 0.3063 0.2824
vn -0.6094 0.7553 0.2412
vn -0.0020 1.0000 0.0036
vn 0.1964 -0.6730 -0.7131
vn 0.3825 0.4403 -0.8123
vn -0.1983 -0.6739 -0.7117
vn -0.3835 0.4434 -0.8101
vn -0.8152 0.4389 0.3779
vn 0.7308 0.5990 0.3273
vn -0.0001 -0.9674 -0.2534
vn -0.4339 0.8866 -0.1601
vn 0.3701 0.9064 -0.2036
vn -0.0597 -0.9800 -0.1897
vn 0.1937 -0.9776 -0.0828
vn -0.5744 -0.8050 0.1485
vn 0.7874 -0.5228 0.3266
vn 0.9200 -0.1378 0.3670
vn -0.9205 -0.1375 0.3656
vn -0.9071 0.0411 0.4189
vn 0.5064 -0.4239 -0.7509
vn 0.9003 0.0409 0.4332
vn 0.4241 -0.8281 -0.3666
vn -0.2321 0.9243 -0.3029
vn -0.8413 0.1120 -0.5288
vn -0.8805 0.2491 -0.4032
vn -0.5285 0.8206 -0.2176
vn 0.8718 0.4595 -0.1696
vn 0.8862 -0.4520 0.1016
vn -0.5246 -0.8510 0.0236
vn -0.8534 0.5116 -0.1002
vn 0.8258 0.4892 -0.2805
vn -0.0370 -0.8872 0.4599
vn -0.6516 -0.6303 0.4221
vn -0.0618 -0.8917 0.4485
vn 0.8626 0.4376 -0.2537
vn 0.8092 -0.3791 -0.4489
vn 0.4967 0.3825 -0.7791
vn 0.9103 -0.4035 0.0918
vn 0.8982 0.4030 -0.1752
vn 0.4912 -0.8317 0.2587
vn 0.4920 0.8040 -0.3340
vn 0.6689 -0.7267 0.1562
vn 0.8431 0.4906 -0.2205
vn -0.3316 0.9103 -0.2480
vn -0.8510 0.4933 -0.1802
vn -0.7391 -0.5465 0.3939
vn 0.4791 0.8295 -0.2869
vn 0.1935 -0.9144 0.3555
vn 0.9787 -0.2030 0.0293
vn 0.5287 0.4784 -0.7011
vn 0.9923 -0.0521 -0.1122
vn 0.7204 -0.6632 0.2026
vn 0.8182 -0.2671 -0.5091
vn 0.3736 -0.8116 -0.4491
vn -0.2135 -0.9746 0.0673
vn -0.5355 0.8444 -0.0139
vn 0.5823 0.6168 -0.5296
vn 0.4141 -0.8601 0.2978
vn 0.3961 0.8682 -0.2989
vn 0.3737 0.8716 -0.3172
vn 0.7797 0.6007 -0.1769
vn -0.4673 0.8437 0.2643
vn -0.8686 0.4732 0.1470
vn -0.8768 -0.4286 -0.2178
vn 0.8543 -0.4750 -0.2110
vn 0.7977 0.5260 0.2949
vn -0.8330 0.5473 0.0818
vn 0.2853 -0.9098 -0.3016
vn 0.7090 -0.6956 -0.1165
vn -0.9586 -0.2067 -0.1956
vn -0.6619 0.7239 0.1945
vn -0.8822 -0.4115 -0.2288
vn -0.8298 -0.2653 -0.4910
vn -0.8975 -0.3907 -0.2047
vn -0.9057 0.4030 0.1317
vn -0.6356 -0.7052 -0.3142
vn -0.6504 0.6157 -0.4448
vn -0.6450 -0.6994 -0.3081
vn -0.8457 0.5106 0.1548
vn 0.3032 0.8717 0.3849
vn -0.7805 0.5763 0.2422
vn 0.1955 0.9162 0.3498
vn -0.0568 0.9335 0.3540
vn -0.1978 -0.9220 -0.3329
vn 0.0679 -0.9691 -0.2373
vn -0.5303 0.4968 -0.6870
vn -0.9965 -0.0496 -0.0666
vn -0.7975 -0.3916 -0.4588
vn -0.4949 0.4079 -0.7673
vn -0.2804 -0.7759 -0.5651
vn 0.4290 -0.9033 -0.0055
vn -0.3391 0.9004 0.2725
vn 0.3238 0.9385 0.1198
vn 0.4529 -0.8697 -0.1961
vn -0.3389 0.8798 0.3333
vn -0.3315 0.8772 0.3473
vn -0.0001 0.9368 -0.3500
vn 0.2404 -0.9048 -0.3515
vn -0.2450 -0.9049 -0.3481
vn 0.2907 0.7730 -0.5639
vn -0.2943 0.7788 -0.5539
vn 0.7893 -0.4958 -0.3623
vn 0.8995 -0.0712 -0.4311
vn -0.0494 0.7922 -0.6082
vn -0.7872 -0.4958 -0.3666
vn -0.0012 -0.9648 -0.2631
vn 0.0156 -0.5349 -0.8448
vn 0.8472 -0.2980 -0.4398
vn -0.8543 -0.2939 -0.4288
vn 0.0512 0.7829 -0.6200
vn -0.8974 -0.0754 -0.4348
vn -0.0036 0.1815 -0.9834
vn -0.4655 0.8658 0.1835
vn -0.9581 0.2864 0.0013
vn -0.7462 -0.6654 0.0207
vn -0.4717 -0.8803 0.0512
vn -0.5156 0.8563 -0.0303
vn 0.6322 0.7581 -0.1601
vn -0.0287 -0.9368 0.3487
vn -0.6629 0.7229 -0.1950
vn -0.3837 -0.8737 0.2989
vn -0.2189 -0.9266 0.3058
vn 0.3735 -0.8654 0.3339
vn -0.6583 0.7353 -0.1611
vn -0.3964 0.9177 -0.0262
vn 0.6502 0.6769 0.3451
vn -0.4773 -0.8555 0.2008
vn -0.9950 -0.0751 -0.0653
vn -0.9874 0.1579 -0.0130
vn -0.9897 0.1319 0.0558
vn 0.9832 0.1777 0.0423
vn 0.4751 0.8575 0.1976
vn 0.9549 0.2940 0.0410
vn 0.9951 -0.0722 -0.0676
vn 0.4675 -0.8831 0.0398
vn 0.5194 0.8538 -0.0357
vn 0.0430 -0.9093 0.4138
vn -0.6166 0.7263 0.3039
vn 0.6596 0.7079 0.2527
vn 0.9855 0.1508 0.0776
vn 0.0159 -0.9774 -0.2107
vn 0.9810 0.1514 0.1213
vn -0.3860 -0.9022 -0.1924
vn 0.6365 0.7146 0.2903
vn 0.4582 0.8361 0.3018
vn -0.5751 0.6395 0.5101
vn -0.0380 0.2738 0.9610
vn 0.4074 -0.9130 -0.0227
vn 0.7010 -0.7108 -0.0580
vn -0.7120 0.4014 0.5761
vn 0.4080 -0.8884 -0.2105
vn 0.7191 -0.6766 -0.1584
vn -0.9752 0.1794 0.1298
vn -0.9828 0.1788 0.0459
vn 0.3254 -0.9068 -0.2681
vn 0.0356 -0.9583 -0.2836
vn -0.9544 0.2882 0.0773
vn -0.6992 0.6564 0.2833
vn 0.9556 0.2850 0.0746
vn 0.5715 0.7509 0.3308
vn -0.4475 0.8520 0.2716
vn 0.6181 0.7508 0.2327
vn -0.6103 0.7522 0.2486
vn 0.0211 -0.9728 -0.2306
vn 0.4272 0.8608 0.2766
vn 0.5806 0.8123 0.0550
vn -0.5429 0.5960 0.5917
vn 0.5053 0.6443 0.5741
vn 0.7340 0.6770 0.0534
vn -0.7302 0.6832 -0.0063
vn 0.5639 0.6052 0.5620
vn -0.5501 0.5415 0.6358
vn -0.2834 -0.9215 -0.2656
vn 0.9918 0.1276 -0.0052
vn -0.9981 0.0453 0.0422
vn -0.0866 -0.9564 -0.2791
vn 0.9732 0.2032 0.1078
vn 0.5111 0.5051 0.6954
vn -0.6772 -0.3138 -0.6655
vn 0.7715 -0.1650 -0.6145
vn -0.8798 -0.1398 0.4543
vn -0.5729 0.4606 0.6780
vn 0.9210 -0.1897 0.3403
vn -0.5588 -0.2423 -0.7931
vn 0.9747 0.2134 -0.0659
vn -0.0212 -0.4163 -0.9090
vn -0.6879 0.7004 0.1903
vn 0.6313 0.7399 0.2325
vn -0.0705 -0.6363 -0.7682
vn 0.5450 -0.5685 -0.6162
vn -0.9175 0.0863 -0.3883
vn -0.6545 0.7551 -0.0373
vn 0.4044 -0.8768 0.2600
vn -0.0713 -0.9374 0.3410
vn -0.8159 0.0913 0.5710
vn -0.0663 -0.8698 0.4890
vn 0.4640 -0.6626 0.5879
vn -0.5630 -0.5746 0.5940
vn -0.5853 -0.7802 -0.2206
vn 0.4287 -0.8647 -0.2617
vn -0.3801 0.0220 0.9247
vn 0.4153 0.0879 0.9054
vn -0.9880 0.0795 -0.1326
vn 0.4360 -0.3507 -0.8288
vn 0.9290 0.2017 -0.3101
vn -0.6851 -0.4783 -0.5494
vn 0.8267 0.2162 0.5195
vn -0.5193 -0.7829 0.3428
vn 0.7443 0.1352 0.6540
vn -0.7820 0.0387 0.6221
vn 0.5624 -0.6589 0.4995
vn 0.5740 -0.5164 -0.6355
vn -0.3618 -0.8261 0.4321
vn -0.4421 -0.6250 -0.6434
vn -0.6993 -0.3181 -0.6401
vn 0.6797 -0.2242 -0.6984
vn 0.2920 -0.8964 0.3335
vn -0.3279 -0.8895 0.3182
vn -0.0351 -0.9443 0.3273
vn 0.9536 0.2829 -0.1030
vn 0.7039 0.6820 -0.1988
vn -0.9528 0.2840 -0.1068
vn -0.6179 0.7615 -0.1960
vn 0.4412 0.8517 -0.2828
vn 0.6034 0.7578 -0.2483
vn -0.6029 0.7508 -0.2698
vn -0.0233 -0.9167 0.3989
vn -0.4274 0.8629 -0.2699
vn -0.5608 0.7050 -0.4342
vn -0.5060 0.7721 0.3845
vn 0.5812 0.7026 0.4106
vn 0.6813 0.5878 -0.4363
vn -0.7231 0.6072 -0.3293
vn 0.5154 0.4846 0.7068
vn -0.6297 0.5410 0.5575
vn 0.9825 0.1811 -0.0442
vn -0.9897 0.1303 -0.0586
vn 0.9991 0.0395 0.0157
vn 0.0832 -0.9489 0.3046
vn -0.9791 0.2032 -0.0041
vn -0.5005 0.6916 0.5207
vn -0.7948 -0.2004 -0.5728
vn 0.8346 -0.0982 0.5420
vn 0.6674 -0.3921 -0.6332
vn 0.5354 0.6569 0.5309
vn -0.5644 0.1188 0.8169
vn -0.9384 0.2140 -0.2715
vn 0.9702 0.0857 -0.2268
vn 0.0006 -0.5291 -0.8486
vn -0.6297 0.7405 -0.2348
vn 0.6907 0.6922 -0.2092
vn 0.7096 -0.5135 -0.4825
vn 0.0797 -0.8227 -0.5629
vn -0.9037 0.1902 -0.3836
vn 0.6064 0.6436 -0.4671
vn 0.0637 -0.7660 0.6397
vn -0.9358 0.2295 0.2674
vn 0.3838 -0.5841 0.7152
vn 0.4805 -0.5586 0.6761
vn 0.0375 -0.5962 0.8020
vn -0.3719 -0.6094 0.7002
vn 0.5699 -0.7794 0.2603
vn -0.4192 -0.8661 0.2724
vn 0.4934 0.0279 0.8694
vn -0.8861 -0.1186 0.4481
vn -0.5317 -0.3655 -0.7640
vn 0.6470 -0.2438 -0.7224
vn 0.9182 0.0786 -0.3881
vn -0.5960 -0.6341 -0.4927
vn -0.3077 -0.6642 0.6813
vn 0.9118 0.0402 0.4087
vn 0.6467 0.0171 0.7626
vn -0.6533 0.1126 0.7487
vn -0.5462 -0.4989 0.6729
vn -0.5854 -0.6655 -0.4630
vn 0.3814 -0.6713 0.6355
vn 0.4000 -0.7997 -0.4477
vn 0.7316 -0.3888 -0.5599
vn -0.7258 -0.2534 -0.6395
vn 0.4056 -0.0127 -0.9139
vn 0.3414 -0.2606 -0.9031
vn -0.3463 -0.2595 -0.9015
vn -0.4094 -0.0134 -0.9122
vn -0.2450 0.9407 0.2349
vn 0.0007 0.9368 0.3499
vn 0.6999 0.6561 0.2822
vn 0.8230 0.4748 0.3118
vn 0.1509 0.8950 0.4198
vn -0.9934 0.0858 -0.0761
vn 0.2035 -0.8882 -0.4119
vn 0.7251 -0.6504 -0.2261
vn 0.5439 -0.7755 0.3206
vn -0.0921 -0.9948 0.0441
vn -0.9811 -0.0356 0.1901
vn 0.1855 -0.2132 0.9592
vn 0.5593 0.4405 0.7023
vn 0.1275 -0.9238 -0.3610
vn 0.7780 -0.6004 -0.1851
vn -0.9304 -0.3499 -0.1091
vn 0.1439 0.8581 0.4930
vn 0.6961 -0.7151 0.0638
vn 0.7132 0.5013 0.4900
vn 0.6077 0.5134 0.6060
vn -0.9451 0.1482 0.2914
vn 0.6536 -0.7517 0.0887
vn -0.9898 -0.0969 0.1043
vn -0.9938 0.0323 0.1063
vn 0.1141 0.9098 0.3991
vn -0.9357 0.3299 -0.1253
vn -0.8535 0.4776 0.2085
vn -0.9283 -0.3101 -0.2055
vn -0.9723 -0.0545 0.2274
vn -0.0127 0.7416 0.6708
vn -0.8481 -0.1181 0.5165
vn -0.9575 -0.1354 -0.2546
vn 0.0786 -0.9724 -0.2198
vn -0.8614 0.4631 0.2088
vn 0.0602 0.8080 0.5860
vn 0.0133 -0.9915 -0.1292
vn -0.1103 0.9468 -0.3023
vn 0.0008 0.9366 -0.3504
vn -0.6764 0.7027 -0.2207
vn -0.8479 0.5274 -0.0533
vn -0.1776 0.9508 -0.2539
vn 0.9932 0.0493 -0.1053
vn 0.9464 -0.3228 0.0135
vn -0.7067 -0.6578 0.2607
vn -0.5557 0.6767 0.4830
vn -0.5476 -0.5819 0.6013
vn 0.9897 -0.0372 0.1385
vn 0.9638 -0.0520 0.2615
vn -0.1778 0.0446 0.9831
vn -0.1343 -0.9341 0.3307
vn -0.8135 -0.5555 0.1721
vn -0.0844 -0.9005 0.4267
vn -0.6521 -0.6137 0.4451
vn 0.8743 0.4640 -0.1426
vn -0.7556 0.6379 0.1486
vn 0.9763 -0.1260 0.1757
vn -0.0666 0.9970 -0.0397
vn -0.5530 -0.6145 0.5627
vn -0.6946 0.6938 0.1903
vn 0.9971 0.0662 0.0387
vn 0.2455 0.8743 -0.4187
vn 0.8975 0.3187 -0.3049
vn 0.8625 0.4821 -0.1537
vn -0.2332 -0.9376 0.2578
vn 0.0581 -0.8198 0.5697
vn 0.0350 0.9818 0.1866
vn 0.8306 -0.1103 0.5458
vn 0.9843 -0.1756 0.0167
vn 0.9312 -0.3566 0.0761
vn -0.1468 0.9793 -0.1394
vn -0.0135 -0.8636 0.5039
vn 0.9890 0.1344 0.0615
vn -0.6354 -0.0366 -0.7713
vn -0.5611 -0.0028 -0.8278
vn -0.9833 -0.1271 0.1306
vn 0.3822 0.0916 0.9195
vn -0.0188 -0.0592 0.9981
vn -0.0164 -0.0592 0.9981
vn -0.0913 -0.9535 0.2872
vn -0.1029 -0.8178 0.5662
vn 0.0747 0.8800 0.4692
vn 0.0999 0.9040 -0.4157
vn -0.0110 0.0539 -0.9985
vn -0.9853 0.0220 0.1693
vn -0.0191 -0.0592 0.9981
vn -0.0167 -0.0592 0.9981
vn -0.0926 -0.9534 0.2871
vn -0.0972 -0.8179 0.5671
vn 0.0793 0.8799 0.4685
vn 0.0987 0.9043 -0.4154
vn -0.6214 -0.0391 -0.7825
vn 0.5935 -0.0441 -0.8036
vn 0.5384 -0.0163 -0.8425
vn 0.9750 -0.1697 0.1432
vn -0.3734 0.0969 0.9226
vn 0.0188 -0.0592 0.9981
vn 0.0165 -0.0592 0.9981
vn 0.0912 -0.9535 0.2872
vn 0.1029 -0.8178 0.5662
vn -0.0747 0.8799 0.4692
vn -0.0999 0.9040 -0.4157
vn 0.0110 0.0539 -0.9985
vn 0.9853 0.0220 0.1693
vn 0.0191 -0.0592 0.9981
vn 0.0168 -0.0592 0.9981
vn 0.0926 -0.9534 0.2871
vn 0.0972 -0.8179 0.5671
vn -0.0793 0.8799 0.4685
vn -0.0986 0.9043 -0.4154
vn 0.5798 -0.0465 -0.8134
vn 0.1874 0.1979 0.9621
vn 0.5140 0.0934 0.8527
vn 0.9735 -0.2234 -0.0482
vn -0.0438 -0.2238 -0.9736
vn -0.6027 0.0023 -0.7979
vn -0.9598 0.2070 -0.1897
vn 0.5763 -0.1418 -0.8049
vn -0.9635 -0.1639 -0.2115
vn -0.2893 -0.2604 -0.9211
vn 0.1844 -0.1784 -0.9665
vn 0.9383 0.3341 0.0894
vn 0.6102 0.3008 0.7329
vn -0.0371 0.2297 0.9726
vn -0.5022 0.1200 0.8564
vn -0.9723 -0.0470 0.2288
vn -0.5749 0.1925 0.7952
vn 0.5164 0.1532 0.8425
vn 0.9603 -0.1175 0.2531
vn 0.4992 0.0681 0.8638
vn 0.0382 0.2326 0.9718
vn -0.5841 0.3741 0.7204
vn -0.6633 0.0347 -0.7475
vn -0.1960 -0.2139 -0.9570
vn 0.2887 -0.2624 -0.9208
vn 0.9568 -0.1556 -0.2458
vn 0.3331 0.3082 0.8911
vn 0.5990 0.0316 -0.8001
vn 0.0454 -0.2303 -0.9721
vn -0.9714 -0.2330 -0.0460
vn -0.5160 0.1007 0.8507
vn -0.1908 0.2118 0.9585
vn 0.1842 -0.9529 0.2409
vn 0.0347 -0.9672 0.2516
vn 0.0241 -0.9715 0.2360
vn 0.1941 -0.9465 0.2577
vn 0.1990 -0.9461 0.2557
vn 0.3239 -0.9249 0.1993
vn 0.2660 -0.9545 0.1350
vn 0.3480 -0.9192 0.1841
vn 0.3023 -0.9367 0.1768
vn 0.2570 -0.9496 0.1797
vn 0.2601 -0.9518 0.1625
vn 0.1152 -0.9666 0.2291
vn 0.1125 -0.9650 0.2369
vn 0.0043 -0.9792 0.2029
vn -0.0041 -0.9795 0.2016
vn 0.0877 -0.9730 0.2136
vn 0.0268 -0.9736 0.2267
vn -0.0289 -0.9749 0.2208
vn -0.0805 -0.9734 0.2147
vn 0.0058 -0.9795 0.2013
vn -0.0023 -0.9789 0.2041
vn -0.1140 -0.9645 0.2383
vn -0.1163 -0.9664 0.2294
vn -0.2625 -0.9506 0.1654
vn -0.2890 -0.9424 0.1682
vn -0.2896 -0.9458 0.1470
vn -0.4049 -0.8842 0.2327
vn -0.3487 -0.9148 0.2038
vn -0.3381 -0.9216 0.1906
vn -0.2868 -0.9422 0.1731
vn -0.1719 -0.9518 0.2541
vn -0.1584 -0.9525 0.2601
vn -0.0464 -0.9662 0.2535
vn -0.1698 -0.9541 0.2465
vn -0.0010 -0.9708 0.2399
vn 0.9960 -0.0034 -0.0895
vn -0.9615 -0.1568 0.2258
vn 0.1174 0.1021 0.9878
vn -0.5376 -0.7916 0.2903
vn -0.9320 0.3519 0.0870
vn -0.2933 -0.9461 0.1376
vn -0.9368 0.3374 0.0929
vn 0.9999 0.0130 -0.0015
vn 0.4767 0.8283 -0.2944
vn 0.5378 0.8284 -0.1566
vn 0.9876 -0.1540 0.0295
vn 0.0022 0.1108 0.9938
vn -0.1038 -0.9526 0.2861
vn 0.9633 -0.2664 0.0313
vn -0.0861 -0.8180 0.5688
vn 0.8808 -0.4729 0.0225
vn 0.0938 0.8796 0.4663
vn 0.8772 -0.4800 -0.0122
vn 0.0859 0.9071 -0.4120
vn 0.8870 -0.4616 0.0144
vn 0.0146 0.0452 -0.9989
vn 0.9671 -0.2539 0.0166
vn -0.0958 -0.1103 -0.9893
vn 0.9876 -0.1559 0.0187
vn -0.9967 0.0812 -0.0058
vn -0.1052 -0.9525 0.2859
vn -0.9575 0.2874 -0.0254
vn -0.0811 -0.8180 0.5695
vn -0.8581 0.5132 -0.0150
vn 0.0987 0.8795 0.4656
vn -0.8480 0.5266 0.0597
vn 0.0845 0.9074 -0.4116
vn -0.8662 0.4997 -0.0049
vn -0.9620 0.2730 -0.0077
vn -0.0597 -0.1137 -0.9917
vn -0.9961 0.0881 0.0068
vn -0.9833 0.0245 0.1802
vn -0.9955 0.0093 -0.0939
vn 0.6579 0.0488 -0.7515
vn -0.3994 0.8965 -0.1918
vn -0.3746 0.9263 -0.0409
vn -0.4473 0.8655 -0.2256
vn -0.5942 0.7532 -0.2821
vn 0.9517 -0.1976 0.2351
vn 0.3669 -0.9038 0.2203
vn 0.6550 0.0280 -0.7552
vn 0.3937 -0.8690 0.2998
vn -0.0947 0.1040 0.9901
vn 0.4583 -0.8754 0.1535
vn 0.9324 0.3499 0.0907
vn -0.9996 0.0263 -0.0032
vn -0.3714 0.9172 -0.1445
vn -0.9876 -0.1541 0.0295
vn -0.0021 0.1108 0.9938
vn 0.1038 -0.9526 0.2861
vn -0.9633 -0.2664 0.0313
vn 0.0861 -0.8180 0.5688
vn -0.8808 -0.4729 0.0225
vn -0.0939 0.8796 0.4664
vn -0.8772 -0.4799 -0.0121
vn -0.0859 0.9071 -0.4120
vn -0.8870 -0.4616 0.0144
vn -0.0147 0.0452 -0.9989
vn -0.9671 -0.2539 0.0166
vn 0.0960 -0.1102 -0.9893
vn -0.9876 -0.1559 0.0187
vn 0.9967 0.0812 -0.0058
vn 0.1052 -0.9525 0.2859
vn 0.9575 0.2874 -0.0254
vn 0.0811 -0.8180 0.5695
vn 0.8581 0.5132 -0.0150
vn -0.0988 0.8795 0.4656
vn 0.8480 0.5266 0.0597
vn -0.0846 0.9074 -0.4116
vn 0.8662 0.4997 -0.0050
vn 0.9620 0.2730 -0.0077
vn 0.0596 -0.1137 -0.9917
vn 0.9961 0.0881 0.0068
vn 0.9833 0.0245 0.1802
vn 0.1873 0.2124 0.9591
vn -0.3385 0.2674 0.9022
vn 0.0795 0.9873 -0.1373
vn 0.0740 0.9764 -0.2029
vn 0.2407 0.9507 -0.1957
vn 0.5090 0.1031 0.8546
vn 0.3139 0.9466 -0.0733
vn 0.3409 0.9340 -0.1074
vn 0.9712 -0.2334 -0.0478
vn 0.4295 0.8892 -0.1574
vn 0.3417 0.9125 -0.2251
vn -0.0465 -0.2301 -0.9721
vn 0.3558 0.9145 -0.1925
vn 0.2398 0.9450 -0.2225
vn -0.5681 0.0142 -0.8228
vn 0.2066 0.9258 -0.3165
vn -0.0167 0.9634 -0.2674
vn -0.0194 0.9644 -0.2639
vn -0.9424 0.2598 -0.2108
vn -0.0604 0.9699 -0.2359
vn -0.0091 0.9796 -0.2010
vn -0.3439 0.3100 0.8864
vn 0.0175 0.9823 -0.1865
vn 0.0177 0.9709 -0.2388
vn 0.5663 -0.1964 -0.8005
vn -0.5939 -0.1944 -0.7807
vn 0.5106 0.8308 -0.2215
vn -0.5445 0.8182 -0.1848
vn -0.9628 -0.1508 -0.2243
vn -0.5381 0.8255 -0.1700
vn -0.0155 0.9709 -0.2389
vn -0.0158 0.9825 -0.1855
vn -0.2894 -0.2611 -0.9209
vn -0.0785 0.9878 -0.1348
vn -0.0726 0.9769 -0.2008
vn 0.1882 -0.2154 -0.9582
vn -0.2412 0.9512 -0.1926
vn -0.3108 0.9473 -0.0779
vn 0.5526 0.3684 0.7476
vn -0.3517 0.9163 -0.1918
vn -0.0382 0.2326 0.9718
vn -0.2048 0.9252 -0.3195
vn -0.2398 0.9451 -0.2219
vn -0.4682 0.0834 0.8797
vn 0.0174 0.9631 -0.2686
vn -0.9607 -0.1125 0.2539
vn 0.0203 0.9640 -0.2650
vn 0.0622 0.9698 -0.2360
vn -0.5252 0.1510 0.8374
vn 0.0111 0.9795 -0.2013
vn 0.5064 0.2101 0.8363
vn 0.4943 0.8506 -0.1791
vn 0.9665 -0.0404 0.2535
vn 0.4705 0.1275 0.8732
vn 0.0380 0.2292 0.9726
vn -0.5743 0.3014 0.7611
vn -0.6484 0.0453 -0.7600
vn -0.1784 -0.1800 -0.9674
vn 0.2892 -0.2607 -0.9211
vn 0.9515 -0.1772 -0.2513
vn -0.5430 -0.1503 -0.8262
vn 0.9440 0.2634 -0.1988
vn 0.9580 0.2035 -0.2020
vn 0.5713 -0.0136 -0.8206
vn 0.0448 -0.2234 -0.9737
vn -0.9733 -0.2238 -0.0500
vn -0.5071 0.0959 0.8566
vn -0.1840 0.1988 0.9626
vn 0.3497 0.2678 0.8978
vn -0.0003 0.9828 0.1848
vn 0.5142 0.1777 0.8391
vn 0.4319 0.2242 0.8736
vn 0.4883 0.8718 -0.0386
vn 0.9126 -0.4013 0.0776
vn 0.8327 -0.5506 -0.0580
vn 0.7220 -0.6857 0.0924
vn -0.0475 0.7845 -0.6183
vn 0.7576 -0.6469 -0.0869
vn -0.8398 0.5293 0.1211
vn -0.6669 0.5561 0.4959
vn -0.5133 0.1769 0.8398
vn -0.4337 0.2231 0.8730
vn -0.4430 0.8951 0.0506
vn -0.8823 -0.4640 0.0795
vn -0.8308 -0.5536 -0.0580
vn -0.7242 -0.6834 0.0922
vn -0.7561 -0.6487 -0.0862
vn 0.8352 0.5349 0.1279
vn 0.9600 -0.2644 -0.0920
vn -0.9208 -0.3885 -0.0351
vn 0.4864 0.8737 0.0114
vn 0.9036 -0.4138 0.1111
vn -0.9778 -0.2083 -0.0247
vn 0.9778 -0.2095 -0.0087
vn -0.9444 0.2377 0.2273
vn 0.9644 0.2228 0.1425
vn 0.7270 -0.6701 -0.1501
vn -0.7289 -0.6677 -0.1516
vn -0.8631 -0.4537 -0.2220
vn -0.3880 -0.9081 0.1577
vn 0.8505 -0.4635 -0.2487
vn 0.6474 -0.7363 -0.1969
vn -0.6563 -0.7275 -0.1999
vn -0.0031 -0.2532 0.9674
vn 0.4006 0.7191 -0.5678
vn -0.9501 0.3012 -0.0815
vn 0.9643 0.2648 0.0074
vn 0.1945 -0.1054 -0.9752
vn -0.8966 -0.4032 0.1830
vn 0.4721 -0.2893 -0.8327
vn -0.4422 -0.6655 -0.6014
vn -0.7613 0.0952 -0.6413
vn 0.8812 -0.3564 -0.3106
vn -0.6111 -0.7910 0.0303
vn 0.6101 -0.7919 0.0265
vn -0.0040 -0.9958 0.0918
vn -0.1563 0.0251 -0.9874
vn 0.3960 0.3684 -0.8411
vn -0.0074 -0.9699 0.2436
vn -0.2287 -0.9628 0.1442
vn 0.8786 -0.4681 0.0945
vn -0.8287 -0.5553 -0.0693
vn -0.7086 -0.7056 0.0020
vn 0.5755 -0.6453 -0.5023
vn 0.7047 -0.3926 -0.5909
vn -0.7109 -0.3803 -0.5916
vn -0.2816 -0.8989 0.3357
vn 0.6155 0.5988 0.5124
vn -0.6167 0.5975 0.5125
vn -0.8086 0.5754 0.1226
vn 0.8022 0.5830 0.1291
vn -0.5522 -0.5508 0.6259
vn 0.5530 -0.5613 0.6158
vn 0.9351 -0.3527 0.0357
vn -0.8365 -0.5474 -0.0257
vn 0.3776 -0.9118 0.1616
vn -0.7093 -0.7021 0.0632
vn 0.7040 -0.7055 0.0815
vn -0.2935 -0.0234 -0.9557
vn -0.8766 0.0056 -0.4813
vn -0.5229 0.2529 -0.8140
vn -0.9664 -0.2496 -0.0615
vn 0.4512 -0.0046 -0.8924
vn -0.3652 0.7580 -0.5404
vn 0.9070 0.2940 0.3014
vn -0.9067 0.1569 0.3916
vn -0.9331 -0.0318 -0.3581
vn 0.6657 0.1281 -0.7352
vn -0.9683 -0.2351 0.0840
vn 0.9696 -0.2315 0.0793
vn -0.1626 -0.1149 -0.9800
vn -0.0974 0.3587 -0.9284
vn -0.0059 0.7404 0.6722
vn -0.1986 0.3856 0.9011
vn 0.0893 0.9752 -0.2024
vn 0.3508 0.6482 -0.6759
vn -0.0002 0.4212 0.9070
vn -0.0372 -0.9673 -0.2509
vn -0.0150 -0.6374 -0.7704
vn -0.0092 -0.9861 0.1661
vn -0.0079 -0.9724 -0.2332
vn 0.0023 -0.8381 0.5454
vn 0.3570 0.3256 -0.8755
vn 0.0010 -0.5403 -0.8415
vn -0.1892 -0.8318 -0.5218
vn 0.2040 -0.3234 -0.9240
vn -0.2872 -0.3848 -0.8772
vn 0.3603 0.0626 -0.9307
vn 0.2698 0.8719 0.4085
vn -0.0078 -0.6818 0.7315
vn -0.7764 0.0824 -0.6248
vn 0.7778 0.0796 -0.6234
vn -0.7039 -0.2421 -0.6677
vn 0.7047 -0.2448 -0.6660
vn 0.3274 -0.9073 0.2640
vn -0.3285 -0.9071 0.2633
vn 0.0015 -0.9308 0.3656
vn 0.0005 -0.9945 0.1045
vn 0.2989 -0.9491 0.0996
vn -0.2985 -0.9494 0.0981
vn 0.5563 -0.8306 0.0258
vn -0.5479 -0.8366 0.0050
vn -0.3121 -0.8262 0.4691
vn 0.8767 -0.3568 0.3226
vn -0.8781 -0.3543 0.3217
vn 0.2781 -0.8314 0.4811
vn 0.7915 -0.5743 0.2090
vn -0.7978 -0.5723 0.1899
vn -0.7760 -0.4030 0.4852
vn 0.7703 -0.4056 0.4921
vn 0.8447 -0.0437 -0.5335
vn -0.8432 -0.0421 -0.5360
vn 0.3452 -0.9376 -0.0411
vn -0.3426 -0.9386 -0.0409
vn 0.4062 -0.9096 0.0880
vn -0.4045 -0.9103 0.0883
vn 0.6093 -0.7449 0.2718
vn -0.6334 -0.7209 0.2814
vn 0.8609 -0.5070 0.0425
vn -0.8627 -0.5052 0.0220
vn 0.9608 -0.2679 0.0720
vn -0.9615 -0.2680 0.0605
vn 0.4869 -0.8214 0.2972
vn -0.4831 -0.8234 0.2977
vn 0.0769 -0.9376 0.3392
vn -0.0758 -0.9376 0.3394
vn 0.5381 -0.7193 -0.4393
vn -0.1127 -0.9432 -0.3126
vn -0.5358 -0.7219 -0.4380
vn 0.1131 -0.9433 -0.3121
vn 0.2268 -0.9734 -0.0315
vn -0.2252 -0.9738 -0.0316
vn 0.9774 -0.2009 0.0653
vn -0.9770 -0.2023 0.0672
vn 0.3734 -0.8884 -0.2671
vn -0.3720 -0.8890 -0.2669
vn 0.2852 -0.6364 0.7167
vn 0.9194 0.2495 0.3040
vn -0.0000 0.6518 0.7584
vn 0.8974 0.2156 0.3849
vn -0.8976 0.2099 0.3876
vn -0.9026 -0.4170 0.1067
vn -0.4912 0.8710 0.0088
vn 0.1680 -0.1082 -0.9798
vn 0.1429 0.6670 -0.7312
vn -0.0678 0.9458 -0.3177
vn 0.9037 -0.4151 0.1053
vn -0.9008 -0.4204 0.1090
vn 0.3839 0.7759 -0.5006
vn 0.8858 -0.4319 0.1699
vn -0.8897 -0.4311 0.1503
vn 0.0105 0.1866 0.9824
vn 0.2003 0.3847 0.9010
vn -0.0893 0.9755 -0.2011
vn -0.3709 0.6273 -0.6848
vn -0.1654 0.4047 -0.8994
vn -0.2492 0.2102 -0.9454
vn -0.2677 0.8726 0.4086
vn -0.5193 0.8434 -0.1381
vn 0.6862 0.6812 -0.2551
vn 0.7730 -0.6144 0.1577
vn -0.6646 -0.6596 0.3511
vn -0.9344 0.3306 -0.1329
vn 0.8311 0.3107 -0.4612
vn 0.7532 -0.6296 0.1908
vn -0.6638 -0.6865 0.2968
vn -0.9600 -0.0979 -0.2623
vn -0.7051 -0.1647 0.6897
vn -0.4896 -0.7635 0.4211
vn -0.2052 -0.9787 0.0100
vn 0.6504 0.6271 0.4286
vn -0.8367 0.5164 0.1826
vn -0.5903 -0.7284 -0.3477
vn 0.5497 -0.8019 -0.2342
vn 0.5946 0.7534 -0.2809
vn -0.6011 0.6560 -0.4565
vn -0.6904 -0.2191 -0.6894
vn 0.7467 -0.3620 0.5580
vn -0.9142 -0.1113 0.3896
vn -0.1334 0.0043 -0.9910
vn 0.0003 -0.9530 0.3030
vn 0.1927 -0.7870 0.5860
vt 0.658294 0.664387
vt 0.616765 0.696387
vt 0.669051 0.699374
vt 0.444914 0.665695
vt 0.395894 0.664432
vt 0.437721 0.694748
vt 0.385125 0.699728
vt 0.380983 0.728232
vt 0.673294 0.728054
vt 0.626117 0.762135
vt 0.966449 0.699419
vt 0.925580 0.662329
vt 0.955693 0.664437
vt 0.609512 0.665614
vt 0.526112 0.695583
vt 0.526104 0.761747
vt 0.428354 0.761316
vt 0.931629 0.685749
vt 0.722514 0.699773
vt 0.777654 0.662340
vt 0.771398 0.685749
vt 0.769607 0.763059
vt 0.718373 0.728271
vt 0.970692 0.728094
vt 0.851069 0.681566
vt 0.851240 0.662320
vt 0.851114 0.758079
vt 0.933442 0.763059
vt 0.733282 0.664482
vt 0.379318 0.828893
vt 0.416827 0.838699
vt 0.675059 0.828892
vt 0.674177 0.803266
vt 0.525915 0.841898
vt 0.637630 0.838698
vt 0.717540 0.803391
vt 0.716708 0.828925
vt 0.972457 0.828925
vt 0.938824 0.811606
vt 0.851159 0.805830
vt 0.764248 0.811606
vt 0.971574 0.803302
vt 0.380150 0.803354
vt 0.371927 0.861602
vt 0.636287 0.875011
vt 0.682248 0.861059
vt 0.417893 0.875714
vt 0.419178 0.903387
vt 0.483328 0.924680
vt 0.525876 0.925024
vt 0.568755 0.924680
vt 0.635015 0.902675
vt 0.945425 0.880380
vt 0.851180 0.863270
vt 0.969819 0.861829
vt 0.989645 0.861088
vt 0.719862 0.862336
vt 0.932061 0.901149
vt 0.876848 0.888820
vt 0.772581 0.901780
vt 0.757831 0.881023
vt 0.825932 0.888820
vt 0.811762 0.925741
vt 0.940500 0.926461
vt 0.896339 0.925741
vt 0.429089 0.925987
vt 0.879510 0.979101
vt 0.851709 0.975387
vt 0.808072 0.990997
vt 0.823908 0.979101
vt 0.550291 0.990801
vt 0.502756 0.990982
vt 0.895602 0.990816
vt 0.850970 0.995665
vt 0.525657 0.995651
vt 0.435945 0.645618
vt 0.525389 0.640643
vt 0.433937 0.601778
vt 0.524832 0.540551
vt 0.438388 0.553811
vt 0.525131 0.596396
vt 0.405581 0.652841
vt 0.405462 0.569512
vt 0.617096 0.645625
vt 0.646192 0.653078
vt 0.646855 0.569519
vt 0.618578 0.601784
vt 0.613519 0.553817
vt 0.881545 0.540156
vt 0.819158 0.540169
vt 0.849622 0.494156
vt 0.851160 0.595145
vt 0.770769 0.597376
vt 0.377082 0.662290
vt 0.372476 0.602265
vt 0.932063 0.597380
vt 0.969863 0.602319
vt 0.682465 0.602262
vt 0.677035 0.662279
vt 0.731197 0.602323
vt 0.376609 0.347566
vt 0.371915 0.459453
vt 0.422095 0.387286
vt 0.771793 0.579825
vt 0.731213 0.459525
vt 0.791853 0.293743
vt 0.792576 0.308154
vt 0.742413 0.304848
vt 0.738887 0.347650
vt 0.380136 0.304760
vt 0.422635 0.343055
vt 0.794373 0.349381
vt 0.438804 0.531851
vt 0.841468 0.352145
vt 0.511374 0.303778
vt 0.471389 0.342581
vt 0.516154 0.352062
vt 0.519123 0.524067
vt 0.524309 0.494092
vt 0.836689 0.303867
vt 0.469495 0.302274
vt 0.482860 0.231883
vt 0.503144 0.122464
vt 0.466046 0.122747
vt 0.793797 0.123087
vt 0.836839 0.122576
vt 0.425412 0.302729
vt 0.379469 0.123184
vt 0.407536 0.232752
vt 0.432174 0.122236
vt 0.740112 0.123297
vt 0.423028 0.233997
vt 0.469717 0.235212
vt 0.793418 0.063065
vt 0.745224 0.045256
vt 0.830816 0.054125
vt 0.379787 0.057135
vt 0.432640 0.045282
vt 0.433106 0.037097
vt 0.434039 0.020952
vt 0.464894 0.037350
vt 0.465470 0.045663
vt 0.836745 0.064916
vt 0.793608 0.076603
vt 0.734879 0.005890
vt 0.740430 0.065682
vt 0.503050 0.056369
vt 0.464316 0.020948
vt 0.465614 0.052685
vt 0.465686 0.074052
vt 0.503097 0.073864
vt 0.778894 0.016466
vt 0.804527 0.030642
vt 0.778702 0.029915
vt 0.803838 0.016457
vt 0.840430 0.005890
vt 0.827410 0.044946
vt 0.748661 0.039580
vt 0.374236 0.005772
vt 0.740271 0.074720
vt 0.930848 0.579722
vt 0.969730 0.459436
vt 0.908078 0.349089
vt 0.958529 0.305630
vt 0.962055 0.347440
vt 0.910553 0.293522
vt 0.909875 0.307899
vt 0.865008 0.304650
vt 0.629730 0.387527
vt 0.682927 0.459364
vt 0.613817 0.531975
vt 0.678233 0.347357
vt 0.629189 0.342986
vt 0.674707 0.305542
vt 0.860229 0.351956
vt 0.524571 0.531836
vt 0.531244 0.524032
vt 0.534917 0.351873
vt 0.580434 0.342512
vt 0.539697 0.304562
vt 0.582329 0.302178
vt 0.547918 0.122518
vt 0.568964 0.232036
vt 0.586343 0.122722
vt 0.864325 0.122631
vt 0.908950 0.123247
vt 0.626412 0.302532
vt 0.644289 0.232503
vt 0.676130 0.123259
vt 0.620216 0.122192
vt 0.961064 0.123371
vt 0.582107 0.234811
vt 0.628796 0.233671
vt 0.620053 0.052225
vt 0.620080 0.073576
vt 0.676172 0.074649
vt 0.676213 0.057145
vt 0.619346 0.020897
vt 0.619781 0.037047
vt 0.682166 0.005717
vt 0.909730 0.063118
vt 0.961148 0.065692
vt 0.909340 0.076709
vt 0.957802 0.045201
vt 0.547707 0.056388
vt 0.587161 0.045631
vt 0.587978 0.037310
vt 0.864114 0.064935
vt 0.861549 0.005835
vt 0.869591 0.054070
vt 0.589084 0.020893
vt 0.619999 0.045235
vt 0.874568 0.044891
vt 0.953318 0.039525
vt 0.899022 0.030587
vt 0.924656 0.016411
vt 0.924848 0.029859
vt 0.899712 0.016401
vt 0.967099 0.005835
vt 0.864219 0.074013
vt 0.770247 0.927133
vt 0.625070 0.926437
vt 0.699318 0.861630
vt 0.136655 0.340448
vt 0.088314 0.274133
vt 0.053319 0.433083
vt 0.128680 0.275781
vt 0.177267 0.277095
vt 0.178349 0.344996
vt 0.327650 0.258374
vt 0.334232 0.277095
vt 0.306859 0.274567
vt 0.331267 0.422365
vt 0.311541 0.430664
vt 0.308098 0.400539
vt 0.241699 0.433661
vt 0.247785 0.404917
vt 0.312346 0.332276
vt 0.252865 0.273113
vt 0.038317 0.309935
vt 0.038568 0.273113
vt 0.248666 0.482759
vt 0.216328 0.488099
vt 0.975304 0.887997
vt 0.979102 0.919099
vt 0.958198 0.938775
vt 0.303433 0.484831
vt 0.689267 0.889171
vt 0.692278 0.943629
vt 0.330809 0.489082
vt 0.132139 0.498895
vt 0.178125 0.489082
vt 0.136828 0.440319
vt 0.977606 0.943651
vt 0.062652 0.495776
vt 0.654767 0.938752
vt 0.211584 0.427273
vt 0.334510 0.344996
vt 0.018788 0.488099
vt 0.027927 0.427273
vt 0.178126 0.422365
vt 0.136263 0.247810
vt 0.165058 0.258374
vt 0.175714 0.247484
vt 0.318208 0.247484
vt 0.074084 0.194608
vt 0.032343 0.203116
vt 0.037594 0.260538
vt 0.086955 0.257013
vt 0.123705 0.199002
vt 0.173419 0.214615
vt 0.278784 0.215224
vt 0.326364 0.214615
vt 0.247872 0.260538
vt 0.233778 0.203116
vt 0.233059 0.108539
vt 0.308427 0.087521
vt 0.269150 0.110029
vt 0.230821 0.088772
vt 0.161942 0.111538
vt 0.062864 0.085999
vt 0.114328 0.103397
vt 0.108587 0.083116
vt 0.016876 0.088772
vt 0.062004 0.103854
vt 0.013296 0.057052
vt 0.063231 0.056190
vt 0.081349 0.044446
vt 0.102889 0.050881
vt 0.229652 0.057052
vt 0.261176 0.044446
vt 0.302529 0.051551
vt 0.076586 0.752054
vt 0.053428 0.593096
vt 0.038564 0.716179
vt 0.136832 0.685989
vt 0.129056 0.748963
vt 0.180087 0.680918
vt 0.179936 0.746964
vt 0.307111 0.750199
vt 0.312553 0.693801
vt 0.334640 0.680918
vt 0.308144 0.625356
vt 0.247830 0.621077
vt 0.309926 0.595209
vt 0.038824 0.752946
vt 0.304251 0.541048
vt 0.330818 0.536902
vt 0.361913 0.954605
vt 0.397329 0.938752
vt 0.177329 0.536902
vt 0.136931 0.585753
vt 0.178178 0.603568
vt 0.712126 0.944354
vt 0.710563 0.919735
vt 0.731702 0.938775
vt 0.247686 0.543230
vt 0.241699 0.592332
vt 0.211628 0.598790
vt 0.216352 0.538025
vt 0.714348 0.888610
vt 0.364941 0.889904
vt 0.132248 0.527240
vt 0.062767 0.530406
vt 0.332123 0.603568
vt 0.253122 0.752946
vt 0.018812 0.538025
vt 0.027972 0.598790
vt 0.173303 0.778995
vt 0.160664 0.766990
vt 0.137131 0.778803
vt 0.315444 0.778995
vt 0.330469 0.746963
vt 0.327968 0.766990
vt 0.071426 0.831297
vt 0.074537 0.769035
vt 0.038779 0.765320
vt 0.124262 0.826825
vt 0.171496 0.810920
vt 0.279245 0.810315
vt 0.316853 0.810920
vt 0.248253 0.765319
vt 0.234285 0.822542
vt 0.240502 0.937179
vt 0.282828 0.974592
vt 0.243069 0.969091
vt 0.301278 0.912833
vt 0.062027 0.920642
vt 0.029634 0.822542
vt 0.017471 0.915894
vt 0.114949 0.921296
vt 0.109216 0.943142
vt 0.158696 0.938400
vt 0.079819 0.983597
vt 0.123001 0.974592
vt 0.103532 0.975611
vt 0.011890 0.969091
vt 0.062691 0.969832
vt 0.259646 0.983597
vt 0.545142 0.005717
vt 0.506735 0.005772
vt 0.836792 0.073977
vt 0.961106 0.074762
vt 0.547813 0.073900
vt 0.586854 0.074023
vt 0.586957 0.052654
vt 0.379628 0.074607
vt 0.432465 0.073622
vt 0.432523 0.052271
vt 0.062605 0.939925
vt 0.269337 0.914354
vt 0.159940 0.912833
vt 0.122702 0.051551
vt 0.019918 0.108539
vt 0.218144 0.309935
vt 0.218391 0.716179
vt 0.014145 0.937179
vt 0.237396 0.915894
vt 0.291995 0.938400
vt 0.159148 0.087521
vt 0.310868 0.111538
vt 0.793655 0.087489
vt 0.836804 0.083886
vt 0.793703 0.098374
vt 0.740231 0.084623
vt 0.740191 0.092039
vt 0.379588 0.084923
vt 0.379549 0.092750
vt 0.432407 0.093315
vt 0.503109 0.084185
vt 0.465758 0.093761
vt 0.503120 0.092018
vt 0.836816 0.091307
vt 0.864246 0.083927
vt 0.909145 0.098507
vt 0.864272 0.091353
vt 0.547839 0.084226
vt 0.547865 0.092064
vt 0.586752 0.093732
vt 0.909242 0.087608
vt 0.961096 0.084674
vt 0.676161 0.084973
vt 0.620107 0.093269
vt 0.676151 0.092808
vt 0.961085 0.092097
vt 0.027809 0.175752
vt 0.022765 0.371379
vt 0.047063 0.177793
vt 0.000500 0.368371
vt 0.038609 0.124601
vt 0.047063 0.725998
vt 0.057020 0.124600
vt 0.027809 0.725998
vt 0.058715 0.000500
vt 0.077581 0.000500
vt 0.926629 0.210514
vt 0.922419 0.000500
vt 0.909531 0.210514
vt 0.941285 0.000500
vt 0.965627 0.859641
vt 0.946584 0.859641
vt 0.141940 0.368371
vt 0.140359 0.139943
vt 0.045760 0.371379
vt 0.965627 0.137959
vt 0.946584 0.139943
vt 0.999500 0.368371
vt 0.102175 0.754920
vt 0.000500 0.913018
vt 0.000500 0.027302
vt 0.124600 0.083722
vt 0.210514 0.001896
vt 0.954240 0.371379
vt 0.859641 0.139943
vt 0.839850 0.371379
vt 0.725998 0.177793
vt 0.789486 0.000499
vt 0.875399 0.081927
vt 0.999500 0.025378
vt 0.235818 0.745992
vt 0.160150 0.368371
vt 0.140359 0.137959
vt 0.274002 0.175752
vt 0.915117 0.754920
vt 0.885476 0.913018
vt 0.939063 0.869701
vt 0.042381 0.869701
vt 0.255956 0.847247
vt 0.091271 0.745992
vt 0.073636 0.847247
vt 0.124148 0.882248
vt 0.758126 0.882248
vt 0.999501 0.913018
vt 0.926364 0.847247
vt 0.977235 0.371379
vt 0.908729 0.745992
vt 0.189320 0.344337
vt 0.214642 0.350593
vt 0.204514 0.419390
vt 0.121886 0.499750
vt 0.123574 0.424698
vt 0.018819 0.462777
vt 0.045829 0.393978
vt 0.030636 0.368961
vt 0.000250 0.412741
vt 0.015592 0.074955
vt 0.007921 0.243848
vt 0.041061 0.093856
vt 0.042602 0.006295
vt 0.162337 0.087811
vt 0.165713 0.000250
vt 0.189347 0.037775
vt 0.174154 0.112829
vt 0.212954 0.275538
vt 0.249115 0.319321
vt 0.287046 0.275538
vt 0.310680 0.344337
vt 0.285358 0.350593
vt 0.325846 0.112829
vt 0.310653 0.037775
vt 0.334287 0.000250
vt 0.337663 0.087810
vt 0.457398 0.006295
vt 0.458939 0.093856
vt 0.484408 0.074954
vt 0.499750 0.412741
vt 0.492079 0.243847
vt 0.469364 0.368960
vt 0.481181 0.462776
vt 0.454171 0.393977
vt 0.378114 0.499750
vt 0.376426 0.424698
vt 0.295486 0.419390
vt 0.250110 0.406881
vt 0.419390 0.499750
vt 0.350593 0.000250
vt 0.419390 0.000250
vt 0.350593 0.499750
vt 0.295486 0.000250
vt 0.378114 0.000250
vt 0.295486 0.499750
vt 0.155663 0.499750
vt 0.075302 0.000250
vt 0.155663 0.000250
vt 0.075302 0.499750
vt 0.481181 0.499750
vt 0.481181 0.000250
vt 0.123574 0.499750
vt 0.045829 0.000250
vt 0.123574 0.000250
vt 0.045829 0.499750
vt 0.393977 0.499750
vt 0.368961 0.000250
vt 0.393977 0.000250
vt 0.368961 0.499750
vt 0.087259 0.499750
vt 0.037223 0.000250
vt 0.087259 0.000250
vt 0.037223 0.499750
vt 0.425045 0.499750
vt 0.256152 0.000250
vt 0.425045 0.000250
vt 0.256152 0.499750
vt 0.093856 0.000250
vt 0.093856 0.499750
vt 0.493705 0.499750
vt 0.493705 0.000250
vt 0.458939 0.499750
vt 0.337663 0.000250
vt 0.458939 0.000250
vt 0.337663 0.499750
vt 0.165713 0.499750
vt 0.042602 0.000250
vt 0.042602 0.499750
vt 0.037775 0.499750
vt 0.000250 0.000250
vt 0.037775 0.000250
vt 0.000250 0.499750
vt 0.412189 0.499750
vt 0.387171 0.000250
vt 0.412189 0.000250
vt 0.387171 0.499750
vt 0.275538 0.499750
vt 0.275538 0.000250
vt 0.319321 0.499750
vt 0.319321 0.000250
vt 0.224462 0.499750
vt 0.180679 0.000250
vt 0.224462 0.000250
vt 0.180679 0.499750
vt 0.344337 0.499750
vt 0.112829 0.000250
vt 0.344337 0.000250
vt 0.112829 0.499750
vt 0.462225 0.499750
vt 0.462225 0.000250
vt 0.499750 0.499750
vt 0.499750 0.000250
vt 0.087811 0.000250
vt 0.087811 0.499750
vt 0.457398 0.499750
vt 0.457398 0.000250
vt 0.334287 0.499750
vt 0.162337 0.499750
vt 0.041061 0.000250
vt 0.162337 0.000250
vt 0.041061 0.499750
vt 0.074954 0.499750
vt 0.006295 0.000250
vt 0.074954 0.000250
vt 0.006295 0.499750
vt 0.406144 0.499750
vt 0.131040 0.000250
vt 0.406144 0.000250
vt 0.131040 0.499750
vt 0.462776 0.499750
vt 0.412741 0.000250
vt 0.462776 0.000250
vt 0.412741 0.499750
vt 0.106023 0.000250
vt 0.106023 0.499750
vt 0.018819 0.000250
vt 0.121886 0.000250
vt 0.018819 0.499750
vt 0.454171 0.499750
vt 0.376426 0.000250
vt 0.454171 0.000250
vt 0.376426 0.499750
vt 0.204514 0.499750
vt 0.204514 0.000250
vt 0.424698 0.499750
vt 0.424698 0.000250
vt 0.149407 0.499750
vt 0.080610 0.000250
vt 0.149407 0.000250
vt 0.080610 0.499750
vt 0.093119 0.000250
vt 0.093119 0.499750
vt 0.406881 0.499750
vt 0.406881 0.000250
vt -6.598270 -0.677100
vt -5.903320 -1.481950
vt -5.598270 -0.481950
vt -5.598270 -0.433150
vt -6.593930 0.391471
vt -6.598270 -0.608530
vt -6.309280 0.009453
vt -5.974450 -0.693330
vt -5.309280 0.306670
vt -7.987090 -0.476710
vt -7.981840 0.306670
vt -8.981840 -0.693330
vt -18.843201 0.010752
vt -18.229401 -0.989250
vt -17.843201 -0.788600
vt -16.825500 -0.446740
vt -15.825500 -0.989250
vt -16.358299 0.010752
vt -16.825500 -0.144650
vt -16.632500 -0.644650
vt -15.825500 -0.320300
vt -19.475800 -1.388560
vt -18.475800 -1.255210
vt -18.748301 -0.388560
vt -18.475800 -3.303820
vt -19.475800 -3.654810
vt -18.670799 -4.303820
vt -5.547790 -4.303820
vt -4.547790 -3.353950
vt -5.489840 -3.303820
vt -5.088860 -4.273830
vt -4.088860 -4.330580
vt -4.171580 -3.330580
vt -14.885100 -4.330580
vt -14.186200 -3.978340
vt -15.186200 -3.330580
vt -14.186200 -4.659760
vt -14.879700 -3.659760
vt -15.186200 -3.901050
vt -9.874970 -0.828650
vt -10.875000 -1.436210
vt -10.368100 -1.828650
vt -10.587400 -0.639140
vt -10.875000 -1.639140
vt -9.874970 -0.945730
vt -13.524600 -0.477900
vt -14.261500 -1.469500
vt -13.261500 -1.477900
vt -14.261500 -2.084640
vt -13.301800 -3.084640
vt -13.261500 -2.096560
vt -23.180201 -2.073410
vt -22.180201 -2.603700
vt -22.216600 -1.603700
vt -21.721201 -3.121850
vt -20.721201 -2.664530
vt -21.655399 -2.121850
vt -22.915300 -2.061040
vt -23.915300 -1.603700
vt -23.876101 -2.603700
vt -23.017799 -2.641360
vt -22.017799 -3.090850
vt -22.091499 -2.090850
vt -12.184700 -3.090850
vt -11.225500 -2.091440
vt -12.225500 -2.090850
vt -11.992500 -0.456130
vt -12.225500 -1.455710
vt -11.225500 -1.456130
vt -3.890260 -0.665300
vt -4.890260 -0.456130
vt -4.577510 -1.456130
vt -3.897000 0.405254
vt -4.890260 -0.407760
vt -3.890260 -0.594750
vt -4.755870 0.319032
vt -4.747650 -0.468210
vt -3.755870 -0.680970
vt -2.484010 -0.680970
vt -2.145370 0.024553
vt -3.145370 0.319032
vt -3.787950 -0.530040
vt -4.135230 0.034802
vt -4.787950 -0.965200
vt -3.787950 -0.778640
vt -4.787950 -1.417890
vt -4.540880 -1.778640
vt -5.106380 -1.025720
vt -4.417420 -1.139000
vt -4.261900 -0.639000
vt -4.106380 -0.156760
vt -4.922600 -0.358080
vt -5.106380 -1.156760
vt -7.206480 -4.240410
vt -6.411670 -3.598280
vt -7.411670 -3.240410
vt -2.902490 -3.265490
vt -2.989250 -4.265490
vt -1.989250 -4.209370
vt -2.178230 -4.240410
vt -2.240250 -3.240410
vt -3.178230 -3.289580
vt -11.413300 -3.917110
vt -10.724500 -4.265490
vt -10.413300 -3.265490
vt -10.413300 -3.825590
vt -10.712700 -3.588960
vt -11.413300 -4.588960
vt -9.039120 -0.820420
vt -8.564830 -1.820420
vt -8.039120 -1.423730
vt -8.039120 -1.639140
vt -8.327540 -0.639140
vt -9.039120 -0.944550
vt 0.243847 0.499750
vt 0.243847 0.000250
vt -16.439501 -1.144650
vt -4.106380 -0.139000
vt 0.907435 0.326274
vt 0.809715 0.479919
vt 0.928842 0.639867
vt 0.766126 0.448834
vt 0.686618 0.308053
vt 0.624434 0.406109
vt 0.062045 0.325886
vt 0.165961 0.476946
vt 0.088747 0.250256
vt 0.193361 0.265763
vt 0.173978 0.293787
vt 0.216398 0.448679
vt 0.308999 0.307936
vt 0.209742 0.313735
vt 0.204871 0.123816
vt 0.196672 0.027742
vt 0.076797 0.037409
vt 0.414085 0.156538
vt 0.461232 0.273296
vt 0.432344 0.162477
vt 0.812217 0.792949
vt 0.803820 0.827361
vt 0.937452 0.734568
vt 0.991695 0.834587
vt 0.991652 0.692460
vt 0.708409 0.758210
vt 0.634813 0.874971
vt 0.201054 0.642080
vt 0.160111 0.531549
vt 0.149609 0.724384
vt 0.785889 0.265906
vt 0.802837 0.294915
vt 0.877001 0.250369
vt 0.284298 0.730865
vt 0.248602 0.667140
vt 0.203718 0.835295
vt 0.822759 0.397868
vt 0.771000 0.313882
vt 0.683137 0.459141
vt 0.529744 0.496768
vt 0.612539 0.652325
vt 0.598294 0.486368
vt 0.809069 0.455622
vt 0.378588 0.405960
vt 0.313008 0.459002
vt 0.170132 0.455056
vt 0.155007 0.395597
vt 0.394469 0.653619
vt 0.398197 0.693412
vt 0.843098 0.545821
vt 0.729606 0.557189
vt 0.832774 0.701106
vt 0.629184 0.144733
vt 0.775146 0.123954
vt 0.481460 0.328887
vt 0.465157 0.308732
vt 0.462081 0.310596
vt 0.373197 0.144661
vt 0.411639 0.379320
vt 0.444689 0.378851
vt 0.412566 0.391533
vt 0.445300 0.391953
vt 0.449191 0.438164
vt 0.501854 0.482819
vt 0.478637 0.402285
vt 0.473659 0.497154
vt 0.548744 0.036240
vt 0.504895 0.000499
vt 0.696544 0.036269
vt 0.405821 0.486246
vt 0.503945 0.649763
vt 0.259266 0.559776
vt 0.515468 0.317862
vt 0.500757 0.329226
vt 0.502274 0.418844
vt 0.595143 0.379427
vt 0.563386 0.392035
vt 0.592847 0.391634
vt 0.492133 0.418836
vt 0.540437 0.308760
vt 0.532293 0.275915
vt 0.542739 0.312383
vt 0.565511 0.378936
vt 0.525555 0.328922
vt 0.501450 0.253132
vt 0.516526 0.196688
vt 0.501079 0.188059
vt 0.500478 0.307681
vt 0.488012 0.307083
vt 0.513634 0.105279
vt 0.487652 0.105692
vt 0.501074 0.142645
vt 0.544271 0.035004
vt 0.544728 0.273332
vt 0.591746 0.156594
vt 0.572985 0.162524
vt 0.923336 0.860696
vt 0.991145 0.893770
vt 0.044414 0.639203
vt 0.070439 0.750240
vt 0.738702 0.667405
vt 0.449889 0.843573
vt 0.462221 0.755601
vt 0.502363 0.778574
vt 0.502549 0.822259
vt 0.537248 0.768726
vt 0.260823 0.932911
vt 0.654902 0.993964
vt 0.507269 0.893231
vt 0.781226 0.937116
vt 0.796074 0.993339
vt 0.550575 0.686312
vt 0.502408 0.713821
vt 0.585387 0.708304
vt 0.487475 0.317842
vt 0.424728 0.306543
vt 0.560282 0.438260
vt 0.579597 0.306610
vt 0.501580 0.169212
vt 0.275502 0.851585
vt 0.172815 0.857411
vt 0.292331 0.899513
vt 0.456411 0.094209
vt 0.547502 0.094030
vt 0.500539 0.274256
vt 0.513308 0.307105
vt 0.514871 0.418854
vt 0.471790 0.275886
vt 0.991099 0.396648
vt 0.003462 0.235847
vt 0.302520 0.036210
vt 0.463282 0.034962
vt 0.502765 0.034983
vt 0.606308 0.302223
vt 0.533305 0.402350
vt 0.395976 0.302137
vt 0.521987 0.145643
vt 0.125092 0.891866
vt 0.032890 0.738385
vt 0.003468 0.893770
vt 0.943292 0.037409
vt 0.991139 0.235847
vt 0.003975 0.692460
vt 0.480869 0.145623
vt 0.004018 0.834587
vt 0.171921 0.993339
vt 0.196672 0.031873
vt 0.485721 0.196663
vt 0.003422 0.396648
vt 0.452015 0.165661
vt 0.596224 0.433925
vt 0.410292 0.433803
vt 0.552897 0.165702
vt 0.593583 0.419547
vt 0.411821 0.419436
vt 0.556424 0.420665
vt 0.452499 0.420576
vt 0.200000 0.400000
vt 0.250000 0.400000
vt 0.250000 0.300000
vt 0.200000 0.300000
vt 0.250000 0.350000
vt 0.250000 0.250000
vt 0.200000 0.350000
vt 0.200000 0.250000
vt 0.180000 0.220000
vt 0.200000 0.150000
vt 0.230000 0.150000
vt 0.260000 0.150000
s 1
usemtl npc_pak_guru_mat.001
f 21/1/21 4/2/4 6/3/6
f 1/4/1 22/5/22 3/6/3
f 5/7/5 11/8/11 3/6/3
f 12/9/12 4/2/4 39/10/39
f 5/7/5 3/6/3 22/5/22
f 15/11/15 19/12/19 35/13/35
f 2/14/2 1/4/1 13/15/13
f 1/4/1 3/6/3 13/15/13
f 41/16/41 3/6/3 38/17/38
f 7/18/7 19/12/19 15/11/15
f 14/19/14 18/20/18 8/21/8
f 8/21/8 37/22/37 16/23/16
f 7/18/7 15/11/15 17/24/17
f 19/12/19 7/18/7 9/25/9
f 18/20/18 20/26/20 9/25/9
f 8/21/8 18/20/18 9/25/9
f 9/25/9 10/27/10 37/22/37
f 9/25/9 7/18/7 40/28/40
f 20/26/20 19/12/19 9/25/9
f 4/2/4 21/1/21 2/14/2
f 14/19/14 36/29/36 18/20/18
f 10/27/10 9/25/9 40/28/40
f 9/25/9 37/22/37 8/21/8
f 8/21/8 16/23/16 14/19/14
f 11/8/11 38/17/38 3/6/3
f 4/2/4 13/15/13 41/16/41
f 6/3/6 4/2/4 12/9/12
f 7/18/7 17/24/17 40/28/40
f 39/10/39 4/2/4 41/16/41
f 49/30/49 50/31/50 38/17/38
f 51/32/51 45/33/45 39/10/39
f 39/10/39 41/16/41 53/34/53
f 39/10/39 53/34/53 52/35/52
f 46/36/46 37/22/37 67/37/67
f 40/28/40 68/38/68 43/39/43
f 44/40/44 10/27/10 43/39/43
f 42/41/42 37/22/37 10/27/10
f 42/41/42 10/27/10 44/40/44
f 37/22/37 42/41/42 67/37/67
f 10/27/10 40/28/40 43/39/43
f 40/28/40 47/42/47 68/38/68
f 51/32/51 39/10/39 52/35/52
f 38/17/38 50/31/50 53/34/53
f 48/43/48 49/30/49 38/17/38
f 41/16/41 38/17/38 53/34/53
f 50/31/50 49/30/49 59/44/59
f 61/45/61 58/46/58 52/35/52
f 50/31/50 62/47/62 53/34/53
f 55/48/55 150/49/150 147/50/147
f 61/45/61 53/34/53 147/50/147
f 151/51/151 57/52/57 147/50/147
f 63/53/63 60/54/60 43/39/43
f 65/55/65 68/38/68 69/56/69
f 60/54/60 44/40/44 43/39/43
f 58/46/58 51/32/51 52/35/52
f 42/41/42 66/57/66 67/37/67
f 42/41/42 44/40/44 60/54/60
f 56/58/56 149/59/149 60/54/60
f 60/54/60 54/60/54 64/61/64
f 54/60/54 148/62/148 158/63/158
f 56/58/56 332/64/332 159/65/159
f 149/59/149 148/62/148 60/54/60
f 159/65/159 149/59/149 56/58/56
f 60/54/60 148/62/148 54/60/54
f 62/47/62 147/50/147 53/34/53
f 330/66/330 150/49/150 55/48/55
f 57/52/57 61/45/61 147/50/147
f 155/67/155 156/68/156 149/59/149
f 156/68/156 148/62/148 149/59/149
f 153/69/153 158/63/158 152/70/152
f 158/63/158 148/62/148 152/70/152
f 154/71/154 147/50/147 160/72/160
f 151/51/151 147/50/147 154/71/154
f 155/67/155 159/65/159 161/73/161
f 155/67/155 149/59/149 159/65/159
f 156/68/156 152/70/152 148/62/148
f 147/50/147 150/49/150 160/72/160
f 156/68/156 155/67/155 157/74/157
f 152/70/152 156/68/156 157/74/157
f 162/75/162 154/71/154 160/72/160
f 152/70/152 157/74/157 153/69/153
f 155/67/155 161/73/161 157/74/157
f 24/76/24 1/4/1 30/77/30
f 186/78/186 31/79/31 182/80/182
f 32/81/32 186/78/186 30/77/30
f 25/82/25 22/5/22 1/4/1
f 24/76/24 25/82/25 1/4/1
f 183/83/183 25/82/25 186/78/186
f 183/83/183 186/78/186 182/80/182
f 30/77/30 2/14/2 23/84/23
f 26/85/26 2/14/2 21/1/21
f 23/84/23 2/14/2 26/85/26
f 164/86/164 167/87/167 26/85/26
f 164/86/164 163/88/163 167/87/167
f 27/89/27 28/90/28 187/91/187
f 29/92/29 20/26/20 185/93/185
f 25/82/25 33/94/33 22/5/22
f 184/95/184 33/94/33 25/82/25
f 184/95/184 25/82/25 183/83/183
f 166/96/166 20/26/20 29/92/29
f 166/96/166 165/97/165 19/12/19
f 178/98/178 26/85/26 34/99/34
f 34/99/34 26/85/26 21/1/21
f 178/98/178 164/86/164 26/85/26
f 30/77/30 1/4/1 2/14/2
f 167/87/167 31/79/31 32/81/32
f 30/77/30 167/87/167 32/81/32
f 29/92/29 27/89/27 166/96/166
f 20/26/20 166/96/166 19/12/19
f 199/100/199 185/93/185 18/20/18
f 20/26/20 18/20/18 185/93/185
f 24/76/24 30/77/30 186/78/186
f 25/82/25 24/76/24 186/78/186
f 26/85/26 167/87/167 23/84/23
f 23/84/23 167/87/167 30/77/30
f 32/81/32 31/79/31 186/78/186
f 31/79/31 167/87/167 163/88/163
f 190/101/190 192/102/192 194/103/194
f 198/104/198 199/100/199 202/105/202
f 206/106/206 214/107/214 205/108/205
f 205/108/205 214/107/214 201/109/201
f 224/110/224 190/101/190 189/111/189
f 198/104/198 191/112/191 28/90/28
f 189/111/189 190/101/190 194/103/194
f 195/113/195 183/83/183 182/80/182
f 193/114/193 191/112/191 214/107/214
f 204/115/204 188/116/188 203/117/203
f 28/90/28 193/114/193 187/91/187
f 28/90/28 191/112/191 193/114/193
f 203/117/203 196/118/196 200/119/200
f 192/102/192 184/95/184 183/83/183
f 188/116/188 189/111/189 194/103/194
f 195/113/195 31/79/31 196/118/196
f 196/118/196 194/103/194 195/113/195
f 198/104/198 28/90/28 185/93/185
f 223/120/223 193/114/193 214/107/214
f 213/121/213 204/115/204 207/122/207
f 225/123/225 208/124/208 207/122/207
f 226/125/226 249/126/249 223/120/223
f 225/123/225 207/122/207 204/115/204
f 189/111/189 212/127/212 224/110/224
f 227/128/227 209/129/209 210/130/210
f 227/128/227 224/110/224 209/129/209
f 250/131/250 226/125/226 205/108/205
f 213/121/213 212/127/212 188/116/188
f 210/130/210 209/129/209 215/132/215
f 211/133/211 208/124/208 210/130/210
f 226/125/226 206/106/206 205/108/205
f 223/120/223 206/106/206 226/125/226
f 212/127/212 211/133/211 215/132/215
f 208/124/208 211/133/211 207/122/207
f 236/134/236 230/135/230 229/136/229
f 235/137/235 216/138/216 238/139/238
f 228/140/228 238/139/238 237/141/237
f 242/142/242 237/141/237 238/139/238
f 236/134/236 234/143/234 239/144/239
f 233/145/233 230/135/230 254/146/254
f 253/147/253 232/148/232 237/141/237
f 220/149/220 222/150/222 241/151/241
f 261/152/261 264/153/264 262/154/262
f 264/153/264 261/152/261 263/155/263
f 231/156/231 264/153/264 263/155/263
f 264/153/264 265/157/265 262/154/262
f 266/158/266 233/145/233 261/152/261
f 266/158/266 229/136/229 230/135/230
f 262/154/262 266/158/266 261/152/261
f 231/156/231 263/155/263 261/152/261
f 261/152/261 233/145/233 231/156/231
f 228/140/228 232/148/232 252/159/252
f 239/144/239 240/160/240 254/146/254
f 166/96/166 177/161/177 165/97/165
f 165/97/165 177/161/177 172/162/172
f 27/89/27 169/163/169 177/161/177
f 268/164/268 171/165/171 169/163/169
f 269/166/269 277/167/277 267/168/267
f 174/169/174 164/86/164 180/170/180
f 174/169/174 175/171/175 164/86/164
f 174/169/174 179/172/179 170/173/170
f 179/172/179 287/174/287 170/173/170
f 187/91/187 173/175/173 27/89/27
f 169/163/169 173/175/173 267/168/267
f 173/175/173 169/163/169 27/89/27
f 200/119/200 197/176/197 176/177/176
f 181/178/181 168/179/168 286/180/286
f 200/119/200 176/177/176 181/178/181
f 174/169/174 180/170/180 179/172/179
f 170/173/170 168/179/168 174/169/174
f 174/169/174 168/179/168 176/177/176
f 169/163/169 171/165/171 177/161/177
f 268/164/268 169/163/169 277/167/277
f 168/179/168 275/181/275 286/180/286
f 288/182/288 270/183/270 271/184/271
f 288/182/288 286/180/286 270/183/270
f 312/185/312 289/186/289 267/168/267
f 276/187/276 287/174/287 272/188/272
f 287/174/287 290/189/290 272/188/272
f 290/189/290 273/190/273 272/188/272
f 313/191/313 268/164/268 289/186/289
f 275/181/275 170/173/170 276/187/276
f 273/190/273 271/184/271 274/192/274
f 270/183/270 274/192/274 271/184/271
f 289/186/289 268/164/268 269/166/269
f 267/168/267 289/186/289 269/166/269
f 275/181/275 274/192/274 270/183/270
f 273/190/273 274/192/274 278/193/278
f 283/194/283 285/195/285 304/196/304
f 297/197/297 291/198/291 300/199/300
f 291/198/291 297/197/297 296/200/296
f 299/201/299 316/202/316 303/203/303
f 299/201/299 292/204/292 316/202/316
f 298/205/298 305/206/305 301/207/301
f 317/208/317 293/209/293 294/210/294
f 291/198/291 295/211/295 301/207/301
f 279/212/279 300/199/300 305/206/305
f 294/210/294 328/213/328 329/214/329
f 327/215/327 324/216/324 325/217/325
f 326/218/326 324/216/324 327/215/327
f 293/209/293 326/218/326 327/215/327
f 328/213/328 293/209/293 327/215/327
f 292/204/292 329/214/329 315/219/315
f 329/214/329 324/216/324 315/219/315
f 324/216/324 326/218/326 293/209/293
f 324/216/324 293/209/293 315/219/315
f 303/203/303 302/220/302 317/208/317
f 54/60/54 158/63/158 331/221/331
f 333/222/333 57/52/57 151/51/151
f 52/35/52 53/34/53 61/45/61
f 62/47/62 55/48/55 147/50/147
f 50/31/50 59/44/59 62/47/62
f 43/39/43 65/55/65 63/53/63
f 56/58/56 60/54/60 63/53/63
f 60/54/60 64/61/64 42/41/42
f 43/39/43 68/38/68 65/55/65
f 42/41/42 64/61/64 66/57/66
f 66/57/66 71/223/71 67/37/67
f 132/224/132 119/225/119 115/226/115
f 132/224/132 116/227/116 119/225/119
f 130/228/130 116/227/116 131/229/131
f 334/230/334 145/231/145 117/232/117
f 112/233/112 113/234/113 125/235/125
f 114/236/114 124/237/124 113/234/113
f 117/232/117 129/238/129 120/239/120
f 115/226/115 119/225/119 118/240/118
f 119/225/119 135/241/135 118/240/118
f 122/242/122 126/243/126 114/236/114
f 140/244/140 138/245/138 123/246/123
f 122/242/122 114/236/114 113/234/113
f 121/247/121 122/242/122 113/234/113
f 61/45/61 57/52/57 127/248/127
f 63/53/63 65/55/65 140/244/140
f 136/249/136 127/248/127 57/52/57
f 142/250/142 113/234/113 112/233/112
f 70/251/70 143/252/143 111/253/111
f 137/254/137 123/246/123 138/245/138
f 111/253/111 115/226/115 73/255/73
f 332/64/332 56/58/56 123/246/123
f 139/256/139 57/52/57 333/222/333
f 113/234/113 142/250/142 121/247/121
f 114/236/114 126/243/126 128/257/128
f 112/233/112 129/238/129 146/258/146
f 125/235/125 113/234/113 124/237/124
f 141/259/141 115/226/115 144/260/144
f 140/244/140 123/246/123 56/58/56
f 136/249/136 57/52/57 139/256/139
f 143/252/143 133/261/133 111/253/111
f 114/236/114 128/257/128 124/237/124
f 336/262/336 358/263/358 335/264/335
f 116/227/116 336/262/336 119/225/119
f 129/238/129 125/235/125 124/237/124
f 145/231/145 146/258/146 117/232/117
f 117/232/117 146/258/146 129/238/129
f 131/229/131 116/227/116 132/224/132
f 116/227/116 130/228/130 358/263/358
f 334/230/334 117/232/117 359/265/359
f 117/232/117 120/239/120 359/265/359
f 116/227/116 358/263/358 336/262/336
f 341/266/341 340/267/340 347/268/347
f 135/241/135 119/225/119 348/269/348
f 337/270/337 341/266/341 348/269/348
f 348/269/348 336/262/336 337/270/337
f 338/271/338 337/270/337 336/262/336
f 336/262/336 335/264/335 338/271/338
f 339/272/339 360/273/360 359/265/359
f 120/239/120 365/274/365 359/265/359
f 365/274/365 339/272/339 359/265/359
f 339/272/339 361/275/361 349/276/349
f 354/277/354 357/278/357 356/279/356
f 338/271/338 350/280/350 337/270/337
f 355/281/355 352/282/352 353/283/353
f 369/284/369 351/285/351 355/281/355
f 343/286/343 342/287/342 345/288/345
f 345/288/345 342/287/342 346/289/346
f 362/290/362 364/291/364 344/292/344
f 83/293/83 79/294/79 82/295/82
f 96/296/96 83/293/83 80/297/80
f 95/298/95 80/297/80 94/299/94
f 81/300/81 93/301/93 110/302/110
f 89/303/89 88/304/88 77/305/77
f 83/293/83 82/295/82 84/306/84
f 77/305/77 85/307/85 91/308/91
f 100/309/100 87/310/87 55/48/55
f 106/311/106 75/312/75 76/313/76
f 101/314/101 86/315/86 103/316/103
f 102/317/102 77/305/77 78/318/78
f 85/307/85 77/305/77 102/317/102
f 92/319/92 90/320/90 78/318/78
f 103/316/103 86/315/86 104/321/104
f 107/322/107 62/47/62 59/44/59
f 64/61/64 54/60/54 104/321/104
f 72/323/72 74/324/74 75/312/75
f 87/310/87 330/66/330 55/48/55
f 90/320/90 102/317/102 78/318/78
f 103/316/103 54/60/54 331/221/331
f 100/309/100 55/48/55 107/322/107
f 88/304/88 78/318/78 77/305/77
f 97/325/97 89/303/89 77/305/77
f 99/326/99 88/304/88 93/301/93
f 54/60/54 103/316/103 104/321/104
f 74/324/74 105/327/105 79/294/79
f 77/305/77 91/308/91 97/325/97
f 78/318/78 88/304/88 92/319/92
f 79/294/79 105/327/105 108/328/108
f 371/329/371 370/330/370 372/331/372
f 81/300/81 395/332/395 99/326/99
f 89/303/89 97/325/97 93/301/93
f 99/326/99 93/301/93 81/300/81
f 81/300/81 110/302/110 109/333/109
f 95/298/95 96/296/96 80/297/80
f 370/330/370 94/299/94 80/297/80
f 96/296/96 79/294/79 83/293/83
f 370/330/370 80/297/80 372/331/372
f 81/300/81 109/333/109 394/334/394
f 81/300/81 394/334/394 395/332/395
f 80/297/80 83/293/83 372/331/372
f 377/335/377 384/336/384 383/337/383
f 84/306/84 383/337/383 384/336/384
f 373/338/373 372/331/372 384/336/384
f 83/293/83 384/336/384 372/331/372
f 374/339/374 372/331/372 373/338/373
f 372/331/372 374/339/374 371/329/371
f 375/340/375 395/332/395 396/341/396
f 401/342/401 395/332/395 375/340/375
f 376/343/376 401/342/401 375/340/375
f 389/344/389 381/345/381 380/346/380
f 375/340/375 396/341/396 387/347/387
f 373/338/373 377/335/377 386/348/386
f 377/335/377 397/349/397 385/350/385
f 388/351/388 392/352/392 390/353/390
f 382/354/382 399/355/399 378/356/378
f 398/357/398 382/354/382 379/358/379
f 379/358/379 382/354/382 378/356/378
f 381/345/381 400/359/400 380/346/380
f 74/324/74 79/294/79 75/312/75
f 106/311/106 72/323/72 75/312/75
f 73/255/73 115/226/115 141/259/141
f 111/253/111 73/255/73 70/251/70
f 64/61/64 104/321/104 66/57/66
f 140/244/140 56/58/56 63/53/63
f 55/48/55 62/47/62 107/322/107
f 61/45/61 127/248/127 58/46/58
f 296/200/296 314/360/314 295/211/295
f 251/361/251 232/148/232 253/147/253
f 196/118/196 203/117/203 188/116/188
f 175/171/175 31/79/31 163/88/163
f 275/181/275 270/183/270 286/180/286
f 212/127/212 209/129/209 224/110/224
f 170/173/170 287/174/287 276/187/276
f 272/188/272 278/193/278 276/187/276
f 188/116/188 204/115/204 213/121/213
f 213/121/213 207/122/207 211/133/211
f 212/127/212 189/111/189 188/116/188
f 211/133/211 212/127/212 213/121/213
f 168/179/168 170/173/170 275/181/275
f 275/181/275 276/187/276 274/192/274
f 277/167/277 169/163/169 267/168/267
f 268/164/268 277/167/277 269/166/269
f 214/107/214 191/112/191 201/109/201
f 223/120/223 214/107/214 206/106/206
f 194/103/194 192/102/192 183/83/183
f 182/80/182 31/79/31 195/113/195
f 174/169/174 176/177/176 175/171/175
f 188/116/188 194/103/194 196/118/196
f 31/79/31 197/176/197 196/118/196
f 176/177/176 168/179/168 181/178/181
f 175/171/175 176/177/176 31/79/31
f 197/176/197 31/79/31 176/177/176
f 197/176/197 200/119/200 196/118/196
f 265/157/265 231/156/231 229/136/229
f 328/213/328 325/217/325 329/214/329
f 265/157/265 229/136/229 266/158/266
f 264/153/264 231/156/231 265/157/265
f 262/154/262 265/157/265 266/158/266
f 266/158/266 230/135/230 233/145/233
f 294/210/294 293/209/293 328/213/328
f 327/215/327 325/217/325 328/213/328
f 294/210/294 329/214/329 292/204/292
f 325/217/325 324/216/324 329/214/329
f 239/144/239 234/143/234 256/362/256
f 229/136/229 231/156/231 234/143/234
f 292/204/292 315/219/315 316/202/316
f 303/203/303 316/202/316 319/363/319
f 318/364/318 284/365/284 282/366/282
f 294/210/294 299/201/299 317/208/317
f 255/367/255 221/368/221 219/369/219
f 230/135/230 236/134/236 254/146/254
f 239/144/239 254/146/254 236/134/236
f 229/136/229 234/143/234 236/134/236
f 294/210/294 292/204/292 299/201/299
f 299/201/299 303/203/303 317/208/317
f 297/197/297 300/199/300 279/212/279
f 301/207/301 300/199/300 291/198/291
f 298/205/298 301/207/301 295/211/295
f 300/199/300 301/207/301 305/206/305
f 228/140/228 237/141/237 232/148/232
f 253/147/253 237/141/237 242/142/242
f 216/138/216 242/142/242 238/139/238
f 238/139/238 228/140/228 235/137/235
f 194/103/194 183/83/183 195/113/195
f 164/86/164 175/171/175 163/88/163
f 379/358/379 391/370/391 398/357/398
f 378/356/378 392/352/392 379/358/379
f 375/340/375 387/347/387 393/371/393
f 388/351/388 403/372/403 373/338/373
f 363/373/363 345/288/345 346/289/346
f 363/373/363 346/289/346 353/283/353
f 339/272/339 349/276/349 357/278/357
f 341/266/341 351/285/351 366/374/366
f 337/270/337 352/282/352 351/285/351
f 28/90/28 29/92/29 185/93/185
f 29/92/29 28/90/28 27/89/27
f 180/170/180 164/86/164 178/98/178
f 201/109/201 198/104/198 202/105/202
f 377/335/377 383/337/383 397/349/397
f 401/342/401 99/326/99 395/332/395
f 84/306/84 384/336/384 83/293/83
f 373/338/373 384/336/384 377/335/377
f 348/269/348 347/268/347 135/241/135
f 361/275/361 339/272/339 365/274/365
f 347/268/347 348/269/348 341/266/341
f 336/262/336 348/269/348 119/225/119
f 295/211/295 291/198/291 296/200/296
f 232/148/232 251/361/251 252/159/252
f 228/140/228 252/159/252 235/137/235
f 298/205/298 295/211/295 314/360/314
f 128/257/128 120/239/120 124/237/124
f 129/238/129 124/237/124 120/239/120
f 134/375/134 120/239/120 128/257/128
f 115/226/115 118/240/118 144/260/144
f 79/294/79 108/328/108 82/295/82
f 98/376/98 92/319/92 99/326/99
f 92/319/92 88/304/88 99/326/99
f 89/303/89 93/301/93 88/304/88
f 133/261/133 131/229/131 111/253/111
f 125/235/125 129/238/129 112/233/112
f 111/253/111 132/224/132 115/226/115
f 131/229/131 132/224/132 111/253/111
f 93/301/93 97/325/97 110/302/110
f 76/313/76 75/312/75 95/298/95
f 95/298/95 75/312/75 96/296/96
f 75/312/75 79/294/79 96/296/96
f 185/93/185 199/100/199 198/104/198
f 201/109/201 191/112/191 198/104/198
f 177/161/177 171/165/171 172/162/172
f 27/89/27 177/161/177 166/96/166
f 2/14/2 13/15/13 4/2/4
f 13/15/13 3/6/3 41/16/41
f 386/348/386 385/350/385 404/377/404
f 375/340/375 402/378/402 376/343/376
f 388/351/388 386/348/386 391/370/391
f 386/348/386 377/335/377 385/350/385
f 389/344/389 393/371/393 405/379/405
f 403/372/403 374/339/374 373/338/373
f 392/352/392 399/355/399 390/353/390
f 388/351/388 373/338/373 386/348/386
f 402/378/402 393/371/393 389/344/389
f 391/370/391 404/377/404 398/357/398
f 388/351/388 390/353/390 403/372/403
f 389/344/389 405/379/405 381/345/381
f 391/370/391 386/348/386 404/377/404
f 392/352/392 391/370/391 379/358/379
f 392/352/392 388/351/388 391/370/391
f 378/356/378 399/355/399 392/352/392
f 344/292/344 354/277/354 356/279/356
f 341/266/341 366/374/366 340/267/340
f 350/280/350 368/380/368 352/282/352
f 339/272/339 367/381/367 360/273/360
f 369/284/369 355/281/355 343/286/343
f 337/270/337 351/285/351 341/266/341
f 355/281/355 353/283/353 342/287/342
f 350/280/350 352/282/352 337/270/337
f 368/380/368 353/283/353 352/282/352
f 353/283/353 346/289/346 342/287/342
f 367/381/367 357/278/357 354/277/354
f 368/380/368 363/373/363 353/283/353
f 351/285/351 352/282/352 355/281/355
f 355/281/355 342/287/342 343/286/343
f 366/374/366 351/285/351 369/284/369
f 344/292/344 356/279/356 362/290/362
f 339/272/339 357/278/357 367/381/367
f 357/278/357 349/276/349 356/279/356
f 375/340/375 393/371/393 402/378/402
f 393/371/393 387/347/387 405/379/405
f 273/190/273 278/193/278 272/188/272
f 278/193/278 274/192/274 276/187/276
f 210/130/210 215/132/215 211/133/211
f 212/127/212 215/132/215 209/129/209
f 12/9/12 39/10/39 45/33/45
f 17/24/17 47/42/47 40/28/40
f 16/23/16 37/22/37 46/36/46
f 11/8/11 48/43/48 38/17/38
f 246/382/246 248/383/248 244/384/244
f 246/382/246 244/384/244 247/385/247
f 247/385/247 244/384/244 243/386/243
f 259/387/259 257/388/257 218/389/218
f 260/390/260 217/391/217 245/392/245
f 248/383/248 258/393/258 244/384/244
f 309/394/309 306/395/306 308/396/308
f 322/397/322 321/398/321 281/399/281
f 310/400/310 311/401/311 306/395/306
f 310/400/310 306/395/306 309/394/309
f 323/402/323 280/403/280 307/404/307
f 311/401/311 320/405/320 306/395/306
f 284/365/284 285/195/285 283/194/283
f 279/212/279 304/196/304 297/197/297
f 305/206/305 298/205/298 318/364/318
f 282/366/282 284/365/284 283/194/283
f 220/149/220 219/369/219 222/150/222
f 242/142/242 241/151/241 253/147/253
f 216/138/216 235/137/235 255/367/255
f 222/150/222 219/369/219 221/368/221
f 250/131/250 243/386/243 226/125/226
f 227/128/227 210/130/210 257/388/257
f 258/393/258 226/125/226 244/384/244
f 243/386/243 244/384/244 226/125/226
f 225/123/225 245/392/245 208/124/208
f 249/126/249 226/125/226 258/393/258
f 320/405/320 289/186/289 306/395/306
f 308/396/308 306/395/306 289/186/289
f 290/189/290 307/404/307 273/190/273
f 313/191/313 289/186/289 320/405/320
f 312/185/312 308/396/308 289/186/289
f 288/182/288 271/184/271 321/398/321
f 273/190/273 280/403/280 271/184/271
f 280/403/280 273/190/273 307/404/307
f 281/399/281 321/398/321 271/184/271
f 280/403/280 281/399/281 271/184/271
f 218/389/218 208/124/208 217/391/217
f 217/391/217 208/124/208 245/392/245
f 218/389/218 257/388/257 210/130/210
f 210/130/210 208/124/208 218/389/218
f 216/138/216 255/367/255 219/369/219
f 220/149/220 216/138/216 219/369/219
f 242/142/242 220/149/220 241/151/241
f 242/142/242 216/138/216 220/149/220
f 305/206/305 318/364/318 282/366/282
f 305/206/305 282/366/282 279/212/279
f 279/212/279 283/194/283 304/196/304
f 282/366/282 283/194/283 279/212/279
f 239/144/239 256/362/256 246/382/246
f 239/144/239 246/382/246 240/160/240
f 246/382/246 247/385/247 240/160/240
f 259/387/259 218/389/218 221/368/221
f 221/368/221 255/367/255 259/387/259
f 218/389/218 217/391/217 221/368/221
f 260/390/260 222/150/222 217/391/217
f 246/382/246 256/362/256 248/383/248
f 322/397/322 281/399/281 284/365/284
f 285/195/285 284/365/284 281/399/281
f 310/400/310 309/394/309 302/220/302
f 284/365/284 318/364/318 322/397/322
f 303/203/303 319/363/319 310/400/310
f 303/203/303 310/400/310 302/220/302
f 323/402/323 285/195/285 280/403/280
f 310/400/310 319/363/319 311/401/311
f 222/150/222 260/390/260 241/151/241
f 221/368/221 217/391/217 222/150/222
f 285/195/285 323/402/323 304/196/304
f 280/403/280 285/195/285 281/399/281
f 419/406/419 410/407/410 411/408/411
f 418/409/418 410/407/410 419/406/419
f 420/410/420 536/411/522 412/412/412
f 557/413/535 536/411/522 420/410/420
f 421/414/421 538/412/524 413/415/413
f 559/410/537 538/412/524 421/414/421
f 422/416/422 540/417/526 414/418/414
f 561/419/539 540/417/526 422/416/422
f 423/420/423 542/418/528 415/421/415
f 563/416/541 542/418/528 423/420/423
f 424/422/416 544/423/416 416/424/416
f 565/425/530 545/426/530 567/427/530
f 425/428/424 547/424/532 406/429/406
f 568/422/544 547/424/532 425/428/424
f 541/430/527 539/431/525 543/432/529
f 548/433/533 546/434/531 531/435/520
f 531/435/520 546/434/531 537/436/523
f 546/434/531 543/432/529 537/436/523
f 537/436/523 543/432/529 539/431/525
f 564/437/542 560/438/538 562/439/540
f 417/440/417 569/422/545 570/428/546
f 555/441/534 569/422/545 417/440/417
f 555/441/534 566/442/543 569/422/545
f 558/443/536 566/442/543 555/441/534
f 558/443/536 564/437/542 566/442/543
f 560/438/538 564/437/542 558/443/536
f 571/444/407 516/445/407 407/446/407
f 518/447/511 551/440/511 572/428/511
f 552/440/408 519/447/408 408/448/408
f 532/407/521 556/409/521 553/449/521
f 533/407/409 520/450/409 409/451/409
f 549/433/517 534/435/517 526/452/517
f 527/452/510 517/453/510 550/433/510
f 521/454/512 535/455/512 554/456/512
f 439/406/438 431/408/430 430/407/429
f 438/409/437 439/406/438 430/407/429
f 440/410/439 432/412/431 602/411/564
f 623/413/577 440/410/439 602/411/564
f 441/414/440 433/415/432 604/412/566
f 625/410/579 441/414/440 604/412/566
f 442/416/441 434/418/433 606/417/568
f 627/419/581 442/416/441 606/417/568
f 443/420/442 435/421/434 608/418/570
f 629/416/583 443/420/442 608/418/570
f 444/422/435 436/424/435 610/423/435
f 631/425/572 633/427/572 611/426/572
f 445/428/443 426/429/425 613/424/574
f 634/422/586 445/428/443 613/424/574
f 607/430/569 609/432/571 605/431/567
f 614/433/575 597/435/562 612/434/573
f 597/435/562 603/436/565 612/434/573
f 612/434/573 603/436/565 609/432/571
f 603/436/565 605/431/567 609/432/571
f 630/437/584 628/439/582 626/438/580
f 437/440/436 636/428/588 635/422/587
f 621/441/576 437/440/436 635/422/587
f 621/441/576 635/422/587 632/442/585
f 624/443/578 621/441/576 632/442/585
f 624/443/578 632/442/585 630/437/584
f 626/438/580 624/443/578 630/437/584
f 637/444/426 427/446/426 573/445/426
f 580/447/553 638/428/553 617/440/553
f 618/440/427 428/448/427 581/447/427
f 598/407/563 619/449/563 622/409/563
f 599/407/428 429/451/428 586/450/428
f 615/433/560 591/452/560 600/435/560
f 592/452/547 616/433/547 574/453/547
f 587/454/557 620/456/557 601/455/557
f 483/457/477 481/458/475 482/459/476
f 484/460/478 483/457/477 482/459/476
f 484/460/478 485/461/479 483/457/477
f 486/462/480 485/461/479 484/460/478
f 486/462/480 487/463/481 485/461/479
f 486/462/480 488/464/482 487/463/481
f 582/465/554 488/464/482 486/462/480
f 489/466/483 488/464/482 588/467/558
f 489/466/483 490/468/484 488/464/482
f 491/469/485 490/468/484 489/466/483
f 491/469/485 492/470/486 490/468/484
f 493/471/487 492/470/486 491/469/485
f 494/472/488 492/470/486 493/471/487
f 494/472/488 495/473/489 492/470/486
f 496/474/490 495/473/489 494/472/488
f 496/474/490 483/457/477 495/473/489
f 496/474/490 481/458/475 483/457/477
f 497/475/491 481/458/475 496/474/490
f 499/476/493 498/477/492 514/478/508
f 497/475/491 499/476/493 514/478/508
f 499/476/493 500/479/494 498/477/492
f 501/480/495 500/479/494 499/476/493
f 502/481/496 500/479/494 501/480/495
f 502/481/496 503/482/497 500/479/494
f 504/483/498 503/482/497 502/481/496
f 504/483/498 505/484/499 503/482/497
f 506/485/500 505/484/499 504/483/498
f 507/486/501 505/484/499 522/487/513
f 507/486/501 508/488/502 505/484/499
f 509/489/503 508/488/502 507/486/501
f 509/489/503 510/490/504 508/488/502
f 511/491/505 510/490/504 509/489/503
f 511/491/505 512/492/506 510/490/504
f 513/493/507 512/492/506 511/491/505
f 513/493/507 498/477/492 512/492/506
f 514/478/508 498/477/492 513/493/507
f 497/475/491 514/478/508 515/494/509
f 515/494/509 481/458/475 497/475/491
f 823/495/451 454/496/451 455/497/451
f 682/496/617 824/495/617 820/498/617
f 829/491/452 688/499/452 456/500/452
f 689/499/621 830/491/621 825/501/621
f 826/502/469 480/503/469 474/504/469
f 815/503/657 827/502/657 832/505/657
f 835/506/453 693/500/453 457/507/453
f 694/500/624 836/506/624 831/491/624
f 833/508/474 479/509/474 816/510/474
f 809/509/656 834/508/656 838/511/656
f 839/512/473 478/513/473 810/514/473
f 805/513/655 840/512/655 841/515/655
f 583/516/548 698/517/548 575/518/548
f 699/517/555 584/516/555 837/519/555
f 845/520/454 593/521/454 458/522/454
f 589/523/559 594/521/559 846/520/559
f 842/515/472 477/524/472 806/513/472
f 798/524/654 843/515/654 848/525/654
f 851/526/455 702/522/455 459/527/455
f 703/522/627 852/526/627 847/520/627
f 849/528/471 476/529/471 799/530/471
f 792/529/653 850/528/653 854/531/653
f 857/532/456 706/533/456 460/471/456
f 707/533/629 858/532/629 853/534/629
f 860/535/457 711/536/457 461/537/457
f 712/536/632 861/535/632 859/538/632
f 855/539/470 475/540/470 793/541/470
f 787/540/652 856/539/652 863/542/652
f 866/543/458 715/537/458 462/544/458
f 716/537/634 867/543/634 862/535/634
f 864/542/650 781/504/650 788/540/650
f 782/504/651 865/542/651 828/502/651
f 869/545/459 720/544/459 463/546/459
f 721/544/637 870/545/637 868/543/637
f 875/547/460 726/548/460 464/549/460
f 727/548/639 876/547/639 871/550/639
f 872/551/449 451/552/449 452/553/449
f 667/552/607 873/551/607 878/554/607
f 881/555/461 732/549/461 465/556/461
f 733/549/641 882/555/641 877/547/641
f 884/557/462 738/556/462 466/558/462
f 739/556/642 885/557/642 883/555/642
f 879/554/448 450/559/448 668/552/448
f 661/559/603 880/554/603 887/560/603
f 890/561/463 743/481/463 467/562/463
f 744/481/643 891/561/643 886/563/643
f 888/564/447 449/565/447 662/566/447
f 656/565/600 889/564/600 893/567/600
f 897/568/464 747/569/464 468/570/464
f 748/569/644 898/568/644 892/571/644
f 894/572/446 448/573/446 657/574/446
f 649/573/597 895/572/597 902/575/597
f 905/576/465 469/577/465 470/578/465
f 757/577/645 906/576/645 901/579/645
f 903/575/445 447/580/445 650/573/445
f 644/580/594 904/575/594 908/581/594
f 911/460/466 760/582/466 471/583/466
f 761/582/646 912/460/646 907/584/646
f 909/585/444 446/586/444 645/587/444
f 639/586/589 910/585/589 914/588/589
f 917/589/467 765/583/467 472/590/467
f 766/583/647 918/589/647 913/460/647
f 915/591/590 672/553/590 640/592/590
f 673/553/610 916/591/610 874/551/610
f 920/593/468 770/594/468 473/595/468
f 771/594/648 921/593/648 919/596/648
f 821/593/450 453/597/450 683/595/450
f 678/597/613 822/593/613 923/598/613
f 924/599/614 775/496/614 679/600/614
f 776/496/649 925/599/649 922/498/649
f 641/601/591 674/602/591 772/603/591
f 773/604/592 767/605/592 642/606/592
f 762/607/595 646/608/595 768/609/595
f 643/610/593 769/611/593 647/612/593
f 763/613/596 651/614/596 648/615/596
f 758/616/598 652/617/598 764/618/598
f 759/619/518 528/620/518 653/621/518
f 752/622/599 658/623/599 654/624/599
f 659/625/601 753/626/601 749/627/601
f 750/628/602 663/629/602 660/630/602
f 751/631/604 745/632/604 664/633/604
f 746/634/605 740/635/605 665/636/605
f 741/637/606 669/638/606 666/639/606
f 734/640/608 670/641/608 742/642/608
f 675/643/609 671/644/609 735/645/609
f 774/646/611 676/647/611 777/648/611
f 677/649/612 736/650/612 778/651/612
f 779/652/615 728/653/615 680/654/615
f 737/655/640 729/656/640 780/657/640
f 684/658/616 681/659/616 730/660/616
f 731/661/618 722/662/618 685/663/618
f 723/664/619 783/665/619 686/666/619
f 690/667/620 687/668/620 784/669/620
f 817/670/622 691/671/622 785/672/622
f 695/673/623 692/674/623 818/675/623
f 696/676/625 819/677/625 811/678/625
f 812/679/626 700/680/626 697/681/626
f 576/682/549 701/683/549 813/684/549
f 577/685/550 814/686/550 807/687/550
f 800/688/561 704/689/561 595/690/561
f 578/691/551 808/692/551 801/693/551
f 708/694/628 705/695/628 802/696/628
f 794/697/630 713/698/630 709/699/630
f 710/700/631 803/701/631 795/702/631
f 717/703/633 714/704/633 796/705/633
f 797/706/635 789/707/635 718/708/635
f 724/709/636 719/710/636 790/711/636
f 791/712/638 786/713/638 725/714/638
f 523/715/514 754/570/514 529/716/514
f 755/717/519 655/621/519 530/620/519
f 899/485/515 524/487/515 896/484/515
f 900/568/516 756/570/516 525/715/516
f 579/718/552 804/688/552 596/690/552
f 585/465/556 590/467/556 844/464/556
f 984/719/716 952/720/684 929/721/661
f 950/722/682 1069/723/801 931/724/663
f 985/725/717 951/726/683 938/727/670
f 944/728/676 1082/726/813 987/729/719
f 949/730/681 1070/731/802 1005/732/737
f 936/733/668 926/734/658 1009/735/741
f 1044/736/776 954/737/686 1056/738/788
f 1077/728/809 1009/735/741 938/727/670
f 1004/739/736 964/740/696 961/741/693
f 1012/742/744 1011/743/743 961/741/693
f 969/744/701 966/745/698 964/740/696
f 998/746/730 1002/747/734 962/748/694
f 1083/720/814 935/749/667 986/750/718
f 928/751/660 1076/749/808 952/720/684
f 965/752/697 991/753/723 996/754/728
f 1085/750/815 950/722/682 948/755/680
f 950/722/682 1006/756/738 1069/723/801
f 1057/757/789 950/722/682 931/724/663
f 992/758/724 977/759/709 932/760/664
f 1007/761/739 1081/722/739 1084/720/739
f 949/730/681 1005/732/737 1086/729/816
f 949/730/681 941/762/673 1070/731/802
f 1058/763/790 941/762/673 949/730/681
f 1082/726/813 1008/764/740 947/765/679
f 978/766/710 991/753/723 940/767/672
f 1082/726/813 947/765/679 987/729/719
f 1082/726/813 1080/730/812 1008/764/740
f 1001/768/733 945/769/677 963/770/695
f 1079/755/811 1087/761/817 1083/720/814
f 1040/771/772 1076/749/808 1074/772/806
f 1048/773/780 1027/774/759 1029/775/761
f 1070/731/802 1041/776/773 1077/728/809
f 1029/775/761 1050/777/782 1068/778/800
f 1060/779/792 1062/780/794 1050/777/782
f 1032/781/764 1016/782/748 970/783/702
f 1032/781/764 956/784/688 1016/782/748
f 1013/785/745 960/786/692 927/787/659
f 956/784/688 942/788/674 978/766/710
f 977/759/709 992/758/724 983/789/715
f 946/790/678 978/766/710 942/788/674
f 981/791/713 1015/792/747 1014/793/746
f 1049/794/781 1061/795/793 1059/796/791
f 1014/793/746 955/797/687 1016/782/748
f 1028/798/760 1046/799/778 981/791/713
f 1030/800/762 1067/801/799 1049/794/781
f 1028/798/760 1047/802/779 1030/800/762
f 975/803/707 1035/804/767 1033/805/765
f 1015/792/747 1017/806/749 959/807/691
f 1042/808/774 1039/809/771 1034/810/766
f 927/787/659 960/786/692 989/811/721
f 1077/728/809 1041/776/773 936/733/668
f 953/812/685 1043/813/775 1055/814/787
f 974/815/706 1019/816/751 1012/742/744
f 962/748/694 1002/747/734 939/817/671
f 939/817/671 1000/818/732 962/748/694
f 929/721/661 963/770/695 961/741/693
f 929/721/661 1001/768/733 963/770/695
f 964/740/696 1004/739/736 969/744/701
f 963/770/695 945/769/677 990/819/722
f 967/820/699 979/821/711 965/752/697
f 1021/822/753 1020/823/752 980/824/712
f 973/825/705 1023/826/755 1022/827/754
f 999/828/731 1024/829/756 1019/816/751
f 980/824/712 1073/830/805 976/831/708
f 930/832/662 969/744/701 990/819/722
f 930/832/662 980/824/712 969/744/701
f 1048/773/780 955/797/687 982/833/714
f 1072/834/804 954/737/686 1044/736/776
f 1016/782/748 992/758/724 1031/835/763
f 1049/794/781 1071/836/803 1030/800/762
f 1035/804/767 972/837/704 1033/805/765
f 1003/838/735 968/839/700 995/840/727
f 974/815/706 961/741/693 964/740/696
f 964/740/696 999/828/731 974/815/706
f 1050/777/782 1029/775/761 1072/834/804
f 1054/841/786 1041/776/773 1044/736/776
f 1076/749/808 1040/771/772 1069/723/801
f 1043/813/775 1040/771/772 1053/842/785
f 1017/806/749 1026/843/758 959/807/691
f 1026/843/758 1046/799/778 975/803/707
f 990/819/722 977/759/709 930/832/662
f 979/821/711 940/767/672 965/752/697
f 977/759/709 945/769/677 932/760/664
f 977/759/709 1073/830/805 930/832/662
f 991/753/723 978/766/710 946/790/678
f 980/824/712 1020/823/752 966/745/698
f 969/744/701 980/824/712 966/745/698
f 958/844/690 1015/792/747 981/791/713
f 981/791/713 957/845/689 1047/802/779
f 982/833/714 1045/846/777 1027/774/759
f 982/833/714 1014/793/746 1015/792/747
f 977/759/709 983/789/715 1073/830/805
f 928/751/660 952/720/684 984/719/716
f 1011/743/743 1025/847/757 929/721/661
f 939/817/671 951/726/683 985/725/717
f 938/727/670 1010/848/742 985/725/717
f 986/750/718 1079/755/811 1083/720/814
f 1006/756/738 950/722/682 1085/750/815
f 949/730/681 1086/729/816 1078/765/810
f 951/726/683 1077/728/809 938/727/670
f 937/849/669 988/850/720 960/786/692
f 1018/851/750 960/786/692 988/850/720
f 1040/771/772 1043/813/775 934/852/666
f 963/770/695 990/819/722 969/744/701
f 977/759/709 990/819/722 945/769/677
f 998/746/730 962/748/694 991/753/723
f 991/753/723 965/752/697 940/767/672
f 992/758/724 1016/782/748 983/789/715
f 971/853/703 1016/782/748 1031/835/763
f 1041/776/773 943/854/675 1044/736/776
f 1034/810/766 1037/855/769 1042/808/774
f 1071/836/803 1043/813/775 953/812/685
f 967/820/699 1003/838/735 995/840/727
f 995/840/727 973/825/705 967/820/699
f 973/825/705 995/840/727 997/856/729
f 962/748/694 996/754/728 991/753/723
f 996/754/728 968/839/700 965/752/697
f 997/856/729 968/839/700 962/748/694
f 997/856/729 962/748/694 1000/818/732
f 996/754/728 962/748/694 968/839/700
f 968/839/700 997/856/729 995/840/727
f 933/857/665 1094/858/824 997/856/729
f 946/790/678 1002/747/734 998/746/730
f 946/790/678 998/746/730 991/753/723
f 966/745/698 1023/826/755 999/828/731
f 966/745/698 999/828/731 964/740/696
f 933/857/665 1000/818/732 939/817/671
f 933/857/665 997/856/729 1000/818/732
f 952/720/684 945/769/677 1001/768/733
f 952/720/684 1001/768/733 929/721/661
f 939/817/671 1002/747/734 951/726/683
f 951/726/683 1002/747/734 946/790/678
f 965/752/697 968/839/700 1003/838/735
f 965/752/697 1003/838/735 967/820/699
f 963/770/695 1004/739/736 961/741/693
f 963/770/695 969/744/701 1004/739/736
f 1077/728/809 1005/732/737 1070/731/802
f 1077/728/809 1086/729/816 1005/732/737
f 1076/749/808 1069/723/801 1006/756/738
f 1076/749/808 1006/756/738 1085/750/815
f 945/769/677 952/720/684 950/722/682
f 950/722/682 1088/761/818 948/755/680
f 949/730/681 1078/765/810 1089/764/819
f 946/790/678 949/730/681 951/726/683
f 950/722/682 1057/757/789 945/769/677
f 949/730/681 946/790/678 1058/763/790
f 1074/772/806 1076/749/808 1090/859/820
f 1090/859/820 928/751/660 1091/860/821
f 939/817/671 1092/861/822 933/857/665
f 1014/793/746 982/833/714 955/797/687
f 1014/793/746 1016/782/748 957/845/689
f 1015/792/747 958/844/690 1017/806/749
f 1034/810/766 1039/809/771 1038/862/770
f 1094/858/824 933/857/665 1093/863/823
f 967/820/699 1020/823/752 979/821/711
f 1023/826/755 966/745/698 1022/827/754
f 1095/864/825 973/825/705 1094/858/824
f 937/849/669 1013/785/745 936/733/668
f 1075/865/807 936/733/668 927/787/659
f 1036/866/768 975/803/707 1033/805/765
f 976/831/708 1073/830/805 983/789/715
f 1020/823/752 967/820/699 1022/827/754
f 976/831/708 979/821/711 1021/822/753
f 978/766/710 983/789/715 956/784/688
f 939/817/671 1096/867/826 1092/861/822
f 1091/860/821 984/719/716 1025/847/757
f 1016/782/748 956/784/688 983/789/715
f 1036/866/768 1033/805/765 972/837/704
f 1023/826/755 973/825/705 1095/864/825
f 1090/859/820 1076/749/808 928/751/660
f 936/733/668 1009/735/741 1077/728/809
f 1009/735/741 1010/848/742 938/727/670
f 1096/867/826 939/817/671 985/725/717
f 984/719/716 1091/860/821 928/751/660
f 940/767/672 976/831/708 978/766/710
f 970/783/702 1016/782/748 955/797/687
f 981/791/713 1014/793/746 957/845/689
f 959/807/691 982/833/714 1015/792/747
f 961/741/693 1011/743/743 929/721/661
f 1012/742/744 961/741/693 974/815/706
f 973/825/705 1022/827/754 967/820/699
f 1019/816/751 974/815/706 999/828/731
f 1045/846/777 1026/843/758 975/803/707
f 1094/858/824 973/825/705 997/856/729
f 1022/827/754 966/745/698 1020/823/752
f 976/831/708 940/767/672 979/821/711
f 976/831/708 1021/822/753 980/824/712
f 1025/847/757 984/719/716 929/721/661
f 1010/848/742 1096/867/826 985/725/717
f 1023/826/755 1024/829/756 999/828/731
f 933/857/665 1092/861/822 1093/863/823
f 937/849/669 960/786/692 1013/785/745
f 971/853/703 957/845/689 1016/782/748
f 979/821/711 1020/823/752 1021/822/753
f 936/733/668 1013/785/745 927/787/659
f 958/844/690 1026/843/758 1017/806/749
f 993/868/725 1038/862/770 1039/809/771
f 989/811/721 960/786/692 1018/851/750
f 1026/843/758 1045/846/777 959/807/691
f 1026/843/758 958/844/690 1046/799/778
f 954/737/686 1029/775/761 1027/774/759
f 959/807/691 1045/846/777 982/833/714
f 958/844/690 981/791/713 1046/799/778
f 953/812/685 1028/798/760 1030/800/762
f 970/783/702 1048/773/780 1029/775/761
f 971/853/703 1030/800/762 1047/802/779
f 1051/869/783 1031/835/763 992/758/724
f 1051/869/783 992/758/724 932/760/664
f 1052/870/784 956/784/688 1032/781/764
f 1052/870/784 942/788/674 956/784/688
f 994/871/726 953/812/685 1055/814/787
f 993/868/725 1056/738/788 954/737/686
f 1037/855/769 1034/810/766 972/837/704
f 1038/862/770 972/837/704 1034/810/766
f 994/871/726 972/837/704 1035/804/767
f 953/812/685 994/871/726 1035/804/767
f 993/868/725 1036/866/768 972/837/704
f 954/737/686 1036/866/768 993/868/725
f 1042/808/774 1018/851/750 1039/809/771
f 994/871/726 1037/855/769 972/837/704
f 1054/841/786 1044/736/776 1056/738/788
f 993/868/725 972/837/704 1038/862/770
f 989/811/721 1018/851/750 1042/808/774
f 1018/851/750 988/850/720 1039/809/771
f 927/787/659 1040/771/772 1074/772/806
f 927/787/659 989/811/721 1040/771/772
f 937/849/669 936/733/668 1041/776/773
f 937/849/669 1041/776/773 988/850/720
f 994/871/726 1042/808/774 1037/855/769
f 1043/813/775 1053/842/785 1055/814/787
f 1053/842/785 1040/771/772 989/811/721
f 1030/800/762 1071/836/803 953/812/685
f 1054/841/786 988/850/720 1041/776/773
f 1029/775/761 954/737/686 1072/834/804
f 975/803/707 954/737/686 1045/846/777
f 954/737/686 1027/774/759 1045/846/777
f 975/803/707 1046/799/778 953/812/685
f 953/812/685 1046/799/778 1028/798/760
f 981/791/713 1047/802/779 1028/798/760
f 1047/802/779 957/845/689 971/853/703
f 982/833/714 1027/774/759 1048/773/780
f 1048/773/780 970/783/702 955/797/687
f 931/724/663 1059/796/791 1063/872/795
f 931/724/663 934/852/666 1049/794/781
f 941/762/673 1065/873/797 1060/779/792
f 941/762/673 1050/777/782 943/854/675
f 931/724/663 1051/869/783 932/760/664
f 1049/794/781 1059/796/791 931/724/663
f 941/762/673 942/788/674 1052/870/784
f 1050/777/782 941/762/673 1060/779/792
f 1053/842/785 1042/808/774 994/871/726
f 1042/808/774 1053/842/785 989/811/721
f 1054/841/786 1056/738/788 993/868/725
f 1039/809/771 988/850/720 1054/841/786
f 975/803/707 953/812/685 1035/804/767
f 1053/842/785 994/871/726 1055/814/787
f 975/803/707 1036/866/768 954/737/686
f 1039/809/771 1054/841/786 993/868/725
f 932/760/664 1057/757/789 931/724/663
f 932/760/664 945/769/677 1057/757/789
f 942/788/674 941/762/673 1058/763/790
f 942/788/674 1058/763/790 946/790/678
f 1064/874/796 1059/796/791 1061/795/793
f 1063/872/795 1059/796/791 1064/874/796
f 1066/875/798 1062/780/794 1060/779/792
f 1065/873/797 1066/875/798 1060/779/792
f 1067/801/799 1061/795/793 1049/794/781
f 971/853/703 1064/874/796 1061/795/793
f 1068/778/800 1050/777/782 1062/780/794
f 970/783/702 1062/780/794 1066/875/798
f 1051/869/783 931/724/663 1063/872/795
f 1063/872/795 1064/874/796 1051/869/783
f 1064/874/796 1031/835/763 1051/869/783
f 1031/835/763 1064/874/796 971/853/703
f 1052/870/784 1065/873/797 941/762/673
f 1065/873/797 1052/870/784 1066/875/798
f 1066/875/798 1052/870/784 1032/781/764
f 1032/781/764 970/783/702 1066/875/798
f 971/853/703 1067/801/799 1030/800/762
f 971/853/703 1061/795/793 1067/801/799
f 970/783/702 1029/775/761 1068/778/800
f 970/783/702 1068/778/800 1062/780/794
f 931/724/663 1069/723/801 934/852/666
f 1040/771/772 934/852/666 1069/723/801
f 941/762/673 943/854/675 1070/731/802
f 1041/776/773 1070/731/802 943/854/675
f 934/852/666 1071/836/803 1049/794/781
f 934/852/666 1043/813/775 1071/836/803
f 943/854/675 1050/777/782 1072/834/804
f 943/854/675 1072/834/804 1044/736/776
f 1073/830/805 980/824/712 930/832/662
f 983/789/715 978/766/710 976/831/708
f 1097/876/827 1098/877/828 1102/878/832 1101/879/831
f 1098/877/828 1099/880/829 1103/881/833 1102/878/832
f 1099/880/829 1100/882/830 1104/883/834 1103/881/833
f 1100/882/830 1097/876/827 1101/879/831 1104/883/834
f 1101/879/831 1102/878/832 1105/884/835
f 1102/878/832 1103/881/833 1105/884/835
f 1103/881/833 1104/883/834 1105/884/835
f 1104/883/834 1101/879/831 1105/884/835
f 1101/879/831 1105/884/835 1106/885/836
f 1102/878/832 1105/884/835 1107/886/837
f 1102/878/832 1107/886/837 1108/887/838
f 1103/881/833 1108/887/838 1107/886/837
f 1103/881/833 1107/886/837 1104/883/834
f 1104/883/834 1107/886/837 1106/885/836
f 1106/885/836 1107/886/837 1108/887/838
f 1113/879/843 1114/878/844 1110/877/840 1109/876/839
f 1114/878/844 1115/881/845 1111/880/841 1110/877/840
f 1115/881/845 1116/883/846 1112/882/842 1111/880/841
f 1116/883/846 1113/879/843 1109/876/839 1112/882/842
f 1117/884/847 1114/878/844 1113/879/843
f 1117/884/847 1115/881/845 1114/878/844
f 1117/884/847 1116/883/846 1115/881/845
f 1117/884/847 1113/879/843 1116/883/846
f 1118/885/848 1117/884/847 1113/879/843
f 1119/886/849 1117/884/847 1114/878/844
f 1120/887/850 1119/886/849 1114/878/844
f 1119/886/849 1120/887/850 1115/881/845
f 1116/883/846 1119/886/849 1115/881/845
f 1118/885/848 1119/886/849 1116/883/846
f 1120/887/850 1119/886/849 1118/885/848
