# axis-converted-to-Y-up
# Blender 5.1.1
# www.blender.org
mtllib npc_mbok_jum_idle.mtl
o npc_mbok_jum_idle
v 0.000000 0.106400 0.250800
v 0.000000 0.912000 0.152000
v -0.108818 0.106400 0.225963
v -0.065950 0.912000 0.136947
v -0.196083 0.106400 0.156371
v -0.118838 0.912000 0.094770
v -0.244512 0.106400 0.055808
v -0.148189 0.912000 0.033823
v -0.244512 0.106400 -0.055808
v -0.148189 0.912000 -0.033823
v -0.196083 0.106400 -0.156371
v -0.118838 0.912000 -0.094770
v -0.108818 0.106400 -0.225963
v -0.065950 0.912000 -0.136947
v 0.000000 0.106400 -0.250800
v 0.000000 0.912000 -0.152000
v 0.108818 0.106400 -0.225963
v 0.065950 0.912000 -0.136947
v 0.196083 0.106400 -0.156371
v 0.118838 0.912000 -0.094770
v 0.244512 0.106400 -0.055808
v 0.148189 0.912000 -0.033823
v 0.244512 0.106400 0.055808
v 0.148189 0.912000 0.033823
v 0.196083 0.106400 0.156371
v 0.118838 0.912000 0.094770
v 0.108818 0.106400 0.225963
v 0.065950 0.912000 0.136947
v -0.067306 0.001342 0.042560
v -0.117636 0.027488 -0.021432
v -0.048081 0.027488 -0.060982
v -0.005094 0.027488 0.042560
v -0.048081 0.027488 0.146102
v -0.117636 0.027488 0.106552
v -0.086530 0.069792 -0.060982
v -0.016975 0.069792 -0.021432
v -0.016975 0.069792 0.106552
v -0.086530 0.069792 0.146102
v -0.129518 0.069792 0.042560
v -0.067306 0.095938 0.042560
v -0.056006 0.008406 -0.018300
v -0.096889 0.008406 0.004947
v -0.085589 0.023774 -0.055914
v -0.126473 0.023774 0.042560
v -0.096889 0.008406 0.080173
v -0.030738 0.008406 0.042560
v -0.019438 0.023774 -0.018300
v -0.056006 0.008406 0.103420
v -0.019438 0.023774 0.103420
v -0.085589 0.023774 0.141034
v -0.133457 0.048640 0.004946
v -0.133457 0.048640 0.080174
v -0.067306 0.048640 -0.079162
v -0.108189 0.048640 -0.055915
v -0.001155 0.048640 0.004946
v -0.026422 0.048640 -0.055915
v -0.026422 0.048640 0.141035
v -0.001155 0.048640 0.080174
v -0.108189 0.048640 0.141035
v -0.067306 0.048640 0.164282
v -0.115173 0.073506 -0.018300
v -0.049022 0.073506 -0.055914
v -0.008139 0.073506 0.042560
v -0.049022 0.073506 0.141034
v -0.115173 0.073506 0.103420
v -0.078605 0.088874 -0.018300
v -0.103873 0.088874 0.042560
v -0.037722 0.088874 0.004947
v -0.037722 0.088874 0.080173
v -0.078605 0.088874 0.103420
v 0.067306 0.001342 0.042560
v 0.016975 0.027488 -0.021432
v 0.086530 0.027488 -0.060982
v 0.129518 0.027488 0.042560
v 0.086530 0.027488 0.146102
v 0.016975 0.027488 0.106552
v 0.048081 0.069792 -0.060982
v 0.117636 0.069792 -0.021432
v 0.117636 0.069792 0.106552
v 0.048081 0.069792 0.146102
v 0.005094 0.069792 0.042560
v 0.067306 0.095938 0.042560
v 0.078605 0.008406 -0.018300
v 0.037722 0.008406 0.004947
v 0.049022 0.023774 -0.055914
v 0.008139 0.023774 0.042560
v 0.037722 0.008406 0.080173
v 0.103873 0.008406 0.042560
v 0.115173 0.023774 -0.018300
v 0.078605 0.008406 0.103420
v 0.115173 0.023774 0.103420
v 0.049022 0.023774 0.141034
v 0.001155 0.048640 0.004946
v 0.001155 0.048640 0.080174
v 0.067306 0.048640 -0.079162
v 0.026422 0.048640 -0.055915
v 0.133457 0.048640 0.004946
v 0.108189 0.048640 -0.055915
v 0.108189 0.048640 0.141035
v 0.133457 0.048640 0.080174
v 0.026422 0.048640 0.141035
v 0.067306 0.048640 0.164282
v 0.019438 0.073506 -0.018300
v 0.085589 0.073506 -0.055914
v 0.126473 0.073506 0.042560
v 0.085589 0.073506 0.141034
v 0.019438 0.073506 0.103420
v 0.056006 0.088874 -0.018300
v 0.030738 0.088874 0.042560
v 0.096889 0.088874 0.004947
v 0.096889 0.088874 0.080173
v 0.056006 0.088874 0.103420
v 0.000000 0.796966 -0.000000
v -0.118083 0.860555 -0.057663
v 0.045103 0.860555 -0.093302
v 0.145959 0.860555 -0.000000
v 0.045103 0.860555 0.093302
v -0.118083 0.860555 0.057663
v -0.045103 0.963445 -0.093302
v 0.118083 0.963445 -0.057663
v 0.118083 0.963445 0.057663
v -0.045103 0.963445 0.093302
v -0.145959 0.963445 -0.000000
v 0.000000 1.027034 -0.000000
v 0.037993 0.836363 -0.078595
v 0.026511 0.814146 -0.054841
v 0.012664 0.800653 -0.026198
v -0.033157 0.800653 -0.016191
v -0.069407 0.814146 -0.033893
v -0.099470 0.836363 -0.048574
v -0.086806 0.854218 -0.074772
v -0.042897 0.851523 -0.088735
v 0.004837 0.854218 -0.094786
v -0.132627 0.854219 0.032383
v -0.138815 0.851523 -0.000000
v -0.132627 0.854219 -0.032383
v -0.033157 0.800653 0.016191
v -0.069407 0.814146 0.033893
v -0.099470 0.836363 0.048574
v 0.122952 0.836364 -0.000000
v 0.085792 0.814146 -0.000000
v 0.040984 0.800653 -0.000000
v 0.078978 0.854218 -0.078595
v 0.112304 0.851523 -0.054841
v 0.135617 0.854219 -0.026198
v 0.037993 0.836363 0.078595
v 0.026511 0.814146 0.054841
v 0.012664 0.800653 0.026198
v 0.135617 0.854219 0.026198
v 0.112304 0.851523 0.054841
v 0.078978 0.854218 0.078595
v 0.004837 0.854218 0.094786
v -0.042897 0.851523 0.088735
v -0.086806 0.854218 0.074772
v -0.156109 0.940891 -0.016191
v -0.155200 0.912000 -0.033893
v -0.140455 0.883109 -0.048574
v -0.140455 0.883109 0.048574
v -0.155200 0.912000 0.033893
v -0.156109 0.940891 0.016191
v -0.025329 0.940891 -0.104794
v 0.000000 0.912000 -0.109683
v 0.025329 0.883109 -0.104794
v -0.112135 0.883109 -0.074773
v -0.095919 0.912000 -0.088736
v -0.071151 0.940891 -0.094787
v 0.140455 0.940891 -0.048574
v 0.155200 0.912000 -0.033893
v 0.156109 0.883109 -0.016191
v 0.071151 0.883109 -0.094787
v 0.095919 0.912000 -0.088736
v 0.112135 0.940891 -0.074773
v 0.112135 0.940891 0.074773
v 0.095919 0.912000 0.088736
v 0.071151 0.883109 0.094787
v 0.156109 0.883109 0.016191
v 0.155200 0.912000 0.033893
v 0.140455 0.940891 0.048574
v -0.071151 0.940891 0.094787
v -0.095919 0.912000 0.088736
v -0.112135 0.883109 0.074773
v 0.025329 0.883109 0.104794
v 0.000000 0.912000 0.109683
v -0.025329 0.940891 0.104794
v -0.135617 0.969781 -0.026198
v -0.112304 0.972477 -0.054841
v -0.078978 0.969782 -0.078595
v -0.004837 0.969782 -0.094786
v 0.042897 0.972477 -0.088735
v 0.086806 0.969782 -0.074772
v 0.132627 0.969781 -0.032383
v 0.138815 0.972477 -0.000000
v 0.132627 0.969781 0.032383
v 0.086806 0.969782 0.074772
v 0.042897 0.972477 0.088735
v -0.004837 0.969782 0.094786
v -0.078978 0.969782 0.078595
v -0.112304 0.972477 0.054841
v -0.135617 0.969781 0.026198
v -0.012664 1.023347 -0.026198
v -0.026511 1.009854 -0.054841
v -0.037993 0.987637 -0.078595
v -0.122952 0.987636 -0.000000
v -0.085792 1.009853 -0.000000
v -0.040984 1.023347 -0.000000
v 0.033157 1.023347 -0.016191
v 0.069407 1.009854 -0.033893
v 0.099470 0.987637 -0.048574
v 0.033157 1.023347 0.016191
v 0.069407 1.009854 0.033893
v 0.099470 0.987637 0.048574
v -0.012664 1.023347 0.026198
v -0.026511 1.009854 0.054841
v -0.037993 0.987637 0.078595
v -0.059041 1.014889 0.028832
v -0.104145 0.995239 0.028832
v -0.072979 0.995240 0.057664
v 0.022552 1.014889 0.046650
v 0.008615 0.995240 0.075482
v 0.059042 0.995240 0.064469
v 0.072979 1.014889 -0.000000
v 0.109469 0.995240 0.017819
v 0.109469 0.995240 -0.017819
v 0.022552 1.014889 -0.046650
v 0.059042 0.995240 -0.064469
v 0.008615 0.995240 -0.075482
v -0.059041 1.014889 -0.028832
v -0.072979 0.995240 -0.057664
v -0.104145 0.995239 -0.028832
v -0.140635 0.943795 0.046651
v -0.132022 0.912000 0.064470
v -0.109469 0.943795 0.075483
v 0.022552 0.943795 0.104315
v 0.050428 0.912000 0.104315
v 0.072980 0.943795 0.093302
v 0.154573 0.943795 0.017819
v 0.163187 0.912000 -0.000000
v 0.154573 0.943795 -0.017819
v 0.072980 0.943795 -0.093302
v 0.050428 0.912000 -0.104315
v 0.022552 0.943795 -0.104315
v -0.109469 0.943795 -0.075483
v -0.132021 0.912000 -0.064470
v -0.140635 0.943795 -0.046651
v -0.050428 0.912000 0.104315
v -0.072980 0.880205 0.093302
v -0.022552 0.880205 0.104315
v 0.132021 0.912000 0.064470
v 0.109469 0.880205 0.075483
v 0.140635 0.880205 0.046651
v 0.132021 0.912000 -0.064470
v 0.140635 0.880205 -0.046651
v 0.109469 0.880205 -0.075483
v -0.050428 0.912000 -0.104315
v -0.022552 0.880205 -0.104315
v -0.072980 0.880205 -0.093302
v -0.163187 0.912000 -0.000000
v -0.154573 0.880205 -0.017819
v -0.154573 0.880205 0.017819
v -0.059042 0.828760 0.064470
v -0.022552 0.809111 0.046651
v -0.008615 0.828760 0.075482
v 0.072979 0.828760 0.057663
v 0.059041 0.809111 0.028832
v 0.104145 0.828761 0.028832
v 0.104145 0.828761 -0.028832
v 0.059041 0.809111 -0.028832
v 0.072979 0.828761 -0.057664
v -0.109469 0.828760 0.017819
v -0.109469 0.828761 -0.017819
v -0.072979 0.809111 -0.000000
v -0.008615 0.828760 -0.075482
v -0.022552 0.809111 -0.046651
v -0.059042 0.828760 -0.064470
v 0.000000 0.962008 0.006080
v -0.154754 1.051996 -0.064401
v 0.059109 1.051996 -0.107961
v 0.191286 1.051997 0.006080
v 0.059109 1.051996 0.120121
v -0.154754 1.051996 0.076561
v -0.059109 1.197604 -0.107961
v 0.154754 1.197604 -0.064401
v 0.154754 1.197604 0.076561
v -0.059109 1.197604 0.120121
v -0.191286 1.197603 0.006080
v 0.000000 1.287592 0.006080
v 0.049792 1.017761 -0.089985
v 0.034743 0.986320 -0.060951
v 0.016597 0.967225 -0.025942
v -0.043453 0.967225 -0.013710
v -0.090961 0.986320 -0.035347
v -0.130360 1.017761 -0.053291
v -0.113763 1.043029 -0.085313
v -0.056218 1.039214 -0.102379
v 0.006339 1.043029 -0.109776
v -0.173814 1.043029 0.045661
v -0.181923 1.039214 0.006080
v -0.173814 1.043029 -0.033501
v -0.043453 0.967225 0.025870
v -0.090961 0.986320 0.047507
v -0.130360 1.017761 0.065451
v 0.161134 1.017762 0.006080
v 0.112435 0.986321 0.006080
v 0.053711 0.967226 0.006080
v 0.103504 1.043029 -0.089986
v 0.147179 1.039214 -0.060952
v 0.177732 1.043030 -0.025942
v 0.049792 1.017761 0.102145
v 0.034743 0.986320 0.073111
v 0.016597 0.967225 0.038102
v 0.177732 1.043030 0.038102
v 0.147179 1.039214 0.073112
v 0.103504 1.043029 0.102146
v 0.006339 1.043029 0.121936
v -0.056218 1.039214 0.114539
v -0.113763 1.043029 0.097473
v -0.204588 1.165685 -0.013710
v -0.203397 1.124800 -0.035347
v -0.184072 1.083915 -0.053291
v -0.184072 1.083915 0.065451
v -0.203397 1.124800 0.047507
v -0.204588 1.165685 0.025870
v -0.033195 1.165685 -0.122008
v 0.000000 1.124800 -0.127984
v 0.033195 1.083915 -0.122008
v -0.146958 1.083914 -0.085313
v -0.125706 1.124800 -0.102380
v -0.093246 1.165686 -0.109776
v 0.184072 1.165685 -0.053291
v 0.203397 1.124800 -0.035347
v 0.204588 1.083915 -0.013710
v 0.093246 1.083914 -0.109776
v 0.125706 1.124800 -0.102380
v 0.146958 1.165686 -0.085313
v 0.146958 1.165686 0.097473
v 0.125706 1.124800 0.114540
v 0.093246 1.083914 0.121937
v 0.204588 1.083915 0.025870
v 0.203397 1.124800 0.047507
v 0.184072 1.165685 0.065451
v -0.093246 1.165686 0.121937
v -0.125706 1.124800 0.114540
v -0.146958 1.083914 0.097473
v 0.033195 1.083915 0.134168
v -0.000000 1.124800 0.140144
v -0.033195 1.165685 0.134168
v -0.177732 1.206570 -0.025942
v -0.147179 1.210386 -0.060952
v -0.103504 1.206571 -0.089986
v -0.006339 1.206571 -0.109776
v 0.056218 1.210386 -0.102379
v 0.113763 1.206571 -0.085313
v 0.173814 1.206571 -0.033501
v 0.181923 1.210386 0.006080
v 0.173814 1.206571 0.045661
v 0.113763 1.206571 0.097473
v 0.056218 1.210386 0.114539
v -0.006339 1.206571 0.121936
v -0.103504 1.206571 0.102146
v -0.147179 1.210386 0.073112
v -0.177732 1.206570 0.038102
v -0.016597 1.282374 -0.025942
v -0.034743 1.263280 -0.060951
v -0.049792 1.231839 -0.089985
v -0.161134 1.231838 0.006080
v -0.112435 1.263279 0.006080
v -0.053711 1.282374 0.006080
v 0.043453 1.282374 -0.013710
v 0.090961 1.263280 -0.035347
v 0.130360 1.231839 -0.053291
v 0.043453 1.282374 0.025870
v 0.090961 1.263280 0.047507
v 0.130360 1.231839 0.065451
v -0.016597 1.282374 0.038102
v -0.034743 1.263280 0.073111
v -0.049792 1.231839 0.102145
v -0.077376 1.270406 0.041320
v -0.136487 1.242598 0.041321
v -0.095642 1.242598 0.076561
v 0.029555 1.270406 0.063100
v 0.011290 1.242598 0.098341
v 0.077377 1.242598 0.084880
v 0.095642 1.270406 0.006080
v 0.143464 1.242598 0.027860
v 0.143464 1.242598 -0.015700
v 0.029555 1.270406 -0.050940
v 0.077377 1.242598 -0.072720
v 0.011290 1.242598 -0.086181
v -0.077376 1.270406 -0.029160
v -0.095642 1.242598 -0.064401
v -0.136487 1.242598 -0.029161
v -0.184309 1.169795 0.063100
v -0.173020 1.124800 0.084880
v -0.143464 1.169795 0.098341
v 0.029556 1.169795 0.133582
v 0.066088 1.124800 0.133582
v 0.095643 1.169795 0.120121
v 0.202575 1.169795 0.027860
v 0.213864 1.124800 0.006080
v 0.202575 1.169795 -0.015700
v 0.095643 1.169795 -0.107961
v 0.066088 1.124800 -0.121422
v 0.029556 1.169795 -0.121422
v -0.143464 1.169795 -0.086181
v -0.173020 1.124800 -0.072721
v -0.184309 1.169795 -0.050941
v -0.066088 1.124800 0.133582
v -0.095643 1.079805 0.120121
v -0.029556 1.079805 0.133582
v 0.173020 1.124800 0.084881
v 0.143464 1.079805 0.098342
v 0.184309 1.079805 0.063101
v 0.173020 1.124800 -0.072721
v 0.184309 1.079805 -0.050941
v 0.143464 1.079805 -0.086182
v -0.066088 1.124800 -0.121422
v -0.029556 1.079805 -0.121422
v -0.095643 1.079805 -0.107961
v -0.213864 1.124800 0.006080
v -0.202575 1.079805 -0.015700
v -0.202575 1.079805 0.027860
v -0.077377 1.007002 0.084880
v -0.029555 0.979194 0.063100
v -0.011290 1.007002 0.098341
v 0.095642 1.007002 0.076561
v 0.077376 0.979194 0.041320
v 0.136487 1.007002 0.041320
v 0.136487 1.007002 -0.029161
v 0.077376 0.979194 -0.029161
v 0.095642 1.007002 -0.064401
v -0.143464 1.007002 0.027860
v -0.143464 1.007002 -0.015700
v -0.095642 0.979194 0.006080
v -0.011290 1.007002 -0.086181
v -0.029556 0.979194 -0.050940
v -0.077377 1.007002 -0.072720
v -0.036089 1.205360 0.085956
v -0.036089 1.235760 0.085956
v -0.027345 1.205360 0.101964
v -0.027345 1.235760 0.101964
v -0.109455 1.205360 0.126036
v -0.109455 1.235760 0.126036
v -0.100711 1.205360 0.142044
v -0.100711 1.235760 0.142044
v 0.109455 1.205360 0.126036
v 0.109455 1.235760 0.126036
v 0.100711 1.205360 0.142044
v 0.100711 1.235760 0.142044
v 0.036089 1.205360 0.085956
v 0.036089 1.235760 0.085956
v 0.027345 1.205360 0.101964
v 0.027345 1.235760 0.101964
v -0.186960 1.165840 -0.000000
v -0.239754 1.206171 -0.038357
v -0.166795 1.206171 -0.062063
v -0.121703 1.206171 -0.000000
v -0.166795 1.206171 0.062063
v -0.239754 1.206171 0.038357
v -0.207125 1.271429 -0.062063
v -0.134166 1.271429 -0.038357
v -0.134166 1.271429 0.038357
v -0.207125 1.271429 0.062063
v -0.252217 1.271429 -0.000000
v -0.186960 1.311760 -0.000000
v -0.175107 1.176736 -0.036480
v -0.217992 1.176736 -0.022545
v -0.206139 1.200442 -0.059025
v -0.249023 1.200442 -0.000000
v -0.217992 1.176736 0.022545
v -0.148603 1.176736 -0.000000
v -0.136750 1.200442 -0.036480
v -0.175107 1.176736 0.036480
v -0.136750 1.200442 0.036480
v -0.206139 1.200442 0.059025
v -0.256349 1.238800 -0.022546
v -0.256349 1.238800 0.022546
v -0.186960 1.238800 -0.072960
v -0.229845 1.238800 -0.059026
v -0.117571 1.238800 -0.022546
v -0.144075 1.238800 -0.059026
v -0.144075 1.238800 0.059026
v -0.117571 1.238800 0.022546
v -0.229845 1.238800 0.059026
v -0.186960 1.238800 0.072960
v -0.237170 1.277158 -0.036480
v -0.167781 1.277158 -0.059025
v -0.124897 1.277158 -0.000000
v -0.167781 1.277158 0.059025
v -0.237170 1.277158 0.036480
v -0.198813 1.300864 -0.036480
v -0.225317 1.300864 -0.000000
v -0.155928 1.300864 -0.022545
v -0.155928 1.300864 0.022545
v -0.198813 1.300864 0.036480
v -0.232334 1.243942 0.024199
v -0.248328 0.984771 0.032729
v -0.209373 1.242960 0.046381
v -0.228811 0.983936 0.051584
v -0.177852 1.240389 0.050846
v -0.202018 0.981751 0.055379
v -0.149809 1.237211 0.035890
v -0.178182 0.979049 0.042667
v -0.135957 1.234640 0.007225
v -0.166407 0.976864 0.018302
v -0.141586 1.233658 -0.024199
v -0.171192 0.976029 -0.008409
v -0.164547 1.234640 -0.046381
v -0.190709 0.976864 -0.027263
v -0.196068 1.237211 -0.050846
v -0.217502 0.979049 -0.031059
v -0.224111 1.240389 -0.035890
v -0.241338 0.981751 -0.018347
v -0.237963 1.242960 -0.007225
v -0.253113 0.983936 0.006019
v -0.215627 0.987049 0.055184
v -0.218599 0.764850 0.076982
v -0.188923 0.985779 0.050456
v -0.199121 0.763924 0.073533
v -0.170178 0.982455 0.031100
v -0.185448 0.761499 0.059415
v -0.166552 0.978345 0.004510
v -0.182804 0.758501 0.040020
v -0.179430 0.975021 -0.019158
v -0.192197 0.756076 0.022756
v -0.203893 0.973751 -0.030864
v -0.210041 0.755150 0.014218
v -0.230597 0.975021 -0.026136
v -0.229519 0.756076 0.017667
v -0.249342 0.978345 -0.006780
v -0.243192 0.758501 0.031785
v -0.252968 0.982455 0.019810
v -0.245836 0.761499 0.051180
v -0.240090 0.985779 0.043478
v -0.236443 0.763924 0.068444
v -0.214320 0.766840 0.084360
v -0.214320 0.789640 0.084360
v -0.233700 0.766840 0.079167
v -0.233700 0.789640 0.079167
v -0.247887 0.766840 0.064980
v -0.247887 0.789640 0.064980
v -0.253080 0.766840 0.045600
v -0.253080 0.789640 0.045600
v -0.247887 0.766840 0.026220
v -0.247887 0.789640 0.026220
v -0.233700 0.766840 0.012033
v -0.233700 0.789640 0.012033
v -0.214320 0.766840 0.006840
v -0.214320 0.789640 0.006840
v -0.194940 0.766840 0.012033
v -0.194940 0.789640 0.012033
v -0.180753 0.766840 0.026220
v -0.180753 0.789640 0.026220
v -0.175560 0.766840 0.045600
v -0.175560 0.789640 0.045600
v -0.180753 0.766840 0.064980
v -0.180753 0.789640 0.064980
v -0.194940 0.766840 0.079167
v -0.194940 0.789640 0.079167
v -0.214320 0.715659 0.045600
v -0.243489 0.740170 0.019110
v -0.203179 0.740170 0.002737
v -0.178265 0.740170 0.045600
v -0.203179 0.740170 0.088463
v -0.243489 0.740170 0.072090
v -0.225461 0.779830 0.002737
v -0.185151 0.779830 0.019110
v -0.185151 0.779830 0.072090
v -0.225461 0.779830 0.088463
v -0.250375 0.779830 0.045600
v -0.214320 0.804341 0.045600
v -0.207771 0.722281 0.020406
v -0.231465 0.722281 0.030030
v -0.224916 0.736688 0.004836
v -0.248610 0.736688 0.045600
v -0.231465 0.722281 0.061170
v -0.193128 0.722281 0.045600
v -0.186579 0.736688 0.020406
v -0.207771 0.722281 0.070794
v -0.186579 0.736688 0.070794
v -0.224916 0.736688 0.086364
v -0.252658 0.760000 0.030029
v -0.252658 0.760000 0.061171
v -0.214320 0.760000 -0.004788
v -0.238014 0.760000 0.004835
v -0.175982 0.760000 0.030029
v -0.190626 0.760000 0.004835
v -0.190626 0.760000 0.086365
v -0.175982 0.760000 0.061171
v -0.238014 0.760000 0.086365
v -0.214320 0.760000 0.095988
v -0.242061 0.783312 0.020406
v -0.203724 0.783312 0.004836
v -0.180030 0.783312 0.045600
v -0.203724 0.783312 0.086364
v -0.242061 0.783312 0.070794
v -0.220869 0.797719 0.020406
v -0.235512 0.797719 0.045600
v -0.197175 0.797719 0.030030
v -0.197175 0.797719 0.061170
v -0.220869 0.797719 0.070794
v -0.234992 0.759696 0.071440
v -0.246211 0.768266 0.063289
v -0.230707 0.768266 0.058252
v -0.221125 0.768266 0.071440
v -0.230707 0.768266 0.084628
v -0.246211 0.768266 0.079591
v -0.239277 0.782134 0.058252
v -0.223773 0.782134 0.063289
v -0.223773 0.782134 0.079591
v -0.239277 0.782134 0.084628
v -0.248859 0.782134 0.071440
v -0.234992 0.790704 0.071440
v 0.186960 1.165840 -0.000000
v 0.134166 1.206171 -0.038357
v 0.207125 1.206171 -0.062063
v 0.252217 1.206171 -0.000000
v 0.207125 1.206171 0.062063
v 0.134166 1.206171 0.038357
v 0.166795 1.271429 -0.062063
v 0.239754 1.271429 -0.038357
v 0.239754 1.271429 0.038357
v 0.166795 1.271429 0.062063
v 0.121703 1.271429 -0.000000
v 0.186960 1.311760 -0.000000
v 0.198813 1.176736 -0.036480
v 0.155928 1.176736 -0.022545
v 0.167781 1.200442 -0.059025
v 0.124897 1.200442 -0.000000
v 0.155928 1.176736 0.022545
v 0.225317 1.176736 -0.000000
v 0.237170 1.200442 -0.036480
v 0.198813 1.176736 0.036480
v 0.237170 1.200442 0.036480
v 0.167781 1.200442 0.059025
v 0.117571 1.238800 -0.022546
v 0.117571 1.238800 0.022546
v 0.186960 1.238800 -0.072960
v 0.144075 1.238800 -0.059026
v 0.256349 1.238800 -0.022546
v 0.229845 1.238800 -0.059026
v 0.229845 1.238800 0.059026
v 0.256349 1.238800 0.022546
v 0.144075 1.238800 0.059026
v 0.186960 1.238800 0.072960
v 0.136750 1.277158 -0.036480
v 0.206139 1.277158 -0.059025
v 0.249023 1.277158 -0.000000
v 0.206139 1.277158 0.059025
v 0.136750 1.277158 0.036480
v 0.175107 1.300864 -0.036480
v 0.148603 1.300864 -0.000000
v 0.217992 1.300864 -0.022545
v 0.217992 1.300864 0.022545
v 0.175107 1.300864 0.036480
v 0.232334 1.243942 0.024199
v 0.248328 0.984771 0.032729
v 0.237963 1.242960 -0.007225
v 0.253113 0.983936 0.006019
v 0.224111 1.240389 -0.035890
v 0.241338 0.981751 -0.018347
v 0.196068 1.237211 -0.050846
v 0.217502 0.979049 -0.031059
v 0.164547 1.234640 -0.046381
v 0.190709 0.976864 -0.027263
v 0.141586 1.233658 -0.024199
v 0.171192 0.976029 -0.008409
v 0.135957 1.234640 0.007225
v 0.166407 0.976864 0.018302
v 0.149809 1.237211 0.035890
v 0.178182 0.979049 0.042667
v 0.177852 1.240389 0.050846
v 0.202018 0.981751 0.055379
v 0.209373 1.242960 0.046381
v 0.228811 0.983936 0.051584
v 0.215627 0.987049 0.055184
v 0.218599 0.764850 0.076982
v 0.240090 0.985779 0.043478
v 0.236443 0.763924 0.068444
v 0.252968 0.982455 0.019810
v 0.245836 0.761499 0.051180
v 0.249342 0.978345 -0.006780
v 0.243192 0.758501 0.031785
v 0.230597 0.975021 -0.026136
v 0.229519 0.756076 0.017667
v 0.203893 0.973751 -0.030864
v 0.210041 0.755150 0.014218
v 0.179430 0.975021 -0.019158
v 0.192197 0.756076 0.022756
v 0.166552 0.978345 0.004510
v 0.182804 0.758501 0.040020
v 0.170178 0.982455 0.031100
v 0.185448 0.761499 0.059415
v 0.188923 0.985779 0.050456
v 0.199121 0.763924 0.073533
v 0.214320 0.766840 0.084360
v 0.214320 0.789640 0.084360
v 0.194940 0.766840 0.079167
v 0.194940 0.789640 0.079167
v 0.180753 0.766840 0.064980
v 0.180753 0.789640 0.064980
v 0.175560 0.766840 0.045600
v 0.175560 0.789640 0.045600
v 0.180753 0.766840 0.026220
v 0.180753 0.789640 0.026220
v 0.194940 0.766840 0.012033
v 0.194940 0.789640 0.012033
v 0.214320 0.766840 0.006840
v 0.214320 0.789640 0.006840
v 0.233700 0.766840 0.012033
v 0.233700 0.789640 0.012033
v 0.247887 0.766840 0.026220
v 0.247887 0.789640 0.026220
v 0.253080 0.766840 0.045600
v 0.253080 0.789640 0.045600
v 0.247887 0.766840 0.064980
v 0.247887 0.789640 0.064980
v 0.233700 0.766840 0.079167
v 0.233700 0.789640 0.079167
v 0.214320 0.715659 0.045600
v 0.185151 0.740170 0.019110
v 0.225461 0.740170 0.002737
v 0.250375 0.740170 0.045600
v 0.225461 0.740170 0.088463
v 0.185151 0.740170 0.072090
v 0.203179 0.779830 0.002737
v 0.243489 0.779830 0.019110
v 0.243489 0.779830 0.072090
v 0.203179 0.779830 0.088463
v 0.178265 0.779830 0.045600
v 0.214320 0.804341 0.045600
v 0.220869 0.722281 0.020406
v 0.197175 0.722281 0.030030
v 0.203724 0.736688 0.004836
v 0.180030 0.736688 0.045600
v 0.197175 0.722281 0.061170
v 0.235512 0.722281 0.045600
v 0.242061 0.736688 0.020406
v 0.220869 0.722281 0.070794
v 0.242061 0.736688 0.070794
v 0.203724 0.736688 0.086364
v 0.175982 0.760000 0.030029
v 0.175982 0.760000 0.061171
v 0.214320 0.760000 -0.004788
v 0.190626 0.760000 0.004835
v 0.252658 0.760000 0.030029
v 0.238014 0.760000 0.004835
v 0.238014 0.760000 0.086365
v 0.252658 0.760000 0.061171
v 0.190626 0.760000 0.086365
v 0.214320 0.760000 0.095988
v 0.186579 0.783312 0.020406
v 0.224916 0.783312 0.004836
v 0.248610 0.783312 0.045600
v 0.224916 0.783312 0.086364
v 0.186579 0.783312 0.070794
v 0.207771 0.797719 0.020406
v 0.193128 0.797719 0.045600
v 0.231465 0.797719 0.030030
v 0.231465 0.797719 0.061170
v 0.207771 0.797719 0.070794
v 0.234992 0.759696 0.071440
v 0.223773 0.768266 0.063289
v 0.239277 0.768266 0.058252
v 0.248859 0.768266 0.071440
v 0.239277 0.768266 0.084628
v 0.223773 0.768266 0.079591
v 0.230707 0.782134 0.058252
v 0.246211 0.782134 0.063289
v 0.246211 0.782134 0.079591
v 0.230707 0.782134 0.084628
v 0.221125 0.782134 0.071440
v 0.234992 0.790704 0.071440
v 0.000000 1.250200 0.051680
v 0.000000 1.318600 0.051680
v -0.022800 1.250200 0.045571
v -0.022800 1.318600 0.045571
v -0.039491 1.250200 0.028880
v -0.039491 1.318600 0.028880
v -0.045600 1.250200 0.006080
v -0.045600 1.318600 0.006080
v -0.039491 1.250200 -0.016720
v -0.039491 1.318600 -0.016720
v -0.022800 1.250200 -0.033411
v -0.022800 1.318600 -0.033411
v 0.000000 1.250200 -0.039520
v 0.000000 1.318600 -0.039520
v 0.022800 1.250200 -0.033411
v 0.022800 1.318600 -0.033411
v 0.039491 1.250200 -0.016720
v 0.039491 1.318600 -0.016720
v 0.045600 1.250200 0.006080
v 0.045600 1.318600 0.006080
v 0.039491 1.250200 0.028880
v 0.039491 1.318600 0.028880
v 0.022800 1.250200 0.045571
v 0.022800 1.318600 0.045571
v 0.000000 1.307200 0.006080
v -0.062693 1.362655 -0.038030
v 0.023946 1.362655 -0.065293
v 0.077493 1.362655 0.006080
v 0.023946 1.362655 0.077453
v -0.062693 1.362655 0.050190
v -0.023946 1.452385 -0.065293
v 0.062693 1.452385 -0.038030
v 0.062693 1.452385 0.050190
v -0.023946 1.452385 0.077453
v -0.077493 1.452385 0.006080
v 0.000000 1.507840 0.006080
v 0.022348 1.352275 -0.060528
v 0.020172 1.341558 -0.054043
v 0.017388 1.331236 -0.045745
v 0.014075 1.322182 -0.035872
v 0.010433 1.315130 -0.025015
v 0.006724 1.310415 -0.013961
v 0.003192 1.307916 -0.003435
v -0.008358 1.307916 0.000199
v -0.017604 1.310415 -0.006306
v -0.027313 1.315130 -0.013137
v -0.036850 1.322182 -0.019847
v -0.045522 1.331236 -0.025949
v -0.052811 1.341558 -0.031077
v -0.058508 1.352275 -0.035086
v -0.055316 1.359669 -0.044601
v -0.046087 1.357129 -0.051118
v -0.035090 1.355397 -0.057044
v -0.022775 1.354778 -0.061799
v -0.009926 1.355397 -0.064962
v 0.002568 1.357129 -0.066429
v 0.013989 1.359669 -0.066409
v -0.066866 1.359669 0.041365
v -0.070415 1.357129 0.030852
v -0.072836 1.355397 0.018892
v -0.073700 1.354778 0.006080
v -0.072836 1.355397 -0.006732
v -0.070415 1.357129 -0.018692
v -0.066866 1.359669 -0.029205
v -0.008358 1.307916 0.011961
v -0.017604 1.310415 0.018466
v -0.027313 1.315130 0.025297
v -0.036850 1.322182 0.032007
v -0.045522 1.331236 0.038109
v -0.052811 1.341558 0.043237
v -0.058508 1.352275 0.047246
v 0.072320 1.352276 0.006080
v 0.065278 1.341558 0.006080
v 0.056269 1.331237 0.006080
v 0.045549 1.322183 0.006080
v 0.033761 1.315130 0.006080
v 0.021759 1.310415 0.006080
v 0.010331 1.307916 0.006080
v 0.032679 1.359669 -0.060528
v 0.041931 1.357129 -0.054043
v 0.051149 1.355397 -0.045745
v 0.059625 1.354778 -0.035872
v 0.066702 1.355397 -0.025015
v 0.072002 1.357129 -0.013961
v 0.075512 1.359669 -0.003435
v 0.022348 1.352275 0.072688
v 0.020172 1.341558 0.066203
v 0.017388 1.331236 0.057905
v 0.014075 1.322182 0.048032
v 0.010433 1.315130 0.037175
v 0.006724 1.310415 0.026121
v 0.003192 1.307916 0.015595
v 0.075512 1.359669 0.015595
v 0.072002 1.357129 0.026121
v 0.066702 1.355397 0.037175
v 0.059625 1.354778 0.048032
v 0.051149 1.355397 0.057905
v 0.041931 1.357129 0.066203
v 0.032679 1.359669 0.072688
v 0.013989 1.359669 0.078569
v 0.002568 1.357129 0.078589
v -0.009926 1.355397 0.077122
v -0.022775 1.354778 0.073959
v -0.035090 1.355397 0.069204
v -0.046087 1.357129 0.063278
v -0.055316 1.359669 0.056761
v -0.080678 1.443408 0.000199
v -0.082882 1.432715 -0.006306
v -0.083583 1.420551 -0.013137
v -0.082400 1.407520 -0.019847
v -0.079284 1.394489 -0.025949
v -0.074571 1.382325 -0.031078
v -0.068840 1.371632 -0.035086
v -0.068840 1.371632 0.047246
v -0.074571 1.382325 0.043238
v -0.079284 1.394489 0.038109
v -0.082400 1.407520 0.032007
v -0.083583 1.420551 0.025297
v -0.082882 1.432715 0.018466
v -0.080678 1.443408 0.011961
v -0.019155 1.443409 -0.070044
v -0.013448 1.432716 -0.074084
v -0.006955 1.420551 -0.076840
v 0.000000 1.407520 -0.077824
v 0.006955 1.394489 -0.076840
v 0.013448 1.382325 -0.074084
v 0.019155 1.371632 -0.070044
v -0.061701 1.371631 -0.044601
v -0.059535 1.382324 -0.051119
v -0.055956 1.394489 -0.057045
v -0.050926 1.407520 -0.061800
v -0.044702 1.420551 -0.064963
v -0.037776 1.432716 -0.066429
v -0.030706 1.443409 -0.066409
v 0.068840 1.443409 -0.035086
v 0.074571 1.432716 -0.031078
v 0.079284 1.420551 -0.025949
v 0.082400 1.407520 -0.019847
v 0.083583 1.394489 -0.013137
v 0.082882 1.382325 -0.006306
v 0.080678 1.371632 0.000199
v 0.030706 1.371631 -0.066409
v 0.037776 1.382324 -0.066429
v 0.044702 1.394489 -0.064963
v 0.050926 1.407520 -0.061800
v 0.055956 1.420551 -0.057045
v 0.059535 1.432716 -0.051119
v 0.061701 1.443409 -0.044601
v 0.061701 1.443409 0.056761
v 0.059535 1.432716 0.063279
v 0.055956 1.420551 0.069205
v 0.050926 1.407520 0.073960
v 0.044702 1.394489 0.077123
v 0.037776 1.382324 0.078589
v 0.030706 1.371631 0.078569
v 0.080678 1.371632 0.011961
v 0.082882 1.382325 0.018466
v 0.083583 1.394489 0.025297
v 0.082400 1.407520 0.032007
v 0.079284 1.420551 0.038109
v 0.074571 1.432716 0.043238
v 0.068840 1.443409 0.047246
v -0.030706 1.443409 0.078569
v -0.037776 1.432716 0.078589
v -0.044702 1.420551 0.077123
v -0.050926 1.407520 0.073960
v -0.055956 1.394489 0.069205
v -0.059535 1.382324 0.063279
v -0.061701 1.371631 0.056761
v 0.019155 1.371632 0.082204
v 0.013448 1.382325 0.086244
v 0.006955 1.394489 0.089000
v 0.000000 1.407520 0.089984
v -0.006955 1.420551 0.089000
v -0.013448 1.432716 0.086244
v -0.019155 1.443409 0.082204
v -0.075512 1.455371 -0.003435
v -0.072002 1.457911 -0.013961
v -0.066702 1.459643 -0.025015
v -0.059625 1.460262 -0.035872
v -0.051149 1.459643 -0.045745
v -0.041931 1.457911 -0.054043
v -0.032679 1.455371 -0.060528
v -0.013989 1.455371 -0.066409
v -0.002568 1.457911 -0.066429
v 0.009926 1.459644 -0.064962
v 0.022775 1.460262 -0.061799
v 0.035090 1.459644 -0.057044
v 0.046087 1.457911 -0.051118
v 0.055316 1.455371 -0.044601
v 0.066866 1.455371 -0.029205
v 0.070415 1.457911 -0.018692
v 0.072836 1.459643 -0.006732
v 0.073700 1.460262 0.006080
v 0.072836 1.459643 0.018892
v 0.070415 1.457911 0.030852
v 0.066866 1.455371 0.041365
v 0.055316 1.455371 0.056761
v 0.046087 1.457911 0.063278
v 0.035090 1.459644 0.069204
v 0.022775 1.460262 0.073959
v 0.009926 1.459644 0.077122
v -0.002568 1.457911 0.078589
v -0.013989 1.455371 0.078569
v -0.032679 1.455371 0.072688
v -0.041931 1.457911 0.066203
v -0.051149 1.459643 0.057905
v -0.059625 1.460262 0.048032
v -0.066702 1.459643 0.037175
v -0.072002 1.457911 0.026121
v -0.075512 1.455371 0.015595
v -0.003192 1.507124 -0.003435
v -0.006724 1.504625 -0.013961
v -0.010433 1.499910 -0.025015
v -0.014075 1.492858 -0.035872
v -0.017388 1.483804 -0.045745
v -0.020172 1.473482 -0.054043
v -0.022348 1.462765 -0.060528
v -0.072320 1.462764 0.006080
v -0.065278 1.473482 0.006080
v -0.056269 1.483803 0.006080
v -0.045549 1.492857 0.006080
v -0.033761 1.499910 0.006080
v -0.021759 1.504625 0.006080
v -0.010331 1.507124 0.006080
v 0.008358 1.507124 0.000199
v 0.017604 1.504625 -0.006306
v 0.027313 1.499910 -0.013137
v 0.036850 1.492858 -0.019847
v 0.045522 1.483804 -0.025949
v 0.052811 1.473482 -0.031077
v 0.058508 1.462765 -0.035086
v 0.008358 1.507124 0.011961
v 0.017604 1.504625 0.018466
v 0.027313 1.499910 0.025297
v 0.036850 1.492858 0.032007
v 0.045522 1.483804 0.038109
v 0.052811 1.473482 0.043237
v 0.058508 1.462765 0.047246
v -0.003192 1.507124 0.015595
v -0.006724 1.504625 0.026121
v -0.010433 1.499910 0.037175
v -0.014075 1.492858 0.048032
v -0.017388 1.483804 0.057905
v -0.020172 1.473482 0.066203
v -0.022348 1.462765 0.072688
v -0.014399 1.505700 0.016211
v -0.026613 1.502143 0.016695
v -0.018649 1.502143 0.027311
v -0.039107 1.496088 0.016965
v -0.031346 1.497249 0.028135
v -0.022774 1.496088 0.038735
v -0.050926 1.487630 0.016965
v -0.043903 1.489774 0.028432
v -0.035518 1.489774 0.039608
v -0.026426 1.487631 0.049620
v -0.061190 1.477399 0.016695
v -0.055293 1.480113 0.028135
v -0.047653 1.481090 0.039608
v -0.038746 1.480113 0.050191
v -0.029334 1.477399 0.059157
v -0.069401 1.466341 0.016211
v -0.064752 1.469151 0.027311
v -0.058230 1.470716 0.038735
v -0.050063 1.470716 0.049620
v -0.040859 1.469151 0.059157
v -0.031395 1.466341 0.066869
v 0.005500 1.505700 0.022473
v 0.002201 1.502143 0.033871
v 0.015087 1.502143 0.029817
v -0.001395 1.496088 0.045462
v 0.011973 1.497249 0.041766
v 0.025032 1.496088 0.037146
v -0.005047 1.487631 0.056347
v 0.008385 1.489774 0.053423
v 0.021952 1.489774 0.049154
v 0.034593 1.487631 0.043874
v -0.008483 1.477399 0.065718
v 0.004574 1.480113 0.063821
v 0.018202 1.481090 0.060330
v 0.031347 1.480113 0.055397
v 0.043061 1.477399 0.049499
v -0.011496 1.466341 0.073130
v 0.000841 1.469151 0.072278
v 0.014076 1.470716 0.069802
v 0.027289 1.470716 0.065644
v 0.039499 1.469151 0.060114
v 0.049997 1.466341 0.053780
v 0.017799 1.505700 0.006080
v 0.027973 1.502143 0.012641
v 0.027973 1.502143 -0.000481
v 0.038245 1.496088 0.019534
v 0.038746 1.497249 0.006080
v 0.038245 1.496088 -0.007374
v 0.047806 1.487631 0.026262
v 0.049085 1.489774 0.012987
v 0.049085 1.489774 -0.000827
v 0.047806 1.487631 -0.014102
v 0.055947 1.477399 0.032322
v 0.058120 1.480113 0.019711
v 0.058902 1.481090 0.006080
v 0.058120 1.480113 -0.007551
v 0.055947 1.477399 -0.020162
v 0.062295 1.466341 0.037388
v 0.065271 1.469151 0.025762
v 0.066929 1.470716 0.012807
v 0.066929 1.470716 -0.000647
v 0.065271 1.469151 -0.013602
v 0.062295 1.466341 -0.025228
v 0.005500 1.505700 -0.010313
v 0.015087 1.502143 -0.017657
v 0.002201 1.502143 -0.021711
v 0.025032 1.496088 -0.024986
v 0.011973 1.497249 -0.029606
v -0.001395 1.496088 -0.033302
v 0.034593 1.487631 -0.031714
v 0.021952 1.489774 -0.036994
v 0.008385 1.489774 -0.041263
v -0.005047 1.487631 -0.044187
v 0.043061 1.477399 -0.037339
v 0.031347 1.480113 -0.043237
v 0.018202 1.481090 -0.048170
v 0.004574 1.480113 -0.051661
v -0.008483 1.477399 -0.053558
v 0.049997 1.466341 -0.041620
v 0.039499 1.469151 -0.047954
v 0.027289 1.470716 -0.053484
v 0.014076 1.470716 -0.057642
v 0.000841 1.469151 -0.060118
v -0.011496 1.466341 -0.060970
v -0.014399 1.505700 -0.004051
v -0.018649 1.502143 -0.015151
v -0.026613 1.502143 -0.004535
v -0.022774 1.496088 -0.026575
v -0.031346 1.497249 -0.015975
v -0.039107 1.496088 -0.004805
v -0.026426 1.487631 -0.037460
v -0.035518 1.489774 -0.027448
v -0.043903 1.489774 -0.016272
v -0.050926 1.487630 -0.004805
v -0.029334 1.477399 -0.046997
v -0.038746 1.480113 -0.038031
v -0.047653 1.481090 -0.027448
v -0.055293 1.480113 -0.015975
v -0.061190 1.477399 -0.004535
v -0.031395 1.466341 -0.054709
v -0.040859 1.469151 -0.046997
v -0.050063 1.470716 -0.037460
v -0.058230 1.470716 -0.026575
v -0.064752 1.469151 -0.015151
v -0.069401 1.466341 -0.004051
v -0.078300 1.445732 0.022473
v -0.079839 1.434211 0.029817
v -0.074077 1.447557 0.033871
v -0.079610 1.421205 0.037147
v -0.074667 1.435248 0.041766
v -0.067791 1.448574 0.045462
v -0.077353 1.407520 0.043874
v -0.073355 1.421571 0.049154
v -0.067287 1.435622 0.053423
v -0.059625 1.448574 0.056347
v -0.073236 1.394174 0.049499
v -0.070093 1.407520 0.055397
v -0.064970 1.421571 0.060330
v -0.058120 1.435248 0.063822
v -0.050184 1.447557 0.065718
v -0.067796 1.382045 0.053781
v -0.065272 1.394174 0.060114
v -0.061020 1.407520 0.065644
v -0.055111 1.421205 0.069802
v -0.047983 1.434212 0.072279
v -0.040295 1.445732 0.073130
v -0.008097 1.445732 0.083262
v -0.001360 1.434212 0.086949
v 0.004403 1.447557 0.082894
v 0.005909 1.421205 0.089002
v 0.011974 1.435248 0.085877
v 0.017728 1.448574 0.080687
v 0.013213 1.407520 0.089003
v 0.019634 1.421571 0.086952
v 0.025702 1.435622 0.082683
v 0.030941 1.448574 0.076529
v 0.020009 1.394174 0.086949
v 0.026773 1.407520 0.085877
v 0.033201 1.421571 0.082683
v 0.038747 1.435248 0.077453
v 0.043061 1.447557 0.070730
v 0.025895 1.382045 0.083262
v 0.032896 1.394174 0.082894
v 0.039640 1.407520 0.080687
v 0.045549 1.421205 0.076529
v 0.050184 1.434212 0.070730
v 0.053396 1.445732 0.063912
v 0.073296 1.445732 0.037388
v 0.078999 1.434211 0.032323
v 0.076797 1.447557 0.025762
v 0.083262 1.421205 0.026262
v 0.082067 1.435248 0.019711
v 0.078747 1.448574 0.012807
v 0.085519 1.407520 0.019534
v 0.085489 1.421571 0.012987
v 0.083171 1.435621 0.006080
v 0.078747 1.448574 -0.000647
v 0.085602 1.394174 0.012641
v 0.086640 1.407520 0.006080
v 0.085489 1.421571 -0.000827
v 0.082067 1.435248 -0.007551
v 0.076797 1.447557 -0.013602
v 0.083800 1.382046 0.006080
v 0.085602 1.394174 -0.000481
v 0.085519 1.407520 -0.007374
v 0.083262 1.421205 -0.014102
v 0.078999 1.434212 -0.020163
v 0.073296 1.445732 -0.025228
v 0.053396 1.445732 -0.051752
v 0.050184 1.434212 -0.058570
v 0.043061 1.447557 -0.058570
v 0.045549 1.421205 -0.064369
v 0.038747 1.435248 -0.065293
v 0.030941 1.448574 -0.064369
v 0.039640 1.407520 -0.068527
v 0.033201 1.421571 -0.070523
v 0.025702 1.435622 -0.070523
v 0.017728 1.448574 -0.068527
v 0.032896 1.394174 -0.070734
v 0.026773 1.407520 -0.073717
v 0.019634 1.421571 -0.074792
v 0.011974 1.435248 -0.073717
v 0.004403 1.447557 -0.070734
v 0.025895 1.382045 -0.071102
v 0.020009 1.394174 -0.074789
v 0.013213 1.407520 -0.076843
v 0.005909 1.421205 -0.076842
v -0.001360 1.434212 -0.074789
v -0.008097 1.445732 -0.071102
v -0.040295 1.445732 -0.060970
v -0.047983 1.434212 -0.060119
v -0.050184 1.447557 -0.053558
v -0.055111 1.421205 -0.057642
v -0.058120 1.435248 -0.051662
v -0.059625 1.448574 -0.044187
v -0.061020 1.407520 -0.053484
v -0.064970 1.421571 -0.048170
v -0.067287 1.435621 -0.041263
v -0.067791 1.448574 -0.033302
v -0.065272 1.394174 -0.047954
v -0.070093 1.407520 -0.043237
v -0.073355 1.421571 -0.036994
v -0.074667 1.435248 -0.029606
v -0.074077 1.447557 -0.021711
v -0.067796 1.382045 -0.041621
v -0.073236 1.394174 -0.037339
v -0.077353 1.407520 -0.031714
v -0.079610 1.421204 -0.024987
v -0.079839 1.434211 -0.017657
v -0.078300 1.445732 -0.010313
v -0.025895 1.432995 0.083262
v -0.032896 1.420866 0.082894
v -0.020009 1.420866 0.086949
v -0.039640 1.407520 0.080687
v -0.026773 1.407520 0.085877
v -0.013213 1.407520 0.089003
v -0.045549 1.393835 0.076529
v -0.033201 1.393469 0.082683
v -0.019634 1.393469 0.086952
v -0.005909 1.393835 0.089002
v -0.050184 1.380828 0.070730
v -0.038747 1.379792 0.077453
v -0.025702 1.379418 0.082683
v -0.011974 1.379792 0.085877
v 0.001360 1.380828 0.086949
v -0.053396 1.369308 0.063912
v -0.043061 1.367483 0.070730
v -0.030941 1.366466 0.076529
v -0.017728 1.366466 0.080687
v -0.004403 1.367483 0.082894
v 0.008097 1.369308 0.083262
v 0.067796 1.432995 0.053781
v 0.065272 1.420866 0.060114
v 0.073236 1.420866 0.049499
v 0.061020 1.407520 0.065644
v 0.070093 1.407520 0.055397
v 0.077353 1.407520 0.043874
v 0.055111 1.393835 0.069802
v 0.064970 1.393469 0.060330
v 0.073355 1.393469 0.049154
v 0.079610 1.393835 0.037147
v 0.047983 1.380828 0.072279
v 0.058120 1.379792 0.063822
v 0.067287 1.379419 0.053423
v 0.074667 1.379792 0.041766
v 0.079839 1.380829 0.029817
v 0.040295 1.369308 0.073130
v 0.050184 1.367483 0.065718
v 0.059625 1.366466 0.056347
v 0.067791 1.366466 0.045462
v 0.074076 1.367483 0.033872
v 0.078300 1.369308 0.022473
v 0.067796 1.432995 -0.041621
v 0.073236 1.420866 -0.037339
v 0.065272 1.420866 -0.047954
v 0.077353 1.407520 -0.031714
v 0.070093 1.407520 -0.043237
v 0.061020 1.407520 -0.053484
v 0.079610 1.393835 -0.024987
v 0.073355 1.393469 -0.036994
v 0.064970 1.393469 -0.048170
v 0.055111 1.393835 -0.057642
v 0.079839 1.380829 -0.017657
v 0.074667 1.379792 -0.029606
v 0.067287 1.379419 -0.041263
v 0.058120 1.379792 -0.051662
v 0.047983 1.380828 -0.060119
v 0.078300 1.369308 -0.010313
v 0.074076 1.367483 -0.021712
v 0.067791 1.366466 -0.033302
v 0.059625 1.366466 -0.044187
v 0.050184 1.367483 -0.053558
v 0.040295 1.369308 -0.060970
v -0.025895 1.432995 -0.071102
v -0.020009 1.420866 -0.074789
v -0.032896 1.420866 -0.070734
v -0.013213 1.407520 -0.076842
v -0.026773 1.407520 -0.073717
v -0.039640 1.407520 -0.068527
v -0.005909 1.393835 -0.076842
v -0.019634 1.393469 -0.074792
v -0.033201 1.393469 -0.070523
v -0.045549 1.393835 -0.064369
v 0.001360 1.380828 -0.074789
v -0.011974 1.379792 -0.073717
v -0.025702 1.379418 -0.070523
v -0.038747 1.379792 -0.065293
v -0.050184 1.380828 -0.058570
v 0.008097 1.369308 -0.071102
v -0.004403 1.367483 -0.070734
v -0.017728 1.366466 -0.068527
v -0.030941 1.366466 -0.064369
v -0.043061 1.367483 -0.058570
v -0.053396 1.369308 -0.051752
v -0.083800 1.432994 0.006080
v -0.085602 1.420866 -0.000481
v -0.085602 1.420866 0.012641
v -0.085519 1.407520 -0.007374
v -0.086640 1.407520 0.006080
v -0.085519 1.407520 0.019534
v -0.083262 1.393835 -0.014102
v -0.085489 1.393469 -0.000827
v -0.085489 1.393469 0.012987
v -0.083262 1.393835 0.026262
v -0.078999 1.380829 -0.020163
v -0.082067 1.379792 -0.007551
v -0.083171 1.379419 0.006080
v -0.082067 1.379792 0.019711
v -0.078999 1.380829 0.032323
v -0.073296 1.369308 -0.025228
v -0.076797 1.367483 -0.013602
v -0.078747 1.366466 -0.000647
v -0.078747 1.366466 0.012807
v -0.076797 1.367483 0.025762
v -0.073296 1.369308 0.037388
v -0.049997 1.348699 0.053781
v -0.043061 1.337641 0.049499
v -0.039499 1.345889 0.060114
v -0.034593 1.327409 0.043874
v -0.031347 1.334927 0.055397
v -0.027289 1.344324 0.065644
v -0.025032 1.318952 0.037147
v -0.021952 1.325266 0.049154
v -0.018202 1.333950 0.060330
v -0.014076 1.344324 0.069802
v -0.015087 1.312897 0.029817
v -0.011973 1.317791 0.041766
v -0.008385 1.325266 0.053423
v -0.004574 1.334927 0.063822
v -0.000841 1.345889 0.072278
v -0.005500 1.309340 0.022473
v -0.002201 1.312897 0.033871
v 0.001395 1.318952 0.045462
v 0.005047 1.327410 0.056347
v 0.008483 1.337641 0.065718
v 0.011496 1.348699 0.073130
v 0.031395 1.348699 0.066869
v 0.029334 1.337641 0.059157
v 0.040859 1.345889 0.059157
v 0.026426 1.327409 0.049620
v 0.038746 1.334927 0.050191
v 0.050063 1.344324 0.049620
v 0.022774 1.318952 0.038735
v 0.035518 1.325266 0.039608
v 0.047653 1.333950 0.039608
v 0.058230 1.344324 0.038735
v 0.018649 1.312897 0.027311
v 0.031346 1.317791 0.028135
v 0.043903 1.325266 0.028432
v 0.055293 1.334928 0.028135
v 0.064752 1.345889 0.027311
v 0.014399 1.309340 0.016211
v 0.026613 1.312897 0.016695
v 0.039107 1.318952 0.016965
v 0.050926 1.327410 0.016965
v 0.061190 1.337641 0.016695
v 0.069401 1.348699 0.016211
v 0.069401 1.348699 -0.004051
v 0.061190 1.337641 -0.004535
v 0.064752 1.345889 -0.015151
v 0.050926 1.327410 -0.004805
v 0.055293 1.334928 -0.015975
v 0.058230 1.344324 -0.026575
v 0.039107 1.318952 -0.004805
v 0.043903 1.325267 -0.016272
v 0.047653 1.333950 -0.027448
v 0.050063 1.344324 -0.037460
v 0.026613 1.312897 -0.004535
v 0.031346 1.317791 -0.015975
v 0.035518 1.325266 -0.027448
v 0.038746 1.334927 -0.038031
v 0.040859 1.345889 -0.046997
v 0.014399 1.309340 -0.004051
v 0.018649 1.312897 -0.015151
v 0.022774 1.318952 -0.026575
v 0.026426 1.327410 -0.037460
v 0.029334 1.337641 -0.046997
v 0.031395 1.348699 -0.054709
v -0.062296 1.348699 0.037388
v -0.065271 1.345889 0.025762
v -0.055947 1.337641 0.032322
v -0.066929 1.344324 0.012807
v -0.058120 1.334927 0.019711
v -0.047806 1.327409 0.026262
v -0.066929 1.344324 -0.000647
v -0.058902 1.333950 0.006080
v -0.049085 1.325266 0.012987
v -0.038245 1.318952 0.019534
v -0.065271 1.345889 -0.013602
v -0.058120 1.334928 -0.007551
v -0.049085 1.325267 -0.000827
v -0.038746 1.317791 0.006080
v -0.027973 1.312897 0.012641
v -0.062296 1.348699 -0.025228
v -0.055947 1.337641 -0.020163
v -0.047806 1.327410 -0.014102
v -0.038245 1.318952 -0.007374
v -0.027973 1.312897 -0.000481
v -0.017799 1.309340 0.006080
v 0.011496 1.348699 -0.060970
v 0.008483 1.337641 -0.053558
v -0.000841 1.345889 -0.060118
v 0.005047 1.327409 -0.044187
v -0.004574 1.334927 -0.051662
v -0.014076 1.344324 -0.057642
v 0.001395 1.318952 -0.033302
v -0.008385 1.325266 -0.041263
v -0.018202 1.333950 -0.048170
v -0.027289 1.344324 -0.053484
v -0.002201 1.312897 -0.021711
v -0.011974 1.317791 -0.029606
v -0.021952 1.325266 -0.036994
v -0.031347 1.334927 -0.043237
v -0.039499 1.345889 -0.047954
v -0.005500 1.309340 -0.010313
v -0.015087 1.312897 -0.017657
v -0.025032 1.318952 -0.024987
v -0.034593 1.327410 -0.031714
v -0.043061 1.337641 -0.037339
v -0.049997 1.348699 -0.041621
v 0.000000 1.322704 0.018240
v -0.027057 1.338332 -0.000459
v 0.010335 1.338332 -0.012016
v 0.033444 1.338332 0.018240
v 0.010335 1.338332 0.048496
v -0.027057 1.338332 0.036939
v -0.010335 1.363620 -0.012016
v 0.027057 1.363620 -0.000459
v 0.027057 1.363620 0.036939
v -0.010335 1.363620 0.048496
v -0.033444 1.363620 0.018240
v 0.000000 1.379248 0.018240
v 0.008706 1.332387 -0.007247
v 0.006075 1.326926 0.000456
v 0.002902 1.323610 0.009744
v -0.007597 1.323610 0.012990
v -0.015904 1.326926 0.007249
v -0.022792 1.332387 0.002488
v -0.019890 1.336775 -0.006007
v -0.009829 1.336112 -0.010535
v 0.001108 1.336775 -0.012497
v -0.030390 1.336775 0.028741
v -0.031807 1.336112 0.018240
v -0.030390 1.336775 0.007739
v -0.007597 1.323610 0.023490
v -0.015904 1.326926 0.029231
v -0.022792 1.332387 0.033992
v 0.028173 1.332387 0.018240
v 0.019658 1.326926 0.018240
v 0.009391 1.323610 0.018240
v 0.018097 1.336775 -0.007247
v 0.025733 1.336112 0.000456
v 0.031075 1.336775 0.009744
v 0.008706 1.332387 0.043727
v 0.006075 1.326926 0.036024
v 0.002902 1.323610 0.026736
v 0.031075 1.336775 0.026736
v 0.025733 1.336112 0.036024
v 0.018097 1.336775 0.043727
v 0.001108 1.336775 0.048977
v -0.009829 1.336112 0.047015
v -0.019890 1.336775 0.042487
v -0.035770 1.358076 0.012990
v -0.035562 1.350976 0.007249
v -0.032183 1.343875 0.002488
v -0.032183 1.343875 0.033992
v -0.035562 1.350976 0.029231
v -0.035770 1.358076 0.023490
v -0.005804 1.358077 -0.015742
v 0.000000 1.350976 -0.017328
v 0.005804 1.343875 -0.015742
v -0.025694 1.343875 -0.006007
v -0.021978 1.350976 -0.010535
v -0.016303 1.358077 -0.012497
v 0.032183 1.358077 0.002488
v 0.035562 1.350976 0.007249
v 0.035770 1.343876 0.012990
v 0.016303 1.343875 -0.012497
v 0.021978 1.350976 -0.010535
v 0.025694 1.358077 -0.006007
v 0.025694 1.358077 0.042487
v 0.021978 1.350976 0.047015
v 0.016303 1.343875 0.048977
v 0.035770 1.343876 0.023490
v 0.035562 1.350976 0.029231
v 0.032183 1.358077 0.033992
v -0.016303 1.358077 0.048977
v -0.021978 1.350976 0.047015
v -0.025694 1.343875 0.042487
v 0.005804 1.343875 0.052222
v 0.000000 1.350976 0.053808
v -0.005804 1.358077 0.052222
v -0.031075 1.365177 0.009744
v -0.025733 1.365840 0.000456
v -0.018097 1.365177 -0.007247
v -0.001108 1.365177 -0.012497
v 0.009829 1.365840 -0.010535
v 0.019890 1.365177 -0.006007
v 0.030390 1.365177 0.007739
v 0.031807 1.365840 0.018240
v 0.030390 1.365177 0.028741
v 0.019890 1.365177 0.042487
v 0.009829 1.365840 0.047015
v -0.001108 1.365177 0.048977
v -0.018097 1.365177 0.043727
v -0.025733 1.365840 0.036024
v -0.031075 1.365177 0.026736
v -0.002902 1.378342 0.009744
v -0.006075 1.375026 0.000456
v -0.008706 1.369565 -0.007247
v -0.028173 1.369565 0.018240
v -0.019658 1.375026 0.018240
v -0.009391 1.378342 0.018240
v 0.007597 1.378342 0.012990
v 0.015904 1.375026 0.007249
v 0.022792 1.369565 0.002488
v 0.007597 1.378342 0.023490
v 0.015904 1.375026 0.029231
v 0.022792 1.369565 0.033992
v -0.002902 1.378342 0.026736
v -0.006075 1.375026 0.036024
v -0.008706 1.369565 0.043727
v -0.013528 1.376263 0.027590
v -0.023863 1.371434 0.027590
v -0.016722 1.371434 0.036939
v 0.005167 1.376263 0.033368
v 0.001974 1.371434 0.042717
v 0.013529 1.371434 0.039146
v 0.016722 1.376263 0.018240
v 0.025083 1.371434 0.024018
v 0.025083 1.371434 0.012462
v 0.005167 1.376263 0.003112
v 0.013529 1.371434 -0.002666
v 0.001974 1.371434 -0.006237
v -0.013528 1.376263 0.008890
v -0.016722 1.371434 -0.000459
v -0.023863 1.371434 0.008890
v -0.032225 1.358790 0.033368
v -0.030251 1.350976 0.039146
v -0.025083 1.358790 0.042718
v 0.005168 1.358790 0.052067
v 0.011555 1.350976 0.052067
v 0.016722 1.358790 0.048496
v 0.035418 1.358790 0.024018
v 0.037392 1.350976 0.018240
v 0.035418 1.358790 0.012462
v 0.016722 1.358790 -0.012016
v 0.011555 1.350976 -0.015587
v 0.005168 1.358790 -0.015587
v -0.025083 1.358790 -0.006238
v -0.030251 1.350976 -0.002666
v -0.032225 1.358790 0.003112
v -0.011555 1.350976 0.052067
v -0.016722 1.343162 0.048496
v -0.005168 1.343162 0.052067
v 0.030251 1.350976 0.039146
v 0.025083 1.343162 0.042718
v 0.032225 1.343162 0.033368
v 0.030251 1.350976 -0.002666
v 0.032225 1.343162 0.003112
v 0.025083 1.343162 -0.006238
v -0.011555 1.350976 -0.015587
v -0.005168 1.343162 -0.015587
v -0.016722 1.343162 -0.012016
v -0.037392 1.350976 0.018240
v -0.035418 1.343162 0.012462
v -0.035418 1.343162 0.024018
v -0.013529 1.330518 0.039146
v -0.005167 1.325689 0.033368
v -0.001974 1.330518 0.042717
v 0.016722 1.330518 0.036939
v 0.013528 1.325689 0.027589
v 0.023863 1.330518 0.027590
v 0.023863 1.330518 0.008890
v 0.013528 1.325689 0.008890
v 0.016722 1.330518 -0.000459
v -0.025083 1.330518 0.024018
v -0.025083 1.330518 0.012462
v -0.016722 1.325689 0.018240
v -0.001974 1.330518 -0.006237
v -0.005168 1.325689 0.003112
v -0.013529 1.330518 -0.002666
v -0.085728 1.383808 0.006080
v -0.092327 1.393891 -0.002071
v -0.083207 1.393891 -0.007108
v -0.077571 1.393891 0.006080
v -0.083207 1.393891 0.019268
v -0.092327 1.393891 0.014231
v -0.088249 1.410205 -0.007108
v -0.079129 1.410205 -0.002071
v -0.079129 1.410205 0.014231
v -0.088249 1.410205 0.019268
v -0.093885 1.410205 0.006080
v -0.085728 1.420288 0.006080
v -0.084246 1.386532 -0.001672
v -0.089607 1.386532 0.001289
v -0.088125 1.392459 -0.006463
v -0.093486 1.392459 0.006080
v -0.089607 1.386532 0.010871
v -0.080933 1.386532 0.006080
v -0.079452 1.392459 -0.001672
v -0.084246 1.386532 0.013832
v -0.079452 1.392459 0.013832
v -0.088125 1.392459 0.018623
v -0.094402 1.402048 0.001289
v -0.094402 1.402048 0.010871
v -0.085728 1.402048 -0.009424
v -0.091089 1.402048 -0.006463
v -0.077054 1.402048 0.001289
v -0.080367 1.402048 -0.006463
v -0.080367 1.402048 0.018623
v -0.077054 1.402048 0.010871
v -0.091089 1.402048 0.018623
v -0.085728 1.402048 0.021584
v -0.092004 1.411637 -0.001672
v -0.083331 1.411637 -0.006463
v -0.077970 1.411637 0.006080
v -0.083331 1.411637 0.018623
v -0.092004 1.411637 0.013832
v -0.087210 1.417564 -0.001672
v -0.090523 1.417564 0.006080
v -0.081849 1.417564 0.001289
v -0.081849 1.417564 0.010871
v -0.087210 1.417564 0.013832
v 0.085728 1.383808 0.006080
v 0.079129 1.393891 -0.002071
v 0.088249 1.393891 -0.007108
v 0.093885 1.393891 0.006080
v 0.088249 1.393891 0.019268
v 0.079129 1.393891 0.014231
v 0.083207 1.410205 -0.007108
v 0.092327 1.410205 -0.002071
v 0.092327 1.410205 0.014231
v 0.083207 1.410205 0.019268
v 0.077571 1.410205 0.006080
v 0.085728 1.420288 0.006080
v 0.087210 1.386532 -0.001672
v 0.081849 1.386532 0.001289
v 0.083331 1.392459 -0.006463
v 0.077970 1.392459 0.006080
v 0.081849 1.386532 0.010871
v 0.090523 1.386532 0.006080
v 0.092004 1.392459 -0.001672
v 0.087210 1.386532 0.013832
v 0.092004 1.392459 0.013832
v 0.083331 1.392459 0.018623
v 0.077054 1.402048 0.001289
v 0.077054 1.402048 0.010871
v 0.085728 1.402048 -0.009424
v 0.080367 1.402048 -0.006463
v 0.094402 1.402048 0.001289
v 0.091089 1.402048 -0.006463
v 0.091089 1.402048 0.018623
v 0.094402 1.402048 0.010871
v 0.080367 1.402048 0.018623
v 0.085728 1.402048 0.021584
v 0.079452 1.411637 -0.001672
v 0.088125 1.411637 -0.006463
v 0.093486 1.411637 0.006080
v 0.088125 1.411637 0.018623
v 0.079452 1.411637 0.013832
v 0.084246 1.417564 -0.001672
v 0.080933 1.417564 0.006080
v 0.089607 1.417564 0.001289
v 0.089607 1.417564 0.010871
v 0.084246 1.417564 0.013832
v -0.036480 1.392540 0.079040
v -0.049349 1.403846 0.073898
v -0.031565 1.403846 0.070720
v -0.020574 1.403846 0.079040
v -0.031565 1.403846 0.087360
v -0.049349 1.403846 0.084182
v -0.041395 1.422138 0.070720
v -0.023611 1.422138 0.073898
v -0.023611 1.422138 0.084182
v -0.041395 1.422138 0.087360
v -0.052386 1.422138 0.079040
v -0.036480 1.433444 0.079040
v -0.033591 1.395595 0.074149
v -0.044044 1.395595 0.076017
v -0.041155 1.402240 0.071127
v -0.051608 1.402240 0.079040
v -0.044044 1.395595 0.082062
v -0.027130 1.395595 0.079040
v -0.024241 1.402240 0.074149
v -0.033591 1.395595 0.083931
v -0.024241 1.402240 0.083931
v -0.041155 1.402240 0.086953
v -0.053394 1.412992 0.076017
v -0.053394 1.412992 0.082063
v -0.036480 1.412992 0.069259
v -0.046933 1.412992 0.071127
v -0.019566 1.412992 0.076017
v -0.026027 1.412992 0.071127
v -0.026027 1.412992 0.086953
v -0.019566 1.412992 0.082063
v -0.046933 1.412992 0.086953
v -0.036480 1.412992 0.088821
v -0.048719 1.423744 0.074149
v -0.031805 1.423744 0.071127
v -0.021352 1.423744 0.079040
v -0.031805 1.423744 0.086953
v -0.048719 1.423744 0.083931
v -0.039369 1.430389 0.074149
v -0.045830 1.430389 0.079040
v -0.028916 1.430389 0.076017
v -0.028916 1.430389 0.082062
v -0.039369 1.430389 0.083931
v -0.036480 1.403416 0.088160
v -0.043409 1.408709 0.085139
v -0.033833 1.408709 0.083273
v -0.027915 1.408709 0.088160
v -0.033833 1.408709 0.093047
v -0.043409 1.408709 0.091181
v -0.039127 1.417275 0.083273
v -0.029551 1.417275 0.085139
v -0.029551 1.417275 0.091181
v -0.039127 1.417275 0.093047
v -0.045045 1.417275 0.088160
v -0.036480 1.422568 0.088160
v -0.034924 1.404846 0.085287
v -0.040553 1.404846 0.086385
v -0.038997 1.407958 0.083512
v -0.044626 1.407958 0.088160
v -0.040553 1.404846 0.089935
v -0.031446 1.404846 0.088160
v -0.029890 1.407958 0.085287
v -0.034924 1.404846 0.091033
v -0.029890 1.407958 0.091033
v -0.038997 1.407958 0.092808
v -0.045587 1.412992 0.086385
v -0.045587 1.412992 0.089935
v -0.036480 1.412992 0.082414
v -0.042109 1.412992 0.083512
v -0.027373 1.412992 0.086385
v -0.030851 1.412992 0.083512
v -0.030851 1.412992 0.092808
v -0.027373 1.412992 0.089935
v -0.042109 1.412992 0.092808
v -0.036480 1.412992 0.093906
v -0.043070 1.418026 0.085287
v -0.033963 1.418026 0.083512
v -0.028334 1.418026 0.088160
v -0.033963 1.418026 0.092808
v -0.043070 1.418026 0.091033
v -0.038036 1.421138 0.085287
v -0.041514 1.421138 0.088160
v -0.032407 1.421138 0.086385
v -0.032407 1.421138 0.089935
v -0.038036 1.421138 0.091033
v -0.036480 1.408614 0.093632
v -0.039648 1.411034 0.091331
v -0.035270 1.411034 0.089908
v -0.032565 1.411034 0.093632
v -0.035270 1.411034 0.097356
v -0.039648 1.411034 0.095933
v -0.037690 1.414950 0.089908
v -0.033312 1.414950 0.091331
v -0.033312 1.414950 0.095933
v -0.037690 1.414950 0.097356
v -0.040395 1.414950 0.093632
v -0.036480 1.417370 0.093632
v -0.030096 1.417005 0.095456
v -0.031812 1.418316 0.094209
v -0.029441 1.418316 0.093439
v -0.027975 1.418316 0.095456
v -0.029441 1.418316 0.097473
v -0.031812 1.418316 0.096703
v -0.030751 1.420437 0.093439
v -0.028380 1.420437 0.094209
v -0.028380 1.420437 0.096703
v -0.030751 1.420437 0.097473
v -0.032217 1.420437 0.095456
v -0.030096 1.421747 0.095456
v -0.021023 1.437248 0.081320
v -0.019635 1.444874 0.081320
v -0.021023 1.437248 0.087704
v -0.019635 1.444874 0.087704
v -0.053325 1.443126 0.081320
v -0.051937 1.450752 0.081320
v -0.053325 1.443126 0.087704
v -0.051937 1.450752 0.087704
v 0.036480 1.392540 0.079040
v 0.023611 1.403846 0.073898
v 0.041395 1.403846 0.070720
v 0.052386 1.403846 0.079040
v 0.041395 1.403846 0.087360
v 0.023611 1.403846 0.084182
v 0.031565 1.422138 0.070720
v 0.049349 1.422138 0.073898
v 0.049349 1.422138 0.084182
v 0.031565 1.422138 0.087360
v 0.020574 1.422138 0.079040
v 0.036480 1.433444 0.079040
v 0.039369 1.395595 0.074149
v 0.028916 1.395595 0.076017
v 0.031805 1.402240 0.071127
v 0.021352 1.402240 0.079040
v 0.028916 1.395595 0.082062
v 0.045830 1.395595 0.079040
v 0.048719 1.402240 0.074149
v 0.039369 1.395595 0.083931
v 0.048719 1.402240 0.083931
v 0.031805 1.402240 0.086953
v 0.019566 1.412992 0.076017
v 0.019566 1.412992 0.082063
v 0.036480 1.412992 0.069259
v 0.026027 1.412992 0.071127
v 0.053394 1.412992 0.076017
v 0.046933 1.412992 0.071127
v 0.046933 1.412992 0.086953
v 0.053394 1.412992 0.082063
v 0.026027 1.412992 0.086953
v 0.036480 1.412992 0.088821
v 0.024241 1.423744 0.074149
v 0.041155 1.423744 0.071127
v 0.051608 1.423744 0.079040
v 0.041155 1.423744 0.086953
v 0.024241 1.423744 0.083931
v 0.033591 1.430389 0.074149
v 0.027130 1.430389 0.079040
v 0.044044 1.430389 0.076017
v 0.044044 1.430389 0.082062
v 0.033591 1.430389 0.083931
v 0.036480 1.403416 0.088160
v 0.029551 1.408709 0.085139
v 0.039127 1.408709 0.083273
v 0.045045 1.408709 0.088160
v 0.039127 1.408709 0.093047
v 0.029551 1.408709 0.091181
v 0.033833 1.417275 0.083273
v 0.043409 1.417275 0.085139
v 0.043409 1.417275 0.091181
v 0.033833 1.417275 0.093047
v 0.027915 1.417275 0.088160
v 0.036480 1.422568 0.088160
v 0.038036 1.404846 0.085287
v 0.032407 1.404846 0.086385
v 0.033963 1.407958 0.083512
v 0.028334 1.407958 0.088160
v 0.032407 1.404846 0.089935
v 0.041514 1.404846 0.088160
v 0.043070 1.407958 0.085287
v 0.038036 1.404846 0.091033
v 0.043070 1.407958 0.091033
v 0.033963 1.407958 0.092808
v 0.027373 1.412992 0.086385
v 0.027373 1.412992 0.089935
v 0.036480 1.412992 0.082414
v 0.030851 1.412992 0.083512
v 0.045587 1.412992 0.086385
v 0.042109 1.412992 0.083512
v 0.042109 1.412992 0.092808
v 0.045587 1.412992 0.089935
v 0.030851 1.412992 0.092808
v 0.036480 1.412992 0.093906
v 0.029890 1.418026 0.085287
v 0.038997 1.418026 0.083512
v 0.044626 1.418026 0.088160
v 0.038997 1.418026 0.092808
v 0.029890 1.418026 0.091033
v 0.034924 1.421138 0.085287
v 0.031446 1.421138 0.088160
v 0.040553 1.421138 0.086385
v 0.040553 1.421138 0.089935
v 0.034924 1.421138 0.091033
v 0.036480 1.408614 0.093632
v 0.033312 1.411034 0.091331
v 0.037690 1.411034 0.089908
v 0.040395 1.411034 0.093632
v 0.037690 1.411034 0.097356
v 0.033312 1.411034 0.095933
v 0.035270 1.414950 0.089908
v 0.039648 1.414950 0.091331
v 0.039648 1.414950 0.095933
v 0.035270 1.414950 0.097356
v 0.032565 1.414950 0.093632
v 0.036480 1.417370 0.093632
v 0.030096 1.417005 0.095456
v 0.028380 1.418316 0.094209
v 0.030751 1.418316 0.093439
v 0.032217 1.418316 0.095456
v 0.030751 1.418316 0.097473
v 0.028380 1.418316 0.096703
v 0.029441 1.420437 0.093439
v 0.031812 1.420437 0.094209
v 0.031812 1.420437 0.096703
v 0.029441 1.420437 0.097473
v 0.027975 1.420437 0.095456
v 0.030096 1.421747 0.095456
v 0.053325 1.443126 0.081320
v 0.051937 1.450752 0.081320
v 0.053325 1.443126 0.087704
v 0.051937 1.450752 0.087704
v 0.021023 1.437248 0.081320
v 0.019635 1.444874 0.081320
v 0.021023 1.437248 0.087704
v 0.019635 1.444874 0.087704
v 0.000000 1.380092 0.093632
v -0.005464 1.386179 0.088945
v 0.002087 1.386179 0.086049
v 0.006754 1.386179 0.093632
v 0.002087 1.386179 0.101215
v -0.005464 1.386179 0.098319
v -0.002087 1.396029 0.086049
v 0.005464 1.396029 0.088945
v 0.005464 1.396029 0.098319
v -0.002087 1.396029 0.101215
v -0.006754 1.396029 0.093632
v 0.000000 1.402116 0.093632
v 0.001227 1.381736 0.089175
v -0.003212 1.381736 0.090877
v -0.001985 1.385314 0.086420
v -0.006424 1.385314 0.093632
v -0.003212 1.381736 0.096387
v 0.003970 1.381736 0.093632
v 0.005197 1.385314 0.089175
v 0.001227 1.381736 0.098089
v 0.005197 1.385314 0.098089
v -0.001985 1.385314 0.100844
v -0.007182 1.391104 0.090877
v -0.007182 1.391104 0.096387
v 0.000000 1.391104 0.084717
v -0.004439 1.391104 0.086420
v 0.007182 1.391104 0.090877
v 0.004439 1.391104 0.086420
v 0.004439 1.391104 0.100844
v 0.007182 1.391104 0.096387
v -0.004439 1.391104 0.100844
v 0.000000 1.391104 0.102547
v -0.005197 1.396894 0.089175
v 0.001985 1.396894 0.086420
v 0.006424 1.396894 0.093632
v 0.001985 1.396894 0.100844
v -0.005197 1.396894 0.098089
v -0.001227 1.400472 0.089175
v -0.003970 1.400472 0.093632
v 0.003212 1.400472 0.090877
v 0.003212 1.400472 0.096387
v -0.001227 1.400472 0.098089
v 0.019152 1.356676 0.084968
v 0.019152 1.363516 0.084968
v 0.019152 1.356676 0.091352
v 0.019152 1.363516 0.091352
v -0.019152 1.356676 0.084968
v -0.019152 1.363516 0.084968
v -0.019152 1.356676 0.091352
v -0.019152 1.363516 0.091352
v 0.000000 1.354259 -0.009120
v -0.068633 1.398825 -0.059981
v 0.026215 1.398825 -0.091416
v 0.084835 1.398825 -0.009120
v 0.026215 1.398825 0.073176
v -0.068633 1.398825 0.041741
v -0.026215 1.470935 -0.091416
v 0.068633 1.470935 -0.059981
v 0.068633 1.470935 0.041741
v -0.026215 1.470935 0.073176
v -0.084835 1.470935 -0.009120
v 0.000000 1.515501 -0.009120
v 0.022083 1.381870 -0.078444
v 0.015409 1.366300 -0.057492
v 0.007361 1.356843 -0.032228
v -0.019271 1.356843 -0.023401
v -0.040341 1.366300 -0.039015
v -0.057814 1.381870 -0.051964
v -0.050454 1.394384 -0.075072
v -0.024933 1.392495 -0.087388
v 0.002811 1.394384 -0.092725
v -0.077086 1.394384 0.019443
v -0.080682 1.392495 -0.009120
v -0.077086 1.394384 -0.037683
v -0.019271 1.356843 0.005161
v -0.040341 1.366300 0.020775
v -0.057814 1.381870 0.033724
v 0.071462 1.381871 -0.009120
v 0.049864 1.366300 -0.009120
v 0.023821 1.356843 -0.009120
v 0.045904 1.394384 -0.078444
v 0.065273 1.392495 -0.057492
v 0.078823 1.394384 -0.032228
v 0.022083 1.381870 0.060204
v 0.015409 1.366300 0.039252
v 0.007361 1.356843 0.013988
v 0.078823 1.394384 0.013988
v 0.065273 1.392495 0.039252
v 0.045904 1.394384 0.060204
v 0.002811 1.394384 0.074485
v -0.024933 1.392495 0.069148
v -0.050454 1.394384 0.056832
v -0.090734 1.455128 -0.023401
v -0.090206 1.434880 -0.039015
v -0.081635 1.414632 -0.051964
v -0.081635 1.414632 0.033724
v -0.090206 1.434880 0.020775
v -0.090734 1.455128 0.005161
v -0.014722 1.455128 -0.101552
v 0.000000 1.434880 -0.105865
v 0.014722 1.414632 -0.101552
v -0.065176 1.414632 -0.075073
v -0.055750 1.434880 -0.087388
v -0.041354 1.455128 -0.092726
v 0.081635 1.455128 -0.051964
v 0.090206 1.434880 -0.039015
v 0.090734 1.414632 -0.023401
v 0.041354 1.414632 -0.092726
v 0.055750 1.434880 -0.087388
v 0.065176 1.455128 -0.075073
v 0.065176 1.455128 0.056833
v 0.055750 1.434880 0.069148
v 0.041354 1.414632 0.074486
v 0.090734 1.414632 0.005161
v 0.090206 1.434880 0.020775
v 0.081635 1.455128 0.033724
v -0.041354 1.455128 0.074486
v -0.055750 1.434880 0.069148
v -0.065176 1.414632 0.056833
v 0.014722 1.414632 0.083312
v -0.000000 1.434880 0.087625
v -0.014722 1.455128 0.083312
v -0.078823 1.475376 -0.032228
v -0.065273 1.477265 -0.057492
v -0.045904 1.475376 -0.078444
v -0.002811 1.475376 -0.092725
v 0.024933 1.477265 -0.087388
v 0.050454 1.475376 -0.075072
v 0.077086 1.475376 -0.037683
v 0.080682 1.477265 -0.009120
v 0.077086 1.475376 0.019443
v 0.050454 1.475376 0.056832
v 0.024933 1.477265 0.069148
v -0.002811 1.475376 0.074485
v -0.045904 1.475376 0.060204
v -0.065273 1.477265 0.039252
v -0.078823 1.475376 0.013988
v -0.007361 1.512917 -0.032228
v -0.015409 1.503460 -0.057492
v -0.022083 1.487890 -0.078444
v -0.071462 1.487889 -0.009120
v -0.049864 1.503460 -0.009120
v -0.023821 1.512917 -0.009120
v 0.019271 1.512917 -0.023401
v 0.040341 1.503460 -0.039015
v 0.057814 1.487890 -0.051964
v 0.019271 1.512917 0.005161
v 0.040341 1.503460 0.020775
v 0.057814 1.487890 0.033724
v -0.007361 1.512917 0.013988
v -0.015409 1.503460 0.039252
v -0.022083 1.487890 0.060204
v -0.034316 1.506990 0.016311
v -0.060531 1.493218 0.016311
v -0.042417 1.493218 0.041742
v 0.013108 1.506990 0.032028
v 0.005007 1.493218 0.057458
v 0.034316 1.493218 0.047745
v 0.042417 1.506990 -0.009120
v 0.063626 1.493218 0.006597
v 0.063626 1.493218 -0.024837
v 0.013108 1.506990 -0.050268
v 0.034316 1.493218 -0.065985
v 0.005007 1.493218 -0.075698
v -0.034316 1.506990 -0.034551
v -0.042417 1.493218 -0.059982
v -0.060531 1.493218 -0.034551
v -0.081740 1.457163 0.032028
v -0.076734 1.434880 0.047745
v -0.063626 1.457163 0.057459
v 0.013108 1.457163 0.082890
v 0.029310 1.434880 0.082890
v 0.042417 1.457163 0.073176
v 0.089841 1.457163 0.006597
v 0.094848 1.434880 -0.009120
v 0.089841 1.457163 -0.024837
v 0.042418 1.457163 -0.091416
v 0.029310 1.434880 -0.101130
v 0.013108 1.457163 -0.101130
v -0.063626 1.457163 -0.075699
v -0.076734 1.434880 -0.065985
v -0.081740 1.457163 -0.050268
v -0.029310 1.434880 0.082890
v -0.042418 1.412597 0.073176
v -0.013108 1.412597 0.082890
v 0.076734 1.434880 0.047745
v 0.063626 1.412597 0.057459
v 0.081740 1.412597 0.032028
v 0.076734 1.434880 -0.065985
v 0.081740 1.412597 -0.050268
v 0.063626 1.412597 -0.075699
v -0.029310 1.434880 -0.101130
v -0.013108 1.412597 -0.101130
v -0.042418 1.412597 -0.091416
v -0.094848 1.434880 -0.009120
v -0.089841 1.412597 -0.024837
v -0.089841 1.412597 0.006597
v -0.034316 1.376542 0.047745
v -0.013108 1.362770 0.032028
v -0.005007 1.376542 0.057459
v 0.042417 1.376542 0.041741
v 0.034316 1.362770 0.016311
v 0.060531 1.376542 0.016311
v 0.060531 1.376542 -0.034551
v 0.034316 1.362770 -0.034551
v 0.042417 1.376542 -0.059982
v -0.063626 1.376542 0.006597
v -0.063626 1.376542 -0.024837
v -0.042417 1.362770 -0.009120
v -0.005007 1.376542 -0.075698
v -0.013108 1.362770 -0.050268
v -0.034316 1.376542 -0.065985
v 0.000000 1.328267 -0.050160
v -0.051475 1.369556 -0.073347
v 0.019661 1.369556 -0.087677
v 0.063626 1.369556 -0.050160
v 0.019661 1.369556 -0.012643
v -0.051475 1.369556 -0.026973
v -0.019661 1.436364 -0.087677
v 0.051475 1.436364 -0.073347
v 0.051475 1.436364 -0.026973
v -0.019661 1.436364 -0.012643
v -0.063626 1.436364 -0.050160
v 0.000000 1.477653 -0.050160
v 0.011556 1.339422 -0.072212
v -0.030256 1.339422 -0.063789
v -0.018699 1.363691 -0.085841
v -0.060512 1.363691 -0.050160
v -0.030256 1.339422 -0.036531
v 0.037398 1.339422 -0.050160
v 0.048955 1.363691 -0.072212
v 0.011556 1.339422 -0.028108
v 0.048955 1.363691 -0.028108
v -0.018699 1.363691 -0.014479
v -0.067654 1.402960 -0.063789
v -0.067654 1.402960 -0.036531
v 0.000000 1.402960 -0.094264
v -0.041813 1.402960 -0.085841
v 0.067654 1.402960 -0.063789
v 0.041813 1.402960 -0.085841
v 0.041813 1.402960 -0.014479
v 0.067654 1.402960 -0.036531
v -0.041813 1.402960 -0.014479
v 0.000000 1.402960 -0.006056
v -0.048955 1.442229 -0.072212
v 0.018699 1.442229 -0.085841
v 0.060512 1.442229 -0.050160
v 0.018699 1.442229 -0.014479
v -0.048955 1.442229 -0.028108
v -0.011556 1.466498 -0.072212
v -0.037398 1.466498 -0.050160
v 0.030256 1.466498 -0.063789
v 0.030256 1.466498 -0.036531
v -0.011556 1.466498 -0.028108
v 0.000000 1.375600 -0.082080
v -0.026397 1.395765 -0.101258
v 0.010083 1.395765 -0.113112
v 0.032629 1.395766 -0.082080
v 0.010083 1.395765 -0.051048
v -0.026397 1.395765 -0.062902
v -0.010083 1.428395 -0.113112
v 0.026397 1.428395 -0.101258
v 0.026397 1.428395 -0.062902
v -0.010083 1.428395 -0.051048
v -0.032629 1.428394 -0.082080
v 0.000000 1.448560 -0.082080
v 0.005926 1.381048 -0.100320
v -0.015516 1.381048 -0.093353
v -0.009589 1.392901 -0.111593
v -0.031032 1.392901 -0.082080
v -0.015516 1.381048 -0.070807
v 0.019179 1.381048 -0.082080
v 0.025105 1.392901 -0.100320
v 0.005926 1.381048 -0.063840
v 0.025105 1.392901 -0.063840
v -0.009589 1.392901 -0.052567
v -0.034695 1.412080 -0.093353
v -0.034695 1.412080 -0.070807
v 0.000000 1.412080 -0.118560
v -0.021442 1.412080 -0.111593
v 0.034695 1.412080 -0.093353
v 0.021442 1.412080 -0.111593
v 0.021442 1.412080 -0.052567
v 0.034695 1.412080 -0.070807
v -0.021442 1.412080 -0.052567
v 0.000000 1.412080 -0.045600
v -0.025105 1.431259 -0.100320
v 0.009589 1.431259 -0.111593
v 0.031032 1.431259 -0.082080
v 0.009589 1.431259 -0.052567
v -0.025105 1.431259 -0.063840
v -0.005926 1.443112 -0.100320
v -0.019179 1.443112 -0.082080
v 0.015516 1.443112 -0.093353
v 0.015516 1.443112 -0.070807
v -0.005926 1.443112 -0.063840
v -0.042864 1.412080 -0.082080
v -0.042253 1.413692 -0.083692
v -0.040584 1.414872 -0.084872
v -0.038304 1.415304 -0.085304
v -0.036024 1.414872 -0.084872
v -0.034355 1.413692 -0.083692
v -0.033744 1.412080 -0.082080
v -0.034355 1.410468 -0.080468
v -0.036024 1.409288 -0.079288
v -0.038304 1.408856 -0.078856
v -0.040584 1.409288 -0.079288
v -0.042253 1.410468 -0.080468
v -0.042497 1.416036 -0.078124
v -0.041892 1.417592 -0.079792
v -0.040237 1.418618 -0.081127
v -0.037976 1.418840 -0.081769
v -0.035716 1.418197 -0.081548
v -0.034061 1.416863 -0.080521
v -0.033455 1.415195 -0.078966
v -0.034061 1.413639 -0.077297
v -0.035716 1.412613 -0.075963
v -0.037976 1.412391 -0.075320
v -0.040237 1.413033 -0.075542
v -0.041892 1.414368 -0.076568
v -0.041403 1.419925 -0.074235
v -0.040813 1.421425 -0.075959
v -0.039201 1.422300 -0.077445
v -0.036999 1.422315 -0.078294
v -0.034797 1.421465 -0.078280
v -0.033184 1.419980 -0.077405
v -0.032594 1.418256 -0.075904
v -0.033184 1.416755 -0.074180
v -0.034797 1.415880 -0.072695
v -0.036999 1.415866 -0.071845
v -0.039201 1.416715 -0.071860
v -0.040813 1.418201 -0.072735
v -0.039601 1.423679 -0.070481
v -0.039037 1.425126 -0.072259
v -0.037495 1.425854 -0.073890
v -0.035388 1.425669 -0.074939
v -0.033282 1.424621 -0.075124
v -0.031740 1.422989 -0.074396
v -0.031175 1.421211 -0.072949
v -0.031740 1.419764 -0.071171
v -0.033282 1.419036 -0.069540
v -0.035388 1.419221 -0.068491
v -0.037495 1.420270 -0.068306
v -0.039037 1.421901 -0.069034
v -0.037121 1.427235 -0.066925
v -0.036592 1.428631 -0.068753
v -0.035147 1.429221 -0.070524
v -0.033172 1.428847 -0.071762
v -0.031198 1.427609 -0.072136
v -0.029752 1.425839 -0.071546
v -0.029223 1.424010 -0.070150
v -0.029752 1.422614 -0.068321
v -0.031198 1.422024 -0.066551
v -0.033172 1.422398 -0.065313
v -0.035147 1.423636 -0.064939
v -0.036592 1.425407 -0.065529
v -0.034006 1.430531 -0.063629
v -0.033522 1.431880 -0.065504
v -0.032197 1.432342 -0.067403
v -0.030389 1.431793 -0.068816
v -0.028580 1.430379 -0.069366
v -0.027256 1.428481 -0.068904
v -0.026771 1.426605 -0.067555
v -0.027256 1.425256 -0.065679
v -0.028580 1.424794 -0.063781
v -0.030389 1.425344 -0.062367
v -0.032197 1.426757 -0.061818
v -0.033522 1.428656 -0.062280
v -0.030309 1.433512 -0.060648
v -0.029877 1.434819 -0.062566
v -0.028697 1.435164 -0.064580
v -0.027085 1.434456 -0.066152
v -0.025473 1.432884 -0.066860
v -0.024293 1.430870 -0.066515
v -0.023861 1.428952 -0.065208
v -0.024293 1.427645 -0.063290
v -0.025473 1.427300 -0.061276
v -0.027085 1.428008 -0.059704
v -0.028697 1.429580 -0.058996
v -0.029877 1.431594 -0.059341
v -0.026094 1.436126 -0.058034
v -0.025722 1.437396 -0.059989
v -0.024706 1.437639 -0.062105
v -0.023318 1.436792 -0.063816
v -0.021930 1.435081 -0.064663
v -0.020914 1.432965 -0.064420
v -0.020542 1.431010 -0.063150
v -0.020914 1.429740 -0.061195
v -0.021930 1.429497 -0.059079
v -0.023318 1.430344 -0.057368
v -0.024706 1.432055 -0.056521
v -0.025722 1.434171 -0.056764
v -0.021432 1.438329 -0.055831
v -0.021127 1.439567 -0.057818
v -0.020292 1.439725 -0.060020
v -0.019152 1.438761 -0.061848
v -0.018012 1.436933 -0.062812
v -0.017177 1.434730 -0.062654
v -0.016872 1.432744 -0.061416
v -0.017177 1.431506 -0.059430
v -0.018012 1.431348 -0.057227
v -0.019152 1.432312 -0.055399
v -0.020292 1.434140 -0.054435
v -0.021127 1.436342 -0.054593
v -0.016403 1.440082 -0.054078
v -0.016170 1.441295 -0.056089
v -0.015531 1.441385 -0.058360
v -0.014658 1.440328 -0.060281
v -0.013786 1.438406 -0.061339
v -0.013147 1.436136 -0.061249
v -0.012913 1.434124 -0.060036
v -0.013147 1.432911 -0.058024
v -0.013786 1.432821 -0.055754
v -0.014658 1.433879 -0.053832
v -0.015531 1.435800 -0.052775
v -0.016170 1.438071 -0.052865
v -0.011094 1.441357 -0.052803
v -0.010936 1.442552 -0.054833
v -0.010504 1.442592 -0.057153
v -0.009914 1.441467 -0.059142
v -0.009324 1.439477 -0.060268
v -0.008892 1.437157 -0.060227
v -0.008734 1.435128 -0.059032
v -0.008892 1.433933 -0.057003
v -0.009324 1.433892 -0.054683
v -0.009914 1.435018 -0.052693
v -0.010504 1.437007 -0.051568
v -0.010936 1.439327 -0.051608
v -0.005595 1.442130 -0.052030
v -0.005515 1.443314 -0.054070
v -0.005297 1.443324 -0.056421
v -0.005000 1.442158 -0.058451
v -0.004702 1.440127 -0.059618
v -0.004484 1.437777 -0.059607
v -0.004404 1.435737 -0.058424
v -0.004484 1.434553 -0.056383
v -0.004702 1.434543 -0.054033
v -0.005000 1.435709 -0.052002
v -0.005297 1.437739 -0.050836
v -0.005515 1.440090 -0.050846
v -0.000000 1.442389 -0.051771
v -0.000000 1.443570 -0.053815
v -0.000000 1.443570 -0.056175
v -0.000000 1.442389 -0.058219
v -0.000000 1.440345 -0.059400
v -0.000000 1.437985 -0.059400
v -0.000000 1.435941 -0.058219
v -0.000000 1.434760 -0.056175
v -0.000000 1.434760 -0.053815
v -0.000000 1.435941 -0.051771
v -0.000000 1.437985 -0.050590
v -0.000000 1.440345 -0.050590
v 0.005595 1.442130 -0.052030
v 0.005515 1.443314 -0.054070
v 0.005297 1.443324 -0.056421
v 0.005000 1.442158 -0.058451
v 0.004702 1.440127 -0.059618
v 0.004484 1.437777 -0.059607
v 0.004404 1.435737 -0.058424
v 0.004484 1.434553 -0.056383
v 0.004702 1.434543 -0.054033
v 0.005000 1.435709 -0.052002
v 0.005297 1.437739 -0.050836
v 0.005515 1.440090 -0.050846
v 0.011094 1.441357 -0.052803
v 0.010936 1.442552 -0.054833
v 0.010504 1.442592 -0.057153
v 0.009914 1.441467 -0.059142
v 0.009324 1.439477 -0.060268
v 0.008892 1.437157 -0.060227
v 0.008734 1.435128 -0.059032
v 0.008892 1.433933 -0.057003
v 0.009324 1.433892 -0.054683
v 0.009914 1.435018 -0.052693
v 0.010504 1.437007 -0.051568
v 0.010936 1.439327 -0.051608
v 0.016403 1.440082 -0.054078
v 0.016170 1.441295 -0.056089
v 0.015531 1.441385 -0.058360
v 0.014658 1.440328 -0.060281
v 0.013786 1.438406 -0.061339
v 0.013147 1.436136 -0.061249
v 0.012913 1.434124 -0.060036
v 0.013147 1.432911 -0.058024
v 0.013786 1.432821 -0.055754
v 0.014658 1.433879 -0.053832
v 0.015531 1.435800 -0.052775
v 0.016170 1.438071 -0.052865
v 0.021432 1.438329 -0.055831
v 0.021127 1.439567 -0.057818
v 0.020292 1.439725 -0.060020
v 0.019152 1.438761 -0.061848
v 0.018012 1.436933 -0.062812
v 0.017177 1.434730 -0.062654
v 0.016872 1.432744 -0.061416
v 0.017177 1.431506 -0.059430
v 0.018012 1.431348 -0.057227
v 0.019152 1.432312 -0.055399
v 0.020292 1.434140 -0.054435
v 0.021127 1.436342 -0.054593
v 0.026094 1.436126 -0.058034
v 0.025722 1.437396 -0.059989
v 0.024706 1.437639 -0.062105
v 0.023318 1.436792 -0.063816
v 0.021930 1.435081 -0.064663
v 0.020914 1.432965 -0.064420
v 0.020542 1.431010 -0.063150
v 0.020914 1.429740 -0.061195
v 0.021930 1.429497 -0.059079
v 0.023318 1.430344 -0.057368
v 0.024706 1.432055 -0.056521
v 0.025722 1.434171 -0.056764
v 0.030309 1.433512 -0.060648
v 0.029877 1.434819 -0.062566
v 0.028697 1.435164 -0.064580
v 0.027085 1.434456 -0.066152
v 0.025473 1.432884 -0.066860
v 0.024293 1.430870 -0.066515
v 0.023861 1.428952 -0.065208
v 0.024293 1.427645 -0.063290
v 0.025473 1.427300 -0.061276
v 0.027085 1.428008 -0.059704
v 0.028697 1.429580 -0.058996
v 0.029877 1.431594 -0.059341
v 0.034006 1.430531 -0.063629
v 0.033522 1.431880 -0.065504
v 0.032197 1.432342 -0.067403
v 0.030389 1.431793 -0.068816
v 0.028580 1.430379 -0.069366
v 0.027256 1.428481 -0.068904
v 0.026771 1.426605 -0.067555
v 0.027256 1.425256 -0.065679
v 0.028580 1.424795 -0.063781
v 0.030389 1.425344 -0.062367
v 0.032197 1.426757 -0.061818
v 0.033522 1.428656 -0.062280
v 0.037121 1.427235 -0.066925
v 0.036592 1.428631 -0.068753
v 0.035147 1.429221 -0.070524
v 0.033172 1.428847 -0.071762
v 0.031198 1.427609 -0.072136
v 0.029752 1.425839 -0.071546
v 0.029223 1.424010 -0.070150
v 0.029752 1.422614 -0.068321
v 0.031198 1.422024 -0.066551
v 0.033172 1.422398 -0.065313
v 0.035147 1.423636 -0.064939
v 0.036592 1.425407 -0.065529
v 0.039601 1.423679 -0.070481
v 0.039037 1.425126 -0.072259
v 0.037495 1.425854 -0.073890
v 0.035388 1.425669 -0.074939
v 0.033282 1.424621 -0.075124
v 0.031740 1.422989 -0.074396
v 0.031175 1.421211 -0.072949
v 0.031740 1.419764 -0.071171
v 0.033282 1.419036 -0.069540
v 0.035388 1.419221 -0.068491
v 0.037495 1.420270 -0.068306
v 0.039037 1.421901 -0.069034
v 0.041403 1.419925 -0.074235
v 0.040813 1.421425 -0.075959
v 0.039201 1.422300 -0.077445
v 0.036999 1.422315 -0.078294
v 0.034797 1.421465 -0.078280
v 0.033184 1.419980 -0.077405
v 0.032594 1.418256 -0.075904
v 0.033184 1.416755 -0.074180
v 0.034797 1.415880 -0.072695
v 0.036999 1.415866 -0.071845
v 0.039201 1.416715 -0.071860
v 0.040813 1.418201 -0.072735
v 0.042497 1.416036 -0.078124
v 0.041892 1.417592 -0.079792
v 0.040237 1.418618 -0.081127
v 0.037976 1.418840 -0.081769
v 0.035716 1.418197 -0.081548
v 0.034061 1.416863 -0.080521
v 0.033455 1.415195 -0.078966
v 0.034061 1.413639 -0.077297
v 0.035716 1.412613 -0.075963
v 0.037976 1.412391 -0.075320
v 0.040237 1.413033 -0.075542
v 0.041892 1.414368 -0.076568
v 0.042864 1.412080 -0.082080
v 0.042253 1.413692 -0.083692
v 0.040584 1.414873 -0.084872
v 0.038304 1.415304 -0.085304
v 0.036024 1.414873 -0.084872
v 0.034355 1.413692 -0.083692
v 0.033744 1.412080 -0.082080
v 0.034355 1.410468 -0.080468
v 0.036024 1.409288 -0.079288
v 0.038304 1.408856 -0.078856
v 0.040584 1.409288 -0.079288
v 0.042253 1.410468 -0.080468
v 0.042497 1.408124 -0.086036
v 0.041892 1.409792 -0.087592
v 0.040237 1.411127 -0.088618
v 0.037976 1.411769 -0.088840
v 0.035716 1.411548 -0.088197
v 0.034061 1.410521 -0.086863
v 0.033455 1.408966 -0.085194
v 0.034061 1.407297 -0.083639
v 0.035716 1.405963 -0.082612
v 0.037976 1.405320 -0.082391
v 0.040237 1.405542 -0.083033
v 0.041892 1.406568 -0.084368
v 0.041403 1.404235 -0.089925
v 0.040813 1.405959 -0.091425
v 0.039201 1.407445 -0.092300
v 0.036999 1.408294 -0.092315
v 0.034797 1.408280 -0.091465
v 0.033184 1.407405 -0.089980
v 0.032594 1.405905 -0.088256
v 0.033184 1.404180 -0.086755
v 0.034797 1.402695 -0.085880
v 0.036999 1.401846 -0.085866
v 0.039201 1.401860 -0.086715
v 0.040813 1.402735 -0.088201
v 0.039601 1.400481 -0.093679
v 0.039037 1.402259 -0.095126
v 0.037495 1.403890 -0.095854
v 0.035388 1.404940 -0.095669
v 0.033282 1.405124 -0.094620
v 0.031740 1.404396 -0.092989
v 0.031175 1.402949 -0.091211
v 0.031740 1.401171 -0.089764
v 0.033282 1.399540 -0.089036
v 0.035388 1.398491 -0.089221
v 0.037495 1.398306 -0.090270
v 0.039037 1.399034 -0.091901
v 0.037121 1.396925 -0.097235
v 0.036592 1.398754 -0.098631
v 0.035147 1.400524 -0.099221
v 0.033172 1.401762 -0.098847
v 0.031198 1.402136 -0.097609
v 0.029752 1.401546 -0.095838
v 0.029223 1.400150 -0.094010
v 0.029752 1.398322 -0.092614
v 0.031198 1.396551 -0.092024
v 0.033172 1.395313 -0.092398
v 0.035147 1.394939 -0.093636
v 0.036592 1.395529 -0.095407
v 0.034006 1.393629 -0.100531
v 0.033522 1.395504 -0.101880
v 0.032197 1.397403 -0.102342
v 0.030389 1.398816 -0.101793
v 0.028580 1.399366 -0.100379
v 0.027256 1.398904 -0.098481
v 0.026771 1.397555 -0.096605
v 0.027256 1.395679 -0.095256
v 0.028580 1.393781 -0.094794
v 0.030389 1.392367 -0.095344
v 0.032197 1.391818 -0.096757
v 0.033522 1.392280 -0.098656
v 0.030309 1.390648 -0.103512
v 0.029877 1.392566 -0.104819
v 0.028697 1.394580 -0.105164
v 0.027085 1.396152 -0.104456
v 0.025473 1.396860 -0.102884
v 0.024293 1.396515 -0.100870
v 0.023861 1.395208 -0.098952
v 0.024293 1.393290 -0.097645
v 0.025473 1.391276 -0.097300
v 0.027085 1.389704 -0.098008
v 0.028697 1.388996 -0.099580
v 0.029877 1.389341 -0.101594
v 0.026094 1.388034 -0.106126
v 0.025722 1.389989 -0.107396
v 0.024706 1.392105 -0.107639
v 0.023318 1.393816 -0.106792
v 0.021930 1.394664 -0.105081
v 0.020914 1.394420 -0.102965
v 0.020542 1.393150 -0.101010
v 0.020914 1.391195 -0.099740
v 0.021930 1.389079 -0.099497
v 0.023318 1.387368 -0.100344
v 0.024706 1.386521 -0.102055
v 0.025722 1.386765 -0.104171
v 0.021432 1.385831 -0.108329
v 0.021127 1.387818 -0.109567
v 0.020292 1.390020 -0.109725
v 0.019152 1.391848 -0.108761
v 0.018012 1.392812 -0.106933
v 0.017177 1.392654 -0.104730
v 0.016872 1.391416 -0.102744
v 0.017177 1.389430 -0.101506
v 0.018012 1.387228 -0.101348
v 0.019152 1.385399 -0.102312
v 0.020292 1.384435 -0.104140
v 0.021127 1.384593 -0.106342
v 0.016403 1.384078 -0.110082
v 0.016170 1.386089 -0.111295
v 0.015531 1.388360 -0.111385
v 0.014658 1.390281 -0.110328
v 0.013786 1.391339 -0.108406
v 0.013147 1.391249 -0.106136
v 0.012913 1.390036 -0.104124
v 0.013147 1.388024 -0.102911
v 0.013786 1.385754 -0.102821
v 0.014658 1.383832 -0.103879
v 0.015531 1.382775 -0.105800
v 0.016170 1.382865 -0.108071
v 0.011094 1.382803 -0.111357
v 0.010936 1.384833 -0.112552
v 0.010504 1.387153 -0.112592
v 0.009914 1.389142 -0.111467
v 0.009324 1.390268 -0.109477
v 0.008892 1.390227 -0.107157
v 0.008734 1.389032 -0.105128
v 0.008892 1.387003 -0.103933
v 0.009324 1.384683 -0.103892
v 0.009914 1.382694 -0.105018
v 0.010504 1.381568 -0.107007
v 0.010936 1.381608 -0.109327
v 0.005595 1.382030 -0.112130
v 0.005515 1.384070 -0.113314
v 0.005297 1.386421 -0.113324
v 0.005000 1.388451 -0.112158
v 0.004702 1.389618 -0.110127
v 0.004484 1.389607 -0.107777
v 0.004404 1.388424 -0.105736
v 0.004484 1.386383 -0.104553
v 0.004702 1.384033 -0.104542
v 0.005000 1.382002 -0.105709
v 0.005297 1.380836 -0.107739
v 0.005515 1.380846 -0.110090
v -0.000000 1.381771 -0.112389
v -0.000000 1.383815 -0.113570
v -0.000000 1.386175 -0.113570
v -0.000000 1.388219 -0.112389
v -0.000000 1.389400 -0.110345
v -0.000000 1.389400 -0.107985
v -0.000000 1.388219 -0.105941
v -0.000000 1.386175 -0.104760
v -0.000000 1.383815 -0.104760
v -0.000000 1.381771 -0.105941
v -0.000000 1.380590 -0.107985
v -0.000000 1.380590 -0.110345
v -0.005595 1.382030 -0.112130
v -0.005515 1.384070 -0.113314
v -0.005297 1.386421 -0.113324
v -0.005000 1.388451 -0.112158
v -0.004702 1.389618 -0.110127
v -0.004484 1.389607 -0.107777
v -0.004404 1.388424 -0.105736
v -0.004484 1.386383 -0.104553
v -0.004702 1.384033 -0.104542
v -0.005000 1.382002 -0.105709
v -0.005297 1.380836 -0.107739
v -0.005515 1.380846 -0.110090
v -0.011094 1.382803 -0.111357
v -0.010936 1.384833 -0.112552
v -0.010504 1.387153 -0.112592
v -0.009914 1.389142 -0.111467
v -0.009324 1.390268 -0.109477
v -0.008892 1.390227 -0.107157
v -0.008734 1.389032 -0.105128
v -0.008892 1.387003 -0.103933
v -0.009324 1.384683 -0.103892
v -0.009914 1.382694 -0.105018
v -0.010504 1.381568 -0.107007
v -0.010936 1.381608 -0.109327
v -0.016403 1.384078 -0.110082
v -0.016170 1.386089 -0.111295
v -0.015531 1.388360 -0.111385
v -0.014658 1.390281 -0.110328
v -0.013786 1.391339 -0.108406
v -0.013147 1.391249 -0.106136
v -0.012913 1.390036 -0.104124
v -0.013147 1.388024 -0.102911
v -0.013786 1.385754 -0.102821
v -0.014658 1.383832 -0.103879
v -0.015531 1.382775 -0.105800
v -0.016170 1.382865 -0.108071
v -0.021432 1.385831 -0.108329
v -0.021127 1.387818 -0.109567
v -0.020292 1.390020 -0.109725
v -0.019152 1.391848 -0.108761
v -0.018012 1.392812 -0.106933
v -0.017177 1.392654 -0.104730
v -0.016872 1.391416 -0.102744
v -0.017177 1.389430 -0.101506
v -0.018012 1.387228 -0.101348
v -0.019152 1.385399 -0.102312
v -0.020292 1.384435 -0.104140
v -0.021127 1.384593 -0.106342
v -0.026094 1.388034 -0.106126
v -0.025722 1.389989 -0.107396
v -0.024706 1.392105 -0.107639
v -0.023318 1.393816 -0.106792
v -0.021930 1.394664 -0.105081
v -0.020914 1.394420 -0.102965
v -0.020542 1.393150 -0.101010
v -0.020914 1.391195 -0.099740
v -0.021930 1.389079 -0.099497
v -0.023318 1.387368 -0.100344
v -0.024706 1.386521 -0.102055
v -0.025722 1.386765 -0.104171
v -0.030309 1.390648 -0.103512
v -0.029877 1.392566 -0.104819
v -0.028697 1.394580 -0.105164
v -0.027085 1.396152 -0.104456
v -0.025473 1.396860 -0.102884
v -0.024293 1.396515 -0.100870
v -0.023861 1.395208 -0.098952
v -0.024293 1.393290 -0.097645
v -0.025473 1.391276 -0.097300
v -0.027085 1.389704 -0.098008
v -0.028697 1.388996 -0.099580
v -0.029877 1.389341 -0.101594
v -0.034006 1.393629 -0.100531
v -0.033522 1.395504 -0.101880
v -0.032197 1.397403 -0.102342
v -0.030389 1.398816 -0.101793
v -0.028580 1.399366 -0.100379
v -0.027256 1.398904 -0.098481
v -0.026771 1.397555 -0.096605
v -0.027256 1.395679 -0.095256
v -0.028580 1.393781 -0.094794
v -0.030389 1.392367 -0.095344
v -0.032197 1.391818 -0.096757
v -0.033522 1.392280 -0.098656
v -0.037121 1.396925 -0.097235
v -0.036592 1.398754 -0.098631
v -0.035147 1.400524 -0.099221
v -0.033172 1.401762 -0.098847
v -0.031198 1.402136 -0.097609
v -0.029752 1.401546 -0.095839
v -0.029223 1.400150 -0.094010
v -0.029752 1.398322 -0.092614
v -0.031198 1.396551 -0.092024
v -0.033172 1.395313 -0.092398
v -0.035147 1.394939 -0.093636
v -0.036592 1.395529 -0.095407
v -0.039601 1.400481 -0.093679
v -0.039037 1.402259 -0.095126
v -0.037495 1.403890 -0.095854
v -0.035388 1.404939 -0.095669
v -0.033282 1.405124 -0.094620
v -0.031740 1.404396 -0.092989
v -0.031175 1.402949 -0.091211
v -0.031740 1.401171 -0.089764
v -0.033282 1.399540 -0.089036
v -0.035388 1.398491 -0.089221
v -0.037495 1.398306 -0.090270
v -0.039037 1.399034 -0.091901
v -0.041403 1.404235 -0.089925
v -0.040813 1.405959 -0.091425
v -0.039201 1.407445 -0.092300
v -0.036999 1.408294 -0.092315
v -0.034797 1.408280 -0.091465
v -0.033184 1.407405 -0.089980
v -0.032594 1.405905 -0.088256
v -0.033184 1.404180 -0.086755
v -0.034797 1.402695 -0.085880
v -0.036999 1.401846 -0.085866
v -0.039201 1.401860 -0.086715
v -0.040813 1.402735 -0.088201
v -0.042497 1.408124 -0.086036
v -0.041892 1.409792 -0.087592
v -0.040237 1.411127 -0.088618
v -0.037976 1.411769 -0.088840
v -0.035716 1.411548 -0.088197
v -0.034061 1.410521 -0.086863
v -0.033455 1.408966 -0.085194
v -0.034061 1.407297 -0.083639
v -0.035716 1.405963 -0.082612
v -0.037976 1.405320 -0.082391
v -0.040237 1.405542 -0.083033
v -0.041892 1.406568 -0.084368
v -0.209760 0.016996 0.134322
v -0.209760 0.897009 0.081458
v -0.218120 0.016861 0.132086
v -0.218120 0.896875 0.079222
v -0.224240 0.016495 0.125977
v -0.224240 0.896508 0.073113
v -0.226480 0.015993 0.117632
v -0.226480 0.896007 0.064768
v -0.224240 0.015492 0.109287
v -0.224240 0.895505 0.056423
v -0.218120 0.015125 0.103178
v -0.218120 0.895139 0.050314
v -0.209760 0.014991 0.100942
v -0.209760 0.895004 0.048078
v -0.201400 0.015125 0.103178
v -0.201400 0.895139 0.050314
v -0.195280 0.015492 0.109287
v -0.195280 0.895505 0.056423
v -0.193040 0.015993 0.117632
v -0.193040 0.896007 0.064768
v -0.195280 0.016495 0.125977
v -0.195280 0.896508 0.073113
v -0.201400 0.016861 0.132086
v -0.201400 0.896875 0.079222
vn -0.000000 -0.614200 0.789100
vn -0.000000 0.704700 0.709600
vn -0.342400 -0.614200 0.711000
vn -0.307900 0.704700 0.639300
vn -0.617000 -0.614200 0.492000
vn -0.554700 0.704700 0.442400
vn -0.769400 -0.614200 0.175600
vn -0.691800 0.704700 0.157900
vn -0.769400 -0.614200 -0.175600
vn -0.691800 0.704700 -0.157900
vn -0.617000 -0.614200 -0.492000
vn -0.554700 0.704700 -0.442400
vn -0.342400 -0.614200 -0.711000
vn -0.307900 0.704700 -0.639300
vn -0.000000 -0.614200 -0.789100
vn -0.000000 0.704700 -0.709600
vn 0.342400 -0.614200 -0.711000
vn 0.307900 0.704700 -0.639300
vn 0.617000 -0.614200 -0.492000
vn 0.554700 0.704700 -0.442400
vn 0.769400 -0.614200 -0.175600
vn 0.691800 0.704700 -0.157900
vn 0.769400 -0.614200 0.175600
vn 0.691800 0.704700 0.157900
vn 0.617000 -0.614200 0.492000
vn 0.554700 0.704700 0.442400
vn 0.342400 -0.614200 0.711000
vn 0.307900 0.704700 0.639300
vn -0.003100 -1.000000 0.000000
vn -0.733700 -0.594400 -0.329300
vn 0.333200 -0.683600 -0.649300
vn 0.835400 -0.549600 0.000000
vn 0.333200 -0.683600 0.649300
vn -0.733700 -0.594400 0.329300
vn -0.333200 0.683600 -0.649300
vn 0.733700 0.594400 -0.329300
vn 0.733700 0.594400 0.329300
vn -0.333200 0.683600 0.649300
vn -0.835400 0.549600 0.000000
vn 0.003100 1.000000 0.000000
vn 0.131000 -0.960700 -0.244900
vn -0.336000 -0.930600 -0.145400
vn -0.305200 -0.753000 -0.582900
vn -0.774900 -0.632100 0.000000
vn -0.336000 -0.930600 0.145400
vn 0.406600 -0.913600 0.000000
vn 0.679100 -0.669900 -0.299900
vn 0.131000 -0.960700 0.244900
vn 0.679100 -0.669900 0.299900
vn -0.305200 -0.753000 0.582900
vn -0.980600 0.003100 -0.195800
vn -0.980600 0.003100 0.195800
vn -0.000000 -0.000000 -1.000000
vn -0.744600 -0.010100 -0.667400
vn 0.980600 -0.003100 -0.195800
vn 0.744600 0.010100 -0.667400
vn 0.744600 0.010100 0.667400
vn 0.980600 -0.003100 0.195800
vn -0.744600 -0.010100 0.667400
vn -0.000000 -0.000000 1.000000
vn -0.679100 0.669900 -0.299900
vn 0.305200 0.753000 -0.582900
vn 0.774900 0.632100 0.000000
vn 0.305200 0.753000 0.582900
vn -0.679100 0.669900 0.299900
vn -0.131000 0.960700 -0.244900
vn -0.406600 0.913600 0.000000
vn 0.336000 0.930600 -0.145400
vn 0.336000 0.930600 0.145400
vn -0.131000 0.960700 0.244900
vn -0.001100 -1.000000 0.000000
vn -0.589600 -0.509900 -0.626400
vn 0.194400 -0.439800 -0.876800
vn 0.820600 -0.571500 0.000000
vn 0.194400 -0.439800 0.876800
vn -0.589600 -0.509900 0.626400
vn -0.194400 0.439800 -0.876800
vn 0.589600 0.509900 -0.626400
vn 0.589600 0.509900 0.626400
vn -0.194400 0.439800 0.876800
vn -0.820600 0.571500 0.000000
vn 0.001100 1.000000 0.000000
vn 0.162800 -0.658600 -0.734700
vn 0.115700 -0.846200 -0.520100
vn 0.058100 -0.963900 -0.259800
vn -0.152800 -0.975100 -0.160700
vn -0.317500 -0.886600 -0.336300
vn -0.471300 -0.725800 -0.501100
vn -0.392800 -0.528500 -0.752600
vn -0.185100 -0.518600 -0.834700
vn 0.014700 -0.486400 -0.873600
vn -0.707700 -0.607600 0.360500
vn -0.759800 -0.650200 0.000000
vn -0.707700 -0.607600 -0.360500
vn -0.152800 -0.975100 0.160700
vn -0.317500 -0.886600 0.336300
vn -0.471300 -0.725800 0.501100
vn 0.627800 -0.778300 0.000000
vn 0.404600 -0.914500 0.000000
vn 0.187900 -0.982200 0.000000
vn 0.364500 -0.521500 -0.771500
vn 0.554600 -0.589800 -0.587000
vn 0.723600 -0.613600 -0.316100
vn 0.162800 -0.658600 0.734700
vn 0.115700 -0.846200 0.520100
vn 0.058100 -0.963900 0.259800
vn 0.723600 -0.613600 0.316100
vn 0.554600 -0.589800 0.587000
vn 0.364500 -0.521500 0.771500
vn 0.014700 -0.486400 0.873600
vn -0.185100 -0.518600 0.834700
vn -0.392800 -0.528500 0.752600
vn -0.921900 0.323800 -0.212600
vn -0.905600 -0.000700 -0.424000
vn -0.767600 -0.301100 -0.565800
vn -0.767600 -0.301100 0.565800
vn -0.905600 -0.000700 0.424000
vn -0.921900 0.323800 0.212600
vn -0.102500 0.234100 -0.966800
vn 0.102500 -0.234100 -0.966800
vn -0.543000 -0.268300 -0.795700
vn -0.445900 0.000500 -0.895100
vn -0.320300 0.246700 -0.914600
vn 0.767600 0.301100 -0.565800
vn 0.905600 0.000700 -0.424000
vn 0.921900 -0.323800 -0.212600
vn 0.320300 -0.246700 -0.914600
vn 0.445900 -0.000500 -0.895100
vn 0.543000 0.268300 -0.795700
vn 0.543000 0.268300 0.795700
vn 0.445900 -0.000500 0.895100
vn 0.320300 -0.246700 0.914600
vn 0.921900 -0.323800 0.212600
vn 0.905600 0.000700 0.424000
vn 0.767600 0.301100 0.565800
vn -0.320300 0.246700 0.914600
vn -0.445900 0.000500 0.895100
vn -0.543000 -0.268300 0.795700
vn 0.102500 -0.234100 0.966800
vn -0.102500 0.234100 0.966800
vn -0.723600 0.613600 -0.316100
vn -0.554600 0.589800 -0.587000
vn -0.364500 0.521500 -0.771500
vn -0.014700 0.486400 -0.873600
vn 0.185100 0.518600 -0.834700
vn 0.392800 0.528500 -0.752600
vn 0.707700 0.607600 -0.360500
vn 0.759800 0.650200 0.000000
vn 0.707700 0.607600 0.360500
vn 0.392800 0.528500 0.752600
vn 0.185100 0.518600 0.834700
vn -0.014700 0.486400 0.873600
vn -0.364500 0.521500 0.771500
vn -0.554600 0.589800 0.587000
vn -0.723600 0.613600 0.316100
vn -0.058100 0.963900 -0.259800
vn -0.115700 0.846200 -0.520100
vn -0.162800 0.658600 -0.734700
vn -0.627800 0.778300 0.000000
vn -0.404600 0.914500 0.000000
vn -0.187900 0.982200 0.000000
vn 0.152800 0.975100 -0.160700
vn 0.317500 0.886600 -0.336300
vn 0.471300 0.725800 -0.501100
vn 0.152800 0.975100 0.160700
vn 0.317500 0.886600 0.336300
vn 0.471300 0.725800 0.501100
vn -0.058100 0.963900 0.259800
vn -0.115700 0.846200 0.520100
vn -0.162800 0.658600 0.734700
vn -0.271800 0.918100 0.288300
vn -0.502900 0.806900 0.310000
vn -0.334600 0.755900 0.562700
vn 0.100200 0.886900 0.450900
vn 0.041400 0.712700 0.700300
vn 0.257000 0.738200 0.623700
vn 0.344000 0.939000 0.000000
vn 0.541600 0.820500 0.182600
vn 0.541600 0.820500 -0.182600
vn 0.100200 0.886900 -0.450900
vn 0.257000 0.738200 -0.623700
vn 0.041400 0.712700 -0.700300
vn -0.271800 0.918100 -0.288300
vn -0.334600 0.755900 -0.562700
vn -0.502900 0.806900 -0.310000
vn -0.761400 0.334700 0.555300
vn -0.688200 0.010500 0.725500
vn -0.536600 0.300700 0.788500
vn 0.100700 0.262800 0.959600
vn 0.216800 0.008700 0.976200
vn 0.319700 0.276000 0.906400
vn 0.908200 0.359900 0.213600
vn 0.999900 0.012200 0.000000
vn 0.908200 0.359900 -0.213600
vn 0.319700 0.276000 -0.906400
vn 0.216800 0.008700 -0.976200
vn 0.100700 0.262800 -0.959600
vn -0.536600 0.300700 -0.788500
vn -0.688200 0.010500 -0.725500
vn -0.761400 0.334700 -0.555300
vn -0.216800 -0.008700 0.976200
vn -0.319700 -0.276000 0.906400
vn -0.100700 -0.262800 0.959600
vn 0.688200 -0.010500 0.725500
vn 0.536600 -0.300700 0.788500
vn 0.761400 -0.334700 0.555300
vn 0.688200 -0.010500 -0.725500
vn 0.761400 -0.334700 -0.555300
vn 0.536600 -0.300700 -0.788500
vn -0.216800 -0.008700 -0.976200
vn -0.100700 -0.262800 -0.959600
vn -0.319700 -0.276000 -0.906400
vn -0.999900 -0.012200 0.000000
vn -0.908200 -0.359900 -0.213600
vn -0.908200 -0.359900 0.213600
vn -0.257000 -0.738200 0.623700
vn -0.100200 -0.886900 0.450900
vn -0.041400 -0.712700 0.700300
vn 0.334600 -0.755900 0.562700
vn 0.271900 -0.918100 0.288300
vn 0.502900 -0.806900 0.310000
vn 0.502900 -0.806900 -0.310000
vn 0.271900 -0.918100 -0.288300
vn 0.334600 -0.755900 -0.562700
vn -0.541600 -0.820500 0.182600
vn -0.541600 -0.820500 -0.182600
vn -0.344000 -0.939000 0.000000
vn -0.041400 -0.712700 -0.700300
vn -0.100200 -0.886900 -0.450900
vn -0.257000 -0.738200 -0.623700
vn -0.001600 -1.000000 0.000000
vn -0.583600 -0.469600 -0.662500
vn 0.186600 -0.392600 -0.900600
vn 0.839600 -0.543300 0.000000
vn 0.186600 -0.392600 0.900600
vn -0.583600 -0.469600 0.662500
vn -0.186600 0.392600 -0.900600
vn 0.583600 0.469600 -0.662500
vn 0.583600 0.469600 0.662500
vn -0.186600 0.392600 0.900600
vn -0.839600 0.543300 0.000000
vn 0.001600 1.000000 0.000000
vn 0.161500 -0.606800 -0.778300
vn 0.119500 -0.811400 -0.572200
vn 0.062100 -0.953500 -0.295000
vn -0.163900 -0.969300 -0.183000
vn -0.333500 -0.864600 -0.375800
vn -0.480500 -0.687400 -0.544600
vn -0.384500 -0.481800 -0.787400
vn -0.179500 -0.468200 -0.865200
vn 0.014100 -0.435800 -0.899900
vn -0.719200 -0.574900 0.390000
vn -0.782000 -0.623200 0.000000
vn -0.719200 -0.574900 -0.390000
vn -0.163900 -0.969300 0.183000
vn -0.333500 -0.864600 0.375800
vn -0.480500 -0.687400 0.544600
vn 0.655800 -0.754900 0.000000
vn 0.430000 -0.902800 0.000000
vn 0.201600 -0.979500 0.000000
vn 0.356100 -0.474200 -0.805200
vn 0.554300 -0.549100 -0.625600
vn 0.737000 -0.582200 -0.343200
vn 0.161500 -0.606800 0.778300
vn 0.119500 -0.811400 0.572200
vn 0.062100 -0.953500 0.295000
vn 0.737000 -0.582200 0.343200
vn 0.554300 -0.549100 0.625600
vn 0.356100 -0.474200 0.805200
vn 0.014100 -0.435800 0.899900
vn -0.179500 -0.468200 0.865200
vn -0.384500 -0.481800 0.787400
vn -0.925800 0.302700 -0.226600
vn -0.895000 -0.000800 -0.446000
vn -0.755400 -0.276200 -0.594300
vn -0.755400 -0.276200 0.594300
vn -0.895000 -0.000800 0.446000
vn -0.925800 0.302700 0.226600
vn -0.096600 0.204900 -0.974000
vn 0.096600 -0.204900 -0.974000
vn -0.522700 -0.240200 -0.818000
vn -0.422400 0.000500 -0.906400
vn -0.303600 0.217700 -0.927600
vn 0.755400 0.276200 -0.594300
vn 0.895000 0.000800 -0.446000
vn 0.925800 -0.302700 -0.226600
vn 0.303600 -0.217700 -0.927600
vn 0.422400 -0.000500 -0.906400
vn 0.522700 0.240200 -0.818000
vn 0.522700 0.240200 0.818000
vn 0.422400 -0.000500 0.906400
vn 0.303600 -0.217700 0.927600
vn 0.925800 -0.302700 0.226600
vn 0.895000 0.000800 0.446000
vn 0.755400 0.276200 0.594300
vn -0.303600 0.217700 0.927600
vn -0.422400 0.000500 0.906400
vn -0.522700 -0.240200 0.818000
vn 0.096600 -0.204900 0.974000
vn -0.096600 0.204900 0.974000
vn -0.737000 0.582200 -0.343200
vn -0.554300 0.549100 -0.625600
vn -0.356100 0.474200 -0.805200
vn -0.014100 0.435800 -0.899900
vn 0.179500 0.468200 -0.865200
vn 0.384500 0.481800 -0.787400
vn 0.719200 0.574900 -0.390000
vn 0.782000 0.623200 0.000000
vn 0.719200 0.574900 0.390000
vn 0.384500 0.481800 0.787400
vn 0.179500 0.468200 0.865200
vn -0.014100 0.435800 0.899900
vn -0.356100 0.474200 0.805200
vn -0.554300 0.549100 0.625600
vn -0.737000 0.582200 0.343200
vn -0.062100 0.953500 -0.295000
vn -0.119500 0.811400 -0.572200
vn -0.161500 0.606800 -0.778300
vn -0.655800 0.754900 0.000000
vn -0.430000 0.902800 0.000000
vn -0.201600 0.979500 0.000000
vn 0.163900 0.969300 -0.183000
vn 0.333500 0.864600 -0.375800
vn 0.480500 0.687400 -0.544600
vn 0.163900 0.969300 0.183000
vn 0.333500 0.864600 0.375800
vn 0.480500 0.687400 0.544600
vn -0.062100 0.953500 0.295000
vn -0.119500 0.811400 0.572200
vn -0.161500 0.606800 0.778300
vn -0.287300 0.901400 0.324000
vn -0.523000 0.780300 0.342800
vn -0.340600 0.715300 0.610200
vn 0.104400 0.859200 0.500800
vn 0.041400 0.662800 0.747600
vn 0.259600 0.693500 0.672000
vn 0.367000 0.930200 0.000000
vn 0.566900 0.798400 0.203200
vn 0.566900 0.798400 -0.203200
vn 0.104400 0.859200 -0.500800
vn 0.259600 0.693500 -0.672000
vn 0.041400 0.662800 -0.747600
vn -0.287300 0.901400 -0.324000
vn -0.340600 0.715300 -0.610200
vn -0.523000 0.780300 -0.342800
vn -0.751200 0.308000 0.583800
vn -0.664300 0.009400 0.747400
vn -0.517400 0.270100 0.812000
vn 0.095000 0.230700 0.968400
vn 0.203200 0.007600 0.979100
vn 0.303700 0.244200 0.920900
vn 0.913200 0.337500 0.228200
vn 0.999900 0.011400 0.000000
vn 0.913200 0.337500 -0.228200
vn 0.303700 0.244200 -0.920900
vn 0.203200 0.007600 -0.979100
vn 0.095000 0.230700 -0.968400
vn -0.517400 0.270100 -0.812000
vn -0.664300 0.009400 -0.747400
vn -0.751200 0.308000 -0.583800
vn -0.203200 -0.007600 0.979100
vn -0.303700 -0.244200 0.920900
vn -0.095000 -0.230700 0.968400
vn 0.664300 -0.009400 0.747400
vn 0.517400 -0.270100 0.812000
vn 0.751200 -0.308000 0.583800
vn 0.664300 -0.009400 -0.747400
vn 0.751200 -0.308000 -0.583800
vn 0.517400 -0.270100 -0.812000
vn -0.203200 -0.007600 -0.979100
vn -0.095000 -0.230700 -0.968400
vn -0.303700 -0.244200 -0.920900
vn -0.999900 -0.011400 0.000000
vn -0.913200 -0.337500 -0.228200
vn -0.913200 -0.337500 0.228200
vn -0.259600 -0.693500 0.672000
vn -0.104400 -0.859200 0.500800
vn -0.041400 -0.662800 0.747600
vn 0.340600 -0.715300 0.610200
vn 0.287300 -0.901400 0.324000
vn 0.523000 -0.780300 0.342800
vn 0.523000 -0.780300 -0.342800
vn 0.287300 -0.901400 -0.324000
vn 0.340600 -0.715300 -0.610200
vn -0.566900 -0.798400 0.203200
vn -0.566900 -0.798400 -0.203200
vn -0.367000 -0.930200 0.000000
vn -0.041400 -0.662800 -0.747600
vn -0.104400 -0.859200 -0.500800
vn -0.259600 -0.693500 -0.672000
vn 0.229900 -0.577400 -0.783500
vn 0.229900 0.577400 -0.783500
vn 0.783500 -0.577300 0.229900
vn 0.783500 0.577400 0.229900
vn -0.783500 -0.577400 -0.229900
vn -0.783500 0.577400 -0.229900
vn -0.229900 -0.577400 0.783500
vn -0.229900 0.577400 0.783500
vn 0.783500 -0.577400 -0.229900
vn 0.783500 0.577400 -0.229900
vn 0.229900 -0.577400 0.783500
vn 0.229900 0.577400 0.783500
vn -0.229900 -0.577400 -0.783500
vn -0.229900 0.577400 -0.783500
vn -0.783500 -0.577400 0.229900
vn -0.783500 0.577300 0.229900
vn -0.000000 -1.000000 0.000000
vn -0.723600 -0.447200 -0.525700
vn 0.276400 -0.447200 -0.850600
vn 0.894400 -0.447200 0.000000
vn 0.276400 -0.447200 0.850600
vn -0.723600 -0.447200 0.525700
vn -0.276400 0.447200 -0.850600
vn 0.723600 0.447200 -0.525700
vn 0.723600 0.447200 0.525700
vn -0.276400 0.447200 0.850600
vn -0.894400 0.447200 0.000000
vn -0.000000 1.000000 0.000000
vn 0.162500 -0.850700 -0.500000
vn -0.425300 -0.850700 -0.309000
vn -0.262900 -0.525700 -0.809000
vn -0.850600 -0.525700 0.000000
vn -0.425300 -0.850700 0.309000
vn 0.525700 -0.850700 0.000000
vn 0.688200 -0.525700 -0.500000
vn 0.162500 -0.850700 0.500000
vn 0.688200 -0.525700 0.500000
vn -0.262900 -0.525700 0.809000
vn -0.951100 -0.000000 -0.309000
vn -0.951100 -0.000000 0.309000
vn -0.587800 -0.000000 -0.809000
vn 0.951100 -0.000000 -0.309000
vn 0.587800 -0.000000 -0.809000
vn 0.587800 -0.000000 0.809000
vn 0.951100 -0.000000 0.309000
vn -0.587800 -0.000000 0.809000
vn -0.688200 0.525700 -0.500000
vn 0.262900 0.525700 -0.809000
vn 0.850600 0.525700 0.000000
vn 0.262900 0.525700 0.809000
vn -0.688200 0.525700 0.500000
vn -0.162500 0.850700 -0.500000
vn -0.525700 0.850700 0.000000
vn 0.425300 0.850700 -0.309000
vn 0.425300 0.850700 0.309000
vn -0.162500 0.850700 0.500000
vn -0.624500 0.706400 0.333100
vn -0.721000 -0.576400 0.384600
vn -0.280400 0.691700 0.665500
vn -0.385300 -0.590700 0.708900
vn 0.192000 0.653200 0.732400
vn 0.075700 -0.628300 0.774200
vn 0.612300 0.605600 0.508300
vn 0.485800 -0.674800 0.555500
vn 0.819900 0.567000 0.078700
vn 0.688400 -0.712400 0.136300
vn 0.735600 0.552300 -0.392300
vn 0.606100 -0.726800 -0.323200
vn 0.391400 0.567000 -0.724700
vn 0.270300 -0.712400 -0.647600
vn -0.081000 0.605600 -0.791700
vn -0.190700 -0.674800 -0.712900
vn -0.501300 0.653200 -0.567500
vn -0.600800 -0.628300 -0.494200
vn -0.708900 0.691700 -0.137900
vn -0.803400 -0.590700 -0.075000
vn -0.091600 0.734800 0.672100
vn -0.113500 -0.542600 0.832300
vn 0.383500 0.712200 0.587900
vn 0.341300 -0.564200 0.751800
vn 0.717100 0.653000 0.243500
vn 0.660600 -0.620900 0.422100
vn 0.781600 0.579900 -0.229700
vn 0.722300 -0.690900 -0.030800
vn 0.552500 0.520800 -0.650800
vn 0.503000 -0.747500 -0.433900
vn 0.117200 0.498200 -0.859100
vn 0.086400 -0.769100 -0.633300
vn -0.358000 0.520800 -0.775000
vn -0.368500 -0.747500 -0.552700
vn -0.691600 0.579900 -0.430600
vn -0.687700 -0.690900 -0.223100
vn -0.756100 0.653000 0.042600
vn -0.749500 -0.620900 0.229800
vn -0.527000 0.712200 0.463800
vn -0.530100 -0.564200 0.632900
vn -0.000000 -0.653200 0.757200
vn -0.000000 0.653200 0.757200
vn -0.378600 -0.653200 0.655700
vn -0.378600 0.653200 0.655700
vn -0.655700 -0.653200 0.378600
vn -0.655700 0.653200 0.378600
vn -0.757200 -0.653200 0.000000
vn -0.757200 0.653200 0.000000
vn -0.655700 -0.653200 -0.378600
vn -0.655700 0.653200 -0.378600
vn -0.378600 -0.653200 -0.655700
vn -0.378600 0.653200 -0.655700
vn -0.000000 -0.653200 -0.757200
vn -0.000000 0.653200 -0.757200
vn 0.378600 -0.653200 -0.655700
vn 0.378600 0.653200 -0.655700
vn 0.655700 -0.653200 -0.378600
vn 0.655700 0.653200 -0.378600
vn 0.757200 -0.653200 0.000000
vn 0.757200 0.653200 0.000000
vn 0.655700 -0.653200 0.378600
vn 0.655700 0.653200 0.378600
vn 0.378600 -0.653200 0.655700
vn 0.378600 0.653200 0.655700
vn -0.000800 -1.000000 0.000000
vn -0.768000 -0.440200 -0.465200
vn 0.317100 -0.477100 -0.819600
vn 0.907700 -0.419600 0.000000
vn 0.317100 -0.477100 0.819600
vn -0.768000 -0.440200 0.465200
vn -0.317100 0.477100 -0.819600
vn 0.768000 0.440200 -0.465200
vn 0.768000 0.440200 0.465200
vn -0.317100 0.477100 0.819600
vn -0.907700 0.419600 0.000000
vn 0.000800 1.000000 0.000000
vn 0.177100 -0.869800 -0.460500
vn -0.454700 -0.846100 -0.278200
vn -0.300700 -0.555700 -0.775100
vn -0.867200 -0.498000 0.000000
vn -0.454700 -0.846100 0.278200
vn 0.555200 -0.831700 0.000000
vn 0.731800 -0.518500 -0.442300
vn 0.177100 -0.869800 0.460500
vn 0.731800 -0.518500 0.442300
vn -0.300700 -0.555700 0.775100
vn -0.965100 0.001300 -0.261700
vn -0.965100 0.001300 0.261700
vn -0.652800 -0.002700 -0.757500
vn 0.965100 -0.001300 -0.261700
vn 0.652800 0.002700 -0.757500
vn 0.652800 0.002700 0.757500
vn 0.965100 -0.001300 0.261700
vn -0.652800 -0.002700 0.757500
vn -0.731800 0.518500 -0.442300
vn 0.300700 0.555700 -0.775100
vn 0.867200 0.498000 0.000000
vn 0.300700 0.555700 0.775100
vn -0.731800 0.518500 0.442300
vn -0.177100 0.869800 -0.460500
vn -0.555200 0.831700 0.000000
vn 0.454700 0.846100 -0.278200
vn 0.454700 0.846100 0.278200
vn -0.177100 0.869800 0.460500
vn 0.276400 -0.447200 -0.850700
vn 0.276400 -0.447200 0.850700
vn -0.276400 0.447200 -0.850700
vn -0.276400 0.447200 0.850700
vn 0.624500 0.706400 0.333100
vn 0.721000 -0.576400 0.384600
vn 0.708900 0.691700 -0.137900
vn 0.803400 -0.590700 -0.075000
vn 0.501300 0.653200 -0.567500
vn 0.600800 -0.628300 -0.494200
vn 0.081000 0.605600 -0.791700
vn 0.190700 -0.674800 -0.712900
vn -0.391400 0.567000 -0.724700
vn -0.270300 -0.712400 -0.647600
vn -0.735600 0.552300 -0.392300
vn -0.606100 -0.726800 -0.323200
vn -0.819900 0.567000 0.078700
vn -0.688400 -0.712400 0.136300
vn -0.612300 0.605600 0.508300
vn -0.485800 -0.674800 0.555500
vn -0.192000 0.653200 0.732400
vn -0.075700 -0.628300 0.774200
vn 0.280400 0.691700 0.665500
vn 0.385300 -0.590700 0.708900
vn 0.091600 0.734800 0.672100
vn 0.113500 -0.542600 0.832300
vn 0.527000 0.712200 0.463800
vn 0.530100 -0.564200 0.632900
vn 0.756100 0.653000 0.042600
vn 0.749500 -0.620900 0.229800
vn 0.691600 0.579900 -0.430600
vn 0.687700 -0.690900 -0.223100
vn 0.358000 0.520800 -0.775000
vn 0.368500 -0.747500 -0.552700
vn -0.117200 0.498200 -0.859100
vn -0.086400 -0.769100 -0.633300
vn -0.552500 0.520800 -0.650800
vn -0.503000 -0.747500 -0.433900
vn -0.781600 0.579900 -0.229700
vn -0.722300 -0.690900 -0.030800
vn -0.717100 0.653000 0.243500
vn -0.660600 -0.620900 0.422100
vn -0.383500 0.712200 0.587900
vn -0.341300 -0.564200 0.751800
vn -0.735600 -0.393100 -0.551700
vn 0.276800 -0.387200 -0.879400
vn 0.917900 -0.396800 0.000000
vn 0.276800 -0.387200 0.879400
vn -0.735600 -0.393100 0.551700
vn -0.276800 0.387200 -0.879400
vn 0.735600 0.393100 -0.551700
vn 0.735600 0.393100 0.551700
vn -0.276800 0.387200 0.879400
vn -0.917900 0.396800 0.000000
vn 0.262200 -0.486900 -0.833200
vn 0.241800 -0.593000 -0.768000
vn 0.213700 -0.702400 -0.679000
vn 0.177800 -0.805800 -0.564800
vn 0.135300 -0.892800 -0.429700
vn 0.089300 -0.954800 -0.283500
vn 0.043500 -0.989500 -0.138100
vn -0.113800 -0.989800 -0.085300
vn -0.234000 -0.956300 -0.175400
vn -0.355500 -0.895900 -0.266500
vn -0.468400 -0.810700 -0.351200
vn -0.564600 -0.708600 -0.423400
vn -0.640200 -0.599700 -0.480100
vn -0.695800 -0.493400 -0.521900
vn -0.647100 -0.420300 -0.636100
vn -0.539000 -0.442300 -0.716800
vn -0.410200 -0.456800 -0.789300
vn -0.266500 -0.461100 -0.846400
vn -0.117000 -0.454500 -0.883000
vn 0.027600 -0.438100 -0.898500
vn 0.159300 -0.415000 -0.895800
vn -0.791200 -0.423100 0.441500
vn -0.837900 -0.448100 0.311600
vn -0.870200 -0.465400 0.161700
vn -0.881800 -0.471600 0.000000
vn -0.870200 -0.465400 -0.161700
vn -0.837900 -0.448100 -0.311600
vn -0.791200 -0.423100 -0.441500
vn -0.113800 -0.989800 0.085300
vn -0.234000 -0.956300 0.175400
vn -0.355500 -0.895900 0.266500
vn -0.468400 -0.810700 0.351200
vn -0.564600 -0.708600 0.423400
vn -0.640200 -0.599700 0.480100
vn -0.695800 -0.493400 0.521900
vn 0.867400 -0.497600 0.000000
vn 0.797000 -0.604000 0.000000
vn 0.701700 -0.712500 0.000000
vn 0.581100 -0.813800 0.000000
vn 0.440300 -0.897900 0.000000
vn 0.289400 -0.957200 0.000000
vn 0.140600 -0.990100 0.000000
vn 0.382800 -0.416600 -0.824600
vn 0.493200 -0.441600 -0.749500
vn 0.604400 -0.459700 -0.650700
vn 0.707200 -0.467500 -0.530300
vn 0.792900 -0.463500 -0.395500
vn 0.856200 -0.448600 -0.256500
vn 0.896500 -0.425500 -0.123500
vn 0.262200 -0.486900 0.833200
vn 0.241800 -0.593000 0.768000
vn 0.213700 -0.702400 0.679000
vn 0.177800 -0.805800 0.564800
vn 0.135300 -0.892800 0.429700
vn 0.089300 -0.954800 0.283500
vn 0.043500 -0.989500 0.138100
vn 0.896500 -0.425500 0.123500
vn 0.856200 -0.448600 0.256500
vn 0.792900 -0.463500 0.395500
vn 0.707200 -0.467500 0.530300
vn 0.604400 -0.459700 0.650700
vn 0.493200 -0.441600 0.749500
vn 0.382700 -0.416600 0.824600
vn 0.159300 -0.415000 0.895800
vn 0.027600 -0.438100 0.898500
vn -0.117000 -0.454500 0.883000
vn -0.266500 -0.461100 0.846400
vn -0.410200 -0.456800 0.789300
vn -0.539000 -0.442300 0.716800
vn -0.647100 -0.420300 0.636100
vn -0.947000 0.312400 -0.074900
vn -0.963800 0.217200 -0.154400
vn -0.965100 0.111500 -0.236900
vn -0.948100 -0.000000 -0.317900
vn -0.913000 -0.111200 -0.392600
vn -0.862700 -0.216000 -0.457200
vn -0.802400 -0.309900 -0.509900
vn -0.802400 -0.309900 0.509900
vn -0.862700 -0.216000 0.457200
vn -0.913000 -0.111200 0.392600
vn -0.948100 -0.000000 0.318000
vn -0.965100 0.111500 0.236900
vn -0.963800 0.217200 0.154400
vn -0.947000 0.312400 0.074900
vn -0.217600 0.304100 -0.927500
vn -0.151100 0.211100 -0.965700
vn -0.077600 0.108300 -0.991100
vn 0.077600 -0.108300 -0.991100
vn 0.151100 -0.211100 -0.965700
vn 0.217600 -0.304000 -0.927500
vn -0.714800 -0.308600 -0.627600
vn -0.681800 -0.214100 -0.699500
vn -0.635200 -0.109700 -0.764500
vn -0.575600 -0.000000 -0.817700
vn -0.505700 0.109200 -0.855800
vn -0.429900 0.212200 -0.877600
vn -0.353000 0.304800 -0.884600
vn 0.802400 0.309900 -0.509900
vn 0.862700 0.216000 -0.457200
vn 0.913000 0.111200 -0.392600
vn 0.948100 -0.000000 -0.318000
vn 0.965100 -0.111500 -0.236900
vn 0.963800 -0.217200 -0.154400
vn 0.947000 -0.312400 -0.074900
vn 0.353000 -0.304800 -0.884600
vn 0.429900 -0.212200 -0.877600
vn 0.505700 -0.109200 -0.855800
vn 0.575600 -0.000000 -0.817700
vn 0.635200 0.109700 -0.764500
vn 0.681800 0.214100 -0.699500
vn 0.714800 0.308600 -0.627600
vn 0.714800 0.308600 0.627600
vn 0.681800 0.214100 0.699500
vn 0.635200 0.109700 0.764500
vn 0.575600 -0.000000 0.817700
vn 0.505700 -0.109200 0.855800
vn 0.429900 -0.212200 0.877600
vn 0.353000 -0.304800 0.884600
vn 0.947000 -0.312400 0.074900
vn 0.963800 -0.217200 0.154400
vn 0.965100 -0.111500 0.236900
vn 0.948100 -0.000000 0.318000
vn 0.913000 0.111200 0.392600
vn 0.862700 0.216000 0.457200
vn 0.802400 0.309900 0.509900
vn -0.353000 0.304800 0.884600
vn -0.429900 0.212200 0.877600
vn -0.505700 0.109200 0.855800
vn -0.575600 -0.000000 0.817700
vn -0.635200 -0.109700 0.764500
vn -0.681800 -0.214100 0.699500
vn -0.714800 -0.308600 0.627600
vn 0.217600 -0.304000 0.927500
vn 0.151100 -0.211100 0.965700
vn 0.077600 -0.108300 0.991100
vn -0.077600 0.108300 0.991100
vn -0.151100 0.211100 0.965700
vn -0.217600 0.304100 0.927500
vn -0.896500 0.425500 -0.123500
vn -0.856200 0.448600 -0.256500
vn -0.792900 0.463500 -0.395500
vn -0.707200 0.467500 -0.530300
vn -0.604400 0.459700 -0.650700
vn -0.493200 0.441600 -0.749500
vn -0.382800 0.416600 -0.824600
vn -0.159300 0.415000 -0.895800
vn -0.027600 0.438100 -0.898500
vn 0.117000 0.454500 -0.883000
vn 0.266500 0.461100 -0.846400
vn 0.410200 0.456800 -0.789300
vn 0.539000 0.442300 -0.716800
vn 0.647100 0.420300 -0.636100
vn 0.791200 0.423100 -0.441500
vn 0.837900 0.448100 -0.311600
vn 0.870200 0.465400 -0.161700
vn 0.881800 0.471600 0.000000
vn 0.870200 0.465400 0.161700
vn 0.837900 0.448100 0.311600
vn 0.791200 0.423100 0.441500
vn 0.647100 0.420300 0.636100
vn 0.539000 0.442300 0.716800
vn 0.410200 0.456800 0.789300
vn 0.266500 0.461100 0.846400
vn 0.117000 0.454500 0.883000
vn -0.027600 0.438100 0.898500
vn -0.159300 0.415000 0.895800
vn -0.382800 0.416600 0.824600
vn -0.493200 0.441600 0.749500
vn -0.604400 0.459700 0.650700
vn -0.707200 0.467500 0.530300
vn -0.792900 0.463500 0.395500
vn -0.856100 0.448600 0.256500
vn -0.896500 0.425500 0.123500
vn -0.043500 0.989500 -0.138100
vn -0.089300 0.954800 -0.283500
vn -0.135300 0.892800 -0.429700
vn -0.177800 0.805800 -0.564800
vn -0.213700 0.702400 -0.679000
vn -0.241800 0.593000 -0.768000
vn -0.262200 0.486900 -0.833200
vn -0.867400 0.497600 0.000000
vn -0.797000 0.604000 0.000000
vn -0.701700 0.712500 0.000000
vn -0.581100 0.813800 0.000000
vn -0.440300 0.897900 0.000000
vn -0.289400 0.957200 0.000000
vn -0.140600 0.990100 0.000000
vn 0.113800 0.989800 -0.085300
vn 0.234000 0.956300 -0.175400
vn 0.355500 0.895900 -0.266500
vn 0.468400 0.810700 -0.351200
vn 0.564600 0.708600 -0.423400
vn 0.640200 0.599700 -0.480100
vn 0.695800 0.493400 -0.521900
vn 0.113800 0.989800 0.085300
vn 0.234000 0.956300 0.175400
vn 0.355500 0.895900 0.266500
vn 0.468400 0.810700 0.351200
vn 0.564600 0.708600 0.423400
vn 0.640200 0.599700 0.480100
vn 0.695800 0.493400 0.521900
vn -0.043500 0.989500 0.138100
vn -0.089300 0.954800 0.283500
vn -0.135300 0.892800 0.429700
vn -0.177800 0.805800 0.564800
vn -0.213700 0.702400 0.679000
vn -0.241800 0.593000 0.768000
vn -0.262200 0.486900 0.833200
vn -0.194600 0.970000 0.145900
vn -0.350800 0.924200 0.151200
vn -0.247300 0.922300 0.297000
vn -0.503500 0.850500 0.152400
vn -0.405300 0.862200 0.303800
vn -0.294400 0.845900 0.444600
vn -0.639800 0.753900 0.149200
vn -0.553900 0.775900 0.302000
vn -0.447900 0.773300 0.448800
vn -0.332000 0.746700 0.576400
vn -0.751200 0.644500 0.142300
vn -0.681200 0.671400 0.291700
vn -0.587100 0.679400 0.440200
vn -0.475800 0.666300 0.574100
vn -0.358300 0.635600 0.683900
vn -0.835500 0.533200 0.133200
vn -0.781400 0.559900 0.275400
vn -0.702600 0.573700 0.420900
vn -0.602500 0.571300 0.557300
vn -0.489500 0.553400 0.673900
vn -0.374200 0.523800 0.765300
vn 0.074300 0.968900 0.235900
vn 0.030800 0.920500 0.389500
vn 0.197100 0.921700 0.334200
vn -0.015000 0.843600 0.536800
vn 0.154100 0.858300 0.489400
vn 0.318900 0.846300 0.426600
vn -0.059400 0.744100 0.665400
vn 0.106100 0.768600 0.630900
vn 0.274100 0.770200 0.576000
vn 0.429600 0.748500 0.505200
vn -0.099200 0.633200 0.767600
vn 0.057500 0.661500 0.747700
vn 0.222100 0.672900 0.705600
vn 0.381100 0.664600 0.642700
vn 0.521900 0.638600 0.565600
vn -0.132600 0.521700 0.842800
vn 0.012100 0.549100 0.835700
vn 0.168200 0.565200 0.807600
vn 0.324700 0.566600 0.757300
vn 0.469500 0.553000 0.688300
vn 0.593600 0.527400 0.607900
vn 0.240700 0.970600 0.000000
vn 0.370100 0.924600 0.090500
vn 0.370100 0.924600 -0.090500
vn 0.493900 0.850200 0.182000
vn 0.502300 0.864700 0.000000
vn 0.494000 0.850200 -0.182000
vn 0.601700 0.752800 0.267000
vn 0.621700 0.777900 0.091900
vn 0.621700 0.777900 -0.091900
vn 0.601700 0.752800 -0.267000
vn 0.686800 0.642600 0.339600
vn 0.718500 0.672500 0.177500
vn 0.730000 0.683400 0.000000
vn 0.718500 0.672500 -0.177500
vn 0.686800 0.642600 -0.339600
vn 0.748500 0.530900 0.397400
vn 0.789300 0.560200 0.251300
vn 0.812400 0.576700 0.086200
vn 0.812400 0.576700 -0.086200
vn 0.789300 0.560200 -0.251300
vn 0.748500 0.530900 -0.397400
vn 0.074300 0.968900 -0.235900
vn 0.197100 0.921700 -0.334200
vn 0.030800 0.920500 -0.389500
vn 0.318900 0.846300 -0.426600
vn 0.154100 0.858300 -0.489400
vn -0.015000 0.843600 -0.536800
vn 0.429600 0.748500 -0.505200
vn 0.274100 0.770100 -0.576000
vn 0.106100 0.768600 -0.630900
vn -0.059400 0.744100 -0.665400
vn 0.521900 0.638600 -0.565600
vn 0.381100 0.664600 -0.642700
vn 0.222100 0.672900 -0.705600
vn 0.057500 0.661500 -0.747700
vn -0.099200 0.633100 -0.767600
vn 0.593600 0.527400 -0.607900
vn 0.469500 0.553000 -0.688300
vn 0.324700 0.566600 -0.757300
vn 0.168200 0.565200 -0.807600
vn 0.012100 0.549100 -0.835700
vn -0.132600 0.521700 -0.842800
vn -0.194600 0.970000 -0.145900
vn -0.247200 0.922300 -0.297000
vn -0.350800 0.924200 -0.151200
vn -0.294400 0.845900 -0.444600
vn -0.405300 0.862200 -0.303800
vn -0.503500 0.850500 -0.152400
vn -0.332000 0.746700 -0.576400
vn -0.447900 0.773300 -0.448800
vn -0.553900 0.775900 -0.302000
vn -0.639800 0.753900 -0.149200
vn -0.358300 0.635600 -0.683900
vn -0.475800 0.666300 -0.574100
vn -0.587100 0.679400 -0.440200
vn -0.681200 0.671400 -0.291700
vn -0.751200 0.644500 -0.142300
vn -0.374200 0.523800 -0.765300
vn -0.489500 0.553400 -0.673900
vn -0.602500 0.571300 -0.557300
vn -0.702600 0.573700 -0.420900
vn -0.781400 0.559900 -0.275400
vn -0.835500 0.533200 -0.133200
vn -0.919100 0.333700 0.209500
vn -0.926300 0.231000 0.297500
vn -0.869000 0.349100 0.350800
vn -0.915700 0.118400 0.384100
vn -0.864200 0.239100 0.442600
vn -0.793700 0.356700 0.492700
vn -0.886000 0.002000 0.463600
vn -0.840900 0.121000 0.527500
vn -0.776400 0.241200 0.582200
vn -0.696100 0.355100 0.624000
vn -0.839600 -0.111200 0.531600
vn -0.800100 0.002000 0.599900
vn -0.742300 0.120400 0.659100
vn -0.668600 0.236900 0.704900
vn -0.584100 0.344500 0.734900
vn -0.781300 -0.215300 0.585900
vn -0.745900 -0.110700 0.656800
vn -0.694400 0.002000 0.719600
vn -0.628100 0.116700 0.769300
vn -0.550700 0.227000 0.803200
vn -0.467700 0.327200 0.821100
vn -0.088500 0.324900 0.941600
vn -0.011700 0.224700 0.974300
vn 0.053400 0.340800 0.938600
vn 0.069100 0.115300 0.990900
vn 0.137600 0.233600 0.962500
vn 0.204900 0.350100 0.914000
vn 0.149700 0.001900 0.988700
vn 0.221600 0.118500 0.967900
vn 0.291700 0.237300 0.926600
vn 0.355800 0.351000 0.866100
vn 0.225700 -0.108900 0.968100
vn 0.300300 0.002000 0.953800
vn 0.373100 0.118800 0.920200
vn 0.439300 0.234900 0.867100
vn 0.495200 0.343500 0.798000
vn 0.293500 -0.211700 0.932200
vn 0.369800 -0.109200 0.922700
vn 0.444400 0.002000 0.895800
vn 0.512700 0.116200 0.850700
vn 0.570300 0.227100 0.789400
vn 0.615100 0.328900 0.716600
vn 0.860100 0.332600 0.386800
vn 0.918500 0.230900 0.321100
vn 0.904500 0.349800 0.243900
vn 0.962100 0.118700 0.245400
vn 0.956200 0.240400 0.167000
vn 0.929500 0.359400 0.083500
vn 0.986600 0.002000 0.163400
vn 0.989000 0.122000 0.084000
vn 0.969800 0.243800 0.000000
vn 0.929500 0.359400 -0.083500
vn 0.990500 -0.112100 0.080000
vn 1.000000 0.002100 0.000000
vn 0.989000 0.122000 -0.084000
vn 0.956200 0.240400 -0.167000
vn 0.904500 0.349800 -0.243900
vn 0.976000 -0.217600 0.000000
vn 0.990500 -0.112100 -0.080000
vn 0.986600 0.002000 -0.163400
vn 0.962100 0.118700 -0.245400
vn 0.918500 0.230900 -0.321100
vn 0.860100 0.332600 -0.386800
vn 0.615100 0.328900 -0.716600
vn 0.570300 0.227100 -0.789400
vn 0.495200 0.343500 -0.798000
vn 0.512700 0.116200 -0.850700
vn 0.439300 0.234900 -0.867100
vn 0.355800 0.351000 -0.866100
vn 0.444400 0.002000 -0.895800
vn 0.373100 0.118800 -0.920200
vn 0.291700 0.237300 -0.926600
vn 0.204900 0.350100 -0.914000
vn 0.369800 -0.109200 -0.922700
vn 0.300300 0.002000 -0.953800
vn 0.221600 0.118500 -0.967900
vn 0.137600 0.233600 -0.962500
vn 0.053400 0.340800 -0.938600
vn 0.293500 -0.211700 -0.932200
vn 0.225700 -0.108900 -0.968100
vn 0.149700 0.001900 -0.988700
vn 0.069100 0.115300 -0.990900
vn -0.011700 0.224700 -0.974300
vn -0.088500 0.324900 -0.941600
vn -0.467700 0.327200 -0.821100
vn -0.550700 0.227000 -0.803200
vn -0.584100 0.344500 -0.734900
vn -0.628100 0.116700 -0.769300
vn -0.668600 0.236900 -0.704900
vn -0.696100 0.355100 -0.624000
vn -0.694400 0.002000 -0.719600
vn -0.742300 0.120400 -0.659100
vn -0.776400 0.241200 -0.582200
vn -0.793700 0.356700 -0.492700
vn -0.745900 -0.110700 -0.656800
vn -0.800100 0.002000 -0.599900
vn -0.840900 0.121000 -0.527500
vn -0.864200 0.239100 -0.442600
vn -0.869000 0.349100 -0.350800
vn -0.781300 -0.215300 -0.585900
vn -0.839600 -0.111200 -0.531600
vn -0.886000 0.002000 -0.463600
vn -0.915700 0.118400 -0.384100
vn -0.926300 0.231000 -0.297500
vn -0.919100 0.333700 -0.209500
vn -0.293500 0.211700 0.932200
vn -0.369800 0.109200 0.922700
vn -0.225700 0.108900 0.968100
vn -0.444400 -0.002000 0.895800
vn -0.300300 -0.002000 0.953800
vn -0.149700 -0.001900 0.988700
vn -0.512700 -0.116200 0.850700
vn -0.373100 -0.118800 0.920200
vn -0.221600 -0.118500 0.967900
vn -0.069100 -0.115300 0.990900
vn -0.570300 -0.227100 0.789400
vn -0.439300 -0.234900 0.867100
vn -0.291700 -0.237300 0.926600
vn -0.137600 -0.233600 0.962500
vn 0.011800 -0.224700 0.974300
vn -0.615100 -0.328900 0.716600
vn -0.495200 -0.343500 0.798000
vn -0.355800 -0.351000 0.866100
vn -0.204900 -0.350100 0.914000
vn -0.053400 -0.340800 0.938600
vn 0.088500 -0.324900 0.941600
vn 0.781300 0.215300 0.585900
vn 0.745900 0.110700 0.656900
vn 0.839600 0.111200 0.531600
vn 0.694400 -0.002000 0.719600
vn 0.800100 -0.002000 0.599900
vn 0.886000 -0.002000 0.463600
vn 0.628100 -0.116700 0.769300
vn 0.742300 -0.120400 0.659100
vn 0.840900 -0.121000 0.527500
vn 0.915700 -0.118400 0.384100
vn 0.550700 -0.227000 0.803200
vn 0.668600 -0.236900 0.704900
vn 0.776400 -0.241200 0.582200
vn 0.864200 -0.239100 0.442600
vn 0.926300 -0.231000 0.297500
vn 0.467700 -0.327200 0.821100
vn 0.584100 -0.344500 0.734900
vn 0.696100 -0.355100 0.624000
vn 0.793700 -0.356700 0.492700
vn 0.869000 -0.349100 0.350800
vn 0.919100 -0.333700 0.209500
vn 0.781300 0.215300 -0.585900
vn 0.839600 0.111200 -0.531600
vn 0.745900 0.110700 -0.656900
vn 0.886000 -0.002000 -0.463600
vn 0.800100 -0.002000 -0.599900
vn 0.694400 -0.002000 -0.719600
vn 0.915700 -0.118400 -0.384100
vn 0.840900 -0.121000 -0.527500
vn 0.742300 -0.120400 -0.659100
vn 0.628100 -0.116700 -0.769300
vn 0.926300 -0.231000 -0.297500
vn 0.864200 -0.239100 -0.442600
vn 0.776400 -0.241200 -0.582200
vn 0.668600 -0.236900 -0.704900
vn 0.550700 -0.227000 -0.803200
vn 0.919100 -0.333700 -0.209500
vn 0.869000 -0.349100 -0.350800
vn 0.793700 -0.356700 -0.492700
vn 0.696100 -0.355100 -0.624000
vn 0.584100 -0.344500 -0.734900
vn 0.467700 -0.327200 -0.821100
vn -0.293500 0.211700 -0.932200
vn -0.225700 0.108900 -0.968100
vn -0.369800 0.109200 -0.922700
vn -0.149700 -0.001900 -0.988700
vn -0.300300 -0.002000 -0.953800
vn -0.444400 -0.002000 -0.895800
vn -0.069100 -0.115300 -0.990900
vn -0.221600 -0.118500 -0.967900
vn -0.373100 -0.118800 -0.920200
vn -0.512700 -0.116200 -0.850700
vn 0.011800 -0.224700 -0.974300
vn -0.137600 -0.233600 -0.962500
vn -0.291700 -0.237300 -0.926600
vn -0.439300 -0.234900 -0.867100
vn -0.570300 -0.227100 -0.789400
vn 0.088500 -0.324900 -0.941600
vn -0.053400 -0.340800 -0.938600
vn -0.204900 -0.350100 -0.914000
vn -0.355800 -0.351000 -0.866100
vn -0.495200 -0.343500 -0.798000
vn -0.615100 -0.328900 -0.716600
vn -0.976000 0.217600 0.000000
vn -0.990500 0.112100 -0.080000
vn -0.990500 0.112100 0.080000
vn -0.986600 -0.002000 -0.163400
vn -1.000000 -0.002100 0.000000
vn -0.986600 -0.002000 0.163400
vn -0.962100 -0.118700 -0.245400
vn -0.989000 -0.122000 -0.084000
vn -0.989000 -0.122000 0.084000
vn -0.962100 -0.118700 0.245400
vn -0.918500 -0.230900 -0.321100
vn -0.956200 -0.240400 -0.167000
vn -0.969800 -0.243800 0.000000
vn -0.956200 -0.240400 0.167000
vn -0.918500 -0.230900 0.321100
vn -0.860100 -0.332600 -0.386800
vn -0.904500 -0.349800 -0.243900
vn -0.929500 -0.359400 -0.083500
vn -0.929500 -0.359400 0.083500
vn -0.904500 -0.349800 0.243900
vn -0.860100 -0.332600 0.386800
vn -0.593600 -0.527400 0.607900
vn -0.521900 -0.638600 0.565600
vn -0.469500 -0.553000 0.688300
vn -0.429600 -0.748500 0.505200
vn -0.381100 -0.664600 0.642700
vn -0.324700 -0.566600 0.757300
vn -0.319000 -0.846300 0.426600
vn -0.274100 -0.770200 0.576000
vn -0.222100 -0.672900 0.705600
vn -0.168200 -0.565200 0.807600
vn -0.197100 -0.921700 0.334200
vn -0.154100 -0.858300 0.489400
vn -0.106100 -0.768600 0.630900
vn -0.057500 -0.661500 0.747700
vn -0.012100 -0.549100 0.835700
vn -0.074300 -0.968900 0.235900
vn -0.030800 -0.920500 0.389500
vn 0.015000 -0.843600 0.536800
vn 0.059500 -0.744100 0.665400
vn 0.099200 -0.633100 0.767600
vn 0.132600 -0.521700 0.842800
vn 0.374200 -0.523800 0.765300
vn 0.358300 -0.635600 0.683900
vn 0.489500 -0.553400 0.673900
vn 0.332000 -0.746700 0.576400
vn 0.475800 -0.666300 0.574100
vn 0.602500 -0.571300 0.557300
vn 0.294400 -0.845900 0.444600
vn 0.447900 -0.773300 0.448800
vn 0.587100 -0.679400 0.440200
vn 0.702600 -0.573700 0.420900
vn 0.247300 -0.922300 0.297000
vn 0.405300 -0.862200 0.303900
vn 0.553900 -0.775900 0.302000
vn 0.681200 -0.671400 0.291700
vn 0.781400 -0.559900 0.275400
vn 0.194600 -0.970000 0.145900
vn 0.350800 -0.924200 0.151200
vn 0.503500 -0.850500 0.152400
vn 0.639800 -0.753900 0.149200
vn 0.751200 -0.644500 0.142300
vn 0.835500 -0.533200 0.133200
vn 0.835500 -0.533200 -0.133200
vn 0.751200 -0.644500 -0.142300
vn 0.781400 -0.559900 -0.275400
vn 0.639800 -0.753900 -0.149200
vn 0.681200 -0.671400 -0.291700
vn 0.702600 -0.573700 -0.420900
vn 0.503500 -0.850500 -0.152400
vn 0.553900 -0.775900 -0.302000
vn 0.587100 -0.679400 -0.440200
vn 0.602500 -0.571300 -0.557300
vn 0.350800 -0.924200 -0.151200
vn 0.405300 -0.862200 -0.303900
vn 0.447900 -0.773300 -0.448800
vn 0.475800 -0.666300 -0.574100
vn 0.489500 -0.553400 -0.673900
vn 0.194600 -0.970000 -0.145900
vn 0.247300 -0.922300 -0.297000
vn 0.294400 -0.845900 -0.444600
vn 0.332000 -0.746700 -0.576400
vn 0.358300 -0.635600 -0.683900
vn 0.374200 -0.523800 -0.765300
vn -0.748500 -0.530900 0.397400
vn -0.789300 -0.560200 0.251300
vn -0.686800 -0.642600 0.339600
vn -0.812400 -0.576700 0.086200
vn -0.718500 -0.672500 0.177500
vn -0.601700 -0.752800 0.267000
vn -0.812400 -0.576700 -0.086200
vn -0.730000 -0.683400 0.000000
vn -0.621700 -0.777900 0.091900
vn -0.494000 -0.850200 0.182000
vn -0.789300 -0.560200 -0.251300
vn -0.718500 -0.672500 -0.177500
vn -0.621700 -0.777900 -0.091900
vn -0.502400 -0.864700 0.000000
vn -0.370100 -0.924600 0.090500
vn -0.748500 -0.530900 -0.397400
vn -0.686800 -0.642600 -0.339600
vn -0.601700 -0.752800 -0.267000
vn -0.494000 -0.850200 -0.182000
vn -0.370100 -0.924600 -0.090500
vn -0.240700 -0.970600 0.000000
vn 0.132600 -0.521700 -0.842800
vn 0.099200 -0.633200 -0.767600
vn -0.012100 -0.549100 -0.835700
vn 0.059500 -0.744100 -0.665400
vn -0.057500 -0.661500 -0.747700
vn -0.168200 -0.565200 -0.807600
vn 0.015000 -0.843600 -0.536800
vn -0.106100 -0.768600 -0.630900
vn -0.222200 -0.672900 -0.705600
vn -0.324700 -0.566600 -0.757300
vn -0.030800 -0.920500 -0.389500
vn -0.154100 -0.858300 -0.489400
vn -0.274100 -0.770100 -0.576000
vn -0.381100 -0.664600 -0.642700
vn -0.469500 -0.553000 -0.688300
vn -0.074300 -0.968900 -0.235900
vn -0.197100 -0.921700 -0.334200
vn -0.318900 -0.846300 -0.426600
vn -0.429600 -0.748500 -0.505200
vn -0.521900 -0.638600 -0.565600
vn -0.593600 -0.527400 -0.607900
vn -0.669600 -0.539600 -0.510400
vn 0.251000 -0.529500 -0.810300
vn 0.837700 -0.546100 0.000000
vn 0.251000 -0.529500 0.810300
vn -0.669600 -0.539600 0.510400
vn -0.251000 0.529500 -0.810300
vn 0.669600 0.539600 -0.510400
vn 0.669600 0.539600 0.510400
vn -0.251000 0.529500 0.810300
vn -0.837800 0.546100 0.000000
vn 0.197600 -0.744100 -0.638200
vn 0.131200 -0.896400 -0.423500
vn 0.062500 -0.977500 -0.201500
vn -0.163500 -0.978700 -0.124500
vn -0.345100 -0.900900 -0.263000
vn -0.523600 -0.752700 -0.399200
vn -0.473900 -0.592500 -0.651400
vn -0.234600 -0.609500 -0.757300
vn 0.018300 -0.586000 -0.810100
vn -0.749400 -0.601900 0.275900
vn -0.780100 -0.625600 0.000000
vn -0.749400 -0.601900 -0.275900
vn -0.163500 -0.978700 0.124500
vn -0.345100 -0.900900 0.263000
vn -0.523600 -0.752700 0.399200
vn 0.652100 -0.758100 0.000000
vn 0.427900 -0.903800 0.000000
vn 0.202000 -0.979400 0.000000
vn 0.443600 -0.591600 -0.673300
vn 0.624500 -0.619300 -0.475900
vn 0.761400 -0.602600 -0.239000
vn 0.197600 -0.744100 0.638200
vn 0.131200 -0.896400 0.423500
vn 0.062500 -0.977500 0.201500
vn 0.761400 -0.602600 0.239000
vn 0.624500 -0.619300 0.475900
vn 0.443600 -0.591600 0.673300
vn 0.018300 -0.586000 0.810100
vn -0.234600 -0.609500 0.757300
vn -0.473900 -0.592500 0.651400
vn -0.937800 0.309200 -0.157800
vn -0.946600 -0.000100 -0.322400
vn -0.840400 -0.306900 -0.446700
vn -0.840400 -0.306900 0.446700
vn -0.946600 -0.000100 0.322400
vn -0.937800 0.309200 0.157800
vn -0.140500 0.297100 -0.944500
vn 0.140500 -0.297100 -0.944500
vn -0.656200 -0.302900 -0.691100
vn -0.569700 0.000100 -0.821900
vn -0.418800 0.299400 -0.857300
vn 0.840400 0.306900 -0.446700
vn 0.946600 0.000100 -0.322400
vn 0.937800 -0.309200 -0.157800
vn 0.418800 -0.299400 -0.857300
vn 0.569700 -0.000100 -0.821900
vn 0.656200 0.302900 -0.691100
vn 0.656200 0.302900 0.691100
vn 0.569700 -0.000100 0.821900
vn 0.418800 -0.299400 0.857300
vn 0.937800 -0.309200 0.157800
vn 0.946600 0.000100 0.322400
vn 0.840400 0.306900 0.446700
vn -0.418800 0.299400 0.857300
vn -0.569700 0.000100 0.821900
vn -0.656200 -0.302900 0.691100
vn 0.140500 -0.297100 0.944500
vn -0.140500 0.297100 0.944500
vn -0.761400 0.602600 -0.239000
vn -0.624500 0.619300 -0.475900
vn -0.443600 0.591600 -0.673300
vn -0.018300 0.586000 -0.810100
vn 0.234600 0.609500 -0.757300
vn 0.473900 0.592500 -0.651400
vn 0.749400 0.601900 -0.275900
vn 0.780100 0.625600 0.000000
vn 0.749400 0.601900 0.275900
vn 0.473900 0.592500 0.651400
vn 0.234600 0.609500 0.757300
vn -0.018300 0.586000 0.810100
vn -0.443600 0.591600 0.673300
vn -0.624500 0.619300 0.475900
vn -0.761400 0.602600 0.239000
vn -0.062500 0.977500 -0.201500
vn -0.131100 0.896400 -0.423500
vn -0.197600 0.744100 -0.638200
vn -0.652100 0.758100 0.000000
vn -0.427900 0.903800 0.000000
vn -0.202000 0.979400 0.000000
vn 0.163500 0.978700 -0.124500
vn 0.345100 0.900900 -0.263000
vn 0.523600 0.752700 -0.399200
vn 0.163500 0.978700 0.124500
vn 0.345100 0.900900 0.263000
vn 0.523600 0.752700 0.399200
vn -0.062500 0.977500 0.201500
vn -0.131200 0.896400 0.423500
vn -0.197600 0.744100 0.638200
vn -0.294500 0.928900 0.224500
vn -0.538700 0.807800 0.239300
vn -0.380700 0.802100 0.460100
vn 0.112100 0.925500 0.361800
vn 0.049800 0.796500 0.602600
vn 0.298700 0.799900 0.520500
vn 0.364800 0.931100 0.000000
vn 0.570900 0.809200 0.138800
vn 0.570900 0.809200 -0.138800
vn 0.112100 0.925500 -0.361800
vn 0.298700 0.799900 -0.520500
vn 0.049800 0.796500 -0.602600
vn -0.294500 0.928900 -0.224500
vn -0.380700 0.802100 -0.460100
vn -0.538700 0.807800 -0.239300
vn -0.831100 0.341500 0.438900
vn -0.795500 0.011300 0.605800
vn -0.646600 0.337300 0.684200
vn 0.136800 0.331000 0.933700
vn 0.296000 0.011000 0.955100
vn 0.415900 0.333400 0.846100
vn 0.925500 0.344000 0.158300
vn 0.999900 0.011500 0.000000
vn 0.925500 0.344000 -0.158300
vn 0.415900 0.333400 -0.846100
vn 0.296000 0.011000 -0.955100
vn 0.136800 0.331000 -0.933700
vn -0.646600 0.337300 -0.684200
vn -0.795500 0.011300 -0.605800
vn -0.831200 0.341400 -0.438900
vn -0.296000 -0.011000 0.955100
vn -0.415900 -0.333400 0.846100
vn -0.136800 -0.331000 0.933700
vn 0.795500 -0.011300 0.605800
vn 0.646600 -0.337300 0.684200
vn 0.831100 -0.341500 0.438900
vn 0.795500 -0.011300 -0.605800
vn 0.831100 -0.341500 -0.438900
vn 0.646600 -0.337300 -0.684200
vn -0.296000 -0.011000 -0.955100
vn -0.136800 -0.331000 -0.933700
vn -0.415900 -0.333400 -0.846100
vn -0.999900 -0.011500 0.000000
vn -0.925500 -0.344000 -0.158300
vn -0.925500 -0.344000 0.158300
vn -0.298700 -0.799900 0.520500
vn -0.112000 -0.925500 0.361800
vn -0.049800 -0.796500 0.602600
vn 0.380700 -0.802100 0.460100
vn 0.294500 -0.928900 0.224500
vn 0.538700 -0.807800 0.239300
vn 0.538700 -0.807800 -0.239300
vn 0.294500 -0.928900 -0.224500
vn 0.380700 -0.802100 -0.460100
vn -0.570900 -0.809200 0.138800
vn -0.570900 -0.809200 -0.138800
vn -0.364800 -0.931100 0.000000
vn -0.049800 -0.796500 -0.602600
vn -0.112100 -0.925500 -0.361800
vn -0.298700 -0.799900 -0.520500
vn -0.004300 -1.000000 0.000000
vn -0.864000 -0.298500 -0.405500
vn 0.396800 -0.378500 -0.836300
vn 0.964600 -0.263800 0.000000
vn 0.396800 -0.378500 0.836300
vn -0.864000 -0.298400 0.405500
vn -0.396800 0.378500 -0.836300
vn 0.864000 0.298500 -0.405500
vn 0.864000 0.298500 0.405500
vn -0.396800 0.378500 0.836300
vn -0.964600 0.263800 0.000000
vn 0.004400 1.000000 0.000000
vn 0.237900 -0.805000 -0.543400
vn -0.605400 -0.732200 -0.312100
vn -0.379700 -0.461400 -0.801900
vn -0.944500 -0.328500 0.000000
vn -0.605400 -0.732200 0.312100
vn 0.727900 -0.685700 0.000000
vn 0.840500 -0.368700 -0.397000
vn 0.237900 -0.805000 0.543400
vn 0.840500 -0.368700 0.397000
vn -0.379600 -0.461400 0.801900
vn -0.979200 0.001500 -0.202900
vn -0.979200 0.001500 0.202900
vn -0.736300 -0.004500 -0.676700
vn 0.979200 -0.001500 -0.202900
vn 0.736300 0.004500 -0.676700
vn 0.736300 0.004500 0.676700
vn 0.979200 -0.001500 0.202900
vn -0.736300 -0.004500 0.676700
vn -0.840500 0.368700 -0.397000
vn 0.379600 0.461400 -0.801900
vn 0.944500 0.328500 0.000000
vn 0.379700 0.461400 0.801900
vn -0.840500 0.368700 0.397000
vn -0.237900 0.805000 -0.543400
vn -0.727900 0.685700 0.000000
vn 0.605400 0.732200 -0.312100
vn 0.605400 0.732200 0.312100
vn -0.237900 0.805000 0.543400
vn -0.379600 -0.461400 -0.801900
vn -0.005200 -1.000000 0.000000
vn -0.616500 -0.335700 -0.712200
vn 0.184700 -0.263000 -0.946900
vn 0.916100 -0.400900 0.000000
vn 0.184700 -0.263000 0.946900
vn -0.616500 -0.335700 0.712200
vn -0.184700 0.263000 -0.946900
vn 0.616500 0.335700 -0.712200
vn 0.616500 0.335700 0.712200
vn -0.184700 0.263000 0.946900
vn -0.916100 0.400900 0.000000
vn 0.005200 1.000000 0.000000
vn 0.155000 -0.688100 -0.708900
vn -0.440500 -0.771700 -0.458800
vn -0.181600 -0.327500 -0.927200
vn -0.874100 -0.485700 0.000000
vn -0.440500 -0.771700 0.458800
vn 0.569400 -0.822100 0.000000
vn 0.598700 -0.413500 -0.686000
vn 0.155000 -0.688100 0.708900
vn 0.598700 -0.413500 0.686000
vn -0.181600 -0.327500 0.927200
vn -0.899300 -0.004600 -0.437400
vn -0.899300 -0.004600 0.437400
vn -0.405900 0.003300 -0.913900
vn 0.899300 0.004600 -0.437400
vn 0.405900 -0.003300 -0.913900
vn 0.405900 -0.003300 0.913900
vn 0.899300 0.004600 0.437400
vn -0.405900 0.003300 0.913900
vn -0.598700 0.413500 -0.686000
vn 0.181600 0.327500 -0.927200
vn 0.874100 0.485700 0.000000
vn 0.181600 0.327500 0.927200
vn -0.598700 0.413500 0.686000
vn -0.155000 0.688100 -0.708900
vn -0.569400 0.822100 0.000000
vn 0.440500 0.771700 -0.458800
vn 0.440500 0.771700 0.458800
vn -0.155000 0.688100 0.708900
vn -0.003900 -1.000000 0.000000
vn -0.625500 -0.386600 -0.677700
vn 0.195800 -0.316800 -0.928100
vn 0.896100 -0.443800 0.000000
vn 0.195800 -0.316800 0.928100
vn -0.625500 -0.386600 0.677700
vn -0.195800 0.316800 -0.928100
vn 0.625500 0.386600 -0.677700
vn 0.625500 0.386600 0.677700
vn -0.195800 0.316800 0.928100
vn -0.896100 0.443800 0.000000
vn 0.003900 1.000000 0.000000
vn 0.147100 -0.745800 -0.649700
vn -0.409900 -0.810100 -0.419200
vn -0.190100 -0.388100 -0.901800
vn -0.409900 -0.810100 0.419200
vn 0.601300 -0.465100 -0.649700
vn 0.147100 -0.745800 0.649700
vn 0.601300 -0.465100 0.649700
vn -0.190100 -0.388100 0.901800
vn -0.907900 -0.004400 -0.419200
vn -0.907900 -0.004400 0.419200
vn -0.432100 0.003500 -0.901800
vn 0.907900 0.004400 -0.419200
vn 0.432100 -0.003500 -0.901800
vn 0.432100 -0.003500 0.901800
vn 0.907900 0.004400 0.419200
vn -0.432100 0.003500 0.901800
vn -0.601300 0.465100 -0.649700
vn 0.190100 0.388100 -0.901800
vn 0.190100 0.388100 0.901800
vn -0.601300 0.465100 0.649700
vn -0.147100 0.745800 -0.649700
vn 0.409900 0.810100 -0.419200
vn 0.409900 0.810100 0.419200
vn -0.147100 0.745800 0.649700
vn 0.464700 -0.671400 -0.577400
vn 0.671400 0.464700 -0.577400
vn 0.464700 -0.671400 0.577400
vn 0.671400 0.464700 0.577400
vn -0.671400 -0.464700 -0.577400
vn -0.464700 0.671400 -0.577400
vn -0.671400 -0.464700 0.577400
vn -0.464700 0.671400 0.577400
vn 0.671400 -0.464700 -0.577400
vn 0.464700 0.671400 -0.577400
vn 0.671400 -0.464700 0.577400
vn 0.464700 0.671400 0.577400
vn -0.464700 -0.671400 -0.577400
vn -0.671400 0.464700 -0.577400
vn -0.464700 -0.671400 0.577400
vn -0.671400 0.464700 0.577400
vn -0.000500 -1.000000 0.000000
vn -0.788600 -0.355800 -0.501500
vn 0.320400 -0.381000 -0.867300
vn 0.939800 -0.341600 0.000000
vn 0.320400 -0.381000 0.867300
vn -0.788600 -0.355800 0.501500
vn -0.320400 0.381000 -0.867300
vn 0.788600 0.355800 -0.501500
vn 0.788600 0.355800 0.501500
vn -0.320400 0.381000 0.867300
vn -0.939800 0.341600 0.000000
vn 0.000400 1.000000 0.000000
vn 0.202800 -0.803200 -0.560100
vn -0.522900 -0.781700 -0.339800
vn -0.307700 -0.459300 -0.833300
vn -0.909400 -0.415900 0.000000
vn -0.522900 -0.781700 0.339800
vn 0.639900 -0.768400 0.000000
vn 0.761100 -0.431500 -0.484300
vn 0.202800 -0.803200 0.560100
vn 0.761100 -0.431500 0.484300
vn -0.307700 -0.459300 0.833300
vn -0.961900 0.000800 -0.273500
vn -0.961900 0.000800 0.273500
vn -0.636600 -0.001500 -0.771200
vn 0.961900 -0.000800 -0.273500
vn 0.636600 0.001500 -0.771200
vn 0.636600 0.001500 0.771200
vn 0.961900 -0.000800 0.273500
vn -0.636600 -0.001500 0.771200
vn -0.761100 0.431500 -0.484300
vn 0.307700 0.459300 -0.833300
vn 0.909400 0.415900 0.000000
vn 0.307700 0.459300 0.833300
vn -0.761100 0.431500 0.484300
vn -0.202800 0.803200 -0.560100
vn -0.639900 0.768400 0.000000
vn 0.522900 0.781700 -0.339800
vn 0.522900 0.781700 0.339800
vn -0.202800 0.803200 0.560100
vn 0.577400 -0.577400 -0.577400
vn 0.577400 0.577400 -0.577400
vn 0.577400 -0.577400 0.577400
vn 0.577400 0.577400 0.577400
vn -0.577400 -0.577400 -0.577400
vn -0.577400 0.577400 -0.577400
vn -0.577400 -0.577400 0.577400
vn -0.577400 0.577400 0.577400
vn -0.702100 -0.506400 -0.500500
vn 0.270300 -0.510400 -0.816300
vn 0.863700 -0.504000 0.000000
vn 0.270300 -0.510400 0.816300
vn -0.702100 -0.506400 0.500500
vn -0.270300 0.510400 -0.816300
vn 0.702100 0.506400 -0.500500
vn 0.702100 0.506400 0.500500
vn -0.270300 0.510400 0.816300
vn -0.863700 0.504000 0.000000
vn 0.216000 -0.726600 -0.652200
vn 0.145200 -0.887000 -0.438400
vn 0.069600 -0.975200 -0.210300
vn -0.182300 -0.974600 -0.130000
vn -0.379200 -0.885000 -0.270300
vn -0.562500 -0.723000 -0.401000
vn -0.505800 -0.566400 -0.650600
vn -0.253700 -0.590400 -0.766200
vn 0.019500 -0.569100 -0.822000
vn -0.781600 -0.562700 0.269200
vn -0.811800 -0.584000 0.000000
vn -0.781600 -0.562700 -0.269200
vn -0.182300 -0.974600 0.130000
vn -0.379200 -0.885000 0.270300
vn -0.562500 -0.723000 0.401000
vn 0.693100 -0.720800 0.000000
vn 0.468000 -0.883700 0.000000
vn 0.225300 -0.974300 0.000000
vn 0.474500 -0.566800 -0.673400
vn 0.659600 -0.586400 -0.470200
vn 0.793300 -0.562500 -0.232900
vn 0.216000 -0.726600 0.652200
vn 0.145200 -0.887000 0.438400
vn 0.069600 -0.975200 0.210300
vn 0.793300 -0.562500 0.232900
vn 0.659600 -0.586400 0.470200
vn 0.474500 -0.566800 0.673400
vn 0.019500 -0.569100 0.822000
vn -0.253700 -0.590400 0.766200
vn -0.505800 -0.566400 0.650600
vn -0.948200 0.280500 -0.149300
vn -0.952700 -0.000000 -0.303800
vn -0.859200 -0.281300 -0.427400
vn -0.859200 -0.281300 0.427400
vn -0.952700 -0.000000 0.303800
vn -0.948200 0.280500 0.149300
vn -0.150800 0.285100 -0.946600
vn 0.150800 -0.285100 -0.946600
vn -0.683200 -0.282800 -0.673200
vn -0.594900 -0.000000 -0.803800
vn -0.443500 0.284100 -0.850000
vn 0.859200 0.281300 -0.427400
vn 0.952700 -0.000000 -0.303800
vn 0.948200 -0.280500 -0.149300
vn 0.443500 -0.284100 -0.850000
vn 0.594900 -0.000000 -0.803800
vn 0.683200 0.282800 -0.673200
vn 0.683200 0.282800 0.673200
vn 0.594900 -0.000000 0.803800
vn 0.443500 -0.284100 0.850000
vn 0.948200 -0.280500 0.149300
vn 0.952700 -0.000000 0.303800
vn 0.859200 0.281300 0.427400
vn -0.443500 0.284100 0.850000
vn -0.594900 -0.000000 0.803800
vn -0.683200 -0.282800 0.673200
vn 0.150800 -0.285100 0.946600
vn -0.150800 0.285100 0.946600
vn -0.793300 0.562500 -0.232900
vn -0.659600 0.586400 -0.470200
vn -0.474500 0.566800 -0.673400
vn -0.019500 0.569100 -0.822000
vn 0.253700 0.590400 -0.766200
vn 0.505800 0.566400 -0.650600
vn 0.781600 0.562700 -0.269200
vn 0.811800 0.584000 0.000000
vn 0.781600 0.562700 0.269200
vn 0.505800 0.566400 0.650600
vn 0.253700 0.590400 0.766200
vn -0.019500 0.569100 0.822000
vn -0.474500 0.566800 0.673400
vn -0.659600 0.586400 0.470200
vn -0.793300 0.562500 0.232900
vn -0.069600 0.975200 -0.210300
vn -0.145200 0.887000 -0.438400
vn -0.216000 0.726600 -0.652200
vn -0.693100 0.720800 0.000000
vn -0.468000 0.883700 0.000000
vn -0.225300 0.974300 0.000000
vn 0.182300 0.974600 -0.130000
vn 0.379200 0.885000 -0.270300
vn 0.562500 0.723000 -0.401000
vn 0.182300 0.974600 0.130000
vn 0.379200 0.885000 0.270300
vn 0.562500 0.723000 0.401000
vn -0.069600 0.975200 0.210300
vn -0.145200 0.887000 0.438400
vn -0.216000 0.726600 0.652200
vn -0.325100 0.916900 0.231700
vn -0.579800 0.778300 0.241000
vn -0.414000 0.780700 0.468100
vn 0.124400 0.918400 0.375600
vn 0.054700 0.783100 0.619500
vn 0.326200 0.781600 0.531700
vn 0.401400 0.915900 0.000000
vn 0.613000 0.777700 0.139400
vn 0.613000 0.777700 -0.139400
vn 0.124400 0.918400 -0.375600
vn 0.326200 0.781600 -0.531700
vn 0.054700 0.783100 -0.619500
vn -0.325100 0.916900 -0.231700
vn -0.414000 0.780700 -0.468100
vn -0.579800 0.778300 -0.241000
vn -0.851100 0.314000 0.420800
vn -0.814100 0.010400 0.580600
vn -0.674100 0.315500 0.667800
vn 0.146600 0.318000 0.936700
vn 0.314200 0.010500 0.949300
vn 0.440900 0.317000 0.839700
vn 0.937800 0.313100 0.150100
vn 0.999900 0.010300 0.000000
vn 0.937800 0.313100 -0.150100
vn 0.440900 0.317000 -0.839700
vn 0.314200 0.010500 -0.949300
vn 0.146600 0.318000 -0.936700
vn -0.674100 0.315500 -0.667800
vn -0.814100 0.010400 -0.580600
vn -0.851100 0.314000 -0.420800
vn -0.314200 -0.010500 0.949300
vn -0.440900 -0.317000 0.839700
vn -0.146600 -0.318000 0.936700
vn 0.814100 -0.010400 0.580600
vn 0.674100 -0.315500 0.667800
vn 0.851100 -0.314000 0.420800
vn 0.814100 -0.010400 -0.580600
vn 0.851100 -0.314000 -0.420800
vn 0.674100 -0.315500 -0.667800
vn -0.314200 -0.010500 -0.949300
vn -0.146600 -0.318000 -0.936700
vn -0.440900 -0.317000 -0.839700
vn -0.999900 -0.010300 0.000000
vn -0.937800 -0.313100 -0.150100
vn -0.937800 -0.313100 0.150100
vn -0.326200 -0.781600 0.531700
vn -0.124400 -0.918400 0.375600
vn -0.054700 -0.783100 0.619500
vn 0.414000 -0.780700 0.468100
vn 0.325100 -0.916900 0.231700
vn 0.579800 -0.778300 0.241000
vn 0.579800 -0.778300 -0.241000
vn 0.325100 -0.916900 -0.231700
vn 0.414000 -0.780700 -0.468100
vn -0.613000 -0.777700 0.139400
vn -0.613000 -0.777700 -0.139400
vn -0.401400 -0.915900 0.000000
vn -0.054700 -0.783100 -0.619500
vn -0.124400 -0.918400 -0.375600
vn -0.326200 -0.781600 -0.531700
vn -0.003400 -1.000000 0.000000
vn -0.637000 -0.377200 -0.672300
vn 0.201600 -0.312300 -0.928400
vn 0.903000 -0.429600 0.000000
vn 0.201600 -0.312300 0.928400
vn -0.637000 -0.377200 0.672300
vn -0.201600 0.312300 -0.928400
vn 0.637000 0.377200 -0.672300
vn 0.637000 0.377200 0.672300
vn -0.201600 0.312300 0.928400
vn -0.903000 0.429600 0.000000
vn 0.003400 1.000000 0.000000
vn 0.152200 -0.741200 -0.653700
vn -0.422800 -0.802600 -0.420800
vn -0.196100 -0.383200 -0.902600
vn -0.859200 -0.511700 0.000000
vn -0.422800 -0.802600 0.420800
vn 0.541000 -0.841100 0.000000
vn 0.613300 -0.455500 -0.645300
vn 0.152200 -0.741200 0.653700
vn 0.613300 -0.455500 0.645300
vn -0.196100 -0.383200 0.902600
vn -0.910900 -0.003900 -0.412500
vn -0.910900 -0.003900 0.412500
vn -0.442000 0.003300 -0.897000
vn 0.910900 0.003900 -0.412500
vn 0.442000 -0.003300 -0.897000
vn 0.442000 -0.003300 0.897000
vn 0.910900 0.003900 0.412500
vn -0.442000 0.003300 0.897000
vn -0.613300 0.455500 -0.645300
vn 0.196100 0.383200 -0.902600
vn 0.859200 0.511700 0.000000
vn 0.196100 0.383200 0.902600
vn -0.613300 0.455500 0.645300
vn -0.152200 0.741200 -0.653700
vn -0.541000 0.841100 0.000000
vn 0.422800 0.802600 -0.420800
vn 0.422800 0.802600 0.420800
vn -0.152200 0.741200 0.653700
vn -1.000000 -0.000000 0.000000
vn -0.868700 0.350300 -0.350300
vn -0.508000 0.609100 -0.609100
vn -0.010800 0.707100 -0.707100
vn 0.491800 0.615700 -0.615700
vn 0.863300 0.356900 -0.356900
vn 1.000000 -0.000000 0.000000
vn 0.863300 -0.356900 0.356900
vn 0.491800 -0.615700 0.615700
vn -0.010800 -0.707100 0.707100
vn -0.508000 -0.609100 0.609100
vn -0.868700 -0.350300 0.350300
vn -0.991400 0.092300 0.092300
vn -0.861200 0.430500 -0.270100
vn -0.503600 0.656000 -0.562200
vn -0.010700 0.708100 -0.706100
vn 0.487600 0.570300 -0.661100
vn 0.855900 0.277200 -0.436600
vn 0.991400 -0.092300 -0.092300
vn 0.855900 -0.436600 0.277200
vn 0.487600 -0.661100 0.570300
vn -0.010700 -0.706100 0.708100
vn -0.503700 -0.562200 0.656000
vn -0.861200 -0.270100 0.430500
vn -0.965900 0.183000 0.183000
vn -0.839100 0.509300 -0.191300
vn -0.490700 0.702000 -0.516100
vn -0.010400 0.709000 -0.705100
vn 0.475100 0.525700 -0.705700
vn 0.833900 0.198900 -0.514900
vn 0.965900 -0.183000 -0.183000
vn 0.833900 -0.514900 0.198900
vn 0.475100 -0.705700 0.525700
vn -0.010400 -0.705100 0.709000
vn -0.490700 -0.516100 0.702000
vn -0.839100 -0.191300 0.509300
vn -0.923900 0.270600 0.270600
vn -0.802500 0.585400 -0.115200
vn -0.469300 0.746500 -0.471600
vn -0.009900 0.710000 -0.704200
vn 0.454400 0.482600 -0.748800
vn 0.797600 0.123300 -0.590500
vn 0.923900 -0.270600 -0.270600
vn 0.797600 -0.590500 0.123300
vn 0.454400 -0.748800 0.482600
vn -0.010000 -0.704100 0.710000
vn -0.469300 -0.471600 0.746500
vn -0.802500 -0.115200 0.585400
vn -0.866000 0.353600 0.353600
vn -0.752300 0.657400 -0.043200
vn -0.439900 0.788700 -0.429500
vn -0.009300 0.710900 -0.703300
vn 0.425900 0.441800 -0.789600
vn 0.747600 0.051700 -0.662100
vn 0.866000 -0.353500 -0.353600
vn 0.747600 -0.662100 0.051700
vn 0.425900 -0.789600 0.441800
vn -0.009300 -0.703300 0.710900
vn -0.439900 -0.429500 0.788700
vn -0.752300 -0.043200 0.657400
vn -0.793400 0.430500 0.430500
vn -0.689200 0.724200 0.023600
vn -0.403000 0.827700 -0.390400
vn -0.008600 0.711700 -0.702400
vn 0.390200 0.404000 -0.827400
vn 0.684900 -0.014700 -0.728500
vn 0.793400 -0.430500 -0.430500
vn 0.684900 -0.728500 -0.014700
vn 0.390200 -0.827400 0.404000
vn -0.008600 -0.702400 0.711700
vn -0.403000 -0.390400 0.827700
vn -0.689200 0.023600 0.724200
vn -0.707100 0.500000 0.500000
vn -0.614200 0.784600 0.084000
vn -0.359200 0.863100 -0.355100
vn -0.007600 0.712500 -0.701700
vn 0.347800 0.369800 -0.861600
vn 0.610400 -0.074800 -0.788500
vn 0.707100 -0.500000 -0.500000
vn 0.610400 -0.788500 -0.074800
vn 0.347800 -0.861600 0.369800
vn -0.007600 -0.701700 0.712500
vn -0.359200 -0.355100 0.863100
vn -0.614200 0.084000 0.784600
vn -0.608800 0.561000 0.561000
vn -0.528800 0.837600 0.137000
vn -0.309300 0.894000 -0.324100
vn -0.006600 0.713100 -0.701000
vn 0.299400 0.339800 -0.891600
vn 0.525500 -0.127400 -0.841200
vn 0.608800 -0.561000 -0.561000
vn 0.525500 -0.841200 -0.127400
vn 0.299400 -0.891600 0.339800
vn -0.006500 -0.701000 0.713100
vn -0.309200 -0.324100 0.894100
vn -0.528800 0.137000 0.837600
vn -0.500000 0.612400 0.612400
vn -0.434300 0.882200 0.181700
vn -0.254000 0.920200 -0.298000
vn -0.005400 0.713700 -0.700500
vn 0.245900 0.314500 -0.916900
vn 0.431600 -0.171800 -0.885500
vn 0.500000 -0.612400 -0.612400
vn 0.431600 -0.885500 -0.171800
vn 0.245900 -0.916900 0.314500
vn -0.005400 -0.700500 0.713700
vn -0.254000 -0.298000 0.920200
vn -0.434300 0.181700 0.882200
vn -0.382700 0.653300 0.653300
vn -0.332400 0.917800 0.217200
vn -0.194400 0.940900 -0.277200
vn -0.004100 0.714100 -0.700000
vn 0.188200 0.294400 -0.937000
vn 0.330400 -0.207100 -0.920900
vn 0.382700 -0.653300 -0.653300
vn 0.330400 -0.920900 -0.207100
vn 0.188200 -0.937000 0.294400
vn -0.004100 -0.700000 0.714100
vn -0.194400 -0.277200 0.940900
vn -0.332400 0.217200 0.917800
vn -0.258800 0.683000 0.683000
vn -0.224800 0.943600 0.243000
vn -0.131500 0.956000 -0.262100
vn -0.002800 0.714400 -0.699700
vn 0.127300 0.279700 -0.951600
vn 0.223400 -0.232700 -0.946500
vn 0.258800 -0.683000 -0.683000
vn 0.223400 -0.946500 -0.232700
vn 0.127300 -0.951600 0.279700
vn -0.002800 -0.699700 0.714400
vn -0.131500 -0.262100 0.956000
vn -0.224800 0.243000 0.943600
vn -0.130500 0.701100 0.701100
vn -0.113400 0.959300 0.258700
vn -0.066300 0.965200 -0.252900
vn -0.001400 0.714600 -0.699500
vn 0.064200 0.270900 -0.960500
vn 0.112700 -0.248300 -0.962100
vn 0.130500 -0.701100 -0.701100
vn 0.112700 -0.962100 -0.248300
vn 0.064200 -0.960500 0.270900
vn -0.001400 -0.699500 0.714600
vn -0.066300 -0.252900 0.965200
vn -0.113400 0.258700 0.959300
vn -0.000000 0.707100 0.707100
vn -0.000000 0.964500 0.263900
vn -0.000000 0.968300 -0.249900
vn -0.000000 0.714700 -0.699400
vn -0.000000 0.267900 -0.963400
vn -0.000000 -0.253500 -0.967300
vn -0.000000 -0.707100 -0.707100
vn -0.000000 -0.967300 -0.253500
vn -0.000000 -0.963500 0.267900
vn -0.000000 -0.699400 0.714700
vn -0.000000 -0.249900 0.968300
vn -0.000000 0.263900 0.964500
vn 0.130500 0.701100 0.701100
vn 0.113400 0.959300 0.258700
vn 0.066300 0.965200 -0.252900
vn 0.001400 0.714600 -0.699500
vn -0.064200 0.270900 -0.960500
vn -0.112700 -0.248300 -0.962100
vn -0.130500 -0.701100 -0.701100
vn -0.112700 -0.962100 -0.248300
vn -0.064200 -0.960500 0.270900
vn 0.001400 -0.699500 0.714600
vn 0.066300 -0.252900 0.965200
vn 0.113400 0.258700 0.959300
vn 0.258800 0.683000 0.683000
vn 0.224800 0.943600 0.243000
vn 0.131500 0.956000 -0.262100
vn 0.002800 0.714400 -0.699700
vn -0.127300 0.279700 -0.951600
vn -0.223400 -0.232700 -0.946500
vn -0.258800 -0.683000 -0.683000
vn -0.223400 -0.946500 -0.232700
vn -0.127300 -0.951600 0.279700
vn 0.002800 -0.699700 0.714400
vn 0.131500 -0.262100 0.956000
vn 0.224800 0.243000 0.943600
vn 0.382700 0.653300 0.653300
vn 0.332400 0.917800 0.217200
vn 0.194400 0.940900 -0.277200
vn 0.004100 0.714100 -0.700000
vn -0.188200 0.294400 -0.937000
vn -0.330400 -0.207100 -0.920900
vn -0.382700 -0.653300 -0.653300
vn -0.330400 -0.920900 -0.207100
vn -0.188200 -0.937000 0.294400
vn 0.004100 -0.700000 0.714100
vn 0.194400 -0.277200 0.940900
vn 0.332400 0.217200 0.917800
vn 0.500000 0.612400 0.612400
vn 0.434300 0.882200 0.181700
vn 0.254000 0.920200 -0.298000
vn 0.005400 0.713700 -0.700500
vn -0.245900 0.314500 -0.916900
vn -0.431600 -0.171800 -0.885500
vn -0.500000 -0.612400 -0.612400
vn -0.431700 -0.885500 -0.171800
vn -0.245900 -0.916900 0.314500
vn 0.005400 -0.700500 0.713700
vn 0.254000 -0.298000 0.920200
vn 0.434300 0.181700 0.882200
vn 0.608800 0.561000 0.561000
vn 0.528800 0.837600 0.137000
vn 0.309300 0.894100 -0.324100
vn 0.006600 0.713100 -0.701000
vn -0.299400 0.339800 -0.891600
vn -0.525500 -0.127400 -0.841200
vn -0.608800 -0.561000 -0.561000
vn -0.525500 -0.841200 -0.127400
vn -0.299400 -0.891600 0.339800
vn 0.006600 -0.701000 0.713100
vn 0.309300 -0.324100 0.894100
vn 0.528800 0.137000 0.837600
vn 0.707100 0.500000 0.500000
vn 0.614200 0.784600 0.084000
vn 0.359200 0.863100 -0.355100
vn 0.007600 0.712500 -0.701700
vn -0.347800 0.369800 -0.861600
vn -0.610400 -0.074800 -0.788500
vn -0.707100 -0.500000 -0.500000
vn -0.610400 -0.788500 -0.074800
vn -0.347800 -0.861600 0.369700
vn 0.007600 -0.701700 0.712500
vn 0.359200 -0.355100 0.863100
vn 0.614200 0.084000 0.784600
vn 0.793400 0.430500 0.430500
vn 0.689200 0.724200 0.023600
vn 0.403000 0.827700 -0.390400
vn 0.008600 0.711700 -0.702400
vn -0.390200 0.404000 -0.827400
vn -0.684900 -0.014700 -0.728500
vn -0.793400 -0.430500 -0.430500
vn -0.684900 -0.728500 -0.014700
vn -0.390200 -0.827400 0.404000
vn 0.008500 -0.702400 0.711700
vn 0.403000 -0.390400 0.827800
vn 0.689200 0.023600 0.724200
vn 0.866000 0.353600 0.353600
vn 0.752300 0.657400 -0.043200
vn 0.439900 0.788700 -0.429500
vn 0.009400 0.710900 -0.703300
vn -0.425900 0.441800 -0.789600
vn -0.747600 0.051700 -0.662100
vn -0.866000 -0.353600 -0.353600
vn -0.747600 -0.662100 0.051700
vn -0.425900 -0.789600 0.441800
vn 0.009300 -0.703300 0.710900
vn 0.439900 -0.429500 0.788700
vn 0.752300 -0.043200 0.657400
vn 0.923900 0.270600 0.270600
vn 0.802500 0.585400 -0.115200
vn 0.469300 0.746500 -0.471600
vn 0.010000 0.710000 -0.704200
vn -0.454400 0.482600 -0.748800
vn -0.797600 0.123300 -0.590500
vn -0.923900 -0.270600 -0.270600
vn -0.797600 -0.590500 0.123300
vn -0.454400 -0.748800 0.482600
vn 0.010000 -0.704100 0.710000
vn 0.469300 -0.471600 0.746500
vn 0.802500 -0.115200 0.585400
vn 0.965900 0.183000 0.183000
vn 0.839100 0.509300 -0.191300
vn 0.490700 0.702000 -0.516100
vn 0.010400 0.709000 -0.705100
vn -0.475100 0.525700 -0.705700
vn -0.833900 0.198900 -0.514900
vn -0.965900 -0.183000 -0.183000
vn -0.833900 -0.514900 0.198900
vn -0.475100 -0.705700 0.525700
vn 0.010400 -0.705100 0.709000
vn 0.490700 -0.516100 0.702000
vn 0.839100 -0.191300 0.509300
vn 0.991400 0.092300 0.092300
vn 0.861200 0.430500 -0.270100
vn 0.503600 0.656000 -0.562200
vn 0.010700 0.708100 -0.706100
vn -0.487600 0.570300 -0.661100
vn -0.855900 0.277200 -0.436600
vn -0.991400 -0.092300 -0.092300
vn -0.855900 -0.436600 0.277200
vn -0.487600 -0.661100 0.570300
vn 0.010700 -0.706100 0.708100
vn 0.503700 -0.562200 0.656000
vn 0.861200 -0.270100 0.430500
vn 0.868700 0.350300 -0.350300
vn 0.508000 0.609100 -0.609100
vn 0.010800 0.707100 -0.707100
vn -0.491800 0.615700 -0.615700
vn -0.863300 0.356900 -0.356900
vn -0.863300 -0.356900 0.356900
vn -0.491800 -0.615700 0.615700
vn 0.010800 -0.707100 0.707100
vn 0.508000 -0.609100 0.609100
vn 0.868700 -0.350300 0.350300
vn 0.861200 0.270100 -0.430500
vn 0.503600 0.562200 -0.656000
vn 0.010700 0.706100 -0.708100
vn -0.487600 0.661100 -0.570300
vn -0.855900 0.436600 -0.277200
vn -0.855900 -0.277200 0.436600
vn -0.487600 -0.570300 0.661100
vn 0.010700 -0.708100 0.706100
vn 0.503600 -0.656000 0.562200
vn 0.861200 -0.430500 0.270100
vn 0.839100 0.191300 -0.509300
vn 0.490700 0.516100 -0.702000
vn 0.010400 0.705100 -0.709000
vn -0.475100 0.705700 -0.525700
vn -0.833900 0.514900 -0.198900
vn -0.833900 -0.198900 0.514900
vn -0.475100 -0.525700 0.705700
vn 0.010400 -0.709000 0.705100
vn 0.490700 -0.702000 0.516100
vn 0.839100 -0.509300 0.191300
vn 0.802500 0.115200 -0.585400
vn 0.469300 0.471600 -0.746500
vn 0.010000 0.704200 -0.710000
vn -0.454400 0.748800 -0.482600
vn -0.797600 0.590500 -0.123300
vn -0.797600 -0.123300 0.590500
vn -0.454400 -0.482600 0.748800
vn 0.010000 -0.710000 0.704200
vn 0.469300 -0.746500 0.471600
vn 0.802500 -0.585400 0.115200
vn 0.866000 -0.353600 -0.353600
vn 0.752300 0.043200 -0.657400
vn 0.439900 0.429500 -0.788700
vn 0.009300 0.703300 -0.710900
vn -0.425900 0.789600 -0.441800
vn -0.747600 0.662100 -0.051700
vn -0.866000 0.353500 0.353600
vn -0.747600 -0.051700 0.662100
vn -0.425900 -0.441800 0.789600
vn 0.009300 -0.710900 0.703300
vn 0.439900 -0.788700 0.429500
vn 0.752300 -0.657400 0.043200
vn 0.689200 -0.023600 -0.724200
vn 0.403000 0.390400 -0.827700
vn 0.008600 0.702400 -0.711700
vn -0.390200 0.827400 -0.404000
vn -0.684900 0.728500 0.014700
vn -0.684900 0.014700 0.728500
vn -0.390200 -0.404000 0.827400
vn 0.008500 -0.711700 0.702400
vn 0.403000 -0.827700 0.390400
vn 0.689200 -0.724200 -0.023600
vn 0.614200 -0.084000 -0.784600
vn 0.359200 0.355100 -0.863100
vn 0.007600 0.701700 -0.712500
vn -0.347800 0.861600 -0.369700
vn -0.610400 0.788500 0.074800
vn -0.610400 0.074800 0.788500
vn -0.347800 -0.369800 0.861600
vn 0.007600 -0.712500 0.701700
vn 0.359200 -0.863100 0.355100
vn 0.614200 -0.784600 -0.084000
vn 0.528800 -0.137000 -0.837600
vn 0.309200 0.324100 -0.894100
vn 0.006600 0.701000 -0.713100
vn -0.299400 0.891600 -0.339800
vn -0.525500 0.841200 0.127400
vn -0.525500 0.127400 0.841200
vn -0.299400 -0.339800 0.891600
vn 0.006600 -0.713100 0.701000
vn 0.309300 -0.894100 0.324100
vn 0.528800 -0.837600 -0.137000
vn 0.434300 -0.181700 -0.882200
vn 0.254000 0.298000 -0.920200
vn 0.005400 0.700500 -0.713700
vn -0.245900 0.916900 -0.314500
vn -0.431700 0.885500 0.171800
vn -0.431600 0.171800 0.885500
vn -0.245900 -0.314500 0.916900
vn 0.005400 -0.713700 0.700500
vn 0.254000 -0.920200 0.298000
vn 0.434300 -0.882200 -0.181700
vn 0.332400 -0.217200 -0.917800
vn 0.194400 0.277200 -0.940900
vn 0.004100 0.700000 -0.714100
vn -0.188200 0.937000 -0.294400
vn -0.330400 0.920900 0.207100
vn -0.330400 0.207100 0.920900
vn -0.188200 -0.294400 0.937000
vn 0.004100 -0.714100 0.700000
vn 0.194400 -0.940900 0.277200
vn 0.332400 -0.917800 -0.217200
vn 0.224800 -0.243000 -0.943600
vn 0.131500 0.262100 -0.956000
vn 0.002800 0.699700 -0.714400
vn -0.127300 0.951600 -0.279700
vn -0.223400 0.946500 0.232700
vn -0.223400 0.232700 0.946500
vn -0.127300 -0.279700 0.951600
vn 0.002800 -0.714400 0.699700
vn 0.131500 -0.956000 0.262100
vn 0.224800 -0.943600 -0.243000
vn 0.113400 -0.258700 -0.959300
vn 0.066300 0.252900 -0.965200
vn 0.001400 0.699500 -0.714600
vn -0.064200 0.960500 -0.270900
vn -0.112700 0.962100 0.248300
vn -0.112700 0.248300 0.962100
vn -0.064200 -0.270900 0.960500
vn 0.001400 -0.714600 0.699500
vn 0.066300 -0.965200 0.252900
vn 0.113400 -0.959300 -0.258700
vn -0.000000 -0.263900 -0.964500
vn -0.000000 0.249900 -0.968300
vn -0.000000 0.699400 -0.714700
vn -0.000000 0.963500 -0.267900
vn -0.000000 0.967300 0.253500
vn -0.000000 0.253500 0.967300
vn -0.000000 -0.267900 0.963400
vn -0.000000 -0.714700 0.699400
vn -0.000000 -0.968300 0.249900
vn -0.000000 -0.964500 -0.263900
vn -0.113400 -0.258700 -0.959300
vn -0.066300 0.252900 -0.965200
vn -0.001400 0.699500 -0.714600
vn 0.064200 0.960500 -0.270900
vn 0.112700 0.962100 0.248300
vn 0.112700 0.248300 0.962100
vn 0.064200 -0.270900 0.960500
vn -0.001400 -0.714600 0.699500
vn -0.066300 -0.965200 0.252900
vn -0.113400 -0.959300 -0.258700
vn -0.224800 -0.243000 -0.943600
vn -0.131500 0.262100 -0.956000
vn -0.002800 0.699700 -0.714400
vn 0.127300 0.951600 -0.279700
vn 0.223400 0.946500 0.232700
vn 0.223400 0.232700 0.946500
vn 0.127300 -0.279700 0.951600
vn -0.002800 -0.714400 0.699700
vn -0.131500 -0.956000 0.262100
vn -0.224800 -0.943600 -0.243000
vn -0.332400 -0.217200 -0.917800
vn -0.194400 0.277200 -0.940900
vn -0.004100 0.700000 -0.714100
vn 0.188200 0.937000 -0.294400
vn 0.330400 0.920900 0.207100
vn 0.330400 0.207100 0.920900
vn 0.188200 -0.294400 0.937000
vn -0.004100 -0.714100 0.700000
vn -0.194400 -0.940900 0.277200
vn -0.332400 -0.917800 -0.217200
vn -0.434300 -0.181700 -0.882200
vn -0.254000 0.298000 -0.920200
vn -0.005400 0.700500 -0.713700
vn 0.245900 0.916900 -0.314500
vn 0.431700 0.885500 0.171800
vn 0.431600 0.171800 0.885500
vn 0.245900 -0.314500 0.916900
vn -0.005400 -0.713700 0.700500
vn -0.254000 -0.920200 0.298000
vn -0.434300 -0.882200 -0.181700
vn -0.528800 -0.137000 -0.837600
vn -0.309300 0.324100 -0.894000
vn -0.006500 0.701000 -0.713100
vn 0.299400 0.891600 -0.339800
vn 0.525500 0.841200 0.127400
vn 0.525500 0.127400 0.841200
vn 0.299400 -0.339800 0.891600
vn -0.006600 -0.713100 0.701000
vn -0.309300 -0.894100 0.324100
vn -0.528800 -0.837600 -0.137000
vn -0.614200 -0.084000 -0.784600
vn -0.359200 0.355100 -0.863100
vn -0.007600 0.701700 -0.712500
vn 0.347800 0.861600 -0.369700
vn 0.610400 0.788500 0.074800
vn 0.610400 0.074700 0.788500
vn 0.347800 -0.369800 0.861600
vn -0.007600 -0.712500 0.701700
vn -0.359200 -0.863100 0.355100
vn -0.614200 -0.784600 -0.084000
vn -0.793400 -0.430500 -0.430400
vn -0.689200 -0.023600 -0.724200
vn -0.403000 0.390400 -0.827700
vn -0.008600 0.702400 -0.711700
vn 0.390200 0.827400 -0.404000
vn 0.684900 0.728500 0.014700
vn 0.684900 0.014700 0.728500
vn 0.390200 -0.404000 0.827400
vn -0.008600 -0.711700 0.702400
vn -0.403000 -0.827700 0.390400
vn -0.689200 -0.724200 -0.023600
vn -0.866000 -0.353600 -0.353500
vn -0.752300 0.043200 -0.657400
vn -0.439900 0.429500 -0.788700
vn -0.009300 0.703300 -0.710900
vn 0.425900 0.789600 -0.441800
vn 0.747600 0.662100 -0.051700
vn 0.866000 0.353500 0.353600
vn 0.747600 -0.051700 0.662100
vn 0.425900 -0.441800 0.789600
vn -0.009300 -0.710900 0.703300
vn -0.439900 -0.788700 0.429500
vn -0.752300 -0.657400 0.043200
vn -0.802500 0.115200 -0.585400
vn -0.469300 0.471600 -0.746500
vn -0.009900 0.704100 -0.710000
vn 0.454400 0.748800 -0.482600
vn 0.797600 0.590500 -0.123300
vn 0.797600 -0.123300 0.590500
vn 0.454400 -0.482600 0.748800
vn -0.009900 -0.710000 0.704200
vn -0.469300 -0.746500 0.471600
vn -0.802500 -0.585400 0.115200
vn -0.839100 0.191300 -0.509300
vn -0.490700 0.516100 -0.702000
vn -0.010400 0.705100 -0.709000
vn 0.475100 0.705700 -0.525700
vn 0.833900 0.514900 -0.198900
vn 0.833900 -0.198900 0.514900
vn 0.475100 -0.525700 0.705700
vn -0.010400 -0.709000 0.705100
vn -0.490700 -0.702000 0.516100
vn -0.839100 -0.509300 0.191300
vn -0.861200 0.270100 -0.430500
vn -0.503700 0.562200 -0.656000
vn -0.010700 0.706100 -0.708100
vn 0.487600 0.661100 -0.570300
vn 0.855900 0.436600 -0.277200
vn 0.855900 -0.277200 0.436600
vn 0.487600 -0.570300 0.661100
vn -0.010700 -0.708100 0.706100
vn -0.503600 -0.656000 0.562200
vn -0.861200 -0.430500 0.270100
vn -0.000000 -0.606600 0.795000
vn -0.000000 0.697500 0.716600
vn -0.378600 -0.612700 0.693700
vn -0.378600 0.691400 0.615400
vn -0.655700 -0.629300 0.417100
vn -0.655700 0.674800 0.338700
vn -0.757200 -0.652100 0.039200
vn -0.757200 0.652100 -0.039200
vn -0.655700 -0.674800 -0.338700
vn -0.655700 0.629300 -0.417100
vn -0.378600 -0.691400 -0.615400
vn -0.378600 0.612700 -0.693700
vn -0.000000 -0.697500 -0.716600
vn -0.000000 0.606600 -0.795000
vn 0.378600 -0.691400 -0.615400
vn 0.378600 0.612700 -0.693700
vn 0.655700 -0.674800 -0.338700
vn 0.655700 0.629400 -0.417100
vn 0.757200 -0.652100 0.039200
vn 0.757200 0.652100 -0.039200
vn 0.655700 -0.629300 0.417100
vn 0.655700 0.674800 0.338700
vn 0.378600 -0.612700 0.693700
vn 0.378600 0.691400 0.615400
vt 0.127163 0.316928
vt 0.109823 0.010677
vt 0.129341 0.010524
vt 0.159369 0.316677
vt 0.490129 0.316243
vt 0.512490 0.010650
vt 0.535972 0.010524
vt 0.528874 0.316036
vt 0.561650 0.010524
vt 0.571242 0.316036
vt 0.584438 0.010650
vt 0.608842 0.316243
vt 0.180417 0.316245
vt 0.209040 0.011245
vt 0.229458 0.010714
vt 0.214107 0.315369
vt 0.254619 0.010524
vt 0.255623 0.315056
vt 0.279539 0.010714
vt 0.296741 0.315369
vt 0.299283 0.011245
vt 0.329318 0.316245
vt 0.350366 0.316798
vt 0.372954 0.010524
vt 0.396434 0.010658
vt 0.389109 0.317019
vt 0.422112 0.010658
vt 0.431478 0.317019
vt 0.444901 0.010524
vt 0.469080 0.316798
vt 0.010524 0.316677
vt 0.039133 0.010524
vt 0.059761 0.010677
vt 0.044561 0.316928
vt 0.406638 0.338068
vt 0.431681 0.343789
vt 0.451764 0.359809
vt 0.462910 0.382955
vt 0.462910 0.408643
vt 0.451764 0.431786
vt 0.431681 0.447798
vt 0.406638 0.453510
vt 0.381595 0.447789
vt 0.361512 0.431769
vt 0.350367 0.408623
vt 0.350367 0.382934
vt 0.361512 0.359792
vt 0.381595 0.343779
vt 0.084990 0.010731
vt 0.086188 0.317018
vt 0.177844 0.373933
vt 0.196235 0.412121
vt 0.196235 0.454503
vt 0.177844 0.492686
vt 0.144704 0.519106
vt 0.103380 0.528531
vt 0.062055 0.519094
vt 0.028915 0.492664
vt 0.010524 0.454476
vt 0.010524 0.412094
vt 0.028915 0.373911
vt 0.062055 0.347491
vt 0.103380 0.338066
vt 0.144704 0.347503
vt 0.507420 0.654672
vt 0.516574 0.670309
vt 0.499984 0.676926
vt 0.522962 0.681177
vt 0.529626 0.657593
vt 0.493648 0.652720
vt 0.506323 0.631144
vt 0.520491 0.642014
vt 0.856718 0.321582
vt 0.855448 0.301576
vt 0.864857 0.315463
vt 0.897349 0.468916
vt 0.895229 0.455452
vt 0.905457 0.465005
vt 0.324071 0.643703
vt 0.325528 0.666722
vt 0.316122 0.655675
vt 0.909189 0.619652
vt 0.909189 0.636868
vt 0.900572 0.627190
vt 0.856929 0.278469
vt 0.855448 0.261235
vt 0.864981 0.265188
vt 0.895357 0.438629
vt 0.902530 0.428255
vt 0.904286 0.447203
vt 0.324071 0.686121
vt 0.315990 0.695607
vt 0.316122 0.680608
vt 0.315990 0.630332
vt 0.901948 0.609392
vt 0.864981 0.290121
vt 0.261429 0.702172
vt 0.248440 0.687582
vt 0.262231 0.685572
vt 0.285535 0.683677
vt 0.275284 0.698288
vt 0.276400 0.674701
vt 0.278870 0.635539
vt 0.285535 0.659122
vt 0.272482 0.646407
vt 0.250645 0.624282
vt 0.265027 0.624211
vt 0.255892 0.639790
vt 0.239866 0.665463
vt 0.242102 0.641800
vt 0.249557 0.663996
vt 0.263328 0.662044
vt 0.874390 0.279075
vt 0.872936 0.302093
vt 0.872936 0.259676
vt 0.891703 0.618885
vt 0.894099 0.605523
vt 0.891758 0.635802
vt 0.306583 0.644218
vt 0.307844 0.624211
vt 0.308069 0.667327
vt 0.306583 0.684560
vt 0.269560 0.708157
vt 0.912758 0.437808
vt 0.912758 0.454881
vt 0.874189 0.320078
vt 0.864857 0.250188
vt 0.519375 0.618428
vt 0.505521 0.614544
vt 0.513652 0.608558
vt 0.898943 0.646361
vt 0.325314 0.625716
vt 0.529626 0.633039
vt 0.492532 0.629134
vt 0.483958 0.651252
vt 0.486193 0.674916
vt 0.494737 0.692434
vt 0.509119 0.692505
vt 0.440545 0.680622
vt 0.449699 0.696259
vt 0.433109 0.702876
vt 0.456087 0.707127
vt 0.462752 0.683543
vt 0.426774 0.678670
vt 0.439448 0.657094
vt 0.453617 0.667964
vt 0.856509 0.437762
vt 0.855239 0.417757
vt 0.864648 0.431643
vt 0.897558 0.290850
vt 0.895438 0.277385
vt 0.905666 0.286938
vt 0.869198 0.625015
vt 0.870654 0.648034
vt 0.861248 0.636988
vt 0.912715 0.380497
vt 0.912715 0.397714
vt 0.904099 0.388035
vt 0.856720 0.394649
vt 0.855239 0.377415
vt 0.864772 0.381369
vt 0.895566 0.260562
vt 0.902739 0.250188
vt 0.904495 0.269136
vt 0.869198 0.667433
vt 0.861116 0.676919
vt 0.861248 0.661921
vt 0.861116 0.611645
vt 0.905475 0.370238
vt 0.864772 0.406301
vt 0.371929 0.712470
vt 0.358940 0.697880
vt 0.372731 0.695870
vt 0.396035 0.693975
vt 0.385784 0.708586
vt 0.386900 0.684999
vt 0.389370 0.645837
vt 0.396035 0.669420
vt 0.382982 0.656704
vt 0.361145 0.634580
vt 0.375527 0.634508
vt 0.366392 0.650088
vt 0.350366 0.675761
vt 0.352602 0.652098
vt 0.360057 0.674293
vt 0.373828 0.672342
vt 0.874181 0.395255
vt 0.872727 0.418273
vt 0.872727 0.375856
vt 0.895229 0.379731
vt 0.897626 0.366369
vt 0.895284 0.396648
vt 0.851710 0.625531
vt 0.852970 0.605523
vt 0.853195 0.648640
vt 0.851710 0.665873
vt 0.380060 0.718455
vt 0.912967 0.259741
vt 0.912967 0.276814
vt 0.873980 0.436258
vt 0.864648 0.366369
vt 0.452501 0.644378
vt 0.438647 0.640494
vt 0.446777 0.634509
vt 0.902470 0.407207
vt 0.870441 0.607028
vt 0.462752 0.658989
vt 0.425657 0.655084
vt 0.417084 0.677202
vt 0.419319 0.700866
vt 0.427862 0.718384
vt 0.442245 0.718455
vt 0.141094 0.604141
vt 0.132715 0.615344
vt 0.132254 0.597539
vt 0.642035 0.513919
vt 0.632686 0.518740
vt 0.639349 0.504670
vt 0.144046 0.588847
vt 0.151794 0.601282
vt 0.144792 0.617658
vt 0.650542 0.504707
vt 0.642035 0.575307
vt 0.639761 0.561947
vt 0.650797 0.570511
vt 0.129703 0.731326
vt 0.125529 0.721246
vt 0.137454 0.726276
vt 0.681132 0.645248
vt 0.683511 0.659241
vt 0.672593 0.653722
vt 0.062103 0.700218
vt 0.062668 0.711725
vt 0.052505 0.705485
vt 0.650797 0.518800
vt 0.650542 0.584309
vt 0.139356 0.737018
vt 0.672593 0.636548
vt 0.054769 0.691881
vt 0.681338 0.544421
vt 0.683650 0.530401
vt 0.690313 0.544222
vt 0.164122 0.700791
vt 0.164692 0.689284
vt 0.173237 0.699032
vt 0.641987 0.675977
vt 0.639500 0.685323
vt 0.632752 0.671299
vt 0.641986 0.614814
vt 0.639618 0.628085
vt 0.632752 0.619777
vt 0.669300 0.472603
vt 0.658747 0.470605
vt 0.667486 0.463976
vt 0.661381 0.433335
vt 0.649589 0.424643
vt 0.658429 0.418041
vt 0.664676 0.450073
vt 0.651978 0.442145
vt 0.655337 0.459006
vt 0.639992 0.431879
vt 0.642360 0.449441
vt 0.632111 0.437901
vt 0.023510 0.679763
vt 0.020223 0.693138
vt 0.013016 0.684471
vt 0.646381 0.463950
vt 0.018982 0.706972
vt 0.010524 0.699443
vt 0.635163 0.453222
vt 0.639499 0.606013
vt 0.650050 0.406838
vt 0.639508 0.412985
vt 0.629890 0.420280
vt 0.640957 0.394607
vt 0.630398 0.400685
vt 0.633494 0.384485
vt 0.629890 0.635991
vt 0.638610 0.645201
vt 0.629890 0.654891
vt 0.639618 0.662433
vt 0.662127 0.404525
vt 0.653306 0.390844
vt 0.644196 0.378544
vt 0.666237 0.389765
vt 0.657486 0.375998
vt 0.669723 0.377545
vt 0.637292 0.370995
vt 0.648908 0.366369
vt 0.661445 0.366369
vt 0.168349 0.711296
vt 0.669130 0.420901
vt 0.674303 0.406320
vt 0.678483 0.391475
vt 0.680896 0.424045
vt 0.686190 0.409497
vt 0.690732 0.426673
vt 0.680525 0.380431
vt 0.688847 0.395807
vt 0.684463 0.573408
vt 0.683650 0.558292
vt 0.693030 0.559446
vt 0.673483 0.438027
vt 0.685369 0.441203
vt 0.676842 0.454887
vt 0.693029 0.528752
vt 0.684463 0.515025
vt 0.687286 0.456116
vt 0.678287 0.466862
vt 0.035439 0.674733
vt 0.027684 0.669683
vt 0.045193 0.682608
vt 0.032169 0.687337
vt 0.042805 0.696773
vt 0.029677 0.702308
vt 0.040454 0.711086
vt 0.028647 0.715546
vt 0.019620 0.718132
vt 0.650609 0.619457
vt 0.661619 0.627139
vt 0.649543 0.635639
vt 0.661640 0.645043
vt 0.649543 0.654539
vt 0.661619 0.663090
vt 0.650609 0.670979
vt 0.650536 0.685126
vt 0.661466 0.692704
vt 0.649332 0.695300
vt 0.149400 0.731030
vt 0.151187 0.740888
vt 0.162129 0.733417
vt 0.171418 0.722940
vt 0.172153 0.732781
vt 0.160036 0.721594
vt 0.147206 0.718401
vt 0.156783 0.709128
vt 0.154523 0.695523
vt 0.142475 0.689923
vt 0.153524 0.682398
vt 0.130673 0.685463
vt 0.140400 0.676862
vt 0.163762 0.676862
vt 0.661686 0.578834
vt 0.673831 0.569290
vt 0.673552 0.584474
vt 0.661895 0.562679
vt 0.672868 0.553166
vt 0.672868 0.535929
vt 0.661895 0.526596
vt 0.673831 0.519626
vt 0.661686 0.510200
vt 0.673551 0.504117
vt 0.683141 0.502216
vt 0.661362 0.497096
vt 0.672105 0.493652
vt 0.037336 0.663991
vt 0.026581 0.662382
vt 0.650536 0.605816
vt 0.038370 0.724147
vt 0.051498 0.718611
vt 0.661559 0.611131
vt 0.673575 0.605523
vt 0.673656 0.620535
vt 0.061728 0.724147
vt 0.684475 0.616473
vt 0.683511 0.631453
vt 0.661559 0.679513
vt 0.673656 0.670017
vt 0.673575 0.685587
vt 0.672373 0.696164
vt 0.684475 0.674643
vt 0.683365 0.687535
vt 0.128606 0.738627
vt 0.144820 0.704236
vt 0.134184 0.713672
vt 0.131696 0.698700
vt 0.122244 0.707871
vt 0.121008 0.694037
vt 0.121653 0.682877
vt 0.661966 0.544679
vt 0.649821 0.554223
vt 0.649821 0.535254
vt 0.638793 0.544751
vt 0.639761 0.527472
vt 0.049165 0.660121
vt 0.047385 0.669979
vt 0.649088 0.494650
vt 0.060109 0.667592
vt 0.058021 0.679415
vt 0.070126 0.668228
vt 0.069397 0.678069
vt 0.066331 0.689713
vt 0.071213 0.701977
vt 0.148901 0.632417
vt 0.161148 0.630708
vt 0.152388 0.644637
vt 0.156968 0.615862
vt 0.163189 0.641751
vt 0.171512 0.626376
vt 0.168855 0.612685
vt 0.693098 0.630363
vt 0.163561 0.598137
vt 0.173397 0.595509
vt 0.690259 0.645478
vt 0.168034 0.580979
vt 0.156147 0.584156
vt 0.693098 0.660944
vt 0.159506 0.567295
vt 0.169950 0.566067
vt 0.160952 0.555320
vt 0.147340 0.572109
vt 0.150151 0.558206
vt 0.151965 0.549579
vt 0.141411 0.551577
vt 0.138002 0.563176
vt 0.134642 0.580037
vt 0.115043 0.716538
vt 0.125025 0.572741
vt 0.129046 0.558232
vt 0.112555 0.701566
vt 0.122656 0.590303
vt 0.114775 0.584281
vt 0.117828 0.568960
vt 0.632686 0.570451
vt 0.639349 0.584272
vt 0.131572 0.655814
vt 0.140151 0.646184
vt 0.144110 0.655814
vt 0.119956 0.651187
vt 0.126860 0.643638
vt 0.135971 0.631338
vt 0.116158 0.637698
vt 0.123621 0.627575
vt 0.112555 0.601902
vt 0.122173 0.609197
vt 0.629890 0.554157
vt 0.113062 0.621497
vt 0.629890 0.535188
vt 0.518820 0.409412
vt 0.508201 0.424072
vt 0.508201 0.400799
vt 0.257130 0.363275
vt 0.243930 0.369745
vt 0.253381 0.351541
vt 0.522928 0.389416
vt 0.532029 0.405655
vt 0.522928 0.427073
vt 0.269179 0.351326
vt 0.257130 0.443186
vt 0.253887 0.425658
vt 0.269491 0.436713
vt 0.075559 0.622030
vt 0.062412 0.625511
vt 0.071167 0.610026
vt 0.312364 0.537641
vt 0.315736 0.555751
vt 0.300275 0.548766
vt 0.518591 0.570219
vt 0.504343 0.573675
vt 0.510234 0.558049
vt 0.269491 0.369398
vt 0.269178 0.454947
vt 0.084500 0.609879
vt 0.300275 0.526414
vt 0.527529 0.558049
vt 0.312703 0.402646
vt 0.315992 0.384491
vt 0.325442 0.402593
vt 0.045147 0.566882
vt 0.030899 0.563424
vt 0.044550 0.553763
vt 0.256981 0.577338
vt 0.253476 0.589192
vt 0.243921 0.571061
vt 0.256981 0.497737
vt 0.253622 0.515151
vt 0.243921 0.504007
vt 0.548988 0.515062
vt 0.535840 0.511586
vt 0.543759 0.502153
vt 0.389336 0.562112
vt 0.374609 0.550729
vt 0.385229 0.542115
vt 0.393923 0.583999
vt 0.378103 0.573612
vt 0.397837 0.602178
vt 0.382781 0.595659
vt 0.363095 0.560171
vt 0.366574 0.583132
vt 0.353657 0.568030
vt 0.387361 0.610828
vt 0.518695 0.510107
vt 0.527584 0.498018
vt 0.371992 0.602107
vt 0.501249 0.511586
vt 0.508550 0.498018
vt 0.491873 0.502152
vt 0.253476 0.485973
vt 0.374609 0.527456
vt 0.361896 0.535472
vt 0.350367 0.544992
vt 0.363095 0.511452
vt 0.350367 0.519379
vt 0.353657 0.498209
vt 0.239866 0.525206
vt 0.252192 0.537488
vt 0.239866 0.549804
vt 0.253622 0.559854
vt 0.389336 0.524454
vt 0.378103 0.506556
vt 0.366573 0.490463
vt 0.393922 0.505170
vt 0.382780 0.487160
vt 0.397836 0.489205
vt 0.357907 0.480585
vt 0.371992 0.474559
vt 0.073630 0.561854
vt 0.058881 0.563424
vt 0.059492 0.549579
vt 0.398438 0.545873
vt 0.404326 0.526825
vt 0.409004 0.507428
vt 0.412975 0.550005
vt 0.419021 0.531000
vt 0.425142 0.553461
vt 0.028696 0.549579
vt 0.015054 0.561854
vt 0.421872 0.513111
vt 0.317182 0.440698
vt 0.315992 0.420797
vt 0.329318 0.422588
vt 0.404327 0.568267
vt 0.419021 0.572443
vt 0.409004 0.590314
vt 0.329318 0.382632
vt 0.317182 0.364698
vt 0.421873 0.591941
vt 0.411189 0.605972
vt 0.400366 0.613460
vt 0.544600 0.527074
vt 0.537033 0.542528
vt 0.528509 0.525444
vt 0.519116 0.542489
vt 0.509476 0.525444
vt 0.500828 0.542527
vt 0.492714 0.527073
vt 0.487393 0.515062
vt 0.269173 0.504005
vt 0.284746 0.514154
vt 0.267657 0.525204
vt 0.284772 0.537535
vt 0.267657 0.549802
vt 0.284746 0.560943
vt 0.269173 0.571059
vt 0.269083 0.589191
vt 0.284557 0.598899
vt 0.267398 0.602044
vt 0.079386 0.594456
vt 0.091506 0.594269
vt 0.084662 0.577253
vt 0.085549 0.563130
vt 0.069988 0.577415
vt 0.063595 0.594577
vt 0.054087 0.579056
vt 0.036793 0.579056
vt 0.027392 0.594577
vt 0.020159 0.577415
vt 0.284916 0.447609
vt 0.284517 0.464527
vt 0.010524 0.594457
vt 0.302089 0.435082
vt 0.301745 0.455149
vt 0.285172 0.426356
vt 0.300700 0.413946
vt 0.300700 0.391508
vt 0.285172 0.379386
vt 0.302089 0.370432
vt 0.284916 0.358266
vt 0.301745 0.350544
vt 0.315366 0.348348
vt 0.284517 0.341557
vt 0.299761 0.337294
vt 0.557932 0.527212
vt 0.557413 0.511810
vt 0.269083 0.485971
vt 0.483958 0.542641
vt 0.493599 0.559685
vt 0.284672 0.493090
vt 0.301688 0.485575
vt 0.301787 0.505422
vt 0.488496 0.575238
vt 0.317111 0.499860
vt 0.315737 0.519586
vt 0.284672 0.582088
vt 0.301787 0.569821
vt 0.301688 0.589776
vt 0.300005 0.603162
vt 0.317111 0.575566
vt 0.315556 0.592015
vt 0.083986 0.625273
vt 0.045679 0.594618
vt 0.055077 0.611660
vt 0.036044 0.611660
vt 0.019283 0.610026
vt 0.045268 0.626992
vt 0.027823 0.625511
vt 0.253380 0.455162
vt 0.285261 0.402848
vt 0.268088 0.415376
vt 0.268088 0.390682
vt 0.252507 0.403215
vt 0.253887 0.380781
vt 0.564942 0.542817
vt 0.552823 0.542641
vt 0.267186 0.338615
vt 0.558103 0.559838
vt 0.543430 0.559685
vt 0.558993 0.573952
vt 0.547075 0.575238
vt 0.532327 0.573675
vt 0.517997 0.583332
vt 0.527514 0.446358
vt 0.542596 0.444099
vt 0.531428 0.462323
vt 0.537918 0.424703
vt 0.502142 0.587510
vt 0.552612 0.420528
vt 0.555464 0.438416
vt 0.329318 0.517861
vt 0.546566 0.401522
vt 0.558733 0.398067
vt 0.325292 0.537717
vt 0.552612 0.379085
vt 0.537918 0.383260
vt 0.329318 0.557661
vt 0.542596 0.361213
vt 0.555464 0.359587
vt 0.329219 0.577616
vt 0.527514 0.367529
vt 0.531429 0.349350
vt 0.544781 0.345556
vt 0.533957 0.338068
vt 0.070335 0.634934
vt 0.516372 0.355869
vt 0.511695 0.377916
vt 0.520952 0.340700
vt 0.054162 0.639072
vt 0.500165 0.368396
vt 0.505584 0.349421
vt 0.035129 0.639072
vt 0.496686 0.391357
vt 0.487248 0.383498
vt 0.018452 0.634935
vt 0.243930 0.437060
vt 0.532939 0.587510
vt 0.491499 0.470943
vt 0.500165 0.461065
vt 0.505583 0.476969
vt 0.516372 0.464368
vt 0.511694 0.444972
vt 0.487248 0.453319
vt 0.496686 0.440075
vt 0.483958 0.406536
vt 0.495487 0.416056
vt 0.239957 0.415758
vt 0.483958 0.432149
vt 0.239957 0.391064
vt 0.961699 0.141967
vt 0.961699 0.130423
vt 0.968625 0.130424
vt 0.968625 0.141968
vt 0.446190 0.474560
vt 0.457735 0.474559
vt 0.457735 0.506303
vt 0.446190 0.506305
vt 0.961739 0.377914
vt 0.961739 0.366370
vt 0.968665 0.366369
vt 0.968665 0.377913
vt 0.457729 0.559099
vt 0.446190 0.559088
vt 0.446190 0.527353
vt 0.457729 0.527365
vt 0.536710 0.895194
vt 0.536710 0.863445
vt 0.543636 0.863445
vt 0.543636 0.895194
vt 0.689596 0.867300
vt 0.689596 0.899049
vt 0.682670 0.899048
vt 0.682670 0.867299
vt 0.961781 0.472517
vt 0.961781 0.460972
vt 0.967548 0.461009
vt 0.967548 0.472553
vt 0.538382 0.944175
vt 0.526838 0.944087
vt 0.526838 0.917720
vt 0.538382 0.917807
vt 0.961781 0.439924
vt 0.961781 0.428385
vt 0.967495 0.428255
vt 0.967495 0.439794
vt 0.930238 0.605616
vt 0.941781 0.605523
vt 0.941781 0.631888
vt 0.930238 0.631981
vt 0.940733 0.428257
vt 0.940733 0.460002
vt 0.933806 0.460000
vt 0.933806 0.428255
vt 0.933764 0.398115
vt 0.933764 0.366370
vt 0.940691 0.366369
vt 0.940691 0.398114
vt 0.653415 0.822977
vt 0.657931 0.836750
vt 0.641644 0.831458
vt 0.661126 0.846251
vt 0.672528 0.836579
vt 0.641644 0.814337
vt 0.657931 0.809047
vt 0.667996 0.822899
vt 0.896681 0.496691
vt 0.893821 0.507812
vt 0.884333 0.493652
vt 0.443690 0.856445
vt 0.430588 0.851549
vt 0.445393 0.842993
vt 0.124581 0.875469
vt 0.116337 0.862833
vt 0.132894 0.864065
vt 0.037094 0.856396
vt 0.024705 0.864446
vt 0.024505 0.848574
vt 0.885712 0.520090
vt 0.882377 0.532711
vt 0.870812 0.522794
vt 0.418503 0.842516
vt 0.417083 0.827723
vt 0.430588 0.834806
vt 0.455842 0.849158
vt 0.139346 0.877818
vt 0.039833 0.841504
vt 0.877885 0.507405
vt 0.443690 0.827959
vt 0.431888 0.819166
vt 0.447495 0.817688
vt 0.140725 0.851381
vt 0.137397 0.838758
vt 0.151617 0.848019
vt 0.822788 0.366369
vt 0.834191 0.376040
vt 0.819593 0.375870
vt 0.039047 0.828154
vt 0.025653 0.831974
vt 0.027709 0.820986
vt 0.869570 0.495999
vt 0.861324 0.508634
vt 0.857537 0.495640
vt 0.803307 0.398283
vt 0.803307 0.381162
vt 0.815078 0.389643
vt 0.791553 0.389895
vt 0.795081 0.375371
vt 0.807839 0.367481
vt 0.012969 0.840182
vt 0.012381 0.828056
vt 0.829659 0.389721
vt 0.148834 0.863660
vt 0.819593 0.403573
vt 0.834191 0.403743
vt 0.822788 0.413500
vt 0.807839 0.412306
vt 0.795080 0.404500
vt 0.857537 0.522181
vt 0.151700 0.874779
vt 0.125825 0.848675
vt 0.120839 0.837526
vt 0.455842 0.832414
vt 0.420714 0.815909
vt 0.865816 0.533940
vt 0.049506 0.853007
vt 0.010524 0.854916
vt 0.013309 0.867185
vt 0.112555 0.849285
vt 0.896597 0.523451
vt 0.672528 0.808876
vt 0.661126 0.799120
vt 0.040156 0.867185
vt 0.646176 0.800314
vt 0.633418 0.808119
vt 0.112555 0.875825
vt 0.629890 0.822725
vt 0.633418 0.837248
vt 0.431888 0.863002
vt 0.646177 0.845138
vt 0.417084 0.854815
vt 0.205944 0.669435
vt 0.205864 0.767777
vt 0.196090 0.768129
vt 0.194445 0.669850
vt 0.608842 0.693000
vt 0.606479 0.791603
vt 0.598093 0.791656
vt 0.598976 0.693062
vt 0.587783 0.791656
vt 0.586846 0.693062
vt 0.579487 0.791603
vt 0.577086 0.693000
vt 0.795215 0.130422
vt 0.793620 0.228165
vt 0.783782 0.228520
vt 0.783641 0.130840
vt 0.774009 0.228165
vt 0.772143 0.130422
vt 0.751099 0.010745
vt 0.748687 0.109374
vt 0.740207 0.109186
vt 0.741123 0.010524
vt 0.729900 0.109186
vt 0.728996 0.010524
vt 0.515662 0.885131
vt 0.509607 0.893461
vt 0.499810 0.896671
vt 0.490013 0.893537
vt 0.483958 0.885254
vt 0.483958 0.874986
vt 0.490013 0.866656
vt 0.499810 0.863445
vt 0.509607 0.866580
vt 0.515662 0.874863
vt 0.721702 0.109374
vt 0.719352 0.010745
vt 0.217516 0.669850
vt 0.215701 0.768129
vt 0.879501 0.010524
vt 0.891035 0.014232
vt 0.898163 0.023984
vt 0.898163 0.036054
vt 0.891035 0.045834
vt 0.879501 0.049586
vt 0.867967 0.045878
vt 0.860838 0.036126
vt 0.860838 0.024055
vt 0.867967 0.014276
vt 0.835875 0.130785
vt 0.833193 0.215328
vt 0.826030 0.215063
vt 0.826054 0.130422
vt 0.818888 0.215328
vt 0.816263 0.130785
vt 0.266854 0.729206
vt 0.263422 0.813202
vt 0.257252 0.813640
vt 0.258395 0.729807
vt 0.249733 0.813640
vt 0.248087 0.729807
vt 0.243737 0.813202
vt 0.239866 0.729206
vt 0.848192 0.725490
vt 0.845771 0.809476
vt 0.838573 0.809689
vt 0.838324 0.725782
vt 0.831469 0.809476
vt 0.828585 0.725490
vt 0.799136 0.011122
vt 0.795372 0.095648
vt 0.789203 0.095212
vt 0.790678 0.010524
vt 0.922948 0.191760
vt 0.930073 0.194137
vt 0.934476 0.200229
vt 0.934476 0.207710
vt 0.930072 0.213721
vt 0.922948 0.215967
vt 0.915824 0.213590
vt 0.911421 0.207497
vt 0.911421 0.200017
vt 0.915824 0.194006
vt 0.781684 0.095212
vt 0.780370 0.010524
vt 0.775687 0.095648
vt 0.772148 0.011122
vt 0.869241 0.737078
vt 0.875248 0.728715
vt 0.884968 0.725490
vt 0.894688 0.728633
vt 0.900695 0.736945
vt 0.900695 0.747250
vt 0.894688 0.755613
vt 0.884968 0.758838
vt 0.875248 0.755695
vt 0.869241 0.747383
vt 0.897310 0.941705
vt 0.888652 0.941686
vt 0.888615 0.936086
vt 0.897273 0.936105
vt 0.934839 0.931904
vt 0.943497 0.931882
vt 0.943541 0.939149
vt 0.934883 0.939171
vt 0.943541 0.946588
vt 0.934883 0.946610
vt 0.943497 0.952206
vt 0.934839 0.952228
vt 0.750034 0.923381
vt 0.758688 0.923320
vt 0.758817 0.930563
vt 0.750163 0.930623
vt 0.758817 0.938018
vt 0.750163 0.938079
vt 0.758688 0.943689
vt 0.750034 0.943749
vt 0.573989 0.952103
vt 0.565331 0.952080
vt 0.565378 0.944813
vt 0.574036 0.944836
vt 0.565378 0.937374
vt 0.574036 0.937397
vt 0.565331 0.931755
vt 0.573989 0.931778
vt 0.861346 0.579617
vt 0.857537 0.573018
vt 0.857537 0.565399
vt 0.861346 0.558800
vt 0.867943 0.554990
vt 0.875562 0.554989
vt 0.882159 0.558798
vt 0.885968 0.565397
vt 0.885968 0.573016
vt 0.882159 0.579615
vt 0.875562 0.583426
vt 0.867943 0.583426
vt 0.897273 0.956413
vt 0.888615 0.956394
vt 0.888652 0.949119
vt 0.897310 0.949138
vt 0.818240 0.334378
vt 0.814431 0.340977
vt 0.807834 0.344786
vt 0.800215 0.344786
vt 0.793618 0.340975
vt 0.789809 0.334376
vt 0.789809 0.326757
vt 0.793618 0.320158
vt 0.800215 0.316349
vt 0.807834 0.316350
vt 0.814431 0.320160
vt 0.818240 0.326759
vt 0.579236 0.895457
vt 0.581897 0.903791
vt 0.572281 0.902429
vt 0.583771 0.909539
vt 0.590506 0.901846
vt 0.572281 0.891365
vt 0.581897 0.885888
vt 0.587840 0.893569
vt 0.919602 0.317561
vt 0.917670 0.325450
vt 0.911802 0.316556
vt 0.733612 0.456240
vt 0.731336 0.463719
vt 0.725626 0.455115
vt 0.424301 0.908467
vt 0.419241 0.899801
vt 0.429352 0.901116
vt 0.933603 0.510507
vt 0.926384 0.515534
vt 0.926149 0.505815
vt 0.912644 0.333996
vt 0.910803 0.341966
vt 0.903468 0.336424
vt 0.726374 0.471029
vt 0.717490 0.472251
vt 0.721372 0.463807
vt 0.417084 0.891100
vt 0.422338 0.884051
vt 0.425110 0.890908
vt 0.433444 0.910777
vt 0.934803 0.501510
vt 0.907712 0.326216
vt 0.368807 0.913176
vt 0.359982 0.910518
vt 0.366933 0.906369
vt 0.434286 0.893337
vt 0.432450 0.885366
vt 0.441228 0.892149
vt 0.368807 0.882718
vt 0.375542 0.890411
vt 0.366933 0.888466
vt 0.352447 0.885035
vt 0.359983 0.881551
vt 0.357317 0.889828
vt 0.902659 0.318864
vt 0.897599 0.327529
vt 0.895438 0.318680
vt 0.357317 0.900893
vt 0.364271 0.896800
vt 0.350366 0.893977
vt 0.926149 0.495908
vt 0.918879 0.500975
vt 0.917729 0.493900
vt 0.372876 0.898689
vt 0.439314 0.901883
vt 0.375542 0.908314
vt 0.352447 0.903860
vt 0.895438 0.336230
vt 0.933603 0.493652
vt 0.441248 0.909772
vt 0.716661 0.456391
vt 0.718664 0.449582
vt 0.711781 0.463647
vt 0.904216 0.311898
vt 0.900690 0.343279
vt 0.940387 0.508568
vt 0.917729 0.509931
vt 0.425862 0.915432
vt 0.919581 0.335184
vt 0.590506 0.883943
vt 0.583771 0.879081
vt 0.935183 0.517235
vt 0.574947 0.881739
vt 0.567411 0.888398
vt 0.417084 0.908649
vt 0.565331 0.898280
vt 0.567411 0.907222
vt 0.574947 0.910707
vt 0.733612 0.472107
vt 0.244116 0.954132
vt 0.245754 0.959078
vt 0.239866 0.957164
vt 0.249393 0.954070
vt 0.239866 0.950975
vt 0.245754 0.949062
vt 0.210401 0.962115
vt 0.210359 0.967606
vt 0.205105 0.964387
vt 0.422444 0.970916
vt 0.422309 0.977031
vt 0.417084 0.973728
vt 0.483958 0.969072
vt 0.483958 0.962949
vt 0.489212 0.965852
vt 0.448289 0.976462
vt 0.448289 0.970912
vt 0.453544 0.973216
vt 0.210401 0.972022
vt 0.205105 0.970510
vt 0.417084 0.979241
vt 0.489256 0.961437
vt 0.489256 0.971344
vt 0.453583 0.979319
vt 0.318477 0.955893
vt 0.318477 0.949702
vt 0.322792 0.952769
vt 0.324364 0.957807
vt 0.328002 0.952799
vt 0.324364 0.947790
vt 0.817375 0.517509
vt 0.821890 0.531281
vt 0.805604 0.525990
vt 0.825086 0.540783
vt 0.836488 0.531111
vt 0.805604 0.508868
vt 0.821890 0.503579
vt 0.831956 0.517431
vt 0.896067 0.133462
vt 0.893207 0.144582
vt 0.883719 0.130422
vt 0.205364 0.829715
vt 0.192263 0.824819
vt 0.207068 0.816262
vt 0.299929 0.872554
vt 0.291684 0.859919
vt 0.308242 0.861151
vt 0.855155 0.866148
vt 0.842765 0.874197
vt 0.842566 0.858325
vt 0.885098 0.156861
vt 0.881763 0.169482
vt 0.870199 0.159565
vt 0.180178 0.815785
vt 0.178758 0.800992
vt 0.192263 0.808075
vt 0.217516 0.822427
vt 0.314693 0.874904
vt 0.857894 0.851255
vt 0.877271 0.144176
vt 0.205365 0.801228
vt 0.193563 0.792435
vt 0.209170 0.790958
vt 0.316073 0.848466
vt 0.312745 0.835843
vt 0.326965 0.845104
vt 0.515194 0.795266
vt 0.526596 0.804937
vt 0.511998 0.804767
vt 0.857107 0.837906
vt 0.843713 0.841725
vt 0.845770 0.830738
vt 0.868956 0.132770
vt 0.860710 0.145405
vt 0.856923 0.132411
vt 0.495712 0.827180
vt 0.495712 0.810059
vt 0.507483 0.818540
vt 0.483958 0.818792
vt 0.487486 0.804268
vt 0.500244 0.796378
vt 0.831030 0.849934
vt 0.830442 0.837808
vt 0.522064 0.818618
vt 0.324182 0.860745
vt 0.511998 0.832470
vt 0.526596 0.832640
vt 0.515194 0.842397
vt 0.500244 0.841203
vt 0.487486 0.833397
vt 0.856923 0.158952
vt 0.327048 0.871865
vt 0.301173 0.845760
vt 0.296187 0.834611
vt 0.217517 0.805683
vt 0.182389 0.789178
vt 0.865202 0.170711
vt 0.867566 0.862758
vt 0.828585 0.864667
vt 0.831369 0.876937
vt 0.287903 0.846371
vt 0.895983 0.160222
vt 0.836488 0.503408
vt 0.825086 0.493652
vt 0.858216 0.876937
vt 0.810136 0.494846
vt 0.797378 0.502651
vt 0.287903 0.872910
vt 0.793850 0.517257
vt 0.797378 0.531780
vt 0.193562 0.836271
vt 0.810137 0.539670
vt 0.178758 0.828084
vt 0.745890 0.605839
vt 0.743585 0.704441
vt 0.735420 0.704173
vt 0.736284 0.605523
vt 0.725114 0.704173
vt 0.724159 0.605523
vt 0.716603 0.704441
vt 0.714146 0.605839
vt 0.790007 0.605523
vt 0.788156 0.703914
vt 0.778406 0.704069
vt 0.778536 0.605705
vt 0.768547 0.703914
vt 0.766938 0.605523
vt 0.751095 0.130423
vt 0.748536 0.228867
vt 0.740373 0.229140
vt 0.741491 0.130744
vt 0.730067 0.229140
vt 0.729366 0.130744
vt 0.721555 0.228867
vt 0.719351 0.130423
vt 0.860838 0.082197
vt 0.866888 0.073850
vt 0.876677 0.070634
vt 0.886466 0.073779
vt 0.892516 0.082083
vt 0.892516 0.092374
vt 0.886466 0.100722
vt 0.876677 0.103937
vt 0.866888 0.100792
vt 0.860838 0.092488
vt 0.217508 0.549852
vt 0.215918 0.648386
vt 0.206209 0.648154
vt 0.206085 0.549579
vt 0.196315 0.648386
vt 0.194445 0.549852
vt 0.197423 0.857320
vt 0.208959 0.861066
vt 0.216088 0.870852
vt 0.216088 0.882939
vt 0.208958 0.892711
vt 0.197423 0.896435
vt 0.185888 0.892689
vt 0.178758 0.882903
vt 0.178758 0.870816
vt 0.185888 0.861044
vt 0.799421 0.725490
vt 0.798284 0.809986
vt 0.790768 0.809986
vt 0.789117 0.725490
vt 0.784527 0.810574
vt 0.780561 0.726296
vt 0.839790 0.010524
vt 0.836916 0.094804
vt 0.829823 0.094950
vt 0.830066 0.010725
vt 0.822615 0.094804
vt 0.820184 0.010524
vt 0.314889 0.729206
vt 0.310975 0.813076
vt 0.304989 0.813562
vt 0.306682 0.729873
vt 0.297470 0.813563
vt 0.296374 0.729873
vt 0.291291 0.813076
vt 0.287903 0.729206
vt 0.830661 0.605721
vt 0.828049 0.690462
vt 0.820957 0.690317
vt 0.820938 0.605523
vt 0.925587 0.557344
vt 0.929971 0.563445
vt 0.929971 0.570960
vt 0.925587 0.577021
vt 0.918494 0.579311
vt 0.911401 0.576956
vt 0.907017 0.570855
vt 0.907017 0.563339
vt 0.911401 0.557279
vt 0.918494 0.554989
vt 0.813749 0.690462
vt 0.811056 0.605721
vt 0.807536 0.726296
vt 0.804203 0.810574
vt 0.645756 0.867300
vt 0.655562 0.870449
vt 0.661622 0.878712
vt 0.661622 0.888930
vt 0.655562 0.897202
vt 0.645756 0.900368
vt 0.635950 0.897218
vt 0.629890 0.888956
vt 0.629890 0.878737
vt 0.635950 0.870465
vt 0.388813 0.939844
vt 0.380154 0.939825
vt 0.380117 0.934225
vt 0.388776 0.934244
vt 0.350366 0.934247
vt 0.359025 0.934225
vt 0.359069 0.941492
vt 0.350411 0.941513
vt 0.359069 0.948931
vt 0.350411 0.948952
vt 0.359025 0.954549
vt 0.350366 0.954570
vt 0.940650 0.311959
vt 0.949304 0.311898
vt 0.949433 0.319141
vt 0.940779 0.319201
vt 0.949433 0.326596
vt 0.940779 0.326657
vt 0.949304 0.332267
vt 0.940650 0.332327
vt 0.603742 0.952103
vt 0.595084 0.952080
vt 0.595131 0.944813
vt 0.603789 0.944836
vt 0.595131 0.937374
vt 0.603789 0.937397
vt 0.595084 0.931755
vt 0.603742 0.931778
vt 0.873050 0.804514
vt 0.869241 0.797915
vt 0.869241 0.790295
vt 0.873051 0.783697
vt 0.879649 0.779887
vt 0.887267 0.779887
vt 0.893864 0.783697
vt 0.897673 0.790295
vt 0.897673 0.797915
vt 0.893863 0.804514
vt 0.887265 0.808324
vt 0.879647 0.808324
vt 0.388776 0.954552
vt 0.380117 0.954533
vt 0.380154 0.947258
vt 0.388813 0.947277
vt 0.742578 0.891864
vt 0.738769 0.898462
vt 0.732171 0.902272
vt 0.724553 0.902271
vt 0.717955 0.898461
vt 0.714146 0.891862
vt 0.714146 0.884242
vt 0.717955 0.877644
vt 0.724553 0.873834
vt 0.732171 0.873835
vt 0.738769 0.877645
vt 0.742578 0.884244
vt 0.902520 0.899788
vt 0.905181 0.908122
vt 0.895565 0.906760
vt 0.907055 0.913870
vt 0.913790 0.906177
vt 0.895565 0.895696
vt 0.905181 0.890220
vt 0.911124 0.897900
vt 0.034688 0.893897
vt 0.032757 0.901786
vt 0.026888 0.892892
vt 0.505790 0.924378
vt 0.503513 0.931856
vt 0.497803 0.923252
vt 0.898920 0.691826
vt 0.893860 0.683160
vt 0.903972 0.684475
vt 0.194631 0.934339
vt 0.187413 0.939365
vt 0.187178 0.929647
vt 0.027730 0.910332
vt 0.025889 0.918302
vt 0.018554 0.912760
vt 0.498552 0.939166
vt 0.489668 0.940389
vt 0.493549 0.931945
vt 0.891703 0.674458
vt 0.896957 0.667410
vt 0.899729 0.674267
vt 0.908064 0.694135
vt 0.195832 0.925342
vt 0.022798 0.902552
vt 0.907055 0.862363
vt 0.898231 0.859705
vt 0.905181 0.855556
vt 0.908906 0.676696
vt 0.907069 0.668725
vt 0.915847 0.675508
vt 0.907055 0.831905
vt 0.913790 0.839598
vt 0.905181 0.837653
vt 0.890695 0.834222
vt 0.898231 0.830738
vt 0.895565 0.839015
vt 0.017745 0.895200
vt 0.012685 0.903865
vt 0.010524 0.895016
vt 0.895565 0.850079
vt 0.902520 0.845987
vt 0.888615 0.843164
vt 0.187178 0.919739
vt 0.179908 0.924807
vt 0.178758 0.917732
vt 0.911124 0.847876
vt 0.913933 0.685242
vt 0.913790 0.857501
vt 0.890695 0.853047
vt 0.010524 0.912566
vt 0.194631 0.917483
vt 0.915867 0.693131
vt 0.488838 0.924529
vt 0.490842 0.917720
vt 0.483958 0.931785
vt 0.019302 0.888234
vt 0.015776 0.919615
vt 0.201416 0.932400
vt 0.178758 0.933763
vt 0.900481 0.698791
vt 0.034667 0.911520
vt 0.913790 0.888274
vt 0.907055 0.883412
vt 0.196212 0.941067
vt 0.898231 0.886070
vt 0.890695 0.892729
vt 0.891703 0.692008
vt 0.888615 0.902611
vt 0.890695 0.911553
vt 0.898231 0.915038
vt 0.505790 0.940245
vt 0.784877 0.953114
vt 0.790087 0.953083
vt 0.786448 0.958092
vt 0.786448 0.948076
vt 0.780561 0.956180
vt 0.780561 0.949990
vt 0.675726 0.962609
vt 0.675684 0.968101
vt 0.670429 0.964882
vt 0.600445 0.973151
vt 0.600310 0.979266
vt 0.595084 0.975963
vt 0.178758 0.969750
vt 0.178758 0.963627
vt 0.184012 0.966530
vt 0.964589 0.973028
vt 0.964589 0.967478
vt 0.969845 0.969782
vt 0.675726 0.972516
vt 0.670429 0.971005
vt 0.595084 0.981476
vt 0.184056 0.962115
vt 0.184056 0.972022
vt 0.969883 0.975885
vt 0.287903 0.955893
vt 0.287903 0.949702
vt 0.292218 0.952769
vt 0.293790 0.957807
vt 0.297428 0.952799
vt 0.293790 0.947790
vt 0.257170 0.927995
vt 0.257170 0.902020
vt 0.263758 0.901962
vt 0.263758 0.927937
vt 0.780561 0.926967
vt 0.780561 0.900993
vt 0.789111 0.900962
vt 0.789111 0.926937
vt 0.797862 0.900984
vt 0.797862 0.926959
vt 0.804472 0.901053
vt 0.804472 0.927027
vt 0.828585 0.924039
vt 0.828585 0.898077
vt 0.837106 0.897985
vt 0.837106 0.923947
vt 0.845877 0.898047
vt 0.845877 0.924009
vt 0.852547 0.898245
vt 0.852547 0.924207
vt 0.112555 0.924905
vt 0.112555 0.898930
vt 0.121104 0.898963
vt 0.121104 0.924937
vt 0.129856 0.898939
vt 0.129856 0.924914
vt 0.136466 0.898867
vt 0.136466 0.924841
vt 0.796034 0.463522
vt 0.791553 0.455759
vt 0.791553 0.446795
vt 0.796034 0.439031
vt 0.803796 0.434549
vt 0.812759 0.434548
vt 0.820520 0.439030
vt 0.825002 0.446793
vt 0.825002 0.455757
vt 0.820520 0.463520
vt 0.812759 0.468003
vt 0.803796 0.468004
vt 0.239866 0.927989
vt 0.239866 0.902013
vt 0.248425 0.902039
vt 0.248425 0.928014
vt 0.890373 0.212969
vt 0.885892 0.220733
vt 0.878130 0.225215
vt 0.869168 0.225215
vt 0.861405 0.220733
vt 0.856924 0.212969
vt 0.856923 0.204005
vt 0.861404 0.196242
vt 0.869165 0.191760
vt 0.878128 0.191760
vt 0.885890 0.196242
vt 0.890372 0.204005
vt 0.372196 0.838003
vt 0.375629 0.836203
vt 0.374848 0.840735
vt 0.730846 0.297489
vt 0.731782 0.301480
vt 0.727923 0.298717
vt 0.370395 0.841491
vt 0.368424 0.837426
vt 0.371659 0.834158
vt 0.728236 0.294097
vt 0.764871 0.297457
vt 0.761699 0.298542
vt 0.764044 0.293975
vt 0.750096 0.772898
vt 0.746556 0.774081
vt 0.748638 0.769530
vt 0.516875 0.760025
vt 0.513408 0.761905
vt 0.514151 0.757126
vt 0.649898 0.764618
vt 0.646399 0.765790
vt 0.647489 0.761216
vt 0.732289 0.294004
vt 0.767330 0.294060
vt 0.752600 0.769464
vt 0.518580 0.756196
vt 0.651946 0.761179
vt 0.748433 0.263231
vt 0.744649 0.262126
vt 0.748130 0.259356
vt 0.732288 0.739040
vt 0.728769 0.737927
vt 0.732505 0.735073
vt 0.492460 0.730279
vt 0.489326 0.729751
vt 0.492523 0.726223
vt 0.525681 0.723305
vt 0.522370 0.722856
vt 0.523526 0.719714
vt 0.667134 0.730463
vt 0.663574 0.729341
vt 0.666202 0.726547
vt 0.808861 0.273841
vt 0.809650 0.269394
vt 0.812363 0.272066
vt 0.804988 0.275817
vt 0.805747 0.271115
vt 0.800921 0.277907
vt 0.801525 0.273069
vt 0.796926 0.279979
vt 0.797245 0.275163
vt 0.793294 0.281881
vt 0.793240 0.277249
vt 0.664941 0.722512
vt 0.660639 0.721047
vt 0.663337 0.718637
vt 0.662269 0.725205
vt 0.806651 0.266450
vt 0.802405 0.268108
vt 0.803500 0.263374
vt 0.797961 0.270040
vt 0.799051 0.264988
vt 0.800407 0.260371
vt 0.793655 0.272145
vt 0.794582 0.266921
vt 0.795949 0.261987
vt 0.797593 0.257660
vt 0.789809 0.279174
vt 0.655745 0.720047
vt 0.658724 0.717212
vt 0.789847 0.274268
vt 0.790471 0.269064
vt 0.791676 0.263959
vt 0.793331 0.259329
vt 0.795229 0.255400
vt 0.657708 0.724163
vt 0.652712 0.723603
vt 0.650538 0.719716
vt 0.647613 0.723645
vt 0.645414 0.720133
vt 0.642790 0.724287
vt 0.640750 0.721211
vt 0.638540 0.725402
vt 0.636779 0.722745
vt 0.635002 0.726805
vt 0.659407 0.728396
vt 0.654750 0.727766
vt 0.649850 0.727568
vt 0.645040 0.727846
vt 0.640632 0.728551
vt 0.636832 0.729562
vt 0.633703 0.730740
vt 0.814188 0.268647
vt 0.811418 0.265585
vt 0.808348 0.262313
vt 0.805144 0.259046
vt 0.802042 0.256045
vt 0.799274 0.253534
vt 0.519757 0.719132
vt 0.520856 0.716095
vt 0.816207 0.264877
vt 0.813410 0.261480
vt 0.818328 0.260933
vt 0.810308 0.258000
vt 0.815525 0.257337
vt 0.820412 0.257078
vt 0.807096 0.254720
vt 0.812425 0.253842
vt 0.817615 0.253482
vt 0.822307 0.253591
vt 0.804024 0.251920
vt 0.809241 0.250761
vt 0.506629 0.716152
vt 0.501526 0.717600
vt 0.502785 0.713554
vt 0.814541 0.250188
vt 0.496861 0.719624
vt 0.497878 0.715411
vt 0.493580 0.717790
vt 0.492871 0.721970
vt 0.516625 0.715475
vt 0.515335 0.718980
vt 0.511792 0.715445
vt 0.510432 0.719408
vt 0.505366 0.720472
vt 0.500512 0.722092
vt 0.496178 0.724081
vt 0.518421 0.722713
vt 0.513924 0.722993
vt 0.509102 0.723769
vt 0.504275 0.725019
vt 0.499764 0.726629
vt 0.495795 0.728435
vt 0.816203 0.272632
vt 0.818395 0.269033
vt 0.820720 0.265093
vt 0.823021 0.261042
vt 0.825110 0.257187
vt 0.489644 0.721092
vt 0.489290 0.725482
vt 0.820451 0.273271
vt 0.822968 0.269539
vt 0.824913 0.273958
vt 0.825496 0.265507
vt 0.827631 0.270160
vt 0.829296 0.274650
vt 0.827818 0.261450
vt 0.830185 0.266131
vt 0.832026 0.270864
vt 0.833282 0.275298
vt 0.826832 0.253813
vt 0.829729 0.257695
vt 0.832330 0.262173
vt 0.834400 0.266933
vt 0.741643 0.728330
vt 0.737025 0.729427
vt 0.737598 0.725490
vt 0.733222 0.727004
vt 0.732814 0.730968
vt 0.486077 0.725028
vt 0.831118 0.254500
vt 0.754162 0.732322
vt 0.750082 0.731804
vt 0.750826 0.728177
vt 0.746368 0.727885
vt 0.745550 0.731879
vt 0.740902 0.732543
vt 0.736476 0.733668
vt 0.486139 0.729401
vt 0.756823 0.736573
vt 0.753212 0.735987
vt 0.749045 0.735826
vt 0.744581 0.736131
vt 0.740134 0.736851
vt 0.735981 0.737866
vt 0.812911 0.275842
vt 0.817036 0.276694
vt 0.821544 0.277567
vt 0.826171 0.278392
vt 0.830565 0.279096
vt 0.728980 0.729495
vt 0.728797 0.733733
vt 0.813518 0.280032
vt 0.817871 0.281148
vt 0.814155 0.284448
vt 0.822536 0.282185
vt 0.818639 0.285736
vt 0.814781 0.288803
vt 0.827185 0.283035
vt 0.823318 0.286805
vt 0.819267 0.290113
vt 0.815351 0.292783
vt 0.834400 0.279626
vt 0.831440 0.283612
vt 0.827830 0.287528
vt 0.823809 0.291053
vt 0.819709 0.293952
vt 0.751591 0.253936
vt 0.747726 0.255376
vt 0.747217 0.251570
vt 0.724812 0.732678
vt 0.724928 0.728471
vt 0.720802 0.732088
vt 0.831821 0.287848
vt 0.828055 0.291521
vt 0.759949 0.256502
vt 0.755897 0.257019
vt 0.755680 0.252976
vt 0.751872 0.258031
vt 0.724946 0.736979
vt 0.721014 0.736330
vt 0.717251 0.736094
vt 0.717085 0.732082
vt 0.763635 0.260449
vt 0.759829 0.260599
vt 0.755854 0.261195
vt 0.751989 0.262119
vt 0.809218 0.277981
vt 0.809680 0.282497
vt 0.810240 0.287119
vt 0.810868 0.291495
vt 0.743403 0.253944
vt 0.744057 0.258039
vt 0.805162 0.280264
vt 0.805518 0.284987
vt 0.800974 0.282540
vt 0.806071 0.289645
vt 0.801314 0.287294
vt 0.796970 0.284626
vt 0.811518 0.295300
vt 0.738668 0.252991
vt 0.742723 0.250188
vt 0.806791 0.293854
vt 0.801959 0.291787
vt 0.797404 0.289215
vt 0.793446 0.286369
vt 0.790242 0.283501
vt 0.739520 0.257034
vt 0.734760 0.256525
vt 0.733830 0.252720
vt 0.730124 0.256631
vt 0.798226 0.293379
vt 0.794059 0.290637
vt 0.672012 0.724156
vt 0.669094 0.725202
vt 0.667791 0.721043
vt 0.740395 0.261210
vt 0.735843 0.260622
vt 0.731275 0.260479
vt 0.727014 0.260823
vt 0.725955 0.257343
vt 0.723323 0.261598
vt 0.672909 0.728388
vt 0.669985 0.729337
vt 0.665734 0.733858
vt 0.663955 0.737908
vt 0.661770 0.732989
vt 0.661806 0.742526
vt 0.659594 0.737357
vt 0.659370 0.747481
vt 0.657116 0.742299
vt 0.656800 0.752446
vt 0.654487 0.747508
vt 0.654275 0.757089
vt 0.651903 0.752597
vt 0.649536 0.757230
vt 0.657185 0.732318
vt 0.654659 0.736991
vt 0.652176 0.731965
vt 0.651973 0.742193
vt 0.649437 0.736888
vt 0.647077 0.732008
vt 0.649333 0.747546
vt 0.646738 0.742236
vt 0.644328 0.737077
vt 0.642268 0.732442
vt 0.646931 0.752638
vt 0.644290 0.747592
vt 0.641820 0.742425
vt 0.639704 0.737522
vt 0.638041 0.733185
vt 0.644888 0.757167
vt 0.642234 0.752566
vt 0.639719 0.747643
vt 0.637530 0.742726
vt 0.635793 0.738141
vt 0.634534 0.734115
vt 0.525625 0.726822
vt 0.525276 0.731065
vt 0.521992 0.726699
vt 0.524560 0.735953
vt 0.521308 0.731334
vt 0.523452 0.741253
vt 0.520280 0.736612
vt 0.522003 0.746618
vt 0.518937 0.742213
vt 0.520331 0.751687
vt 0.517378 0.747719
vt 0.515742 0.752762
vt 0.517676 0.726910
vt 0.516657 0.731919
vt 0.512833 0.727539
vt 0.515382 0.737507
vt 0.511559 0.732849
vt 0.507766 0.728603
vt 0.513935 0.743267
vt 0.510180 0.738599
vt 0.506391 0.734074
vt 0.502853 0.730021
vt 0.512437 0.748756
vt 0.508804 0.744340
vt 0.505080 0.739803
vt 0.501543 0.735483
vt 0.498413 0.731649
vt 0.511002 0.753645
vt 0.507529 0.749657
vt 0.503925 0.745353
vt 0.500438 0.741017
vt 0.497291 0.736940
vt 0.494621 0.733330
vt 0.490623 0.734144
vt 0.488870 0.738653
vt 0.487268 0.733916
vt 0.487372 0.743675
vt 0.485405 0.738766
vt 0.486297 0.748939
vt 0.483958 0.744100
vt 0.757512 0.760716
vt 0.755858 0.755804
vt 0.759513 0.755727
vt 0.755136 0.765372
vt 0.753604 0.760911
vt 0.751126 0.765549
vt 0.483958 0.733865
vt 0.756268 0.740547
vt 0.757674 0.750565
vt 0.755203 0.745267
vt 0.758917 0.745583
vt 0.752242 0.740238
vt 0.753592 0.750506
vt 0.750803 0.745204
vt 0.747710 0.740313
vt 0.751523 0.755882
vt 0.748939 0.750583
vt 0.746020 0.745420
vt 0.743009 0.740768
vt 0.749184 0.760984
vt 0.746794 0.755955
vt 0.744078 0.750792
vt 0.741238 0.745877
vt 0.738486 0.741518
vt 0.746791 0.765511
vt 0.744565 0.760931
vt 0.742046 0.756018
vt 0.739392 0.751098
vt 0.736790 0.746497
vt 0.734393 0.742446
vt 0.729936 0.742484
vt 0.727403 0.746576
vt 0.726062 0.741623
vt 0.724828 0.751220
vt 0.723248 0.746029
vt 0.722395 0.756184
vt 0.720533 0.750990
vt 0.720290 0.761136
vt 0.718150 0.756197
vt 0.718630 0.765748
vt 0.716277 0.761262
vt 0.717439 0.769793
vt 0.714974 0.765854
vt 0.721946 0.740945
vt 0.718974 0.745648
vt 0.717863 0.740565
vt 0.716294 0.750858
vt 0.714923 0.745506
vt 0.714146 0.740559
vt 0.763111 0.264784
vt 0.714146 0.756198
vt 0.767167 0.280334
vt 0.764899 0.274963
vt 0.768760 0.275063
vt 0.766186 0.269704
vt 0.762087 0.269758
vt 0.758980 0.265096
vt 0.766482 0.290033
vt 0.765093 0.285363
vt 0.768760 0.285458
vt 0.763112 0.280248
vt 0.760605 0.275028
vt 0.757758 0.270091
vt 0.754815 0.265741
vt 0.762779 0.289846
vt 0.761024 0.285172
vt 0.758806 0.280190
vt 0.756250 0.275231
vt 0.753547 0.270625
vt 0.750894 0.266597
vt 0.746358 0.266601
vt 0.743993 0.270634
vt 0.742170 0.265752
vt 0.741426 0.275245
vt 0.739448 0.270109
vt 0.738806 0.280208
vt 0.736641 0.275051
vt 0.736318 0.285195
vt 0.733959 0.280276
vt 0.734117 0.289873
vt 0.731601 0.285394
vt 0.729687 0.290067
vt 0.737543 0.265116
vt 0.734560 0.269784
vt 0.732733 0.264813
vt 0.731673 0.274994
vt 0.729667 0.269738
vt 0.728096 0.264918
vt 0.729125 0.280370
vt 0.726913 0.275103
vt 0.725165 0.269998
vt 0.723978 0.265425
vt 0.727080 0.285497
vt 0.724686 0.280487
vt 0.722732 0.275368
vt 0.721362 0.270520
vt 0.675586 0.737349
vt 0.672814 0.732983
vt 0.675909 0.732309
vt 0.725580 0.290067
vt 0.723073 0.285497
vt 0.720937 0.280615
vt 0.719351 0.275748
vt 0.674753 0.742519
vt 0.672299 0.737904
vt 0.669696 0.733855
vt 0.528793 0.726131
vt 0.632135 0.738095
vt 0.633515 0.742666
vt 0.635474 0.747700
vt 0.637944 0.752867
vt 0.640742 0.757782
vt 0.643630 0.762140
vt 0.528831 0.730186
vt 0.532007 0.734217
vt 0.528473 0.734988
vt 0.631470 0.747765
vt 0.629890 0.742730
vt 0.531544 0.739510
vt 0.527627 0.740359
vt 0.633707 0.753068
vt 0.629890 0.753135
vt 0.530470 0.745199
vt 0.526284 0.745959
vt 0.636474 0.758233
vt 0.632426 0.758440
vt 0.532812 0.750138
vt 0.528823 0.750857
vt 0.524544 0.751372
vt 0.639526 0.762885
vt 0.635449 0.763332
vt 0.631732 0.763398
vt 0.530846 0.755578
vt 0.526768 0.756063
vt 0.522580 0.756249
vt 0.642591 0.766801
vt 0.638671 0.767514
vt 0.634912 0.767810
vt 0.532243 0.759791
vt 0.528518 0.760358
vt 0.524530 0.760543
vt 0.520574 0.760400
vt 0.492906 0.737728
vt 0.495773 0.741852
vt 0.499163 0.746334
vt 0.502887 0.750871
vt 0.506667 0.755125
vt 0.510234 0.758841
vt 0.491312 0.742759
vt 0.494402 0.747307
vt 0.490016 0.748195
vt 0.498030 0.752009
vt 0.493334 0.752965
vt 0.489165 0.753662
vt 0.485753 0.754087
vt 0.501946 0.756499
vt 0.497157 0.757623
vt 0.492679 0.758384
vt 0.488825 0.758754
vt 0.758432 0.765869
vt 0.505838 0.760457
vt 0.501186 0.761805
vt 0.496612 0.762735
vt 0.492456 0.763179
vt 0.488948 0.763171
vt 0.755733 0.770282
vt 0.509437 0.763711
vt 0.505100 0.765274
vt 0.500648 0.766423
vt 0.496389 0.767046
vt 0.492594 0.767137
vt 0.758840 0.770901
vt 0.755906 0.774872
vt 0.752966 0.773974
vt 0.732050 0.746435
vt 0.734494 0.751029
vt 0.737163 0.756074
vt 0.739879 0.761237
vt 0.742440 0.766136
vt 0.744690 0.770466
vt 0.729522 0.751070
vt 0.732009 0.756122
vt 0.726966 0.756160
vt 0.734739 0.761430
vt 0.729505 0.761474
vt 0.724584 0.761367
vt 0.737512 0.766585
vt 0.732293 0.766776
vt 0.727181 0.766672
vt 0.722551 0.766304
vt 0.740117 0.771213
vt 0.735114 0.771651
vt 0.730016 0.771694
vt 0.725200 0.771339
vt 0.720962 0.770666
vt 0.742405 0.775097
vt 0.737759 0.775805
vt 0.732863 0.776085
vt 0.728049 0.775887
vt 0.723631 0.775255
vt 0.719814 0.774307
vt 0.716666 0.773180
vt 0.748819 0.270513
vt 0.751476 0.275091
vt 0.754163 0.280155
vt 0.756670 0.285375
vt 0.758810 0.290363
vt 0.760486 0.294805
vt 0.746415 0.275096
vt 0.749034 0.280146
vt 0.743784 0.280165
vt 0.751670 0.285491
vt 0.746342 0.285496
vt 0.741102 0.285390
vt 0.754113 0.290723
vt 0.748916 0.290855
vt 0.743599 0.290732
vt 0.738568 0.290382
vt 0.756195 0.295458
vt 0.751305 0.295824
vt 0.746116 0.295829
vt 0.741012 0.295472
vt 0.736336 0.294827
vt 0.757841 0.299465
vt 0.753362 0.300097
vt 0.748468 0.300326
vt 0.743479 0.300106
vt 0.738732 0.299483
vt 0.734481 0.298567
vt 0.668287 0.737796
vt 0.670843 0.742391
vt 0.676838 0.747472
vt 0.673183 0.747458
vt 0.719691 0.285877
vt 0.722208 0.290754
vt 0.725038 0.295084
vt 0.666423 0.742394
vt 0.668847 0.747455
vt 0.664118 0.747463
vt 0.675087 0.752665
vt 0.671006 0.752795
vt 0.666353 0.752798
vt 0.661490 0.752672
vt 0.676413 0.757624
vt 0.672705 0.758005
vt 0.668307 0.758144
vt 0.663521 0.758010
vt 0.658732 0.757633
vt 0.721859 0.295908
vt 0.673849 0.762704
vt 0.669829 0.763083
vt 0.665297 0.763085
vt 0.660589 0.762711
vt 0.656054 0.762037
vt 0.724921 0.299798
vt 0.674470 0.766666
vt 0.670870 0.767314
vt 0.666707 0.767547
vt 0.662238 0.767319
vt 0.657780 0.766675
vt 0.653610 0.765730
vt 0.650182 0.768580
vt 0.650559 0.772677
vt 0.646497 0.769981
vt 0.651034 0.776631
vt 0.646750 0.774214
vt 0.369741 0.821050
vt 0.365304 0.819748
vt 0.369122 0.817059
vt 0.370400 0.825438
vt 0.365975 0.824147
vt 0.371052 0.829905
vt 0.366765 0.828780
vt 0.367603 0.833295
vt 0.642530 0.771101
vt 0.364803 0.815909
vt 0.360795 0.818839
vt 0.642716 0.775303
vt 0.638530 0.771756
vt 0.361340 0.823098
vt 0.356852 0.822419
vt 0.356561 0.818425
vt 0.352861 0.822163
vt 0.634813 0.771822
vt 0.529470 0.764424
vt 0.362154 0.827753
vt 0.357540 0.826936
vt 0.353297 0.826413
vt 0.526035 0.768781
vt 0.525426 0.764690
vt 0.363156 0.832426
vt 0.358574 0.831623
vt 0.354202 0.830962
vt 0.350366 0.830491
vt 0.521860 0.768626
vt 0.521300 0.764482
vt 0.364239 0.836787
vt 0.359828 0.836117
vt 0.355478 0.835457
vt 0.351503 0.834857
vt 0.518072 0.771888
vt 0.517797 0.767974
vt 0.517378 0.763929
vt 0.513669 0.766084
vt 0.513865 0.770304
vt 0.352756 0.839350
vt 0.357128 0.840012
vt 0.361746 0.840606
vt 0.366257 0.841102
vt 0.509437 0.768046
vt 0.513959 0.774217
vt 0.509424 0.772268
vt 0.504877 0.769587
vt 0.354571 0.844161
vt 0.350366 0.843409
vt 0.352397 0.848256
vt 0.504735 0.773603
vt 0.500303 0.770517
vt 0.359224 0.844749
vt 0.356886 0.848935
vt 0.354935 0.852831
vt 0.350777 0.851978
vt 0.500157 0.774153
vt 0.496055 0.770768
vt 0.363945 0.845141
vt 0.361637 0.849311
vt 0.359520 0.853300
vt 0.357751 0.856811
vt 0.353488 0.856166
vt 0.750913 0.782301
vt 0.752145 0.778123
vt 0.755080 0.779117
vt 0.368390 0.845348
vt 0.366269 0.849400
vt 0.364167 0.853378
vt 0.362237 0.856996
vt 0.360595 0.860036
vt 0.748038 0.780882
vt 0.749230 0.776828
vt 0.745320 0.778237
vt 0.746499 0.784781
vt 0.743761 0.782420
vt 0.366869 0.857085
vt 0.368986 0.853097
vt 0.371111 0.848833
vt 0.373097 0.844625
vt 0.740777 0.779356
vt 0.364918 0.860502
vt 0.741911 0.786284
vt 0.738884 0.783502
vt 0.735792 0.779999
vt 0.371976 0.856709
vt 0.369825 0.860501
vt 0.375033 0.859917
vt 0.733684 0.783920
vt 0.730693 0.780043
vt 0.374114 0.852419
vt 0.377207 0.855821
vt 0.380147 0.858749
vt 0.728554 0.783589
vt 0.725860 0.779481
vt 0.376079 0.847990
vt 0.379174 0.851368
vt 0.382151 0.854492
vt 0.384790 0.857130
vt 0.723872 0.782588
vt 0.721592 0.778437
vt 0.377769 0.843757
vt 0.380821 0.846930
vt 0.383801 0.850047
vt 0.386491 0.852880
vt 0.388732 0.855261
vt 0.719877 0.781120
vt 0.718031 0.777091
vt 0.654176 0.769917
vt 0.658620 0.770968
vt 0.663279 0.771552
vt 0.667811 0.771549
vt 0.671881 0.770961
vt 0.728814 0.302945
vt 0.654796 0.774147
vt 0.659432 0.775164
vt 0.655435 0.778071
vt 0.373547 0.818349
vt 0.664163 0.775529
vt 0.382240 0.818111
vt 0.378266 0.820226
vt 0.377496 0.816005
vt 0.374217 0.822748
vt 0.668615 0.775160
vt 0.386698 0.820745
vt 0.382929 0.822628
vt 0.378855 0.824919
vt 0.374803 0.827416
vt 0.725815 0.304145
vt 0.730121 0.307227
vt 0.389904 0.819381
vt 0.390558 0.823671
vt 0.387172 0.825367
vt 0.383301 0.827427
vt 0.379232 0.829698
vt 0.375275 0.831993
vt 0.733049 0.305617
vt 0.734661 0.309623
vt 0.390746 0.828198
vt 0.387245 0.830067
vt 0.383374 0.832121
vt 0.379414 0.834212
vt 0.763537 0.301450
vt 0.761711 0.305590
vt 0.759946 0.302764
vt 0.390629 0.851231
vt 0.388139 0.848443
vt 0.385161 0.845319
vt 0.381919 0.842091
vt 0.378671 0.838996
vt 0.757679 0.307042
vt 0.755629 0.303798
vt 0.392279 0.846494
vt 0.752938 0.308049
vt 0.750725 0.304375
vt 0.389502 0.843400
vt 0.749884 0.311831
vt 0.747726 0.308415
vt 0.745536 0.304380
vt 0.386247 0.840163
vt 0.390420 0.838078
vt 0.393477 0.841285
vt 0.744556 0.311836
vt 0.742424 0.308059
vt 0.740447 0.303812
vt 0.382790 0.837035
vt 0.386949 0.834951
vt 0.390820 0.832891
vt 0.394090 0.835989
vt 0.739362 0.311043
vt 0.737437 0.307061
vt 0.735797 0.302786
vt 0.925353 0.082527
vt 0.928800 0.081913
vt 0.926832 0.085594
vt 0.757651 0.455483
vt 0.755342 0.456434
vt 0.756972 0.452949
vt 0.922811 0.085033
vt 0.922295 0.081007
vt 0.925996 0.079078
vt 0.759738 0.453229
vt 0.757651 0.470132
vt 0.757101 0.467094
vt 0.759817 0.469226
vt 0.947876 0.835669
vt 0.947828 0.839001
vt 0.945567 0.836600
vt 0.726746 0.932421
vt 0.727329 0.935874
vt 0.724649 0.934340
vt 0.936197 0.259298
vt 0.934963 0.256363
vt 0.937832 0.256803
vt 0.759817 0.456886
vt 0.759738 0.472224
vt 0.946233 0.833125
vt 0.724649 0.930236
vt 0.938658 0.260717
vt 0.767327 0.463078
vt 0.767889 0.459626
vt 0.769519 0.462797
vt 0.937029 0.841085
vt 0.935824 0.844032
vt 0.934838 0.840401
vt 0.717120 0.940067
vt 0.716504 0.942634
vt 0.714848 0.939150
vt 0.934085 0.131212
vt 0.936715 0.133542
vt 0.933292 0.132920
vt 0.947101 0.264600
vt 0.947018 0.261269
vt 0.949103 0.263237
vt 0.926363 0.139596
vt 0.930383 0.139036
vt 0.928904 0.142102
vt 0.923568 0.136862
vt 0.927728 0.135972
vt 0.921232 0.134601
vt 0.924904 0.133223
vt 0.931984 0.135689
vt 0.929329 0.132607
vt 0.922686 0.131543
vt 0.946431 0.257238
vt 0.949001 0.259269
vt 0.926613 0.130461
vt 0.930727 0.130422
vt 0.932351 0.142716
vt 0.934318 0.139406
vt 0.935919 0.136040
vt 0.936103 0.143393
vt 0.938084 0.140091
vt 0.939196 0.143961
vt 0.716541 0.928471
vt 0.716294 0.932494
vt 0.714146 0.930608
vt 0.939148 0.136992
vt 0.716541 0.936677
vt 0.714146 0.935124
vt 0.940651 0.140903
vt 0.929547 0.145551
vt 0.933398 0.146576
vt 0.937164 0.147261
vt 0.930233 0.149327
vt 0.934078 0.150381
vt 0.930784 0.152466
vt 0.939815 0.147418
vt 0.937398 0.150630
vt 0.934206 0.153088
vt 0.937095 0.837687
vt 0.925846 0.143623
vt 0.926239 0.147574
vt 0.926920 0.151378
vt 0.922486 0.145291
vt 0.922847 0.149256
vt 0.919681 0.146681
vt 0.927702 0.153995
vt 0.923781 0.152528
vt 0.920300 0.150139
vt 0.767889 0.466282
vt 0.922735 0.141020
vt 0.919343 0.142703
vt 0.919911 0.138271
vt 0.917116 0.144184
vt 0.917116 0.140063
vt 0.918149 0.136130
vt 0.919767 0.133208
vt 0.944781 0.263694
vt 0.941750 0.262314
vt 0.944245 0.259772
vt 0.940876 0.258133
vt 0.943337 0.255465
vt 0.945367 0.253442
vt 0.940021 0.254122
vt 0.942305 0.251953
vt 0.944161 0.250662
vt 0.719244 0.926324
vt 0.717120 0.925454
vt 0.721952 0.928000
vt 0.718984 0.930040
vt 0.721958 0.932193
vt 0.718984 0.934555
vt 0.721952 0.936590
vt 0.719244 0.938633
vt 0.719221 0.942315
vt 0.721904 0.944296
vt 0.718918 0.945163
vt 0.943317 0.834061
vt 0.943944 0.830738
vt 0.940697 0.831910
vt 0.937567 0.833921
vt 0.938426 0.830738
vt 0.939964 0.835734
vt 0.942550 0.838011
vt 0.939475 0.839641
vt 0.938690 0.843563
vt 0.940907 0.846221
vt 0.937702 0.847034
vt 0.943212 0.848365
vt 0.940190 0.849677
vt 0.934908 0.847204
vt 0.762489 0.471132
vt 0.765479 0.468952
vt 0.765392 0.472251
vt 0.937037 0.850194
vt 0.768075 0.469647
vt 0.762554 0.467518
vt 0.765251 0.465265
vt 0.765251 0.461151
vt 0.762554 0.458908
vt 0.765479 0.457101
vt 0.762489 0.454754
vt 0.768075 0.455715
vt 0.765392 0.453075
vt 0.767731 0.452311
vt 0.762388 0.451251
vt 0.765014 0.450178
vt 0.946271 0.269761
vt 0.945485 0.267161
vt 0.948155 0.266878
vt 0.719221 0.923366
vt 0.939270 0.250673
vt 0.936809 0.253342
vt 0.721933 0.924422
vt 0.724883 0.923320
vt 0.724908 0.926575
vt 0.934015 0.253200
vt 0.936113 0.250188
vt 0.727562 0.925904
vt 0.727329 0.929235
vt 0.721933 0.940760
vt 0.724908 0.938397
vt 0.724883 0.942449
vt 0.724581 0.945384
vt 0.727562 0.939802
vt 0.727283 0.943237
vt 0.948905 0.833379
vt 0.941720 0.842201
vt 0.945072 0.840527
vt 0.944208 0.844844
vt 0.947283 0.843038
vt 0.946258 0.846845
vt 0.945080 0.849636
vt 0.762576 0.463306
vt 0.759586 0.465486
vt 0.759586 0.460959
vt 0.756866 0.463054
vt 0.757101 0.458867
vt 0.943221 0.269572
vt 0.942558 0.266256
vt 0.759358 0.450421
vt 0.939962 0.268433
vt 0.939188 0.264618
vt 0.937705 0.269629
vt 0.936812 0.266456
vt 0.936299 0.262695
vt 0.934015 0.260004
vt 0.926682 0.075302
vt 0.923368 0.073251
vt 0.927233 0.072163
vt 0.922688 0.077056
vt 0.924150 0.070634
vt 0.920230 0.072101
vt 0.919296 0.075373
vt 0.916749 0.074491
vt 0.918935 0.079338
vt 0.916130 0.077948
vt 0.728985 0.932719
vt 0.915791 0.081926
vt 0.919183 0.083609
vt 0.913564 0.080446
vt 0.913564 0.084566
vt 0.916360 0.086358
vt 0.914598 0.088499
vt 0.920017 0.087767
vt 0.917680 0.090028
vt 0.916216 0.091422
vt 0.949891 0.837010
vt 0.921353 0.091406
vt 0.924177 0.088657
vt 0.919135 0.093086
vt 0.949830 0.840980
vt 0.925777 0.092022
vt 0.923062 0.094168
vt 0.927176 0.094207
vt 0.928432 0.088940
vt 0.929741 0.091709
vt 0.930534 0.093417
vt 0.933847 0.073999
vt 0.930527 0.074249
vt 0.930655 0.071541
vt 0.936263 0.077211
vt 0.933613 0.077368
vt 0.929846 0.078053
vt 0.935645 0.080668
vt 0.932552 0.081236
vt 0.933164 0.091087
vt 0.932368 0.088589
vt 0.930767 0.085224
vt 0.754661 0.464988
vt 0.934533 0.084539
vt 0.935597 0.087637
vt 0.754661 0.460461
vt 0.937099 0.083726
vt 0.352196 0.980439
vt 0.353660 0.982240
vt 0.351625 0.983365
vt 0.121683 0.954982
vt 0.120077 0.957782
vt 0.119141 0.955508
vt 0.350366 0.980421
vt 0.351625 0.977478
vt 0.353660 0.978602
vt 0.120912 0.951871
vt 0.967994 0.614520
vt 0.966206 0.615002
vt 0.967610 0.611374
vt 0.041821 0.949680
vt 0.038880 0.950230
vt 0.040301 0.946593
vt 0.554297 0.686923
vt 0.552088 0.687507
vt 0.553157 0.683854
vt 0.116192 0.954955
vt 0.113976 0.955508
vt 0.114492 0.951854
vt 0.964040 0.614435
vt 0.962830 0.611336
vt 0.965286 0.611324
vt 0.036390 0.949680
vt 0.035171 0.946576
vt 0.037108 0.946593
vt 0.043529 0.946576
vt 0.555482 0.683800
vt 0.117685 0.951854
vt 0.966428 0.608262
vt 0.964234 0.607708
vt 0.965907 0.605523
vt 0.038808 0.943493
vt 0.036592 0.942939
vt 0.039466 0.940681
vt 0.044300 0.943463
vt 0.041758 0.942939
vt 0.042694 0.940664
vt 0.555849 0.680682
vt 0.554069 0.680185
vt 0.554475 0.677903
vt 0.119205 0.948767
vt 0.116264 0.948217
vt 0.118613 0.945986
vt 0.828585 0.981231
vt 0.829256 0.978101
vt 0.830377 0.980863
vt 0.115421 0.945986
vt 0.113774 0.948767
vt 0.831470 0.978815
vt 0.552151 0.677956
vt 0.551894 0.680772
vt 0.832166 0.982386
vt 0.830383 0.983879
vt 0.832166 0.985425
vt 0.967994 0.607789
vt 0.828585 0.984269
vt 0.121486 0.948244
vt 0.112555 0.951871
vt 0.555849 0.687421
vt 0.550675 0.683892
vt 0.044103 0.950202
vt 0.116849 0.957765
vt 0.353079 0.975619
vt 0.553751 0.689712
vt 0.551269 0.689750
vt 0.041229 0.952460
vt 0.038037 0.952460
vt 0.966643 0.617338
vt 0.964319 0.617288
vt 0.890444 0.982281
vt 0.891909 0.984082
vt 0.889873 0.985207
vt 0.151860 0.954982
vt 0.150254 0.957782
vt 0.149318 0.955508
vt 0.888615 0.982264
vt 0.889873 0.979320
vt 0.891909 0.980444
vt 0.151089 0.951871
vt 0.968923 0.892409
vt 0.967135 0.892891
vt 0.968539 0.889263
vt 0.835235 0.954272
vt 0.832293 0.954822
vt 0.833714 0.951185
vt 0.965793 0.734510
vt 0.963584 0.735094
vt 0.964653 0.731441
vt 0.146369 0.954955
vt 0.144153 0.955508
vt 0.144669 0.951854
vt 0.964970 0.892324
vt 0.963760 0.889225
vt 0.966215 0.889213
vt 0.829804 0.954272
vt 0.828585 0.951168
vt 0.830522 0.951185
vt 0.836942 0.951168
vt 0.966978 0.731388
vt 0.147861 0.951854
vt 0.967358 0.886151
vt 0.965163 0.885597
vt 0.966837 0.883412
vt 0.832222 0.948085
vt 0.830006 0.947531
vt 0.832879 0.945273
vt 0.837714 0.948056
vt 0.835171 0.947531
vt 0.836107 0.945256
vt 0.967345 0.728269
vt 0.965565 0.727772
vt 0.965971 0.725490
vt 0.149382 0.948767
vt 0.146440 0.948217
vt 0.148790 0.945986
vt 0.112555 0.981960
vt 0.113226 0.978830
vt 0.114347 0.981592
vt 0.145598 0.945986
vt 0.143951 0.948767
vt 0.115440 0.979544
vt 0.963647 0.725543
vt 0.963390 0.728359
vt 0.116136 0.983115
vt 0.114353 0.984608
vt 0.116136 0.986154
vt 0.968923 0.885678
vt 0.112555 0.984999
vt 0.151663 0.948244
vt 0.142732 0.951871
vt 0.967345 0.735008
vt 0.962171 0.731479
vt 0.837516 0.954794
vt 0.147026 0.957766
vt 0.891327 0.977461
vt 0.965247 0.737299
vt 0.962765 0.737337
vt 0.834643 0.957052
vt 0.831451 0.957052
vt 0.967572 0.895227
vt 0.965248 0.895177
vt 0.936841 0.976785
vt 0.936235 0.979801
vt 0.934838 0.976018
vt 0.418754 0.946461
vt 0.420074 0.949695
vt 0.417083 0.947057
vt 0.936235 0.973276
vt 0.938495 0.975365
vt 0.938495 0.979397
vt 0.417142 0.942932
vt 0.425317 0.946756
vt 0.421982 0.947199
vt 0.424027 0.943192
vt 0.966309 0.020599
vt 0.964026 0.021233
vt 0.965424 0.017147
vt 0.453451 0.946648
vt 0.450406 0.947365
vt 0.451398 0.943252
vt 0.963467 0.789949
vt 0.961089 0.790554
vt 0.962154 0.786462
vt 0.420170 0.943019
vt 0.427240 0.943385
vt 0.967460 0.017109
vt 0.455240 0.943107
vt 0.964934 0.786482
vt 0.422234 0.939644
vt 0.419187 0.938925
vt 0.422438 0.936568
vt 0.963957 0.013680
vt 0.961579 0.013073
vt 0.963702 0.010524
vt 0.449977 0.939821
vt 0.448289 0.939257
vt 0.451277 0.936625
vt 0.456513 0.939575
vt 0.453198 0.939094
vt 0.455119 0.936481
vt 0.965819 0.783030
vt 0.963536 0.782395
vt 0.964709 0.779907
vt 0.036568 0.982631
vt 0.035171 0.979889
vt 0.037174 0.979122
vt 0.961928 0.779887
vt 0.961089 0.782995
vt 0.036568 0.976106
vt 0.038827 0.976510
vt 0.038242 0.973509
vt 0.966078 0.013042
vt 0.038827 0.980542
vt 0.425651 0.936761
vt 0.425428 0.939205
vt 0.419410 0.936481
vt 0.417083 0.939496
vt 0.448364 0.943352
vt 0.962644 0.017167
vt 0.458422 0.942974
vt 0.456622 0.947131
vt 0.448289 0.946819
vt 0.961579 0.020632
vt 0.966970 0.786520
vt 0.965588 0.790587
vt 0.963211 0.793103
vt 0.456817 0.949629
vt 0.453635 0.949763
vt 0.450601 0.949863
vt 0.965199 0.023720
vt 0.962419 0.023739
vt 0.937910 0.982398
vt 0.423931 0.949868
vt 0.983745 0.073837
vt 0.982798 0.075223
vt 0.982798 0.073045
vt 0.852501 0.700702
vt 0.851710 0.702178
vt 0.851710 0.700119
vt 0.984121 0.071957
vt 0.984939 0.073463
vt 0.984121 0.075481
vt 0.853282 0.698989
vt 0.854523 0.703636
vt 0.853282 0.702321
vt 0.855442 0.702075
vt 0.290587 0.983567
vt 0.289277 0.983872
vt 0.290057 0.981955
vt 0.966159 0.166604
vt 0.965426 0.168144
vt 0.964231 0.166526
vt 0.971478 0.288966
vt 0.970151 0.289243
vt 0.970728 0.287329
vt 0.854254 0.700350
vt 0.856394 0.703505
vt 0.291253 0.981928
vt 0.965425 0.164815
vt 0.972306 0.287347
vt 0.856176 0.700283
vt 0.855442 0.698743
vt 0.857365 0.699475
vt 0.289229 0.980335
vt 0.287903 0.980057
vt 0.289124 0.978856
vt 0.962481 0.166182
vt 0.961699 0.166784
vt 0.961699 0.164727
vt 0.964513 0.163272
vt 0.963264 0.164568
vt 0.962894 0.163017
vt 0.972836 0.285735
vt 0.971526 0.285430
vt 0.972240 0.284271
vt 0.805462 0.984048
vt 0.804139 0.982960
vt 0.805087 0.982169
vt 0.804527 0.984843
vt 0.970151 0.285704
vt 0.970663 0.284253
vt 0.804139 0.980782
vt 0.805462 0.980524
vt 0.804527 0.979141
vt 0.290455 0.980028
vt 0.806280 0.982543
vt 0.806668 0.980901
vt 0.857365 0.701534
vt 0.806668 0.984425
vt 0.805746 0.985371
vt 0.963264 0.167896
vt 0.288480 0.981972
vt 0.854523 0.697968
vt 0.966392 0.163418
vt 0.967359 0.165376
vt 0.964514 0.168934
vt 0.287903 0.983597
vt 0.973502 0.287374
vt 0.972704 0.289273
vt 0.971373 0.290445
vt 0.985327 0.075104
vt 0.967359 0.167433
vt 0.985327 0.071581
vt 0.984405 0.070634
vt 0.289991 0.985029
vt 0.983185 0.071163
vt 0.288414 0.985047
vt 0.983185 0.076864
vt 0.852898 0.703903
vt 0.075685 0.798348
vt 0.077156 0.798339
vt 0.076129 0.799754
vt 0.076129 0.796925
vt 0.074467 0.799214
vt 0.074467 0.797466
vt 0.218908 0.408831
vt 0.218897 0.410381
vt 0.217413 0.409472
vt 0.218818 0.485576
vt 0.218780 0.487302
vt 0.217304 0.486369
vt 0.217412 0.363295
vt 0.217412 0.361566
vt 0.218896 0.362386
vt 0.217413 0.434244
vt 0.217413 0.432677
vt 0.218897 0.433327
vt 0.218908 0.411628
vt 0.217413 0.411201
vt 0.217304 0.487926
vt 0.218908 0.361139
vt 0.218908 0.363936
vt 0.218908 0.435050
vt 0.982344 0.226836
vt 0.980682 0.226296
vt 0.981882 0.225405
vt 0.983372 0.225422
vt 0.982344 0.224008
vt 0.980682 0.224548
vt 0.988659 0.639162
vt 0.988910 0.639918
vt 0.988009 0.639626
vt 0.989466 0.639153
vt 0.988009 0.638679
vt 0.988910 0.638387
vt 0.988950 0.532336
vt 0.988943 0.533175
vt 0.988140 0.532683
vt 0.989213 0.725490
vt 0.989192 0.726425
vt 0.988393 0.725920
vt 0.988019 0.803635
vt 0.988019 0.802698
vt 0.988822 0.803142
vt 0.965676 0.703854
vt 0.965676 0.703005
vt 0.966480 0.703357
vt 0.988950 0.533851
vt 0.988140 0.533620
vt 0.988393 0.726763
vt 0.988829 0.802467
vt 0.988829 0.803982
vt 0.966485 0.704291
vt 0.835372 0.563363
vt 0.834471 0.563071
vt 0.835121 0.562588
vt 0.835928 0.562597
vt 0.835372 0.561831
vt 0.834471 0.562124
vt 0.553861 0.716648
vt 0.553861 0.713747
vt 0.556003 0.713554
vt 0.556003 0.716455
vt 0.979107 0.566228
vt 0.976179 0.566088
vt 0.976179 0.554989
vt 0.979107 0.555129
vt 0.553861 0.740598
vt 0.553861 0.737697
vt 0.556003 0.737890
vt 0.556003 0.740791
vt 0.714146 0.966596
vt 0.717066 0.966433
vt 0.717066 0.977634
vt 0.714146 0.977798
vt 0.529262 0.965231
vt 0.529262 0.977479
vt 0.526838 0.977471
vt 0.526838 0.965223
vt 0.629890 0.977820
vt 0.629890 0.965572
vt 0.632314 0.965564
vt 0.632314 0.977812
vt 0.075086 0.978038
vt 0.074479 0.981054
vt 0.073083 0.977271
vt 0.856911 0.468791
vt 0.858230 0.472025
vt 0.855240 0.469388
vt 0.074479 0.974529
vt 0.076739 0.976618
vt 0.076739 0.980651
vt 0.855298 0.465262
vt 0.863473 0.469086
vt 0.860138 0.469529
vt 0.862183 0.465523
vt 0.966165 0.503727
vt 0.963882 0.504361
vt 0.965280 0.500275
vt 0.071767 0.950266
vt 0.068722 0.950983
vt 0.069715 0.946870
vt 0.861140 0.955317
vt 0.858762 0.955923
vt 0.859827 0.951831
vt 0.858326 0.465350
vt 0.865396 0.465716
vt 0.967316 0.500236
vt 0.073557 0.946725
vt 0.862607 0.951851
vt 0.860390 0.461975
vt 0.857344 0.461256
vt 0.860594 0.458899
vt 0.963813 0.496808
vt 0.961435 0.496200
vt 0.963558 0.493651
vt 0.068294 0.943439
vt 0.066606 0.942874
vt 0.069593 0.940243
vt 0.074830 0.943193
vt 0.071515 0.942712
vt 0.073435 0.940098
vt 0.863492 0.948398
vt 0.861209 0.947764
vt 0.862382 0.945276
vt 0.381514 0.984722
vt 0.380117 0.981980
vt 0.382120 0.981214
vt 0.859601 0.945256
vt 0.858762 0.948364
vt 0.381514 0.978197
vt 0.383773 0.978601
vt 0.383189 0.975600
vt 0.965934 0.496170
vt 0.383773 0.982633
vt 0.863807 0.459091
vt 0.863584 0.461536
vt 0.857566 0.458811
vt 0.855240 0.461826
vt 0.066681 0.946970
vt 0.962500 0.500294
vt 0.076739 0.946591
vt 0.074939 0.950749
vt 0.066606 0.950437
vt 0.961435 0.503759
vt 0.864643 0.951889
vt 0.863261 0.955955
vt 0.860884 0.958472
vt 0.075134 0.953247
vt 0.071951 0.953381
vt 0.068917 0.953481
vt 0.965055 0.506848
vt 0.962275 0.506867
vt 0.076154 0.983651
vt 0.862087 0.472198
vt 0.983745 0.101115
vt 0.982798 0.102502
vt 0.982798 0.100324
vt 0.962227 0.530649
vt 0.961435 0.532126
vt 0.961435 0.530067
vt 0.984121 0.099236
vt 0.984939 0.100742
vt 0.984121 0.102760
vt 0.963008 0.528937
vt 0.964249 0.533584
vt 0.963008 0.532268
vt 0.965168 0.532022
vt 0.314986 0.983566
vt 0.313676 0.983871
vt 0.314456 0.981954
vt 0.966199 0.402550
vt 0.965465 0.404090
vt 0.964271 0.402472
vt 0.144058 0.983543
vt 0.142732 0.983821
vt 0.143309 0.981906
vt 0.963979 0.530297
vt 0.966119 0.533452
vt 0.315652 0.981927
vt 0.965465 0.400761
vt 0.144886 0.981924
vt 0.965902 0.530230
vt 0.965168 0.528690
vt 0.967091 0.529422
vt 0.313628 0.980335
vt 0.312302 0.980057
vt 0.313523 0.978856
vt 0.962521 0.402128
vt 0.961739 0.402730
vt 0.961739 0.400673
vt 0.964553 0.399218
vt 0.963304 0.400514
vt 0.962934 0.398963
vt 0.145416 0.980312
vt 0.144107 0.980007
vt 0.144821 0.978849
vt 0.781885 0.984048
vt 0.780562 0.982960
vt 0.781509 0.982169
vt 0.780949 0.984843
vt 0.142732 0.980281
vt 0.143243 0.978830
vt 0.780562 0.980782
vt 0.781885 0.980524
vt 0.780949 0.979141
vt 0.314854 0.980028
vt 0.782703 0.982543
vt 0.783091 0.980901
vt 0.967091 0.531481
vt 0.783091 0.984425
vt 0.782169 0.985371
vt 0.963304 0.403842
vt 0.312878 0.981972
vt 0.964249 0.527915
vt 0.966431 0.399364
vt 0.967398 0.401322
vt 0.964554 0.404880
vt 0.312302 0.983597
vt 0.146082 0.981951
vt 0.145284 0.983850
vt 0.143953 0.985022
vt 0.985327 0.102383
vt 0.967398 0.403379
vt 0.985327 0.098859
vt 0.984405 0.097913
vt 0.314390 0.985029
vt 0.983185 0.098442
vt 0.312813 0.985047
vt 0.983185 0.104143
vt 0.962624 0.533851
vt 0.264804 0.981558
vt 0.265267 0.982954
vt 0.263604 0.982414
vt 0.266294 0.981540
vt 0.263604 0.980666
vt 0.265267 0.980126
vt 0.218908 0.384985
vt 0.218896 0.386535
vt 0.217412 0.385627
vt 0.218818 0.508975
vt 0.218780 0.510701
vt 0.217304 0.509768
vt 0.217412 0.339449
vt 0.217412 0.337720
vt 0.218896 0.338540
vt 0.217413 0.457666
vt 0.217413 0.456099
vt 0.218897 0.456750
vt 0.218908 0.387782
vt 0.217412 0.387355
vt 0.217304 0.511325
vt 0.218908 0.337294
vt 0.218908 0.340091
vt 0.218908 0.458473
vt 0.239866 0.982414
vt 0.239866 0.980666
vt 0.241085 0.981532
vt 0.241529 0.982954
vt 0.242556 0.981540
vt 0.241529 0.980126
vt 0.988669 0.780662
vt 0.988919 0.781419
vt 0.988019 0.781126
vt 0.989476 0.780653
vt 0.988019 0.780179
vt 0.988919 0.779887
vt 0.988872 0.931882
vt 0.988865 0.932722
vt 0.988062 0.932230
vt 0.989185 0.493652
vt 0.989164 0.494587
vt 0.988365 0.494082
vt 0.912957 0.978629
vt 0.912957 0.977693
vt 0.913761 0.978137
vt 0.987534 0.703854
vt 0.987534 0.703005
vt 0.988338 0.703357
vt 0.988872 0.933398
vt 0.988062 0.933166
vt 0.988365 0.494925
vt 0.913768 0.977461
vt 0.913768 0.978976
vt 0.988344 0.704291
vt 0.986619 0.046320
vt 0.985718 0.046027
vt 0.986368 0.045544
vt 0.987175 0.045554
vt 0.986619 0.044788
vt 0.985718 0.045081
vt 0.553861 0.788879
vt 0.553861 0.785967
vt 0.556005 0.786133
vt 0.556005 0.789045
vt 0.571102 0.973263
vt 0.574036 0.973151
vt 0.574036 0.984229
vt 0.571102 0.984341
vt 0.553861 0.764918
vt 0.553861 0.762007
vt 0.556005 0.761839
vt 0.556005 0.764751
vt 0.983622 0.202960
vt 0.980682 0.202888
vt 0.980682 0.191760
vt 0.983622 0.191832
vt 0.752458 0.964798
vt 0.752458 0.977084
vt 0.750034 0.977091
vt 0.750034 0.964805
vt 0.970939 0.843023
vt 0.970939 0.830738
vt 0.973364 0.830745
vt 0.973364 0.843031
vt 0.962988 0.047113
vt 0.963751 0.048514
vt 0.961946 0.048514
vt 0.963919 0.643894
vt 0.964514 0.645566
vt 0.962830 0.644377
vt 0.961580 0.046561
vt 0.963158 0.045354
vt 0.964501 0.046561
vt 0.746204 0.582298
vt 0.744793 0.582612
vt 0.745855 0.580417
vt 0.966961 0.643609
vt 0.965555 0.644057
vt 0.966302 0.641768
vt 0.718267 0.582313
vt 0.716493 0.582646
vt 0.717412 0.580451
vt 0.769608 0.582405
vt 0.767986 0.582561
vt 0.768951 0.580459
vt 0.743046 0.582277
vt 0.741585 0.582612
vt 0.742017 0.580405
vt 0.962830 0.642134
vt 0.964514 0.641936
vt 0.714894 0.582313
vt 0.714078 0.580438
vt 0.715430 0.580451
vt 0.719268 0.580438
vt 0.770734 0.580643
vt 0.743999 0.580404
vt 0.965190 0.640001
vt 0.963577 0.639846
vt 0.964786 0.638387
vt 0.716459 0.578579
vt 0.714998 0.578243
vt 0.716713 0.576879
vt 0.768360 0.578510
vt 0.767252 0.578050
vt 0.768951 0.576865
vt 0.771394 0.578824
vt 0.770001 0.578354
vt 0.770734 0.577050
vt 0.744854 0.578542
vt 0.743080 0.578209
vt 0.744367 0.576865
vt 0.858762 0.982739
vt 0.859312 0.980829
vt 0.860217 0.982323
vt 0.742384 0.576865
vt 0.741481 0.578542
vt 0.861109 0.981000
vt 0.860202 0.979520
vt 0.861670 0.983016
vt 0.718569 0.576865
vt 0.718205 0.578243
vt 0.860219 0.984090
vt 0.861670 0.984797
vt 0.966470 0.639575
vt 0.858762 0.984520
vt 0.746083 0.578229
vt 0.719616 0.578557
vt 0.740665 0.580417
vt 0.770871 0.582860
vt 0.767252 0.580271
vt 0.719496 0.582625
vt 0.743300 0.583976
vt 0.964670 0.044788
vt 0.769172 0.584044
vt 0.961749 0.044788
vt 0.717780 0.583990
vt 0.715798 0.583990
vt 0.745156 0.583989
vt 0.966302 0.645398
vt 0.855240 0.345320
vt 0.855240 0.342723
vt 0.857390 0.342709
vt 0.857390 0.345307
vt 0.973079 0.324791
vt 0.970482 0.324778
vt 0.970482 0.311898
vt 0.973079 0.311911
vt 0.010524 0.986003
vt 0.010524 0.983406
vt 0.012675 0.983418
vt 0.012675 0.986016
vt 0.970151 0.250232
vt 0.972747 0.250188
vt 0.972747 0.263160
vt 0.970151 0.263204
vt 0.968100 0.667410
vt 0.968100 0.681956
vt 0.965676 0.681956
vt 0.965676 0.667410
vt 0.964589 0.946429
vt 0.964589 0.931883
vt 0.967013 0.931882
vt 0.967013 0.946429
vt 0.744953 0.525137
vt 0.749346 0.533097
vt 0.738755 0.531930
vt 0.016502 0.759155
vt 0.010524 0.762743
vt 0.013280 0.752989
vt 0.736729 0.521350
vt 0.746068 0.515978
vt 0.753866 0.523238
vt 0.021172 0.752269
vt 0.024020 0.795917
vt 0.020935 0.788697
vt 0.029626 0.792545
vt 0.454166 0.753639
vt 0.454005 0.762640
vt 0.447563 0.756099
vt 0.149221 0.784604
vt 0.149137 0.793671
vt 0.142418 0.788212
vt 0.356554 0.766862
vt 0.353149 0.759128
vt 0.361262 0.760046
vt 0.023293 0.761578
vt 0.030920 0.799938
vt 0.449501 0.746674
vt 0.144443 0.777895
vt 0.363492 0.770481
vt 0.047456 0.772862
vt 0.047247 0.763815
vt 0.053418 0.770762
vt 0.423274 0.767505
vt 0.419867 0.775237
vt 0.417083 0.765370
vt 0.118482 0.798716
vt 0.115456 0.805027
vt 0.112555 0.795277
vt 0.720576 0.373117
vt 0.728450 0.368929
vt 0.724058 0.376816
vt 0.387448 0.780727
vt 0.387286 0.771726
vt 0.393210 0.777108
vt 0.734432 0.400835
vt 0.736458 0.390255
vt 0.742656 0.397048
vt 0.725439 0.405025
vt 0.726783 0.393762
vt 0.717980 0.408557
vt 0.717731 0.398010
vt 0.729680 0.382878
vt 0.719960 0.386366
vt 0.711781 0.401837
vt 0.385727 0.760928
vt 0.393023 0.766430
vt 0.712461 0.390959
vt 0.382825 0.750857
vt 0.390568 0.754947
vt 0.715832 0.380677
vt 0.747049 0.389089
vt 0.740669 0.380834
vt 0.733846 0.373439
vt 0.751851 0.380435
vt 0.745501 0.372155
vt 0.755832 0.373316
vt 0.122600 0.769150
vt 0.119931 0.779092
vt 0.114819 0.773354
vt 0.738873 0.366369
vt 0.118550 0.789783
vt 0.112590 0.784707
vt 0.751569 0.398947
vt 0.757298 0.390400
vt 0.762131 0.381721
vt 0.761312 0.401073
vt 0.767105 0.392571
vt 0.769391 0.402893
vt 0.764743 0.375288
vt 0.770504 0.384564
vt 0.424860 0.748166
vt 0.423478 0.758354
vt 0.417179 0.755006
vt 0.743771 0.406208
vt 0.753691 0.409240
vt 0.763498 0.411411
vt 0.744989 0.416271
vt 0.754916 0.419400
vt 0.745998 0.424673
vt 0.770504 0.412125
vt 0.763643 0.420400
vt 0.754909 0.426646
vt 0.050662 0.780517
vt 0.734832 0.411317
vt 0.736057 0.421478
vt 0.725779 0.415566
vt 0.737772 0.428534
vt 0.045741 0.753748
vt 0.053243 0.760520
vt 0.727770 0.424352
vt 0.719094 0.417789
vt 0.390427 0.786975
vt 0.380842 0.778268
vt 0.372238 0.774621
vt 0.379411 0.767707
vt 0.369864 0.763423
vt 0.376956 0.756224
vt 0.367568 0.752778
vt 0.374150 0.746963
vt 0.379504 0.743565
vt 0.131231 0.765187
vt 0.125695 0.761976
vt 0.137999 0.770797
vt 0.128686 0.774299
vt 0.135956 0.781291
vt 0.126457 0.785652
vt 0.133759 0.792393
vt 0.125155 0.796137
vt 0.123243 0.805559
vt 0.129756 0.812116
vt 0.120948 0.812799
vt 0.441176 0.749089
vt 0.443018 0.740016
vt 0.433763 0.743001
vt 0.427355 0.739504
vt 0.431630 0.753374
vt 0.438961 0.759746
vt 0.430215 0.763886
vt 0.427983 0.774321
vt 0.434288 0.781589
vt 0.425200 0.783437
vt 0.440867 0.787403
vt 0.432290 0.790636
vt 0.417300 0.783508
vt 0.423358 0.791645
vt 0.045303 0.788625
vt 0.052891 0.788711
vt 0.439194 0.794860
vt 0.036407 0.786788
vt 0.038061 0.795749
vt 0.042788 0.779598
vt 0.040677 0.769276
vt 0.031988 0.765180
vt 0.039221 0.758884
vt 0.029656 0.754649
vt 0.036886 0.748639
vt 0.043003 0.745195
vt 0.027546 0.745692
vt 0.376302 0.794349
vt 0.382783 0.787692
vt 0.385005 0.794860
vt 0.372482 0.739504
vt 0.365574 0.743729
vt 0.358482 0.750929
vt 0.139687 0.761937
vt 0.356646 0.742719
vt 0.146957 0.768929
vt 0.350587 0.750856
vt 0.154684 0.768879
vt 0.152414 0.776979
vt 0.131623 0.803014
vt 0.141122 0.798653
vt 0.139017 0.809022
vt 0.136681 0.816477
vt 0.147824 0.803821
vt 0.145313 0.812515
vt 0.451717 0.739504
vt 0.457141 0.747390
vt 0.436587 0.770945
vt 0.446133 0.766660
vt 0.443677 0.778144
vt 0.452446 0.773439
vt 0.449542 0.783509
vt 0.446218 0.790800
vt 0.034314 0.776254
vt 0.027072 0.783378
vt 0.024749 0.772018
vt 0.018212 0.778731
vt 0.016713 0.768052
vt 0.374456 0.785278
vt 0.018636 0.745195
vt 0.367046 0.791365
vt 0.364909 0.780993
vt 0.360641 0.794860
vt 0.358142 0.786199
vt 0.356759 0.776012
vt 0.350367 0.768996
vt 0.763609 0.521112
vt 0.765795 0.510775
vt 0.771688 0.519293
vt 0.755988 0.512946
vt 0.772802 0.510060
vt 0.765940 0.501785
vt 0.757214 0.502785
vt 0.757206 0.495540
vt 0.747286 0.505915
vt 0.748295 0.497512
vt 0.155315 0.786729
vt 0.738354 0.500707
vt 0.737129 0.510868
vt 0.740069 0.493652
vt 0.155315 0.797021
vt 0.728076 0.506619
vt 0.730067 0.497833
vt 0.721391 0.504396
vt 0.727737 0.517160
vt 0.720278 0.513629
vt 0.459925 0.757257
vt 0.720028 0.524175
vt 0.729081 0.528424
vt 0.714078 0.520348
vt 0.459738 0.767934
vt 0.722258 0.535819
vt 0.714758 0.531226
vt 0.457282 0.779418
vt 0.731977 0.539308
vt 0.726356 0.545369
vt 0.718130 0.541509
vt 0.722874 0.549069
vt 0.350464 0.779358
vt 0.767040 0.546897
vt 0.764429 0.540465
vt 0.772802 0.537621
vt 0.769403 0.529615
vt 0.759596 0.531786
vt 0.758129 0.548870
vt 0.754148 0.541750
vt 0.016857 0.793710
vt 0.736143 0.548747
vt 0.742966 0.541352
vt 0.730747 0.553256
vt 0.013019 0.784660
vt 0.747799 0.550031
vt 0.741170 0.555817
vt 0.010696 0.773300
vt 0.247129 0.858451
vt 0.239866 0.868672
vt 0.239866 0.852474
vt 0.720277 0.828748
vt 0.714146 0.840115
vt 0.714146 0.824505
vt 0.250012 0.844508
vt 0.256283 0.855783
vt 0.250012 0.870717
vt 0.726278 0.815516
vt 0.735781 0.850305
vt 0.726277 0.840774
vt 0.742888 0.838242
vt 0.800907 0.868366
vt 0.790943 0.870743
vt 0.796816 0.855791
vt 0.599667 0.840797
vt 0.594024 0.852259
vt 0.584866 0.839583
vt 0.560668 0.645321
vt 0.550675 0.647485
vt 0.554972 0.632553
vt 0.733775 0.825571
vt 0.750135 0.848688
vt 0.805997 0.855584
vt 0.594024 0.827020
vt 0.566931 0.632694
vt 0.748537 0.824439
vt 0.742888 0.812983
vt 0.757633 0.817874
vt 0.790553 0.843162
vt 0.780561 0.840991
vt 0.789865 0.831622
vt 0.571392 0.836467
vt 0.565331 0.840866
vt 0.565331 0.825268
vt 0.586972 0.815093
vt 0.577404 0.824475
vt 0.574489 0.812705
vt 0.571021 0.620116
vt 0.561058 0.617738
vt 0.566608 0.608699
vt 0.080700 0.857392
vt 0.070554 0.849426
vt 0.077817 0.843449
vt 0.073531 0.863393
vt 0.550675 0.619877
vt 0.554649 0.608558
vt 0.070554 0.833228
vt 0.080700 0.831183
vt 0.073531 0.820986
vt 0.799911 0.840769
vt 0.086971 0.846117
vt 0.089948 0.833875
vt 0.757633 0.833485
vt 0.089948 0.860084
vt 0.082882 0.867211
vt 0.577404 0.849714
vt 0.784857 0.855928
vt 0.735781 0.807333
vt 0.601380 0.816823
vt 0.608842 0.831932
vt 0.586972 0.858032
vt 0.780561 0.868599
vt 0.576111 0.632897
vt 0.570025 0.647712
vt 0.559979 0.656854
vt 0.259260 0.868025
vt 0.608842 0.847530
vt 0.259260 0.841816
vt 0.252194 0.834689
vt 0.796494 0.879777
vt 0.242843 0.838507
vt 0.784536 0.879914
vt 0.242844 0.880914
vt 0.723259 0.852786
vt 0.930974 0.022453
vt 0.933232 0.029339
vt 0.925089 0.026693
vt 0.934830 0.034090
vt 0.940531 0.029254
vt 0.925089 0.018133
vt 0.933232 0.015488
vt 0.938265 0.022414
vt 0.690002 0.922936
vt 0.688572 0.928496
vt 0.683827 0.921416
vt 0.935046 0.745758
vt 0.928496 0.743310
vt 0.935898 0.739032
vt 0.799863 0.580803
vt 0.795741 0.574485
vt 0.804020 0.575101
vt 0.643175 0.939121
vt 0.636980 0.943146
vt 0.636881 0.935210
vt 0.684517 0.934635
vt 0.682850 0.940946
vt 0.677067 0.935988
vt 0.922453 0.738793
vt 0.921743 0.731397
vt 0.928496 0.734938
vt 0.941122 0.742114
vt 0.807246 0.581978
vt 0.644545 0.931675
vt 0.680604 0.928293
vt 0.935047 0.731515
vt 0.929146 0.727118
vt 0.936949 0.726380
vt 0.807935 0.568759
vt 0.806271 0.562447
vt 0.813381 0.567078
vt 0.934339 0.779887
vt 0.940040 0.784723
vt 0.932742 0.784637
vt 0.644152 0.925000
vt 0.637455 0.926910
vt 0.638483 0.921416
vt 0.676446 0.922590
vt 0.672323 0.928908
vt 0.670430 0.922411
vt 0.924598 0.795844
vt 0.924599 0.787283
vt 0.930484 0.791524
vt 0.918721 0.791650
vt 0.920485 0.784388
vt 0.926865 0.780443
vt 0.631113 0.931014
vt 0.630819 0.924951
vt 0.937774 0.791563
vt 0.811990 0.574898
vt 0.932742 0.798489
vt 0.940040 0.798574
vt 0.934339 0.803452
vt 0.926865 0.802855
vt 0.920485 0.798953
vt 0.670430 0.935681
vt 0.813423 0.580458
vt 0.800486 0.567406
vt 0.797992 0.561831
vt 0.941122 0.733743
vt 0.923559 0.725490
vt 0.674569 0.941561
vt 0.649381 0.937426
vt 0.629890 0.938381
vt 0.631283 0.944516
vt 0.793850 0.567711
vt 0.689960 0.936316
vt 0.940531 0.015402
vt 0.934830 0.010524
vt 0.644706 0.944516
vt 0.927355 0.011121
vt 0.920976 0.015024
vt 0.793850 0.580981
vt 0.919212 0.022327
vt 0.920976 0.029588
vt 0.929145 0.749036
vt 0.927355 0.033533
vt 0.921743 0.744943
vt 0.958572 0.210639
vt 0.958771 0.208592
vt 0.959512 0.208544
vt 0.959315 0.210562
vt 0.080898 0.746876
vt 0.082092 0.745910
vt 0.082712 0.746539
vt 0.081565 0.747466
vt 0.078613 0.919050
vt 0.077175 0.918838
vt 0.077457 0.917991
vt 0.078815 0.918191
vt 0.077418 0.917132
vt 0.078695 0.917320
vt 0.958382 0.085960
vt 0.958226 0.084239
vt 0.959032 0.084109
vt 0.959180 0.085751
vt 0.959924 0.084065
vt 0.960069 0.085678
vt 0.960664 0.084118
vt 0.960812 0.085760
vt 0.936823 0.885529
vt 0.935855 0.884692
vt 0.936491 0.884079
vt 0.937506 0.884957
vt 0.301280 0.925012
vt 0.302557 0.924824
vt 0.302840 0.925671
vt 0.301482 0.925871
vt 0.302800 0.926530
vt 0.301361 0.926742
vt 0.956887 0.210344
vt 0.957075 0.208406
vt 0.957880 0.208542
vt 0.957683 0.210559
vt 0.958880 0.206487
vt 0.959618 0.206468
vt 0.083337 0.745195
vt 0.083908 0.745852
vt 0.075773 0.918367
vt 0.076134 0.917546
vt 0.076173 0.916714
vt 0.958148 0.082468
vt 0.958957 0.082421
vt 0.959851 0.082407
vt 0.960589 0.082430
vt 0.934838 0.884056
vt 0.935425 0.883412
vt 0.303801 0.924406
vt 0.304163 0.925226
vt 0.304202 0.926059
vt 0.957178 0.206412
vt 0.957986 0.206466
vt 0.958895 0.204358
vt 0.959633 0.204370
vt 0.075186 0.918955
vt 0.073790 0.918202
vt 0.074432 0.917644
vt 0.074869 0.916864
vt 0.074983 0.916072
vt 0.958148 0.080679
vt 0.958957 0.080714
vt 0.959851 0.080731
vt 0.960589 0.080724
vt 0.303214 0.923818
vt 0.304349 0.923206
vt 0.304991 0.923764
vt 0.305428 0.924544
vt 0.305543 0.925336
vt 0.957192 0.204397
vt 0.958001 0.204367
vt 0.958817 0.202242
vt 0.959557 0.202284
vt 0.072482 0.917200
vt 0.073175 0.916681
vt 0.073683 0.915955
vt 0.073868 0.915217
vt 0.958226 0.078901
vt 0.959032 0.079019
vt 0.959924 0.079066
vt 0.960664 0.079028
vt 0.305413 0.922391
vt 0.306107 0.922910
vt 0.306614 0.923635
vt 0.306799 0.924373
vt 0.957119 0.202394
vt 0.957925 0.202282
vt 0.958648 0.200175
vt 0.959390 0.200247
vt 0.071283 0.915966
vt 0.072024 0.915496
vt 0.072596 0.914837
vt 0.072846 0.914165
vt 0.958381 0.077166
vt 0.959180 0.077364
vt 0.960069 0.077440
vt 0.960812 0.077374
vt 0.306388 0.921387
vt 0.307129 0.921858
vt 0.307701 0.922517
vt 0.307951 0.923188
vt 0.956958 0.200437
vt 0.957758 0.200245
vt 0.958390 0.198194
vt 0.959135 0.198294
vt 0.070215 0.914521
vt 0.070998 0.914108
vt 0.071628 0.913527
vt 0.937184 0.667410
vt 0.938313 0.667704
vt 0.937978 0.668535
vt 0.936916 0.668258
vt 0.958611 0.075503
vt 0.959399 0.075778
vt 0.960284 0.075882
vt 0.961030 0.075787
vt 0.307256 0.920213
vt 0.308039 0.920626
vt 0.308669 0.921207
vt 0.455807 0.580985
vt 0.454661 0.581287
vt 0.454297 0.580469
vt 0.455512 0.580148
vt 0.956714 0.198561
vt 0.957503 0.198292
vt 0.958047 0.196331
vt 0.958798 0.196458
vt 0.069295 0.912889
vt 0.070115 0.912541
vt 0.070794 0.912048
vt 0.939399 0.668241
vt 0.938999 0.669040
vt 0.958911 0.073940
vt 0.959684 0.074287
vt 0.960565 0.074418
vt 0.961316 0.074297
vt 0.308004 0.918886
vt 0.308824 0.919235
vt 0.309503 0.919728
vt 0.453567 0.581831
vt 0.453138 0.581045
vt 0.956389 0.196797
vt 0.957165 0.196455
vt 0.068555 0.913000
vt 0.067789 0.911185
vt 0.068540 0.911100
vt 0.069389 0.910822
vt 0.070109 0.910426
vt 0.940423 0.669011
vt 0.939962 0.669764
vt 0.959275 0.072504
vt 0.960032 0.072918
vt 0.960907 0.073073
vt 0.307264 0.918775
vt 0.307868 0.917346
vt 0.308618 0.917431
vt 0.309468 0.917709
vt 0.310188 0.918105
vt 0.452544 0.582608
vt 0.452055 0.581868
vt 0.955991 0.195176
vt 0.956750 0.194767
vt 0.957626 0.194619
vt 0.067202 0.909240
vt 0.067962 0.909183
vt 0.068834 0.908981
vt 0.069585 0.908688
vt 0.941368 0.670001
vt 0.940851 0.670695
vt 0.959699 0.071220
vt 0.960436 0.071693
vt 0.961304 0.071870
vt 0.308329 0.915815
vt 0.309089 0.915872
vt 0.309961 0.916074
vt 0.310712 0.916367
vt 0.451610 0.583603
vt 0.451065 0.582922
vt 0.955524 0.193725
vt 0.956265 0.193257
vt 0.957133 0.193086
vt 0.066806 0.907199
vt 0.067571 0.907171
vt 0.068458 0.907048
vt 0.069230 0.906863
vt 0.942216 0.671194
vt 0.941649 0.671817
vt 0.940865 0.672249
vt 0.940104 0.671179
vt 0.960890 0.070634
vt 0.961749 0.070830
vt 0.308642 0.914208
vt 0.309406 0.914236
vt 0.310294 0.914359
vt 0.311066 0.914543
vt 0.450781 0.584800
vt 0.450186 0.584191
vt 0.449390 0.583788
vt 0.450305 0.582467
vt 0.955717 0.191949
vt 0.956578 0.191760
vt 0.066606 0.905096
vt 0.067373 0.905098
vt 0.068269 0.905057
vt 0.069052 0.904985
vt 0.942955 0.672570
vt 0.942343 0.673112
vt 0.941527 0.673483
vt 0.940726 0.673585
vt 0.940076 0.672373
vt 0.308799 0.912553
vt 0.309567 0.912551
vt 0.310462 0.912592
vt 0.311245 0.912665
vt 0.450070 0.586179
vt 0.449433 0.585651
vt 0.448606 0.585308
vt 0.447809 0.585242
vt 0.448604 0.583699
vt 0.066606 0.902968
vt 0.067373 0.903000
vt 0.068269 0.903042
vt 0.069052 0.903083
vt 0.943570 0.674105
vt 0.942922 0.674556
vt 0.942079 0.674860
vt 0.941268 0.674937
vt 0.308799 0.910878
vt 0.309567 0.910846
vt 0.310462 0.910804
vt 0.311245 0.910763
vt 0.449490 0.587715
vt 0.448819 0.587279
vt 0.447966 0.587003
vt 0.447160 0.586961
vt 0.066806 0.900851
vt 0.067571 0.900914
vt 0.068458 0.901038
vt 0.069230 0.901191
vt 0.944052 0.675774
vt 0.943375 0.676125
vt 0.942512 0.676356
vt 0.941693 0.676407
vt 0.308642 0.909212
vt 0.309406 0.909149
vt 0.310294 0.909025
vt 0.311066 0.908871
vt 0.449051 0.589383
vt 0.448354 0.589046
vt 0.447482 0.588843
vt 0.446669 0.588828
vt 0.067202 0.898782
vt 0.067962 0.898874
vt 0.068834 0.899079
vt 0.069585 0.899342
vt 0.944392 0.677547
vt 0.943695 0.677792
vt 0.942817 0.677946
vt 0.941993 0.677969
vt 0.308329 0.907582
vt 0.309089 0.907490
vt 0.309961 0.907285
vt 0.310712 0.907022
vt 0.448761 0.591154
vt 0.448046 0.590923
vt 0.447162 0.590797
vt 0.446344 0.590810
vt 0.067789 0.896795
vt 0.068540 0.896915
vt 0.069389 0.897198
vt 0.070109 0.897567
vt 0.944585 0.679393
vt 0.943877 0.679529
vt 0.942990 0.679603
vt 0.942162 0.679596
vt 0.307868 0.906018
vt 0.308618 0.905898
vt 0.309468 0.905616
vt 0.310188 0.905247
vt 0.448624 0.592997
vt 0.447901 0.592876
vt 0.447010 0.592830
vt 0.446190 0.592873
vt 0.068555 0.894925
vt 0.069295 0.895072
vt 0.070115 0.895427
vt 0.070794 0.895895
vt 0.944627 0.681283
vt 0.943916 0.681306
vt 0.943027 0.681297
vt 0.942199 0.681260
vt 0.307264 0.904546
vt 0.308004 0.904399
vt 0.308824 0.904044
vt 0.309503 0.903575
vt 0.448642 0.594882
vt 0.447921 0.594873
vt 0.447031 0.594909
vt 0.446211 0.594982
vt 0.069488 0.893203
vt 0.070215 0.893375
vt 0.070998 0.893797
vt 0.071628 0.894357
vt 0.944518 0.683182
vt 0.943813 0.683092
vt 0.942929 0.683001
vt 0.942103 0.682934
vt 0.306530 0.903191
vt 0.307256 0.903019
vt 0.308039 0.902597
vt 0.308669 0.902037
vt 0.448816 0.596776
vt 0.448105 0.596879
vt 0.447223 0.596998
vt 0.446406 0.597101
vt 0.070572 0.891660
vt 0.071283 0.891854
vt 0.072024 0.892336
vt 0.072596 0.892978
vt 0.944258 0.685059
vt 0.943569 0.684857
vt 0.942697 0.684685
vt 0.941874 0.684587
vt 0.305677 0.901976
vt 0.306388 0.901782
vt 0.307129 0.901300
vt 0.307701 0.900658
vt 0.449142 0.598646
vt 0.448451 0.598861
vt 0.447583 0.599061
vt 0.446771 0.599194
vt 0.071788 0.890321
vt 0.072482 0.890534
vt 0.073175 0.891068
vt 0.073683 0.891782
vt 0.943854 0.686882
vt 0.943189 0.686572
vt 0.942334 0.686319
vt 0.941518 0.686193
vt 0.304719 0.900922
vt 0.305413 0.900709
vt 0.306107 0.900175
vt 0.306614 0.899462
vt 0.449616 0.600461
vt 0.448952 0.600784
vt 0.448105 0.601063
vt 0.447300 0.601225
vt 0.951877 0.554989
vt 0.952452 0.556256
vt 0.951586 0.556434
vt 0.951019 0.555185
vt 0.073790 0.889438
vt 0.074432 0.890016
vt 0.074869 0.890788
vt 0.943311 0.688619
vt 0.942678 0.688205
vt 0.941847 0.687877
vt 0.941040 0.687723
vt 0.014123 0.940854
vt 0.013678 0.941853
vt 0.012811 0.941681
vt 0.013263 0.940664
vt 0.304349 0.899819
vt 0.304991 0.899241
vt 0.305428 0.898468
vt 0.450227 0.602189
vt 0.449600 0.602615
vt 0.448780 0.602969
vt 0.447985 0.603158
vt 0.952967 0.557735
vt 0.952094 0.557892
vt 0.075186 0.888586
vt 0.075773 0.889197
vt 0.076134 0.890016
vt 0.942639 0.690241
vt 0.942047 0.689730
vt 0.941245 0.689332
vt 0.940448 0.689152
vt 0.013281 0.943020
vt 0.012407 0.942869
vt 0.303214 0.899125
vt 0.303801 0.898514
vt 0.304163 0.897696
vt 0.450968 0.603801
vt 0.450385 0.604322
vt 0.449596 0.604748
vt 0.448813 0.604962
vt 0.953413 0.559401
vt 0.952533 0.559535
vt 0.951762 0.559897
vt 0.951340 0.558319
vt 0.077175 0.888626
vt 0.077457 0.889476
vt 0.941850 0.691719
vt 0.941304 0.691121
vt 0.940537 0.690658
vt 0.939753 0.690454
vt 0.012940 0.944334
vt 0.012059 0.944207
vt 0.011286 0.943850
vt 0.011650 0.942447
vt 0.302557 0.898007
vt 0.302840 0.897156
vt 0.451823 0.605269
vt 0.451291 0.605878
vt 0.450540 0.606367
vt 0.449771 0.606605
vt 0.953783 0.561227
vt 0.952898 0.561334
vt 0.952112 0.561625
vt 0.078613 0.888311
vt 0.078815 0.889180
vt 0.940957 0.693029
vt 0.940464 0.692353
vt 0.939735 0.691833
vt 0.938966 0.691609
vt 0.012660 0.945772
vt 0.011774 0.945671
vt 0.010986 0.945386
vt 0.301280 0.897728
vt 0.301482 0.896860
vt 0.452780 0.606569
vt 0.452305 0.607255
vt 0.451595 0.607801
vt 0.450842 0.608060
vt 0.954070 0.563179
vt 0.953181 0.563259
vt 0.952384 0.563474
vt 0.080064 0.888260
vt 0.080185 0.889131
vt 0.939975 0.694149
vt 0.939541 0.693406
vt 0.938855 0.692837
vt 0.013406 0.945662
vt 0.013187 0.947228
vt 0.012445 0.947311
vt 0.011555 0.947238
vt 0.010757 0.947028
vt 0.299992 0.897682
vt 0.300112 0.896811
vt 0.453821 0.607677
vt 0.453408 0.608429
vt 0.452744 0.609023
vt 0.954530 0.561332
vt 0.954813 0.563257
vt 0.954269 0.565226
vt 0.953377 0.565277
vt 0.952573 0.565412
vt 0.081503 0.888471
vt 0.081543 0.889330
vt 0.081260 0.890177
vt 0.079983 0.889989
vt 0.938549 0.694261
vt 0.937909 0.693653
vt 0.013040 0.948870
vt 0.012300 0.948923
vt 0.011408 0.948879
vt 0.010602 0.948749
vt 0.298715 0.897870
vt 0.298754 0.897010
vt 0.298472 0.896164
vt 0.299910 0.895952
vt 0.454582 0.609381
vt 0.453966 0.610014
vt 0.955009 0.565274
vt 0.954377 0.567332
vt 0.953484 0.567353
vt 0.952675 0.567406
vt 0.082905 0.888943
vt 0.082866 0.889775
vt 0.082504 0.890596
vt 0.937507 0.694904
vt 0.936916 0.694266
vt 0.012965 0.950558
vt 0.012227 0.950581
vt 0.011333 0.950568
vt 0.010524 0.950520
vt 0.297471 0.898288
vt 0.297431 0.897455
vt 0.297070 0.896635
vt 0.455807 0.610094
vt 0.455241 0.610757
vt 0.955116 0.567350
vt 0.954393 0.569461
vt 0.953499 0.569451
vt 0.952690 0.569422
vt 0.084246 0.889666
vt 0.084131 0.890458
vt 0.083694 0.891238
vt 0.083052 0.891796
vt 0.081917 0.891184
vt 0.012965 0.952264
vt 0.012227 0.952258
vt 0.011333 0.952274
vt 0.010524 0.952309
vt 0.296280 0.898930
vt 0.296166 0.898138
vt 0.295729 0.897358
vt 0.295087 0.896800
vt 0.296483 0.896047
vt 0.955131 0.569449
vt 0.954315 0.571577
vt 0.953422 0.571537
vt 0.952616 0.571425
vt 0.085502 0.890628
vt 0.085317 0.891366
vt 0.084810 0.892092
vt 0.084116 0.892611
vt 0.013040 0.953960
vt 0.012300 0.953923
vt 0.011408 0.953969
vt 0.010602 0.954087
vt 0.295165 0.899784
vt 0.294980 0.899046
vt 0.294472 0.898321
vt 0.293779 0.897802
vt 0.955054 0.571534
vt 0.954145 0.573643
vt 0.953255 0.573574
vt 0.952455 0.573381
vt 0.086654 0.891814
vt 0.086404 0.892485
vt 0.085832 0.893144
vt 0.085091 0.893614
vt 0.013187 0.955615
vt 0.012445 0.955548
vt 0.011555 0.955624
vt 0.010757 0.955822
vt 0.294143 0.900836
vt 0.293893 0.900165
vt 0.293321 0.899506
vt 0.292580 0.899036
vt 0.954887 0.573571
vt 0.953886 0.575624
vt 0.953000 0.575526
vt 0.952210 0.575257
vt 0.083613 0.775877
vt 0.082427 0.775527
vt 0.082789 0.774707
vt 0.083908 0.775037
vt 0.087372 0.893795
vt 0.086742 0.894376
vt 0.085959 0.894789
vt 0.013406 0.957201
vt 0.012660 0.957107
vt 0.011774 0.957211
vt 0.010986 0.957486
vt 0.934838 0.909988
vt 0.935925 0.909738
vt 0.936262 0.910568
vt 0.935106 0.910834
vt 0.292925 0.901475
vt 0.292295 0.900894
vt 0.291512 0.900481
vt 0.954632 0.575524
vt 0.953543 0.577486
vt 0.952662 0.577362
vt 0.951886 0.577020
vt 0.081295 0.774922
vt 0.081721 0.774136
vt 0.088206 0.895274
vt 0.087527 0.895767
vt 0.086707 0.896115
vt 0.013691 0.958692
vt 0.012940 0.958571
vt 0.012059 0.958702
vt 0.011286 0.959049
vt 0.936969 0.909259
vt 0.937372 0.910059
vt 0.292091 0.902954
vt 0.291412 0.902461
vt 0.290592 0.902112
vt 0.954294 0.577360
vt 0.953121 0.579198
vt 0.952246 0.579049
vt 0.951486 0.578641
vt 0.080237 0.774072
vt 0.080722 0.773334
vt 0.088891 0.896896
vt 0.088171 0.897293
vt 0.087321 0.897570
vt 0.086571 0.897655
vt 0.085967 0.896226
vt 0.013281 0.959917
vt 0.012407 0.960072
vt 0.011650 0.960486
vt 0.937954 0.908560
vt 0.938419 0.909316
vt 0.291406 0.904576
vt 0.290686 0.904180
vt 0.289837 0.903902
vt 0.289086 0.903817
vt 0.289852 0.902001
vt 0.952628 0.580730
vt 0.951760 0.580559
vt 0.951019 0.580091
vt 0.079270 0.772991
vt 0.079810 0.772314
vt 0.089415 0.898634
vt 0.088664 0.898927
vt 0.087792 0.899129
vt 0.087032 0.899186
vt 0.013678 0.961120
vt 0.012811 0.961297
vt 0.012073 0.961771
vt 0.938862 0.907653
vt 0.939385 0.908351
vt 0.290882 0.906314
vt 0.290131 0.906021
vt 0.289259 0.905819
vt 0.288499 0.905762
vt 0.952072 0.582055
vt 0.951212 0.581866
vt 0.078509 0.773450
vt 0.077615 0.772105
vt 0.078412 0.771699
vt 0.079000 0.771094
vt 0.089769 0.900458
vt 0.088997 0.900643
vt 0.088109 0.900765
vt 0.087345 0.900793
vt 0.014123 0.962161
vt 0.013263 0.962357
vt 0.938116 0.907174
vt 0.938894 0.906124
vt 0.939678 0.906552
vt 0.940252 0.907181
vt 0.290527 0.908138
vt 0.289755 0.907954
vt 0.288868 0.907831
vt 0.288103 0.907803
vt 0.076822 0.772203
vt 0.076046 0.770638
vt 0.076850 0.770562
vt 0.077677 0.770216
vt 0.078306 0.769695
vt 0.089948 0.902337
vt 0.089165 0.902410
vt 0.088270 0.902450
vt 0.087502 0.902449
vt 0.938112 0.906011
vt 0.938776 0.904817
vt 0.939571 0.904909
vt 0.940387 0.905278
vt 0.941006 0.905825
vt 0.290349 0.910017
vt 0.289566 0.909944
vt 0.288670 0.909904
vt 0.287903 0.909906
vt 0.075412 0.768898
vt 0.076226 0.768847
vt 0.077078 0.768570
vt 0.077740 0.768140
vt 0.089948 0.904239
vt 0.089165 0.904198
vt 0.088270 0.904156
vt 0.087502 0.904124
vt 0.939330 0.903481
vt 0.940134 0.903548
vt 0.940978 0.903851
vt 0.941635 0.904308
vt 0.290349 0.911919
vt 0.289566 0.911959
vt 0.288670 0.912001
vt 0.287903 0.912033
vt 0.074933 0.767015
vt 0.075753 0.766991
vt 0.076624 0.766787
vt 0.077312 0.766458
vt 0.089769 0.906130
vt 0.088997 0.905977
vt 0.088109 0.905853
vt 0.087345 0.905790
vt 0.939763 0.902025
vt 0.940575 0.902066
vt 0.941441 0.902296
vt 0.942127 0.902655
vt 0.290527 0.913810
vt 0.289755 0.913963
vt 0.288868 0.914088
vt 0.288103 0.914150
vt 0.074616 0.765020
vt 0.075441 0.765024
vt 0.076324 0.764898
vt 0.077028 0.764675
vt 0.089415 0.907980
vt 0.088664 0.907716
vt 0.087792 0.907511
vt 0.087032 0.907419
vt 0.940069 0.900473
vt 0.940887 0.900486
vt 0.941767 0.900641
vt 0.942473 0.900894
vt 0.290882 0.915659
vt 0.290131 0.915923
vt 0.289259 0.916128
vt 0.288499 0.916220
vt 0.074467 0.762948
vt 0.075293 0.762981
vt 0.076182 0.762935
vt 0.076895 0.762823
vt 0.088891 0.909755
vt 0.088171 0.909386
vt 0.087321 0.909104
vt 0.086571 0.908983
vt 0.940241 0.898854
vt 0.941062 0.898838
vt 0.941951 0.898912
vt 0.942669 0.899056
vt 0.291406 0.917435
vt 0.290686 0.917804
vt 0.289837 0.918086
vt 0.289086 0.918207
vt 0.074487 0.760833
vt 0.075314 0.760897
vt 0.076202 0.760933
vt 0.076913 0.760933
vt 0.088206 0.911426
vt 0.087527 0.910958
vt 0.086707 0.910603
vt 0.085967 0.910456
vt 0.940278 0.897194
vt 0.941100 0.897147
vt 0.941990 0.897139
vt 0.942711 0.897172
vt 0.292091 0.919106
vt 0.291412 0.919575
vt 0.290592 0.919930
vt 0.289852 0.920077
vt 0.074678 0.758712
vt 0.075502 0.758806
vt 0.076382 0.758925
vt 0.077084 0.759038
vt 0.087372 0.912965
vt 0.086742 0.912405
vt 0.085959 0.911982
vt 0.085233 0.911811
vt 0.940178 0.895522
vt 0.940998 0.895445
vt 0.941883 0.895354
vt 0.942597 0.895273
vt 0.292925 0.920644
vt 0.292295 0.921204
vt 0.291512 0.921627
vt 0.290785 0.921798
vt 0.075035 0.756622
vt 0.075854 0.756746
vt 0.076720 0.756946
vt 0.077403 0.757170
vt 0.086404 0.914344
vt 0.085832 0.913702
vt 0.085091 0.913219
vt 0.084380 0.913026
vt 0.939943 0.893866
vt 0.940759 0.893759
vt 0.941633 0.893586
vt 0.942331 0.893394
vt 0.293893 0.922024
vt 0.293321 0.922666
vt 0.292580 0.923148
vt 0.291869 0.923342
vt 0.075553 0.754598
vt 0.076364 0.754750
vt 0.077211 0.755030
vt 0.077865 0.755361
vt 0.085317 0.915540
vt 0.084810 0.914827
vt 0.084116 0.914292
vt 0.083422 0.914080
vt 0.939577 0.892255
vt 0.940386 0.892119
vt 0.941242 0.891866
vt 0.941916 0.891565
vt 0.294980 0.923220
vt 0.294472 0.923933
vt 0.293779 0.924468
vt 0.293085 0.924680
vt 0.076222 0.752675
vt 0.077024 0.752855
vt 0.077844 0.753209
vt 0.078464 0.753643
vt 0.084131 0.916533
vt 0.083694 0.915761
vt 0.083052 0.915183
vt 0.960890 0.092328
vt 0.960436 0.091309
vt 0.961304 0.091137
vt 0.961749 0.092138
vt 0.939087 0.890716
vt 0.939887 0.890552
vt 0.940719 0.890224
vt 0.941359 0.889818
vt 0.296166 0.924213
vt 0.295729 0.924985
vt 0.295087 0.925563
vt 0.955524 0.218629
vt 0.956090 0.217382
vt 0.956956 0.217560
vt 0.956382 0.218826
vt 0.077032 0.750885
vt 0.077822 0.751090
vt 0.078611 0.751514
vt 0.079187 0.752043
vt 0.082866 0.917306
vt 0.082504 0.916488
vt 0.081917 0.915876
vt 0.960032 0.090121
vt 0.960907 0.089970
vt 0.938481 0.889276
vt 0.939270 0.889086
vt 0.940072 0.888686
vt 0.940671 0.888183
vt 0.297431 0.924986
vt 0.297070 0.925804
vt 0.296483 0.926416
vt 0.956597 0.215924
vt 0.957470 0.216082
vt 0.077968 0.749259
vt 0.078744 0.749488
vt 0.079497 0.749975
vt 0.080023 0.750591
vt 0.081543 0.917845
vt 0.081260 0.916995
vt 0.959275 0.090543
vt 0.958911 0.089139
vt 0.959684 0.088783
vt 0.960565 0.088655
vt 0.937769 0.887959
vt 0.938545 0.887745
vt 0.939311 0.887280
vt 0.939863 0.886689
vt 0.298754 0.925525
vt 0.298472 0.926376
vt 0.955844 0.215497
vt 0.956265 0.213920
vt 0.957037 0.214282
vt 0.957916 0.214416
vt 0.079014 0.747826
vt 0.079775 0.748075
vt 0.080487 0.748618
vt 0.080958 0.749310
vt 0.080185 0.918142
vt 0.079983 0.917274
vt 0.958611 0.087603
vt 0.959399 0.087318
vt 0.960284 0.087217
vt 0.936963 0.886788
vt 0.937725 0.886553
vt 0.938451 0.886030
vt 0.938948 0.885359
vt 0.300112 0.925822
vt 0.299910 0.926690
vt 0.956615 0.212192
vt 0.957401 0.212484
vt 0.958285 0.212591
vt 0.959033 0.212486
vt 0.081975 0.748223
vt 0.961030 0.087327
vt 0.937943 0.884218
vt 0.695888 0.345044
vt 0.695888 0.010556
vt 0.698303 0.010653
vt 0.698303 0.345141
vt 0.659725 0.345115
vt 0.659725 0.010563
vt 0.662859 0.010524
vt 0.662859 0.345077
vt 0.666069 0.010552
vt 0.666069 0.345104
vt 0.668495 0.010638
vt 0.668495 0.345191
vt 0.629890 0.345299
vt 0.629890 0.010562
vt 0.633015 0.010583
vt 0.633015 0.345320
vt 0.636231 0.010569
vt 0.636231 0.345306
vt 0.638677 0.010524
vt 0.638677 0.345262
vt 0.600072 0.671912
vt 0.600072 0.337368
vt 0.603205 0.337408
vt 0.603205 0.671951
vt 0.606415 0.337380
vt 0.606415 0.671923
vt 0.608842 0.337292
vt 0.608842 0.671835
vt 0.719352 0.340662
vt 0.719352 0.337375
vt 0.720993 0.334529
vt 0.723837 0.332885
vt 0.727121 0.332885
vt 0.729965 0.334528
vt 0.731607 0.337374
vt 0.731607 0.340661
vt 0.729965 0.343508
vt 0.727121 0.345151
vt 0.723837 0.345152
vt 0.720993 0.343509
vt 0.689544 0.345055
vt 0.689544 0.010567
vt 0.692682 0.010524
vt 0.692682 0.345012
vt 0.764911 0.337375
vt 0.764911 0.340662
vt 0.763269 0.343509
vt 0.760425 0.345152
vt 0.757141 0.345151
vt 0.754297 0.343507
vt 0.752655 0.340661
vt 0.752655 0.337374
vt 0.754297 0.334528
vt 0.757141 0.332884
vt 0.760425 0.332885
vt 0.763269 0.334529
s 1
usemtl npc_mbok_jum_mat.002
f 1/1/1 2/2/2 4/3/4 3/4/3
f 3/5/3 4/6/4 6/7/6 5/8/5
f 5/8/5 6/7/6 8/9/8 7/10/7
f 7/10/7 8/9/8 10/11/10 9/12/9
f 9/13/9 10/14/10 12/15/12 11/16/11
f 11/16/11 12/15/12 14/17/14 13/18/13
f 13/18/13 14/17/14 16/19/16 15/20/15
f 15/20/15 16/19/16 18/21/18 17/22/17
f 17/23/17 18/24/18 20/25/20 19/26/19
f 19/26/19 20/25/20 22/27/22 21/28/21
f 21/28/21 22/27/22 24/29/24 23/30/23
f 23/31/23 24/32/24 26/33/26 25/34/25
f 4/35/4 2/36/2 28/37/28 26/38/26 24/39/24 22/40/22 20/41/20 18/42/18 16/43/16 14/44/14 12/45/12 10/46/10 8/47/8 6/48/6
f 25/34/25 26/33/26 28/49/28 27/50/27
f 27/50/27 28/49/28 2/2/2 1/1/1
f 1/51/1 3/52/3 5/53/5 7/54/7 9/55/9 11/56/11 13/57/13 15/58/15 17/59/17 19/60/19 21/61/21 23/62/23 25/63/25 27/64/27
f 29/65/29 42/66/42 41/67/41
f 30/68/30 42/66/42 44/69/44
f 29/65/29 41/67/41 46/70/46
f 29/65/29 46/70/46 48/71/48
f 29/65/29 48/71/48 45/72/45
f 30/73/30 44/74/44 51/75/51
f 31/76/31 43/77/43 53/78/53
f 32/79/32 47/80/47 55/81/55
f 33/82/33 49/83/49 57/84/57
f 34/85/34 50/86/50 59/87/59
f 30/88/30 51/89/51 54/90/54
f 31/91/31 53/92/53 56/93/56
f 32/79/32 55/81/55 58/94/58
f 33/82/33 57/84/57 60/95/60
f 34/85/34 59/87/59 52/96/52
f 35/97/35 61/98/61 66/99/66
f 36/100/36 62/101/62 68/102/68
f 37/103/37 63/104/63 69/105/69
f 38/106/38 64/107/64 70/108/70
f 39/109/39 65/110/65 67/111/67
f 67/111/67 70/108/70 40/112/40
f 67/111/67 65/110/65 70/108/70
f 65/110/65 38/106/38 70/108/70
f 70/108/70 69/105/69 40/112/40
f 70/108/70 64/107/64 69/105/69
f 64/107/64 37/103/37 69/105/69
f 69/105/69 68/102/68 40/112/40
f 69/105/69 63/104/63 68/102/68
f 63/104/63 36/100/36 68/102/68
f 68/102/68 66/99/66 40/112/40
f 68/102/68 62/101/62 66/99/66
f 62/101/62 35/97/35 66/99/66
f 66/99/66 67/111/67 40/112/40
f 66/99/66 61/98/61 67/111/67
f 61/98/61 39/109/39 67/111/67
f 52/96/52 65/113/65 39/114/39
f 52/96/52 59/87/59 65/113/65
f 59/87/59 38/115/38 65/113/65
f 60/95/60 64/116/64 38/117/38
f 60/95/60 57/84/57 64/116/64
f 57/84/57 37/118/37 64/116/64
f 58/94/58 63/119/63 37/120/37
f 58/94/58 55/81/55 63/119/63
f 55/81/55 36/121/36 63/119/63
f 56/93/56 62/122/62 36/121/36
f 56/93/56 53/92/53 62/122/62
f 53/123/53 35/97/35 62/101/62
f 54/90/54 61/124/61 35/125/35
f 54/90/54 51/89/51 61/124/61
f 51/75/51 39/114/39 61/126/61
f 59/87/59 60/127/60 38/115/38
f 59/87/59 50/86/50 60/127/60
f 50/128/50 33/129/33 60/130/60
f 57/84/57 58/131/58 37/118/37
f 57/84/57 49/83/49 58/131/58
f 49/132/49 32/79/32 58/94/58
f 55/81/55 56/93/56 36/121/36
f 55/81/55 47/80/47 56/93/56
f 47/80/47 31/91/31 56/93/56
f 53/78/53 54/90/54 35/125/35
f 53/78/53 43/77/43 54/90/54
f 43/77/43 30/88/30 54/90/54
f 51/75/51 52/96/52 39/114/39
f 51/75/51 44/74/44 52/96/52
f 44/74/44 34/85/34 52/96/52
f 45/72/45 50/128/50 34/133/34
f 45/72/45 48/71/48 50/128/50
f 48/71/48 33/129/33 50/128/50
f 48/71/48 49/134/49 33/129/33
f 48/71/48 46/70/46 49/134/49
f 46/70/46 32/135/32 49/134/49
f 46/70/46 47/136/47 32/135/32
f 46/70/46 41/67/41 47/136/47
f 41/67/41 31/137/31 47/136/47
f 44/69/44 45/72/45 34/133/34
f 44/69/44 42/66/42 45/72/45
f 42/66/42 29/65/29 45/72/45
f 41/67/41 43/138/43 31/137/31
f 41/67/41 42/66/42 43/138/43
f 42/66/42 30/68/30 43/138/43
f 71/139/29 84/140/42 83/141/41
f 72/142/30 84/140/42 86/143/44
f 71/139/29 83/141/41 88/144/46
f 71/139/29 88/144/46 90/145/48
f 71/139/29 90/145/48 87/146/45
f 72/147/30 86/148/44 93/149/51
f 73/150/31 85/151/43 95/152/53
f 74/153/32 89/154/47 97/155/55
f 75/156/33 91/157/49 99/158/57
f 76/159/34 92/160/50 101/161/59
f 72/162/30 93/163/51 96/164/54
f 73/165/31 95/166/53 98/167/56
f 74/153/32 97/155/55 100/168/58
f 75/156/33 99/158/57 102/169/60
f 76/159/34 101/161/59 94/170/52
f 77/171/35 103/172/61 108/173/66
f 78/174/36 104/175/62 110/176/68
f 79/177/37 105/178/63 111/179/69
f 80/180/38 106/181/64 112/182/70
f 81/183/39 107/184/65 109/185/67
f 109/185/67 112/182/70 82/186/40
f 109/185/67 107/184/65 112/182/70
f 107/184/65 80/180/38 112/182/70
f 112/182/70 111/179/69 82/186/40
f 112/182/70 106/181/64 111/179/69
f 106/181/64 79/177/37 111/179/69
f 111/179/69 110/176/68 82/186/40
f 111/179/69 105/178/63 110/176/68
f 105/178/63 78/174/36 110/176/68
f 110/176/68 108/173/66 82/186/40
f 110/176/68 104/175/62 108/173/66
f 104/175/62 77/171/35 108/173/66
f 108/173/66 109/185/67 82/186/40
f 108/173/66 103/172/61 109/185/67
f 103/172/61 81/183/39 109/185/67
f 94/170/52 107/187/65 81/188/39
f 94/170/52 101/161/59 107/187/65
f 101/161/59 80/189/38 107/187/65
f 102/169/60 106/190/64 80/191/38
f 102/169/60 99/158/57 106/190/64
f 99/158/57 79/192/37 106/190/64
f 100/168/58 105/193/63 79/194/37
f 100/168/58 97/155/55 105/193/63
f 97/155/55 78/195/36 105/193/63
f 98/167/56 104/196/62 78/195/36
f 98/167/56 95/166/53 104/196/62
f 95/197/53 77/171/35 104/175/62
f 96/164/54 103/198/61 77/199/35
f 96/164/54 93/163/51 103/198/61
f 93/149/51 81/188/39 103/200/61
f 101/161/59 102/201/60 80/189/38
f 101/161/59 92/160/50 102/201/60
f 92/202/50 75/203/33 102/204/60
f 99/158/57 100/205/58 79/192/37
f 99/158/57 91/157/49 100/205/58
f 91/206/49 74/153/32 100/168/58
f 97/155/55 98/167/56 78/195/36
f 97/155/55 89/154/47 98/167/56
f 89/154/47 73/165/31 98/167/56
f 95/152/53 96/164/54 77/199/35
f 95/152/53 85/151/43 96/164/54
f 85/151/43 72/162/30 96/164/54
f 93/149/51 94/170/52 81/188/39
f 93/149/51 86/148/44 94/170/52
f 86/148/44 76/159/34 94/170/52
f 87/146/45 92/202/50 76/207/34
f 87/146/45 90/145/48 92/202/50
f 90/145/48 75/203/33 92/202/50
f 90/145/48 91/208/49 75/203/33
f 90/145/48 88/144/46 91/208/49
f 88/144/46 74/209/32 91/208/49
f 88/144/46 89/210/47 74/209/32
f 88/144/46 83/141/41 89/210/47
f 83/141/41 73/211/31 89/210/47
f 86/143/44 87/146/45 76/207/34
f 86/143/44 84/140/42 87/146/45
f 84/140/42 71/139/29 87/146/45
f 83/141/41 85/212/43 73/211/31
f 83/141/41 84/140/42 85/212/43
f 84/140/42 72/142/30 85/212/43
f 113/213/71 128/214/86 127/215/85
f 114/216/72 130/217/88 136/218/94
f 113/213/71 127/215/85 142/219/100
f 113/213/71 142/219/100 148/220/106
f 113/213/71 148/220/106 137/221/95
f 114/216/72 136/218/94 157/222/115
f 115/223/73 133/224/91 163/225/120
f 116/226/74 145/227/103 169/228/126
f 117/229/75 151/230/109 175/231/132
f 118/232/76 154/233/112 181/234/138
f 114/216/72 157/222/115 164/235/121
f 115/223/73 163/225/120 170/236/127
f 116/226/74 169/228/126 176/237/133
f 117/229/75 175/231/132 182/238/139
f 118/232/76 181/234/138 158/239/116
f 119/240/77 187/241/143 202/242/158
f 120/243/78 190/244/146 208/245/164
f 121/246/79 193/247/149 211/248/167
f 122/249/80 196/250/152 214/251/170
f 123/252/81 199/253/155 203/254/159
f 205/255/161 212/256/168 124/257/82
f 204/258/160 215/259/171 205/255/161
f 203/254/159 216/260/172 204/258/160
f 205/255/161 215/259/171 212/256/168
f 215/259/171 213/261/169 212/256/168
f 204/258/160 216/260/172 215/259/171
f 216/260/172 217/262/173 215/259/171
f 215/259/171 217/262/173 213/261/169
f 217/262/173 214/263/170 213/261/169
f 203/254/159 199/253/155 216/260/172
f 199/264/155 198/265/154 216/266/172
f 216/260/172 198/267/154 217/262/173
f 198/265/154 197/268/153 217/269/173
f 217/262/173 197/270/153 214/263/170
f 197/271/153 122/249/80 214/251/170
f 212/256/168 209/272/165 124/257/82
f 213/261/169 218/273/174 212/256/168
f 214/263/170 219/274/175 213/261/169
f 212/256/168 218/273/174 209/272/165
f 218/273/174 210/275/166 209/272/165
f 213/261/169 219/274/175 218/273/174
f 219/274/175 220/276/176 218/273/174
f 218/273/174 220/276/176 210/275/166
f 220/276/176 211/277/167 210/275/166
f 214/251/170 196/250/152 219/278/175
f 196/250/152 195/279/151 219/278/175
f 219/278/175 195/279/151 220/280/176
f 195/279/151 194/281/150 220/280/176
f 220/280/176 194/281/150 211/248/167
f 194/281/150 121/246/79 211/248/167
f 209/272/165 206/282/162 124/257/82
f 210/275/166 221/283/177 209/272/165
f 211/277/167 222/284/178 210/275/166
f 209/272/165 221/283/177 206/282/162
f 221/283/177 207/285/163 206/282/162
f 210/275/166 222/284/178 221/283/177
f 222/284/178 223/286/179 221/283/177
f 221/283/177 223/286/179 207/285/163
f 223/286/179 208/287/164 207/285/163
f 211/277/167 193/288/149 222/284/178
f 193/288/149 192/289/148 222/284/178
f 222/284/178 192/289/148 223/286/179
f 192/289/148 191/290/147 223/286/179
f 223/286/179 191/290/147 208/287/164
f 191/291/147 120/243/78 208/245/164
f 206/282/162 200/292/156 124/257/82
f 207/285/163 224/293/180 206/282/162
f 208/287/164 225/294/181 207/285/163
f 206/282/162 224/293/180 200/292/156
f 224/293/180 201/295/157 200/292/156
f 207/285/163 225/294/181 224/293/180
f 225/294/181 226/296/182 224/293/180
f 224/293/180 226/296/182 201/295/157
f 226/296/182 202/297/158 201/295/157
f 208/287/164 190/298/146 225/294/181
f 190/298/146 189/299/145 225/294/181
f 225/294/181 189/299/145 226/296/182
f 189/300/145 188/301/144 226/302/182
f 226/302/182 188/301/144 202/242/158
f 188/301/144 119/240/77 202/242/158
f 200/292/156 205/255/161 124/257/82
f 201/295/157 227/303/183 200/292/156
f 202/297/158 228/304/184 201/295/157
f 200/292/156 227/303/183 205/255/161
f 227/303/183 204/258/160 205/255/161
f 201/295/157 228/304/184 227/303/183
f 228/304/184 229/305/185 227/303/183
f 227/303/183 229/305/185 204/258/160
f 229/305/185 203/254/159 204/258/160
f 202/242/158 187/241/143 228/306/184
f 187/241/143 186/307/142 228/306/184
f 228/304/184 186/308/142 229/305/185
f 186/308/142 185/309/141 229/305/185
f 229/305/185 185/309/141 203/254/159
f 185/309/141 123/252/81 203/254/159
f 160/310/118 199/264/155 123/311/81
f 159/312/117 230/313/186 160/310/118
f 158/239/116 231/314/187 159/312/117
f 160/310/118 230/313/186 199/264/155
f 230/313/186 198/265/154 199/264/155
f 159/312/117 231/314/187 230/313/186
f 231/314/187 232/315/188 230/313/186
f 230/313/186 232/315/188 198/265/154
f 232/315/188 197/268/153 198/265/154
f 158/239/116 181/234/138 231/314/187
f 181/234/138 180/316/137 231/314/187
f 231/314/187 180/316/137 232/315/188
f 180/316/137 179/317/136 232/315/188
f 232/315/188 179/317/136 197/268/153
f 179/317/136 122/318/80 197/268/153
f 184/319/140 196/250/152 122/249/80
f 183/320/60 233/321/189 184/319/140
f 182/238/139 234/322/190 183/320/60
f 184/319/140 233/321/189 196/250/152
f 233/321/189 195/279/151 196/250/152
f 183/320/60 234/322/190 233/321/189
f 234/322/190 235/323/191 233/321/189
f 233/321/189 235/323/191 195/279/151
f 235/323/191 194/281/150 195/279/151
f 182/238/139 175/231/132 234/322/190
f 175/231/132 174/324/131 234/322/190
f 234/322/190 174/324/131 235/323/191
f 174/324/131 173/325/130 235/323/191
f 235/323/191 173/325/130 194/281/150
f 173/325/130 121/246/79 194/281/150
f 178/326/135 193/247/149 121/246/79
f 177/327/134 236/328/192 178/326/135
f 176/237/133 237/329/193 177/330/134
f 178/326/135 236/328/192 193/247/149
f 236/331/192 192/332/148 193/333/149
f 177/330/134 237/329/193 236/331/192
f 237/329/193 238/334/194 236/331/192
f 236/331/192 238/334/194 192/332/148
f 238/334/194 191/291/147 192/332/148
f 176/237/133 169/228/126 237/329/193
f 169/228/126 168/335/125 237/329/193
f 237/329/193 168/335/125 238/334/194
f 168/335/125 167/336/124 238/334/194
f 238/334/194 167/336/124 191/291/147
f 167/336/124 120/243/78 191/291/147
f 172/337/129 190/244/146 120/243/78
f 171/338/128 239/339/195 172/337/129
f 170/340/127 240/341/196 171/338/128
f 172/337/129 239/339/195 190/244/146
f 239/339/195 189/342/145 190/244/146
f 171/338/128 240/341/196 239/339/195
f 240/343/196 241/344/197 239/345/195
f 239/345/195 241/344/197 189/300/145
f 241/344/197 188/301/144 189/300/145
f 170/236/127 163/225/120 240/343/196
f 163/225/120 162/346/53 240/343/196
f 240/343/196 162/346/53 241/344/197
f 162/346/53 161/347/119 241/344/197
f 241/344/197 161/347/119 188/301/144
f 161/347/119 119/240/77 188/301/144
f 166/348/123 187/241/143 119/240/77
f 165/349/122 242/350/198 166/348/123
f 164/235/121 243/351/199 165/349/122
f 166/348/123 242/350/198 187/241/143
f 242/350/198 186/307/142 187/241/143
f 165/349/122 243/351/199 242/350/198
f 243/351/199 244/352/200 242/350/198
f 242/350/198 244/352/200 186/307/142
f 244/352/200 185/353/141 186/307/142
f 164/235/121 157/222/115 243/351/199
f 157/222/115 156/354/114 243/351/199
f 243/351/199 156/354/114 244/352/200
f 156/354/114 155/355/113 244/352/200
f 244/352/200 155/355/113 185/353/141
f 155/356/113 123/311/81 185/357/141
f 179/358/136 184/319/140 122/249/80
f 180/316/137 245/359/201 179/317/136
f 181/234/138 246/360/202 180/316/137
f 179/358/136 245/361/201 184/319/140
f 245/361/201 183/320/60 184/319/140
f 180/316/137 246/360/202 245/359/201
f 246/362/202 247/363/203 245/361/201
f 245/361/201 247/363/203 183/320/60
f 247/363/203 182/238/139 183/320/60
f 181/234/138 154/233/112 246/360/202
f 154/233/112 153/364/111 246/360/202
f 246/362/202 153/365/111 247/363/203
f 153/365/111 152/366/110 247/363/203
f 247/363/203 152/366/110 182/238/139
f 152/366/110 117/229/75 182/238/139
f 173/325/130 178/326/135 121/246/79
f 174/324/131 248/367/204 173/325/130
f 175/231/132 249/368/205 174/324/131
f 173/325/130 248/367/204 178/326/135
f 248/367/204 177/327/134 178/326/135
f 174/324/131 249/368/205 248/367/204
f 249/368/205 250/369/206 248/367/204
f 248/367/204 250/369/206 177/327/134
f 250/369/206 176/370/133 177/327/134
f 175/231/132 151/230/109 249/368/205
f 151/230/109 150/371/108 249/368/205
f 249/368/205 150/371/108 250/369/206
f 150/371/108 149/372/107 250/369/206
f 250/369/206 149/372/107 176/370/133
f 149/373/107 116/226/74 176/237/133
f 167/336/124 172/337/129 120/243/78
f 168/335/125 251/374/207 167/336/124
f 169/228/126 252/375/208 168/335/125
f 167/336/124 251/374/207 172/337/129
f 251/374/207 171/338/128 172/337/129
f 168/335/125 252/375/208 251/374/207
f 252/375/208 253/376/209 251/374/207
f 251/374/207 253/376/209 171/338/128
f 253/376/209 170/340/127 171/338/128
f 169/228/126 145/227/103 252/375/208
f 145/227/103 144/377/102 252/375/208
f 252/375/208 144/377/102 253/376/209
f 144/377/102 143/378/101 253/376/209
f 253/376/209 143/378/101 170/340/127
f 143/378/101 115/379/73 170/340/127
f 161/347/119 166/348/123 119/240/77
f 162/346/53 254/380/210 161/347/119
f 163/225/120 255/381/211 162/346/53
f 161/347/119 254/380/210 166/348/123
f 254/380/210 165/349/122 166/348/123
f 162/346/53 255/381/211 254/380/210
f 255/381/211 256/382/212 254/380/210
f 254/380/210 256/382/212 165/349/122
f 256/382/212 164/235/121 165/349/122
f 163/225/120 133/224/91 255/381/211
f 133/224/91 132/383/90 255/381/211
f 255/381/211 132/383/90 256/382/212
f 132/383/90 131/384/89 256/382/212
f 256/382/212 131/384/89 164/235/121
f 131/384/89 114/216/72 164/235/121
f 155/356/113 160/310/118 123/311/81
f 156/385/114 257/386/213 155/356/113
f 157/222/115 258/387/214 156/354/114
f 155/356/113 257/386/213 160/310/118
f 257/386/213 159/312/117 160/310/118
f 156/385/114 258/388/214 257/386/213
f 258/388/214 259/389/215 257/386/213
f 257/386/213 259/389/215 159/312/117
f 259/389/215 158/239/116 159/312/117
f 157/222/115 136/218/94 258/387/214
f 136/390/94 135/391/93 258/388/214
f 258/388/214 135/391/93 259/389/215
f 135/391/93 134/392/92 259/389/215
f 259/389/215 134/392/92 158/239/116
f 134/392/92 118/232/76 158/239/116
f 139/393/97 154/233/112 118/232/76
f 138/394/96 260/395/216 139/396/97
f 137/221/95 261/397/217 138/394/96
f 139/396/97 260/395/216 154/398/112
f 260/395/216 153/399/111 154/398/112
f 138/394/96 261/397/217 260/395/216
f 261/397/217 262/400/218 260/395/216
f 260/395/216 262/400/218 153/399/111
f 262/401/218 152/366/110 153/365/111
f 137/221/95 148/220/106 261/397/217
f 148/220/106 147/402/105 261/397/217
f 261/397/217 147/402/105 262/400/218
f 147/402/105 146/403/104 262/400/218
f 262/401/218 146/404/104 152/366/110
f 146/404/104 117/229/75 152/366/110
f 146/404/104 151/230/109 117/229/75
f 147/402/105 263/405/219 146/403/104
f 148/220/106 264/406/220 147/402/105
f 146/404/104 263/407/219 151/230/109
f 263/407/219 150/371/108 151/230/109
f 147/402/105 264/406/220 263/405/219
f 264/406/220 265/408/221 263/405/219
f 263/405/219 265/408/221 150/409/108
f 265/408/221 149/410/107 150/409/108
f 148/220/106 142/219/100 264/406/220
f 142/219/100 141/411/99 264/406/220
f 264/406/220 141/411/99 265/408/221
f 141/411/99 140/412/98 265/408/221
f 265/408/221 140/412/98 149/410/107
f 140/412/98 116/413/74 149/410/107
f 140/412/98 145/414/103 116/413/74
f 141/411/99 266/415/222 140/412/98
f 142/219/100 267/416/223 141/411/99
f 140/412/98 266/415/222 145/414/103
f 266/417/222 144/377/102 145/227/103
f 141/411/99 267/416/223 266/415/222
f 267/416/223 268/418/224 266/415/222
f 266/415/222 268/418/224 144/419/102
f 268/420/224 143/378/101 144/377/102
f 142/219/100 127/215/85 267/416/223
f 127/215/85 126/421/84 267/416/223
f 267/416/223 126/421/84 268/418/224
f 126/421/84 125/422/83 268/418/224
f 268/418/224 125/422/83 143/423/101
f 125/424/83 115/223/73 143/425/101
f 134/392/92 139/393/97 118/232/76
f 135/426/93 269/427/225 134/428/92
f 136/429/94 270/430/226 135/426/93
f 134/428/92 269/427/225 139/396/97
f 269/427/225 138/394/96 139/396/97
f 135/426/93 270/430/226 269/427/225
f 270/430/226 271/431/227 269/427/225
f 269/427/225 271/431/227 138/394/96
f 271/431/227 137/221/95 138/394/96
f 136/429/94 130/432/88 270/430/226
f 130/432/88 129/433/87 270/430/226
f 270/430/226 129/433/87 271/431/227
f 129/433/87 128/214/86 271/431/227
f 271/431/227 128/214/86 137/221/95
f 128/214/86 113/213/71 137/221/95
f 125/424/83 133/224/91 115/223/73
f 126/421/84 272/434/228 125/422/83
f 127/215/85 273/435/229 126/421/84
f 125/424/83 272/436/228 133/224/91
f 272/436/228 132/383/90 133/224/91
f 126/421/84 273/435/229 272/434/228
f 273/435/229 274/437/230 272/434/228
f 272/436/228 274/438/230 132/383/90
f 274/438/230 131/384/89 132/383/90
f 127/215/85 128/214/86 273/435/229
f 128/214/86 129/433/87 273/435/229
f 273/435/229 129/433/87 274/437/230
f 129/433/87 130/432/88 274/437/230
f 274/438/230 130/217/88 131/384/89
f 130/217/88 114/216/72 131/384/89
f 275/439/231 290/440/246 289/441/245
f 276/442/232 292/443/248 298/444/254
f 275/439/231 289/441/245 304/445/260
f 275/439/231 304/445/260 310/446/266
f 275/439/231 310/446/266 299/447/255
f 276/442/232 298/444/254 319/448/275
f 277/449/233 295/450/251 325/451/280
f 278/452/234 307/453/263 331/454/286
f 279/455/235 313/456/269 337/457/292
f 280/458/236 316/459/272 343/460/298
f 276/442/232 319/448/275 326/461/281
f 277/449/233 325/451/280 332/462/287
f 278/452/234 331/454/286 338/463/293
f 279/455/235 337/457/292 344/464/299
f 280/458/236 343/460/298 320/465/276
f 281/466/237 349/467/303 364/468/318
f 282/469/238 352/470/306 370/471/324
f 283/472/239 355/473/309 373/474/327
f 284/475/240 358/476/312 376/477/330
f 285/478/241 361/479/315 365/480/319
f 367/481/321 374/482/328 286/483/242
f 366/484/320 377/485/331 367/481/321
f 365/486/319 378/487/332 366/484/320
f 367/481/321 377/485/331 374/482/328
f 377/485/331 375/488/329 374/482/328
f 366/484/320 378/487/332 377/485/331
f 378/487/332 379/489/333 377/485/331
f 377/485/331 379/489/333 375/488/329
f 379/489/333 376/490/330 375/488/329
f 365/486/319 361/491/315 378/487/332
f 361/479/315 360/492/314 378/493/332
f 378/487/332 360/494/314 379/489/333
f 360/492/314 359/495/313 379/496/333
f 379/496/333 359/495/313 376/497/330
f 359/498/313 284/475/240 376/477/330
f 374/482/328 371/499/325 286/483/242
f 375/488/329 380/500/334 374/482/328
f 376/490/330 381/501/335 375/488/329
f 374/482/328 380/500/334 371/499/325
f 380/500/334 372/502/326 371/499/325
f 375/488/329 381/501/335 380/500/334
f 381/501/335 382/503/336 380/500/334
f 380/500/334 382/503/336 372/502/326
f 382/503/336 373/504/327 372/502/326
f 376/477/330 358/476/312 381/505/335
f 358/476/312 357/506/311 381/505/335
f 381/505/335 357/506/311 382/507/336
f 357/506/311 356/508/310 382/507/336
f 382/507/336 356/508/310 373/474/327
f 356/508/310 283/472/239 373/474/327
f 371/499/325 368/509/322 286/483/242
f 372/502/326 383/510/337 371/499/325
f 373/504/327 384/511/338 372/502/326
f 371/499/325 383/510/337 368/509/322
f 383/510/337 369/512/323 368/509/322
f 372/502/326 384/511/338 383/510/337
f 384/511/338 385/513/339 383/510/337
f 383/510/337 385/513/339 369/512/323
f 385/513/339 370/514/324 369/512/323
f 373/504/327 355/515/309 384/511/338
f 355/515/309 354/516/308 384/511/338
f 384/511/338 354/516/308 385/513/339
f 354/517/308 353/518/307 385/519/339
f 385/519/339 353/518/307 370/471/324
f 353/518/307 282/469/238 370/471/324
f 368/509/322 362/520/316 286/483/242
f 369/512/323 386/521/340 368/509/322
f 370/514/324 387/522/341 369/512/323
f 368/509/322 386/521/340 362/520/316
f 386/521/340 363/523/317 362/520/316
f 369/512/323 387/522/341 386/521/340
f 387/522/341 388/524/342 386/521/340
f 386/521/340 388/524/342 363/523/317
f 388/524/342 364/525/318 363/523/317
f 370/471/324 352/470/306 387/526/341
f 352/470/306 351/527/305 387/526/341
f 387/522/341 351/528/305 388/524/342
f 351/529/305 350/530/304 388/531/342
f 388/531/342 350/530/304 364/468/318
f 350/530/304 281/466/237 364/468/318
f 362/520/316 367/481/321 286/483/242
f 363/523/317 389/532/343 362/520/316
f 364/525/318 390/533/344 363/523/317
f 362/520/316 389/532/343 367/481/321
f 389/532/343 366/484/320 367/481/321
f 363/523/317 390/533/344 389/532/343
f 390/533/344 391/534/345 389/532/343
f 389/532/343 391/534/345 366/484/320
f 391/534/345 365/486/319 366/484/320
f 364/468/318 349/467/303 390/535/344
f 349/467/303 348/536/302 390/535/344
f 390/533/344 348/537/302 391/534/345
f 348/537/302 347/538/301 391/534/345
f 391/534/345 347/538/301 365/486/319
f 347/538/301 285/539/241 365/486/319
f 322/540/278 361/479/315 285/478/241
f 321/541/277 392/542/346 322/540/278
f 320/465/276 393/543/347 321/541/277
f 322/540/278 392/542/346 361/479/315
f 392/542/346 360/492/314 361/479/315
f 321/541/277 393/543/347 392/542/346
f 393/543/347 394/544/348 392/542/346
f 392/542/346 394/544/348 360/492/314
f 394/544/348 359/495/313 360/492/314
f 320/465/276 343/460/298 393/543/347
f 343/460/298 342/545/297 393/543/347
f 393/543/347 342/545/297 394/544/348
f 342/545/297 341/546/296 394/544/348
f 394/544/348 341/546/296 359/495/313
f 341/546/296 284/547/240 359/495/313
f 346/548/300 358/476/312 284/475/240
f 345/549/60 395/550/349 346/548/300
f 344/464/299 396/551/350 345/549/60
f 346/548/300 395/550/349 358/476/312
f 395/550/349 357/506/311 358/476/312
f 345/549/60 396/551/350 395/550/349
f 396/551/350 397/552/351 395/550/349
f 395/550/349 397/552/351 357/506/311
f 397/552/351 356/508/310 357/506/311
f 344/464/299 337/457/292 396/551/350
f 337/457/292 336/553/291 396/551/350
f 396/551/350 336/553/291 397/552/351
f 336/553/291 335/554/290 397/552/351
f 397/552/351 335/554/290 356/508/310
f 335/554/290 283/472/239 356/508/310
f 340/555/295 355/473/309 283/472/239
f 339/556/294 398/557/352 340/555/295
f 338/463/293 399/558/353 339/559/294
f 340/555/295 398/557/352 355/473/309
f 398/560/352 354/517/308 355/561/309
f 339/559/294 399/558/353 398/560/352
f 399/558/353 400/562/354 398/560/352
f 398/560/352 400/562/354 354/517/308
f 400/562/354 353/518/307 354/517/308
f 338/463/293 331/454/286 399/558/353
f 331/454/286 330/563/285 399/558/353
f 399/558/353 330/563/285 400/562/354
f 330/563/285 329/564/284 400/562/354
f 400/562/354 329/564/284 353/518/307
f 329/564/284 282/469/238 353/518/307
f 334/565/289 352/470/306 282/469/238
f 333/566/288 401/567/355 334/565/289
f 332/462/287 402/568/356 333/569/288
f 334/565/289 401/567/355 352/470/306
f 401/567/355 351/527/305 352/470/306
f 333/566/288 402/570/356 401/567/355
f 402/568/356 403/571/357 401/572/355
f 401/572/355 403/571/357 351/529/305
f 403/571/357 350/530/304 351/529/305
f 332/462/287 325/451/280 402/568/356
f 325/451/280 324/573/53 402/568/356
f 402/568/356 324/573/53 403/571/357
f 324/573/53 323/574/279 403/571/357
f 403/571/357 323/574/279 350/530/304
f 323/574/279 281/466/237 350/530/304
f 328/575/283 349/467/303 281/466/237
f 327/576/282 404/577/358 328/575/283
f 326/461/281 405/578/359 327/576/282
f 328/575/283 404/577/358 349/467/303
f 404/577/358 348/536/302 349/467/303
f 327/576/282 405/578/359 404/577/358
f 405/578/359 406/579/360 404/577/358
f 404/577/358 406/579/360 348/536/302
f 406/579/360 347/580/301 348/536/302
f 326/461/281 319/448/275 405/578/359
f 319/448/275 318/581/274 405/578/359
f 405/578/359 318/581/274 406/579/360
f 318/581/274 317/582/273 406/579/360
f 406/579/360 317/582/273 347/580/301
f 317/583/273 285/478/241 347/584/301
f 341/585/296 346/548/300 284/475/240
f 342/545/297 407/586/361 341/546/296
f 343/460/298 408/587/362 342/545/297
f 341/585/296 407/588/361 346/548/300
f 407/588/361 345/549/60 346/548/300
f 342/545/297 408/587/362 407/586/361
f 408/589/362 409/590/363 407/588/361
f 407/588/361 409/590/363 345/549/60
f 409/590/363 344/464/299 345/549/60
f 343/460/298 316/459/272 408/587/362
f 316/459/272 315/591/271 408/587/362
f 408/589/362 315/592/271 409/590/363
f 315/592/271 314/593/270 409/590/363
f 409/590/363 314/593/270 344/464/299
f 314/593/270 279/455/235 344/464/299
f 335/554/290 340/555/295 283/472/239
f 336/553/291 410/594/364 335/554/290
f 337/457/292 411/595/365 336/553/291
f 335/554/290 410/594/364 340/555/295
f 410/594/364 339/556/294 340/555/295
f 336/553/291 411/595/365 410/594/364
f 411/595/365 412/596/366 410/594/364
f 410/594/364 412/596/366 339/556/294
f 412/596/366 338/597/293 339/556/294
f 337/457/292 313/456/269 411/595/365
f 313/456/269 312/598/268 411/595/365
f 411/595/365 312/598/268 412/596/366
f 312/598/268 311/599/267 412/596/366
f 412/596/366 311/599/267 338/597/293
f 311/600/267 278/452/234 338/463/293
f 329/564/284 334/565/289 282/469/238
f 330/563/285 413/601/367 329/564/284
f 331/454/286 414/602/368 330/563/285
f 329/564/284 413/601/367 334/565/289
f 413/601/367 333/566/288 334/565/289
f 330/563/285 414/602/368 413/601/367
f 414/602/368 415/603/369 413/601/367
f 413/601/367 415/603/369 333/566/288
f 415/603/369 332/604/287 333/566/288
f 331/454/286 307/453/263 414/602/368
f 307/453/263 306/605/262 414/602/368
f 414/602/368 306/605/262 415/603/369
f 306/605/262 305/606/261 415/603/369
f 415/603/369 305/606/261 332/604/287
f 305/607/261 277/449/233 332/462/287
f 323/574/279 328/575/283 281/466/237
f 324/573/53 416/608/370 323/574/279
f 325/451/280 417/609/371 324/573/53
f 323/574/279 416/608/370 328/575/283
f 416/608/370 327/576/282 328/575/283
f 324/573/53 417/609/371 416/608/370
f 417/609/371 418/610/372 416/608/370
f 416/608/370 418/610/372 327/576/282
f 418/610/372 326/461/281 327/576/282
f 325/451/280 295/450/251 417/609/371
f 295/450/251 294/611/250 417/609/371
f 417/609/371 294/611/250 418/610/372
f 294/611/250 293/612/249 418/610/372
f 418/610/372 293/612/249 326/461/281
f 293/612/249 276/442/232 326/461/281
f 317/583/273 322/540/278 285/478/241
f 318/613/274 419/614/373 317/583/273
f 319/448/275 420/615/374 318/581/274
f 317/583/273 419/614/373 322/540/278
f 419/614/373 321/541/277 322/540/278
f 318/613/274 420/616/374 419/614/373
f 420/616/374 421/617/375 419/614/373
f 419/614/373 421/617/375 321/541/277
f 421/617/375 320/465/276 321/541/277
f 319/448/275 298/444/254 420/615/374
f 298/618/254 297/619/253 420/616/374
f 420/616/374 297/619/253 421/617/375
f 297/619/253 296/620/252 421/617/375
f 421/617/375 296/620/252 320/465/276
f 296/620/252 280/458/236 320/465/276
f 301/621/257 316/459/272 280/458/236
f 300/622/256 422/623/376 301/624/257
f 299/447/255 423/625/377 300/622/256
f 301/621/257 422/626/376 316/459/272
f 422/626/376 315/591/271 316/459/272
f 300/622/256 423/625/377 422/623/376
f 423/625/377 424/627/378 422/623/376
f 422/623/376 424/627/378 315/628/271
f 424/629/378 314/593/270 315/592/271
f 299/447/255 310/446/266 423/625/377
f 310/446/266 309/630/265 423/625/377
f 423/625/377 309/630/265 424/627/378
f 309/630/265 308/631/264 424/627/378
f 424/629/378 308/632/264 314/593/270
f 308/632/264 279/455/235 314/593/270
f 308/632/264 313/456/269 279/455/235
f 309/630/265 425/633/379 308/631/264
f 310/446/266 426/634/380 309/630/265
f 308/632/264 425/635/379 313/456/269
f 425/635/379 312/598/268 313/456/269
f 309/630/265 426/634/380 425/633/379
f 426/634/380 427/636/381 425/633/379
f 425/633/379 427/636/381 312/637/268
f 427/638/381 311/599/267 312/598/268
f 310/446/266 304/445/260 426/634/380
f 304/445/260 303/639/259 426/634/380
f 426/634/380 303/639/259 427/636/381
f 303/639/259 302/640/258 427/636/381
f 427/636/381 302/640/258 311/641/267
f 302/640/258 278/642/234 311/641/267
f 302/643/258 307/453/263 278/452/234
f 303/639/259 428/644/382 302/640/258
f 304/445/260 429/645/383 303/639/259
f 302/640/258 428/644/382 307/646/263
f 428/647/382 306/605/262 307/453/263
f 303/639/259 429/645/383 428/644/382
f 429/645/383 430/648/384 428/644/382
f 428/644/382 430/648/384 306/649/262
f 430/650/384 305/606/261 306/605/262
f 304/445/260 289/441/245 429/645/383
f 289/441/245 288/651/244 429/645/383
f 429/645/383 288/651/244 430/648/384
f 288/651/244 287/652/243 430/648/384
f 430/650/384 287/653/243 305/606/261
f 287/654/243 277/449/233 305/607/261
f 296/620/252 301/621/257 280/458/236
f 297/619/253 431/655/385 296/620/252
f 298/656/254 432/657/386 297/658/253
f 296/620/252 431/655/385 301/621/257
f 431/659/385 300/622/256 301/624/257
f 297/658/253 432/657/386 431/659/385
f 432/657/386 433/660/387 431/659/385
f 431/659/385 433/660/387 300/622/256
f 433/660/387 299/447/255 300/622/256
f 298/656/254 292/661/248 432/657/386
f 292/661/248 291/662/247 432/657/386
f 432/657/386 291/662/247 433/660/387
f 291/662/247 290/440/246 433/660/387
f 433/660/387 290/440/246 299/447/255
f 290/440/246 275/439/231 299/447/255
f 287/654/243 295/450/251 277/449/233
f 288/651/244 434/663/388 287/652/243
f 289/441/245 435/664/389 288/651/244
f 287/654/243 434/665/388 295/450/251
f 434/665/388 294/611/250 295/450/251
f 288/651/244 435/664/389 434/663/388
f 435/664/389 436/666/390 434/663/388
f 434/665/388 436/667/390 294/611/250
f 436/667/390 293/612/249 294/611/250
f 289/441/245 290/440/246 435/664/389
f 290/440/246 291/662/247 435/664/389
f 435/664/389 291/662/247 436/666/390
f 291/662/247 292/661/248 436/666/390
f 436/667/390 292/443/248 293/612/249
f 292/443/248 276/442/232 293/612/249
f 437/668/391 438/669/392 440/670/394 439/671/393
f 439/672/393 440/673/394 444/674/398 443/675/397
f 443/676/397 444/677/398 442/678/396 441/679/395
f 441/680/395 442/681/396 438/682/392 437/683/391
f 439/684/393 443/685/397 441/686/395 437/687/391
f 444/688/398 440/689/394 438/690/392 442/691/396
f 445/692/399 446/693/400 448/694/402 447/695/401
f 447/696/401 448/697/402 452/698/406 451/699/405
f 451/700/405 452/701/406 450/702/404 449/703/403
f 449/704/403 450/705/404 446/706/400 445/707/399
f 447/708/401 451/709/405 449/710/403 445/711/399
f 452/712/406 448/713/402 446/714/400 450/715/404
f 453/716/407 466/717/420 465/718/419
f 454/719/408 466/717/420 468/720/422
f 453/716/407 465/718/419 470/721/424
f 453/716/407 470/721/424 472/722/426
f 453/716/407 472/722/426 469/723/423
f 454/724/408 468/725/422 475/726/429
f 455/727/409 467/728/421 477/729/53
f 456/730/410 471/731/425 479/732/432
f 457/733/411 473/734/427 481/735/434
f 458/736/412 474/737/428 483/738/436
f 454/739/408 475/740/429 478/741/431
f 455/727/409 477/729/53 480/742/433
f 456/730/410 479/732/432 482/743/435
f 457/733/411 481/735/434 484/744/60
f 458/736/412 483/738/436 476/745/430
f 459/746/413 485/747/437 490/748/442
f 460/749/414 486/750/438 492/751/444
f 461/752/415 487/753/439 493/754/445
f 462/755/416 488/756/440 494/757/446
f 463/758/417 489/759/441 491/760/443
f 491/761/443 494/762/446 464/763/418
f 491/761/443 489/764/441 494/762/446
f 489/764/441 462/765/416 494/762/446
f 494/762/446 493/754/445 464/763/418
f 494/762/446 488/766/440 493/754/445
f 488/756/440 461/767/415 493/768/445
f 493/754/445 492/769/444 464/763/418
f 493/754/445 487/753/439 492/769/444
f 487/770/439 460/749/414 492/751/444
f 492/769/444 490/771/442 464/763/418
f 492/769/444 486/772/438 490/771/442
f 486/772/438 459/773/413 490/771/442
f 490/771/442 491/761/443 464/763/418
f 490/771/442 485/774/437 491/761/443
f 485/774/437 463/775/417 491/761/443
f 476/745/430 489/759/441 463/758/417
f 476/745/430 483/738/436 489/759/441
f 483/738/436 462/776/416 489/759/441
f 484/744/60 488/756/440 462/755/416
f 484/744/60 481/735/434 488/756/440
f 481/735/434 461/767/415 488/756/440
f 482/743/435 487/770/439 461/777/415
f 482/743/435 479/732/432 487/770/439
f 479/732/432 460/749/414 487/770/439
f 480/778/433 486/750/438 460/749/414
f 480/778/433 477/779/53 486/750/438
f 477/729/53 459/746/413 486/780/438
f 478/741/431 485/747/437 459/746/413
f 478/741/431 475/740/429 485/747/437
f 475/740/429 463/781/417 485/747/437
f 483/738/436 484/782/60 462/776/416
f 483/738/436 474/737/428 484/782/60
f 474/783/428 457/733/411 484/744/60
f 481/735/434 482/784/435 461/767/415
f 481/735/434 473/734/427 482/784/435
f 473/734/427 456/785/410 482/784/435
f 479/732/432 480/778/433 460/749/414
f 479/732/432 471/731/425 480/778/433
f 471/731/425 455/786/409 480/778/433
f 477/729/53 478/741/431 459/746/413
f 477/729/53 467/728/421 478/741/431
f 467/728/421 454/739/408 478/741/431
f 475/726/429 476/745/430 463/758/417
f 475/726/429 468/725/422 476/745/430
f 468/725/422 458/736/412 476/745/430
f 469/787/423 474/737/428 458/736/412
f 469/723/423 472/722/426 474/788/428
f 472/722/426 457/789/411 474/788/428
f 472/790/426 473/734/427 457/733/411
f 472/722/426 470/721/424 473/791/427
f 470/721/424 456/792/410 473/791/427
f 470/793/424 471/731/425 456/730/410
f 470/721/424 465/718/419 471/794/425
f 465/718/419 455/795/409 471/794/425
f 468/725/422 469/787/423 458/736/412
f 468/720/422 466/717/420 469/723/423
f 466/717/420 453/716/407 469/723/423
f 465/796/419 467/728/421 455/727/409
f 465/718/419 466/717/420 467/797/421
f 466/798/420 454/739/408 467/728/421
f 495/799/447 496/800/448 498/801/450 497/802/449
f 497/803/449 498/804/450 500/805/452 499/806/451
f 499/806/451 500/805/452 502/807/454 501/808/453
f 501/808/453 502/807/454 504/809/456 503/810/455
f 503/811/455 504/812/456 506/813/458 505/814/457
f 505/814/457 506/813/458 508/815/460 507/816/459
f 507/817/459 508/818/460 510/819/462 509/820/461
f 509/820/461 510/819/462 512/821/464 511/822/463
f 498/823/450 496/824/448 514/825/466 512/826/464 510/827/462 508/828/460 506/829/458 504/830/456 502/831/454 500/832/452
f 511/822/463 512/821/464 514/833/466 513/834/465
f 513/835/465 514/836/466 496/800/448 495/799/447
f 495/837/447 497/838/449 499/839/451 501/840/453 503/841/455 505/842/457 507/843/459 509/844/461 511/845/463 513/846/465
f 515/847/467 516/848/468 518/849/470 517/850/469
f 517/850/469 518/849/470 520/851/472 519/852/471
f 519/853/471 520/854/472 522/855/474 521/856/473
f 521/856/473 522/855/474 524/857/476 523/858/475
f 523/858/475 524/857/476 526/859/478 525/860/477
f 525/861/477 526/862/478 528/863/480 527/864/479
f 527/864/479 528/863/480 530/865/482 529/866/481
f 529/867/481 530/868/482 532/869/484 531/870/483
f 518/871/470 516/872/468 534/873/486 532/874/484 530/875/482 528/876/480 526/877/478 524/878/476 522/879/474 520/880/472
f 531/870/483 532/869/484 534/881/486 533/882/485
f 533/882/485 534/881/486 516/883/468 515/884/467
f 515/885/467 517/886/469 519/887/471 521/888/473 523/889/475 525/890/477 527/891/479 529/892/481 531/893/483 533/894/485
f 535/895/487 536/896/488 538/897/490 537/898/489
f 537/899/489 538/900/490 540/901/492 539/902/491
f 539/902/491 540/901/492 542/903/494 541/904/493
f 541/904/493 542/903/494 544/905/496 543/906/495
f 543/907/495 544/908/496 546/909/498 545/910/497
f 545/910/497 546/909/498 548/911/500 547/912/499
f 547/912/499 548/911/500 550/913/502 549/914/501
f 549/915/501 550/916/502 552/917/504 551/918/503
f 551/918/503 552/917/504 554/919/506 553/920/505
f 553/920/505 554/919/506 556/921/508 555/922/507
f 538/923/490 536/924/488 558/925/510 556/926/508 554/927/506 552/928/504 550/929/502 548/930/500 546/931/498 544/932/496 542/933/494 540/934/492
f 555/935/507 556/936/508 558/937/510 557/938/509
f 557/938/509 558/937/510 536/896/488 535/895/487
f 535/939/487 537/940/489 539/941/491 541/942/493 543/943/495 545/944/497 547/945/499 549/946/501 551/947/503 553/948/505 555/949/507 557/950/509
f 559/951/511 572/952/524 571/953/523
f 560/954/512 572/952/524 574/955/526
f 559/951/511 571/953/523 576/956/528
f 559/951/511 576/956/528 578/957/530
f 559/951/511 578/957/530 575/958/527
f 560/959/512 574/960/526 581/961/533
f 561/962/513 573/963/525 583/964/53
f 562/965/514 577/966/529 585/967/536
f 563/968/515 579/969/531 587/970/538
f 564/971/516 580/972/532 589/973/540
f 560/974/512 581/975/533 584/976/535
f 561/977/513 583/978/53 586/979/537
f 562/965/514 585/967/536 588/980/539
f 563/968/515 587/970/538 590/981/60
f 564/971/516 589/973/540 582/982/534
f 565/983/517 591/984/541 596/985/546
f 566/986/518 592/987/542 598/988/548
f 567/989/519 593/990/543 599/991/549
f 568/992/520 594/993/544 600/994/550
f 569/995/521 595/996/545 597/997/547
f 597/998/547 600/994/550 570/999/522
f 597/998/547 595/1000/545 600/994/550
f 595/1000/545 568/992/520 600/994/550
f 600/994/550 599/991/549 570/999/522
f 600/994/550 594/993/544 599/991/549
f 594/1001/544 567/1002/519 599/1003/549
f 599/991/549 598/1004/548 570/999/522
f 599/991/549 593/990/543 598/1004/548
f 593/1005/543 566/986/518 598/988/548
f 598/1004/548 596/985/546 570/999/522
f 598/1004/548 592/1006/542 596/985/546
f 592/1006/542 565/983/517 596/985/546
f 596/985/546 597/998/547 570/999/522
f 596/985/546 591/984/541 597/998/547
f 591/984/541 569/1007/521 597/998/547
f 582/982/534 595/996/545 569/995/521
f 582/982/534 589/973/540 595/996/545
f 589/973/540 568/1008/520 595/996/545
f 590/981/60 594/1001/544 568/1009/520
f 590/981/60 587/970/538 594/1001/544
f 587/970/538 567/1002/519 594/1001/544
f 588/980/539 593/1005/543 567/1010/519
f 588/980/539 585/967/536 593/1005/543
f 585/967/536 566/986/518 593/1005/543
f 586/979/537 592/987/542 566/986/518
f 586/979/537 583/978/53 592/987/542
f 583/964/53 565/1011/517 592/1012/542
f 584/976/535 591/1013/541 565/1011/517
f 584/976/535 581/975/533 591/1013/541
f 581/961/533 569/995/521 591/1014/541
f 589/973/540 590/1015/60 568/1008/520
f 589/973/540 580/972/532 590/1015/60
f 580/1016/532 563/968/515 590/981/60
f 587/970/538 588/1017/539 567/1002/519
f 587/970/538 579/969/531 588/1017/539
f 579/1018/531 562/965/514 588/980/539
f 585/967/536 586/979/537 566/986/518
f 585/967/536 577/966/529 586/979/537
f 577/966/529 561/977/513 586/979/537
f 583/964/53 584/976/535 565/1011/517
f 583/964/53 573/963/525 584/976/535
f 573/963/525 560/974/512 584/976/535
f 581/961/533 582/982/534 569/995/521
f 581/961/533 574/960/526 582/982/534
f 574/960/526 564/971/516 582/982/534
f 575/1019/527 580/972/532 564/971/516
f 575/958/527 578/957/530 580/1020/532
f 578/957/530 563/1021/515 580/1020/532
f 578/1022/530 579/969/531 563/968/515
f 578/957/530 576/956/528 579/1023/531
f 576/956/528 562/1024/514 579/1023/531
f 576/1025/528 577/966/529 562/965/514
f 576/956/528 571/953/523 577/1026/529
f 571/953/523 561/1027/513 577/1026/529
f 574/960/526 575/1019/527 564/971/516
f 574/955/526 572/952/524 575/958/527
f 572/952/524 559/951/511 575/958/527
f 571/953/523 573/1028/525 561/1027/513
f 571/953/523 572/952/524 573/1028/525
f 572/1029/524 560/974/512 573/963/525
f 601/1030/407 602/1031/408 603/1032/551
f 602/1031/408 601/1030/407 606/1033/412
f 601/1030/407 603/1032/551 604/1034/410
f 601/1030/407 604/1034/410 605/1035/552
f 601/1030/407 605/1035/552 606/1033/412
f 602/1036/408 606/1037/412 611/1038/417
f 603/1039/551 602/1040/408 607/1041/553
f 604/1042/410 603/1043/551 608/1044/414
f 605/1045/552 604/1046/410 609/1047/415
f 606/1037/412 605/1048/552 610/1049/554
f 602/1040/408 611/1050/417 607/1041/553
f 603/1043/551 607/1051/553 608/1044/414
f 604/1042/410 608/1044/414 609/1052/415
f 605/1045/552 609/1047/415 610/1053/554
f 606/1037/412 610/1049/554 611/1038/417
f 607/1054/553 611/1055/417 612/1056/418
f 608/1057/414 607/1054/553 612/1056/418
f 609/1058/415 608/1057/414 612/1056/418
f 610/1059/554 609/1058/415 612/1056/418
f 611/1055/417 610/1059/554 612/1056/418
f 613/1060/407 626/1061/420 625/1062/419
f 614/1063/408 626/1061/420 628/1064/422
f 613/1060/407 625/1062/419 630/1065/424
f 613/1060/407 630/1065/424 632/1066/426
f 613/1060/407 632/1066/426 629/1067/423
f 614/1068/408 628/1069/422 635/1070/429
f 615/1071/409 627/1072/421 637/1073/53
f 616/1074/410 631/1075/425 639/1076/432
f 617/1077/411 633/1078/427 641/1079/434
f 618/1080/412 634/1081/428 643/1082/436
f 614/1083/408 635/1084/429 638/1085/431
f 615/1071/409 637/1073/53 640/1086/433
f 616/1074/410 639/1076/432 642/1087/435
f 617/1077/411 641/1079/434 644/1088/60
f 618/1080/412 643/1082/436 636/1089/430
f 619/1090/413 645/1091/437 650/1092/442
f 620/1093/414 646/1094/438 652/1095/444
f 621/1096/415 647/1097/439 653/1098/445
f 622/1099/416 648/1100/440 654/1101/446
f 623/1102/417 649/1103/441 651/1104/443
f 651/1105/443 654/1106/446 624/1107/418
f 651/1105/443 649/1108/441 654/1106/446
f 649/1108/441 622/1109/416 654/1106/446
f 654/1106/446 653/1098/445 624/1107/418
f 654/1106/446 648/1110/440 653/1098/445
f 648/1100/440 621/1111/415 653/1112/445
f 653/1098/445 652/1113/444 624/1107/418
f 653/1098/445 647/1097/439 652/1113/444
f 647/1114/439 620/1093/414 652/1095/444
f 652/1113/444 650/1115/442 624/1107/418
f 652/1113/444 646/1116/438 650/1115/442
f 646/1116/438 619/1117/413 650/1115/442
f 650/1115/442 651/1105/443 624/1107/418
f 650/1115/442 645/1118/437 651/1105/443
f 645/1118/437 623/1119/417 651/1105/443
f 636/1089/430 649/1103/441 623/1102/417
f 636/1089/430 643/1082/436 649/1103/441
f 643/1082/436 622/1120/416 649/1103/441
f 644/1088/60 648/1100/440 622/1099/416
f 644/1088/60 641/1079/434 648/1100/440
f 641/1079/434 621/1111/415 648/1100/440
f 642/1087/435 647/1114/439 621/1121/415
f 642/1087/435 639/1076/432 647/1114/439
f 639/1076/432 620/1093/414 647/1114/439
f 640/1122/433 646/1094/438 620/1093/414
f 640/1122/433 637/1123/53 646/1094/438
f 637/1073/53 619/1090/413 646/1124/438
f 638/1085/431 645/1091/437 619/1090/413
f 638/1085/431 635/1084/429 645/1091/437
f 635/1084/429 623/1125/417 645/1091/437
f 643/1082/436 644/1126/60 622/1120/416
f 643/1082/436 634/1081/428 644/1126/60
f 634/1127/428 617/1077/411 644/1088/60
f 641/1079/434 642/1128/435 621/1111/415
f 641/1079/434 633/1078/427 642/1128/435
f 633/1078/427 616/1129/410 642/1128/435
f 639/1076/432 640/1122/433 620/1093/414
f 639/1076/432 631/1075/425 640/1122/433
f 631/1075/425 615/1130/409 640/1122/433
f 637/1073/53 638/1085/431 619/1090/413
f 637/1073/53 627/1072/421 638/1085/431
f 627/1072/421 614/1083/408 638/1085/431
f 635/1070/429 636/1089/430 623/1102/417
f 635/1070/429 628/1069/422 636/1089/430
f 628/1069/422 618/1080/412 636/1089/430
f 629/1131/423 634/1081/428 618/1080/412
f 629/1067/423 632/1066/426 634/1132/428
f 632/1066/426 617/1133/411 634/1132/428
f 632/1134/426 633/1078/427 617/1077/411
f 632/1066/426 630/1065/424 633/1135/427
f 630/1065/424 616/1136/410 633/1135/427
f 630/1137/424 631/1075/425 616/1074/410
f 630/1065/424 625/1062/419 631/1138/425
f 625/1062/419 615/1139/409 631/1138/425
f 628/1069/422 629/1131/423 618/1080/412
f 628/1064/422 626/1061/420 629/1067/423
f 626/1061/420 613/1060/407 629/1067/423
f 625/1140/419 627/1072/421 615/1071/409
f 625/1062/419 626/1061/420 627/1141/421
f 626/1142/420 614/1083/408 627/1072/421
f 655/1143/555 656/1144/556 658/1145/558 657/1146/557
f 657/1146/557 658/1145/558 660/1147/560 659/1148/559
f 659/1148/559 660/1147/560 662/1149/562 661/1150/561
f 661/1151/561 662/1152/562 664/1153/564 663/1154/563
f 663/1154/563 664/1153/564 666/1155/566 665/1156/565
f 665/1157/565 666/1158/566 668/1159/568 667/1160/567
f 667/1160/567 668/1159/568 670/1161/570 669/1162/569
f 669/1162/569 670/1161/570 672/1163/572 671/1164/571
f 658/1165/558 656/1166/556 674/1167/574 672/1168/572 670/1169/570 668/1170/568 666/1171/566 664/1172/564 662/1173/562 660/1174/560
f 671/1175/571 672/1176/572 674/1177/574 673/1178/573
f 673/1178/573 674/1177/574 656/1179/556 655/1180/555
f 655/1181/555 657/1182/557 659/1183/559 661/1184/561 663/1185/563 665/1186/565 667/1187/567 669/1188/569 671/1189/571 673/1190/573
f 675/1191/575 676/1192/576 678/1193/578 677/1194/577
f 677/1194/577 678/1193/578 680/1195/580 679/1196/579
f 679/1197/579 680/1198/580 682/1199/582 681/1200/581
f 681/1200/581 682/1199/582 684/1201/584 683/1202/583
f 683/1203/583 684/1204/584 686/1205/586 685/1206/585
f 685/1206/585 686/1205/586 688/1207/588 687/1208/587
f 687/1208/587 688/1207/588 690/1209/590 689/1210/589
f 689/1211/589 690/1212/590 692/1213/592 691/1214/591
f 678/1215/578 676/1216/576 694/1217/594 692/1218/592 690/1219/590 688/1220/588 686/1221/586 684/1222/584 682/1223/582 680/1224/580
f 691/1214/591 692/1213/592 694/1225/594 693/1226/593
f 693/1227/593 694/1228/594 676/1192/576 675/1191/575
f 675/1229/575 677/1230/577 679/1231/579 681/1232/581 683/1233/583 685/1234/585 687/1235/587 689/1236/589 691/1237/591 693/1238/593
f 695/1239/487 696/1240/488 698/1241/490 697/1242/489
f 697/1243/489 698/1244/490 700/1245/492 699/1246/491
f 699/1246/491 700/1245/492 702/1247/494 701/1248/493
f 701/1248/493 702/1247/494 704/1249/496 703/1250/495
f 703/1251/495 704/1252/496 706/1253/498 705/1254/497
f 705/1254/497 706/1253/498 708/1255/500 707/1256/499
f 707/1256/499 708/1255/500 710/1257/502 709/1258/501
f 709/1259/501 710/1260/502 712/1261/504 711/1262/503
f 711/1262/503 712/1261/504 714/1263/506 713/1264/505
f 713/1264/505 714/1263/506 716/1265/508 715/1266/507
f 698/1267/490 696/1268/488 718/1269/510 716/1270/508 714/1271/506 712/1272/504 710/1273/502 708/1274/500 706/1275/498 704/1276/496 702/1277/494 700/1278/492
f 715/1279/507 716/1280/508 718/1281/510 717/1282/509
f 717/1282/509 718/1281/510 696/1240/488 695/1239/487
f 695/1283/487 697/1284/489 699/1285/491 701/1286/493 703/1287/495 705/1288/497 707/1289/499 709/1290/501 711/1291/503 713/1292/505 715/1293/507 717/1294/509
f 719/1295/511 732/1296/524 731/1297/523
f 720/1298/512 732/1296/524 734/1299/526
f 719/1295/511 731/1297/523 736/1300/528
f 719/1295/511 736/1300/528 738/1301/530
f 719/1295/511 738/1301/530 735/1302/527
f 720/1303/512 734/1304/526 741/1305/533
f 721/1306/513 733/1307/525 743/1308/53
f 722/1309/514 737/1310/529 745/1311/536
f 723/1312/515 739/1313/531 747/1314/538
f 724/1315/516 740/1316/532 749/1317/540
f 720/1318/512 741/1319/533 744/1320/535
f 721/1321/513 743/1322/53 746/1323/537
f 722/1309/514 745/1311/536 748/1324/539
f 723/1312/515 747/1314/538 750/1325/60
f 724/1315/516 749/1317/540 742/1326/534
f 725/1327/517 751/1328/541 756/1329/546
f 726/1330/518 752/1331/542 758/1332/548
f 727/1333/519 753/1334/543 759/1335/549
f 728/1336/520 754/1337/544 760/1338/550
f 729/1339/521 755/1340/545 757/1341/547
f 757/1342/547 760/1338/550 730/1343/522
f 757/1342/547 755/1344/545 760/1338/550
f 755/1344/545 728/1336/520 760/1338/550
f 760/1338/550 759/1335/549 730/1343/522
f 760/1338/550 754/1337/544 759/1335/549
f 754/1345/544 727/1346/519 759/1347/549
f 759/1335/549 758/1348/548 730/1343/522
f 759/1335/549 753/1334/543 758/1348/548
f 753/1349/543 726/1330/518 758/1332/548
f 758/1348/548 756/1329/546 730/1343/522
f 758/1348/548 752/1350/542 756/1329/546
f 752/1350/542 725/1327/517 756/1329/546
f 756/1329/546 757/1342/547 730/1343/522
f 756/1329/546 751/1328/541 757/1342/547
f 751/1328/541 729/1351/521 757/1342/547
f 742/1326/534 755/1340/545 729/1339/521
f 742/1326/534 749/1317/540 755/1340/545
f 749/1317/540 728/1352/520 755/1340/545
f 750/1325/60 754/1345/544 728/1353/520
f 750/1325/60 747/1314/538 754/1345/544
f 747/1314/538 727/1346/519 754/1345/544
f 748/1324/539 753/1349/543 727/1354/519
f 748/1324/539 745/1311/536 753/1349/543
f 745/1311/536 726/1330/518 753/1349/543
f 746/1323/537 752/1331/542 726/1330/518
f 746/1323/537 743/1322/53 752/1331/542
f 743/1308/53 725/1355/517 752/1356/542
f 744/1320/535 751/1357/541 725/1355/517
f 744/1320/535 741/1319/533 751/1357/541
f 741/1305/533 729/1339/521 751/1358/541
f 749/1317/540 750/1359/60 728/1352/520
f 749/1317/540 740/1316/532 750/1359/60
f 740/1360/532 723/1312/515 750/1325/60
f 747/1314/538 748/1361/539 727/1346/519
f 747/1314/538 739/1313/531 748/1361/539
f 739/1362/531 722/1309/514 748/1324/539
f 745/1311/536 746/1323/537 726/1330/518
f 745/1311/536 737/1310/529 746/1323/537
f 737/1310/529 721/1321/513 746/1323/537
f 743/1308/53 744/1320/535 725/1355/517
f 743/1308/53 733/1307/525 744/1320/535
f 733/1307/525 720/1318/512 744/1320/535
f 741/1305/533 742/1326/534 729/1339/521
f 741/1305/533 734/1304/526 742/1326/534
f 734/1304/526 724/1315/516 742/1326/534
f 735/1363/527 740/1316/532 724/1315/516
f 735/1302/527 738/1301/530 740/1364/532
f 738/1301/530 723/1365/515 740/1364/532
f 738/1366/530 739/1313/531 723/1312/515
f 738/1301/530 736/1300/528 739/1367/531
f 736/1300/528 722/1368/514 739/1367/531
f 736/1369/528 737/1310/529 722/1309/514
f 736/1300/528 731/1297/523 737/1370/529
f 731/1297/523 721/1371/513 737/1370/529
f 734/1304/526 735/1363/527 724/1315/516
f 734/1299/526 732/1296/524 735/1302/527
f 732/1296/524 719/1295/511 735/1302/527
f 731/1297/523 733/1372/525 721/1371/513
f 731/1297/523 732/1296/524 733/1372/525
f 732/1373/524 720/1318/512 733/1307/525
f 761/1374/407 762/1375/408 763/1376/551
f 762/1375/408 761/1374/407 766/1377/412
f 761/1374/407 763/1376/551 764/1378/410
f 761/1374/407 764/1378/410 765/1379/552
f 761/1374/407 765/1379/552 766/1377/412
f 762/1380/408 766/1381/412 771/1382/417
f 763/1383/551 762/1384/408 767/1385/553
f 764/1386/410 763/1387/551 768/1388/414
f 765/1389/552 764/1390/410 769/1391/415
f 766/1381/412 765/1392/552 770/1393/554
f 762/1384/408 771/1394/417 767/1385/553
f 763/1387/551 767/1395/553 768/1388/414
f 764/1386/410 768/1388/414 769/1396/415
f 765/1389/552 769/1391/415 770/1397/554
f 766/1381/412 770/1393/554 771/1382/417
f 767/1398/553 771/1399/417 772/1400/418
f 768/1401/414 767/1398/553 772/1400/418
f 769/1402/415 768/1401/414 772/1400/418
f 770/1403/554 769/1402/415 772/1400/418
f 771/1399/417 770/1403/554 772/1400/418
f 773/1404/487 774/1405/488 776/1406/490 775/1407/489
f 775/1408/489 776/1409/490 778/1410/492 777/1411/491
f 777/1411/491 778/1410/492 780/1412/494 779/1413/493
f 779/1413/493 780/1412/494 782/1414/496 781/1415/495
f 781/1416/495 782/1417/496 784/1418/498 783/1419/497
f 783/1419/497 784/1418/498 786/1420/500 785/1421/499
f 785/1421/499 786/1420/500 788/1422/502 787/1423/501
f 787/1424/501 788/1425/502 790/1426/504 789/1427/503
f 789/1427/503 790/1426/504 792/1428/506 791/1429/505
f 791/1429/505 792/1428/506 794/1430/508 793/1431/507
f 776/1432/490 774/1433/488 796/1434/510 794/1435/508 792/1436/506 790/1437/504 788/1438/502 786/1439/500 784/1440/498 782/1441/496 780/1442/494 778/1443/492
f 793/1444/507 794/1445/508 796/1446/510 795/1447/509
f 795/1447/509 796/1446/510 774/1405/488 773/1404/487
f 773/1448/487 775/1449/489 777/1450/491 779/1451/493 781/1452/495 783/1453/497 785/1454/499 787/1455/501 789/1456/503 791/1457/505 793/1458/507 795/1459/509
f 797/1460/407 816/1461/612 815/1462/611
f 798/1463/595 822/1464/618 836/1465/632
f 797/1460/407 815/1462/611 850/1466/646
f 797/1460/407 850/1466/646 864/1467/660
f 797/1460/407 864/1467/660 837/1468/633
f 798/1463/595 836/1465/632 885/1469/681
f 799/1470/596 829/1471/625 899/1472/694
f 800/1473/597 857/1474/653 913/1475/708
f 801/1476/598 871/1477/667 927/1478/722
f 802/1479/599 878/1480/674 941/1481/736
f 798/1463/595 885/1469/681 900/1482/695
f 799/1470/596 899/1472/694 914/1483/709
f 800/1473/597 913/1475/708 928/1484/723
f 801/1476/598 927/1478/722 942/1485/737
f 802/1479/599 941/1481/736 886/1486/682
f 803/1487/600 955/1488/749 990/1489/784
f 804/1490/601 962/1491/756 1004/1492/798
f 805/1493/602 969/1494/763 1011/1495/805
f 806/1496/603 976/1497/770 1018/1498/812
f 807/1499/604 983/1500/777 991/1501/785
f 997/1502/791 1012/1503/806 808/1504/418
f 996/1505/790 1019/1506/813 997/1502/791
f 995/1507/789 1020/1508/814 996/1505/790
f 994/1509/788 1022/1510/816 995/1507/789
f 993/1511/787 1025/1512/819 994/1509/788
f 992/1513/786 1029/1514/823 993/1515/787
f 991/1501/785 1034/1516/828 992/1513/786
f 997/1502/791 1019/1506/813 1012/1503/806
f 1019/1506/813 1013/1517/807 1012/1503/806
f 996/1505/790 1020/1508/814 1019/1506/813
f 1020/1508/814 1021/1518/815 1019/1506/813
f 1019/1506/813 1021/1518/815 1013/1517/807
f 1021/1518/815 1014/1519/808 1013/1517/807
f 995/1507/789 1022/1510/816 1020/1508/814
f 1022/1510/816 1023/1520/817 1020/1508/814
f 1020/1508/814 1023/1520/817 1021/1518/815
f 1023/1520/817 1024/1521/818 1021/1518/815
f 1021/1518/815 1024/1521/818 1014/1519/808
f 1024/1521/818 1015/1522/809 1014/1519/808
f 994/1509/788 1025/1512/819 1022/1510/816
f 1025/1512/819 1026/1523/820 1022/1510/816
f 1022/1510/816 1026/1523/820 1023/1520/817
f 1026/1523/820 1027/1524/821 1023/1520/817
f 1023/1520/817 1027/1524/821 1024/1521/818
f 1027/1524/821 1028/1525/822 1024/1521/818
f 1024/1521/818 1028/1525/822 1015/1522/809
f 1028/1525/822 1016/1526/810 1015/1522/809
f 993/1511/787 1029/1527/823 1025/1512/819
f 1029/1514/823 1030/1528/824 1025/1529/819
f 1025/1512/819 1030/1530/824 1026/1523/820
f 1030/1530/824 1031/1531/825 1026/1523/820
f 1026/1523/820 1031/1531/825 1027/1524/821
f 1031/1531/825 1032/1532/826 1027/1524/821
f 1027/1524/821 1032/1532/826 1028/1525/822
f 1032/1532/826 1033/1533/827 1028/1525/822
f 1028/1525/822 1033/1533/827 1016/1526/810
f 1033/1533/827 1017/1534/811 1016/1526/810
f 992/1513/786 1034/1516/828 1029/1514/823
f 1034/1516/828 1035/1535/829 1029/1514/823
f 1029/1514/823 1035/1535/829 1030/1528/824
f 1035/1535/829 1036/1536/830 1030/1528/824
f 1030/1528/824 1036/1536/830 1031/1537/825
f 1036/1536/830 1037/1538/831 1031/1537/825
f 1031/1537/825 1037/1538/831 1032/1539/826
f 1037/1538/831 1038/1540/832 1032/1539/826
f 1032/1539/826 1038/1540/832 1033/1541/827
f 1038/1540/832 1039/1542/833 1033/1541/827
f 1033/1541/827 1039/1542/833 1017/1543/811
f 1039/1542/833 1018/1544/812 1017/1543/811
f 991/1501/785 983/1500/777 1034/1516/828
f 983/1500/777 982/1545/776 1034/1516/828
f 1034/1516/828 982/1545/776 1035/1535/829
f 982/1545/776 981/1546/775 1035/1535/829
f 1035/1535/829 981/1546/775 1036/1536/830
f 981/1546/775 980/1547/774 1036/1536/830
f 1036/1536/830 980/1547/774 1037/1538/831
f 980/1547/774 979/1548/773 1037/1538/831
f 1037/1538/831 979/1548/773 1038/1540/832
f 979/1548/773 978/1549/772 1038/1540/832
f 1038/1540/832 978/1549/772 1039/1542/833
f 978/1549/772 977/1550/771 1039/1542/833
f 1039/1542/833 977/1550/771 1018/1544/812
f 977/1550/771 806/1551/603 1018/1544/812
f 1012/1503/806 1005/1552/799 808/1504/418
f 1013/1517/807 1040/1553/834 1012/1503/806
f 1014/1519/808 1041/1554/835 1013/1517/807
f 1015/1522/809 1043/1555/837 1014/1519/808
f 1016/1526/810 1046/1556/840 1015/1522/809
f 1017/1534/811 1050/1557/844 1016/1526/810
f 1018/1498/812 1055/1558/849 1017/1559/811
f 1012/1503/806 1040/1553/834 1005/1552/799
f 1040/1553/834 1006/1560/800 1005/1552/799
f 1013/1517/807 1041/1554/835 1040/1553/834
f 1041/1554/835 1042/1561/836 1040/1553/834
f 1040/1553/834 1042/1561/836 1006/1560/800
f 1042/1561/836 1007/1562/801 1006/1560/800
f 1014/1519/808 1043/1555/837 1041/1554/835
f 1043/1555/837 1044/1563/838 1041/1554/835
f 1041/1554/835 1044/1563/838 1042/1561/836
f 1044/1563/838 1045/1564/839 1042/1561/836
f 1042/1561/836 1045/1564/839 1007/1562/801
f 1045/1564/839 1008/1565/802 1007/1562/801
f 1015/1522/809 1046/1556/840 1043/1555/837
f 1046/1556/840 1047/1566/841 1043/1555/837
f 1043/1555/837 1047/1566/841 1044/1563/838
f 1047/1566/841 1048/1567/842 1044/1563/838
f 1044/1563/838 1048/1567/842 1045/1564/839
f 1048/1567/842 1049/1568/843 1045/1564/839
f 1045/1564/839 1049/1568/843 1008/1565/802
f 1049/1568/843 1009/1569/803 1008/1565/802
f 1016/1526/810 1050/1557/844 1046/1556/840
f 1050/1557/844 1051/1570/845 1046/1556/840
f 1046/1556/840 1051/1570/845 1047/1566/841
f 1051/1570/845 1052/1571/846 1047/1566/841
f 1047/1566/841 1052/1571/846 1048/1567/842
f 1052/1572/846 1053/1573/847 1048/1574/842
f 1048/1567/842 1053/1575/847 1049/1568/843
f 1053/1573/847 1054/1576/848 1049/1577/843
f 1049/1577/843 1054/1576/848 1009/1578/803
f 1054/1576/848 1010/1579/804 1009/1578/803
f 1017/1559/811 1055/1558/849 1050/1580/844
f 1055/1558/849 1056/1581/850 1050/1580/844
f 1050/1580/844 1056/1581/850 1051/1582/845
f 1056/1581/850 1057/1583/851 1051/1582/845
f 1051/1582/845 1057/1583/851 1052/1572/846
f 1057/1583/851 1058/1584/852 1052/1572/846
f 1052/1572/846 1058/1584/852 1053/1573/847
f 1058/1584/852 1059/1585/853 1053/1573/847
f 1053/1573/847 1059/1585/853 1054/1576/848
f 1059/1585/853 1060/1586/854 1054/1576/848
f 1054/1576/848 1060/1586/854 1010/1579/804
f 1060/1586/854 1011/1495/805 1010/1579/804
f 1018/1498/812 976/1497/770 1055/1558/849
f 976/1497/770 975/1587/769 1055/1558/849
f 1055/1558/849 975/1587/769 1056/1581/850
f 975/1587/769 974/1588/768 1056/1581/850
f 1056/1581/850 974/1588/768 1057/1583/851
f 974/1588/768 973/1589/767 1057/1583/851
f 1057/1583/851 973/1589/767 1058/1584/852
f 973/1589/767 972/1590/766 1058/1584/852
f 1058/1584/852 972/1590/766 1059/1585/853
f 972/1590/766 971/1591/765 1059/1585/853
f 1059/1585/853 971/1591/765 1060/1586/854
f 971/1591/765 970/1592/764 1060/1586/854
f 1060/1586/854 970/1592/764 1011/1495/805
f 970/1592/764 805/1493/602 1011/1495/805
f 1005/1552/799 998/1593/792 808/1504/418
f 1006/1560/800 1061/1594/855 1005/1552/799
f 1007/1562/801 1062/1595/856 1006/1560/800
f 1008/1565/802 1064/1596/858 1007/1562/801
f 1009/1569/803 1067/1597/861 1008/1565/802
f 1010/1579/804 1071/1598/865 1009/1578/803
f 1011/1495/805 1076/1599/870 1010/1579/804
f 1005/1552/799 1061/1594/855 998/1593/792
f 1061/1594/855 999/1600/793 998/1593/792
f 1006/1560/800 1062/1595/856 1061/1594/855
f 1062/1595/856 1063/1601/857 1061/1594/855
f 1061/1594/855 1063/1601/857 999/1600/793
f 1063/1601/857 1000/1602/794 999/1600/793
f 1007/1562/801 1064/1596/858 1062/1595/856
f 1064/1596/858 1065/1603/859 1062/1595/856
f 1062/1595/856 1065/1603/859 1063/1601/857
f 1065/1603/859 1066/1604/860 1063/1601/857
f 1063/1601/857 1066/1604/860 1000/1602/794
f 1066/1604/860 1001/1605/795 1000/1602/794
f 1008/1565/802 1067/1597/861 1064/1596/858
f 1067/1597/861 1068/1606/862 1064/1596/858
f 1064/1596/858 1068/1606/862 1065/1603/859
f 1068/1606/862 1069/1607/863 1065/1603/859
f 1065/1603/859 1069/1607/863 1066/1604/860
f 1069/1607/863 1070/1608/864 1066/1604/860
f 1066/1604/860 1070/1608/864 1001/1605/795
f 1070/1608/864 1002/1609/796 1001/1605/795
f 1009/1569/803 1071/1610/865 1067/1597/861
f 1071/1610/865 1072/1611/866 1067/1597/861
f 1067/1597/861 1072/1611/866 1068/1606/862
f 1072/1611/866 1073/1612/867 1068/1606/862
f 1068/1606/862 1073/1612/867 1069/1607/863
f 1073/1612/867 1074/1613/868 1069/1607/863
f 1069/1607/863 1074/1613/868 1070/1608/864
f 1074/1614/868 1075/1615/869 1070/1616/864
f 1070/1616/864 1075/1615/869 1002/1617/796
f 1075/1615/869 1003/1618/797 1002/1617/796
f 1010/1579/804 1076/1599/870 1071/1598/865
f 1076/1599/870 1077/1619/871 1071/1598/865
f 1071/1610/865 1077/1620/871 1072/1611/866
f 1077/1621/871 1078/1622/872 1072/1623/866
f 1072/1623/866 1078/1622/872 1073/1624/867
f 1078/1622/872 1079/1625/873 1073/1624/867
f 1073/1624/867 1079/1625/873 1074/1614/868
f 1079/1625/873 1080/1626/874 1074/1614/868
f 1074/1614/868 1080/1626/874 1075/1615/869
f 1080/1626/874 1081/1627/875 1075/1615/869
f 1075/1615/869 1081/1627/875 1003/1618/797
f 1081/1627/875 1004/1492/798 1003/1618/797
f 1011/1495/805 969/1494/763 1076/1599/870
f 969/1494/763 968/1628/762 1076/1599/870
f 1076/1599/870 968/1628/762 1077/1619/871
f 968/1629/762 967/1630/761 1077/1621/871
f 1077/1621/871 967/1630/761 1078/1622/872
f 967/1630/761 966/1631/760 1078/1622/872
f 1078/1622/872 966/1631/760 1079/1625/873
f 966/1631/760 965/1632/759 1079/1625/873
f 1079/1625/873 965/1632/759 1080/1626/874
f 965/1632/759 964/1633/758 1080/1626/874
f 1080/1626/874 964/1633/758 1081/1627/875
f 964/1633/758 963/1634/757 1081/1627/875
f 1081/1627/875 963/1634/757 1004/1492/798
f 963/1634/757 804/1490/601 1004/1492/798
f 998/1593/792 984/1635/778 808/1504/418
f 999/1600/793 1082/1636/876 998/1593/792
f 1000/1602/794 1083/1637/877 999/1600/793
f 1001/1605/795 1085/1638/879 1000/1602/794
f 1002/1609/796 1088/1639/882 1001/1605/795
f 1003/1618/797 1092/1640/886 1002/1617/796
f 1004/1492/798 1097/1641/891 1003/1618/797
f 998/1593/792 1082/1636/876 984/1635/778
f 1082/1636/876 985/1642/779 984/1635/778
f 999/1600/793 1083/1637/877 1082/1636/876
f 1083/1637/877 1084/1643/878 1082/1636/876
f 1082/1636/876 1084/1643/878 985/1642/779
f 1084/1643/878 986/1644/780 985/1642/779
f 1000/1602/794 1085/1638/879 1083/1637/877
f 1085/1638/879 1086/1645/880 1083/1637/877
f 1083/1637/877 1086/1645/880 1084/1643/878
f 1086/1645/880 1087/1646/881 1084/1643/878
f 1084/1643/878 1087/1646/881 986/1644/780
f 1087/1646/881 987/1647/781 986/1644/780
f 1001/1605/795 1088/1639/882 1085/1638/879
f 1088/1639/882 1089/1648/883 1085/1638/879
f 1085/1638/879 1089/1648/883 1086/1645/880
f 1089/1648/883 1090/1649/884 1086/1645/880
f 1086/1645/880 1090/1649/884 1087/1646/881
f 1090/1649/884 1091/1650/885 1087/1646/881
f 1087/1646/881 1091/1650/885 987/1647/781
f 1091/1650/885 988/1651/782 987/1647/781
f 1002/1609/796 1092/1652/886 1088/1639/882
f 1092/1652/886 1093/1653/887 1088/1639/882
f 1088/1639/882 1093/1653/887 1089/1648/883
f 1093/1653/887 1094/1654/888 1089/1648/883
f 1089/1648/883 1094/1654/888 1090/1649/884
f 1094/1654/888 1095/1655/889 1090/1649/884
f 1090/1649/884 1095/1655/889 1091/1650/885
f 1095/1655/889 1096/1656/890 1091/1650/885
f 1091/1650/885 1096/1656/890 988/1651/782
f 1096/1657/890 989/1658/783 988/1659/782
f 1003/1618/797 1097/1641/891 1092/1640/886
f 1097/1641/891 1098/1660/892 1092/1640/886
f 1092/1640/886 1098/1660/892 1093/1661/887
f 1098/1660/892 1099/1662/893 1093/1661/887
f 1093/1653/887 1099/1663/893 1094/1654/888
f 1099/1663/893 1100/1664/894 1094/1654/888
f 1094/1654/888 1100/1664/894 1095/1655/889
f 1100/1665/894 1101/1666/895 1095/1667/889
f 1095/1667/889 1101/1666/895 1096/1657/890
f 1101/1666/895 1102/1668/896 1096/1657/890
f 1096/1657/890 1102/1668/896 989/1658/783
f 1102/1668/896 990/1489/784 989/1658/783
f 1004/1492/798 962/1491/756 1097/1641/891
f 962/1491/756 961/1669/755 1097/1641/891
f 1097/1641/891 961/1669/755 1098/1660/892
f 961/1669/755 960/1670/754 1098/1660/892
f 1098/1660/892 960/1670/754 1099/1662/893
f 960/1670/754 959/1671/753 1099/1662/893
f 1099/1662/893 959/1671/753 1100/1672/894
f 959/1673/753 958/1674/752 1100/1665/894
f 1100/1665/894 958/1674/752 1101/1666/895
f 958/1674/752 957/1675/751 1101/1666/895
f 1101/1666/895 957/1675/751 1102/1668/896
f 957/1675/751 956/1676/750 1102/1668/896
f 1102/1668/896 956/1676/750 990/1489/784
f 956/1676/750 803/1487/600 990/1489/784
f 984/1635/778 997/1502/791 808/1504/418
f 985/1642/779 1103/1677/897 984/1635/778
f 986/1644/780 1104/1678/898 985/1642/779
f 987/1647/781 1106/1679/900 986/1644/780
f 988/1651/782 1109/1680/903 987/1647/781
f 989/1658/783 1113/1681/907 988/1659/782
f 990/1489/784 1118/1682/912 989/1658/783
f 984/1635/778 1103/1677/897 997/1502/791
f 1103/1677/897 996/1505/790 997/1502/791
f 985/1642/779 1104/1678/898 1103/1677/897
f 1104/1678/898 1105/1683/899 1103/1677/897
f 1103/1677/897 1105/1683/899 996/1505/790
f 1105/1683/899 995/1507/789 996/1505/790
f 986/1644/780 1106/1679/900 1104/1678/898
f 1106/1679/900 1107/1684/901 1104/1678/898
f 1104/1678/898 1107/1684/901 1105/1683/899
f 1107/1684/901 1108/1685/902 1105/1683/899
f 1105/1683/899 1108/1685/902 995/1507/789
f 1108/1685/902 994/1509/788 995/1507/789
f 987/1647/781 1109/1680/903 1106/1679/900
f 1109/1680/903 1110/1686/904 1106/1679/900
f 1106/1679/900 1110/1686/904 1107/1684/901
f 1110/1686/904 1111/1687/905 1107/1684/901
f 1107/1684/901 1111/1687/905 1108/1685/902
f 1111/1687/905 1112/1688/906 1108/1685/902
f 1108/1685/902 1112/1688/906 994/1509/788
f 1112/1688/906 993/1511/787 994/1509/788
f 988/1651/782 1113/1689/907 1109/1680/903
f 1113/1681/907 1114/1690/908 1109/1691/903
f 1109/1680/903 1114/1692/908 1110/1686/904
f 1114/1692/908 1115/1693/909 1110/1686/904
f 1110/1686/904 1115/1693/909 1111/1687/905
f 1115/1693/909 1116/1694/910 1111/1687/905
f 1111/1687/905 1116/1694/910 1112/1688/906
f 1116/1694/910 1117/1695/911 1112/1688/906
f 1112/1688/906 1117/1695/911 993/1511/787
f 1117/1695/911 992/1696/786 993/1511/787
f 989/1658/783 1118/1682/912 1113/1681/907
f 1118/1682/912 1119/1697/913 1113/1681/907
f 1113/1681/907 1119/1697/913 1114/1690/908
f 1119/1697/913 1120/1698/914 1114/1690/908
f 1114/1690/908 1120/1698/914 1115/1699/909
f 1120/1698/914 1121/1700/915 1115/1699/909
f 1115/1693/909 1121/1701/915 1116/1694/910
f 1121/1701/915 1122/1702/916 1116/1694/910
f 1116/1694/910 1122/1702/916 1117/1695/911
f 1122/1703/916 1123/1704/917 1117/1705/911
f 1117/1705/911 1123/1704/917 992/1513/786
f 1123/1704/917 991/1501/785 992/1513/786
f 990/1489/784 955/1488/749 1118/1682/912
f 955/1488/749 954/1706/748 1118/1682/912
f 1118/1682/912 954/1706/748 1119/1697/913
f 954/1706/748 953/1707/747 1119/1697/913
f 1119/1697/913 953/1707/747 1120/1698/914
f 953/1707/747 952/1708/746 1120/1698/914
f 1120/1698/914 952/1708/746 1121/1700/915
f 952/1708/746 951/1709/745 1121/1700/915
f 1121/1700/915 951/1709/745 1122/1710/916
f 951/1709/745 950/1711/744 1122/1710/916
f 1122/1703/916 950/1712/744 1123/1704/917
f 950/1712/744 949/1713/743 1123/1704/917
f 1123/1704/917 949/1713/743 991/1501/785
f 949/1713/743 807/1499/604 991/1501/785
f 892/1714/688 983/1500/777 807/1499/604
f 891/1715/687 1124/1716/918 892/1714/688
f 890/1717/686 1125/1718/919 891/1715/687
f 889/1719/685 1127/1720/921 890/1717/686
f 888/1721/684 1130/1722/924 889/1719/685
f 887/1723/683 1134/1724/928 888/1721/684
f 886/1486/682 1139/1725/933 887/1723/683
f 892/1714/688 1124/1716/918 983/1500/777
f 1124/1716/918 982/1545/776 983/1500/777
f 891/1715/687 1125/1718/919 1124/1716/918
f 1125/1718/919 1126/1726/920 1124/1716/918
f 1124/1716/918 1126/1726/920 982/1545/776
f 1126/1726/920 981/1546/775 982/1545/776
f 890/1717/686 1127/1720/921 1125/1718/919
f 1127/1720/921 1128/1727/922 1125/1718/919
f 1125/1718/919 1128/1727/922 1126/1726/920
f 1128/1727/922 1129/1728/923 1126/1726/920
f 1126/1726/920 1129/1728/923 981/1546/775
f 1129/1728/923 980/1547/774 981/1546/775
f 889/1719/685 1130/1722/924 1127/1720/921
f 1130/1722/924 1131/1729/925 1127/1720/921
f 1127/1720/921 1131/1729/925 1128/1727/922
f 1131/1729/925 1132/1730/926 1128/1727/922
f 1128/1727/922 1132/1730/926 1129/1728/923
f 1132/1730/926 1133/1731/927 1129/1728/923
f 1129/1728/923 1133/1731/927 980/1547/774
f 1133/1731/927 979/1548/773 980/1547/774
f 888/1721/684 1134/1724/928 1130/1722/924
f 1134/1724/928 1135/1732/929 1130/1722/924
f 1130/1722/924 1135/1732/929 1131/1729/925
f 1135/1732/929 1136/1733/930 1131/1729/925
f 1131/1729/925 1136/1733/930 1132/1730/926
f 1136/1733/930 1137/1734/931 1132/1730/926
f 1132/1730/926 1137/1734/931 1133/1731/927
f 1137/1734/931 1138/1735/932 1133/1731/927
f 1133/1731/927 1138/1735/932 979/1548/773
f 1138/1735/932 978/1549/772 979/1548/773
f 887/1723/683 1139/1725/933 1134/1724/928
f 1139/1725/933 1140/1736/934 1134/1724/928
f 1134/1724/928 1140/1736/934 1135/1732/929
f 1140/1736/934 1141/1737/935 1135/1732/929
f 1135/1732/929 1141/1737/935 1136/1733/930
f 1141/1737/935 1142/1738/936 1136/1733/930
f 1136/1733/930 1142/1738/936 1137/1734/931
f 1142/1738/936 1143/1739/937 1137/1734/931
f 1137/1734/931 1143/1739/937 1138/1735/932
f 1143/1739/937 1144/1740/938 1138/1735/932
f 1138/1735/932 1144/1740/938 978/1549/772
f 1144/1740/938 977/1550/771 978/1549/772
f 886/1486/682 941/1481/736 1139/1725/933
f 941/1481/736 940/1741/735 1139/1725/933
f 1139/1725/933 940/1741/735 1140/1736/934
f 940/1741/735 939/1742/734 1140/1736/934
f 1140/1736/934 939/1742/734 1141/1737/935
f 939/1742/734 938/1743/733 1141/1737/935
f 1141/1737/935 938/1743/733 1142/1738/936
f 938/1743/733 937/1744/732 1142/1738/936
f 1142/1738/936 937/1744/732 1143/1739/937
f 937/1744/732 936/1745/731 1143/1739/937
f 1143/1739/937 936/1745/731 1144/1740/938
f 936/1745/731 935/1746/730 1144/1740/938
f 1144/1740/938 935/1746/730 977/1550/771
f 935/1746/730 806/1551/603 977/1550/771
f 948/1747/742 976/1497/770 806/1496/603
f 947/1748/741 1145/1749/939 948/1747/742
f 946/1750/740 1146/1751/940 947/1748/741
f 945/1752/60 1148/1753/942 946/1750/740
f 944/1754/739 1151/1755/945 945/1752/60
f 943/1756/738 1155/1757/949 944/1754/739
f 942/1485/737 1160/1758/954 943/1756/738
f 948/1747/742 1145/1749/939 976/1497/770
f 1145/1749/939 975/1587/769 976/1497/770
f 947/1748/741 1146/1751/940 1145/1749/939
f 1146/1751/940 1147/1759/941 1145/1749/939
f 1145/1749/939 1147/1759/941 975/1587/769
f 1147/1759/941 974/1588/768 975/1587/769
f 946/1750/740 1148/1753/942 1146/1751/940
f 1148/1753/942 1149/1760/943 1146/1751/940
f 1146/1751/940 1149/1760/943 1147/1759/941
f 1149/1760/943 1150/1761/944 1147/1759/941
f 1147/1759/941 1150/1761/944 974/1588/768
f 1150/1761/944 973/1589/767 974/1588/768
f 945/1752/60 1151/1755/945 1148/1753/942
f 1151/1755/945 1152/1762/946 1148/1753/942
f 1148/1753/942 1152/1762/946 1149/1760/943
f 1152/1762/946 1153/1763/947 1149/1760/943
f 1149/1760/943 1153/1763/947 1150/1761/944
f 1153/1763/947 1154/1764/948 1150/1761/944
f 1150/1761/944 1154/1764/948 973/1589/767
f 1154/1764/948 972/1590/766 973/1589/767
f 944/1754/739 1155/1757/949 1151/1755/945
f 1155/1757/949 1156/1765/950 1151/1755/945
f 1151/1755/945 1156/1765/950 1152/1762/946
f 1156/1765/950 1157/1766/951 1152/1762/946
f 1152/1762/946 1157/1766/951 1153/1763/947
f 1157/1766/951 1158/1767/952 1153/1763/947
f 1153/1763/947 1158/1767/952 1154/1764/948
f 1158/1767/952 1159/1768/953 1154/1764/948
f 1154/1764/948 1159/1768/953 972/1590/766
f 1159/1768/953 971/1591/765 972/1590/766
f 943/1756/738 1160/1758/954 1155/1757/949
f 1160/1758/954 1161/1769/955 1155/1757/949
f 1155/1757/949 1161/1769/955 1156/1765/950
f 1161/1769/955 1162/1770/956 1156/1765/950
f 1156/1765/950 1162/1770/956 1157/1766/951
f 1162/1770/956 1163/1771/957 1157/1766/951
f 1157/1766/951 1163/1771/957 1158/1767/952
f 1163/1771/957 1164/1772/958 1158/1767/952
f 1158/1767/952 1164/1772/958 1159/1768/953
f 1164/1772/958 1165/1773/959 1159/1768/953
f 1159/1768/953 1165/1773/959 971/1591/765
f 1165/1773/959 970/1592/764 971/1591/765
f 942/1485/737 927/1478/722 1160/1758/954
f 927/1478/722 926/1774/721 1160/1758/954
f 1160/1758/954 926/1774/721 1161/1769/955
f 926/1774/721 925/1775/720 1161/1769/955
f 1161/1769/955 925/1775/720 1162/1770/956
f 925/1775/720 924/1776/719 1162/1770/956
f 1162/1770/956 924/1776/719 1163/1771/957
f 924/1776/719 923/1777/718 1163/1771/957
f 1163/1771/957 923/1777/718 1164/1772/958
f 923/1777/718 922/1778/717 1164/1772/958
f 1164/1772/958 922/1778/717 1165/1773/959
f 922/1778/717 921/1779/716 1165/1773/959
f 1165/1773/959 921/1779/716 970/1592/764
f 921/1779/716 805/1493/602 970/1592/764
f 934/1780/729 969/1494/763 805/1493/602
f 933/1781/728 1166/1782/960 934/1780/729
f 932/1783/727 1167/1784/961 933/1781/728
f 931/1785/726 1169/1786/963 932/1783/727
f 930/1787/725 1172/1788/966 931/1789/726
f 929/1790/724 1176/1791/970 930/1787/725
f 928/1484/723 1181/1792/975 929/1790/724
f 934/1780/729 1166/1782/960 969/1494/763
f 1166/1782/960 968/1628/762 969/1494/763
f 933/1781/728 1167/1784/961 1166/1782/960
f 1167/1784/961 1168/1793/962 1166/1782/960
f 1166/1782/960 1168/1793/962 968/1628/762
f 1168/1794/962 967/1630/761 968/1629/762
f 932/1783/727 1169/1786/963 1167/1784/961
f 1169/1795/963 1170/1796/964 1167/1797/961
f 1167/1797/961 1170/1796/964 1168/1794/962
f 1170/1796/964 1171/1798/965 1168/1794/962
f 1168/1794/962 1171/1798/965 967/1630/761
f 1171/1798/965 966/1631/760 967/1630/761
f 931/1789/726 1172/1788/966 1169/1795/963
f 1172/1788/966 1173/1799/967 1169/1795/963
f 1169/1795/963 1173/1799/967 1170/1796/964
f 1173/1799/967 1174/1800/968 1170/1796/964
f 1170/1796/964 1174/1800/968 1171/1798/965
f 1174/1800/968 1175/1801/969 1171/1798/965
f 1171/1798/965 1175/1801/969 966/1631/760
f 1175/1801/969 965/1632/759 966/1631/760
f 930/1787/725 1176/1791/970 1172/1788/966
f 1176/1791/970 1177/1802/971 1172/1788/966
f 1172/1788/966 1177/1802/971 1173/1799/967
f 1177/1802/971 1178/1803/972 1173/1799/967
f 1173/1799/967 1178/1803/972 1174/1800/968
f 1178/1803/972 1179/1804/973 1174/1800/968
f 1174/1800/968 1179/1804/973 1175/1801/969
f 1179/1804/973 1180/1805/974 1175/1801/969
f 1175/1801/969 1180/1805/974 965/1632/759
f 1180/1805/974 964/1633/758 965/1632/759
f 929/1790/724 1181/1792/975 1176/1791/970
f 1181/1792/975 1182/1806/976 1176/1791/970
f 1176/1791/970 1182/1806/976 1177/1802/971
f 1182/1806/976 1183/1807/977 1177/1802/971
f 1177/1802/971 1183/1807/977 1178/1803/972
f 1183/1807/977 1184/1808/978 1178/1803/972
f 1178/1803/972 1184/1808/978 1179/1804/973
f 1184/1808/978 1185/1809/979 1179/1804/973
f 1179/1804/973 1185/1809/979 1180/1805/974
f 1185/1809/979 1186/1810/980 1180/1805/974
f 1180/1805/974 1186/1810/980 964/1633/758
f 1186/1810/980 963/1634/757 964/1633/758
f 928/1484/723 913/1475/708 1181/1792/975
f 913/1475/708 912/1811/707 1181/1792/975
f 1181/1792/975 912/1811/707 1182/1806/976
f 912/1811/707 911/1812/706 1182/1806/976
f 1182/1806/976 911/1812/706 1183/1807/977
f 911/1812/706 910/1813/705 1183/1807/977
f 1183/1807/977 910/1813/705 1184/1808/978
f 910/1813/705 909/1814/704 1184/1808/978
f 1184/1808/978 909/1814/704 1185/1809/979
f 909/1814/704 908/1815/703 1185/1809/979
f 1185/1809/979 908/1815/703 1186/1810/980
f 908/1815/703 907/1816/702 1186/1810/980
f 1186/1810/980 907/1816/702 963/1634/757
f 907/1816/702 804/1490/601 963/1634/757
f 920/1817/715 962/1491/756 804/1490/601
f 919/1818/714 1187/1819/981 920/1817/715
f 918/1820/713 1188/1821/982 919/1818/714
f 917/1822/712 1190/1823/984 918/1820/713
f 916/1824/711 1193/1825/987 917/1822/712
f 915/1826/710 1197/1827/991 916/1824/711
f 914/1828/709 1202/1829/996 915/1826/710
f 920/1817/715 1187/1819/981 962/1491/756
f 1187/1819/981 961/1669/755 962/1491/756
f 919/1818/714 1188/1821/982 1187/1819/981
f 1188/1821/982 1189/1830/983 1187/1819/981
f 1187/1819/981 1189/1830/983 961/1669/755
f 1189/1830/983 960/1670/754 961/1669/755
f 918/1820/713 1190/1823/984 1188/1821/982
f 1190/1823/984 1191/1831/985 1188/1821/982
f 1188/1821/982 1191/1831/985 1189/1830/983
f 1191/1831/985 1192/1832/986 1189/1830/983
f 1189/1830/983 1192/1832/986 960/1670/754
f 1192/1832/986 959/1671/753 960/1670/754
f 917/1822/712 1193/1825/987 1190/1823/984
f 1193/1825/987 1194/1833/988 1190/1823/984
f 1190/1823/984 1194/1833/988 1191/1831/985
f 1194/1833/988 1195/1834/989 1191/1831/985
f 1191/1831/985 1195/1834/989 1192/1832/986
f 1195/1834/989 1196/1835/990 1192/1832/986
f 1192/1832/986 1196/1835/990 959/1671/753
f 1196/1836/990 958/1674/752 959/1673/753
f 916/1824/711 1197/1827/991 1193/1825/987
f 1197/1827/991 1198/1837/992 1193/1825/987
f 1193/1825/987 1198/1837/992 1194/1833/988
f 1198/1838/992 1199/1839/993 1194/1840/988
f 1194/1840/988 1199/1839/993 1195/1841/989
f 1199/1839/993 1200/1842/994 1195/1841/989
f 1195/1841/989 1200/1842/994 1196/1836/990
f 1200/1842/994 1201/1843/995 1196/1836/990
f 1196/1836/990 1201/1843/995 958/1674/752
f 1201/1843/995 957/1675/751 958/1674/752
f 915/1826/710 1202/1829/996 1197/1827/991
f 1202/1844/996 1203/1845/997 1197/1846/991
f 1197/1846/991 1203/1845/997 1198/1838/992
f 1203/1845/997 1204/1847/998 1198/1838/992
f 1198/1838/992 1204/1847/998 1199/1839/993
f 1204/1847/998 1205/1848/999 1199/1839/993
f 1199/1839/993 1205/1848/999 1200/1842/994
f 1205/1848/999 1206/1849/1000 1200/1842/994
f 1200/1842/994 1206/1849/1000 1201/1843/995
f 1206/1849/1000 1207/1850/1001 1201/1843/995
f 1201/1843/995 1207/1850/1001 957/1675/751
f 1207/1850/1001 956/1676/750 957/1675/751
f 914/1483/709 899/1472/694 1202/1844/996
f 899/1472/694 898/1851/693 1202/1844/996
f 1202/1844/996 898/1851/693 1203/1845/997
f 898/1851/693 897/1852/692 1203/1845/997
f 1203/1845/997 897/1852/692 1204/1847/998
f 897/1852/692 896/1853/53 1204/1847/998
f 1204/1847/998 896/1853/53 1205/1848/999
f 896/1853/53 895/1854/691 1205/1848/999
f 1205/1848/999 895/1854/691 1206/1849/1000
f 895/1854/691 894/1855/690 1206/1849/1000
f 1206/1849/1000 894/1855/690 1207/1850/1001
f 894/1855/690 893/1856/689 1207/1850/1001
f 1207/1850/1001 893/1856/689 956/1676/750
f 893/1856/689 803/1487/600 956/1676/750
f 906/1857/701 955/1488/749 803/1487/600
f 905/1858/700 1208/1859/1002 906/1857/701
f 904/1860/699 1209/1861/1003 905/1858/700
f 903/1862/698 1211/1863/1005 904/1860/699
f 902/1864/697 1214/1865/1008 903/1862/698
f 901/1866/696 1218/1867/1012 902/1864/697
f 900/1482/695 1223/1868/1017 901/1866/696
f 906/1857/701 1208/1859/1002 955/1488/749
f 1208/1859/1002 954/1706/748 955/1488/749
f 905/1858/700 1209/1861/1003 1208/1859/1002
f 1209/1861/1003 1210/1869/1004 1208/1859/1002
f 1208/1859/1002 1210/1869/1004 954/1706/748
f 1210/1869/1004 953/1707/747 954/1706/748
f 904/1860/699 1211/1863/1005 1209/1861/1003
f 1211/1863/1005 1212/1870/1006 1209/1861/1003
f 1209/1861/1003 1212/1870/1006 1210/1869/1004
f 1212/1870/1006 1213/1871/1007 1210/1869/1004
f 1210/1869/1004 1213/1871/1007 953/1707/747
f 1213/1871/1007 952/1708/746 953/1707/747
f 903/1862/698 1214/1865/1008 1211/1863/1005
f 1214/1865/1008 1215/1872/1009 1211/1863/1005
f 1211/1863/1005 1215/1872/1009 1212/1870/1006
f 1215/1872/1009 1216/1873/1010 1212/1870/1006
f 1212/1870/1006 1216/1873/1010 1213/1871/1007
f 1216/1873/1010 1217/1874/1011 1213/1871/1007
f 1213/1871/1007 1217/1874/1011 952/1708/746
f 1217/1874/1011 951/1709/745 952/1708/746
f 902/1864/697 1218/1867/1012 1214/1865/1008
f 1218/1867/1012 1219/1875/1013 1214/1865/1008
f 1214/1865/1008 1219/1875/1013 1215/1872/1009
f 1219/1875/1013 1220/1876/1014 1215/1872/1009
f 1215/1872/1009 1220/1876/1014 1216/1873/1010
f 1220/1876/1014 1221/1877/1015 1216/1873/1010
f 1216/1873/1010 1221/1877/1015 1217/1874/1011
f 1221/1877/1015 1222/1878/1016 1217/1874/1011
f 1217/1874/1011 1222/1878/1016 951/1709/745
f 1222/1878/1016 950/1711/744 951/1709/745
f 901/1866/696 1223/1868/1017 1218/1867/1012
f 1223/1868/1017 1224/1879/1018 1218/1867/1012
f 1218/1867/1012 1224/1879/1018 1219/1875/1013
f 1224/1879/1018 1225/1880/1019 1219/1875/1013
f 1219/1875/1013 1225/1880/1019 1220/1876/1014
f 1225/1880/1019 1226/1881/1020 1220/1876/1014
f 1220/1876/1014 1226/1881/1020 1221/1877/1015
f 1226/1881/1020 1227/1882/1021 1221/1877/1015
f 1221/1877/1015 1227/1882/1021 1222/1878/1016
f 1227/1883/1021 1228/1884/1022 1222/1885/1016
f 1222/1885/1016 1228/1884/1022 950/1712/744
f 1228/1884/1022 949/1713/743 950/1712/744
f 900/1482/695 885/1469/681 1223/1868/1017
f 885/1469/681 884/1886/680 1223/1868/1017
f 1223/1868/1017 884/1886/680 1224/1879/1018
f 884/1886/680 883/1887/679 1224/1879/1018
f 1224/1879/1018 883/1887/679 1225/1880/1019
f 883/1887/679 882/1888/678 1225/1880/1019
f 1225/1880/1019 882/1888/678 1226/1881/1020
f 882/1888/678 881/1889/677 1226/1881/1020
f 1226/1881/1020 881/1889/677 1227/1882/1021
f 881/1890/677 880/1891/676 1227/1883/1021
f 1227/1883/1021 880/1891/676 1228/1884/1022
f 880/1891/676 879/1892/675 1228/1884/1022
f 1228/1884/1022 879/1892/675 949/1713/743
f 879/1892/675 807/1499/604 949/1713/743
f 935/1893/730 948/1747/742 806/1496/603
f 936/1745/731 1229/1894/1023 935/1746/730
f 937/1744/732 1230/1895/1024 936/1745/731
f 938/1743/733 1232/1896/1026 937/1744/732
f 939/1742/734 1235/1897/1029 938/1743/733
f 940/1741/735 1239/1898/1033 939/1742/734
f 941/1481/736 1244/1899/1038 940/1741/735
f 935/1893/730 1229/1900/1023 948/1747/742
f 1229/1900/1023 947/1748/741 948/1747/742
f 936/1745/731 1230/1895/1024 1229/1894/1023
f 1230/1901/1024 1231/1902/1025 1229/1900/1023
f 1229/1900/1023 1231/1902/1025 947/1748/741
f 1231/1902/1025 946/1750/740 947/1748/741
f 937/1744/732 1232/1896/1026 1230/1895/1024
f 1232/1896/1026 1233/1903/1027 1230/1895/1024
f 1230/1895/1024 1233/1903/1027 1231/1904/1025
f 1233/1905/1027 1234/1906/1028 1231/1902/1025
f 1231/1902/1025 1234/1906/1028 946/1750/740
f 1234/1906/1028 945/1752/60 946/1750/740
f 938/1743/733 1235/1897/1029 1232/1896/1026
f 1235/1897/1029 1236/1907/1030 1232/1896/1026
f 1232/1896/1026 1236/1907/1030 1233/1903/1027
f 1236/1907/1030 1237/1908/1031 1233/1903/1027
f 1233/1905/1027 1237/1909/1031 1234/1906/1028
f 1237/1909/1031 1238/1910/1032 1234/1906/1028
f 1234/1906/1028 1238/1910/1032 945/1752/60
f 1238/1910/1032 944/1754/739 945/1752/60
f 939/1742/734 1239/1898/1033 1235/1897/1029
f 1239/1898/1033 1240/1911/1034 1235/1897/1029
f 1235/1897/1029 1240/1911/1034 1236/1907/1030
f 1240/1911/1034 1241/1912/1035 1236/1907/1030
f 1236/1907/1030 1241/1912/1035 1237/1908/1031
f 1241/1913/1035 1242/1914/1036 1237/1909/1031
f 1237/1909/1031 1242/1914/1036 1238/1910/1032
f 1242/1914/1036 1243/1915/1037 1238/1910/1032
f 1238/1910/1032 1243/1915/1037 944/1754/739
f 1243/1915/1037 943/1756/738 944/1754/739
f 940/1741/735 1244/1899/1038 1239/1898/1033
f 1244/1899/1038 1245/1916/1039 1239/1898/1033
f 1239/1898/1033 1245/1916/1039 1240/1911/1034
f 1245/1916/1039 1246/1917/1040 1240/1911/1034
f 1240/1911/1034 1246/1917/1040 1241/1912/1035
f 1246/1917/1040 1247/1918/1041 1241/1912/1035
f 1241/1913/1035 1247/1919/1041 1242/1914/1036
f 1247/1919/1041 1248/1920/1042 1242/1914/1036
f 1242/1914/1036 1248/1920/1042 1243/1915/1037
f 1248/1920/1042 1249/1921/1043 1243/1915/1037
f 1243/1915/1037 1249/1921/1043 943/1756/738
f 1249/1921/1043 942/1485/737 943/1756/738
f 941/1481/736 878/1480/674 1244/1899/1038
f 878/1480/674 877/1922/673 1244/1899/1038
f 1244/1899/1038 877/1922/673 1245/1916/1039
f 877/1922/673 876/1923/672 1245/1916/1039
f 1245/1916/1039 876/1923/672 1246/1917/1040
f 876/1923/672 875/1924/671 1246/1917/1040
f 1246/1917/1040 875/1924/671 1247/1918/1041
f 875/1925/671 874/1926/670 1247/1919/1041
f 1247/1919/1041 874/1926/670 1248/1920/1042
f 874/1926/670 873/1927/669 1248/1920/1042
f 1248/1920/1042 873/1927/669 1249/1921/1043
f 873/1927/669 872/1928/668 1249/1921/1043
f 1249/1921/1043 872/1928/668 942/1485/737
f 872/1928/668 801/1476/598 942/1485/737
f 921/1779/716 934/1780/729 805/1493/602
f 922/1778/717 1250/1929/1044 921/1779/716
f 923/1777/718 1251/1930/1045 922/1778/717
f 924/1776/719 1253/1931/1047 923/1777/718
f 925/1775/720 1256/1932/1050 924/1776/719
f 926/1774/721 1260/1933/1054 925/1775/720
f 927/1478/722 1265/1934/1059 926/1774/721
f 921/1779/716 1250/1929/1044 934/1780/729
f 1250/1929/1044 933/1781/728 934/1780/729
f 922/1778/717 1251/1930/1045 1250/1929/1044
f 1251/1930/1045 1252/1935/1046 1250/1929/1044
f 1250/1929/1044 1252/1935/1046 933/1781/728
f 1252/1935/1046 932/1783/727 933/1781/728
f 923/1777/718 1253/1931/1047 1251/1930/1045
f 1253/1931/1047 1254/1936/1048 1251/1930/1045
f 1251/1930/1045 1254/1936/1048 1252/1935/1046
f 1254/1936/1048 1255/1937/1049 1252/1935/1046
f 1252/1935/1046 1255/1937/1049 932/1783/727
f 1255/1937/1049 931/1785/726 932/1783/727
f 924/1776/719 1256/1932/1050 1253/1931/1047
f 1256/1932/1050 1257/1938/1051 1253/1931/1047
f 1253/1931/1047 1257/1938/1051 1254/1936/1048
f 1257/1938/1051 1258/1939/1052 1254/1936/1048
f 1254/1936/1048 1258/1939/1052 1255/1937/1049
f 1258/1939/1052 1259/1940/1053 1255/1937/1049
f 1255/1937/1049 1259/1940/1053 931/1785/726
f 1259/1940/1053 930/1941/725 931/1785/726
f 925/1775/720 1260/1933/1054 1256/1932/1050
f 1260/1933/1054 1261/1942/1055 1256/1932/1050
f 1256/1932/1050 1261/1942/1055 1257/1938/1051
f 1261/1942/1055 1262/1943/1056 1257/1938/1051
f 1257/1938/1051 1262/1943/1056 1258/1939/1052
f 1262/1943/1056 1263/1944/1057 1258/1939/1052
f 1258/1939/1052 1263/1944/1057 1259/1940/1053
f 1263/1944/1057 1264/1945/1058 1259/1940/1053
f 1259/1940/1053 1264/1945/1058 930/1941/725
f 1264/1946/1058 929/1790/724 930/1787/725
f 926/1774/721 1265/1934/1059 1260/1933/1054
f 1265/1934/1059 1266/1947/1060 1260/1933/1054
f 1260/1933/1054 1266/1947/1060 1261/1942/1055
f 1266/1947/1060 1267/1948/1061 1261/1942/1055
f 1261/1942/1055 1267/1948/1061 1262/1943/1056
f 1267/1948/1061 1268/1949/1062 1262/1943/1056
f 1262/1943/1056 1268/1949/1062 1263/1944/1057
f 1268/1949/1062 1269/1950/1063 1263/1944/1057
f 1263/1944/1057 1269/1950/1063 1264/1945/1058
f 1269/1950/1063 1270/1951/1064 1264/1945/1058
f 1264/1946/1058 1270/1952/1064 929/1790/724
f 1270/1952/1064 928/1484/723 929/1790/724
f 927/1478/722 871/1477/667 1265/1934/1059
f 871/1477/667 870/1953/666 1265/1934/1059
f 1265/1934/1059 870/1953/666 1266/1947/1060
f 870/1953/666 869/1954/665 1266/1947/1060
f 1266/1947/1060 869/1954/665 1267/1948/1061
f 869/1954/665 868/1955/664 1267/1948/1061
f 1267/1948/1061 868/1955/664 1268/1949/1062
f 868/1955/664 867/1956/663 1268/1949/1062
f 1268/1949/1062 867/1956/663 1269/1950/1063
f 867/1956/663 866/1957/662 1269/1950/1063
f 1269/1958/1063 866/1959/662 1270/1952/1064
f 866/1959/662 865/1960/661 1270/1952/1064
f 1270/1952/1064 865/1960/661 928/1484/723
f 865/1960/661 800/1473/597 928/1484/723
f 907/1816/702 920/1817/715 804/1490/601
f 908/1815/703 1271/1961/1065 907/1816/702
f 909/1814/704 1272/1962/1066 908/1815/703
f 910/1813/705 1274/1963/1068 909/1814/704
f 911/1812/706 1277/1964/1071 910/1813/705
f 912/1811/707 1281/1965/1075 911/1812/706
f 913/1475/708 1286/1966/1080 912/1811/707
f 907/1816/702 1271/1961/1065 920/1817/715
f 1271/1961/1065 919/1818/714 920/1817/715
f 908/1815/703 1272/1962/1066 1271/1961/1065
f 1272/1962/1066 1273/1967/1067 1271/1961/1065
f 1271/1961/1065 1273/1967/1067 919/1818/714
f 1273/1967/1067 918/1820/713 919/1818/714
f 909/1814/704 1274/1963/1068 1272/1962/1066
f 1274/1963/1068 1275/1968/1069 1272/1962/1066
f 1272/1962/1066 1275/1968/1069 1273/1967/1067
f 1275/1968/1069 1276/1969/1070 1273/1967/1067
f 1273/1967/1067 1276/1969/1070 918/1820/713
f 1276/1969/1070 917/1822/712 918/1820/713
f 910/1813/705 1277/1964/1071 1274/1963/1068
f 1277/1964/1071 1278/1970/1072 1274/1963/1068
f 1274/1963/1068 1278/1970/1072 1275/1968/1069
f 1278/1970/1072 1279/1971/1073 1275/1968/1069
f 1275/1968/1069 1279/1971/1073 1276/1969/1070
f 1279/1971/1073 1280/1972/1074 1276/1969/1070
f 1276/1969/1070 1280/1972/1074 917/1822/712
f 1280/1972/1074 916/1824/711 917/1822/712
f 911/1812/706 1281/1965/1075 1277/1964/1071
f 1281/1965/1075 1282/1973/1076 1277/1964/1071
f 1277/1964/1071 1282/1973/1076 1278/1970/1072
f 1282/1973/1076 1283/1974/1077 1278/1970/1072
f 1278/1970/1072 1283/1974/1077 1279/1971/1073
f 1283/1974/1077 1284/1975/1078 1279/1971/1073
f 1279/1971/1073 1284/1975/1078 1280/1972/1074
f 1284/1975/1078 1285/1976/1079 1280/1972/1074
f 1280/1972/1074 1285/1976/1079 916/1824/711
f 1285/1976/1079 915/1826/710 916/1824/711
f 912/1811/707 1286/1966/1080 1281/1965/1075
f 1286/1966/1080 1287/1977/1081 1281/1965/1075
f 1281/1965/1075 1287/1977/1081 1282/1973/1076
f 1287/1977/1081 1288/1978/1082 1282/1973/1076
f 1282/1973/1076 1288/1978/1082 1283/1974/1077
f 1288/1978/1082 1289/1979/1083 1283/1974/1077
f 1283/1974/1077 1289/1979/1083 1284/1975/1078
f 1289/1979/1083 1290/1980/1084 1284/1975/1078
f 1284/1975/1078 1290/1980/1084 1285/1976/1079
f 1290/1980/1084 1291/1981/1085 1285/1976/1079
f 1285/1976/1079 1291/1981/1085 915/1826/710
f 1291/1981/1085 914/1828/709 915/1826/710
f 913/1475/708 857/1474/653 1286/1966/1080
f 857/1474/653 856/1982/652 1286/1966/1080
f 1286/1966/1080 856/1982/652 1287/1977/1081
f 856/1982/652 855/1983/651 1287/1977/1081
f 1287/1977/1081 855/1983/651 1288/1978/1082
f 855/1983/651 854/1984/650 1288/1978/1082
f 1288/1978/1082 854/1984/650 1289/1979/1083
f 854/1984/650 853/1985/649 1289/1979/1083
f 1289/1979/1083 853/1985/649 1290/1980/1084
f 853/1985/649 852/1986/648 1290/1980/1084
f 1290/1980/1084 852/1986/648 1291/1981/1085
f 852/1986/648 851/1987/647 1291/1981/1085
f 1291/1981/1085 851/1987/647 914/1828/709
f 851/1987/647 799/1988/596 914/1828/709
f 893/1856/689 906/1857/701 803/1487/600
f 894/1855/690 1292/1989/1086 893/1856/689
f 895/1854/691 1293/1990/1087 894/1855/690
f 896/1853/53 1295/1991/1089 895/1854/691
f 897/1852/692 1298/1992/1092 896/1853/53
f 898/1851/693 1302/1993/1096 897/1852/692
f 899/1472/694 1307/1994/1101 898/1851/693
f 893/1856/689 1292/1989/1086 906/1857/701
f 1292/1989/1086 905/1858/700 906/1857/701
f 894/1855/690 1293/1990/1087 1292/1989/1086
f 1293/1990/1087 1294/1995/1088 1292/1989/1086
f 1292/1989/1086 1294/1995/1088 905/1858/700
f 1294/1995/1088 904/1860/699 905/1858/700
f 895/1854/691 1295/1991/1089 1293/1990/1087
f 1295/1991/1089 1296/1996/1090 1293/1990/1087
f 1293/1990/1087 1296/1996/1090 1294/1995/1088
f 1296/1996/1090 1297/1997/1091 1294/1995/1088
f 1294/1995/1088 1297/1997/1091 904/1860/699
f 1297/1997/1091 903/1862/698 904/1860/699
f 896/1853/53 1298/1992/1092 1295/1991/1089
f 1298/1992/1092 1299/1998/1093 1295/1991/1089
f 1295/1991/1089 1299/1998/1093 1296/1996/1090
f 1299/1998/1093 1300/1999/1094 1296/1996/1090
f 1296/1996/1090 1300/1999/1094 1297/1997/1091
f 1300/1999/1094 1301/2000/1095 1297/1997/1091
f 1297/1997/1091 1301/2000/1095 903/1862/698
f 1301/2000/1095 902/1864/697 903/1862/698
f 897/1852/692 1302/1993/1096 1298/1992/1092
f 1302/1993/1096 1303/2001/1097 1298/1992/1092
f 1298/1992/1092 1303/2001/1097 1299/1998/1093
f 1303/2001/1097 1304/2002/1098 1299/1998/1093
f 1299/1998/1093 1304/2002/1098 1300/1999/1094
f 1304/2002/1098 1305/2003/1099 1300/1999/1094
f 1300/1999/1094 1305/2003/1099 1301/2000/1095
f 1305/2003/1099 1306/2004/1100 1301/2000/1095
f 1301/2000/1095 1306/2004/1100 902/1864/697
f 1306/2004/1100 901/1866/696 902/1864/697
f 898/1851/693 1307/1994/1101 1302/1993/1096
f 1307/1994/1101 1308/2005/1102 1302/1993/1096
f 1302/1993/1096 1308/2005/1102 1303/2001/1097
f 1308/2005/1102 1309/2006/1103 1303/2001/1097
f 1303/2001/1097 1309/2006/1103 1304/2002/1098
f 1309/2006/1103 1310/2007/1104 1304/2002/1098
f 1304/2002/1098 1310/2007/1104 1305/2003/1099
f 1310/2007/1104 1311/2008/1105 1305/2003/1099
f 1305/2003/1099 1311/2008/1105 1306/2004/1100
f 1311/2008/1105 1312/2009/1106 1306/2004/1100
f 1306/2004/1100 1312/2009/1106 901/1866/696
f 1312/2009/1106 900/1482/695 901/1866/696
f 899/1472/694 829/1471/625 1307/1994/1101
f 829/1471/625 828/2010/624 1307/1994/1101
f 1307/1994/1101 828/2010/624 1308/2005/1102
f 828/2010/624 827/2011/623 1308/2005/1102
f 1308/2005/1102 827/2011/623 1309/2006/1103
f 827/2011/623 826/2012/622 1309/2006/1103
f 1309/2006/1103 826/2012/622 1310/2007/1104
f 826/2012/622 825/2013/621 1310/2007/1104
f 1310/2007/1104 825/2013/621 1311/2008/1105
f 825/2013/621 824/2014/620 1311/2008/1105
f 1311/2008/1105 824/2014/620 1312/2009/1106
f 824/2014/620 823/2015/619 1312/2009/1106
f 1312/2009/1106 823/2015/619 900/1482/695
f 823/2015/619 798/1463/595 900/1482/695
f 879/1892/675 892/1714/688 807/1499/604
f 880/1891/676 1313/2016/1107 879/1892/675
f 881/1890/677 1314/2017/1108 880/1891/676
f 882/2018/678 1316/2019/1110 881/1890/677
f 883/1887/679 1319/2020/1113 882/1888/678
f 884/1886/680 1323/2021/1117 883/1887/679
f 885/1469/681 1328/2022/1122 884/1886/680
f 879/1892/675 1313/2016/1107 892/1714/688
f 1313/2016/1107 891/1715/687 892/1714/688
f 880/1891/676 1314/2017/1108 1313/2016/1107
f 1314/2017/1108 1315/2023/1109 1313/2016/1107
f 1313/2016/1107 1315/2023/1109 891/1715/687
f 1315/2023/1109 890/1717/686 891/1715/687
f 881/1890/677 1316/2019/1110 1314/2017/1108
f 1316/2019/1110 1317/2024/1111 1314/2017/1108
f 1314/2017/1108 1317/2024/1111 1315/2023/1109
f 1317/2024/1111 1318/2025/1112 1315/2023/1109
f 1315/2023/1109 1318/2025/1112 890/1717/686
f 1318/2025/1112 889/1719/685 890/1717/686
f 882/2018/678 1319/2026/1113 1316/2019/1110
f 1319/2026/1113 1320/2027/1114 1316/2019/1110
f 1316/2019/1110 1320/2027/1114 1317/2024/1111
f 1320/2027/1114 1321/2028/1115 1317/2024/1111
f 1317/2024/1111 1321/2028/1115 1318/2025/1112
f 1321/2028/1115 1322/2029/1116 1318/2025/1112
f 1318/2025/1112 1322/2029/1116 889/1719/685
f 1322/2029/1116 888/1721/684 889/1719/685
f 883/1887/679 1323/2021/1117 1319/2020/1113
f 1323/2030/1117 1324/2031/1118 1319/2026/1113
f 1319/2026/1113 1324/2031/1118 1320/2027/1114
f 1324/2031/1118 1325/2032/1119 1320/2027/1114
f 1320/2027/1114 1325/2032/1119 1321/2028/1115
f 1325/2032/1119 1326/2033/1120 1321/2028/1115
f 1321/2028/1115 1326/2033/1120 1322/2029/1116
f 1326/2033/1120 1327/2034/1121 1322/2029/1116
f 1322/2029/1116 1327/2034/1121 888/1721/684
f 1327/2034/1121 887/1723/683 888/1721/684
f 884/1886/680 1328/2022/1122 1323/2021/1117
f 1328/2022/1122 1329/2035/1123 1323/2021/1117
f 1323/2030/1117 1329/2036/1123 1324/2031/1118
f 1329/2036/1123 1330/2037/1124 1324/2031/1118
f 1324/2031/1118 1330/2037/1124 1325/2032/1119
f 1330/2037/1124 1331/2038/1125 1325/2032/1119
f 1325/2032/1119 1331/2038/1125 1326/2033/1120
f 1331/2038/1125 1332/2039/1126 1326/2033/1120
f 1326/2033/1120 1332/2039/1126 1327/2034/1121
f 1332/2039/1126 1333/2040/1127 1327/2034/1121
f 1327/2034/1121 1333/2040/1127 887/1723/683
f 1333/2040/1127 886/1486/682 887/1723/683
f 885/1469/681 836/1465/632 1328/2022/1122
f 836/1465/632 835/2041/631 1328/2022/1122
f 1328/2022/1122 835/2041/631 1329/2035/1123
f 835/2042/631 834/2043/630 1329/2036/1123
f 1329/2036/1123 834/2043/630 1330/2037/1124
f 834/2043/630 833/2044/629 1330/2037/1124
f 1330/2037/1124 833/2044/629 1331/2038/1125
f 833/2044/629 832/2045/628 1331/2038/1125
f 1331/2038/1125 832/2045/628 1332/2039/1126
f 832/2045/628 831/2046/627 1332/2039/1126
f 1332/2039/1126 831/2046/627 1333/2040/1127
f 831/2046/627 830/2047/626 1333/2040/1127
f 1333/2040/1127 830/2047/626 886/1486/682
f 830/2047/626 802/1479/599 886/1486/682
f 843/2048/639 878/1480/674 802/1479/599
f 842/2049/638 1334/2050/1128 843/2048/639
f 841/2051/637 1335/2052/1129 842/2049/638
f 840/2053/636 1337/2054/1131 841/2055/637
f 839/2056/635 1340/2057/1134 840/2053/636
f 838/2058/634 1344/2059/1138 839/2056/635
f 837/1468/633 1349/2060/1143 838/2058/634
f 843/2048/639 1334/2050/1128 878/1480/674
f 1334/2050/1128 877/1922/673 878/1480/674
f 842/2049/638 1335/2052/1129 1334/2050/1128
f 1335/2052/1129 1336/2061/1130 1334/2050/1128
f 1334/2050/1128 1336/2061/1130 877/1922/673
f 1336/2061/1130 876/1923/672 877/1922/673
f 841/2055/637 1337/2054/1131 1335/2062/1129
f 1337/2054/1131 1338/2063/1132 1335/2062/1129
f 1335/2052/1129 1338/2064/1132 1336/2061/1130
f 1338/2064/1132 1339/2065/1133 1336/2061/1130
f 1336/2061/1130 1339/2065/1133 876/1923/672
f 1339/2065/1133 875/1924/671 876/1923/672
f 840/2053/636 1340/2057/1134 1337/2054/1131
f 1340/2057/1134 1341/2066/1135 1337/2054/1131
f 1337/2054/1131 1341/2066/1135 1338/2063/1132
f 1341/2066/1135 1342/2067/1136 1338/2063/1132
f 1338/2063/1132 1342/2067/1136 1339/2068/1133
f 1342/2067/1136 1343/2069/1137 1339/2068/1133
f 1339/2065/1133 1343/2070/1137 875/1924/671
f 1343/2071/1137 874/1926/670 875/1925/671
f 839/2056/635 1344/2059/1138 1340/2057/1134
f 1344/2059/1138 1345/2072/1139 1340/2057/1134
f 1340/2057/1134 1345/2072/1139 1341/2066/1135
f 1345/2072/1139 1346/2073/1140 1341/2066/1135
f 1341/2066/1135 1346/2073/1140 1342/2067/1136
f 1346/2073/1140 1347/2074/1141 1342/2067/1136
f 1342/2067/1136 1347/2074/1141 1343/2069/1137
f 1347/2075/1141 1348/2076/1142 1343/2071/1137
f 1343/2071/1137 1348/2076/1142 874/1926/670
f 1348/2076/1142 873/1927/669 874/1926/670
f 838/2058/634 1349/2060/1143 1344/2059/1138
f 1349/2060/1143 1350/2077/1144 1344/2059/1138
f 1344/2059/1138 1350/2077/1144 1345/2072/1139
f 1350/2077/1144 1351/2078/1145 1345/2072/1139
f 1345/2072/1139 1351/2078/1145 1346/2073/1140
f 1351/2078/1145 1352/2079/1146 1346/2073/1140
f 1346/2073/1140 1352/2079/1146 1347/2074/1141
f 1352/2079/1146 1353/2080/1147 1347/2074/1141
f 1347/2075/1141 1353/2081/1147 1348/2076/1142
f 1353/2081/1147 1354/2082/1148 1348/2076/1142
f 1348/2076/1142 1354/2082/1148 873/1927/669
f 1354/2082/1148 872/1928/668 873/1927/669
f 837/1468/633 864/1467/660 1349/2060/1143
f 864/1467/660 863/2083/659 1349/2060/1143
f 1349/2060/1143 863/2083/659 1350/2077/1144
f 863/2083/659 862/2084/658 1350/2077/1144
f 1350/2077/1144 862/2084/658 1351/2078/1145
f 862/2084/658 861/2085/657 1351/2078/1145
f 1351/2078/1145 861/2085/657 1352/2079/1146
f 861/2085/657 860/2086/656 1352/2079/1146
f 1352/2079/1146 860/2086/656 1353/2080/1147
f 860/2087/656 859/2088/655 1353/2081/1147
f 1353/2081/1147 859/2088/655 1354/2082/1148
f 859/2088/655 858/2089/654 1354/2082/1148
f 1354/2082/1148 858/2089/654 872/1928/668
f 858/2089/654 801/1476/598 872/1928/668
f 858/2089/654 871/1477/667 801/1476/598
f 859/2088/655 1355/2090/1149 858/2089/654
f 860/2087/656 1356/2091/1150 859/2088/655
f 861/2085/657 1358/2092/1152 860/2086/656
f 862/2084/658 1361/2093/1155 861/2085/657
f 863/2083/659 1365/2094/1159 862/2084/658
f 864/1467/660 1370/2095/1164 863/2083/659
f 858/2089/654 1355/2090/1149 871/1477/667
f 1355/2090/1149 870/1953/666 871/1477/667
f 859/2088/655 1356/2091/1150 1355/2090/1149
f 1356/2091/1150 1357/2096/1151 1355/2090/1149
f 1355/2090/1149 1357/2096/1151 870/1953/666
f 1357/2096/1151 869/1954/665 870/1953/666
f 860/2087/656 1358/2097/1152 1356/2091/1150
f 1358/2097/1152 1359/2098/1153 1356/2091/1150
f 1356/2091/1150 1359/2098/1153 1357/2096/1151
f 1359/2098/1153 1360/2099/1154 1357/2096/1151
f 1357/2096/1151 1360/2099/1154 869/1954/665
f 1360/2099/1154 868/1955/664 869/1954/665
f 861/2085/657 1361/2093/1155 1358/2092/1152
f 1361/2093/1155 1362/2100/1156 1358/2092/1152
f 1358/2092/1152 1362/2100/1156 1359/2101/1153
f 1362/2100/1156 1363/2102/1157 1359/2101/1153
f 1359/2098/1153 1363/2103/1157 1360/2099/1154
f 1363/2103/1157 1364/2104/1158 1360/2099/1154
f 1360/2099/1154 1364/2104/1158 868/1955/664
f 1364/2104/1158 867/1956/663 868/1955/664
f 862/2084/658 1365/2094/1159 1361/2093/1155
f 1365/2094/1159 1366/2105/1160 1361/2093/1155
f 1361/2093/1155 1366/2105/1160 1362/2100/1156
f 1366/2105/1160 1367/2106/1161 1362/2100/1156
f 1362/2100/1156 1367/2106/1161 1363/2102/1157
f 1367/2106/1161 1368/2107/1162 1363/2102/1157
f 1363/2102/1157 1368/2107/1162 1364/2108/1158
f 1368/2109/1162 1369/2110/1163 1364/2104/1158
f 1364/2104/1158 1369/2110/1163 867/1956/663
f 1369/2110/1163 866/1957/662 867/1956/663
f 863/2083/659 1370/2095/1164 1365/2094/1159
f 1370/2095/1164 1371/2111/1165 1365/2094/1159
f 1365/2094/1159 1371/2111/1165 1366/2105/1160
f 1371/2111/1165 1372/2112/1166 1366/2105/1160
f 1366/2105/1160 1372/2112/1166 1367/2106/1161
f 1372/2112/1166 1373/2113/1167 1367/2106/1161
f 1367/2106/1161 1373/2113/1167 1368/2107/1162
f 1373/2113/1167 1374/2114/1168 1368/2107/1162
f 1368/2107/1162 1374/2114/1168 1369/2115/1163
f 1374/2116/1168 1375/2117/1169 1369/2118/1163
f 1369/2118/1163 1375/2117/1169 866/1959/662
f 1375/2117/1169 865/1960/661 866/1959/662
f 864/1467/660 850/1466/646 1370/2095/1164
f 850/1466/646 849/2119/645 1370/2095/1164
f 1370/2095/1164 849/2119/645 1371/2111/1165
f 849/2119/645 848/2120/644 1371/2111/1165
f 1371/2111/1165 848/2120/644 1372/2112/1166
f 848/2120/644 847/2121/643 1372/2112/1166
f 1372/2112/1166 847/2121/643 1373/2113/1167
f 847/2121/643 846/2122/642 1373/2113/1167
f 1373/2113/1167 846/2122/642 1374/2114/1168
f 846/2122/642 845/2123/641 1374/2114/1168
f 1374/2116/1168 845/2124/641 1375/2117/1169
f 845/2124/641 844/2125/640 1375/2117/1169
f 1375/2117/1169 844/2125/640 865/1960/661
f 844/2125/640 800/1473/597 865/1960/661
f 844/2125/640 857/1474/653 800/1473/597
f 845/2124/641 1376/2126/1170 844/2125/640
f 846/2127/642 1377/2128/1171 845/2124/641
f 847/2121/643 1379/2129/1173 846/2122/642
f 848/2120/644 1382/2130/1176 847/2121/643
f 849/2119/645 1386/2131/1180 848/2120/644
f 850/1466/646 1391/2132/1185 849/2119/645
f 844/2125/640 1376/2126/1170 857/1474/653
f 1376/2126/1170 856/1982/652 857/1474/653
f 845/2124/641 1377/2128/1171 1376/2126/1170
f 1377/2128/1171 1378/2133/1172 1376/2126/1170
f 1376/2126/1170 1378/2133/1172 856/1982/652
f 1378/2133/1172 855/1983/651 856/1982/652
f 846/2122/642 1379/2129/1173 1377/2134/1171
f 1379/2135/1173 1380/2136/1174 1377/2128/1171
f 1377/2128/1171 1380/2136/1174 1378/2133/1172
f 1380/2136/1174 1381/2137/1175 1378/2133/1172
f 1378/2133/1172 1381/2137/1175 855/1983/651
f 1381/2137/1175 854/1984/650 855/1983/651
f 847/2121/643 1382/2130/1176 1379/2129/1173
f 1382/2130/1176 1383/2138/1177 1379/2129/1173
f 1379/2129/1173 1383/2138/1177 1380/2139/1174
f 1383/2138/1177 1384/2140/1178 1380/2139/1174
f 1380/2136/1174 1384/2141/1178 1381/2137/1175
f 1384/2141/1178 1385/2142/1179 1381/2137/1175
f 1381/2137/1175 1385/2142/1179 854/1984/650
f 1385/2142/1179 853/1985/649 854/1984/650
f 848/2120/644 1386/2131/1180 1382/2130/1176
f 1386/2131/1180 1387/2143/1181 1382/2130/1176
f 1382/2130/1176 1387/2143/1181 1383/2138/1177
f 1387/2143/1181 1388/2144/1182 1383/2138/1177
f 1383/2138/1177 1388/2144/1182 1384/2140/1178
f 1388/2144/1182 1389/2145/1183 1384/2140/1178
f 1384/2141/1178 1389/2146/1183 1385/2142/1179
f 1389/2146/1183 1390/2147/1184 1385/2142/1179
f 1385/2142/1179 1390/2147/1184 853/1985/649
f 1390/2147/1184 852/1986/648 853/1985/649
f 849/2119/645 1391/2132/1185 1386/2131/1180
f 1391/2132/1185 1392/2148/1186 1386/2131/1180
f 1386/2131/1180 1392/2148/1186 1387/2143/1181
f 1392/2148/1186 1393/2149/1187 1387/2143/1181
f 1387/2143/1181 1393/2149/1187 1388/2144/1182
f 1393/2149/1187 1394/2150/1188 1388/2144/1182
f 1388/2144/1182 1394/2150/1188 1389/2145/1183
f 1394/2150/1188 1395/2151/1189 1389/2145/1183
f 1389/2146/1183 1395/2152/1189 1390/2147/1184
f 1395/2152/1189 1396/2153/1190 1390/2147/1184
f 1390/2147/1184 1396/2153/1190 852/1986/648
f 1396/2153/1190 851/1987/647 852/1986/648
f 850/1466/646 815/1462/611 1391/2132/1185
f 815/1462/611 814/2154/610 1391/2132/1185
f 1391/2132/1185 814/2154/610 1392/2148/1186
f 814/2154/610 813/2155/609 1392/2148/1186
f 1392/2148/1186 813/2155/609 1393/2149/1187
f 813/2155/609 812/2156/608 1393/2149/1187
f 1393/2149/1187 812/2156/608 1394/2150/1188
f 812/2156/608 811/2157/607 1394/2150/1188
f 1394/2150/1188 811/2157/607 1395/2151/1189
f 811/2157/607 810/2158/606 1395/2151/1189
f 1395/2152/1189 810/2159/606 1396/2153/1190
f 810/2159/606 809/2160/605 1396/2153/1190
f 1396/2153/1190 809/2160/605 851/1987/647
f 809/2160/605 799/1988/596 851/1987/647
f 830/2047/626 843/2048/639 802/1479/599
f 831/2046/627 1397/2161/1191 830/2047/626
f 832/2045/628 1398/2162/1192 831/2046/627
f 833/2044/629 1400/2163/1194 832/2045/628
f 834/2043/630 1403/2164/1197 833/2044/629
f 835/2042/631 1407/2165/1201 834/2043/630
f 836/1465/632 1412/2166/1206 835/2041/631
f 830/2047/626 1397/2161/1191 843/2048/639
f 1397/2161/1191 842/2049/638 843/2048/639
f 831/2046/627 1398/2162/1192 1397/2161/1191
f 1398/2162/1192 1399/2167/1193 1397/2161/1191
f 1397/2161/1191 1399/2167/1193 842/2049/638
f 1399/2167/1193 841/2051/637 842/2049/638
f 832/2045/628 1400/2163/1194 1398/2162/1192
f 1400/2163/1194 1401/2168/1195 1398/2162/1192
f 1398/2162/1192 1401/2168/1195 1399/2167/1193
f 1401/2168/1195 1402/2169/1196 1399/2167/1193
f 1399/2167/1193 1402/2169/1196 841/2051/637
f 1402/2170/1196 840/2053/636 841/2055/637
f 833/2044/629 1403/2164/1197 1400/2163/1194
f 1403/2164/1197 1404/2171/1198 1400/2163/1194
f 1400/2163/1194 1404/2171/1198 1401/2168/1195
f 1404/2172/1198 1405/2173/1199 1401/2174/1195
f 1401/2174/1195 1405/2173/1199 1402/2170/1196
f 1405/2173/1199 1406/2175/1200 1402/2170/1196
f 1402/2170/1196 1406/2175/1200 840/2053/636
f 1406/2175/1200 839/2056/635 840/2053/636
f 834/2043/630 1407/2165/1201 1403/2164/1197
f 1407/2165/1201 1408/2176/1202 1403/2164/1197
f 1403/2164/1197 1408/2176/1202 1404/2171/1198
f 1408/2177/1202 1409/2178/1203 1404/2172/1198
f 1404/2172/1198 1409/2178/1203 1405/2173/1199
f 1409/2178/1203 1410/2179/1204 1405/2173/1199
f 1405/2173/1199 1410/2179/1204 1406/2175/1200
f 1410/2179/1204 1411/2180/1205 1406/2175/1200
f 1406/2175/1200 1411/2180/1205 839/2056/635
f 1411/2180/1205 838/2058/634 839/2056/635
f 835/2041/631 1412/2166/1206 1407/2181/1201
f 1412/2166/1206 1413/2182/1207 1407/2181/1201
f 1407/2183/1201 1413/2184/1207 1408/2177/1202
f 1413/2184/1207 1414/2185/1208 1408/2177/1202
f 1408/2177/1202 1414/2185/1208 1409/2178/1203
f 1414/2185/1208 1415/2186/1209 1409/2178/1203
f 1409/2178/1203 1415/2186/1209 1410/2179/1204
f 1415/2186/1209 1416/2187/1210 1410/2179/1204
f 1410/2179/1204 1416/2187/1210 1411/2180/1205
f 1416/2187/1210 1417/2188/1211 1411/2180/1205
f 1411/2180/1205 1417/2188/1211 838/2058/634
f 1417/2188/1211 837/1468/633 838/2058/634
f 836/1465/632 822/1464/618 1412/2166/1206
f 822/1464/618 821/2189/617 1412/2166/1206
f 1412/2166/1206 821/2189/617 1413/2182/1207
f 821/2189/617 820/2190/616 1413/2182/1207
f 1413/2184/1207 820/2191/616 1414/2185/1208
f 820/2191/616 819/2192/615 1414/2185/1208
f 1414/2185/1208 819/2192/615 1415/2186/1209
f 819/2192/615 818/2193/614 1415/2186/1209
f 1415/2186/1209 818/2193/614 1416/2187/1210
f 818/2193/614 817/2194/613 1416/2187/1210
f 1416/2187/1210 817/2194/613 1417/2188/1211
f 817/2194/613 816/1461/612 1417/2188/1211
f 1417/2188/1211 816/1461/612 837/1468/633
f 816/1461/612 797/1460/407 837/1468/633
f 809/2195/605 829/1471/625 799/1470/596
f 810/2196/606 1418/2197/1212 809/2195/605
f 811/2157/607 1419/2198/1213 810/2158/606
f 812/2156/608 1421/2199/1215 811/2157/607
f 813/2155/609 1424/2200/1218 812/2156/608
f 814/2154/610 1428/2201/1222 813/2155/609
f 815/1462/611 1433/2202/1227 814/2154/610
f 809/2195/605 1418/2197/1212 829/1471/625
f 1418/2197/1212 828/2010/624 829/1471/625
f 810/2196/606 1419/2203/1213 1418/2197/1212
f 1419/2203/1213 1420/2204/1214 1418/2197/1212
f 1418/2197/1212 1420/2204/1214 828/2010/624
f 1420/2204/1214 827/2011/623 828/2010/624
f 811/2157/607 1421/2199/1215 1419/2198/1213
f 1421/2199/1215 1422/2205/1216 1419/2198/1213
f 1419/2203/1213 1422/2206/1216 1420/2204/1214
f 1422/2206/1216 1423/2207/1217 1420/2204/1214
f 1420/2204/1214 1423/2207/1217 827/2011/623
f 1423/2207/1217 826/2012/622 827/2011/623
f 812/2156/608 1424/2200/1218 1421/2199/1215
f 1424/2200/1218 1425/2208/1219 1421/2199/1215
f 1421/2199/1215 1425/2208/1219 1422/2205/1216
f 1425/2209/1219 1426/2210/1220 1422/2206/1216
f 1422/2206/1216 1426/2210/1220 1423/2207/1217
f 1426/2210/1220 1427/2211/1221 1423/2207/1217
f 1423/2207/1217 1427/2211/1221 826/2012/622
f 1427/2211/1221 825/2013/621 826/2012/622
f 813/2155/609 1428/2201/1222 1424/2200/1218
f 1428/2201/1222 1429/2212/1223 1424/2200/1218
f 1424/2200/1218 1429/2212/1223 1425/2208/1219
f 1429/2212/1223 1430/2213/1224 1425/2208/1219
f 1425/2208/1219 1430/2213/1224 1426/2214/1220
f 1430/2215/1224 1431/2216/1225 1426/2210/1220
f 1426/2210/1220 1431/2216/1225 1427/2211/1221
f 1431/2216/1225 1432/2217/1226 1427/2211/1221
f 1427/2211/1221 1432/2217/1226 825/2013/621
f 1432/2217/1226 824/2014/620 825/2013/621
f 814/2154/610 1433/2202/1227 1428/2201/1222
f 1433/2202/1227 1434/2218/1228 1428/2201/1222
f 1428/2201/1222 1434/2218/1228 1429/2212/1223
f 1434/2218/1228 1435/2219/1229 1429/2212/1223
f 1429/2212/1223 1435/2219/1229 1430/2213/1224
f 1435/2219/1229 1436/2220/1230 1430/2213/1224
f 1430/2213/1224 1436/2220/1230 1431/2221/1225
f 1436/2222/1230 1437/2223/1231 1431/2216/1225
f 1431/2216/1225 1437/2223/1231 1432/2217/1226
f 1437/2223/1231 1438/2224/1232 1432/2217/1226
f 1432/2217/1226 1438/2224/1232 824/2014/620
f 1438/2224/1232 823/2015/619 824/2014/620
f 815/1462/611 816/1461/612 1433/2202/1227
f 816/1461/612 817/2194/613 1433/2202/1227
f 1433/2202/1227 817/2194/613 1434/2218/1228
f 817/2194/613 818/2193/614 1434/2218/1228
f 1434/2218/1228 818/2193/614 1435/2219/1229
f 818/2193/614 819/2192/615 1435/2219/1229
f 1435/2219/1229 819/2192/615 1436/2220/1230
f 819/2192/615 820/2191/616 1436/2220/1230
f 1436/2222/1230 820/2190/616 1437/2223/1231
f 820/2190/616 821/2189/617 1437/2223/1231
f 1437/2223/1231 821/2189/617 1438/2224/1232
f 821/2189/617 822/1464/618 1438/2224/1232
f 1438/2224/1232 822/1464/618 823/2015/619
f 822/1464/618 798/1463/595 823/2015/619
f 1439/2225/407 1454/2226/1246 1453/2227/1245
f 1440/2228/1233 1456/2229/1248 1462/2230/1254
f 1439/2225/407 1453/2227/1245 1468/2231/1260
f 1439/2225/407 1468/2231/1260 1474/2232/1266
f 1439/2225/407 1474/2232/1266 1463/2233/1255
f 1440/2228/1233 1462/2230/1254 1483/2234/1275
f 1441/2235/1234 1459/2236/1251 1489/2237/1280
f 1442/2238/1235 1471/2239/1263 1495/2240/1286
f 1443/2241/1236 1477/2242/1269 1501/2243/1292
f 1444/2244/1237 1480/2245/1272 1507/2246/1298
f 1440/2228/1233 1483/2234/1275 1490/2247/1281
f 1441/2235/1234 1489/2237/1280 1496/2248/1287
f 1442/2238/1235 1495/2240/1286 1502/2249/1293
f 1443/2241/1236 1501/2243/1292 1508/2250/1299
f 1444/2244/1237 1507/2246/1298 1484/2251/1276
f 1445/2252/1238 1513/2253/1303 1528/2254/1318
f 1446/2255/1239 1516/2256/1306 1534/2257/1324
f 1447/2258/1240 1519/2259/1309 1537/2260/1327
f 1448/2261/1241 1522/2262/1312 1540/2263/1330
f 1449/2264/1242 1525/2265/1315 1529/2266/1319
f 1531/2267/1321 1538/2268/1328 1450/2269/418
f 1530/2270/1320 1541/2271/1331 1531/2267/1321
f 1529/2272/1319 1542/2273/1332 1530/2270/1320
f 1531/2267/1321 1541/2271/1331 1538/2268/1328
f 1541/2271/1331 1539/2274/1329 1538/2268/1328
f 1530/2270/1320 1542/2273/1332 1541/2271/1331
f 1542/2273/1332 1543/2275/1333 1541/2271/1331
f 1541/2271/1331 1543/2275/1333 1539/2274/1329
f 1543/2275/1333 1540/2263/1330 1539/2274/1329
f 1529/2272/1319 1525/2276/1315 1542/2273/1332
f 1525/2265/1315 1524/2277/1314 1542/2278/1332
f 1542/2273/1332 1524/2279/1314 1543/2275/1333
f 1524/2279/1314 1523/2280/1313 1543/2275/1333
f 1543/2275/1333 1523/2280/1313 1540/2263/1330
f 1523/2280/1313 1448/2261/1241 1540/2263/1330
f 1538/2268/1328 1535/2281/1325 1450/2269/418
f 1539/2274/1329 1544/2282/1334 1538/2268/1328
f 1540/2263/1330 1545/2283/1335 1539/2274/1329
f 1538/2268/1328 1544/2282/1334 1535/2281/1325
f 1544/2282/1334 1536/2284/1326 1535/2281/1325
f 1539/2274/1329 1545/2283/1335 1544/2282/1334
f 1545/2283/1335 1546/2285/1336 1544/2282/1334
f 1544/2282/1334 1546/2285/1336 1536/2284/1326
f 1546/2285/1336 1537/2286/1327 1536/2284/1326
f 1540/2263/1330 1522/2262/1312 1545/2283/1335
f 1522/2287/1312 1521/2288/1311 1545/2289/1335
f 1545/2283/1335 1521/2290/1311 1546/2285/1336
f 1521/2288/1311 1520/2291/1310 1546/2292/1336
f 1546/2285/1336 1520/2293/1310 1537/2286/1327
f 1520/2291/1310 1447/2258/1240 1537/2260/1327
f 1535/2281/1325 1532/2294/1322 1450/2269/418
f 1536/2284/1326 1547/2295/1337 1535/2281/1325
f 1537/2286/1327 1548/2296/1338 1536/2284/1326
f 1535/2281/1325 1547/2295/1337 1532/2294/1322
f 1547/2295/1337 1533/2297/1323 1532/2294/1322
f 1536/2284/1326 1548/2296/1338 1547/2295/1337
f 1548/2296/1338 1549/2298/1339 1547/2295/1337
f 1547/2295/1337 1549/2298/1339 1533/2297/1323
f 1549/2298/1339 1534/2299/1324 1533/2297/1323
f 1537/2286/1327 1519/2300/1309 1548/2296/1338
f 1519/2300/1309 1518/2301/1308 1548/2296/1338
f 1548/2296/1338 1518/2301/1308 1549/2298/1339
f 1518/2301/1308 1517/2302/1307 1549/2298/1339
f 1549/2298/1339 1517/2302/1307 1534/2299/1324
f 1517/2303/1307 1446/2255/1239 1534/2257/1324
f 1532/2294/1322 1526/2304/1316 1450/2269/418
f 1533/2297/1323 1550/2305/1340 1532/2294/1322
f 1534/2299/1324 1551/2306/1341 1533/2297/1323
f 1532/2294/1322 1550/2305/1340 1526/2304/1316
f 1550/2305/1340 1527/2307/1317 1526/2304/1316
f 1533/2297/1323 1551/2306/1341 1550/2305/1340
f 1551/2306/1341 1552/2308/1342 1550/2305/1340
f 1550/2305/1340 1552/2308/1342 1527/2307/1317
f 1552/2308/1342 1528/2309/1318 1527/2307/1317
f 1534/2299/1324 1516/2310/1306 1551/2306/1341
f 1516/2310/1306 1515/2311/1305 1551/2306/1341
f 1551/2306/1341 1515/2311/1305 1552/2308/1342
f 1515/2311/1305 1514/2312/1304 1552/2308/1342
f 1552/2308/1342 1514/2312/1304 1528/2309/1318
f 1514/2313/1304 1445/2252/1238 1528/2254/1318
f 1526/2304/1316 1531/2267/1321 1450/2269/418
f 1527/2307/1317 1553/2314/1343 1526/2304/1316
f 1528/2309/1318 1554/2315/1344 1527/2307/1317
f 1526/2304/1316 1553/2314/1343 1531/2267/1321
f 1553/2314/1343 1530/2270/1320 1531/2267/1321
f 1527/2307/1317 1554/2315/1344 1553/2314/1343
f 1554/2315/1344 1555/2316/1345 1553/2314/1343
f 1553/2314/1343 1555/2316/1345 1530/2270/1320
f 1555/2316/1345 1529/2272/1319 1530/2270/1320
f 1528/2309/1318 1513/2317/1303 1554/2315/1344
f 1513/2317/1303 1512/2318/1302 1554/2315/1344
f 1554/2315/1344 1512/2318/1302 1555/2316/1345
f 1512/2318/1302 1511/2319/1301 1555/2316/1345
f 1555/2316/1345 1511/2319/1301 1529/2272/1319
f 1511/2319/1301 1449/2320/1242 1529/2272/1319
f 1486/2321/1278 1525/2265/1315 1449/2264/1242
f 1485/2322/1277 1556/2323/1346 1486/2321/1278
f 1484/2251/1276 1557/2324/1347 1485/2322/1277
f 1486/2321/1278 1556/2323/1346 1525/2265/1315
f 1556/2323/1346 1524/2277/1314 1525/2265/1315
f 1485/2322/1277 1557/2324/1347 1556/2323/1346
f 1557/2324/1347 1558/2325/1348 1556/2323/1346
f 1556/2323/1346 1558/2325/1348 1524/2277/1314
f 1558/2325/1348 1523/2326/1313 1524/2277/1314
f 1484/2251/1276 1507/2246/1298 1557/2324/1347
f 1507/2246/1298 1506/2327/1297 1557/2324/1347
f 1557/2324/1347 1506/2327/1297 1558/2325/1348
f 1506/2327/1297 1505/2328/1296 1558/2325/1348
f 1558/2325/1348 1505/2328/1296 1523/2326/1313
f 1505/2328/1296 1448/2329/1241 1523/2326/1313
f 1510/2330/1300 1522/2287/1312 1448/2331/1241
f 1509/2332/60 1559/2333/1349 1510/2330/1300
f 1508/2250/1299 1560/2334/1350 1509/2332/60
f 1510/2330/1300 1559/2333/1349 1522/2287/1312
f 1559/2333/1349 1521/2288/1311 1522/2287/1312
f 1509/2332/60 1560/2334/1350 1559/2333/1349
f 1560/2334/1350 1561/2335/1351 1559/2333/1349
f 1559/2333/1349 1561/2335/1351 1521/2288/1311
f 1561/2335/1351 1520/2291/1310 1521/2288/1311
f 1508/2250/1299 1501/2243/1292 1560/2334/1350
f 1501/2243/1292 1500/2336/1291 1560/2334/1350
f 1560/2334/1350 1500/2336/1291 1561/2335/1351
f 1500/2336/1291 1499/2337/1290 1561/2335/1351
f 1561/2335/1351 1499/2337/1290 1520/2291/1310
f 1499/2337/1290 1447/2258/1240 1520/2291/1310
f 1504/2338/1295 1519/2259/1309 1447/2258/1240
f 1503/2339/1294 1562/2340/1352 1504/2338/1295
f 1502/2249/1293 1563/2341/1353 1503/2342/1294
f 1504/2338/1295 1562/2340/1352 1519/2259/1309
f 1562/2343/1352 1518/2344/1308 1519/2345/1309
f 1503/2342/1294 1563/2341/1353 1562/2343/1352
f 1563/2341/1353 1564/2346/1354 1562/2343/1352
f 1562/2343/1352 1564/2346/1354 1518/2344/1308
f 1564/2346/1354 1517/2303/1307 1518/2344/1308
f 1502/2249/1293 1495/2240/1286 1563/2341/1353
f 1495/2240/1286 1494/2347/1285 1563/2341/1353
f 1563/2341/1353 1494/2347/1285 1564/2346/1354
f 1494/2347/1285 1493/2348/1284 1564/2346/1354
f 1564/2346/1354 1493/2348/1284 1517/2303/1307
f 1493/2348/1284 1446/2255/1239 1517/2303/1307
f 1498/2349/1289 1516/2256/1306 1446/2255/1239
f 1497/2350/1288 1565/2351/1355 1498/2349/1289
f 1496/2352/1287 1566/2353/1356 1497/2350/1288
f 1498/2349/1289 1565/2351/1355 1516/2256/1306
f 1565/2351/1355 1515/2354/1305 1516/2256/1306
f 1497/2350/1288 1566/2353/1356 1565/2351/1355
f 1566/2355/1356 1567/2356/1357 1565/2357/1355
f 1565/2351/1355 1567/2358/1357 1515/2354/1305
f 1567/2356/1357 1514/2313/1304 1515/2359/1305
f 1496/2248/1287 1489/2237/1280 1566/2355/1356
f 1489/2237/1280 1488/2360/53 1566/2355/1356
f 1566/2355/1356 1488/2360/53 1567/2356/1357
f 1488/2360/53 1487/2361/1279 1567/2356/1357
f 1567/2356/1357 1487/2361/1279 1514/2313/1304
f 1487/2361/1279 1445/2252/1238 1514/2313/1304
f 1492/2362/1283 1513/2253/1303 1445/2252/1238
f 1491/2363/1282 1568/2364/1358 1492/2362/1283
f 1490/2247/1281 1569/2365/1359 1491/2363/1282
f 1492/2362/1283 1568/2364/1358 1513/2253/1303
f 1568/2364/1358 1512/2366/1302 1513/2253/1303
f 1491/2363/1282 1569/2365/1359 1568/2364/1358
f 1569/2365/1359 1570/2367/1360 1568/2364/1358
f 1568/2364/1358 1570/2367/1360 1512/2366/1302
f 1570/2367/1360 1511/2368/1301 1512/2366/1302
f 1490/2247/1281 1483/2234/1275 1569/2365/1359
f 1483/2234/1275 1482/2369/1274 1569/2365/1359
f 1569/2365/1359 1482/2369/1274 1570/2367/1360
f 1482/2369/1274 1481/2370/1273 1570/2367/1360
f 1570/2371/1360 1481/2372/1273 1511/2373/1301
f 1481/2372/1273 1449/2264/1242 1511/2373/1301
f 1505/2374/1296 1510/2330/1300 1448/2331/1241
f 1506/2327/1297 1571/2375/1361 1505/2328/1296
f 1507/2246/1298 1572/2376/1362 1506/2327/1297
f 1505/2374/1296 1571/2377/1361 1510/2330/1300
f 1571/2377/1361 1509/2332/60 1510/2330/1300
f 1506/2327/1297 1572/2376/1362 1571/2375/1361
f 1572/2378/1362 1573/2379/1363 1571/2377/1361
f 1571/2377/1361 1573/2379/1363 1509/2332/60
f 1573/2379/1363 1508/2250/1299 1509/2332/60
f 1507/2246/1298 1480/2245/1272 1572/2376/1362
f 1480/2245/1272 1479/2380/1271 1572/2376/1362
f 1572/2376/1362 1479/2380/1271 1573/2381/1363
f 1479/2382/1271 1478/2383/1270 1573/2379/1363
f 1573/2379/1363 1478/2383/1270 1508/2250/1299
f 1478/2383/1270 1443/2241/1236 1508/2250/1299
f 1499/2337/1290 1504/2338/1295 1447/2258/1240
f 1500/2336/1291 1574/2384/1364 1499/2337/1290
f 1501/2243/1292 1575/2385/1365 1500/2336/1291
f 1499/2337/1290 1574/2384/1364 1504/2338/1295
f 1574/2384/1364 1503/2339/1294 1504/2338/1295
f 1500/2336/1291 1575/2385/1365 1574/2384/1364
f 1575/2385/1365 1576/2386/1366 1574/2384/1364
f 1574/2384/1364 1576/2386/1366 1503/2339/1294
f 1576/2386/1366 1502/2387/1293 1503/2339/1294
f 1501/2243/1292 1477/2242/1269 1575/2385/1365
f 1477/2242/1269 1476/2388/1268 1575/2385/1365
f 1575/2385/1365 1476/2388/1268 1576/2386/1366
f 1476/2388/1268 1475/2389/1267 1576/2386/1366
f 1576/2386/1366 1475/2389/1267 1502/2387/1293
f 1475/2390/1267 1442/2238/1235 1502/2249/1293
f 1493/2348/1284 1498/2349/1289 1446/2255/1239
f 1494/2347/1285 1577/2391/1367 1493/2348/1284
f 1495/2240/1286 1578/2392/1368 1494/2347/1285
f 1493/2348/1284 1577/2391/1367 1498/2349/1289
f 1577/2391/1367 1497/2350/1288 1498/2349/1289
f 1494/2347/1285 1578/2392/1368 1577/2391/1367
f 1578/2392/1368 1579/2393/1369 1577/2391/1367
f 1577/2391/1367 1579/2393/1369 1497/2350/1288
f 1579/2393/1369 1496/2352/1287 1497/2350/1288
f 1495/2240/1286 1471/2239/1263 1578/2392/1368
f 1471/2239/1263 1470/2394/1262 1578/2392/1368
f 1578/2392/1368 1470/2394/1262 1579/2393/1369
f 1470/2394/1262 1469/2395/1261 1579/2393/1369
f 1579/2393/1369 1469/2395/1261 1496/2352/1287
f 1469/2395/1261 1441/2396/1234 1496/2352/1287
f 1487/2361/1279 1492/2362/1283 1445/2252/1238
f 1488/2360/53 1580/2397/1370 1487/2361/1279
f 1489/2237/1280 1581/2398/1371 1488/2360/53
f 1487/2361/1279 1580/2397/1370 1492/2362/1283
f 1580/2397/1370 1491/2363/1282 1492/2362/1283
f 1488/2360/53 1581/2398/1371 1580/2397/1370
f 1581/2398/1371 1582/2399/1372 1580/2397/1370
f 1580/2397/1370 1582/2399/1372 1491/2363/1282
f 1582/2399/1372 1490/2247/1281 1491/2363/1282
f 1489/2237/1280 1459/2236/1251 1581/2398/1371
f 1459/2236/1251 1458/2400/1250 1581/2398/1371
f 1581/2398/1371 1458/2400/1250 1582/2399/1372
f 1458/2400/1250 1457/2401/1249 1582/2399/1372
f 1582/2399/1372 1457/2401/1249 1490/2247/1281
f 1457/2401/1249 1440/2228/1233 1490/2247/1281
f 1481/2372/1273 1486/2321/1278 1449/2264/1242
f 1482/2402/1274 1583/2403/1373 1481/2372/1273
f 1483/2234/1275 1584/2404/1374 1482/2369/1274
f 1481/2372/1273 1583/2403/1373 1486/2321/1278
f 1583/2403/1373 1485/2322/1277 1486/2321/1278
f 1482/2402/1274 1584/2405/1374 1583/2403/1373
f 1584/2405/1374 1585/2406/1375 1583/2403/1373
f 1583/2403/1373 1585/2406/1375 1485/2322/1277
f 1585/2406/1375 1484/2251/1276 1485/2322/1277
f 1483/2234/1275 1462/2230/1254 1584/2404/1374
f 1462/2407/1254 1461/2408/1253 1584/2405/1374
f 1584/2405/1374 1461/2408/1253 1585/2406/1375
f 1461/2408/1253 1460/2409/1252 1585/2406/1375
f 1585/2406/1375 1460/2409/1252 1484/2251/1276
f 1460/2409/1252 1444/2244/1237 1484/2251/1276
f 1465/2410/1257 1480/2245/1272 1444/2244/1237
f 1464/2411/1256 1586/2412/1376 1465/2413/1257
f 1463/2233/1255 1587/2414/1377 1464/2411/1256
f 1465/2413/1257 1586/2412/1376 1480/2415/1272
f 1586/2412/1376 1479/2416/1271 1480/2415/1272
f 1464/2411/1256 1587/2414/1377 1586/2412/1376
f 1587/2414/1377 1588/2417/1378 1586/2412/1376
f 1586/2412/1376 1588/2417/1378 1479/2416/1271
f 1588/2417/1378 1478/2418/1270 1479/2416/1271
f 1463/2233/1255 1474/2232/1266 1587/2414/1377
f 1474/2232/1266 1473/2419/1265 1587/2414/1377
f 1587/2414/1377 1473/2419/1265 1588/2417/1378
f 1473/2419/1265 1472/2420/1264 1588/2417/1378
f 1588/2417/1378 1472/2420/1264 1478/2418/1270
f 1472/2421/1264 1443/2241/1236 1478/2383/1270
f 1472/2421/1264 1477/2242/1269 1443/2241/1236
f 1473/2419/1265 1589/2422/1379 1472/2420/1264
f 1474/2232/1266 1590/2423/1380 1473/2419/1265
f 1472/2420/1264 1589/2422/1379 1477/2424/1269
f 1589/2422/1379 1476/2425/1268 1477/2424/1269
f 1473/2419/1265 1590/2423/1380 1589/2422/1379
f 1590/2423/1380 1591/2426/1381 1589/2422/1379
f 1589/2422/1379 1591/2426/1381 1476/2425/1268
f 1591/2426/1381 1475/2427/1267 1476/2425/1268
f 1474/2232/1266 1468/2231/1260 1590/2423/1380
f 1468/2231/1260 1467/2428/1259 1590/2423/1380
f 1590/2423/1380 1467/2428/1259 1591/2426/1381
f 1467/2428/1259 1466/2429/1258 1591/2426/1381
f 1591/2426/1381 1466/2429/1258 1475/2427/1267
f 1466/2429/1258 1442/2430/1235 1475/2427/1267
f 1466/2431/1258 1471/2239/1263 1442/2238/1235
f 1467/2428/1259 1592/2432/1382 1466/2429/1258
f 1468/2231/1260 1593/2433/1383 1467/2428/1259
f 1466/2429/1258 1592/2432/1382 1471/2434/1263
f 1592/2435/1382 1470/2394/1262 1471/2239/1263
f 1467/2428/1259 1593/2433/1383 1592/2432/1382
f 1593/2433/1383 1594/2436/1384 1592/2432/1382
f 1592/2432/1382 1594/2436/1384 1470/2437/1262
f 1594/2436/1384 1469/2438/1261 1470/2437/1262
f 1468/2231/1260 1453/2227/1245 1593/2433/1383
f 1453/2227/1245 1452/2439/1244 1593/2433/1383
f 1593/2433/1383 1452/2439/1244 1594/2436/1384
f 1452/2439/1244 1451/2440/1243 1594/2436/1384
f 1594/2436/1384 1451/2440/1243 1469/2438/1261
f 1451/2440/1243 1441/2441/1234 1469/2438/1261
f 1460/2409/1252 1465/2410/1257 1444/2244/1237
f 1461/2442/1253 1595/2443/1385 1460/2444/1252
f 1462/2445/1254 1596/2446/1386 1461/2442/1253
f 1460/2444/1252 1595/2443/1385 1465/2413/1257
f 1595/2443/1385 1464/2411/1256 1465/2413/1257
f 1461/2442/1253 1596/2446/1386 1595/2443/1385
f 1596/2446/1386 1597/2447/1387 1595/2443/1385
f 1595/2443/1385 1597/2447/1387 1464/2411/1256
f 1597/2447/1387 1463/2233/1255 1464/2411/1256
f 1462/2445/1254 1456/2448/1248 1596/2446/1386
f 1456/2448/1248 1455/2449/1247 1596/2446/1386
f 1596/2446/1386 1455/2449/1247 1597/2447/1387
f 1455/2449/1247 1454/2226/1246 1597/2447/1387
f 1597/2447/1387 1454/2226/1246 1463/2233/1255
f 1454/2226/1246 1439/2225/407 1463/2233/1255
f 1451/2440/1243 1459/2450/1251 1441/2441/1234
f 1452/2439/1244 1598/2451/1388 1451/2440/1243
f 1453/2227/1245 1599/2452/1389 1452/2439/1244
f 1451/2440/1243 1598/2451/1388 1459/2450/1251
f 1598/2453/1388 1458/2400/1250 1459/2236/1251
f 1452/2439/1244 1599/2452/1389 1598/2451/1388
f 1599/2452/1389 1600/2454/1390 1598/2451/1388
f 1598/2451/1388 1600/2454/1390 1458/2455/1250
f 1600/2456/1390 1457/2401/1249 1458/2400/1250
f 1453/2227/1245 1454/2226/1246 1599/2452/1389
f 1454/2226/1246 1455/2449/1247 1599/2452/1389
f 1599/2452/1389 1455/2449/1247 1600/2454/1390
f 1455/2449/1247 1456/2448/1248 1600/2454/1390
f 1600/2454/1390 1456/2448/1248 1457/2457/1249
f 1456/2229/1248 1440/2228/1233 1457/2401/1249
f 1601/2458/1391 1614/2459/1404 1613/2460/1403
f 1602/2461/1392 1614/2462/1404 1616/2463/1406
f 1601/2458/1391 1613/2460/1403 1618/2464/1408
f 1601/2458/1391 1618/2464/1408 1620/2465/1410
f 1601/2458/1391 1620/2465/1410 1617/2466/1407
f 1602/2461/1392 1616/2463/1406 1623/2467/1413
f 1603/2468/1393 1615/2469/1405 1625/2470/53
f 1604/2471/1394 1619/2472/1409 1627/2473/1416
f 1605/2474/1395 1621/2475/1411 1629/2476/1418
f 1606/2477/1396 1622/2478/1412 1631/2479/1420
f 1602/2480/1392 1623/2481/1413 1626/2482/1415
f 1603/2483/1393 1625/2484/53 1628/2485/1417
f 1604/2471/1394 1627/2473/1416 1630/2486/1419
f 1605/2474/1395 1629/2476/1418 1632/2487/60
f 1606/2477/1396 1631/2479/1420 1624/2488/1414
f 1607/2489/1397 1633/2490/1421 1638/2491/1426
f 1608/2492/1398 1634/2493/1422 1640/2494/1428
f 1609/2495/1399 1635/2496/1423 1641/2497/1429
f 1610/2498/1400 1636/2499/1424 1642/2500/1430
f 1611/2501/1401 1637/2502/1425 1639/2503/1427
f 1639/2504/1427 1642/2505/1430 1612/2506/1402
f 1639/2503/1427 1637/2502/1425 1642/2507/1430
f 1637/2502/1425 1610/2508/1400 1642/2507/1430
f 1642/2505/1430 1641/2509/1429 1612/2506/1402
f 1642/2500/1430 1636/2499/1424 1641/2510/1429
f 1636/2499/1424 1609/2511/1399 1641/2510/1429
f 1641/2509/1429 1640/2512/1428 1612/2506/1402
f 1641/2497/1429 1635/2496/1423 1640/2494/1428
f 1635/2496/1423 1608/2492/1398 1640/2494/1428
f 1640/2512/1428 1638/2513/1426 1612/2506/1402
f 1640/2512/1428 1634/2514/1422 1638/2513/1426
f 1634/2515/1422 1607/2489/1397 1638/2491/1426
f 1638/2513/1426 1639/2504/1427 1612/2506/1402
f 1638/2513/1426 1633/2516/1421 1639/2504/1427
f 1633/2517/1421 1611/2501/1401 1639/2503/1427
f 1624/2488/1414 1637/2502/1425 1611/2501/1401
f 1624/2488/1414 1631/2479/1420 1637/2502/1425
f 1631/2479/1420 1610/2508/1400 1637/2502/1425
f 1632/2487/60 1636/2499/1424 1610/2498/1400
f 1632/2487/60 1629/2476/1418 1636/2499/1424
f 1629/2476/1418 1609/2511/1399 1636/2499/1424
f 1630/2486/1419 1635/2496/1423 1609/2495/1399
f 1630/2486/1419 1627/2473/1416 1635/2496/1423
f 1627/2473/1416 1608/2492/1398 1635/2496/1423
f 1628/2485/1417 1634/2493/1422 1608/2492/1398
f 1628/2485/1417 1625/2484/53 1634/2493/1422
f 1625/2470/53 1607/2489/1397 1634/2515/1422
f 1626/2482/1415 1633/2490/1421 1607/2489/1397
f 1626/2482/1415 1623/2481/1413 1633/2490/1421
f 1623/2467/1413 1611/2501/1401 1633/2517/1421
f 1631/2479/1420 1632/2518/60 1610/2508/1400
f 1631/2479/1420 1622/2478/1412 1632/2518/60
f 1622/2519/1412 1605/2474/1395 1632/2487/60
f 1629/2476/1418 1630/2520/1419 1609/2511/1399
f 1629/2476/1418 1621/2475/1411 1630/2520/1419
f 1621/2521/1411 1604/2471/1394 1630/2486/1419
f 1627/2473/1416 1628/2485/1417 1608/2492/1398
f 1627/2473/1416 1619/2472/1409 1628/2485/1417
f 1619/2472/1409 1603/2483/1393 1628/2485/1417
f 1625/2470/53 1626/2482/1415 1607/2489/1397
f 1625/2470/53 1615/2469/1405 1626/2482/1415
f 1615/2469/1405 1602/2480/1392 1626/2482/1415
f 1623/2467/1413 1624/2488/1414 1611/2501/1401
f 1623/2467/1413 1616/2463/1406 1624/2488/1414
f 1616/2463/1406 1606/2477/1396 1624/2488/1414
f 1617/2522/1407 1622/2478/1412 1606/2477/1396
f 1617/2466/1407 1620/2465/1410 1622/2523/1412
f 1620/2524/1410 1605/2474/1395 1622/2519/1412
f 1620/2524/1410 1621/2475/1411 1605/2474/1395
f 1620/2524/1410 1618/2525/1408 1621/2475/1411
f 1618/2526/1408 1604/2471/1394 1621/2521/1411
f 1618/2526/1408 1619/2472/1409 1604/2471/1394
f 1618/2526/1408 1613/2527/1403 1619/2472/1409
f 1613/2527/1403 1603/2483/1393 1619/2472/1409
f 1616/2463/1406 1617/2522/1407 1606/2477/1396
f 1616/2463/1406 1614/2462/1404 1617/2522/1407
f 1614/2459/1404 1601/2458/1391 1617/2466/1407
f 1613/2528/1403 1615/2469/1405 1603/2468/1393
f 1613/2528/1403 1614/2529/1404 1615/2469/1405
f 1614/2529/1404 1602/2480/1392 1615/2469/1405
f 1643/2530/1391 1656/2531/1404 1655/2532/1403
f 1644/2533/1392 1656/2534/1404 1658/2535/1406
f 1643/2530/1391 1655/2532/1403 1660/2536/1408
f 1643/2530/1391 1660/2536/1408 1662/2537/1410
f 1643/2530/1391 1662/2537/1410 1659/2538/1407
f 1644/2533/1392 1658/2535/1406 1665/2539/1413
f 1645/2540/1393 1657/2541/1431 1667/2542/53
f 1646/2543/1394 1661/2544/1409 1669/2545/1416
f 1647/2546/1395 1663/2547/1411 1671/2548/1418
f 1648/2549/1396 1664/2550/1412 1673/2551/1420
f 1644/2552/1392 1665/2553/1413 1668/2554/1415
f 1645/2555/1393 1667/2556/53 1670/2557/1417
f 1646/2543/1394 1669/2545/1416 1672/2558/1419
f 1647/2546/1395 1671/2548/1418 1674/2559/60
f 1648/2549/1396 1673/2551/1420 1666/2560/1414
f 1649/2561/1397 1675/2562/1421 1680/2563/1426
f 1650/2564/1398 1676/2565/1422 1682/2566/1428
f 1651/2567/1399 1677/2568/1423 1683/2569/1429
f 1652/2570/1400 1678/2571/1424 1684/2572/1430
f 1653/2573/1401 1679/2574/1425 1681/2575/1427
f 1681/2576/1427 1684/2577/1430 1654/2578/1402
f 1681/2575/1427 1679/2574/1425 1684/2579/1430
f 1679/2574/1425 1652/2580/1400 1684/2579/1430
f 1684/2577/1430 1683/2581/1429 1654/2578/1402
f 1684/2572/1430 1678/2571/1424 1683/2582/1429
f 1678/2571/1424 1651/2583/1399 1683/2582/1429
f 1683/2581/1429 1682/2584/1428 1654/2578/1402
f 1683/2569/1429 1677/2568/1423 1682/2566/1428
f 1677/2568/1423 1650/2564/1398 1682/2566/1428
f 1682/2584/1428 1680/2585/1426 1654/2578/1402
f 1682/2584/1428 1676/2586/1422 1680/2585/1426
f 1676/2587/1422 1649/2561/1397 1680/2563/1426
f 1680/2585/1426 1681/2576/1427 1654/2578/1402
f 1680/2585/1426 1675/2588/1421 1681/2576/1427
f 1675/2589/1421 1653/2573/1401 1681/2575/1427
f 1666/2560/1414 1679/2574/1425 1653/2573/1401
f 1666/2560/1414 1673/2551/1420 1679/2574/1425
f 1673/2551/1420 1652/2580/1400 1679/2574/1425
f 1674/2559/60 1678/2571/1424 1652/2570/1400
f 1674/2559/60 1671/2548/1418 1678/2571/1424
f 1671/2548/1418 1651/2583/1399 1678/2571/1424
f 1672/2558/1419 1677/2568/1423 1651/2567/1399
f 1672/2558/1419 1669/2545/1416 1677/2568/1423
f 1669/2545/1416 1650/2564/1398 1677/2568/1423
f 1670/2557/1417 1676/2565/1422 1650/2564/1398
f 1670/2557/1417 1667/2556/53 1676/2565/1422
f 1667/2542/53 1649/2561/1397 1676/2587/1422
f 1668/2554/1415 1675/2562/1421 1649/2561/1397
f 1668/2554/1415 1665/2553/1413 1675/2562/1421
f 1665/2539/1413 1653/2573/1401 1675/2589/1421
f 1673/2551/1420 1674/2590/60 1652/2580/1400
f 1673/2551/1420 1664/2550/1412 1674/2590/60
f 1664/2591/1412 1647/2546/1395 1674/2559/60
f 1671/2548/1418 1672/2592/1419 1651/2583/1399
f 1671/2548/1418 1663/2547/1411 1672/2592/1419
f 1663/2593/1411 1646/2543/1394 1672/2558/1419
f 1669/2545/1416 1670/2557/1417 1650/2564/1398
f 1669/2545/1416 1661/2544/1409 1670/2557/1417
f 1661/2544/1409 1645/2555/1393 1670/2557/1417
f 1667/2542/53 1668/2554/1415 1649/2561/1397
f 1667/2542/53 1657/2541/1431 1668/2554/1415
f 1657/2541/1431 1644/2552/1392 1668/2554/1415
f 1665/2539/1413 1666/2560/1414 1653/2573/1401
f 1665/2539/1413 1658/2535/1406 1666/2560/1414
f 1658/2535/1406 1648/2549/1396 1666/2560/1414
f 1659/2594/1407 1664/2550/1412 1648/2549/1396
f 1659/2538/1407 1662/2537/1410 1664/2595/1412
f 1662/2596/1410 1647/2546/1395 1664/2591/1412
f 1662/2596/1410 1663/2547/1411 1647/2546/1395
f 1662/2596/1410 1660/2597/1408 1663/2547/1411
f 1660/2598/1408 1646/2543/1394 1663/2593/1411
f 1660/2598/1408 1661/2544/1409 1646/2543/1394
f 1660/2598/1408 1655/2599/1403 1661/2544/1409
f 1655/2599/1403 1645/2555/1393 1661/2544/1409
f 1658/2535/1406 1659/2594/1407 1648/2549/1396
f 1658/2535/1406 1656/2534/1404 1659/2594/1407
f 1656/2531/1404 1643/2530/1391 1659/2538/1407
f 1655/2600/1403 1657/2541/1431 1645/2540/1393
f 1655/2600/1403 1656/2601/1404 1657/2541/1431
f 1656/2601/1404 1644/2552/1392 1657/2541/1431
f 1685/2602/1432 1698/2603/1445 1697/2604/1444
f 1686/2605/1433 1698/2606/1445 1700/2607/1447
f 1685/2602/1432 1697/2604/1444 1702/2608/1449
f 1685/2602/1432 1702/2608/1449 1704/2609/1451
f 1685/2602/1432 1704/2609/1451 1701/2610/1448
f 1686/2605/1433 1700/2607/1447 1707/2611/1454
f 1687/2612/1434 1699/2613/1446 1709/2614/53
f 1688/2615/1435 1703/2616/1450 1711/2617/1457
f 1689/2618/1436 1705/2619/1452 1713/2620/1459
f 1690/2621/1437 1706/2622/1453 1715/2623/1461
f 1686/2605/1433 1707/2611/1454 1710/2624/1456
f 1687/2612/1434 1709/2614/53 1712/2625/1458
f 1688/2615/1435 1711/2617/1457 1714/2626/1460
f 1689/2618/1436 1713/2620/1459 1716/2627/60
f 1690/2621/1437 1715/2623/1461 1708/2628/1455
f 1691/2629/1438 1717/2630/1462 1722/2631/1467
f 1692/2632/1439 1718/2633/1463 1724/2634/1469
f 1693/2635/1440 1719/2636/1464 1725/2637/1470
f 1694/2638/1441 1720/2639/1465 1726/2640/1471
f 1695/2641/1442 1721/2642/1466 1723/2643/1468
f 1723/2644/1468 1726/2645/1471 1696/2646/1443
f 1723/2643/1468 1721/2642/1466 1726/2647/1471
f 1721/2642/1466 1694/2648/1441 1726/2647/1471
f 1726/2645/1471 1725/2649/1470 1696/2646/1443
f 1726/2640/1471 1720/2639/1465 1725/2637/1470
f 1720/2639/1465 1693/2635/1440 1725/2637/1470
f 1725/2649/1470 1724/2650/1469 1696/2646/1443
f 1725/2649/1470 1719/2651/1464 1724/2650/1469
f 1719/2652/1464 1692/2632/1439 1724/2634/1469
f 1724/2650/1469 1722/2653/1467 1696/2646/1443
f 1724/2654/1469 1718/2655/1463 1722/2631/1467
f 1718/2655/1463 1691/2629/1438 1722/2631/1467
f 1722/2653/1467 1723/2644/1468 1696/2646/1443
f 1722/2631/1467 1717/2630/1462 1723/2656/1468
f 1717/2630/1462 1695/2657/1442 1723/2656/1468
f 1708/2628/1455 1721/2642/1466 1695/2641/1442
f 1708/2628/1455 1715/2623/1461 1721/2642/1466
f 1715/2623/1461 1694/2648/1441 1721/2642/1466
f 1716/2627/60 1720/2639/1465 1694/2638/1441
f 1716/2627/60 1713/2620/1459 1720/2639/1465
f 1713/2620/1459 1693/2635/1440 1720/2639/1465
f 1714/2658/1460 1719/2636/1464 1693/2635/1440
f 1714/2626/1460 1711/2617/1457 1719/2652/1464
f 1711/2617/1457 1692/2632/1439 1719/2652/1464
f 1712/2659/1458 1718/2633/1463 1692/2632/1439
f 1712/2625/1458 1709/2614/53 1718/2655/1463
f 1709/2614/53 1691/2629/1438 1718/2655/1463
f 1710/2624/1456 1717/2630/1462 1691/2629/1438
f 1710/2624/1456 1707/2611/1454 1717/2630/1462
f 1707/2611/1454 1695/2657/1442 1717/2630/1462
f 1715/2660/1461 1716/2627/60 1694/2638/1441
f 1715/2660/1461 1706/2661/1453 1716/2627/60
f 1706/2661/1453 1689/2618/1436 1716/2627/60
f 1713/2620/1459 1714/2658/1460 1693/2635/1440
f 1713/2620/1459 1705/2619/1452 1714/2658/1460
f 1705/2619/1452 1688/2662/1435 1714/2658/1460
f 1711/2617/1457 1712/2659/1458 1692/2632/1439
f 1711/2617/1457 1703/2616/1450 1712/2659/1458
f 1703/2616/1450 1687/2663/1434 1712/2659/1458
f 1709/2614/53 1710/2624/1456 1691/2629/1438
f 1709/2614/53 1699/2613/1446 1710/2624/1456
f 1699/2613/1446 1686/2605/1433 1710/2624/1456
f 1707/2664/1454 1708/2628/1455 1695/2641/1442
f 1707/2664/1454 1700/2665/1447 1708/2628/1455
f 1700/2665/1447 1690/2621/1437 1708/2628/1455
f 1701/2666/1448 1706/2622/1453 1690/2621/1437
f 1701/2667/1448 1704/2668/1451 1706/2661/1453
f 1704/2668/1451 1689/2618/1436 1706/2661/1453
f 1704/2668/1451 1705/2619/1452 1689/2618/1436
f 1704/2668/1451 1702/2669/1449 1705/2619/1452
f 1702/2669/1449 1688/2662/1435 1705/2619/1452
f 1702/2670/1449 1703/2616/1450 1688/2615/1435
f 1702/2670/1449 1697/2671/1444 1703/2616/1450
f 1697/2671/1444 1687/2663/1434 1703/2616/1450
f 1700/2665/1447 1701/2666/1448 1690/2621/1437
f 1700/2672/1447 1698/2603/1445 1701/2610/1448
f 1698/2603/1445 1685/2602/1432 1701/2610/1448
f 1697/2673/1444 1699/2613/1446 1687/2612/1434
f 1697/2673/1444 1698/2606/1445 1699/2613/1446
f 1698/2606/1445 1686/2605/1433 1699/2613/1446
f 1727/2674/1472 1740/2675/1485 1739/2676/1484
f 1728/2677/1473 1740/2678/1485 1742/2679/422
f 1727/2674/1472 1739/2676/1484 1744/2680/424
f 1727/2674/1472 1744/2680/424 1746/2681/1489
f 1727/2674/1472 1746/2681/1489 1743/2682/1487
f 1728/2677/1473 1742/2679/422 1749/2683/1492
f 1729/2684/1474 1741/2685/1486 1751/2686/53
f 1730/2687/1475 1745/2688/1488 1753/2689/1495
f 1731/2690/1476 1747/2691/1490 1755/2692/1497
f 1732/2693/1477 1748/2694/1491 1757/2695/1499
f 1728/2677/1473 1749/2683/1492 1752/2696/1494
f 1729/2684/1474 1751/2686/53 1754/2697/1496
f 1730/2687/1475 1753/2689/1495 1756/2698/1498
f 1731/2690/1476 1755/2692/1497 1758/2699/60
f 1732/2693/1477 1757/2695/1499 1750/2700/1493
f 1733/2701/1478 1759/2702/1500 1764/2703/1504
f 1734/2704/1479 1760/2705/1501 1766/2706/1505
f 1735/2707/1480 1761/2708/439 1767/2709/1506
f 1736/2710/1481 1762/2711/1502 1768/2712/1507
f 1737/2713/1482 1763/2714/1503 1765/2715/443
f 1765/2716/443 1768/2717/1507 1738/2718/1483
f 1765/2716/443 1763/2719/1503 1768/2717/1507
f 1763/2714/1503 1736/2720/1481 1768/2721/1507
f 1768/2717/1507 1767/2722/1506 1738/2718/1483
f 1768/2712/1507 1762/2711/1502 1767/2709/1506
f 1762/2711/1502 1735/2707/1480 1767/2709/1506
f 1767/2722/1506 1766/2723/1505 1738/2718/1483
f 1767/2722/1506 1761/2724/439 1766/2723/1505
f 1761/2725/439 1734/2704/1479 1766/2706/1505
f 1766/2723/1505 1764/2726/1504 1738/2718/1483
f 1766/2723/1505 1760/2727/1501 1764/2726/1504
f 1760/2728/1501 1733/2701/1478 1764/2703/1504
f 1764/2726/1504 1765/2716/443 1738/2718/1483
f 1764/2726/1504 1759/2729/1500 1765/2716/443
f 1759/2729/1500 1737/2730/1482 1765/2716/443
f 1750/2700/1493 1763/2714/1503 1737/2713/1482
f 1750/2700/1493 1757/2695/1499 1763/2714/1503
f 1757/2695/1499 1736/2720/1481 1763/2714/1503
f 1758/2699/60 1762/2711/1502 1736/2710/1481
f 1758/2699/60 1755/2692/1497 1762/2711/1502
f 1755/2692/1497 1735/2707/1480 1762/2711/1502
f 1756/2731/1498 1761/2708/439 1735/2707/1480
f 1756/2698/1498 1753/2689/1495 1761/2725/439
f 1753/2689/1495 1734/2704/1479 1761/2725/439
f 1754/2732/1496 1760/2705/1501 1734/2704/1479
f 1754/2697/1496 1751/2686/53 1760/2728/1501
f 1751/2686/53 1733/2701/1478 1760/2728/1501
f 1752/2696/1494 1759/2702/1500 1733/2701/1478
f 1752/2696/1494 1749/2683/1492 1759/2702/1500
f 1749/2683/1492 1737/2733/1482 1759/2702/1500
f 1757/2734/1499 1758/2699/60 1736/2710/1481
f 1757/2734/1499 1748/2735/1491 1758/2699/60
f 1748/2735/1491 1731/2690/1476 1758/2699/60
f 1755/2692/1497 1756/2731/1498 1735/2707/1480
f 1755/2692/1497 1747/2691/1490 1756/2731/1498
f 1747/2691/1490 1730/2736/1475 1756/2731/1498
f 1753/2689/1495 1754/2732/1496 1734/2704/1479
f 1753/2689/1495 1745/2688/1488 1754/2732/1496
f 1745/2688/1488 1729/2737/1474 1754/2732/1496
f 1751/2686/53 1752/2696/1494 1733/2701/1478
f 1751/2686/53 1741/2685/1486 1752/2696/1494
f 1741/2685/1486 1728/2677/1473 1752/2696/1494
f 1749/2738/1492 1750/2700/1493 1737/2713/1482
f 1749/2738/1492 1742/2739/422 1750/2700/1493
f 1742/2739/422 1732/2693/1477 1750/2700/1493
f 1743/2740/1487 1748/2694/1491 1732/2693/1477
f 1743/2682/1487 1746/2681/1489 1748/2741/1491
f 1746/2742/1489 1731/2690/1476 1748/2735/1491
f 1746/2742/1489 1747/2691/1490 1731/2690/1476
f 1746/2681/1489 1744/2680/424 1747/2743/1490
f 1744/2680/424 1730/2744/1475 1747/2743/1490
f 1744/2745/424 1745/2688/1488 1730/2687/1475
f 1744/2680/424 1739/2676/1484 1745/2746/1488
f 1739/2747/1484 1729/2737/1474 1745/2688/1488
f 1742/2739/422 1743/2740/1487 1732/2693/1477
f 1742/2748/422 1740/2675/1485 1743/2682/1487
f 1740/2675/1485 1727/2674/1472 1743/2682/1487
f 1739/2749/1484 1741/2685/1486 1729/2684/1474
f 1739/2749/1484 1740/2678/1485 1741/2685/1486
f 1740/2678/1485 1728/2677/1473 1741/2685/1486
f 1769/2750/407 1770/2751/408 1771/2752/551
f 1770/2751/408 1769/2750/407 1774/2753/412
f 1769/2750/407 1771/2752/551 1772/2754/410
f 1769/2750/407 1772/2754/410 1773/2755/552
f 1769/2750/407 1773/2755/552 1774/2753/412
f 1770/2756/408 1774/2757/412 1779/2758/417
f 1771/2759/551 1770/2760/408 1775/2761/553
f 1772/2762/410 1771/2763/551 1776/2764/414
f 1773/2765/552 1772/2766/410 1777/2767/415
f 1774/2757/412 1773/2768/552 1778/2769/554
f 1770/2760/408 1779/2770/417 1775/2761/553
f 1771/2763/551 1775/2771/553 1776/2764/414
f 1772/2762/410 1776/2764/414 1777/2772/415
f 1773/2765/552 1777/2767/415 1778/2773/554
f 1774/2757/412 1778/2769/554 1779/2758/417
f 1775/2774/553 1779/2775/417 1780/2776/418
f 1776/2777/414 1775/2774/553 1780/2776/418
f 1777/2778/415 1776/2777/414 1780/2776/418
f 1778/2779/554 1777/2778/415 1780/2776/418
f 1779/2775/417 1778/2779/554 1780/2776/418
f 1781/2780/407 1782/2781/408 1783/2782/409
f 1782/2781/408 1781/2780/407 1786/2783/412
f 1781/2780/407 1783/2782/409 1784/2784/410
f 1781/2780/407 1784/2784/410 1785/2785/411
f 1781/2780/407 1785/2785/411 1786/2783/412
f 1782/2786/408 1786/2787/412 1791/2788/417
f 1783/2789/409 1782/2790/408 1787/2791/413
f 1784/2792/410 1783/2793/409 1788/2794/414
f 1785/2795/411 1784/2796/410 1789/2797/415
f 1786/2787/412 1785/2798/411 1790/2799/554
f 1782/2790/408 1791/2800/417 1787/2791/413
f 1783/2793/409 1787/2801/413 1788/2794/414
f 1784/2792/410 1788/2794/414 1789/2802/415
f 1785/2795/411 1789/2797/415 1790/2803/554
f 1786/2787/412 1790/2799/554 1791/2788/417
f 1787/2804/413 1791/2805/417 1792/2806/418
f 1788/2807/414 1787/2804/413 1792/2806/418
f 1789/2808/415 1788/2807/414 1792/2806/418
f 1790/2809/554 1789/2808/415 1792/2806/418
f 1791/2805/417 1790/2809/554 1792/2806/418
f 1793/2810/1508 1794/2811/1509 1796/2812/1511 1795/2813/1510
f 1795/2814/1510 1796/2815/1511 1800/2816/1515 1799/2817/1514
f 1799/2818/1514 1800/2819/1515 1798/2820/1513 1797/2821/1512
f 1797/2822/1512 1798/2823/1513 1794/2824/1509 1793/2825/1508
f 1795/2826/1510 1799/2827/1514 1797/2828/1512 1793/2829/1508
f 1800/2830/1515 1796/2831/1511 1794/2832/1509 1798/2833/1513
f 1801/2834/1432 1814/2835/1445 1813/2836/1444
f 1802/2837/1433 1814/2838/1445 1816/2839/1447
f 1801/2834/1432 1813/2836/1444 1818/2840/1449
f 1801/2834/1432 1818/2840/1449 1820/2841/1451
f 1801/2834/1432 1820/2841/1451 1817/2842/1448
f 1802/2837/1433 1816/2839/1447 1823/2843/1454
f 1803/2844/1434 1815/2845/1446 1825/2846/53
f 1804/2847/1435 1819/2848/1450 1827/2849/1457
f 1805/2850/1436 1821/2851/1452 1829/2852/1459
f 1806/2853/1437 1822/2854/1453 1831/2855/1461
f 1802/2837/1433 1823/2843/1454 1826/2856/1456
f 1803/2844/1434 1825/2846/53 1828/2857/1458
f 1804/2847/1435 1827/2849/1457 1830/2858/1460
f 1805/2850/1436 1829/2852/1459 1832/2859/60
f 1806/2853/1437 1831/2855/1461 1824/2860/1455
f 1807/2861/1438 1833/2862/1462 1838/2863/1467
f 1808/2864/1439 1834/2865/1463 1840/2866/1469
f 1809/2867/1440 1835/2868/1464 1841/2869/1470
f 1810/2870/1441 1836/2871/1465 1842/2872/1471
f 1811/2873/1442 1837/2874/1466 1839/2875/1468
f 1839/2876/1468 1842/2877/1471 1812/2878/1443
f 1839/2875/1468 1837/2874/1466 1842/2879/1471
f 1837/2874/1466 1810/2880/1441 1842/2879/1471
f 1842/2877/1471 1841/2881/1470 1812/2878/1443
f 1842/2872/1471 1836/2871/1465 1841/2869/1470
f 1836/2871/1465 1809/2867/1440 1841/2869/1470
f 1841/2881/1470 1840/2882/1469 1812/2878/1443
f 1841/2881/1470 1835/2883/1464 1840/2882/1469
f 1835/2884/1464 1808/2864/1439 1840/2866/1469
f 1840/2882/1469 1838/2885/1467 1812/2878/1443
f 1840/2886/1469 1834/2887/1463 1838/2863/1467
f 1834/2887/1463 1807/2861/1438 1838/2863/1467
f 1838/2885/1467 1839/2876/1468 1812/2878/1443
f 1838/2863/1467 1833/2862/1462 1839/2888/1468
f 1833/2862/1462 1811/2889/1442 1839/2888/1468
f 1824/2860/1455 1837/2874/1466 1811/2873/1442
f 1824/2860/1455 1831/2855/1461 1837/2874/1466
f 1831/2855/1461 1810/2880/1441 1837/2874/1466
f 1832/2859/60 1836/2871/1465 1810/2870/1441
f 1832/2859/60 1829/2852/1459 1836/2871/1465
f 1829/2852/1459 1809/2867/1440 1836/2871/1465
f 1830/2890/1460 1835/2868/1464 1809/2867/1440
f 1830/2858/1460 1827/2849/1457 1835/2884/1464
f 1827/2849/1457 1808/2864/1439 1835/2884/1464
f 1828/2891/1458 1834/2865/1463 1808/2864/1439
f 1828/2857/1458 1825/2846/53 1834/2887/1463
f 1825/2846/53 1807/2861/1438 1834/2887/1463
f 1826/2856/1456 1833/2862/1462 1807/2861/1438
f 1826/2856/1456 1823/2843/1454 1833/2862/1462
f 1823/2843/1454 1811/2889/1442 1833/2862/1462
f 1831/2892/1461 1832/2859/60 1810/2870/1441
f 1831/2892/1461 1822/2893/1453 1832/2859/60
f 1822/2893/1453 1805/2850/1436 1832/2859/60
f 1829/2852/1459 1830/2890/1460 1809/2867/1440
f 1829/2852/1459 1821/2851/1452 1830/2890/1460
f 1821/2851/1452 1804/2894/1435 1830/2890/1460
f 1827/2849/1457 1828/2891/1458 1808/2864/1439
f 1827/2849/1457 1819/2848/1450 1828/2891/1458
f 1819/2848/1450 1803/2895/1434 1828/2891/1458
f 1825/2846/53 1826/2856/1456 1807/2861/1438
f 1825/2846/53 1815/2845/1446 1826/2856/1456
f 1815/2845/1446 1802/2837/1433 1826/2856/1456
f 1823/2896/1454 1824/2860/1455 1811/2873/1442
f 1823/2896/1454 1816/2897/1447 1824/2860/1455
f 1816/2897/1447 1806/2853/1437 1824/2860/1455
f 1817/2898/1448 1822/2854/1453 1806/2853/1437
f 1817/2899/1448 1820/2900/1451 1822/2893/1453
f 1820/2900/1451 1805/2850/1436 1822/2893/1453
f 1820/2900/1451 1821/2851/1452 1805/2850/1436
f 1820/2900/1451 1818/2901/1449 1821/2851/1452
f 1818/2901/1449 1804/2894/1435 1821/2851/1452
f 1818/2902/1449 1819/2848/1450 1804/2847/1435
f 1818/2902/1449 1813/2903/1444 1819/2848/1450
f 1813/2903/1444 1803/2895/1434 1819/2848/1450
f 1816/2897/1447 1817/2898/1448 1806/2853/1437
f 1816/2904/1447 1814/2835/1445 1817/2842/1448
f 1814/2835/1445 1801/2834/1432 1817/2842/1448
f 1813/2905/1444 1815/2845/1446 1803/2844/1434
f 1813/2905/1444 1814/2838/1445 1815/2845/1446
f 1814/2838/1445 1802/2837/1433 1815/2845/1446
f 1843/2906/1472 1856/2907/1485 1855/2908/1484
f 1844/2909/1473 1856/2910/1485 1858/2911/422
f 1843/2906/1472 1855/2908/1484 1860/2912/424
f 1843/2906/1472 1860/2912/424 1862/2913/1489
f 1843/2906/1472 1862/2913/1489 1859/2914/1487
f 1844/2909/1473 1858/2911/422 1865/2915/1492
f 1845/2916/1474 1857/2917/1486 1867/2918/53
f 1846/2919/1475 1861/2920/1488 1869/2921/1495
f 1847/2922/1476 1863/2923/1490 1871/2924/1497
f 1848/2925/1477 1864/2926/1491 1873/2927/1499
f 1844/2909/1473 1865/2915/1492 1868/2928/1494
f 1845/2916/1474 1867/2918/53 1870/2929/1496
f 1846/2919/1475 1869/2921/1495 1872/2930/1498
f 1847/2922/1476 1871/2924/1497 1874/2931/60
f 1848/2925/1477 1873/2927/1499 1866/2932/1493
f 1849/2933/1478 1875/2934/1500 1880/2935/1504
f 1850/2936/1479 1876/2937/1501 1882/2938/1505
f 1851/2939/1480 1877/2940/439 1883/2941/1506
f 1852/2942/1481 1878/2943/1502 1884/2944/1507
f 1853/2945/1482 1879/2946/1503 1881/2947/443
f 1881/2948/443 1884/2949/1507 1854/2950/1483
f 1881/2948/443 1879/2951/1503 1884/2949/1507
f 1879/2946/1503 1852/2952/1481 1884/2953/1507
f 1884/2949/1507 1883/2954/1506 1854/2950/1483
f 1884/2944/1507 1878/2943/1502 1883/2941/1506
f 1878/2943/1502 1851/2939/1480 1883/2941/1506
f 1883/2954/1506 1882/2955/1505 1854/2950/1483
f 1883/2954/1506 1877/2956/439 1882/2955/1505
f 1877/2957/439 1850/2936/1479 1882/2938/1505
f 1882/2955/1505 1880/2958/1504 1854/2950/1483
f 1882/2955/1505 1876/2959/1501 1880/2958/1504
f 1876/2960/1501 1849/2933/1478 1880/2935/1504
f 1880/2958/1504 1881/2948/443 1854/2950/1483
f 1880/2958/1504 1875/2961/1500 1881/2948/443
f 1875/2961/1500 1853/2962/1482 1881/2948/443
f 1866/2932/1493 1879/2946/1503 1853/2945/1482
f 1866/2932/1493 1873/2927/1499 1879/2946/1503
f 1873/2927/1499 1852/2952/1481 1879/2946/1503
f 1874/2931/60 1878/2943/1502 1852/2942/1481
f 1874/2931/60 1871/2924/1497 1878/2943/1502
f 1871/2924/1497 1851/2939/1480 1878/2943/1502
f 1872/2963/1498 1877/2940/439 1851/2939/1480
f 1872/2930/1498 1869/2921/1495 1877/2957/439
f 1869/2921/1495 1850/2936/1479 1877/2957/439
f 1870/2964/1496 1876/2937/1501 1850/2936/1479
f 1870/2929/1496 1867/2918/53 1876/2960/1501
f 1867/2918/53 1849/2933/1478 1876/2960/1501
f 1868/2928/1494 1875/2934/1500 1849/2933/1478
f 1868/2928/1494 1865/2915/1492 1875/2934/1500
f 1865/2915/1492 1853/2965/1482 1875/2934/1500
f 1873/2966/1499 1874/2931/60 1852/2942/1481
f 1873/2966/1499 1864/2967/1491 1874/2931/60
f 1864/2967/1491 1847/2922/1476 1874/2931/60
f 1871/2924/1497 1872/2963/1498 1851/2939/1480
f 1871/2924/1497 1863/2923/1490 1872/2963/1498
f 1863/2923/1490 1846/2968/1475 1872/2963/1498
f 1869/2921/1495 1870/2964/1496 1850/2936/1479
f 1869/2921/1495 1861/2920/1488 1870/2964/1496
f 1861/2920/1488 1845/2969/1474 1870/2964/1496
f 1867/2918/53 1868/2928/1494 1849/2933/1478
f 1867/2918/53 1857/2917/1486 1868/2928/1494
f 1857/2917/1486 1844/2909/1473 1868/2928/1494
f 1865/2970/1492 1866/2932/1493 1853/2945/1482
f 1865/2970/1492 1858/2971/422 1866/2932/1493
f 1858/2971/422 1848/2925/1477 1866/2932/1493
f 1859/2972/1487 1864/2926/1491 1848/2925/1477
f 1859/2914/1487 1862/2913/1489 1864/2973/1491
f 1862/2974/1489 1847/2922/1476 1864/2967/1491
f 1862/2974/1489 1863/2923/1490 1847/2922/1476
f 1862/2913/1489 1860/2912/424 1863/2975/1490
f 1860/2912/424 1846/2976/1475 1863/2975/1490
f 1860/2977/424 1861/2920/1488 1846/2919/1475
f 1860/2912/424 1855/2908/1484 1861/2978/1488
f 1855/2979/1484 1845/2969/1474 1861/2920/1488
f 1858/2971/422 1859/2972/1487 1848/2925/1477
f 1858/2980/422 1856/2907/1485 1859/2914/1487
f 1856/2907/1485 1843/2906/1472 1859/2914/1487
f 1855/2981/1484 1857/2917/1486 1845/2916/1474
f 1855/2981/1484 1856/2910/1485 1857/2917/1486
f 1856/2910/1485 1844/2909/1473 1857/2917/1486
f 1885/2982/407 1886/2983/408 1887/2984/551
f 1886/2983/408 1885/2982/407 1890/2985/412
f 1885/2982/407 1887/2984/551 1888/2986/410
f 1885/2982/407 1888/2986/410 1889/2987/552
f 1885/2982/407 1889/2987/552 1890/2985/412
f 1886/2988/408 1890/2989/412 1895/2990/417
f 1887/2991/551 1886/2992/408 1891/2993/553
f 1888/2994/410 1887/2995/551 1892/2996/414
f 1889/2997/552 1888/2998/410 1893/2999/415
f 1890/2989/412 1889/3000/552 1894/3001/554
f 1886/2992/408 1895/3002/417 1891/2993/553
f 1887/2995/551 1891/3003/553 1892/2996/414
f 1888/2994/410 1892/2996/414 1893/3004/415
f 1889/2997/552 1893/2999/415 1894/3005/554
f 1890/2989/412 1894/3001/554 1895/2990/417
f 1891/3006/553 1895/3007/417 1896/3008/418
f 1892/3009/414 1891/3006/553 1896/3008/418
f 1893/3010/415 1892/3009/414 1896/3008/418
f 1894/3011/554 1893/3010/415 1896/3008/418
f 1895/3007/417 1894/3011/554 1896/3008/418
f 1897/3012/407 1898/3013/408 1899/3014/409
f 1898/3013/408 1897/3012/407 1902/3015/412
f 1897/3012/407 1899/3014/409 1900/3016/410
f 1897/3012/407 1900/3016/410 1901/3017/411
f 1897/3012/407 1901/3017/411 1902/3015/412
f 1898/3018/408 1902/3019/412 1907/3020/417
f 1899/3021/409 1898/3022/408 1903/3023/413
f 1900/3024/410 1899/3025/409 1904/3026/414
f 1901/3027/411 1900/3028/410 1905/3029/415
f 1902/3019/412 1901/3030/411 1906/3031/554
f 1898/3022/408 1907/3032/417 1903/3023/413
f 1899/3025/409 1903/3033/413 1904/3026/414
f 1900/3024/410 1904/3026/414 1905/3034/415
f 1901/3027/411 1905/3029/415 1906/3035/554
f 1902/3019/412 1906/3031/554 1907/3020/417
f 1903/3036/413 1907/3037/417 1908/3038/418
f 1904/3039/414 1903/3036/413 1908/3038/418
f 1905/3040/415 1904/3039/414 1908/3038/418
f 1906/3041/554 1905/3040/415 1908/3038/418
f 1907/3037/417 1906/3041/554 1908/3038/418
f 1909/3042/1516 1910/3043/1517 1912/3044/1519 1911/3045/1518
f 1911/3046/1518 1912/3047/1519 1916/3048/1523 1915/3049/1522
f 1915/3050/1522 1916/3051/1523 1914/3052/1521 1913/3053/1520
f 1913/3054/1520 1914/3055/1521 1910/3056/1517 1909/3057/1516
f 1911/3058/1518 1915/3059/1522 1913/3060/1520 1909/3061/1516
f 1916/3062/1523 1912/3063/1519 1910/3064/1517 1914/3065/1521
f 1917/3066/1524 1930/3067/1537 1929/3068/1536
f 1918/3069/1525 1930/3070/1537 1932/3071/1539
f 1917/3066/1524 1929/3068/1536 1934/3072/1541
f 1917/3066/1524 1934/3072/1541 1936/3073/1543
f 1917/3066/1524 1936/3073/1543 1933/3074/1540
f 1918/3075/1525 1932/3076/1539 1939/3077/1546
f 1919/3078/1526 1931/3079/1538 1941/3080/53
f 1920/3081/1527 1935/3082/1542 1943/3083/1549
f 1921/3084/1528 1937/3085/1544 1945/3086/1551
f 1922/3087/1529 1938/3088/1545 1947/3089/1553
f 1918/3069/1525 1939/3090/1546 1942/3091/1548
f 1919/3092/1526 1941/3093/53 1944/3094/1550
f 1920/3081/1527 1943/3083/1549 1946/3095/1552
f 1921/3084/1528 1945/3086/1551 1948/3096/60
f 1922/3087/1529 1947/3089/1553 1940/3097/1547
f 1923/3098/1530 1949/3099/1554 1954/3100/1559
f 1924/3101/1531 1950/3102/1555 1956/3103/1561
f 1925/3104/1532 1951/3105/1556 1957/3106/1562
f 1926/3107/1533 1952/3108/1557 1958/3109/1563
f 1927/3110/1534 1953/3111/1558 1955/3112/1560
f 1955/3113/1560 1958/3114/1563 1928/3115/1535
f 1955/3112/1560 1953/3111/1558 1958/3116/1563
f 1953/3111/1558 1926/3117/1533 1958/3116/1563
f 1958/3114/1563 1957/3118/1562 1928/3115/1535
f 1958/3114/1563 1952/3119/1557 1957/3118/1562
f 1952/3108/1557 1925/3104/1532 1957/3106/1562
f 1957/3118/1562 1956/3120/1561 1928/3115/1535
f 1957/3121/1562 1951/3122/1556 1956/3103/1561
f 1951/3122/1556 1924/3101/1531 1956/3103/1561
f 1956/3120/1561 1954/3123/1559 1928/3115/1535
f 1956/3120/1561 1950/3124/1555 1954/3123/1559
f 1950/3125/1555 1923/3098/1530 1954/3100/1559
f 1954/3123/1559 1955/3113/1560 1928/3115/1535
f 1954/3123/1559 1949/3126/1554 1955/3113/1560
f 1949/3127/1554 1927/3110/1534 1955/3112/1560
f 1940/3097/1547 1953/3111/1558 1927/3110/1534
f 1940/3097/1547 1947/3089/1553 1953/3111/1558
f 1947/3089/1553 1926/3117/1533 1953/3111/1558
f 1948/3096/60 1952/3108/1557 1926/3107/1533
f 1948/3096/60 1945/3086/1551 1952/3108/1557
f 1945/3086/1551 1925/3104/1532 1952/3108/1557
f 1946/3095/1552 1951/3122/1556 1925/3128/1532
f 1946/3095/1552 1943/3083/1549 1951/3122/1556
f 1943/3083/1549 1924/3101/1531 1951/3122/1556
f 1944/3094/1550 1950/3102/1555 1924/3101/1531
f 1944/3094/1550 1941/3093/53 1950/3102/1555
f 1941/3080/53 1923/3098/1530 1950/3125/1555
f 1942/3091/1548 1949/3099/1554 1923/3098/1530
f 1942/3091/1548 1939/3090/1546 1949/3099/1554
f 1939/3077/1546 1927/3110/1534 1949/3127/1554
f 1947/3089/1553 1948/3129/60 1926/3117/1533
f 1947/3089/1553 1938/3088/1545 1948/3129/60
f 1938/3130/1545 1921/3084/1528 1948/3096/60
f 1945/3086/1551 1946/3131/1552 1925/3104/1532
f 1945/3086/1551 1937/3085/1544 1946/3131/1552
f 1937/3132/1544 1920/3081/1527 1946/3095/1552
f 1943/3083/1549 1944/3094/1550 1924/3101/1531
f 1943/3083/1549 1935/3082/1542 1944/3094/1550
f 1935/3082/1542 1919/3092/1526 1944/3094/1550
f 1941/3080/53 1942/3091/1548 1923/3098/1530
f 1941/3080/53 1931/3079/1538 1942/3091/1548
f 1931/3079/1538 1918/3069/1525 1942/3091/1548
f 1939/3077/1546 1940/3097/1547 1927/3110/1534
f 1939/3077/1546 1932/3076/1539 1940/3097/1547
f 1932/3076/1539 1922/3087/1529 1940/3097/1547
f 1933/3133/1540 1938/3088/1545 1922/3087/1529
f 1933/3074/1540 1936/3073/1543 1938/3134/1545
f 1936/3135/1543 1921/3084/1528 1938/3130/1545
f 1936/3135/1543 1937/3085/1544 1921/3084/1528
f 1936/3073/1543 1934/3072/1541 1937/3136/1544
f 1934/3137/1541 1920/3081/1527 1937/3132/1544
f 1934/3137/1541 1935/3082/1542 1920/3081/1527
f 1934/3137/1541 1929/3138/1536 1935/3082/1542
f 1929/3138/1536 1919/3092/1526 1935/3082/1542
f 1932/3076/1539 1933/3133/1540 1922/3087/1529
f 1932/3076/1539 1930/3139/1537 1933/3133/1540
f 1930/3067/1537 1917/3066/1524 1933/3074/1540
f 1929/3140/1536 1931/3079/1538 1919/3078/1526
f 1929/3140/1536 1930/3070/1537 1931/3079/1538
f 1930/3070/1537 1918/3069/1525 1931/3079/1538
f 1959/3141/1564 1960/3142/1565 1962/3143/1567 1961/3144/1566
f 1961/3145/1566 1962/3146/1567 1966/3147/1571 1965/3148/1570
f 1965/3149/1570 1966/3150/1571 1964/3151/1569 1963/3152/1568
f 1963/3153/1568 1964/3154/1569 1960/3155/1565 1959/3156/1564
f 1961/3157/1566 1965/3158/1570 1963/3159/1568 1959/3160/1564
f 1966/3161/1571 1962/3162/1567 1960/3163/1565 1964/3164/1569
f 1967/3165/407 1982/3166/1585 1981/3167/1584
f 1968/3168/1572 1984/3169/1587 1990/3170/1593
f 1967/3165/407 1981/3167/1584 1996/3171/1599
f 1967/3165/407 1996/3171/1599 2002/3172/1605
f 1967/3165/407 2002/3172/1605 1991/3173/1594
f 1968/3168/1572 1990/3170/1593 2011/3174/1614
f 1969/3175/1573 1987/3176/1590 2017/3177/1619
f 1970/3178/1574 1999/3179/1602 2023/3180/1625
f 1971/3181/1575 2005/3182/1608 2029/3183/1631
f 1972/3184/1576 2008/3185/1611 2035/3186/1637
f 1968/3168/1572 2011/3174/1614 2018/3187/1620
f 1969/3175/1573 2017/3177/1619 2024/3188/1626
f 1970/3178/1574 2023/3180/1625 2030/3189/1632
f 1971/3181/1575 2029/3183/1631 2036/3190/1638
f 1972/3184/1576 2035/3186/1637 2012/3191/1615
f 1973/3192/1577 2041/3193/1642 2056/3194/1657
f 1974/3195/1578 2044/3196/1645 2062/3197/1663
f 1975/3198/1579 2047/3199/1648 2065/3200/1666
f 1976/3201/1580 2050/3202/1651 2068/3203/1669
f 1977/3204/1581 2053/3205/1654 2057/3206/1658
f 2059/3207/1660 2066/3208/1667 1978/3209/418
f 2058/3210/1659 2069/3211/1670 2059/3207/1660
f 2057/3212/1658 2070/3213/1671 2058/3210/1659
f 2059/3207/1660 2069/3211/1670 2066/3208/1667
f 2069/3211/1670 2067/3214/1668 2066/3208/1667
f 2058/3210/1659 2070/3213/1671 2069/3211/1670
f 2070/3213/1671 2071/3215/1672 2069/3211/1670
f 2069/3211/1670 2071/3215/1672 2067/3214/1668
f 2071/3215/1672 2068/3203/1669 2067/3214/1668
f 2057/3212/1658 2053/3216/1654 2070/3213/1671
f 2053/3205/1654 2052/3217/1653 2070/3218/1671
f 2070/3213/1671 2052/3219/1653 2071/3215/1672
f 2052/3217/1653 2051/3220/1652 2071/3221/1672
f 2071/3215/1672 2051/3222/1652 2068/3203/1669
f 2051/3222/1652 1976/3201/1580 2068/3203/1669
f 2066/3208/1667 2063/3223/1664 1978/3209/418
f 2067/3214/1668 2072/3224/1673 2066/3208/1667
f 2068/3203/1669 2073/3225/1674 2067/3214/1668
f 2066/3208/1667 2072/3224/1673 2063/3223/1664
f 2072/3224/1673 2064/3226/1665 2063/3223/1664
f 2067/3214/1668 2073/3225/1674 2072/3224/1673
f 2073/3225/1674 2074/3227/1675 2072/3224/1673
f 2072/3224/1673 2074/3227/1675 2064/3226/1665
f 2074/3227/1675 2065/3228/1666 2064/3226/1665
f 2068/3203/1669 2050/3202/1651 2073/3225/1674
f 2050/3229/1651 2049/3230/1650 2073/3231/1674
f 2073/3225/1674 2049/3232/1650 2074/3227/1675
f 2049/3230/1650 2048/3233/1649 2074/3234/1675
f 2074/3234/1675 2048/3233/1649 2065/3200/1666
f 2048/3233/1649 1975/3198/1579 2065/3200/1666
f 2063/3223/1664 2060/3235/1661 1978/3209/418
f 2064/3226/1665 2075/3236/1676 2063/3223/1664
f 2065/3228/1666 2076/3237/1677 2064/3226/1665
f 2063/3223/1664 2075/3236/1676 2060/3235/1661
f 2075/3236/1676 2061/3238/1662 2060/3235/1661
f 2064/3226/1665 2076/3237/1677 2075/3236/1676
f 2076/3237/1677 2077/3239/1678 2075/3236/1676
f 2075/3236/1676 2077/3239/1678 2061/3238/1662
f 2077/3239/1678 2062/3240/1663 2061/3238/1662
f 2065/3228/1666 2047/3241/1648 2076/3237/1677
f 2047/3241/1648 2046/3242/1647 2076/3237/1677
f 2076/3237/1677 2046/3242/1647 2077/3239/1678
f 2046/3243/1647 2045/3244/1646 2077/3245/1678
f 2077/3245/1678 2045/3244/1646 2062/3197/1663
f 2045/3244/1646 1974/3195/1578 2062/3197/1663
f 2060/3235/1661 2054/3246/1655 1978/3209/418
f 2061/3238/1662 2078/3247/1679 2060/3235/1661
f 2062/3240/1663 2079/3248/1680 2061/3238/1662
f 2060/3235/1661 2078/3247/1679 2054/3246/1655
f 2078/3247/1679 2055/3249/1656 2054/3246/1655
f 2061/3238/1662 2079/3248/1680 2078/3247/1679
f 2079/3248/1680 2080/3250/1681 2078/3247/1679
f 2078/3247/1679 2080/3250/1681 2055/3249/1656
f 2080/3250/1681 2056/3251/1657 2055/3249/1656
f 2062/3240/1663 2044/3252/1645 2079/3248/1680
f 2044/3252/1645 2043/3253/1644 2079/3248/1680
f 2079/3248/1680 2043/3253/1644 2080/3250/1681
f 2043/3253/1644 2042/3254/1643 2080/3250/1681
f 2080/3250/1681 2042/3254/1643 2056/3251/1657
f 2042/3255/1643 1973/3192/1577 2056/3194/1657
f 2054/3246/1655 2059/3207/1660 1978/3209/418
f 2055/3249/1656 2081/3256/1682 2054/3246/1655
f 2056/3251/1657 2082/3257/1683 2055/3249/1656
f 2054/3246/1655 2081/3256/1682 2059/3207/1660
f 2081/3256/1682 2058/3210/1659 2059/3207/1660
f 2055/3249/1656 2082/3257/1683 2081/3256/1682
f 2082/3257/1683 2083/3258/1684 2081/3256/1682
f 2081/3256/1682 2083/3258/1684 2058/3210/1659
f 2083/3258/1684 2057/3212/1658 2058/3210/1659
f 2056/3251/1657 2041/3259/1642 2082/3257/1683
f 2041/3193/1642 2040/3260/1641 2082/3261/1683
f 2082/3257/1683 2040/3262/1641 2083/3258/1684
f 2040/3262/1641 2039/3263/1640 2083/3258/1684
f 2083/3258/1684 2039/3263/1640 2057/3212/1658
f 2039/3264/1640 1977/3204/1581 2057/3206/1658
f 2014/3265/1617 2053/3205/1654 1977/3204/1581
f 2013/3266/1616 2084/3267/1685 2014/3265/1617
f 2012/3191/1615 2085/3268/1686 2013/3266/1616
f 2014/3265/1617 2084/3267/1685 2053/3205/1654
f 2084/3267/1685 2052/3217/1653 2053/3205/1654
f 2013/3266/1616 2085/3268/1686 2084/3267/1685
f 2085/3268/1686 2086/3269/1687 2084/3267/1685
f 2084/3267/1685 2086/3269/1687 2052/3217/1653
f 2086/3269/1687 2051/3220/1652 2052/3217/1653
f 2012/3191/1615 2035/3186/1637 2085/3268/1686
f 2035/3186/1637 2034/3270/1636 2085/3268/1686
f 2085/3268/1686 2034/3270/1636 2086/3269/1687
f 2034/3270/1636 2033/3271/1635 2086/3269/1687
f 2086/3269/1687 2033/3271/1635 2051/3220/1652
f 2033/3271/1635 1976/3272/1580 2051/3220/1652
f 2038/3273/1639 2050/3229/1651 1976/3274/1580
f 2037/3275/60 2087/3276/1688 2038/3273/1639
f 2036/3190/1638 2088/3277/1689 2037/3275/60
f 2038/3273/1639 2087/3276/1688 2050/3229/1651
f 2087/3276/1688 2049/3230/1650 2050/3229/1651
f 2037/3275/60 2088/3277/1689 2087/3276/1688
f 2088/3277/1689 2089/3278/1690 2087/3276/1688
f 2087/3276/1688 2089/3278/1690 2049/3230/1650
f 2089/3278/1690 2048/3233/1649 2049/3230/1650
f 2036/3190/1638 2029/3183/1631 2088/3277/1689
f 2029/3183/1631 2028/3279/1630 2088/3277/1689
f 2088/3277/1689 2028/3279/1630 2089/3278/1690
f 2028/3279/1630 2027/3280/1629 2089/3278/1690
f 2089/3278/1690 2027/3280/1629 2048/3233/1649
f 2027/3280/1629 1975/3198/1579 2048/3233/1649
f 2032/3281/1634 2047/3199/1648 1975/3198/1579
f 2031/3282/1633 2090/3283/1691 2032/3281/1634
f 2030/3189/1632 2091/3284/1692 2031/3285/1633
f 2032/3281/1634 2090/3283/1691 2047/3199/1648
f 2090/3286/1691 2046/3243/1647 2047/3287/1648
f 2031/3285/1633 2091/3284/1692 2090/3286/1691
f 2091/3284/1692 2092/3288/1693 2090/3286/1691
f 2090/3286/1691 2092/3288/1693 2046/3243/1647
f 2092/3288/1693 2045/3244/1646 2046/3243/1647
f 2030/3189/1632 2023/3180/1625 2091/3284/1692
f 2023/3180/1625 2022/3289/1624 2091/3284/1692
f 2091/3284/1692 2022/3289/1624 2092/3288/1693
f 2022/3289/1624 2021/3290/1623 2092/3288/1693
f 2092/3288/1693 2021/3290/1623 2045/3244/1646
f 2021/3290/1623 1974/3195/1578 2045/3244/1646
f 2026/3291/1628 2044/3196/1645 1974/3195/1578
f 2025/3292/1627 2093/3293/1694 2026/3291/1628
f 2024/3294/1626 2094/3295/1695 2025/3292/1627
f 2026/3291/1628 2093/3293/1694 2044/3196/1645
f 2093/3293/1694 2043/3296/1644 2044/3196/1645
f 2025/3292/1627 2094/3295/1695 2093/3293/1694
f 2094/3295/1695 2095/3297/1696 2093/3293/1694
f 2093/3293/1694 2095/3297/1696 2043/3296/1644
f 2095/3298/1696 2042/3255/1643 2043/3299/1644
f 2024/3294/1626 2017/3300/1619 2094/3295/1695
f 2017/3177/1619 2016/3301/53 2094/3302/1695
f 2094/3302/1695 2016/3301/53 2095/3298/1696
f 2016/3301/53 2015/3303/1618 2095/3298/1696
f 2095/3298/1696 2015/3303/1618 2042/3255/1643
f 2015/3303/1618 1973/3192/1577 2042/3255/1643
f 2020/3304/1622 2041/3193/1642 1973/3192/1577
f 2019/3305/1621 2096/3306/1697 2020/3304/1622
f 2018/3187/1620 2097/3307/1698 2019/3305/1621
f 2020/3304/1622 2096/3306/1697 2041/3193/1642
f 2096/3306/1697 2040/3260/1641 2041/3193/1642
f 2019/3305/1621 2097/3307/1698 2096/3306/1697
f 2097/3307/1698 2098/3308/1699 2096/3306/1697
f 2096/3306/1697 2098/3308/1699 2040/3260/1641
f 2098/3308/1699 2039/3309/1640 2040/3260/1641
f 2018/3187/1620 2011/3174/1614 2097/3307/1698
f 2011/3174/1614 2010/3310/1613 2097/3307/1698
f 2097/3307/1698 2010/3310/1613 2098/3308/1699
f 2010/3311/1613 2009/3312/1612 2098/3313/1699
f 2098/3313/1699 2009/3312/1612 2039/3264/1640
f 2009/3312/1612 1977/3204/1581 2039/3264/1640
f 2033/3271/1635 2038/3314/1639 1976/3272/1580
f 2034/3270/1636 2099/3315/1700 2033/3271/1635
f 2035/3186/1637 2100/3316/1701 2034/3270/1636
f 2033/3271/1635 2099/3315/1700 2038/3314/1639
f 2099/3317/1700 2037/3275/60 2038/3273/1639
f 2034/3270/1636 2100/3316/1701 2099/3315/1700
f 2100/3316/1701 2101/3318/1702 2099/3315/1700
f 2099/3317/1700 2101/3319/1702 2037/3275/60
f 2101/3319/1702 2036/3190/1638 2037/3275/60
f 2035/3186/1637 2008/3185/1611 2100/3316/1701
f 2008/3185/1611 2007/3320/1610 2100/3316/1701
f 2100/3316/1701 2007/3320/1610 2101/3318/1702
f 2007/3321/1610 2006/3322/1609 2101/3319/1702
f 2101/3319/1702 2006/3322/1609 2036/3190/1638
f 2006/3322/1609 1971/3181/1575 2036/3190/1638
f 2027/3280/1629 2032/3281/1634 1975/3198/1579
f 2028/3279/1630 2102/3323/1703 2027/3280/1629
f 2029/3183/1631 2103/3324/1704 2028/3279/1630
f 2027/3280/1629 2102/3323/1703 2032/3281/1634
f 2102/3323/1703 2031/3282/1633 2032/3281/1634
f 2028/3279/1630 2103/3324/1704 2102/3323/1703
f 2103/3324/1704 2104/3325/1705 2102/3323/1703
f 2102/3323/1703 2104/3325/1705 2031/3282/1633
f 2104/3325/1705 2030/3326/1632 2031/3282/1633
f 2029/3183/1631 2005/3182/1608 2103/3324/1704
f 2005/3182/1608 2004/3327/1607 2103/3324/1704
f 2103/3324/1704 2004/3327/1607 2104/3325/1705
f 2004/3327/1607 2003/3328/1606 2104/3325/1705
f 2104/3329/1705 2003/3330/1606 2030/3189/1632
f 2003/3330/1606 1970/3178/1574 2030/3189/1632
f 2021/3290/1623 2026/3291/1628 1974/3195/1578
f 2022/3289/1624 2105/3331/1706 2021/3290/1623
f 2023/3180/1625 2106/3332/1707 2022/3289/1624
f 2021/3290/1623 2105/3331/1706 2026/3291/1628
f 2105/3331/1706 2025/3292/1627 2026/3291/1628
f 2022/3289/1624 2106/3332/1707 2105/3331/1706
f 2106/3332/1707 2107/3333/1708 2105/3331/1706
f 2105/3331/1706 2107/3333/1708 2025/3292/1627
f 2107/3333/1708 2024/3294/1626 2025/3292/1627
f 2023/3180/1625 1999/3179/1602 2106/3332/1707
f 1999/3179/1602 1998/3334/1601 2106/3332/1707
f 2106/3332/1707 1998/3334/1601 2107/3333/1708
f 1998/3334/1601 1997/3335/1600 2107/3333/1708
f 2107/3333/1708 1997/3335/1600 2024/3294/1626
f 1997/3335/1600 1969/3336/1573 2024/3294/1626
f 2015/3303/1618 2020/3304/1622 1973/3192/1577
f 2016/3301/53 2108/3337/1709 2015/3303/1618
f 2017/3177/1619 2109/3338/1710 2016/3301/53
f 2015/3303/1618 2108/3337/1709 2020/3304/1622
f 2108/3337/1709 2019/3305/1621 2020/3304/1622
f 2016/3301/53 2109/3338/1710 2108/3337/1709
f 2109/3338/1710 2110/3339/1711 2108/3337/1709
f 2108/3337/1709 2110/3339/1711 2019/3305/1621
f 2110/3339/1711 2018/3187/1620 2019/3305/1621
f 2017/3177/1619 1987/3176/1590 2109/3338/1710
f 1987/3176/1590 1986/3340/1589 2109/3338/1710
f 2109/3338/1710 1986/3340/1589 2110/3339/1711
f 1986/3340/1589 1985/3341/1588 2110/3339/1711
f 2110/3339/1711 1985/3341/1588 2018/3187/1620
f 1985/3341/1588 1968/3168/1572 2018/3187/1620
f 2009/3312/1612 2014/3265/1617 1977/3204/1581
f 2010/3311/1613 2111/3342/1712 2009/3312/1612
f 2011/3174/1614 2112/3343/1713 2010/3310/1613
f 2009/3312/1612 2111/3342/1712 2014/3265/1617
f 2111/3342/1712 2013/3266/1616 2014/3265/1617
f 2010/3311/1613 2112/3344/1713 2111/3342/1712
f 2112/3344/1713 2113/3345/1714 2111/3342/1712
f 2111/3342/1712 2113/3345/1714 2013/3266/1616
f 2113/3345/1714 2012/3191/1615 2013/3266/1616
f 2011/3174/1614 1990/3170/1593 2112/3343/1713
f 1990/3346/1593 1989/3347/1592 2112/3344/1713
f 2112/3344/1713 1989/3347/1592 2113/3345/1714
f 1989/3347/1592 1988/3348/1591 2113/3345/1714
f 2113/3345/1714 1988/3348/1591 2012/3191/1615
f 1988/3348/1591 1972/3184/1576 2012/3191/1615
f 1993/3349/1596 2008/3185/1611 1972/3184/1576
f 1992/3350/1595 2114/3351/1715 1993/3352/1596
f 1991/3173/1594 2115/3353/1716 1992/3350/1595
f 1993/3352/1596 2114/3351/1715 2008/3354/1611
f 2114/3351/1715 2007/3355/1610 2008/3354/1611
f 1992/3350/1595 2115/3353/1716 2114/3351/1715
f 2115/3353/1716 2116/3356/1717 2114/3351/1715
f 2114/3351/1715 2116/3356/1717 2007/3355/1610
f 2116/3356/1717 2006/3357/1609 2007/3355/1610
f 1991/3173/1594 2002/3172/1605 2115/3353/1716
f 2002/3172/1605 2001/3358/1604 2115/3353/1716
f 2115/3353/1716 2001/3358/1604 2116/3356/1717
f 2001/3358/1604 2000/3359/1603 2116/3356/1717
f 2116/3356/1717 2000/3359/1603 2006/3357/1609
f 2000/3360/1603 1971/3181/1575 2006/3322/1609
f 2000/3360/1603 2005/3182/1608 1971/3181/1575
f 2001/3358/1604 2117/3361/1718 2000/3359/1603
f 2002/3172/1605 2118/3362/1719 2001/3358/1604
f 2000/3359/1603 2117/3361/1718 2005/3363/1608
f 2117/3364/1718 2004/3327/1607 2005/3182/1608
f 2001/3358/1604 2118/3362/1719 2117/3361/1718
f 2118/3362/1719 2119/3365/1720 2117/3361/1718
f 2117/3361/1718 2119/3365/1720 2004/3366/1607
f 2119/3365/1720 2003/3367/1606 2004/3366/1607
f 2002/3172/1605 1996/3171/1599 2118/3362/1719
f 1996/3171/1599 1995/3368/1598 2118/3362/1719
f 2118/3362/1719 1995/3368/1598 2119/3365/1720
f 1995/3368/1598 1994/3369/1597 2119/3365/1720
f 2119/3365/1720 1994/3369/1597 2003/3367/1606
f 1994/3370/1597 1970/3178/1574 2003/3330/1606
f 1994/3370/1597 1999/3179/1602 1970/3178/1574
f 1995/3368/1598 2120/3371/1721 1994/3369/1597
f 1996/3171/1599 2121/3372/1722 1995/3368/1598
f 1994/3369/1597 2120/3371/1721 1999/3373/1602
f 2120/3374/1721 1998/3334/1601 1999/3179/1602
f 1995/3368/1598 2121/3372/1722 2120/3371/1721
f 2121/3372/1722 2122/3375/1723 2120/3371/1721
f 2120/3371/1721 2122/3375/1723 1998/3376/1601
f 2122/3377/1723 1997/3335/1600 1998/3334/1601
f 1996/3171/1599 1981/3167/1584 2121/3372/1722
f 1981/3167/1584 1980/3378/1583 2121/3372/1722
f 2121/3372/1722 1980/3378/1583 2122/3375/1723
f 1980/3378/1583 1979/3379/1582 2122/3375/1723
f 2122/3375/1723 1979/3379/1582 1997/3380/1600
f 1979/3379/1582 1969/3381/1573 1997/3380/1600
f 1988/3348/1591 1993/3349/1596 1972/3184/1576
f 1989/3347/1592 2123/3382/1724 1988/3348/1591
f 1990/3383/1593 2124/3384/1725 1989/3385/1592
f 1988/3348/1591 2123/3382/1724 1993/3349/1596
f 2123/3386/1724 1992/3350/1595 1993/3352/1596
f 1989/3385/1592 2124/3384/1725 2123/3386/1724
f 2124/3384/1725 2125/3387/1726 2123/3386/1724
f 2123/3386/1724 2125/3387/1726 1992/3350/1595
f 2125/3387/1726 1991/3173/1594 1992/3350/1595
f 1990/3383/1593 1984/3388/1587 2124/3384/1725
f 1984/3388/1587 1983/3389/1586 2124/3384/1725
f 2124/3384/1725 1983/3389/1586 2125/3387/1726
f 1983/3389/1586 1982/3166/1585 2125/3387/1726
f 2125/3387/1726 1982/3166/1585 1991/3173/1594
f 1982/3166/1585 1967/3165/407 1991/3173/1594
f 1979/3390/1582 1987/3176/1590 1969/3175/1573
f 1980/3378/1583 2126/3391/1727 1979/3379/1582
f 1981/3167/1584 2127/3392/1728 1980/3378/1583
f 1979/3379/1582 2126/3391/1727 1987/3393/1590
f 2126/3394/1727 1986/3340/1589 1987/3176/1590
f 1980/3378/1583 2127/3392/1728 2126/3391/1727
f 2127/3392/1728 2128/3395/1729 2126/3391/1727
f 2126/3391/1727 2128/3395/1729 1986/3396/1589
f 2128/3397/1729 1985/3341/1588 1986/3340/1589
f 1981/3167/1584 1982/3166/1585 2127/3392/1728
f 1982/3166/1585 1983/3389/1586 2127/3392/1728
f 2127/3392/1728 1983/3389/1586 2128/3395/1729
f 1983/3389/1586 1984/3388/1587 2128/3395/1729
f 2128/3397/1729 1984/3169/1587 1985/3341/1588
f 1984/3169/1587 1968/3168/1572 1985/3341/1588
f 2129/3398/1730 2142/3399/1743 2141/3400/1742
f 2130/3401/1731 2142/3402/1743 2144/3403/1745
f 2129/3398/1730 2141/3400/1742 2146/3404/1747
f 2129/3398/1730 2146/3404/1747 2148/3405/1749
f 2129/3398/1730 2148/3405/1749 2145/3406/1746
f 2130/3401/1731 2144/3403/1745 2151/3407/1752
f 2131/3408/1732 2143/3409/1744 2153/3410/53
f 2132/3411/1733 2147/3412/1748 2155/3413/1755
f 2133/3414/1734 2149/3415/1750 2157/3416/1757
f 2134/3417/1735 2150/3418/1751 2159/3419/1759
f 2130/3401/1731 2151/3407/1752 2154/3420/1754
f 2131/3408/1732 2153/3410/53 2156/3421/1756
f 2132/3411/1733 2155/3413/1755 2158/3422/1758
f 2133/3414/1734 2157/3416/1757 2160/3423/60
f 2134/3417/1735 2159/3419/1759 2152/3424/1753
f 2135/3425/1736 2161/3426/1760 2166/3427/1765
f 2136/3428/1737 2162/3429/1761 2168/3430/1767
f 2137/3431/1738 2163/3432/1762 2169/3433/1768
f 2138/3434/1739 2164/3435/1763 2170/3436/1769
f 2139/3437/1740 2165/3438/1764 2167/3439/1766
f 2167/3440/1766 2170/3441/1769 2140/3442/1741
f 2167/3440/1766 2165/3443/1764 2170/3441/1769
f 2165/3438/1764 2138/3444/1739 2170/3445/1769
f 2170/3441/1769 2169/3446/1768 2140/3442/1741
f 2170/3436/1769 2164/3435/1763 2169/3433/1768
f 2164/3435/1763 2137/3431/1738 2169/3433/1768
f 2169/3446/1768 2168/3447/1767 2140/3442/1741
f 2169/3446/1768 2163/3448/1762 2168/3447/1767
f 2163/3449/1762 2136/3428/1737 2168/3430/1767
f 2168/3447/1767 2166/3450/1765 2140/3442/1741
f 2168/3447/1767 2162/3451/1761 2166/3450/1765
f 2162/3452/1761 2135/3425/1736 2166/3427/1765
f 2166/3450/1765 2167/3440/1766 2140/3442/1741
f 2166/3450/1765 2161/3453/1760 2167/3440/1766
f 2161/3453/1760 2139/3454/1740 2167/3440/1766
f 2152/3424/1753 2165/3438/1764 2139/3437/1740
f 2152/3424/1753 2159/3419/1759 2165/3438/1764
f 2159/3419/1759 2138/3444/1739 2165/3438/1764
f 2160/3423/60 2164/3435/1763 2138/3434/1739
f 2160/3423/60 2157/3416/1757 2164/3435/1763
f 2157/3416/1757 2137/3431/1738 2164/3435/1763
f 2158/3455/1758 2163/3432/1762 2137/3431/1738
f 2158/3422/1758 2155/3413/1755 2163/3449/1762
f 2155/3413/1755 2136/3428/1737 2163/3449/1762
f 2156/3456/1756 2162/3429/1761 2136/3428/1737
f 2156/3421/1756 2153/3410/53 2162/3452/1761
f 2153/3410/53 2135/3425/1736 2162/3452/1761
f 2154/3420/1754 2161/3426/1760 2135/3425/1736
f 2154/3420/1754 2151/3407/1752 2161/3426/1760
f 2151/3407/1752 2139/3457/1740 2161/3426/1760
f 2159/3458/1759 2160/3423/60 2138/3434/1739
f 2159/3458/1759 2150/3459/1751 2160/3423/60
f 2150/3459/1751 2133/3414/1734 2160/3423/60
f 2157/3416/1757 2158/3455/1758 2137/3431/1738
f 2157/3416/1757 2149/3415/1750 2158/3455/1758
f 2149/3415/1750 2132/3460/1733 2158/3455/1758
f 2155/3413/1755 2156/3456/1756 2136/3428/1737
f 2155/3413/1755 2147/3412/1748 2156/3456/1756
f 2147/3412/1748 2131/3461/1732 2156/3456/1756
f 2153/3410/53 2154/3420/1754 2135/3425/1736
f 2153/3410/53 2143/3409/1744 2154/3420/1754
f 2143/3409/1744 2130/3401/1731 2154/3420/1754
f 2151/3462/1752 2152/3424/1753 2139/3437/1740
f 2151/3462/1752 2144/3463/1745 2152/3424/1753
f 2144/3463/1745 2134/3417/1735 2152/3424/1753
f 2145/3464/1746 2150/3418/1751 2134/3417/1735
f 2145/3406/1746 2148/3405/1749 2150/3465/1751
f 2148/3466/1749 2133/3414/1734 2150/3459/1751
f 2148/3466/1749 2149/3415/1750 2133/3414/1734
f 2148/3405/1749 2146/3404/1747 2149/3467/1750
f 2146/3404/1747 2132/3468/1733 2149/3467/1750
f 2146/3469/1747 2147/3412/1748 2132/3411/1733
f 2146/3404/1747 2141/3400/1742 2147/3470/1748
f 2141/3471/1742 2131/3461/1732 2147/3412/1748
f 2144/3463/1745 2145/3464/1746 2134/3417/1735
f 2144/3472/1745 2142/3399/1743 2145/3406/1746
f 2142/3399/1743 2129/3398/1730 2145/3406/1746
f 2141/3473/1742 2143/3409/1744 2131/3408/1732
f 2141/3473/1742 2142/3402/1743 2143/3409/1744
f 2142/3402/1743 2130/3401/1731 2143/3409/1744
f 2171/3474/407 2184/3475/420 2183/3476/419
f 2172/3477/408 2184/3475/420 2186/3478/422
f 2171/3474/407 2183/3476/419 2188/3479/424
f 2171/3474/407 2188/3479/424 2190/3480/426
f 2171/3474/407 2190/3480/426 2187/3481/423
f 2172/3482/408 2186/3483/422 2193/3484/429
f 2173/3485/409 2185/3486/421 2195/3487/53
f 2174/3488/410 2189/3489/425 2197/3490/432
f 2175/3491/411 2191/3492/427 2199/3493/434
f 2176/3494/412 2192/3495/428 2201/3496/436
f 2172/3497/408 2193/3498/429 2196/3499/431
f 2173/3485/409 2195/3487/53 2198/3500/433
f 2174/3488/410 2197/3490/432 2200/3501/435
f 2175/3491/411 2199/3493/434 2202/3502/60
f 2176/3494/412 2201/3496/436 2194/3503/430
f 2177/3504/413 2203/3505/437 2208/3506/442
f 2178/3507/414 2204/3508/438 2210/3509/444
f 2179/3510/415 2205/3511/439 2211/3512/445
f 2180/3513/416 2206/3514/440 2212/3515/446
f 2181/3516/417 2207/3517/441 2209/3518/443
f 2209/3519/443 2212/3520/446 2182/3521/418
f 2209/3519/443 2207/3522/441 2212/3520/446
f 2207/3522/441 2180/3523/416 2212/3520/446
f 2212/3520/446 2211/3512/445 2182/3521/418
f 2212/3520/446 2206/3524/440 2211/3512/445
f 2206/3514/440 2179/3525/415 2211/3526/445
f 2211/3512/445 2210/3527/444 2182/3521/418
f 2211/3512/445 2205/3511/439 2210/3527/444
f 2205/3528/439 2178/3507/414 2210/3509/444
f 2210/3527/444 2208/3529/442 2182/3521/418
f 2210/3527/444 2204/3530/438 2208/3529/442
f 2204/3530/438 2177/3531/413 2208/3529/442
f 2208/3529/442 2209/3519/443 2182/3521/418
f 2208/3529/442 2203/3532/437 2209/3519/443
f 2203/3532/437 2181/3533/417 2209/3519/443
f 2194/3503/430 2207/3517/441 2181/3516/417
f 2194/3503/430 2201/3496/436 2207/3517/441
f 2201/3496/436 2180/3534/416 2207/3517/441
f 2202/3502/60 2206/3514/440 2180/3513/416
f 2202/3502/60 2199/3493/434 2206/3514/440
f 2199/3493/434 2179/3525/415 2206/3514/440
f 2200/3501/435 2205/3528/439 2179/3535/415
f 2200/3501/435 2197/3490/432 2205/3528/439
f 2197/3490/432 2178/3507/414 2205/3528/439
f 2198/3536/433 2204/3508/438 2178/3507/414
f 2198/3536/433 2195/3537/53 2204/3508/438
f 2195/3487/53 2177/3504/413 2204/3538/438
f 2196/3499/431 2203/3505/437 2177/3504/413
f 2196/3499/431 2193/3498/429 2203/3505/437
f 2193/3498/429 2181/3539/417 2203/3505/437
f 2201/3496/436 2202/3540/60 2180/3534/416
f 2201/3496/436 2192/3495/428 2202/3540/60
f 2192/3541/428 2175/3491/411 2202/3502/60
f 2199/3493/434 2200/3542/435 2179/3525/415
f 2199/3493/434 2191/3492/427 2200/3542/435
f 2191/3492/427 2174/3543/410 2200/3542/435
f 2197/3490/432 2198/3536/433 2178/3507/414
f 2197/3490/432 2189/3489/425 2198/3536/433
f 2189/3489/425 2173/3544/409 2198/3536/433
f 2195/3487/53 2196/3499/431 2177/3504/413
f 2195/3487/53 2185/3486/421 2196/3499/431
f 2185/3486/421 2172/3497/408 2196/3499/431
f 2193/3484/429 2194/3503/430 2181/3516/417
f 2193/3484/429 2186/3483/422 2194/3503/430
f 2186/3483/422 2176/3494/412 2194/3503/430
f 2187/3545/423 2192/3495/428 2176/3494/412
f 2187/3481/423 2190/3480/426 2192/3546/428
f 2190/3480/426 2175/3547/411 2192/3546/428
f 2190/3548/426 2191/3492/427 2175/3491/411
f 2190/3480/426 2188/3479/424 2191/3549/427
f 2188/3479/424 2174/3550/410 2191/3549/427
f 2188/3551/424 2189/3489/425 2174/3488/410
f 2188/3479/424 2183/3476/419 2189/3552/425
f 2183/3476/419 2173/3553/409 2189/3552/425
f 2186/3483/422 2187/3545/423 2176/3494/412
f 2186/3478/422 2184/3475/420 2187/3481/423
f 2184/3475/420 2171/3474/407 2187/3481/423
f 2183/3554/419 2185/3486/421 2173/3485/409
f 2183/3476/419 2184/3475/420 2185/3555/421
f 2184/3556/420 2172/3497/408 2185/3486/421
f 2213/3557/1770 2225/3558/1782 2226/3559/1783 2214/3560/1771
f 2214/3561/1771 2226/3562/1783 2227/3563/1784 2215/3564/1772
f 2215/3565/1772 2227/3566/1784 2228/3567/1785 2216/3568/1773
f 2216/3568/1773 2228/3567/1785 2229/3569/1786 2217/3570/1774
f 2217/3571/1774 2229/3572/1786 2230/3573/1787 2218/3574/1775
f 2218/3574/1775 2230/3573/1787 2231/3575/1788 2219/3576/1776
f 2219/3576/1776 2231/3575/1788 2232/3577/1789 2220/3578/1777
f 2220/3579/1777 2232/3580/1789 2233/3581/1790 2221/3582/1778
f 2221/3583/1778 2233/3584/1790 2234/3585/1791 2222/3586/1779
f 2222/3586/1779 2234/3585/1791 2235/3587/1792 2223/3588/1780
f 2223/3589/1780 2235/3590/1792 2236/3591/1793 2224/3592/1781
f 2224/3592/1781 2236/3591/1793 2225/3558/1782 2213/3557/1770
f 2225/3558/1782 2237/3593/1794 2238/3594/1795 2226/3559/1783
f 2226/3562/1783 2238/3595/1795 2239/3596/1796 2227/3563/1784
f 2227/3566/1784 2239/3597/1796 2240/3598/1797 2228/3567/1785
f 2228/3567/1785 2240/3598/1797 2241/3599/1798 2229/3569/1786
f 2229/3572/1786 2241/3600/1798 2242/3601/1799 2230/3573/1787
f 2230/3573/1787 2242/3601/1799 2243/3602/1800 2231/3575/1788
f 2231/3575/1788 2243/3602/1800 2244/3603/1801 2232/3577/1789
f 2232/3580/1789 2244/3604/1801 2245/3605/1802 2233/3581/1790
f 2233/3584/1790 2245/3606/1802 2246/3607/1803 2234/3585/1791
f 2234/3585/1791 2246/3607/1803 2247/3608/1804 2235/3587/1792
f 2235/3590/1792 2247/3609/1804 2248/3610/1805 2236/3591/1793
f 2236/3591/1793 2248/3610/1805 2237/3593/1794 2225/3558/1782
f 2237/3593/1794 2249/3611/1806 2250/3612/1807 2238/3594/1795
f 2238/3613/1795 2250/3614/1807 2251/3615/1808 2239/3597/1796
f 2239/3597/1796 2251/3615/1808 2252/3616/1809 2240/3598/1797
f 2240/3598/1797 2252/3616/1809 2253/3617/1810 2241/3599/1798
f 2241/3600/1798 2253/3618/1810 2254/3619/1811 2242/3601/1799
f 2242/3601/1799 2254/3619/1811 2255/3620/1812 2243/3602/1800
f 2243/3602/1800 2255/3620/1812 2256/3621/1813 2244/3603/1801
f 2244/3622/1801 2256/3623/1813 2257/3624/1814 2245/3606/1802
f 2245/3606/1802 2257/3624/1814 2258/3625/1815 2246/3607/1803
f 2246/3607/1803 2258/3625/1815 2259/3626/1816 2247/3608/1804
f 2247/3609/1804 2259/3627/1816 2260/3628/1817 2248/3610/1805
f 2248/3610/1805 2260/3628/1817 2249/3611/1806 2237/3593/1794
f 2249/3611/1806 2261/3629/1818 2262/3630/1819 2250/3612/1807
f 2250/3614/1807 2262/3631/1819 2263/3632/1820 2251/3615/1808
f 2251/3615/1808 2263/3632/1820 2264/3633/1821 2252/3616/1809
f 2252/3616/1809 2264/3633/1821 2265/3634/1822 2253/3617/1810
f 2253/3618/1810 2265/3635/1822 2266/3636/1823 2254/3619/1811
f 2254/3619/1811 2266/3636/1823 2267/3637/1824 2255/3620/1812
f 2255/3620/1812 2267/3637/1824 2268/3638/1825 2256/3621/1813
f 2256/3623/1813 2268/3639/1825 2269/3640/1826 2257/3624/1814
f 2257/3624/1814 2269/3640/1826 2270/3641/1827 2258/3625/1815
f 2258/3625/1815 2270/3641/1827 2271/3642/1828 2259/3626/1816
f 2259/3627/1816 2271/3643/1828 2272/3644/1829 2260/3628/1817
f 2260/3628/1817 2272/3644/1829 2261/3629/1818 2249/3611/1806
f 2261/3629/1818 2273/3645/1830 2274/3646/1831 2262/3630/1819
f 2262/3631/1819 2274/3647/1831 2275/3648/1832 2263/3632/1820
f 2263/3632/1820 2275/3648/1832 2276/3649/1833 2264/3633/1821
f 2264/3633/1821 2276/3649/1833 2277/3650/1834 2265/3634/1822
f 2265/3635/1822 2277/3651/1834 2278/3652/1835 2266/3636/1823
f 2266/3636/1823 2278/3652/1835 2279/3653/1836 2267/3637/1824
f 2267/3637/1824 2279/3653/1836 2280/3654/1837 2268/3638/1825
f 2268/3639/1825 2280/3655/1837 2281/3656/1838 2269/3640/1826
f 2269/3640/1826 2281/3656/1838 2282/3657/1839 2270/3641/1827
f 2270/3641/1827 2282/3657/1839 2283/3658/1840 2271/3642/1828
f 2271/3643/1828 2283/3659/1840 2284/3660/1841 2272/3644/1829
f 2272/3644/1829 2284/3660/1841 2273/3645/1830 2261/3629/1818
f 2273/3645/1830 2285/3661/1842 2286/3662/1843 2274/3646/1831
f 2274/3647/1831 2286/3663/1843 2287/3664/1844 2275/3648/1832
f 2275/3648/1832 2287/3664/1844 2288/3665/1845 2276/3649/1833
f 2276/3666/1833 2288/3667/1845 2289/3668/1846 2277/3669/1834
f 2277/3651/1834 2289/3670/1846 2290/3671/1847 2278/3652/1835
f 2278/3652/1835 2290/3671/1847 2291/3672/1848 2279/3653/1836
f 2279/3653/1836 2291/3672/1848 2292/3673/1849 2280/3654/1837
f 2280/3655/1837 2292/3674/1849 2293/3675/1850 2281/3656/1838
f 2281/3656/1838 2293/3675/1850 2294/3676/1851 2282/3657/1839
f 2282/3677/1839 2294/3678/1851 2295/3679/1852 2283/3680/1840
f 2283/3659/1840 2295/3681/1852 2296/3682/1853 2284/3660/1841
f 2284/3660/1841 2296/3682/1853 2285/3661/1842 2273/3645/1830
f 2285/3661/1842 2297/3683/1854 2298/3684/1855 2286/3662/1843
f 2286/3663/1843 2298/3685/1855 2299/3686/1856 2287/3664/1844
f 2287/3664/1844 2299/3686/1856 2300/3687/1857 2288/3665/1845
f 2288/3667/1845 2300/3688/1857 2301/3689/1858 2289/3668/1846
f 2289/3670/1846 2301/3690/1858 2302/3691/1859 2290/3671/1847
f 2290/3671/1847 2302/3691/1859 2303/3692/1860 2291/3672/1848
f 2291/3672/1848 2303/3692/1860 2304/3693/1861 2292/3673/1849
f 2292/3674/1849 2304/3694/1861 2305/3695/1862 2293/3675/1850
f 2293/3675/1850 2305/3695/1862 2306/3696/1863 2294/3676/1851
f 2294/3678/1851 2306/3697/1863 2307/3698/1864 2295/3679/1852
f 2295/3681/1852 2307/3699/1864 2308/3700/1865 2296/3682/1853
f 2296/3682/1853 2308/3700/1865 2297/3683/1854 2285/3661/1842
f 2297/3701/1854 2309/3702/1866 2310/3703/1867 2298/3685/1855
f 2298/3685/1855 2310/3703/1867 2311/3704/1868 2299/3686/1856
f 2299/3686/1856 2311/3704/1868 2312/3705/1869 2300/3687/1857
f 2300/3688/1857 2312/3706/1869 2313/3707/1870 2301/3689/1858
f 2301/3690/1858 2313/3708/1870 2314/3709/1871 2302/3691/1859
f 2302/3691/1859 2314/3709/1871 2315/3710/1872 2303/3692/1860
f 2303/3711/1860 2315/3712/1872 2316/3713/1873 2304/3694/1861
f 2304/3694/1861 2316/3713/1873 2317/3714/1874 2305/3695/1862
f 2305/3695/1862 2317/3714/1874 2318/3715/1875 2306/3696/1863
f 2306/3697/1863 2318/3716/1875 2319/3717/1876 2307/3698/1864
f 2307/3699/1864 2319/3718/1876 2320/3719/1877 2308/3700/1865
f 2308/3700/1865 2320/3719/1877 2309/3720/1866 2297/3683/1854
f 2309/3702/1866 2321/3721/1878 2322/3722/1879 2310/3703/1867
f 2310/3703/1867 2322/3722/1879 2323/3723/1880 2311/3704/1868
f 2311/3704/1868 2323/3723/1880 2324/3724/1881 2312/3705/1869
f 2312/3706/1869 2324/3725/1881 2325/3726/1882 2313/3707/1870
f 2313/3708/1870 2325/3727/1882 2326/3728/1883 2314/3709/1871
f 2314/3709/1871 2326/3728/1883 2327/3729/1884 2315/3710/1872
f 2315/3712/1872 2327/3730/1884 2328/3731/1885 2316/3713/1873
f 2316/3713/1873 2328/3731/1885 2329/3732/1886 2317/3714/1874
f 2317/3714/1874 2329/3732/1886 2330/3733/1887 2318/3715/1875
f 2318/3716/1875 2330/3734/1887 2331/3735/1888 2319/3717/1876
f 2319/3718/1876 2331/3736/1888 2332/3737/1889 2320/3719/1877
f 2320/3719/1877 2332/3737/1889 2321/3738/1878 2309/3720/1866
f 2321/3721/1878 2333/3739/1890 2334/3740/1891 2322/3722/1879
f 2322/3722/1879 2334/3740/1891 2335/3741/1892 2323/3723/1880
f 2323/3723/1880 2335/3741/1892 2336/3742/1893 2324/3724/1881
f 2324/3725/1881 2336/3743/1893 2337/3744/1894 2325/3726/1882
f 2325/3726/1882 2337/3744/1894 2338/3745/1895 2326/3746/1883
f 2326/3728/1883 2338/3747/1895 2339/3748/1896 2327/3729/1884
f 2327/3730/1884 2339/3749/1896 2340/3750/1897 2328/3731/1885
f 2328/3731/1885 2340/3750/1897 2341/3751/1898 2329/3732/1886
f 2329/3732/1886 2341/3751/1898 2342/3752/1899 2330/3733/1887
f 2330/3734/1887 2342/3753/1899 2343/3754/1900 2331/3735/1888
f 2331/3735/1888 2343/3754/1900 2344/3755/1901 2332/3756/1889
f 2332/3737/1889 2344/3757/1901 2333/3758/1890 2321/3738/1878
f 2333/3739/1890 2345/3759/1902 2346/3760/1903 2334/3740/1891
f 2334/3740/1891 2346/3760/1903 2347/3761/1904 2335/3741/1892
f 2335/3741/1892 2347/3761/1904 2348/3762/1905 2336/3742/1893
f 2336/3743/1893 2348/3763/1905 2349/3764/1906 2337/3744/1894
f 2337/3744/1894 2349/3764/1906 2350/3765/1907 2338/3745/1895
f 2338/3745/1895 2350/3765/1907 2351/3766/1908 2339/3767/1896
f 2339/3749/1896 2351/3768/1908 2352/3769/1909 2340/3750/1897
f 2340/3750/1897 2352/3769/1909 2353/3770/1910 2341/3751/1898
f 2341/3751/1898 2353/3770/1910 2354/3771/1911 2342/3752/1899
f 2342/3753/1899 2354/3772/1911 2355/3773/1912 2343/3754/1900
f 2343/3754/1900 2355/3773/1912 2356/3774/1913 2344/3755/1901
f 2344/3755/1901 2356/3774/1913 2345/3775/1902 2333/3776/1890
f 2345/3759/1902 2357/3777/1914 2358/3778/1915 2346/3760/1903
f 2346/3760/1903 2358/3778/1915 2359/3779/1916 2347/3761/1904
f 2347/3761/1904 2359/3779/1916 2360/3780/1917 2348/3762/1905
f 2348/3763/1905 2360/3781/1917 2361/3782/1918 2349/3764/1906
f 2349/3764/1906 2361/3782/1918 2362/3783/1919 2350/3765/1907
f 2350/3765/1907 2362/3783/1919 2363/3784/1920 2351/3766/1908
f 2351/3768/1908 2363/3785/1920 2364/3786/1921 2352/3769/1909
f 2352/3769/1909 2364/3786/1921 2365/3787/1922 2353/3770/1910
f 2353/3770/1910 2365/3787/1922 2366/3788/1923 2354/3771/1911
f 2354/3772/1911 2366/3789/1923 2367/3790/1924 2355/3773/1912
f 2355/3773/1912 2367/3790/1924 2368/3791/1925 2356/3774/1913
f 2356/3774/1913 2368/3791/1925 2357/3792/1914 2345/3775/1902
f 2357/3777/1914 2369/3793/1926 2370/3794/1927 2358/3778/1915
f 2358/3778/1915 2370/3794/1927 2371/3795/1928 2359/3779/1916
f 2359/3779/1916 2371/3795/1928 2372/3796/1929 2360/3780/1917
f 2360/3781/1917 2372/3797/1929 2373/3798/1930 2361/3782/1918
f 2361/3782/1918 2373/3798/1930 2374/3799/1931 2362/3783/1919
f 2362/3783/1919 2374/3799/1931 2375/3800/1932 2363/3784/1920
f 2363/3785/1920 2375/3801/1932 2376/3802/1933 2364/3786/1921
f 2364/3786/1921 2376/3802/1933 2377/3803/1934 2365/3787/1922
f 2365/3787/1922 2377/3803/1934 2378/3804/1935 2366/3788/1923
f 2366/3789/1923 2378/3805/1935 2379/3806/1936 2367/3790/1924
f 2367/3790/1924 2379/3806/1936 2380/3807/1937 2368/3791/1925
f 2368/3791/1925 2380/3807/1937 2369/3808/1926 2357/3792/1914
f 2369/3793/1926 2381/3809/1938 2382/3810/1939 2370/3794/1927
f 2370/3794/1927 2382/3810/1939 2383/3811/1940 2371/3795/1928
f 2371/3795/1928 2383/3811/1940 2384/3812/1941 2372/3796/1929
f 2372/3797/1929 2384/3813/1941 2385/3814/1942 2373/3798/1930
f 2373/3798/1930 2385/3814/1942 2386/3815/1943 2374/3799/1931
f 2374/3799/1931 2386/3815/1943 2387/3816/1944 2375/3800/1932
f 2375/3801/1932 2387/3817/1944 2388/3818/1945 2376/3802/1933
f 2376/3802/1933 2388/3818/1945 2389/3819/1946 2377/3803/1934
f 2377/3803/1934 2389/3819/1946 2390/3820/1947 2378/3804/1935
f 2378/3805/1935 2390/3821/1947 2391/3822/1948 2379/3806/1936
f 2379/3806/1936 2391/3822/1948 2392/3823/1949 2380/3807/1937
f 2380/3807/1937 2392/3823/1949 2381/3824/1938 2369/3808/1926
f 2381/3809/1938 2393/3825/1950 2394/3826/1951 2382/3810/1939
f 2382/3810/1939 2394/3826/1951 2395/3827/1952 2383/3811/1940
f 2383/3811/1940 2395/3827/1952 2396/3828/1953 2384/3812/1941
f 2384/3813/1941 2396/3829/1953 2397/3830/1954 2385/3814/1942
f 2385/3814/1942 2397/3830/1954 2398/3831/1955 2386/3815/1943
f 2386/3815/1943 2398/3831/1955 2399/3832/1956 2387/3816/1944
f 2387/3817/1944 2399/3833/1956 2400/3834/1957 2388/3818/1945
f 2388/3818/1945 2400/3834/1957 2401/3835/1958 2389/3819/1946
f 2389/3819/1946 2401/3835/1958 2402/3836/1959 2390/3820/1947
f 2390/3821/1947 2402/3837/1959 2403/3838/1960 2391/3822/1948
f 2391/3822/1948 2403/3838/1960 2404/3839/1961 2392/3823/1949
f 2392/3823/1949 2404/3839/1961 2393/3840/1950 2381/3824/1938
f 2393/3825/1950 2405/3841/1962 2406/3842/1963 2394/3826/1951
f 2394/3826/1951 2406/3842/1963 2407/3843/1964 2395/3827/1952
f 2395/3827/1952 2407/3843/1964 2408/3844/1965 2396/3828/1953
f 2396/3829/1953 2408/3845/1965 2409/3846/1966 2397/3830/1954
f 2397/3830/1954 2409/3846/1966 2410/3847/1967 2398/3831/1955
f 2398/3831/1955 2410/3847/1967 2411/3848/1968 2399/3832/1956
f 2399/3833/1956 2411/3849/1968 2412/3850/1969 2400/3834/1957
f 2400/3834/1957 2412/3850/1969 2413/3851/1970 2401/3835/1958
f 2401/3835/1958 2413/3851/1970 2414/3852/1971 2402/3836/1959
f 2402/3837/1959 2414/3853/1971 2415/3854/1972 2403/3838/1960
f 2403/3838/1960 2415/3854/1972 2416/3855/1973 2404/3839/1961
f 2404/3839/1961 2416/3855/1973 2405/3856/1962 2393/3840/1950
f 2405/3841/1962 2417/3857/1974 2418/3858/1975 2406/3842/1963
f 2406/3842/1963 2418/3858/1975 2419/3859/1976 2407/3843/1964
f 2407/3843/1964 2419/3859/1976 2420/3860/1977 2408/3844/1965
f 2408/3845/1965 2420/3861/1977 2421/3862/1978 2409/3846/1966
f 2409/3846/1966 2421/3862/1978 2422/3863/1979 2410/3847/1967
f 2410/3847/1967 2422/3863/1979 2423/3864/1980 2411/3848/1968
f 2411/3849/1968 2423/3865/1980 2424/3866/1981 2412/3850/1969
f 2412/3850/1969 2424/3866/1981 2425/3867/1982 2413/3851/1970
f 2413/3851/1970 2425/3867/1982 2426/3868/1983 2414/3852/1971
f 2414/3853/1971 2426/3869/1983 2427/3870/1984 2415/3854/1972
f 2415/3854/1972 2427/3870/1984 2428/3871/1985 2416/3855/1973
f 2416/3855/1973 2428/3871/1985 2417/3872/1974 2405/3856/1962
f 2417/3857/1974 2429/3873/1986 2430/3874/1987 2418/3858/1975
f 2418/3858/1975 2430/3874/1987 2431/3875/1988 2419/3859/1976
f 2419/3859/1976 2431/3875/1988 2432/3876/1989 2420/3860/1977
f 2420/3861/1977 2432/3877/1989 2433/3878/1990 2421/3862/1978
f 2421/3862/1978 2433/3878/1990 2434/3879/1991 2422/3863/1979
f 2422/3863/1979 2434/3879/1991 2435/3880/1992 2423/3864/1980
f 2423/3865/1980 2435/3881/1992 2436/3882/1993 2424/3866/1981
f 2424/3866/1981 2436/3882/1993 2437/3883/1994 2425/3867/1982
f 2425/3867/1982 2437/3883/1994 2438/3884/1995 2426/3868/1983
f 2426/3869/1983 2438/3885/1995 2439/3886/1996 2427/3870/1984
f 2427/3870/1984 2439/3886/1996 2440/3887/1997 2428/3871/1985
f 2428/3871/1985 2440/3887/1997 2429/3888/1986 2417/3872/1974
f 2429/3873/1986 2441/3889/1998 2442/3890/1999 2430/3874/1987
f 2430/3874/1987 2442/3890/1999 2443/3891/2000 2431/3875/1988
f 2431/3875/1988 2443/3891/2000 2444/3892/2001 2432/3876/1989
f 2432/3877/1989 2444/3893/2001 2445/3894/2002 2433/3878/1990
f 2433/3878/1990 2445/3894/2002 2446/3895/2003 2434/3879/1991
f 2434/3879/1991 2446/3895/2003 2447/3896/2004 2435/3880/1992
f 2435/3881/1992 2447/3897/2004 2448/3898/2005 2436/3882/1993
f 2436/3882/1993 2448/3898/2005 2449/3899/2006 2437/3883/1994
f 2437/3883/1994 2449/3899/2006 2450/3900/2007 2438/3884/1995
f 2438/3885/1995 2450/3901/2007 2451/3902/2008 2439/3886/1996
f 2439/3886/1996 2451/3902/2008 2452/3903/2009 2440/3887/1997
f 2440/3887/1997 2452/3903/2009 2441/3904/1998 2429/3888/1986
f 2441/3905/1998 2453/3906/2010 2454/3907/2011 2442/3908/1999
f 2442/3890/1999 2454/3909/2011 2455/3910/2012 2443/3891/2000
f 2443/3891/2000 2455/3910/2012 2456/3911/2013 2444/3892/2001
f 2444/3893/2001 2456/3912/2013 2457/3913/2014 2445/3894/2002
f 2445/3894/2002 2457/3913/2014 2458/3914/2015 2446/3895/2003
f 2446/3895/2003 2458/3914/2015 2459/3915/2016 2447/3896/2004
f 2447/3916/2004 2459/3917/2016 2460/3918/2017 2448/3919/2005
f 2448/3898/2005 2460/3920/2017 2461/3921/2018 2449/3899/2006
f 2449/3899/2006 2461/3921/2018 2462/3922/2019 2450/3900/2007
f 2450/3901/2007 2462/3923/2019 2463/3924/2020 2451/3902/2008
f 2451/3902/2008 2463/3924/2020 2464/3925/2021 2452/3903/2009
f 2452/3903/2009 2464/3925/2021 2453/3926/2010 2441/3904/1998
f 2453/3906/2010 2465/3927/2022 2466/3928/2023 2454/3907/2011
f 2454/3909/2011 2466/3929/2023 2467/3930/2024 2455/3910/2012
f 2455/3910/2012 2467/3930/2024 2468/3931/2025 2456/3911/2013
f 2456/3912/2013 2468/3932/2025 2469/3933/2026 2457/3913/2014
f 2457/3913/2014 2469/3933/2026 2470/3934/2027 2458/3914/2015
f 2458/3914/2015 2470/3934/2027 2471/3935/2028 2459/3915/2016
f 2459/3917/2016 2471/3936/2028 2472/3937/2029 2460/3918/2017
f 2460/3920/2017 2472/3938/2029 2473/3939/2030 2461/3921/2018
f 2461/3921/2018 2473/3939/2030 2474/3940/2031 2462/3922/2019
f 2462/3923/2019 2474/3941/2031 2475/3942/2032 2463/3924/2020
f 2463/3924/2020 2475/3942/2032 2476/3943/2033 2464/3925/2021
f 2464/3925/2021 2476/3943/2033 2465/3944/2022 2453/3926/2010
f 2465/3927/2022 2477/3945/2034 2478/3946/2035 2466/3928/2023
f 2466/3928/2023 2478/3946/2035 2479/3947/2036 2467/3948/2024
f 2467/3930/2024 2479/3949/2036 2480/3950/2037 2468/3931/2025
f 2468/3932/2025 2480/3951/2037 2481/3952/2038 2469/3933/2026
f 2469/3933/2026 2481/3952/2038 2482/3953/2039 2470/3934/2027
f 2470/3934/2027 2482/3953/2039 2483/3954/2040 2471/3935/2028
f 2471/3936/2028 2483/3955/2040 2484/3956/2041 2472/3937/2029
f 2472/3937/2029 2484/3956/2041 2485/3957/2042 2473/3958/2030
f 2473/3939/2030 2485/3959/2042 2486/3960/2043 2474/3940/2031
f 2474/3941/2031 2486/3961/2043 2487/3962/2044 2475/3942/2032
f 2475/3942/2032 2487/3962/2044 2488/3963/2045 2476/3943/2033
f 2476/3943/2033 2488/3963/2045 2477/3964/2034 2465/3944/2022
f 2477/3945/2034 2489/3965/2046 2490/3966/2047 2478/3946/2035
f 2478/3946/2035 2490/3966/2047 2491/3967/2048 2479/3947/2036
f 2479/3949/2036 2491/3968/2048 2492/3969/2049 2480/3950/2037
f 2480/3951/2037 2492/3970/2049 2493/3971/2050 2481/3952/2038
f 2481/3952/2038 2493/3971/2050 2494/3972/2051 2482/3953/2039
f 2482/3953/2039 2494/3972/2051 2495/3973/2052 2483/3954/2040
f 2483/3955/2040 2495/3974/2052 2496/3975/2053 2484/3956/2041
f 2484/3956/2041 2496/3975/2053 2497/3976/2054 2485/3957/2042
f 2485/3959/2042 2497/3977/2054 2498/3978/2055 2486/3960/2043
f 2486/3961/2043 2498/3979/2055 2499/3980/2056 2487/3962/2044
f 2487/3962/2044 2499/3980/2056 2500/3981/2057 2488/3963/2045
f 2488/3963/2045 2500/3981/2057 2489/3982/2046 2477/3964/2034
f 2489/3965/2046 2501/3983/1776 2502/3984/2058 2490/3966/2047
f 2490/3966/2047 2502/3984/2058 2503/3985/2059 2491/3967/2048
f 2491/3968/2048 2503/3986/2059 2504/3987/2060 2492/3969/2049
f 2492/3970/2049 2504/3988/2060 2505/3989/2061 2493/3971/2050
f 2493/3971/2050 2505/3989/2061 2506/3990/2062 2494/3972/2051
f 2494/3991/2051 2506/3992/2062 2507/3993/1770 2495/3974/2052
f 2495/3974/2052 2507/3993/1770 2508/3994/2063 2496/3975/2053
f 2496/3975/2053 2508/3994/2063 2509/3995/2064 2497/3976/2054
f 2497/3977/2054 2509/3996/2064 2510/3997/2065 2498/3978/2055
f 2498/3979/2055 2510/3998/2065 2511/3999/2066 2499/3980/2056
f 2499/3980/2056 2511/3999/2066 2512/4000/2067 2500/3981/2057
f 2500/4001/2057 2512/4002/2067 2501/3983/1776 2489/3965/2046
f 2501/3983/1776 2513/4003/1788 2514/4004/2068 2502/3984/2058
f 2502/3984/2058 2514/4004/2068 2515/4005/2069 2503/3985/2059
f 2503/3986/2059 2515/4006/2069 2516/4007/2070 2504/3987/2060
f 2504/3987/2060 2516/4007/2070 2517/4008/2071 2505/4009/2061
f 2505/3989/2061 2517/4010/2071 2518/4011/2072 2506/3990/2062
f 2506/3992/2062 2518/4012/2072 2519/4013/1782 2507/3993/1770
f 2507/3993/1770 2519/4013/1782 2520/4014/2073 2508/3994/2063
f 2508/3994/2063 2520/4014/2073 2521/4015/2074 2509/3995/2064
f 2509/3996/2064 2521/4016/2074 2522/4017/2075 2510/3997/2065
f 2510/3997/2065 2522/4017/2075 2523/4018/2076 2511/4019/2066
f 2511/3999/2066 2523/4020/2076 2524/4021/2077 2512/4000/2067
f 2512/4002/2067 2524/4022/2077 2513/4003/1788 2501/3983/1776
f 2513/4003/1788 2525/4023/1800 2526/4024/2078 2514/4004/2068
f 2514/4004/2068 2526/4024/2078 2527/4025/2079 2515/4005/2069
f 2515/4006/2069 2527/4026/2079 2528/4027/2080 2516/4007/2070
f 2516/4007/2070 2528/4027/2080 2529/4028/2081 2517/4008/2071
f 2517/4010/2071 2529/4029/2081 2530/4030/2082 2518/4011/2072
f 2518/4012/2072 2530/4031/2082 2531/4032/1794 2519/4013/1782
f 2519/4013/1782 2531/4032/1794 2532/4033/2083 2520/4014/2073
f 2520/4014/2073 2532/4033/2083 2533/4034/2084 2521/4015/2074
f 2521/4016/2074 2533/4035/2084 2534/4036/2085 2522/4017/2075
f 2522/4017/2075 2534/4036/2085 2535/4037/2086 2523/4018/2076
f 2523/4020/2076 2535/4038/2086 2536/4039/2087 2524/4021/2077
f 2524/4022/2077 2536/4040/2087 2525/4023/1800 2513/4003/1788
f 2525/4023/1800 2537/4041/1812 2538/4042/2088 2526/4024/2078
f 2526/4024/2078 2538/4042/2088 2539/4043/2089 2527/4025/2079
f 2527/4026/2079 2539/4044/2089 2540/4045/2090 2528/4027/2080
f 2528/4027/2080 2540/4045/2090 2541/4046/2091 2529/4028/2081
f 2529/4028/2081 2541/4046/2091 2542/4047/2092 2530/4048/2082
f 2530/4031/2082 2542/4049/2092 2543/4050/1806 2531/4032/1794
f 2531/4032/1794 2543/4050/1806 2544/4051/2093 2532/4033/2083
f 2532/4033/2083 2544/4051/2093 2545/4052/2094 2533/4034/2084
f 2533/4035/2084 2545/4053/2094 2546/4054/2095 2534/4036/2085
f 2534/4036/2085 2546/4054/2095 2547/4055/2096 2535/4037/2086
f 2535/4037/2086 2547/4055/2096 2548/4056/2097 2536/4057/2087
f 2536/4040/2087 2548/4058/2097 2537/4041/1812 2525/4023/1800
f 2537/4041/1812 2549/4059/2098 2550/4060/2099 2538/4042/2088
f 2538/4042/2088 2550/4060/2099 2551/4061/2100 2539/4043/2089
f 2539/4044/2089 2551/4062/2100 2552/4063/2101 2540/4045/2090
f 2540/4045/2090 2552/4063/2101 2553/4064/2102 2541/4046/2091
f 2541/4046/2091 2553/4064/2102 2554/4065/2103 2542/4047/2092
f 2542/4049/2092 2554/4066/2103 2555/4067/2104 2543/4050/1806
f 2543/4050/1806 2555/4067/2104 2556/4068/2105 2544/4051/2093
f 2544/4051/2093 2556/4068/2105 2557/4069/2106 2545/4052/2094
f 2545/4053/2094 2557/4070/2106 2558/4071/2107 2546/4054/2095
f 2546/4054/2095 2558/4071/2107 2559/4072/2108 2547/4055/2096
f 2547/4055/2096 2559/4072/2108 2560/4073/2109 2548/4056/2097
f 2548/4058/2097 2560/4074/2109 2549/4059/2098 2537/4041/1812
f 2549/4059/2098 2561/4075/1836 2562/4076/2110 2550/4060/2099
f 2550/4060/2099 2562/4076/2110 2563/4077/2111 2551/4061/2100
f 2551/4062/2100 2563/4078/2111 2564/4079/2112 2552/4063/2101
f 2552/4063/2101 2564/4079/2112 2565/4080/2113 2553/4064/2102
f 2553/4064/2102 2565/4080/2113 2566/4081/2114 2554/4065/2103
f 2554/4066/2103 2566/4082/2114 2567/4083/1830 2555/4067/2104
f 2555/4067/2104 2567/4083/1830 2568/4084/2115 2556/4068/2105
f 2556/4068/2105 2568/4084/2115 2569/4085/2116 2557/4069/2106
f 2557/4070/2106 2569/4086/2116 2570/4087/2117 2558/4071/2107
f 2558/4071/2107 2570/4087/2117 2571/4088/2118 2559/4072/2108
f 2559/4072/2108 2571/4088/2118 2572/4089/2119 2560/4073/2109
f 2560/4074/2109 2572/4090/2119 2561/4075/1836 2549/4059/2098
f 2561/4075/1836 2573/4091/1848 2574/4092/2120 2562/4076/2110
f 2562/4076/2110 2574/4092/2120 2575/4093/2121 2563/4077/2111
f 2563/4094/2111 2575/4095/2121 2576/4096/2122 2564/4097/2112
f 2564/4079/2112 2576/4098/2122 2577/4099/2123 2565/4080/2113
f 2565/4080/2113 2577/4099/2123 2578/4100/2124 2566/4081/2114
f 2566/4082/2114 2578/4101/2124 2579/4102/1842 2567/4083/1830
f 2567/4083/1830 2579/4102/1842 2580/4103/2125 2568/4084/2115
f 2568/4084/2115 2580/4103/2125 2581/4104/2126 2569/4085/2116
f 2569/4105/2116 2581/4106/2126 2582/4107/2127 2570/4108/2117
f 2570/4087/2117 2582/4109/2127 2583/4110/2128 2571/4088/2118
f 2571/4088/2118 2583/4110/2128 2584/4111/2129 2572/4089/2119
f 2572/4090/2119 2584/4112/2129 2573/4091/1848 2561/4075/1836
f 2573/4091/1848 2585/4113/1860 2586/4114/2130 2574/4092/2120
f 2574/4092/2120 2586/4114/2130 2587/4115/2131 2575/4093/2121
f 2575/4095/2121 2587/4116/2131 2588/4117/2132 2576/4096/2122
f 2576/4098/2122 2588/4118/2132 2589/4119/2133 2577/4099/2123
f 2577/4099/2123 2589/4119/2133 2590/4120/2134 2578/4100/2124
f 2578/4101/2124 2590/4121/2134 2591/4122/1854 2579/4102/1842
f 2579/4102/1842 2591/4122/1854 2592/4123/2135 2580/4103/2125
f 2580/4103/2125 2592/4123/2135 2593/4124/2136 2581/4104/2126
f 2581/4106/2126 2593/4125/2136 2594/4126/2137 2582/4107/2127
f 2582/4109/2127 2594/4127/2137 2595/4128/2138 2583/4110/2128
f 2583/4110/2128 2595/4128/2138 2596/4129/2139 2584/4111/2129
f 2584/4112/2129 2596/4130/2139 2585/4113/1860 2573/4091/1848
f 2585/4113/1860 2597/4131/1872 2598/4132/2140 2586/4114/2130
f 2586/4114/2130 2598/4132/2140 2599/4133/2141 2587/4115/2131
f 2587/4116/2131 2599/4134/2141 2600/4135/2142 2588/4117/2132
f 2588/4118/2132 2600/4136/2142 2601/4137/2143 2589/4119/2133
f 2589/4119/2133 2601/4137/2143 2602/4138/2144 2590/4120/2134
f 2590/4120/2134 2602/4138/2144 2603/4139/1866 2591/4140/1854
f 2591/4122/1854 2603/4141/1866 2604/4142/2145 2592/4123/2135
f 2592/4123/2135 2604/4142/2145 2605/4143/2146 2593/4124/2136
f 2593/4125/2136 2605/4144/2146 2606/4145/2147 2594/4126/2137
f 2594/4127/2137 2606/4146/2147 2607/4147/2148 2595/4128/2138
f 2595/4128/2138 2607/4147/2148 2608/4148/2149 2596/4129/2139
f 2596/4129/2139 2608/4148/2149 2597/4149/1872 2585/4150/1860
f 2597/4131/1872 2609/4151/1884 2610/4152/2150 2598/4132/2140
f 2598/4132/2140 2610/4152/2150 2611/4153/2151 2599/4133/2141
f 2599/4134/2141 2611/4154/2151 2612/4155/2152 2600/4135/2142
f 2600/4136/2142 2612/4156/2152 2613/4157/2153 2601/4137/2143
f 2601/4137/2143 2613/4157/2153 2614/4158/2154 2602/4138/2144
f 2602/4138/2144 2614/4158/2154 2615/4159/1878 2603/4139/1866
f 2603/4141/1866 2615/4160/1878 2616/4161/2155 2604/4142/2145
f 2604/4142/2145 2616/4161/2155 2617/4162/2156 2605/4143/2146
f 2605/4144/2146 2617/4163/2156 2618/4164/2157 2606/4145/2147
f 2606/4146/2147 2618/4165/2157 2619/4166/2158 2607/4147/2148
f 2607/4147/2148 2619/4166/2158 2620/4167/2159 2608/4148/2149
f 2608/4148/2149 2620/4167/2159 2609/4168/1884 2597/4149/1872
f 2609/4151/1884 2621/4169/1896 2622/4170/2160 2610/4152/2150
f 2610/4171/2150 2622/4172/2160 2623/4173/2161 2611/4154/2151
f 2611/4154/2151 2623/4173/2161 2624/4174/2162 2612/4155/2152
f 2612/4156/2152 2624/4175/2162 2625/4176/2163 2613/4157/2153
f 2613/4157/2153 2625/4176/2163 2626/4177/2164 2614/4158/2154
f 2614/4158/2154 2626/4177/2164 2627/4178/1890 2615/4159/1878
f 2615/4160/1878 2627/4179/1890 2628/4180/2165 2616/4161/2155
f 2616/4181/2155 2628/4182/2165 2629/4183/2166 2617/4163/2156
f 2617/4163/2156 2629/4183/2166 2630/4184/2167 2618/4164/2157
f 2618/4165/2157 2630/4185/2167 2631/4186/2168 2619/4166/2158
f 2619/4166/2158 2631/4186/2168 2632/4187/2169 2620/4167/2159
f 2620/4167/2159 2632/4187/2169 2621/4188/1896 2609/4168/1884
f 2621/4189/1896 2633/4190/1908 2634/4191/2170 2622/4172/2160
f 2622/4172/2160 2634/4191/2170 2635/4192/2171 2623/4173/2161
f 2623/4173/2161 2635/4192/2171 2636/4193/2172 2624/4174/2162
f 2624/4175/2162 2636/4194/2172 2637/4195/2173 2625/4176/2163
f 2625/4176/2163 2637/4195/2173 2638/4196/2174 2626/4177/2164
f 2626/4177/2164 2638/4196/2174 2639/4197/1902 2627/4178/1890
f 2627/4198/1890 2639/4199/1902 2640/4200/2175 2628/4182/2165
f 2628/4182/2165 2640/4200/2175 2641/4201/2176 2629/4183/2166
f 2629/4183/2166 2641/4201/2176 2642/4202/2177 2630/4184/2167
f 2630/4185/2167 2642/4203/2177 2643/4204/2178 2631/4186/2168
f 2631/4186/2168 2643/4204/2178 2644/4205/2179 2632/4187/2169
f 2632/4187/2169 2644/4205/2179 2633/4206/1908 2621/4188/1896
f 2633/4190/1908 2645/4207/1920 2646/4208/2180 2634/4191/2170
f 2634/4191/2170 2646/4208/2180 2647/4209/2181 2635/4192/2171
f 2635/4192/2171 2647/4209/2181 2648/4210/2182 2636/4193/2172
f 2636/4194/2172 2648/4211/2182 2649/4212/2183 2637/4195/2173
f 2637/4195/2173 2649/4212/2183 2650/4213/2184 2638/4196/2174
f 2638/4196/2174 2650/4213/2184 2651/4214/1914 2639/4197/1902
f 2639/4199/1902 2651/4215/1914 2652/4216/2185 2640/4200/2175
f 2640/4200/2175 2652/4216/2185 2653/4217/2186 2641/4201/2176
f 2641/4201/2176 2653/4217/2186 2654/4218/2187 2642/4202/2177
f 2642/4203/2177 2654/4219/2187 2655/4220/2188 2643/4204/2178
f 2643/4204/2178 2655/4220/2188 2656/4221/2189 2644/4205/2179
f 2644/4205/2179 2656/4221/2189 2645/4222/1920 2633/4206/1908
f 2645/4207/1920 2657/4223/1932 2658/4224/2190 2646/4208/2180
f 2646/4208/2180 2658/4224/2190 2659/4225/2191 2647/4209/2181
f 2647/4209/2181 2659/4225/2191 2660/4226/2192 2648/4210/2182
f 2648/4211/2182 2660/4227/2192 2661/4228/2193 2649/4212/2183
f 2649/4212/2183 2661/4228/2193 2662/4229/2194 2650/4213/2184
f 2650/4213/2184 2662/4229/2194 2663/4230/1926 2651/4214/1914
f 2651/4215/1914 2663/4231/1926 2664/4232/2195 2652/4216/2185
f 2652/4216/2185 2664/4232/2195 2665/4233/2196 2653/4217/2186
f 2653/4217/2186 2665/4233/2196 2666/4234/2197 2654/4218/2187
f 2654/4219/2187 2666/4235/2197 2667/4236/2198 2655/4220/2188
f 2655/4220/2188 2667/4236/2198 2668/4237/2199 2656/4221/2189
f 2656/4221/2189 2668/4237/2199 2657/4238/1932 2645/4222/1920
f 2657/4223/1932 2669/4239/1944 2670/4240/2200 2658/4224/2190
f 2658/4224/2190 2670/4240/2200 2671/4241/2201 2659/4225/2191
f 2659/4225/2191 2671/4241/2201 2672/4242/2202 2660/4226/2192
f 2660/4227/2192 2672/4243/2202 2673/4244/2203 2661/4228/2193
f 2661/4228/2193 2673/4244/2203 2674/4245/2204 2662/4229/2194
f 2662/4229/2194 2674/4245/2204 2675/4246/1938 2663/4230/1926
f 2663/4231/1926 2675/4247/1938 2676/4248/2205 2664/4232/2195
f 2664/4232/2195 2676/4248/2205 2677/4249/2206 2665/4233/2196
f 2665/4233/2196 2677/4249/2206 2678/4250/2207 2666/4234/2197
f 2666/4235/2197 2678/4251/2207 2679/4252/2208 2667/4236/2198
f 2667/4236/2198 2679/4252/2208 2680/4253/2209 2668/4237/2199
f 2668/4237/2199 2680/4253/2209 2669/4254/1944 2657/4238/1932
f 2669/4239/1944 2681/4255/1956 2682/4256/2210 2670/4240/2200
f 2670/4240/2200 2682/4256/2210 2683/4257/2211 2671/4241/2201
f 2671/4241/2201 2683/4257/2211 2684/4258/2212 2672/4242/2202
f 2672/4243/2202 2684/4259/2212 2685/4260/2213 2673/4244/2203
f 2673/4244/2203 2685/4260/2213 2686/4261/2214 2674/4245/2204
f 2674/4245/2204 2686/4261/2214 2687/4262/1950 2675/4246/1938
f 2675/4247/1938 2687/4263/1950 2688/4264/2215 2676/4248/2205
f 2676/4248/2205 2688/4264/2215 2689/4265/2216 2677/4249/2206
f 2677/4249/2206 2689/4265/2216 2690/4266/2217 2678/4250/2207
f 2678/4251/2207 2690/4267/2217 2691/4268/2218 2679/4252/2208
f 2679/4252/2208 2691/4268/2218 2692/4269/2219 2680/4253/2209
f 2680/4253/2209 2692/4269/2219 2681/4270/1956 2669/4254/1944
f 2681/4255/1956 2693/4271/1968 2694/4272/2220 2682/4256/2210
f 2682/4256/2210 2694/4272/2220 2695/4273/2221 2683/4257/2211
f 2683/4257/2211 2695/4273/2221 2696/4274/2222 2684/4258/2212
f 2684/4259/2212 2696/4275/2222 2697/4276/2223 2685/4260/2213
f 2685/4260/2213 2697/4276/2223 2698/4277/2224 2686/4261/2214
f 2686/4261/2214 2698/4277/2224 2699/4278/1962 2687/4262/1950
f 2687/4263/1950 2699/4279/1962 2700/4280/2225 2688/4264/2215
f 2688/4264/2215 2700/4280/2225 2701/4281/2226 2689/4265/2216
f 2689/4265/2216 2701/4281/2226 2702/4282/2227 2690/4266/2217
f 2690/4267/2217 2702/4283/2227 2703/4284/2228 2691/4268/2218
f 2691/4268/2218 2703/4284/2228 2704/4285/2229 2692/4269/2219
f 2692/4269/2219 2704/4285/2229 2693/4286/1968 2681/4270/1956
f 2693/4271/1968 2705/4287/1980 2706/4288/2230 2694/4272/2220
f 2694/4272/2220 2706/4288/2230 2707/4289/2231 2695/4273/2221
f 2695/4273/2221 2707/4289/2231 2708/4290/2232 2696/4274/2222
f 2696/4275/2222 2708/4291/2232 2709/4292/2233 2697/4276/2223
f 2697/4276/2223 2709/4292/2233 2710/4293/2234 2698/4277/2224
f 2698/4277/2224 2710/4293/2234 2711/4294/1974 2699/4278/1962
f 2699/4279/1962 2711/4295/1974 2712/4296/2235 2700/4280/2225
f 2700/4280/2225 2712/4296/2235 2713/4297/2236 2701/4281/2226
f 2701/4281/2226 2713/4297/2236 2714/4298/2237 2702/4282/2227
f 2702/4283/2227 2714/4299/2237 2715/4300/2238 2703/4284/2228
f 2703/4284/2228 2715/4300/2238 2716/4301/2239 2704/4285/2229
f 2704/4285/2229 2716/4301/2239 2705/4302/1980 2693/4286/1968
f 2705/4287/1980 2717/4303/1992 2718/4304/2240 2706/4288/2230
f 2706/4288/2230 2718/4304/2240 2719/4305/2241 2707/4289/2231
f 2707/4289/2231 2719/4305/2241 2720/4306/2242 2708/4290/2232
f 2708/4291/2232 2720/4307/2242 2721/4308/2243 2709/4292/2233
f 2709/4292/2233 2721/4308/2243 2722/4309/2244 2710/4293/2234
f 2710/4293/2234 2722/4309/2244 2723/4310/1986 2711/4294/1974
f 2711/4295/1974 2723/4311/1986 2724/4312/2245 2712/4296/2235
f 2712/4296/2235 2724/4312/2245 2725/4313/2246 2713/4297/2236
f 2713/4297/2236 2725/4313/2246 2726/4314/2247 2714/4298/2237
f 2714/4299/2237 2726/4315/2247 2727/4316/2248 2715/4300/2238
f 2715/4300/2238 2727/4316/2248 2728/4317/2249 2716/4301/2239
f 2716/4301/2239 2728/4317/2249 2717/4318/1992 2705/4302/1980
f 2717/4303/1992 2729/4319/2250 2730/4320/2251 2718/4304/2240
f 2718/4304/2240 2730/4320/2251 2731/4321/2252 2719/4305/2241
f 2719/4305/2241 2731/4321/2252 2732/4322/2253 2720/4306/2242
f 2720/4307/2242 2732/4323/2253 2733/4324/2254 2721/4308/2243
f 2721/4308/2243 2733/4324/2254 2734/4325/2255 2722/4309/2244
f 2722/4309/2244 2734/4325/2255 2735/4326/1998 2723/4310/1986
f 2723/4311/1986 2735/4327/1998 2736/4328/2256 2724/4312/2245
f 2724/4312/2245 2736/4328/2256 2737/4329/2257 2725/4313/2246
f 2725/4313/2246 2737/4329/2257 2738/4330/2258 2726/4314/2247
f 2726/4315/2247 2738/4331/2258 2739/4332/2259 2727/4316/2248
f 2727/4316/2248 2739/4332/2259 2740/4333/2260 2728/4317/2249
f 2728/4317/2249 2740/4333/2260 2729/4334/2250 2717/4318/1992
f 2729/4319/2250 2741/4335/2261 2742/4336/2262 2730/4320/2251
f 2730/4320/2251 2742/4336/2262 2743/4337/2263 2731/4321/2252
f 2731/4321/2252 2743/4337/2263 2744/4338/2264 2732/4322/2253
f 2732/4323/2253 2744/4339/2264 2745/4340/2265 2733/4324/2254
f 2733/4324/2254 2745/4340/2265 2746/4341/2266 2734/4325/2255
f 2734/4342/2255 2746/4343/2266 2747/4344/2267 2735/4345/1998
f 2735/4327/1998 2747/4346/2267 2748/4347/2268 2736/4328/2256
f 2736/4328/2256 2748/4347/2268 2749/4348/2269 2737/4329/2257
f 2737/4329/2257 2749/4348/2269 2750/4349/2270 2738/4330/2258
f 2738/4331/2258 2750/4350/2270 2751/4351/2271 2739/4332/2259
f 2739/4332/2259 2751/4351/2271 2752/4352/2272 2740/4333/2260
f 2740/4353/2260 2752/4354/2272 2741/4355/2261 2729/4356/2250
f 2741/4335/2261 2753/4357/2028 2754/4358/2273 2742/4336/2262
f 2742/4336/2262 2754/4358/2273 2755/4359/2274 2743/4337/2263
f 2743/4337/2263 2755/4359/2274 2756/4360/2275 2744/4338/2264
f 2744/4339/2264 2756/4361/2275 2757/4362/2276 2745/4340/2265
f 2745/4340/2265 2757/4362/2276 2758/4363/2277 2746/4341/2266
f 2746/4343/2266 2758/4364/2277 2759/4365/2022 2747/4344/2267
f 2747/4346/2267 2759/4366/2022 2760/4367/2278 2748/4347/2268
f 2748/4347/2268 2760/4367/2278 2761/4368/2279 2749/4348/2269
f 2749/4348/2269 2761/4368/2279 2762/4369/2280 2750/4349/2270
f 2750/4350/2270 2762/4370/2280 2763/4371/2281 2751/4351/2271
f 2751/4351/2271 2763/4371/2281 2764/4372/2282 2752/4352/2272
f 2752/4354/2272 2764/4373/2282 2753/4374/2028 2741/4355/2261
f 2753/4357/2028 2765/4375/2040 2766/4376/2283 2754/4358/2273
f 2754/4358/2273 2766/4376/2283 2767/4377/2284 2755/4359/2274
f 2755/4359/2274 2767/4377/2284 2768/4378/2285 2756/4360/2275
f 2756/4361/2275 2768/4379/2285 2769/4380/2286 2757/4362/2276
f 2757/4381/2276 2769/4382/2286 2770/4383/2287 2758/4364/2277
f 2758/4364/2277 2770/4383/2287 2771/4384/2034 2759/4365/2022
f 2759/4366/2022 2771/4385/2034 2772/4386/2288 2760/4367/2278
f 2760/4367/2278 2772/4386/2288 2773/4387/2289 2761/4368/2279
f 2761/4368/2279 2773/4387/2289 2774/4388/2290 2762/4369/2280
f 2762/4370/2280 2774/4389/2290 2775/4390/2291 2763/4371/2281
f 2763/4391/2281 2775/4392/2291 2776/4393/2292 2764/4373/2282
f 2764/4373/2282 2776/4393/2292 2765/4394/2040 2753/4374/2028
f 2765/4375/2040 2777/4395/2052 2778/4396/2293 2766/4376/2283
f 2766/4376/2283 2778/4396/2293 2779/4397/2294 2767/4377/2284
f 2767/4377/2284 2779/4397/2294 2780/4398/2295 2768/4378/2285
f 2768/4379/2285 2780/4399/2295 2781/4400/2296 2769/4380/2286
f 2769/4382/2286 2781/4401/2296 2782/4402/2297 2770/4383/2287
f 2770/4383/2287 2782/4402/2297 2783/4403/2046 2771/4384/2034
f 2771/4385/2034 2783/4404/2046 2784/4405/2298 2772/4386/2288
f 2772/4386/2288 2784/4405/2298 2785/4406/2299 2773/4387/2289
f 2773/4387/2289 2785/4406/2299 2786/4407/2300 2774/4388/2290
f 2774/4389/2290 2786/4408/2300 2787/4409/2301 2775/4390/2291
f 2775/4392/2291 2787/4410/2301 2788/4411/2302 2776/4393/2292
f 2776/4393/2292 2788/4411/2302 2777/4412/2052 2765/4394/2040
f 2777/4412/2052 2213/3557/1770 2214/3560/1771 2778/4413/2293
f 2778/4396/2293 2214/3561/1771 2215/3564/1772 2779/4397/2294
f 2779/4397/2294 2215/3564/1772 2216/4414/1773 2780/4398/2295
f 2780/4399/2295 2216/3568/1773 2217/3570/1774 2781/4400/2296
f 2781/4401/2296 2217/3571/1774 2218/3574/1775 2782/4402/2297
f 2782/4402/2297 2218/3574/1775 2219/3576/1776 2783/4403/2046
f 2783/4403/2046 2219/3576/1776 2220/3578/1777 2784/4415/2298
f 2784/4405/2298 2220/3579/1777 2221/3582/1778 2785/4406/2299
f 2785/4406/2299 2221/3582/1778 2222/4416/1779 2786/4407/2300
f 2786/4408/2300 2222/3586/1779 2223/3588/1780 2787/4409/2301
f 2787/4410/2301 2223/3589/1780 2224/3592/1781 2788/4411/2302
f 2788/4411/2302 2224/3592/1781 2213/3557/1770 2777/4412/2052
f 2789/4417/2303 2790/4418/2304 2792/4419/2306 2791/4420/2305
f 2791/4421/2305 2792/4422/2306 2794/4423/2308 2793/4424/2307
f 2793/4424/2307 2794/4423/2308 2796/4425/2310 2795/4426/2309
f 2795/4426/2309 2796/4425/2310 2798/4427/2312 2797/4428/2311
f 2797/4429/2311 2798/4430/2312 2800/4431/2314 2799/4432/2313
f 2799/4432/2313 2800/4431/2314 2802/4433/2316 2801/4434/2315
f 2801/4434/2315 2802/4433/2316 2804/4435/2318 2803/4436/2317
f 2803/4437/2317 2804/4438/2318 2806/4439/2320 2805/4440/2319
f 2805/4440/2319 2806/4439/2320 2808/4441/2322 2807/4442/2321
f 2807/4442/2321 2808/4441/2322 2810/4443/2324 2809/4444/2323
f 2792/4445/2306 2790/4446/2304 2812/4447/2326 2810/4448/2324 2808/4449/2322 2806/4450/2320 2804/4451/2318 2802/4452/2316 2800/4453/2314 2798/4454/2312 2796/4455/2310 2794/4456/2308
f 2809/4457/2323 2810/4458/2324 2812/4459/2326 2811/4460/2325
f 2811/4460/2325 2812/4459/2326 2790/4418/2304 2789/4417/2303
f 2789/4461/2303 2791/4462/2305 2793/4463/2307 2795/4464/2309 2797/4465/2311 2799/4466/2313 2801/4467/2315 2803/4468/2317 2805/4469/2319 2807/4470/2321 2809/4471/2323 2811/4472/2325
