# axis-converted-to-Y-up
# Blender 5.1.1
# www.blender.org
mtllib npc_raka.mtl
o npc_raka
v -0.126262 0.929634 0.072964
v -0.123338 0.456732 -0.042487
v -0.070598 0.929231 0.080987
v -0.077693 0.456401 -0.035908
v -0.020855 0.928175 0.054766
v -0.036904 0.455535 -0.057409
v 0.003967 0.926869 0.004315
v -0.016550 0.454465 -0.098779
v -0.005614 0.925813 -0.051094
v -0.024406 0.453599 -0.144214
v -0.045938 0.925410 -0.090297
v -0.057472 0.453268 -0.176361
v -0.101602 0.925813 -0.098320
v -0.103117 0.453599 -0.182940
v -0.151345 0.926869 -0.072098
v -0.143906 0.454465 -0.161438
v -0.176167 0.928175 -0.021648
v -0.164260 0.455535 -0.120069
v -0.166586 0.929231 0.033761
v -0.156404 0.456401 -0.074633
v -0.090405 0.456776 -0.034825
v -0.090405 0.088930 -0.040631
v -0.046544 0.456437 -0.049072
v -0.055103 0.088656 -0.052098
v -0.019437 0.455549 -0.086371
v -0.033285 0.087942 -0.082120
v -0.019437 0.454451 -0.132476
v -0.033285 0.087058 -0.119229
v -0.046544 0.453563 -0.169775
v -0.055103 0.086343 -0.149250
v -0.090405 0.453224 -0.184023
v -0.090405 0.086070 -0.160717
v -0.134266 0.453563 -0.169775
v -0.125707 0.086343 -0.149250
v -0.161373 0.454451 -0.132476
v -0.147525 0.087058 -0.119229
v -0.161373 0.455549 -0.086371
v -0.147525 0.087942 -0.082120
v -0.134266 0.456437 -0.049072
v -0.125707 0.088656 -0.052098
v -0.090405 -0.000994 -0.065674
v -0.152961 0.033413 -0.149755
v -0.066511 0.033413 -0.201720
v -0.013082 0.033414 -0.065674
v -0.066511 0.033413 0.070372
v -0.152961 0.033413 0.018407
v -0.114299 0.089087 -0.201720
v -0.027849 0.089087 -0.149755
v -0.027849 0.089087 0.018407
v -0.114299 0.089087 0.070372
v -0.167728 0.089086 -0.065674
v -0.090405 0.123494 -0.065674
v -0.076361 0.008302 -0.145640
v -0.127174 0.008302 -0.115095
v -0.113130 0.028526 -0.195061
v -0.163943 0.028526 -0.065674
v -0.127174 0.008302 -0.016253
v -0.044956 0.008302 -0.065674
v -0.030911 0.028526 -0.145640
v -0.076361 0.008302 0.014291
v -0.030911 0.028526 0.014292
v -0.113130 0.028526 0.063713
v -0.172624 0.061250 -0.115095
v -0.172624 0.061250 -0.016253
v -0.090405 0.061250 -0.225607
v -0.141219 0.061250 -0.195062
v -0.008186 0.061250 -0.115095
v -0.039591 0.061250 -0.195062
v -0.039591 0.061250 0.063714
v -0.008186 0.061250 -0.016253
v -0.141219 0.061250 0.063714
v -0.090405 0.061250 0.094259
v -0.149899 0.093974 -0.145640
v -0.067680 0.093974 -0.195061
v -0.016866 0.093974 -0.065674
v -0.067680 0.093974 0.063713
v -0.149899 0.093974 0.014292
v -0.104449 0.114198 -0.145640
v -0.135854 0.114198 -0.065674
v -0.053636 0.114198 -0.115095
v -0.053636 0.114198 -0.016253
v -0.104449 0.114198 0.014291
v 0.126262 0.929634 0.072964
v 0.123338 0.492184 0.193861
v 0.166586 0.929231 0.033761
v 0.156404 0.491853 0.161715
v 0.176167 0.928175 -0.021648
v 0.164260 0.490987 0.116279
v 0.151345 0.926869 -0.072098
v 0.143906 0.489917 0.074910
v 0.101602 0.925813 -0.098320
v 0.103117 0.489051 0.053408
v 0.045938 0.925410 -0.090297
v 0.057472 0.488720 0.059987
v 0.005614 0.925813 -0.051094
v 0.024406 0.489051 0.092134
v -0.003967 0.926869 0.004315
v 0.016550 0.489917 0.137569
v 0.020855 0.928175 0.054766
v 0.036904 0.490987 0.178939
v 0.070598 0.929231 0.080987
v 0.077693 0.491853 0.200440
v 0.090405 0.492228 0.201523
v 0.090405 0.124382 0.195717
v 0.134266 0.491889 0.187276
v 0.125707 0.124108 0.184250
v 0.161373 0.491001 0.149977
v 0.147525 0.123394 0.154228
v 0.161373 0.489903 0.103872
v 0.147525 0.122510 0.117119
v 0.134266 0.489015 0.066573
v 0.125707 0.121795 0.087098
v 0.090405 0.488676 0.052325
v 0.090405 0.121522 0.075631
v 0.046544 0.489015 0.066573
v 0.055103 0.121795 0.087098
v 0.019437 0.489903 0.103872
v 0.033285 0.122510 0.117119
v 0.019437 0.491001 0.149977
v 0.033285 0.123394 0.154228
v 0.046544 0.491889 0.187276
v 0.055103 0.124108 0.184250
v 0.090405 0.034458 0.170674
v 0.027849 0.068865 0.086593
v 0.114299 0.068865 0.034628
v 0.167728 0.068866 0.170674
v 0.114299 0.068865 0.306720
v 0.027849 0.068865 0.254755
v 0.066511 0.124539 0.034628
v 0.152961 0.124539 0.086593
v 0.152961 0.124539 0.254755
v 0.066511 0.124539 0.306720
v 0.013082 0.124538 0.170674
v 0.090405 0.158946 0.170674
v 0.104449 0.043754 0.090708
v 0.053636 0.043754 0.121253
v 0.067680 0.063978 0.041287
v 0.016866 0.063978 0.170674
v 0.053636 0.043754 0.220095
v 0.135854 0.043754 0.170674
v 0.149899 0.063978 0.090708
v 0.104449 0.043754 0.250639
v 0.149899 0.063978 0.250640
v 0.067680 0.063978 0.300061
v 0.008186 0.096702 0.121253
v 0.008186 0.096702 0.220095
v 0.090405 0.096702 0.010741
v 0.039591 0.096702 0.041286
v 0.172624 0.096702 0.121253
v 0.141219 0.096702 0.041286
v 0.141219 0.096702 0.300062
v 0.172624 0.096702 0.220095
v 0.039591 0.096702 0.300062
v 0.090405 0.096702 0.330607
v 0.030911 0.129426 0.090708
v 0.113130 0.129426 0.041287
v 0.163943 0.129426 0.170674
v 0.113130 0.129426 0.300061
v 0.030911 0.129426 0.250640
v 0.076361 0.149650 0.090708
v 0.044956 0.149650 0.170674
v 0.127174 0.149650 0.121253
v 0.127174 0.149650 0.220095
v 0.076361 0.149650 0.250639
v 0.000000 0.795222 -0.008666
v -0.172852 0.868355 -0.090778
v 0.066022 0.868355 -0.141527
v 0.213656 0.868355 -0.008666
v 0.066022 0.868355 0.124195
v -0.172852 0.868355 0.073446
v -0.066022 0.986689 -0.141527
v 0.172852 0.986689 -0.090778
v 0.172852 0.986689 0.073446
v -0.066022 0.986689 0.124195
v -0.213656 0.986689 -0.008666
v 0.000000 1.059822 -0.008666
v 0.055615 0.840532 -0.120584
v 0.038807 0.814980 -0.086759
v 0.018538 0.799462 -0.045972
v -0.048535 0.799462 -0.031722
v -0.101599 0.814980 -0.056930
v -0.145605 0.840532 -0.077835
v -0.127067 0.861067 -0.115141
v -0.062793 0.857967 -0.135024
v 0.007080 0.861067 -0.143641
v -0.194141 0.861068 0.037446
v -0.203199 0.857967 -0.008666
v -0.194141 0.861068 -0.054778
v -0.048535 0.799462 0.014390
v -0.101599 0.814980 0.039598
v -0.145605 0.840532 0.060503
v 0.179978 0.840533 -0.008666
v 0.125584 0.814981 -0.008666
v 0.059993 0.799462 -0.008666
v 0.115609 0.861067 -0.120584
v 0.164391 0.857967 -0.086759
v 0.198517 0.861068 -0.045972
v 0.055615 0.840532 0.103252
v 0.038807 0.814980 0.069427
v 0.018538 0.799462 0.028640
v 0.198517 0.861068 0.028640
v 0.164391 0.857967 0.069427
v 0.115609 0.861067 0.103252
v 0.007080 0.861067 0.126309
v -0.062793 0.857967 0.117692
v -0.127067 0.861067 0.097809
v -0.228514 0.960749 -0.031722
v -0.227184 0.927522 -0.056930
v -0.205599 0.894295 -0.077835
v -0.205599 0.894295 0.060503
v -0.227184 0.927522 0.039598
v -0.228514 0.960749 0.014390
v -0.037077 0.960749 -0.157891
v 0.000000 0.927522 -0.164854
v 0.037077 0.894295 -0.157891
v -0.164145 0.894295 -0.115141
v -0.140407 0.927522 -0.135024
v -0.104151 0.960749 -0.143641
v 0.205599 0.960749 -0.077835
v 0.227184 0.927522 -0.056930
v 0.228514 0.894295 -0.031722
v 0.104151 0.894295 -0.143641
v 0.140407 0.927522 -0.135024
v 0.164145 0.960749 -0.115141
v 0.164145 0.960749 0.097809
v 0.140407 0.927522 0.117692
v 0.104151 0.894295 0.126309
v 0.228514 0.894295 0.014390
v 0.227184 0.927522 0.039598
v 0.205599 0.960749 0.060503
v -0.104151 0.960749 0.126309
v -0.140407 0.927522 0.117692
v -0.164145 0.894295 0.097809
v 0.037077 0.894295 0.140559
v 0.000000 0.927522 0.147522
v -0.037077 0.960749 0.140559
v -0.198517 0.993976 -0.045972
v -0.164391 0.997077 -0.086759
v -0.115609 0.993977 -0.120584
v -0.007080 0.993977 -0.143641
v 0.062793 0.997077 -0.135024
v 0.127067 0.993977 -0.115141
v 0.194141 0.993976 -0.054778
v 0.203199 0.997077 -0.008666
v 0.194141 0.993976 0.037446
v 0.127067 0.993977 0.097809
v 0.062793 0.997077 0.117692
v -0.007080 0.993977 0.126309
v -0.115609 0.993977 0.103252
v -0.164391 0.997077 0.069427
v -0.198517 0.993976 0.028640
v -0.018538 1.055582 -0.045972
v -0.038807 1.040064 -0.086759
v -0.055615 1.014512 -0.120584
v -0.179978 1.014511 -0.008666
v -0.125584 1.040063 -0.008666
v -0.059993 1.055582 -0.008666
v 0.048535 1.055582 -0.031722
v 0.101599 1.040064 -0.056930
v 0.145605 1.014512 -0.077835
v 0.048535 1.055582 0.014390
v 0.101599 1.040064 0.039598
v 0.145605 1.014512 0.060503
v -0.018538 1.055582 0.028640
v -0.038807 1.040064 0.069427
v -0.055615 1.014512 0.103252
v -0.086425 1.045855 0.032390
v -0.152448 1.023256 0.032390
v -0.106827 1.023256 0.073446
v 0.033012 1.045855 0.057764
v 0.012610 1.023256 0.098820
v 0.086426 1.023256 0.083138
v 0.106827 1.045855 -0.008666
v 0.160241 1.023256 0.016708
v 0.160241 1.023256 -0.034040
v 0.033012 1.045855 -0.075096
v 0.086426 1.023256 -0.100470
v 0.012610 1.023256 -0.116152
v -0.086425 1.045855 -0.049722
v -0.106827 1.023256 -0.090778
v -0.152448 1.023256 -0.049722
v -0.205863 0.964089 0.057764
v -0.193254 0.927522 0.083138
v -0.160242 0.964089 0.098821
v 0.033012 0.964089 0.139877
v 0.073816 0.927522 0.139877
v 0.106828 0.964089 0.124195
v 0.226266 0.964089 0.016708
v 0.238875 0.927522 -0.008666
v 0.226266 0.964089 -0.034040
v 0.106829 0.964089 -0.141527
v 0.073816 0.927522 -0.157209
v 0.033012 0.964089 -0.157209
v -0.160242 0.964089 -0.116153
v -0.193254 0.927522 -0.100470
v -0.205863 0.964089 -0.075096
v -0.073816 0.927522 0.139877
v -0.106829 0.890955 0.124195
v -0.033012 0.890955 0.139877
v 0.193254 0.927522 0.083138
v 0.160242 0.890955 0.098821
v 0.205863 0.890955 0.057764
v 0.193254 0.927522 -0.100470
v 0.205863 0.890955 -0.075096
v 0.160242 0.890955 -0.116153
v -0.073816 0.927522 -0.157209
v -0.033012 0.890955 -0.157209
v -0.106829 0.890955 -0.141527
v -0.238875 0.927522 -0.008666
v -0.226266 0.890955 -0.034040
v -0.226266 0.890955 0.016708
v -0.086426 0.831788 0.083138
v -0.033012 0.809189 0.057764
v -0.012610 0.831788 0.098820
v 0.106827 0.831788 0.073446
v 0.086425 0.809189 0.032390
v 0.152449 0.831788 0.032390
v 0.152449 0.831788 -0.049722
v 0.086425 0.809189 -0.049722
v 0.106827 0.831788 -0.090778
v -0.160241 0.831788 0.016708
v -0.160242 0.831788 -0.034040
v -0.106828 0.809189 -0.008666
v -0.012610 0.831788 -0.116152
v -0.033012 0.809189 -0.075096
v -0.086426 0.831788 -0.100470
v -0.180250 1.081522 -0.008666
v -0.177202 1.092897 -0.008666
v -0.168875 1.101224 -0.008666
v -0.157500 1.104272 -0.008666
v -0.146125 1.101224 -0.008666
v -0.137798 1.092897 -0.008666
v -0.134750 1.081522 -0.008666
v -0.137798 1.070147 -0.008666
v -0.146125 1.061820 -0.008666
v -0.157500 1.058772 -0.008666
v -0.168875 1.061820 -0.008666
v -0.177202 1.070147 -0.008666
v -0.178708 1.081522 0.014861
v -0.175686 1.092897 0.014464
v -0.167430 1.101224 0.013377
v -0.156153 1.104272 0.011892
v -0.144875 1.101224 0.010407
v -0.136619 1.092897 0.009320
v -0.133597 1.081522 0.008922
v -0.136619 1.070147 0.009320
v -0.144875 1.061820 0.010407
v -0.156153 1.058772 0.011892
v -0.167430 1.061820 0.013377
v -0.175686 1.070147 0.014464
v -0.174108 1.081522 0.037986
v -0.171164 1.092897 0.037197
v -0.163121 1.101224 0.035042
v -0.152133 1.104272 0.032098
v -0.141146 1.101224 0.029154
v -0.133103 1.092897 0.026999
v -0.130158 1.081522 0.026210
v -0.133103 1.070147 0.026999
v -0.141146 1.061820 0.029154
v -0.152133 1.058772 0.032098
v -0.163121 1.061820 0.035042
v -0.171164 1.070147 0.037197
v -0.166529 1.081522 0.060313
v -0.163713 1.092897 0.059146
v -0.156020 1.101224 0.055960
v -0.145511 1.104272 0.051607
v -0.135002 1.101224 0.047254
v -0.127309 1.092897 0.044067
v -0.124493 1.081522 0.042901
v -0.127309 1.070147 0.044067
v -0.135002 1.061820 0.047254
v -0.145511 1.058772 0.051607
v -0.156020 1.061820 0.055960
v -0.163713 1.070147 0.059146
v -0.156101 1.081522 0.081459
v -0.153461 1.092897 0.079935
v -0.146250 1.101224 0.075772
v -0.136399 1.104272 0.070084
v -0.126548 1.101224 0.064397
v -0.119336 1.092897 0.060233
v -0.116697 1.081522 0.058709
v -0.119336 1.070147 0.060233
v -0.126548 1.061820 0.064397
v -0.136399 1.058772 0.070084
v -0.146250 1.061820 0.075772
v -0.153461 1.070147 0.079935
v -0.143002 1.081522 0.101063
v -0.140584 1.092897 0.099208
v -0.133978 1.101224 0.094139
v -0.124953 1.104272 0.087214
v -0.115929 1.101224 0.080289
v -0.109322 1.092897 0.075220
v -0.106904 1.081522 0.073365
v -0.109322 1.070147 0.075220
v -0.115929 1.061820 0.080289
v -0.124953 1.058772 0.087214
v -0.133978 1.061820 0.094139
v -0.140584 1.070147 0.099208
v -0.127456 1.081522 0.118790
v -0.125301 1.092897 0.116635
v -0.119413 1.101224 0.110747
v -0.111369 1.104272 0.102703
v -0.103326 1.101224 0.094660
v -0.097438 1.092897 0.088772
v -0.095283 1.081522 0.086617
v -0.097438 1.070147 0.088772
v -0.103326 1.061820 0.094660
v -0.111369 1.058772 0.102703
v -0.119413 1.061820 0.110747
v -0.125301 1.070147 0.116635
v -0.109729 1.081522 0.134336
v -0.107874 1.092897 0.131918
v -0.102805 1.101224 0.125312
v -0.095880 1.104272 0.116287
v -0.088955 1.101224 0.107263
v -0.083886 1.092897 0.100656
v -0.082031 1.081522 0.098238
v -0.083886 1.070147 0.100656
v -0.088955 1.061820 0.107263
v -0.095880 1.058772 0.116287
v -0.102805 1.061820 0.125312
v -0.107874 1.070147 0.131918
v -0.090125 1.081522 0.147435
v -0.088601 1.092897 0.144796
v -0.084437 1.101224 0.137584
v -0.078750 1.104272 0.127733
v -0.073062 1.101224 0.117882
v -0.068899 1.092897 0.110671
v -0.067375 1.081522 0.108031
v -0.068899 1.070147 0.110671
v -0.073062 1.061820 0.117882
v -0.078750 1.058772 0.127733
v -0.084437 1.061820 0.137584
v -0.088601 1.070147 0.144796
v -0.068979 1.081522 0.157863
v -0.067812 1.092897 0.155047
v -0.064626 1.101224 0.147354
v -0.060273 1.104272 0.136845
v -0.055920 1.101224 0.126336
v -0.052733 1.092897 0.118643
v -0.051567 1.081522 0.115827
v -0.052733 1.070147 0.118643
v -0.055920 1.061820 0.126336
v -0.060273 1.058772 0.136845
v -0.064626 1.061820 0.147354
v -0.067812 1.070147 0.155047
v -0.046652 1.081522 0.165442
v -0.045863 1.092897 0.162498
v -0.043708 1.101224 0.154455
v -0.040764 1.104272 0.143467
v -0.037820 1.101224 0.132480
v -0.035665 1.092897 0.124437
v -0.034876 1.081522 0.121492
v -0.035665 1.070147 0.124437
v -0.037820 1.061820 0.132480
v -0.040764 1.058772 0.143467
v -0.043708 1.061820 0.154455
v -0.045863 1.070147 0.162498
v -0.023527 1.081522 0.170042
v -0.023129 1.092897 0.167020
v -0.022043 1.101224 0.158764
v -0.020558 1.104272 0.147487
v -0.019073 1.101224 0.136209
v -0.017986 1.092897 0.127953
v -0.017588 1.081522 0.124931
v -0.017986 1.070147 0.127953
v -0.019073 1.061820 0.136209
v -0.020558 1.058772 0.147487
v -0.022043 1.061820 0.158764
v -0.023129 1.070147 0.167020
v -0.000000 1.081522 0.171584
v -0.000000 1.092897 0.168536
v -0.000000 1.101224 0.160209
v -0.000000 1.104272 0.148834
v -0.000000 1.101224 0.137459
v -0.000000 1.092897 0.129132
v -0.000000 1.081522 0.126084
v -0.000000 1.070147 0.129132
v -0.000000 1.061820 0.137459
v -0.000000 1.058772 0.148834
v -0.000000 1.061820 0.160209
v -0.000000 1.070147 0.168536
v 0.023527 1.081522 0.170042
v 0.023130 1.092897 0.167020
v 0.022043 1.101224 0.158764
v 0.020558 1.104272 0.147487
v 0.019073 1.101224 0.136209
v 0.017986 1.092897 0.127953
v 0.017588 1.081522 0.124931
v 0.017986 1.070147 0.127953
v 0.019073 1.061820 0.136209
v 0.020558 1.058772 0.147487
v 0.022043 1.061820 0.158764
v 0.023130 1.070147 0.167020
v 0.046652 1.081522 0.165442
v 0.045863 1.092897 0.162498
v 0.043708 1.101224 0.154455
v 0.040764 1.104272 0.143467
v 0.037820 1.101224 0.132480
v 0.035665 1.092897 0.124437
v 0.034876 1.081522 0.121492
v 0.035665 1.070147 0.124437
v 0.037820 1.061820 0.132480
v 0.040764 1.058772 0.143467
v 0.043708 1.061820 0.154455
v 0.045863 1.070147 0.162498
v 0.068979 1.081522 0.157863
v 0.067812 1.092897 0.155047
v 0.064626 1.101224 0.147354
v 0.060273 1.104272 0.136845
v 0.055920 1.101224 0.126336
v 0.052733 1.092897 0.118643
v 0.051567 1.081522 0.115827
v 0.052733 1.070147 0.118643
v 0.055920 1.061820 0.126336
v 0.060273 1.058772 0.136845
v 0.064626 1.061820 0.147354
v 0.067812 1.070147 0.155047
v 0.090125 1.081522 0.147435
v 0.088601 1.092897 0.144796
v 0.084437 1.101224 0.137584
v 0.078750 1.104272 0.127733
v 0.073062 1.101224 0.117882
v 0.068899 1.092897 0.110671
v 0.067375 1.081522 0.108031
v 0.068899 1.070147 0.110671
v 0.073062 1.061820 0.117882
v 0.078750 1.058772 0.127733
v 0.084437 1.061820 0.137584
v 0.088601 1.070147 0.144796
v 0.109729 1.081522 0.134336
v 0.107874 1.092897 0.131918
v 0.102805 1.101224 0.125312
v 0.095880 1.104272 0.116287
v 0.088955 1.101224 0.107263
v 0.083886 1.092897 0.100656
v 0.082031 1.081522 0.098238
v 0.083886 1.070147 0.100656
v 0.088955 1.061820 0.107263
v 0.095880 1.058772 0.116287
v 0.102805 1.061820 0.125312
v 0.107874 1.070147 0.131918
v 0.127456 1.081522 0.118790
v 0.125301 1.092897 0.116635
v 0.119413 1.101224 0.110747
v 0.111369 1.104272 0.102703
v 0.103326 1.101224 0.094660
v 0.097438 1.092897 0.088772
v 0.095283 1.081522 0.086617
v 0.097438 1.070147 0.088772
v 0.103326 1.061820 0.094660
v 0.111369 1.058772 0.102703
v 0.119413 1.061820 0.110747
v 0.125301 1.070147 0.116635
v 0.143002 1.081522 0.101063
v 0.140584 1.092897 0.099208
v 0.133978 1.101224 0.094139
v 0.124953 1.104272 0.087214
v 0.115929 1.101224 0.080289
v 0.109322 1.092897 0.075220
v 0.106904 1.081522 0.073365
v 0.109322 1.070147 0.075220
v 0.115929 1.061820 0.080289
v 0.124953 1.058772 0.087214
v 0.133978 1.061820 0.094139
v 0.140584 1.070147 0.099208
v 0.156101 1.081522 0.081459
v 0.153461 1.092897 0.079935
v 0.146250 1.101224 0.075772
v 0.136399 1.104272 0.070084
v 0.126548 1.101224 0.064397
v 0.119336 1.092897 0.060233
v 0.116697 1.081522 0.058709
v 0.119336 1.070147 0.060233
v 0.126548 1.061820 0.064397
v 0.136399 1.058772 0.070084
v 0.146250 1.061820 0.075772
v 0.153461 1.070147 0.079935
v 0.166529 1.081522 0.060313
v 0.163713 1.092897 0.059146
v 0.156020 1.101224 0.055960
v 0.145511 1.104272 0.051607
v 0.135002 1.101224 0.047254
v 0.127309 1.092897 0.044067
v 0.124493 1.081522 0.042901
v 0.127309 1.070147 0.044067
v 0.135002 1.061820 0.047254
v 0.145511 1.058772 0.051607
v 0.156020 1.061820 0.055960
v 0.163713 1.070147 0.059146
v 0.174108 1.081522 0.037986
v 0.171164 1.092897 0.037197
v 0.163121 1.101224 0.035042
v 0.152133 1.104272 0.032098
v 0.141146 1.101224 0.029154
v 0.133103 1.092897 0.026999
v 0.130158 1.081522 0.026210
v 0.133103 1.070147 0.026999
v 0.141146 1.061820 0.029154
v 0.152133 1.058772 0.032098
v 0.163121 1.061820 0.035042
v 0.171164 1.070147 0.037197
v 0.178708 1.081522 0.014861
v 0.175686 1.092897 0.014464
v 0.167430 1.101224 0.013377
v 0.156153 1.104272 0.011892
v 0.144875 1.101224 0.010407
v 0.136619 1.092897 0.009320
v 0.133597 1.081522 0.008922
v 0.136619 1.070147 0.009320
v 0.144875 1.061820 0.010407
v 0.156153 1.058772 0.011892
v 0.167430 1.061820 0.013377
v 0.175686 1.070147 0.014464
v 0.180250 1.081522 -0.008666
v 0.177202 1.092897 -0.008666
v 0.168875 1.101224 -0.008666
v 0.157500 1.104272 -0.008666
v 0.146125 1.101224 -0.008666
v 0.137798 1.092897 -0.008666
v 0.134750 1.081522 -0.008666
v 0.137798 1.070147 -0.008666
v 0.146125 1.061820 -0.008666
v 0.157500 1.058772 -0.008666
v 0.168875 1.061820 -0.008666
v 0.177202 1.070147 -0.008666
v 0.178708 1.081522 -0.032193
v 0.175686 1.092897 -0.031796
v 0.167430 1.101224 -0.030709
v 0.156153 1.104272 -0.029224
v 0.144875 1.101224 -0.027739
v 0.136619 1.092897 -0.026652
v 0.133597 1.081522 -0.026254
v 0.136619 1.070147 -0.026652
v 0.144875 1.061820 -0.027739
v 0.156153 1.058772 -0.029224
v 0.167430 1.061820 -0.030709
v 0.175686 1.070147 -0.031796
v 0.174108 1.081522 -0.055318
v 0.171164 1.092897 -0.054529
v 0.163121 1.101224 -0.052374
v 0.152133 1.104272 -0.049430
v 0.141146 1.101224 -0.046486
v 0.133103 1.092897 -0.044331
v 0.130158 1.081522 -0.043542
v 0.133103 1.070147 -0.044331
v 0.141146 1.061820 -0.046486
v 0.152133 1.058772 -0.049430
v 0.163121 1.061820 -0.052374
v 0.171164 1.070147 -0.054529
v 0.166529 1.081522 -0.077645
v 0.163713 1.092897 -0.076478
v 0.156020 1.101224 -0.073292
v 0.145511 1.104272 -0.068939
v 0.135002 1.101224 -0.064586
v 0.127309 1.092897 -0.061399
v 0.124493 1.081522 -0.060233
v 0.127309 1.070147 -0.061399
v 0.135002 1.061820 -0.064586
v 0.145511 1.058772 -0.068939
v 0.156020 1.061820 -0.073292
v 0.163713 1.070147 -0.076478
v 0.156101 1.081522 -0.098791
v 0.153462 1.092897 -0.097267
v 0.146250 1.101224 -0.093103
v 0.136399 1.104272 -0.087416
v 0.126548 1.101224 -0.081728
v 0.119337 1.092897 -0.077565
v 0.116697 1.081522 -0.076041
v 0.119337 1.070147 -0.077565
v 0.126548 1.061820 -0.081728
v 0.136399 1.058772 -0.087416
v 0.146250 1.061820 -0.093103
v 0.153462 1.070147 -0.097267
v 0.143002 1.081522 -0.118395
v 0.140584 1.092897 -0.116540
v 0.133978 1.101224 -0.111471
v 0.124953 1.104272 -0.104546
v 0.115929 1.101224 -0.097621
v 0.109322 1.092897 -0.092552
v 0.106904 1.081522 -0.090697
v 0.109322 1.070147 -0.092552
v 0.115929 1.061820 -0.097621
v 0.124953 1.058772 -0.104546
v 0.133978 1.061820 -0.111471
v 0.140584 1.070147 -0.116540
v 0.127456 1.081522 -0.136122
v 0.125301 1.092897 -0.133967
v 0.119413 1.101224 -0.128079
v 0.111369 1.104272 -0.120035
v 0.103326 1.101224 -0.111992
v 0.097438 1.092897 -0.106104
v 0.095283 1.081522 -0.103949
v 0.097438 1.070147 -0.106104
v 0.103326 1.061820 -0.111992
v 0.111369 1.058772 -0.120035
v 0.119413 1.061820 -0.128079
v 0.125301 1.070147 -0.133967
v 0.109729 1.081522 -0.151668
v 0.107874 1.092897 -0.149250
v 0.102805 1.101224 -0.142643
v 0.095880 1.104272 -0.133619
v 0.088955 1.101224 -0.124595
v 0.083886 1.092897 -0.117988
v 0.082031 1.081522 -0.115570
v 0.083886 1.070147 -0.117988
v 0.088955 1.061820 -0.124595
v 0.095880 1.058772 -0.133619
v 0.102805 1.061820 -0.142643
v 0.107874 1.070147 -0.149250
v 0.090125 1.081522 -0.164767
v 0.088601 1.092897 -0.162128
v 0.084437 1.101224 -0.154916
v 0.078750 1.104272 -0.145065
v 0.073062 1.101224 -0.135214
v 0.068899 1.092897 -0.128003
v 0.067375 1.081522 -0.125363
v 0.068899 1.070147 -0.128003
v 0.073062 1.061820 -0.135214
v 0.078750 1.058772 -0.145065
v 0.084437 1.061820 -0.154916
v 0.088601 1.070147 -0.162128
v 0.068979 1.081522 -0.175195
v 0.067812 1.092897 -0.172379
v 0.064626 1.101224 -0.164686
v 0.060273 1.104272 -0.154177
v 0.055920 1.101224 -0.143668
v 0.052733 1.092897 -0.135975
v 0.051567 1.081522 -0.133159
v 0.052733 1.070147 -0.135975
v 0.055920 1.061820 -0.143668
v 0.060273 1.058772 -0.154177
v 0.064626 1.061820 -0.164686
v 0.067812 1.070147 -0.172379
v 0.046652 1.081522 -0.182774
v 0.045863 1.092897 -0.179830
v 0.043708 1.101224 -0.171787
v 0.040764 1.104272 -0.160799
v 0.037820 1.101224 -0.149812
v 0.035665 1.092897 -0.141769
v 0.034876 1.081522 -0.138824
v 0.035665 1.070147 -0.141769
v 0.037820 1.061820 -0.149812
v 0.040764 1.058772 -0.160799
v 0.043708 1.061820 -0.171787
v 0.045863 1.070147 -0.179830
v 0.023527 1.081522 -0.187374
v 0.023130 1.092897 -0.184352
v 0.022043 1.101224 -0.176096
v 0.020558 1.104272 -0.164819
v 0.019073 1.101224 -0.153541
v 0.017986 1.092897 -0.145285
v 0.017588 1.081522 -0.142263
v 0.017986 1.070147 -0.145285
v 0.019073 1.061820 -0.153541
v 0.020558 1.058772 -0.164819
v 0.022043 1.061820 -0.176096
v 0.023130 1.070147 -0.184352
v -0.000000 1.081522 -0.188916
v -0.000000 1.092897 -0.185868
v -0.000000 1.101224 -0.177541
v -0.000000 1.104272 -0.166166
v -0.000000 1.101224 -0.154791
v -0.000000 1.092897 -0.146464
v -0.000000 1.081522 -0.143416
v -0.000000 1.070147 -0.146464
v -0.000000 1.061820 -0.154791
v -0.000000 1.058772 -0.166166
v -0.000000 1.061820 -0.177541
v -0.000000 1.070147 -0.185868
v -0.023527 1.081522 -0.187374
v -0.023129 1.092897 -0.184352
v -0.022043 1.101224 -0.176096
v -0.020558 1.104272 -0.164819
v -0.019073 1.101224 -0.153541
v -0.017986 1.092897 -0.145285
v -0.017588 1.081522 -0.142263
v -0.017986 1.070147 -0.145285
v -0.019073 1.061820 -0.153541
v -0.020558 1.058772 -0.164819
v -0.022043 1.061820 -0.176096
v -0.023129 1.070147 -0.184352
v -0.046652 1.081522 -0.182774
v -0.045863 1.092897 -0.179830
v -0.043708 1.101224 -0.171787
v -0.040764 1.104272 -0.160799
v -0.037820 1.101224 -0.149812
v -0.035665 1.092897 -0.141769
v -0.034876 1.081522 -0.138825
v -0.035665 1.070147 -0.141769
v -0.037820 1.061820 -0.149812
v -0.040764 1.058772 -0.160799
v -0.043708 1.061820 -0.171787
v -0.045863 1.070147 -0.179830
v -0.068979 1.081522 -0.175195
v -0.067812 1.092897 -0.172379
v -0.064626 1.101224 -0.164686
v -0.060273 1.104272 -0.154177
v -0.055920 1.101224 -0.143668
v -0.052733 1.092897 -0.135975
v -0.051567 1.081522 -0.133159
v -0.052733 1.070147 -0.135975
v -0.055920 1.061820 -0.143668
v -0.060273 1.058772 -0.154177
v -0.064626 1.061820 -0.164686
v -0.067812 1.070147 -0.172379
v -0.090125 1.081522 -0.164767
v -0.088601 1.092897 -0.162128
v -0.084437 1.101224 -0.154916
v -0.078750 1.104272 -0.145065
v -0.073062 1.101224 -0.135214
v -0.068899 1.092897 -0.128003
v -0.067375 1.081522 -0.125363
v -0.068899 1.070147 -0.128003
v -0.073062 1.061820 -0.135214
v -0.078750 1.058772 -0.145065
v -0.084437 1.061820 -0.154916
v -0.088601 1.070147 -0.162128
v -0.109729 1.081522 -0.151668
v -0.107874 1.092897 -0.149250
v -0.102805 1.101224 -0.142644
v -0.095880 1.104272 -0.133619
v -0.088955 1.101224 -0.124595
v -0.083886 1.092897 -0.117988
v -0.082031 1.081522 -0.115570
v -0.083886 1.070147 -0.117988
v -0.088955 1.061820 -0.124595
v -0.095880 1.058772 -0.133619
v -0.102805 1.061820 -0.142644
v -0.107874 1.070147 -0.149250
v -0.127456 1.081522 -0.136122
v -0.125301 1.092897 -0.133967
v -0.119413 1.101224 -0.128079
v -0.111369 1.104272 -0.120035
v -0.103326 1.101224 -0.111992
v -0.097438 1.092897 -0.106104
v -0.095283 1.081522 -0.103949
v -0.097438 1.070147 -0.106104
v -0.103326 1.061820 -0.111992
v -0.111369 1.058772 -0.120035
v -0.119413 1.061820 -0.128079
v -0.125301 1.070147 -0.133967
v -0.143002 1.081522 -0.118395
v -0.140584 1.092897 -0.116540
v -0.133978 1.101224 -0.111471
v -0.124953 1.104272 -0.104546
v -0.115929 1.101224 -0.097621
v -0.109322 1.092897 -0.092552
v -0.106904 1.081522 -0.090697
v -0.109322 1.070147 -0.092552
v -0.115929 1.061820 -0.097621
v -0.124953 1.058772 -0.104546
v -0.133978 1.061820 -0.111471
v -0.140584 1.070147 -0.116540
v -0.156101 1.081522 -0.098791
v -0.153461 1.092897 -0.097267
v -0.146250 1.101224 -0.093104
v -0.136399 1.104272 -0.087416
v -0.126548 1.101224 -0.081729
v -0.119336 1.092897 -0.077565
v -0.116697 1.081522 -0.076041
v -0.119336 1.070147 -0.077565
v -0.126548 1.061820 -0.081729
v -0.136399 1.058772 -0.087416
v -0.146250 1.061820 -0.093104
v -0.153461 1.070147 -0.097267
v -0.166529 1.081522 -0.077645
v -0.163713 1.092897 -0.076478
v -0.156020 1.101224 -0.073292
v -0.145511 1.104272 -0.068939
v -0.135002 1.101224 -0.064586
v -0.127309 1.092897 -0.061399
v -0.124493 1.081522 -0.060233
v -0.127309 1.070147 -0.061399
v -0.135002 1.061820 -0.064586
v -0.145511 1.058772 -0.068939
v -0.156020 1.061820 -0.073292
v -0.163713 1.070147 -0.076478
v -0.174108 1.081522 -0.055318
v -0.171164 1.092897 -0.054529
v -0.163121 1.101224 -0.052374
v -0.152133 1.104272 -0.049430
v -0.141146 1.101224 -0.046486
v -0.133103 1.092897 -0.044331
v -0.130158 1.081522 -0.043542
v -0.133103 1.070147 -0.044331
v -0.141146 1.061820 -0.046486
v -0.152133 1.058772 -0.049430
v -0.163121 1.061820 -0.052374
v -0.171164 1.070147 -0.054529
v -0.178708 1.081522 -0.032193
v -0.175686 1.092897 -0.031796
v -0.167430 1.101224 -0.030709
v -0.156153 1.104272 -0.029224
v -0.144875 1.101224 -0.027739
v -0.136619 1.092897 -0.026652
v -0.133597 1.081522 -0.026254
v -0.136619 1.070147 -0.026652
v -0.144875 1.061820 -0.027739
v -0.156153 1.058772 -0.029224
v -0.167430 1.061820 -0.030709
v -0.175686 1.070147 -0.031796
v 0.000000 0.970082 -0.008666
v -0.135951 1.043292 -0.075055
v 0.051928 1.043292 -0.116086
v 0.168045 1.043293 -0.008666
v 0.051928 1.043292 0.098754
v -0.135951 1.043292 0.057723
v -0.051928 1.161752 -0.116086
v 0.135951 1.161752 -0.075055
v 0.135951 1.161752 0.057723
v -0.051928 1.161752 0.098754
v -0.168045 1.161751 -0.008666
v 0.000000 1.234962 -0.008666
v 0.043743 1.015440 -0.099154
v 0.030522 0.989861 -0.071805
v 0.014581 0.974327 -0.038828
v -0.038174 0.974327 -0.027307
v -0.079910 0.989861 -0.047688
v -0.114522 1.015440 -0.064590
v -0.099941 1.035997 -0.094753
v -0.049388 1.032893 -0.110828
v 0.005569 1.035997 -0.117795
v -0.152696 1.035997 0.028617
v -0.159820 1.032893 -0.008666
v -0.152696 1.035997 -0.045949
v -0.038174 0.974327 0.009975
v -0.079910 0.989861 0.030356
v -0.114522 1.015440 0.047258
v 0.141557 1.015441 -0.008666
v 0.098774 0.989862 -0.008666
v 0.047185 0.974327 -0.008666
v 0.090929 1.035997 -0.099154
v 0.129297 1.032893 -0.071806
v 0.156138 1.035998 -0.038828
v 0.043743 1.015440 0.081822
v 0.030522 0.989861 0.054473
v 0.014581 0.974327 0.021496
v 0.156138 1.035998 0.021496
v 0.129297 1.032893 0.054474
v 0.090929 1.035997 0.081822
v 0.005569 1.035997 0.100463
v -0.049388 1.032893 0.093496
v -0.099941 1.035997 0.077421
v -0.179731 1.135784 -0.027307
v -0.178685 1.102522 -0.047688
v -0.161708 1.069260 -0.064590
v -0.161708 1.069260 0.047258
v -0.178685 1.102522 0.030356
v -0.179731 1.135784 0.009975
v -0.029162 1.135784 -0.129317
v 0.000000 1.102522 -0.134946
v 0.029162 1.069259 -0.129317
v -0.129103 1.069259 -0.094753
v -0.110433 1.102522 -0.110829
v -0.081917 1.135785 -0.117796
v 0.161708 1.135784 -0.064590
v 0.178685 1.102522 -0.047688
v 0.179731 1.069260 -0.027307
v 0.081917 1.069259 -0.117796
v 0.110433 1.102522 -0.110829
v 0.129103 1.135785 -0.094753
v 0.129103 1.135785 0.077421
v 0.110433 1.102522 0.093497
v 0.081917 1.069259 0.100464
v 0.179731 1.069260 0.009975
v 0.178685 1.102522 0.030356
v 0.161708 1.135784 0.047258
v -0.081917 1.135785 0.100464
v -0.110433 1.102522 0.093497
v -0.129103 1.069259 0.077421
v 0.029162 1.069259 0.111985
v 0.000000 1.102522 0.117614
v -0.029162 1.135784 0.111985
v -0.156138 1.169046 -0.038828
v -0.129297 1.172150 -0.071806
v -0.090929 1.169047 -0.099154
v -0.005569 1.169047 -0.117795
v 0.049388 1.172151 -0.110828
v 0.099941 1.169047 -0.094753
v 0.152696 1.169047 -0.045949
v 0.159820 1.172150 -0.008666
v 0.152696 1.169047 0.028617
v 0.099941 1.169047 0.077421
v 0.049388 1.172151 0.093496
v -0.005569 1.169047 0.100463
v -0.090929 1.169047 0.081822
v -0.129297 1.172150 0.054474
v -0.156138 1.169046 0.021496
v -0.014581 1.230717 -0.038828
v -0.030522 1.215183 -0.071805
v -0.043743 1.189604 -0.099154
v -0.141557 1.189603 -0.008666
v -0.098774 1.215182 -0.008666
v -0.047185 1.230717 -0.008666
v 0.038174 1.230717 -0.027307
v 0.079910 1.215183 -0.047688
v 0.114522 1.189604 -0.064590
v 0.038174 1.230717 0.009975
v 0.079910 1.215183 0.030356
v 0.114522 1.189604 0.047258
v -0.014581 1.230717 0.021496
v -0.030522 1.215183 0.054473
v -0.043743 1.189604 0.081822
v -0.067975 1.220980 0.024528
v -0.119904 1.198357 0.024528
v -0.084022 1.198357 0.057723
v 0.025965 1.220980 0.045043
v 0.009918 1.198357 0.078238
v 0.067976 1.198357 0.065559
v 0.084022 1.220980 -0.008666
v 0.126033 1.198357 0.011849
v 0.126033 1.198357 -0.029181
v 0.025965 1.220980 -0.062375
v 0.067976 1.198357 -0.082891
v 0.009918 1.198357 -0.095570
v -0.067975 1.220980 -0.041860
v -0.084022 1.198357 -0.075055
v -0.119904 1.198357 -0.041860
v -0.161916 1.139128 0.045044
v -0.151999 1.102522 0.065559
v -0.126034 1.139128 0.078239
v 0.025965 1.139128 0.111433
v 0.058058 1.102522 0.111433
v 0.084023 1.139128 0.098754
v 0.177962 1.139128 0.011849
v 0.187880 1.102522 -0.008666
v 0.177962 1.139128 -0.029181
v 0.084023 1.139128 -0.116086
v 0.058058 1.102522 -0.128765
v 0.025965 1.139128 -0.128765
v -0.126034 1.139128 -0.095571
v -0.151998 1.102522 -0.082891
v -0.161916 1.139128 -0.062376
v -0.058058 1.102522 0.111433
v -0.084023 1.065916 0.098754
v -0.025965 1.065916 0.111433
v 0.151998 1.102522 0.065559
v 0.126033 1.065916 0.078239
v 0.161916 1.065916 0.045044
v 0.151998 1.102522 -0.082891
v 0.161916 1.065916 -0.062376
v 0.126033 1.065916 -0.095571
v -0.058058 1.102522 -0.128765
v -0.025965 1.065916 -0.128765
v -0.084023 1.065916 -0.116086
v -0.187880 1.102522 -0.008666
v -0.177962 1.065916 -0.029181
v -0.177962 1.065916 0.011849
v -0.067976 1.006687 0.065559
v -0.025964 0.984064 0.045044
v -0.009918 1.006687 0.078238
v 0.084022 1.006687 0.057723
v 0.067975 0.984064 0.024528
v 0.119904 1.006687 0.024528
v 0.119904 1.006687 -0.041860
v 0.067975 0.984064 -0.041861
v 0.084022 1.006687 -0.075055
v -0.126033 1.006687 0.011849
v -0.126033 1.006687 -0.029181
v -0.084022 0.984064 -0.008666
v -0.009918 1.006687 -0.095570
v -0.025965 0.984064 -0.062375
v -0.067976 1.006687 -0.082891
v 0.000000 1.160097 -0.001666
v -0.178170 1.263702 -0.082812
v 0.068054 1.263702 -0.132964
v 0.220230 1.263703 -0.001666
v 0.068054 1.263702 0.129632
v -0.178170 1.263702 0.079480
v -0.068054 1.431342 -0.132964
v 0.178170 1.431342 -0.082812
v 0.178170 1.431342 0.079480
v -0.068054 1.431342 0.129632
v -0.220230 1.431341 -0.001666
v 0.000000 1.534947 -0.001666
v 0.057326 1.224286 -0.112268
v 0.040001 1.188088 -0.078840
v 0.019109 1.166104 -0.038533
v -0.050028 1.166104 -0.024451
v -0.104725 1.188088 -0.049362
v -0.150086 1.224286 -0.070021
v -0.130977 1.253378 -0.106888
v -0.064725 1.248986 -0.126537
v 0.007298 1.253378 -0.135053
v -0.200114 1.253378 0.043904
v -0.209451 1.248986 -0.001666
v -0.200114 1.253378 -0.047236
v -0.050028 1.166104 0.021119
v -0.104725 1.188088 0.046030
v -0.150086 1.224286 0.066689
v 0.185516 1.224287 -0.001666
v 0.129448 1.188089 -0.001666
v 0.061839 1.166104 -0.001666
v 0.119166 1.253378 -0.112268
v 0.169449 1.248986 -0.078841
v 0.204625 1.253379 -0.038533
v 0.057326 1.224286 0.108936
v 0.040001 1.188088 0.075508
v 0.019109 1.166104 0.035201
v 0.204625 1.253379 0.035201
v 0.169449 1.248986 0.075509
v 0.119166 1.253378 0.108936
v 0.007298 1.253378 0.131721
v -0.064725 1.248986 0.123205
v -0.130977 1.253378 0.103556
v -0.235545 1.394594 -0.024451
v -0.234174 1.347522 -0.049362
v -0.211925 1.300450 -0.070021
v -0.211925 1.300450 0.066689
v -0.234174 1.347522 0.046030
v -0.235545 1.394594 0.021119
v -0.038218 1.394594 -0.149135
v 0.000000 1.347522 -0.156016
v 0.038218 1.300450 -0.149135
v -0.169196 1.300450 -0.106889
v -0.144728 1.347522 -0.126538
v -0.107356 1.394594 -0.135053
v 0.211925 1.394594 -0.070021
v 0.234174 1.347522 -0.049362
v 0.235545 1.300450 -0.024451
v 0.107356 1.300450 -0.135053
v 0.144728 1.347522 -0.126538
v 0.169196 1.394594 -0.106889
v 0.169196 1.394594 0.103557
v 0.144728 1.347522 0.123206
v 0.107356 1.300450 0.131721
v 0.235545 1.300450 0.021119
v 0.234174 1.347522 0.046030
v 0.211925 1.394594 0.066689
v -0.107356 1.394594 0.131721
v -0.144728 1.347522 0.123206
v -0.169196 1.300450 0.103557
v 0.038218 1.300450 0.145803
v 0.000000 1.347522 0.152684
v -0.038218 1.394594 0.145803
v -0.204625 1.441665 -0.038533
v -0.169449 1.446058 -0.078841
v -0.119166 1.441666 -0.112268
v -0.007298 1.441666 -0.135053
v 0.064725 1.446058 -0.126537
v 0.130977 1.441666 -0.106888
v 0.200114 1.441666 -0.047236
v 0.209451 1.446058 -0.001666
v 0.200114 1.441666 0.043904
v 0.130977 1.441666 0.103556
v 0.064725 1.446058 0.123205
v -0.007298 1.441666 0.131721
v -0.119166 1.441666 0.108936
v -0.169449 1.446058 0.075509
v -0.204625 1.441665 0.035201
v -0.019109 1.528940 -0.038533
v -0.040001 1.506956 -0.078840
v -0.057326 1.470758 -0.112268
v -0.185516 1.470757 -0.001666
v -0.129448 1.506955 -0.001666
v -0.061839 1.528940 -0.001666
v 0.050028 1.528940 -0.024451
v 0.104725 1.506956 -0.049362
v 0.150086 1.470757 -0.070021
v 0.050028 1.528940 0.021119
v 0.104725 1.506956 0.046030
v 0.150086 1.470757 0.066689
v -0.019109 1.528940 0.035201
v -0.040001 1.506956 0.075508
v -0.057326 1.470758 0.108936
v -0.089084 1.515160 0.038907
v -0.157139 1.483145 0.038907
v -0.110114 1.483145 0.079480
v 0.034028 1.515160 0.063982
v 0.012998 1.483145 0.104555
v 0.089085 1.483145 0.089058
v 0.110114 1.515160 -0.001666
v 0.165172 1.483145 0.023409
v 0.165172 1.483145 -0.026741
v 0.034028 1.515160 -0.067314
v 0.089085 1.483145 -0.092390
v 0.012998 1.483145 -0.107887
v -0.089084 1.515160 -0.042239
v -0.110114 1.483145 -0.082812
v -0.157139 1.483145 -0.042239
v -0.212198 1.399326 0.063982
v -0.199201 1.347522 0.089058
v -0.165173 1.399326 0.104556
v 0.034028 1.399326 0.145129
v 0.076088 1.347522 0.145130
v 0.110116 1.399326 0.129632
v 0.233228 1.399325 0.023409
v 0.246225 1.347522 -0.001666
v 0.233228 1.399326 -0.026741
v 0.110116 1.399326 -0.132964
v 0.076088 1.347522 -0.148462
v 0.034028 1.399326 -0.148461
v -0.165173 1.399326 -0.107888
v -0.199201 1.347522 -0.092390
v -0.212198 1.399325 -0.067315
v -0.076088 1.347522 0.145130
v -0.110116 1.295718 0.129632
v -0.034028 1.295718 0.145129
v 0.199201 1.347522 0.089058
v 0.165172 1.295718 0.104556
v 0.212197 1.295718 0.063983
v 0.199201 1.347522 -0.092390
v 0.212197 1.295718 -0.067315
v 0.165172 1.295718 -0.107888
v -0.076088 1.347522 -0.148462
v -0.034028 1.295718 -0.148461
v -0.110116 1.295718 -0.132964
v -0.246225 1.347522 -0.001666
v -0.233228 1.295718 -0.026741
v -0.233228 1.295718 0.023409
v -0.089085 1.211899 0.089058
v -0.034028 1.179884 0.063982
v -0.012998 1.211899 0.104556
v 0.110114 1.211899 0.079480
v 0.089085 1.179884 0.038907
v 0.157139 1.211899 0.038907
v 0.157139 1.211899 -0.042239
v 0.089085 1.179884 -0.042239
v 0.110114 1.211899 -0.082812
v -0.165172 1.211899 0.023409
v -0.165172 1.211899 -0.026741
v -0.110115 1.179884 -0.001666
v -0.012998 1.211899 -0.107887
v -0.034028 1.179884 -0.067314
v -0.089085 1.211899 -0.092390
v -0.041550 1.440272 0.090297
v -0.041550 1.475272 0.090297
v -0.031482 1.440272 0.108726
v -0.031482 1.475272 0.108726
v -0.126018 1.440272 0.136442
v -0.126018 1.475272 0.136442
v -0.115950 1.440272 0.154871
v -0.115950 1.475272 0.154871
v 0.126018 1.440272 0.136442
v 0.126018 1.475272 0.136442
v 0.115950 1.440272 0.154871
v 0.115950 1.475272 0.154871
v 0.041550 1.440272 0.090297
v 0.041550 1.475272 0.090297
v 0.031482 1.440272 0.108726
v 0.031482 1.475272 0.108726
v -0.215250 1.394772 -0.008666
v -0.276033 1.441206 -0.052827
v -0.192033 1.441206 -0.080121
v -0.140118 1.441206 -0.008666
v -0.192033 1.441206 0.062789
v -0.276033 1.441206 0.035495
v -0.238467 1.516338 -0.080121
v -0.154467 1.516338 -0.052827
v -0.154467 1.516338 0.035495
v -0.238467 1.516338 0.062789
v -0.290382 1.516338 -0.008666
v -0.215250 1.562772 -0.008666
v -0.201604 1.407317 -0.050666
v -0.250977 1.407317 -0.034623
v -0.237331 1.434610 -0.076623
v -0.286704 1.434610 -0.008666
v -0.250977 1.407317 0.017291
v -0.171089 1.407317 -0.008666
v -0.157442 1.434610 -0.050666
v -0.201604 1.407317 0.033334
v -0.157442 1.434610 0.033334
v -0.237331 1.434610 0.059291
v -0.295139 1.478772 -0.034623
v -0.295139 1.478772 0.017291
v -0.215250 1.478772 -0.092666
v -0.264624 1.478772 -0.076623
v -0.135361 1.478772 -0.034623
v -0.165876 1.478772 -0.076623
v -0.165876 1.478772 0.059291
v -0.135361 1.478772 0.017291
v -0.264624 1.478772 0.059291
v -0.215250 1.478772 0.075334
v -0.273058 1.522934 -0.050666
v -0.193169 1.522934 -0.076623
v -0.143796 1.522934 -0.008666
v -0.193169 1.522934 0.059291
v -0.273058 1.522934 0.033334
v -0.228896 1.550227 -0.050666
v -0.259411 1.550227 -0.008666
v -0.179523 1.550227 -0.034623
v -0.179523 1.550227 0.017291
v -0.228896 1.550227 0.033334
v -0.267489 1.484692 0.019195
v -0.285904 1.186304 0.029016
v -0.241055 1.483562 0.044733
v -0.263434 1.185343 0.050723
v -0.204763 1.480601 0.049874
v -0.232586 1.182827 0.055093
v -0.172478 1.476942 0.032655
v -0.205143 1.179717 0.040457
v -0.156529 1.473982 -0.000347
v -0.191588 1.177201 0.012405
v -0.163011 1.472851 -0.036527
v -0.197096 1.176240 -0.018348
v -0.189445 1.473982 -0.062065
v -0.219566 1.177201 -0.040055
v -0.225737 1.476942 -0.067206
v -0.250414 1.179717 -0.044425
v -0.258022 1.480601 -0.049987
v -0.277857 1.182827 -0.029789
v -0.273971 1.483562 -0.016985
v -0.291413 1.185343 -0.001737
v -0.217403 1.356272 0.064974
v -0.217403 1.408772 0.064974
v -0.250722 1.356272 0.056046
v -0.250722 1.408772 0.056046
v -0.275114 1.356272 0.031654
v -0.275114 1.408772 0.031654
v -0.284043 1.356272 -0.001666
v -0.284043 1.408772 -0.001666
v -0.275114 1.356272 -0.034986
v -0.275114 1.408772 -0.034986
v -0.250722 1.356272 -0.059378
v -0.250722 1.408772 -0.059378
v -0.217403 1.356272 -0.068306
v -0.217403 1.408772 -0.068306
v -0.184083 1.356272 -0.059378
v -0.184083 1.408772 -0.059378
v -0.159691 1.356272 -0.034986
v -0.159691 1.408772 -0.034986
v -0.150762 1.356272 -0.001666
v -0.150762 1.408772 -0.001666
v -0.159691 1.356272 0.031654
v -0.159691 1.408772 0.031654
v -0.184083 1.356272 0.056046
v -0.184083 1.408772 0.056046
v -0.248255 1.188927 0.054868
v -0.251677 0.933106 0.079965
v -0.217510 1.187465 0.049424
v -0.229251 0.932039 0.075994
v -0.195929 1.183637 0.027140
v -0.213510 0.929247 0.059739
v -0.191754 1.178906 -0.003474
v -0.210465 0.925796 0.037409
v -0.206581 1.175079 -0.030723
v -0.221280 0.923005 0.017533
v -0.234745 1.173617 -0.044200
v -0.241823 0.921938 0.007703
v -0.265490 1.175079 -0.038756
v -0.264249 0.923005 0.011674
v -0.287071 1.178906 -0.016472
v -0.279990 0.925796 0.027929
v -0.291246 1.183638 0.014142
v -0.283035 0.929247 0.050259
v -0.276419 1.187465 0.041391
v -0.272221 0.932039 0.070135
v -0.246750 0.876471 0.043834
v -0.280333 0.904691 0.013335
v -0.233923 0.904691 -0.005514
v -0.205240 0.904691 0.043834
v -0.233923 0.904691 0.093182
v -0.280333 0.904691 0.074333
v -0.259577 0.950353 -0.005514
v -0.213167 0.950353 0.013335
v -0.213167 0.950353 0.074333
v -0.259577 0.950353 0.093182
v -0.288260 0.950353 0.043834
v -0.246750 0.978573 0.043834
v -0.239210 0.884095 0.014828
v -0.266489 0.884095 0.025907
v -0.258950 0.900683 -0.003099
v -0.286229 0.900683 0.043834
v -0.266489 0.884095 0.061761
v -0.222351 0.884095 0.043834
v -0.214811 0.900683 0.014828
v -0.239210 0.884095 0.072840
v -0.214811 0.900683 0.072840
v -0.258950 0.900683 0.090767
v -0.290889 0.927522 0.025907
v -0.290889 0.927522 0.061761
v -0.246750 0.927522 -0.014179
v -0.274029 0.927522 -0.003099
v -0.202611 0.927522 0.025907
v -0.219471 0.927522 -0.003099
v -0.219471 0.927522 0.090767
v -0.202611 0.927522 0.061761
v -0.274029 0.927522 0.090767
v -0.246750 0.927522 0.101846
v -0.278689 0.954361 0.014828
v -0.234550 0.954361 -0.003099
v -0.207271 0.954361 0.043834
v -0.234550 0.954361 0.090767
v -0.278689 0.954361 0.072840
v -0.254290 0.970949 0.014828
v -0.271149 0.970949 0.043834
v -0.227011 0.970949 0.025907
v -0.227011 0.970949 0.061761
v -0.254290 0.970949 0.072840
v -0.270550 0.927172 0.073584
v -0.283466 0.937039 0.064200
v -0.265617 0.937039 0.058400
v -0.254585 0.937039 0.073584
v -0.265617 0.937039 0.088768
v -0.283466 0.937039 0.082968
v -0.275483 0.953005 0.058400
v -0.257634 0.953005 0.064200
v -0.257634 0.953005 0.082968
v -0.275483 0.953005 0.088768
v -0.286516 0.953005 0.073584
v -0.270550 0.962872 0.073584
v 0.215250 1.394772 -0.008666
v 0.154467 1.441206 -0.052827
v 0.238467 1.441206 -0.080121
v 0.290382 1.441206 -0.008666
v 0.238467 1.441206 0.062789
v 0.154467 1.441206 0.035495
v 0.192033 1.516338 -0.080121
v 0.276033 1.516338 -0.052827
v 0.276033 1.516338 0.035495
v 0.192033 1.516338 0.062789
v 0.140118 1.516338 -0.008666
v 0.215250 1.562772 -0.008666
v 0.228896 1.407317 -0.050666
v 0.179523 1.407317 -0.034623
v 0.193169 1.434610 -0.076623
v 0.143796 1.434610 -0.008666
v 0.179523 1.407317 0.017291
v 0.259411 1.407317 -0.008666
v 0.273058 1.434610 -0.050666
v 0.228896 1.407317 0.033334
v 0.273058 1.434610 0.033334
v 0.193169 1.434610 0.059291
v 0.135361 1.478772 -0.034623
v 0.135361 1.478772 0.017291
v 0.215250 1.478772 -0.092666
v 0.165876 1.478772 -0.076623
v 0.295139 1.478772 -0.034623
v 0.264624 1.478772 -0.076623
v 0.264624 1.478772 0.059291
v 0.295139 1.478772 0.017291
v 0.165876 1.478772 0.059291
v 0.215250 1.478772 0.075334
v 0.157442 1.522934 -0.050666
v 0.237331 1.522934 -0.076623
v 0.286704 1.522934 -0.008666
v 0.237331 1.522934 0.059291
v 0.157442 1.522934 0.033334
v 0.201604 1.550227 -0.050666
v 0.171089 1.550227 -0.008666
v 0.250977 1.550227 -0.034623
v 0.250977 1.550227 0.017291
v 0.201604 1.550227 0.033334
v 0.267489 1.484692 0.019195
v 0.285904 1.186304 0.029016
v 0.273971 1.483562 -0.016985
v 0.291413 1.185343 -0.001737
v 0.258022 1.480601 -0.049987
v 0.277857 1.182827 -0.029789
v 0.225737 1.476942 -0.067206
v 0.250414 1.179717 -0.044425
v 0.189445 1.473982 -0.062065
v 0.219566 1.177201 -0.040055
v 0.163011 1.472851 -0.036527
v 0.197096 1.176240 -0.018348
v 0.156529 1.473982 -0.000347
v 0.191588 1.177201 0.012405
v 0.172478 1.476942 0.032655
v 0.205143 1.179717 0.040457
v 0.204763 1.480601 0.049874
v 0.232586 1.182827 0.055093
v 0.241055 1.483562 0.044733
v 0.263434 1.185343 0.050723
v 0.217403 1.356272 0.064974
v 0.217403 1.408772 0.064974
v 0.184083 1.356272 0.056046
v 0.184083 1.408772 0.056046
v 0.159691 1.356272 0.031654
v 0.159691 1.408772 0.031654
v 0.150762 1.356272 -0.001666
v 0.150762 1.408772 -0.001666
v 0.159691 1.356272 -0.034986
v 0.159691 1.408772 -0.034986
v 0.184083 1.356272 -0.059378
v 0.184083 1.408772 -0.059378
v 0.217403 1.356272 -0.068306
v 0.217403 1.408772 -0.068306
v 0.250722 1.356272 -0.059378
v 0.250722 1.408772 -0.059378
v 0.275114 1.356272 -0.034986
v 0.275114 1.408772 -0.034986
v 0.284043 1.356272 -0.001666
v 0.284043 1.408772 -0.001666
v 0.275114 1.356272 0.031654
v 0.275114 1.408772 0.031654
v 0.250722 1.356272 0.056046
v 0.250722 1.408772 0.056046
v 0.248255 1.188927 0.054868
v 0.251677 0.933106 0.079965
v 0.276419 1.187465 0.041391
v 0.272221 0.932039 0.070135
v 0.291246 1.183638 0.014142
v 0.283035 0.929247 0.050259
v 0.287071 1.178906 -0.016472
v 0.279990 0.925796 0.027929
v 0.265490 1.175079 -0.038756
v 0.264249 0.923005 0.011674
v 0.234745 1.173617 -0.044200
v 0.241823 0.921938 0.007703
v 0.206581 1.175079 -0.030723
v 0.221280 0.923005 0.017533
v 0.191754 1.178906 -0.003474
v 0.210465 0.925796 0.037409
v 0.195929 1.183637 0.027140
v 0.213510 0.929247 0.059739
v 0.217510 1.187465 0.049424
v 0.229251 0.932039 0.075994
v 0.246750 0.876471 0.043834
v 0.213167 0.904691 0.013335
v 0.259577 0.904691 -0.005514
v 0.288260 0.904691 0.043834
v 0.259577 0.904691 0.093182
v 0.213167 0.904691 0.074333
v 0.233923 0.950353 -0.005514
v 0.280333 0.950353 0.013335
v 0.280333 0.950353 0.074333
v 0.233923 0.950353 0.093182
v 0.205240 0.950353 0.043834
v 0.246750 0.978573 0.043834
v 0.254290 0.884095 0.014828
v 0.227011 0.884095 0.025907
v 0.234550 0.900683 -0.003099
v 0.207271 0.900683 0.043834
v 0.227011 0.884095 0.061761
v 0.271149 0.884095 0.043834
v 0.278689 0.900683 0.014828
v 0.254290 0.884095 0.072840
v 0.278689 0.900683 0.072840
v 0.234550 0.900683 0.090767
v 0.202611 0.927522 0.025907
v 0.202611 0.927522 0.061761
v 0.246750 0.927522 -0.014179
v 0.219471 0.927522 -0.003099
v 0.290889 0.927522 0.025907
v 0.274029 0.927522 -0.003099
v 0.274029 0.927522 0.090767
v 0.290889 0.927522 0.061761
v 0.219471 0.927522 0.090767
v 0.246750 0.927522 0.101846
v 0.214811 0.954361 0.014828
v 0.258950 0.954361 -0.003099
v 0.286229 0.954361 0.043834
v 0.258950 0.954361 0.090767
v 0.214811 0.954361 0.072840
v 0.239210 0.970949 0.014828
v 0.222351 0.970949 0.043834
v 0.266489 0.970949 0.025907
v 0.266489 0.970949 0.061761
v 0.239210 0.970949 0.072840
v 0.270550 0.927172 0.073584
v 0.257634 0.937039 0.064200
v 0.275483 0.937039 0.058400
v 0.286516 0.937039 0.073584
v 0.275483 0.937039 0.088768
v 0.257634 0.937039 0.082968
v 0.265617 0.953005 0.058400
v 0.283466 0.953005 0.064200
v 0.283466 0.953005 0.082968
v 0.265617 0.953005 0.088768
v 0.254585 0.953005 0.073584
v 0.270550 0.962872 0.073584
v 0.000000 1.491897 0.050834
v 0.000000 1.570647 0.050834
v -0.026250 1.491897 0.043800
v -0.026250 1.570647 0.043800
v -0.045466 1.491897 0.024584
v -0.045466 1.570647 0.024584
v -0.052500 1.491897 -0.001666
v -0.052500 1.570647 -0.001666
v -0.045466 1.491897 -0.027916
v -0.045466 1.570647 -0.027916
v -0.026250 1.491897 -0.047132
v -0.026250 1.570647 -0.047132
v 0.000000 1.491897 -0.054166
v 0.000000 1.570647 -0.054166
v 0.026250 1.491897 -0.047132
v 0.026250 1.570647 -0.047132
v 0.045466 1.491897 -0.027916
v 0.045466 1.570647 -0.027916
v 0.052500 1.491897 -0.001666
v 0.052500 1.570647 -0.001666
v 0.045466 1.491897 0.024584
v 0.045466 1.570647 0.024584
v 0.026250 1.491897 0.043800
v 0.026250 1.570647 0.043800
v 0.000000 1.557522 -0.001666
v -0.072180 1.621368 -0.052451
v 0.027570 1.621368 -0.083839
v 0.089219 1.621369 -0.001666
v 0.027570 1.621368 0.080507
v -0.072180 1.621368 0.049119
v -0.027570 1.724676 -0.083839
v 0.072180 1.724676 -0.052451
v 0.072180 1.724676 0.049119
v -0.027570 1.724676 0.080507
v -0.089219 1.724675 -0.001666
v 0.000000 1.788522 -0.001666
v 0.025729 1.609418 -0.078353
v 0.023224 1.597078 -0.070886
v 0.020019 1.585195 -0.061333
v 0.016205 1.574771 -0.049966
v 0.012011 1.566652 -0.037466
v 0.007741 1.561224 -0.024739
v 0.003676 1.558346 -0.012621
v -0.009623 1.558346 -0.008437
v -0.020267 1.561224 -0.015926
v -0.031446 1.566652 -0.023791
v -0.042426 1.574771 -0.031516
v -0.052411 1.585195 -0.038542
v -0.060802 1.597078 -0.044446
v -0.067361 1.609418 -0.049061
v -0.063686 1.617930 -0.060016
v -0.053061 1.615006 -0.067519
v -0.040400 1.613011 -0.074342
v -0.026221 1.612299 -0.079817
v -0.011428 1.613011 -0.083458
v 0.002957 1.615006 -0.085146
v 0.016106 1.617930 -0.085124
v -0.076984 1.617930 0.038958
v -0.081070 1.615006 0.026854
v -0.083857 1.613012 0.013084
v -0.084852 1.612299 -0.001666
v -0.083857 1.613012 -0.016416
v -0.081070 1.615006 -0.030186
v -0.076984 1.617930 -0.042290
v -0.009623 1.558346 0.005105
v -0.020267 1.561224 0.012594
v -0.031446 1.566652 0.020459
v -0.042426 1.574771 0.028184
v -0.052411 1.585195 0.035210
v -0.060802 1.597078 0.041114
v -0.067361 1.609418 0.045729
v 0.083263 1.609418 -0.001666
v 0.075156 1.597079 -0.001666
v 0.064783 1.585196 -0.001666
v 0.052442 1.574772 -0.001666
v 0.038870 1.566652 -0.001666
v 0.025052 1.561224 -0.001666
v 0.011895 1.558346 -0.001666
v 0.037624 1.617930 -0.078353
v 0.048276 1.615006 -0.070886
v 0.058889 1.613011 -0.061333
v 0.068647 1.612299 -0.049966
v 0.076795 1.613012 -0.037466
v 0.082897 1.615007 -0.024739
v 0.086939 1.617930 -0.012621
v 0.025729 1.609418 0.075021
v 0.023224 1.597078 0.067554
v 0.020019 1.585195 0.058001
v 0.016205 1.574771 0.046634
v 0.012011 1.566652 0.034134
v 0.007741 1.561224 0.021407
v 0.003676 1.558346 0.009289
v 0.086939 1.617930 0.009289
v 0.082897 1.615007 0.021407
v 0.076795 1.613012 0.034134
v 0.068647 1.612299 0.046634
v 0.058889 1.613011 0.058001
v 0.048276 1.615006 0.067554
v 0.037624 1.617930 0.075021
v 0.016106 1.617930 0.081792
v 0.002957 1.615006 0.081814
v -0.011428 1.613011 0.080126
v -0.026221 1.612299 0.076485
v -0.040400 1.613011 0.071010
v -0.053061 1.615006 0.064187
v -0.063686 1.617930 0.056684
v -0.092886 1.714341 -0.008437
v -0.095423 1.702030 -0.015926
v -0.096230 1.688025 -0.023791
v -0.094868 1.673022 -0.031517
v -0.091281 1.658019 -0.038542
v -0.085855 1.644014 -0.044446
v -0.079256 1.631703 -0.049061
v -0.079256 1.631703 0.045729
v -0.085855 1.644014 0.041114
v -0.091281 1.658019 0.035210
v -0.094868 1.673022 0.028185
v -0.096230 1.688025 0.020459
v -0.095423 1.702030 0.012594
v -0.092886 1.714341 0.005105
v -0.022054 1.714341 -0.089308
v -0.015483 1.702030 -0.093960
v -0.008008 1.688025 -0.097133
v 0.000000 1.673022 -0.098266
v 0.008008 1.658019 -0.097133
v 0.015483 1.644014 -0.093960
v 0.022054 1.631703 -0.089308
v -0.071037 1.631703 -0.060016
v -0.068544 1.644014 -0.067520
v -0.064422 1.658019 -0.074342
v -0.058632 1.673022 -0.079817
v -0.051466 1.688025 -0.083459
v -0.043492 1.702030 -0.085147
v -0.035352 1.714341 -0.085124
v 0.079256 1.714341 -0.049061
v 0.085855 1.702030 -0.044446
v 0.091281 1.688025 -0.038542
v 0.094868 1.673022 -0.031517
v 0.096230 1.658019 -0.023791
v 0.095423 1.644014 -0.015926
v 0.092886 1.631703 -0.008437
v 0.035352 1.631703 -0.085124
v 0.043492 1.644014 -0.085147
v 0.051466 1.658019 -0.083459
v 0.058632 1.673022 -0.079817
v 0.064422 1.688025 -0.074342
v 0.068544 1.702030 -0.067520
v 0.071037 1.714341 -0.060016
v 0.071037 1.714341 0.056684
v 0.068544 1.702030 0.064188
v 0.064422 1.688025 0.071010
v 0.058632 1.673022 0.076485
v 0.051466 1.658019 0.080127
v 0.043492 1.644014 0.081815
v 0.035352 1.631703 0.081792
v 0.092886 1.631703 0.005105
v 0.095423 1.644014 0.012594
v 0.096230 1.658019 0.020459
v 0.094868 1.673022 0.028185
v 0.091281 1.688025 0.035210
v 0.085855 1.702030 0.041114
v 0.079256 1.714341 0.045729
v -0.035352 1.714341 0.081792
v -0.043492 1.702030 0.081815
v -0.051466 1.688025 0.080127
v -0.058632 1.673022 0.076485
v -0.064422 1.658019 0.071010
v -0.068544 1.644014 0.064188
v -0.071037 1.631703 0.056684
v 0.022054 1.631703 0.085976
v 0.015483 1.644014 0.090628
v 0.008008 1.658019 0.093801
v -0.000000 1.673022 0.094934
v -0.008008 1.688025 0.093801
v -0.015483 1.702030 0.090628
v -0.022054 1.714341 0.085976
v -0.086939 1.728114 -0.012621
v -0.082897 1.731037 -0.024739
v -0.076795 1.733032 -0.037466
v -0.068647 1.733744 -0.049966
v -0.058889 1.733033 -0.061333
v -0.048276 1.731038 -0.070886
v -0.037624 1.728114 -0.078353
v -0.016106 1.728114 -0.085124
v -0.002957 1.731038 -0.085146
v 0.011428 1.733033 -0.083458
v 0.026221 1.733745 -0.079817
v 0.040400 1.733033 -0.074342
v 0.053061 1.731038 -0.067519
v 0.063686 1.728114 -0.060016
v 0.076984 1.728114 -0.042290
v 0.081070 1.731038 -0.030186
v 0.083857 1.733032 -0.016416
v 0.084852 1.733744 -0.001666
v 0.083857 1.733032 0.013084
v 0.081070 1.731038 0.026854
v 0.076984 1.728114 0.038958
v 0.063686 1.728114 0.056684
v 0.053061 1.731038 0.064187
v 0.040400 1.733033 0.071010
v 0.026221 1.733745 0.076485
v 0.011428 1.733033 0.080126
v -0.002957 1.731038 0.081814
v -0.016106 1.728114 0.081792
v -0.037624 1.728114 0.075021
v -0.048276 1.731038 0.067554
v -0.058889 1.733033 0.058001
v -0.068647 1.733744 0.046634
v -0.076795 1.733032 0.034134
v -0.082897 1.731037 0.021407
v -0.086939 1.728114 0.009289
v -0.003676 1.787698 -0.012621
v -0.007741 1.784820 -0.024739
v -0.012011 1.779392 -0.037466
v -0.016205 1.771273 -0.049966
v -0.020019 1.760849 -0.061333
v -0.023224 1.748965 -0.070886
v -0.025729 1.736626 -0.078353
v -0.083263 1.736626 -0.001666
v -0.075156 1.748965 -0.001666
v -0.064783 1.760848 -0.001666
v -0.052442 1.771272 -0.001666
v -0.038870 1.779392 -0.001666
v -0.025052 1.784820 -0.001666
v -0.011895 1.787698 -0.001666
v 0.009623 1.787698 -0.008437
v 0.020267 1.784820 -0.015926
v 0.031446 1.779392 -0.023791
v 0.042426 1.771272 -0.031516
v 0.052411 1.760848 -0.038542
v 0.060802 1.748965 -0.044446
v 0.067361 1.736626 -0.049061
v 0.009623 1.787698 0.005105
v 0.020267 1.784820 0.012594
v 0.031446 1.779392 0.020459
v 0.042426 1.771272 0.028184
v 0.052411 1.760848 0.035210
v 0.060802 1.748965 0.041114
v 0.067361 1.736626 0.045729
v -0.003676 1.787698 0.009289
v -0.007741 1.784820 0.021407
v -0.012011 1.779392 0.034134
v -0.016205 1.771273 0.046634
v -0.020019 1.760849 0.058001
v -0.023224 1.748965 0.067554
v -0.025729 1.736626 0.075021
v -0.016578 1.786058 0.009998
v -0.030640 1.781962 0.010556
v -0.021471 1.781963 0.022777
v -0.045025 1.774992 0.010866
v -0.036090 1.776329 0.023727
v -0.026220 1.774992 0.035930
v -0.058631 1.765254 0.010866
v -0.050546 1.767722 0.024068
v -0.040893 1.767722 0.036936
v -0.030425 1.765255 0.048462
v -0.070449 1.753474 0.010556
v -0.063660 1.756599 0.023727
v -0.054863 1.757724 0.036936
v -0.044609 1.756599 0.049119
v -0.033772 1.753475 0.059442
v -0.079902 1.740743 0.009998
v -0.074550 1.743978 0.022777
v -0.067041 1.745780 0.035930
v -0.057639 1.745780 0.048462
v -0.047042 1.743979 0.059443
v -0.036146 1.740744 0.068321
v 0.006332 1.786059 0.017207
v 0.002534 1.781963 0.030331
v 0.017370 1.781963 0.025662
v -0.001606 1.774992 0.043675
v 0.013785 1.776329 0.039420
v 0.028819 1.774992 0.034101
v -0.005810 1.765255 0.056207
v 0.009654 1.767722 0.052840
v 0.025273 1.767722 0.047925
v 0.039827 1.765255 0.041847
v -0.009767 1.753475 0.066996
v 0.005266 1.756599 0.064813
v 0.020956 1.757724 0.060793
v 0.036090 1.756599 0.055113
v 0.049577 1.753475 0.048322
v -0.013235 1.740744 0.075530
v 0.000968 1.743979 0.074549
v 0.016206 1.745781 0.071698
v 0.031418 1.745781 0.066911
v 0.045476 1.743979 0.060544
v 0.057562 1.740744 0.053252
v 0.020492 1.786058 -0.001666
v 0.032206 1.781963 0.005887
v 0.032206 1.781963 -0.009219
v 0.044032 1.774992 0.013824
v 0.044609 1.776329 -0.001666
v 0.044032 1.774992 -0.017156
v 0.055040 1.765255 0.021569
v 0.056512 1.767722 0.006286
v 0.056512 1.767722 -0.009618
v 0.055040 1.765255 -0.024901
v 0.064413 1.753475 0.028547
v 0.066914 1.756599 0.014027
v 0.067815 1.757724 -0.001666
v 0.066914 1.756599 -0.017359
v 0.064413 1.753475 -0.031879
v 0.071722 1.740743 0.034379
v 0.075148 1.743979 0.020994
v 0.077056 1.745780 0.006079
v 0.077056 1.745780 -0.009411
v 0.075148 1.743979 -0.024326
v 0.071722 1.740743 -0.037711
v 0.006332 1.786059 -0.020539
v 0.017370 1.781963 -0.028994
v 0.002534 1.781963 -0.033663
v 0.028819 1.774992 -0.037433
v 0.013785 1.776329 -0.042752
v -0.001606 1.774992 -0.047007
v 0.039827 1.765255 -0.045179
v 0.025273 1.767722 -0.051257
v 0.009654 1.767722 -0.056172
v -0.005810 1.765255 -0.059539
v 0.049577 1.753475 -0.051654
v 0.036090 1.756599 -0.058445
v 0.020956 1.757724 -0.064125
v 0.005266 1.756599 -0.068145
v -0.009767 1.753475 -0.070328
v 0.057562 1.740744 -0.056584
v 0.045476 1.743979 -0.063876
v 0.031418 1.745781 -0.070243
v 0.016206 1.745781 -0.075030
v 0.000968 1.743979 -0.077881
v -0.013235 1.740744 -0.078862
v -0.016578 1.786058 -0.013330
v -0.021471 1.781963 -0.026109
v -0.030640 1.781962 -0.013888
v -0.026220 1.774992 -0.039262
v -0.036090 1.776329 -0.027059
v -0.045025 1.774992 -0.014198
v -0.030425 1.765255 -0.051794
v -0.040893 1.767722 -0.040268
v -0.050546 1.767722 -0.027400
v -0.058631 1.765254 -0.014198
v -0.033772 1.753475 -0.062774
v -0.044609 1.756599 -0.052451
v -0.054863 1.757724 -0.040268
v -0.063660 1.756599 -0.027059
v -0.070449 1.753474 -0.013888
v -0.036146 1.740744 -0.071653
v -0.047042 1.743979 -0.062775
v -0.057639 1.745780 -0.051794
v -0.067041 1.745780 -0.039262
v -0.074550 1.743978 -0.026109
v -0.079902 1.740743 -0.013330
v -0.090148 1.717016 0.017207
v -0.091920 1.703752 0.025662
v -0.085285 1.719117 0.030331
v -0.091656 1.688777 0.034102
v -0.085965 1.704946 0.039420
v -0.078049 1.720288 0.043675
v -0.089057 1.673022 0.041847
v -0.084454 1.689199 0.047926
v -0.077469 1.705376 0.052841
v -0.068647 1.720288 0.056207
v -0.084318 1.657657 0.048323
v -0.080700 1.673022 0.055114
v -0.074801 1.689199 0.060793
v -0.066914 1.704946 0.064813
v -0.057778 1.719118 0.066996
v -0.078055 1.643693 0.053253
v -0.075149 1.657657 0.060545
v -0.070253 1.673022 0.066911
v -0.063450 1.688777 0.071698
v -0.055244 1.703752 0.074550
v -0.046392 1.717016 0.075530
v -0.009322 1.717016 0.087195
v -0.001566 1.703752 0.091440
v 0.005069 1.719118 0.086771
v 0.006803 1.688777 0.093804
v 0.013785 1.704946 0.090206
v 0.020410 1.720288 0.084230
v 0.015213 1.673022 0.093804
v 0.022605 1.689199 0.091443
v 0.029591 1.705376 0.086528
v 0.035623 1.720288 0.079443
v 0.023037 1.657657 0.091440
v 0.030824 1.673022 0.090206
v 0.038225 1.689199 0.086528
v 0.044610 1.704946 0.080507
v 0.049577 1.719118 0.072766
v 0.029814 1.643693 0.087195
v 0.037873 1.657657 0.086772
v 0.045638 1.673022 0.084230
v 0.052442 1.688777 0.079443
v 0.057778 1.703752 0.072766
v 0.061476 1.717016 0.064917
v 0.084387 1.717016 0.034379
v 0.090952 1.703752 0.028547
v 0.088418 1.719117 0.020994
v 0.095861 1.688777 0.021569
v 0.094485 1.704946 0.014027
v 0.090663 1.720288 0.006079
v 0.098459 1.673022 0.013824
v 0.098425 1.689199 0.006286
v 0.095757 1.705375 -0.001666
v 0.090663 1.720288 -0.009411
v 0.098555 1.657657 0.005887
v 0.099750 1.673022 -0.001666
v 0.098425 1.689199 -0.009618
v 0.094484 1.704946 -0.017359
v 0.088418 1.719117 -0.024326
v 0.096480 1.643693 -0.001666
v 0.098555 1.657657 -0.009219
v 0.098459 1.673022 -0.017156
v 0.095861 1.688778 -0.024902
v 0.090952 1.703752 -0.031880
v 0.084387 1.717016 -0.037711
v 0.061476 1.717016 -0.068249
v 0.057778 1.703752 -0.076098
v 0.049577 1.719118 -0.076098
v 0.052442 1.688777 -0.082775
v 0.044610 1.704946 -0.083839
v 0.035623 1.720288 -0.082775
v 0.045638 1.673022 -0.087562
v 0.038225 1.689199 -0.089860
v 0.029591 1.705376 -0.089860
v 0.020410 1.720288 -0.087562
v 0.037873 1.657657 -0.090104
v 0.030824 1.673022 -0.093538
v 0.022605 1.689199 -0.094775
v 0.013785 1.704946 -0.093538
v 0.005069 1.719118 -0.090103
v 0.029814 1.643693 -0.090527
v 0.023037 1.657657 -0.094772
v 0.015213 1.673022 -0.097136
v 0.006804 1.688777 -0.097136
v -0.001566 1.703752 -0.094772
v -0.009322 1.717016 -0.090527
v -0.046392 1.717016 -0.078862
v -0.055244 1.703752 -0.077882
v -0.057778 1.719118 -0.070328
v -0.063450 1.688777 -0.075030
v -0.066914 1.704946 -0.068145
v -0.068647 1.720288 -0.059539
v -0.070253 1.673022 -0.070243
v -0.074801 1.689199 -0.064125
v -0.077469 1.705375 -0.056173
v -0.078049 1.720288 -0.047007
v -0.075148 1.657657 -0.063877
v -0.080700 1.673022 -0.058446
v -0.084454 1.689199 -0.051258
v -0.085965 1.704946 -0.042752
v -0.085285 1.719117 -0.033663
v -0.078054 1.643693 -0.056585
v -0.084318 1.657657 -0.051655
v -0.089057 1.673022 -0.045179
v -0.091656 1.688777 -0.037434
v -0.091920 1.703752 -0.028994
v -0.090148 1.717015 -0.020539
v -0.029814 1.702351 0.087195
v -0.037873 1.688387 0.086772
v -0.023037 1.688387 0.091440
v -0.045638 1.673022 0.084230
v -0.030824 1.673022 0.090206
v -0.015213 1.673022 0.093804
v -0.052442 1.657267 0.079443
v -0.038225 1.656845 0.086528
v -0.022605 1.656845 0.091443
v -0.006804 1.657267 0.093804
v -0.057778 1.642291 0.072766
v -0.044610 1.641098 0.080507
v -0.029591 1.640668 0.086528
v -0.013785 1.641098 0.090206
v 0.001566 1.642291 0.091440
v -0.061476 1.629028 0.064917
v -0.049577 1.626926 0.072766
v -0.035623 1.625756 0.079443
v -0.020410 1.625756 0.084230
v -0.005069 1.626926 0.086771
v 0.009322 1.629028 0.087195
v 0.078055 1.702351 0.053253
v 0.075148 1.688387 0.060545
v 0.084318 1.688387 0.048323
v 0.070253 1.673022 0.066911
v 0.080700 1.673022 0.055114
v 0.089057 1.673022 0.041847
v 0.063450 1.657267 0.071698
v 0.074801 1.656845 0.060793
v 0.084454 1.656845 0.047926
v 0.091656 1.657267 0.034102
v 0.055243 1.642291 0.074550
v 0.066914 1.641098 0.064813
v 0.077469 1.640668 0.052841
v 0.085965 1.641098 0.039420
v 0.091920 1.642292 0.025662
v 0.046392 1.629028 0.075530
v 0.057778 1.626926 0.066996
v 0.068647 1.625756 0.056208
v 0.078049 1.625756 0.043675
v 0.085285 1.626927 0.030331
v 0.090148 1.629028 0.017207
v 0.078055 1.702351 -0.056585
v 0.084318 1.688387 -0.051655
v 0.075148 1.688387 -0.063877
v 0.089057 1.673022 -0.045179
v 0.080700 1.673022 -0.058446
v 0.070253 1.673022 -0.070243
v 0.091656 1.657267 -0.037434
v 0.084454 1.656845 -0.051258
v 0.074801 1.656845 -0.064125
v 0.063450 1.657267 -0.075030
v 0.091920 1.642292 -0.028994
v 0.085965 1.641098 -0.042752
v 0.077469 1.640668 -0.056173
v 0.066914 1.641098 -0.068145
v 0.055243 1.642291 -0.077882
v 0.090148 1.629028 -0.020539
v 0.085285 1.626927 -0.033663
v 0.078049 1.625756 -0.047007
v 0.068647 1.625756 -0.059540
v 0.057778 1.626926 -0.070328
v 0.046392 1.629028 -0.078862
v -0.029814 1.702351 -0.090527
v -0.023037 1.688387 -0.094772
v -0.037873 1.688387 -0.090104
v -0.015213 1.673022 -0.097136
v -0.030824 1.673022 -0.093538
v -0.045638 1.673022 -0.087562
v -0.006804 1.657267 -0.097136
v -0.022605 1.656845 -0.094775
v -0.038225 1.656845 -0.089860
v -0.052442 1.657267 -0.082775
v 0.001566 1.642291 -0.094772
v -0.013785 1.641098 -0.093538
v -0.029591 1.640668 -0.089860
v -0.044610 1.641098 -0.083839
v -0.057778 1.642291 -0.076098
v 0.009322 1.629028 -0.090527
v -0.005069 1.626926 -0.090103
v -0.020410 1.625756 -0.087562
v -0.035623 1.625756 -0.082775
v -0.049577 1.626926 -0.076098
v -0.061476 1.629028 -0.068249
v -0.096480 1.702351 -0.001666
v -0.098555 1.688387 -0.009219
v -0.098555 1.688387 0.005887
v -0.098459 1.673022 -0.017156
v -0.099750 1.673022 -0.001666
v -0.098459 1.673022 0.013824
v -0.095861 1.657267 -0.024901
v -0.098425 1.656845 -0.009618
v -0.098425 1.656845 0.006286
v -0.095861 1.657267 0.021569
v -0.090952 1.642292 -0.031879
v -0.094485 1.641098 -0.017359
v -0.095757 1.640668 -0.001666
v -0.094485 1.641098 0.014027
v -0.090952 1.642292 0.028547
v -0.084387 1.629028 -0.037711
v -0.088418 1.626926 -0.024326
v -0.090663 1.625756 -0.009411
v -0.090663 1.625756 0.006079
v -0.088418 1.626926 0.020994
v -0.084387 1.629028 0.034379
v -0.057562 1.605300 0.053252
v -0.049577 1.592569 0.048322
v -0.045476 1.602065 0.060544
v -0.039827 1.580789 0.041847
v -0.036090 1.589445 0.055113
v -0.031418 1.600264 0.066911
v -0.028819 1.571052 0.034101
v -0.025273 1.578322 0.047926
v -0.020956 1.588320 0.060793
v -0.016206 1.600264 0.071698
v -0.017370 1.564081 0.025662
v -0.013785 1.569715 0.039420
v -0.009654 1.578322 0.052841
v -0.005266 1.589445 0.064813
v -0.000968 1.602065 0.074549
v -0.006332 1.559985 0.017207
v -0.002534 1.564081 0.030331
v 0.001606 1.571052 0.043675
v 0.005810 1.580789 0.056207
v 0.009767 1.592569 0.066996
v 0.013235 1.605300 0.075530
v 0.036146 1.605300 0.068321
v 0.033772 1.592569 0.059442
v 0.047042 1.602065 0.059443
v 0.030425 1.580789 0.048462
v 0.044609 1.589445 0.049119
v 0.057639 1.600264 0.048462
v 0.026221 1.571052 0.035930
v 0.040893 1.578322 0.036936
v 0.054863 1.588320 0.036936
v 0.067041 1.600264 0.035930
v 0.021471 1.564081 0.022777
v 0.036090 1.569715 0.023727
v 0.050546 1.578322 0.024068
v 0.063660 1.589445 0.023727
v 0.074550 1.602065 0.022777
v 0.016578 1.559985 0.009998
v 0.030640 1.564081 0.010556
v 0.045025 1.571052 0.010866
v 0.058631 1.580790 0.010866
v 0.070449 1.592570 0.010556
v 0.079902 1.605301 0.009998
v 0.079902 1.605301 -0.013330
v 0.070449 1.592570 -0.013888
v 0.074550 1.602065 -0.026109
v 0.058631 1.580790 -0.014198
v 0.063660 1.589445 -0.027059
v 0.067041 1.600264 -0.039262
v 0.045025 1.571052 -0.014198
v 0.050546 1.578322 -0.027401
v 0.054863 1.588320 -0.040268
v 0.057639 1.600264 -0.051794
v 0.030640 1.564081 -0.013888
v 0.036090 1.569715 -0.027059
v 0.040893 1.578322 -0.040268
v 0.044609 1.589445 -0.052451
v 0.047042 1.602065 -0.062775
v 0.016578 1.559985 -0.013330
v 0.021471 1.564081 -0.026109
v 0.026221 1.571052 -0.039262
v 0.030425 1.580789 -0.051794
v 0.033772 1.592569 -0.062775
v 0.036146 1.605300 -0.071653
v -0.071722 1.605300 0.034379
v -0.075148 1.602065 0.020994
v -0.064413 1.592569 0.028547
v -0.077056 1.600264 0.006079
v -0.066914 1.589445 0.014027
v -0.055040 1.580789 0.021569
v -0.077056 1.600264 -0.009411
v -0.067815 1.588320 -0.001666
v -0.056512 1.578322 0.006286
v -0.044032 1.571052 0.013824
v -0.075148 1.602065 -0.024326
v -0.066914 1.589445 -0.017359
v -0.056512 1.578322 -0.009618
v -0.044609 1.569715 -0.001666
v -0.032206 1.564081 0.005887
v -0.071722 1.605300 -0.037711
v -0.064413 1.592569 -0.031879
v -0.055040 1.580790 -0.024901
v -0.044032 1.571052 -0.017156
v -0.032206 1.564081 -0.009219
v -0.020492 1.559985 -0.001666
v 0.013235 1.605300 -0.078862
v 0.009767 1.592569 -0.070328
v -0.000968 1.602065 -0.077881
v 0.005810 1.580789 -0.059539
v -0.005266 1.589445 -0.068145
v -0.016206 1.600264 -0.075030
v 0.001606 1.571052 -0.047007
v -0.009654 1.578322 -0.056172
v -0.020956 1.588320 -0.064125
v -0.031418 1.600264 -0.070243
v -0.002535 1.564081 -0.033663
v -0.013785 1.569715 -0.042752
v -0.025273 1.578322 -0.051258
v -0.036090 1.589445 -0.058445
v -0.045476 1.602065 -0.063876
v -0.006332 1.559985 -0.020539
v -0.017370 1.564081 -0.028994
v -0.028820 1.571052 -0.037433
v -0.039828 1.580789 -0.045179
v -0.049577 1.592569 -0.051655
v -0.057562 1.605300 -0.056584
v 0.000000 1.575372 0.012334
v -0.031151 1.593365 -0.009194
v 0.011899 1.593365 -0.022500
v 0.038505 1.593365 0.012334
v 0.011899 1.593365 0.047168
v -0.031151 1.593365 0.033862
v -0.011899 1.622479 -0.022500
v 0.031151 1.622479 -0.009194
v 0.031151 1.622479 0.033862
v -0.011899 1.622479 0.047168
v -0.038505 1.622479 0.012334
v 0.000000 1.640472 0.012334
v 0.010023 1.586520 -0.017009
v 0.006994 1.580233 -0.008141
v 0.003341 1.576415 0.002553
v -0.008747 1.576415 0.006289
v -0.018310 1.580233 -0.000320
v -0.026241 1.586520 -0.005801
v -0.022900 1.591572 -0.015582
v -0.011317 1.590809 -0.020795
v 0.001276 1.591572 -0.023054
v -0.034988 1.591572 0.024424
v -0.036620 1.590809 0.012334
v -0.034988 1.591572 0.000244
v -0.008747 1.576415 0.018379
v -0.018310 1.580233 0.024988
v -0.026241 1.586520 0.030469
v 0.032436 1.586520 0.012334
v 0.022633 1.580233 0.012334
v 0.010812 1.576415 0.012334
v 0.020835 1.591572 -0.017009
v 0.029627 1.590809 -0.008141
v 0.035777 1.591572 0.002553
v 0.010023 1.586520 0.041677
v 0.006994 1.580233 0.032809
v 0.003341 1.576415 0.022115
v 0.035777 1.591572 0.022115
v 0.029627 1.590809 0.032809
v 0.020835 1.591572 0.041677
v 0.001276 1.591572 0.047722
v -0.011317 1.590809 0.045463
v -0.022900 1.591572 0.040250
v -0.041183 1.616097 0.006289
v -0.040943 1.607922 -0.000320
v -0.037053 1.599747 -0.005801
v -0.037053 1.599747 0.030469
v -0.040943 1.607922 0.024988
v -0.041183 1.616097 0.018379
v -0.006682 1.616097 -0.026791
v 0.000000 1.607922 -0.028616
v 0.006682 1.599747 -0.026791
v -0.029582 1.599747 -0.015582
v -0.025304 1.607922 -0.020795
v -0.018770 1.616097 -0.023054
v 0.037053 1.616097 -0.005801
v 0.040943 1.607922 -0.000320
v 0.041183 1.599747 0.006289
v 0.018770 1.599747 -0.023054
v 0.025304 1.607922 -0.020795
v 0.029582 1.616097 -0.015582
v 0.029582 1.616097 0.040250
v 0.025304 1.607922 0.045463
v 0.018770 1.599747 0.047722
v 0.041183 1.599747 0.018379
v 0.040943 1.607922 0.024988
v 0.037053 1.616097 0.030469
v -0.018770 1.616097 0.047722
v -0.025304 1.607922 0.045463
v -0.029582 1.599747 0.040250
v 0.006682 1.599747 0.051459
v 0.000000 1.607922 0.053284
v -0.006682 1.616097 0.051459
v -0.035777 1.624272 0.002553
v -0.029627 1.625035 -0.008141
v -0.020835 1.624272 -0.017009
v -0.001276 1.624272 -0.023054
v 0.011317 1.625035 -0.020795
v 0.022900 1.624272 -0.015582
v 0.034988 1.624272 0.000244
v 0.036620 1.625035 0.012334
v 0.034988 1.624272 0.024424
v 0.022900 1.624272 0.040250
v 0.011317 1.625035 0.045463
v -0.001276 1.624272 0.047722
v -0.020835 1.624272 0.041677
v -0.029627 1.625035 0.032809
v -0.035777 1.624272 0.022115
v -0.003341 1.639429 0.002553
v -0.006994 1.635611 -0.008141
v -0.010023 1.629324 -0.017009
v -0.032436 1.629324 0.012334
v -0.022633 1.635611 0.012334
v -0.010812 1.639429 0.012334
v 0.008747 1.639429 0.006289
v 0.018310 1.635611 -0.000320
v 0.026241 1.629324 -0.005801
v 0.008747 1.639429 0.018379
v 0.018310 1.635611 0.024988
v 0.026241 1.629324 0.030469
v -0.003341 1.639429 0.022115
v -0.006994 1.635611 0.032809
v -0.010023 1.629324 0.041677
v -0.015576 1.637036 0.023098
v -0.027474 1.631476 0.023098
v -0.019252 1.631476 0.033863
v 0.005949 1.637036 0.029751
v 0.002273 1.631476 0.040515
v 0.015576 1.631476 0.036404
v 0.019252 1.637036 0.012334
v 0.028879 1.631476 0.018987
v 0.028879 1.631476 0.005681
v 0.005949 1.637036 -0.005083
v 0.015576 1.631476 -0.011736
v 0.002273 1.631476 -0.015847
v -0.015576 1.637036 0.001570
v -0.019252 1.631476 -0.009195
v -0.027474 1.631476 0.001570
v -0.037101 1.616919 0.029751
v -0.034828 1.607922 0.036404
v -0.028879 1.616919 0.040515
v 0.005949 1.616919 0.051280
v 0.013303 1.607922 0.051280
v 0.019253 1.616919 0.047168
v 0.040778 1.616919 0.018987
v 0.043050 1.607922 0.012334
v 0.040778 1.616919 0.005681
v 0.019253 1.616919 -0.022500
v 0.013303 1.607922 -0.026612
v 0.005949 1.616919 -0.026612
v -0.028879 1.616919 -0.015847
v -0.034828 1.607922 -0.011736
v -0.037101 1.616919 -0.005083
v -0.013303 1.607922 0.051280
v -0.019253 1.598925 0.047168
v -0.005949 1.598925 0.051280
v 0.034828 1.607922 0.036404
v 0.028879 1.598925 0.040515
v 0.037101 1.598925 0.029751
v 0.034828 1.607922 -0.011736
v 0.037101 1.598925 -0.005083
v 0.028879 1.598925 -0.015847
v -0.013303 1.607922 -0.026612
v -0.005949 1.598925 -0.026612
v -0.019253 1.598925 -0.022500
v -0.043050 1.607922 0.012334
v -0.040778 1.598925 0.005681
v -0.040778 1.598925 0.018987
v -0.015576 1.584368 0.036404
v -0.005949 1.578808 0.029751
v -0.002273 1.584369 0.040515
v 0.019252 1.584368 0.033863
v 0.015576 1.578808 0.023098
v 0.027474 1.584369 0.023098
v 0.027474 1.584369 0.001570
v 0.015576 1.578808 0.001570
v 0.019252 1.584369 -0.009195
v -0.028879 1.584369 0.018987
v -0.028879 1.584369 0.005681
v -0.019252 1.578808 0.012334
v -0.002273 1.584368 -0.015847
v -0.005949 1.578808 -0.005083
v -0.015576 1.584369 -0.011736
v -0.098700 1.645722 -0.001666
v -0.106298 1.657330 -0.011050
v -0.095798 1.657330 -0.016850
v -0.089309 1.657330 -0.001666
v -0.095798 1.657330 0.013518
v -0.106298 1.657330 0.007718
v -0.101602 1.676114 -0.016850
v -0.091102 1.676114 -0.011050
v -0.091102 1.676114 0.007718
v -0.101602 1.676114 0.013518
v -0.108091 1.676114 -0.001666
v -0.098700 1.687722 -0.001666
v -0.096994 1.648858 -0.010591
v -0.103166 1.648858 -0.007182
v -0.101460 1.655682 -0.016107
v -0.107632 1.655682 -0.001666
v -0.103166 1.648858 0.003850
v -0.093180 1.648858 -0.001666
v -0.091474 1.655682 -0.010591
v -0.096994 1.648858 0.007259
v -0.091474 1.655682 0.007259
v -0.101460 1.655682 0.012775
v -0.108686 1.666722 -0.007182
v -0.108686 1.666722 0.003850
v -0.098700 1.666722 -0.019516
v -0.104872 1.666722 -0.016107
v -0.088714 1.666722 -0.007182
v -0.092528 1.666722 -0.016107
v -0.092528 1.666722 0.012775
v -0.088714 1.666722 0.003850
v -0.104872 1.666722 0.012775
v -0.098700 1.666722 0.016184
v -0.105926 1.677762 -0.010591
v -0.095940 1.677762 -0.016107
v -0.089768 1.677762 -0.001666
v -0.095940 1.677762 0.012775
v -0.105926 1.677762 0.007259
v -0.100406 1.684586 -0.010591
v -0.104220 1.684586 -0.001666
v -0.094234 1.684586 -0.007182
v -0.094234 1.684586 0.003850
v -0.100406 1.684586 0.007259
v 0.098700 1.645722 -0.001666
v 0.091102 1.657330 -0.011050
v 0.101602 1.657330 -0.016850
v 0.108091 1.657330 -0.001666
v 0.101602 1.657330 0.013518
v 0.091102 1.657330 0.007718
v 0.095798 1.676114 -0.016850
v 0.106298 1.676114 -0.011050
v 0.106298 1.676114 0.007718
v 0.095798 1.676114 0.013518
v 0.089309 1.676114 -0.001666
v 0.098700 1.687722 -0.001666
v 0.100406 1.648858 -0.010591
v 0.094234 1.648858 -0.007182
v 0.095940 1.655682 -0.016107
v 0.089768 1.655682 -0.001666
v 0.094234 1.648858 0.003850
v 0.104220 1.648858 -0.001666
v 0.105926 1.655682 -0.010591
v 0.100406 1.648858 0.007259
v 0.105926 1.655682 0.007259
v 0.095940 1.655682 0.012775
v 0.088714 1.666722 -0.007182
v 0.088714 1.666722 0.003850
v 0.098700 1.666722 -0.019516
v 0.092528 1.666722 -0.016107
v 0.108686 1.666722 -0.007182
v 0.104872 1.666722 -0.016107
v 0.104872 1.666722 0.012775
v 0.108686 1.666722 0.003850
v 0.092528 1.666722 0.012775
v 0.098700 1.666722 0.016184
v 0.091474 1.677762 -0.010591
v 0.101460 1.677762 -0.016107
v 0.107632 1.677762 -0.001666
v 0.101460 1.677762 0.012775
v 0.091474 1.677762 0.007259
v 0.096994 1.684586 -0.010591
v 0.093180 1.684586 -0.001666
v 0.103166 1.684586 -0.007182
v 0.103166 1.684586 0.003850
v 0.096994 1.684586 0.007259
v -0.042000 1.655776 0.082334
v -0.056816 1.668792 0.076414
v -0.036341 1.668792 0.072755
v -0.023687 1.668792 0.082334
v -0.036341 1.668792 0.091913
v -0.056816 1.668792 0.088254
v -0.047659 1.689852 0.072755
v -0.027184 1.689852 0.076414
v -0.027184 1.689852 0.088254
v -0.047659 1.689852 0.091913
v -0.060313 1.689852 0.082334
v -0.042000 1.702868 0.082334
v -0.038674 1.659292 0.076703
v -0.050708 1.659292 0.078854
v -0.047382 1.666943 0.073224
v -0.059417 1.666943 0.082334
v -0.050708 1.659292 0.085814
v -0.031236 1.659292 0.082334
v -0.027909 1.666943 0.076703
v -0.038674 1.659292 0.087965
v -0.027909 1.666943 0.087965
v -0.047382 1.666943 0.091444
v -0.061473 1.679322 0.078854
v -0.061473 1.679322 0.085814
v -0.042000 1.679322 0.071073
v -0.054035 1.679322 0.073223
v -0.022527 1.679322 0.078854
v -0.029965 1.679322 0.073223
v -0.029965 1.679322 0.091445
v -0.022527 1.679322 0.085814
v -0.054035 1.679322 0.091445
v -0.042000 1.679322 0.093595
v -0.056091 1.691701 0.076703
v -0.036618 1.691701 0.073224
v -0.024583 1.691701 0.082334
v -0.036618 1.691701 0.091444
v -0.056091 1.691701 0.087965
v -0.045326 1.699352 0.076703
v -0.052764 1.699352 0.082334
v -0.033292 1.699352 0.078854
v -0.033292 1.699352 0.085814
v -0.045326 1.699352 0.087965
v -0.042000 1.668297 0.092834
v -0.049978 1.674391 0.089356
v -0.038953 1.674391 0.087207
v -0.032139 1.674391 0.092834
v -0.038953 1.674391 0.098461
v -0.049978 1.674391 0.096312
v -0.045047 1.684253 0.087207
v -0.034022 1.684253 0.089356
v -0.034022 1.684253 0.096312
v -0.045047 1.684253 0.098461
v -0.051861 1.684252 0.092834
v -0.042000 1.690347 0.092834
v -0.040209 1.669944 0.089527
v -0.046689 1.669944 0.090790
v -0.044898 1.673526 0.087482
v -0.051378 1.673526 0.092834
v -0.046689 1.669944 0.094878
v -0.036204 1.669944 0.092834
v -0.034413 1.673526 0.089527
v -0.040209 1.669944 0.096141
v -0.034413 1.673526 0.096141
v -0.044898 1.673526 0.098186
v -0.052485 1.679322 0.090790
v -0.052485 1.679322 0.094878
v -0.042000 1.679322 0.086219
v -0.048480 1.679322 0.087482
v -0.031515 1.679322 0.090790
v -0.035520 1.679322 0.087482
v -0.035520 1.679322 0.098186
v -0.031515 1.679322 0.094878
v -0.048480 1.679322 0.098186
v -0.042000 1.679322 0.099449
v -0.049587 1.685118 0.089527
v -0.039102 1.685118 0.087482
v -0.032622 1.685118 0.092834
v -0.039102 1.685118 0.098186
v -0.049587 1.685118 0.096141
v -0.043791 1.688700 0.089527
v -0.047796 1.688700 0.092834
v -0.037311 1.688700 0.090790
v -0.037311 1.688700 0.094878
v -0.043791 1.688700 0.096141
v -0.042000 1.674282 0.099134
v -0.045647 1.677068 0.096484
v -0.040607 1.677068 0.094847
v -0.037492 1.677068 0.099134
v -0.040607 1.677068 0.103421
v -0.045647 1.677068 0.101784
v -0.043393 1.681576 0.094847
v -0.038353 1.681576 0.096484
v -0.038353 1.681576 0.101784
v -0.043393 1.681576 0.103421
v -0.046508 1.681576 0.099134
v -0.042000 1.684362 0.099134
v -0.034650 1.683942 0.101234
v -0.036625 1.685451 0.099799
v -0.033895 1.685451 0.098912
v -0.032208 1.685451 0.101234
v -0.033895 1.685451 0.103556
v -0.036625 1.685451 0.102669
v -0.035405 1.687893 0.098912
v -0.032675 1.687893 0.099799
v -0.032675 1.687893 0.102669
v -0.035405 1.687893 0.103556
v -0.037092 1.687893 0.101234
v -0.034650 1.689402 0.101234
v -0.024204 1.707248 0.084959
v -0.022606 1.716029 0.084959
v -0.024204 1.707248 0.092309
v -0.022606 1.716029 0.092309
v -0.061394 1.714015 0.084959
v -0.059796 1.722796 0.084959
v -0.061394 1.714015 0.092309
v -0.059796 1.722796 0.092309
v 0.042000 1.655776 0.082334
v 0.027184 1.668792 0.076414
v 0.047659 1.668792 0.072755
v 0.060313 1.668792 0.082334
v 0.047659 1.668792 0.091913
v 0.027184 1.668792 0.088254
v 0.036341 1.689852 0.072755
v 0.056816 1.689852 0.076414
v 0.056816 1.689852 0.088254
v 0.036341 1.689852 0.091913
v 0.023687 1.689852 0.082334
v 0.042000 1.702868 0.082334
v 0.045326 1.659292 0.076703
v 0.033292 1.659292 0.078854
v 0.036618 1.666943 0.073224
v 0.024583 1.666943 0.082334
v 0.033292 1.659292 0.085814
v 0.052764 1.659292 0.082334
v 0.056091 1.666943 0.076703
v 0.045326 1.659292 0.087965
v 0.056091 1.666943 0.087965
v 0.036618 1.666943 0.091444
v 0.022527 1.679322 0.078854
v 0.022527 1.679322 0.085814
v 0.042000 1.679322 0.071073
v 0.029965 1.679322 0.073223
v 0.061473 1.679322 0.078854
v 0.054035 1.679322 0.073223
v 0.054035 1.679322 0.091445
v 0.061473 1.679322 0.085814
v 0.029965 1.679322 0.091445
v 0.042000 1.679322 0.093595
v 0.027909 1.691701 0.076703
v 0.047382 1.691701 0.073224
v 0.059417 1.691701 0.082334
v 0.047382 1.691701 0.091444
v 0.027909 1.691701 0.087965
v 0.038674 1.699352 0.076703
v 0.031236 1.699352 0.082334
v 0.050708 1.699352 0.078854
v 0.050708 1.699352 0.085814
v 0.038674 1.699352 0.087965
v 0.042000 1.668297 0.092834
v 0.034022 1.674391 0.089356
v 0.045047 1.674391 0.087207
v 0.051861 1.674391 0.092834
v 0.045047 1.674391 0.098461
v 0.034022 1.674391 0.096312
v 0.038953 1.684253 0.087207
v 0.049978 1.684253 0.089356
v 0.049978 1.684253 0.096312
v 0.038953 1.684253 0.098461
v 0.032139 1.684252 0.092834
v 0.042000 1.690347 0.092834
v 0.043791 1.669944 0.089527
v 0.037311 1.669944 0.090790
v 0.039102 1.673526 0.087482
v 0.032622 1.673526 0.092834
v 0.037311 1.669944 0.094878
v 0.047796 1.669944 0.092834
v 0.049587 1.673526 0.089527
v 0.043791 1.669944 0.096141
v 0.049587 1.673526 0.096141
v 0.039102 1.673526 0.098186
v 0.031515 1.679322 0.090790
v 0.031515 1.679322 0.094878
v 0.042000 1.679322 0.086219
v 0.035520 1.679322 0.087482
v 0.052485 1.679322 0.090790
v 0.048480 1.679322 0.087482
v 0.048480 1.679322 0.098186
v 0.052485 1.679322 0.094878
v 0.035520 1.679322 0.098186
v 0.042000 1.679322 0.099449
v 0.034413 1.685118 0.089527
v 0.044898 1.685118 0.087482
v 0.051378 1.685118 0.092834
v 0.044898 1.685118 0.098186
v 0.034413 1.685118 0.096141
v 0.040209 1.688700 0.089527
v 0.036204 1.688700 0.092834
v 0.046689 1.688700 0.090790
v 0.046689 1.688700 0.094878
v 0.040209 1.688700 0.096141
v 0.042000 1.674282 0.099134
v 0.038353 1.677068 0.096484
v 0.043393 1.677068 0.094847
v 0.046508 1.677068 0.099134
v 0.043393 1.677068 0.103421
v 0.038353 1.677068 0.101784
v 0.040607 1.681576 0.094847
v 0.045647 1.681576 0.096484
v 0.045647 1.681576 0.101784
v 0.040607 1.681576 0.103421
v 0.037492 1.681576 0.099134
v 0.042000 1.684362 0.099134
v 0.034650 1.683942 0.101234
v 0.032675 1.685451 0.099799
v 0.035405 1.685451 0.098912
v 0.037092 1.685451 0.101234
v 0.035405 1.685451 0.103556
v 0.032675 1.685451 0.102669
v 0.033895 1.687893 0.098912
v 0.036625 1.687893 0.099799
v 0.036625 1.687893 0.102669
v 0.033895 1.687893 0.103556
v 0.032208 1.687893 0.101234
v 0.034650 1.689402 0.101234
v 0.061394 1.714015 0.084959
v 0.059796 1.722796 0.084959
v 0.061394 1.714015 0.092309
v 0.059796 1.722796 0.092309
v 0.024204 1.707248 0.084959
v 0.022606 1.716029 0.084959
v 0.024204 1.707248 0.092309
v 0.022606 1.716029 0.092309
v 0.000000 1.641443 0.099134
v -0.006291 1.648452 0.093738
v 0.002403 1.648452 0.090403
v 0.007776 1.648452 0.099134
v 0.002403 1.648452 0.107865
v -0.006291 1.648452 0.104530
v -0.002403 1.659792 0.090403
v 0.006291 1.659792 0.093738
v 0.006291 1.659792 0.104530
v -0.002403 1.659792 0.107865
v -0.007776 1.659792 0.099134
v 0.000000 1.666801 0.099134
v 0.001412 1.643337 0.094002
v -0.003698 1.643337 0.095962
v -0.002285 1.647456 0.090831
v -0.007396 1.647456 0.099134
v -0.003698 1.643337 0.102306
v 0.004571 1.643337 0.099134
v 0.005983 1.647456 0.094002
v 0.001412 1.643337 0.104266
v 0.005983 1.647456 0.104266
v -0.002285 1.647456 0.107437
v -0.008268 1.654122 0.095962
v -0.008268 1.654122 0.102306
v 0.000000 1.654122 0.088870
v -0.005110 1.654122 0.090830
v 0.008268 1.654122 0.095962
v 0.005110 1.654122 0.090830
v 0.005110 1.654122 0.107438
v 0.008268 1.654122 0.102306
v -0.005110 1.654122 0.107438
v 0.000000 1.654122 0.109398
v -0.005983 1.660788 0.094002
v 0.002285 1.660788 0.090831
v 0.007396 1.660788 0.099134
v 0.002285 1.660788 0.107437
v -0.005983 1.660788 0.104266
v -0.001412 1.664907 0.094002
v -0.004571 1.664907 0.099134
v 0.003698 1.664907 0.095962
v 0.003698 1.664907 0.102306
v -0.001412 1.664907 0.104266
v 0.022050 1.614484 0.089159
v 0.022050 1.622359 0.089159
v 0.022050 1.614484 0.096509
v 0.022050 1.622359 0.096509
v -0.022050 1.614484 0.089159
v -0.022050 1.622359 0.089159
v -0.022050 1.614484 0.096509
v -0.022050 1.622359 0.096509
v 0.000000 1.611702 -0.019166
v -0.079018 1.663011 -0.077723
v 0.030182 1.663011 -0.113915
v 0.097671 1.663011 -0.019166
v 0.030182 1.663011 0.075583
v -0.079018 1.663011 0.039391
v -0.030182 1.746033 -0.113915
v 0.079018 1.746033 -0.077723
v 0.079018 1.746033 0.039391
v -0.030182 1.746033 0.075583
v -0.097671 1.746033 -0.019166
v 0.000000 1.797342 -0.019166
v 0.025424 1.643491 -0.098980
v 0.017740 1.625564 -0.074857
v 0.008475 1.614677 -0.045770
v -0.022187 1.614677 -0.035608
v -0.046445 1.625564 -0.053585
v -0.066563 1.643491 -0.068493
v -0.058088 1.657898 -0.095098
v -0.028705 1.655723 -0.109277
v 0.003237 1.657898 -0.115422
v -0.088750 1.657898 0.013719
v -0.092891 1.655723 -0.019166
v -0.088750 1.657898 -0.052051
v -0.022187 1.614677 -0.002724
v -0.046445 1.625564 0.015253
v -0.066563 1.643491 0.030161
v 0.082276 1.643491 -0.019166
v 0.057410 1.625565 -0.019166
v 0.027425 1.614677 -0.019166
v 0.052850 1.657898 -0.098980
v 0.075150 1.655723 -0.074858
v 0.090751 1.657899 -0.045770
v 0.025424 1.643491 0.060648
v 0.017740 1.625564 0.036525
v 0.008475 1.614677 0.007438
v 0.090751 1.657899 0.007438
v 0.075150 1.655723 0.036526
v 0.052850 1.657898 0.060648
v 0.003237 1.657898 0.077090
v -0.028705 1.655723 0.070945
v -0.058088 1.657898 0.056766
v -0.104464 1.727834 -0.035608
v -0.103856 1.704522 -0.053585
v -0.093988 1.681210 -0.068493
v -0.093988 1.681210 0.030161
v -0.103856 1.704522 0.015253
v -0.104464 1.727834 -0.002724
v -0.016949 1.727834 -0.125585
v 0.000000 1.704522 -0.130550
v 0.016949 1.681210 -0.125585
v -0.075038 1.681210 -0.095098
v -0.064186 1.704522 -0.109278
v -0.047612 1.727834 -0.115423
v 0.093988 1.727834 -0.068493
v 0.103856 1.704522 -0.053585
v 0.104464 1.681210 -0.035608
v 0.047612 1.681210 -0.115423
v 0.064186 1.704522 -0.109278
v 0.075038 1.727834 -0.095098
v 0.075038 1.727834 0.056766
v 0.064186 1.704522 0.070946
v 0.047612 1.681210 0.077091
v 0.104464 1.681210 -0.002724
v 0.103856 1.704522 0.015253
v 0.093988 1.727834 0.030161
v -0.047612 1.727834 0.077091
v -0.064186 1.704522 0.070946
v -0.075038 1.681210 0.056766
v 0.016949 1.681210 0.087253
v 0.000000 1.704522 0.092218
v -0.016949 1.727834 0.087253
v -0.090751 1.751145 -0.045770
v -0.075150 1.753321 -0.074858
v -0.052850 1.751146 -0.098980
v -0.003237 1.751146 -0.115422
v 0.028705 1.753321 -0.109277
v 0.058088 1.751146 -0.095098
v 0.088750 1.751146 -0.052051
v 0.092891 1.753321 -0.019166
v 0.088750 1.751146 0.013719
v 0.058088 1.751146 0.056766
v 0.028705 1.753321 0.070945
v -0.003237 1.751146 0.077090
v -0.052850 1.751146 0.060648
v -0.075150 1.753321 0.036526
v -0.090751 1.751145 0.007438
v -0.008475 1.794367 -0.045770
v -0.017740 1.783480 -0.074857
v -0.025424 1.765553 -0.098980
v -0.082276 1.765552 -0.019166
v -0.057410 1.783479 -0.019166
v -0.027425 1.794367 -0.019166
v 0.022187 1.794367 -0.035608
v 0.046445 1.783480 -0.053585
v 0.066563 1.765553 -0.068493
v 0.022187 1.794367 -0.002724
v 0.046445 1.783480 0.015253
v 0.066563 1.765553 0.030161
v -0.008475 1.794367 0.007438
v -0.017740 1.783480 0.036525
v -0.025424 1.765553 0.060648
v -0.039509 1.787543 0.010113
v -0.069691 1.771687 0.010113
v -0.048835 1.771688 0.039392
v 0.015091 1.787543 0.028208
v 0.005765 1.771688 0.057487
v 0.039509 1.771688 0.046303
v 0.048835 1.787543 -0.019166
v 0.073253 1.771688 -0.001071
v 0.073253 1.771688 -0.037261
v 0.015091 1.787543 -0.066540
v 0.039509 1.771688 -0.084635
v 0.005765 1.771688 -0.095819
v -0.039509 1.787543 -0.048445
v -0.048835 1.771688 -0.077724
v -0.069691 1.771687 -0.048445
v -0.094109 1.730177 0.028208
v -0.088345 1.704522 0.046304
v -0.073254 1.730177 0.057487
v 0.015091 1.730177 0.086766
v 0.033745 1.704522 0.086766
v 0.048836 1.730177 0.075583
v 0.103436 1.730177 -0.001071
v 0.109200 1.704522 -0.019166
v 0.103436 1.730177 -0.037261
v 0.048836 1.730177 -0.113915
v 0.033745 1.704522 -0.125098
v 0.015091 1.730177 -0.125098
v -0.073254 1.730177 -0.095819
v -0.088345 1.704522 -0.084636
v -0.094109 1.730177 -0.066540
v -0.033745 1.704522 0.086766
v -0.048836 1.678867 0.075583
v -0.015091 1.678867 0.086766
v 0.088345 1.704522 0.046304
v 0.073253 1.678867 0.057487
v 0.094109 1.678867 0.028208
v 0.088345 1.704522 -0.084636
v 0.094109 1.678867 -0.066540
v 0.073253 1.678867 -0.095819
v -0.033745 1.704522 -0.125098
v -0.015091 1.678867 -0.125098
v -0.048836 1.678867 -0.113915
v -0.109200 1.704522 -0.019166
v -0.103436 1.678867 -0.037261
v -0.103436 1.678867 -0.001071
v -0.039509 1.637356 0.046303
v -0.015091 1.621501 0.028208
v -0.005765 1.637356 0.057487
v 0.048835 1.637356 0.039392
v 0.039509 1.621501 0.010113
v 0.069691 1.637356 0.010113
v 0.069691 1.637357 -0.048445
v 0.039509 1.621501 -0.048445
v 0.048835 1.637356 -0.077724
v -0.073253 1.637356 -0.001071
v -0.073253 1.637356 -0.037261
v -0.048835 1.621501 -0.019166
v -0.005765 1.637356 -0.095819
v -0.015091 1.621501 -0.066540
v -0.039509 1.637356 -0.084635
v 0.000000 1.581777 -0.066416
v -0.059263 1.629313 -0.093111
v 0.022636 1.629313 -0.109610
v 0.073254 1.629314 -0.066416
v 0.022636 1.629313 -0.023222
v -0.059263 1.629313 -0.039721
v -0.022636 1.706231 -0.109610
v 0.059263 1.706231 -0.093111
v 0.059263 1.706231 -0.039721
v -0.022636 1.706231 -0.023222
v -0.073254 1.706230 -0.066416
v 0.000000 1.753767 -0.066416
v 0.013305 1.594620 -0.091805
v -0.034834 1.594620 -0.082107
v -0.021529 1.622561 -0.107496
v -0.069668 1.622561 -0.066416
v -0.034834 1.594620 -0.050725
v 0.043057 1.594620 -0.066416
v 0.056363 1.622561 -0.091805
v 0.013305 1.594620 -0.041027
v 0.056363 1.622561 -0.041027
v -0.021529 1.622561 -0.025336
v -0.077892 1.667772 -0.082107
v -0.077892 1.667772 -0.050725
v 0.000000 1.667772 -0.117194
v -0.048140 1.667772 -0.107496
v 0.077892 1.667772 -0.082107
v 0.048140 1.667772 -0.107496
v 0.048140 1.667772 -0.025336
v 0.077892 1.667772 -0.050725
v -0.048140 1.667772 -0.025336
v 0.000000 1.667772 -0.015638
v -0.056363 1.712983 -0.091805
v 0.021529 1.712983 -0.107496
v 0.069668 1.712983 -0.066416
v 0.021529 1.712983 -0.025336
v -0.056363 1.712983 -0.041027
v -0.013305 1.740924 -0.091805
v -0.043057 1.740924 -0.066416
v 0.034834 1.740924 -0.082107
v 0.034834 1.740924 -0.050725
v -0.013305 1.740924 -0.041027
v 0.024100 1.760129 0.000036
v 0.034925 1.802260 -0.014503
v 0.018242 1.759191 -0.013414
v 0.034088 1.802126 -0.016424
v 0.026949 1.757314 -0.025108
v 0.035332 1.801858 -0.018095
v 0.041514 1.756376 -0.023353
v 0.037413 1.801724 -0.017844
v 0.047372 1.757314 -0.009903
v 0.038250 1.801858 -0.015923
v 0.038665 1.759191 0.001791
v 0.037006 1.802126 -0.014252
v 0.013108 1.759057 0.001348
v 0.017951 1.802261 -0.013265
v 0.003331 1.758587 -0.009619
v 0.016554 1.802194 -0.014832
v 0.007946 1.757647 -0.023545
v 0.017213 1.802060 -0.016821
v 0.022337 1.757177 -0.026503
v 0.019269 1.801992 -0.017244
v 0.032114 1.757647 -0.015535
v 0.020666 1.802060 -0.015677
v 0.027500 1.758587 -0.001610
v 0.020007 1.802194 -0.013688
v 0.000000 1.758072 0.000784
v 0.000000 1.802172 -0.011816
v -0.012731 1.758072 -0.006566
v -0.001819 1.802172 -0.012866
v -0.012731 1.758072 -0.021266
v -0.001819 1.802172 -0.014966
v 0.000000 1.758072 -0.028616
v 0.000000 1.802172 -0.016016
v 0.012731 1.758072 -0.021266
v 0.001819 1.802172 -0.014966
v 0.012731 1.758072 -0.006566
v 0.001819 1.802172 -0.012866
v -0.013108 1.759057 0.001348
v -0.017951 1.802261 -0.013265
v -0.027500 1.758587 -0.001610
v -0.020007 1.802194 -0.013688
v -0.032114 1.757647 -0.015535
v -0.020666 1.802060 -0.015677
v -0.022337 1.757177 -0.026503
v -0.019269 1.801992 -0.017244
v -0.007946 1.757647 -0.023545
v -0.017213 1.802060 -0.016821
v -0.003331 1.758587 -0.009619
v -0.016554 1.802194 -0.014832
v -0.024100 1.760129 0.000036
v -0.034925 1.802260 -0.014503
v -0.038665 1.759191 0.001791
v -0.037006 1.802126 -0.014252
v -0.047372 1.757314 -0.009903
v -0.038250 1.801858 -0.015923
v -0.041514 1.756376 -0.023353
v -0.037413 1.801724 -0.017844
v -0.026949 1.757314 -0.025108
v -0.035332 1.801858 -0.018095
v -0.018242 1.759191 -0.013414
v -0.034088 1.802126 -0.016424
vn -0.336600 0.646900 0.684200
vn -0.339000 -0.640600 0.689000
vn 0.138900 0.643500 0.752700
vn 0.121500 -0.643900 0.755400
vn 0.563800 0.634500 0.528800
vn 0.533000 -0.652600 0.538500
vn 0.775800 0.623300 0.097800
vn 0.738400 -0.663400 0.121100
vn 0.694000 0.614300 -0.375500
vn 0.659100 -0.672200 -0.337300
vn 0.349500 0.610900 -0.710400
vn 0.325500 -0.675500 -0.661600
vn -0.126000 0.614300 -0.779000
vn -0.135000 -0.672200 -0.728000
vn -0.550900 0.623300 -0.555000
vn -0.546500 -0.663400 -0.511100
vn -0.762900 0.634500 -0.124000
vn -0.751900 -0.652600 -0.093700
vn -0.681100 0.643500 0.349300
vn -0.672600 -0.643900 0.364700
vn -0.000000 0.647200 0.762400
vn -0.000000 -0.640300 0.768100
vn 0.457000 0.643600 0.613900
vn 0.442400 -0.643800 0.624400
vn 0.739500 0.634400 0.225200
vn 0.715800 -0.652700 0.248200
vn 0.739500 0.622900 -0.255200
vn 0.715800 -0.663800 -0.216800
vn 0.457000 0.613700 -0.643800
vn 0.442400 -0.672800 -0.593000
vn -0.000000 0.610100 -0.792300
vn -0.000000 -0.676200 -0.736700
vn -0.457000 0.613700 -0.643800
vn -0.442400 -0.672800 -0.593000
vn -0.739500 0.622900 -0.255200
vn -0.715800 -0.663800 -0.216800
vn -0.739500 0.634400 0.225200
vn -0.715800 -0.652700 0.248200
vn -0.457000 0.643600 0.613900
vn -0.442400 -0.643800 0.624400
vn -0.003800 -1.000000 0.000000
vn -0.747500 -0.582200 -0.319900
vn 0.345100 -0.681300 -0.645500
vn 0.845800 -0.533400 0.000000
vn 0.345100 -0.681300 0.645500
vn -0.747500 -0.582200 0.319900
vn -0.345100 0.681300 -0.645500
vn 0.747500 0.582200 -0.319900
vn 0.747500 0.582200 0.319900
vn -0.345100 0.681300 0.645500
vn -0.845800 0.533400 0.000000
vn 0.003800 1.000000 0.000000
vn 0.137100 -0.959800 -0.245100
vn -0.350900 -0.925200 -0.144700
vn -0.317000 -0.750600 -0.579800
vn -0.787000 -0.616900 0.000000
vn -0.350900 -0.925200 0.144700
vn 0.423700 -0.905800 0.000000
vn 0.694200 -0.657900 -0.292000
vn 0.137100 -0.959800 0.245100
vn 0.694200 -0.657900 0.292000
vn -0.317000 -0.750600 0.579800
vn -0.982500 0.003100 -0.186300
vn -0.982500 0.003100 0.186300
vn -0.000000 -0.000000 -1.000000
vn -0.758200 -0.011000 -0.651900
vn 0.982500 -0.003100 -0.186300
vn 0.758200 0.011000 -0.651900
vn 0.758200 0.011000 0.651900
vn 0.982500 -0.003100 0.186300
vn -0.758200 -0.011000 0.651900
vn -0.000000 -0.000000 1.000000
vn -0.694200 0.657900 -0.292000
vn 0.317000 0.750600 -0.579800
vn 0.787000 0.616900 0.000000
vn 0.317000 0.750600 0.579800
vn -0.694200 0.657900 0.292000
vn -0.137100 0.959800 -0.245100
vn -0.423700 0.905800 0.000000
vn 0.350900 0.925200 -0.144700
vn 0.350900 0.925200 0.144700
vn -0.137100 0.959800 0.245100
vn 0.336600 0.646900 0.684200
vn 0.339000 -0.640600 0.689000
vn 0.681100 0.643500 0.349300
vn 0.672600 -0.643900 0.364700
vn 0.762900 0.634500 -0.124000
vn 0.751900 -0.652600 -0.093700
vn 0.550900 0.623300 -0.555000
vn 0.546500 -0.663400 -0.511100
vn 0.126000 0.614300 -0.779000
vn 0.135000 -0.672200 -0.728000
vn -0.349500 0.610900 -0.710400
vn -0.325500 -0.675500 -0.661600
vn -0.694000 0.614300 -0.375500
vn -0.659100 -0.672200 -0.337300
vn -0.775800 0.623300 0.097800
vn -0.738400 -0.663400 0.121100
vn -0.563800 0.634500 0.528800
vn -0.533000 -0.652600 0.538500
vn -0.138900 0.643500 0.752700
vn -0.121500 -0.643900 0.755400
vn -0.001000 -1.000000 0.000000
vn -0.544700 -0.591400 -0.594600
vn 0.181100 -0.514100 -0.838400
vn 0.753200 -0.657800 0.000000
vn 0.181100 -0.514100 0.838400
vn -0.544700 -0.591400 0.594600
vn -0.181100 0.514100 -0.838400
vn 0.544700 0.591400 -0.594600
vn 0.544700 0.591400 0.594600
vn -0.181100 0.514100 0.838400
vn -0.753200 0.657800 0.000000
vn 0.001000 1.000000 0.000000
vn 0.143200 -0.732000 -0.666100
vn 0.096100 -0.889600 -0.446500
vn 0.046400 -0.975600 -0.214400
vn -0.121800 -0.983700 -0.132200
vn -0.261400 -0.921900 -0.286000
vn -0.408900 -0.794600 -0.448700
vn -0.359900 -0.607200 -0.708400
vn -0.169300 -0.595300 -0.785400
vn 0.014000 -0.562300 -0.826800
vn -0.641400 -0.689400 0.336700
vn -0.683100 -0.730400 0.000000
vn -0.641400 -0.689400 -0.336700
vn -0.121800 -0.983700 0.132200
vn -0.261400 -0.921900 0.286000
vn -0.408900 -0.794600 0.448700
vn 0.539100 -0.842300 0.000000
vn 0.330500 -0.943800 0.000000
vn 0.149300 -0.988800 0.000000
vn 0.333800 -0.599600 -0.727300
vn 0.502500 -0.669000 -0.547700
vn 0.655300 -0.695600 -0.294500
vn 0.143200 -0.732000 0.666100
vn 0.096100 -0.889600 0.446500
vn 0.046400 -0.975600 0.214400
vn 0.655300 -0.695600 0.294500
vn 0.502500 -0.669000 0.547700
vn 0.333800 -0.599600 0.727300
vn 0.014000 -0.562300 0.826800
vn -0.169300 -0.595300 0.785400
vn -0.359900 -0.607200 0.708400
vn -0.895700 0.390700 -0.212500
vn -0.901500 -0.000800 -0.432700
vn -0.743100 -0.363200 -0.562000
vn -0.743100 -0.363200 0.562000
vn -0.901500 -0.000800 0.432700
vn -0.895700 0.390700 0.212500
vn -0.098100 0.282300 -0.954300
vn 0.098100 -0.282300 -0.954300
vn -0.523100 -0.323400 -0.788500
vn -0.436300 0.000600 -0.899800
vn -0.308300 0.297500 -0.903600
vn 0.743100 0.363200 -0.562000
vn 0.901500 0.000800 -0.432700
vn 0.895700 -0.390700 -0.212500
vn 0.308300 -0.297500 -0.903600
vn 0.436300 -0.000600 -0.899800
vn 0.523100 0.323400 -0.788500
vn 0.523100 0.323400 0.788500
vn 0.436300 -0.000600 0.899800
vn 0.308300 -0.297500 0.903600
vn 0.895700 -0.390700 0.212500
vn 0.901500 0.000800 0.432700
vn 0.743100 0.363200 0.562000
vn -0.308300 0.297500 0.903600
vn -0.436300 0.000600 0.899800
vn -0.523100 -0.323400 0.788500
vn 0.098100 -0.282300 0.954300
vn -0.098100 0.282300 0.954300
vn -0.655300 0.695600 -0.294500
vn -0.502500 0.669000 -0.547700
vn -0.333800 0.599600 -0.727300
vn -0.014000 0.562300 -0.826800
vn 0.169300 0.595300 -0.785400
vn 0.359900 0.607200 -0.708400
vn 0.641400 0.689400 -0.336700
vn 0.683100 0.730400 0.000000
vn 0.641400 0.689400 0.336700
vn 0.359900 0.607200 0.708400
vn 0.169300 0.595300 0.785400
vn -0.014000 0.562300 0.826800
vn -0.333800 0.599600 0.727300
vn -0.502500 0.669000 0.547700
vn -0.655300 0.695600 0.294500
vn -0.046400 0.975600 -0.214400
vn -0.096100 0.889600 -0.446500
vn -0.143200 0.732000 -0.666100
vn -0.539100 0.842300 0.000000
vn -0.330500 0.943800 0.000000
vn -0.149300 0.988800 0.000000
vn 0.121800 0.983700 -0.132200
vn 0.261400 0.921900 -0.286000
vn 0.408900 0.794600 -0.448700
vn 0.121800 0.983700 0.132200
vn 0.261400 0.921900 0.286000
vn 0.408900 0.794600 0.448700
vn -0.046400 0.975600 0.214400
vn -0.096100 0.889600 0.446500
vn -0.143200 0.732000 0.666100
vn -0.221300 0.944600 0.242500
vn -0.426900 0.862500 0.271700
vn -0.287300 0.818000 0.498400
vn 0.082400 0.920300 0.382400
vn 0.036100 0.779000 0.625900
vn 0.221600 0.802000 0.554700
vn 0.278600 0.960400 0.000000
vn 0.458400 0.874300 0.159700
vn 0.458400 0.874300 -0.159700
vn 0.082400 0.920300 -0.382400
vn 0.221600 0.802000 -0.554700
vn 0.036100 0.779000 -0.625900
vn -0.221300 0.944600 -0.242500
vn -0.287400 0.818000 -0.498400
vn -0.426900 0.862500 -0.271700
vn -0.733300 0.400500 0.549400
vn -0.678500 0.012800 0.734500
vn -0.515000 0.360200 0.777800
vn 0.096400 0.315500 0.944000
vn 0.211100 0.010600 0.977400
vn 0.306100 0.331100 0.892500
vn 0.877400 0.430400 0.211900
vn 0.999900 0.015000 0.000000
vn 0.877400 0.430400 -0.211900
vn 0.306100 0.331100 -0.892500
vn 0.211100 0.010600 -0.977400
vn 0.096400 0.315500 -0.944000
vn -0.515000 0.360200 -0.777800
vn -0.678500 0.012800 -0.734500
vn -0.733300 0.400500 -0.549400
vn -0.211100 -0.010600 0.977400
vn -0.306100 -0.331100 0.892500
vn -0.096400 -0.315500 0.944000
vn 0.678500 -0.012800 0.734500
vn 0.515000 -0.360200 0.777800
vn 0.733300 -0.400500 0.549400
vn 0.678500 -0.012800 -0.734500
vn 0.733300 -0.400500 -0.549400
vn 0.515000 -0.360200 -0.777800
vn -0.211100 -0.010600 -0.977400
vn -0.096400 -0.315500 -0.944000
vn -0.306100 -0.331100 -0.892500
vn -0.999900 -0.015000 0.000000
vn -0.877400 -0.430400 -0.211900
vn -0.877400 -0.430400 0.211900
vn -0.221600 -0.802000 0.554700
vn -0.082400 -0.920300 0.382400
vn -0.036100 -0.779000 0.625900
vn 0.287400 -0.818000 0.498400
vn 0.221300 -0.944600 0.242500
vn 0.426900 -0.862500 0.271700
vn 0.426900 -0.862500 -0.271700
vn 0.221300 -0.944600 -0.242500
vn 0.287400 -0.818000 -0.498400
vn -0.458400 -0.874300 0.159700
vn -0.458400 -0.874300 -0.159700
vn -0.278600 -0.960400 0.000000
vn -0.036100 -0.779000 -0.625900
vn -0.082400 -0.920300 -0.382400
vn -0.221600 -0.802000 -0.554700
vn -1.000000 -0.000000 0.000000
vn -0.868700 0.495400 0.000000
vn -0.508000 0.861400 0.000000
vn -0.010800 0.999900 0.000000
vn 0.491800 0.870700 0.000000
vn 0.863300 0.504700 0.000000
vn 1.000000 -0.000000 0.000000
vn 0.863300 -0.504700 0.000000
vn 0.491800 -0.870700 0.000000
vn -0.010800 -0.999900 0.000000
vn -0.508000 -0.861400 0.000000
vn -0.868700 -0.495400 0.000000
vn -0.991400 -0.000000 0.130500
vn -0.861200 0.495400 0.113400
vn -0.503700 0.861400 0.066300
vn -0.010700 0.999900 0.001400
vn 0.487600 0.870700 -0.064200
vn 0.855900 0.504700 -0.112700
vn 0.991400 -0.000000 -0.130500
vn 0.855900 -0.504700 -0.112700
vn 0.487600 -0.870700 -0.064200
vn -0.010700 -0.999900 0.001400
vn -0.503700 -0.861400 0.066300
vn -0.861200 -0.495400 0.113400
vn -0.965900 -0.000000 0.258800
vn -0.839100 0.495400 0.224800
vn -0.490700 0.861400 0.131500
vn -0.010400 0.999900 0.002800
vn 0.475100 0.870700 -0.127300
vn 0.833900 0.504700 -0.223400
vn 0.965900 -0.000000 -0.258800
vn 0.833900 -0.504700 -0.223400
vn 0.475100 -0.870700 -0.127300
vn -0.010400 -0.999900 0.002800
vn -0.490700 -0.861400 0.131500
vn -0.839100 -0.495400 0.224800
vn -0.923900 -0.000000 0.382700
vn -0.802500 0.495400 0.332400
vn -0.469300 0.861400 0.194400
vn -0.010000 0.999900 0.004100
vn 0.454400 0.870700 -0.188200
vn 0.797600 0.504700 -0.330400
vn 0.923900 -0.000000 -0.382700
vn 0.797600 -0.504700 -0.330400
vn 0.454400 -0.870700 -0.188200
vn -0.010000 -0.999900 0.004100
vn -0.469300 -0.861400 0.194400
vn -0.802500 -0.495400 0.332400
vn -0.866000 -0.000000 0.500000
vn -0.752300 0.495400 0.434300
vn -0.439900 0.861400 0.254000
vn -0.009300 0.999900 0.005400
vn 0.425900 0.870700 -0.245900
vn 0.747600 0.504700 -0.431600
vn 0.866000 -0.000000 -0.500000
vn 0.747600 -0.504700 -0.431600
vn 0.425900 -0.870700 -0.245900
vn -0.009300 -0.999900 0.005400
vn -0.439900 -0.861400 0.254000
vn -0.752300 -0.495400 0.434300
vn -0.793400 -0.000000 0.608800
vn -0.689200 0.495400 0.528800
vn -0.403000 0.861400 0.309200
vn -0.008500 0.999900 0.006600
vn 0.390200 0.870700 -0.299400
vn 0.684900 0.504700 -0.525500
vn 0.793400 -0.000000 -0.608800
vn 0.684900 -0.504700 -0.525500
vn 0.390200 -0.870700 -0.299400
vn -0.008600 -0.999900 0.006600
vn -0.403000 -0.861400 0.309200
vn -0.689200 -0.495400 0.528800
vn -0.707100 -0.000000 0.707100
vn -0.614200 0.495400 0.614200
vn -0.359200 0.861400 0.359200
vn -0.007600 0.999900 0.007600
vn 0.347800 0.870700 -0.347800
vn 0.610400 0.504700 -0.610400
vn 0.707100 -0.000000 -0.707100
vn 0.610400 -0.504700 -0.610400
vn 0.347800 -0.870700 -0.347800
vn -0.007600 -0.999900 0.007600
vn -0.359200 -0.861400 0.359200
vn -0.614200 -0.495400 0.614200
vn -0.608800 -0.000000 0.793400
vn -0.528800 0.495400 0.689200
vn -0.309200 0.861400 0.403000
vn -0.006600 0.999900 0.008500
vn 0.299400 0.870700 -0.390200
vn 0.525500 0.504700 -0.684900
vn 0.608800 -0.000000 -0.793400
vn 0.525500 -0.504700 -0.684900
vn 0.299400 -0.870700 -0.390200
vn -0.006600 -0.999900 0.008500
vn -0.309200 -0.861400 0.403000
vn -0.528800 -0.495400 0.689200
vn -0.500000 -0.000000 0.866000
vn -0.434300 0.495400 0.752300
vn -0.254000 0.861400 0.439900
vn -0.005400 0.999900 0.009300
vn 0.245900 0.870700 -0.425900
vn 0.431600 0.504700 -0.747600
vn 0.500000 -0.000000 -0.866000
vn 0.431600 -0.504700 -0.747600
vn 0.245900 -0.870700 -0.425900
vn -0.005400 -0.999900 0.009300
vn -0.254000 -0.861400 0.439900
vn -0.434300 -0.495400 0.752300
vn -0.382700 -0.000000 0.923900
vn -0.332400 0.495400 0.802500
vn -0.194400 0.861400 0.469300
vn -0.004100 0.999900 0.010000
vn 0.188200 0.870700 -0.454400
vn 0.330400 0.504700 -0.797600
vn 0.382700 -0.000000 -0.923900
vn 0.330400 -0.504700 -0.797600
vn 0.188200 -0.870700 -0.454400
vn -0.004100 -0.999900 0.010000
vn -0.194400 -0.861400 0.469300
vn -0.332400 -0.495400 0.802500
vn -0.258800 -0.000000 0.965900
vn -0.224800 0.495400 0.839100
vn -0.131500 0.861400 0.490700
vn -0.002800 0.999900 0.010400
vn 0.127300 0.870700 -0.475100
vn 0.223400 0.504700 -0.833900
vn 0.258800 -0.000000 -0.965900
vn 0.223400 -0.504700 -0.833900
vn 0.127300 -0.870700 -0.475100
vn -0.002800 -0.999900 0.010400
vn -0.131500 -0.861400 0.490700
vn -0.224800 -0.495400 0.839100
vn -0.130500 -0.000000 0.991400
vn -0.113400 0.495400 0.861200
vn -0.066300 0.861400 0.503700
vn -0.001400 0.999900 0.010700
vn 0.064200 0.870700 -0.487600
vn 0.112700 0.504700 -0.855900
vn 0.130500 -0.000000 -0.991400
vn 0.112700 -0.504700 -0.855900
vn 0.064200 -0.870700 -0.487600
vn -0.001400 -0.999900 0.010700
vn -0.066300 -0.861400 0.503700
vn -0.113400 -0.495400 0.861200
vn -0.000000 0.495400 0.868700
vn -0.000000 0.861400 0.508000
vn -0.000000 0.999900 0.010800
vn -0.000000 0.870700 -0.491800
vn -0.000000 0.504700 -0.863300
vn -0.000000 -0.504700 -0.863300
vn -0.000000 -0.870700 -0.491800
vn -0.000000 -0.999900 0.010800
vn -0.000000 -0.861400 0.508000
vn -0.000000 -0.495400 0.868700
vn 0.130500 -0.000000 0.991400
vn 0.113400 0.495400 0.861200
vn 0.066300 0.861400 0.503700
vn 0.001400 0.999900 0.010700
vn -0.064200 0.870700 -0.487600
vn -0.112700 0.504700 -0.855900
vn -0.130500 -0.000000 -0.991400
vn -0.112700 -0.504700 -0.855900
vn -0.064200 -0.870700 -0.487600
vn 0.001400 -0.999900 0.010700
vn 0.066300 -0.861400 0.503700
vn 0.113400 -0.495400 0.861200
vn 0.258800 -0.000000 0.965900
vn 0.224800 0.495400 0.839100
vn 0.131500 0.861400 0.490700
vn 0.002800 0.999900 0.010400
vn -0.127300 0.870700 -0.475100
vn -0.223400 0.504700 -0.833900
vn -0.258800 -0.000000 -0.965900
vn -0.223400 -0.504700 -0.833900
vn -0.127300 -0.870700 -0.475100
vn 0.002800 -0.999900 0.010400
vn 0.131500 -0.861400 0.490700
vn 0.224800 -0.495400 0.839100
vn 0.382700 -0.000000 0.923900
vn 0.332400 0.495400 0.802500
vn 0.194400 0.861400 0.469300
vn 0.004100 0.999900 0.010000
vn -0.188200 0.870700 -0.454400
vn -0.330400 0.504700 -0.797600
vn -0.382700 -0.000000 -0.923900
vn -0.330400 -0.504700 -0.797600
vn -0.188200 -0.870700 -0.454400
vn 0.004100 -0.999900 0.010000
vn 0.194400 -0.861400 0.469300
vn 0.332400 -0.495400 0.802500
vn 0.500000 -0.000000 0.866000
vn 0.434300 0.495400 0.752300
vn 0.254000 0.861400 0.439900
vn 0.005400 0.999900 0.009300
vn -0.245900 0.870700 -0.425900
vn -0.431600 0.504700 -0.747600
vn -0.500000 -0.000000 -0.866000
vn -0.431600 -0.504700 -0.747600
vn -0.245900 -0.870700 -0.425900
vn 0.005400 -0.999900 0.009300
vn 0.254000 -0.861400 0.439900
vn 0.434300 -0.495400 0.752300
vn 0.608800 -0.000000 0.793400
vn 0.528800 0.495400 0.689200
vn 0.309200 0.861400 0.403000
vn 0.006600 0.999900 0.008500
vn -0.299400 0.870700 -0.390200
vn -0.525500 0.504700 -0.684900
vn -0.608800 -0.000000 -0.793400
vn -0.525500 -0.504700 -0.684900
vn -0.299400 -0.870700 -0.390200
vn 0.006600 -0.999900 0.008500
vn 0.309300 -0.861400 0.403000
vn 0.528800 -0.495400 0.689200
vn 0.707100 -0.000000 0.707100
vn 0.614200 0.495400 0.614200
vn 0.359200 0.861400 0.359200
vn 0.007600 0.999900 0.007600
vn -0.347800 0.870700 -0.347800
vn -0.610400 0.504700 -0.610400
vn -0.707100 -0.000000 -0.707100
vn -0.610400 -0.504700 -0.610400
vn -0.347800 -0.870700 -0.347800
vn 0.007600 -0.999900 0.007600
vn 0.359200 -0.861400 0.359200
vn 0.614200 -0.495400 0.614200
vn 0.793400 -0.000000 0.608800
vn 0.689200 0.495400 0.528800
vn 0.403000 0.861400 0.309200
vn 0.008500 0.999900 0.006600
vn -0.390200 0.870700 -0.299400
vn -0.684900 0.504700 -0.525500
vn -0.793400 -0.000000 -0.608800
vn -0.684900 -0.504700 -0.525500
vn -0.390200 -0.870700 -0.299400
vn 0.008600 -0.999900 0.006600
vn 0.403000 -0.861400 0.309200
vn 0.689200 -0.495400 0.528800
vn 0.866000 -0.000000 0.500000
vn 0.752300 0.495400 0.434300
vn 0.439900 0.861400 0.254000
vn 0.009300 0.999900 0.005400
vn -0.425900 0.870700 -0.245900
vn -0.747600 0.504700 -0.431600
vn -0.866000 -0.000000 -0.500000
vn -0.747600 -0.504700 -0.431600
vn -0.425900 -0.870700 -0.245900
vn 0.009300 -0.999900 0.005400
vn 0.439900 -0.861400 0.254000
vn 0.752300 -0.495400 0.434300
vn 0.923900 -0.000000 0.382700
vn 0.802500 0.495400 0.332400
vn 0.469300 0.861400 0.194400
vn 0.010000 0.999900 0.004100
vn -0.454400 0.870700 -0.188200
vn -0.797600 0.504700 -0.330400
vn -0.923900 -0.000000 -0.382700
vn -0.797600 -0.504700 -0.330400
vn -0.454400 -0.870700 -0.188200
vn 0.010000 -0.999900 0.004100
vn 0.469300 -0.861400 0.194400
vn 0.802500 -0.495400 0.332400
vn 0.965900 -0.000000 0.258800
vn 0.839100 0.495400 0.224800
vn 0.490700 0.861400 0.131500
vn 0.010400 0.999900 0.002800
vn -0.475100 0.870700 -0.127300
vn -0.833900 0.504700 -0.223400
vn -0.965900 -0.000000 -0.258800
vn -0.833900 -0.504700 -0.223400
vn -0.475100 -0.870700 -0.127300
vn 0.010400 -0.999900 0.002800
vn 0.490700 -0.861400 0.131500
vn 0.839100 -0.495400 0.224800
vn 0.991400 -0.000000 0.130500
vn 0.861200 0.495400 0.113400
vn 0.503700 0.861400 0.066300
vn 0.010700 0.999900 0.001400
vn -0.487600 0.870700 -0.064200
vn -0.855900 0.504700 -0.112700
vn -0.991400 -0.000000 -0.130500
vn -0.855900 -0.504700 -0.112700
vn -0.487600 -0.870700 -0.064200
vn 0.010700 -0.999900 0.001400
vn 0.503700 -0.861400 0.066300
vn 0.861200 -0.495400 0.113400
vn 0.868700 0.495400 0.000000
vn 0.508000 0.861400 0.000000
vn 0.010800 0.999900 0.000000
vn -0.491800 0.870700 0.000000
vn -0.863300 0.504700 0.000000
vn -0.863300 -0.504700 0.000000
vn -0.491800 -0.870700 0.000000
vn 0.010800 -0.999900 0.000000
vn 0.508000 -0.861400 0.000000
vn 0.868700 -0.495400 0.000000
vn 0.861200 0.495400 -0.113400
vn 0.503700 0.861400 -0.066300
vn 0.010700 0.999900 -0.001400
vn -0.487600 0.870700 0.064200
vn -0.855900 0.504700 0.112700
vn -0.855900 -0.504700 0.112700
vn -0.487600 -0.870700 0.064200
vn 0.010700 -0.999900 -0.001400
vn 0.503700 -0.861400 -0.066300
vn 0.861200 -0.495400 -0.113400
vn 0.839100 0.495400 -0.224800
vn 0.490700 0.861400 -0.131500
vn 0.010400 0.999900 -0.002800
vn -0.475100 0.870700 0.127300
vn -0.833900 0.504700 0.223400
vn -0.833900 -0.504700 0.223400
vn -0.475100 -0.870700 0.127300
vn 0.010400 -0.999900 -0.002800
vn 0.490700 -0.861400 -0.131500
vn 0.839100 -0.495400 -0.224800
vn 0.802500 0.495400 -0.332400
vn 0.469300 0.861400 -0.194400
vn 0.010000 0.999900 -0.004100
vn -0.454400 0.870700 0.188200
vn -0.797600 0.504700 0.330400
vn -0.797600 -0.504700 0.330400
vn -0.454400 -0.870700 0.188200
vn 0.010000 -0.999900 -0.004100
vn 0.469300 -0.861400 -0.194400
vn 0.802500 -0.495400 -0.332400
vn 0.752300 0.495400 -0.434300
vn 0.439900 0.861400 -0.254000
vn 0.009300 0.999900 -0.005400
vn -0.425900 0.870700 0.245900
vn -0.747600 0.504700 0.431600
vn -0.747600 -0.504700 0.431600
vn -0.425900 -0.870700 0.245900
vn 0.009300 -0.999900 -0.005400
vn 0.439900 -0.861400 -0.254000
vn 0.752300 -0.495400 -0.434300
vn 0.689200 0.495400 -0.528800
vn 0.403000 0.861400 -0.309200
vn 0.008500 0.999900 -0.006600
vn -0.390200 0.870700 0.299400
vn -0.684900 0.504700 0.525500
vn -0.684900 -0.504700 0.525500
vn -0.390200 -0.870700 0.299400
vn 0.008500 -0.999900 -0.006600
vn 0.403000 -0.861400 -0.309200
vn 0.689200 -0.495400 -0.528800
vn 0.614200 0.495400 -0.614200
vn 0.359200 0.861400 -0.359200
vn 0.007600 0.999900 -0.007600
vn -0.347800 0.870700 0.347800
vn -0.610400 0.504700 0.610400
vn -0.610400 -0.504700 0.610400
vn -0.347800 -0.870700 0.347800
vn 0.007600 -0.999900 -0.007600
vn 0.359200 -0.861400 -0.359200
vn 0.614200 -0.495400 -0.614200
vn 0.528800 0.495400 -0.689200
vn 0.309200 0.861400 -0.403000
vn 0.006600 0.999900 -0.008500
vn -0.299400 0.870700 0.390200
vn -0.525500 0.504700 0.684900
vn -0.525500 -0.504700 0.684900
vn -0.299400 -0.870700 0.390200
vn 0.006600 -0.999900 -0.008500
vn 0.309200 -0.861400 -0.403000
vn 0.528800 -0.495400 -0.689200
vn 0.434300 0.495400 -0.752300
vn 0.254000 0.861400 -0.439900
vn 0.005400 0.999900 -0.009300
vn -0.245900 0.870700 0.425900
vn -0.431600 0.504700 0.747600
vn -0.431600 -0.504700 0.747600
vn -0.245900 -0.870700 0.425900
vn 0.005400 -0.999900 -0.009300
vn 0.254000 -0.861400 -0.439900
vn 0.434300 -0.495400 -0.752300
vn 0.332400 0.495400 -0.802500
vn 0.194400 0.861400 -0.469300
vn 0.004100 0.999900 -0.010000
vn -0.188200 0.870700 0.454400
vn -0.330400 0.504700 0.797600
vn -0.330400 -0.504700 0.797600
vn -0.188200 -0.870700 0.454400
vn 0.004100 -0.999900 -0.010000
vn 0.194400 -0.861400 -0.469300
vn 0.332400 -0.495400 -0.802500
vn 0.224800 0.495400 -0.839100
vn 0.131500 0.861400 -0.490700
vn 0.002800 0.999900 -0.010400
vn -0.127300 0.870700 0.475100
vn -0.223400 0.504700 0.833900
vn -0.223400 -0.504700 0.833900
vn -0.127300 -0.870700 0.475100
vn 0.002800 -0.999900 -0.010400
vn 0.131500 -0.861400 -0.490700
vn 0.224800 -0.495400 -0.839100
vn 0.113400 0.495400 -0.861200
vn 0.066300 0.861400 -0.503700
vn 0.001400 0.999900 -0.010700
vn -0.064200 0.870700 0.487600
vn -0.112700 0.504700 0.855900
vn -0.112700 -0.504700 0.855900
vn -0.064200 -0.870700 0.487600
vn 0.001400 -0.999900 -0.010700
vn 0.066300 -0.861400 -0.503700
vn 0.113400 -0.495400 -0.861200
vn -0.000000 0.495400 -0.868700
vn -0.000000 0.861400 -0.508000
vn -0.000000 0.999900 -0.010800
vn -0.000000 0.870700 0.491800
vn -0.000000 0.504700 0.863300
vn -0.000000 -0.504700 0.863300
vn -0.000000 -0.870700 0.491800
vn -0.000000 -0.999900 -0.010800
vn -0.000000 -0.861400 -0.508000
vn -0.000000 -0.495400 -0.868700
vn -0.113400 0.495400 -0.861200
vn -0.066300 0.861400 -0.503700
vn -0.001400 0.999900 -0.010700
vn 0.064200 0.870700 0.487600
vn 0.112700 0.504700 0.855900
vn 0.112700 -0.504700 0.855900
vn 0.064200 -0.870700 0.487600
vn -0.001400 -0.999900 -0.010700
vn -0.066300 -0.861400 -0.503700
vn -0.113400 -0.495400 -0.861200
vn -0.224800 0.495400 -0.839100
vn -0.131500 0.861400 -0.490700
vn -0.002800 0.999900 -0.010400
vn 0.127300 0.870700 0.475100
vn 0.223400 0.504700 0.833900
vn 0.223400 -0.504700 0.833900
vn 0.127300 -0.870700 0.475100
vn -0.002800 -0.999900 -0.010400
vn -0.131500 -0.861400 -0.490700
vn -0.224800 -0.495400 -0.839100
vn -0.332400 0.495400 -0.802500
vn -0.194400 0.861400 -0.469300
vn -0.004100 0.999900 -0.010000
vn 0.188200 0.870700 0.454400
vn 0.330400 0.504700 0.797600
vn 0.330400 -0.504700 0.797600
vn 0.188200 -0.870700 0.454400
vn -0.004100 -0.999900 -0.010000
vn -0.194400 -0.861400 -0.469300
vn -0.332400 -0.495400 -0.802500
vn -0.434300 0.495400 -0.752300
vn -0.254000 0.861400 -0.439900
vn -0.005400 0.999900 -0.009300
vn 0.245900 0.870700 0.425900
vn 0.431600 0.504700 0.747600
vn 0.431600 -0.504700 0.747600
vn 0.245900 -0.870700 0.425900
vn -0.005400 -0.999900 -0.009300
vn -0.254000 -0.861400 -0.439900
vn -0.434300 -0.495400 -0.752300
vn -0.528800 0.495400 -0.689200
vn -0.309200 0.861400 -0.403000
vn -0.006600 0.999900 -0.008500
vn 0.299400 0.870700 0.390200
vn 0.525500 0.504700 0.684900
vn 0.525500 -0.504700 0.684900
vn 0.299400 -0.870700 0.390200
vn -0.006600 -0.999900 -0.008500
vn -0.309200 -0.861400 -0.403000
vn -0.528800 -0.495400 -0.689200
vn -0.614200 0.495400 -0.614200
vn -0.359200 0.861400 -0.359200
vn -0.007600 0.999900 -0.007600
vn 0.347800 0.870700 0.347800
vn 0.610400 0.504700 0.610400
vn 0.610400 -0.504700 0.610400
vn 0.347800 -0.870700 0.347800
vn -0.007600 -0.999900 -0.007600
vn -0.359200 -0.861400 -0.359200
vn -0.614200 -0.495400 -0.614200
vn -0.689200 0.495400 -0.528800
vn -0.403000 0.861400 -0.309200
vn -0.008500 0.999900 -0.006600
vn 0.390200 0.870700 0.299400
vn 0.684900 0.504700 0.525500
vn 0.684900 -0.504700 0.525500
vn 0.390200 -0.870700 0.299400
vn -0.008600 -0.999900 -0.006600
vn -0.403000 -0.861400 -0.309200
vn -0.689200 -0.495400 -0.528800
vn -0.752300 0.495400 -0.434300
vn -0.439900 0.861400 -0.254000
vn -0.009300 0.999900 -0.005400
vn 0.425900 0.870700 0.245900
vn 0.747600 0.504700 0.431600
vn 0.747600 -0.504700 0.431600
vn 0.425900 -0.870700 0.245900
vn -0.009300 -0.999900 -0.005400
vn -0.439900 -0.861400 -0.254000
vn -0.752300 -0.495400 -0.434300
vn -0.802500 0.495400 -0.332400
vn -0.469300 0.861400 -0.194400
vn -0.010000 0.999900 -0.004100
vn 0.454400 0.870700 0.188200
vn 0.797600 0.504700 0.330400
vn 0.797600 -0.504700 0.330400
vn 0.454400 -0.870700 0.188200
vn -0.010000 -0.999900 -0.004100
vn -0.469300 -0.861400 -0.194400
vn -0.802500 -0.495400 -0.332400
vn -0.839100 0.495400 -0.224800
vn -0.490700 0.861400 -0.131500
vn -0.010400 0.999900 -0.002800
vn 0.475100 0.870700 0.127300
vn 0.833900 0.504700 0.223400
vn 0.833900 -0.504700 0.223400
vn 0.475100 -0.870700 0.127300
vn -0.010400 -0.999900 -0.002800
vn -0.490700 -0.861400 -0.131500
vn -0.839100 -0.495400 -0.224800
vn -0.861200 0.495400 -0.113400
vn -0.503600 0.861400 -0.066300
vn -0.010700 0.999900 -0.001400
vn 0.487600 0.870700 0.064200
vn 0.855900 0.504700 0.112700
vn 0.855900 -0.504700 0.112700
vn 0.487600 -0.870700 0.064200
vn -0.010700 -0.999900 -0.001400
vn -0.503700 -0.861400 -0.066300
vn -0.861200 -0.495400 -0.113400
vn -0.001100 -1.000000 0.000000
vn -0.589600 -0.509900 -0.626400
vn 0.194400 -0.439800 -0.876800
vn 0.820600 -0.571500 0.000000
vn 0.194400 -0.439800 0.876800
vn -0.589600 -0.509900 0.626400
vn -0.194400 0.439800 -0.876800
vn 0.589600 0.509900 -0.626400
vn 0.589600 0.509900 0.626400
vn -0.194400 0.439800 0.876800
vn -0.820600 0.571500 0.000000
vn 0.001100 1.000000 0.000000
vn 0.162800 -0.658600 -0.734700
vn 0.115700 -0.846200 -0.520100
vn 0.058100 -0.963900 -0.259800
vn -0.152800 -0.975100 -0.160700
vn -0.317500 -0.886600 -0.336400
vn -0.471300 -0.725800 -0.501100
vn -0.392800 -0.528500 -0.752600
vn -0.185100 -0.518600 -0.834700
vn 0.014700 -0.486400 -0.873600
vn -0.707700 -0.607600 0.360500
vn -0.759800 -0.650200 0.000000
vn -0.707700 -0.607600 -0.360500
vn -0.152800 -0.975100 0.160700
vn -0.317500 -0.886600 0.336300
vn -0.471300 -0.725800 0.501100
vn 0.627800 -0.778300 0.000000
vn 0.404600 -0.914500 0.000000
vn 0.187900 -0.982200 0.000000
vn 0.364500 -0.521500 -0.771500
vn 0.554600 -0.589800 -0.587000
vn 0.723600 -0.613600 -0.316100
vn 0.162800 -0.658600 0.734700
vn 0.115700 -0.846200 0.520100
vn 0.058100 -0.963900 0.259800
vn 0.723600 -0.613600 0.316100
vn 0.554600 -0.589800 0.587000
vn 0.364500 -0.521500 0.771500
vn 0.014700 -0.486400 0.873600
vn -0.185100 -0.518600 0.834700
vn -0.392800 -0.528500 0.752600
vn -0.921900 0.323800 -0.212600
vn -0.905600 -0.000700 -0.424000
vn -0.767600 -0.301100 -0.565800
vn -0.767600 -0.301100 0.565800
vn -0.905600 -0.000700 0.424000
vn -0.921900 0.323800 0.212600
vn -0.102500 0.234100 -0.966800
vn 0.102500 -0.234100 -0.966800
vn -0.543000 -0.268300 -0.795700
vn -0.445900 0.000500 -0.895100
vn -0.320300 0.246700 -0.914600
vn 0.767600 0.301100 -0.565800
vn 0.905600 0.000700 -0.424000
vn 0.921900 -0.323800 -0.212600
vn 0.320300 -0.246700 -0.914600
vn 0.445900 -0.000500 -0.895100
vn 0.543000 0.268300 -0.795700
vn 0.543000 0.268300 0.795700
vn 0.445900 -0.000500 0.895100
vn 0.320300 -0.246700 0.914600
vn 0.921900 -0.323800 0.212600
vn 0.905600 0.000700 0.424000
vn 0.767600 0.301100 0.565800
vn -0.320300 0.246700 0.914600
vn -0.445900 0.000500 0.895100
vn -0.543000 -0.268300 0.795700
vn 0.102500 -0.234100 0.966800
vn -0.102500 0.234100 0.966800
vn -0.723600 0.613600 -0.316100
vn -0.554600 0.589800 -0.587000
vn -0.364500 0.521500 -0.771500
vn -0.014700 0.486400 -0.873600
vn 0.185100 0.518600 -0.834700
vn 0.392800 0.528500 -0.752600
vn 0.707700 0.607600 -0.360500
vn 0.759800 0.650200 0.000000
vn 0.707700 0.607600 0.360500
vn 0.392800 0.528500 0.752600
vn 0.185100 0.518600 0.834700
vn -0.014700 0.486400 0.873600
vn -0.364500 0.521500 0.771500
vn -0.554600 0.589800 0.587000
vn -0.723600 0.613600 0.316100
vn -0.058100 0.963900 -0.259800
vn -0.115700 0.846200 -0.520100
vn -0.162800 0.658600 -0.734700
vn -0.627800 0.778300 0.000000
vn -0.404600 0.914500 0.000000
vn -0.187900 0.982200 0.000000
vn 0.152800 0.975100 -0.160700
vn 0.317500 0.886600 -0.336300
vn 0.471300 0.725800 -0.501100
vn 0.152800 0.975100 0.160700
vn 0.317500 0.886600 0.336300
vn 0.471300 0.725800 0.501100
vn -0.058100 0.963900 0.259800
vn -0.115700 0.846200 0.520100
vn -0.162800 0.658600 0.734700
vn -0.271900 0.918100 0.288300
vn -0.502900 0.806900 0.310000
vn -0.334600 0.755900 0.562700
vn 0.100200 0.886900 0.450900
vn 0.041400 0.712700 0.700300
vn 0.257000 0.738200 0.623700
vn 0.344000 0.939000 0.000000
vn 0.541600 0.820500 0.182600
vn 0.541600 0.820500 -0.182600
vn 0.100200 0.886900 -0.450900
vn 0.257000 0.738200 -0.623700
vn 0.041400 0.712700 -0.700300
vn -0.271900 0.918100 -0.288300
vn -0.334600 0.755900 -0.562700
vn -0.502900 0.806900 -0.310000
vn -0.761400 0.334700 0.555300
vn -0.688200 0.010500 0.725500
vn -0.536600 0.300700 0.788500
vn 0.100700 0.262800 0.959600
vn 0.216800 0.008700 0.976200
vn 0.319700 0.276000 0.906400
vn 0.908200 0.359900 0.213600
vn 0.999900 0.012200 0.000000
vn 0.908200 0.359900 -0.213600
vn 0.319700 0.276000 -0.906400
vn 0.216800 0.008700 -0.976200
vn 0.100700 0.262800 -0.959600
vn -0.536600 0.300700 -0.788500
vn -0.688200 0.010500 -0.725500
vn -0.761400 0.334700 -0.555300
vn -0.216800 -0.008700 0.976200
vn -0.319700 -0.276000 0.906400
vn -0.100700 -0.262800 0.959600
vn 0.688200 -0.010500 0.725500
vn 0.536600 -0.300700 0.788500
vn 0.761400 -0.334700 0.555300
vn 0.688200 -0.010500 -0.725500
vn 0.761400 -0.334700 -0.555300
vn 0.536600 -0.300700 -0.788500
vn -0.216800 -0.008700 -0.976200
vn -0.100700 -0.262800 -0.959600
vn -0.319700 -0.276000 -0.906400
vn -0.999900 -0.012200 0.000000
vn -0.908200 -0.359900 -0.213600
vn -0.908200 -0.359900 0.213600
vn -0.257000 -0.738200 0.623700
vn -0.100200 -0.886900 0.450900
vn -0.041400 -0.712700 0.700300
vn 0.334600 -0.755900 0.562700
vn 0.271900 -0.918100 0.288300
vn 0.502900 -0.806900 0.310000
vn 0.502900 -0.806900 -0.310000
vn 0.271900 -0.918100 -0.288300
vn 0.334600 -0.755900 -0.562700
vn -0.541600 -0.820500 0.182600
vn -0.541600 -0.820500 -0.182600
vn -0.344000 -0.939000 0.000000
vn -0.041400 -0.712700 -0.700300
vn -0.100200 -0.886900 -0.450900
vn -0.257000 -0.738200 -0.623700
vn -0.001600 -1.000000 0.000000
vn -0.583600 -0.469600 -0.662500
vn 0.186600 -0.392600 -0.900600
vn 0.839600 -0.543300 0.000000
vn 0.186600 -0.392600 0.900600
vn -0.583600 -0.469600 0.662500
vn -0.186600 0.392600 -0.900600
vn 0.583600 0.469600 -0.662500
vn 0.583600 0.469600 0.662500
vn -0.186600 0.392600 0.900600
vn -0.839600 0.543300 0.000000
vn 0.001600 1.000000 0.000000
vn 0.161500 -0.606800 -0.778300
vn 0.119500 -0.811400 -0.572200
vn 0.062100 -0.953500 -0.295000
vn -0.163900 -0.969300 -0.183000
vn -0.333500 -0.864600 -0.375800
vn -0.480500 -0.687400 -0.544600
vn -0.384500 -0.481800 -0.787400
vn -0.179500 -0.468200 -0.865200
vn 0.014100 -0.435800 -0.899900
vn -0.719200 -0.574900 0.390000
vn -0.782000 -0.623200 0.000000
vn -0.719200 -0.574900 -0.390000
vn -0.163900 -0.969300 0.183000
vn -0.333500 -0.864600 0.375800
vn -0.480500 -0.687400 0.544600
vn 0.655800 -0.754900 0.000000
vn 0.430000 -0.902800 0.000000
vn 0.201600 -0.979500 0.000000
vn 0.356100 -0.474200 -0.805200
vn 0.554300 -0.549100 -0.625600
vn 0.737000 -0.582200 -0.343200
vn 0.161500 -0.606800 0.778300
vn 0.119500 -0.811400 0.572200
vn 0.062100 -0.953500 0.295000
vn 0.737000 -0.582200 0.343200
vn 0.554300 -0.549100 0.625600
vn 0.356100 -0.474200 0.805200
vn 0.014100 -0.435800 0.899900
vn -0.179500 -0.468200 0.865200
vn -0.384500 -0.481800 0.787400
vn -0.925800 0.302700 -0.226600
vn -0.895000 -0.000800 -0.446000
vn -0.755400 -0.276200 -0.594300
vn -0.755400 -0.276200 0.594300
vn -0.895000 -0.000800 0.446000
vn -0.925800 0.302700 0.226600
vn -0.096600 0.204900 -0.974000
vn 0.096600 -0.204900 -0.974000
vn -0.522700 -0.240200 -0.818000
vn -0.422400 0.000500 -0.906400
vn -0.303600 0.217700 -0.927600
vn 0.755400 0.276200 -0.594300
vn 0.895000 0.000800 -0.446000
vn 0.925800 -0.302700 -0.226600
vn 0.303600 -0.217700 -0.927600
vn 0.422400 -0.000500 -0.906400
vn 0.522700 0.240200 -0.818000
vn 0.522700 0.240200 0.818000
vn 0.422400 -0.000500 0.906400
vn 0.303600 -0.217700 0.927600
vn 0.925800 -0.302700 0.226600
vn 0.895000 0.000800 0.446000
vn 0.755400 0.276200 0.594300
vn -0.303600 0.217700 0.927600
vn -0.422400 0.000500 0.906400
vn -0.522700 -0.240200 0.818000
vn 0.096600 -0.204900 0.974000
vn -0.096600 0.204900 0.974000
vn -0.737000 0.582200 -0.343200
vn -0.554300 0.549100 -0.625600
vn -0.356100 0.474200 -0.805200
vn -0.014100 0.435800 -0.899900
vn 0.179500 0.468200 -0.865200
vn 0.384500 0.481800 -0.787400
vn 0.719200 0.574900 -0.390000
vn 0.782000 0.623200 0.000000
vn 0.719200 0.574900 0.390000
vn 0.384500 0.481800 0.787400
vn 0.179500 0.468200 0.865200
vn -0.014100 0.435800 0.899900
vn -0.356100 0.474200 0.805200
vn -0.554300 0.549100 0.625600
vn -0.737000 0.582200 0.343200
vn -0.062100 0.953500 -0.295000
vn -0.119500 0.811400 -0.572200
vn -0.161500 0.606800 -0.778300
vn -0.655800 0.754900 0.000000
vn -0.430000 0.902800 0.000000
vn -0.201600 0.979500 0.000000
vn 0.163900 0.969300 -0.183000
vn 0.333500 0.864600 -0.375800
vn 0.480500 0.687400 -0.544600
vn 0.163900 0.969300 0.183000
vn 0.333500 0.864600 0.375800
vn 0.480500 0.687400 0.544600
vn -0.062100 0.953500 0.295000
vn -0.119500 0.811400 0.572200
vn -0.161500 0.606800 0.778300
vn -0.287300 0.901400 0.324000
vn -0.523000 0.780300 0.342800
vn -0.340600 0.715300 0.610200
vn 0.104400 0.859200 0.500800
vn 0.041400 0.662800 0.747600
vn 0.259600 0.693500 0.672000
vn 0.367000 0.930200 0.000000
vn 0.566900 0.798400 0.203200
vn 0.566900 0.798400 -0.203200
vn 0.104400 0.859200 -0.500800
vn 0.259600 0.693500 -0.672000
vn 0.041400 0.662800 -0.747600
vn -0.287300 0.901400 -0.324000
vn -0.340600 0.715300 -0.610200
vn -0.523000 0.780300 -0.342800
vn -0.751200 0.308000 0.583800
vn -0.664300 0.009400 0.747400
vn -0.517400 0.270100 0.812000
vn 0.095000 0.230700 0.968400
vn 0.203200 0.007600 0.979100
vn 0.303700 0.244200 0.920900
vn 0.913200 0.337500 0.228200
vn 0.999900 0.011400 0.000000
vn 0.913200 0.337500 -0.228200
vn 0.303700 0.244200 -0.920900
vn 0.203200 0.007600 -0.979100
vn 0.095000 0.230700 -0.968400
vn -0.517400 0.270100 -0.812000
vn -0.664300 0.009400 -0.747400
vn -0.751200 0.308000 -0.583800
vn -0.203200 -0.007600 0.979100
vn -0.303700 -0.244200 0.920900
vn -0.095000 -0.230700 0.968400
vn 0.664300 -0.009400 0.747400
vn 0.517400 -0.270100 0.812000
vn 0.751200 -0.308000 0.583800
vn 0.664300 -0.009400 -0.747400
vn 0.751200 -0.308000 -0.583800
vn 0.517400 -0.270100 -0.812000
vn -0.203200 -0.007600 -0.979100
vn -0.095000 -0.230700 -0.968400
vn -0.303700 -0.244200 -0.920900
vn -0.999900 -0.011400 0.000000
vn -0.913200 -0.337500 -0.228200
vn -0.913200 -0.337500 0.228200
vn -0.259600 -0.693500 0.672000
vn -0.104400 -0.859200 0.500800
vn -0.041400 -0.662800 0.747600
vn 0.340600 -0.715300 0.610200
vn 0.287300 -0.901400 0.324000
vn 0.523000 -0.780300 0.342800
vn 0.523000 -0.780300 -0.342800
vn 0.287300 -0.901400 -0.324000
vn 0.340600 -0.715300 -0.610200
vn -0.566900 -0.798400 0.203200
vn -0.566900 -0.798400 -0.203200
vn -0.367000 -0.930200 0.000000
vn -0.041400 -0.662800 -0.747600
vn -0.104400 -0.859200 -0.500800
vn -0.259600 -0.693500 -0.672000
vn 0.229900 -0.577400 -0.783500
vn 0.229900 0.577400 -0.783500
vn 0.783500 -0.577400 0.229900
vn 0.783500 0.577400 0.229900
vn -0.783500 -0.577400 -0.229900
vn -0.783500 0.577400 -0.229900
vn -0.229900 -0.577400 0.783500
vn -0.229900 0.577400 0.783500
vn 0.783500 -0.577400 -0.229900
vn 0.783500 0.577400 -0.229900
vn 0.229900 -0.577400 0.783500
vn 0.229900 0.577400 0.783500
vn -0.229900 -0.577400 -0.783500
vn -0.229900 0.577400 -0.783500
vn -0.783500 -0.577400 0.229900
vn -0.783500 0.577400 0.229900
vn -0.000000 -1.000000 0.000000
vn -0.723600 -0.447200 -0.525700
vn 0.276400 -0.447200 -0.850600
vn 0.894400 -0.447200 0.000000
vn 0.276400 -0.447200 0.850600
vn -0.723600 -0.447200 0.525700
vn -0.276400 0.447200 -0.850600
vn 0.723600 0.447200 -0.525700
vn 0.723600 0.447200 0.525700
vn -0.276400 0.447200 0.850700
vn -0.894400 0.447200 0.000000
vn -0.000000 1.000000 0.000000
vn 0.162500 -0.850700 -0.500000
vn -0.425300 -0.850700 -0.309000
vn -0.262900 -0.525700 -0.809000
vn -0.850600 -0.525700 0.000000
vn -0.425300 -0.850700 0.309000
vn 0.525700 -0.850700 0.000000
vn 0.688200 -0.525700 -0.500000
vn 0.162500 -0.850700 0.500000
vn 0.688200 -0.525700 0.500000
vn -0.262900 -0.525700 0.809000
vn -0.951100 -0.000000 -0.309000
vn -0.951100 -0.000000 0.309000
vn -0.587800 -0.000000 -0.809000
vn 0.951100 -0.000000 -0.309000
vn 0.587800 -0.000000 -0.809000
vn 0.587800 -0.000000 0.809000
vn 0.951100 -0.000000 0.309000
vn -0.587800 -0.000000 0.809000
vn -0.688200 0.525700 -0.500000
vn 0.262900 0.525700 -0.809000
vn 0.850600 0.525700 0.000000
vn 0.262900 0.525700 0.809000
vn -0.688200 0.525700 0.500000
vn -0.162500 0.850700 -0.500000
vn -0.525700 0.850700 0.000000
vn 0.425300 0.850700 -0.309000
vn 0.425300 0.850700 0.309000
vn -0.162500 0.850700 0.500000
vn -0.624500 0.706400 0.333100
vn -0.721000 -0.576400 0.384600
vn -0.280400 0.691700 0.665500
vn -0.385300 -0.590700 0.708900
vn 0.192000 0.653200 0.732400
vn 0.075700 -0.628300 0.774200
vn 0.612300 0.605600 0.508300
vn 0.485800 -0.674800 0.555500
vn 0.819900 0.567000 0.078700
vn 0.688400 -0.712400 0.136300
vn 0.735600 0.552300 -0.392300
vn 0.606100 -0.726800 -0.323200
vn 0.391400 0.567000 -0.724700
vn 0.270300 -0.712400 -0.647600
vn -0.081000 0.605600 -0.791700
vn -0.190700 -0.674800 -0.712900
vn -0.501300 0.653200 -0.567500
vn -0.600800 -0.628300 -0.494200
vn -0.708900 0.691700 -0.137900
vn -0.803400 -0.590700 -0.075000
vn -0.000000 -0.653200 0.757200
vn -0.000000 0.653200 0.757200
vn -0.378600 -0.653200 0.655700
vn -0.378600 0.653200 0.655700
vn -0.655700 -0.653200 0.378600
vn -0.655700 0.653200 0.378600
vn -0.757200 -0.653200 0.000000
vn -0.757200 0.653200 0.000000
vn -0.655700 -0.653200 -0.378600
vn -0.655700 0.653200 -0.378600
vn -0.378600 -0.653200 -0.655700
vn -0.378600 0.653200 -0.655700
vn -0.000000 -0.653200 -0.757200
vn -0.000000 0.653200 -0.757200
vn 0.378600 -0.653200 -0.655700
vn 0.378600 0.653200 -0.655700
vn 0.655700 -0.653200 -0.378600
vn 0.655700 0.653200 -0.378600
vn 0.757200 -0.653200 0.000000
vn 0.757200 0.653200 0.000000
vn 0.655700 -0.653200 0.378600
vn 0.655700 0.653200 0.378600
vn 0.378600 -0.653200 0.655700
vn 0.378600 0.653200 0.655700
vn -0.091600 0.734800 0.672100
vn -0.113500 -0.542600 0.832300
vn 0.383500 0.712200 0.587900
vn 0.341300 -0.564200 0.751800
vn 0.717100 0.653000 0.243500
vn 0.660600 -0.620900 0.422100
vn 0.781600 0.579900 -0.229700
vn 0.722300 -0.690900 -0.030800
vn 0.552500 0.520800 -0.650800
vn 0.503000 -0.747500 -0.433900
vn 0.117200 0.498200 -0.859100
vn 0.086400 -0.769100 -0.633300
vn -0.358000 0.520800 -0.775000
vn -0.368500 -0.747500 -0.552700
vn -0.691600 0.579900 -0.430600
vn -0.687700 -0.690900 -0.223100
vn -0.756100 0.653000 0.042600
vn -0.749500 -0.620900 0.229800
vn -0.527000 0.712200 0.463800
vn -0.530100 -0.564200 0.632900
vn -0.000800 -1.000000 0.000000
vn -0.768000 -0.440200 -0.465200
vn 0.317100 -0.477100 -0.819600
vn 0.907700 -0.419600 0.000000
vn 0.317100 -0.477100 0.819600
vn -0.768000 -0.440200 0.465200
vn -0.317100 0.477100 -0.819600
vn 0.768000 0.440200 -0.465200
vn 0.768000 0.440200 0.465200
vn -0.317100 0.477100 0.819600
vn -0.907700 0.419600 0.000000
vn 0.000800 1.000000 0.000000
vn 0.177100 -0.869800 -0.460500
vn -0.454700 -0.846100 -0.278200
vn -0.300700 -0.555700 -0.775100
vn -0.867200 -0.498000 0.000000
vn -0.454700 -0.846100 0.278200
vn 0.555200 -0.831700 0.000000
vn 0.731800 -0.518500 -0.442300
vn 0.177100 -0.869800 0.460500
vn 0.731800 -0.518500 0.442300
vn -0.300700 -0.555700 0.775100
vn -0.965100 0.001300 -0.261700
vn -0.965100 0.001300 0.261700
vn -0.652800 -0.002700 -0.757500
vn 0.965100 -0.001300 -0.261700
vn 0.652800 0.002700 -0.757500
vn 0.652800 0.002700 0.757500
vn 0.965100 -0.001300 0.261700
vn -0.652800 -0.002700 0.757500
vn -0.731800 0.518500 -0.442300
vn 0.300700 0.555700 -0.775100
vn 0.867200 0.498000 0.000000
vn 0.300700 0.555700 0.775100
vn -0.731800 0.518500 0.442300
vn -0.177100 0.869800 -0.460500
vn -0.555200 0.831700 0.000000
vn 0.454700 0.846100 -0.278200
vn 0.454700 0.846100 0.278200
vn -0.177100 0.869800 0.460500
vn 0.276400 -0.447200 -0.850700
vn 0.276400 -0.447200 0.850700
vn -0.276400 0.447200 -0.850700
vn -0.276400 0.447200 0.850600
vn 0.624500 0.706400 0.333100
vn 0.721000 -0.576400 0.384600
vn 0.708900 0.691700 -0.137900
vn 0.803400 -0.590700 -0.075000
vn 0.501300 0.653200 -0.567500
vn 0.600800 -0.628300 -0.494200
vn 0.081000 0.605600 -0.791700
vn 0.190700 -0.674800 -0.712900
vn -0.391400 0.567000 -0.724700
vn -0.270300 -0.712400 -0.647600
vn -0.735600 0.552300 -0.392300
vn -0.606100 -0.726800 -0.323200
vn -0.819900 0.567000 0.078700
vn -0.688400 -0.712400 0.136300
vn -0.612300 0.605600 0.508300
vn -0.485800 -0.674800 0.555500
vn -0.192000 0.653200 0.732400
vn -0.075700 -0.628300 0.774200
vn 0.280400 0.691700 0.665500
vn 0.385300 -0.590700 0.708900
vn 0.091600 0.734800 0.672100
vn 0.113500 -0.542600 0.832300
vn 0.527000 0.712200 0.463800
vn 0.530100 -0.564200 0.632900
vn 0.756100 0.653000 0.042600
vn 0.749500 -0.620900 0.229800
vn 0.691600 0.579900 -0.430600
vn 0.687700 -0.690900 -0.223100
vn 0.358000 0.520800 -0.775000
vn 0.368500 -0.747500 -0.552700
vn -0.117200 0.498200 -0.859100
vn -0.086400 -0.769100 -0.633300
vn -0.552500 0.520800 -0.650800
vn -0.503000 -0.747500 -0.433900
vn -0.781600 0.579900 -0.229700
vn -0.722300 -0.690900 -0.030800
vn -0.717100 0.653000 0.243500
vn -0.660600 -0.620900 0.422100
vn -0.383500 0.712200 0.587900
vn -0.341300 -0.564200 0.751800
vn -0.735600 -0.393100 -0.551700
vn 0.276800 -0.387200 -0.879400
vn 0.917900 -0.396800 0.000000
vn 0.276800 -0.387200 0.879400
vn -0.735600 -0.393100 0.551700
vn -0.276800 0.387200 -0.879400
vn 0.735600 0.393100 -0.551700
vn 0.735600 0.393100 0.551700
vn -0.276800 0.387200 0.879400
vn -0.917900 0.396800 0.000000
vn 0.262200 -0.486900 -0.833200
vn 0.241800 -0.593000 -0.768000
vn 0.213700 -0.702400 -0.679000
vn 0.177800 -0.805800 -0.564800
vn 0.135300 -0.892800 -0.429700
vn 0.089300 -0.954800 -0.283500
vn 0.043500 -0.989500 -0.138100
vn -0.113800 -0.989800 -0.085300
vn -0.234000 -0.956300 -0.175400
vn -0.355500 -0.895900 -0.266500
vn -0.468400 -0.810700 -0.351200
vn -0.564600 -0.708600 -0.423400
vn -0.640200 -0.599700 -0.480100
vn -0.695800 -0.493400 -0.521900
vn -0.647100 -0.420300 -0.636100
vn -0.539000 -0.442300 -0.716800
vn -0.410200 -0.456800 -0.789300
vn -0.266500 -0.461100 -0.846400
vn -0.117000 -0.454500 -0.883000
vn 0.027600 -0.438100 -0.898500
vn 0.159300 -0.415000 -0.895800
vn -0.791200 -0.423100 0.441500
vn -0.837900 -0.448100 0.311600
vn -0.870200 -0.465400 0.161700
vn -0.881800 -0.471600 0.000000
vn -0.870200 -0.465400 -0.161700
vn -0.837900 -0.448100 -0.311600
vn -0.791200 -0.423100 -0.441500
vn -0.113800 -0.989800 0.085300
vn -0.234000 -0.956300 0.175400
vn -0.355500 -0.895900 0.266500
vn -0.468400 -0.810700 0.351200
vn -0.564600 -0.708600 0.423400
vn -0.640200 -0.599700 0.480100
vn -0.695800 -0.493400 0.521900
vn 0.867400 -0.497600 0.000000
vn 0.797000 -0.604000 0.000000
vn 0.701700 -0.712500 0.000000
vn 0.581100 -0.813800 0.000000
vn 0.440300 -0.897900 0.000000
vn 0.289400 -0.957200 0.000000
vn 0.140600 -0.990100 0.000000
vn 0.382800 -0.416600 -0.824600
vn 0.493200 -0.441600 -0.749500
vn 0.604400 -0.459700 -0.650700
vn 0.707200 -0.467500 -0.530300
vn 0.792900 -0.463500 -0.395500
vn 0.856100 -0.448600 -0.256500
vn 0.896500 -0.425500 -0.123500
vn 0.262200 -0.486900 0.833200
vn 0.241800 -0.593000 0.768000
vn 0.213700 -0.702400 0.679000
vn 0.177800 -0.805800 0.564800
vn 0.135300 -0.892800 0.429700
vn 0.089300 -0.954800 0.283500
vn 0.043500 -0.989500 0.138100
vn 0.896500 -0.425500 0.123500
vn 0.856200 -0.448600 0.256500
vn 0.792900 -0.463500 0.395500
vn 0.707200 -0.467500 0.530300
vn 0.604400 -0.459700 0.650700
vn 0.493200 -0.441600 0.749500
vn 0.382800 -0.416600 0.824600
vn 0.159300 -0.415000 0.895800
vn 0.027600 -0.438100 0.898500
vn -0.117000 -0.454500 0.883000
vn -0.266500 -0.461100 0.846400
vn -0.410200 -0.456800 0.789300
vn -0.539000 -0.442300 0.716800
vn -0.647100 -0.420300 0.636100
vn -0.947000 0.312400 -0.074900
vn -0.963800 0.217200 -0.154400
vn -0.965100 0.111500 -0.236900
vn -0.948100 -0.000000 -0.317900
vn -0.913000 -0.111200 -0.392600
vn -0.862700 -0.216000 -0.457200
vn -0.802400 -0.309900 -0.509900
vn -0.802400 -0.309900 0.509900
vn -0.862700 -0.216000 0.457200
vn -0.913000 -0.111200 0.392600
vn -0.948100 -0.000000 0.317900
vn -0.965100 0.111500 0.236900
vn -0.963800 0.217200 0.154400
vn -0.947000 0.312400 0.074900
vn -0.217600 0.304100 -0.927500
vn -0.151100 0.211100 -0.965700
vn -0.077600 0.108300 -0.991100
vn 0.077600 -0.108300 -0.991100
vn 0.151100 -0.211100 -0.965700
vn 0.217600 -0.304100 -0.927500
vn -0.714800 -0.308600 -0.627600
vn -0.681800 -0.214100 -0.699500
vn -0.635200 -0.109700 -0.764500
vn -0.575600 -0.000000 -0.817700
vn -0.505700 0.109200 -0.855800
vn -0.429900 0.212200 -0.877600
vn -0.353000 0.304800 -0.884600
vn 0.802400 0.309900 -0.509900
vn 0.862700 0.216000 -0.457200
vn 0.913000 0.111200 -0.392600
vn 0.948100 -0.000000 -0.318000
vn 0.965100 -0.111500 -0.236900
vn 0.963800 -0.217200 -0.154400
vn 0.947000 -0.312400 -0.074900
vn 0.353000 -0.304800 -0.884600
vn 0.429900 -0.212200 -0.877600
vn 0.505700 -0.109200 -0.855800
vn 0.575600 -0.000000 -0.817700
vn 0.635200 0.109700 -0.764500
vn 0.681800 0.214100 -0.699500
vn 0.714800 0.308600 -0.627600
vn 0.714800 0.308600 0.627600
vn 0.681800 0.214100 0.699500
vn 0.635200 0.109700 0.764500
vn 0.575600 -0.000000 0.817700
vn 0.505700 -0.109200 0.855800
vn 0.429900 -0.212200 0.877600
vn 0.353000 -0.304800 0.884600
vn 0.947000 -0.312400 0.074900
vn 0.963800 -0.217200 0.154400
vn 0.965100 -0.111500 0.236900
vn 0.948100 -0.000000 0.318000
vn 0.913000 0.111200 0.392600
vn 0.862700 0.216000 0.457200
vn 0.802400 0.309900 0.509900
vn -0.353000 0.304800 0.884600
vn -0.429900 0.212200 0.877600
vn -0.505700 0.109200 0.855800
vn -0.575600 -0.000000 0.817700
vn -0.635200 -0.109700 0.764500
vn -0.681800 -0.214100 0.699500
vn -0.714800 -0.308600 0.627600
vn 0.217600 -0.304100 0.927500
vn 0.151100 -0.211100 0.965700
vn 0.077600 -0.108300 0.991100
vn -0.077600 0.108300 0.991100
vn -0.151100 0.211100 0.965700
vn -0.217600 0.304100 0.927500
vn -0.896500 0.425500 -0.123500
vn -0.856200 0.448600 -0.256500
vn -0.792900 0.463500 -0.395500
vn -0.707200 0.467500 -0.530300
vn -0.604400 0.459700 -0.650700
vn -0.493200 0.441600 -0.749500
vn -0.382800 0.416600 -0.824600
vn -0.159300 0.415000 -0.895800
vn -0.027600 0.438100 -0.898500
vn 0.117000 0.454500 -0.883000
vn 0.266500 0.461100 -0.846400
vn 0.410200 0.456800 -0.789300
vn 0.539000 0.442300 -0.716800
vn 0.647100 0.420300 -0.636100
vn 0.791200 0.423100 -0.441500
vn 0.837900 0.448100 -0.311600
vn 0.870200 0.465400 -0.161700
vn 0.881800 0.471600 0.000000
vn 0.870200 0.465400 0.161700
vn 0.837900 0.448100 0.311600
vn 0.791200 0.423100 0.441500
vn 0.647100 0.420300 0.636100
vn 0.539000 0.442300 0.716800
vn 0.410200 0.456800 0.789300
vn 0.266500 0.461100 0.846400
vn 0.117000 0.454500 0.883000
vn -0.027600 0.438100 0.898500
vn -0.159300 0.415000 0.895800
vn -0.382800 0.416600 0.824600
vn -0.493200 0.441600 0.749500
vn -0.604400 0.459700 0.650700
vn -0.707200 0.467500 0.530300
vn -0.792900 0.463500 0.395500
vn -0.856200 0.448600 0.256500
vn -0.896500 0.425500 0.123500
vn -0.043500 0.989500 -0.138100
vn -0.089300 0.954800 -0.283500
vn -0.135300 0.892800 -0.429700
vn -0.177800 0.805800 -0.564800
vn -0.213700 0.702400 -0.679000
vn -0.241800 0.593000 -0.768000
vn -0.262200 0.486900 -0.833200
vn -0.867400 0.497600 0.000000
vn -0.797000 0.604000 0.000000
vn -0.701700 0.712500 0.000000
vn -0.581100 0.813800 0.000000
vn -0.440300 0.897900 0.000000
vn -0.289400 0.957200 0.000000
vn -0.140600 0.990100 0.000000
vn 0.113800 0.989800 -0.085200
vn 0.234000 0.956300 -0.175400
vn 0.355500 0.895900 -0.266500
vn 0.468400 0.810700 -0.351200
vn 0.564600 0.708600 -0.423400
vn 0.640200 0.599700 -0.480100
vn 0.695800 0.493400 -0.521900
vn 0.113800 0.989800 0.085200
vn 0.234000 0.956300 0.175400
vn 0.355500 0.895900 0.266500
vn 0.468400 0.810700 0.351200
vn 0.564600 0.708600 0.423400
vn 0.640200 0.599700 0.480100
vn 0.695800 0.493400 0.521900
vn -0.043500 0.989500 0.138100
vn -0.089300 0.954800 0.283500
vn -0.135300 0.892800 0.429700
vn -0.177800 0.805800 0.564800
vn -0.213700 0.702400 0.679000
vn -0.241800 0.593000 0.768000
vn -0.262200 0.486900 0.833200
vn -0.194600 0.970000 0.145900
vn -0.350800 0.924200 0.151200
vn -0.247300 0.922300 0.297000
vn -0.503500 0.850500 0.152400
vn -0.405300 0.862200 0.303900
vn -0.294400 0.845900 0.444600
vn -0.639800 0.753900 0.149200
vn -0.553900 0.775900 0.302000
vn -0.447900 0.773300 0.448800
vn -0.332000 0.746700 0.576400
vn -0.751200 0.644500 0.142300
vn -0.681200 0.671400 0.291700
vn -0.587100 0.679400 0.440200
vn -0.475800 0.666300 0.574100
vn -0.358300 0.635600 0.683900
vn -0.835500 0.533200 0.133200
vn -0.781400 0.559900 0.275400
vn -0.702600 0.573700 0.420900
vn -0.602500 0.571300 0.557300
vn -0.489500 0.553400 0.673900
vn -0.374200 0.523800 0.765300
vn 0.074300 0.968900 0.235900
vn 0.030800 0.920500 0.389500
vn 0.197100 0.921700 0.334200
vn -0.015000 0.843600 0.536800
vn 0.154100 0.858300 0.489400
vn 0.318900 0.846300 0.426600
vn -0.059400 0.744100 0.665400
vn 0.106100 0.768600 0.630900
vn 0.274100 0.770100 0.576000
vn 0.429600 0.748500 0.505200
vn -0.099200 0.633200 0.767600
vn 0.057500 0.661500 0.747700
vn 0.222200 0.672900 0.705600
vn 0.381100 0.664600 0.642700
vn 0.521900 0.638600 0.565600
vn -0.132600 0.521700 0.842800
vn 0.012100 0.549100 0.835700
vn 0.168200 0.565200 0.807600
vn 0.324700 0.566600 0.757300
vn 0.469500 0.553000 0.688300
vn 0.593600 0.527400 0.607900
vn 0.240700 0.970600 0.000000
vn 0.370100 0.924600 0.090500
vn 0.370100 0.924600 -0.090500
vn 0.493900 0.850200 0.182000
vn 0.502400 0.864700 0.000000
vn 0.493900 0.850200 -0.182000
vn 0.601700 0.752800 0.267000
vn 0.621700 0.777900 0.091900
vn 0.621700 0.777900 -0.091900
vn 0.601700 0.752800 -0.267000
vn 0.686800 0.642600 0.339600
vn 0.718500 0.672500 0.177500
vn 0.730000 0.683400 0.000000
vn 0.718500 0.672500 -0.177500
vn 0.686800 0.642600 -0.339600
vn 0.748500 0.530900 0.397400
vn 0.789300 0.560200 0.251300
vn 0.812400 0.576700 0.086200
vn 0.812400 0.576700 -0.086200
vn 0.789300 0.560200 -0.251300
vn 0.748500 0.530900 -0.397400
vn 0.074300 0.968900 -0.235900
vn 0.197100 0.921700 -0.334200
vn 0.030800 0.920500 -0.389500
vn 0.318900 0.846300 -0.426600
vn 0.154100 0.858300 -0.489400
vn -0.015000 0.843600 -0.536800
vn 0.429600 0.748500 -0.505200
vn 0.274100 0.770100 -0.576000
vn 0.106100 0.768600 -0.630900
vn -0.059400 0.744100 -0.665400
vn 0.521900 0.638600 -0.565600
vn 0.381100 0.664600 -0.642700
vn 0.222100 0.672900 -0.705600
vn 0.057500 0.661500 -0.747700
vn -0.099200 0.633100 -0.767600
vn 0.593600 0.527400 -0.607900
vn 0.469500 0.553000 -0.688300
vn 0.324700 0.566600 -0.757300
vn 0.168200 0.565200 -0.807600
vn 0.012100 0.549100 -0.835700
vn -0.132600 0.521700 -0.842800
vn -0.194600 0.970000 -0.145900
vn -0.247300 0.922300 -0.297000
vn -0.350800 0.924200 -0.151200
vn -0.294400 0.845900 -0.444600
vn -0.405300 0.862200 -0.303800
vn -0.503500 0.850500 -0.152400
vn -0.332000 0.746700 -0.576400
vn -0.447900 0.773300 -0.448800
vn -0.553900 0.775900 -0.302000
vn -0.639800 0.753900 -0.149200
vn -0.358300 0.635600 -0.683900
vn -0.475800 0.666300 -0.574100
vn -0.587100 0.679400 -0.440200
vn -0.681200 0.671400 -0.291700
vn -0.751200 0.644500 -0.142300
vn -0.374200 0.523800 -0.765300
vn -0.489500 0.553400 -0.673900
vn -0.602500 0.571300 -0.557300
vn -0.702600 0.573700 -0.420900
vn -0.781400 0.559900 -0.275400
vn -0.835500 0.533200 -0.133200
vn -0.919100 0.333700 0.209500
vn -0.926300 0.231000 0.297500
vn -0.869000 0.349100 0.350800
vn -0.915700 0.118400 0.384100
vn -0.864200 0.239100 0.442600
vn -0.793700 0.356700 0.492700
vn -0.886000 0.002000 0.463600
vn -0.840900 0.121000 0.527500
vn -0.776400 0.241200 0.582200
vn -0.696100 0.355100 0.624000
vn -0.839600 -0.111200 0.531600
vn -0.800100 0.002000 0.599900
vn -0.742300 0.120400 0.659100
vn -0.668600 0.236900 0.704900
vn -0.584100 0.344500 0.734900
vn -0.781300 -0.215300 0.585900
vn -0.745900 -0.110700 0.656800
vn -0.694400 0.002000 0.719600
vn -0.628100 0.116700 0.769300
vn -0.550700 0.227000 0.803200
vn -0.467700 0.327200 0.821100
vn -0.088500 0.324900 0.941600
vn -0.011700 0.224700 0.974300
vn 0.053400 0.340800 0.938600
vn 0.069100 0.115300 0.990900
vn 0.137600 0.233600 0.962500
vn 0.204900 0.350100 0.914000
vn 0.149700 0.001900 0.988700
vn 0.221600 0.118500 0.967900
vn 0.291700 0.237300 0.926600
vn 0.355800 0.351000 0.866100
vn 0.225700 -0.108900 0.968100
vn 0.300300 0.002000 0.953800
vn 0.373100 0.118800 0.920200
vn 0.439300 0.234900 0.867100
vn 0.495200 0.343500 0.798000
vn 0.293500 -0.211700 0.932200
vn 0.369800 -0.109200 0.922700
vn 0.444400 0.002000 0.895800
vn 0.512700 0.116200 0.850700
vn 0.570300 0.227100 0.789400
vn 0.615100 0.328900 0.716600
vn 0.860100 0.332600 0.386800
vn 0.918500 0.230900 0.321100
vn 0.904500 0.349800 0.243900
vn 0.962100 0.118700 0.245400
vn 0.956200 0.240400 0.167000
vn 0.929500 0.359400 0.083500
vn 0.986600 0.002000 0.163400
vn 0.989000 0.122000 0.084000
vn 0.969800 0.243800 0.000000
vn 0.929500 0.359400 -0.083500
vn 0.990500 -0.112100 0.080000
vn 1.000000 0.002100 0.000000
vn 0.989000 0.122000 -0.084000
vn 0.956200 0.240400 -0.167000
vn 0.904500 0.349800 -0.243900
vn 0.976000 -0.217600 0.000000
vn 0.990500 -0.112100 -0.080000
vn 0.986600 0.002000 -0.163400
vn 0.962100 0.118700 -0.245400
vn 0.918500 0.230900 -0.321100
vn 0.860100 0.332600 -0.386800
vn 0.615100 0.328900 -0.716600
vn 0.570300 0.227100 -0.789400
vn 0.495200 0.343500 -0.798000
vn 0.512700 0.116200 -0.850700
vn 0.439300 0.234900 -0.867100
vn 0.355800 0.351000 -0.866100
vn 0.444400 0.002000 -0.895800
vn 0.373100 0.118800 -0.920200
vn 0.291700 0.237300 -0.926600
vn 0.204900 0.350100 -0.914000
vn 0.369800 -0.109200 -0.922700
vn 0.300300 0.002000 -0.953800
vn 0.221600 0.118500 -0.967900
vn 0.137600 0.233600 -0.962500
vn 0.053400 0.340800 -0.938600
vn 0.293500 -0.211700 -0.932200
vn 0.225700 -0.108900 -0.968100
vn 0.149700 0.001900 -0.988700
vn 0.069100 0.115300 -0.990900
vn -0.011700 0.224700 -0.974300
vn -0.088500 0.324900 -0.941600
vn -0.467700 0.327200 -0.821100
vn -0.550700 0.227000 -0.803200
vn -0.584100 0.344500 -0.734900
vn -0.628100 0.116700 -0.769300
vn -0.668600 0.236900 -0.704900
vn -0.696100 0.355100 -0.624000
vn -0.694400 0.002000 -0.719600
vn -0.742300 0.120400 -0.659100
vn -0.776400 0.241200 -0.582200
vn -0.793700 0.356700 -0.492700
vn -0.745900 -0.110700 -0.656800
vn -0.800100 0.002000 -0.599900
vn -0.840900 0.121000 -0.527500
vn -0.864200 0.239100 -0.442600
vn -0.869000 0.349100 -0.350800
vn -0.781300 -0.215300 -0.585900
vn -0.839600 -0.111200 -0.531600
vn -0.886000 0.002000 -0.463600
vn -0.915700 0.118400 -0.384100
vn -0.926300 0.231000 -0.297500
vn -0.919100 0.333700 -0.209500
vn -0.293500 0.211700 0.932200
vn -0.369800 0.109200 0.922700
vn -0.225700 0.108900 0.968100
vn -0.444400 -0.002000 0.895800
vn -0.300300 -0.002000 0.953800
vn -0.149700 -0.001900 0.988700
vn -0.512700 -0.116200 0.850700
vn -0.373100 -0.118800 0.920200
vn -0.221600 -0.118500 0.967900
vn -0.069100 -0.115300 0.990900
vn -0.570300 -0.227100 0.789400
vn -0.439300 -0.234900 0.867100
vn -0.291700 -0.237300 0.926600
vn -0.137600 -0.233600 0.962500
vn 0.011700 -0.224700 0.974300
vn -0.615100 -0.328900 0.716600
vn -0.495200 -0.343500 0.798000
vn -0.355800 -0.351000 0.866100
vn -0.204900 -0.350100 0.914000
vn -0.053400 -0.340800 0.938600
vn 0.088500 -0.324900 0.941600
vn 0.781300 0.215300 0.585900
vn 0.745900 0.110700 0.656800
vn 0.839600 0.111200 0.531600
vn 0.694400 -0.002000 0.719600
vn 0.800100 -0.002000 0.599900
vn 0.886000 -0.002000 0.463600
vn 0.628100 -0.116700 0.769300
vn 0.742300 -0.120400 0.659100
vn 0.840900 -0.121000 0.527500
vn 0.915700 -0.118400 0.384100
vn 0.550700 -0.227000 0.803200
vn 0.668600 -0.236900 0.704900
vn 0.776400 -0.241200 0.582200
vn 0.864200 -0.239100 0.442600
vn 0.926300 -0.231000 0.297500
vn 0.467700 -0.327200 0.821100
vn 0.584100 -0.344500 0.734900
vn 0.696100 -0.355100 0.624000
vn 0.793700 -0.356700 0.492700
vn 0.869000 -0.349100 0.350800
vn 0.919100 -0.333700 0.209500
vn 0.781300 0.215300 -0.585900
vn 0.839600 0.111200 -0.531600
vn 0.745900 0.110700 -0.656800
vn 0.886000 -0.002000 -0.463600
vn 0.800100 -0.002000 -0.599900
vn 0.694400 -0.002000 -0.719600
vn 0.915700 -0.118400 -0.384100
vn 0.840900 -0.121000 -0.527500
vn 0.742300 -0.120400 -0.659100
vn 0.628100 -0.116700 -0.769300
vn 0.926300 -0.231000 -0.297500
vn 0.864200 -0.239100 -0.442600
vn 0.776400 -0.241200 -0.582200
vn 0.668600 -0.236900 -0.704900
vn 0.550700 -0.227000 -0.803200
vn 0.919100 -0.333700 -0.209500
vn 0.869000 -0.349100 -0.350800
vn 0.793700 -0.356700 -0.492700
vn 0.696100 -0.355100 -0.624000
vn 0.584100 -0.344500 -0.734900
vn 0.467700 -0.327200 -0.821100
vn -0.293500 0.211700 -0.932200
vn -0.225700 0.108900 -0.968100
vn -0.369800 0.109200 -0.922700
vn -0.149700 -0.001900 -0.988700
vn -0.300300 -0.002000 -0.953800
vn -0.444400 -0.002000 -0.895800
vn -0.069100 -0.115300 -0.990900
vn -0.221600 -0.118500 -0.967900
vn -0.373100 -0.118800 -0.920200
vn -0.512700 -0.116200 -0.850700
vn 0.011700 -0.224700 -0.974300
vn -0.137600 -0.233600 -0.962500
vn -0.291700 -0.237300 -0.926600
vn -0.439300 -0.234900 -0.867100
vn -0.570300 -0.227100 -0.789400
vn 0.088500 -0.324900 -0.941600
vn -0.053400 -0.340800 -0.938600
vn -0.204900 -0.350100 -0.914000
vn -0.355800 -0.351000 -0.866100
vn -0.495200 -0.343500 -0.798000
vn -0.615100 -0.328900 -0.716600
vn -0.976000 0.217600 0.000000
vn -0.990500 0.112100 -0.080000
vn -0.990500 0.112100 0.080000
vn -0.986600 -0.002000 -0.163400
vn -1.000000 -0.002100 0.000000
vn -0.986600 -0.002000 0.163400
vn -0.962100 -0.118700 -0.245400
vn -0.989000 -0.122000 -0.084000
vn -0.989000 -0.122000 0.084000
vn -0.962100 -0.118700 0.245400
vn -0.918500 -0.230900 -0.321100
vn -0.956200 -0.240400 -0.167000
vn -0.969800 -0.243800 0.000000
vn -0.956200 -0.240400 0.167000
vn -0.918500 -0.230900 0.321100
vn -0.860100 -0.332600 -0.386800
vn -0.904500 -0.349800 -0.243900
vn -0.929500 -0.359400 -0.083500
vn -0.929500 -0.359400 0.083500
vn -0.904500 -0.349800 0.243900
vn -0.860100 -0.332600 0.386800
vn -0.593600 -0.527400 0.607900
vn -0.521900 -0.638600 0.565600
vn -0.469500 -0.553000 0.688300
vn -0.429600 -0.748500 0.505200
vn -0.381100 -0.664600 0.642700
vn -0.324700 -0.566600 0.757300
vn -0.318900 -0.846300 0.426600
vn -0.274100 -0.770200 0.576000
vn -0.222100 -0.672900 0.705600
vn -0.168200 -0.565200 0.807600
vn -0.197100 -0.921700 0.334200
vn -0.154100 -0.858300 0.489400
vn -0.106100 -0.768600 0.630900
vn -0.057500 -0.661500 0.747700
vn -0.012100 -0.549100 0.835700
vn -0.074300 -0.968900 0.235900
vn -0.030800 -0.920500 0.389500
vn 0.015000 -0.843600 0.536800
vn 0.059400 -0.744100 0.665400
vn 0.099200 -0.633100 0.767600
vn 0.132600 -0.521700 0.842800
vn 0.374200 -0.523800 0.765300
vn 0.358300 -0.635600 0.683900
vn 0.489500 -0.553400 0.673900
vn 0.332000 -0.746700 0.576400
vn 0.475800 -0.666300 0.574100
vn 0.602500 -0.571300 0.557300
vn 0.294400 -0.845900 0.444600
vn 0.447900 -0.773300 0.448800
vn 0.587100 -0.679400 0.440200
vn 0.702600 -0.573700 0.420900
vn 0.247300 -0.922300 0.297000
vn 0.405300 -0.862200 0.303900
vn 0.553900 -0.775900 0.302000
vn 0.681200 -0.671400 0.291700
vn 0.781400 -0.559900 0.275400
vn 0.194600 -0.970000 0.145900
vn 0.350800 -0.924200 0.151200
vn 0.503500 -0.850500 0.152400
vn 0.639800 -0.753900 0.149200
vn 0.751200 -0.644500 0.142300
vn 0.835500 -0.533200 0.133200
vn 0.835500 -0.533200 -0.133200
vn 0.751200 -0.644500 -0.142300
vn 0.781400 -0.559900 -0.275400
vn 0.639800 -0.753900 -0.149200
vn 0.681200 -0.671400 -0.291700
vn 0.702600 -0.573700 -0.420900
vn 0.503500 -0.850500 -0.152400
vn 0.553900 -0.775900 -0.302000
vn 0.587100 -0.679400 -0.440200
vn 0.602500 -0.571300 -0.557300
vn 0.350800 -0.924200 -0.151200
vn 0.405300 -0.862200 -0.303900
vn 0.447900 -0.773300 -0.448800
vn 0.475800 -0.666300 -0.574100
vn 0.489500 -0.553400 -0.673900
vn 0.194600 -0.970000 -0.145900
vn 0.247300 -0.922300 -0.297000
vn 0.294400 -0.845900 -0.444600
vn 0.332000 -0.746700 -0.576400
vn 0.358300 -0.635600 -0.683900
vn 0.374200 -0.523800 -0.765300
vn -0.748500 -0.530900 0.397400
vn -0.789300 -0.560200 0.251300
vn -0.686800 -0.642600 0.339600
vn -0.812400 -0.576700 0.086200
vn -0.718500 -0.672500 0.177500
vn -0.601700 -0.752800 0.267000
vn -0.812400 -0.576700 -0.086200
vn -0.730000 -0.683400 0.000000
vn -0.621700 -0.777900 0.091900
vn -0.494000 -0.850200 0.182000
vn -0.789300 -0.560200 -0.251300
vn -0.718500 -0.672500 -0.177500
vn -0.621700 -0.777900 -0.091900
vn -0.502400 -0.864700 0.000000
vn -0.370100 -0.924600 0.090500
vn -0.748500 -0.530900 -0.397400
vn -0.686800 -0.642600 -0.339600
vn -0.601700 -0.752800 -0.267000
vn -0.494000 -0.850200 -0.182000
vn -0.370100 -0.924600 -0.090500
vn -0.240700 -0.970600 0.000000
vn 0.132600 -0.521700 -0.842800
vn 0.099200 -0.633200 -0.767600
vn -0.012100 -0.549100 -0.835700
vn 0.059500 -0.744100 -0.665400
vn -0.057500 -0.661500 -0.747700
vn -0.168200 -0.565200 -0.807600
vn 0.015000 -0.843600 -0.536800
vn -0.106100 -0.768600 -0.630900
vn -0.222100 -0.672900 -0.705600
vn -0.324700 -0.566600 -0.757300
vn -0.030800 -0.920500 -0.389500
vn -0.154100 -0.858300 -0.489400
vn -0.274100 -0.770200 -0.576000
vn -0.381100 -0.664600 -0.642700
vn -0.469500 -0.553000 -0.688300
vn -0.074300 -0.968900 -0.235900
vn -0.197100 -0.921700 -0.334200
vn -0.318900 -0.846300 -0.426600
vn -0.429600 -0.748500 -0.505200
vn -0.521900 -0.638600 -0.565600
vn -0.593600 -0.527400 -0.607900
vn -0.669600 -0.539600 -0.510400
vn 0.251000 -0.529500 -0.810300
vn 0.837800 -0.546100 0.000000
vn 0.251000 -0.529500 0.810300
vn -0.669600 -0.539600 0.510400
vn -0.251000 0.529500 -0.810300
vn 0.669600 0.539600 -0.510400
vn 0.669600 0.539600 0.510400
vn -0.251000 0.529500 0.810300
vn -0.837800 0.546100 0.000000
vn 0.197600 -0.744100 -0.638200
vn 0.131200 -0.896400 -0.423500
vn 0.062500 -0.977500 -0.201500
vn -0.163500 -0.978700 -0.124500
vn -0.345100 -0.900900 -0.263000
vn -0.523600 -0.752700 -0.399200
vn -0.473900 -0.592500 -0.651400
vn -0.234600 -0.609500 -0.757300
vn 0.018300 -0.586000 -0.810100
vn -0.749400 -0.601900 0.275900
vn -0.780100 -0.625600 0.000000
vn -0.749400 -0.601900 -0.275900
vn -0.163500 -0.978700 0.124500
vn -0.345100 -0.900900 0.263000
vn -0.523600 -0.752700 0.399200
vn 0.652100 -0.758100 0.000000
vn 0.427900 -0.903800 0.000000
vn 0.202000 -0.979400 0.000000
vn 0.443600 -0.591600 -0.673300
vn 0.624500 -0.619300 -0.475900
vn 0.761400 -0.602600 -0.239000
vn 0.197600 -0.744100 0.638200
vn 0.131100 -0.896400 0.423500
vn 0.062500 -0.977500 0.201500
vn 0.761400 -0.602600 0.239000
vn 0.624500 -0.619300 0.475900
vn 0.443600 -0.591600 0.673300
vn 0.018300 -0.586000 0.810100
vn -0.234600 -0.609500 0.757300
vn -0.473900 -0.592500 0.651400
vn -0.937800 0.309200 -0.157800
vn -0.946600 -0.000100 -0.322400
vn -0.840400 -0.306900 -0.446700
vn -0.840400 -0.306900 0.446700
vn -0.946600 -0.000100 0.322400
vn -0.937800 0.309200 0.157800
vn -0.140500 0.297100 -0.944500
vn 0.140500 -0.297100 -0.944500
vn -0.656200 -0.302900 -0.691100
vn -0.569700 0.000100 -0.821900
vn -0.418800 0.299400 -0.857300
vn 0.840400 0.306900 -0.446700
vn 0.946600 0.000100 -0.322400
vn 0.937800 -0.309200 -0.157800
vn 0.418800 -0.299400 -0.857300
vn 0.569700 -0.000100 -0.821900
vn 0.656200 0.302900 -0.691100
vn 0.656200 0.302900 0.691100
vn 0.569700 -0.000100 0.821900
vn 0.418800 -0.299400 0.857300
vn 0.937800 -0.309200 0.157800
vn 0.946600 0.000100 0.322400
vn 0.840400 0.306900 0.446700
vn -0.418800 0.299400 0.857300
vn -0.569700 0.000100 0.821900
vn -0.656200 -0.302900 0.691100
vn 0.140500 -0.297100 0.944500
vn -0.140500 0.297100 0.944500
vn -0.761400 0.602600 -0.239000
vn -0.624500 0.619300 -0.475900
vn -0.443600 0.591600 -0.673300
vn -0.018300 0.586000 -0.810100
vn 0.234600 0.609500 -0.757300
vn 0.473900 0.592500 -0.651400
vn 0.749400 0.601900 -0.275900
vn 0.780100 0.625600 0.000000
vn 0.749400 0.601900 0.275900
vn 0.473900 0.592500 0.651400
vn 0.234600 0.609500 0.757300
vn -0.018300 0.586000 0.810100
vn -0.443600 0.591600 0.673300
vn -0.624500 0.619300 0.475900
vn -0.761400 0.602600 0.239000
vn -0.062500 0.977500 -0.201500
vn -0.131100 0.896400 -0.423500
vn -0.197600 0.744100 -0.638200
vn -0.652100 0.758100 0.000000
vn -0.427900 0.903800 0.000000
vn -0.202000 0.979400 0.000000
vn 0.163500 0.978700 -0.124500
vn 0.345100 0.900900 -0.263000
vn 0.523600 0.752700 -0.399200
vn 0.163500 0.978700 0.124500
vn 0.345100 0.900900 0.263000
vn 0.523600 0.752700 0.399200
vn -0.062500 0.977500 0.201500
vn -0.131100 0.896400 0.423500
vn -0.197600 0.744100 0.638200
vn -0.294500 0.928900 0.224500
vn -0.538700 0.807800 0.239300
vn -0.380700 0.802100 0.460100
vn 0.112000 0.925500 0.361800
vn 0.049800 0.796500 0.602600
vn 0.298700 0.799900 0.520500
vn 0.364800 0.931100 0.000000
vn 0.570900 0.809200 0.138800
vn 0.570900 0.809200 -0.138800
vn 0.112100 0.925500 -0.361800
vn 0.298700 0.799900 -0.520500
vn 0.049800 0.796500 -0.602600
vn -0.294500 0.928900 -0.224500
vn -0.380700 0.802100 -0.460100
vn -0.538700 0.807800 -0.239300
vn -0.831100 0.341500 0.438900
vn -0.795500 0.011300 0.605800
vn -0.646600 0.337300 0.684200
vn 0.136800 0.331000 0.933700
vn 0.296000 0.011000 0.955100
vn 0.415900 0.333400 0.846100
vn 0.925500 0.344000 0.158300
vn 0.999900 0.011500 0.000000
vn 0.925500 0.344000 -0.158300
vn 0.415900 0.333400 -0.846100
vn 0.296000 0.011000 -0.955100
vn 0.136800 0.331000 -0.933700
vn -0.646600 0.337300 -0.684200
vn -0.795500 0.011300 -0.605800
vn -0.831100 0.341500 -0.438900
vn -0.296000 -0.011000 0.955100
vn -0.415900 -0.333400 0.846100
vn -0.136800 -0.331000 0.933700
vn 0.795500 -0.011300 0.605800
vn 0.646600 -0.337300 0.684200
vn 0.831100 -0.341500 0.438900
vn 0.795500 -0.011300 -0.605800
vn 0.831100 -0.341500 -0.438900
vn 0.646600 -0.337300 -0.684200
vn -0.296000 -0.011000 -0.955100
vn -0.136800 -0.331000 -0.933700
vn -0.415900 -0.333400 -0.846100
vn -0.999900 -0.011500 0.000000
vn -0.925500 -0.344000 -0.158300
vn -0.925500 -0.344000 0.158300
vn -0.298700 -0.799900 0.520500
vn -0.112100 -0.925500 0.361800
vn -0.049800 -0.796500 0.602600
vn 0.380700 -0.802100 0.460100
vn 0.294500 -0.928900 0.224500
vn 0.538700 -0.807800 0.239300
vn 0.538700 -0.807800 -0.239300
vn 0.294500 -0.928900 -0.224500
vn 0.380700 -0.802100 -0.460100
vn -0.570900 -0.809200 0.138800
vn -0.570900 -0.809200 -0.138800
vn -0.364800 -0.931100 0.000000
vn -0.049800 -0.796500 -0.602600
vn -0.112100 -0.925500 -0.361800
vn -0.298700 -0.799900 -0.520500
vn -0.004400 -1.000000 0.000000
vn -0.864000 -0.298400 -0.405500
vn 0.396800 -0.378500 -0.836200
vn 0.964600 -0.263800 0.000000
vn 0.396800 -0.378500 0.836300
vn -0.864000 -0.298500 0.405500
vn -0.396800 0.378500 -0.836200
vn 0.864000 0.298500 -0.405500
vn 0.864000 0.298500 0.405500
vn -0.396800 0.378500 0.836200
vn -0.964600 0.263800 0.000000
vn 0.004300 1.000000 0.000000
vn 0.237900 -0.805000 -0.543400
vn -0.605400 -0.732200 -0.312100
vn -0.379600 -0.461400 -0.801900
vn -0.944500 -0.328500 0.000000
vn -0.605400 -0.732200 0.312100
vn 0.727900 -0.685700 0.000000
vn 0.840500 -0.368700 -0.397000
vn 0.237900 -0.805000 0.543400
vn 0.840500 -0.368700 0.397000
vn -0.379600 -0.461400 0.801900
vn -0.979200 0.001500 -0.202900
vn -0.979200 0.001500 0.202900
vn -0.736300 -0.004500 -0.676700
vn 0.979200 -0.001500 -0.202900
vn 0.736300 0.004500 -0.676700
vn 0.736300 0.004500 0.676700
vn 0.979200 -0.001500 0.202900
vn -0.736300 -0.004500 0.676700
vn -0.840500 0.368700 -0.397000
vn 0.379600 0.461400 -0.801900
vn 0.944500 0.328500 0.000000
vn 0.379600 0.461400 0.801900
vn -0.840500 0.368700 0.397000
vn -0.237900 0.805000 -0.543400
vn -0.727900 0.685700 0.000000
vn 0.605400 0.732200 -0.312100
vn 0.605400 0.732200 0.312100
vn -0.237900 0.805000 0.543400
vn -0.005200 -1.000000 0.000000
vn -0.616500 -0.335700 -0.712200
vn 0.184700 -0.263000 -0.946900
vn 0.916100 -0.400900 0.000000
vn 0.184700 -0.263000 0.946900
vn -0.616500 -0.335700 0.712200
vn -0.184700 0.263000 -0.946900
vn 0.616500 0.335700 -0.712200
vn 0.616500 0.335700 0.712200
vn -0.184700 0.263000 0.946900
vn -0.916100 0.400900 0.000000
vn 0.005200 1.000000 0.000000
vn 0.155000 -0.688100 -0.708900
vn -0.440500 -0.771700 -0.458800
vn -0.181600 -0.327500 -0.927200
vn -0.874100 -0.485700 0.000000
vn -0.440500 -0.771700 0.458800
vn 0.569400 -0.822100 0.000000
vn 0.598700 -0.413500 -0.686000
vn 0.155000 -0.688100 0.708900
vn 0.598700 -0.413500 0.686000
vn -0.181600 -0.327500 0.927200
vn -0.899300 -0.004600 -0.437400
vn -0.899300 -0.004600 0.437400
vn -0.405900 0.003300 -0.913900
vn 0.899300 0.004600 -0.437400
vn 0.405900 -0.003300 -0.913900
vn 0.405900 -0.003300 0.913900
vn 0.899300 0.004600 0.437400
vn -0.405900 0.003300 0.913900
vn -0.598700 0.413500 -0.686000
vn 0.181600 0.327500 -0.927200
vn 0.874100 0.485700 0.000000
vn 0.181600 0.327500 0.927200
vn -0.598700 0.413500 0.686000
vn -0.155000 0.688100 -0.708900
vn -0.569400 0.822100 0.000000
vn 0.440500 0.771700 -0.458800
vn 0.440500 0.771700 0.458800
vn -0.155000 0.688100 0.708900
vn -0.003900 -1.000000 0.000000
vn -0.625500 -0.386600 -0.677700
vn 0.195800 -0.316800 -0.928100
vn 0.896100 -0.443800 0.000000
vn 0.195800 -0.316800 0.928100
vn -0.625500 -0.386600 0.677700
vn -0.195800 0.316800 -0.928100
vn 0.625500 0.386600 -0.677700
vn 0.625500 0.386600 0.677700
vn -0.195800 0.316800 0.928100
vn -0.896100 0.443800 0.000000
vn 0.003900 1.000000 0.000000
vn 0.147100 -0.745800 -0.649700
vn -0.409900 -0.810100 -0.419200
vn -0.190100 -0.388100 -0.901800
vn -0.850700 -0.525700 0.000000
vn -0.409900 -0.810100 0.419200
vn 0.601300 -0.465100 -0.649700
vn 0.147100 -0.745800 0.649700
vn 0.601300 -0.465100 0.649700
vn -0.190100 -0.388100 0.901800
vn -0.907900 -0.004400 -0.419200
vn -0.907900 -0.004400 0.419200
vn -0.432100 0.003500 -0.901800
vn 0.907900 0.004400 -0.419200
vn 0.432100 -0.003500 -0.901800
vn 0.432100 -0.003500 0.901800
vn 0.907900 0.004400 0.419200
vn -0.432100 0.003500 0.901800
vn -0.601300 0.465100 -0.649700
vn 0.190100 0.388100 -0.901800
vn 0.850700 0.525700 0.000000
vn 0.190100 0.388100 0.901800
vn -0.601300 0.465100 0.649700
vn -0.147100 0.745800 -0.649700
vn 0.409900 0.810100 -0.419200
vn 0.409900 0.810100 0.419200
vn -0.147100 0.745800 0.649700
vn 0.464700 -0.671400 -0.577300
vn 0.671400 0.464700 -0.577300
vn 0.464700 -0.671400 0.577300
vn 0.671400 0.464700 0.577400
vn -0.671400 -0.464700 -0.577400
vn -0.464700 0.671400 -0.577400
vn -0.671400 -0.464700 0.577400
vn -0.464700 0.671400 0.577400
vn 0.671400 -0.464700 -0.577400
vn 0.464700 0.671400 -0.577400
vn 0.671400 -0.464700 0.577400
vn 0.464700 0.671400 0.577400
vn -0.464700 -0.671400 -0.577300
vn -0.671400 0.464700 -0.577300
vn -0.464700 -0.671400 0.577300
vn -0.671400 0.464700 0.577400
vn -0.000500 -1.000000 0.000000
vn -0.788600 -0.355800 -0.501500
vn 0.320400 -0.381000 -0.867300
vn 0.939800 -0.341600 0.000000
vn 0.320400 -0.381000 0.867300
vn -0.788600 -0.355800 0.501500
vn -0.320400 0.381000 -0.867300
vn 0.788600 0.355800 -0.501500
vn 0.788600 0.355800 0.501500
vn -0.320400 0.381000 0.867300
vn -0.939800 0.341600 0.000000
vn 0.000500 1.000000 0.000000
vn 0.202800 -0.803200 -0.560100
vn -0.522900 -0.781700 -0.339800
vn -0.307700 -0.459300 -0.833300
vn -0.909400 -0.415900 0.000000
vn -0.522900 -0.781700 0.339800
vn 0.639900 -0.768400 0.000000
vn 0.761100 -0.431500 -0.484300
vn 0.202800 -0.803200 0.560100
vn 0.761100 -0.431500 0.484300
vn -0.307700 -0.459300 0.833300
vn -0.961900 0.000800 -0.273500
vn -0.961900 0.000800 0.273500
vn -0.636600 -0.001500 -0.771200
vn 0.961900 -0.000800 -0.273500
vn 0.636600 0.001500 -0.771200
vn 0.636600 0.001500 0.771200
vn 0.961900 -0.000800 0.273500
vn -0.636600 -0.001500 0.771200
vn -0.761100 0.431500 -0.484300
vn 0.307700 0.459300 -0.833300
vn 0.909400 0.415900 0.000000
vn 0.307700 0.459300 0.833300
vn -0.761100 0.431500 0.484300
vn -0.202800 0.803200 -0.560100
vn -0.639900 0.768400 0.000000
vn 0.522900 0.781700 -0.339800
vn 0.522900 0.781700 0.339800
vn -0.202800 0.803200 0.560100
vn 0.577400 -0.577400 -0.577400
vn 0.577400 0.577400 -0.577400
vn 0.577400 -0.577400 0.577400
vn 0.577400 0.577400 0.577400
vn -0.577400 -0.577400 -0.577400
vn -0.577400 0.577400 -0.577400
vn -0.577400 -0.577400 0.577400
vn -0.577400 0.577400 0.577400
vn -0.702100 -0.506400 -0.500500
vn 0.270300 -0.510400 -0.816300
vn 0.863700 -0.504000 0.000000
vn 0.270300 -0.510400 0.816300
vn -0.702100 -0.506400 0.500500
vn -0.270300 0.510400 -0.816300
vn 0.702100 0.506400 -0.500500
vn 0.702100 0.506400 0.500500
vn -0.270300 0.510400 0.816300
vn -0.863700 0.504000 0.000000
vn 0.216000 -0.726600 -0.652200
vn 0.145200 -0.887000 -0.438400
vn 0.069600 -0.975200 -0.210300
vn -0.182300 -0.974600 -0.130000
vn -0.379200 -0.885000 -0.270300
vn -0.562500 -0.723000 -0.401000
vn -0.505800 -0.566400 -0.650600
vn -0.253700 -0.590400 -0.766200
vn 0.019500 -0.569100 -0.822000
vn -0.781600 -0.562700 0.269200
vn -0.811800 -0.584000 0.000000
vn -0.781600 -0.562700 -0.269200
vn -0.182300 -0.974600 0.130000
vn -0.379200 -0.885000 0.270300
vn -0.562500 -0.723000 0.401000
vn 0.693100 -0.720800 0.000000
vn 0.468000 -0.883700 0.000000
vn 0.225300 -0.974300 0.000000
vn 0.474500 -0.566800 -0.673400
vn 0.659600 -0.586400 -0.470200
vn 0.793300 -0.562500 -0.232900
vn 0.216000 -0.726600 0.652200
vn 0.145200 -0.887000 0.438400
vn 0.069600 -0.975200 0.210300
vn 0.793300 -0.562500 0.232900
vn 0.659600 -0.586400 0.470200
vn 0.474500 -0.566800 0.673400
vn 0.019500 -0.569100 0.822000
vn -0.253700 -0.590400 0.766200
vn -0.505800 -0.566400 0.650600
vn -0.948200 0.280500 -0.149300
vn -0.952700 -0.000000 -0.303800
vn -0.859200 -0.281300 -0.427400
vn -0.859200 -0.281300 0.427400
vn -0.952700 -0.000000 0.303800
vn -0.948200 0.280500 0.149300
vn -0.150800 0.285100 -0.946600
vn 0.150800 -0.285100 -0.946600
vn -0.683200 -0.282800 -0.673200
vn -0.594900 -0.000000 -0.803800
vn -0.443500 0.284100 -0.850000
vn 0.859200 0.281300 -0.427400
vn 0.952700 -0.000000 -0.303800
vn 0.948200 -0.280500 -0.149300
vn 0.443500 -0.284100 -0.850000
vn 0.594900 -0.000000 -0.803800
vn 0.683200 0.282800 -0.673200
vn 0.683200 0.282800 0.673200
vn 0.594900 -0.000000 0.803800
vn 0.443500 -0.284100 0.850000
vn 0.948200 -0.280500 0.149300
vn 0.952700 -0.000000 0.303800
vn 0.859200 0.281300 0.427400
vn -0.443500 0.284100 0.850000
vn -0.594900 -0.000000 0.803800
vn -0.683200 -0.282800 0.673200
vn 0.150800 -0.285100 0.946600
vn -0.150800 0.285100 0.946600
vn -0.793300 0.562500 -0.232900
vn -0.659600 0.586400 -0.470200
vn -0.474500 0.566800 -0.673400
vn -0.019500 0.569100 -0.822000
vn 0.253700 0.590400 -0.766200
vn 0.505800 0.566400 -0.650600
vn 0.781600 0.562700 -0.269200
vn 0.811800 0.584000 0.000000
vn 0.781600 0.562700 0.269200
vn 0.505800 0.566400 0.650600
vn 0.253700 0.590400 0.766200
vn -0.019500 0.569100 0.822000
vn -0.474500 0.566800 0.673400
vn -0.659600 0.586400 0.470200
vn -0.793300 0.562500 0.232900
vn -0.069600 0.975200 -0.210300
vn -0.145200 0.887000 -0.438400
vn -0.216000 0.726600 -0.652200
vn -0.693100 0.720800 0.000000
vn -0.468000 0.883700 0.000000
vn -0.225300 0.974300 0.000000
vn 0.182300 0.974600 -0.130000
vn 0.379200 0.885000 -0.270300
vn 0.562500 0.723000 -0.401000
vn 0.182300 0.974600 0.130000
vn 0.379200 0.885000 0.270300
vn 0.562500 0.723000 0.401000
vn -0.069600 0.975200 0.210300
vn -0.145200 0.887000 0.438400
vn -0.216000 0.726600 0.652200
vn -0.325100 0.916900 0.231700
vn -0.579800 0.778300 0.241000
vn -0.414000 0.780700 0.468100
vn 0.124400 0.918400 0.375600
vn 0.054700 0.783100 0.619500
vn 0.326200 0.781600 0.531700
vn 0.401400 0.915900 0.000000
vn 0.613000 0.777700 0.139400
vn 0.613000 0.777700 -0.139400
vn 0.124400 0.918400 -0.375600
vn 0.326200 0.781600 -0.531700
vn 0.054700 0.783100 -0.619500
vn -0.325100 0.916900 -0.231700
vn -0.414000 0.780700 -0.468100
vn -0.579800 0.778300 -0.241000
vn -0.851100 0.314000 0.420800
vn -0.814100 0.010400 0.580600
vn -0.674100 0.315500 0.667800
vn 0.146600 0.318000 0.936700
vn 0.314200 0.010500 0.949300
vn 0.440900 0.317000 0.839700
vn 0.937800 0.313100 0.150100
vn 0.999900 0.010300 0.000000
vn 0.937800 0.313100 -0.150100
vn 0.440900 0.317000 -0.839700
vn 0.314200 0.010500 -0.949300
vn 0.146600 0.318000 -0.936700
vn -0.674100 0.315500 -0.667800
vn -0.814100 0.010400 -0.580600
vn -0.851100 0.314000 -0.420800
vn -0.314200 -0.010500 0.949300
vn -0.440900 -0.317000 0.839700
vn -0.146600 -0.318000 0.936700
vn 0.814100 -0.010400 0.580600
vn 0.674100 -0.315500 0.667800
vn 0.851100 -0.314000 0.420800
vn 0.814100 -0.010400 -0.580600
vn 0.851100 -0.314000 -0.420800
vn 0.674100 -0.315500 -0.667800
vn -0.314200 -0.010500 -0.949300
vn -0.146600 -0.318000 -0.936700
vn -0.440900 -0.317000 -0.839700
vn -0.999900 -0.010300 0.000000
vn -0.937800 -0.313100 -0.150100
vn -0.937800 -0.313100 0.150100
vn -0.326200 -0.781600 0.531700
vn -0.124400 -0.918400 0.375600
vn -0.054700 -0.783100 0.619500
vn 0.414000 -0.780700 0.468100
vn 0.325100 -0.916900 0.231700
vn 0.579800 -0.778300 0.241000
vn 0.579800 -0.778300 -0.241000
vn 0.325100 -0.916900 -0.231700
vn 0.414000 -0.780700 -0.468100
vn -0.613000 -0.777700 0.139400
vn -0.613000 -0.777700 -0.139400
vn -0.401400 -0.915900 0.000000
vn -0.054700 -0.783100 -0.619500
vn -0.124400 -0.918400 -0.375600
vn -0.326200 -0.781600 -0.531700
vn -0.003400 -1.000000 0.000000
vn -0.637000 -0.377200 -0.672300
vn 0.201600 -0.312300 -0.928400
vn 0.903000 -0.429600 0.000000
vn 0.201600 -0.312300 0.928400
vn -0.637000 -0.377200 0.672300
vn -0.201600 0.312300 -0.928400
vn 0.637000 0.377200 -0.672300
vn 0.637000 0.377200 0.672300
vn -0.201600 0.312300 0.928400
vn -0.903000 0.429600 0.000000
vn 0.003400 1.000000 0.000000
vn 0.152200 -0.741300 -0.653700
vn -0.422800 -0.802600 -0.420800
vn -0.196100 -0.383200 -0.902600
vn -0.859200 -0.511700 0.000000
vn -0.422800 -0.802600 0.420800
vn 0.541000 -0.841100 0.000000
vn 0.613300 -0.455500 -0.645300
vn 0.152200 -0.741300 0.653700
vn 0.613300 -0.455500 0.645300
vn -0.196100 -0.383200 0.902600
vn -0.910900 -0.003900 -0.412500
vn -0.910900 -0.003900 0.412500
vn -0.442000 0.003300 -0.897000
vn 0.910900 0.003900 -0.412500
vn 0.442000 -0.003300 -0.897000
vn 0.442000 -0.003300 0.897000
vn 0.910900 0.003900 0.412500
vn -0.442000 0.003300 0.897000
vn -0.613300 0.455500 -0.645300
vn 0.196100 0.383200 -0.902600
vn 0.859200 0.511700 0.000000
vn 0.196100 0.383200 0.902600
vn -0.613300 0.455500 0.645300
vn -0.152200 0.741300 -0.653700
vn -0.541000 0.841100 0.000000
vn 0.422800 0.802600 -0.420800
vn 0.422800 0.802600 0.420800
vn -0.152200 0.741300 0.653700
vn -0.550000 -0.389600 0.738700
vn -0.361400 0.796000 0.485500
vn -0.894200 -0.444800 -0.051500
vn -0.641100 0.751300 -0.156700
vn -0.382600 -0.555000 -0.738600
vn -0.225400 0.661700 -0.715100
vn 0.473200 -0.610100 -0.635500
vn 0.470000 0.616900 -0.631300
vn 0.817300 -0.555000 0.154700
vn 0.749700 0.661700 0.010900
vn 0.305700 -0.444800 0.841900
vn 0.334000 0.751300 0.569300
vn -0.281300 -0.447700 0.848800
vn -0.206000 0.755700 0.621700
vn -0.855700 -0.475400 0.204400
vn -0.672800 0.733300 0.098000
vn -0.584600 -0.530600 -0.613800
vn -0.452500 0.688400 -0.566900
vn 0.261000 -0.558200 -0.787600
vn 0.234700 0.665900 -0.708100
vn 0.835400 -0.530600 -0.143200
vn 0.701500 0.688400 -0.184500
vn 0.564300 -0.475400 0.675000
vn 0.481200 0.733300 0.480400
vn -0.000000 -0.504000 0.863700
vn -0.000000 0.712300 0.701900
vn -0.748000 -0.504000 0.431800
vn -0.607900 0.712300 0.350900
vn -0.748000 -0.504000 -0.431800
vn -0.607900 0.712300 -0.350900
vn -0.000000 -0.504000 -0.863700
vn -0.000000 0.712300 -0.701900
vn 0.748000 -0.504000 -0.431900
vn 0.607900 0.712300 -0.350900
vn 0.748000 -0.504000 0.431800
vn 0.607900 0.712300 0.350900
vn 0.281300 -0.447700 0.848800
vn 0.206000 0.755700 0.621700
vn -0.564300 -0.475400 0.675000
vn -0.481200 0.733300 0.480400
vn -0.835400 -0.530600 -0.143200
vn -0.701500 0.688400 -0.184500
vn -0.261000 -0.558200 -0.787600
vn -0.234700 0.665900 -0.708100
vn 0.584600 -0.530600 -0.613800
vn 0.452500 0.688400 -0.566900
vn 0.855700 -0.475400 0.204400
vn 0.672800 0.733300 0.098000
vn 0.550000 -0.389600 0.738700
vn 0.361500 0.796000 0.485500
vn -0.305700 -0.444800 0.841900
vn -0.334000 0.751300 0.569300
vn -0.817300 -0.555000 0.154700
vn -0.749700 0.661700 0.010900
vn -0.473200 -0.610100 -0.635500
vn -0.470000 0.616900 -0.631300
vn 0.382600 -0.555000 -0.738600
vn 0.225400 0.661600 -0.715100
vn 0.894200 -0.444800 -0.051500
vn 0.641100 0.751200 -0.156700
vt 0.457972 0.286670
vt 0.456686 0.412738
vt 0.442926 0.412738
vt 0.441191 0.286670
vt 0.432621 0.412897
vt 0.428624 0.286864
vt 0.097497 0.436585
vt 0.095273 0.562541
vt 0.081693 0.562583
vt 0.080937 0.436637
vt 0.069161 0.562541
vt 0.065654 0.436585
vt 0.549398 0.138006
vt 0.546030 0.263909
vt 0.534071 0.264095
vt 0.534814 0.138233
vt 0.520311 0.264095
vt 0.518034 0.138233
vt 0.510005 0.263909
vt 0.505466 0.138006
vt 0.043113 0.436619
vt 0.040634 0.562644
vt 0.027054 0.562616
vt 0.026552 0.436585
vt 0.429277 0.739358
vt 0.442431 0.743633
vt 0.450561 0.754824
vt 0.450561 0.768655
vt 0.442431 0.779844
vt 0.429277 0.784118
vt 0.416123 0.779843
vt 0.407993 0.768652
vt 0.407993 0.754821
vt 0.416123 0.743632
vt 0.014523 0.562644
vt 0.011271 0.436619
vt 0.472556 0.286864
vt 0.468645 0.412897
vt 0.191554 0.656470
vt 0.191554 0.673338
vt 0.181640 0.686983
vt 0.165598 0.692195
vt 0.149556 0.686982
vt 0.139642 0.673335
vt 0.139642 0.656467
vt 0.149556 0.642821
vt 0.165598 0.637610
vt 0.181640 0.642823
vt 0.561359 0.435271
vt 0.562571 0.545584
vt 0.553134 0.545715
vt 0.549635 0.435433
vt 0.646547 0.286673
vt 0.643816 0.396928
vt 0.633407 0.396926
vt 0.633614 0.286670
vt 0.622665 0.396928
vt 0.620268 0.286673
vt 0.608065 0.138006
vt 0.604187 0.248170
vt 0.595653 0.248322
vt 0.597462 0.138195
vt 0.584547 0.248322
vt 0.583663 0.138195
vt 0.575110 0.248170
vt 0.571939 0.138006
vt 0.656885 0.138006
vt 0.654128 0.248243
vt 0.643719 0.248258
vt 0.643951 0.138024
vt 0.632977 0.248243
vt 0.630606 0.138006
vt 0.816121 0.723430
vt 0.822664 0.714423
vt 0.833251 0.710983
vt 0.843839 0.714422
vt 0.850383 0.723428
vt 0.850383 0.734561
vt 0.843839 0.743568
vt 0.833251 0.747008
vt 0.822664 0.743569
vt 0.816121 0.734563
vt 0.585761 0.435433
vt 0.582211 0.545715
vt 0.573677 0.545584
vt 0.575158 0.435271
vt 0.369950 0.764582
vt 0.369950 0.778414
vt 0.361821 0.789604
vt 0.348667 0.793878
vt 0.335513 0.789604
vt 0.327383 0.778414
vt 0.327383 0.764582
vt 0.335513 0.753392
vt 0.348667 0.749118
vt 0.361821 0.753392
vt 0.162589 0.575663
vt 0.171622 0.591752
vt 0.155326 0.598865
vt 0.177983 0.602967
vt 0.184502 0.578407
vt 0.149086 0.573867
vt 0.161525 0.551304
vt 0.175454 0.562358
vt 0.775419 0.720704
vt 0.773940 0.695507
vt 0.783771 0.709122
vt 0.917546 0.301699
vt 0.919012 0.314779
vt 0.909197 0.310389
vt 0.770780 0.063650
vt 0.772169 0.085388
vt 0.762409 0.078333
vt 0.770780 0.020070
vt 0.772267 0.039105
vt 0.762469 0.024112
vt 0.915980 0.138006
vt 0.917464 0.152894
vt 0.907664 0.144711
vt 0.783771 0.734738
vt 0.909197 0.293382
vt 0.762469 0.049728
vt 0.762409 0.011271
vt 0.775380 0.672041
vt 0.783712 0.659854
vt 0.783748 0.680519
vt 0.272272 0.619173
vt 0.259504 0.603859
vt 0.272992 0.602022
vt 0.295968 0.600367
vt 0.285872 0.615367
vt 0.286920 0.590968
vt 0.289450 0.550359
vt 0.295968 0.574919
vt 0.283089 0.561574
vt 0.261725 0.538258
vt 0.275841 0.538412
vt 0.266792 0.554462
vt 0.251108 0.580787
vt 0.253304 0.556298
vt 0.260552 0.579460
vt 0.274056 0.577663
vt 0.793543 0.673469
vt 0.792105 0.695205
vt 0.899307 0.153020
vt 0.897811 0.138580
vt 0.907664 0.161719
vt 0.897811 0.166099
vt 0.752611 0.021894
vt 0.754111 0.038144
vt 0.752611 0.063341
vt 0.754008 0.086809
vt 0.899382 0.301555
vt 0.900848 0.286670
vt 0.900848 0.315604
vt 0.793579 0.719750
vt 0.792106 0.738785
vt 0.915980 0.166941
vt 0.762312 0.099001
vt 0.919012 0.287261
vt 0.783748 0.747583
vt 0.773940 0.736954
vt 0.174405 0.537959
vt 0.184502 0.552959
vt 0.160806 0.534153
vt 0.148037 0.549468
vt 0.139642 0.572539
vt 0.141838 0.597029
vt 0.150258 0.615069
vt 0.164374 0.614914
vt 0.482924 0.138105
vt 0.479123 0.264128
vt 0.467215 0.264048
vt 0.468402 0.138006
vt 0.453445 0.264048
vt 0.451610 0.138006
vt 0.443073 0.264128
vt 0.438961 0.138105
vt 0.460621 0.435439
vt 0.458201 0.561349
vt 0.444766 0.561425
vt 0.444237 0.435531
vt 0.431963 0.561349
vt 0.428624 0.435439
vt 0.539060 0.286669
vt 0.535536 0.412621
vt 0.523627 0.412730
vt 0.524537 0.286802
vt 0.509857 0.412730
vt 0.507744 0.286802
vt 0.499486 0.412621
vt 0.495097 0.286669
vt 0.773940 0.785590
vt 0.782069 0.774399
vt 0.795222 0.770124
vt 0.808376 0.774397
vt 0.816505 0.785586
vt 0.816505 0.799418
vt 0.808376 0.810608
vt 0.795222 0.814884
vt 0.782069 0.810610
vt 0.773940 0.799421
vt 0.527094 0.435347
vt 0.524373 0.561392
vt 0.510938 0.561330
vt 0.510710 0.435271
vt 0.498135 0.561392
vt 0.495097 0.435347
vt 0.293104 0.646928
vt 0.303017 0.660575
vt 0.303017 0.677443
vt 0.293104 0.691088
vt 0.277063 0.696299
vt 0.261022 0.691086
vt 0.251109 0.677439
vt 0.251109 0.660571
vt 0.261022 0.646926
vt 0.277063 0.641714
vt 0.573325 0.286670
vt 0.574537 0.396983
vt 0.565100 0.397113
vt 0.561601 0.286831
vt 0.374876 0.543132
vt 0.372145 0.653388
vt 0.361736 0.653385
vt 0.361943 0.543129
vt 0.350994 0.653388
vt 0.348597 0.543132
vt 0.644428 0.435271
vt 0.640550 0.545435
vt 0.632016 0.545586
vt 0.633825 0.435459
vt 0.620910 0.545586
vt 0.620026 0.435459
vt 0.611473 0.545435
vt 0.608302 0.435271
vt 0.634581 0.568127
vt 0.631824 0.678364
vt 0.621415 0.678379
vt 0.621648 0.568145
vt 0.610673 0.678364
vt 0.608302 0.568127
vt 0.801658 0.840866
vt 0.808202 0.849872
vt 0.808202 0.861005
vt 0.801658 0.870011
vt 0.791071 0.873451
vt 0.780483 0.870010
vt 0.773940 0.861003
vt 0.773940 0.849870
vt 0.780483 0.840864
vt 0.791071 0.837425
vt 0.597727 0.286831
vt 0.594177 0.397113
vt 0.585643 0.396983
vt 0.587124 0.286670
vt 0.691560 0.760896
vt 0.699690 0.772087
vt 0.699690 0.785918
vt 0.691560 0.797107
vt 0.678406 0.801381
vt 0.665252 0.797106
vt 0.657122 0.785915
vt 0.657122 0.772084
vt 0.665252 0.760895
vt 0.678406 0.756621
vt 0.523698 0.052781
vt 0.532730 0.068869
vt 0.516434 0.075982
vt 0.539091 0.080085
vt 0.545610 0.055525
vt 0.510194 0.050984
vt 0.522634 0.028422
vt 0.536562 0.039476
vt 0.775418 0.608325
vt 0.773940 0.583129
vt 0.783771 0.596744
vt 0.568328 0.907202
vt 0.569794 0.920282
vt 0.559979 0.915892
vt 0.626471 0.753299
vt 0.627861 0.775037
vt 0.618100 0.767982
vt 0.626471 0.709719
vt 0.627958 0.728754
vt 0.618160 0.713762
vt 0.915621 0.351258
vt 0.917105 0.366145
vt 0.907306 0.357963
vt 0.783771 0.622360
vt 0.559979 0.898885
vt 0.618160 0.739377
vt 0.618100 0.700920
vt 0.775380 0.559663
vt 0.783712 0.547476
vt 0.783748 0.568141
vt 0.589315 0.092186
vt 0.576547 0.076872
vt 0.590035 0.075035
vt 0.613011 0.073380
vt 0.602915 0.088380
vt 0.603963 0.063981
vt 0.606492 0.023372
vt 0.613011 0.047932
vt 0.600131 0.034587
vt 0.578768 0.011271
vt 0.592883 0.011425
vt 0.583835 0.027475
vt 0.568151 0.053800
vt 0.570347 0.029311
vt 0.577595 0.052473
vt 0.591099 0.050676
vt 0.793543 0.561091
vt 0.792105 0.582826
vt 0.898948 0.366272
vt 0.897453 0.351832
vt 0.907306 0.374970
vt 0.897453 0.379350
vt 0.608302 0.711544
vt 0.609802 0.727793
vt 0.608302 0.752990
vt 0.609700 0.776458
vt 0.550165 0.907058
vt 0.551630 0.892172
vt 0.551630 0.921107
vt 0.793579 0.607372
vt 0.792106 0.626407
vt 0.915621 0.380193
vt 0.618003 0.788650
vt 0.569794 0.892764
vt 0.783748 0.635204
vt 0.773940 0.624576
vt 0.535514 0.015077
vt 0.545610 0.030077
vt 0.521914 0.011271
vt 0.509146 0.026585
vt 0.500750 0.049656
vt 0.502946 0.074146
vt 0.511367 0.092186
vt 0.525482 0.092032
vt 0.291537 0.206961
vt 0.297235 0.191890
vt 0.303122 0.211595
vt 0.311606 0.153251
vt 0.308505 0.161727
vt 0.300357 0.147765
vt 0.292976 0.224893
vt 0.280819 0.213406
vt 0.283452 0.193009
vt 0.707689 0.302461
vt 0.709571 0.314606
vt 0.699739 0.308595
vt 0.397919 0.341561
vt 0.397855 0.359003
vt 0.388965 0.350091
vt 0.669424 0.455292
vt 0.667057 0.445741
vt 0.677006 0.447272
vt 0.258776 0.323327
vt 0.254969 0.310811
vt 0.265041 0.311166
vt 0.268246 0.395908
vt 0.264112 0.381226
vt 0.275382 0.390634
vt 0.700103 0.294536
vt 0.391614 0.329709
vt 0.677296 0.460613
vt 0.267405 0.329493
vt 0.277320 0.405282
vt 0.357771 0.375086
vt 0.353940 0.387601
vt 0.350083 0.369497
vt 0.022679 0.396685
vt 0.016535 0.382403
vt 0.027316 0.388837
vt 0.071768 0.400671
vt 0.060519 0.406157
vt 0.068667 0.392195
vt 0.298913 0.356832
vt 0.298851 0.339390
vt 0.307014 0.354257
vt 0.056600 0.283136
vt 0.067412 0.288563
vt 0.055890 0.293187
vt 0.053138 0.329029
vt 0.063284 0.342327
vt 0.051699 0.346961
vt 0.054670 0.309431
vt 0.066014 0.322130
vt 0.067529 0.302407
vt 0.075907 0.337268
vt 0.078694 0.317042
vt 0.086327 0.333080
vt 0.078788 0.299752
vt 0.087704 0.315158
vt 0.303153 0.372366
vt 0.057397 0.362032
vt 0.070701 0.358450
vt 0.083381 0.353362
vt 0.063585 0.378516
vt 0.076903 0.375048
vt 0.307106 0.334551
vt 0.297246 0.319728
vt 0.087704 0.368838
vt 0.080189 0.387571
vt 0.043614 0.360913
vt 0.049054 0.378904
vt 0.055255 0.395502
vt 0.034731 0.376173
vt 0.040086 0.394270
vt 0.046527 0.407744
vt 0.032951 0.403919
vt 0.040981 0.340516
vt 0.030988 0.355226
vt 0.022020 0.370591
vt 0.029221 0.333477
vt 0.019123 0.348144
vt 0.019419 0.327647
vt 0.363094 0.317187
vt 0.359574 0.337047
vt 0.352999 0.326723
vt 0.012163 0.362704
vt 0.357795 0.357950
vt 0.350083 0.349153
vt 0.011271 0.341609
vt 0.041470 0.320137
vt 0.029605 0.313056
vt 0.042984 0.300414
vt 0.020795 0.309726
vt 0.032102 0.295962
vt 0.045110 0.286752
vt 0.679118 0.336592
vt 0.669133 0.338107
vt 0.671538 0.328561
vt 0.688909 0.344024
vt 0.677873 0.347331
vt 0.286506 0.398799
vt 0.288227 0.411725
vt 0.298115 0.402845
vt 0.306252 0.388757
vt 0.307030 0.401662
vt 0.295982 0.386724
vt 0.284169 0.381062
vt 0.292604 0.368689
vt 0.289945 0.348309
vt 0.278603 0.338400
vt 0.288321 0.328005
vt 0.275918 0.317651
vt 0.285720 0.307835
vt 0.294123 0.302735
vt 0.273655 0.300034
vt 0.282853 0.293327
vt 0.697966 0.489352
vt 0.705561 0.481437
vt 0.708056 0.492039
vt 0.697590 0.475296
vt 0.707447 0.469295
vt 0.687422 0.467780
vt 0.698245 0.460975
vt 0.687078 0.452896
vt 0.708056 0.455219
vt 0.697926 0.446292
vt 0.038255 0.414044
vt 0.686815 0.439852
vt 0.696720 0.435271
vt 0.706867 0.442612
vt 0.376272 0.293121
vt 0.367207 0.302501
vt 0.366176 0.293479
vt 0.374367 0.307773
vt 0.383172 0.317342
vt 0.370976 0.326086
vt 0.380467 0.338156
vt 0.368060 0.348516
vt 0.377626 0.360006
vt 0.366418 0.368918
vt 0.364036 0.387243
vt 0.372639 0.398367
vt 0.361196 0.401315
vt 0.689965 0.300830
vt 0.690338 0.286670
vt 0.679193 0.293423
vt 0.669088 0.302011
vt 0.670375 0.288405
vt 0.678793 0.308895
vt 0.669649 0.316522
vt 0.689578 0.316099
vt 0.679437 0.323252
vt 0.281446 0.360250
vt 0.271969 0.372325
vt 0.269043 0.349896
vt 0.260578 0.361368
vt 0.258794 0.340465
vt 0.688209 0.497205
vt 0.687811 0.483048
vt 0.262232 0.297091
vt 0.677059 0.490438
vt 0.676645 0.474969
vt 0.668278 0.495441
vt 0.666969 0.481837
vt 0.667526 0.467328
vt 0.387160 0.286670
vt 0.385479 0.299601
vt 0.675810 0.436528
vt 0.397066 0.295546
vt 0.394969 0.311671
vt 0.405952 0.296720
vt 0.405212 0.309629
vt 0.402143 0.326025
vt 0.374929 0.380754
vt 0.387335 0.370394
vt 0.384714 0.390562
vt 0.381818 0.405067
vt 0.396238 0.378662
vt 0.393091 0.395653
vt 0.710159 0.291859
vt 0.689214 0.330983
vt 0.700385 0.322917
vt 0.700034 0.337598
vt 0.698782 0.348615
vt 0.710159 0.328682
vt 0.286365 0.146178
vt 0.272789 0.150003
vt 0.278093 0.139878
vt 0.708933 0.341286
vt 0.267249 0.404927
vt 0.267154 0.165085
vt 0.256373 0.171519
vt 0.262517 0.157237
vt 0.274569 0.177749
vt 0.261858 0.183331
vt 0.270826 0.198696
vt 0.254035 0.371692
vt 0.258961 0.205778
vt 0.252001 0.191218
vt 0.251109 0.349264
vt 0.269059 0.220445
vt 0.259257 0.226275
vt 0.251109 0.212313
vt 0.251109 0.328919
vt 0.269443 0.240866
vt 0.281308 0.233785
vt 0.260633 0.244196
vt 0.271940 0.257960
vt 0.282822 0.253508
vt 0.284948 0.267170
vt 0.294508 0.244491
vt 0.295728 0.260735
vt 0.296438 0.270786
vt 0.307250 0.265359
vt 0.307367 0.251515
vt 0.305852 0.231792
vt 0.318626 0.254170
vt 0.318532 0.236880
vt 0.327541 0.238764
vt 0.315745 0.216654
vt 0.326165 0.220842
vt 0.406000 0.344129
vt 0.279924 0.159652
vt 0.295093 0.158420
vt 0.288892 0.175018
vt 0.303423 0.175406
vt 0.323219 0.200560
vt 0.310539 0.195472
vt 0.406083 0.363833
vt 0.316741 0.178874
vt 0.327541 0.185084
vt 0.320027 0.166351
vt 0.859800 0.599221
vt 0.859805 0.605908
vt 0.856395 0.605555
vt 0.856390 0.598981
vt 0.203038 0.012178
vt 0.209753 0.013977
vt 0.208982 0.016341
vt 0.202583 0.014626
vt 0.207898 0.019571
vt 0.201930 0.017972
vt 0.206789 0.022802
vt 0.201252 0.021318
vt 0.205954 0.025168
vt 0.200733 0.023769
vt 0.583242 0.608218
vt 0.583232 0.613331
vt 0.579816 0.612977
vt 0.579826 0.607978
vt 0.576409 0.613331
vt 0.576419 0.608218
vt 0.074654 0.104338
vt 0.079773 0.102600
vt 0.080696 0.104908
vt 0.075268 0.106751
vt 0.081990 0.108060
vt 0.076139 0.110047
vt 0.083307 0.111212
vt 0.077034 0.113342
vt 0.084295 0.113519
vt 0.077713 0.115753
vt 0.863214 0.598981
vt 0.863218 0.605555
vt 0.859811 0.612237
vt 0.856401 0.611777
vt 0.216175 0.016638
vt 0.215103 0.018876
vt 0.213606 0.021936
vt 0.212085 0.024996
vt 0.210948 0.027237
vt 0.583219 0.618170
vt 0.579803 0.617709
vt 0.576396 0.618170
vt 0.084621 0.100209
vt 0.085837 0.102373
vt 0.087531 0.105328
vt 0.089248 0.108282
vt 0.090530 0.110444
vt 0.863225 0.611777
vt 0.859819 0.618101
vt 0.856409 0.617541
vt 0.222195 0.020114
vt 0.220840 0.022189
vt 0.218957 0.025025
vt 0.217049 0.027862
vt 0.215630 0.029940
vt 0.583203 0.622653
vt 0.579787 0.622093
vt 0.576380 0.622653
vt 0.089116 0.097206
vt 0.090603 0.099188
vt 0.092668 0.101895
vt 0.094757 0.104601
vt 0.096310 0.106582
vt 0.863233 0.617541
vt 0.859829 0.623398
vt 0.856419 0.622749
vt 0.227710 0.024346
vt 0.226096 0.026222
vt 0.223858 0.028787
vt 0.221597 0.031352
vt 0.219918 0.033231
vt 0.583183 0.626703
vt 0.579768 0.626054
vt 0.576360 0.626703
vt 0.093180 0.093641
vt 0.094913 0.095408
vt 0.097313 0.097821
vt 0.099737 0.100233
vt 0.101536 0.101998
vt 0.863242 0.622749
vt 0.859582 0.087714
vt 0.859566 0.082476
vt 0.862980 0.081907
vt 0.862996 0.087056
vt 0.232625 0.029262
vt 0.230780 0.030907
vt 0.228227 0.033156
vt 0.225651 0.035406
vt 0.223740 0.037054
vt 0.888255 0.605384
vt 0.888255 0.601380
vt 0.891666 0.600812
vt 0.891666 0.604727
vt 0.895078 0.601380
vt 0.895078 0.605384
vt 0.096744 0.089577
vt 0.098693 0.091098
vt 0.101387 0.093175
vt 0.104105 0.095252
vt 0.106119 0.096771
vt 0.856173 0.087057
vt 0.856157 0.081908
vt 0.859552 0.076663
vt 0.862966 0.076192
vt 0.236857 0.034777
vt 0.234813 0.036163
vt 0.231988 0.038058
vt 0.229140 0.039954
vt 0.227031 0.041343
vt 0.888255 0.596936
vt 0.891666 0.596466
vt 0.895078 0.596936
vt 0.099747 0.085082
vt 0.101877 0.086331
vt 0.104820 0.088037
vt 0.107786 0.089743
vt 0.109981 0.090991
vt 0.856143 0.076193
vt 0.859541 0.070374
vt 0.862955 0.070009
vt 0.240332 0.040798
vt 0.238125 0.041901
vt 0.235078 0.043409
vt 0.232006 0.044919
vt 0.229734 0.046025
vt 0.888255 0.592129
vt 0.891666 0.591765
vt 0.895078 0.592129
vt 0.102138 0.080233
vt 0.104412 0.081190
vt 0.107552 0.082496
vt 0.110716 0.083801
vt 0.113056 0.084756
vt 0.856132 0.070010
vt 0.859532 0.063717
vt 0.862946 0.063465
vt 0.242993 0.047221
vt 0.240660 0.048022
vt 0.237442 0.049118
vt 0.234200 0.050215
vt 0.231803 0.051019
vt 0.888255 0.587039
vt 0.891666 0.586788
vt 0.895078 0.587039
vt 0.103875 0.075114
vt 0.106255 0.075761
vt 0.109538 0.076644
vt 0.112845 0.077527
vt 0.115290 0.078173
vt 0.856123 0.063466
vt 0.859526 0.056805
vt 0.862940 0.056670
vt 0.244792 0.053936
vt 0.242375 0.054421
vt 0.239041 0.055086
vt 0.235683 0.055753
vt 0.233202 0.056241
vt 0.888255 0.581756
vt 0.891666 0.581621
vt 0.895078 0.581756
vt 0.104930 0.069812
vt 0.107373 0.070139
vt 0.110744 0.070584
vt 0.114138 0.071029
vt 0.116646 0.071355
vt 0.856117 0.056671
vt 0.859523 0.049757
vt 0.862937 0.049742
vt 0.865443 0.049699
vt 0.865446 0.056302
vt 0.243240 0.060990
vt 0.239848 0.061213
vt 0.236432 0.061436
vt 0.233907 0.061601
vt 0.888255 0.576368
vt 0.891666 0.576353
vt 0.895078 0.576368
vt 0.897575 0.576410
vt 0.897575 0.582123
vt 0.107748 0.064418
vt 0.111148 0.064418
vt 0.114571 0.064418
vt 0.117101 0.064417
vt 0.856114 0.049743
vt 0.859523 0.042694
vt 0.862937 0.042798
vt 0.865443 0.043082
vt 0.243240 0.067615
vt 0.239848 0.067392
vt 0.236432 0.067169
vt 0.233907 0.067007
vt 0.888255 0.570968
vt 0.891666 0.571072
vt 0.895078 0.570968
vt 0.897575 0.570684
vt 0.107373 0.058698
vt 0.110743 0.058253
vt 0.114138 0.057807
vt 0.116646 0.057480
vt 0.856114 0.042799
vt 0.859526 0.035737
vt 0.862940 0.035958
vt 0.865446 0.036563
vt 0.242375 0.074184
vt 0.239041 0.073518
vt 0.235683 0.072853
vt 0.233202 0.072367
vt 0.888255 0.565649
vt 0.891666 0.565871
vt 0.895078 0.565649
vt 0.104930 0.059023
vt 0.103875 0.053721
vt 0.106255 0.053075
vt 0.109538 0.052192
vt 0.112845 0.051309
vt 0.115290 0.050662
vt 0.856117 0.035959
vt 0.859532 0.029003
vt 0.862946 0.029338
vt 0.244792 0.074673
vt 0.242993 0.081388
vt 0.240660 0.080583
vt 0.237442 0.079486
vt 0.234200 0.078390
vt 0.231803 0.077589
vt 0.888255 0.560502
vt 0.891666 0.560837
vt 0.895078 0.560502
vt 0.102138 0.048602
vt 0.104412 0.047647
vt 0.107552 0.046341
vt 0.110716 0.045035
vt 0.113055 0.044079
vt 0.856123 0.029339
vt 0.859541 0.022609
vt 0.862955 0.023053
vt 0.240332 0.087810
vt 0.238125 0.086704
vt 0.235078 0.085195
vt 0.232006 0.083686
vt 0.229734 0.082583
vt 0.888255 0.555613
vt 0.891666 0.556057
vt 0.895078 0.555613
vt 0.099747 0.043753
vt 0.101877 0.042505
vt 0.104819 0.040799
vt 0.107786 0.039093
vt 0.109981 0.037844
vt 0.856132 0.023054
vt 0.859552 0.016665
vt 0.862966 0.017208
vt 0.236857 0.093831
vt 0.234813 0.092442
vt 0.231988 0.090546
vt 0.229140 0.088651
vt 0.227031 0.087265
vt 0.888255 0.551069
vt 0.891666 0.551613
vt 0.895078 0.551069
vt 0.096744 0.039258
vt 0.098692 0.037738
vt 0.101387 0.035662
vt 0.104105 0.033585
vt 0.106119 0.032064
vt 0.856143 0.017209
vt 0.859566 0.011271
vt 0.862980 0.011906
vt 0.232625 0.099346
vt 0.230780 0.097698
vt 0.228227 0.095448
vt 0.225651 0.093199
vt 0.223740 0.091554
vt 0.888255 0.546945
vt 0.891666 0.547580
vt 0.895078 0.546945
vt 0.093180 0.035194
vt 0.094913 0.033428
vt 0.097313 0.031016
vt 0.099737 0.028604
vt 0.101536 0.026837
vt 0.856157 0.011907
vt 0.734090 0.848301
vt 0.734065 0.842966
vt 0.737480 0.842412
vt 0.737506 0.847657
vt 0.227710 0.104262
vt 0.226096 0.102383
vt 0.223858 0.099817
vt 0.221597 0.097253
vt 0.219918 0.095376
vt 0.887987 0.069718
vt 0.887994 0.065638
vt 0.891404 0.065085
vt 0.891397 0.069074
vt 0.894817 0.065639
vt 0.894810 0.069718
vt 0.089115 0.031629
vt 0.090603 0.029649
vt 0.092668 0.026942
vt 0.094756 0.024235
vt 0.096309 0.022253
vt 0.730682 0.847657
vt 0.730657 0.842412
vt 0.734043 0.837071
vt 0.737459 0.836617
vt 0.222195 0.108494
vt 0.220840 0.106416
vt 0.218957 0.103579
vt 0.217049 0.100743
vt 0.215630 0.098667
vt 0.888000 0.061131
vt 0.891410 0.060677
vt 0.894824 0.061131
vt 0.084621 0.028626
vt 0.085837 0.026464
vt 0.087531 0.023509
vt 0.089248 0.020554
vt 0.090529 0.018391
vt 0.730636 0.836617
vt 0.734026 0.830716
vt 0.737442 0.830369
vt 0.216175 0.111970
vt 0.215103 0.109728
vt 0.213606 0.106668
vt 0.212085 0.103609
vt 0.210948 0.101370
vt 0.888005 0.056273
vt 0.891415 0.055926
vt 0.894829 0.056273
vt 0.079773 0.026235
vt 0.080696 0.023928
vt 0.081989 0.020776
vt 0.083307 0.017624
vt 0.084295 0.015316
vt 0.730619 0.830370
vt 0.734013 0.824011
vt 0.737430 0.823778
vt 0.209753 0.114630
vt 0.208982 0.112264
vt 0.207898 0.109033
vt 0.206789 0.105803
vt 0.205954 0.103439
vt 0.888009 0.051146
vt 0.891419 0.050913
vt 0.894832 0.051146
vt 0.074654 0.024497
vt 0.075268 0.022085
vt 0.076139 0.018790
vt 0.077033 0.015495
vt 0.077712 0.013082
vt 0.730607 0.823778
vt 0.734006 0.817070
vt 0.737422 0.816954
vt 0.203038 0.116429
vt 0.202583 0.113979
vt 0.201930 0.110632
vt 0.201252 0.107286
vt 0.200733 0.104838
vt 0.888011 0.045840
vt 0.891421 0.045724
vt 0.894834 0.045840
vt 0.069352 0.023442
vt 0.069646 0.020967
vt 0.070079 0.017585
vt 0.070536 0.014202
vt 0.070895 0.011725
vt 0.730599 0.816954
vt 0.734003 0.810012
vt 0.737420 0.810015
vt 0.739931 0.810025
vt 0.739933 0.816638
vt 0.196015 0.114843
vt 0.195804 0.111438
vt 0.195569 0.108035
vt 0.195373 0.105544
vt 0.888012 0.040444
vt 0.891422 0.040448
vt 0.894835 0.040444
vt 0.897338 0.040434
vt 0.897337 0.046156
vt 0.063926 0.020592
vt 0.063914 0.017181
vt 0.063926 0.013769
vt 0.063958 0.011271
vt 0.730597 0.810015
vt 0.734006 0.802957
vt 0.737422 0.803080
vt 0.739933 0.803416
vt 0.189391 0.114843
vt 0.189626 0.111438
vt 0.189837 0.108035
vt 0.189968 0.105544
vt 0.888011 0.035051
vt 0.891421 0.035174
vt 0.894834 0.035051
vt 0.897337 0.034715
vt 0.058206 0.020967
vt 0.057748 0.017585
vt 0.057315 0.014202
vt 0.057022 0.011725
vt 0.730599 0.803080
vt 0.734013 0.796027
vt 0.737430 0.796267
vt 0.189195 0.117337
vt 0.182303 0.116429
vt 0.182823 0.113978
vt 0.183500 0.110632
vt 0.184154 0.107286
vt 0.184608 0.104838
vt 0.888009 0.029753
vt 0.891419 0.029994
vt 0.894832 0.029753
vt 0.058564 0.023442
vt 0.053262 0.024497
vt 0.052584 0.022085
vt 0.051689 0.018790
vt 0.050818 0.015495
vt 0.050204 0.013082
vt 0.730607 0.796267
vt 0.734026 0.789340
vt 0.737442 0.789693
vt 0.175588 0.114630
vt 0.176424 0.112264
vt 0.177532 0.109032
vt 0.178617 0.105802
vt 0.179387 0.103439
vt 0.888005 0.024641
vt 0.891415 0.024995
vt 0.894829 0.024641
vt 0.048144 0.026235
vt 0.047155 0.023928
vt 0.045838 0.020776
vt 0.044545 0.017624
vt 0.043621 0.015316
vt 0.730619 0.789693
vt 0.734043 0.783010
vt 0.737459 0.783470
vt 0.169166 0.111970
vt 0.170303 0.109728
vt 0.171824 0.106668
vt 0.173321 0.103609
vt 0.174393 0.101370
vt 0.888000 0.019803
vt 0.891410 0.020263
vt 0.894824 0.019803
vt 0.043296 0.028626
vt 0.042014 0.026464
vt 0.040297 0.023509
vt 0.038603 0.020554
vt 0.037387 0.018391
vt 0.730636 0.783470
vt 0.734065 0.777146
vt 0.737480 0.777705
vt 0.163146 0.108493
vt 0.164566 0.106415
vt 0.166473 0.103578
vt 0.168357 0.100742
vt 0.169711 0.098667
vt 0.887994 0.015320
vt 0.891404 0.015880
vt 0.894817 0.015320
vt 0.038801 0.031629
vt 0.037248 0.029649
vt 0.035160 0.026942
vt 0.033095 0.024235
vt 0.031607 0.022253
vt 0.730657 0.777705
vt 0.734090 0.771847
vt 0.737506 0.772496
vt 0.157631 0.104261
vt 0.159310 0.102382
vt 0.161572 0.099817
vt 0.163809 0.097252
vt 0.165423 0.095376
vt 0.887987 0.011271
vt 0.891397 0.011920
vt 0.894810 0.011271
vt 0.034737 0.035194
vt 0.032938 0.033428
vt 0.030514 0.031016
vt 0.028114 0.028604
vt 0.026381 0.026837
vt 0.730682 0.772497
vt 0.014682 0.797010
vt 0.014682 0.802248
vt 0.011271 0.802817
vt 0.011271 0.797668
vt 0.152716 0.099346
vt 0.154626 0.097697
vt 0.157203 0.095447
vt 0.159756 0.093199
vt 0.161601 0.091553
vt 0.562971 0.869631
vt 0.562959 0.865627
vt 0.566373 0.865058
vt 0.566384 0.868974
vt 0.569782 0.865627
vt 0.569794 0.869631
vt 0.031173 0.039258
vt 0.029159 0.037738
vt 0.026441 0.035662
vt 0.023746 0.033585
vt 0.021798 0.032064
vt 0.018094 0.797668
vt 0.018094 0.802817
vt 0.014682 0.808061
vt 0.011271 0.808531
vt 0.148484 0.093830
vt 0.150593 0.092441
vt 0.153442 0.090545
vt 0.156266 0.088650
vt 0.158310 0.087264
vt 0.562949 0.861183
vt 0.566364 0.860712
vt 0.569773 0.861183
vt 0.028170 0.043753
vt 0.025974 0.042505
vt 0.023008 0.040800
vt 0.020066 0.039093
vt 0.017936 0.037844
vt 0.018094 0.808531
vt 0.014682 0.814350
vt 0.011271 0.814714
vt 0.145009 0.087810
vt 0.147281 0.086704
vt 0.150352 0.085194
vt 0.153400 0.083686
vt 0.155607 0.082583
vt 0.562942 0.856375
vt 0.566356 0.856011
vt 0.569765 0.856375
vt 0.025779 0.048602
vt 0.023439 0.047647
vt 0.020275 0.046341
vt 0.017136 0.045035
vt 0.014861 0.044079
vt 0.018094 0.814714
vt 0.014682 0.821007
vt 0.011271 0.821258
vt 0.142348 0.081387
vt 0.144746 0.080583
vt 0.147988 0.079485
vt 0.151206 0.078389
vt 0.153538 0.077588
vt 0.562936 0.851285
vt 0.566350 0.851034
vt 0.569759 0.851286
vt 0.024041 0.053721
vt 0.021596 0.053075
vt 0.018289 0.052192
vt 0.015006 0.051309
vt 0.012627 0.050662
vt 0.018094 0.821258
vt 0.014682 0.827918
vt 0.011271 0.828053
vt 0.140549 0.074672
vt 0.143031 0.074183
vt 0.146389 0.073517
vt 0.149723 0.072852
vt 0.152139 0.072366
vt 0.562933 0.846002
vt 0.566347 0.845867
vt 0.569756 0.846002
vt 0.022987 0.059023
vt 0.020478 0.058698
vt 0.017084 0.058253
vt 0.013714 0.057807
vt 0.011271 0.057480
vt 0.018094 0.828053
vt 0.014682 0.834966
vt 0.011271 0.834981
vt 0.139642 0.067779
vt 0.142166 0.067614
vt 0.145582 0.067391
vt 0.148974 0.067168
vt 0.560427 0.846369
vt 0.560426 0.840656
vt 0.562931 0.840614
vt 0.566346 0.840599
vt 0.569755 0.840614
vt 0.022633 0.064417
vt 0.020103 0.064418
vt 0.016680 0.064418
vt 0.013281 0.064418
vt 0.020591 0.828420
vt 0.020591 0.835023
vt 0.018094 0.834981
vt 0.014682 0.842029
vt 0.011271 0.841925
vt 0.139642 0.060827
vt 0.142166 0.060989
vt 0.145582 0.061212
vt 0.148974 0.061436
vt 0.560427 0.834930
vt 0.562933 0.835214
vt 0.566347 0.835319
vt 0.569756 0.835215
vt 0.022987 0.069812
vt 0.020478 0.070139
vt 0.017084 0.070584
vt 0.013714 0.071029
vt 0.020591 0.841641
vt 0.018094 0.841925
vt 0.014682 0.848987
vt 0.011271 0.848765
vt 0.140549 0.053935
vt 0.143031 0.054421
vt 0.146389 0.055086
vt 0.149723 0.055752
vt 0.560431 0.829289
vt 0.562936 0.829895
vt 0.566350 0.830117
vt 0.569759 0.829895
vt 0.024041 0.075114
vt 0.021597 0.075761
vt 0.018290 0.076644
vt 0.015006 0.077527
vt 0.012627 0.078173
vt 0.011271 0.071355
vt 0.018094 0.848765
vt 0.014682 0.855720
vt 0.011271 0.855385
vt 0.142348 0.047220
vt 0.144746 0.048021
vt 0.147988 0.049117
vt 0.151206 0.050214
vt 0.153538 0.051019
vt 0.152139 0.056241
vt 0.562942 0.824748
vt 0.566356 0.825083
vt 0.569765 0.824748
vt 0.025779 0.080233
vt 0.023439 0.081190
vt 0.020276 0.082496
vt 0.017136 0.083801
vt 0.014861 0.084756
vt 0.018094 0.855385
vt 0.014682 0.862114
vt 0.011271 0.861671
vt 0.145009 0.040797
vt 0.147281 0.041900
vt 0.150352 0.043409
vt 0.153400 0.044918
vt 0.155607 0.046024
vt 0.562949 0.819860
vt 0.566364 0.820304
vt 0.569773 0.819860
vt 0.028170 0.085082
vt 0.025974 0.086331
vt 0.023008 0.088037
vt 0.020066 0.089743
vt 0.017936 0.090991
vt 0.018094 0.861671
vt 0.014682 0.868059
vt 0.011271 0.867515
vt 0.148484 0.034777
vt 0.150593 0.036163
vt 0.153442 0.038057
vt 0.156266 0.039953
vt 0.158310 0.041342
vt 0.562959 0.815315
vt 0.566373 0.815859
vt 0.569782 0.815315
vt 0.031173 0.089577
vt 0.029159 0.091098
vt 0.026441 0.093175
vt 0.023746 0.095252
vt 0.021798 0.096771
vt 0.018094 0.867515
vt 0.014682 0.873453
vt 0.011271 0.872818
vt 0.152716 0.029261
vt 0.154626 0.030906
vt 0.157203 0.033155
vt 0.159756 0.035405
vt 0.161601 0.037054
vt 0.562971 0.811191
vt 0.566384 0.811827
vt 0.569794 0.811192
vt 0.034737 0.093641
vt 0.032939 0.095408
vt 0.030515 0.097821
vt 0.028114 0.100233
vt 0.026381 0.101998
vt 0.018094 0.872818
vt 0.859829 0.546945
vt 0.859819 0.552281
vt 0.856409 0.552834
vt 0.856419 0.547589
vt 0.157631 0.024345
vt 0.159310 0.026222
vt 0.161572 0.028786
vt 0.163809 0.031352
vt 0.165423 0.033231
vt 0.583183 0.568256
vt 0.583203 0.572334
vt 0.579787 0.572888
vt 0.579768 0.568900
vt 0.576380 0.572335
vt 0.576360 0.568256
vt 0.038801 0.097206
vt 0.037248 0.099188
vt 0.035160 0.101895
vt 0.033095 0.104601
vt 0.031607 0.106582
vt 0.863242 0.547589
vt 0.863233 0.552834
vt 0.859811 0.558177
vt 0.856401 0.558631
vt 0.163146 0.020113
vt 0.164566 0.022189
vt 0.166473 0.025025
vt 0.168357 0.027862
vt 0.169711 0.029940
vt 0.583219 0.576841
vt 0.579803 0.577295
vt 0.576396 0.576841
vt 0.043296 0.100209
vt 0.042015 0.102373
vt 0.040297 0.105328
vt 0.038603 0.108282
vt 0.037387 0.110444
vt 0.863225 0.558631
vt 0.859805 0.564532
vt 0.856395 0.564878
vt 0.169166 0.016638
vt 0.170303 0.018876
vt 0.171824 0.021935
vt 0.173321 0.024996
vt 0.174393 0.027237
vt 0.583232 0.581699
vt 0.579816 0.582046
vt 0.576409 0.581699
vt 0.048144 0.102600
vt 0.047156 0.104908
vt 0.045838 0.108060
vt 0.044545 0.111212
vt 0.043622 0.113519
vt 0.863218 0.564878
vt 0.859800 0.571238
vt 0.856390 0.571470
vt 0.175588 0.013977
vt 0.176424 0.016341
vt 0.177532 0.019571
vt 0.178617 0.022802
vt 0.179387 0.025168
vt 0.583242 0.586825
vt 0.579826 0.587058
vt 0.576419 0.586825
vt 0.053263 0.104338
vt 0.052584 0.106751
vt 0.051689 0.110047
vt 0.050818 0.113342
vt 0.050204 0.115753
vt 0.863214 0.571470
vt 0.859797 0.578179
vt 0.856388 0.578294
vt 0.182303 0.012178
vt 0.182823 0.014626
vt 0.183500 0.017972
vt 0.184154 0.021318
vt 0.184608 0.023769
vt 0.583248 0.592131
vt 0.579831 0.592247
vt 0.576425 0.592132
vt 0.058564 0.105393
vt 0.058206 0.107869
vt 0.057749 0.111252
vt 0.057315 0.114634
vt 0.057022 0.117110
vt 0.863211 0.578294
vt 0.859796 0.585237
vt 0.856387 0.585233
vt 0.189195 0.011271
vt 0.189391 0.013761
vt 0.189626 0.017165
vt 0.189837 0.020570
vt 0.585759 0.591815
vt 0.585761 0.597537
vt 0.583250 0.597527
vt 0.579833 0.597524
vt 0.576427 0.597527
vt 0.063959 0.105746
vt 0.063926 0.108244
vt 0.063914 0.111656
vt 0.063926 0.115068
vt 0.865713 0.578610
vt 0.865713 0.585223
vt 0.863210 0.585233
vt 0.859797 0.592291
vt 0.856388 0.592168
vt 0.196146 0.011271
vt 0.196015 0.013761
vt 0.195804 0.017165
vt 0.195569 0.020570
vt 0.585759 0.603256
vt 0.583248 0.602920
vt 0.579831 0.602797
vt 0.576425 0.602920
vt 0.069353 0.105393
vt 0.069646 0.107869
vt 0.070079 0.111252
vt 0.070536 0.114634
vt 0.865713 0.591832
vt 0.863211 0.592168
vt 0.195373 0.023064
vt 0.070895 0.117110
vt 0.293679 0.059133
vt 0.298453 0.047324
vt 0.302988 0.062871
vt 0.687892 0.179825
vt 0.679426 0.180193
vt 0.683799 0.170719
vt 0.294635 0.073248
vt 0.284939 0.064115
vt 0.287299 0.048092
vt 0.694520 0.173304
vt 0.395104 0.469466
vt 0.397292 0.483079
vt 0.387316 0.477053
vt 0.366314 0.713199
vt 0.366856 0.721264
vt 0.357424 0.717817
vt 0.431668 0.032191
vt 0.429499 0.022077
vt 0.439456 0.023336
vt 0.431699 0.089843
vt 0.429494 0.077933
vt 0.439468 0.086412
vt 0.696773 0.184376
vt 0.387316 0.460865
vt 0.359614 0.707252
vt 0.439442 0.037848
vt 0.439496 0.098093
vt 0.359575 0.499684
vt 0.357387 0.509801
vt 0.351222 0.496071
vt 0.359576 0.442033
vt 0.357388 0.453944
vt 0.351222 0.447507
vt 0.335873 0.684742
vt 0.331781 0.693846
vt 0.327383 0.684364
vt 0.467192 0.062387
vt 0.469380 0.048772
vt 0.475562 0.061232
vt 0.373547 0.011271
vt 0.382354 0.015450
vt 0.373109 0.019177
vt 0.371322 0.047387
vt 0.379674 0.057765
vt 0.370366 0.061502
vt 0.372326 0.031961
vt 0.381644 0.041857
vt 0.382628 0.026335
vt 0.389809 0.053685
vt 0.391819 0.037756
vt 0.398166 0.050310
vt 0.391679 0.024159
vt 0.470350 0.088118
vt 0.469394 0.074965
vt 0.478209 0.074703
vt 0.375140 0.073312
vt 0.385846 0.070388
vt 0.396021 0.066287
vt 0.380318 0.086230
vt 0.391031 0.083397
vt 0.384563 0.096952
vt 0.478194 0.045878
vt 0.470321 0.033288
vt 0.478209 0.029908
vt 0.469408 0.019749
vt 0.393808 0.093225
vt 0.335402 0.675929
vt 0.363986 0.072543
vt 0.368580 0.086652
vt 0.373765 0.099661
vt 0.356968 0.084621
vt 0.361490 0.098815
vt 0.351099 0.094646
vt 0.378119 0.108004
vt 0.366830 0.109365
vt 0.355810 0.106466
vt 0.347419 0.100861
vt 0.361626 0.056521
vt 0.353708 0.068173
vt 0.346617 0.080336
vt 0.352028 0.051081
vt 0.344020 0.062703
vt 0.344020 0.046579
vt 0.348597 0.462382
vt 0.356457 0.469822
vt 0.348597 0.480197
vt 0.357387 0.486320
vt 0.361782 0.040488
vt 0.352094 0.035018
vt 0.362765 0.024966
vt 0.344913 0.032474
vt 0.353898 0.021555
vt 0.364306 0.014206
vt 0.722425 0.160427
vt 0.718344 0.151395
vt 0.726931 0.151768
vt 0.709451 0.146770
vt 0.718912 0.143327
vt 0.698507 0.143076
vt 0.708663 0.138006
vt 0.449455 0.093930
vt 0.449488 0.104256
vt 0.460454 0.098302
vt 0.469450 0.098328
vt 0.460423 0.085446
vt 0.449430 0.079804
vt 0.459400 0.070993
vt 0.459392 0.054805
vt 0.449411 0.045917
vt 0.460398 0.038805
vt 0.449420 0.029474
vt 0.460413 0.022835
vt 0.449441 0.015540
vt 0.459434 0.011271
vt 0.344756 0.680198
vt 0.342519 0.691271
vt 0.351054 0.699386
vt 0.339224 0.702363
vt 0.348631 0.711156
vt 0.328578 0.704775
vt 0.336814 0.713989
vt 0.327402 0.714976
vt 0.346471 0.721502
vt 0.335950 0.722966
vt 0.367364 0.433777
vt 0.357388 0.435044
vt 0.367364 0.445459
vt 0.377340 0.452060
vt 0.366361 0.460127
vt 0.377340 0.468605
vt 0.366361 0.477943
vt 0.377340 0.485947
vt 0.367364 0.494023
vt 0.367364 0.508535
vt 0.377340 0.516325
vt 0.366361 0.519754
vt 0.705507 0.177241
vt 0.707767 0.188375
vt 0.717397 0.180640
vt 0.725666 0.171664
vt 0.726931 0.182570
vt 0.714917 0.168456
vt 0.703051 0.165198
vt 0.711622 0.157338
vt 0.449414 0.063259
vt 0.438447 0.071744
vt 0.438437 0.053928
vt 0.428550 0.062055
vt 0.429476 0.045557
vt 0.355739 0.676206
vt 0.353504 0.687343
vt 0.438478 0.012118
vt 0.365374 0.683950
vt 0.362911 0.696137
vt 0.374876 0.682023
vt 0.373632 0.692933
vt 0.370399 0.704170
vt 0.377340 0.427608
vt 0.377340 0.437934
vt 0.356602 0.726577
vt 0.388319 0.433556
vt 0.388319 0.446411
vt 0.397292 0.433524
vt 0.398223 0.443733
vt 0.397292 0.456886
vt 0.377340 0.502391
vt 0.388319 0.493053
vt 0.388319 0.509023
vt 0.387316 0.520588
vt 0.398223 0.498563
vt 0.397292 0.512103
vt 0.687444 0.188633
vt 0.700639 0.153426
vt 0.691229 0.162211
vt 0.688840 0.150581
vt 0.688008 0.141600
vt 0.680608 0.159787
vt 0.679457 0.149583
vt 0.429539 0.096834
vt 0.423357 0.084374
vt 0.280281 0.036014
vt 0.269930 0.040299
vt 0.274412 0.025989
vt 0.277021 0.052462
vt 0.420716 0.069501
vt 0.267333 0.057932
vt 0.420707 0.051686
vt 0.275341 0.069554
vt 0.267333 0.074056
vt 0.423331 0.035810
vt 0.275407 0.085617
vt 0.285095 0.080147
vt 0.268226 0.088161
vt 0.277211 0.099080
vt 0.286078 0.095669
vt 0.287619 0.106429
vt 0.295639 0.088674
vt 0.296422 0.101458
vt 0.374876 0.712829
vt 0.305667 0.105185
vt 0.296860 0.109365
vt 0.305941 0.094300
vt 0.304958 0.078778
vt 0.314992 0.096476
vt 0.315132 0.082880
vt 0.406083 0.457143
vt 0.313123 0.066950
vt 0.321479 0.070325
vt 0.403458 0.470616
vt 0.279124 0.014169
vt 0.270732 0.019774
vt 0.290143 0.011271
vt 0.284803 0.021821
vt 0.301433 0.012631
vt 0.297079 0.020975
vt 0.291894 0.033983
vt 0.307876 0.023683
vt 0.303631 0.034405
vt 0.319334 0.054349
vt 0.309159 0.050247
vt 0.406083 0.485969
vt 0.314344 0.037239
vt 0.406083 0.501939
vt 0.317121 0.027410
vt 0.172952 0.346264
vt 0.179673 0.331213
vt 0.184020 0.351923
vt 0.185833 0.495673
vt 0.184650 0.507548
vt 0.173891 0.499070
vt 0.173040 0.364805
vt 0.161907 0.352056
vt 0.166007 0.331296
vt 0.179189 0.484800
vt 0.162461 0.207374
vt 0.158707 0.189671
vt 0.173110 0.197116
vt 0.269221 0.499839
vt 0.259705 0.502651
vt 0.261706 0.488635
vt 0.082894 0.234537
vt 0.085463 0.248007
vt 0.071444 0.245708
vt 0.085690 0.159298
vt 0.088223 0.174885
vt 0.074536 0.163251
vt 0.193222 0.484460
vt 0.173892 0.218242
vt 0.274888 0.488994
vt 0.072180 0.226631
vt 0.075070 0.148145
vt 0.211240 0.165939
vt 0.213840 0.152467
vt 0.223225 0.170125
vt 0.214026 0.241179
vt 0.216547 0.225591
vt 0.225571 0.233505
vt 0.297300 0.450233
vt 0.285359 0.446849
vt 0.296116 0.438327
vt 0.034147 0.193103
vt 0.030381 0.210805
vt 0.022252 0.194279
vt 0.157753 0.446087
vt 0.148238 0.443249
vt 0.160185 0.434220
vt 0.383481 0.182689
vt 0.394460 0.195571
vt 0.383393 0.201230
vt 0.383518 0.162432
vt 0.395645 0.174603
vt 0.383481 0.145649
vt 0.395645 0.154222
vt 0.406502 0.189398
vt 0.407728 0.168398
vt 0.416420 0.184295
vt 0.394461 0.140011
vt 0.406502 0.150629
vt 0.030946 0.159521
vt 0.031651 0.176622
vt 0.019171 0.176651
vt 0.390113 0.216281
vt 0.402944 0.211572
vt 0.017773 0.214270
vt 0.011271 0.196483
vt 0.397402 0.232750
vt 0.415027 0.205367
vt 0.410243 0.228159
vt 0.403379 0.246425
vt 0.028287 0.231078
vt 0.016964 0.235265
vt 0.028909 0.248961
vt 0.414358 0.240787
vt 0.308062 0.447348
vt 0.376447 0.216198
vt 0.383120 0.234273
vt 0.390420 0.250860
vt 0.368795 0.232578
vt 0.375380 0.250769
vt 0.362380 0.246178
vt 0.396345 0.261414
vt 0.271474 0.445170
vt 0.282502 0.434267
vt 0.382679 0.264128
vt 0.369013 0.261250
vt 0.217452 0.250031
vt 0.372348 0.195438
vt 0.363569 0.211335
vt 0.355829 0.227831
vt 0.360214 0.189119
vt 0.351317 0.204984
vt 0.350083 0.183896
vt 0.228567 0.214004
vt 0.217098 0.204850
vt 0.227707 0.190754
vt 0.214983 0.183338
vt 0.371310 0.174457
vt 0.359058 0.168106
vt 0.371310 0.154075
vt 0.226449 0.156780
vt 0.350083 0.165376
vt 0.360214 0.150351
vt 0.183967 0.441016
vt 0.169568 0.442689
vt 0.174063 0.430157
vt 0.372348 0.139878
vt 0.150238 0.457300
vt 0.143502 0.471600
vt 0.139642 0.456173
vt 0.060783 0.152950
vt 0.061243 0.139651
vt 0.045443 0.146772
vt 0.032720 0.146410
vt 0.044855 0.163396
vt 0.060124 0.171272
vt 0.045590 0.182235
vt 0.044804 0.203362
vt 0.058480 0.215497
vt 0.042593 0.224266
vt 0.057657 0.237070
vt 0.041783 0.245262
vt 0.056940 0.255433
vt 0.042597 0.260595
vt 0.304689 0.461444
vt 0.290657 0.461136
vt 0.282565 0.475077
vt 0.276495 0.459368
vt 0.267818 0.474697
vt 0.261987 0.458974
vt 0.258993 0.446132
vt 0.254970 0.474327
vt 0.251109 0.460061
vt 0.203410 0.252331
vt 0.202850 0.237226
vt 0.188426 0.229206
vt 0.203562 0.218100
vt 0.187628 0.207654
vt 0.202702 0.194849
vt 0.186789 0.184981
vt 0.200504 0.173846
vt 0.199798 0.154767
vt 0.185310 0.145042
vt 0.200667 0.139878
vt 0.186301 0.470499
vt 0.200472 0.470162
vt 0.193067 0.454801
vt 0.197634 0.442007
vt 0.177623 0.455176
vt 0.171097 0.470876
vt 0.163420 0.456954
vt 0.059330 0.192824
vt 0.075258 0.182378
vt 0.074394 0.205628
vt 0.088777 0.195627
vt 0.086653 0.217138
vt 0.311938 0.475723
vt 0.297768 0.475431
vt 0.072274 0.260595
vt 0.304534 0.491099
vt 0.289091 0.490759
vt 0.309099 0.503848
vt 0.295434 0.504880
vt 0.281036 0.503231
vt 0.189596 0.260824
vt 0.189104 0.247527
vt 0.251109 0.489727
vt 0.173785 0.253704
vt 0.173170 0.237081
vt 0.161091 0.254064
vt 0.159287 0.240955
vt 0.159973 0.223855
vt 0.185990 0.163406
vt 0.170916 0.176210
vt 0.170139 0.155213
vt 0.170991 0.139878
vt 0.156638 0.169397
vt 0.157294 0.151513
vt 0.196597 0.498518
vt 0.156350 0.471255
vt 0.165027 0.486578
vt 0.150519 0.486959
vt 0.139642 0.485839
vt 0.160007 0.500746
vt 0.147527 0.499762
vt 0.089088 0.150444
vt 0.097217 0.166970
vt 0.158354 0.314916
vt 0.145388 0.319663
vt 0.151940 0.301316
vt 0.153128 0.336159
vt 0.100220 0.186471
vt 0.140877 0.342510
vt 0.099356 0.209721
vt 0.149773 0.358375
vt 0.139642 0.363598
vt 0.094862 0.230350
vt 0.148617 0.379388
vt 0.160869 0.373037
vt 0.098046 0.243693
vt 0.149773 0.397143
vt 0.139642 0.382118
vt 0.160869 0.393419
vt 0.285529 0.515716
vt 0.173078 0.385062
vt 0.173040 0.401845
vt 0.161908 0.407616
vt 0.271652 0.511671
vt 0.185204 0.393272
vt 0.185204 0.372891
vt 0.184020 0.407483
vt 0.196061 0.396864
vt 0.197287 0.379096
vt 0.147522 0.223825
vt 0.196061 0.358096
vt 0.205979 0.363199
vt 0.150588 0.206197
vt 0.172238 0.283366
vt 0.164939 0.296725
vt 0.158572 0.286244
vt 0.171036 0.511612
vt 0.179979 0.296634
vt 0.172679 0.313221
vt 0.185904 0.286080
vt 0.192938 0.301069
vt 0.186962 0.314744
vt 0.139642 0.203991
vt 0.146130 0.186205
vt 0.192503 0.335922
vt 0.204587 0.342127
vt 0.199803 0.319335
vt 0.145352 0.165208
vt 0.203918 0.306707
vt 0.375405 0.960079
vt 0.375405 0.949581
vt 0.379945 0.949605
vt 0.379945 0.960103
vt 0.104304 0.914379
vt 0.114801 0.914348
vt 0.114801 0.935568
vt 0.104304 0.935599
vt 0.958166 0.072584
vt 0.958166 0.062086
vt 0.962706 0.062077
vt 0.962706 0.072575
vt 0.942182 0.523573
vt 0.931685 0.523573
vt 0.931685 0.502353
vt 0.942182 0.502353
vt 0.318510 0.618533
vt 0.318510 0.589666
vt 0.324808 0.589666
vt 0.324808 0.618532
vt 0.324808 0.538258
vt 0.324808 0.567125
vt 0.318510 0.567124
vt 0.318510 0.538258
vt 0.688492 0.946814
vt 0.688492 0.936317
vt 0.694618 0.936309
vt 0.694618 0.946806
vt 0.224812 0.661853
vt 0.214315 0.661844
vt 0.214315 0.633910
vt 0.224812 0.633919
vt 0.550164 0.954145
vt 0.550164 0.943648
vt 0.556291 0.943651
vt 0.556291 0.954148
vt 0.469784 0.899636
vt 0.459287 0.899636
vt 0.459287 0.871702
vt 0.469784 0.871702
vt 0.116543 0.283137
vt 0.116543 0.312004
vt 0.110245 0.312004
vt 0.110245 0.283136
vt 0.110245 0.363413
vt 0.110245 0.334546
vt 0.116543 0.334545
vt 0.116543 0.363413
vt 0.156823 0.809149
vt 0.152779 0.821742
vt 0.143628 0.809145
vt 0.602966 0.843820
vt 0.592335 0.845041
vt 0.595522 0.832243
vt 0.152779 0.796548
vt 0.167586 0.801360
vt 0.167586 0.816930
vt 0.610422 0.832983
vt 0.848765 0.231616
vt 0.836662 0.226666
vt 0.847982 0.218010
vt 0.433399 0.838540
vt 0.430687 0.849161
vt 0.419874 0.841048
vt 0.443615 0.815978
vt 0.440793 0.827052
vt 0.432125 0.814122
vt 0.873814 0.791201
vt 0.863697 0.799592
vt 0.863697 0.784154
vt 0.616444 0.846238
vt 0.861304 0.225998
vt 0.426120 0.827384
vt 0.851156 0.804800
vt 0.839046 0.798914
vt 0.850379 0.792147
vt 0.873915 0.777987
vt 0.830398 0.045946
vt 0.818766 0.053081
vt 0.822752 0.040477
vt 0.871430 0.218932
vt 0.861305 0.210554
vt 0.871540 0.207147
vt 0.418652 0.816542
vt 0.411206 0.828117
vt 0.407993 0.815309
vt 0.851155 0.778536
vt 0.839046 0.783476
vt 0.845361 0.770124
vt 0.805207 0.054132
vt 0.794808 0.045296
vt 0.807945 0.045288
vt 0.798794 0.032692
vt 0.811989 0.032688
vt 0.860596 0.770543
vt 0.807945 0.020095
vt 0.794808 0.020103
vt 0.805207 0.011271
vt 0.822752 0.024906
vt 0.818766 0.012317
vt 0.830398 0.019456
vt 0.833573 0.032699
vt 0.848765 0.205343
vt 0.858218 0.199159
vt 0.625111 0.833309
vt 0.617713 0.821823
vt 0.627958 0.819841
vt 0.604190 0.819314
vt 0.615028 0.811191
vt 0.420922 0.806659
vt 0.408026 0.839788
vt 0.627958 0.844374
vt 0.871540 0.232135
vt 0.858218 0.239590
vt 0.836662 0.211223
vt 0.605265 0.853691
vt 0.592364 0.820564
vt 0.873915 0.802966
vt 0.178407 0.809138
vt 0.860597 0.810959
vt 0.163600 0.788755
vt 0.175233 0.795891
vt 0.443615 0.840511
vt 0.139642 0.796540
vt 0.150041 0.787704
vt 0.842988 0.240003
vt 0.163600 0.829519
vt 0.175232 0.822381
vt 0.139642 0.821734
vt 0.150041 0.830566
vt 0.094372 0.585539
vt 0.091786 0.675128
vt 0.083670 0.674776
vt 0.084825 0.585125
vt 0.074347 0.674776
vt 0.073855 0.585125
vt 0.067376 0.675128
vt 0.065654 0.585539
vt 0.751399 0.659854
vt 0.751030 0.749079
vt 0.741815 0.749306
vt 0.740558 0.660122
vt 0.733348 0.749079
vt 0.730597 0.659854
vt 0.039989 0.585185
vt 0.038622 0.674550
vt 0.030508 0.674919
vt 0.030444 0.585620
vt 0.021184 0.674919
vt 0.019474 0.585620
vt 0.014211 0.674550
vt 0.011271 0.585185
vt 0.065654 0.872065
vt 0.071159 0.864485
vt 0.080065 0.861565
vt 0.088972 0.864421
vt 0.094477 0.871961
vt 0.094477 0.881306
vt 0.088972 0.888887
vt 0.080065 0.891807
vt 0.071159 0.888951
vt 0.065654 0.881411
vt 0.751399 0.547732
vt 0.749246 0.637313
vt 0.740031 0.637095
vt 0.740558 0.547476
vt 0.731565 0.637313
vt 0.730597 0.547732
vt 0.847502 0.354702
vt 0.857971 0.351258
vt 0.868441 0.354615
vt 0.874911 0.363490
vt 0.874911 0.374494
vt 0.868441 0.383423
vt 0.857971 0.386867
vt 0.847502 0.383510
vt 0.841031 0.374635
vt 0.841031 0.363631
vt 0.932792 0.665157
vt 0.917047 0.665156
vt 0.917047 0.654811
vt 0.932792 0.654812
vt 0.917030 0.645939
vt 0.932776 0.645940
vt 0.155398 0.934333
vt 0.139653 0.934333
vt 0.139642 0.925394
vt 0.155388 0.925395
vt 0.139642 0.915049
vt 0.155388 0.915049
vt 0.139653 0.906067
vt 0.155398 0.906067
vt 0.935625 0.090339
vt 0.919879 0.090339
vt 0.919879 0.081293
vt 0.935625 0.081293
vt 0.919879 0.070949
vt 0.935625 0.070949
vt 0.919879 0.062077
vt 0.935625 0.062077
vt 0.773968 0.895992
vt 0.789714 0.895992
vt 0.789686 0.904931
vt 0.773940 0.904932
vt 0.789686 0.915277
vt 0.773940 0.915277
vt 0.794808 0.101152
vt 0.794808 0.090806
vt 0.799980 0.081846
vt 0.808940 0.076673
vt 0.819285 0.076673
vt 0.828244 0.081846
vt 0.833416 0.090806
vt 0.833416 0.101152
vt 0.828244 0.110112
vt 0.819284 0.115285
vt 0.808939 0.115285
vt 0.799980 0.110112
vt 0.789714 0.924257
vt 0.773968 0.924258
vt 0.932776 0.674202
vt 0.917030 0.674201
vt 0.875270 0.152139
vt 0.875270 0.162485
vt 0.870098 0.171445
vt 0.861139 0.176618
vt 0.850794 0.176618
vt 0.841835 0.171445
vt 0.836662 0.162485
vt 0.836662 0.152139
vt 0.841834 0.143179
vt 0.850793 0.138006
vt 0.861139 0.138006
vt 0.870098 0.143179
vt 0.209628 0.714736
vt 0.208825 0.791487
vt 0.202589 0.791800
vt 0.201079 0.715165
vt 0.773809 0.138085
vt 0.770686 0.215105
vt 0.764681 0.215047
vt 0.765577 0.138006
vt 0.757900 0.215047
vt 0.756281 0.138006
vt 0.752934 0.215105
vt 0.749472 0.138085
vt 0.833845 0.547476
vt 0.833079 0.623078
vt 0.826387 0.623398
vt 0.824670 0.547914
vt 0.820150 0.623078
vt 0.816120 0.547476
vt 0.035609 0.697460
vt 0.032804 0.774398
vt 0.026800 0.774469
vt 0.027378 0.697559
vt 0.020019 0.774469
vt 0.018082 0.697558
vt 0.784553 0.499846
vt 0.791035 0.502005
vt 0.795041 0.507538
vt 0.795041 0.514333
vt 0.791035 0.519793
vt 0.784553 0.521833
vt 0.778071 0.519674
vt 0.774065 0.514141
vt 0.774065 0.507346
vt 0.778071 0.501886
vt 0.015051 0.774398
vt 0.011271 0.697460
vt 0.218804 0.715165
vt 0.215518 0.791800
vt 0.431254 0.874663
vt 0.436746 0.882252
vt 0.436746 0.891568
vt 0.431254 0.899054
vt 0.422369 0.901851
vt 0.413484 0.898890
vt 0.407993 0.891302
vt 0.407993 0.881985
vt 0.413484 0.874499
vt 0.422369 0.871702
vt 0.906013 0.785031
vt 0.911940 0.790378
vt 0.903759 0.793700
vt 0.222379 0.893461
vt 0.226559 0.898686
vt 0.218933 0.902172
vt 0.898702 0.785001
vt 0.903759 0.776303
vt 0.911940 0.779626
vt 0.214220 0.894054
vt 0.939183 0.724192
vt 0.940385 0.731299
vt 0.932336 0.728555
vt 0.499825 0.890557
vt 0.495097 0.884441
vt 0.503206 0.882519
vt 0.507857 0.905016
vt 0.503206 0.899141
vt 0.512938 0.900103
vt 0.809177 0.237646
vt 0.810386 0.245064
vt 0.802342 0.240672
vt 0.218933 0.885550
vt 0.932336 0.719812
vt 0.508217 0.891604
vt 0.809177 0.252521
vt 0.802322 0.256547
vt 0.802342 0.249416
vt 0.213840 0.908909
vt 0.205792 0.909322
vt 0.209200 0.903134
vt 0.902192 0.851863
vt 0.896456 0.845747
vt 0.903759 0.845684
vt 0.916111 0.846209
vt 0.909694 0.851123
vt 0.911940 0.842361
vt 0.516383 0.892193
vt 0.512939 0.883481
vt 0.520577 0.886959
vt 0.902192 0.822264
vt 0.909694 0.822973
vt 0.903759 0.828286
vt 0.205821 0.895097
vt 0.201079 0.901204
vt 0.201079 0.890931
vt 0.898702 0.836985
vt 0.906013 0.836956
vt 0.896456 0.828349
vt 0.911940 0.831609
vt 0.916111 0.827916
vt 0.917876 0.837047
vt 0.507857 0.876736
vt 0.515566 0.877874
vt 0.209200 0.886512
vt 0.795492 0.245050
vt 0.794278 0.238009
vt 0.794278 0.252156
vt 0.520577 0.897232
vt 0.924286 0.724199
vt 0.925488 0.716782
vt 0.925488 0.731657
vt 0.213840 0.880630
vt 0.499818 0.876317
vt 0.940385 0.717152
vt 0.932336 0.735686
vt 0.226559 0.888413
vt 0.909694 0.770864
vt 0.916111 0.775777
vt 0.902192 0.770124
vt 0.896456 0.776239
vt 0.495097 0.894714
vt 0.896456 0.793637
vt 0.902192 0.799723
vt 0.221540 0.907766
vt 0.917876 0.784939
vt 0.909694 0.799014
vt 0.916111 0.794070
vt 0.901297 0.407312
vt 0.902806 0.411842
vt 0.897453 0.410102
vt 0.906114 0.407288
vt 0.897453 0.404473
vt 0.902806 0.402734
vt 0.622292 0.970110
vt 0.622284 0.964679
vt 0.627078 0.967151
vt 0.070443 0.960105
vt 0.070443 0.964877
vt 0.065654 0.962976
vt 0.070443 0.955791
vt 0.065654 0.957360
vt 0.219118 0.684394
vt 0.219118 0.689657
vt 0.214335 0.686692
vt 0.227809 0.503681
vt 0.227809 0.509297
vt 0.223024 0.506425
vt 0.627078 0.972414
vt 0.214315 0.692123
vt 0.223013 0.511197
vt 0.223013 0.502110
vt 0.940417 0.809140
vt 0.940417 0.803511
vt 0.944305 0.806290
vt 0.945771 0.810880
vt 0.949079 0.806326
vt 0.945771 0.801772
vt 0.796906 0.372702
vt 0.792862 0.385295
vt 0.783711 0.372698
vt 0.505728 0.843905
vt 0.495097 0.845127
vt 0.498284 0.832328
vt 0.792862 0.360102
vt 0.807669 0.364914
vt 0.807669 0.380484
vt 0.513184 0.833068
vt 0.849486 0.467728
vt 0.837383 0.462778
vt 0.848704 0.454122
vt 0.841527 0.677821
vt 0.838814 0.688441
vt 0.828001 0.680328
vt 0.851743 0.655258
vt 0.848920 0.666333
vt 0.840252 0.653402
vt 0.873814 0.854577
vt 0.863697 0.862968
vt 0.863697 0.847530
vt 0.519206 0.846324
vt 0.862026 0.462109
vt 0.834247 0.666664
vt 0.851155 0.868176
vt 0.839046 0.862290
vt 0.850379 0.855524
vt 0.873915 0.841363
vt 0.286699 0.826487
vt 0.275067 0.833622
vt 0.279053 0.821017
vt 0.872151 0.455044
vt 0.862026 0.446666
vt 0.872261 0.443258
vt 0.826779 0.655822
vt 0.819333 0.667398
vt 0.816121 0.654589
vt 0.851155 0.841912
vt 0.839046 0.846853
vt 0.845361 0.833500
vt 0.261508 0.834673
vt 0.251109 0.825837
vt 0.264246 0.825829
vt 0.255095 0.813232
vt 0.268289 0.813229
vt 0.860596 0.833919
vt 0.264246 0.800636
vt 0.251109 0.800644
vt 0.261508 0.791811
vt 0.279053 0.805447
vt 0.275067 0.792858
vt 0.286699 0.799997
vt 0.289874 0.813240
vt 0.849486 0.441454
vt 0.858939 0.435271
vt 0.527873 0.833394
vt 0.520475 0.821908
vt 0.530720 0.819926
vt 0.506952 0.819399
vt 0.517790 0.811277
vt 0.829049 0.645939
vt 0.816153 0.679068
vt 0.530720 0.844459
vt 0.872261 0.468246
vt 0.858939 0.475702
vt 0.837383 0.447334
vt 0.508027 0.853776
vt 0.495126 0.820649
vt 0.873915 0.866342
vt 0.818490 0.372691
vt 0.860597 0.874336
vt 0.803683 0.352309
vt 0.815316 0.359444
vt 0.851743 0.679792
vt 0.779725 0.360094
vt 0.790124 0.351258
vt 0.843709 0.476115
vt 0.803683 0.393073
vt 0.815316 0.385934
vt 0.779725 0.385287
vt 0.790125 0.394120
vt 0.654854 0.011271
vt 0.653526 0.100797
vt 0.644188 0.100797
vt 0.643869 0.011271
vt 0.637119 0.101304
vt 0.635552 0.011866
vt 0.751523 0.435271
vt 0.750259 0.524864
vt 0.741161 0.524934
vt 0.740821 0.435353
vt 0.732471 0.524864
vt 0.730597 0.435271
vt 0.685883 0.568127
vt 0.684622 0.657241
vt 0.676582 0.657766
vt 0.676424 0.568745
vt 0.667244 0.657766
vt 0.665438 0.568745
vt 0.660175 0.657241
vt 0.657122 0.568127
vt 0.582604 0.661196
vt 0.581054 0.750894
vt 0.571958 0.750833
vt 0.571902 0.661125
vt 0.887334 0.747008
vt 0.878428 0.744087
vt 0.872924 0.736508
vt 0.872924 0.727167
vt 0.878428 0.719633
vt 0.887334 0.716782
vt 0.896240 0.719704
vt 0.901745 0.727282
vt 0.901745 0.736623
vt 0.896240 0.744157
vt 0.563266 0.750894
vt 0.561677 0.661196
vt 0.664313 0.011866
vt 0.661566 0.101304
vt 0.876841 0.309947
vt 0.870383 0.318886
vt 0.859935 0.322329
vt 0.849486 0.318962
vt 0.843028 0.310071
vt 0.843028 0.299052
vt 0.849486 0.290113
vt 0.859935 0.286670
vt 0.870383 0.290036
vt 0.876841 0.298927
vt 0.854809 0.916094
vt 0.839063 0.916093
vt 0.839063 0.905749
vt 0.854809 0.905750
vt 0.839046 0.896877
vt 0.854792 0.896878
vt 0.935636 0.039536
vt 0.919890 0.039536
vt 0.919879 0.030598
vt 0.935625 0.030598
vt 0.919879 0.020252
vt 0.935625 0.020252
vt 0.919890 0.011271
vt 0.935636 0.011271
vt 0.935862 0.575207
vt 0.920116 0.575207
vt 0.920116 0.566161
vt 0.935862 0.566161
vt 0.920116 0.555817
vt 0.935862 0.555817
vt 0.920116 0.546945
vt 0.935862 0.546945
vt 0.011299 0.895995
vt 0.027045 0.895995
vt 0.027016 0.904934
vt 0.011271 0.904934
vt 0.027016 0.915280
vt 0.011271 0.915280
vt 0.657122 0.848401
vt 0.657122 0.838055
vt 0.662295 0.829095
vt 0.671254 0.823922
vt 0.681599 0.823922
vt 0.690558 0.829095
vt 0.695731 0.838055
vt 0.695731 0.848401
vt 0.690558 0.857360
vt 0.681599 0.862533
vt 0.671254 0.862533
vt 0.662295 0.857360
vt 0.027045 0.924260
vt 0.011299 0.924260
vt 0.854792 0.925139
vt 0.839046 0.925138
vt 0.365992 0.830552
vt 0.365992 0.840898
vt 0.360819 0.849858
vt 0.351860 0.855031
vt 0.341515 0.855031
vt 0.332556 0.849858
vt 0.327383 0.840898
vt 0.327383 0.830552
vt 0.332556 0.821592
vt 0.341515 0.816419
vt 0.351860 0.816420
vt 0.360819 0.821593
vt 0.739886 0.286669
vt 0.740683 0.363466
vt 0.735442 0.364020
vt 0.732700 0.287428
vt 0.224812 0.534309
vt 0.222339 0.611369
vt 0.215682 0.611255
vt 0.215686 0.534153
vt 0.209378 0.611369
vt 0.207043 0.534309
vt 0.090138 0.697669
vt 0.087747 0.773554
vt 0.081951 0.774120
vt 0.082192 0.698445
vt 0.075130 0.774120
vt 0.072840 0.698445
vt 0.069888 0.773554
vt 0.065654 0.697669
vt 0.814121 0.138006
vt 0.812360 0.214682
vt 0.805703 0.214803
vt 0.804995 0.138172
vt 0.799398 0.214682
vt 0.796351 0.138006
vt 0.817582 0.507545
vt 0.821587 0.502008
vt 0.828066 0.499846
vt 0.834545 0.501885
vt 0.838549 0.507345
vt 0.838549 0.514142
vt 0.834545 0.519678
vt 0.828066 0.521840
vt 0.821587 0.519802
vt 0.817582 0.514341
vt 0.757184 0.287428
vt 0.753300 0.364020
vt 0.747505 0.363466
vt 0.749238 0.286669
vt 0.620938 0.895975
vt 0.615475 0.903585
vt 0.606637 0.906535
vt 0.597798 0.903697
vt 0.592335 0.896156
vt 0.592335 0.886792
vt 0.597798 0.879182
vt 0.606637 0.876232
vt 0.615475 0.879070
vt 0.620938 0.886611
vt 0.728070 0.885749
vt 0.733998 0.891096
vt 0.725816 0.894419
vt 0.678423 0.897906
vt 0.682603 0.903131
vt 0.674977 0.906617
vt 0.720760 0.885720
vt 0.725816 0.877021
vt 0.733998 0.880344
vt 0.670263 0.898499
vt 0.935014 0.605158
vt 0.936216 0.612264
vt 0.928166 0.609521
vt 0.332111 0.891811
vt 0.327383 0.885696
vt 0.335492 0.883774
vt 0.340143 0.906271
vt 0.335492 0.900396
vt 0.345225 0.901358
vt 0.080553 0.914348
vt 0.081763 0.921766
vt 0.073719 0.917375
vt 0.674977 0.889995
vt 0.928166 0.600777
vt 0.340504 0.892859
vt 0.080553 0.929223
vt 0.073698 0.933249
vt 0.073719 0.926118
vt 0.669883 0.913354
vt 0.661835 0.913767
vt 0.665244 0.907579
vt 0.902192 0.904003
vt 0.896456 0.897887
vt 0.903759 0.897824
vt 0.916111 0.898349
vt 0.909694 0.903263
vt 0.911940 0.894501
vt 0.348669 0.893448
vt 0.345225 0.884735
vt 0.352863 0.888214
vt 0.902192 0.874404
vt 0.909694 0.875113
vt 0.903759 0.880426
vt 0.661864 0.899542
vt 0.657122 0.905649
vt 0.657122 0.895376
vt 0.898702 0.889125
vt 0.906013 0.889096
vt 0.896456 0.880490
vt 0.911940 0.883749
vt 0.916111 0.880056
vt 0.917876 0.889188
vt 0.340143 0.877991
vt 0.347852 0.879128
vt 0.665244 0.890957
vt 0.066868 0.921752
vt 0.065654 0.914711
vt 0.065654 0.928858
vt 0.352863 0.898487
vt 0.920116 0.605165
vt 0.921319 0.597748
vt 0.921319 0.612623
vt 0.669883 0.885075
vt 0.332104 0.877572
vt 0.936216 0.598117
vt 0.928166 0.616652
vt 0.682603 0.892858
vt 0.731752 0.871582
vt 0.738169 0.876495
vt 0.724250 0.870842
vt 0.718514 0.876958
vt 0.327383 0.895969
vt 0.718514 0.894355
vt 0.724250 0.900441
vt 0.677584 0.912211
vt 0.739933 0.885657
vt 0.731752 0.899732
vt 0.738169 0.894788
vt 0.943850 0.142585
vt 0.945359 0.147114
vt 0.940005 0.145374
vt 0.948667 0.142561
vt 0.940005 0.139745
vt 0.945359 0.138006
vt 0.327391 0.968799
vt 0.327383 0.963368
vt 0.332177 0.965840
vt 0.144430 0.961189
vt 0.144430 0.965960
vt 0.139642 0.964059
vt 0.144430 0.956874
vt 0.139642 0.958444
vt 0.937463 0.962218
vt 0.937463 0.967481
vt 0.932680 0.964516
vt 0.255905 0.956337
vt 0.255905 0.961953
vt 0.251119 0.959081
vt 0.332177 0.971103
vt 0.932660 0.969947
vt 0.251109 0.963852
vt 0.251109 0.954766
vt 0.940417 0.777491
vt 0.940417 0.771863
vt 0.944305 0.774642
vt 0.945771 0.779231
vt 0.949079 0.774678
vt 0.945771 0.770124
vt 0.693981 0.111216
vt 0.693981 0.087598
vt 0.702130 0.087597
vt 0.702130 0.111216
vt 0.709120 0.087584
vt 0.709120 0.111202
vt 0.730246 0.412511
vt 0.730246 0.388892
vt 0.737288 0.388884
vt 0.737288 0.412503
vt 0.745438 0.388884
vt 0.745438 0.412503
vt 0.752514 0.388892
vt 0.752514 0.412511
vt 0.749472 0.261265
vt 0.749472 0.237646
vt 0.756598 0.237646
vt 0.756598 0.261265
vt 0.764748 0.237646
vt 0.764748 0.261265
vt 0.771737 0.237646
vt 0.771737 0.261265
vt 0.666969 0.543364
vt 0.666969 0.519746
vt 0.674011 0.519768
vt 0.674011 0.543387
vt 0.682162 0.519769
vt 0.682162 0.543387
vt 0.139642 0.872392
vt 0.139642 0.864241
vt 0.143717 0.857183
vt 0.150775 0.853107
vt 0.158925 0.853107
vt 0.165983 0.857183
vt 0.170058 0.864241
vt 0.170058 0.872392
vt 0.165983 0.879451
vt 0.158925 0.883526
vt 0.150775 0.883526
vt 0.143717 0.879451
vt 0.689237 0.519746
vt 0.689237 0.543365
vt 0.686855 0.111204
vt 0.686855 0.087585
vt 0.281525 0.868348
vt 0.281525 0.876499
vt 0.277450 0.883558
vt 0.270392 0.887633
vt 0.262242 0.887633
vt 0.255184 0.883557
vt 0.251109 0.876499
vt 0.251109 0.868348
vt 0.255184 0.861289
vt 0.262242 0.857214
vt 0.270392 0.857214
vt 0.277450 0.861289
vt 0.084383 0.818024
vt 0.083169 0.821336
vt 0.080928 0.817806
vt 0.690351 0.720889
vt 0.690416 0.724526
vt 0.687276 0.722509
vt 0.083466 0.814577
vt 0.087276 0.816110
vt 0.087093 0.820288
vt 0.688270 0.718120
vt 0.517933 0.704518
vt 0.514472 0.705436
vt 0.516034 0.701354
vt 0.698642 0.052015
vt 0.695514 0.052474
vt 0.696998 0.048560
vt 0.415814 0.704938
vt 0.413323 0.706044
vt 0.413356 0.701917
vt 0.447104 0.703901
vt 0.444118 0.705036
vt 0.446120 0.700839
vt 0.692024 0.717424
vt 0.520205 0.701491
vt 0.700850 0.049283
vt 0.416919 0.701806
vt 0.449307 0.700725
vt 0.502918 0.673022
vt 0.500427 0.671908
vt 0.503970 0.669471
vt 0.534208 0.674053
vt 0.531222 0.672923
vt 0.533172 0.670433
vt 0.720082 0.024486
vt 0.717008 0.022868
vt 0.720149 0.020844
vt 0.430829 0.673455
vt 0.427368 0.672536
vt 0.430575 0.669872
vt 0.668912 0.693361
vt 0.665784 0.692898
vt 0.668719 0.689755
vt 0.686993 0.395577
vt 0.684425 0.392371
vt 0.687878 0.392122
vt 0.686021 0.399399
vt 0.683262 0.396066
vt 0.685010 0.403413
vt 0.682065 0.400109
vt 0.684029 0.407355
vt 0.680928 0.404265
vt 0.683147 0.410941
vt 0.679950 0.408217
vt 0.668671 0.686005
vt 0.665312 0.685259
vt 0.668824 0.682357
vt 0.665436 0.689114
vt 0.680613 0.392647
vt 0.679201 0.396533
vt 0.676619 0.392937
vt 0.677855 0.400708
vt 0.675053 0.396930
vt 0.672707 0.393222
vt 0.676710 0.404882
vt 0.673693 0.401117
vt 0.671137 0.397216
vt 0.669161 0.393481
vt 0.679203 0.411674
vt 0.675873 0.408718
vt 0.672689 0.405176
vt 0.669921 0.401287
vt 0.437751 0.663622
vt 0.433880 0.664694
vt 0.433588 0.661158
vt 0.429912 0.662607
vt 0.430267 0.666171
vt 0.662038 0.688765
vt 0.661921 0.684943
vt 0.658781 0.688828
vt 0.672118 0.408788
vt 0.445340 0.666611
vt 0.441695 0.666741
vt 0.441608 0.663148
vt 0.437833 0.667417
vt 0.434051 0.668518
vt 0.662490 0.692623
vt 0.659234 0.692627
vt 0.448433 0.670335
vt 0.445148 0.670240
vt 0.441491 0.670582
vt 0.437730 0.671311
vt 0.434118 0.672312
vt 0.686634 0.388821
vt 0.682879 0.388873
vt 0.678800 0.388996
vt 0.674642 0.389202
vt 0.670726 0.389487
vt 0.426350 0.664944
vt 0.426864 0.668756
vt 0.685265 0.385170
vt 0.681264 0.385035
vt 0.683836 0.381335
vt 0.677022 0.385049
vt 0.679695 0.381079
vt 0.682445 0.377569
vt 0.672849 0.385247
vt 0.675444 0.381077
vt 0.678306 0.377304
vt 0.681191 0.374144
vt 0.425867 0.661413
vt 0.422106 0.664140
vt 0.669088 0.385628
vt 0.671423 0.381370
vt 0.674207 0.377399
vt 0.677199 0.373988
vt 0.723194 0.016243
vt 0.720023 0.017043
vt 0.719649 0.013332
vt 0.422773 0.667916
vt 0.418531 0.667508
vt 0.417824 0.663936
vt 0.414455 0.667635
vt 0.670474 0.377875
vt 0.673380 0.374267
vt 0.726345 0.015858
vt 0.726467 0.019748
vt 0.723276 0.020157
vt 0.423514 0.671782
vt 0.419434 0.671313
vt 0.415389 0.671226
vt 0.411671 0.671554
vt 0.410847 0.668285
vt 0.729238 0.023600
vt 0.726204 0.023661
vt 0.723083 0.023986
vt 0.690567 0.389832
vt 0.689418 0.386170
vt 0.688115 0.382203
vt 0.686721 0.378175
vt 0.685332 0.374399
vt 0.716416 0.014996
vt 0.716808 0.018967
vt 0.693548 0.387300
vt 0.692503 0.383331
vt 0.696689 0.384641
vt 0.691258 0.379165
vt 0.695719 0.380489
vt 0.699784 0.382029
vt 0.689871 0.375113
vt 0.694490 0.376301
vt 0.698829 0.377871
vt 0.702611 0.379654
vt 0.684051 0.371156
vt 0.712263 0.013267
vt 0.715807 0.011271
vt 0.688443 0.371514
vt 0.693064 0.372425
vt 0.697559 0.373859
vt 0.701602 0.375670
vt 0.705000 0.377658
vt 0.712912 0.017255
vt 0.708620 0.015903
vt 0.707791 0.012086
vt 0.704214 0.015075
vt 0.703336 0.011591
vt 0.700022 0.014835
vt 0.699229 0.011769
vt 0.696303 0.015118
vt 0.703891 0.373983
vt 0.535306 0.669267
vt 0.531722 0.666682
vt 0.713408 0.021307
vt 0.709384 0.019948
vt 0.705151 0.018938
vt 0.700994 0.018373
vt 0.697184 0.018261
vt 0.693899 0.018529
vt 0.536378 0.673093
vt 0.690789 0.394008
vt 0.693842 0.391692
vt 0.697139 0.389118
vt 0.700472 0.386423
vt 0.703582 0.383804
vt 0.706237 0.381457
vt 0.529816 0.669086
vt 0.694016 0.396094
vt 0.697386 0.393776
vt 0.697415 0.398285
vt 0.700889 0.391187
vt 0.700980 0.395976
vt 0.700764 0.400437
vt 0.704251 0.388486
vt 0.704512 0.393390
vt 0.704344 0.398133
vt 0.703821 0.402395
vt 0.707190 0.385881
vt 0.707705 0.390701
vt 0.707705 0.395559
vt 0.513923 0.663805
vt 0.509362 0.664592
vt 0.511414 0.661125
vt 0.707228 0.400089
vt 0.505364 0.665814
vt 0.507108 0.662305
vt 0.527978 0.665205
vt 0.525803 0.667983
vt 0.523593 0.664123
vt 0.521270 0.667293
vt 0.518790 0.663628
vt 0.516497 0.667136
vt 0.511841 0.667524
vt 0.507607 0.668355
vt 0.527616 0.671927
vt 0.523457 0.671191
vt 0.518943 0.670829
vt 0.514369 0.670892
vt 0.510044 0.671348
vt 0.506193 0.672098
vt 0.690037 0.397809
vt 0.693399 0.400184
vt 0.696892 0.402547
vt 0.700256 0.404705
vt 0.706403 0.404040
vt 0.703241 0.406498
vt 0.501469 0.668153
vt 0.689165 0.401935
vt 0.692605 0.404502
vt 0.688208 0.406137
vt 0.696117 0.406884
vt 0.691658 0.408727
vt 0.687230 0.410090
vt 0.699421 0.408874
vt 0.695112 0.410943
vt 0.690623 0.412511
vt 0.676367 0.682246
vt 0.672265 0.683961
vt 0.672624 0.680307
vt 0.502930 0.664381
vt 0.498978 0.667100
vt 0.702287 0.410353
vt 0.688509 0.683840
vt 0.684465 0.684039
vt 0.685069 0.680634
vt 0.680746 0.681091
vt 0.680170 0.684835
vt 0.675945 0.686168
vt 0.672072 0.687875
vt 0.497901 0.670948
vt 0.692058 0.684172
vt 0.691431 0.687242
vt 0.687780 0.687308
vt 0.683751 0.687837
vt 0.679602 0.688824
vt 0.675617 0.690172
vt 0.672017 0.691734
vt 0.667269 0.696819
vt 0.665617 0.700882
vt 0.663892 0.696635
vt 0.664086 0.705440
vt 0.662077 0.701019
vt 0.662817 0.710255
vt 0.660519 0.705879
vt 0.661921 0.715002
vt 0.659382 0.710900
vt 0.661431 0.719370
vt 0.658751 0.715709
vt 0.448292 0.697168
vt 0.451439 0.696958
vt 0.660421 0.696645
vt 0.658560 0.701316
vt 0.657122 0.696909
vt 0.448230 0.674176
vt 0.657122 0.706390
vt 0.450091 0.683449
vt 0.447542 0.678682
vt 0.450993 0.678687
vt 0.444585 0.674305
vt 0.450334 0.692907
vt 0.448636 0.688358
vt 0.452031 0.688235
vt 0.446348 0.683582
vt 0.443607 0.678949
vt 0.440651 0.674794
vt 0.446779 0.693033
vt 0.444741 0.688495
vt 0.442259 0.683851
vt 0.439517 0.679449
vt 0.436741 0.675559
vt 0.444728 0.697197
vt 0.442895 0.693060
vt 0.440665 0.688635
vt 0.438168 0.684217
vt 0.435588 0.680099
vt 0.433101 0.676485
vt 0.428930 0.676623
vt 0.426802 0.680390
vt 0.425112 0.675944
vt 0.424536 0.684669
vt 0.422679 0.680007
vt 0.422273 0.689245
vt 0.420221 0.684581
vt 0.420175 0.693813
vt 0.417931 0.689383
vt 0.418370 0.698070
vt 0.415979 0.694054
vt 0.414455 0.698289
vt 0.420937 0.675447
vt 0.418293 0.679788
vt 0.416649 0.675231
vt 0.415793 0.684595
vt 0.413959 0.679795
vt 0.412573 0.675357
vt 0.413653 0.689517
vt 0.411608 0.684725
vt 0.410034 0.680044
vt 0.409012 0.675816
vt 0.728260 0.027678
vt 0.412004 0.694177
vt 0.409779 0.689635
vt 0.407993 0.684960
vt 0.728271 0.036944
vt 0.726779 0.032103
vt 0.730070 0.032334
vt 0.724987 0.027726
vt 0.410865 0.698303
vt 0.408531 0.694173
vt 0.726852 0.046062
vt 0.726083 0.041352
vt 0.729296 0.041932
vt 0.724900 0.036561
vt 0.723408 0.032015
vt 0.721756 0.027952
vt 0.718001 0.027261
vt 0.715499 0.030560
vt 0.714521 0.025801
vt 0.712629 0.034305
vt 0.711623 0.029316
vt 0.709529 0.038307
vt 0.708435 0.033295
vt 0.706402 0.042300
vt 0.705165 0.037494
vt 0.703459 0.046020
vt 0.702057 0.041599
vt 0.699303 0.045340
vt 0.710516 0.024415
vt 0.707285 0.028143
vt 0.706163 0.023244
vt 0.703912 0.032322
vt 0.702746 0.027162
vt 0.701757 0.022417
vt 0.700659 0.036650
vt 0.699388 0.031473
vt 0.698357 0.026467
vt 0.697625 0.021994
vt 0.697760 0.040792
vt 0.696353 0.035839
vt 0.695218 0.030814
vt 0.694436 0.026089
vt 0.694016 0.021951
vt 0.695347 0.044497
vt 0.693816 0.039937
vt 0.692548 0.035119
vt 0.691653 0.030366
vt 0.691164 0.025991
vt 0.691040 0.022200
vt 0.536411 0.677227
vt 0.533224 0.677122
vt 0.531832 0.680770
vt 0.529872 0.676209
vt 0.529999 0.684913
vt 0.528094 0.680130
vt 0.527769 0.689341
vt 0.525909 0.684552
vt 0.525272 0.693761
vt 0.523427 0.689198
vt 0.522692 0.697879
vt 0.520833 0.693724
vt 0.518320 0.697831
vt 0.525861 0.675446
vt 0.523714 0.679628
vt 0.521329 0.674945
vt 0.521264 0.684273
vt 0.518913 0.679341
vt 0.516557 0.674788
vt 0.518685 0.689042
vt 0.516364 0.684111
vt 0.514045 0.679309
vt 0.511900 0.674986
vt 0.516179 0.693570
vt 0.513883 0.688884
vt 0.511593 0.684081
vt 0.509479 0.679517
vt 0.507663 0.675477
vt 0.513906 0.697590
vt 0.511640 0.693312
vt 0.509377 0.688736
vt 0.507279 0.684164
vt 0.505474 0.679902
vt 0.504023 0.676160
vt 0.500460 0.676043
vt 0.497969 0.679655
vt 0.497731 0.675150
vt 0.697121 0.699302
vt 0.694378 0.695013
vt 0.697451 0.694972
vt 0.696352 0.704018
vt 0.693752 0.699693
vt 0.695169 0.708812
vt 0.692727 0.704687
vt 0.693677 0.713361
vt 0.691379 0.709624
vt 0.689846 0.714168
vt 0.495097 0.679043
vt 0.691189 0.690918
vt 0.694616 0.690927
vt 0.690637 0.695339
vt 0.687213 0.691297
vt 0.689746 0.700305
vt 0.686389 0.695994
vt 0.682918 0.692092
vt 0.688560 0.705458
vt 0.685336 0.701122
vt 0.681935 0.696952
vt 0.678625 0.693246
vt 0.687191 0.710399
vt 0.684138 0.706278
vt 0.680868 0.702080
vt 0.677625 0.698117
vt 0.674630 0.694630
vt 0.685770 0.714826
vt 0.682900 0.711085
vt 0.679800 0.707084
vt 0.676674 0.703090
vt 0.673730 0.699367
vt 0.671121 0.696100
vt 0.431216 0.680148
vt 0.433729 0.684258
vt 0.436323 0.688782
vt 0.438806 0.693426
vt 0.440991 0.697842
vt 0.442768 0.701757
vt 0.429075 0.684412
vt 0.431581 0.688941
vt 0.426779 0.689099
vt 0.434160 0.693708
vt 0.429261 0.693871
vt 0.424489 0.693900
vt 0.436610 0.698349
vt 0.431809 0.698638
vt 0.426941 0.698669
vt 0.422375 0.698459
vt 0.438757 0.702525
vt 0.434226 0.703028
vt 0.429454 0.703187
vt 0.424796 0.702987
vt 0.420559 0.702493
vt 0.440512 0.706037
vt 0.436354 0.706776
vt 0.431839 0.707140
vt 0.427265 0.707077
vt 0.422940 0.706619
vt 0.419089 0.705866
vt 0.719576 0.031214
vt 0.721109 0.035758
vt 0.722457 0.040691
vt 0.723482 0.045680
vt 0.727183 0.050384
vt 0.724109 0.050353
vt 0.410627 0.702801
vt 0.716920 0.034987
vt 0.718289 0.039927
vt 0.713866 0.039111
vt 0.719475 0.045076
vt 0.715065 0.044265
vt 0.710596 0.043310
vt 0.720367 0.050035
vt 0.716118 0.049387
vt 0.711664 0.048434
vt 0.707353 0.047271
vt 0.407993 0.698904
vt 0.724348 0.054430
vt 0.720920 0.054447
vt 0.716942 0.054077
vt 0.712647 0.053287
vt 0.708353 0.052136
vt 0.704358 0.050753
vt 0.410797 0.706995
vt 0.721163 0.058114
vt 0.717511 0.058056
vt 0.713481 0.057533
vt 0.709331 0.056551
vt 0.705347 0.055205
vt 0.701746 0.053644
vt 0.538544 0.680991
vt 0.535396 0.680791
vt 0.688484 0.029649
vt 0.689114 0.034464
vt 0.690250 0.039490
vt 0.691808 0.044352
vt 0.693622 0.048737
vt 0.537438 0.685049
vt 0.533883 0.684932
vt 0.539135 0.689716
vt 0.535740 0.689604
vt 0.531845 0.689476
vt 0.686855 0.038968
vt 0.537195 0.694506
vt 0.533452 0.694383
vt 0.529362 0.694122
vt 0.688292 0.044046
vt 0.538097 0.699261
vt 0.534647 0.699277
vt 0.530711 0.699018
vt 0.526621 0.698525
vt 0.690152 0.048719
vt 0.686855 0.048444
vt 0.535334 0.703774
vt 0.531689 0.703654
vt 0.527755 0.703173
vt 0.523845 0.702414
vt 0.692221 0.052740
vt 0.688966 0.052727
vt 0.535538 0.707605
vt 0.532252 0.707711
vt 0.528595 0.707377
vt 0.524834 0.706654
vt 0.521222 0.705658
vt 0.501559 0.679677
vt 0.503083 0.683917
vt 0.505035 0.688593
vt 0.507325 0.693396
vt 0.509783 0.697971
vt 0.512216 0.702031
vt 0.499108 0.683786
vt 0.495635 0.683781
vt 0.500757 0.688452
vt 0.496883 0.688324
vt 0.699564 0.703427
vt 0.502897 0.693377
vt 0.498712 0.693239
vt 0.495097 0.692993
vt 0.698539 0.708421
vt 0.505397 0.698184
vt 0.501063 0.698171
vt 0.497138 0.697912
vt 0.700336 0.713023
vt 0.697047 0.713265
vt 0.508041 0.702524
vt 0.503753 0.702734
vt 0.499677 0.702600
vt 0.496116 0.702131
vt 0.698527 0.717682
vt 0.695255 0.717643
vt 0.510618 0.706186
vt 0.506538 0.706650
vt 0.502494 0.706731
vt 0.498775 0.706395
vt 0.699503 0.721751
vt 0.696470 0.721700
vt 0.693351 0.721384
vt 0.669574 0.700044
vt 0.672328 0.703789
vt 0.675437 0.707897
vt 0.678706 0.712095
vt 0.681894 0.716072
vt 0.684790 0.719582
vt 0.668031 0.704591
vt 0.670930 0.708737
vt 0.666624 0.709542
vt 0.674183 0.713067
vt 0.669658 0.713911
vt 0.665487 0.714563
vt 0.677555 0.717244
vt 0.673015 0.718222
vt 0.668626 0.718911
vt 0.664705 0.719281
vt 0.680785 0.720969
vt 0.676432 0.722137
vt 0.672026 0.722960
vt 0.667893 0.723376
vt 0.664283 0.723411
vt 0.661306 0.723154
vt 0.683676 0.724071
vt 0.679653 0.725429
vt 0.675419 0.726436
vt 0.671261 0.726995
vt 0.667451 0.727100
vt 0.664164 0.726824
vt 0.449274 0.704853
vt 0.446068 0.707517
vt 0.444617 0.711261
vt 0.442712 0.708868
vt 0.099232 0.830353
vt 0.102841 0.828517
vt 0.101639 0.832327
vt 0.096383 0.828005
vt 0.100164 0.826194
vt 0.093263 0.825422
vt 0.097030 0.823604
vt 0.090098 0.822792
vt 0.093671 0.820941
vt 0.090351 0.818397
vt 0.440873 0.712742
vt 0.438699 0.709975
vt 0.103752 0.824083
vt 0.436488 0.713827
vt 0.434166 0.710667
vt 0.100789 0.821506
vt 0.104222 0.819259
vt 0.431686 0.714325
vt 0.429394 0.710826
vt 0.097402 0.818837
vt 0.101004 0.816600
vt 0.104177 0.814401
vt 0.426819 0.714148
vt 0.424737 0.710437
vt 0.093875 0.816281
vt 0.097449 0.814047
vt 0.100792 0.811858
vt 0.424309 0.716817
vt 0.422258 0.713359
vt 0.420503 0.709604
vt 0.090483 0.813994
vt 0.093862 0.811771
vt 0.097190 0.809588
vt 0.100229 0.807602
vt 0.103658 0.809876
vt 0.420003 0.715635
vt 0.418260 0.712135
vt 0.416866 0.708484
vt 0.414365 0.709794
vt 0.099611 0.803505
vt 0.102796 0.805933
vt 0.096643 0.805325
vt 0.093299 0.807515
vt 0.089829 0.809910
vt 0.086489 0.812317
vt 0.415826 0.713558
vt 0.411873 0.710836
vt 0.721791 0.061173
vt 0.718241 0.061512
vt 0.095769 0.801164
vt 0.098621 0.799659
vt 0.714801 0.064713
vt 0.714195 0.061321
vt 0.092484 0.803185
vt 0.091441 0.799136
vt 0.710477 0.064263
vt 0.709900 0.060531
vt 0.088994 0.805600
vt 0.088008 0.801383
vt 0.086938 0.797609
vt 0.706098 0.063113
vt 0.705675 0.059201
vt 0.085578 0.808199
vt 0.084582 0.804006
vt 0.083567 0.800063
vt 0.702356 0.065042
vt 0.701996 0.061401
vt 0.701802 0.057496
vt 0.082458 0.810764
vt 0.081410 0.806760
vt 0.080391 0.802827
vt 0.079477 0.799250
vt 0.082608 0.796661
vt 0.698555 0.062995
vt 0.698401 0.059358
vt 0.698449 0.055616
vt 0.695166 0.056250
vt 0.695044 0.060095
vt 0.076305 0.802003
vt 0.077320 0.805946
vt 0.078496 0.810091
vt 0.079730 0.814123
vt 0.691770 0.056590
vt 0.075526 0.798553
vt 0.072223 0.801540
vt 0.691654 0.060401
vt 0.688514 0.056516
vt 0.532445 0.711329
vt 0.073096 0.805368
vt 0.069073 0.805112
vt 0.068468 0.801505
vt 0.528712 0.714790
vt 0.528799 0.711209
vt 0.074280 0.809531
vt 0.070115 0.809161
vt 0.066341 0.809026
vt 0.524856 0.714326
vt 0.524937 0.710541
vt 0.075665 0.813694
vt 0.071513 0.813335
vt 0.067595 0.813086
vt 0.520693 0.716786
vt 0.520984 0.713260
vt 0.521155 0.709446
vt 0.077113 0.817566
vt 0.073117 0.817314
vt 0.069202 0.817065
vt 0.065654 0.816839
vt 0.517017 0.715343
vt 0.517372 0.711788
vt 0.517679 0.708096
vt 0.666568 0.730232
vt 0.670287 0.730523
vt 0.674481 0.730288
vt 0.678887 0.729465
vt 0.683179 0.728116
vt 0.687075 0.726403
vt 0.448201 0.708672
vt 0.669493 0.733575
vt 0.100565 0.836012
vt 0.098260 0.834346
vt 0.673601 0.733760
vt 0.094234 0.836195
vt 0.095466 0.832172
vt 0.678057 0.733271
vt 0.089753 0.837671
vt 0.091143 0.833781
vt 0.092332 0.829582
vt 0.682529 0.732093
vt 0.085140 0.838625
vt 0.086535 0.835013
vt 0.087884 0.830949
vt 0.089090 0.826770
vt 0.686682 0.730366
vt 0.686071 0.734080
vt 0.082002 0.835769
vt 0.083356 0.831980
vt 0.084713 0.827940
vt 0.085979 0.823961
vt 0.690290 0.728319
vt 0.689913 0.732020
vt 0.080752 0.839024
vt 0.077864 0.836062
vt 0.079086 0.832626
vt 0.080442 0.828847
vt 0.081835 0.825000
vt 0.513968 0.709209
vt 0.513454 0.713013
vt 0.067256 0.820818
vt 0.071175 0.821067
vt 0.075334 0.821234
vt 0.079415 0.821319
vt 0.509877 0.710045
vt 0.512972 0.716532
vt 0.509210 0.713810
vt 0.505635 0.710446
vt 0.069419 0.825038
vt 0.065654 0.824693
vt 0.068029 0.828928
vt 0.504929 0.714007
vt 0.501559 0.710312
vt 0.073594 0.825197
vt 0.072052 0.829184
vt 0.070850 0.832874
vt 0.067113 0.832432
vt 0.070053 0.836013
vt 0.497952 0.709652
vt 0.696732 0.725605
vt 0.077835 0.825172
vt 0.076304 0.829142
vt 0.074950 0.832930
vt 0.073874 0.836256
vt 0.696609 0.729484
vt 0.693459 0.729110
vt 0.693543 0.725205
vt 0.898695 0.513327
vt 0.900009 0.510424
vt 0.901755 0.513793
vt 0.455966 0.930528
vt 0.457881 0.931484
vt 0.455946 0.933608
vt 0.899266 0.516518
vt 0.895981 0.514834
vt 0.896441 0.511067
vt 0.453819 0.931605
vt 0.730205 0.932612
vt 0.730165 0.935789
vt 0.727991 0.934064
vt 0.898380 0.933900
vt 0.897388 0.931423
vt 0.899908 0.931628
vt 0.409834 0.928904
vt 0.408910 0.926837
vt 0.411344 0.926548
vt 0.412302 0.942170
vt 0.411246 0.939452
vt 0.414010 0.940916
vt 0.454439 0.928242
vt 0.728679 0.930338
vt 0.900533 0.935070
vt 0.411931 0.929740
vt 0.414545 0.943751
vt 0.251830 0.915890
vt 0.253933 0.913544
vt 0.253378 0.916734
vt 0.253467 0.929305
vt 0.252028 0.926529
vt 0.254757 0.928034
vt 0.908198 0.939025
vt 0.908178 0.935945
vt 0.910119 0.938068
vt 0.419679 0.934117
vt 0.419637 0.930940
vt 0.421676 0.933597
vt 0.446146 0.935647
vt 0.445148 0.938123
vt 0.444217 0.934807
vt 0.262120 0.918060
vt 0.264609 0.920785
vt 0.261549 0.921251
vt 0.262733 0.914571
vt 0.265541 0.917227
vt 0.263230 0.911679
vt 0.266152 0.913716
vt 0.267945 0.920277
vt 0.268891 0.916715
vt 0.270699 0.919856
vt 0.266275 0.911215
vt 0.269107 0.913599
vt 0.271254 0.916666
vt 0.420758 0.936967
vt 0.262863 0.924154
vt 0.266359 0.923934
vt 0.269710 0.923423
vt 0.264290 0.927329
vt 0.267789 0.927131
vt 0.265462 0.929964
vt 0.271998 0.922761
vt 0.419228 0.927456
vt 0.421676 0.930044
vt 0.270664 0.926357
vt 0.268506 0.929499
vt 0.909187 0.941384
vt 0.259295 0.923511
vt 0.260511 0.926934
vt 0.261941 0.930131
vt 0.256821 0.925983
vt 0.258014 0.929423
vt 0.263193 0.932225
vt 0.907753 0.932335
vt 0.910119 0.934479
vt 0.259540 0.932064
vt 0.256056 0.930939
vt 0.258835 0.919744
vt 0.256078 0.922081
vt 0.253581 0.924570
vt 0.255859 0.918098
vt 0.253075 0.920424
vt 0.721763 0.927286
vt 0.720857 0.930932
vt 0.719302 0.928714
vt 0.251109 0.922832
vt 0.720386 0.934738
vt 0.718545 0.932814
vt 0.251109 0.918995
vt 0.720361 0.937835
vt 0.718514 0.936533
vt 0.259187 0.916081
vt 0.256184 0.914425
vt 0.259798 0.912571
vt 0.257021 0.911420
vt 0.446591 0.928993
vt 0.446168 0.932555
vt 0.444217 0.931242
vt 0.260501 0.910174
vt 0.447674 0.937921
vt 0.449745 0.940227
vt 0.446899 0.940798
vt 0.451928 0.941929
vt 0.449240 0.943003
vt 0.444457 0.940650
vt 0.416753 0.942243
vt 0.419033 0.939754
vt 0.419621 0.942875
vt 0.421575 0.940073
vt 0.416120 0.938872
vt 0.418153 0.936393
vt 0.417460 0.932668
vt 0.414669 0.931074
vt 0.417036 0.929022
vt 0.413994 0.927411
vt 0.416390 0.925509
vt 0.418463 0.924556
vt 0.413441 0.924392
vt 0.904595 0.943566
vt 0.906670 0.941310
vt 0.907433 0.944033
vt 0.906047 0.937948
vt 0.903290 0.936529
vt 0.905637 0.934347
vt 0.902603 0.932763
vt 0.904949 0.930558
vt 0.906928 0.929060
vt 0.901982 0.929323
vt 0.904171 0.927621
vt 0.905972 0.926765
vt 0.724527 0.925819
vt 0.722812 0.924566
vt 0.726643 0.927862
vt 0.723647 0.929225
vt 0.725932 0.931712
vt 0.722890 0.933325
vt 0.725202 0.935661
vt 0.722462 0.936997
vt 0.721873 0.940189
vt 0.719432 0.939902
vt 0.452363 0.925984
vt 0.449398 0.927182
vt 0.450166 0.924392
vt 0.451749 0.929300
vt 0.447409 0.925830
vt 0.448715 0.930882
vt 0.451064 0.933023
vt 0.448304 0.934480
vt 0.415402 0.935023
vt 0.413123 0.937512
vt 0.412360 0.933412
vt 0.410334 0.935808
vt 0.409860 0.932002
vt 0.903977 0.940251
vt 0.902403 0.945155
vt 0.901629 0.942367
vt 0.900943 0.938668
vt 0.899647 0.943716
vt 0.898824 0.940554
vt 0.898400 0.936993
vt 0.725051 0.922982
vt 0.901488 0.926544
vt 0.899142 0.928749
vt 0.727266 0.924488
vt 0.730128 0.923853
vt 0.729551 0.926975
vt 0.896707 0.928894
vt 0.732086 0.926652
vt 0.731279 0.929760
vt 0.724526 0.939324
vt 0.727568 0.937710
vt 0.723968 0.942342
vt 0.726919 0.941223
vt 0.455195 0.925518
vt 0.729755 0.939272
vt 0.728986 0.942172
vt 0.456950 0.928168
vt 0.450373 0.936788
vt 0.453407 0.935206
vt 0.452714 0.938993
vt 0.455516 0.937218
vt 0.454685 0.940491
vt 0.453721 0.942784
vt 0.891903 0.506544
vt 0.889174 0.508049
vt 0.890613 0.505273
vt 0.893967 0.508595
vt 0.890727 0.510008
vt 0.893224 0.512497
vt 0.408789 0.938026
vt 0.890221 0.514154
vt 0.888255 0.511746
vt 0.408026 0.933926
vt 0.893005 0.516480
vt 0.890524 0.517844
vt 0.888255 0.515583
vt 0.407993 0.930207
vt 0.891079 0.521034
vt 0.888976 0.518688
vt 0.893330 0.520153
vt 0.896333 0.518497
vt 0.894167 0.523158
vt 0.896944 0.522007
vt 0.896456 0.938303
vt 0.899880 0.520007
vt 0.900376 0.522898
vt 0.897648 0.524404
vt 0.896456 0.934739
vt 0.903298 0.520862
vt 0.902687 0.517351
vt 0.903421 0.523363
vt 0.906253 0.520979
vt 0.906038 0.517862
vt 0.908400 0.517912
vt 0.905091 0.514301
vt 0.907845 0.514722
vt 0.732198 0.933129
vt 0.893202 0.503639
vt 0.896686 0.502514
vt 0.895160 0.505155
vt 0.457878 0.935074
vt 0.899087 0.504447
vt 0.897657 0.507644
vt 0.900339 0.502353
vt 0.902608 0.504614
vt 0.901436 0.507248
vt 0.906856 0.511155
vt 0.903505 0.510644
vt 0.909144 0.511817
vt 0.732198 0.936681
vt 0.904935 0.507447
vt 0.907810 0.508221
vt 0.905653 0.505079
vt 0.593988 0.969212
vt 0.595330 0.970855
vt 0.593479 0.971877
vt 0.946430 0.359429
vt 0.945558 0.361973
vt 0.943609 0.359925
vt 0.592335 0.969200
vt 0.593479 0.966524
vt 0.595330 0.967546
vt 0.945121 0.356612
vt 0.960786 0.103313
vt 0.959199 0.103827
vt 0.959714 0.100509
vt 0.205002 0.940049
vt 0.202589 0.940534
vt 0.203361 0.937230
vt 0.209907 0.940049
vt 0.207755 0.940546
vt 0.209437 0.937237
vt 0.962743 0.555141
vt 0.960962 0.555618
vt 0.961995 0.552319
vt 0.948004 0.356612
vt 0.961757 0.100484
vt 0.206554 0.937237
vt 0.959266 0.555102
vt 0.958404 0.552273
vt 0.959951 0.552296
vt 0.940998 0.359434
vt 0.939647 0.356619
vt 0.941929 0.356614
vt 0.948476 0.353797
vt 0.946324 0.353301
vt 0.946759 0.351258
vt 0.962506 0.097658
vt 0.960724 0.097185
vt 0.961845 0.095125
vt 0.207863 0.934419
vt 0.205043 0.933921
vt 0.206992 0.931871
vt 0.961024 0.549491
vt 0.959437 0.548975
vt 0.961162 0.546945
vt 0.943571 0.353797
vt 0.941159 0.353306
vt 0.943875 0.351258
vt 0.744050 0.969188
vt 0.745194 0.966512
vt 0.745703 0.969176
vt 0.941593 0.351262
vt 0.962743 0.549012
vt 0.747045 0.967534
vt 0.746540 0.964883
vt 0.209708 0.933920
vt 0.747045 0.970842
vt 0.203800 0.931864
vt 0.202432 0.934407
vt 0.745194 0.971865
vt 0.746540 0.973545
vt 0.959029 0.097700
vt 0.959801 0.095150
vt 0.201079 0.937218
vt 0.962506 0.103786
vt 0.958166 0.100528
vt 0.948274 0.359925
vt 0.962083 0.557670
vt 0.594825 0.964844
vt 0.960039 0.557647
vt 0.208188 0.942584
vt 0.205305 0.942584
vt 0.203023 0.942572
vt 0.960925 0.105852
vt 0.942365 0.361975
vt 0.594825 0.973505
vt 0.720167 0.969252
vt 0.721509 0.970894
vt 0.719658 0.971917
vt 0.946430 0.392687
vt 0.945558 0.395231
vt 0.943609 0.393184
vt 0.718514 0.969240
vt 0.719658 0.966563
vt 0.721509 0.967586
vt 0.945121 0.389870
vt 0.960797 0.019459
vt 0.959210 0.019973
vt 0.959724 0.016655
vt 0.661046 0.944494
vt 0.658633 0.944980
vt 0.659405 0.941675
vt 0.665951 0.944494
vt 0.663799 0.944991
vt 0.665480 0.941682
vt 0.963097 0.605944
vt 0.961315 0.606420
vt 0.962348 0.603122
vt 0.948004 0.389870
vt 0.961768 0.016630
vt 0.662597 0.941682
vt 0.959620 0.605905
vt 0.958757 0.603076
vt 0.960305 0.603099
vt 0.940998 0.392692
vt 0.939647 0.389877
vt 0.941929 0.389873
vt 0.948476 0.387055
vt 0.946324 0.386560
vt 0.946759 0.384517
vt 0.962516 0.013804
vt 0.960735 0.013331
vt 0.961856 0.011271
vt 0.663907 0.938864
vt 0.661086 0.938366
vt 0.663036 0.936316
vt 0.961377 0.600293
vt 0.959790 0.599778
vt 0.961516 0.597748
vt 0.943571 0.387055
vt 0.941159 0.386564
vt 0.943875 0.384517
vt 0.201079 0.969430
vt 0.202223 0.966754
vt 0.202731 0.969418
vt 0.941593 0.384521
vt 0.963097 0.599815
vt 0.204074 0.967776
vt 0.203568 0.965125
vt 0.665752 0.938366
vt 0.204074 0.971084
vt 0.659843 0.936309
vt 0.658475 0.938852
vt 0.202223 0.972107
vt 0.203568 0.973787
vt 0.959040 0.013846
vt 0.959812 0.011296
vt 0.657122 0.941663
vt 0.962516 0.019932
vt 0.958177 0.016674
vt 0.948274 0.393184
vt 0.962436 0.608473
vt 0.721004 0.964883
vt 0.960393 0.608449
vt 0.664232 0.947029
vt 0.661349 0.947029
vt 0.659066 0.947017
vt 0.960935 0.021998
vt 0.942365 0.395234
vt 0.721004 0.973545
vt 0.522463 0.967258
vt 0.523017 0.964503
vt 0.524287 0.967942
vt 0.958759 0.655071
vt 0.958593 0.657928
vt 0.956853 0.655664
vt 0.523017 0.970435
vt 0.520963 0.968536
vt 0.520963 0.964870
vt 0.957621 0.651933
vt 0.500788 0.936723
vt 0.497610 0.937278
vt 0.499019 0.933565
vt 0.505167 0.936723
vt 0.503529 0.937278
vt 0.505252 0.933565
vt 0.564076 0.782607
vt 0.561910 0.783156
vt 0.562254 0.779447
vt 0.570300 0.782607
vt 0.567323 0.783163
vt 0.569258 0.779451
vt 0.959837 0.651891
vt 0.502678 0.933565
vt 0.840354 0.956822
vt 0.839321 0.953642
vt 0.841334 0.953686
vt 0.565600 0.779451
vt 0.571832 0.779447
vt 0.497495 0.930407
vt 0.495329 0.929852
vt 0.498461 0.927557
vt 0.503719 0.930407
vt 0.500742 0.929852
vt 0.502119 0.927557
vt 0.842472 0.950544
vt 0.840566 0.949952
vt 0.842305 0.947680
vt 0.567368 0.776293
vt 0.564189 0.775736
vt 0.566976 0.773439
vt 0.956641 0.648795
vt 0.955334 0.648271
vt 0.957178 0.645939
vt 0.965064 0.471484
vt 0.966333 0.473977
vt 0.964509 0.474661
vt 0.569550 0.773435
vt 0.570108 0.775736
vt 0.965064 0.477417
vt 0.563631 0.773435
vt 0.561677 0.776286
vt 0.963009 0.477049
vt 0.963547 0.479806
vt 0.504906 0.929852
vt 0.963009 0.473383
vt 0.963547 0.470207
vt 0.958592 0.648202
vt 0.571747 0.776286
vt 0.839046 0.950469
vt 0.495674 0.933565
vt 0.843549 0.953722
vt 0.842304 0.957412
vt 0.495097 0.936723
vt 0.955608 0.651975
vt 0.955334 0.655143
vt 0.568701 0.785453
vt 0.565043 0.785453
vt 0.521501 0.971713
vt 0.840890 0.959670
vt 0.839046 0.957340
vt 0.502971 0.939572
vt 0.500397 0.939572
vt 0.571487 0.783156
vt 0.521501 0.962113
vt 0.497052 0.939572
vt 0.972056 0.354076
vt 0.972679 0.352675
vt 0.973035 0.354623
vt 0.296675 0.979979
vt 0.296898 0.981306
vt 0.295675 0.980539
vt 0.972029 0.355812
vt 0.971052 0.354600
vt 0.971453 0.352661
vt 0.295675 0.978728
vt 0.944211 0.326317
vt 0.942594 0.325704
vt 0.944102 0.324559
vt 0.946294 0.327492
vt 0.945381 0.327275
vt 0.947049 0.326221
vt 0.942573 0.174279
vt 0.941695 0.175068
vt 0.940993 0.173470
vt 0.945504 0.172628
vt 0.944225 0.173647
vt 0.944280 0.171621
vt 0.296898 0.978376
vt 0.945825 0.325530
vt 0.971824 0.805623
vt 0.971620 0.804025
vt 0.972756 0.804356
vt 0.942557 0.172592
vt 0.945504 0.170929
vt 0.944119 0.322870
vt 0.943243 0.322078
vt 0.945240 0.321971
vt 0.947049 0.324523
vt 0.945771 0.323504
vt 0.946962 0.322942
vt 0.973757 0.803103
vt 0.972756 0.802543
vt 0.973980 0.801772
vt 0.942666 0.170833
vt 0.941048 0.171445
vt 0.941838 0.169765
vt 0.972601 0.770124
vt 0.973604 0.770793
vt 0.972632 0.771339
vt 0.973638 0.772528
vt 0.972658 0.773075
vt 0.943836 0.169874
vt 0.973282 0.774476
vt 0.940275 0.170644
vt 0.940005 0.172327
vt 0.972056 0.774490
vt 0.972671 0.775893
vt 0.971620 0.775486
vt 0.971654 0.772551
vt 0.971620 0.770816
vt 0.295762 0.976895
vt 0.294743 0.977460
vt 0.294680 0.976092
vt 0.944748 0.169655
vt 0.971824 0.802540
vt 0.942540 0.323678
vt 0.973980 0.804705
vt 0.972844 0.806187
vt 0.941553 0.324819
vt 0.294539 0.979058
vt 0.294743 0.980541
vt 0.945415 0.174206
vt 0.943692 0.175177
vt 0.971018 0.356335
vt 0.971762 0.806988
vt 0.973001 0.356358
vt 0.971998 0.357027
vt 0.943384 0.327383
vt 0.972069 0.351258
vt 0.971018 0.351665
vt 0.941822 0.326502
vt 0.842117 0.410701
vt 0.842543 0.411980
vt 0.841031 0.411488
vt 0.843477 0.410694
vt 0.841031 0.409899
vt 0.842543 0.409408
vt 0.985049 0.096658
vt 0.985047 0.095125
vt 0.986401 0.095823
vt 0.983730 0.681687
vt 0.983730 0.683035
vt 0.982378 0.682498
vt 0.983730 0.680469
vt 0.982378 0.680912
vt 0.867446 0.982211
vt 0.867446 0.983697
vt 0.866096 0.982860
vt 0.042762 0.947245
vt 0.042762 0.948831
vt 0.041411 0.948020
vt 0.986401 0.097309
vt 0.866090 0.984394
vt 0.041408 0.949367
vt 0.041408 0.946802
vt 0.866018 0.411488
vt 0.866018 0.409899
vt 0.867116 0.410684
vt 0.867530 0.411979
vt 0.868464 0.410694
vt 0.867530 0.409408
vt 0.985646 0.036696
vt 0.985876 0.037389
vt 0.985058 0.037123
vt 0.986382 0.036692
vt 0.985058 0.036262
vt 0.985876 0.035996
vt 0.065655 0.988249
vt 0.065654 0.987418
vt 0.066388 0.987796
vt 0.987744 0.235534
vt 0.987744 0.236264
vt 0.987012 0.235973
vt 0.987744 0.234874
vt 0.987012 0.235114
vt 0.987911 0.199159
vt 0.987911 0.199964
vt 0.987179 0.199511
vt 0.304800 0.857454
vt 0.304800 0.858313
vt 0.304068 0.857874
vt 0.066388 0.988601
vt 0.987176 0.200341
vt 0.304066 0.858604
vt 0.304066 0.857214
vt 0.860528 0.263671
vt 0.860528 0.262811
vt 0.861122 0.263236
vt 0.861347 0.263938
vt 0.861853 0.263241
vt 0.861347 0.262545
vt 0.550164 0.979323
vt 0.550164 0.976689
vt 0.552289 0.976794
vt 0.552289 0.979428
vt 0.169646 0.967908
vt 0.166972 0.967882
vt 0.166972 0.956874
vt 0.169646 0.956901
vt 0.011271 0.980886
vt 0.011271 0.978251
vt 0.013395 0.978148
vt 0.013395 0.980784
vt 0.962927 0.716810
vt 0.965601 0.716782
vt 0.965601 0.727791
vt 0.962927 0.727820
vt 0.967212 0.844581
vt 0.967212 0.833421
vt 0.969416 0.833426
vt 0.969416 0.844586
vt 0.106508 0.958140
vt 0.106508 0.969300
vt 0.104304 0.969305
vt 0.104304 0.958145
vt 0.964250 0.967062
vt 0.964804 0.964306
vt 0.966074 0.967746
vt 0.958759 0.689601
vt 0.958593 0.692458
vt 0.956853 0.690194
vt 0.964804 0.970239
vt 0.962750 0.968340
vt 0.962750 0.964674
vt 0.957621 0.686463
vt 0.333075 0.937978
vt 0.329896 0.938532
vt 0.331306 0.934820
vt 0.337453 0.937978
vt 0.335815 0.938532
vt 0.337538 0.934820
vt 0.296938 0.919346
vt 0.294773 0.919895
vt 0.295117 0.916186
vt 0.303162 0.919346
vt 0.300185 0.919902
vt 0.302120 0.916190
vt 0.959837 0.686421
vt 0.334964 0.934820
vt 0.867398 0.956822
vt 0.866365 0.953642
vt 0.868379 0.953686
vt 0.298462 0.916190
vt 0.304694 0.916186
vt 0.329781 0.931661
vt 0.327615 0.931107
vt 0.330747 0.928812
vt 0.336005 0.931661
vt 0.333028 0.931107
vt 0.334406 0.928812
vt 0.869516 0.950544
vt 0.867610 0.949952
vt 0.869350 0.947680
vt 0.300230 0.913031
vt 0.297052 0.912474
vt 0.299838 0.910178
vt 0.956641 0.683325
vt 0.955334 0.682801
vt 0.957178 0.680469
vt 0.497152 0.963391
vt 0.498422 0.965884
vt 0.496598 0.966568
vt 0.302412 0.910174
vt 0.302971 0.912474
vt 0.497152 0.969323
vt 0.296493 0.910174
vt 0.294539 0.913024
vt 0.495097 0.968956
vt 0.495635 0.971713
vt 0.337193 0.931107
vt 0.495097 0.965290
vt 0.495635 0.962113
vt 0.958592 0.682732
vt 0.304609 0.913024
vt 0.866090 0.950469
vt 0.327960 0.934820
vt 0.870594 0.953722
vt 0.869349 0.957412
vt 0.327383 0.937978
vt 0.955608 0.686505
vt 0.955334 0.689673
vt 0.301563 0.922192
vt 0.297905 0.922192
vt 0.963288 0.971516
vt 0.867935 0.959670
vt 0.866090 0.957340
vt 0.335257 0.940827
vt 0.332683 0.940827
vt 0.304350 0.919895
vt 0.963288 0.961917
vt 0.329338 0.940827
vt 0.972056 0.382386
vt 0.972679 0.380985
vt 0.973035 0.382933
vt 0.659259 0.973458
vt 0.659481 0.974785
vt 0.658258 0.974018
vt 0.972029 0.384123
vt 0.971052 0.382910
vt 0.971453 0.380971
vt 0.658258 0.972207
vt 0.446875 0.969891
vt 0.445258 0.969277
vt 0.446766 0.968132
vt 0.448958 0.971066
vt 0.448045 0.970849
vt 0.449714 0.969794
vt 0.468724 0.847069
vt 0.467846 0.847858
vt 0.467144 0.846260
vt 0.471655 0.845417
vt 0.470376 0.846437
vt 0.470431 0.844411
vt 0.659481 0.971855
vt 0.448489 0.969103
vt 0.688696 0.973206
vt 0.688492 0.971608
vt 0.689628 0.971939
vt 0.468708 0.845382
vt 0.471655 0.843719
vt 0.446783 0.966444
vt 0.445907 0.965652
vt 0.447904 0.965544
vt 0.449714 0.968096
vt 0.448435 0.967077
vt 0.449626 0.966515
vt 0.690629 0.970686
vt 0.689628 0.970126
vt 0.690852 0.969355
vt 0.468817 0.843623
vt 0.467199 0.844235
vt 0.467989 0.842555
vt 0.972189 0.138006
vt 0.973192 0.138676
vt 0.972220 0.139221
vt 0.973226 0.140411
vt 0.972247 0.140958
vt 0.469987 0.842664
vt 0.972870 0.142359
vt 0.466425 0.843434
vt 0.466156 0.845117
vt 0.971644 0.142373
vt 0.972260 0.143775
vt 0.971208 0.143368
vt 0.971242 0.140434
vt 0.971208 0.138699
vt 0.658345 0.970374
vt 0.657326 0.970939
vt 0.657263 0.969570
vt 0.470899 0.842445
vt 0.688696 0.970123
vt 0.445204 0.967251
vt 0.690852 0.972288
vt 0.689716 0.973770
vt 0.444217 0.968392
vt 0.657122 0.972537
vt 0.657326 0.974020
vt 0.471566 0.846996
vt 0.469843 0.847967
vt 0.971018 0.384645
vt 0.688634 0.974571
vt 0.973001 0.384668
vt 0.971998 0.385337
vt 0.446048 0.970956
vt 0.972069 0.379568
vt 0.971018 0.379975
vt 0.444486 0.970075
vt 0.972116 0.409174
vt 0.973464 0.409164
vt 0.972529 0.410450
vt 0.972529 0.407879
vt 0.971018 0.409959
vt 0.971018 0.408370
vt 0.985060 0.012804
vt 0.985058 0.011271
vt 0.986411 0.011968
vt 0.840398 0.983430
vt 0.840398 0.984777
vt 0.839046 0.984240
vt 0.840398 0.982211
vt 0.839046 0.982655
vt 0.376761 0.982644
vt 0.376761 0.984130
vt 0.375410 0.983292
vt 0.227969 0.965569
vt 0.227969 0.967155
vt 0.226618 0.966344
vt 0.986411 0.013455
vt 0.375405 0.984826
vt 0.226615 0.967691
vt 0.226615 0.965125
vt 0.919879 0.114960
vt 0.919879 0.113371
vt 0.920977 0.114156
vt 0.921391 0.115452
vt 0.922325 0.114166
vt 0.921391 0.112880
vt 0.985841 0.062779
vt 0.986571 0.062774
vt 0.986065 0.063470
vt 0.986065 0.062077
vt 0.985247 0.063204
vt 0.985247 0.062343
vt 0.987997 0.436102
vt 0.987996 0.435271
vt 0.988729 0.435649
vt 0.987744 0.259465
vt 0.987744 0.260194
vt 0.987012 0.259904
vt 0.987744 0.258805
vt 0.987012 0.259045
vt 0.988387 0.926544
vt 0.988387 0.927349
vt 0.987656 0.926895
vt 0.304800 0.881385
vt 0.304800 0.882244
vt 0.304068 0.881805
vt 0.988729 0.436454
vt 0.987653 0.927726
vt 0.304066 0.882535
vt 0.304066 0.881145
vt 0.836662 0.263671
vt 0.836662 0.262811
vt 0.837256 0.263236
vt 0.837481 0.263938
vt 0.837987 0.263241
vt 0.837481 0.262545
vt 0.773940 0.980884
vt 0.773940 0.978244
vt 0.776065 0.978146
vt 0.776065 0.980785
vt 0.962781 0.435301
vt 0.965455 0.435271
vt 0.965455 0.446282
vt 0.962781 0.446312
vt 0.035936 0.980785
vt 0.035936 0.978148
vt 0.038061 0.978248
vt 0.038061 0.980886
vt 0.967398 0.513391
vt 0.964724 0.513362
vt 0.964724 0.502353
vt 0.967398 0.502381
vt 0.967321 0.885557
vt 0.967321 0.874409
vt 0.969526 0.874404
vt 0.969526 0.885552
vt 0.970673 0.286675
vt 0.970673 0.297822
vt 0.968468 0.297817
vt 0.968468 0.286670
vt 0.857279 0.113090
vt 0.858601 0.113705
vt 0.857279 0.114679
vt 0.971167 0.174594
vt 0.970769 0.176142
vt 0.969527 0.174938
vt 0.855957 0.113447
vt 0.856462 0.111711
vt 0.858095 0.111871
vt 0.970321 0.172915
vt 0.970937 0.326858
vt 0.969591 0.326627
vt 0.970834 0.324977
vt 0.409344 0.971250
vt 0.407993 0.971507
vt 0.408434 0.969523
vt 0.412293 0.971325
vt 0.410962 0.971592
vt 0.412002 0.969620
vt 0.900367 0.971730
vt 0.899207 0.972531
vt 0.899207 0.970370
vt 0.972055 0.172869
vt 0.972341 0.325596
vt 0.410269 0.969576
vt 0.897803 0.972785
vt 0.896456 0.971499
vt 0.897701 0.970991
vt 0.900401 0.969875
vt 0.972345 0.171161
vt 0.971014 0.170897
vt 0.971341 0.169655
vt 0.973501 0.324235
vt 0.972341 0.323435
vt 0.973536 0.322590
vt 0.411115 0.967896
vt 0.409475 0.967552
vt 0.410717 0.966345
vt 0.897803 0.969109
vt 0.896456 0.969338
vt 0.897194 0.967697
vt 0.969396 0.171240
vt 0.968045 0.170980
vt 0.969607 0.169701
vt 0.112679 0.771054
vt 0.114001 0.769822
vt 0.114001 0.771410
vt 0.112679 0.769474
vt 0.898894 0.968334
vt 0.115323 0.770795
vt 0.115323 0.769215
vt 0.412279 0.967623
vt 0.114817 0.772629
vt 0.408882 0.966292
vt 0.407993 0.967806
vt 0.113184 0.772789
vt 0.114000 0.774017
vt 0.970937 0.323180
vt 0.972029 0.321971
vt 0.968486 0.172966
vt 0.973536 0.326088
vt 0.972029 0.327630
vt 0.969591 0.324466
vt 0.972332 0.174863
vt 0.968045 0.174681
vt 0.900401 0.973371
vt 0.857278 0.110484
vt 0.898894 0.973992
vt 0.411288 0.972829
vt 0.409555 0.972785
vt 0.855957 0.115027
vt 0.970329 0.328267
vt 0.968935 0.176193
vt 0.858601 0.115285
vt 0.804117 0.980515
vt 0.804117 0.978153
vt 0.806244 0.978156
vt 0.806244 0.980518
vt 0.962274 0.199161
vt 0.964635 0.199159
vt 0.964635 0.211991
vt 0.962274 0.211993
vt 0.982378 0.648302
vt 0.982378 0.645940
vt 0.984505 0.645939
vt 0.984505 0.648301
vt 0.965111 0.939376
vt 0.962750 0.939376
vt 0.962750 0.926544
vt 0.965111 0.926544
vt 0.812255 0.909219
vt 0.812255 0.895992
vt 0.814459 0.895992
vt 0.814459 0.909218
vt 0.964471 0.234874
vt 0.964471 0.248101
vt 0.962267 0.248101
vt 0.962267 0.234874
vt 0.520343 0.612295
vt 0.527800 0.615889
vt 0.519333 0.620596
vt 0.173103 0.731578
vt 0.178537 0.734354
vt 0.173045 0.739916
vt 0.512262 0.613815
vt 0.516361 0.604918
vt 0.525964 0.606200
vt 0.167004 0.734317
vt 0.528220 0.764594
vt 0.528159 0.772690
vt 0.521944 0.768128
vt 0.256602 0.739096
vt 0.253758 0.732359
vt 0.260950 0.732862
vt 0.712030 0.250790
vt 0.713542 0.256299
vt 0.706567 0.255970
vt 0.712030 0.216384
vt 0.713573 0.223738
vt 0.706586 0.218805
vt 0.168763 0.725294
vt 0.523845 0.758656
vt 0.262745 0.742208
vt 0.706586 0.247788
vt 0.706567 0.211355
vt 0.419064 0.636687
vt 0.413217 0.631001
vt 0.421296 0.632476
vt 0.507120 0.743182
vt 0.504170 0.750091
vt 0.500799 0.744925
vt 0.284552 0.752441
vt 0.284495 0.744103
vt 0.290002 0.749664
vt 0.687148 0.233221
vt 0.685608 0.241170
vt 0.681278 0.233517
vt 0.145149 0.744911
vt 0.142289 0.751643
vt 0.139642 0.742606
vt 0.425158 0.608735
vt 0.432229 0.601954
vt 0.433239 0.610255
vt 0.416325 0.607103
vt 0.423234 0.599459
vt 0.409001 0.605784
vt 0.414344 0.597836
vt 0.431125 0.592909
vt 0.422125 0.590373
vt 0.430212 0.585442
vt 0.407993 0.597528
vt 0.414214 0.589820
vt 0.684940 0.217294
vt 0.685608 0.225538
vt 0.679426 0.225158
vt 0.422133 0.583966
vt 0.440696 0.606661
vt 0.440334 0.597177
vt 0.439225 0.588091
vt 0.448851 0.602761
vt 0.448544 0.593271
vt 0.455615 0.599562
vt 0.679426 0.242361
vt 0.684940 0.250017
vt 0.446740 0.585478
vt 0.454607 0.591306
vt 0.287352 0.758699
vt 0.438859 0.616350
vt 0.447632 0.613020
vt 0.455841 0.609114
vt 0.445006 0.623044
vt 0.453820 0.619778
vt 0.450105 0.628630
vt 0.289993 0.739923
vt 0.283272 0.734315
vt 0.460621 0.615614
vt 0.280905 0.725412
vt 0.288017 0.729638
vt 0.457565 0.625081
vt 0.453264 0.632122
vt 0.429257 0.617632
vt 0.435042 0.625094
vt 0.441230 0.631852
vt 0.424904 0.625728
vt 0.430662 0.633263
vt 0.446125 0.636053
vt 0.501645 0.759356
vt 0.497215 0.753432
vt 0.436674 0.638581
vt 0.500368 0.769035
vt 0.495124 0.763857
vt 0.426919 0.638616
vt 0.500351 0.776916
vt 0.495097 0.773342
vt 0.419964 0.616713
vt 0.415583 0.624882
vt 0.411073 0.615090
vt 0.407993 0.622639
vt 0.146417 0.726932
vt 0.145214 0.736526
vt 0.139642 0.732965
vt 0.149497 0.751147
vt 0.155382 0.757540
vt 0.147268 0.759001
vt 0.161579 0.762346
vt 0.153916 0.765163
vt 0.140292 0.758577
vt 0.699589 0.214170
vt 0.691900 0.219373
vt 0.691879 0.211174
vt 0.699604 0.222992
vt 0.692613 0.228260
vt 0.692613 0.237921
vt 0.699604 0.243216
vt 0.691900 0.247208
vt 0.699589 0.252638
vt 0.691879 0.256213
vt 0.685570 0.257534
vt 0.699565 0.260344
vt 0.274297 0.764918
vt 0.280208 0.758723
vt 0.282358 0.765955
vt 0.278442 0.749702
vt 0.270601 0.746034
vt 0.277271 0.739965
vt 0.268634 0.735841
vt 0.275295 0.729679
vt 0.266843 0.726471
vt 0.273057 0.721665
vt 0.278159 0.719157
vt 0.511995 0.746631
vt 0.518026 0.752113
vt 0.509537 0.755309
vt 0.516057 0.761926
vt 0.507445 0.765734
vt 0.514047 0.771942
vt 0.506293 0.775047
vt 0.504683 0.783070
vt 0.497764 0.782016
vt 0.162848 0.719095
vt 0.154413 0.722153
vt 0.156581 0.714736
vt 0.161116 0.727963
vt 0.148732 0.718480
vt 0.152478 0.732083
vt 0.159167 0.737983
vt 0.151305 0.741805
vt 0.699610 0.233001
vt 0.707298 0.227798
vt 0.707298 0.238430
vt 0.714229 0.233319
vt 0.713573 0.243060
vt 0.272553 0.756054
vt 0.268043 0.769270
vt 0.265858 0.761857
vt 0.263915 0.751930
vt 0.260194 0.765523
vt 0.257868 0.757073
vt 0.256663 0.747481
vt 0.513461 0.739327
vt 0.265405 0.718841
vt 0.258743 0.725002
vt 0.519762 0.743464
vt 0.527895 0.742043
vt 0.526282 0.750081
vt 0.251788 0.725418
vt 0.533496 0.749410
vt 0.531235 0.757364
vt 0.512194 0.781179
vt 0.520806 0.777372
vt 0.510678 0.788735
vt 0.519034 0.786201
vt 0.170896 0.718058
vt 0.527059 0.781493
vt 0.524940 0.788735
vt 0.175891 0.725317
vt 0.157191 0.748174
vt 0.165829 0.744054
vt 0.163839 0.754336
vt 0.171813 0.749703
vt 0.169429 0.758602
vt 0.166664 0.764851
vt 0.717872 0.219338
vt 0.532110 0.599506
vt 0.528334 0.590698
vt 0.537209 0.593920
vt 0.522146 0.597456
vt 0.533229 0.586497
vt 0.719718 0.228384
vt 0.517766 0.589287
vt 0.523778 0.583969
vt 0.719718 0.239016
vt 0.512008 0.596822
vt 0.508400 0.590074
vt 0.514023 0.583934
vt 0.717872 0.248321
vt 0.500322 0.591549
vt 0.506168 0.585863
vt 0.502687 0.597668
vt 0.507068 0.605837
vt 0.495097 0.599911
vt 0.498177 0.607460
vt 0.251109 0.751035
vt 0.503429 0.615447
vt 0.496105 0.616766
vt 0.251109 0.741394
vt 0.501448 0.624714
vt 0.510339 0.623091
vt 0.495097 0.625022
vt 0.501318 0.632730
vt 0.509229 0.632177
vt 0.509238 0.638584
vt 0.518229 0.629642
vt 0.517316 0.637108
vt 0.533901 0.766038
vt 0.544669 0.597469
vt 0.540368 0.590428
vt 0.176532 0.754377
vt 0.178522 0.744095
vt 0.540924 0.602772
vt 0.547725 0.606936
vt 0.542945 0.613436
vt 0.534736 0.609530
vt 0.542720 0.622988
vt 0.535955 0.619789
vt 0.526329 0.634459
vt 0.527439 0.625373
vt 0.533965 0.775072
vt 0.535648 0.629279
vt 0.533845 0.637072
vt 0.541711 0.631244
vt 0.902052 0.220093
vt 0.906835 0.209690
vt 0.909569 0.224162
vt 0.889729 0.679234
vt 0.888723 0.689683
vt 0.881236 0.681463
vt 0.901848 0.232993
vt 0.894342 0.223979
vt 0.897424 0.209577
vt 0.884799 0.667806
vt 0.806982 0.458495
vt 0.801606 0.470175
vt 0.793426 0.458015
vt 0.207142 0.847677
vt 0.201079 0.849518
vt 0.202516 0.836028
vt 0.786127 0.307377
vt 0.779725 0.301413
vt 0.791674 0.294917
vt 0.800052 0.328176
vt 0.791673 0.319314
vt 0.807243 0.318205
vt 0.894489 0.667585
vt 0.801606 0.445786
vt 0.211595 0.836261
vt 0.799058 0.305980
vt 0.813102 0.326923
vt 0.780484 0.456618
vt 0.774064 0.462572
vt 0.774064 0.447500
vt 0.794400 0.435813
vt 0.786031 0.444683
vt 0.782244 0.435271
vt 0.216524 0.824817
vt 0.208031 0.822591
vt 0.215517 0.814341
vt 0.812616 0.305491
vt 0.807243 0.293808
vt 0.820487 0.298511
vt 0.902329 0.435271
vt 0.910029 0.440239
vt 0.902570 0.444293
vt 0.910291 0.453124
vt 0.902774 0.457193
vt 0.820487 0.313589
vt 0.907556 0.467596
vt 0.813102 0.287448
vt 0.800052 0.286669
vt 0.898145 0.467709
vt 0.902871 0.478126
vt 0.894802 0.475109
vt 0.895064 0.453307
vt 0.894802 0.440421
vt 0.888973 0.654153
vt 0.880346 0.656381
vt 0.882475 0.645939
vt 0.875720 0.668030
vt 0.874284 0.654516
vt 0.201079 0.824421
vt 0.786031 0.469071
vt 0.221284 0.836459
vt 0.215769 0.849895
vt 0.807446 0.437056
vt 0.814842 0.450388
vt 0.794401 0.477305
vt 0.874284 0.679616
vt 0.787910 0.328717
vt 0.779725 0.316491
vt 0.894081 0.236864
vt 0.209269 0.858088
vt 0.909308 0.237047
vt 0.901608 0.242015
vt 0.814842 0.465461
vt 0.902149 0.199159
vt 0.894081 0.202177
vt 0.807446 0.476517
vt 0.932661 0.939677
vt 0.936281 0.926560
vt 0.936772 0.926544
vt 0.936100 0.939569
vt 0.937359 0.926560
vt 0.940208 0.939677
vt 0.110245 0.399476
vt 0.112329 0.385954
vt 0.112954 0.385954
vt 0.114619 0.399476
vt 0.375405 0.926827
vt 0.379195 0.913621
vt 0.379686 0.913651
vt 0.378839 0.927040
vt 0.985638 0.621861
vt 0.986184 0.621548
vt 0.986729 0.621860
vt 0.986729 0.622486
vt 0.986184 0.622799
vt 0.985638 0.622487
vt 0.380273 0.913651
vt 0.382949 0.927040
vt 0.941553 0.299429
vt 0.944024 0.286669
vt 0.944648 0.286670
vt 0.945927 0.299429
vt 0.018866 0.949024
vt 0.018866 0.953426
vt 0.015069 0.955607
vt 0.011271 0.953384
vt 0.011271 0.948982
vt 0.015069 0.946802
vt 0.936083 0.247847
vt 0.935740 0.234874
vt 0.936261 0.234893
vt 0.939725 0.247981
vt 0.112679 0.746674
vt 0.114386 0.733466
vt 0.115015 0.733466
vt 0.117082 0.746674
vt 0.397417 0.556593
vt 0.400128 0.543168
vt 0.400696 0.543168
vt 0.401392 0.556593
vt 0.401215 0.543129
vt 0.405027 0.556323
vt 0.985829 0.570746
vt 0.986374 0.571061
vt 0.986374 0.571691
vt 0.985829 0.572005
vt 0.985285 0.571689
vt 0.985285 0.571060
vt 0.112679 0.710924
vt 0.114396 0.697669
vt 0.115025 0.697669
vt 0.117082 0.710924
vt 0.932110 0.247981
vt 0.935173 0.234893
vt 0.777758 0.946799
vt 0.781576 0.949001
vt 0.781576 0.953404
vt 0.777758 0.955605
vt 0.773940 0.953403
vt 0.773940 0.949000
vt 0.936001 0.448510
vt 0.936930 0.435273
vt 0.937536 0.435273
vt 0.940240 0.448510
vt 0.940417 0.846640
vt 0.943108 0.833421
vt 0.943715 0.833421
vt 0.944671 0.846640
vt 0.592335 0.942303
vt 0.595968 0.929076
vt 0.596421 0.929076
vt 0.595504 0.942303
vt 0.597027 0.929076
vt 0.599743 0.942303
vt 0.985285 0.547260
vt 0.985830 0.546945
vt 0.986375 0.547260
vt 0.986375 0.547890
vt 0.985830 0.548204
vt 0.985285 0.547890
vt 0.466156 0.819904
vt 0.468820 0.806659
vt 0.469427 0.806659
vt 0.470410 0.819904
vt 0.932832 0.448497
vt 0.936477 0.435271
vt 0.294539 0.946938
vt 0.298357 0.944733
vt 0.302175 0.946937
vt 0.302175 0.951346
vt 0.298357 0.953550
vt 0.294539 0.951346
vt 0.861090 0.512889
vt 0.863144 0.499846
vt 0.863773 0.499846
vt 0.865495 0.512889
vt 0.887987 0.105541
vt 0.891342 0.092259
vt 0.891867 0.092269
vt 0.891663 0.105615
vt 0.892431 0.092259
vt 0.895609 0.105541
vt 0.223013 0.479569
vt 0.225009 0.466185
vt 0.225638 0.466185
vt 0.227418 0.479569
vt 0.986728 0.598062
vt 0.986728 0.598691
vt 0.986183 0.599007
vt 0.985638 0.598693
vt 0.985638 0.598063
vt 0.986183 0.597748
vt 0.932110 0.212333
vt 0.935517 0.199169
vt 0.936042 0.199159
vt 0.935786 0.212267
vt 0.936606 0.199169
vt 0.939732 0.212333
vt 0.804118 0.953403
vt 0.804118 0.948997
vt 0.807932 0.946799
vt 0.811747 0.949007
vt 0.811747 0.953414
vt 0.807932 0.955612
vt 0.622284 0.942138
vt 0.625057 0.929101
vt 0.625645 0.929076
vt 0.626401 0.941965
vt 0.626134 0.929101
vt 0.629826 0.942138
vt 0.223013 0.443644
vt 0.224604 0.430157
vt 0.225228 0.430157
vt 0.227376 0.443644
vt 0.375405 0.891080
vt 0.377924 0.877619
vt 0.378513 0.877619
vt 0.379524 0.891080
vt 0.251108 0.986706
vt 0.251654 0.986394
vt 0.252199 0.986707
vt 0.252199 0.987332
vt 0.251654 0.987644
vt 0.251108 0.987331
vt 0.379000 0.877572
vt 0.382939 0.890749
vt 0.940417 0.887255
vt 0.941636 0.874404
vt 0.942259 0.874404
vt 0.944780 0.887255
vt 0.936650 0.471051
vt 0.940468 0.473236
vt 0.940468 0.477613
vt 0.936650 0.479806
vt 0.932832 0.477622
vt 0.932832 0.473245
s 1
usemtl npc_raka_mat.002
f 1/1/1 2/2/2 4/3/4 3/4/3
f 3/4/3 4/3/4 6/5/6 5/6/5
f 5/7/5 6/8/6 8/9/8 7/10/7
f 7/10/7 8/9/8 10/11/10 9/12/9
f 9/13/9 10/14/10 12/15/12 11/16/11
f 11/16/11 12/15/12 14/17/14 13/18/13
f 13/18/13 14/17/14 16/19/16 15/20/15
f 15/21/15 16/22/16 18/23/18 17/24/17
f 4/25/4 2/26/2 20/27/20 18/28/18 16/29/16 14/30/14 12/31/12 10/32/10 8/33/8 6/34/6
f 17/24/17 18/23/18 20/35/20 19/36/19
f 19/37/19 20/38/20 2/2/2 1/1/1
f 1/39/1 3/40/3 5/41/5 7/42/7 9/43/9 11/44/11 13/45/13 15/46/15 17/47/17 19/48/19
f 21/49/21 22/50/22 24/51/24 23/52/23
f 23/53/23 24/54/24 26/55/26 25/56/25
f 25/56/25 26/55/26 28/57/28 27/58/27
f 27/59/27 28/60/28 30/61/30 29/62/29
f 29/62/29 30/61/30 32/63/32 31/64/31
f 31/64/31 32/63/32 34/65/34 33/66/33
f 33/67/33 34/68/34 36/69/36 35/70/35
f 35/70/35 36/69/36 38/71/38 37/72/37
f 24/73/24 22/74/22 40/75/40 38/76/38 36/77/36 34/78/34 32/79/32 30/80/30 28/81/28 26/82/26
f 37/83/37 38/84/38 40/85/40 39/86/39
f 39/86/39 40/85/40 22/50/22 21/49/21
f 21/87/21 23/88/23 25/89/25 27/90/27 29/91/29 31/92/31 33/93/33 35/94/35 37/95/37 39/96/39
f 41/97/41 54/98/54 53/99/53
f 42/100/42 54/98/54 56/101/56
f 41/97/41 53/99/53 58/102/58
f 41/97/41 58/102/58 60/103/60
f 41/97/41 60/103/60 57/104/57
f 42/105/42 56/106/56 63/107/63
f 43/108/43 55/109/55 65/110/65
f 44/111/44 59/112/59 67/113/67
f 45/114/45 61/115/61 69/116/69
f 46/117/46 62/118/62 71/119/71
f 42/105/42 63/107/63 66/120/66
f 43/108/43 65/110/65 68/121/68
f 44/111/44 67/113/67 70/122/70
f 45/114/45 69/116/69 72/123/72
f 46/124/46 71/125/71 64/126/64
f 47/127/47 73/128/73 78/129/78
f 48/130/48 74/131/74 80/132/80
f 49/133/49 75/134/75 81/135/81
f 50/136/50 76/137/76 82/138/82
f 51/139/51 77/140/77 79/141/79
f 79/141/79 82/138/82 52/142/52
f 79/141/79 77/140/77 82/138/82
f 77/140/77 50/136/50 82/138/82
f 82/138/82 81/135/81 52/142/52
f 82/138/82 76/137/76 81/135/81
f 76/137/76 49/133/49 81/135/81
f 81/135/81 80/132/80 52/142/52
f 81/135/81 75/134/75 80/132/80
f 75/134/75 48/130/48 80/132/80
f 80/132/80 78/129/78 52/142/52
f 80/132/80 74/131/74 78/129/78
f 74/131/74 47/127/47 78/129/78
f 78/129/78 79/141/79 52/142/52
f 78/129/78 73/128/73 79/141/79
f 73/128/73 51/139/51 79/141/79
f 64/126/64 77/143/77 51/144/51
f 64/126/64 71/125/71 77/143/77
f 71/119/71 50/145/50 77/146/77
f 72/147/72 76/148/76 50/145/50
f 72/123/72 69/116/69 76/149/76
f 69/116/69 49/150/49 76/149/76
f 70/122/70 75/151/75 49/150/49
f 70/122/70 67/113/67 75/151/75
f 67/113/67 48/152/48 75/151/75
f 68/121/68 74/153/74 48/154/48
f 68/121/68 65/110/65 74/153/74
f 65/110/65 47/155/47 74/153/74
f 66/120/66 73/156/73 47/157/47
f 66/120/66 63/107/63 73/156/73
f 63/107/63 51/144/51 73/156/73
f 71/119/71 72/147/72 50/145/50
f 71/119/71 62/118/62 72/147/72
f 62/118/62 45/158/45 72/147/72
f 69/116/69 70/122/70 49/150/49
f 69/116/69 61/115/61 70/122/70
f 61/115/61 44/111/44 70/122/70
f 67/113/67 68/159/68 48/152/48
f 67/113/67 59/112/59 68/159/68
f 59/160/59 43/108/43 68/121/68
f 65/161/65 66/120/66 47/157/47
f 65/161/65 55/162/55 66/120/66
f 55/162/55 42/105/42 66/120/66
f 63/107/63 64/126/64 51/144/51
f 63/107/63 56/106/56 64/126/64
f 56/106/56 46/124/46 64/126/64
f 57/104/57 62/163/62 46/164/46
f 57/104/57 60/103/60 62/163/62
f 60/103/60 45/165/45 62/163/62
f 60/103/60 61/166/61 45/165/45
f 60/103/60 58/102/58 61/166/61
f 58/102/58 44/167/44 61/166/61
f 58/102/58 59/168/59 44/167/44
f 58/102/58 53/99/53 59/168/59
f 53/99/53 43/169/43 59/168/59
f 56/101/56 57/104/57 46/164/46
f 56/101/56 54/98/54 57/104/57
f 54/98/54 41/97/41 57/104/57
f 53/99/53 55/170/55 43/169/43
f 53/99/53 54/98/54 55/170/55
f 54/98/54 42/100/42 55/170/55
f 83/171/83 84/172/84 86/173/86 85/174/85
f 85/174/85 86/173/86 88/175/88 87/176/87
f 87/176/87 88/175/88 90/177/90 89/178/89
f 89/179/89 90/180/90 92/181/92 91/182/91
f 91/182/91 92/181/92 94/183/94 93/184/93
f 93/185/93 94/186/94 96/187/96 95/188/95
f 95/188/95 96/187/96 98/189/98 97/190/97
f 97/190/97 98/189/98 100/191/100 99/192/99
f 86/193/86 84/194/84 102/195/102 100/196/100 98/197/98 96/198/96 94/199/94 92/200/92 90/201/90 88/202/88
f 99/203/99 100/204/100 102/205/102 101/206/101
f 101/206/101 102/205/102 84/207/84 83/208/83
f 83/209/83 85/210/85 87/211/87 89/212/89 91/213/91 93/214/93 95/215/95 97/216/97 99/217/99 101/218/101
f 103/219/21 104/220/22 106/221/24 105/222/23
f 105/223/23 106/224/24 108/225/26 107/226/25
f 107/226/25 108/225/26 110/227/28 109/228/27
f 109/229/27 110/230/28 112/231/30 111/232/29
f 111/232/29 112/231/30 114/233/32 113/234/31
f 113/234/31 114/233/32 116/235/34 115/236/33
f 115/237/33 116/238/34 118/239/36 117/240/35
f 117/240/35 118/239/36 120/241/38 119/242/37
f 106/243/24 104/244/22 122/245/40 120/246/38 118/247/36 116/248/34 114/249/32 112/250/30 110/251/28 108/252/26
f 119/253/37 120/254/38 122/255/40 121/256/39
f 121/256/39 122/255/40 104/220/22 103/219/21
f 103/257/21 105/258/23 107/259/25 109/260/27 111/261/29 113/262/31 115/263/33 117/264/35 119/265/37 121/266/39
f 123/267/41 136/268/54 135/269/53
f 124/270/42 136/268/54 138/271/56
f 123/267/41 135/269/53 140/272/58
f 123/267/41 140/272/58 142/273/60
f 123/267/41 142/273/60 139/274/57
f 124/275/42 138/276/56 145/277/63
f 125/278/43 137/279/55 147/280/65
f 126/281/44 141/282/59 149/283/67
f 127/284/45 143/285/61 151/286/69
f 128/287/46 144/288/62 153/289/71
f 124/275/42 145/277/63 148/290/66
f 125/278/43 147/280/65 150/291/68
f 126/281/44 149/283/67 152/292/70
f 127/284/45 151/286/69 154/293/72
f 128/294/46 153/295/71 146/296/64
f 129/297/47 155/298/73 160/299/78
f 130/300/48 156/301/74 162/302/80
f 131/303/49 157/304/75 163/305/81
f 132/306/50 158/307/76 164/308/82
f 133/309/51 159/310/77 161/311/79
f 161/311/79 164/308/82 134/312/52
f 161/311/79 159/310/77 164/308/82
f 159/310/77 132/306/50 164/308/82
f 164/308/82 163/305/81 134/312/52
f 164/308/82 158/307/76 163/305/81
f 158/307/76 131/303/49 163/305/81
f 163/305/81 162/302/80 134/312/52
f 163/305/81 157/304/75 162/302/80
f 157/304/75 130/300/48 162/302/80
f 162/302/80 160/299/78 134/312/52
f 162/302/80 156/301/74 160/299/78
f 156/301/74 129/297/47 160/299/78
f 160/299/78 161/311/79 134/312/52
f 160/299/78 155/298/73 161/311/79
f 155/298/73 133/309/51 161/311/79
f 146/296/64 159/313/77 133/314/51
f 146/296/64 153/295/71 159/313/77
f 153/289/71 132/315/50 159/316/77
f 154/317/72 158/318/76 132/315/50
f 154/293/72 151/286/69 158/319/76
f 151/286/69 131/320/49 158/319/76
f 152/292/70 157/321/75 131/320/49
f 152/292/70 149/283/67 157/321/75
f 149/283/67 130/322/48 157/321/75
f 150/291/68 156/323/74 130/324/48
f 150/291/68 147/280/65 156/323/74
f 147/280/65 129/325/47 156/323/74
f 148/290/66 155/326/73 129/327/47
f 148/290/66 145/277/63 155/326/73
f 145/277/63 133/314/51 155/326/73
f 153/289/71 154/317/72 132/315/50
f 153/289/71 144/288/62 154/317/72
f 144/288/62 127/328/45 154/317/72
f 151/286/69 152/292/70 131/320/49
f 151/286/69 143/285/61 152/292/70
f 143/285/61 126/281/44 152/292/70
f 149/283/67 150/329/68 130/322/48
f 149/283/67 141/282/59 150/329/68
f 141/330/59 125/278/43 150/291/68
f 147/331/65 148/290/66 129/327/47
f 147/331/65 137/332/55 148/290/66
f 137/332/55 124/275/42 148/290/66
f 145/277/63 146/296/64 133/314/51
f 145/277/63 138/276/56 146/296/64
f 138/276/56 128/294/46 146/296/64
f 139/274/57 144/333/62 128/334/46
f 139/274/57 142/273/60 144/333/62
f 142/273/60 127/335/45 144/333/62
f 142/273/60 143/336/61 127/335/45
f 142/273/60 140/272/58 143/336/61
f 140/272/58 126/337/44 143/336/61
f 140/272/58 141/338/59 126/337/44
f 140/272/58 135/269/53 141/338/59
f 135/269/53 125/339/43 141/338/59
f 138/271/56 139/274/57 128/334/46
f 138/271/56 136/268/54 139/274/57
f 136/268/54 123/267/41 139/274/57
f 135/269/53 137/340/55 125/339/43
f 135/269/53 136/268/54 137/340/55
f 136/268/54 124/270/42 137/340/55
f 165/341/103 180/342/118 179/343/117
f 166/344/104 182/345/120 188/346/126
f 165/341/103 179/343/117 194/347/132
f 165/341/103 194/347/132 200/348/138
f 165/341/103 200/348/138 189/349/127
f 166/350/104 188/351/126 209/352/147
f 167/353/105 185/354/123 215/355/152
f 168/356/106 197/357/135 221/358/158
f 169/359/107 203/360/141 227/361/164
f 170/362/108 206/363/144 233/364/170
f 166/350/104 209/352/147 216/365/153
f 167/353/105 215/355/152 222/366/159
f 168/356/106 221/358/158 228/367/165
f 169/359/107 227/361/164 234/368/171
f 170/362/108 233/364/170 210/369/148
f 171/370/109 239/371/175 254/372/190
f 172/373/110 242/374/178 260/375/196
f 173/376/111 245/377/181 263/378/199
f 174/379/112 248/380/184 266/381/202
f 175/382/113 251/383/187 255/384/191
f 257/385/193 264/386/200 176/387/114
f 256/388/192 267/389/203 257/385/193
f 255/384/191 268/390/204 256/388/192
f 257/385/193 267/389/203 264/386/200
f 267/389/203 265/391/201 264/386/200
f 256/388/192 268/390/204 267/389/203
f 268/390/204 269/392/205 267/389/203
f 267/389/203 269/392/205 265/391/201
f 269/392/205 266/393/202 265/391/201
f 255/384/191 251/383/187 268/390/204
f 251/383/187 250/394/186 268/390/204
f 268/390/204 250/394/186 269/392/205
f 250/394/186 249/395/185 269/392/205
f 269/392/205 249/395/185 266/393/202
f 249/396/185 174/379/112 266/381/202
f 264/386/200 261/397/197 176/387/114
f 265/391/201 270/398/206 264/386/200
f 266/393/202 271/399/207 265/391/201
f 264/386/200 270/398/206 261/397/197
f 270/398/206 262/400/198 261/397/197
f 265/391/201 271/399/207 270/398/206
f 271/399/207 272/401/208 270/398/206
f 270/398/206 272/401/208 262/400/198
f 272/401/208 263/378/199 262/400/198
f 266/381/202 248/380/184 271/402/207
f 248/380/184 247/403/183 271/402/207
f 271/399/207 247/404/183 272/401/208
f 247/404/183 246/405/182 272/401/208
f 272/401/208 246/405/182 263/378/199
f 246/405/182 173/376/111 263/378/199
f 261/397/197 258/406/194 176/387/114
f 262/400/198 273/407/209 261/397/197
f 263/378/199 274/408/210 262/400/198
f 261/397/197 273/407/209 258/406/194
f 273/407/209 259/409/195 258/406/194
f 262/400/198 274/408/210 273/407/209
f 274/408/210 275/410/211 273/407/209
f 273/407/209 275/410/211 259/409/195
f 275/410/211 260/375/196 259/409/195
f 263/378/199 245/377/181 274/408/210
f 245/377/181 244/411/180 274/408/210
f 274/408/210 244/411/180 275/410/211
f 244/411/180 243/412/179 275/410/211
f 275/410/211 243/412/179 260/375/196
f 243/412/179 172/373/110 260/375/196
f 258/406/194 252/413/188 176/387/114
f 259/409/195 276/414/212 258/406/194
f 260/375/196 277/415/213 259/409/195
f 258/406/194 276/414/212 252/413/188
f 276/414/212 253/416/189 252/413/188
f 259/409/195 277/415/213 276/414/212
f 277/415/213 278/417/214 276/414/212
f 276/414/212 278/417/214 253/416/189
f 278/417/214 254/418/190 253/416/189
f 260/375/196 242/374/178 277/415/213
f 242/419/178 241/420/177 277/421/213
f 277/415/213 241/422/177 278/417/214
f 241/420/177 240/423/176 278/424/214
f 278/417/214 240/425/176 254/418/190
f 240/423/176 171/370/109 254/372/190
f 252/413/188 257/385/193 176/387/114
f 253/416/189 279/426/215 252/413/188
f 254/418/190 280/427/216 253/416/189
f 252/413/188 279/426/215 257/385/193
f 279/426/215 256/388/192 257/385/193
f 253/416/189 280/427/216 279/426/215
f 280/427/216 281/428/217 279/426/215
f 279/426/215 281/428/217 256/388/192
f 281/428/217 255/384/191 256/388/192
f 254/418/190 239/429/175 280/427/216
f 239/429/175 238/430/174 280/427/216
f 280/427/216 238/430/174 281/428/217
f 238/430/174 237/431/173 281/428/217
f 281/428/217 237/431/173 255/384/191
f 237/431/173 175/382/113 255/384/191
f 212/432/150 251/433/187 175/434/113
f 211/435/149 282/436/218 212/432/150
f 210/369/148 283/437/219 211/438/149
f 212/432/150 282/436/218 251/433/187
f 282/439/218 250/440/186 251/441/187
f 211/438/149 283/437/219 282/439/218
f 283/437/219 284/442/220 282/439/218
f 282/439/218 284/442/220 250/440/186
f 284/442/220 249/396/185 250/440/186
f 210/369/148 233/364/170 283/437/219
f 233/364/170 232/443/169 283/437/219
f 283/437/219 232/443/169 284/442/220
f 232/443/169 231/444/168 284/442/220
f 284/442/220 231/444/168 249/396/185
f 231/444/168 174/379/112 249/396/185
f 236/445/172 248/380/184 174/379/112
f 235/446/72 285/447/221 236/445/172
f 234/368/171 286/448/222 235/446/72
f 236/445/172 285/447/221 248/380/184
f 285/447/221 247/403/183 248/380/184
f 235/446/72 286/448/222 285/447/221
f 286/448/222 287/449/223 285/447/221
f 285/447/221 287/449/223 247/403/183
f 287/449/223 246/450/182 247/403/183
f 234/368/171 227/361/164 286/448/222
f 227/361/164 226/451/163 286/448/222
f 286/448/222 226/451/163 287/449/223
f 226/451/163 225/452/162 287/449/223
f 287/449/223 225/452/162 246/450/182
f 225/453/162 173/454/111 246/455/182
f 230/456/167 245/457/181 173/454/111
f 229/458/166 288/459/224 230/456/167
f 228/367/165 289/460/225 229/458/166
f 230/456/167 288/459/224 245/457/181
f 288/459/224 244/461/180 245/457/181
f 229/458/166 289/460/225 288/459/224
f 289/460/225 290/462/226 288/459/224
f 288/459/224 290/462/226 244/461/180
f 290/463/226 243/412/179 244/411/180
f 228/367/165 221/358/158 289/460/225
f 221/358/158 220/464/157 289/460/225
f 289/460/225 220/464/157 290/462/226
f 220/464/157 219/465/156 290/462/226
f 290/462/226 219/465/156 243/466/179
f 219/467/156 172/468/110 243/469/179
f 224/470/161 242/419/178 172/468/110
f 223/471/160 291/472/227 224/470/161
f 222/366/159 292/473/228 223/471/160
f 224/470/161 291/472/227 242/419/178
f 291/472/227 241/420/177 242/419/178
f 223/471/160 292/473/228 291/472/227
f 292/473/228 293/474/229 291/472/227
f 291/472/227 293/474/229 241/420/177
f 293/474/229 240/423/176 241/420/177
f 222/366/159 215/355/152 292/473/228
f 215/355/152 214/475/65 292/473/228
f 292/473/228 214/475/65 293/474/229
f 214/475/65 213/476/151 293/474/229
f 293/474/229 213/476/151 240/423/176
f 213/476/151 171/370/109 240/423/176
f 218/477/155 239/371/175 171/370/109
f 217/478/154 294/479/230 218/477/155
f 216/365/153 295/480/231 217/481/154
f 218/477/155 294/479/230 239/371/175
f 294/482/230 238/483/174 239/484/175
f 217/481/154 295/480/231 294/482/230
f 295/480/231 296/485/232 294/482/230
f 294/482/230 296/485/232 238/483/174
f 296/485/232 237/486/173 238/483/174
f 216/365/153 209/352/147 295/480/231
f 209/352/147 208/487/146 295/480/231
f 295/480/231 208/487/146 296/485/232
f 208/487/146 207/488/145 296/485/232
f 296/485/232 207/488/145 237/486/173
f 207/488/145 175/434/113 237/486/173
f 231/444/168 236/445/172 174/379/112
f 232/443/169 297/489/233 231/444/168
f 233/364/170 298/490/234 232/443/169
f 231/444/168 297/489/233 236/445/172
f 297/489/233 235/446/72 236/445/172
f 232/443/169 298/490/234 297/489/233
f 298/490/234 299/491/235 297/489/233
f 297/489/233 299/491/235 235/446/72
f 299/491/235 234/368/171 235/446/72
f 233/364/170 206/363/144 298/490/234
f 206/363/144 205/492/143 298/490/234
f 298/490/234 205/492/143 299/491/235
f 205/492/143 204/493/142 299/491/235
f 299/491/235 204/493/142 234/368/171
f 204/493/142 169/359/107 234/368/171
f 225/453/162 230/456/167 173/454/111
f 226/494/163 300/495/236 225/453/162
f 227/361/164 301/496/237 226/451/163
f 225/453/162 300/495/236 230/456/167
f 300/495/236 229/458/166 230/456/167
f 226/494/163 301/497/237 300/495/236
f 301/497/237 302/498/238 300/495/236
f 300/495/236 302/498/238 229/458/166
f 302/498/238 228/367/165 229/458/166
f 227/361/164 203/360/141 301/496/237
f 203/499/141 202/500/140 301/497/237
f 301/497/237 202/500/140 302/498/238
f 202/500/140 201/501/139 302/498/238
f 302/498/238 201/501/139 228/367/165
f 201/501/139 168/356/106 228/367/165
f 219/467/156 224/470/161 172/468/110
f 220/502/157 303/503/239 219/467/156
f 221/358/158 304/504/240 220/464/157
f 219/467/156 303/503/239 224/470/161
f 303/503/239 223/471/160 224/470/161
f 220/502/157 304/505/240 303/503/239
f 304/505/240 305/506/241 303/503/239
f 303/503/239 305/506/241 223/471/160
f 305/506/241 222/366/159 223/471/160
f 221/358/158 197/357/135 304/504/240
f 197/507/135 196/508/134 304/505/240
f 304/505/240 196/508/134 305/506/241
f 196/508/134 195/509/133 305/506/241
f 305/506/241 195/509/133 222/366/159
f 195/509/133 167/353/105 222/366/159
f 213/476/151 218/477/155 171/370/109
f 214/475/65 306/510/242 213/476/151
f 215/355/152 307/511/243 214/475/65
f 213/476/151 306/510/242 218/477/155
f 306/510/242 217/478/154 218/477/155
f 214/475/65 307/511/243 306/510/242
f 307/511/243 308/512/244 306/510/242
f 306/510/242 308/512/244 217/478/154
f 308/512/244 216/513/153 217/478/154
f 215/355/152 185/354/123 307/511/243
f 185/354/123 184/514/122 307/511/243
f 307/511/243 184/514/122 308/512/244
f 184/514/122 183/515/121 308/512/244
f 308/512/244 183/515/121 216/513/153
f 183/516/121 166/350/104 216/365/153
f 207/488/145 212/432/150 175/434/113
f 208/487/146 309/517/245 207/488/145
f 209/352/147 310/518/246 208/487/146
f 207/488/145 309/517/245 212/432/150
f 309/517/245 211/435/149 212/432/150
f 208/487/146 310/518/246 309/517/245
f 310/518/246 311/519/247 309/517/245
f 309/517/245 311/519/247 211/435/149
f 311/519/247 210/520/148 211/435/149
f 209/352/147 188/351/126 310/518/246
f 188/351/126 187/521/125 310/518/246
f 310/518/246 187/521/125 311/519/247
f 187/522/125 186/523/124 311/524/247
f 311/519/247 186/525/124 210/520/148
f 186/526/124 170/362/108 210/369/148
f 191/527/129 206/528/144 170/529/108
f 190/530/128 312/531/248 191/527/129
f 189/349/127 313/532/249 190/530/128
f 191/527/129 312/531/248 206/528/144
f 312/533/248 205/492/143 206/363/144
f 190/530/128 313/532/249 312/531/248
f 313/532/249 314/534/250 312/531/248
f 312/531/248 314/534/250 205/535/143
f 314/536/250 204/493/142 205/492/143
f 189/349/127 200/348/138 313/532/249
f 200/348/138 199/537/137 313/532/249
f 313/532/249 199/537/137 314/534/250
f 199/537/137 198/538/136 314/534/250
f 314/534/250 198/538/136 204/539/142
f 198/540/136 169/359/107 204/493/142
f 198/540/136 203/360/141 169/359/107
f 199/537/137 315/541/251 198/538/136
f 200/348/138 316/542/252 199/537/137
f 198/538/136 315/541/251 203/543/141
f 315/541/251 202/544/140 203/543/141
f 199/537/137 316/542/252 315/541/251
f 316/542/252 317/545/253 315/541/251
f 315/541/251 317/545/253 202/544/140
f 317/545/253 201/546/139 202/544/140
f 200/348/138 194/347/132 316/542/252
f 194/347/132 193/547/131 316/542/252
f 316/542/252 193/547/131 317/545/253
f 193/547/131 192/548/130 317/545/253
f 317/545/253 192/548/130 201/546/139
f 192/548/130 168/549/106 201/546/139
f 192/548/130 197/550/135 168/549/106
f 193/547/131 318/551/254 192/548/130
f 194/347/132 319/552/255 193/547/131
f 192/548/130 318/551/254 197/550/135
f 318/551/254 196/553/134 197/550/135
f 193/547/131 319/552/255 318/551/254
f 319/552/255 320/554/256 318/551/254
f 318/551/254 320/554/256 196/553/134
f 320/554/256 195/555/133 196/553/134
f 194/347/132 179/343/117 319/552/255
f 179/343/117 178/556/116 319/552/255
f 319/552/255 178/556/116 320/554/256
f 178/556/116 177/557/115 320/554/256
f 320/554/256 177/557/115 195/555/133
f 177/558/115 167/353/105 195/509/133
f 186/523/124 191/527/129 170/529/108
f 187/522/125 321/559/257 186/523/124
f 188/346/126 322/560/258 187/522/125
f 186/523/124 321/559/257 191/527/129
f 321/559/257 190/530/128 191/527/129
f 187/522/125 322/560/258 321/559/257
f 322/560/258 323/561/259 321/559/257
f 321/559/257 323/561/259 190/530/128
f 323/561/259 189/349/127 190/530/128
f 188/346/126 182/345/120 322/560/258
f 182/345/120 181/562/119 322/560/258
f 322/560/258 181/562/119 323/561/259
f 181/562/119 180/342/118 323/561/259
f 323/561/259 180/342/118 189/349/127
f 180/342/118 165/341/103 189/349/127
f 177/558/115 185/354/123 167/353/105
f 178/556/116 324/563/260 177/557/115
f 179/343/117 325/564/261 178/556/116
f 177/558/115 324/565/260 185/354/123
f 324/565/260 184/514/122 185/354/123
f 178/556/116 325/564/261 324/563/260
f 325/564/261 326/566/262 324/563/260
f 324/563/260 326/566/262 184/567/122
f 326/566/262 183/568/121 184/567/122
f 179/343/117 180/342/118 325/564/261
f 180/342/118 181/562/119 325/564/261
f 325/564/261 181/562/119 326/566/262
f 181/562/119 182/345/120 326/566/262
f 326/566/262 182/345/120 183/568/121
f 182/345/120 166/344/104 183/568/121
f 327/569/263 339/570/275 340/571/276 328/572/264
f 328/573/264 340/574/276 341/575/277 329/576/265
f 329/576/265 341/575/277 342/577/278 330/578/266
f 330/578/266 342/577/278 343/579/279 331/580/267
f 331/580/267 343/579/279 344/581/280 332/582/268
f 332/583/268 344/584/280 345/585/281 333/586/269
f 333/586/269 345/585/281 346/587/282 334/588/270
f 334/589/270 346/590/282 347/591/283 335/592/271
f 335/592/271 347/591/283 348/593/284 336/594/272
f 336/594/272 348/593/284 349/595/285 337/596/273
f 337/596/273 349/595/285 350/597/286 338/598/274
f 338/599/274 350/600/286 339/570/275 327/569/263
f 339/570/275 351/601/287 352/602/288 340/571/276
f 340/574/276 352/603/288 353/604/289 341/575/277
f 341/575/277 353/604/289 354/605/290 342/577/278
f 342/577/278 354/605/290 355/606/291 343/579/279
f 343/579/279 355/606/291 356/607/292 344/581/280
f 344/584/280 356/608/292 357/609/293 345/585/281
f 345/585/281 357/609/293 358/610/294 346/587/282
f 346/590/282 358/611/294 359/612/295 347/591/283
f 347/591/283 359/612/295 360/613/296 348/593/284
f 348/593/284 360/613/296 361/614/297 349/595/285
f 349/595/285 361/614/297 362/615/298 350/597/286
f 350/600/286 362/616/298 351/601/287 339/570/275
f 351/601/287 363/617/299 364/618/300 352/602/288
f 352/603/288 364/619/300 365/620/301 353/604/289
f 353/604/289 365/620/301 366/621/302 354/605/290
f 354/605/290 366/621/302 367/622/303 355/606/291
f 355/606/291 367/622/303 368/623/304 356/607/292
f 356/608/292 368/624/304 369/625/305 357/609/293
f 357/609/293 369/625/305 370/626/306 358/610/294
f 358/611/294 370/627/306 371/628/307 359/612/295
f 359/612/295 371/628/307 372/629/308 360/613/296
f 360/613/296 372/629/308 373/630/309 361/614/297
f 361/614/297 373/630/309 374/631/310 362/615/298
f 362/616/298 374/632/310 363/617/299 351/601/287
f 363/617/299 375/633/311 376/634/312 364/618/300
f 364/619/300 376/635/312 377/636/313 365/620/301
f 365/620/301 377/636/313 378/637/314 366/621/302
f 366/621/302 378/637/314 379/638/315 367/622/303
f 367/622/303 379/638/315 380/639/316 368/623/304
f 368/624/304 380/640/316 381/641/317 369/625/305
f 369/625/305 381/641/317 382/642/318 370/626/306
f 370/627/306 382/643/318 383/644/319 371/628/307
f 371/628/307 383/644/319 384/645/320 372/629/308
f 372/629/308 384/645/320 385/646/321 373/630/309
f 373/630/309 385/646/321 386/647/322 374/631/310
f 374/632/310 386/648/322 375/633/311 363/617/299
f 375/649/311 387/650/323 388/651/324 376/652/312
f 376/635/312 388/653/324 389/654/325 377/636/313
f 377/636/313 389/654/325 390/655/326 378/637/314
f 378/637/314 390/655/326 391/656/327 379/638/315
f 379/638/315 391/656/327 392/657/328 380/639/316
f 380/658/316 392/659/328 393/660/329 381/661/317
f 381/661/317 393/660/329 394/662/330 382/663/318
f 382/643/318 394/664/330 395/665/331 383/644/319
f 383/644/319 395/665/331 396/666/332 384/645/320
f 384/645/320 396/666/332 397/667/333 385/646/321
f 385/646/321 397/667/333 398/668/334 386/647/322
f 386/669/322 398/670/334 387/650/323 375/649/311
f 387/650/323 399/671/335 400/672/336 388/651/324
f 388/653/324 400/673/336 401/674/337 389/654/325
f 389/654/325 401/674/337 402/675/338 390/655/326
f 390/655/326 402/675/338 403/676/339 391/656/327
f 391/656/327 403/676/339 404/677/340 392/657/328
f 392/659/328 404/678/340 405/679/341 393/660/329
f 393/660/329 405/679/341 406/680/342 394/662/330
f 394/664/330 406/681/342 407/682/343 395/665/331
f 395/665/331 407/682/343 408/683/344 396/666/332
f 396/666/332 408/683/344 409/684/345 397/667/333
f 397/667/333 409/684/345 410/685/346 398/668/334
f 398/670/334 410/686/346 399/671/335 387/650/323
f 399/671/335 411/687/347 412/688/348 400/672/336
f 400/673/336 412/689/348 413/690/349 401/674/337
f 401/674/337 413/690/349 414/691/350 402/675/338
f 402/675/338 414/691/350 415/692/351 403/676/339
f 403/676/339 415/692/351 416/693/352 404/677/340
f 404/678/340 416/694/352 417/695/353 405/679/341
f 405/679/341 417/695/353 418/696/354 406/680/342
f 406/681/342 418/697/354 419/698/355 407/682/343
f 407/682/343 419/698/355 420/699/356 408/683/344
f 408/683/344 420/699/356 421/700/357 409/684/345
f 409/684/345 421/700/357 422/701/358 410/685/346
f 410/686/346 422/702/358 411/687/347 399/671/335
f 411/687/347 423/703/359 424/704/360 412/688/348
f 412/689/348 424/705/360 425/706/361 413/690/349
f 413/690/349 425/706/361 426/707/362 414/691/350
f 414/691/350 426/707/362 427/708/363 415/692/351
f 415/692/351 427/708/363 428/709/364 416/693/352
f 416/694/352 428/710/364 429/711/365 417/695/353
f 417/695/353 429/711/365 430/712/366 418/696/354
f 418/697/354 430/713/366 431/714/367 419/698/355
f 419/698/355 431/714/367 432/715/368 420/699/356
f 420/699/356 432/715/368 433/716/369 421/700/357
f 421/700/357 433/716/369 434/717/370 422/701/358
f 422/702/358 434/718/370 423/703/359 411/687/347
f 423/703/359 435/719/371 436/720/372 424/704/360
f 424/705/360 436/721/372 437/722/373 425/706/361
f 425/706/361 437/722/373 438/723/374 426/707/362
f 426/707/362 438/723/374 439/724/375 427/708/363
f 427/708/363 439/724/375 440/725/376 428/709/364
f 428/710/364 440/726/376 441/727/377 429/711/365
f 429/711/365 441/727/377 442/728/378 430/712/366
f 430/713/366 442/729/378 443/730/379 431/714/367
f 431/714/367 443/730/379 444/731/380 432/715/368
f 432/715/368 444/731/380 445/732/381 433/716/369
f 433/716/369 445/732/381 446/733/382 434/717/370
f 434/718/370 446/734/382 435/719/371 423/703/359
f 435/719/371 447/735/383 448/736/384 436/720/372
f 436/720/372 448/736/384 449/737/385 437/738/373
f 437/722/373 449/739/385 450/740/386 438/723/374
f 438/723/374 450/740/386 451/741/387 439/724/375
f 439/724/375 451/741/387 452/742/388 440/725/376
f 440/726/376 452/743/388 453/744/389 441/727/377
f 441/727/377 453/744/389 454/745/390 442/728/378
f 442/728/378 454/745/390 455/746/391 443/747/379
f 443/730/379 455/748/391 456/749/392 444/731/380
f 444/731/380 456/749/392 457/750/393 445/732/381
f 445/732/381 457/750/393 458/751/394 446/733/382
f 446/734/382 458/752/394 447/735/383 435/719/371
f 447/735/383 459/753/395 460/754/396 448/736/384
f 448/736/384 460/754/396 461/755/397 449/737/385
f 449/739/385 461/756/397 462/757/398 450/740/386
f 450/740/386 462/757/398 463/758/399 451/741/387
f 451/741/387 463/758/399 464/759/400 452/742/388
f 452/743/388 464/760/400 465/761/401 453/744/389
f 453/744/389 465/761/401 466/762/402 454/745/390
f 454/745/390 466/762/402 467/763/403 455/746/391
f 455/748/391 467/764/403 468/765/404 456/749/392
f 456/749/392 468/765/404 469/766/405 457/750/393
f 457/750/393 469/766/405 470/767/406 458/751/394
f 458/752/394 470/768/406 459/753/395 447/735/383
f 459/753/395 471/769/72 472/770/407 460/754/396
f 460/754/396 472/770/407 473/771/408 461/755/397
f 461/756/397 473/772/408 474/773/409 462/757/398
f 462/757/398 474/773/409 475/774/410 463/758/399
f 463/758/399 475/774/410 476/775/411 464/759/400
f 464/760/400 476/776/411 477/777/65 465/761/401
f 465/761/401 477/777/65 478/778/412 466/762/402
f 466/779/402 478/780/412 479/781/413 467/764/403
f 467/764/403 479/781/413 480/782/414 468/765/404
f 468/765/404 480/782/414 481/783/415 469/766/405
f 469/766/405 481/783/415 482/784/416 470/767/406
f 470/768/406 482/785/416 471/769/72 459/753/395
f 471/769/72 483/786/417 484/787/418 472/770/407
f 472/788/407 484/789/418 485/790/419 473/772/408
f 473/772/408 485/790/419 486/791/420 474/773/409
f 474/773/409 486/791/420 487/792/421 475/774/410
f 475/774/410 487/792/421 488/793/422 476/775/411
f 476/776/411 488/794/422 489/795/423 477/777/65
f 477/777/65 489/795/423 490/796/424 478/778/412
f 478/780/412 490/797/424 491/798/425 479/781/413
f 479/781/413 491/798/425 492/799/426 480/782/414
f 480/782/414 492/799/426 493/800/427 481/783/415
f 481/783/415 493/800/427 494/801/428 482/784/416
f 482/785/416 494/802/428 483/786/417 471/769/72
f 483/786/417 495/803/429 496/804/430 484/787/418
f 484/789/418 496/805/430 497/806/431 485/790/419
f 485/790/419 497/806/431 498/807/432 486/791/420
f 486/791/420 498/807/432 499/808/433 487/792/421
f 487/792/421 499/808/433 500/809/434 488/793/422
f 488/794/422 500/810/434 501/811/435 489/795/423
f 489/795/423 501/811/435 502/812/436 490/796/424
f 490/797/424 502/813/436 503/814/437 491/798/425
f 491/798/425 503/814/437 504/815/438 492/799/426
f 492/799/426 504/815/438 505/816/439 493/800/427
f 493/800/427 505/816/439 506/817/440 494/801/428
f 494/802/428 506/818/440 495/803/429 483/786/417
f 495/803/429 507/819/441 508/820/442 496/804/430
f 496/805/430 508/821/442 509/822/443 497/806/431
f 497/806/431 509/822/443 510/823/444 498/807/432
f 498/807/432 510/823/444 511/824/445 499/808/433
f 499/808/433 511/824/445 512/825/446 500/809/434
f 500/810/434 512/826/446 513/827/447 501/811/435
f 501/811/435 513/827/447 514/828/448 502/812/436
f 502/813/436 514/829/448 515/830/449 503/814/437
f 503/814/437 515/830/449 516/831/450 504/815/438
f 504/815/438 516/831/450 517/832/451 505/816/439
f 505/816/439 517/832/451 518/833/452 506/817/440
f 506/818/440 518/834/452 507/819/441 495/803/429
f 507/819/441 519/835/453 520/836/454 508/820/442
f 508/821/442 520/837/454 521/838/455 509/822/443
f 509/822/443 521/838/455 522/839/456 510/823/444
f 510/823/444 522/839/456 523/840/457 511/824/445
f 511/824/445 523/840/457 524/841/458 512/825/446
f 512/826/446 524/842/458 525/843/459 513/827/447
f 513/827/447 525/843/459 526/844/460 514/828/448
f 514/829/448 526/845/460 527/846/461 515/830/449
f 515/830/449 527/846/461 528/847/462 516/831/450
f 516/831/450 528/847/462 529/848/463 517/832/451
f 517/832/451 529/848/463 530/849/464 518/833/452
f 518/834/452 530/850/464 519/835/453 507/819/441
f 519/851/453 531/852/465 532/853/466 520/854/454
f 520/837/454 532/855/466 533/856/467 521/838/455
f 521/838/455 533/856/467 534/857/468 522/839/456
f 522/839/456 534/857/468 535/858/469 523/840/457
f 523/840/457 535/858/469 536/859/470 524/841/458
f 524/860/458 536/861/470 537/862/471 525/863/459
f 525/863/459 537/862/471 538/864/472 526/865/460
f 526/845/460 538/866/472 539/867/473 527/846/461
f 527/846/461 539/867/473 540/868/474 528/847/462
f 528/847/462 540/868/474 541/869/475 529/848/463
f 529/848/463 541/869/475 542/870/476 530/849/464
f 530/871/464 542/872/476 531/852/465 519/851/453
f 531/852/465 543/873/477 544/874/478 532/853/466
f 532/855/466 544/875/478 545/876/479 533/856/467
f 533/856/467 545/876/479 546/877/480 534/857/468
f 534/857/468 546/877/480 547/878/481 535/858/469
f 535/858/469 547/878/481 548/879/482 536/859/470
f 536/861/470 548/880/482 549/881/483 537/862/471
f 537/862/471 549/881/483 550/882/484 538/864/472
f 538/866/472 550/883/484 551/884/485 539/867/473
f 539/867/473 551/884/485 552/885/486 540/868/474
f 540/868/474 552/885/486 553/886/487 541/869/475
f 541/869/475 553/886/487 554/887/488 542/870/476
f 542/872/476 554/888/488 543/873/477 531/852/465
f 543/873/477 555/889/489 556/890/490 544/874/478
f 544/875/478 556/891/490 557/892/491 545/876/479
f 545/876/479 557/892/491 558/893/492 546/877/480
f 546/877/480 558/893/492 559/894/493 547/878/481
f 547/878/481 559/894/493 560/895/494 548/879/482
f 548/880/482 560/896/494 561/897/495 549/881/483
f 549/881/483 561/897/495 562/898/496 550/882/484
f 550/883/484 562/899/496 563/900/497 551/884/485
f 551/884/485 563/900/497 564/901/498 552/885/486
f 552/885/486 564/901/498 565/902/499 553/886/487
f 553/886/487 565/902/499 566/903/500 554/887/488
f 554/888/488 566/904/500 555/889/489 543/873/477
f 555/889/489 567/905/501 568/906/502 556/890/490
f 556/891/490 568/907/502 569/908/503 557/892/491
f 557/892/491 569/908/503 570/909/504 558/893/492
f 558/893/492 570/909/504 571/910/505 559/894/493
f 559/894/493 571/910/505 572/911/506 560/895/494
f 560/896/494 572/912/506 573/913/507 561/897/495
f 561/897/495 573/913/507 574/914/508 562/898/496
f 562/899/496 574/915/508 575/916/509 563/900/497
f 563/900/497 575/916/509 576/917/510 564/901/498
f 564/901/498 576/917/510 577/918/511 565/902/499
f 565/902/499 577/918/511 578/919/512 566/903/500
f 566/904/500 578/920/512 567/905/501 555/889/489
f 567/905/501 579/921/513 580/922/514 568/906/502
f 568/907/502 580/923/514 581/924/515 569/908/503
f 569/908/503 581/924/515 582/925/516 570/909/504
f 570/909/504 582/925/516 583/926/517 571/910/505
f 571/910/505 583/926/517 584/927/518 572/911/506
f 572/912/506 584/928/518 585/929/519 573/913/507
f 573/913/507 585/929/519 586/930/520 574/914/508
f 574/915/508 586/931/520 587/932/521 575/916/509
f 575/916/509 587/932/521 588/933/522 576/917/510
f 576/917/510 588/933/522 589/934/523 577/918/511
f 577/918/511 589/934/523 590/935/524 578/919/512
f 578/920/512 590/936/524 579/921/513 567/905/501
f 579/921/513 591/937/525 592/938/526 580/922/514
f 580/922/514 592/938/526 593/939/527 581/940/515
f 581/924/515 593/941/527 594/942/528 582/925/516
f 582/925/516 594/942/528 595/943/529 583/926/517
f 583/926/517 595/943/529 596/944/530 584/927/518
f 584/928/518 596/945/530 597/946/531 585/929/519
f 585/929/519 597/946/531 598/947/532 586/930/520
f 586/930/520 598/947/532 599/948/533 587/949/521
f 587/932/521 599/950/533 600/951/534 588/933/522
f 588/933/522 600/951/534 601/952/535 589/934/523
f 589/934/523 601/952/535 602/953/536 590/935/524
f 590/936/524 602/954/536 591/937/525 579/921/513
f 591/937/525 603/955/537 604/956/538 592/938/526
f 592/938/526 604/956/538 605/957/539 593/939/527
f 593/941/527 605/958/539 606/959/540 594/942/528
f 594/942/528 606/959/540 607/960/541 595/943/529
f 595/943/529 607/960/541 608/961/542 596/944/530
f 596/945/530 608/962/542 609/963/543 597/946/531
f 597/946/531 609/963/543 610/964/544 598/947/532
f 598/947/532 610/964/544 611/965/545 599/948/533
f 599/950/533 611/966/545 612/967/546 600/951/534
f 600/951/534 612/967/546 613/968/547 601/952/535
f 601/952/535 613/968/547 614/969/548 602/953/536
f 602/954/536 614/970/548 603/955/537 591/937/525
f 603/955/537 615/971/269 616/972/549 604/956/538
f 604/973/538 616/974/549 617/975/550 605/958/539
f 605/958/539 617/975/550 618/976/551 606/959/540
f 606/959/540 618/976/551 619/977/552 607/960/541
f 607/960/541 619/977/552 620/978/553 608/961/542
f 608/962/542 620/979/553 621/980/263 609/963/543
f 609/963/543 621/980/263 622/981/554 610/964/544
f 610/982/544 622/983/554 623/984/555 611/966/545
f 611/966/545 623/984/555 624/985/556 612/967/546
f 612/967/546 624/985/556 625/986/557 613/968/547
f 613/968/547 625/986/557 626/987/558 614/969/548
f 614/970/548 626/988/558 615/971/269 603/955/537
f 615/971/269 627/989/281 628/990/559 616/972/549
f 616/974/549 628/991/559 629/992/560 617/975/550
f 617/975/550 629/992/560 630/993/561 618/976/551
f 618/976/551 630/993/561 631/994/562 619/977/552
f 619/977/552 631/994/562 632/995/563 620/978/553
f 620/979/553 632/996/563 633/997/275 621/980/263
f 621/980/263 633/997/275 634/998/564 622/981/554
f 622/983/554 634/999/564 635/1000/565 623/984/555
f 623/984/555 635/1000/565 636/1001/566 624/985/556
f 624/985/556 636/1001/566 637/1002/567 625/986/557
f 625/986/557 637/1002/567 638/1003/568 626/987/558
f 626/988/558 638/1004/568 627/989/281 615/971/269
f 627/989/281 639/1005/293 640/1006/569 628/990/559
f 628/991/559 640/1007/569 641/1008/570 629/992/560
f 629/992/560 641/1008/570 642/1009/571 630/993/561
f 630/993/561 642/1009/571 643/1010/572 631/994/562
f 631/994/562 643/1010/572 644/1011/573 632/995/563
f 632/996/563 644/1012/573 645/1013/287 633/997/275
f 633/997/275 645/1013/287 646/1014/574 634/998/564
f 634/999/564 646/1015/574 647/1016/575 635/1000/565
f 635/1000/565 647/1016/575 648/1017/576 636/1001/566
f 636/1001/566 648/1017/576 649/1018/577 637/1002/567
f 637/1002/567 649/1018/577 650/1019/578 638/1003/568
f 638/1004/568 650/1020/578 639/1005/293 627/989/281
f 639/1005/293 651/1021/305 652/1022/579 640/1006/569
f 640/1007/569 652/1023/579 653/1024/580 641/1008/570
f 641/1008/570 653/1024/580 654/1025/581 642/1009/571
f 642/1009/571 654/1025/581 655/1026/582 643/1010/572
f 643/1010/572 655/1026/582 656/1027/583 644/1011/573
f 644/1012/573 656/1028/583 657/1029/299 645/1013/287
f 645/1013/287 657/1029/299 658/1030/584 646/1014/574
f 646/1015/574 658/1031/584 659/1032/585 647/1016/575
f 647/1016/575 659/1032/585 660/1033/586 648/1017/576
f 648/1017/576 660/1033/586 661/1034/587 649/1018/577
f 649/1018/577 661/1034/587 662/1035/588 650/1019/578
f 650/1020/578 662/1036/588 651/1021/305 639/1005/293
f 651/1021/305 663/1037/317 664/1038/589 652/1022/579
f 652/1023/579 664/1039/589 665/1040/590 653/1024/580
f 653/1024/580 665/1040/590 666/1041/591 654/1025/581
f 654/1025/581 666/1041/591 667/1042/592 655/1026/582
f 655/1026/582 667/1042/592 668/1043/593 656/1027/583
f 656/1028/583 668/1044/593 669/1045/311 657/1029/299
f 657/1029/299 669/1045/311 670/1046/594 658/1030/584
f 658/1031/584 670/1047/594 671/1048/595 659/1032/585
f 659/1032/585 671/1048/595 672/1049/596 660/1033/586
f 660/1033/586 672/1049/596 673/1050/597 661/1034/587
f 661/1034/587 673/1050/597 674/1051/598 662/1035/588
f 662/1036/588 674/1052/598 663/1037/317 651/1021/305
f 663/1053/317 675/1054/329 676/1055/599 664/1056/589
f 664/1039/589 676/1057/599 677/1058/600 665/1040/590
f 665/1040/590 677/1058/600 678/1059/601 666/1041/591
f 666/1041/591 678/1059/601 679/1060/602 667/1042/592
f 667/1042/592 679/1060/602 680/1061/603 668/1043/593
f 668/1062/593 680/1063/603 681/1064/323 669/1065/311
f 669/1065/311 681/1064/323 682/1066/604 670/1067/594
f 670/1047/594 682/1068/604 683/1069/605 671/1048/595
f 671/1048/595 683/1069/605 684/1070/606 672/1049/596
f 672/1049/596 684/1070/606 685/1071/607 673/1050/597
f 673/1050/597 685/1071/607 686/1072/608 674/1051/598
f 674/1073/598 686/1074/608 675/1054/329 663/1053/317
f 675/1054/329 687/1075/341 688/1076/609 676/1055/599
f 676/1057/599 688/1077/609 689/1078/610 677/1058/600
f 677/1058/600 689/1078/610 690/1079/611 678/1059/601
f 678/1059/601 690/1079/611 691/1080/612 679/1060/602
f 679/1060/602 691/1080/612 692/1081/613 680/1061/603
f 680/1063/603 692/1082/613 693/1083/335 681/1064/323
f 681/1064/323 693/1083/335 694/1084/614 682/1066/604
f 682/1068/604 694/1085/614 695/1086/615 683/1069/605
f 683/1069/605 695/1086/615 696/1087/616 684/1070/606
f 684/1070/606 696/1087/616 697/1088/617 685/1071/607
f 685/1071/607 697/1088/617 698/1089/618 686/1072/608
f 686/1074/608 698/1090/618 687/1075/341 675/1054/329
f 687/1075/341 699/1091/353 700/1092/619 688/1076/609
f 688/1077/609 700/1093/619 701/1094/620 689/1078/610
f 689/1078/610 701/1094/620 702/1095/621 690/1079/611
f 690/1079/611 702/1095/621 703/1096/622 691/1080/612
f 691/1080/612 703/1096/622 704/1097/623 692/1081/613
f 692/1082/613 704/1098/623 705/1099/347 693/1083/335
f 693/1083/335 705/1099/347 706/1100/624 694/1084/614
f 694/1085/614 706/1101/624 707/1102/625 695/1086/615
f 695/1086/615 707/1102/625 708/1103/626 696/1087/616
f 696/1087/616 708/1103/626 709/1104/627 697/1088/617
f 697/1088/617 709/1104/627 710/1105/628 698/1089/618
f 698/1090/618 710/1106/628 699/1091/353 687/1075/341
f 699/1091/353 711/1107/365 712/1108/629 700/1092/619
f 700/1093/619 712/1109/629 713/1110/630 701/1094/620
f 701/1094/620 713/1110/630 714/1111/631 702/1095/621
f 702/1095/621 714/1111/631 715/1112/632 703/1096/622
f 703/1096/622 715/1112/632 716/1113/633 704/1097/623
f 704/1098/623 716/1114/633 717/1115/359 705/1099/347
f 705/1099/347 717/1115/359 718/1116/634 706/1100/624
f 706/1101/624 718/1117/634 719/1118/635 707/1102/625
f 707/1102/625 719/1118/635 720/1119/636 708/1103/626
f 708/1103/626 720/1119/636 721/1120/637 709/1104/627
f 709/1104/627 721/1120/637 722/1121/638 710/1105/628
f 710/1106/628 722/1122/638 711/1107/365 699/1091/353
f 711/1107/365 723/1123/377 724/1124/639 712/1108/629
f 712/1109/629 724/1125/639 725/1126/640 713/1110/630
f 713/1110/630 725/1126/640 726/1127/641 714/1111/631
f 714/1111/631 726/1127/641 727/1128/642 715/1112/632
f 715/1112/632 727/1128/642 728/1129/643 716/1113/633
f 716/1114/633 728/1130/643 729/1131/371 717/1115/359
f 717/1115/359 729/1131/371 730/1132/644 718/1116/634
f 718/1117/634 730/1133/644 731/1134/645 719/1118/635
f 719/1118/635 731/1134/645 732/1135/646 720/1119/636
f 720/1119/636 732/1135/646 733/1136/647 721/1120/637
f 721/1120/637 733/1136/647 734/1137/648 722/1121/638
f 722/1122/638 734/1138/648 723/1123/377 711/1107/365
f 723/1123/377 735/1139/389 736/1140/649 724/1124/639
f 724/1125/639 736/1141/649 737/1142/650 725/1126/640
f 725/1126/640 737/1142/650 738/1143/651 726/1127/641
f 726/1127/641 738/1143/651 739/1144/652 727/1128/642
f 727/1145/642 739/1146/652 740/1147/653 728/1130/643
f 728/1130/643 740/1147/653 741/1148/383 729/1131/371
f 729/1131/371 741/1148/383 742/1149/654 730/1132/644
f 730/1133/644 742/1150/654 743/1151/655 731/1134/645
f 731/1134/645 743/1151/655 744/1152/656 732/1135/646
f 732/1135/646 744/1152/656 745/1153/657 733/1136/647
f 733/1154/647 745/1155/657 746/1156/658 734/1138/648
f 734/1138/648 746/1156/658 735/1139/389 723/1123/377
f 735/1139/389 747/1157/401 748/1158/659 736/1140/649
f 736/1141/649 748/1159/659 749/1160/660 737/1142/650
f 737/1142/650 749/1160/660 750/1161/661 738/1143/651
f 738/1143/651 750/1161/661 751/1162/662 739/1144/652
f 739/1146/652 751/1163/662 752/1164/663 740/1147/653
f 740/1147/653 752/1164/663 753/1165/395 741/1148/383
f 741/1148/383 753/1165/395 754/1166/664 742/1149/654
f 742/1150/654 754/1167/664 755/1168/665 743/1151/655
f 743/1151/655 755/1168/665 756/1169/666 744/1152/656
f 744/1152/656 756/1169/666 757/1170/667 745/1153/657
f 745/1155/657 757/1171/667 758/1172/668 746/1156/658
f 746/1156/658 758/1172/668 747/1157/401 735/1139/389
f 747/1157/401 759/1173/65 760/1174/669 748/1158/659
f 748/1159/659 760/1175/669 761/1176/670 749/1160/660
f 749/1160/660 761/1176/670 762/1177/671 750/1161/661
f 750/1161/661 762/1177/671 763/1178/672 751/1162/662
f 751/1163/662 763/1179/672 764/1180/673 752/1164/663
f 752/1164/663 764/1180/673 765/1181/72 753/1165/395
f 753/1165/395 765/1181/72 766/1182/674 754/1166/664
f 754/1167/664 766/1183/674 767/1184/675 755/1168/665
f 755/1168/665 767/1184/675 768/1185/676 756/1169/666
f 756/1169/666 768/1185/676 769/1186/677 757/1170/667
f 757/1170/667 769/1186/677 770/1187/678 758/1188/668
f 758/1172/668 770/1189/678 759/1173/65 747/1157/401
f 759/1173/65 771/1190/423 772/1191/679 760/1174/669
f 760/1175/669 772/1192/679 773/1193/680 761/1176/670
f 761/1176/670 773/1193/680 774/1194/681 762/1177/671
f 762/1177/671 774/1194/681 775/1195/682 763/1178/672
f 763/1178/672 775/1195/682 776/1196/683 764/1197/673
f 764/1180/673 776/1198/683 777/1199/417 765/1181/72
f 765/1181/72 777/1199/417 778/1200/684 766/1182/674
f 766/1183/674 778/1201/684 779/1202/685 767/1184/675
f 767/1184/675 779/1202/685 780/1203/686 768/1185/676
f 768/1185/676 780/1203/686 781/1204/687 769/1186/677
f 769/1186/677 781/1204/687 782/1205/688 770/1187/678
f 770/1189/678 782/1206/688 771/1190/423 759/1173/65
f 771/1190/423 783/1207/435 784/1208/689 772/1191/679
f 772/1192/679 784/1209/689 785/1210/690 773/1193/680
f 773/1193/680 785/1210/690 786/1211/691 774/1194/681
f 774/1194/681 786/1211/691 787/1212/692 775/1195/682
f 775/1195/682 787/1212/692 788/1213/693 776/1196/683
f 776/1198/683 788/1214/693 789/1215/429 777/1199/417
f 777/1199/417 789/1215/429 790/1216/694 778/1200/684
f 778/1201/684 790/1217/694 791/1218/695 779/1202/685
f 779/1202/685 791/1218/695 792/1219/696 780/1203/686
f 780/1203/686 792/1219/696 793/1220/697 781/1204/687
f 781/1204/687 793/1220/697 794/1221/698 782/1205/688
f 782/1206/688 794/1222/698 783/1207/435 771/1190/423
f 783/1207/435 795/1223/447 796/1224/699 784/1208/689
f 784/1209/689 796/1225/699 797/1226/700 785/1210/690
f 785/1210/690 797/1226/700 798/1227/701 786/1211/691
f 786/1211/691 798/1227/701 799/1228/702 787/1212/692
f 787/1212/692 799/1228/702 800/1229/703 788/1213/693
f 788/1214/693 800/1230/703 801/1231/441 789/1215/429
f 789/1215/429 801/1231/441 802/1232/704 790/1216/694
f 790/1217/694 802/1233/704 803/1234/705 791/1218/695
f 791/1218/695 803/1234/705 804/1235/706 792/1219/696
f 792/1219/696 804/1235/706 805/1236/707 793/1220/697
f 793/1220/697 805/1236/707 806/1237/708 794/1221/698
f 794/1222/698 806/1238/708 795/1223/447 783/1207/435
f 795/1223/447 807/1239/459 808/1240/709 796/1224/699
f 796/1225/699 808/1241/709 809/1242/710 797/1226/700
f 797/1226/700 809/1242/710 810/1243/711 798/1227/701
f 798/1227/701 810/1243/711 811/1244/712 799/1228/702
f 799/1228/702 811/1244/712 812/1245/713 800/1229/703
f 800/1230/703 812/1246/713 813/1247/453 801/1231/441
f 801/1231/441 813/1247/453 814/1248/714 802/1232/704
f 802/1233/704 814/1249/714 815/1250/715 803/1234/705
f 803/1234/705 815/1250/715 816/1251/716 804/1235/706
f 804/1235/706 816/1251/716 817/1252/717 805/1236/707
f 805/1236/707 817/1252/717 818/1253/718 806/1237/708
f 806/1238/708 818/1254/718 807/1239/459 795/1223/447
f 807/1255/459 819/1256/471 820/1257/719 808/1258/709
f 808/1241/709 820/1259/719 821/1260/720 809/1242/710
f 809/1242/710 821/1260/720 822/1261/721 810/1243/711
f 810/1243/711 822/1261/721 823/1262/722 811/1244/712
f 811/1244/712 823/1262/722 824/1263/723 812/1245/713
f 812/1264/713 824/1265/723 825/1266/465 813/1267/453
f 813/1267/453 825/1266/465 826/1268/724 814/1269/714
f 814/1249/714 826/1270/724 827/1271/725 815/1250/715
f 815/1250/715 827/1271/725 828/1272/726 816/1251/716
f 816/1251/716 828/1272/726 829/1273/727 817/1252/717
f 817/1252/717 829/1273/727 830/1274/728 818/1253/718
f 818/1275/718 830/1276/728 819/1256/471 807/1255/459
f 819/1256/471 831/1277/483 832/1278/729 820/1257/719
f 820/1259/719 832/1279/729 833/1280/730 821/1260/720
f 821/1260/720 833/1280/730 834/1281/731 822/1261/721
f 822/1261/721 834/1281/731 835/1282/732 823/1262/722
f 823/1262/722 835/1282/732 836/1283/733 824/1263/723
f 824/1265/723 836/1284/733 837/1285/477 825/1266/465
f 825/1266/465 837/1285/477 838/1286/734 826/1268/724
f 826/1270/724 838/1287/734 839/1288/735 827/1271/725
f 827/1271/725 839/1288/735 840/1289/736 828/1272/726
f 828/1272/726 840/1289/736 841/1290/737 829/1273/727
f 829/1273/727 841/1290/737 842/1291/738 830/1274/728
f 830/1276/728 842/1292/738 831/1277/483 819/1256/471
f 831/1277/483 843/1293/495 844/1294/739 832/1278/729
f 832/1279/729 844/1295/739 845/1296/740 833/1280/730
f 833/1280/730 845/1296/740 846/1297/741 834/1281/731
f 834/1281/731 846/1297/741 847/1298/742 835/1282/732
f 835/1282/732 847/1298/742 848/1299/743 836/1283/733
f 836/1284/733 848/1300/743 849/1301/489 837/1285/477
f 837/1285/477 849/1301/489 850/1302/744 838/1286/734
f 838/1287/734 850/1303/744 851/1304/745 839/1288/735
f 839/1288/735 851/1304/745 852/1305/746 840/1289/736
f 840/1289/736 852/1305/746 853/1306/747 841/1290/737
f 841/1290/737 853/1306/747 854/1307/748 842/1291/738
f 842/1292/738 854/1308/748 843/1293/495 831/1277/483
f 843/1293/495 855/1309/507 856/1310/749 844/1294/739
f 844/1295/739 856/1311/749 857/1312/750 845/1296/740
f 845/1296/740 857/1312/750 858/1313/751 846/1297/741
f 846/1297/741 858/1313/751 859/1314/752 847/1298/742
f 847/1298/742 859/1314/752 860/1315/753 848/1299/743
f 848/1300/743 860/1316/753 861/1317/501 849/1301/489
f 849/1301/489 861/1317/501 862/1318/754 850/1302/744
f 850/1303/744 862/1319/754 863/1320/755 851/1304/745
f 851/1304/745 863/1320/755 864/1321/756 852/1305/746
f 852/1305/746 864/1321/756 865/1322/757 853/1306/747
f 853/1306/747 865/1322/757 866/1323/758 854/1307/748
f 854/1308/748 866/1324/758 855/1309/507 843/1293/495
f 855/1309/507 867/1325/519 868/1326/759 856/1310/749
f 856/1311/749 868/1327/759 869/1328/760 857/1312/750
f 857/1312/750 869/1328/760 870/1329/761 858/1313/751
f 858/1313/751 870/1329/761 871/1330/762 859/1314/752
f 859/1314/752 871/1330/762 872/1331/763 860/1315/753
f 860/1316/753 872/1332/763 873/1333/513 861/1317/501
f 861/1317/501 873/1333/513 874/1334/764 862/1318/754
f 862/1319/754 874/1335/764 875/1336/765 863/1320/755
f 863/1320/755 875/1336/765 876/1337/766 864/1321/756
f 864/1321/756 876/1337/766 877/1338/767 865/1322/757
f 865/1322/757 877/1338/767 878/1339/768 866/1323/758
f 866/1324/758 878/1340/768 867/1325/519 855/1309/507
f 867/1325/519 879/1341/531 880/1342/769 868/1326/759
f 868/1327/759 880/1343/769 881/1344/770 869/1328/760
f 869/1328/760 881/1344/770 882/1345/771 870/1329/761
f 870/1329/761 882/1345/771 883/1346/772 871/1330/762
f 871/1347/762 883/1348/772 884/1349/773 872/1332/763
f 872/1332/763 884/1349/773 885/1350/525 873/1333/513
f 873/1333/513 885/1350/525 886/1351/774 874/1334/764
f 874/1335/764 886/1352/774 887/1353/775 875/1336/765
f 875/1336/765 887/1353/775 888/1354/776 876/1337/766
f 876/1337/766 888/1354/776 889/1355/777 877/1338/767
f 877/1356/767 889/1357/777 890/1358/778 878/1340/768
f 878/1340/768 890/1358/778 879/1341/531 867/1325/519
f 879/1341/531 891/1359/543 892/1360/779 880/1342/769
f 880/1343/769 892/1361/779 893/1362/780 881/1344/770
f 881/1344/770 893/1362/780 894/1363/781 882/1345/771
f 882/1345/771 894/1363/781 895/1364/782 883/1346/772
f 883/1348/772 895/1365/782 896/1366/783 884/1349/773
f 884/1349/773 896/1366/783 897/1367/537 885/1350/525
f 885/1350/525 897/1367/537 898/1368/784 886/1351/774
f 886/1352/774 898/1369/784 899/1370/785 887/1353/775
f 887/1353/775 899/1370/785 900/1371/786 888/1354/776
f 888/1354/776 900/1371/786 901/1372/787 889/1355/777
f 889/1357/777 901/1373/787 902/1374/788 890/1358/778
f 890/1358/778 902/1374/788 891/1359/543 879/1341/531
f 891/1359/543 327/569/263 328/572/264 892/1360/779
f 892/1361/779 328/573/264 329/576/265 893/1362/780
f 893/1362/780 329/576/265 330/578/266 894/1363/781
f 894/1363/781 330/578/266 331/580/267 895/1364/782
f 895/1364/782 331/580/267 332/582/268 896/1375/783
f 896/1366/783 332/583/268 333/586/269 897/1367/537
f 897/1367/537 333/586/269 334/588/270 898/1368/784
f 898/1369/784 334/589/270 335/592/271 899/1370/785
f 899/1370/785 335/592/271 336/594/272 900/1371/786
f 900/1371/786 336/594/272 337/596/273 901/1372/787
f 901/1372/787 337/596/273 338/598/274 902/1376/788
f 902/1374/788 338/599/274 327/569/263 891/1359/543
f 903/1377/789 918/1378/804 917/1379/803
f 904/1380/790 920/1381/806 926/1382/812
f 903/1377/789 917/1379/803 932/1383/818
f 903/1377/789 932/1383/818 938/1384/824
f 903/1377/789 938/1384/824 927/1385/813
f 904/1380/790 926/1382/812 947/1386/833
f 905/1387/791 923/1388/809 953/1389/838
f 906/1390/792 935/1391/821 959/1392/844
f 907/1393/793 941/1394/827 965/1395/850
f 908/1396/794 944/1397/830 971/1398/856
f 904/1380/790 947/1386/833 954/1399/839
f 905/1387/791 953/1389/838 960/1400/845
f 906/1390/792 959/1392/844 966/1401/851
f 907/1393/793 965/1395/850 972/1402/857
f 908/1396/794 971/1398/856 948/1403/834
f 909/1404/795 977/1405/861 992/1406/876
f 910/1407/796 980/1408/864 998/1409/882
f 911/1410/797 983/1411/867 1001/1412/885
f 912/1413/798 986/1414/870 1004/1415/888
f 913/1416/799 989/1417/873 993/1418/877
f 995/1419/879 1002/1420/886 914/1421/800
f 994/1422/878 1005/1423/889 995/1419/879
f 993/1418/877 1006/1424/890 994/1422/878
f 995/1419/879 1005/1423/889 1002/1420/886
f 1005/1423/889 1003/1425/887 1002/1420/886
f 994/1422/878 1006/1424/890 1005/1423/889
f 1006/1424/890 1007/1426/891 1005/1423/889
f 1005/1423/889 1007/1426/891 1003/1425/887
f 1007/1426/891 1004/1427/888 1003/1425/887
f 993/1418/877 989/1417/873 1006/1424/890
f 989/1417/873 988/1428/872 1006/1424/890
f 1006/1424/890 988/1428/872 1007/1426/891
f 988/1429/872 987/1430/871 1007/1431/891
f 1007/1431/891 987/1430/871 1004/1415/888
f 987/1430/871 912/1413/798 1004/1415/888
f 1002/1420/886 999/1432/883 914/1421/800
f 1003/1425/887 1008/1433/892 1002/1420/886
f 1004/1427/888 1009/1434/893 1003/1425/887
f 1002/1420/886 1008/1433/892 999/1432/883
f 1008/1433/892 1000/1435/884 999/1432/883
f 1003/1425/887 1009/1434/893 1008/1433/892
f 1009/1434/893 1010/1436/894 1008/1433/892
f 1008/1433/892 1010/1436/894 1000/1435/884
f 1010/1436/894 1001/1437/885 1000/1435/884
f 1004/1415/888 986/1414/870 1009/1438/893
f 986/1414/870 985/1439/869 1009/1438/893
f 1009/1438/893 985/1439/869 1010/1440/894
f 985/1439/869 984/1441/868 1010/1440/894
f 1010/1436/894 984/1442/868 1001/1437/885
f 984/1443/868 911/1410/797 1001/1412/885
f 999/1432/883 996/1444/880 914/1421/800
f 1000/1435/884 1011/1445/895 999/1432/883
f 1001/1437/885 1012/1446/896 1000/1435/884
f 999/1432/883 1011/1445/895 996/1444/880
f 1011/1445/895 997/1447/881 996/1444/880
f 1000/1435/884 1012/1446/896 1011/1445/895
f 1012/1446/896 1013/1448/897 1011/1445/895
f 1011/1445/895 1013/1448/897 997/1447/881
f 1013/1448/897 998/1449/882 997/1447/881
f 1001/1437/885 983/1450/867 1012/1446/896
f 983/1450/867 982/1451/866 1012/1446/896
f 1012/1446/896 982/1451/866 1013/1448/897
f 982/1451/866 981/1452/865 1013/1448/897
f 1013/1448/897 981/1452/865 998/1449/882
f 981/1452/865 910/1453/796 998/1449/882
f 996/1444/880 990/1454/874 914/1421/800
f 997/1447/881 1014/1455/898 996/1444/880
f 998/1449/882 1015/1456/899 997/1447/881
f 996/1444/880 1014/1455/898 990/1454/874
f 1014/1455/898 991/1457/875 990/1454/874
f 997/1447/881 1015/1456/899 1014/1455/898
f 1015/1456/899 1016/1458/900 1014/1455/898
f 1014/1455/898 1016/1458/900 991/1457/875
f 1016/1458/900 992/1459/876 991/1457/875
f 998/1409/882 980/1408/864 1015/1460/899
f 980/1408/864 979/1461/863 1015/1460/899
f 1015/1460/899 979/1461/863 1016/1462/900
f 979/1461/863 978/1463/862 1016/1462/900
f 1016/1462/900 978/1463/862 992/1406/876
f 978/1463/862 909/1404/795 992/1406/876
f 990/1454/874 995/1419/879 914/1421/800
f 991/1457/875 1017/1464/901 990/1454/874
f 992/1459/876 1018/1465/902 991/1457/875
f 990/1454/874 1017/1464/901 995/1419/879
f 1017/1464/901 994/1422/878 995/1419/879
f 991/1457/875 1018/1465/902 1017/1464/901
f 1018/1465/902 1019/1466/903 1017/1464/901
f 1017/1464/901 1019/1466/903 994/1422/878
f 1019/1466/903 993/1418/877 994/1422/878
f 992/1459/876 977/1467/861 1018/1465/902
f 977/1467/861 976/1468/860 1018/1465/902
f 1018/1465/902 976/1468/860 1019/1466/903
f 976/1468/860 975/1469/859 1019/1466/903
f 1019/1466/903 975/1469/859 993/1418/877
f 975/1470/859 913/1471/799 993/1472/877
f 950/1473/836 989/1474/873 913/1471/799
f 949/1475/835 1020/1476/904 950/1473/836
f 948/1403/834 1021/1477/905 949/1478/835
f 950/1473/836 1020/1476/904 989/1474/873
f 1020/1479/904 988/1429/872 989/1480/873
f 949/1478/835 1021/1477/905 1020/1479/904
f 1021/1477/905 1022/1481/906 1020/1479/904
f 1020/1479/904 1022/1481/906 988/1429/872
f 1022/1481/906 987/1430/871 988/1429/872
f 948/1403/834 971/1398/856 1021/1477/905
f 971/1398/856 970/1482/855 1021/1477/905
f 1021/1477/905 970/1482/855 1022/1481/906
f 970/1482/855 969/1483/854 1022/1481/906
f 1022/1481/906 969/1483/854 987/1430/871
f 969/1483/854 912/1413/798 987/1430/871
f 974/1484/858 986/1414/870 912/1413/798
f 973/1485/72 1023/1486/907 974/1484/858
f 972/1402/857 1024/1487/908 973/1485/72
f 974/1484/858 1023/1486/907 986/1414/870
f 1023/1486/907 985/1439/869 986/1414/870
f 973/1485/72 1024/1487/908 1023/1486/907
f 1024/1487/908 1025/1488/909 1023/1486/907
f 1023/1486/907 1025/1488/909 985/1439/869
f 1025/1488/909 984/1441/868 985/1439/869
f 972/1402/857 965/1395/850 1024/1487/908
f 965/1395/850 964/1489/849 1024/1487/908
f 1024/1487/908 964/1489/849 1025/1488/909
f 964/1489/849 963/1490/848 1025/1488/909
f 1025/1488/909 963/1490/848 984/1441/868
f 963/1491/848 911/1410/797 984/1443/868
f 968/1492/853 983/1411/867 911/1410/797
f 967/1493/852 1026/1494/910 968/1492/853
f 966/1401/851 1027/1495/911 967/1493/852
f 968/1492/853 1026/1494/910 983/1411/867
f 1026/1494/910 982/1496/866 983/1411/867
f 967/1493/852 1027/1495/911 1026/1494/910
f 1027/1495/911 1028/1497/912 1026/1494/910
f 1026/1494/910 1028/1497/912 982/1496/866
f 1028/1497/912 981/1498/865 982/1496/866
f 966/1401/851 959/1392/844 1027/1495/911
f 959/1392/844 958/1499/843 1027/1495/911
f 1027/1495/911 958/1499/843 1028/1497/912
f 958/1499/843 957/1500/842 1028/1497/912
f 1028/1497/912 957/1500/842 981/1498/865
f 957/1501/842 910/1407/796 981/1502/865
f 962/1503/847 980/1408/864 910/1407/796
f 961/1504/846 1029/1505/913 962/1503/847
f 960/1400/845 1030/1506/914 961/1504/846
f 962/1503/847 1029/1505/913 980/1408/864
f 1029/1505/913 979/1461/863 980/1408/864
f 961/1504/846 1030/1506/914 1029/1505/913
f 1030/1506/914 1031/1507/915 1029/1505/913
f 1029/1505/913 1031/1507/915 979/1461/863
f 1031/1507/915 978/1463/862 979/1461/863
f 960/1400/845 953/1389/838 1030/1506/914
f 953/1389/838 952/1508/65 1030/1506/914
f 1030/1506/914 952/1508/65 1031/1507/915
f 952/1508/65 951/1509/837 1031/1507/915
f 1031/1507/915 951/1509/837 978/1463/862
f 951/1509/837 909/1404/795 978/1463/862
f 956/1510/841 977/1405/861 909/1404/795
f 955/1511/840 1032/1512/916 956/1510/841
f 954/1399/839 1033/1513/917 955/1514/840
f 956/1510/841 1032/1512/916 977/1405/861
f 1032/1515/916 976/1516/860 977/1517/861
f 955/1514/840 1033/1513/917 1032/1515/916
f 1033/1513/917 1034/1518/918 1032/1515/916
f 1032/1515/916 1034/1518/918 976/1516/860
f 1034/1518/918 975/1470/859 976/1516/860
f 954/1399/839 947/1386/833 1033/1513/917
f 947/1386/833 946/1519/832 1033/1513/917
f 1033/1513/917 946/1519/832 1034/1518/918
f 946/1519/832 945/1520/831 1034/1518/918
f 1034/1518/918 945/1520/831 975/1470/859
f 945/1520/831 913/1471/799 975/1470/859
f 969/1483/854 974/1484/858 912/1413/798
f 970/1482/855 1035/1521/919 969/1483/854
f 971/1398/856 1036/1522/920 970/1482/855
f 969/1483/854 1035/1521/919 974/1484/858
f 1035/1521/919 973/1485/72 974/1484/858
f 970/1482/855 1036/1522/920 1035/1521/919
f 1036/1522/920 1037/1523/921 1035/1521/919
f 1035/1521/919 1037/1523/921 973/1485/72
f 1037/1523/921 972/1402/857 973/1485/72
f 971/1398/856 944/1397/830 1036/1522/920
f 944/1397/830 943/1524/829 1036/1522/920
f 1036/1522/920 943/1524/829 1037/1523/921
f 943/1524/829 942/1525/828 1037/1523/921
f 1037/1523/921 942/1525/828 972/1402/857
f 942/1525/828 907/1393/793 972/1402/857
f 963/1491/848 968/1492/853 911/1410/797
f 964/1526/849 1038/1527/922 963/1491/848
f 965/1395/850 1039/1528/923 964/1489/849
f 963/1491/848 1038/1527/922 968/1492/853
f 1038/1527/922 967/1493/852 968/1492/853
f 964/1526/849 1039/1529/923 1038/1527/922
f 1039/1529/923 1040/1530/924 1038/1527/922
f 1038/1527/922 1040/1530/924 967/1493/852
f 1040/1530/924 966/1401/851 967/1493/852
f 965/1395/850 941/1394/827 1039/1528/923
f 941/1531/827 940/1532/826 1039/1529/923
f 1039/1529/923 940/1532/826 1040/1530/924
f 940/1532/826 939/1533/825 1040/1530/924
f 1040/1530/924 939/1533/825 966/1401/851
f 939/1533/825 906/1390/792 966/1401/851
f 957/1501/842 962/1503/847 910/1407/796
f 958/1534/843 1041/1535/925 957/1501/842
f 959/1392/844 1042/1536/926 958/1499/843
f 957/1501/842 1041/1535/925 962/1503/847
f 1041/1535/925 961/1504/846 962/1503/847
f 958/1534/843 1042/1537/926 1041/1535/925
f 1042/1537/926 1043/1538/927 1041/1535/925
f 1041/1535/925 1043/1538/927 961/1504/846
f 1043/1538/927 960/1400/845 961/1504/846
f 959/1392/844 935/1391/821 1042/1536/926
f 935/1539/821 934/1540/820 1042/1537/926
f 1042/1537/926 934/1540/820 1043/1538/927
f 934/1540/820 933/1541/819 1043/1538/927
f 1043/1538/927 933/1541/819 960/1400/845
f 933/1541/819 905/1387/791 960/1400/845
f 951/1509/837 956/1510/841 909/1404/795
f 952/1508/65 1044/1542/928 951/1509/837
f 953/1389/838 1045/1543/929 952/1508/65
f 951/1509/837 1044/1542/928 956/1510/841
f 1044/1542/928 955/1511/840 956/1510/841
f 952/1508/65 1045/1543/929 1044/1542/928
f 1045/1543/929 1046/1544/930 1044/1542/928
f 1044/1542/928 1046/1544/930 955/1511/840
f 1046/1544/930 954/1545/839 955/1511/840
f 953/1389/838 923/1388/809 1045/1543/929
f 923/1388/809 922/1546/808 1045/1543/929
f 1045/1543/929 922/1546/808 1046/1544/930
f 922/1546/808 921/1547/807 1046/1544/930
f 1046/1544/930 921/1547/807 954/1545/839
f 921/1548/807 904/1380/790 954/1399/839
f 945/1520/831 950/1473/836 913/1471/799
f 946/1519/832 1047/1549/931 945/1520/831
f 947/1386/833 1048/1550/932 946/1519/832
f 945/1520/831 1047/1549/931 950/1473/836
f 1047/1549/931 949/1475/835 950/1473/836
f 946/1519/832 1048/1550/932 1047/1549/931
f 1048/1550/932 1049/1551/933 1047/1549/931
f 1047/1549/931 1049/1551/933 949/1475/835
f 1049/1551/933 948/1552/834 949/1475/835
f 947/1386/833 926/1382/812 1048/1550/932
f 926/1382/812 925/1553/811 1048/1550/932
f 1048/1550/932 925/1553/811 1049/1551/933
f 925/1553/811 924/1554/810 1049/1551/933
f 1049/1551/933 924/1554/810 948/1552/834
f 924/1555/810 908/1396/794 948/1403/834
f 929/1556/815 944/1397/830 908/1396/794
f 928/1557/814 1050/1558/934 929/1559/815
f 927/1385/813 1051/1560/935 928/1557/814
f 929/1556/815 1050/1561/934 944/1397/830
f 1050/1561/934 943/1524/829 944/1397/830
f 928/1557/814 1051/1560/935 1050/1558/934
f 1051/1560/935 1052/1562/936 1050/1558/934
f 1050/1561/934 1052/1563/936 943/1524/829
f 1052/1563/936 942/1525/828 943/1524/829
f 927/1385/813 938/1384/824 1051/1560/935
f 938/1384/824 937/1564/823 1051/1560/935
f 1051/1560/935 937/1564/823 1052/1562/936
f 937/1564/823 936/1565/822 1052/1562/936
f 1052/1563/936 936/1566/822 942/1525/828
f 936/1566/822 907/1393/793 942/1525/828
f 936/1566/822 941/1394/827 907/1393/793
f 937/1564/823 1053/1567/937 936/1565/822
f 938/1384/824 1054/1568/938 937/1564/823
f 936/1565/822 1053/1567/937 941/1569/827
f 1053/1567/937 940/1570/826 941/1569/827
f 937/1564/823 1054/1568/938 1053/1567/937
f 1054/1568/938 1055/1571/939 1053/1567/937
f 1053/1567/937 1055/1571/939 940/1570/826
f 1055/1571/939 939/1572/825 940/1570/826
f 938/1384/824 932/1383/818 1054/1568/938
f 932/1383/818 931/1573/817 1054/1568/938
f 1054/1568/938 931/1573/817 1055/1571/939
f 931/1573/817 930/1574/816 1055/1571/939
f 1055/1571/939 930/1574/816 939/1572/825
f 930/1575/816 906/1390/792 939/1533/825
f 930/1574/816 935/1576/821 906/1577/792
f 931/1573/817 1056/1578/940 930/1574/816
f 932/1383/818 1057/1579/941 931/1573/817
f 930/1574/816 1056/1578/940 935/1576/821
f 1056/1578/940 934/1580/820 935/1576/821
f 931/1573/817 1057/1579/941 1056/1578/940
f 1057/1579/941 1058/1581/942 1056/1578/940
f 1056/1578/940 1058/1581/942 934/1580/820
f 1058/1582/942 933/1541/819 934/1540/820
f 932/1383/818 917/1379/803 1057/1579/941
f 917/1379/803 916/1583/802 1057/1579/941
f 1057/1579/941 916/1583/802 1058/1581/942
f 916/1583/802 915/1584/801 1058/1581/942
f 1058/1582/942 915/1585/801 933/1541/819
f 915/1585/801 905/1387/791 933/1541/819
f 924/1586/810 929/1559/815 908/1587/794
f 925/1588/811 1059/1589/943 924/1586/810
f 926/1590/812 1060/1591/944 925/1588/811
f 924/1586/810 1059/1589/943 929/1559/815
f 1059/1589/943 928/1557/814 929/1559/815
f 925/1588/811 1060/1591/944 1059/1589/943
f 1060/1591/944 1061/1592/945 1059/1589/943
f 1059/1589/943 1061/1592/945 928/1557/814
f 1061/1592/945 927/1385/813 928/1557/814
f 926/1590/812 920/1593/806 1060/1591/944
f 920/1593/806 919/1594/805 1060/1591/944
f 1060/1591/944 919/1594/805 1061/1592/945
f 919/1594/805 918/1378/804 1061/1592/945
f 1061/1592/945 918/1378/804 927/1385/813
f 918/1378/804 903/1377/789 927/1385/813
f 915/1585/801 923/1388/809 905/1387/791
f 916/1583/802 1062/1595/946 915/1584/801
f 917/1379/803 1063/1596/947 916/1583/802
f 915/1585/801 1062/1597/946 923/1388/809
f 1062/1597/946 922/1546/808 923/1388/809
f 916/1583/802 1063/1596/947 1062/1595/946
f 1063/1596/947 1064/1598/948 1062/1595/946
f 1062/1597/946 1064/1599/948 922/1546/808
f 1064/1599/948 921/1547/807 922/1546/808
f 917/1379/803 918/1378/804 1063/1596/947
f 918/1378/804 919/1594/805 1063/1596/947
f 1063/1596/947 919/1594/805 1064/1598/948
f 919/1594/805 920/1593/806 1064/1598/948
f 1064/1598/948 920/1593/806 921/1600/807
f 920/1381/806 904/1380/790 921/1548/807
f 1065/1601/949 1080/1602/964 1079/1603/963
f 1066/1604/950 1082/1605/966 1088/1606/972
f 1065/1601/949 1079/1603/963 1094/1607/978
f 1065/1601/949 1094/1607/978 1100/1608/984
f 1065/1601/949 1100/1608/984 1089/1609/973
f 1066/1604/950 1088/1606/972 1109/1610/993
f 1067/1611/951 1085/1612/969 1115/1613/998
f 1068/1614/952 1097/1615/981 1121/1616/1004
f 1069/1617/953 1103/1618/987 1127/1619/1010
f 1070/1620/954 1106/1621/990 1133/1622/1016
f 1066/1604/950 1109/1610/993 1116/1623/999
f 1067/1611/951 1115/1613/998 1122/1624/1005
f 1068/1614/952 1121/1616/1004 1128/1625/1011
f 1069/1617/953 1127/1619/1010 1134/1626/1017
f 1070/1620/954 1133/1622/1016 1110/1627/994
f 1071/1628/955 1139/1629/1021 1154/1630/1036
f 1072/1631/956 1142/1632/1024 1160/1633/1042
f 1073/1634/957 1145/1635/1027 1163/1636/1045
f 1074/1637/958 1148/1638/1030 1166/1639/1048
f 1075/1640/959 1151/1641/1033 1155/1642/1037
f 1157/1643/1039 1164/1644/1046 1076/1645/960
f 1156/1646/1038 1167/1647/1049 1157/1643/1039
f 1155/1648/1037 1168/1649/1050 1156/1646/1038
f 1157/1643/1039 1167/1647/1049 1164/1644/1046
f 1167/1647/1049 1165/1650/1047 1164/1644/1046
f 1156/1646/1038 1168/1649/1050 1167/1647/1049
f 1168/1649/1050 1169/1651/1051 1167/1647/1049
f 1167/1647/1049 1169/1651/1051 1165/1650/1047
f 1169/1651/1051 1166/1652/1048 1165/1650/1047
f 1155/1648/1037 1151/1653/1033 1168/1649/1050
f 1151/1653/1033 1150/1654/1032 1168/1649/1050
f 1168/1649/1050 1150/1654/1032 1169/1651/1051
f 1150/1655/1032 1149/1656/1031 1169/1657/1051
f 1169/1657/1051 1149/1656/1031 1166/1639/1048
f 1149/1656/1031 1074/1637/958 1166/1639/1048
f 1164/1644/1046 1161/1658/1043 1076/1645/960
f 1165/1650/1047 1170/1659/1052 1164/1644/1046
f 1166/1639/1048 1171/1660/1053 1165/1661/1047
f 1164/1644/1046 1170/1659/1052 1161/1658/1043
f 1170/1659/1052 1162/1662/1044 1161/1658/1043
f 1165/1650/1047 1171/1663/1053 1170/1659/1052
f 1171/1663/1053 1172/1664/1054 1170/1659/1052
f 1170/1659/1052 1172/1664/1054 1162/1662/1044
f 1172/1664/1054 1163/1665/1045 1162/1662/1044
f 1166/1639/1048 1148/1638/1030 1171/1660/1053
f 1148/1638/1030 1147/1666/1029 1171/1660/1053
f 1171/1660/1053 1147/1666/1029 1172/1667/1054
f 1147/1666/1029 1146/1668/1028 1172/1667/1054
f 1172/1664/1054 1146/1669/1028 1163/1665/1045
f 1146/1670/1028 1073/1634/957 1163/1636/1045
f 1161/1658/1043 1158/1671/1040 1076/1645/960
f 1162/1662/1044 1173/1672/1055 1161/1658/1043
f 1163/1665/1045 1174/1673/1056 1162/1662/1044
f 1161/1658/1043 1173/1672/1055 1158/1671/1040
f 1173/1672/1055 1159/1674/1041 1158/1671/1040
f 1162/1662/1044 1174/1673/1056 1173/1672/1055
f 1174/1673/1056 1175/1675/1057 1173/1672/1055
f 1173/1672/1055 1175/1675/1057 1159/1674/1041
f 1175/1675/1057 1160/1676/1042 1159/1674/1041
f 1163/1665/1045 1145/1677/1027 1174/1673/1056
f 1145/1635/1027 1144/1678/1026 1174/1679/1056
f 1174/1673/1056 1144/1680/1026 1175/1675/1057
f 1144/1680/1026 1143/1681/1025 1175/1675/1057
f 1175/1675/1057 1143/1681/1025 1160/1676/1042
f 1143/1682/1025 1072/1631/956 1160/1633/1042
f 1158/1671/1040 1152/1683/1034 1076/1645/960
f 1159/1674/1041 1176/1684/1058 1158/1671/1040
f 1160/1676/1042 1177/1685/1059 1159/1674/1041
f 1158/1671/1040 1176/1684/1058 1152/1683/1034
f 1176/1684/1058 1153/1686/1035 1152/1683/1034
f 1159/1674/1041 1177/1685/1059 1176/1684/1058
f 1177/1685/1059 1178/1687/1060 1176/1684/1058
f 1176/1684/1058 1178/1687/1060 1153/1686/1035
f 1178/1687/1060 1154/1688/1036 1153/1686/1035
f 1160/1633/1042 1142/1632/1024 1177/1689/1059
f 1142/1632/1024 1141/1690/1023 1177/1689/1059
f 1177/1689/1059 1141/1690/1023 1178/1691/1060
f 1141/1690/1023 1140/1692/1022 1178/1691/1060
f 1178/1691/1060 1140/1692/1022 1154/1630/1036
f 1140/1692/1022 1071/1628/955 1154/1630/1036
f 1152/1683/1034 1157/1643/1039 1076/1645/960
f 1153/1686/1035 1179/1693/1061 1152/1683/1034
f 1154/1688/1036 1180/1694/1062 1153/1686/1035
f 1152/1683/1034 1179/1693/1061 1157/1643/1039
f 1179/1693/1061 1156/1646/1038 1157/1643/1039
f 1153/1686/1035 1180/1694/1062 1179/1693/1061
f 1180/1694/1062 1181/1695/1063 1179/1693/1061
f 1179/1693/1061 1181/1695/1063 1156/1646/1038
f 1181/1695/1063 1155/1648/1037 1156/1646/1038
f 1154/1630/1036 1139/1629/1021 1180/1696/1062
f 1139/1697/1021 1138/1698/1020 1180/1694/1062
f 1180/1694/1062 1138/1698/1020 1181/1695/1063
f 1138/1699/1020 1137/1700/1019 1181/1701/1063
f 1181/1695/1063 1137/1702/1019 1155/1648/1037
f 1137/1700/1019 1075/1640/959 1155/1642/1037
f 1112/1703/996 1151/1641/1033 1075/1640/959
f 1111/1704/995 1182/1705/1064 1112/1703/996
f 1110/1627/994 1183/1706/1065 1111/1707/995
f 1112/1703/996 1182/1705/1064 1151/1641/1033
f 1182/1708/1064 1150/1655/1032 1151/1709/1033
f 1111/1707/995 1183/1706/1065 1182/1708/1064
f 1183/1706/1065 1184/1710/1066 1182/1708/1064
f 1182/1708/1064 1184/1710/1066 1150/1655/1032
f 1184/1710/1066 1149/1656/1031 1150/1655/1032
f 1110/1627/994 1133/1622/1016 1183/1706/1065
f 1133/1622/1016 1132/1711/1015 1183/1706/1065
f 1183/1706/1065 1132/1711/1015 1184/1710/1066
f 1132/1711/1015 1131/1712/1014 1184/1710/1066
f 1184/1710/1066 1131/1712/1014 1149/1656/1031
f 1131/1712/1014 1074/1637/958 1149/1656/1031
f 1136/1713/1018 1148/1638/1030 1074/1637/958
f 1135/1714/72 1185/1715/1067 1136/1713/1018
f 1134/1626/1017 1186/1716/1068 1135/1714/72
f 1136/1713/1018 1185/1715/1067 1148/1638/1030
f 1185/1715/1067 1147/1666/1029 1148/1638/1030
f 1135/1714/72 1186/1716/1068 1185/1715/1067
f 1186/1716/1068 1187/1717/1069 1185/1715/1067
f 1185/1715/1067 1187/1717/1069 1147/1666/1029
f 1187/1717/1069 1146/1668/1028 1147/1666/1029
f 1134/1626/1017 1127/1619/1010 1186/1716/1068
f 1127/1619/1010 1126/1718/1009 1186/1716/1068
f 1186/1716/1068 1126/1718/1009 1187/1717/1069
f 1126/1718/1009 1125/1719/1008 1187/1717/1069
f 1187/1717/1069 1125/1719/1008 1146/1668/1028
f 1125/1720/1008 1073/1634/957 1146/1670/1028
f 1130/1721/1013 1145/1635/1027 1073/1634/957
f 1129/1722/1012 1188/1723/1070 1130/1721/1013
f 1128/1625/1011 1189/1724/1071 1129/1722/1012
f 1130/1721/1013 1188/1723/1070 1145/1635/1027
f 1188/1723/1070 1144/1678/1026 1145/1635/1027
f 1129/1722/1012 1189/1724/1071 1188/1723/1070
f 1189/1724/1071 1190/1725/1072 1188/1723/1070
f 1188/1723/1070 1190/1725/1072 1144/1678/1026
f 1190/1725/1072 1143/1726/1025 1144/1678/1026
f 1128/1625/1011 1121/1616/1004 1189/1724/1071
f 1121/1616/1004 1120/1727/1003 1189/1724/1071
f 1189/1724/1071 1120/1727/1003 1190/1725/1072
f 1120/1727/1003 1119/1728/1002 1190/1725/1072
f 1190/1725/1072 1119/1728/1002 1143/1726/1025
f 1119/1729/1002 1072/1631/956 1143/1682/1025
f 1124/1730/1007 1142/1632/1024 1072/1631/956
f 1123/1731/1006 1191/1732/1073 1124/1730/1007
f 1122/1624/1005 1192/1733/1074 1123/1731/1006
f 1124/1730/1007 1191/1732/1073 1142/1632/1024
f 1191/1732/1073 1141/1690/1023 1142/1632/1024
f 1123/1731/1006 1192/1733/1074 1191/1732/1073
f 1192/1733/1074 1193/1734/1075 1191/1732/1073
f 1191/1732/1073 1193/1734/1075 1141/1690/1023
f 1193/1734/1075 1140/1692/1022 1141/1690/1023
f 1122/1624/1005 1115/1613/998 1192/1733/1074
f 1115/1613/998 1114/1735/65 1192/1733/1074
f 1192/1733/1074 1114/1735/65 1193/1734/1075
f 1114/1735/65 1113/1736/997 1193/1734/1075
f 1193/1734/1075 1113/1736/997 1140/1692/1022
f 1113/1736/997 1071/1628/955 1140/1692/1022
f 1118/1737/1001 1139/1629/1021 1071/1628/955
f 1117/1738/1000 1194/1739/1076 1118/1737/1001
f 1116/1623/999 1195/1740/1077 1117/1741/1000
f 1118/1737/1001 1194/1739/1076 1139/1629/1021
f 1194/1742/1076 1138/1699/1020 1139/1743/1021
f 1117/1741/1000 1195/1740/1077 1194/1742/1076
f 1195/1740/1077 1196/1744/1078 1194/1742/1076
f 1194/1742/1076 1196/1744/1078 1138/1699/1020
f 1196/1744/1078 1137/1700/1019 1138/1699/1020
f 1116/1623/999 1109/1610/993 1195/1740/1077
f 1109/1610/993 1108/1745/992 1195/1740/1077
f 1195/1740/1077 1108/1745/992 1196/1744/1078
f 1108/1745/992 1107/1746/991 1196/1744/1078
f 1196/1744/1078 1107/1746/991 1137/1700/1019
f 1107/1746/991 1075/1640/959 1137/1700/1019
f 1131/1712/1014 1136/1713/1018 1074/1637/958
f 1132/1711/1015 1197/1747/1079 1131/1712/1014
f 1133/1622/1016 1198/1748/1080 1132/1711/1015
f 1131/1712/1014 1197/1747/1079 1136/1713/1018
f 1197/1747/1079 1135/1714/72 1136/1713/1018
f 1132/1711/1015 1198/1748/1080 1197/1747/1079
f 1198/1748/1080 1199/1749/1081 1197/1747/1079
f 1197/1747/1079 1199/1749/1081 1135/1714/72
f 1199/1749/1081 1134/1626/1017 1135/1714/72
f 1133/1622/1016 1106/1621/990 1198/1748/1080
f 1106/1621/990 1105/1750/989 1198/1748/1080
f 1198/1748/1080 1105/1750/989 1199/1749/1081
f 1105/1750/989 1104/1751/988 1199/1749/1081
f 1199/1749/1081 1104/1751/988 1134/1626/1017
f 1104/1751/988 1069/1617/953 1134/1626/1017
f 1125/1720/1008 1130/1721/1013 1073/1634/957
f 1126/1752/1009 1200/1753/1082 1125/1720/1008
f 1127/1619/1010 1201/1754/1083 1126/1718/1009
f 1125/1720/1008 1200/1753/1082 1130/1721/1013
f 1200/1753/1082 1129/1722/1012 1130/1721/1013
f 1126/1752/1009 1201/1755/1083 1200/1753/1082
f 1201/1755/1083 1202/1756/1084 1200/1753/1082
f 1200/1753/1082 1202/1756/1084 1129/1722/1012
f 1202/1756/1084 1128/1625/1011 1129/1722/1012
f 1127/1619/1010 1103/1618/987 1201/1754/1083
f 1103/1757/987 1102/1758/986 1201/1755/1083
f 1201/1755/1083 1102/1758/986 1202/1756/1084
f 1102/1758/986 1101/1759/985 1202/1756/1084
f 1202/1756/1084 1101/1759/985 1128/1625/1011
f 1101/1759/985 1068/1614/952 1128/1625/1011
f 1119/1729/1002 1124/1730/1007 1072/1631/956
f 1120/1760/1003 1203/1761/1085 1119/1729/1002
f 1121/1616/1004 1204/1762/1086 1120/1727/1003
f 1119/1729/1002 1203/1761/1085 1124/1730/1007
f 1203/1761/1085 1123/1731/1006 1124/1730/1007
f 1120/1760/1003 1204/1763/1086 1203/1761/1085
f 1204/1763/1086 1205/1764/1087 1203/1761/1085
f 1203/1761/1085 1205/1764/1087 1123/1731/1006
f 1205/1764/1087 1122/1624/1005 1123/1731/1006
f 1121/1616/1004 1097/1615/981 1204/1762/1086
f 1097/1765/981 1096/1766/980 1204/1763/1086
f 1204/1763/1086 1096/1766/980 1205/1764/1087
f 1096/1766/980 1095/1767/979 1205/1764/1087
f 1205/1764/1087 1095/1767/979 1122/1624/1005
f 1095/1767/979 1067/1611/951 1122/1624/1005
f 1113/1736/997 1118/1737/1001 1071/1628/955
f 1114/1735/65 1206/1768/1088 1113/1736/997
f 1115/1613/998 1207/1769/1089 1114/1735/65
f 1113/1736/997 1206/1768/1088 1118/1737/1001
f 1206/1768/1088 1117/1738/1000 1118/1737/1001
f 1114/1735/65 1207/1769/1089 1206/1768/1088
f 1207/1769/1089 1208/1770/1090 1206/1768/1088
f 1206/1768/1088 1208/1770/1090 1117/1738/1000
f 1208/1770/1090 1116/1771/999 1117/1738/1000
f 1115/1613/998 1085/1612/969 1207/1769/1089
f 1085/1612/969 1084/1772/968 1207/1769/1089
f 1207/1769/1089 1084/1772/968 1208/1770/1090
f 1084/1772/968 1083/1773/967 1208/1770/1090
f 1208/1770/1090 1083/1773/967 1116/1771/999
f 1083/1774/967 1066/1604/950 1116/1623/999
f 1107/1746/991 1112/1703/996 1075/1640/959
f 1108/1745/992 1209/1775/1091 1107/1746/991
f 1109/1610/993 1210/1776/1092 1108/1745/992
f 1107/1746/991 1209/1775/1091 1112/1703/996
f 1209/1775/1091 1111/1704/995 1112/1703/996
f 1108/1745/992 1210/1776/1092 1209/1775/1091
f 1210/1776/1092 1211/1777/1093 1209/1775/1091
f 1209/1775/1091 1211/1777/1093 1111/1704/995
f 1211/1777/1093 1110/1778/994 1111/1704/995
f 1109/1610/993 1088/1606/972 1210/1776/1092
f 1088/1606/972 1087/1779/971 1210/1776/1092
f 1210/1776/1092 1087/1779/971 1211/1777/1093
f 1087/1779/971 1086/1780/970 1211/1777/1093
f 1211/1777/1093 1086/1780/970 1110/1778/994
f 1086/1781/970 1070/1620/954 1110/1627/994
f 1091/1782/975 1106/1621/990 1070/1620/954
f 1090/1783/974 1212/1784/1094 1091/1785/975
f 1089/1609/973 1213/1786/1095 1090/1783/974
f 1091/1782/975 1212/1787/1094 1106/1621/990
f 1212/1787/1094 1105/1750/989 1106/1621/990
f 1090/1783/974 1213/1786/1095 1212/1784/1094
f 1213/1786/1095 1214/1788/1096 1212/1784/1094
f 1212/1787/1094 1214/1789/1096 1105/1750/989
f 1214/1789/1096 1104/1751/988 1105/1750/989
f 1089/1609/973 1100/1608/984 1213/1786/1095
f 1100/1608/984 1099/1790/983 1213/1786/1095
f 1213/1786/1095 1099/1790/983 1214/1788/1096
f 1099/1790/983 1098/1791/982 1214/1788/1096
f 1214/1789/1096 1098/1792/982 1104/1751/988
f 1098/1792/982 1069/1617/953 1104/1751/988
f 1098/1792/982 1103/1618/987 1069/1617/953
f 1099/1790/983 1215/1793/1097 1098/1791/982
f 1100/1608/984 1216/1794/1098 1099/1790/983
f 1098/1792/982 1215/1795/1097 1103/1618/987
f 1215/1793/1097 1102/1796/986 1103/1797/987
f 1099/1790/983 1216/1794/1098 1215/1793/1097
f 1216/1794/1098 1217/1798/1099 1215/1793/1097
f 1215/1793/1097 1217/1798/1099 1102/1796/986
f 1217/1799/1099 1101/1759/985 1102/1758/986
f 1100/1608/984 1094/1607/978 1216/1794/1098
f 1094/1607/978 1093/1800/977 1216/1794/1098
f 1216/1794/1098 1093/1800/977 1217/1798/1099
f 1093/1800/977 1092/1801/976 1217/1798/1099
f 1217/1798/1099 1092/1801/976 1101/1802/985
f 1092/1803/976 1068/1614/952 1101/1759/985
f 1092/1803/976 1097/1615/981 1068/1614/952
f 1093/1800/977 1218/1804/1100 1092/1801/976
f 1094/1607/978 1219/1805/1101 1093/1800/977
f 1092/1801/976 1218/1804/1100 1097/1806/981
f 1218/1804/1100 1096/1807/980 1097/1806/981
f 1093/1800/977 1219/1805/1101 1218/1804/1100
f 1219/1805/1101 1220/1808/1102 1218/1804/1100
f 1218/1804/1100 1220/1808/1102 1096/1807/980
f 1220/1809/1102 1095/1767/979 1096/1766/980
f 1094/1607/978 1079/1603/963 1219/1805/1101
f 1079/1603/963 1078/1810/962 1219/1805/1101
f 1219/1805/1101 1078/1810/962 1220/1808/1102
f 1078/1810/962 1077/1811/961 1220/1808/1102
f 1220/1809/1102 1077/1812/961 1095/1767/979
f 1077/1812/961 1067/1611/951 1095/1767/979
f 1086/1781/970 1091/1782/975 1070/1620/954
f 1087/1813/971 1221/1814/1103 1086/1815/970
f 1088/1606/972 1222/1816/1104 1087/1779/971
f 1086/1815/970 1221/1814/1103 1091/1785/975
f 1221/1814/1103 1090/1783/974 1091/1785/975
f 1087/1813/971 1222/1817/1104 1221/1814/1103
f 1222/1817/1104 1223/1818/1105 1221/1814/1103
f 1221/1814/1103 1223/1818/1105 1090/1783/974
f 1223/1818/1105 1089/1609/973 1090/1783/974
f 1088/1819/972 1082/1820/966 1222/1817/1104
f 1082/1820/966 1081/1821/965 1222/1817/1104
f 1222/1817/1104 1081/1821/965 1223/1818/1105
f 1081/1821/965 1080/1602/964 1223/1818/1105
f 1223/1818/1105 1080/1602/964 1089/1609/973
f 1080/1602/964 1065/1601/949 1089/1609/973
f 1077/1812/961 1085/1612/969 1067/1611/951
f 1078/1822/962 1224/1823/1106 1077/1812/961
f 1079/1603/963 1225/1824/1107 1078/1810/962
f 1077/1812/961 1224/1823/1106 1085/1612/969
f 1224/1823/1106 1084/1772/968 1085/1612/969
f 1078/1810/962 1225/1824/1107 1224/1825/1106
f 1225/1824/1107 1226/1826/1108 1224/1825/1106
f 1224/1823/1106 1226/1827/1108 1084/1772/968
f 1226/1827/1108 1083/1773/967 1084/1772/968
f 1079/1603/963 1080/1602/964 1225/1824/1107
f 1080/1602/964 1081/1821/965 1225/1824/1107
f 1225/1824/1107 1081/1821/965 1226/1826/1108
f 1081/1821/965 1082/1820/966 1226/1826/1108
f 1226/1826/1108 1082/1820/966 1083/1828/967
f 1082/1605/966 1066/1604/950 1083/1774/967
f 1227/1829/1109 1228/1830/1110 1230/1831/1112 1229/1832/1111
f 1229/1833/1111 1230/1834/1112 1234/1835/1116 1233/1836/1115
f 1233/1837/1115 1234/1838/1116 1232/1839/1114 1231/1840/1113
f 1231/1841/1113 1232/1842/1114 1228/1843/1110 1227/1844/1109
f 1229/1845/1111 1233/1846/1115 1231/1847/1113 1227/1848/1109
f 1234/1849/1116 1230/1850/1112 1228/1851/1110 1232/1852/1114
f 1235/1853/1117 1236/1854/1118 1238/1855/1120 1237/1856/1119
f 1237/1857/1119 1238/1858/1120 1242/1859/1124 1241/1860/1123
f 1241/1861/1123 1242/1862/1124 1240/1863/1122 1239/1864/1121
f 1239/1865/1121 1240/1866/1122 1236/1867/1118 1235/1868/1117
f 1237/1869/1119 1241/1870/1123 1239/1871/1121 1235/1872/1117
f 1242/1873/1124 1238/1874/1120 1236/1875/1118 1240/1876/1122
f 1243/1877/1125 1256/1878/1138 1255/1879/1137
f 1244/1880/1126 1256/1881/1138 1258/1882/1140
f 1243/1877/1125 1255/1879/1137 1260/1883/1142
f 1243/1877/1125 1260/1883/1142 1262/1884/1144
f 1243/1877/1125 1262/1884/1144 1259/1885/1141
f 1244/1880/1126 1258/1882/1140 1265/1886/1147
f 1245/1887/1127 1257/1888/1139 1267/1889/65
f 1246/1890/1128 1261/1891/1143 1269/1892/1150
f 1247/1893/1129 1263/1894/1145 1271/1895/1152
f 1248/1896/1130 1264/1897/1146 1273/1898/1154
f 1244/1880/1126 1265/1886/1147 1268/1899/1149
f 1245/1887/1127 1267/1889/65 1270/1900/1151
f 1246/1890/1128 1269/1892/1150 1272/1901/1153
f 1247/1902/1129 1271/1903/1152 1274/1904/72
f 1248/1896/1130 1273/1898/1154 1266/1905/1148
f 1249/1906/1131 1275/1907/1155 1280/1908/1160
f 1250/1909/1132 1276/1910/1156 1282/1911/1162
f 1251/1912/1133 1277/1913/1157 1283/1914/1163
f 1252/1915/1134 1278/1916/1158 1284/1917/1164
f 1253/1918/1135 1279/1919/1159 1281/1920/1161
f 1281/1920/1161 1284/1921/1164 1254/1922/1136
f 1281/1920/1161 1279/1919/1159 1284/1921/1164
f 1279/1923/1159 1252/1915/1134 1284/1917/1164
f 1284/1921/1164 1283/1924/1163 1254/1922/1136
f 1284/1921/1164 1278/1925/1158 1283/1924/1163
f 1278/1925/1158 1251/1926/1133 1283/1924/1163
f 1283/1924/1163 1282/1927/1162 1254/1922/1136
f 1283/1924/1163 1277/1928/1157 1282/1927/1162
f 1277/1928/1157 1250/1929/1132 1282/1927/1162
f 1282/1927/1162 1280/1908/1160 1254/1922/1136
f 1282/1927/1162 1276/1930/1156 1280/1908/1160
f 1276/1910/1156 1249/1931/1131 1280/1932/1160
f 1280/1908/1160 1281/1920/1161 1254/1922/1136
f 1280/1908/1160 1275/1907/1155 1281/1920/1161
f 1275/1933/1155 1253/1934/1135 1281/1935/1161
f 1266/1936/1148 1279/1937/1159 1253/1934/1135
f 1266/1905/1148 1273/1898/1154 1279/1923/1159
f 1273/1898/1154 1252/1915/1134 1279/1923/1159
f 1274/1904/72 1278/1916/1158 1252/1915/1134
f 1274/1904/72 1271/1903/1152 1278/1916/1158
f 1271/1895/1152 1251/1912/1133 1278/1938/1158
f 1272/1901/1153 1277/1913/1157 1251/1912/1133
f 1272/1901/1153 1269/1892/1150 1277/1913/1157
f 1269/1892/1150 1250/1939/1132 1277/1913/1157
f 1270/1900/1151 1276/1910/1156 1250/1909/1132
f 1270/1900/1151 1267/1889/65 1276/1910/1156
f 1267/1889/65 1249/1931/1131 1276/1910/1156
f 1268/1899/1149 1275/1933/1155 1249/1940/1131
f 1268/1899/1149 1265/1886/1147 1275/1933/1155
f 1265/1886/1147 1253/1934/1135 1275/1933/1155
f 1273/1898/1154 1274/1904/72 1252/1915/1134
f 1273/1898/1154 1264/1897/1146 1274/1904/72
f 1264/1897/1146 1247/1902/1129 1274/1904/72
f 1271/1895/1152 1272/1901/1153 1251/1912/1133
f 1271/1895/1152 1263/1894/1145 1272/1901/1153
f 1263/1894/1145 1246/1890/1128 1272/1901/1153
f 1269/1941/1150 1270/1900/1151 1250/1909/1132
f 1269/1941/1150 1261/1942/1143 1270/1900/1151
f 1261/1942/1143 1245/1887/1127 1270/1900/1151
f 1267/1889/65 1268/1943/1149 1249/1931/1131
f 1267/1889/65 1257/1888/1139 1268/1943/1149
f 1257/1944/1139 1244/1880/1126 1268/1899/1149
f 1265/1886/1147 1266/1936/1148 1253/1934/1135
f 1265/1886/1147 1258/1882/1140 1266/1936/1148
f 1258/1882/1140 1248/1945/1130 1266/1936/1148
f 1259/1946/1141 1264/1897/1146 1248/1896/1130
f 1259/1885/1141 1262/1884/1144 1264/1947/1146
f 1262/1948/1144 1247/1902/1129 1264/1897/1146
f 1262/1884/1144 1263/1949/1145 1247/1950/1129
f 1262/1884/1144 1260/1883/1142 1263/1949/1145
f 1260/1951/1142 1246/1890/1128 1263/1894/1145
f 1260/1883/1142 1261/1952/1143 1246/1953/1128
f 1260/1883/1142 1255/1879/1137 1261/1952/1143
f 1255/1954/1137 1245/1887/1127 1261/1942/1143
f 1258/1955/1140 1259/1885/1141 1248/1956/1130
f 1258/1955/1140 1256/1878/1138 1259/1885/1141
f 1256/1878/1138 1243/1877/1125 1259/1885/1141
f 1255/1954/1137 1257/1888/1139 1245/1887/1127
f 1255/1879/1137 1256/1878/1138 1257/1957/1139
f 1256/1878/1138 1244/1958/1126 1257/1957/1139
f 1285/1959/1165 1286/1960/1166 1288/1961/1168 1287/1962/1167
f 1287/1962/1167 1288/1961/1168 1290/1963/1170 1289/1964/1169
f 1289/1964/1169 1290/1963/1170 1292/1965/1172 1291/1966/1171
f 1291/1967/1171 1292/1968/1172 1294/1969/1174 1293/1970/1173
f 1293/1970/1173 1294/1969/1174 1296/1971/1176 1295/1972/1175
f 1295/1973/1175 1296/1974/1176 1298/1975/1178 1297/1976/1177
f 1297/1976/1177 1298/1975/1178 1300/1977/1180 1299/1978/1179
f 1299/1978/1179 1300/1977/1180 1302/1979/1182 1301/1980/1181
f 1288/1981/1168 1286/1982/1166 1304/1983/1184 1302/1984/1182 1300/1985/1180 1298/1986/1178 1296/1987/1176 1294/1988/1174 1292/1989/1172 1290/1990/1170
f 1301/1991/1181 1302/1992/1182 1304/1993/1184 1303/1994/1183
f 1303/1994/1183 1304/1993/1184 1286/1995/1166 1285/1996/1165
f 1285/1997/1165 1287/1998/1167 1289/1999/1169 1291/2000/1171 1293/2001/1173 1295/2002/1175 1297/2003/1177 1299/2004/1179 1301/2005/1181 1303/2006/1183
f 1305/2007/1185 1306/2008/1186 1308/2009/1188 1307/2010/1187
f 1307/2010/1187 1308/2009/1188 1310/2011/1190 1309/2012/1189
f 1309/2013/1189 1310/2014/1190 1312/2015/1192 1311/2016/1191
f 1311/2016/1191 1312/2015/1192 1314/2017/1194 1313/2018/1193
f 1313/2018/1193 1314/2017/1194 1316/2019/1196 1315/2020/1195
f 1315/2021/1195 1316/2022/1196 1318/2023/1198 1317/2024/1197
f 1317/2024/1197 1318/2023/1198 1320/2025/1200 1319/2026/1199
f 1319/2026/1199 1320/2025/1200 1322/2027/1202 1321/2028/1201
f 1321/2029/1201 1322/2030/1202 1324/2031/1204 1323/2032/1203
f 1323/2032/1203 1324/2031/1204 1326/2033/1206 1325/2034/1205
f 1308/2035/1188 1306/2036/1186 1328/2037/1208 1326/2038/1206 1324/2039/1204 1322/2040/1202 1320/2041/1200 1318/2042/1198 1316/2043/1196 1314/2044/1194 1312/2045/1192 1310/2046/1190
f 1325/2034/1205 1326/2033/1206 1328/2047/1208 1327/2048/1207
f 1327/2049/1207 1328/2050/1208 1306/2008/1186 1305/2007/1185
f 1305/2051/1185 1307/2052/1187 1309/2053/1189 1311/2054/1191 1313/2055/1193 1315/2056/1195 1317/2057/1197 1319/2058/1199 1321/2059/1201 1323/2060/1203 1325/2061/1205 1327/2062/1207
f 1329/2063/1209 1330/2064/1210 1332/2065/1212 1331/2066/1211
f 1331/2067/1211 1332/2068/1212 1334/2069/1214 1333/2070/1213
f 1333/2070/1213 1334/2069/1214 1336/2071/1216 1335/2072/1215
f 1335/2072/1215 1336/2071/1216 1338/2073/1218 1337/2074/1217
f 1337/2075/1217 1338/2076/1218 1340/2077/1220 1339/2078/1219
f 1339/2078/1219 1340/2077/1220 1342/2079/1222 1341/2080/1221
f 1341/2081/1221 1342/2082/1222 1344/2083/1224 1343/2084/1223
f 1343/2084/1223 1344/2083/1224 1346/2085/1226 1345/2086/1225
f 1332/2087/1212 1330/2088/1210 1348/2089/1228 1346/2090/1226 1344/2091/1224 1342/2092/1222 1340/2093/1220 1338/2094/1218 1336/2095/1216 1334/2096/1214
f 1345/2086/1225 1346/2085/1226 1348/2097/1228 1347/2098/1227
f 1347/2099/1227 1348/2100/1228 1330/2064/1210 1329/2063/1209
f 1329/2101/1209 1331/2102/1211 1333/2103/1213 1335/2104/1215 1337/2105/1217 1339/2106/1219 1341/2107/1221 1343/2108/1223 1345/2109/1225 1347/2110/1227
f 1349/2111/1229 1362/2112/1242 1361/2113/1241
f 1350/2114/1230 1362/2115/1242 1364/2116/1244
f 1349/2111/1229 1361/2113/1241 1366/2117/1246
f 1349/2111/1229 1366/2117/1246 1368/2118/1248
f 1349/2111/1229 1368/2118/1248 1365/2119/1245
f 1350/2114/1230 1364/2116/1244 1371/2120/1251
f 1351/2121/1231 1363/2122/1243 1373/2123/65
f 1352/2124/1232 1367/2125/1247 1375/2126/1254
f 1353/2127/1233 1369/2128/1249 1377/2129/1256
f 1354/2130/1234 1370/2131/1250 1379/2132/1258
f 1350/2114/1230 1371/2120/1251 1374/2133/1253
f 1351/2121/1231 1373/2123/65 1376/2134/1255
f 1352/2124/1232 1375/2126/1254 1378/2135/1257
f 1353/2136/1233 1377/2137/1256 1380/2138/72
f 1354/2139/1234 1379/2140/1258 1372/2141/1252
f 1355/2142/1235 1381/2143/1259 1386/2144/1264
f 1356/2145/1236 1382/2146/1260 1388/2147/1266
f 1357/2148/1237 1383/2149/1261 1389/2150/1267
f 1358/2151/1238 1384/2152/1262 1390/2153/1268
f 1359/2154/1239 1385/2155/1263 1387/2156/1265
f 1387/2157/1265 1390/2153/1268 1360/2158/1240
f 1387/2157/1265 1385/2159/1263 1390/2153/1268
f 1385/2159/1263 1358/2151/1238 1390/2153/1268
f 1390/2153/1268 1389/2160/1267 1360/2158/1240
f 1390/2153/1268 1384/2152/1262 1389/2160/1267
f 1384/2152/1262 1357/2161/1237 1389/2160/1267
f 1389/2160/1267 1388/2147/1266 1360/2158/1240
f 1389/2160/1267 1383/2162/1261 1388/2147/1266
f 1383/2149/1261 1356/2163/1236 1388/2164/1266
f 1388/2147/1266 1386/2144/1264 1360/2158/1240
f 1388/2147/1266 1382/2146/1260 1386/2144/1264
f 1382/2146/1260 1355/2142/1235 1386/2144/1264
f 1386/2144/1264 1387/2157/1265 1360/2158/1240
f 1386/2144/1264 1381/2143/1259 1387/2157/1265
f 1381/2165/1259 1359/2154/1239 1387/2156/1265
f 1372/2141/1252 1385/2155/1263 1359/2154/1239
f 1372/2141/1252 1379/2140/1258 1385/2155/1263
f 1379/2132/1258 1358/2166/1238 1385/2167/1263
f 1380/2138/72 1384/2168/1262 1358/2166/1238
f 1380/2138/72 1377/2137/1256 1384/2168/1262
f 1377/2129/1256 1357/2148/1237 1384/2169/1262
f 1378/2135/1257 1383/2149/1261 1357/2148/1237
f 1378/2135/1257 1375/2126/1254 1383/2149/1261
f 1375/2126/1254 1356/2163/1236 1383/2149/1261
f 1376/2134/1255 1382/2170/1260 1356/2171/1236
f 1376/2134/1255 1373/2123/65 1382/2170/1260
f 1373/2123/65 1355/2172/1235 1382/2170/1260
f 1374/2133/1253 1381/2165/1259 1355/2173/1235
f 1374/2133/1253 1371/2120/1251 1381/2165/1259
f 1371/2120/1251 1359/2154/1239 1381/2165/1259
f 1379/2132/1258 1380/2138/72 1358/2166/1238
f 1379/2132/1258 1370/2131/1250 1380/2138/72
f 1370/2131/1250 1353/2136/1233 1380/2138/72
f 1377/2129/1256 1378/2135/1257 1357/2148/1237
f 1377/2129/1256 1369/2128/1249 1378/2135/1257
f 1369/2128/1249 1352/2124/1232 1378/2135/1257
f 1375/2126/1254 1376/2174/1255 1356/2163/1236
f 1375/2126/1254 1367/2125/1247 1376/2174/1255
f 1367/2175/1247 1351/2121/1231 1376/2134/1255
f 1373/2123/65 1374/2176/1253 1355/2172/1235
f 1373/2123/65 1363/2122/1243 1374/2176/1253
f 1363/2177/1243 1350/2114/1230 1374/2133/1253
f 1371/2120/1251 1372/2141/1252 1359/2154/1239
f 1371/2120/1251 1364/2116/1244 1372/2141/1252
f 1364/2116/1244 1354/2139/1234 1372/2141/1252
f 1365/2119/1245 1370/2178/1250 1354/2179/1234
f 1365/2119/1245 1368/2118/1248 1370/2178/1250
f 1368/2118/1248 1353/2180/1233 1370/2178/1250
f 1368/2118/1248 1369/2181/1249 1353/2180/1233
f 1368/2118/1248 1366/2117/1246 1369/2181/1249
f 1366/2182/1246 1352/2124/1232 1369/2128/1249
f 1366/2182/1246 1367/2125/1247 1352/2124/1232
f 1366/2117/1246 1361/2113/1241 1367/2183/1247
f 1361/2113/1241 1351/2184/1231 1367/2183/1247
f 1364/2116/1244 1365/2185/1245 1354/2139/1234
f 1364/2186/1244 1362/2112/1242 1365/2119/1245
f 1362/2112/1242 1349/2111/1229 1365/2119/1245
f 1361/2113/1241 1363/2187/1243 1351/2184/1231
f 1361/2113/1241 1362/2112/1242 1363/2187/1243
f 1362/2112/1242 1350/2188/1230 1363/2187/1243
f 1391/2189/1125 1392/2190/1126 1393/2191/1269
f 1392/2190/1126 1391/2189/1125 1396/2192/1130
f 1391/2189/1125 1393/2191/1269 1394/2193/1128
f 1391/2189/1125 1394/2193/1128 1395/2194/1270
f 1391/2189/1125 1395/2194/1270 1396/2192/1130
f 1392/2195/1126 1396/2196/1130 1401/2197/1135
f 1393/2198/1269 1392/2199/1126 1397/2200/1271
f 1394/2201/1128 1393/2198/1269 1398/2202/1132
f 1395/2203/1270 1394/2204/1128 1399/2205/1133
f 1396/2206/1130 1395/2207/1270 1400/2208/1134
f 1392/2195/1126 1401/2197/1135 1397/2209/1271
f 1393/2198/1269 1397/2200/1271 1398/2202/1132
f 1394/2204/1128 1398/2210/1132 1399/2205/1133
f 1395/2207/1270 1399/2211/1133 1400/2208/1134
f 1396/2206/1130 1400/2208/1134 1401/2212/1135
f 1397/2213/1271 1401/2214/1135 1402/2215/1136
f 1398/2216/1132 1397/2213/1271 1402/2215/1136
f 1399/2217/1133 1398/2216/1132 1402/2215/1136
f 1400/2218/1134 1399/2217/1133 1402/2215/1136
f 1401/2214/1135 1400/2218/1134 1402/2215/1136
f 1403/2219/1125 1416/2220/1138 1415/2221/1137
f 1404/2222/1126 1416/2223/1138 1418/2224/1140
f 1403/2219/1125 1415/2221/1137 1420/2225/1142
f 1403/2219/1125 1420/2225/1142 1422/2226/1144
f 1403/2219/1125 1422/2226/1144 1419/2227/1141
f 1404/2222/1126 1418/2224/1140 1425/2228/1147
f 1405/2229/1127 1417/2230/1139 1427/2231/65
f 1406/2232/1128 1421/2233/1143 1429/2234/1150
f 1407/2235/1129 1423/2236/1145 1431/2237/1152
f 1408/2238/1130 1424/2239/1146 1433/2240/1154
f 1404/2222/1126 1425/2228/1147 1428/2241/1149
f 1405/2229/1127 1427/2231/65 1430/2242/1151
f 1406/2232/1128 1429/2234/1150 1432/2243/1153
f 1407/2244/1129 1431/2245/1152 1434/2246/72
f 1408/2238/1130 1433/2240/1154 1426/2247/1148
f 1409/2248/1131 1435/2249/1155 1440/2250/1160
f 1410/2251/1132 1436/2252/1156 1442/2253/1162
f 1411/2254/1133 1437/2255/1157 1443/2256/1163
f 1412/2257/1272 1438/2258/1158 1444/2259/1164
f 1413/2260/1135 1439/2261/1159 1441/2262/1161
f 1441/2262/1161 1444/2263/1164 1414/2264/1136
f 1441/2262/1161 1439/2261/1159 1444/2263/1164
f 1439/2265/1159 1412/2257/1272 1444/2259/1164
f 1444/2263/1164 1443/2266/1163 1414/2264/1136
f 1444/2263/1164 1438/2267/1158 1443/2266/1163
f 1438/2267/1158 1411/2268/1133 1443/2266/1163
f 1443/2266/1163 1442/2269/1162 1414/2264/1136
f 1443/2266/1163 1437/2270/1157 1442/2269/1162
f 1437/2270/1157 1410/2271/1132 1442/2269/1162
f 1442/2269/1162 1440/2250/1160 1414/2264/1136
f 1442/2269/1162 1436/2272/1156 1440/2250/1160
f 1436/2252/1156 1409/2273/1131 1440/2274/1160
f 1440/2250/1160 1441/2262/1161 1414/2264/1136
f 1440/2250/1160 1435/2249/1155 1441/2262/1161
f 1435/2275/1155 1413/2276/1135 1441/2277/1161
f 1426/2278/1148 1439/2279/1159 1413/2276/1135
f 1426/2247/1148 1433/2240/1154 1439/2265/1159
f 1433/2240/1154 1412/2257/1272 1439/2265/1159
f 1434/2246/72 1438/2258/1158 1412/2257/1272
f 1434/2246/72 1431/2245/1152 1438/2258/1158
f 1431/2237/1152 1411/2254/1133 1438/2280/1158
f 1432/2243/1153 1437/2255/1157 1411/2254/1133
f 1432/2243/1153 1429/2234/1150 1437/2255/1157
f 1429/2234/1150 1410/2281/1132 1437/2255/1157
f 1430/2242/1151 1436/2252/1156 1410/2251/1132
f 1430/2242/1151 1427/2231/65 1436/2252/1156
f 1427/2231/65 1409/2273/1131 1436/2252/1156
f 1428/2241/1149 1435/2275/1155 1409/2282/1131
f 1428/2241/1149 1425/2228/1147 1435/2275/1155
f 1425/2228/1147 1413/2276/1135 1435/2275/1155
f 1433/2240/1154 1434/2246/72 1412/2257/1272
f 1433/2240/1154 1424/2239/1146 1434/2246/72
f 1424/2239/1146 1407/2244/1129 1434/2246/72
f 1431/2237/1152 1432/2243/1153 1411/2254/1133
f 1431/2237/1152 1423/2236/1145 1432/2243/1153
f 1423/2236/1145 1406/2232/1128 1432/2243/1153
f 1429/2283/1150 1430/2242/1151 1410/2251/1132
f 1429/2283/1150 1421/2284/1143 1430/2242/1151
f 1421/2284/1143 1405/2229/1127 1430/2242/1151
f 1427/2231/65 1428/2285/1149 1409/2273/1131
f 1427/2231/65 1417/2230/1139 1428/2285/1149
f 1417/2286/1139 1404/2222/1126 1428/2241/1149
f 1425/2228/1147 1426/2278/1148 1413/2276/1135
f 1425/2228/1147 1418/2224/1140 1426/2278/1148
f 1418/2224/1140 1408/2287/1130 1426/2278/1148
f 1419/2288/1141 1424/2239/1146 1408/2238/1130
f 1419/2227/1141 1422/2226/1144 1424/2289/1146
f 1422/2290/1144 1407/2244/1129 1424/2239/1146
f 1422/2226/1144 1423/2291/1145 1407/2292/1129
f 1422/2226/1144 1420/2225/1142 1423/2291/1145
f 1420/2293/1142 1406/2232/1128 1423/2236/1145
f 1420/2225/1142 1421/2294/1143 1406/2295/1128
f 1420/2225/1142 1415/2221/1137 1421/2294/1143
f 1415/2296/1137 1405/2229/1127 1421/2284/1143
f 1418/2297/1140 1419/2227/1141 1408/2298/1130
f 1418/2297/1140 1416/2220/1138 1419/2227/1141
f 1416/2220/1138 1403/2219/1125 1419/2227/1141
f 1415/2296/1137 1417/2230/1139 1405/2229/1127
f 1415/2221/1137 1416/2220/1138 1417/2299/1139
f 1416/2220/1138 1404/2300/1126 1417/2299/1139
f 1445/2301/1273 1446/2302/1274 1448/2303/1276 1447/2304/1275
f 1447/2304/1275 1448/2303/1276 1450/2305/1278 1449/2306/1277
f 1449/2307/1277 1450/2308/1278 1452/2309/1280 1451/2310/1279
f 1451/2310/1279 1452/2309/1280 1454/2311/1282 1453/2312/1281
f 1453/2313/1281 1454/2314/1282 1456/2315/1284 1455/2316/1283
f 1455/2316/1283 1456/2315/1284 1458/2317/1286 1457/2318/1285
f 1457/2318/1285 1458/2317/1286 1460/2319/1288 1459/2320/1287
f 1459/2321/1287 1460/2322/1288 1462/2323/1290 1461/2324/1289
f 1448/2325/1276 1446/2326/1274 1464/2327/1292 1462/2328/1290 1460/2329/1288 1458/2330/1286 1456/2331/1284 1454/2332/1282 1452/2333/1280 1450/2334/1278
f 1461/2324/1289 1462/2323/1290 1464/2335/1292 1463/2336/1291
f 1463/2337/1291 1464/2338/1292 1446/2302/1274 1445/2301/1273
f 1445/2339/1273 1447/2340/1275 1449/2341/1277 1451/2342/1279 1453/2343/1281 1455/2344/1283 1457/2345/1285 1459/2346/1287 1461/2347/1289 1463/2348/1291
f 1465/2349/1185 1466/2350/1186 1468/2351/1188 1467/2352/1187
f 1467/2352/1187 1468/2351/1188 1470/2353/1190 1469/2354/1189
f 1469/2355/1189 1470/2356/1190 1472/2357/1192 1471/2358/1191
f 1471/2358/1191 1472/2357/1192 1474/2359/1194 1473/2360/1193
f 1473/2360/1193 1474/2359/1194 1476/2361/1196 1475/2362/1195
f 1475/2363/1195 1476/2364/1196 1478/2365/1198 1477/2366/1197
f 1477/2366/1197 1478/2365/1198 1480/2367/1200 1479/2368/1199
f 1479/2368/1199 1480/2367/1200 1482/2369/1202 1481/2370/1201
f 1481/2371/1201 1482/2372/1202 1484/2373/1204 1483/2374/1203
f 1483/2374/1203 1484/2373/1204 1486/2375/1206 1485/2376/1205
f 1468/2377/1188 1466/2378/1186 1488/2379/1208 1486/2380/1206 1484/2381/1204 1482/2382/1202 1480/2383/1200 1478/2384/1198 1476/2385/1196 1474/2386/1194 1472/2387/1192 1470/2388/1190
f 1485/2376/1205 1486/2375/1206 1488/2389/1208 1487/2390/1207
f 1487/2391/1207 1488/2392/1208 1466/2350/1186 1465/2349/1185
f 1465/2393/1185 1467/2394/1187 1469/2395/1189 1471/2396/1191 1473/2397/1193 1475/2398/1195 1477/2399/1197 1479/2400/1199 1481/2401/1201 1483/2402/1203 1485/2403/1205 1487/2404/1207
f 1489/2405/1293 1490/2406/1294 1492/2407/1296 1491/2408/1295
f 1491/2409/1295 1492/2410/1296 1494/2411/1298 1493/2412/1297
f 1493/2412/1297 1494/2411/1298 1496/2413/1300 1495/2414/1299
f 1495/2415/1299 1496/2416/1300 1498/2417/1302 1497/2418/1301
f 1497/2418/1301 1498/2417/1302 1500/2419/1304 1499/2420/1303
f 1499/2420/1303 1500/2419/1304 1502/2421/1306 1501/2422/1305
f 1501/2423/1305 1502/2424/1306 1504/2425/1308 1503/2426/1307
f 1503/2426/1307 1504/2425/1308 1506/2427/1310 1505/2428/1309
f 1492/2429/1296 1490/2430/1294 1508/2431/1312 1506/2432/1310 1504/2433/1308 1502/2434/1306 1500/2435/1304 1498/2436/1302 1496/2437/1300 1494/2438/1298
f 1505/2439/1309 1506/2440/1310 1508/2441/1312 1507/2442/1311
f 1507/2442/1311 1508/2441/1312 1490/2406/1294 1489/2405/1293
f 1489/2443/1293 1491/2444/1295 1493/2445/1297 1495/2446/1299 1497/2447/1301 1499/2448/1303 1501/2449/1305 1503/2450/1307 1505/2451/1309 1507/2452/1311
f 1509/2453/1229 1522/2454/1242 1521/2455/1241
f 1510/2456/1230 1522/2457/1242 1524/2458/1244
f 1509/2453/1229 1521/2455/1241 1526/2459/1246
f 1509/2453/1229 1526/2459/1246 1528/2460/1248
f 1509/2453/1229 1528/2460/1248 1525/2461/1245
f 1510/2456/1230 1524/2458/1244 1531/2462/1251
f 1511/2463/1231 1523/2464/1243 1533/2465/65
f 1512/2466/1232 1527/2467/1247 1535/2468/1254
f 1513/2469/1233 1529/2470/1249 1537/2471/1256
f 1514/2472/1234 1530/2473/1250 1539/2474/1258
f 1510/2456/1230 1531/2462/1251 1534/2475/1253
f 1511/2463/1231 1533/2465/65 1536/2476/1255
f 1512/2466/1232 1535/2468/1254 1538/2477/1257
f 1513/2478/1233 1537/2479/1256 1540/2480/72
f 1514/2481/1234 1539/2482/1258 1532/2483/1252
f 1515/2484/1235 1541/2485/1259 1546/2486/1264
f 1516/2487/1236 1542/2488/1260 1548/2489/1266
f 1517/2490/1237 1543/2491/1261 1549/2492/1267
f 1518/2493/1238 1544/2494/1262 1550/2495/1268
f 1519/2496/1239 1545/2497/1263 1547/2498/1265
f 1547/2499/1265 1550/2495/1268 1520/2500/1240
f 1547/2499/1265 1545/2501/1263 1550/2495/1268
f 1545/2501/1263 1518/2493/1238 1550/2495/1268
f 1550/2495/1268 1549/2502/1267 1520/2500/1240
f 1550/2495/1268 1544/2494/1262 1549/2502/1267
f 1544/2494/1262 1517/2503/1237 1549/2502/1267
f 1549/2502/1267 1548/2489/1266 1520/2500/1240
f 1549/2502/1267 1543/2504/1261 1548/2489/1266
f 1543/2491/1261 1516/2505/1236 1548/2506/1266
f 1548/2489/1266 1546/2486/1264 1520/2500/1240
f 1548/2489/1266 1542/2488/1260 1546/2486/1264
f 1542/2488/1260 1515/2484/1235 1546/2486/1264
f 1546/2486/1264 1547/2499/1265 1520/2500/1240
f 1546/2486/1264 1541/2485/1259 1547/2499/1265
f 1541/2507/1259 1519/2496/1239 1547/2498/1265
f 1532/2483/1252 1545/2497/1263 1519/2496/1239
f 1532/2483/1252 1539/2482/1258 1545/2497/1263
f 1539/2474/1258 1518/2508/1238 1545/2509/1263
f 1540/2480/72 1544/2510/1262 1518/2508/1238
f 1540/2480/72 1537/2479/1256 1544/2510/1262
f 1537/2471/1256 1517/2490/1237 1544/2511/1262
f 1538/2477/1257 1543/2491/1261 1517/2490/1237
f 1538/2477/1257 1535/2468/1254 1543/2491/1261
f 1535/2468/1254 1516/2505/1236 1543/2491/1261
f 1536/2476/1255 1542/2512/1260 1516/2513/1236
f 1536/2476/1255 1533/2465/65 1542/2512/1260
f 1533/2465/65 1515/2514/1235 1542/2512/1260
f 1534/2475/1253 1541/2507/1259 1515/2515/1235
f 1534/2475/1253 1531/2462/1251 1541/2507/1259
f 1531/2462/1251 1519/2496/1239 1541/2507/1259
f 1539/2474/1258 1540/2480/72 1518/2508/1238
f 1539/2474/1258 1530/2473/1250 1540/2480/72
f 1530/2473/1250 1513/2478/1233 1540/2480/72
f 1537/2471/1256 1538/2477/1257 1517/2490/1237
f 1537/2471/1256 1529/2470/1249 1538/2477/1257
f 1529/2470/1249 1512/2466/1232 1538/2477/1257
f 1535/2468/1254 1536/2516/1255 1516/2505/1236
f 1535/2468/1254 1527/2467/1247 1536/2516/1255
f 1527/2517/1247 1511/2463/1231 1536/2476/1255
f 1533/2465/65 1534/2518/1253 1515/2514/1235
f 1533/2465/65 1523/2464/1243 1534/2518/1253
f 1523/2519/1243 1510/2456/1230 1534/2475/1253
f 1531/2462/1251 1532/2483/1252 1519/2496/1239
f 1531/2462/1251 1524/2458/1244 1532/2483/1252
f 1524/2458/1244 1514/2481/1234 1532/2483/1252
f 1525/2461/1245 1530/2520/1250 1514/2521/1234
f 1525/2461/1245 1528/2460/1248 1530/2520/1250
f 1528/2460/1248 1513/2522/1233 1530/2520/1250
f 1528/2460/1248 1529/2523/1249 1513/2522/1233
f 1528/2460/1248 1526/2459/1246 1529/2523/1249
f 1526/2524/1246 1512/2466/1232 1529/2470/1249
f 1526/2524/1246 1527/2467/1247 1512/2466/1232
f 1526/2459/1246 1521/2455/1241 1527/2525/1247
f 1521/2455/1241 1511/2526/1231 1527/2525/1247
f 1524/2458/1244 1525/2527/1245 1514/2481/1234
f 1524/2528/1244 1522/2454/1242 1525/2461/1245
f 1522/2454/1242 1509/2453/1229 1525/2461/1245
f 1521/2455/1241 1523/2529/1243 1511/2526/1231
f 1521/2455/1241 1522/2454/1242 1523/2529/1243
f 1522/2454/1242 1510/2530/1230 1523/2529/1243
f 1551/2531/1125 1552/2532/1126 1553/2533/1269
f 1552/2532/1126 1551/2531/1125 1556/2534/1130
f 1551/2531/1125 1553/2533/1269 1554/2535/1128
f 1551/2531/1125 1554/2535/1128 1555/2536/1270
f 1551/2531/1125 1555/2536/1270 1556/2534/1130
f 1552/2537/1126 1556/2538/1130 1561/2539/1135
f 1553/2540/1269 1552/2541/1126 1557/2542/1271
f 1554/2543/1128 1553/2540/1269 1558/2544/1132
f 1555/2545/1270 1554/2546/1128 1559/2547/1133
f 1556/2548/1130 1555/2549/1270 1560/2550/1134
f 1552/2537/1126 1561/2539/1135 1557/2551/1271
f 1553/2540/1269 1557/2542/1271 1558/2544/1132
f 1554/2546/1128 1558/2552/1132 1559/2547/1133
f 1555/2549/1270 1559/2553/1133 1560/2550/1134
f 1556/2548/1130 1560/2550/1134 1561/2554/1135
f 1557/2555/1271 1561/2556/1135 1562/2557/1136
f 1558/2558/1132 1557/2555/1271 1562/2557/1136
f 1559/2559/1133 1558/2558/1132 1562/2557/1136
f 1560/2560/1134 1559/2559/1133 1562/2557/1136
f 1561/2556/1135 1560/2560/1134 1562/2557/1136
f 1563/2561/1185 1564/2562/1186 1566/2563/1188 1565/2564/1187
f 1565/2564/1187 1566/2563/1188 1568/2565/1190 1567/2566/1189
f 1567/2567/1189 1568/2568/1190 1570/2569/1192 1569/2570/1191
f 1569/2570/1191 1570/2569/1192 1572/2571/1194 1571/2572/1193
f 1571/2572/1193 1572/2571/1194 1574/2573/1196 1573/2574/1195
f 1573/2575/1195 1574/2576/1196 1576/2577/1198 1575/2578/1197
f 1575/2578/1197 1576/2577/1198 1578/2579/1200 1577/2580/1199
f 1577/2580/1199 1578/2579/1200 1580/2581/1202 1579/2582/1201
f 1579/2583/1201 1580/2584/1202 1582/2585/1204 1581/2586/1203
f 1581/2586/1203 1582/2585/1204 1584/2587/1206 1583/2588/1205
f 1566/2589/1188 1564/2590/1186 1586/2591/1208 1584/2592/1206 1582/2593/1204 1580/2594/1202 1578/2595/1200 1576/2596/1198 1574/2597/1196 1572/2598/1194 1570/2599/1192 1568/2600/1190
f 1583/2588/1205 1584/2587/1206 1586/2601/1208 1585/2602/1207
f 1585/2603/1207 1586/2604/1208 1564/2562/1186 1563/2561/1185
f 1563/2605/1185 1565/2606/1187 1567/2607/1189 1569/2608/1191 1571/2609/1193 1573/2610/1195 1575/2611/1197 1577/2612/1199 1579/2613/1201 1581/2614/1203 1583/2615/1205 1585/2616/1207
f 1587/2617/1125 1606/2618/1330 1605/2619/1329
f 1588/2620/1313 1612/2621/1336 1626/2622/1350
f 1587/2617/1125 1605/2619/1329 1640/2623/1364
f 1587/2617/1125 1640/2623/1364 1654/2624/1378
f 1587/2617/1125 1654/2624/1378 1627/2625/1351
f 1588/2620/1313 1626/2622/1350 1675/2626/1399
f 1589/2627/1314 1619/2628/1343 1689/2629/1412
f 1590/2630/1315 1647/2631/1371 1703/2632/1426
f 1591/2633/1316 1661/2634/1385 1717/2635/1440
f 1592/2636/1317 1668/2637/1392 1731/2638/1454
f 1588/2620/1313 1675/2626/1399 1690/2639/1413
f 1589/2627/1314 1689/2629/1412 1704/2640/1427
f 1590/2630/1315 1703/2632/1426 1718/2641/1441
f 1591/2633/1316 1717/2635/1440 1732/2642/1455
f 1592/2636/1317 1731/2638/1454 1676/2643/1400
f 1593/2644/1318 1745/2645/1467 1780/2646/1502
f 1594/2647/1319 1752/2648/1474 1794/2649/1516
f 1595/2650/1320 1759/2651/1481 1801/2652/1523
f 1596/2653/1321 1766/2654/1488 1808/2655/1530
f 1597/2656/1322 1773/2657/1495 1781/2658/1503
f 1787/2659/1509 1802/2660/1524 1598/2661/1136
f 1786/2662/1508 1809/2663/1531 1787/2659/1509
f 1785/2664/1507 1810/2665/1532 1786/2662/1508
f 1784/2666/1506 1812/2667/1534 1785/2664/1507
f 1783/2668/1505 1815/2669/1537 1784/2666/1506
f 1782/2670/1504 1819/2671/1541 1783/2672/1505
f 1781/2658/1503 1824/2673/1546 1782/2670/1504
f 1787/2659/1509 1809/2663/1531 1802/2660/1524
f 1809/2663/1531 1803/2674/1525 1802/2660/1524
f 1786/2662/1508 1810/2665/1532 1809/2663/1531
f 1810/2665/1532 1811/2675/1533 1809/2663/1531
f 1809/2663/1531 1811/2675/1533 1803/2674/1525
f 1811/2675/1533 1804/2676/1526 1803/2674/1525
f 1785/2664/1507 1812/2667/1534 1810/2665/1532
f 1812/2667/1534 1813/2677/1535 1810/2665/1532
f 1810/2665/1532 1813/2677/1535 1811/2675/1533
f 1813/2677/1535 1814/2678/1536 1811/2675/1533
f 1811/2675/1533 1814/2678/1536 1804/2676/1526
f 1814/2678/1536 1805/2679/1527 1804/2676/1526
f 1784/2666/1506 1815/2669/1537 1812/2667/1534
f 1815/2669/1537 1816/2680/1538 1812/2667/1534
f 1812/2667/1534 1816/2680/1538 1813/2677/1535
f 1816/2680/1538 1817/2681/1539 1813/2677/1535
f 1813/2677/1535 1817/2681/1539 1814/2678/1536
f 1817/2681/1539 1818/2682/1540 1814/2678/1536
f 1814/2678/1536 1818/2682/1540 1805/2679/1527
f 1818/2682/1540 1806/2683/1528 1805/2679/1527
f 1783/2668/1505 1819/2684/1541 1815/2669/1537
f 1819/2684/1541 1820/2685/1542 1815/2669/1537
f 1815/2669/1537 1820/2685/1542 1816/2680/1538
f 1820/2685/1542 1821/2686/1543 1816/2680/1538
f 1816/2680/1538 1821/2686/1543 1817/2681/1539
f 1821/2686/1543 1822/2687/1544 1817/2681/1539
f 1817/2681/1539 1822/2687/1544 1818/2682/1540
f 1822/2688/1544 1823/2689/1545 1818/2690/1540
f 1818/2690/1540 1823/2689/1545 1806/2691/1528
f 1823/2689/1545 1807/2692/1529 1806/2691/1528
f 1782/2670/1504 1824/2673/1546 1819/2671/1541
f 1824/2673/1546 1825/2693/1547 1819/2671/1541
f 1819/2671/1541 1825/2693/1547 1820/2694/1542
f 1825/2693/1547 1826/2695/1548 1820/2694/1542
f 1820/2685/1542 1826/2696/1548 1821/2686/1543
f 1826/2697/1548 1827/2698/1549 1821/2699/1543
f 1821/2699/1543 1827/2698/1549 1822/2688/1544
f 1827/2698/1549 1828/2700/1550 1822/2688/1544
f 1822/2688/1544 1828/2700/1550 1823/2689/1545
f 1828/2700/1550 1829/2701/1551 1823/2689/1545
f 1823/2689/1545 1829/2701/1551 1807/2692/1529
f 1829/2701/1551 1808/2655/1530 1807/2692/1529
f 1781/2658/1503 1773/2657/1495 1824/2673/1546
f 1773/2657/1495 1772/2702/1494 1824/2673/1546
f 1824/2673/1546 1772/2702/1494 1825/2693/1547
f 1772/2702/1494 1771/2703/1493 1825/2693/1547
f 1825/2693/1547 1771/2703/1493 1826/2695/1548
f 1771/2704/1493 1770/2705/1492 1826/2697/1548
f 1826/2697/1548 1770/2705/1492 1827/2698/1549
f 1770/2705/1492 1769/2706/1491 1827/2698/1549
f 1827/2698/1549 1769/2706/1491 1828/2700/1550
f 1769/2706/1491 1768/2707/1490 1828/2700/1550
f 1828/2700/1550 1768/2707/1490 1829/2701/1551
f 1768/2707/1490 1767/2708/1489 1829/2701/1551
f 1829/2701/1551 1767/2708/1489 1808/2655/1530
f 1767/2708/1489 1596/2653/1321 1808/2655/1530
f 1802/2660/1524 1795/2709/1517 1598/2661/1136
f 1803/2674/1525 1830/2710/1552 1802/2660/1524
f 1804/2676/1526 1831/2711/1553 1803/2674/1525
f 1805/2679/1527 1833/2712/1555 1804/2676/1526
f 1806/2683/1528 1836/2713/1558 1805/2679/1527
f 1807/2692/1529 1840/2714/1562 1806/2691/1528
f 1808/2655/1530 1845/2715/1567 1807/2692/1529
f 1802/2660/1524 1830/2710/1552 1795/2709/1517
f 1830/2710/1552 1796/2716/1518 1795/2709/1517
f 1803/2674/1525 1831/2711/1553 1830/2710/1552
f 1831/2711/1553 1832/2717/1554 1830/2710/1552
f 1830/2710/1552 1832/2717/1554 1796/2716/1518
f 1832/2717/1554 1797/2718/1519 1796/2716/1518
f 1804/2676/1526 1833/2712/1555 1831/2711/1553
f 1833/2712/1555 1834/2719/1556 1831/2711/1553
f 1831/2711/1553 1834/2719/1556 1832/2717/1554
f 1834/2719/1556 1835/2720/1557 1832/2717/1554
f 1832/2717/1554 1835/2720/1557 1797/2718/1519
f 1835/2720/1557 1798/2721/1520 1797/2718/1519
f 1805/2679/1527 1836/2713/1558 1833/2712/1555
f 1836/2713/1558 1837/2722/1559 1833/2712/1555
f 1833/2712/1555 1837/2722/1559 1834/2719/1556
f 1837/2722/1559 1838/2723/1560 1834/2719/1556
f 1834/2719/1556 1838/2723/1560 1835/2720/1557
f 1838/2723/1560 1839/2724/1561 1835/2720/1557
f 1835/2720/1557 1839/2724/1561 1798/2721/1520
f 1839/2724/1561 1799/2725/1521 1798/2721/1520
f 1806/2691/1528 1840/2714/1562 1836/2726/1558
f 1840/2714/1562 1841/2727/1563 1836/2726/1558
f 1836/2713/1558 1841/2728/1563 1837/2722/1559
f 1841/2728/1563 1842/2729/1564 1837/2722/1559
f 1837/2722/1559 1842/2729/1564 1838/2723/1560
f 1842/2729/1564 1843/2730/1565 1838/2723/1560
f 1838/2723/1560 1843/2730/1565 1839/2724/1561
f 1843/2730/1565 1844/2731/1566 1839/2724/1561
f 1839/2724/1561 1844/2731/1566 1799/2725/1521
f 1844/2732/1566 1800/2733/1522 1799/2734/1521
f 1807/2692/1529 1845/2715/1567 1840/2714/1562
f 1845/2715/1567 1846/2735/1568 1840/2714/1562
f 1840/2714/1562 1846/2735/1568 1841/2727/1563
f 1846/2735/1568 1847/2736/1569 1841/2727/1563
f 1841/2727/1563 1847/2736/1569 1842/2737/1564
f 1847/2736/1569 1848/2738/1570 1842/2737/1564
f 1842/2729/1564 1848/2739/1570 1843/2730/1565
f 1848/2739/1570 1849/2740/1571 1843/2730/1565
f 1843/2741/1565 1849/2742/1571 1844/2732/1566
f 1849/2742/1571 1850/2743/1572 1844/2732/1566
f 1844/2732/1566 1850/2743/1572 1800/2733/1522
f 1850/2743/1572 1801/2652/1523 1800/2733/1522
f 1808/2655/1530 1766/2654/1488 1845/2715/1567
f 1766/2654/1488 1765/2744/1487 1845/2715/1567
f 1845/2715/1567 1765/2744/1487 1846/2735/1568
f 1765/2744/1487 1764/2745/1486 1846/2735/1568
f 1846/2735/1568 1764/2745/1486 1847/2736/1569
f 1764/2745/1486 1763/2746/1485 1847/2736/1569
f 1847/2736/1569 1763/2746/1485 1848/2738/1570
f 1763/2746/1485 1762/2747/1484 1848/2738/1570
f 1848/2738/1570 1762/2747/1484 1849/2748/1571
f 1762/2749/1484 1761/2750/1483 1849/2742/1571
f 1849/2742/1571 1761/2750/1483 1850/2743/1572
f 1761/2750/1483 1760/2751/1482 1850/2743/1572
f 1850/2743/1572 1760/2751/1482 1801/2652/1523
f 1760/2751/1482 1595/2650/1320 1801/2652/1523
f 1795/2709/1517 1788/2752/1510 1598/2661/1136
f 1796/2716/1518 1851/2753/1573 1795/2709/1517
f 1797/2718/1519 1852/2754/1574 1796/2716/1518
f 1798/2721/1520 1854/2755/1576 1797/2718/1519
f 1799/2725/1521 1857/2756/1579 1798/2721/1520
f 1800/2733/1522 1861/2757/1583 1799/2734/1521
f 1801/2652/1523 1866/2758/1588 1800/2733/1522
f 1795/2709/1517 1851/2753/1573 1788/2752/1510
f 1851/2753/1573 1789/2759/1511 1788/2752/1510
f 1796/2716/1518 1852/2754/1574 1851/2753/1573
f 1852/2754/1574 1853/2760/1575 1851/2753/1573
f 1851/2753/1573 1853/2760/1575 1789/2759/1511
f 1853/2760/1575 1790/2761/1512 1789/2759/1511
f 1797/2718/1519 1854/2755/1576 1852/2754/1574
f 1854/2755/1576 1855/2762/1577 1852/2754/1574
f 1852/2754/1574 1855/2762/1577 1853/2760/1575
f 1855/2762/1577 1856/2763/1578 1853/2760/1575
f 1853/2760/1575 1856/2763/1578 1790/2761/1512
f 1856/2763/1578 1791/2764/1513 1790/2761/1512
f 1798/2721/1520 1857/2756/1579 1854/2755/1576
f 1857/2756/1579 1858/2765/1580 1854/2755/1576
f 1854/2755/1576 1858/2765/1580 1855/2762/1577
f 1858/2765/1580 1859/2766/1581 1855/2762/1577
f 1855/2762/1577 1859/2766/1581 1856/2763/1578
f 1859/2766/1581 1860/2767/1582 1856/2763/1578
f 1856/2763/1578 1860/2767/1582 1791/2764/1513
f 1860/2767/1582 1792/2768/1514 1791/2764/1513
f 1799/2725/1521 1861/2769/1583 1857/2756/1579
f 1861/2757/1583 1862/2770/1584 1857/2771/1579
f 1857/2756/1579 1862/2772/1584 1858/2765/1580
f 1862/2772/1584 1863/2773/1585 1858/2765/1580
f 1858/2765/1580 1863/2773/1585 1859/2766/1581
f 1863/2773/1585 1864/2774/1586 1859/2766/1581
f 1859/2766/1581 1864/2774/1586 1860/2767/1582
f 1864/2774/1586 1865/2775/1587 1860/2767/1582
f 1860/2767/1582 1865/2775/1587 1792/2768/1514
f 1865/2775/1587 1793/2776/1515 1792/2768/1514
f 1800/2733/1522 1866/2758/1588 1861/2757/1583
f 1866/2758/1588 1867/2777/1589 1861/2757/1583
f 1861/2757/1583 1867/2777/1589 1862/2770/1584
f 1867/2777/1589 1868/2778/1590 1862/2770/1584
f 1862/2770/1584 1868/2778/1590 1863/2779/1585
f 1868/2778/1590 1869/2780/1591 1863/2779/1585
f 1863/2779/1585 1869/2780/1591 1864/2781/1586
f 1869/2780/1591 1870/2782/1592 1864/2781/1586
f 1864/2781/1586 1870/2782/1592 1865/2783/1587
f 1870/2782/1592 1871/2784/1593 1865/2783/1587
f 1865/2775/1587 1871/2785/1593 1793/2776/1515
f 1871/2786/1593 1794/2649/1516 1793/2787/1515
f 1801/2652/1523 1759/2651/1481 1866/2758/1588
f 1759/2651/1481 1758/2788/1480 1866/2758/1588
f 1866/2758/1588 1758/2788/1480 1867/2777/1589
f 1758/2788/1480 1757/2789/1479 1867/2777/1589
f 1867/2777/1589 1757/2789/1479 1868/2778/1590
f 1757/2789/1479 1756/2790/1478 1868/2778/1590
f 1868/2778/1590 1756/2790/1478 1869/2780/1591
f 1756/2790/1478 1755/2791/1477 1869/2780/1591
f 1869/2780/1591 1755/2791/1477 1870/2782/1592
f 1755/2791/1477 1754/2792/1476 1870/2782/1592
f 1870/2782/1592 1754/2792/1476 1871/2784/1593
f 1754/2792/1476 1753/2793/1475 1871/2784/1593
f 1871/2786/1593 1753/2794/1475 1794/2649/1516
f 1753/2794/1475 1594/2647/1319 1794/2649/1516
f 1788/2752/1510 1774/2795/1496 1598/2661/1136
f 1789/2759/1511 1872/2796/1594 1788/2752/1510
f 1790/2761/1512 1873/2797/1595 1789/2759/1511
f 1791/2764/1513 1875/2798/1597 1790/2761/1512
f 1792/2768/1514 1878/2799/1600 1791/2764/1513
f 1793/2776/1515 1882/2800/1604 1792/2768/1514
f 1794/2649/1516 1887/2801/1609 1793/2787/1515
f 1788/2752/1510 1872/2796/1594 1774/2795/1496
f 1872/2796/1594 1775/2802/1497 1774/2795/1496
f 1789/2759/1511 1873/2797/1595 1872/2796/1594
f 1873/2797/1595 1874/2803/1596 1872/2796/1594
f 1872/2796/1594 1874/2803/1596 1775/2802/1497
f 1874/2803/1596 1776/2804/1498 1775/2802/1497
f 1790/2761/1512 1875/2798/1597 1873/2797/1595
f 1875/2798/1597 1876/2805/1598 1873/2797/1595
f 1873/2797/1595 1876/2805/1598 1874/2803/1596
f 1876/2805/1598 1877/2806/1599 1874/2803/1596
f 1874/2803/1596 1877/2806/1599 1776/2804/1498
f 1877/2806/1599 1777/2807/1499 1776/2804/1498
f 1791/2764/1513 1878/2799/1600 1875/2798/1597
f 1878/2799/1600 1879/2808/1601 1875/2798/1597
f 1875/2798/1597 1879/2808/1601 1876/2805/1598
f 1879/2808/1601 1880/2809/1602 1876/2805/1598
f 1876/2805/1598 1880/2809/1602 1877/2806/1599
f 1880/2809/1602 1881/2810/1603 1877/2806/1599
f 1877/2806/1599 1881/2810/1603 1777/2807/1499
f 1881/2810/1603 1778/2811/1500 1777/2807/1499
f 1792/2768/1514 1882/2800/1604 1878/2799/1600
f 1882/2800/1604 1883/2812/1605 1878/2799/1600
f 1878/2799/1600 1883/2812/1605 1879/2808/1601
f 1883/2812/1605 1884/2813/1606 1879/2808/1601
f 1879/2808/1601 1884/2813/1606 1880/2809/1602
f 1884/2813/1606 1885/2814/1607 1880/2809/1602
f 1880/2809/1602 1885/2814/1607 1881/2810/1603
f 1885/2815/1607 1886/2816/1608 1881/2817/1603
f 1881/2810/1603 1886/2818/1608 1778/2811/1500
f 1886/2816/1608 1779/2819/1501 1778/2820/1500
f 1793/2787/1515 1887/2801/1609 1882/2821/1604
f 1887/2801/1609 1888/2822/1610 1882/2821/1604
f 1882/2821/1604 1888/2822/1610 1883/2823/1605
f 1888/2822/1610 1889/2824/1611 1883/2823/1605
f 1883/2823/1605 1889/2824/1611 1884/2825/1606
f 1889/2824/1611 1890/2826/1612 1884/2825/1606
f 1884/2825/1606 1890/2826/1612 1885/2815/1607
f 1890/2826/1612 1891/2827/1613 1885/2815/1607
f 1885/2815/1607 1891/2827/1613 1886/2816/1608
f 1891/2827/1613 1892/2828/1614 1886/2816/1608
f 1886/2816/1608 1892/2828/1614 1779/2819/1501
f 1892/2828/1614 1780/2646/1502 1779/2819/1501
f 1794/2649/1516 1752/2648/1474 1887/2801/1609
f 1752/2648/1474 1751/2829/1473 1887/2801/1609
f 1887/2801/1609 1751/2829/1473 1888/2822/1610
f 1751/2829/1473 1750/2830/1472 1888/2822/1610
f 1888/2822/1610 1750/2830/1472 1889/2824/1611
f 1750/2830/1472 1749/2831/1471 1889/2824/1611
f 1889/2824/1611 1749/2831/1471 1890/2826/1612
f 1749/2831/1471 1748/2832/1470 1890/2826/1612
f 1890/2826/1612 1748/2832/1470 1891/2827/1613
f 1748/2832/1470 1747/2833/1469 1891/2827/1613
f 1891/2827/1613 1747/2833/1469 1892/2828/1614
f 1747/2833/1469 1746/2834/1468 1892/2828/1614
f 1892/2828/1614 1746/2834/1468 1780/2646/1502
f 1746/2834/1468 1593/2644/1318 1780/2646/1502
f 1774/2795/1496 1787/2659/1509 1598/2661/1136
f 1775/2802/1497 1893/2835/1615 1774/2795/1496
f 1776/2804/1498 1894/2836/1616 1775/2802/1497
f 1777/2807/1499 1896/2837/1618 1776/2804/1498
f 1778/2811/1500 1899/2838/1621 1777/2807/1499
f 1779/2839/1501 1903/2840/1625 1778/2811/1500
f 1780/2646/1502 1908/2841/1630 1779/2819/1501
f 1774/2795/1496 1893/2835/1615 1787/2659/1509
f 1893/2835/1615 1786/2662/1508 1787/2659/1509
f 1775/2802/1497 1894/2836/1616 1893/2835/1615
f 1894/2836/1616 1895/2842/1617 1893/2835/1615
f 1893/2835/1615 1895/2842/1617 1786/2662/1508
f 1895/2842/1617 1785/2664/1507 1786/2662/1508
f 1776/2804/1498 1896/2837/1618 1894/2836/1616
f 1896/2837/1618 1897/2843/1619 1894/2836/1616
f 1894/2836/1616 1897/2843/1619 1895/2842/1617
f 1897/2843/1619 1898/2844/1620 1895/2842/1617
f 1895/2842/1617 1898/2844/1620 1785/2664/1507
f 1898/2844/1620 1784/2666/1506 1785/2664/1507
f 1777/2807/1499 1899/2838/1621 1896/2837/1618
f 1899/2838/1621 1900/2845/1622 1896/2837/1618
f 1896/2837/1618 1900/2845/1622 1897/2843/1619
f 1900/2845/1622 1901/2846/1623 1897/2843/1619
f 1897/2843/1619 1901/2846/1623 1898/2844/1620
f 1901/2846/1623 1902/2847/1624 1898/2844/1620
f 1898/2844/1620 1902/2847/1624 1784/2666/1506
f 1902/2847/1624 1783/2668/1505 1784/2666/1506
f 1778/2811/1500 1903/2840/1625 1899/2838/1621
f 1903/2840/1625 1904/2848/1626 1899/2838/1621
f 1899/2838/1621 1904/2848/1626 1900/2845/1622
f 1904/2848/1626 1905/2849/1627 1900/2845/1622
f 1900/2845/1622 1905/2849/1627 1901/2846/1623
f 1905/2849/1627 1906/2850/1628 1901/2846/1623
f 1901/2846/1623 1906/2850/1628 1902/2847/1624
f 1906/2851/1628 1907/2852/1629 1902/2853/1624
f 1902/2853/1624 1907/2852/1629 1783/2672/1505
f 1907/2852/1629 1782/2670/1504 1783/2672/1505
f 1779/2819/1501 1908/2841/1630 1903/2854/1625
f 1908/2841/1630 1909/2855/1631 1903/2854/1625
f 1903/2840/1625 1909/2856/1631 1904/2848/1626
f 1909/2857/1631 1910/2858/1632 1904/2859/1626
f 1904/2859/1626 1910/2858/1632 1905/2860/1627
f 1910/2858/1632 1911/2861/1633 1905/2860/1627
f 1905/2860/1627 1911/2861/1633 1906/2851/1628
f 1911/2861/1633 1912/2862/1634 1906/2851/1628
f 1906/2851/1628 1912/2862/1634 1907/2852/1629
f 1912/2862/1634 1913/2863/1635 1907/2852/1629
f 1907/2852/1629 1913/2863/1635 1782/2670/1504
f 1913/2863/1635 1781/2658/1503 1782/2670/1504
f 1780/2646/1502 1745/2645/1467 1908/2841/1630
f 1745/2645/1467 1744/2864/1466 1908/2841/1630
f 1908/2865/1630 1744/2866/1466 1909/2857/1631
f 1744/2866/1466 1743/2867/1465 1909/2857/1631
f 1909/2857/1631 1743/2867/1465 1910/2858/1632
f 1743/2867/1465 1742/2868/1464 1910/2858/1632
f 1910/2858/1632 1742/2868/1464 1911/2861/1633
f 1742/2868/1464 1741/2869/1463 1911/2861/1633
f 1911/2861/1633 1741/2869/1463 1912/2862/1634
f 1741/2869/1463 1740/2870/1462 1912/2862/1634
f 1912/2862/1634 1740/2870/1462 1913/2863/1635
f 1740/2870/1462 1739/2871/1461 1913/2863/1635
f 1913/2863/1635 1739/2871/1461 1781/2658/1503
f 1739/2871/1461 1597/2656/1322 1781/2658/1503
f 1682/2872/1406 1773/2657/1495 1597/2656/1322
f 1681/2873/1405 1914/2874/1636 1682/2872/1406
f 1680/2875/1404 1915/2876/1637 1681/2873/1405
f 1679/2877/1403 1917/2878/1639 1680/2875/1404
f 1678/2879/1402 1920/2880/1642 1679/2877/1403
f 1677/2881/1401 1924/2882/1646 1678/2879/1402
f 1676/2643/1400 1929/2883/1651 1677/2884/1401
f 1682/2872/1406 1914/2874/1636 1773/2657/1495
f 1914/2874/1636 1772/2702/1494 1773/2657/1495
f 1681/2873/1405 1915/2876/1637 1914/2874/1636
f 1915/2876/1637 1916/2885/1638 1914/2874/1636
f 1914/2874/1636 1916/2885/1638 1772/2702/1494
f 1916/2885/1638 1771/2703/1493 1772/2702/1494
f 1680/2875/1404 1917/2878/1639 1915/2876/1637
f 1917/2878/1639 1918/2886/1640 1915/2876/1637
f 1915/2876/1637 1918/2886/1640 1916/2885/1638
f 1918/2886/1640 1919/2887/1641 1916/2885/1638
f 1916/2885/1638 1919/2887/1641 1771/2703/1493
f 1919/2888/1641 1770/2705/1492 1771/2704/1493
f 1679/2877/1403 1920/2880/1642 1917/2878/1639
f 1920/2880/1642 1921/2889/1643 1917/2878/1639
f 1917/2878/1639 1921/2889/1643 1918/2886/1640
f 1921/2890/1643 1922/2891/1644 1918/2892/1640
f 1918/2892/1640 1922/2891/1644 1919/2888/1641
f 1922/2891/1644 1923/2893/1645 1919/2888/1641
f 1919/2888/1641 1923/2893/1645 1770/2705/1492
f 1923/2893/1645 1769/2706/1491 1770/2705/1492
f 1678/2879/1402 1924/2882/1646 1920/2880/1642
f 1924/2894/1646 1925/2895/1647 1920/2896/1642
f 1920/2896/1642 1925/2895/1647 1921/2890/1643
f 1925/2895/1647 1926/2897/1648 1921/2890/1643
f 1921/2890/1643 1926/2897/1648 1922/2891/1644
f 1926/2897/1648 1927/2898/1649 1922/2891/1644
f 1922/2891/1644 1927/2898/1649 1923/2893/1645
f 1927/2898/1649 1928/2899/1650 1923/2893/1645
f 1923/2893/1645 1928/2899/1650 1769/2706/1491
f 1928/2899/1650 1768/2707/1490 1769/2706/1491
f 1677/2884/1401 1929/2883/1651 1924/2894/1646
f 1929/2883/1651 1930/2900/1652 1924/2894/1646
f 1924/2894/1646 1930/2900/1652 1925/2895/1647
f 1930/2900/1652 1931/2901/1653 1925/2895/1647
f 1925/2895/1647 1931/2901/1653 1926/2897/1648
f 1931/2901/1653 1932/2902/1654 1926/2897/1648
f 1926/2897/1648 1932/2902/1654 1927/2898/1649
f 1932/2902/1654 1933/2903/1655 1927/2898/1649
f 1927/2898/1649 1933/2903/1655 1928/2899/1650
f 1933/2903/1655 1934/2904/1656 1928/2899/1650
f 1928/2899/1650 1934/2904/1656 1768/2707/1490
f 1934/2904/1656 1767/2708/1489 1768/2707/1490
f 1676/2643/1400 1731/2638/1454 1929/2883/1651
f 1731/2638/1454 1730/2905/1453 1929/2883/1651
f 1929/2883/1651 1730/2905/1453 1930/2900/1652
f 1730/2905/1453 1729/2906/1452 1930/2900/1652
f 1930/2900/1652 1729/2906/1452 1931/2901/1653
f 1729/2906/1452 1728/2907/1451 1931/2901/1653
f 1931/2901/1653 1728/2907/1451 1932/2902/1654
f 1728/2907/1451 1727/2908/1450 1932/2902/1654
f 1932/2902/1654 1727/2908/1450 1933/2903/1655
f 1727/2908/1450 1726/2909/1449 1933/2903/1655
f 1933/2903/1655 1726/2909/1449 1934/2904/1656
f 1726/2909/1449 1725/2910/1448 1934/2904/1656
f 1934/2904/1656 1725/2910/1448 1767/2708/1489
f 1725/2910/1448 1596/2653/1321 1767/2708/1489
f 1738/2911/1460 1766/2654/1488 1596/2653/1321
f 1737/2912/1459 1935/2913/1657 1738/2911/1460
f 1736/2914/1458 1936/2915/1658 1737/2912/1459
f 1735/2916/72 1938/2917/1660 1736/2914/1458
f 1734/2918/1457 1941/2919/1663 1735/2916/72
f 1733/2920/1456 1945/2921/1667 1734/2918/1457
f 1732/2642/1455 1950/2922/1672 1733/2920/1456
f 1738/2911/1460 1935/2913/1657 1766/2654/1488
f 1935/2913/1657 1765/2744/1487 1766/2654/1488
f 1737/2912/1459 1936/2915/1658 1935/2913/1657
f 1936/2915/1658 1937/2923/1659 1935/2913/1657
f 1935/2913/1657 1937/2923/1659 1765/2744/1487
f 1937/2923/1659 1764/2745/1486 1765/2744/1487
f 1736/2914/1458 1938/2917/1660 1936/2915/1658
f 1938/2917/1660 1939/2924/1661 1936/2915/1658
f 1936/2915/1658 1939/2924/1661 1937/2923/1659
f 1939/2924/1661 1940/2925/1662 1937/2923/1659
f 1937/2923/1659 1940/2925/1662 1764/2745/1486
f 1940/2925/1662 1763/2746/1485 1764/2745/1486
f 1735/2916/72 1941/2919/1663 1938/2917/1660
f 1941/2919/1663 1942/2926/1664 1938/2917/1660
f 1938/2917/1660 1942/2926/1664 1939/2924/1661
f 1942/2926/1664 1943/2927/1665 1939/2924/1661
f 1939/2924/1661 1943/2927/1665 1940/2925/1662
f 1943/2927/1665 1944/2928/1666 1940/2925/1662
f 1940/2925/1662 1944/2928/1666 1763/2746/1485
f 1944/2928/1666 1762/2747/1484 1763/2746/1485
f 1734/2918/1457 1945/2921/1667 1941/2919/1663
f 1945/2921/1667 1946/2929/1668 1941/2919/1663
f 1941/2919/1663 1946/2929/1668 1942/2926/1664
f 1946/2929/1668 1947/2930/1669 1942/2926/1664
f 1942/2926/1664 1947/2930/1669 1943/2927/1665
f 1947/2930/1669 1948/2931/1670 1943/2927/1665
f 1943/2927/1665 1948/2931/1670 1944/2928/1666
f 1948/2931/1670 1949/2932/1671 1944/2928/1666
f 1944/2928/1666 1949/2932/1671 1762/2747/1484
f 1949/2933/1671 1761/2750/1483 1762/2749/1484
f 1733/2920/1456 1950/2922/1672 1945/2921/1667
f 1950/2922/1672 1951/2934/1673 1945/2921/1667
f 1945/2921/1667 1951/2934/1673 1946/2929/1668
f 1951/2934/1673 1952/2935/1674 1946/2929/1668
f 1946/2929/1668 1952/2935/1674 1947/2930/1669
f 1952/2935/1674 1953/2936/1675 1947/2930/1669
f 1947/2930/1669 1953/2936/1675 1948/2931/1670
f 1953/2937/1675 1954/2938/1676 1948/2939/1670
f 1948/2939/1670 1954/2938/1676 1949/2933/1671
f 1954/2938/1676 1955/2940/1677 1949/2933/1671
f 1949/2933/1671 1955/2940/1677 1761/2750/1483
f 1955/2940/1677 1760/2751/1482 1761/2750/1483
f 1732/2642/1455 1717/2635/1440 1950/2922/1672
f 1717/2635/1440 1716/2941/1439 1950/2922/1672
f 1950/2922/1672 1716/2941/1439 1951/2934/1673
f 1716/2941/1439 1715/2942/1438 1951/2934/1673
f 1951/2934/1673 1715/2942/1438 1952/2935/1674
f 1715/2943/1438 1714/2944/1437 1952/2945/1674
f 1952/2945/1674 1714/2944/1437 1953/2937/1675
f 1714/2944/1437 1713/2946/1436 1953/2937/1675
f 1953/2937/1675 1713/2946/1436 1954/2938/1676
f 1713/2946/1436 1712/2947/1435 1954/2938/1676
f 1954/2938/1676 1712/2947/1435 1955/2940/1677
f 1712/2947/1435 1711/2948/1434 1955/2940/1677
f 1955/2940/1677 1711/2948/1434 1760/2751/1482
f 1711/2948/1434 1595/2650/1320 1760/2751/1482
f 1724/2949/1447 1759/2651/1481 1595/2650/1320
f 1723/2950/1446 1956/2951/1678 1724/2949/1447
f 1722/2952/1445 1957/2953/1679 1723/2950/1446
f 1721/2954/1444 1959/2955/1681 1722/2952/1445
f 1720/2956/1443 1962/2957/1684 1721/2954/1444
f 1719/2958/1442 1966/2959/1688 1720/2956/1443
f 1718/2641/1441 1971/2960/1693 1719/2958/1442
f 1724/2949/1447 1956/2951/1678 1759/2651/1481
f 1956/2951/1678 1758/2788/1480 1759/2651/1481
f 1723/2950/1446 1957/2953/1679 1956/2951/1678
f 1957/2953/1679 1958/2961/1680 1956/2951/1678
f 1956/2951/1678 1958/2961/1680 1758/2788/1480
f 1958/2961/1680 1757/2789/1479 1758/2788/1480
f 1722/2952/1445 1959/2955/1681 1957/2953/1679
f 1959/2955/1681 1960/2962/1682 1957/2953/1679
f 1957/2953/1679 1960/2962/1682 1958/2961/1680
f 1960/2962/1682 1961/2963/1683 1958/2961/1680
f 1958/2961/1680 1961/2963/1683 1757/2789/1479
f 1961/2963/1683 1756/2790/1478 1757/2789/1479
f 1721/2954/1444 1962/2957/1684 1959/2955/1681
f 1962/2957/1684 1963/2964/1685 1959/2955/1681
f 1959/2955/1681 1963/2964/1685 1960/2962/1682
f 1963/2964/1685 1964/2965/1686 1960/2962/1682
f 1960/2962/1682 1964/2965/1686 1961/2963/1683
f 1964/2965/1686 1965/2966/1687 1961/2963/1683
f 1961/2963/1683 1965/2966/1687 1756/2790/1478
f 1965/2966/1687 1755/2791/1477 1756/2790/1478
f 1720/2956/1443 1966/2959/1688 1962/2957/1684
f 1966/2959/1688 1967/2967/1689 1962/2957/1684
f 1962/2957/1684 1967/2967/1689 1963/2964/1685
f 1967/2967/1689 1968/2968/1690 1963/2964/1685
f 1963/2964/1685 1968/2968/1690 1964/2965/1686
f 1968/2968/1690 1969/2969/1691 1964/2965/1686
f 1964/2965/1686 1969/2969/1691 1965/2966/1687
f 1969/2969/1691 1970/2970/1692 1965/2966/1687
f 1965/2966/1687 1970/2970/1692 1755/2791/1477
f 1970/2970/1692 1754/2792/1476 1755/2791/1477
f 1719/2958/1442 1971/2960/1693 1966/2959/1688
f 1971/2960/1693 1972/2971/1694 1966/2959/1688
f 1966/2959/1688 1972/2971/1694 1967/2967/1689
f 1972/2971/1694 1973/2972/1695 1967/2967/1689
f 1967/2967/1689 1973/2972/1695 1968/2968/1690
f 1973/2972/1695 1974/2973/1696 1968/2968/1690
f 1968/2968/1690 1974/2973/1696 1969/2969/1691
f 1974/2973/1696 1975/2974/1697 1969/2969/1691
f 1969/2969/1691 1975/2974/1697 1970/2970/1692
f 1975/2974/1697 1976/2975/1698 1970/2970/1692
f 1970/2970/1692 1976/2975/1698 1754/2792/1476
f 1976/2975/1698 1753/2793/1475 1754/2792/1476
f 1718/2641/1441 1703/2632/1426 1971/2960/1693
f 1703/2632/1426 1702/2976/1425 1971/2960/1693
f 1971/2960/1693 1702/2976/1425 1972/2971/1694
f 1702/2976/1425 1701/2977/1424 1972/2971/1694
f 1972/2971/1694 1701/2977/1424 1973/2972/1695
f 1701/2977/1424 1700/2978/1423 1973/2972/1695
f 1973/2972/1695 1700/2978/1423 1974/2973/1696
f 1700/2978/1423 1699/2979/1422 1974/2973/1696
f 1974/2973/1696 1699/2979/1422 1975/2974/1697
f 1699/2979/1422 1698/2980/1421 1975/2974/1697
f 1975/2974/1697 1698/2980/1421 1976/2975/1698
f 1698/2980/1421 1697/2981/1420 1976/2975/1698
f 1976/2975/1698 1697/2981/1420 1753/2793/1475
f 1697/2982/1420 1594/2647/1319 1753/2794/1475
f 1710/2983/1433 1752/2648/1474 1594/2647/1319
f 1709/2984/1432 1977/2985/1699 1710/2983/1433
f 1708/2986/1431 1978/2987/1700 1709/2984/1432
f 1707/2988/1430 1980/2989/1702 1708/2986/1431
f 1706/2990/1429 1983/2991/1705 1707/2988/1430
f 1705/2992/1428 1987/2993/1709 1706/2990/1429
f 1704/2640/1427 1992/2994/1714 1705/2992/1428
f 1710/2983/1433 1977/2985/1699 1752/2648/1474
f 1977/2985/1699 1751/2829/1473 1752/2648/1474
f 1709/2984/1432 1978/2987/1700 1977/2985/1699
f 1978/2987/1700 1979/2995/1701 1977/2985/1699
f 1977/2985/1699 1979/2995/1701 1751/2829/1473
f 1979/2995/1701 1750/2830/1472 1751/2829/1473
f 1708/2986/1431 1980/2989/1702 1978/2987/1700
f 1980/2989/1702 1981/2996/1703 1978/2987/1700
f 1978/2987/1700 1981/2996/1703 1979/2995/1701
f 1981/2996/1703 1982/2997/1704 1979/2995/1701
f 1979/2995/1701 1982/2997/1704 1750/2830/1472
f 1982/2997/1704 1749/2831/1471 1750/2830/1472
f 1707/2988/1430 1983/2991/1705 1980/2989/1702
f 1983/2991/1705 1984/2998/1706 1980/2989/1702
f 1980/2989/1702 1984/2998/1706 1981/2996/1703
f 1984/2998/1706 1985/2999/1707 1981/2996/1703
f 1981/2996/1703 1985/2999/1707 1982/2997/1704
f 1985/2999/1707 1986/3000/1708 1982/2997/1704
f 1982/2997/1704 1986/3000/1708 1749/2831/1471
f 1986/3000/1708 1748/2832/1470 1749/2831/1471
f 1706/2990/1429 1987/2993/1709 1983/2991/1705
f 1987/2993/1709 1988/3001/1710 1983/2991/1705
f 1983/2991/1705 1988/3001/1710 1984/2998/1706
f 1988/3001/1710 1989/3002/1711 1984/2998/1706
f 1984/2998/1706 1989/3002/1711 1985/2999/1707
f 1989/3002/1711 1990/3003/1712 1985/2999/1707
f 1985/2999/1707 1990/3003/1712 1986/3000/1708
f 1990/3003/1712 1991/3004/1713 1986/3000/1708
f 1986/3000/1708 1991/3004/1713 1748/2832/1470
f 1991/3004/1713 1747/2833/1469 1748/2832/1470
f 1705/2992/1428 1992/2994/1714 1987/2993/1709
f 1992/2994/1714 1993/3005/1715 1987/2993/1709
f 1987/2993/1709 1993/3005/1715 1988/3001/1710
f 1993/3005/1715 1994/3006/1716 1988/3001/1710
f 1988/3001/1710 1994/3006/1716 1989/3002/1711
f 1994/3006/1716 1995/3007/1717 1989/3002/1711
f 1989/3002/1711 1995/3007/1717 1990/3003/1712
f 1995/3007/1717 1996/3008/1718 1990/3003/1712
f 1990/3003/1712 1996/3008/1718 1991/3004/1713
f 1996/3008/1718 1997/3009/1719 1991/3004/1713
f 1991/3004/1713 1997/3009/1719 1747/2833/1469
f 1997/3009/1719 1746/2834/1468 1747/2833/1469
f 1704/2640/1427 1689/2629/1412 1992/2994/1714
f 1689/2629/1412 1688/3010/1411 1992/2994/1714
f 1992/2994/1714 1688/3010/1411 1993/3005/1715
f 1688/3010/1411 1687/3011/1410 1993/3005/1715
f 1993/3005/1715 1687/3011/1410 1994/3006/1716
f 1687/3011/1410 1686/3012/65 1994/3006/1716
f 1994/3006/1716 1686/3012/65 1995/3007/1717
f 1686/3012/65 1685/3013/1409 1995/3007/1717
f 1995/3007/1717 1685/3013/1409 1996/3008/1718
f 1685/3013/1409 1684/3014/1408 1996/3008/1718
f 1996/3008/1718 1684/3014/1408 1997/3009/1719
f 1684/3014/1408 1683/3015/1407 1997/3009/1719
f 1997/3009/1719 1683/3015/1407 1746/2834/1468
f 1683/3015/1407 1593/2644/1318 1746/2834/1468
f 1696/3016/1419 1745/2645/1467 1593/2644/1318
f 1695/3017/1418 1998/3018/1720 1696/3016/1419
f 1694/3019/1417 1999/3020/1721 1695/3021/1418
f 1693/3022/1416 2001/3023/1723 1694/3019/1417
f 1692/3024/1415 2004/3025/1726 1693/3022/1416
f 1691/3026/1414 2008/3027/1730 1692/3024/1415
f 1690/2639/1413 2013/3028/1735 1691/3026/1414
f 1696/3016/1419 1998/3018/1720 1745/2645/1467
f 1998/3018/1720 1744/2864/1466 1745/2645/1467
f 1695/3017/1418 1999/3029/1721 1998/3018/1720
f 1999/3020/1721 2000/3030/1722 1998/3031/1720
f 1998/3031/1720 2000/3030/1722 1744/2866/1466
f 2000/3030/1722 1743/2867/1465 1744/2866/1466
f 1694/3019/1417 2001/3023/1723 1999/3020/1721
f 2001/3023/1723 2002/3032/1724 1999/3020/1721
f 1999/3020/1721 2002/3032/1724 2000/3030/1722
f 2002/3032/1724 2003/3033/1725 2000/3030/1722
f 2000/3030/1722 2003/3033/1725 1743/2867/1465
f 2003/3033/1725 1742/2868/1464 1743/2867/1465
f 1693/3022/1416 2004/3025/1726 2001/3023/1723
f 2004/3025/1726 2005/3034/1727 2001/3023/1723
f 2001/3023/1723 2005/3034/1727 2002/3032/1724
f 2005/3034/1727 2006/3035/1728 2002/3032/1724
f 2002/3032/1724 2006/3035/1728 2003/3033/1725
f 2006/3035/1728 2007/3036/1729 2003/3033/1725
f 2003/3033/1725 2007/3036/1729 1742/2868/1464
f 2007/3036/1729 1741/2869/1463 1742/2868/1464
f 1692/3024/1415 2008/3027/1730 2004/3025/1726
f 2008/3027/1730 2009/3037/1731 2004/3025/1726
f 2004/3025/1726 2009/3037/1731 2005/3034/1727
f 2009/3037/1731 2010/3038/1732 2005/3034/1727
f 2005/3034/1727 2010/3038/1732 2006/3035/1728
f 2010/3038/1732 2011/3039/1733 2006/3035/1728
f 2006/3035/1728 2011/3039/1733 2007/3036/1729
f 2011/3039/1733 2012/3040/1734 2007/3036/1729
f 2007/3036/1729 2012/3040/1734 1741/2869/1463
f 2012/3040/1734 1740/2870/1462 1741/2869/1463
f 1691/3026/1414 2013/3028/1735 2008/3027/1730
f 2013/3028/1735 2014/3041/1736 2008/3027/1730
f 2008/3027/1730 2014/3041/1736 2009/3037/1731
f 2014/3041/1736 2015/3042/1737 2009/3037/1731
f 2009/3037/1731 2015/3042/1737 2010/3038/1732
f 2015/3042/1737 2016/3043/1738 2010/3038/1732
f 2010/3038/1732 2016/3043/1738 2011/3039/1733
f 2016/3043/1738 2017/3044/1739 2011/3039/1733
f 2011/3039/1733 2017/3044/1739 2012/3040/1734
f 2017/3044/1739 2018/3045/1740 2012/3040/1734
f 2012/3040/1734 2018/3045/1740 1740/2870/1462
f 2018/3045/1740 1739/2871/1461 1740/2870/1462
f 1690/2639/1413 1675/2626/1399 2013/3028/1735
f 1675/2626/1399 1674/3046/1398 2013/3028/1735
f 2013/3028/1735 1674/3046/1398 2014/3041/1736
f 1674/3046/1398 1673/3047/1397 2014/3041/1736
f 2014/3041/1736 1673/3047/1397 2015/3042/1737
f 1673/3047/1397 1672/3048/1396 2015/3042/1737
f 2015/3042/1737 1672/3048/1396 2016/3043/1738
f 1672/3048/1396 1671/3049/1395 2016/3043/1738
f 2016/3043/1738 1671/3049/1395 2017/3044/1739
f 1671/3049/1395 1670/3050/1394 2017/3044/1739
f 2017/3044/1739 1670/3050/1394 2018/3045/1740
f 1670/3050/1394 1669/3051/1393 2018/3045/1740
f 2018/3045/1740 1669/3051/1393 1739/2871/1461
f 1669/3051/1393 1597/2656/1322 1739/2871/1461
f 1725/2910/1448 1738/2911/1460 1596/2653/1321
f 1726/2909/1449 2019/3052/1741 1725/2910/1448
f 1727/2908/1450 2020/3053/1742 1726/2909/1449
f 1728/2907/1451 2022/3054/1744 1727/2908/1450
f 1729/2906/1452 2025/3055/1747 1728/2907/1451
f 1730/2905/1453 2029/3056/1751 1729/2906/1452
f 1731/2638/1454 2034/3057/1756 1730/2905/1453
f 1725/2910/1448 2019/3052/1741 1738/2911/1460
f 2019/3052/1741 1737/2912/1459 1738/2911/1460
f 1726/2909/1449 2020/3053/1742 2019/3052/1741
f 2020/3053/1742 2021/3058/1743 2019/3052/1741
f 2019/3052/1741 2021/3058/1743 1737/2912/1459
f 2021/3058/1743 1736/2914/1458 1737/2912/1459
f 1727/2908/1450 2022/3054/1744 2020/3053/1742
f 2022/3054/1744 2023/3059/1745 2020/3053/1742
f 2020/3053/1742 2023/3059/1745 2021/3058/1743
f 2023/3059/1745 2024/3060/1746 2021/3058/1743
f 2021/3058/1743 2024/3060/1746 1736/2914/1458
f 2024/3060/1746 1735/2916/72 1736/2914/1458
f 1728/2907/1451 2025/3055/1747 2022/3054/1744
f 2025/3055/1747 2026/3061/1748 2022/3054/1744
f 2022/3054/1744 2026/3061/1748 2023/3059/1745
f 2026/3061/1748 2027/3062/1749 2023/3059/1745
f 2023/3059/1745 2027/3062/1749 2024/3060/1746
f 2027/3062/1749 2028/3063/1750 2024/3060/1746
f 2024/3060/1746 2028/3063/1750 1735/2916/72
f 2028/3063/1750 1734/2918/1457 1735/2916/72
f 1729/2906/1452 2029/3056/1751 2025/3055/1747
f 2029/3056/1751 2030/3064/1752 2025/3055/1747
f 2025/3055/1747 2030/3064/1752 2026/3061/1748
f 2030/3064/1752 2031/3065/1753 2026/3061/1748
f 2026/3061/1748 2031/3065/1753 2027/3062/1749
f 2031/3065/1753 2032/3066/1754 2027/3062/1749
f 2027/3062/1749 2032/3066/1754 2028/3063/1750
f 2032/3066/1754 2033/3067/1755 2028/3063/1750
f 2028/3063/1750 2033/3067/1755 1734/2918/1457
f 2033/3067/1755 1733/2920/1456 1734/2918/1457
f 1730/2905/1453 2034/3057/1756 2029/3056/1751
f 2034/3057/1756 2035/3068/1757 2029/3056/1751
f 2029/3056/1751 2035/3068/1757 2030/3064/1752
f 2035/3068/1757 2036/3069/1758 2030/3064/1752
f 2030/3064/1752 2036/3069/1758 2031/3065/1753
f 2036/3069/1758 2037/3070/1759 2031/3065/1753
f 2031/3065/1753 2037/3070/1759 2032/3066/1754
f 2037/3070/1759 2038/3071/1760 2032/3066/1754
f 2032/3066/1754 2038/3071/1760 2033/3067/1755
f 2038/3071/1760 2039/3072/1761 2033/3067/1755
f 2033/3067/1755 2039/3072/1761 1733/2920/1456
f 2039/3072/1761 1732/2642/1455 1733/2920/1456
f 1731/2638/1454 1668/2637/1392 2034/3057/1756
f 1668/2637/1392 1667/3073/1391 2034/3057/1756
f 2034/3057/1756 1667/3073/1391 2035/3068/1757
f 1667/3073/1391 1666/3074/1390 2035/3068/1757
f 2035/3068/1757 1666/3074/1390 2036/3069/1758
f 1666/3074/1390 1665/3075/1389 2036/3069/1758
f 2036/3069/1758 1665/3075/1389 2037/3070/1759
f 1665/3075/1389 1664/3076/1388 2037/3070/1759
f 2037/3070/1759 1664/3076/1388 2038/3071/1760
f 1664/3076/1388 1663/3077/1387 2038/3071/1760
f 2038/3071/1760 1663/3077/1387 2039/3072/1761
f 1663/3077/1387 1662/3078/1386 2039/3072/1761
f 2039/3072/1761 1662/3078/1386 1732/2642/1455
f 1662/3078/1386 1591/2633/1316 1732/2642/1455
f 1711/2948/1434 1724/2949/1447 1595/2650/1320
f 1712/2947/1435 2040/3079/1762 1711/2948/1434
f 1713/2946/1436 2041/3080/1763 1712/2947/1435
f 1714/2944/1437 2043/3081/1765 1713/2946/1436
f 1715/2943/1438 2046/3082/1768 1714/2944/1437
f 1716/3083/1439 2050/3084/1772 1715/2943/1438
f 1717/2635/1440 2055/3085/1777 1716/2941/1439
f 1711/2948/1434 2040/3079/1762 1724/2949/1447
f 2040/3079/1762 1723/2950/1446 1724/2949/1447
f 1712/2947/1435 2041/3080/1763 2040/3079/1762
f 2041/3080/1763 2042/3086/1764 2040/3079/1762
f 2040/3079/1762 2042/3086/1764 1723/2950/1446
f 2042/3086/1764 1722/2952/1445 1723/2950/1446
f 1713/2946/1436 2043/3081/1765 2041/3080/1763
f 2043/3081/1765 2044/3087/1766 2041/3080/1763
f 2041/3080/1763 2044/3087/1766 2042/3086/1764
f 2044/3087/1766 2045/3088/1767 2042/3086/1764
f 2042/3086/1764 2045/3088/1767 1722/2952/1445
f 2045/3088/1767 1721/2954/1444 1722/2952/1445
f 1714/2944/1437 2046/3082/1768 2043/3081/1765
f 2046/3082/1768 2047/3089/1769 2043/3081/1765
f 2043/3081/1765 2047/3089/1769 2044/3087/1766
f 2047/3089/1769 2048/3090/1770 2044/3087/1766
f 2044/3087/1766 2048/3090/1770 2045/3088/1767
f 2048/3090/1770 2049/3091/1771 2045/3088/1767
f 2045/3088/1767 2049/3091/1771 1721/2954/1444
f 2049/3091/1771 1720/2956/1443 1721/2954/1444
f 1715/2943/1438 2050/3084/1772 2046/3082/1768
f 2050/3084/1772 2051/3092/1773 2046/3082/1768
f 2046/3082/1768 2051/3092/1773 2047/3089/1769
f 2051/3092/1773 2052/3093/1774 2047/3089/1769
f 2047/3089/1769 2052/3093/1774 2048/3090/1770
f 2052/3093/1774 2053/3094/1775 2048/3090/1770
f 2048/3090/1770 2053/3094/1775 2049/3091/1771
f 2053/3094/1775 2054/3095/1776 2049/3091/1771
f 2049/3091/1771 2054/3095/1776 1720/2956/1443
f 2054/3095/1776 1719/2958/1442 1720/2956/1443
f 1716/2941/1439 2055/3085/1777 2050/3096/1772
f 2055/3097/1777 2056/3098/1778 2050/3084/1772
f 2050/3084/1772 2056/3098/1778 2051/3092/1773
f 2056/3098/1778 2057/3099/1779 2051/3092/1773
f 2051/3092/1773 2057/3099/1779 2052/3093/1774
f 2057/3099/1779 2058/3100/1780 2052/3093/1774
f 2052/3093/1774 2058/3100/1780 2053/3094/1775
f 2058/3100/1780 2059/3101/1781 2053/3094/1775
f 2053/3094/1775 2059/3101/1781 2054/3095/1776
f 2059/3101/1781 2060/3102/1782 2054/3095/1776
f 2054/3095/1776 2060/3102/1782 1719/2958/1442
f 2060/3102/1782 1718/2641/1441 1719/2958/1442
f 1717/2635/1440 1661/2634/1385 2055/3085/1777
f 1661/2634/1385 1660/3103/1384 2055/3085/1777
f 2055/3097/1777 1660/3104/1384 2056/3098/1778
f 1660/3104/1384 1659/3105/1383 2056/3098/1778
f 2056/3098/1778 1659/3105/1383 2057/3099/1779
f 1659/3105/1383 1658/3106/1382 2057/3099/1779
f 2057/3099/1779 1658/3106/1382 2058/3100/1780
f 1658/3106/1382 1657/3107/1381 2058/3100/1780
f 2058/3100/1780 1657/3107/1381 2059/3101/1781
f 1657/3107/1381 1656/3108/1380 2059/3101/1781
f 2059/3101/1781 1656/3108/1380 2060/3102/1782
f 1656/3108/1380 1655/3109/1379 2060/3102/1782
f 2060/3102/1782 1655/3109/1379 1718/2641/1441
f 1655/3109/1379 1590/2630/1315 1718/2641/1441
f 1697/2982/1420 1710/2983/1433 1594/2647/1319
f 1698/3110/1421 2061/3111/1783 1697/2982/1420
f 1699/2979/1422 2062/3112/1784 1698/2980/1421
f 1700/2978/1423 2064/3113/1786 1699/2979/1422
f 1701/2977/1424 2067/3114/1789 1700/2978/1423
f 1702/2976/1425 2071/3115/1793 1701/2977/1424
f 1703/2632/1426 2076/3116/1798 1702/2976/1425
f 1697/2982/1420 2061/3111/1783 1710/2983/1433
f 2061/3111/1783 1709/2984/1432 1710/2983/1433
f 1698/3110/1421 2062/3117/1784 2061/3111/1783
f 2062/3117/1784 2063/3118/1785 2061/3111/1783
f 2061/3111/1783 2063/3118/1785 1709/2984/1432
f 2063/3118/1785 1708/2986/1431 1709/2984/1432
f 1699/2979/1422 2064/3113/1786 2062/3112/1784
f 2064/3119/1786 2065/3120/1787 2062/3117/1784
f 2062/3117/1784 2065/3120/1787 2063/3118/1785
f 2065/3120/1787 2066/3121/1788 2063/3118/1785
f 2063/3118/1785 2066/3121/1788 1708/2986/1431
f 2066/3121/1788 1707/2988/1430 1708/2986/1431
f 1700/2978/1423 2067/3114/1789 2064/3113/1786
f 2067/3114/1789 2068/3122/1790 2064/3113/1786
f 2064/3119/1786 2068/3123/1790 2065/3120/1787
f 2068/3123/1790 2069/3124/1791 2065/3120/1787
f 2065/3120/1787 2069/3124/1791 2066/3121/1788
f 2069/3124/1791 2070/3125/1792 2066/3121/1788
f 2066/3121/1788 2070/3125/1792 1707/2988/1430
f 2070/3125/1792 1706/2990/1429 1707/2988/1430
f 1701/2977/1424 2071/3115/1793 2067/3114/1789
f 2071/3115/1793 2072/3126/1794 2067/3114/1789
f 2067/3114/1789 2072/3126/1794 2068/3122/1790
f 2072/3127/1794 2073/3128/1795 2068/3123/1790
f 2068/3123/1790 2073/3128/1795 2069/3124/1791
f 2073/3128/1795 2074/3129/1796 2069/3124/1791
f 2069/3124/1791 2074/3129/1796 2070/3125/1792
f 2074/3129/1796 2075/3130/1797 2070/3125/1792
f 2070/3125/1792 2075/3130/1797 1706/2990/1429
f 2075/3130/1797 1705/2992/1428 1706/2990/1429
f 1702/2976/1425 2076/3116/1798 2071/3115/1793
f 2076/3116/1798 2077/3131/1799 2071/3115/1793
f 2071/3115/1793 2077/3131/1799 2072/3126/1794
f 2077/3131/1799 2078/3132/1800 2072/3126/1794
f 2072/3127/1794 2078/3133/1800 2073/3128/1795
f 2078/3133/1800 2079/3134/1801 2073/3128/1795
f 2073/3128/1795 2079/3134/1801 2074/3129/1796
f 2079/3134/1801 2080/3135/1802 2074/3129/1796
f 2074/3129/1796 2080/3135/1802 2075/3130/1797
f 2080/3135/1802 2081/3136/1803 2075/3130/1797
f 2075/3130/1797 2081/3136/1803 1705/2992/1428
f 2081/3136/1803 1704/2640/1427 1705/2992/1428
f 1703/2632/1426 1647/2631/1371 2076/3116/1798
f 1647/2631/1371 1646/3137/1370 2076/3116/1798
f 2076/3116/1798 1646/3137/1370 2077/3131/1799
f 1646/3137/1370 1645/3138/1369 2077/3131/1799
f 2077/3131/1799 1645/3138/1369 2078/3132/1800
f 1645/3139/1369 1644/3140/1368 2078/3133/1800
f 2078/3133/1800 1644/3140/1368 2079/3134/1801
f 1644/3140/1368 1643/3141/1367 2079/3134/1801
f 2079/3134/1801 1643/3141/1367 2080/3135/1802
f 1643/3141/1367 1642/3142/1366 2080/3135/1802
f 2080/3135/1802 1642/3142/1366 2081/3136/1803
f 1642/3142/1366 1641/3143/1365 2081/3136/1803
f 2081/3136/1803 1641/3143/1365 1704/2640/1427
f 1641/3143/1365 1589/2627/1314 1704/2640/1427
f 1683/3015/1407 1696/3016/1419 1593/2644/1318
f 1684/3014/1408 2082/3144/1804 1683/3015/1407
f 1685/3013/1409 2083/3145/1805 1684/3014/1408
f 1686/3012/65 2085/3146/1807 1685/3013/1409
f 1687/3011/1410 2088/3147/1810 1686/3012/65
f 1688/3010/1411 2092/3148/1814 1687/3011/1410
f 1689/2629/1412 2097/3149/1819 1688/3010/1411
f 1683/3015/1407 2082/3144/1804 1696/3016/1419
f 2082/3144/1804 1695/3017/1418 1696/3016/1419
f 1684/3014/1408 2083/3145/1805 2082/3144/1804
f 2083/3145/1805 2084/3150/1806 2082/3144/1804
f 2082/3144/1804 2084/3150/1806 1695/3017/1418
f 2084/3150/1806 1694/3151/1417 1695/3017/1418
f 1685/3013/1409 2085/3146/1807 2083/3145/1805
f 2085/3146/1807 2086/3152/1808 2083/3145/1805
f 2083/3145/1805 2086/3152/1808 2084/3150/1806
f 2086/3152/1808 2087/3153/1809 2084/3150/1806
f 2084/3150/1806 2087/3153/1809 1694/3151/1417
f 2087/3154/1809 1693/3022/1416 1694/3019/1417
f 1686/3012/65 2088/3147/1810 2085/3146/1807
f 2088/3147/1810 2089/3155/1811 2085/3146/1807
f 2085/3146/1807 2089/3155/1811 2086/3152/1808
f 2089/3155/1811 2090/3156/1812 2086/3152/1808
f 2086/3152/1808 2090/3156/1812 2087/3153/1809
f 2090/3156/1812 2091/3157/1813 2087/3153/1809
f 2087/3154/1809 2091/3158/1813 1693/3022/1416
f 2091/3158/1813 1692/3024/1415 1693/3022/1416
f 1687/3011/1410 2092/3148/1814 2088/3147/1810
f 2092/3148/1814 2093/3159/1815 2088/3147/1810
f 2088/3147/1810 2093/3159/1815 2089/3155/1811
f 2093/3159/1815 2094/3160/1816 2089/3155/1811
f 2089/3155/1811 2094/3160/1816 2090/3156/1812
f 2094/3160/1816 2095/3161/1817 2090/3156/1812
f 2090/3156/1812 2095/3161/1817 2091/3157/1813
f 2095/3162/1817 2096/3163/1818 2091/3158/1813
f 2091/3158/1813 2096/3163/1818 1692/3024/1415
f 2096/3163/1818 1691/3026/1414 1692/3024/1415
f 1688/3010/1411 2097/3149/1819 2092/3148/1814
f 2097/3149/1819 2098/3164/1820 2092/3148/1814
f 2092/3148/1814 2098/3164/1820 2093/3159/1815
f 2098/3164/1820 2099/3165/1821 2093/3159/1815
f 2093/3159/1815 2099/3165/1821 2094/3160/1816
f 2099/3165/1821 2100/3166/1822 2094/3160/1816
f 2094/3160/1816 2100/3166/1822 2095/3161/1817
f 2100/3166/1822 2101/3167/1823 2095/3161/1817
f 2095/3162/1817 2101/3168/1823 2096/3163/1818
f 2101/3168/1823 2102/3169/1824 2096/3163/1818
f 2096/3163/1818 2102/3169/1824 1691/3026/1414
f 2102/3169/1824 1690/2639/1413 1691/3026/1414
f 1689/2629/1412 1619/2628/1343 2097/3149/1819
f 1619/2628/1343 1618/3170/1342 2097/3149/1819
f 2097/3149/1819 1618/3170/1342 2098/3164/1820
f 1618/3170/1342 1617/3171/1341 2098/3164/1820
f 2098/3164/1820 1617/3171/1341 2099/3165/1821
f 1617/3171/1341 1616/3172/1340 2099/3165/1821
f 2099/3165/1821 1616/3172/1340 2100/3166/1822
f 1616/3172/1340 1615/3173/1339 2100/3166/1822
f 2100/3166/1822 1615/3173/1339 2101/3167/1823
f 1615/3174/1339 1614/3175/1338 2101/3168/1823
f 2101/3168/1823 1614/3175/1338 2102/3169/1824
f 1614/3175/1338 1613/3176/1337 2102/3169/1824
f 2102/3169/1824 1613/3176/1337 1690/2639/1413
f 1613/3176/1337 1588/2620/1313 1690/2639/1413
f 1669/3051/1393 1682/2872/1406 1597/2656/1322
f 1670/3050/1394 2103/3177/1825 1669/3051/1393
f 1671/3049/1395 2104/3178/1826 1670/3050/1394
f 1672/3048/1396 2106/3179/1828 1671/3049/1395
f 1673/3047/1397 2109/3180/1831 1672/3048/1396
f 1674/3046/1398 2113/3181/1835 1673/3047/1397
f 1675/2626/1399 2118/3182/1840 1674/3046/1398
f 1669/3051/1393 2103/3177/1825 1682/2872/1406
f 2103/3177/1825 1681/2873/1405 1682/2872/1406
f 1670/3050/1394 2104/3178/1826 2103/3177/1825
f 2104/3178/1826 2105/3183/1827 2103/3177/1825
f 2103/3177/1825 2105/3183/1827 1681/2873/1405
f 2105/3183/1827 1680/2875/1404 1681/2873/1405
f 1671/3049/1395 2106/3179/1828 2104/3178/1826
f 2106/3179/1828 2107/3184/1829 2104/3178/1826
f 2104/3178/1826 2107/3184/1829 2105/3183/1827
f 2107/3184/1829 2108/3185/1830 2105/3183/1827
f 2105/3183/1827 2108/3185/1830 1680/2875/1404
f 2108/3185/1830 1679/2877/1403 1680/2875/1404
f 1672/3048/1396 2109/3180/1831 2106/3179/1828
f 2109/3180/1831 2110/3186/1832 2106/3179/1828
f 2106/3179/1828 2110/3186/1832 2107/3184/1829
f 2110/3186/1832 2111/3187/1833 2107/3184/1829
f 2107/3184/1829 2111/3187/1833 2108/3185/1830
f 2111/3187/1833 2112/3188/1834 2108/3185/1830
f 2108/3185/1830 2112/3188/1834 1679/2877/1403
f 2112/3188/1834 1678/2879/1402 1679/2877/1403
f 1673/3047/1397 2113/3181/1835 2109/3180/1831
f 2113/3181/1835 2114/3189/1836 2109/3180/1831
f 2109/3180/1831 2114/3189/1836 2110/3186/1832
f 2114/3189/1836 2115/3190/1837 2110/3186/1832
f 2110/3186/1832 2115/3190/1837 2111/3187/1833
f 2115/3190/1837 2116/3191/1838 2111/3187/1833
f 2111/3187/1833 2116/3191/1838 2112/3188/1834
f 2116/3191/1838 2117/3192/1839 2112/3188/1834
f 2112/3188/1834 2117/3192/1839 1678/2879/1402
f 2117/3192/1839 1677/2881/1401 1678/2879/1402
f 1674/3046/1398 2118/3182/1840 2113/3181/1835
f 2118/3182/1840 2119/3193/1841 2113/3181/1835
f 2113/3181/1835 2119/3193/1841 2114/3189/1836
f 2119/3193/1841 2120/3194/1842 2114/3189/1836
f 2114/3189/1836 2120/3194/1842 2115/3190/1837
f 2120/3194/1842 2121/3195/1843 2115/3190/1837
f 2115/3190/1837 2121/3195/1843 2116/3191/1838
f 2121/3195/1843 2122/3196/1844 2116/3191/1838
f 2116/3191/1838 2122/3196/1844 2117/3192/1839
f 2122/3196/1844 2123/3197/1845 2117/3192/1839
f 2117/3192/1839 2123/3197/1845 1677/2881/1401
f 2123/3197/1845 1676/3198/1400 1677/2881/1401
f 1675/2626/1399 1626/2622/1350 2118/3182/1840
f 1626/2622/1350 1625/3199/1349 2118/3182/1840
f 2118/3182/1840 1625/3199/1349 2119/3193/1841
f 1625/3199/1349 1624/3200/1348 2119/3193/1841
f 2119/3193/1841 1624/3200/1348 2120/3194/1842
f 1624/3200/1348 1623/3201/1347 2120/3194/1842
f 2120/3194/1842 1623/3201/1347 2121/3195/1843
f 1623/3201/1347 1622/3202/1346 2121/3195/1843
f 2121/3195/1843 1622/3202/1346 2122/3196/1844
f 1622/3202/1346 1621/3203/1345 2122/3196/1844
f 2122/3196/1844 1621/3203/1345 2123/3197/1845
f 1621/3203/1345 1620/3204/1344 2123/3197/1845
f 2123/3197/1845 1620/3204/1344 1676/3198/1400
f 1620/3205/1344 1592/2636/1317 1676/2643/1400
f 1633/3206/1357 1668/2637/1392 1592/2636/1317
f 1632/3207/1356 2124/3208/1846 1633/3206/1357
f 1631/3209/1355 2125/3210/1847 1632/3211/1356
f 1630/3212/1354 2127/3213/1849 1631/3209/1355
f 1629/3214/1353 2130/3215/1852 1630/3212/1354
f 1628/3216/1352 2134/3217/1856 1629/3214/1353
f 1627/2625/1351 2139/3218/1861 1628/3216/1352
f 1633/3206/1357 2124/3208/1846 1668/2637/1392
f 2124/3208/1846 1667/3073/1391 1668/2637/1392
f 1632/3207/1356 2125/3219/1847 2124/3208/1846
f 2125/3219/1847 2126/3220/1848 2124/3208/1846
f 2124/3208/1846 2126/3220/1848 1667/3073/1391
f 2126/3220/1848 1666/3074/1390 1667/3073/1391
f 1631/3209/1355 2127/3213/1849 2125/3210/1847
f 2127/3213/1849 2128/3221/1850 2125/3210/1847
f 2125/3219/1847 2128/3222/1850 2126/3220/1848
f 2128/3222/1850 2129/3223/1851 2126/3220/1848
f 2126/3220/1848 2129/3223/1851 1666/3074/1390
f 2129/3223/1851 1665/3075/1389 1666/3074/1390
f 1630/3212/1354 2130/3215/1852 2127/3213/1849
f 2130/3215/1852 2131/3224/1853 2127/3213/1849
f 2127/3213/1849 2131/3224/1853 2128/3221/1850
f 2131/3224/1853 2132/3225/1854 2128/3221/1850
f 2128/3222/1850 2132/3226/1854 2129/3223/1851
f 2132/3226/1854 2133/3227/1855 2129/3223/1851
f 2129/3223/1851 2133/3227/1855 1665/3075/1389
f 2133/3227/1855 1664/3076/1388 1665/3075/1389
f 1629/3214/1353 2134/3217/1856 2130/3215/1852
f 2134/3217/1856 2135/3228/1857 2130/3215/1852
f 2130/3215/1852 2135/3228/1857 2131/3224/1853
f 2135/3228/1857 2136/3229/1858 2131/3224/1853
f 2131/3224/1853 2136/3229/1858 2132/3225/1854
f 2136/3229/1858 2137/3230/1859 2132/3225/1854
f 2132/3226/1854 2137/3231/1859 2133/3227/1855
f 2137/3231/1859 2138/3232/1860 2133/3227/1855
f 2133/3227/1855 2138/3232/1860 1664/3076/1388
f 2138/3232/1860 1663/3077/1387 1664/3076/1388
f 1628/3216/1352 2139/3218/1861 2134/3217/1856
f 2139/3218/1861 2140/3233/1862 2134/3217/1856
f 2134/3217/1856 2140/3233/1862 2135/3228/1857
f 2140/3233/1862 2141/3234/1863 2135/3228/1857
f 2135/3228/1857 2141/3234/1863 2136/3229/1858
f 2141/3234/1863 2142/3235/1864 2136/3229/1858
f 2136/3229/1858 2142/3235/1864 2137/3230/1859
f 2142/3236/1864 2143/3237/1865 2137/3231/1859
f 2137/3231/1859 2143/3237/1865 2138/3232/1860
f 2143/3237/1865 2144/3238/1866 2138/3232/1860
f 2138/3232/1860 2144/3238/1866 1663/3077/1387
f 2144/3238/1866 1662/3078/1386 1663/3077/1387
f 1627/2625/1351 1654/2624/1378 2139/3218/1861
f 1654/2624/1378 1653/3239/1377 2139/3218/1861
f 2139/3218/1861 1653/3239/1377 2140/3233/1862
f 1653/3239/1377 1652/3240/1376 2140/3233/1862
f 2140/3233/1862 1652/3240/1376 2141/3234/1863
f 1652/3240/1376 1651/3241/1375 2141/3234/1863
f 2141/3234/1863 1651/3241/1375 2142/3235/1864
f 1651/3241/1375 1650/3242/1374 2142/3235/1864
f 2142/3235/1864 1650/3242/1374 2143/3243/1865
f 1650/3244/1374 1649/3245/1373 2143/3237/1865
f 2143/3237/1865 1649/3245/1373 2144/3238/1866
f 1649/3245/1373 1648/3246/1372 2144/3238/1866
f 2144/3238/1866 1648/3246/1372 1662/3078/1386
f 1648/3246/1372 1591/2633/1316 1662/3078/1386
f 1648/3246/1372 1661/2634/1385 1591/2633/1316
f 1649/3245/1373 2145/3247/1867 1648/3246/1372
f 1650/3242/1374 2146/3248/1868 1649/3249/1373
f 1651/3241/1375 2148/3250/1870 1650/3242/1374
f 1652/3240/1376 2151/3251/1873 1651/3241/1375
f 1653/3239/1377 2155/3252/1877 1652/3240/1376
f 1654/2624/1378 2160/3253/1882 1653/3239/1377
f 1648/3246/1372 2145/3247/1867 1661/2634/1385
f 2145/3247/1867 1660/3103/1384 1661/2634/1385
f 1649/3245/1373 2146/3254/1868 2145/3247/1867
f 2146/3254/1868 2147/3255/1869 2145/3247/1867
f 2145/3256/1867 2147/3257/1869 1660/3104/1384
f 2147/3257/1869 1659/3105/1383 1660/3104/1384
f 1650/3242/1374 2148/3250/1870 2146/3248/1868
f 2148/3250/1870 2149/3258/1871 2146/3248/1868
f 2146/3248/1868 2149/3258/1871 2147/3259/1869
f 2149/3260/1871 2150/3261/1872 2147/3257/1869
f 2147/3257/1869 2150/3261/1872 1659/3105/1383
f 2150/3261/1872 1658/3106/1382 1659/3105/1383
f 1651/3241/1375 2151/3251/1873 2148/3250/1870
f 2151/3251/1873 2152/3262/1874 2148/3250/1870
f 2148/3250/1870 2152/3262/1874 2149/3258/1871
f 2152/3262/1874 2153/3263/1875 2149/3258/1871
f 2149/3260/1871 2153/3264/1875 2150/3261/1872
f 2153/3264/1875 2154/3265/1876 2150/3261/1872
f 2150/3261/1872 2154/3265/1876 1658/3106/1382
f 2154/3265/1876 1657/3107/1381 1658/3106/1382
f 1652/3240/1376 2155/3252/1877 2151/3251/1873
f 2155/3252/1877 2156/3266/1878 2151/3251/1873
f 2151/3251/1873 2156/3266/1878 2152/3262/1874
f 2156/3266/1878 2157/3267/1879 2152/3262/1874
f 2152/3262/1874 2157/3267/1879 2153/3263/1875
f 2157/3267/1879 2158/3268/1880 2153/3263/1875
f 2153/3264/1875 2158/3269/1880 2154/3265/1876
f 2158/3269/1880 2159/3270/1881 2154/3265/1876
f 2154/3265/1876 2159/3270/1881 1657/3107/1381
f 2159/3270/1881 1656/3108/1380 1657/3107/1381
f 1653/3239/1377 2160/3253/1882 2155/3252/1877
f 2160/3253/1882 2161/3271/1883 2155/3252/1877
f 2155/3252/1877 2161/3271/1883 2156/3266/1878
f 2161/3271/1883 2162/3272/1884 2156/3266/1878
f 2156/3266/1878 2162/3272/1884 2157/3267/1879
f 2162/3272/1884 2163/3273/1885 2157/3267/1879
f 2157/3267/1879 2163/3273/1885 2158/3268/1880
f 2163/3274/1885 2164/3275/1886 2158/3269/1880
f 2158/3269/1880 2164/3275/1886 2159/3270/1881
f 2164/3275/1886 2165/3276/1887 2159/3270/1881
f 2159/3270/1881 2165/3276/1887 1656/3108/1380
f 2165/3276/1887 1655/3109/1379 1656/3108/1380
f 1654/2624/1378 1640/2623/1364 2160/3253/1882
f 1640/2623/1364 1639/3277/1363 2160/3253/1882
f 2160/3253/1882 1639/3277/1363 2161/3271/1883
f 1639/3277/1363 1638/3278/1362 2161/3271/1883
f 2161/3271/1883 1638/3278/1362 2162/3272/1884
f 1638/3278/1362 1637/3279/1361 2162/3272/1884
f 2162/3272/1884 1637/3279/1361 2163/3273/1885
f 1637/3279/1361 1636/3280/1360 2163/3273/1885
f 2163/3273/1885 1636/3280/1360 2164/3281/1886
f 1636/3282/1360 1635/3283/1359 2164/3275/1886
f 2164/3275/1886 1635/3283/1359 2165/3276/1887
f 1635/3283/1359 1634/3284/1358 2165/3276/1887
f 2165/3276/1887 1634/3284/1358 1655/3109/1379
f 1634/3284/1358 1590/2630/1315 1655/3109/1379
f 1634/3284/1358 1647/2631/1371 1590/2630/1315
f 1635/3283/1359 2166/3285/1888 1634/3284/1358
f 1636/3282/1360 2167/3286/1889 1635/3283/1359
f 1637/3279/1361 2169/3287/1891 1636/3280/1360
f 1638/3278/1362 2172/3288/1894 1637/3279/1361
f 1639/3277/1363 2176/3289/1898 1638/3278/1362
f 1640/2623/1364 2181/3290/1903 1639/3277/1363
f 1634/3284/1358 2166/3285/1888 1647/2631/1371
f 2166/3285/1888 1646/3137/1370 1647/2631/1371
f 1635/3283/1359 2167/3286/1889 2166/3285/1888
f 2167/3286/1889 2168/3291/1890 2166/3285/1888
f 2166/3285/1888 2168/3291/1890 1646/3137/1370
f 2168/3291/1890 1645/3138/1369 1646/3137/1370
f 1636/3280/1360 2169/3287/1891 2167/3292/1889
f 2169/3287/1891 2170/3293/1892 2167/3292/1889
f 2167/3286/1889 2170/3294/1892 2168/3291/1890
f 2170/3294/1892 2171/3295/1893 2168/3291/1890
f 2168/3291/1890 2171/3295/1893 1645/3138/1369
f 2171/3296/1893 1644/3140/1368 1645/3139/1369
f 1637/3279/1361 2172/3288/1894 2169/3287/1891
f 2172/3288/1894 2173/3297/1895 2169/3287/1891
f 2169/3287/1891 2173/3297/1895 2170/3293/1892
f 2173/3297/1895 2174/3298/1896 2170/3293/1892
f 2170/3293/1892 2174/3298/1896 2171/3299/1893
f 2174/3300/1896 2175/3301/1897 2171/3296/1893
f 2171/3296/1893 2175/3301/1897 1644/3140/1368
f 2175/3301/1897 1643/3141/1367 1644/3140/1368
f 1638/3278/1362 2176/3289/1898 2172/3288/1894
f 2176/3289/1898 2177/3302/1899 2172/3288/1894
f 2172/3288/1894 2177/3302/1899 2173/3297/1895
f 2177/3302/1899 2178/3303/1900 2173/3297/1895
f 2173/3297/1895 2178/3303/1900 2174/3298/1896
f 2178/3303/1900 2179/3304/1901 2174/3298/1896
f 2174/3300/1896 2179/3305/1901 2175/3301/1897
f 2179/3305/1901 2180/3306/1902 2175/3301/1897
f 2175/3301/1897 2180/3306/1902 1643/3141/1367
f 2180/3306/1902 1642/3142/1366 1643/3141/1367
f 1639/3277/1363 2181/3290/1903 2176/3289/1898
f 2181/3290/1903 2182/3307/1904 2176/3289/1898
f 2176/3289/1898 2182/3307/1904 2177/3302/1899
f 2182/3307/1904 2183/3308/1905 2177/3302/1899
f 2177/3302/1899 2183/3308/1905 2178/3303/1900
f 2183/3308/1905 2184/3309/1906 2178/3303/1900
f 2178/3303/1900 2184/3309/1906 2179/3304/1901
f 2184/3310/1906 2185/3311/1907 2179/3305/1901
f 2179/3305/1901 2185/3311/1907 2180/3306/1902
f 2185/3311/1907 2186/3312/1908 2180/3306/1902
f 2180/3306/1902 2186/3312/1908 1642/3142/1366
f 2186/3312/1908 1641/3143/1365 1642/3142/1366
f 1640/2623/1364 1605/2619/1329 2181/3290/1903
f 1605/2619/1329 1604/3313/1328 2181/3290/1903
f 2181/3290/1903 1604/3313/1328 2182/3307/1904
f 1604/3313/1328 1603/3314/1327 2182/3307/1904
f 2182/3307/1904 1603/3314/1327 2183/3308/1905
f 1603/3314/1327 1602/3315/1326 2183/3308/1905
f 2183/3308/1905 1602/3315/1326 2184/3309/1906
f 1602/3315/1326 1601/3316/1325 2184/3309/1906
f 2184/3310/1906 1601/3317/1325 2185/3311/1907
f 1601/3317/1325 1600/3318/1324 2185/3311/1907
f 2185/3311/1907 1600/3318/1324 2186/3312/1908
f 1600/3318/1324 1599/3319/1323 2186/3312/1908
f 2186/3312/1908 1599/3319/1323 1641/3143/1365
f 1599/3319/1323 1589/2627/1314 1641/3143/1365
f 1620/3205/1344 1633/3206/1357 1592/2636/1317
f 1621/3203/1345 2187/3320/1909 1620/3204/1344
f 1622/3202/1346 2188/3321/1910 1621/3203/1345
f 1623/3201/1347 2190/3322/1912 1622/3202/1346
f 1624/3200/1348 2193/3323/1915 1623/3201/1347
f 1625/3199/1349 2197/3324/1919 1624/3200/1348
f 1626/2622/1350 2202/3325/1924 1625/3199/1349
f 1620/3205/1344 2187/3326/1909 1633/3206/1357
f 2187/3326/1909 1632/3207/1356 1633/3206/1357
f 1621/3203/1345 2188/3321/1910 2187/3320/1909
f 2188/3321/1910 2189/3327/1911 2187/3320/1909
f 2187/3328/1909 2189/3329/1911 1632/3211/1356
f 2189/3329/1911 1631/3209/1355 1632/3211/1356
f 1622/3202/1346 2190/3322/1912 2188/3321/1910
f 2190/3322/1912 2191/3330/1913 2188/3321/1910
f 2188/3321/1910 2191/3330/1913 2189/3327/1911
f 2191/3331/1913 2192/3332/1914 2189/3329/1911
f 2189/3329/1911 2192/3332/1914 1631/3209/1355
f 2192/3332/1914 1630/3212/1354 1631/3209/1355
f 1623/3201/1347 2193/3323/1915 2190/3322/1912
f 2193/3323/1915 2194/3333/1916 2190/3322/1912
f 2190/3322/1912 2194/3333/1916 2191/3330/1913
f 2194/3334/1916 2195/3335/1917 2191/3331/1913
f 2191/3331/1913 2195/3335/1917 2192/3332/1914
f 2195/3335/1917 2196/3336/1918 2192/3332/1914
f 2192/3332/1914 2196/3336/1918 1630/3212/1354
f 2196/3336/1918 1629/3214/1353 1630/3212/1354
f 1624/3200/1348 2197/3324/1919 2193/3323/1915
f 2197/3324/1919 2198/3337/1920 2193/3323/1915
f 2193/3323/1915 2198/3337/1920 2194/3333/1916
f 2198/3338/1920 2199/3339/1921 2194/3334/1916
f 2194/3334/1916 2199/3339/1921 2195/3335/1917
f 2199/3339/1921 2200/3340/1922 2195/3335/1917
f 2195/3335/1917 2200/3340/1922 2196/3336/1918
f 2200/3340/1922 2201/3341/1923 2196/3336/1918
f 2196/3336/1918 2201/3341/1923 1629/3214/1353
f 2201/3341/1923 1628/3216/1352 1629/3214/1353
f 1625/3199/1349 2202/3325/1924 2197/3324/1919
f 2202/3325/1924 2203/3342/1925 2197/3324/1919
f 2197/3324/1919 2203/3342/1925 2198/3337/1920
f 2203/3342/1925 2204/3343/1926 2198/3337/1920
f 2198/3338/1920 2204/3344/1926 2199/3339/1921
f 2204/3344/1926 2205/3345/1927 2199/3339/1921
f 2199/3339/1921 2205/3345/1927 2200/3340/1922
f 2205/3345/1927 2206/3346/1928 2200/3340/1922
f 2200/3340/1922 2206/3346/1928 2201/3341/1923
f 2206/3346/1928 2207/3347/1929 2201/3341/1923
f 2201/3341/1923 2207/3347/1929 1628/3216/1352
f 2207/3347/1929 1627/2625/1351 1628/3216/1352
f 1626/2622/1350 1612/2621/1336 2202/3325/1924
f 1612/2621/1336 1611/3348/1335 2202/3325/1924
f 2202/3325/1924 1611/3348/1335 2203/3342/1925
f 1611/3348/1335 1610/3349/1334 2203/3342/1925
f 2203/3350/1925 1610/3351/1334 2204/3344/1926
f 1610/3351/1334 1609/3352/1333 2204/3344/1926
f 2204/3344/1926 1609/3352/1333 2205/3345/1927
f 1609/3352/1333 1608/3353/1332 2205/3345/1927
f 2205/3345/1927 1608/3353/1332 2206/3346/1928
f 1608/3353/1332 1607/3354/1331 2206/3346/1928
f 2206/3346/1928 1607/3354/1331 2207/3347/1929
f 1607/3354/1331 1606/2618/1330 2207/3347/1929
f 2207/3347/1929 1606/2618/1330 1627/2625/1351
f 1606/2618/1330 1587/2617/1125 1627/2625/1351
f 1599/3319/1323 1619/2628/1343 1589/2627/1314
f 1600/3318/1324 2208/3355/1930 1599/3319/1323
f 1601/3317/1325 2209/3356/1931 1600/3318/1324
f 1602/3315/1326 2211/3357/1933 1601/3316/1325
f 1603/3314/1327 2214/3358/1936 1602/3315/1326
f 1604/3313/1328 2218/3359/1940 1603/3314/1327
f 1605/2619/1329 2223/3360/1945 1604/3313/1328
f 1599/3319/1323 2208/3355/1930 1619/2628/1343
f 2208/3355/1930 1618/3170/1342 1619/2628/1343
f 1600/3318/1324 2209/3356/1931 2208/3355/1930
f 2209/3356/1931 2210/3361/1932 2208/3355/1930
f 2208/3355/1930 2210/3361/1932 1618/3170/1342
f 2210/3361/1932 1617/3171/1341 1618/3170/1342
f 1601/3317/1325 2211/3362/1933 2209/3356/1931
f 2211/3362/1933 2212/3363/1934 2209/3356/1931
f 2209/3356/1931 2212/3363/1934 2210/3361/1932
f 2212/3363/1934 2213/3364/1935 2210/3361/1932
f 2210/3361/1932 2213/3364/1935 1617/3171/1341
f 2213/3364/1935 1616/3172/1340 1617/3171/1341
f 1602/3315/1326 2214/3358/1936 2211/3357/1933
f 2214/3358/1936 2215/3365/1937 2211/3357/1933
f 2211/3357/1933 2215/3365/1937 2212/3366/1934
f 2215/3365/1937 2216/3367/1938 2212/3366/1934
f 2212/3363/1934 2216/3368/1938 2213/3364/1935
f 2216/3368/1938 2217/3369/1939 2213/3364/1935
f 2213/3364/1935 2217/3369/1939 1616/3172/1340
f 2217/3369/1939 1615/3173/1339 1616/3172/1340
f 1603/3314/1327 2218/3359/1940 2214/3358/1936
f 2218/3359/1940 2219/3370/1941 2214/3358/1936
f 2214/3358/1936 2219/3370/1941 2215/3365/1937
f 2219/3370/1941 2220/3371/1942 2215/3365/1937
f 2215/3365/1937 2220/3371/1942 2216/3367/1938
f 2220/3371/1942 2221/3372/1943 2216/3367/1938
f 2216/3367/1938 2221/3372/1943 2217/3373/1939
f 2221/3372/1943 2222/3374/1944 2217/3373/1939
f 2217/3369/1939 2222/3375/1944 1615/3173/1339
f 2222/3376/1944 1614/3175/1338 1615/3174/1339
f 1604/3313/1328 2223/3360/1945 2218/3359/1940
f 2223/3360/1945 2224/3377/1946 2218/3359/1940
f 2218/3359/1940 2224/3377/1946 2219/3370/1941
f 2224/3377/1946 2225/3378/1947 2219/3370/1941
f 2219/3370/1941 2225/3378/1947 2220/3371/1942
f 2225/3378/1947 2226/3379/1948 2220/3371/1942
f 2220/3371/1942 2226/3379/1948 2221/3372/1943
f 2226/3379/1948 2227/3380/1949 2221/3372/1943
f 2221/3381/1943 2227/3382/1949 2222/3376/1944
f 2227/3382/1949 2228/3383/1950 2222/3376/1944
f 2222/3376/1944 2228/3383/1950 1614/3175/1338
f 2228/3383/1950 1613/3176/1337 1614/3175/1338
f 1605/2619/1329 1606/2618/1330 2223/3360/1945
f 1606/2618/1330 1607/3354/1331 2223/3360/1945
f 2223/3360/1945 1607/3354/1331 2224/3377/1946
f 1607/3354/1331 1608/3353/1332 2224/3377/1946
f 2224/3377/1946 1608/3353/1332 2225/3378/1947
f 1608/3353/1332 1609/3352/1333 2225/3378/1947
f 2225/3378/1947 1609/3352/1333 2226/3379/1948
f 1609/3352/1333 1610/3351/1334 2226/3379/1948
f 2226/3379/1948 1610/3351/1334 2227/3380/1949
f 1610/3349/1334 1611/3348/1335 2227/3382/1949
f 2227/3382/1949 1611/3348/1335 2228/3383/1950
f 1611/3348/1335 1612/2621/1336 2228/3383/1950
f 2228/3383/1950 1612/2621/1336 1613/3176/1337
f 1612/2621/1336 1588/2620/1313 1613/3176/1337
f 2229/3384/1125 2244/3385/1964 2243/3386/1963
f 2230/3387/1951 2246/3388/1966 2252/3389/1972
f 2229/3384/1125 2243/3386/1963 2258/3390/1978
f 2229/3384/1125 2258/3390/1978 2264/3391/1984
f 2229/3384/1125 2264/3391/1984 2253/3392/1973
f 2230/3387/1951 2252/3389/1972 2273/3393/1993
f 2231/3394/1952 2249/3395/1969 2279/3396/1998
f 2232/3397/1953 2261/3398/1981 2285/3399/2004
f 2233/3400/1954 2267/3401/1987 2291/3402/2010
f 2234/3403/1955 2270/3404/1990 2297/3405/2016
f 2230/3387/1951 2273/3393/1993 2280/3406/1999
f 2231/3394/1952 2279/3396/1998 2286/3407/2005
f 2232/3397/1953 2285/3399/2004 2292/3408/2011
f 2233/3400/1954 2291/3402/2010 2298/3409/2017
f 2234/3403/1955 2297/3405/2016 2274/3410/1994
f 2235/3411/1956 2303/3412/2021 2318/3413/2036
f 2236/3414/1957 2306/3415/2024 2324/3416/2042
f 2237/3417/1958 2309/3418/2027 2327/3419/2045
f 2238/3420/1959 2312/3421/2030 2330/3422/2048
f 2239/3423/1960 2315/3424/2033 2319/3425/2037
f 2321/3426/2039 2328/3427/2046 2240/3428/1136
f 2320/3429/2038 2331/3430/2049 2321/3426/2039
f 2319/3431/2037 2332/3432/2050 2320/3429/2038
f 2321/3426/2039 2331/3430/2049 2328/3427/2046
f 2331/3430/2049 2329/3433/2047 2328/3427/2046
f 2320/3429/2038 2332/3432/2050 2331/3430/2049
f 2332/3432/2050 2333/3434/2051 2331/3430/2049
f 2331/3430/2049 2333/3434/2051 2329/3433/2047
f 2333/3434/2051 2330/3435/2048 2329/3433/2047
f 2319/3431/2037 2315/3436/2033 2332/3432/2050
f 2315/3436/2033 2314/3437/2032 2332/3432/2050
f 2332/3432/2050 2314/3437/2032 2333/3434/2051
f 2314/3437/2032 2313/3438/2031 2333/3434/2051
f 2333/3434/2051 2313/3438/2031 2330/3435/2048
f 2313/3439/2031 2238/3420/1959 2330/3422/2048
f 2328/3427/2046 2325/3440/2043 2240/3428/1136
f 2329/3433/2047 2334/3441/2052 2328/3427/2046
f 2330/3435/2048 2335/3442/2053 2329/3433/2047
f 2328/3427/2046 2334/3441/2052 2325/3440/2043
f 2334/3441/2052 2326/3443/2044 2325/3440/2043
f 2329/3433/2047 2335/3442/2053 2334/3441/2052
f 2335/3442/2053 2336/3444/2054 2334/3441/2052
f 2334/3441/2052 2336/3444/2054 2326/3443/2044
f 2336/3444/2054 2327/3445/2045 2326/3443/2044
f 2330/3435/2048 2312/3446/2030 2335/3442/2053
f 2312/3421/2030 2311/3447/2029 2335/3448/2053
f 2335/3442/2053 2311/3449/2029 2336/3444/2054
f 2311/3449/2029 2310/3450/2028 2336/3444/2054
f 2336/3444/2054 2310/3450/2028 2327/3445/2045
f 2310/3451/2028 2237/3417/1958 2327/3419/2045
f 2325/3440/2043 2322/3452/2040 2240/3428/1136
f 2326/3443/2044 2337/3453/2055 2325/3440/2043
f 2327/3445/2045 2338/3454/2056 2326/3443/2044
f 2325/3440/2043 2337/3453/2055 2322/3452/2040
f 2337/3453/2055 2323/3455/2041 2322/3452/2040
f 2326/3443/2044 2338/3454/2056 2337/3453/2055
f 2338/3454/2056 2339/3456/2057 2337/3453/2055
f 2337/3453/2055 2339/3456/2057 2323/3455/2041
f 2339/3456/2057 2324/3416/2042 2323/3455/2041
f 2327/3445/2045 2309/3457/2027 2338/3454/2056
f 2309/3418/2027 2308/3458/2026 2338/3459/2056
f 2338/3454/2056 2308/3460/2026 2339/3456/2057
f 2308/3460/2026 2307/3461/2025 2339/3456/2057
f 2339/3456/2057 2307/3461/2025 2324/3416/2042
f 2307/3461/2025 2236/3414/1957 2324/3416/2042
f 2322/3452/2040 2316/3462/2034 2240/3428/1136
f 2323/3455/2041 2340/3463/2058 2322/3452/2040
f 2324/3416/2042 2341/3464/2059 2323/3455/2041
f 2322/3452/2040 2340/3463/2058 2316/3462/2034
f 2340/3463/2058 2317/3465/2035 2316/3462/2034
f 2323/3455/2041 2341/3464/2059 2340/3463/2058
f 2341/3464/2059 2342/3466/2060 2340/3463/2058
f 2340/3463/2058 2342/3466/2060 2317/3465/2035
f 2342/3466/2060 2318/3413/2036 2317/3465/2035
f 2324/3416/2042 2306/3415/2024 2341/3464/2059
f 2306/3467/2024 2305/3468/2023 2341/3469/2059
f 2341/3464/2059 2305/3470/2023 2342/3466/2060
f 2305/3468/2023 2304/3471/2022 2342/3472/2060
f 2342/3466/2060 2304/3473/2022 2318/3413/2036
f 2304/3471/2022 2235/3474/1956 2318/3475/2036
f 2316/3462/2034 2321/3426/2039 2240/3428/1136
f 2317/3465/2035 2343/3476/2061 2316/3462/2034
f 2318/3413/2036 2344/3477/2062 2317/3465/2035
f 2316/3462/2034 2343/3476/2061 2321/3426/2039
f 2343/3476/2061 2320/3429/2038 2321/3426/2039
f 2317/3465/2035 2344/3477/2062 2343/3476/2061
f 2344/3477/2062 2345/3478/2063 2343/3476/2061
f 2343/3476/2061 2345/3478/2063 2320/3429/2038
f 2345/3478/2063 2319/3431/2037 2320/3429/2038
f 2318/3413/2036 2303/3412/2021 2344/3477/2062
f 2303/3412/2021 2302/3479/2020 2344/3477/2062
f 2344/3477/2062 2302/3479/2020 2345/3478/2063
f 2302/3480/2020 2301/3481/2019 2345/3482/2063
f 2345/3478/2063 2301/3483/2019 2319/3431/2037
f 2301/3481/2019 2239/3423/1960 2319/3425/2037
f 2276/3484/1996 2315/3424/2033 2239/3423/1960
f 2275/3485/1995 2346/3486/2064 2276/3484/1996
f 2274/3487/1994 2347/3488/2065 2275/3485/1995
f 2276/3484/1996 2346/3486/2064 2315/3424/2033
f 2346/3486/2064 2314/3489/2032 2315/3424/2033
f 2275/3485/1995 2347/3488/2065 2346/3486/2064
f 2347/3490/2065 2348/3491/2066 2346/3492/2064
f 2346/3492/2064 2348/3491/2066 2314/3493/2032
f 2348/3491/2066 2313/3439/2031 2314/3493/2032
f 2274/3410/1994 2297/3405/2016 2347/3490/2065
f 2297/3405/2016 2296/3494/2015 2347/3490/2065
f 2347/3490/2065 2296/3494/2015 2348/3491/2066
f 2296/3494/2015 2295/3495/2014 2348/3491/2066
f 2348/3491/2066 2295/3495/2014 2313/3439/2031
f 2295/3495/2014 2238/3420/1959 2313/3439/2031
f 2300/3496/2018 2312/3421/2030 2238/3420/1959
f 2299/3497/72 2349/3498/2067 2300/3496/2018
f 2298/3409/2017 2350/3499/2068 2299/3497/72
f 2300/3496/2018 2349/3498/2067 2312/3421/2030
f 2349/3498/2067 2311/3447/2029 2312/3421/2030
f 2299/3497/72 2350/3499/2068 2349/3498/2067
f 2350/3499/2068 2351/3500/2069 2349/3498/2067
f 2349/3498/2067 2351/3500/2069 2311/3447/2029
f 2351/3500/2069 2310/3501/2028 2311/3447/2029
f 2298/3409/2017 2291/3402/2010 2350/3499/2068
f 2291/3402/2010 2290/3502/2009 2350/3499/2068
f 2350/3499/2068 2290/3502/2009 2351/3500/2069
f 2290/3503/2009 2289/3504/2008 2351/3505/2069
f 2351/3505/2069 2289/3504/2008 2310/3451/2028
f 2289/3504/2008 2237/3417/1958 2310/3451/2028
f 2294/3506/2013 2309/3418/2027 2237/3417/1958
f 2293/3507/2012 2352/3508/2070 2294/3506/2013
f 2292/3408/2011 2353/3509/2071 2293/3507/2012
f 2294/3506/2013 2352/3508/2070 2309/3418/2027
f 2352/3508/2070 2308/3458/2026 2309/3418/2027
f 2293/3507/2012 2353/3509/2071 2352/3508/2070
f 2353/3509/2071 2354/3510/2072 2352/3508/2070
f 2352/3508/2070 2354/3510/2072 2308/3458/2026
f 2354/3510/2072 2307/3511/2025 2308/3458/2026
f 2292/3408/2011 2285/3399/2004 2353/3509/2071
f 2285/3399/2004 2284/3512/2003 2353/3509/2071
f 2353/3509/2071 2284/3512/2003 2354/3510/2072
f 2284/3512/2003 2283/3513/2002 2354/3510/2072
f 2354/3510/2072 2283/3513/2002 2307/3511/2025
f 2283/3513/2002 2236/3514/1957 2307/3511/2025
f 2288/3515/2007 2306/3467/2024 2236/3516/1957
f 2287/3517/2006 2355/3518/2073 2288/3515/2007
f 2286/3407/2005 2356/3519/2074 2287/3517/2006
f 2288/3515/2007 2355/3518/2073 2306/3467/2024
f 2355/3518/2073 2305/3468/2023 2306/3467/2024
f 2287/3517/2006 2356/3519/2074 2355/3518/2073
f 2356/3519/2074 2357/3520/2075 2355/3518/2073
f 2355/3518/2073 2357/3520/2075 2305/3468/2023
f 2357/3520/2075 2304/3471/2022 2305/3468/2023
f 2286/3407/2005 2279/3396/1998 2356/3519/2074
f 2279/3396/1998 2278/3521/65 2356/3519/2074
f 2356/3519/2074 2278/3521/65 2357/3520/2075
f 2278/3521/65 2277/3522/1997 2357/3520/2075
f 2357/3520/2075 2277/3522/1997 2304/3471/2022
f 2277/3522/1997 2235/3474/1956 2304/3471/2022
f 2282/3523/2001 2303/3524/2021 2235/3474/1956
f 2281/3525/2000 2358/3526/2076 2282/3527/2001
f 2280/3406/1999 2359/3528/2077 2281/3525/2000
f 2282/3527/2001 2358/3526/2076 2303/3529/2021
f 2358/3526/2076 2302/3480/2020 2303/3529/2021
f 2281/3525/2000 2359/3528/2077 2358/3526/2076
f 2359/3528/2077 2360/3530/2078 2358/3526/2076
f 2358/3526/2076 2360/3530/2078 2302/3480/2020
f 2360/3530/2078 2301/3481/2019 2302/3480/2020
f 2280/3406/1999 2273/3393/1993 2359/3528/2077
f 2273/3393/1993 2272/3531/1992 2359/3528/2077
f 2359/3528/2077 2272/3531/1992 2360/3530/2078
f 2272/3531/1992 2271/3532/1991 2360/3530/2078
f 2360/3530/2078 2271/3532/1991 2301/3481/2019
f 2271/3532/1991 2239/3423/1960 2301/3481/2019
f 2295/3495/2014 2300/3496/2018 2238/3420/1959
f 2296/3494/2015 2361/3533/2079 2295/3495/2014
f 2297/3405/2016 2362/3534/2080 2296/3494/2015
f 2295/3495/2014 2361/3533/2079 2300/3496/2018
f 2361/3533/2079 2299/3497/72 2300/3496/2018
f 2296/3494/2015 2362/3534/2080 2361/3533/2079
f 2362/3534/2080 2363/3535/2081 2361/3533/2079
f 2361/3533/2079 2363/3535/2081 2299/3497/72
f 2363/3535/2081 2298/3409/2017 2299/3497/72
f 2297/3405/2016 2270/3404/1990 2362/3534/2080
f 2270/3404/1990 2269/3536/1989 2362/3534/2080
f 2362/3534/2080 2269/3536/1989 2363/3535/2081
f 2269/3536/1989 2268/3537/1988 2363/3535/2081
f 2363/3535/2081 2268/3537/1988 2298/3409/2017
f 2268/3537/1988 2233/3400/1954 2298/3409/2017
f 2289/3504/2008 2294/3506/2013 2237/3417/1958
f 2290/3503/2009 2364/3538/2082 2289/3504/2008
f 2291/3539/2010 2365/3540/2083 2290/3503/2009
f 2289/3504/2008 2364/3538/2082 2294/3506/2013
f 2364/3538/2082 2293/3507/2012 2294/3506/2013
f 2290/3503/2009 2365/3540/2083 2364/3538/2082
f 2365/3540/2083 2366/3541/2084 2364/3538/2082
f 2364/3538/2082 2366/3541/2084 2293/3507/2012
f 2366/3541/2084 2292/3408/2011 2293/3507/2012
f 2291/3539/2010 2267/3542/1987 2365/3540/2083
f 2267/3542/1987 2266/3543/1986 2365/3540/2083
f 2365/3540/2083 2266/3543/1986 2366/3541/2084
f 2266/3543/1986 2265/3544/1985 2366/3541/2084
f 2366/3541/2084 2265/3544/1985 2292/3408/2011
f 2265/3544/1985 2232/3397/1953 2292/3408/2011
f 2283/3545/2002 2288/3515/2007 2236/3516/1957
f 2284/3512/2003 2367/3546/2085 2283/3513/2002
f 2285/3399/2004 2368/3547/2086 2284/3512/2003
f 2283/3545/2002 2367/3548/2085 2288/3515/2007
f 2367/3548/2085 2287/3517/2006 2288/3515/2007
f 2284/3512/2003 2368/3547/2086 2367/3546/2085
f 2368/3549/2086 2369/3550/2087 2367/3548/2085
f 2367/3548/2085 2369/3550/2087 2287/3517/2006
f 2369/3550/2087 2286/3407/2005 2287/3517/2006
f 2285/3399/2004 2261/3398/1981 2368/3547/2086
f 2261/3398/1981 2260/3551/1980 2368/3547/2086
f 2368/3549/2086 2260/3552/1980 2369/3550/2087
f 2260/3552/1980 2259/3553/1979 2369/3550/2087
f 2369/3550/2087 2259/3553/1979 2286/3407/2005
f 2259/3553/1979 2231/3394/1952 2286/3407/2005
f 2277/3522/1997 2282/3523/2001 2235/3474/1956
f 2278/3521/65 2370/3554/2088 2277/3522/1997
f 2279/3396/1998 2371/3555/2089 2278/3521/65
f 2277/3522/1997 2370/3554/2088 2282/3523/2001
f 2370/3554/2088 2281/3556/2000 2282/3523/2001
f 2278/3521/65 2371/3555/2089 2370/3554/2088
f 2371/3555/2089 2372/3557/2090 2370/3554/2088
f 2370/3554/2088 2372/3557/2090 2281/3556/2000
f 2372/3558/2090 2280/3406/1999 2281/3525/2000
f 2279/3396/1998 2249/3395/1969 2371/3555/2089
f 2249/3395/1969 2248/3559/1968 2371/3555/2089
f 2371/3555/2089 2248/3559/1968 2372/3557/2090
f 2248/3559/1968 2247/3560/1967 2372/3557/2090
f 2372/3558/2090 2247/3561/1967 2280/3406/1999
f 2247/3561/1967 2230/3387/1951 2280/3406/1999
f 2271/3532/1991 2276/3484/1996 2239/3423/1960
f 2272/3531/1992 2373/3562/2091 2271/3532/1991
f 2273/3393/1993 2374/3563/2092 2272/3531/1992
f 2271/3532/1991 2373/3562/2091 2276/3484/1996
f 2373/3562/2091 2275/3485/1995 2276/3484/1996
f 2272/3531/1992 2374/3563/2092 2373/3562/2091
f 2374/3563/2092 2375/3564/2093 2373/3562/2091
f 2373/3562/2091 2375/3564/2093 2275/3485/1995
f 2375/3564/2093 2274/3487/1994 2275/3485/1995
f 2273/3393/1993 2252/3389/1972 2374/3563/2092
f 2252/3389/1972 2251/3565/1971 2374/3563/2092
f 2374/3563/2092 2251/3565/1971 2375/3564/2093
f 2251/3565/1971 2250/3566/1970 2375/3564/2093
f 2375/3564/2093 2250/3566/1970 2274/3487/1994
f 2250/3566/1970 2234/3567/1955 2274/3487/1994
f 2255/3568/1975 2270/3569/1990 2234/3570/1955
f 2254/3571/1974 2376/3572/2094 2255/3568/1975
f 2253/3392/1973 2377/3573/2095 2254/3571/1974
f 2255/3568/1975 2376/3572/2094 2270/3569/1990
f 2376/3574/2094 2269/3536/1989 2270/3404/1990
f 2254/3571/1974 2377/3573/2095 2376/3572/2094
f 2377/3573/2095 2378/3575/2096 2376/3572/2094
f 2376/3572/2094 2378/3575/2096 2269/3576/1989
f 2378/3577/2096 2268/3537/1988 2269/3536/1989
f 2253/3392/1973 2264/3391/1984 2377/3573/2095
f 2264/3391/1984 2263/3578/1983 2377/3573/2095
f 2377/3573/2095 2263/3578/1983 2378/3575/2096
f 2263/3578/1983 2262/3579/1982 2378/3575/2096
f 2378/3575/2096 2262/3579/1982 2268/3580/1988
f 2262/3581/1982 2233/3400/1954 2268/3537/1988
f 2262/3579/1982 2267/3582/1987 2233/3583/1954
f 2263/3578/1983 2379/3584/2097 2262/3579/1982
f 2264/3391/1984 2380/3585/2098 2263/3578/1983
f 2262/3579/1982 2379/3584/2097 2267/3582/1987
f 2379/3584/2097 2266/3586/1986 2267/3582/1987
f 2263/3578/1983 2380/3585/2098 2379/3584/2097
f 2380/3585/2098 2381/3587/2099 2379/3584/2097
f 2379/3584/2097 2381/3587/2099 2266/3586/1986
f 2381/3588/2099 2265/3544/1985 2266/3543/1986
f 2264/3391/1984 2258/3390/1978 2380/3585/2098
f 2258/3390/1978 2257/3589/1977 2380/3585/2098
f 2380/3585/2098 2257/3589/1977 2381/3587/2099
f 2257/3589/1977 2256/3590/1976 2381/3587/2099
f 2381/3587/2099 2256/3590/1976 2265/3591/1985
f 2256/3592/1976 2232/3397/1953 2265/3544/1985
f 2256/3592/1976 2261/3398/1981 2232/3397/1953
f 2257/3589/1977 2382/3593/2100 2256/3590/1976
f 2258/3390/1978 2383/3594/2101 2257/3589/1977
f 2256/3590/1976 2382/3593/2100 2261/3595/1981
f 2382/3593/2100 2260/3596/1980 2261/3595/1981
f 2257/3589/1977 2383/3594/2101 2382/3593/2100
f 2383/3594/2101 2384/3597/2102 2382/3593/2100
f 2382/3593/2100 2384/3597/2102 2260/3596/1980
f 2384/3597/2102 2259/3598/1979 2260/3596/1980
f 2258/3390/1978 2243/3386/1963 2383/3594/2101
f 2243/3386/1963 2242/3599/1962 2383/3594/2101
f 2383/3594/2101 2242/3599/1962 2384/3597/2102
f 2242/3599/1962 2241/3600/1961 2384/3597/2102
f 2384/3597/2102 2241/3600/1961 2259/3598/1979
f 2241/3601/1961 2231/3394/1952 2259/3553/1979
f 2250/3602/1970 2255/3568/1975 2234/3570/1955
f 2251/3603/1971 2385/3604/2103 2250/3602/1970
f 2252/3389/1972 2386/3605/2104 2251/3565/1971
f 2250/3602/1970 2385/3604/2103 2255/3568/1975
f 2385/3604/2103 2254/3571/1974 2255/3568/1975
f 2251/3603/1971 2386/3606/2104 2385/3604/2103
f 2386/3606/2104 2387/3607/2105 2385/3604/2103
f 2385/3604/2103 2387/3607/2105 2254/3571/1974
f 2387/3607/2105 2253/3392/1973 2254/3571/1974
f 2252/3608/1972 2246/3609/1966 2386/3606/2104
f 2246/3609/1966 2245/3610/1965 2386/3606/2104
f 2386/3606/2104 2245/3610/1965 2387/3607/2105
f 2245/3610/1965 2244/3385/1964 2387/3607/2105
f 2387/3607/2105 2244/3385/1964 2253/3392/1973
f 2244/3385/1964 2229/3384/1125 2253/3392/1973
f 2241/3601/1961 2249/3395/1969 2231/3394/1952
f 2242/3599/1962 2388/3611/2106 2241/3600/1961
f 2243/3386/1963 2389/3612/2107 2242/3599/1962
f 2241/3600/1961 2388/3611/2106 2249/3613/1969
f 2388/3614/2106 2248/3559/1968 2249/3395/1969
f 2242/3599/1962 2389/3612/2107 2388/3611/2106
f 2389/3612/2107 2390/3615/2108 2388/3611/2106
f 2388/3611/2106 2390/3615/2108 2248/3616/1968
f 2390/3615/2108 2247/3617/1967 2248/3616/1968
f 2243/3386/1963 2244/3385/1964 2389/3612/2107
f 2244/3385/1964 2245/3610/1965 2389/3612/2107
f 2389/3612/2107 2245/3610/1965 2390/3615/2108
f 2245/3610/1965 2246/3609/1966 2390/3615/2108
f 2390/3615/2108 2246/3609/1966 2247/3617/1967
f 2246/3388/1966 2230/3387/1951 2247/3561/1967
f 2391/3618/2109 2404/3619/2122 2403/3620/2121
f 2392/3621/2110 2404/3622/2122 2406/3623/2124
f 2391/3618/2109 2403/3620/2121 2408/3624/2126
f 2391/3618/2109 2408/3624/2126 2410/3625/2128
f 2391/3618/2109 2410/3625/2128 2407/3626/2125
f 2392/3621/2110 2406/3623/2124 2413/3627/2131
f 2393/3628/2111 2405/3629/2123 2415/3630/65
f 2394/3631/2112 2409/3632/2127 2417/3633/2134
f 2395/3634/2113 2411/3635/2129 2419/3636/2136
f 2396/3637/2114 2412/3638/2130 2421/3639/2138
f 2392/3621/2110 2413/3627/2131 2416/3640/2133
f 2393/3628/2111 2415/3630/65 2418/3641/2135
f 2394/3631/2112 2417/3633/2134 2420/3642/2137
f 2395/3643/2113 2419/3644/2136 2422/3645/72
f 2396/3646/2114 2421/3647/2138 2414/3648/2132
f 2397/3649/2115 2423/3650/2139 2428/3651/2144
f 2398/3652/2116 2424/3653/2140 2430/3654/2146
f 2399/3655/2117 2425/3656/2141 2431/3657/2147
f 2400/3658/2118 2426/3659/2142 2432/3660/2148
f 2401/3661/2119 2427/3662/2143 2429/3663/2145
f 2429/3664/2145 2432/3665/2148 2402/3666/2120
f 2429/3663/2145 2427/3662/2143 2432/3667/2148
f 2427/3668/2143 2400/3658/2118 2432/3660/2148
f 2432/3665/2148 2431/3669/2147 2402/3666/2120
f 2432/3665/2148 2426/3670/2142 2431/3669/2147
f 2426/3671/2142 2399/3655/2117 2431/3657/2147
f 2431/3669/2147 2430/3672/2146 2402/3666/2120
f 2431/3657/2147 2425/3656/2141 2430/3673/2146
f 2425/3656/2141 2398/3674/2116 2430/3673/2146
f 2430/3672/2146 2428/3675/2144 2402/3666/2120
f 2430/3672/2146 2424/3676/2140 2428/3675/2144
f 2424/3653/2140 2397/3677/2115 2428/3678/2144
f 2428/3675/2144 2429/3664/2145 2402/3666/2120
f 2428/3651/2144 2423/3650/2139 2429/3663/2145
f 2423/3650/2139 2401/3661/2119 2429/3663/2145
f 2414/3648/2132 2427/3662/2143 2401/3661/2119
f 2414/3648/2132 2421/3647/2138 2427/3662/2143
f 2421/3639/2138 2400/3658/2118 2427/3668/2143
f 2422/3645/72 2426/3659/2142 2400/3658/2118
f 2422/3645/72 2419/3644/2136 2426/3659/2142
f 2419/3636/2136 2399/3655/2117 2426/3671/2142
f 2420/3642/2137 2425/3656/2141 2399/3655/2117
f 2420/3642/2137 2417/3633/2134 2425/3656/2141
f 2417/3633/2134 2398/3674/2116 2425/3656/2141
f 2418/3641/2135 2424/3653/2140 2398/3652/2116
f 2418/3641/2135 2415/3630/65 2424/3653/2140
f 2415/3630/65 2397/3677/2115 2424/3653/2140
f 2416/3640/2133 2423/3650/2139 2397/3649/2115
f 2416/3640/2133 2413/3627/2131 2423/3650/2139
f 2413/3627/2131 2401/3661/2119 2423/3650/2139
f 2421/3639/2138 2422/3645/72 2400/3658/2118
f 2421/3639/2138 2412/3638/2130 2422/3645/72
f 2412/3638/2130 2395/3643/2113 2422/3645/72
f 2419/3636/2136 2420/3642/2137 2399/3655/2117
f 2419/3636/2136 2411/3635/2129 2420/3642/2137
f 2411/3635/2129 2394/3631/2112 2420/3642/2137
f 2417/3633/2134 2418/3679/2135 2398/3674/2116
f 2417/3633/2134 2409/3632/2127 2418/3679/2135
f 2409/3680/2127 2393/3628/2111 2418/3641/2135
f 2415/3630/65 2416/3681/2133 2397/3677/2115
f 2415/3630/65 2405/3629/2123 2416/3681/2133
f 2405/3682/2123 2392/3621/2110 2416/3640/2133
f 2413/3627/2131 2414/3648/2132 2401/3661/2119
f 2413/3627/2131 2406/3623/2124 2414/3648/2132
f 2406/3623/2124 2396/3646/2114 2414/3648/2132
f 2407/3683/2125 2412/3638/2130 2396/3637/2114
f 2407/3626/2125 2410/3625/2128 2412/3684/2130
f 2410/3685/2128 2395/3643/2113 2412/3638/2130
f 2410/3686/2128 2411/3635/2129 2395/3634/2113
f 2410/3686/2128 2408/3687/2126 2411/3635/2129
f 2408/3687/2126 2394/3631/2112 2411/3635/2129
f 2408/3687/2126 2409/3632/2127 2394/3631/2112
f 2408/3687/2126 2403/3688/2121 2409/3632/2127
f 2403/3689/2121 2393/3628/2111 2409/3680/2127
f 2406/3623/2124 2407/3690/2125 2396/3646/2114
f 2406/3623/2124 2404/3622/2122 2407/3690/2125
f 2404/3619/2122 2391/3618/2109 2407/3626/2125
f 2403/3689/2121 2405/3629/2123 2393/3628/2111
f 2403/3620/2121 2404/3619/2122 2405/3691/2123
f 2404/3622/2122 2392/3621/2110 2405/3682/2123
f 2433/3692/2109 2446/3693/2122 2445/3694/2121
f 2434/3695/2110 2446/3696/2122 2448/3697/2124
f 2433/3692/2109 2445/3694/2121 2450/3698/2126
f 2433/3692/2109 2450/3698/2126 2452/3699/2128
f 2433/3692/2109 2452/3699/2128 2449/3700/2125
f 2434/3695/2110 2448/3697/2124 2455/3701/2131
f 2435/3702/2111 2447/3703/2123 2457/3704/65
f 2436/3705/2112 2451/3706/2127 2459/3707/2134
f 2437/3708/2113 2453/3709/2129 2461/3710/2136
f 2438/3711/2114 2454/3712/2130 2463/3713/2138
f 2434/3695/2110 2455/3701/2131 2458/3714/2133
f 2435/3702/2111 2457/3704/65 2460/3715/2135
f 2436/3705/2112 2459/3707/2134 2462/3716/2137
f 2437/3717/2113 2461/3718/2136 2464/3719/72
f 2438/3720/2114 2463/3721/2138 2456/3722/2132
f 2439/3723/2115 2465/3724/2139 2470/3725/2144
f 2440/3726/2116 2466/3727/2140 2472/3728/2146
f 2441/3729/2117 2467/3730/2141 2473/3731/2147
f 2442/3732/2118 2468/3733/2142 2474/3734/2148
f 2443/3735/2119 2469/3736/2143 2471/3737/2145
f 2471/3738/2145 2474/3739/2148 2444/3740/2120
f 2471/3737/2145 2469/3736/2143 2474/3741/2148
f 2469/3742/2143 2442/3732/2118 2474/3734/2148
f 2474/3739/2148 2473/3743/2147 2444/3740/2120
f 2474/3739/2148 2468/3744/2142 2473/3743/2147
f 2468/3745/2142 2441/3729/2117 2473/3731/2147
f 2473/3743/2147 2472/3746/2146 2444/3740/2120
f 2473/3731/2147 2467/3730/2141 2472/3747/2146
f 2467/3730/2141 2440/3748/2116 2472/3747/2146
f 2472/3746/2146 2470/3749/2144 2444/3740/2120
f 2472/3746/2146 2466/3750/2140 2470/3749/2144
f 2466/3727/2140 2439/3751/2115 2470/3752/2144
f 2470/3749/2144 2471/3738/2145 2444/3740/2120
f 2470/3725/2144 2465/3724/2139 2471/3737/2145
f 2465/3724/2139 2443/3735/2119 2471/3737/2145
f 2456/3722/2132 2469/3736/2143 2443/3735/2119
f 2456/3722/2132 2463/3721/2138 2469/3736/2143
f 2463/3713/2138 2442/3732/2118 2469/3742/2143
f 2464/3719/72 2468/3733/2142 2442/3732/2118
f 2464/3719/72 2461/3718/2136 2468/3733/2142
f 2461/3710/2136 2441/3729/2117 2468/3745/2142
f 2462/3716/2137 2467/3730/2141 2441/3729/2117
f 2462/3716/2137 2459/3707/2134 2467/3730/2141
f 2459/3707/2134 2440/3748/2116 2467/3730/2141
f 2460/3715/2135 2466/3727/2140 2440/3726/2116
f 2460/3715/2135 2457/3704/65 2466/3727/2140
f 2457/3704/65 2439/3751/2115 2466/3727/2140
f 2458/3714/2133 2465/3724/2139 2439/3723/2115
f 2458/3714/2133 2455/3701/2131 2465/3724/2139
f 2455/3701/2131 2443/3735/2119 2465/3724/2139
f 2463/3713/2138 2464/3719/72 2442/3732/2118
f 2463/3713/2138 2454/3712/2130 2464/3719/72
f 2454/3712/2130 2437/3717/2113 2464/3719/72
f 2461/3710/2136 2462/3716/2137 2441/3729/2117
f 2461/3710/2136 2453/3709/2129 2462/3716/2137
f 2453/3709/2129 2436/3705/2112 2462/3716/2137
f 2459/3707/2134 2460/3753/2135 2440/3748/2116
f 2459/3707/2134 2451/3706/2127 2460/3753/2135
f 2451/3754/2127 2435/3702/2111 2460/3715/2135
f 2457/3704/65 2458/3755/2133 2439/3751/2115
f 2457/3704/65 2447/3703/2123 2458/3755/2133
f 2447/3756/2123 2434/3695/2110 2458/3714/2133
f 2455/3701/2131 2456/3722/2132 2443/3735/2119
f 2455/3701/2131 2448/3697/2124 2456/3722/2132
f 2448/3697/2124 2438/3720/2114 2456/3722/2132
f 2449/3757/2125 2454/3712/2130 2438/3711/2114
f 2449/3700/2125 2452/3699/2128 2454/3758/2130
f 2452/3759/2128 2437/3717/2113 2454/3712/2130
f 2452/3760/2128 2453/3709/2129 2437/3708/2113
f 2452/3760/2128 2450/3761/2126 2453/3709/2129
f 2450/3761/2126 2436/3705/2112 2453/3709/2129
f 2450/3761/2126 2451/3706/2127 2436/3705/2112
f 2450/3761/2126 2445/3762/2121 2451/3706/2127
f 2445/3763/2121 2435/3702/2111 2451/3754/2127
f 2448/3697/2124 2449/3764/2125 2438/3720/2114
f 2448/3697/2124 2446/3696/2122 2449/3764/2125
f 2446/3693/2122 2433/3692/2109 2449/3700/2125
f 2445/3763/2121 2447/3703/2123 2435/3702/2111
f 2445/3694/2121 2446/3693/2122 2447/3765/2123
f 2446/3696/2122 2434/3695/2110 2447/3756/2123
f 2475/3766/2149 2488/3767/2162 2487/3768/2161
f 2476/3769/2150 2488/3770/2162 2490/3771/2164
f 2475/3766/2149 2487/3768/2161 2492/3772/2166
f 2475/3766/2149 2492/3772/2166 2494/3773/2168
f 2475/3766/2149 2494/3773/2168 2491/3774/2165
f 2476/3769/2150 2490/3771/2164 2497/3775/2171
f 2477/3776/2151 2489/3777/2163 2499/3778/65
f 2478/3779/2152 2493/3780/2167 2501/3781/2174
f 2479/3782/2153 2495/3783/2169 2503/3784/2176
f 2480/3785/2154 2496/3786/2170 2505/3787/2178
f 2476/3769/2150 2497/3775/2171 2500/3788/2173
f 2477/3776/2151 2499/3778/65 2502/3789/2175
f 2478/3790/2152 2501/3791/2174 2504/3792/2177
f 2479/3782/2153 2503/3784/2176 2506/3793/72
f 2480/3785/2154 2505/3787/2178 2498/3794/2172
f 2481/3795/2155 2507/3796/2179 2512/3797/2184
f 2482/3798/2156 2508/3799/2180 2514/3800/2186
f 2483/3801/2157 2509/3802/2181 2515/3803/2187
f 2484/3804/2158 2510/3805/2182 2516/3806/2188
f 2485/3807/2159 2511/3808/2183 2513/3809/2185
f 2513/3810/2185 2516/3811/2188 2486/3812/2160
f 2513/3813/2185 2511/3814/2183 2516/3806/2188
f 2511/3814/2183 2484/3804/2158 2516/3806/2188
f 2516/3811/2188 2515/3815/2187 2486/3812/2160
f 2516/3806/2188 2510/3805/2182 2515/3816/2187
f 2510/3805/2182 2483/3817/2157 2515/3816/2187
f 2515/3815/2187 2514/3818/2186 2486/3812/2160
f 2515/3815/2187 2509/3819/2181 2514/3818/2186
f 2509/3820/2181 2482/3798/2156 2514/3800/2186
f 2514/3818/2186 2512/3821/2184 2486/3812/2160
f 2514/3800/2186 2508/3799/2180 2512/3797/2184
f 2508/3799/2180 2481/3795/2155 2512/3797/2184
f 2512/3821/2184 2513/3810/2185 2486/3812/2160
f 2512/3821/2184 2507/3822/2179 2513/3810/2185
f 2507/3823/2179 2485/3807/2159 2513/3809/2185
f 2498/3794/2172 2511/3814/2183 2485/3824/2159
f 2498/3794/2172 2505/3787/2178 2511/3814/2183
f 2505/3787/2178 2484/3804/2158 2511/3814/2183
f 2506/3793/72 2510/3805/2182 2484/3804/2158
f 2506/3793/72 2503/3784/2176 2510/3805/2182
f 2503/3784/2176 2483/3817/2157 2510/3805/2182
f 2504/3792/2177 2509/3802/2181 2483/3801/2157
f 2504/3792/2177 2501/3791/2174 2509/3802/2181
f 2501/3791/2174 2482/3825/2156 2509/3802/2181
f 2502/3789/2175 2508/3799/2180 2482/3798/2156
f 2502/3789/2175 2499/3778/65 2508/3799/2180
f 2499/3778/65 2481/3795/2155 2508/3799/2180
f 2500/3826/2173 2507/3796/2179 2481/3795/2155
f 2500/3788/2173 2497/3775/2171 2507/3823/2179
f 2497/3775/2171 2485/3807/2159 2507/3823/2179
f 2505/3787/2178 2506/3793/72 2484/3804/2158
f 2505/3787/2178 2496/3786/2170 2506/3793/72
f 2496/3786/2170 2479/3782/2153 2506/3793/72
f 2503/3827/2176 2504/3792/2177 2483/3801/2157
f 2503/3827/2176 2495/3828/2169 2504/3792/2177
f 2495/3828/2169 2478/3790/2152 2504/3792/2177
f 2501/3781/2174 2502/3789/2175 2482/3798/2156
f 2501/3781/2174 2493/3780/2167 2502/3789/2175
f 2493/3780/2167 2477/3776/2151 2502/3789/2175
f 2499/3778/65 2500/3826/2173 2481/3795/2155
f 2499/3778/65 2489/3777/2163 2500/3826/2173
f 2489/3777/2163 2476/3829/2150 2500/3826/2173
f 2497/3775/2171 2498/3830/2172 2485/3807/2159
f 2497/3775/2171 2490/3771/2164 2498/3830/2172
f 2490/3771/2164 2480/3831/2154 2498/3830/2172
f 2491/3832/2165 2496/3786/2170 2480/3785/2154
f 2491/3832/2165 2494/3833/2168 2496/3786/2170
f 2494/3833/2168 2479/3782/2153 2496/3786/2170
f 2494/3833/2168 2495/3783/2169 2479/3782/2153
f 2494/3773/2168 2492/3772/2166 2495/3834/2169
f 2492/3835/2166 2478/3790/2152 2495/3828/2169
f 2492/3835/2166 2493/3836/2167 2478/3790/2152
f 2492/3837/2166 2487/3838/2161 2493/3780/2167
f 2487/3838/2161 2477/3776/2151 2493/3780/2167
f 2490/3839/2164 2491/3832/2165 2480/3785/2154
f 2490/3840/2164 2488/3767/2162 2491/3774/2165
f 2488/3767/2162 2475/3766/2149 2491/3774/2165
f 2487/3838/2161 2489/3777/2163 2477/3776/2151
f 2487/3838/2161 2488/3841/2162 2489/3777/2163
f 2488/3841/2162 2476/3829/2150 2489/3777/2163
f 2517/3842/2189 2530/3843/2202 2529/3844/2201
f 2518/3845/2190 2530/3846/2202 2532/3847/2204
f 2517/3842/2189 2529/3844/2201 2534/3848/1142
f 2517/3842/2189 2534/3848/1142 2536/3849/2207
f 2517/3842/2189 2536/3849/2207 2533/3850/2205
f 2518/3845/2190 2532/3847/2204 2539/3851/2210
f 2519/3852/2191 2531/3853/2203 2541/3854/65
f 2520/3855/2192 2535/3856/2206 2543/3857/2213
f 2521/3858/2193 2537/3859/2208 2545/3860/2215
f 2522/3861/2194 2538/3862/2209 2547/3863/2217
f 2518/3845/2190 2539/3851/2210 2542/3864/2212
f 2519/3852/2191 2541/3854/65 2544/3865/2214
f 2520/3866/2192 2543/3867/2213 2546/3868/2216
f 2521/3858/2193 2545/3860/2215 2548/3869/72
f 2522/3861/2194 2547/3863/2217 2540/3870/2211
f 2523/3871/2195 2549/3872/2218 2554/3873/2223
f 2524/3874/2196 2550/3875/2219 2556/3876/2224
f 2525/3877/2197 2551/3878/2220 2557/3879/2225
f 2526/3880/2198 2552/3881/2221 2558/3882/2226
f 2527/3883/2199 2553/3884/2222 2555/3885/1161
f 2555/3885/1161 2558/3886/2226 2528/3887/2200
f 2555/3885/1161 2553/3884/2222 2558/3886/2226
f 2553/3888/2222 2526/3880/2198 2558/3882/2226
f 2558/3886/2226 2557/3889/2225 2528/3887/2200
f 2558/3882/2226 2552/3881/2221 2557/3890/2225
f 2552/3881/2221 2525/3891/2197 2557/3890/2225
f 2557/3889/2225 2556/3892/2224 2528/3887/2200
f 2557/3889/2225 2551/3893/2220 2556/3892/2224
f 2551/3893/2220 2524/3894/2196 2556/3892/2224
f 2556/3892/2224 2554/3895/2223 2528/3887/2200
f 2556/3876/2224 2550/3875/2219 2554/3873/2223
f 2550/3875/2219 2523/3871/2195 2554/3873/2223
f 2554/3895/2223 2555/3885/1161 2528/3887/2200
f 2554/3895/2223 2549/3896/2218 2555/3885/1161
f 2549/3897/2218 2527/3898/2199 2555/3899/1161
f 2540/3870/2211 2553/3888/2222 2527/3900/2199
f 2540/3870/2211 2547/3863/2217 2553/3888/2222
f 2547/3863/2217 2526/3880/2198 2553/3888/2222
f 2548/3869/72 2552/3881/2221 2526/3880/2198
f 2548/3869/72 2545/3860/2215 2552/3881/2221
f 2545/3860/2215 2525/3891/2197 2552/3881/2221
f 2546/3868/2216 2551/3878/2220 2525/3877/2197
f 2546/3868/2216 2543/3867/2213 2551/3878/2220
f 2543/3867/2213 2524/3901/2196 2551/3878/2220
f 2544/3865/2214 2550/3875/2219 2524/3874/2196
f 2544/3865/2214 2541/3854/65 2550/3875/2219
f 2541/3854/65 2523/3871/2195 2550/3875/2219
f 2542/3902/2212 2549/3872/2218 2523/3871/2195
f 2542/3864/2212 2539/3851/2210 2549/3897/2218
f 2539/3851/2210 2527/3898/2199 2549/3897/2218
f 2547/3863/2217 2548/3869/72 2526/3880/2198
f 2547/3863/2217 2538/3862/2209 2548/3869/72
f 2538/3862/2209 2521/3858/2193 2548/3869/72
f 2545/3903/2215 2546/3868/2216 2525/3877/2197
f 2545/3903/2215 2537/3904/2208 2546/3868/2216
f 2537/3904/2208 2520/3866/2192 2546/3868/2216
f 2543/3857/2213 2544/3865/2214 2524/3874/2196
f 2543/3857/2213 2535/3856/2206 2544/3865/2214
f 2535/3856/2206 2519/3852/2191 2544/3865/2214
f 2541/3854/65 2542/3902/2212 2523/3871/2195
f 2541/3854/65 2531/3853/2203 2542/3902/2212
f 2531/3853/2203 2518/3905/2190 2542/3902/2212
f 2539/3851/2210 2540/3906/2211 2527/3898/2199
f 2539/3851/2210 2532/3847/2204 2540/3906/2211
f 2532/3847/2204 2522/3907/2194 2540/3906/2211
f 2533/3908/2205 2538/3862/2209 2522/3861/2194
f 2533/3908/2205 2536/3909/2207 2538/3862/2209
f 2536/3909/2207 2521/3858/2193 2538/3862/2209
f 2536/3909/2207 2537/3859/2208 2521/3858/2193
f 2536/3849/2207 2534/3848/1142 2537/3910/2208
f 2534/3911/1142 2520/3866/2192 2537/3904/2208
f 2534/3848/1142 2535/3912/2206 2520/3913/2192
f 2534/3848/1142 2529/3844/2201 2535/3912/2206
f 2529/3914/2201 2519/3852/2191 2535/3856/2206
f 2532/3915/2204 2533/3850/2205 2522/3916/2194
f 2532/3915/2204 2530/3843/2202 2533/3850/2205
f 2530/3843/2202 2517/3842/2189 2533/3850/2205
f 2529/3914/2201 2531/3853/2203 2519/3852/2191
f 2529/3914/2201 2530/3917/2202 2531/3853/2203
f 2530/3917/2202 2518/3905/2190 2531/3853/2203
f 2559/3918/1125 2560/3919/1126 2561/3920/1269
f 2560/3919/1126 2559/3918/1125 2564/3921/1130
f 2559/3918/1125 2561/3920/1269 2562/3922/1128
f 2559/3918/1125 2562/3922/1128 2563/3923/1270
f 2559/3918/1125 2563/3923/1270 2564/3921/1130
f 2560/3924/1126 2564/3925/1130 2569/3926/1135
f 2561/3927/1269 2560/3928/1126 2565/3929/1271
f 2562/3930/1128 2561/3927/1269 2566/3931/1132
f 2563/3932/1270 2562/3933/1128 2567/3934/1133
f 2564/3935/1130 2563/3936/1270 2568/3937/1134
f 2560/3924/1126 2569/3926/1135 2565/3938/1271
f 2561/3927/1269 2565/3929/1271 2566/3931/1132
f 2562/3933/1128 2566/3939/1132 2567/3934/1133
f 2563/3936/1270 2567/3940/1133 2568/3937/1134
f 2564/3935/1130 2568/3937/1134 2569/3941/1135
f 2565/3942/1271 2569/3943/1135 2570/3944/1136
f 2566/3945/1132 2565/3942/1271 2570/3944/1136
f 2567/3946/1133 2566/3945/1132 2570/3944/1136
f 2568/3947/1134 2567/3946/1133 2570/3944/1136
f 2569/3943/1135 2568/3947/1134 2570/3944/1136
f 2571/3948/1125 2572/3949/1126 2573/3950/1269
f 2572/3949/1126 2571/3948/1125 2576/3951/1130
f 2571/3948/1125 2573/3950/1269 2574/3952/1128
f 2571/3948/1125 2574/3952/1128 2575/3953/1270
f 2571/3948/1125 2575/3953/1270 2576/3951/1130
f 2572/3954/1126 2576/3955/1130 2581/3956/1135
f 2573/3957/1269 2572/3958/1126 2577/3959/1271
f 2574/3960/1128 2573/3957/1269 2578/3961/1132
f 2575/3962/1270 2574/3963/1128 2579/3964/1133
f 2576/3965/1130 2575/3966/1270 2580/3967/1134
f 2572/3954/1126 2581/3956/1135 2577/3968/1271
f 2573/3957/1269 2577/3959/1271 2578/3961/1132
f 2574/3963/1128 2578/3969/1132 2579/3964/1133
f 2575/3966/1270 2579/3970/1133 2580/3967/1134
f 2576/3965/1130 2580/3967/1134 2581/3971/1135
f 2577/3972/1271 2581/3973/1135 2582/3974/1136
f 2578/3975/1132 2577/3972/1271 2582/3974/1136
f 2579/3976/1133 2578/3975/1132 2582/3974/1136
f 2580/3977/1134 2579/3976/1133 2582/3974/1136
f 2581/3973/1135 2580/3977/1134 2582/3974/1136
f 2583/3978/2227 2584/3979/2228 2586/3980/2230 2585/3981/2229
f 2585/3982/2229 2586/3983/2230 2590/3984/2234 2589/3985/2233
f 2589/3986/2233 2590/3987/2234 2588/3988/2232 2587/3989/2231
f 2587/3990/2231 2588/3991/2232 2584/3992/2228 2583/3993/2227
f 2585/3994/2229 2589/3995/2233 2587/3996/2231 2583/3997/2227
f 2590/3998/2234 2586/3999/2230 2584/4000/2228 2588/4001/2232
f 2591/4002/2149 2604/4003/2162 2603/4004/2161
f 2592/4005/2150 2604/4006/2162 2606/4007/2164
f 2591/4002/2149 2603/4004/2161 2608/4008/2166
f 2591/4002/2149 2608/4008/2166 2610/4009/2168
f 2591/4002/2149 2610/4009/2168 2607/4010/2165
f 2592/4005/2150 2606/4007/2164 2613/4011/2171
f 2593/4012/2151 2605/4013/2163 2615/4014/65
f 2594/4015/2152 2609/4016/2167 2617/4017/2174
f 2595/4018/2153 2611/4019/2169 2619/4020/2176
f 2596/4021/2154 2612/4022/2170 2621/4023/2178
f 2592/4005/2150 2613/4011/2171 2616/4024/2173
f 2593/4012/2151 2615/4014/65 2618/4025/2175
f 2594/4026/2152 2617/4027/2174 2620/4028/2177
f 2595/4018/2153 2619/4020/2176 2622/4029/72
f 2596/4021/2154 2621/4023/2178 2614/4030/2172
f 2597/4031/2155 2623/4032/2179 2628/4033/2184
f 2598/4034/2156 2624/4035/2180 2630/4036/2186
f 2599/4037/2157 2625/4038/2181 2631/4039/2187
f 2600/4040/2158 2626/4041/2182 2632/4042/2188
f 2601/4043/2159 2627/4044/2183 2629/4045/2185
f 2629/4046/2185 2632/4047/2188 2602/4048/2160
f 2629/4049/2185 2627/4050/2183 2632/4042/2188
f 2627/4050/2183 2600/4040/2158 2632/4042/2188
f 2632/4047/2188 2631/4051/2187 2602/4048/2160
f 2632/4042/2188 2626/4041/2182 2631/4052/2187
f 2626/4041/2182 2599/4053/2157 2631/4052/2187
f 2631/4051/2187 2630/4054/2186 2602/4048/2160
f 2631/4051/2187 2625/4055/2181 2630/4054/2186
f 2625/4056/2181 2598/4034/2156 2630/4036/2186
f 2630/4054/2186 2628/4057/2184 2602/4048/2160
f 2630/4036/2186 2624/4035/2180 2628/4033/2184
f 2624/4035/2180 2597/4031/2155 2628/4033/2184
f 2628/4057/2184 2629/4046/2185 2602/4048/2160
f 2628/4057/2184 2623/4058/2179 2629/4046/2185
f 2623/4059/2179 2601/4043/2159 2629/4045/2185
f 2614/4030/2172 2627/4050/2183 2601/4060/2159
f 2614/4030/2172 2621/4023/2178 2627/4050/2183
f 2621/4023/2178 2600/4040/2158 2627/4050/2183
f 2622/4029/72 2626/4041/2182 2600/4040/2158
f 2622/4029/72 2619/4020/2176 2626/4041/2182
f 2619/4020/2176 2599/4053/2157 2626/4041/2182
f 2620/4028/2177 2625/4038/2181 2599/4037/2157
f 2620/4028/2177 2617/4027/2174 2625/4038/2181
f 2617/4027/2174 2598/4061/2156 2625/4038/2181
f 2618/4025/2175 2624/4035/2180 2598/4034/2156
f 2618/4025/2175 2615/4014/65 2624/4035/2180
f 2615/4014/65 2597/4031/2155 2624/4035/2180
f 2616/4062/2173 2623/4032/2179 2597/4031/2155
f 2616/4024/2173 2613/4011/2171 2623/4059/2179
f 2613/4011/2171 2601/4043/2159 2623/4059/2179
f 2621/4023/2178 2622/4029/72 2600/4040/2158
f 2621/4023/2178 2612/4022/2170 2622/4029/72
f 2612/4022/2170 2595/4018/2153 2622/4029/72
f 2619/4063/2176 2620/4028/2177 2599/4037/2157
f 2619/4063/2176 2611/4064/2169 2620/4028/2177
f 2611/4064/2169 2594/4026/2152 2620/4028/2177
f 2617/4017/2174 2618/4025/2175 2598/4034/2156
f 2617/4017/2174 2609/4016/2167 2618/4025/2175
f 2609/4016/2167 2593/4012/2151 2618/4025/2175
f 2615/4014/65 2616/4062/2173 2597/4031/2155
f 2615/4014/65 2605/4013/2163 2616/4062/2173
f 2605/4013/2163 2592/4065/2150 2616/4062/2173
f 2613/4011/2171 2614/4066/2172 2601/4043/2159
f 2613/4011/2171 2606/4007/2164 2614/4066/2172
f 2606/4007/2164 2596/4067/2154 2614/4066/2172
f 2607/4068/2165 2612/4022/2170 2596/4021/2154
f 2607/4068/2165 2610/4069/2168 2612/4022/2170
f 2610/4069/2168 2595/4018/2153 2612/4022/2170
f 2610/4069/2168 2611/4019/2169 2595/4018/2153
f 2610/4009/2168 2608/4008/2166 2611/4070/2169
f 2608/4071/2166 2594/4026/2152 2611/4064/2169
f 2608/4071/2166 2609/4072/2167 2594/4026/2152
f 2608/4073/2166 2603/4074/2161 2609/4016/2167
f 2603/4074/2161 2593/4012/2151 2609/4016/2167
f 2606/4075/2164 2607/4068/2165 2596/4021/2154
f 2606/4076/2164 2604/4003/2162 2607/4010/2165
f 2604/4003/2162 2591/4002/2149 2607/4010/2165
f 2603/4074/2161 2605/4013/2163 2593/4012/2151
f 2603/4074/2161 2604/4077/2162 2605/4013/2163
f 2604/4077/2162 2592/4065/2150 2605/4013/2163
f 2633/4078/2189 2646/4079/2202 2645/4080/2201
f 2634/4081/2190 2646/4082/2202 2648/4083/2204
f 2633/4078/2189 2645/4080/2201 2650/4084/1142
f 2633/4078/2189 2650/4084/1142 2652/4085/2207
f 2633/4078/2189 2652/4085/2207 2649/4086/2205
f 2634/4081/2190 2648/4083/2204 2655/4087/2210
f 2635/4088/2191 2647/4089/2203 2657/4090/65
f 2636/4091/2192 2651/4092/2206 2659/4093/2213
f 2637/4094/2193 2653/4095/2208 2661/4096/2215
f 2638/4097/2194 2654/4098/2209 2663/4099/2217
f 2634/4081/2190 2655/4087/2210 2658/4100/2212
f 2635/4088/2191 2657/4090/65 2660/4101/2214
f 2636/4102/2192 2659/4103/2213 2662/4104/2216
f 2637/4094/2193 2661/4096/2215 2664/4105/72
f 2638/4097/2194 2663/4099/2217 2656/4106/2211
f 2639/4107/2195 2665/4108/2218 2670/4109/2223
f 2640/4110/2196 2666/4111/2219 2672/4112/2224
f 2641/4113/2197 2667/4114/2220 2673/4115/2225
f 2642/4116/2198 2668/4117/2221 2674/4118/2226
f 2643/4119/2199 2669/4120/2222 2671/4121/1161
f 2671/4121/1161 2674/4122/2226 2644/4123/2200
f 2671/4121/1161 2669/4120/2222 2674/4122/2226
f 2669/4124/2222 2642/4116/2198 2674/4118/2226
f 2674/4122/2226 2673/4125/2225 2644/4123/2200
f 2674/4118/2226 2668/4117/2221 2673/4126/2225
f 2668/4117/2221 2641/4127/2197 2673/4126/2225
f 2673/4125/2225 2672/4128/2224 2644/4123/2200
f 2673/4125/2225 2667/4129/2220 2672/4128/2224
f 2667/4129/2220 2640/4130/2196 2672/4128/2224
f 2672/4128/2224 2670/4131/2223 2644/4123/2200
f 2672/4112/2224 2666/4111/2219 2670/4109/2223
f 2666/4111/2219 2639/4107/2195 2670/4109/2223
f 2670/4131/2223 2671/4121/1161 2644/4123/2200
f 2670/4131/2223 2665/4132/2218 2671/4121/1161
f 2665/4133/2218 2643/4134/2199 2671/4135/1161
f 2656/4106/2211 2669/4124/2222 2643/4136/2199
f 2656/4106/2211 2663/4099/2217 2669/4124/2222
f 2663/4099/2217 2642/4116/2198 2669/4124/2222
f 2664/4105/72 2668/4117/2221 2642/4116/2198
f 2664/4105/72 2661/4096/2215 2668/4117/2221
f 2661/4096/2215 2641/4127/2197 2668/4117/2221
f 2662/4104/2216 2667/4114/2220 2641/4113/2197
f 2662/4104/2216 2659/4103/2213 2667/4114/2220
f 2659/4103/2213 2640/4137/2196 2667/4114/2220
f 2660/4101/2214 2666/4111/2219 2640/4110/2196
f 2660/4101/2214 2657/4090/65 2666/4111/2219
f 2657/4090/65 2639/4107/2195 2666/4111/2219
f 2658/4138/2212 2665/4108/2218 2639/4107/2195
f 2658/4100/2212 2655/4087/2210 2665/4133/2218
f 2655/4087/2210 2643/4134/2199 2665/4133/2218
f 2663/4099/2217 2664/4105/72 2642/4116/2198
f 2663/4099/2217 2654/4098/2209 2664/4105/72
f 2654/4098/2209 2637/4094/2193 2664/4105/72
f 2661/4139/2215 2662/4104/2216 2641/4113/2197
f 2661/4139/2215 2653/4140/2208 2662/4104/2216
f 2653/4140/2208 2636/4102/2192 2662/4104/2216
f 2659/4093/2213 2660/4101/2214 2640/4110/2196
f 2659/4093/2213 2651/4092/2206 2660/4101/2214
f 2651/4092/2206 2635/4088/2191 2660/4101/2214
f 2657/4090/65 2658/4138/2212 2639/4107/2195
f 2657/4090/65 2647/4089/2203 2658/4138/2212
f 2647/4089/2203 2634/4141/2190 2658/4138/2212
f 2655/4087/2210 2656/4142/2211 2643/4134/2199
f 2655/4087/2210 2648/4083/2204 2656/4142/2211
f 2648/4083/2204 2638/4143/2194 2656/4142/2211
f 2649/4144/2205 2654/4098/2209 2638/4097/2194
f 2649/4144/2205 2652/4145/2207 2654/4098/2209
f 2652/4145/2207 2637/4094/2193 2654/4098/2209
f 2652/4145/2207 2653/4095/2208 2637/4094/2193
f 2652/4085/2207 2650/4084/1142 2653/4146/2208
f 2650/4147/1142 2636/4102/2192 2653/4140/2208
f 2650/4084/1142 2651/4148/2206 2636/4149/2192
f 2650/4084/1142 2645/4080/2201 2651/4148/2206
f 2645/4150/2201 2635/4088/2191 2651/4092/2206
f 2648/4151/2204 2649/4086/2205 2638/4152/2194
f 2648/4151/2204 2646/4079/2202 2649/4086/2205
f 2646/4079/2202 2633/4078/2189 2649/4086/2205
f 2645/4150/2201 2647/4089/2203 2635/4088/2191
f 2645/4150/2201 2646/4153/2202 2647/4089/2203
f 2646/4153/2202 2634/4141/2190 2647/4089/2203
f 2675/4154/1125 2676/4155/1126 2677/4156/1269
f 2676/4155/1126 2675/4154/1125 2680/4157/1130
f 2675/4154/1125 2677/4156/1269 2678/4158/1128
f 2675/4154/1125 2678/4158/1128 2679/4159/1270
f 2675/4154/1125 2679/4159/1270 2680/4157/1130
f 2676/4160/1126 2680/4161/1130 2685/4162/1135
f 2677/4163/1269 2676/4164/1126 2681/4165/1271
f 2678/4166/1128 2677/4163/1269 2682/4167/1132
f 2679/4168/1270 2678/4169/1128 2683/4170/1133
f 2680/4171/1130 2679/4172/1270 2684/4173/1134
f 2676/4160/1126 2685/4162/1135 2681/4174/1271
f 2677/4163/1269 2681/4165/1271 2682/4167/1132
f 2678/4169/1128 2682/4175/1132 2683/4170/1133
f 2679/4172/1270 2683/4176/1133 2684/4173/1134
f 2680/4171/1130 2684/4173/1134 2685/4177/1135
f 2681/4178/1271 2685/4179/1135 2686/4180/1136
f 2682/4181/1132 2681/4178/1271 2686/4180/1136
f 2683/4182/1133 2682/4181/1132 2686/4180/1136
f 2684/4183/1134 2683/4182/1133 2686/4180/1136
f 2685/4179/1135 2684/4183/1134 2686/4180/1136
f 2687/4184/1125 2688/4185/1126 2689/4186/1269
f 2688/4185/1126 2687/4184/1125 2692/4187/1130
f 2687/4184/1125 2689/4186/1269 2690/4188/1128
f 2687/4184/1125 2690/4188/1128 2691/4189/1270
f 2687/4184/1125 2691/4189/1270 2692/4187/1130
f 2688/4190/1126 2692/4191/1130 2697/4192/1135
f 2689/4193/1269 2688/4194/1126 2693/4195/1271
f 2690/4196/1128 2689/4193/1269 2694/4197/1132
f 2691/4198/1270 2690/4199/1128 2695/4200/1133
f 2692/4201/1130 2691/4202/1270 2696/4203/1134
f 2688/4190/1126 2697/4192/1135 2693/4204/1271
f 2689/4193/1269 2693/4195/1271 2694/4197/1132
f 2690/4199/1128 2694/4205/1132 2695/4200/1133
f 2691/4202/1270 2695/4206/1133 2696/4203/1134
f 2692/4201/1130 2696/4203/1134 2697/4207/1135
f 2693/4208/1271 2697/4209/1135 2698/4210/1136
f 2694/4211/1132 2693/4208/1271 2698/4210/1136
f 2695/4212/1133 2694/4211/1132 2698/4210/1136
f 2696/4213/1134 2695/4212/1133 2698/4210/1136
f 2697/4209/1135 2696/4213/1134 2698/4210/1136
f 2699/4214/2235 2700/4215/2236 2702/4216/2238 2701/4217/2237
f 2701/4218/2237 2702/4219/2238 2706/4220/2242 2705/4221/2241
f 2705/4222/2241 2706/4223/2242 2704/4224/2240 2703/4225/2239
f 2703/4226/2239 2704/4227/2240 2700/4228/2236 2699/4229/2235
f 2701/4230/2237 2705/4231/2241 2703/4232/2239 2699/4233/2235
f 2706/4234/2242 2702/4235/2238 2700/4236/2236 2704/4237/2240
f 2707/4238/2243 2720/4239/2256 2719/4240/2255
f 2708/4241/2244 2720/4242/2256 2722/4243/2258
f 2707/4238/2243 2719/4240/2255 2724/4244/2260
f 2707/4238/2243 2724/4244/2260 2726/4245/2262
f 2707/4238/2243 2726/4245/2262 2723/4246/2259
f 2708/4241/2244 2722/4243/2258 2729/4247/2265
f 2709/4248/2245 2721/4249/2257 2731/4250/65
f 2710/4251/2246 2725/4252/2261 2733/4253/2268
f 2711/4254/2247 2727/4255/2263 2735/4256/2270
f 2712/4257/2248 2728/4258/2264 2737/4259/2272
f 2708/4241/2244 2729/4247/2265 2732/4260/2267
f 2709/4248/2245 2731/4250/65 2734/4261/2269
f 2710/4251/2246 2733/4253/2268 2736/4262/2271
f 2711/4263/2247 2735/4264/2270 2738/4265/72
f 2712/4257/2248 2737/4259/2272 2730/4266/2266
f 2713/4267/2249 2739/4268/2273 2744/4269/2278
f 2714/4270/2250 2740/4271/2274 2746/4272/2280
f 2715/4273/2251 2741/4274/2275 2747/4275/2281
f 2716/4276/2252 2742/4277/2276 2748/4278/2282
f 2717/4279/2253 2743/4280/2277 2745/4281/2279
f 2745/4282/2279 2748/4283/2282 2718/4284/2254
f 2745/4282/2279 2743/4285/2277 2748/4283/2282
f 2743/4286/2277 2716/4276/2252 2748/4278/2282
f 2748/4283/2282 2747/4287/2281 2718/4284/2254
f 2748/4283/2282 2742/4288/2276 2747/4287/2281
f 2742/4289/2276 2715/4273/2251 2747/4275/2281
f 2747/4287/2281 2746/4290/2280 2718/4284/2254
f 2747/4275/2281 2741/4274/2275 2746/4291/2280
f 2741/4274/2275 2714/4292/2250 2746/4291/2280
f 2746/4290/2280 2744/4293/2278 2718/4284/2254
f 2746/4290/2280 2740/4294/2274 2744/4293/2278
f 2740/4271/2274 2713/4295/2249 2744/4296/2278
f 2744/4293/2278 2745/4282/2279 2718/4284/2254
f 2744/4269/2278 2739/4268/2273 2745/4281/2279
f 2739/4268/2273 2717/4279/2253 2745/4281/2279
f 2730/4297/2266 2743/4280/2277 2717/4279/2253
f 2730/4266/2266 2737/4259/2272 2743/4286/2277
f 2737/4259/2272 2716/4276/2252 2743/4286/2277
f 2738/4265/72 2742/4277/2276 2716/4276/2252
f 2738/4265/72 2735/4264/2270 2742/4277/2276
f 2735/4256/2270 2715/4273/2251 2742/4289/2276
f 2736/4262/2271 2741/4274/2275 2715/4273/2251
f 2736/4262/2271 2733/4253/2268 2741/4274/2275
f 2733/4253/2268 2714/4292/2250 2741/4274/2275
f 2734/4261/2269 2740/4271/2274 2714/4270/2250
f 2734/4261/2269 2731/4250/65 2740/4271/2274
f 2731/4250/65 2713/4295/2249 2740/4271/2274
f 2732/4260/2267 2739/4268/2273 2713/4267/2249
f 2732/4260/2267 2729/4247/2265 2739/4268/2273
f 2729/4247/2265 2717/4279/2253 2739/4268/2273
f 2737/4259/2272 2738/4265/72 2716/4276/2252
f 2737/4259/2272 2728/4258/2264 2738/4265/72
f 2728/4258/2264 2711/4263/2247 2738/4265/72
f 2735/4256/2270 2736/4262/2271 2715/4273/2251
f 2735/4256/2270 2727/4255/2263 2736/4262/2271
f 2727/4255/2263 2710/4251/2246 2736/4262/2271
f 2733/4298/2268 2734/4261/2269 2714/4270/2250
f 2733/4298/2268 2725/4299/2261 2734/4261/2269
f 2725/4299/2261 2709/4248/2245 2734/4261/2269
f 2731/4250/65 2732/4300/2267 2713/4295/2249
f 2731/4250/65 2721/4249/2257 2732/4300/2267
f 2721/4301/2257 2708/4241/2244 2732/4260/2267
f 2729/4247/2265 2730/4297/2266 2717/4279/2253
f 2729/4247/2265 2722/4243/2258 2730/4297/2266
f 2722/4243/2258 2712/4302/2248 2730/4297/2266
f 2723/4303/2259 2728/4258/2264 2712/4257/2248
f 2723/4246/2259 2726/4245/2262 2728/4304/2264
f 2726/4305/2262 2711/4263/2247 2728/4258/2264
f 2726/4306/2262 2727/4255/2263 2711/4254/2247
f 2726/4306/2262 2724/4307/2260 2727/4255/2263
f 2724/4307/2260 2710/4251/2246 2727/4255/2263
f 2724/4307/2260 2725/4252/2261 2710/4251/2246
f 2724/4244/2260 2719/4240/2255 2725/4308/2261
f 2719/4309/2255 2709/4248/2245 2725/4299/2261
f 2722/4243/2258 2723/4310/2259 2712/4302/2248
f 2722/4243/2258 2720/4242/2256 2723/4310/2259
f 2720/4239/2256 2707/4238/2243 2723/4246/2259
f 2719/4309/2255 2721/4249/2257 2709/4248/2245
f 2719/4240/2255 2720/4239/2256 2721/4311/2257
f 2720/4242/2256 2708/4241/2244 2721/4301/2257
f 2749/4312/2283 2750/4313/2284 2752/4314/2286 2751/4315/2285
f 2751/4316/2285 2752/4317/2286 2756/4318/2290 2755/4319/2289
f 2755/4320/2289 2756/4321/2290 2754/4322/2288 2753/4323/2287
f 2753/4324/2287 2754/4325/2288 2750/4326/2284 2749/4327/2283
f 2751/4328/2285 2755/4329/2289 2753/4330/2287 2749/4331/2283
f 2756/4332/2290 2752/4333/2286 2750/4334/2284 2754/4335/2288
f 2757/4336/1125 2772/4337/2304 2771/4338/2303
f 2758/4339/2291 2774/4340/2306 2780/4341/2312
f 2757/4336/1125 2771/4338/2303 2786/4342/2318
f 2757/4336/1125 2786/4342/2318 2792/4343/2324
f 2757/4336/1125 2792/4343/2324 2781/4344/2313
f 2758/4339/2291 2780/4341/2312 2801/4345/2333
f 2759/4346/2292 2777/4347/2309 2807/4348/2338
f 2760/4349/2293 2789/4350/2321 2813/4351/2344
f 2761/4352/2294 2795/4353/2327 2819/4354/2350
f 2762/4355/2295 2798/4356/2330 2825/4357/2356
f 2758/4339/2291 2801/4345/2333 2808/4358/2339
f 2759/4346/2292 2807/4348/2338 2814/4359/2345
f 2760/4349/2293 2813/4351/2344 2820/4360/2351
f 2761/4352/2294 2819/4354/2350 2826/4361/2357
f 2762/4355/2295 2825/4357/2356 2802/4362/2334
f 2763/4363/2296 2831/4364/2361 2846/4365/2376
f 2764/4366/2297 2834/4367/2364 2852/4368/2382
f 2765/4369/2298 2837/4370/2367 2855/4371/2385
f 2766/4372/2299 2840/4373/2370 2858/4374/2388
f 2767/4375/2300 2843/4376/2373 2847/4377/2377
f 2849/4378/2379 2856/4379/2386 2768/4380/1136
f 2848/4381/2378 2859/4382/2389 2849/4378/2379
f 2847/4383/2377 2860/4384/2390 2848/4381/2378
f 2849/4378/2379 2859/4382/2389 2856/4379/2386
f 2859/4382/2389 2857/4385/2387 2856/4379/2386
f 2848/4381/2378 2860/4384/2390 2859/4382/2389
f 2860/4384/2390 2861/4386/2391 2859/4382/2389
f 2859/4382/2389 2861/4386/2391 2857/4385/2387
f 2861/4386/2391 2858/4387/2388 2857/4385/2387
f 2847/4383/2377 2843/4388/2373 2860/4384/2390
f 2843/4388/2373 2842/4389/2372 2860/4384/2390
f 2860/4384/2390 2842/4389/2372 2861/4386/2391
f 2842/4390/2372 2841/4391/2371 2861/4392/2391
f 2861/4386/2391 2841/4393/2371 2858/4387/2388
f 2841/4391/2371 2766/4372/2299 2858/4374/2388
f 2856/4379/2386 2853/4394/2383 2768/4380/1136
f 2857/4385/2387 2862/4395/2392 2856/4379/2386
f 2858/4387/2388 2863/4396/2393 2857/4385/2387
f 2856/4379/2386 2862/4395/2392 2853/4394/2383
f 2862/4395/2392 2854/4397/2384 2853/4394/2383
f 2857/4385/2387 2863/4396/2393 2862/4395/2392
f 2863/4396/2393 2864/4398/2394 2862/4395/2392
f 2862/4395/2392 2864/4398/2394 2854/4397/2384
f 2864/4398/2394 2855/4399/2385 2854/4397/2384
f 2858/4374/2388 2840/4373/2370 2863/4400/2393
f 2840/4373/2370 2839/4401/2369 2863/4400/2393
f 2863/4396/2393 2839/4402/2369 2864/4398/2394
f 2839/4402/2369 2838/4403/2368 2864/4398/2394
f 2864/4398/2394 2838/4403/2368 2855/4399/2385
f 2838/4404/2368 2765/4369/2298 2855/4371/2385
f 2853/4394/2383 2850/4405/2380 2768/4380/1136
f 2854/4397/2384 2865/4406/2395 2853/4394/2383
f 2855/4399/2385 2866/4407/2396 2854/4397/2384
f 2853/4394/2383 2865/4406/2395 2850/4405/2380
f 2865/4406/2395 2851/4408/2381 2850/4405/2380
f 2854/4397/2384 2866/4407/2396 2865/4406/2395
f 2866/4407/2396 2867/4409/2397 2865/4406/2395
f 2865/4406/2395 2867/4409/2397 2851/4408/2381
f 2867/4409/2397 2852/4410/2382 2851/4408/2381
f 2855/4371/2385 2837/4370/2367 2866/4411/2396
f 2837/4370/2367 2836/4412/2366 2866/4411/2396
f 2866/4407/2396 2836/4413/2366 2867/4409/2397
f 2836/4412/2366 2835/4414/2365 2867/4415/2397
f 2867/4409/2397 2835/4416/2365 2852/4410/2382
f 2835/4416/2365 2764/4417/2297 2852/4410/2382
f 2850/4405/2380 2844/4418/2374 2768/4380/1136
f 2851/4408/2381 2868/4419/2398 2850/4405/2380
f 2852/4410/2382 2869/4420/2399 2851/4408/2381
f 2850/4405/2380 2868/4419/2398 2844/4418/2374
f 2868/4419/2398 2845/4421/2375 2844/4418/2374
f 2851/4408/2381 2869/4420/2399 2868/4419/2398
f 2869/4420/2399 2870/4422/2400 2868/4419/2398
f 2868/4419/2398 2870/4422/2400 2845/4421/2375
f 2870/4422/2400 2846/4365/2376 2845/4421/2375
f 2852/4410/2382 2834/4423/2364 2869/4420/2399
f 2834/4367/2364 2833/4424/2363 2869/4425/2399
f 2869/4420/2399 2833/4426/2363 2870/4422/2400
f 2833/4424/2363 2832/4427/2362 2870/4428/2400
f 2870/4422/2400 2832/4429/2362 2846/4365/2376
f 2832/4427/2362 2763/4430/2296 2846/4431/2376
f 2844/4418/2374 2849/4378/2379 2768/4380/1136
f 2845/4421/2375 2871/4432/2401 2844/4418/2374
f 2846/4365/2376 2872/4433/2402 2845/4421/2375
f 2844/4418/2374 2871/4432/2401 2849/4378/2379
f 2871/4432/2401 2848/4381/2378 2849/4378/2379
f 2845/4421/2375 2872/4433/2402 2871/4432/2401
f 2872/4433/2402 2873/4434/2403 2871/4432/2401
f 2871/4432/2401 2873/4434/2403 2848/4381/2378
f 2873/4434/2403 2847/4383/2377 2848/4381/2378
f 2846/4365/2376 2831/4364/2361 2872/4433/2402
f 2831/4364/2361 2830/4435/2360 2872/4433/2402
f 2872/4433/2402 2830/4435/2360 2873/4434/2403
f 2830/4436/2360 2829/4437/2359 2873/4438/2403
f 2873/4438/2403 2829/4437/2359 2847/4377/2377
f 2829/4437/2359 2767/4375/2300 2847/4377/2377
f 2804/4439/2336 2843/4376/2373 2767/4375/2300
f 2803/4440/2335 2874/4441/2404 2804/4439/2336
f 2802/4442/2334 2875/4443/2405 2803/4440/2335
f 2804/4439/2336 2874/4441/2404 2843/4376/2373
f 2874/4441/2404 2842/4444/2372 2843/4376/2373
f 2803/4440/2335 2875/4443/2405 2874/4441/2404
f 2875/4445/2405 2876/4446/2406 2874/4447/2404
f 2874/4447/2404 2876/4446/2406 2842/4390/2372
f 2876/4446/2406 2841/4391/2371 2842/4390/2372
f 2802/4362/2334 2825/4357/2356 2875/4445/2405
f 2825/4357/2356 2824/4448/2355 2875/4445/2405
f 2875/4445/2405 2824/4448/2355 2876/4446/2406
f 2824/4448/2355 2823/4449/2354 2876/4446/2406
f 2876/4446/2406 2823/4449/2354 2841/4391/2371
f 2823/4449/2354 2766/4372/2299 2841/4391/2371
f 2828/4450/2358 2840/4373/2370 2766/4372/2299
f 2827/4451/72 2877/4452/2407 2828/4450/2358
f 2826/4361/2357 2878/4453/2408 2827/4451/72
f 2828/4450/2358 2877/4452/2407 2840/4373/2370
f 2877/4452/2407 2839/4401/2369 2840/4373/2370
f 2827/4451/72 2878/4453/2408 2877/4452/2407
f 2878/4453/2408 2879/4454/2409 2877/4452/2407
f 2877/4452/2407 2879/4454/2409 2839/4401/2369
f 2879/4454/2409 2838/4455/2368 2839/4401/2369
f 2826/4361/2357 2819/4354/2350 2878/4453/2408
f 2819/4354/2350 2818/4456/2349 2878/4453/2408
f 2878/4453/2408 2818/4456/2349 2879/4454/2409
f 2818/4457/2349 2817/4458/2348 2879/4459/2409
f 2879/4459/2409 2817/4458/2348 2838/4404/2368
f 2817/4458/2348 2765/4369/2298 2838/4404/2368
f 2822/4460/2353 2837/4370/2367 2765/4369/2298
f 2821/4461/2352 2880/4462/2410 2822/4460/2353
f 2820/4360/2351 2881/4463/2411 2821/4461/2352
f 2822/4460/2353 2880/4462/2410 2837/4370/2367
f 2880/4462/2410 2836/4412/2366 2837/4370/2367
f 2821/4461/2352 2881/4463/2411 2880/4462/2410
f 2881/4463/2411 2882/4464/2412 2880/4462/2410
f 2880/4462/2410 2882/4464/2412 2836/4412/2366
f 2882/4464/2412 2835/4414/2365 2836/4412/2366
f 2820/4360/2351 2813/4351/2344 2881/4463/2411
f 2813/4351/2344 2812/4465/2343 2881/4463/2411
f 2881/4463/2411 2812/4465/2343 2882/4464/2412
f 2812/4465/2343 2811/4466/2342 2882/4464/2412
f 2882/4464/2412 2811/4466/2342 2835/4414/2365
f 2811/4466/2342 2764/4467/2297 2835/4414/2365
f 2816/4468/2347 2834/4367/2364 2764/4366/2297
f 2815/4469/2346 2883/4470/2413 2816/4468/2347
f 2814/4359/2345 2884/4471/2414 2815/4469/2346
f 2816/4468/2347 2883/4470/2413 2834/4367/2364
f 2883/4470/2413 2833/4424/2363 2834/4367/2364
f 2815/4469/2346 2884/4471/2414 2883/4470/2413
f 2884/4471/2414 2885/4472/2415 2883/4470/2413
f 2883/4470/2413 2885/4472/2415 2833/4424/2363
f 2885/4472/2415 2832/4427/2362 2833/4424/2363
f 2814/4359/2345 2807/4348/2338 2884/4471/2414
f 2807/4348/2338 2806/4473/65 2884/4471/2414
f 2884/4471/2414 2806/4473/65 2885/4472/2415
f 2806/4473/65 2805/4474/2337 2885/4472/2415
f 2885/4472/2415 2805/4474/2337 2832/4427/2362
f 2805/4474/2337 2763/4430/2296 2832/4427/2362
f 2810/4475/2341 2831/4476/2361 2763/4430/2296
f 2809/4477/2340 2886/4478/2416 2810/4479/2341
f 2808/4358/2339 2887/4480/2417 2809/4477/2340
f 2810/4479/2341 2886/4478/2416 2831/4481/2361
f 2886/4478/2416 2830/4436/2360 2831/4481/2361
f 2809/4477/2340 2887/4480/2417 2886/4478/2416
f 2887/4480/2417 2888/4482/2418 2886/4478/2416
f 2886/4478/2416 2888/4482/2418 2830/4436/2360
f 2888/4482/2418 2829/4437/2359 2830/4436/2360
f 2808/4358/2339 2801/4345/2333 2887/4480/2417
f 2801/4345/2333 2800/4483/2332 2887/4480/2417
f 2887/4480/2417 2800/4483/2332 2888/4482/2418
f 2800/4483/2332 2799/4484/2331 2888/4482/2418
f 2888/4482/2418 2799/4484/2331 2829/4437/2359
f 2799/4484/2331 2767/4375/2300 2829/4437/2359
f 2823/4449/2354 2828/4450/2358 2766/4372/2299
f 2824/4448/2355 2889/4485/2419 2823/4449/2354
f 2825/4357/2356 2890/4486/2420 2824/4448/2355
f 2823/4449/2354 2889/4485/2419 2828/4450/2358
f 2889/4485/2419 2827/4451/72 2828/4450/2358
f 2824/4448/2355 2890/4486/2420 2889/4485/2419
f 2890/4486/2420 2891/4487/2421 2889/4485/2419
f 2889/4485/2419 2891/4487/2421 2827/4451/72
f 2891/4487/2421 2826/4361/2357 2827/4451/72
f 2825/4357/2356 2798/4356/2330 2890/4486/2420
f 2798/4356/2330 2797/4488/2329 2890/4486/2420
f 2890/4486/2420 2797/4488/2329 2891/4487/2421
f 2797/4488/2329 2796/4489/2328 2891/4487/2421
f 2891/4487/2421 2796/4489/2328 2826/4361/2357
f 2796/4489/2328 2761/4352/2294 2826/4361/2357
f 2817/4458/2348 2822/4460/2353 2765/4369/2298
f 2818/4457/2349 2892/4490/2422 2817/4458/2348
f 2819/4491/2350 2893/4492/2423 2818/4457/2349
f 2817/4458/2348 2892/4490/2422 2822/4460/2353
f 2892/4490/2422 2821/4461/2352 2822/4460/2353
f 2818/4457/2349 2893/4492/2423 2892/4490/2422
f 2893/4492/2423 2894/4493/2424 2892/4490/2422
f 2892/4490/2422 2894/4493/2424 2821/4461/2352
f 2894/4493/2424 2820/4360/2351 2821/4461/2352
f 2819/4491/2350 2795/4494/2327 2893/4492/2423
f 2795/4494/2327 2794/4495/2326 2893/4492/2423
f 2893/4492/2423 2794/4495/2326 2894/4493/2424
f 2794/4495/2326 2793/4496/2325 2894/4493/2424
f 2894/4493/2424 2793/4496/2325 2820/4360/2351
f 2793/4496/2325 2760/4349/2293 2820/4360/2351
f 2811/4497/2342 2816/4468/2347 2764/4366/2297
f 2812/4465/2343 2895/4498/2425 2811/4466/2342
f 2813/4351/2344 2896/4499/2426 2812/4465/2343
f 2811/4497/2342 2895/4500/2425 2816/4468/2347
f 2895/4500/2425 2815/4469/2346 2816/4468/2347
f 2812/4465/2343 2896/4499/2426 2895/4498/2425
f 2896/4501/2426 2897/4502/2427 2895/4500/2425
f 2895/4500/2425 2897/4502/2427 2815/4469/2346
f 2897/4502/2427 2814/4359/2345 2815/4469/2346
f 2813/4351/2344 2789/4350/2321 2896/4499/2426
f 2789/4350/2321 2788/4503/2320 2896/4499/2426
f 2896/4501/2426 2788/4504/2320 2897/4502/2427
f 2788/4504/2320 2787/4505/2319 2897/4502/2427
f 2897/4502/2427 2787/4505/2319 2814/4359/2345
f 2787/4505/2319 2759/4346/2292 2814/4359/2345
f 2805/4474/2337 2810/4475/2341 2763/4430/2296
f 2806/4473/65 2898/4506/2428 2805/4474/2337
f 2807/4348/2338 2899/4507/2429 2806/4473/65
f 2805/4474/2337 2898/4506/2428 2810/4475/2341
f 2898/4506/2428 2809/4508/2340 2810/4475/2341
f 2806/4473/65 2899/4507/2429 2898/4506/2428
f 2899/4507/2429 2900/4509/2430 2898/4506/2428
f 2898/4506/2428 2900/4509/2430 2809/4508/2340
f 2900/4510/2430 2808/4358/2339 2809/4477/2340
f 2807/4348/2338 2777/4347/2309 2899/4507/2429
f 2777/4347/2309 2776/4511/2308 2899/4507/2429
f 2899/4507/2429 2776/4511/2308 2900/4509/2430
f 2776/4511/2308 2775/4512/2307 2900/4509/2430
f 2900/4510/2430 2775/4513/2307 2808/4358/2339
f 2775/4513/2307 2758/4339/2291 2808/4358/2339
f 2799/4484/2331 2804/4439/2336 2767/4375/2300
f 2800/4483/2332 2901/4514/2431 2799/4484/2331
f 2801/4345/2333 2902/4515/2432 2800/4483/2332
f 2799/4484/2331 2901/4514/2431 2804/4439/2336
f 2901/4514/2431 2803/4440/2335 2804/4439/2336
f 2800/4483/2332 2902/4515/2432 2901/4514/2431
f 2902/4515/2432 2903/4516/2433 2901/4514/2431
f 2901/4514/2431 2903/4516/2433 2803/4440/2335
f 2903/4516/2433 2802/4442/2334 2803/4440/2335
f 2801/4345/2333 2780/4341/2312 2902/4515/2432
f 2780/4341/2312 2779/4517/2311 2902/4515/2432
f 2902/4515/2432 2779/4517/2311 2903/4516/2433
f 2779/4517/2311 2778/4518/2310 2903/4516/2433
f 2903/4516/2433 2778/4518/2310 2802/4442/2334
f 2778/4518/2310 2762/4519/2295 2802/4442/2334
f 2783/4520/2315 2798/4356/2330 2762/4355/2295
f 2782/4521/2314 2904/4522/2434 2783/4523/2315
f 2781/4344/2313 2905/4524/2435 2782/4521/2314
f 2783/4523/2315 2904/4522/2434 2798/4525/2330
f 2904/4526/2434 2797/4488/2329 2798/4356/2330
f 2782/4521/2314 2905/4524/2435 2904/4522/2434
f 2905/4524/2435 2906/4527/2436 2904/4522/2434
f 2904/4522/2434 2906/4527/2436 2797/4528/2329
f 2906/4529/2436 2796/4489/2328 2797/4488/2329
f 2781/4344/2313 2792/4343/2324 2905/4524/2435
f 2792/4343/2324 2791/4530/2323 2905/4524/2435
f 2905/4524/2435 2791/4530/2323 2906/4527/2436
f 2791/4530/2323 2790/4531/2322 2906/4527/2436
f 2906/4527/2436 2790/4531/2322 2796/4532/2328
f 2790/4533/2322 2761/4352/2294 2796/4489/2328
f 2790/4531/2322 2795/4534/2327 2761/4535/2294
f 2791/4530/2323 2907/4536/2437 2790/4531/2322
f 2792/4343/2324 2908/4537/2438 2791/4530/2323
f 2790/4531/2322 2907/4536/2437 2795/4534/2327
f 2907/4536/2437 2794/4538/2326 2795/4534/2327
f 2791/4530/2323 2908/4537/2438 2907/4536/2437
f 2908/4537/2438 2909/4539/2439 2907/4536/2437
f 2907/4536/2437 2909/4539/2439 2794/4538/2326
f 2909/4540/2439 2793/4496/2325 2794/4495/2326
f 2792/4343/2324 2786/4342/2318 2908/4537/2438
f 2786/4342/2318 2785/4541/2317 2908/4537/2438
f 2908/4537/2438 2785/4541/2317 2909/4539/2439
f 2785/4541/2317 2784/4542/2316 2909/4539/2439
f 2909/4540/2439 2784/4543/2316 2793/4496/2325
f 2784/4543/2316 2760/4349/2293 2793/4496/2325
f 2784/4543/2316 2789/4350/2321 2760/4349/2293
f 2785/4541/2317 2910/4544/2440 2784/4542/2316
f 2786/4342/2318 2911/4545/2441 2785/4541/2317
f 2784/4542/2316 2910/4544/2440 2789/4546/2321
f 2910/4544/2440 2788/4547/2320 2789/4546/2321
f 2785/4541/2317 2911/4545/2441 2910/4544/2440
f 2911/4545/2441 2912/4548/2442 2910/4544/2440
f 2910/4544/2440 2912/4548/2442 2788/4547/2320
f 2912/4548/2442 2787/4549/2319 2788/4547/2320
f 2786/4342/2318 2771/4338/2303 2911/4545/2441
f 2771/4338/2303 2770/4550/2302 2911/4545/2441
f 2911/4545/2441 2770/4550/2302 2912/4548/2442
f 2770/4550/2302 2769/4551/2301 2912/4548/2442
f 2912/4548/2442 2769/4551/2301 2787/4549/2319
f 2769/4552/2301 2759/4346/2292 2787/4505/2319
f 2778/4553/2310 2783/4523/2315 2762/4554/2295
f 2779/4517/2311 2913/4555/2443 2778/4518/2310
f 2780/4341/2312 2914/4556/2444 2779/4517/2311
f 2778/4553/2310 2913/4557/2443 2783/4523/2315
f 2913/4557/2443 2782/4521/2314 2783/4523/2315
f 2779/4558/2311 2914/4559/2444 2913/4557/2443
f 2914/4559/2444 2915/4560/2445 2913/4557/2443
f 2913/4557/2443 2915/4560/2445 2782/4521/2314
f 2915/4560/2445 2781/4344/2313 2782/4521/2314
f 2780/4341/2312 2774/4340/2306 2914/4556/2444
f 2774/4561/2306 2773/4562/2305 2914/4559/2444
f 2914/4559/2444 2773/4562/2305 2915/4560/2445
f 2773/4562/2305 2772/4337/2304 2915/4560/2445
f 2915/4560/2445 2772/4337/2304 2781/4344/2313
f 2772/4337/2304 2757/4336/1125 2781/4344/2313
f 2769/4552/2301 2777/4347/2309 2759/4346/2292
f 2770/4550/2302 2916/4563/2446 2769/4551/2301
f 2771/4338/2303 2917/4564/2447 2770/4550/2302
f 2769/4552/2301 2916/4565/2446 2777/4347/2309
f 2916/4565/2446 2776/4511/2308 2777/4347/2309
f 2770/4550/2302 2917/4564/2447 2916/4563/2446
f 2917/4564/2447 2918/4566/2448 2916/4563/2446
f 2916/4563/2446 2918/4566/2448 2776/4567/2308
f 2918/4566/2448 2775/4568/2307 2776/4567/2308
f 2771/4338/2303 2772/4337/2304 2917/4564/2447
f 2772/4337/2304 2773/4562/2305 2917/4564/2447
f 2917/4564/2447 2773/4562/2305 2918/4566/2448
f 2773/4562/2305 2774/4561/2306 2918/4566/2448
f 2918/4566/2448 2774/4561/2306 2775/4568/2307
f 2774/4340/2306 2758/4339/2291 2775/4513/2307
f 2919/4569/2449 2932/4570/2462 2931/4571/2461
f 2920/4572/2450 2932/4573/2462 2934/4574/2464
f 2919/4569/2449 2931/4571/2461 2936/4575/2466
f 2919/4569/2449 2936/4575/2466 2938/4576/2468
f 2919/4569/2449 2938/4576/2468 2935/4577/2465
f 2920/4572/2450 2934/4574/2464 2941/4578/2471
f 2921/4579/2451 2933/4580/2463 2943/4581/65
f 2922/4582/2452 2937/4583/2467 2945/4584/2474
f 2923/4585/2453 2939/4586/2469 2947/4587/2476
f 2924/4588/2454 2940/4589/2470 2949/4590/2478
f 2920/4572/2450 2941/4578/2471 2944/4591/2473
f 2921/4579/2451 2943/4581/65 2946/4592/2475
f 2922/4582/2452 2945/4584/2474 2948/4593/2477
f 2923/4585/2453 2947/4587/2476 2950/4594/72
f 2924/4588/2454 2949/4590/2478 2942/4595/2472
f 2925/4596/2455 2951/4597/2479 2956/4598/2484
f 2926/4599/2456 2952/4600/2480 2958/4601/2486
f 2927/4602/2457 2953/4603/2481 2959/4604/2487
f 2928/4605/2458 2954/4606/2482 2960/4607/2488
f 2929/4608/2459 2955/4609/2483 2957/4610/2485
f 2957/4610/2485 2960/4611/2488 2930/4612/2460
f 2957/4610/2485 2955/4609/2483 2960/4611/2488
f 2955/4613/2483 2928/4605/2458 2960/4607/2488
f 2960/4611/2488 2959/4614/2487 2930/4612/2460
f 2960/4607/2488 2954/4606/2482 2959/4615/2487
f 2954/4606/2482 2927/4616/2457 2959/4615/2487
f 2959/4614/2487 2958/4617/2486 2930/4612/2460
f 2959/4614/2487 2953/4618/2481 2958/4617/2486
f 2953/4618/2481 2926/4619/2456 2958/4617/2486
f 2958/4617/2486 2956/4620/2484 2930/4612/2460
f 2958/4601/2486 2952/4600/2480 2956/4598/2484
f 2952/4600/2480 2925/4596/2455 2956/4598/2484
f 2956/4620/2484 2957/4610/2485 2930/4612/2460
f 2956/4620/2484 2951/4621/2479 2957/4610/2485
f 2951/4622/2479 2929/4623/2459 2957/4624/2485
f 2942/4625/2472 2955/4626/2483 2929/4623/2459
f 2942/4595/2472 2949/4590/2478 2955/4613/2483
f 2949/4590/2478 2928/4605/2458 2955/4613/2483
f 2950/4594/72 2954/4606/2482 2928/4605/2458
f 2950/4594/72 2947/4587/2476 2954/4606/2482
f 2947/4587/2476 2927/4616/2457 2954/4606/2482
f 2948/4593/2477 2953/4603/2481 2927/4602/2457
f 2948/4593/2477 2945/4584/2474 2953/4603/2481
f 2945/4584/2474 2926/4627/2456 2953/4603/2481
f 2946/4592/2475 2952/4600/2480 2926/4599/2456
f 2946/4592/2475 2943/4581/65 2952/4600/2480
f 2943/4581/65 2925/4596/2455 2952/4600/2480
f 2944/4628/2473 2951/4597/2479 2925/4596/2455
f 2944/4591/2473 2941/4578/2471 2951/4622/2479
f 2941/4578/2471 2929/4623/2459 2951/4622/2479
f 2949/4590/2478 2950/4594/72 2928/4605/2458
f 2949/4590/2478 2940/4589/2470 2950/4594/72
f 2940/4589/2470 2923/4585/2453 2950/4594/72
f 2947/4629/2476 2948/4593/2477 2927/4602/2457
f 2947/4629/2476 2939/4630/2469 2948/4593/2477
f 2939/4630/2469 2922/4582/2452 2948/4593/2477
f 2945/4631/2474 2946/4592/2475 2926/4599/2456
f 2945/4631/2474 2937/4632/2467 2946/4592/2475
f 2937/4632/2467 2921/4579/2451 2946/4592/2475
f 2943/4581/65 2944/4628/2473 2925/4596/2455
f 2943/4581/65 2933/4580/2463 2944/4628/2473
f 2933/4580/2463 2920/4633/2450 2944/4628/2473
f 2941/4578/2471 2942/4625/2472 2929/4623/2459
f 2941/4578/2471 2934/4574/2464 2942/4625/2472
f 2934/4574/2464 2924/4634/2454 2942/4625/2472
f 2935/4635/2465 2940/4589/2470 2924/4588/2454
f 2935/4635/2465 2938/4636/2468 2940/4589/2470
f 2938/4636/2468 2923/4585/2453 2940/4589/2470
f 2938/4636/2468 2939/4586/2469 2923/4585/2453
f 2938/4576/2468 2936/4575/2466 2939/4637/2469
f 2936/4638/2466 2922/4582/2452 2939/4630/2469
f 2936/4575/2466 2937/4639/2467 2922/4640/2452
f 2936/4575/2466 2931/4571/2461 2937/4639/2467
f 2931/4641/2461 2921/4579/2451 2937/4632/2467
f 2934/4642/2464 2935/4577/2465 2924/4643/2454
f 2934/4642/2464 2932/4570/2462 2935/4577/2465
f 2932/4570/2462 2919/4569/2449 2935/4577/2465
f 2931/4641/2461 2933/4580/2463 2921/4579/2451
f 2931/4641/2461 2932/4644/2462 2933/4580/2463
f 2932/4644/2462 2920/4633/2450 2933/4580/2463
f 2961/4645/2489 2962/4646/2490 2964/4647/2492 2963/4648/2491
f 2963/4648/2491 2964/4647/2492 2966/4649/2494 2965/4650/2493
f 2965/4651/2493 2966/4652/2494 2968/4653/2496 2967/4654/2495
f 2967/4655/2495 2968/4656/2496 2970/4657/2498 2969/4658/2497
f 2964/4659/2492 2962/4660/2490 2972/4661/2500 2970/4662/2498 2968/4663/2496 2966/4664/2494
f 2969/4658/2497 2970/4657/2498 2972/4665/2500 2971/4666/2499
f 2971/4667/2499 2972/4668/2500 2962/4669/2490 2961/4670/2489
f 2961/4671/2489 2963/4672/2491 2965/4673/2493 2967/4674/2495 2969/4675/2497 2971/4676/2499
f 2973/4677/2501 2974/4678/2502 2976/4679/2504 2975/4680/2503
f 2975/4681/2503 2976/4682/2504 2978/4683/2506 2977/4684/2505
f 2977/4685/2505 2978/4686/2506 2980/4687/2508 2979/4688/2507
f 2979/4688/2507 2980/4687/2508 2982/4689/2510 2981/4690/2509
f 2976/4691/2504 2974/4692/2502 2984/4693/2512 2982/4694/2510 2980/4695/2508 2978/4696/2506
f 2981/4697/2509 2982/4698/2510 2984/4699/2512 2983/4700/2511
f 2983/4701/2511 2984/4702/2512 2974/4678/2502 2973/4677/2501
f 2973/4703/2501 2975/4704/2503 2977/4705/2505 2979/4706/2507 2981/4707/2509 2983/4708/2511
f 2985/4709/2513 2986/4710/2514 2988/4711/2516 2987/4712/2515
f 2987/4713/2515 2988/4714/2516 2990/4715/2518 2989/4716/2517
f 2989/4717/2517 2990/4718/2518 2992/4719/2520 2991/4720/2519
f 2991/4720/2519 2992/4719/2520 2994/4721/2522 2993/4722/2521
f 2988/4723/2516 2986/4724/2514 2996/4725/2524 2994/4726/2522 2992/4727/2520 2990/4728/2518
f 2993/4729/2521 2994/4730/2522 2996/4731/2524 2995/4732/2523
f 2995/4733/2523 2996/4734/2524 2986/4710/2514 2985/4709/2513
f 2985/4735/2513 2987/4736/2515 2989/4737/2517 2991/4738/2519 2993/4739/2521 2995/4740/2523
f 2997/4741/2525 2998/4742/2526 3000/4743/2528 2999/4744/2527
f 2999/4745/2527 3000/4746/2528 3002/4747/2530 3001/4748/2529
f 3001/4748/2529 3002/4747/2530 3004/4749/2532 3003/4750/2531
f 3003/4751/2531 3004/4752/2532 3006/4753/2534 3005/4754/2533
f 3000/4755/2528 2998/4756/2526 3008/4757/2536 3006/4758/2534 3004/4759/2532 3002/4760/2530
f 3005/4761/2533 3006/4762/2534 3008/4763/2536 3007/4764/2535
f 3007/4764/2535 3008/4763/2536 2998/4765/2526 2997/4766/2525
f 2997/4767/2525 2999/4768/2527 3001/4769/2529 3003/4770/2531 3005/4771/2533 3007/4772/2535
f 3009/4773/2537 3010/4774/2538 3012/4775/2540 3011/4776/2539
f 3011/4776/2539 3012/4775/2540 3014/4777/2542 3013/4778/2541
f 3013/4779/2541 3014/4780/2542 3016/4781/2544 3015/4782/2543
f 3015/4783/2543 3016/4784/2544 3018/4785/2546 3017/4786/2545
f 3012/4787/2540 3010/4788/2538 3020/4789/2548 3018/4790/2546 3016/4791/2544 3014/4792/2542
f 3017/4786/2545 3018/4785/2546 3020/4793/2548 3019/4794/2547
f 3019/4795/2547 3020/4796/2548 3010/4797/2538 3009/4798/2537
f 3009/4799/2537 3011/4800/2539 3013/4801/2541 3015/4802/2543 3017/4803/2545 3019/4804/2547
