# axis-converted-to-Y-up
# Blender 5.1.1
# www.blender.org
mtllib npc_cici.mtl
o npc_cici
v 0.000000 0.358400 0.072298
v 0.000000 0.707067 0.117786
v -0.065603 0.382071 0.215128
v -0.048595 0.707067 0.106695
v -0.118213 0.382071 0.173174
v -0.087565 0.707067 0.075617
v -0.147409 0.382071 0.112547
v -0.109192 0.707067 0.030708
v -0.147409 0.382071 0.045257
v -0.109192 0.707067 -0.019136
v -0.118213 0.382071 -0.015370
v -0.087565 0.707067 -0.064045
v -0.065603 0.382071 -0.057324
v -0.048595 0.707067 -0.095123
v 0.000000 0.358400 -0.230102
v 0.000000 0.707067 -0.106214
v 0.065603 0.358400 -0.215128
v 0.048595 0.707067 -0.095123
v 0.118213 0.358400 -0.173174
v 0.087565 0.707067 -0.064045
v 0.147409 0.358400 -0.112547
v 0.109192 0.707067 -0.019136
v 0.147409 0.358400 -0.045257
v 0.109192 0.707067 0.030708
v 0.118213 0.358400 0.015370
v 0.087565 0.707067 0.075617
v 0.065603 0.358400 0.057324
v 0.048595 0.707067 0.106695
v -0.078001 0.382884 0.124047
v -0.077321 0.080326 0.121992
v -0.052252 0.382728 0.124193
v -0.056556 0.080201 0.122110
v -0.031337 0.382322 0.109179
v -0.039689 0.079873 0.110002
v -0.023244 0.381820 0.084739
v -0.033162 0.079468 0.090293
v -0.031064 0.381414 0.060209
v -0.039469 0.079141 0.070510
v -0.051811 0.381258 0.044958
v -0.056200 0.079016 0.058211
v -0.077560 0.381414 0.044812
v -0.076965 0.079141 0.058093
v -0.098475 0.381820 0.059826
v -0.093833 0.079469 0.070201
v -0.106569 0.382322 0.084266
v -0.100359 0.079873 0.089911
v -0.098748 0.382728 0.108796
v -0.094053 0.080201 0.109693
v 0.078001 0.359213 -0.033757
v 0.077321 0.056655 -0.035812
v 0.098748 0.359057 -0.049008
v 0.094053 0.056530 -0.048111
v 0.106569 0.358651 -0.073538
v 0.100359 0.056202 -0.067893
v 0.098475 0.358149 -0.097978
v 0.093833 0.055798 -0.087603
v 0.077560 0.357743 -0.112992
v 0.076965 0.055470 -0.099711
v 0.051811 0.357587 -0.112846
v 0.056200 0.055345 -0.099593
v 0.031064 0.357743 -0.097595
v 0.039469 0.055470 -0.087294
v 0.023244 0.358149 -0.073065
v 0.033162 0.055797 -0.067511
v 0.031337 0.358651 -0.048625
v 0.039689 0.056202 -0.047802
v 0.052252 0.359057 -0.033611
v 0.056556 0.056530 -0.035694
v -0.066761 0.019299 0.110262
v -0.109552 0.041527 0.055856
v -0.050416 0.041527 0.022230
v -0.013868 0.041527 0.110262
v -0.050416 0.041527 0.198294
v -0.109552 0.041527 0.164668
v -0.083105 0.077495 0.022230
v -0.023969 0.077495 0.055856
v -0.023969 0.077495 0.164668
v -0.083105 0.077495 0.198294
v -0.119653 0.077495 0.110262
v -0.066761 0.099723 0.110262
v -0.057154 0.025304 0.058518
v -0.091913 0.025304 0.078283
v -0.082306 0.038370 0.026539
v -0.117065 0.038370 0.110262
v -0.091913 0.025304 0.142241
v -0.035671 0.025304 0.110262
v -0.026064 0.038370 0.058518
v -0.057154 0.025304 0.162006
v -0.026064 0.038370 0.162006
v -0.082306 0.038370 0.193985
v -0.123002 0.059511 0.078283
v -0.123002 0.059511 0.142241
v -0.066761 0.059511 0.006774
v -0.101520 0.059511 0.026538
v -0.010519 0.059511 0.078283
v -0.032001 0.059511 0.026538
v -0.032001 0.059511 0.193986
v -0.010519 0.059511 0.142241
v -0.101520 0.059511 0.193986
v -0.066761 0.059511 0.213750
v -0.107457 0.080652 0.058518
v -0.051216 0.080652 0.026539
v -0.016457 0.080652 0.110262
v -0.051216 0.080652 0.193985
v -0.107457 0.080652 0.162006
v -0.076368 0.093718 0.058518
v -0.097850 0.093718 0.110262
v -0.041609 0.093718 0.078283
v -0.041609 0.093718 0.142241
v -0.076368 0.093718 0.162006
v 0.066761 -0.004372 -0.047542
v 0.023969 0.017856 -0.101948
v 0.083105 0.017856 -0.135574
v 0.119653 0.017856 -0.047542
v 0.083105 0.017856 0.040490
v 0.023969 0.017856 0.006864
v 0.050416 0.053824 -0.135574
v 0.109552 0.053824 -0.101948
v 0.109552 0.053824 0.006864
v 0.050416 0.053824 0.040490
v 0.013868 0.053824 -0.047542
v 0.066761 0.076052 -0.047542
v 0.076368 0.001633 -0.099286
v 0.041609 0.001633 -0.079521
v 0.051216 0.014699 -0.131265
v 0.016457 0.014699 -0.047542
v 0.041609 0.001633 -0.015563
v 0.097850 0.001633 -0.047542
v 0.107457 0.014699 -0.099286
v 0.076368 0.001633 0.004202
v 0.107457 0.014699 0.004202
v 0.051216 0.014699 0.036181
v 0.010519 0.035840 -0.079521
v 0.010519 0.035840 -0.015563
v 0.066761 0.035840 -0.151030
v 0.032001 0.035840 -0.131266
v 0.123002 0.035840 -0.079521
v 0.101520 0.035840 -0.131266
v 0.101520 0.035840 0.036182
v 0.123002 0.035840 -0.015563
v 0.032001 0.035840 0.036182
v 0.066761 0.035840 0.055946
v 0.026064 0.056981 -0.099286
v 0.082306 0.056981 -0.131265
v 0.117065 0.056981 -0.047542
v 0.082306 0.056981 0.036181
v 0.026064 0.056981 0.004202
v 0.057154 0.070047 -0.099286
v 0.035671 0.070047 -0.047542
v 0.091913 0.070047 -0.079521
v 0.091913 0.070047 -0.015563
v 0.057154 0.070047 0.004202
v 0.000000 0.622305 0.005786
v -0.087009 0.669160 -0.036703
v 0.033234 0.669160 -0.062963
v 0.107549 0.669160 0.005786
v 0.033234 0.669160 0.074535
v -0.087009 0.669160 0.048275
v -0.033234 0.744974 -0.062963
v 0.087009 0.744974 -0.036703
v 0.087009 0.744974 0.048275
v -0.033234 0.744974 0.074535
v -0.107549 0.744974 0.005786
v 0.000000 0.791829 0.005786
v 0.027995 0.651335 -0.052126
v 0.019534 0.634964 -0.034623
v 0.009332 0.625022 -0.013518
v -0.024431 0.625022 -0.006144
v -0.051142 0.634964 -0.019188
v -0.073294 0.651335 -0.030005
v -0.063962 0.664491 -0.049309
v -0.031608 0.662505 -0.059598
v 0.003564 0.664491 -0.064057
v -0.097725 0.664491 0.029647
v -0.102285 0.662505 0.005786
v -0.097725 0.664491 -0.018075
v -0.024431 0.625022 0.017716
v -0.051142 0.634964 0.030760
v -0.073294 0.651335 0.041577
v 0.090596 0.651335 0.005786
v 0.063215 0.634964 0.005786
v 0.030199 0.625022 0.005786
v 0.058194 0.664491 -0.052126
v 0.082750 0.662505 -0.034623
v 0.099928 0.664491 -0.013518
v 0.027995 0.651335 0.063698
v 0.019534 0.634964 0.046195
v 0.009332 0.625022 0.025090
v 0.099928 0.664491 0.025090
v 0.082750 0.662505 0.046195
v 0.058194 0.664491 0.063698
v 0.003564 0.664491 0.075629
v -0.031608 0.662505 0.071170
v -0.063962 0.664491 0.060881
v -0.115028 0.728355 -0.006144
v -0.114358 0.707067 -0.019188
v -0.103493 0.685779 -0.030005
v -0.103493 0.685779 0.041577
v -0.114358 0.707067 0.030760
v -0.115028 0.728355 0.017716
v -0.018664 0.728355 -0.071430
v 0.000000 0.707067 -0.075033
v 0.018664 0.685779 -0.071430
v -0.082626 0.685779 -0.049310
v -0.070677 0.707067 -0.059598
v -0.052427 0.728355 -0.064057
v 0.103493 0.728355 -0.030005
v 0.114358 0.707067 -0.019188
v 0.115028 0.685779 -0.006144
v 0.052427 0.685779 -0.064057
v 0.070677 0.707067 -0.059598
v 0.082626 0.728355 -0.049310
v 0.082626 0.728355 0.060882
v 0.070677 0.707067 0.071170
v 0.052427 0.685779 0.075629
v 0.115028 0.685779 0.017716
v 0.114358 0.707067 0.030760
v 0.103493 0.728355 0.041577
v -0.052427 0.728355 0.075629
v -0.070677 0.707067 0.071170
v -0.082626 0.685779 0.060882
v 0.018664 0.685779 0.083002
v -0.000000 0.707067 0.086605
v -0.018664 0.728355 0.083002
v -0.099928 0.749643 -0.013518
v -0.082750 0.751629 -0.034623
v -0.058194 0.749643 -0.052126
v -0.003564 0.749643 -0.064057
v 0.031608 0.751629 -0.059598
v 0.063962 0.749643 -0.049309
v 0.097725 0.749643 -0.018075
v 0.102285 0.751629 0.005786
v 0.097725 0.749643 0.029647
v 0.063962 0.749643 0.060881
v 0.031608 0.751629 0.071170
v -0.003564 0.749643 0.075629
v -0.058194 0.749643 0.063698
v -0.082750 0.751629 0.046195
v -0.099928 0.749643 0.025090
v -0.009332 0.789112 -0.013518
v -0.019534 0.779170 -0.034623
v -0.027995 0.762799 -0.052126
v -0.090596 0.762799 0.005786
v -0.063215 0.779170 0.005786
v -0.030199 0.789112 0.005786
v 0.024431 0.789112 -0.006144
v 0.051142 0.779170 -0.019188
v 0.073294 0.762799 -0.030005
v 0.024431 0.789112 0.017716
v 0.051142 0.779170 0.030760
v 0.073294 0.762799 0.041577
v -0.009332 0.789112 0.025090
v -0.019534 0.779170 0.046195
v -0.027995 0.762799 0.063698
v -0.043504 0.782880 0.027030
v -0.076738 0.768401 0.027030
v -0.053774 0.768401 0.048275
v 0.016617 0.782880 0.040160
v 0.006348 0.768402 0.061405
v 0.043504 0.768402 0.053290
v 0.053774 0.782880 0.005786
v 0.080661 0.768401 0.018916
v 0.080661 0.768401 -0.007344
v 0.016617 0.782880 -0.028588
v 0.043504 0.768402 -0.041718
v 0.006348 0.768402 -0.049833
v -0.043504 0.782880 -0.015458
v -0.053774 0.768401 -0.036703
v -0.076738 0.768401 -0.015458
v -0.103626 0.730495 0.040160
v -0.097279 0.707067 0.053290
v -0.080662 0.730495 0.061405
v 0.016617 0.730495 0.082650
v 0.037157 0.707067 0.082650
v 0.053775 0.730495 0.074535
v 0.113896 0.730495 0.018916
v 0.120243 0.707067 0.005786
v 0.113896 0.730495 -0.007344
v 0.053775 0.730495 -0.062963
v 0.037157 0.707067 -0.071078
v 0.016618 0.730495 -0.071078
v -0.080662 0.730495 -0.049833
v -0.097279 0.707067 -0.041718
v -0.103626 0.730495 -0.028588
v -0.037157 0.707067 0.082650
v -0.053775 0.683639 0.074535
v -0.016618 0.683639 0.082649
v 0.097279 0.707067 0.053290
v 0.080661 0.683639 0.061405
v 0.103626 0.683639 0.040160
v 0.097279 0.707067 -0.041718
v 0.103626 0.683639 -0.028588
v 0.080661 0.683639 -0.049833
v -0.037157 0.707067 -0.071078
v -0.016618 0.683639 -0.071077
v -0.053775 0.683639 -0.062963
v -0.120243 0.707067 0.005786
v -0.113896 0.683639 -0.007344
v -0.113896 0.683639 0.018916
v -0.043504 0.645733 0.053290
v -0.016617 0.631254 0.040160
v -0.006348 0.645733 0.061405
v 0.053774 0.645733 0.048275
v 0.043504 0.631254 0.027030
v 0.076739 0.645733 0.027030
v 0.076739 0.645733 -0.015458
v 0.043504 0.631254 -0.015458
v 0.053774 0.645733 -0.036703
v -0.080661 0.645733 0.018916
v -0.080661 0.645733 -0.007344
v -0.053774 0.631254 0.005786
v -0.006348 0.645733 -0.049833
v -0.016617 0.631254 -0.028588
v -0.043505 0.645733 -0.041718
v 0.000000 0.743915 0.010266
v -0.114029 0.810222 -0.041667
v 0.043554 0.810222 -0.073765
v 0.140947 0.810223 0.010266
v 0.043554 0.810222 0.094297
v -0.114029 0.810222 0.062199
v -0.043554 0.917512 -0.073765
v 0.114029 0.917512 -0.041667
v 0.114029 0.917512 0.062199
v -0.043554 0.917512 0.094297
v -0.140947 0.917511 0.010266
v 0.000000 0.983819 0.010266
v 0.036689 0.784996 -0.060519
v 0.025600 0.761829 -0.039126
v 0.012230 0.747759 -0.013329
v -0.032018 0.747759 -0.004316
v -0.067024 0.761829 -0.020259
v -0.096055 0.784996 -0.033481
v -0.083825 0.803615 -0.057076
v -0.041424 0.800804 -0.069651
v 0.004671 0.803615 -0.075102
v -0.128073 0.803615 0.039431
v -0.134049 0.800804 0.010266
v -0.128073 0.803615 -0.018899
v -0.032018 0.747759 0.024848
v -0.067024 0.761829 0.040791
v -0.096055 0.784996 0.054013
v 0.118730 0.784997 0.010266
v 0.082847 0.761830 0.010266
v 0.039577 0.747760 0.010266
v 0.076266 0.803615 -0.060519
v 0.108448 0.800804 -0.039126
v 0.130960 0.803615 -0.013329
v 0.036689 0.784996 0.081051
v 0.025600 0.761829 0.059658
v 0.012230 0.747759 0.033861
v 0.130960 0.803615 0.033861
v 0.108448 0.800804 0.059658
v 0.076266 0.803615 0.081051
v 0.004671 0.803615 0.095634
v -0.041424 0.800804 0.090183
v -0.083825 0.803615 0.077608
v -0.150749 0.893993 -0.004316
v -0.149872 0.863867 -0.020260
v -0.135632 0.833741 -0.033481
v -0.135632 0.833741 0.054013
v -0.149872 0.863867 0.040792
v -0.150749 0.893993 0.024848
v -0.024459 0.893993 -0.084114
v 0.000000 0.863867 -0.088518
v 0.024459 0.833741 -0.084114
v -0.108285 0.833741 -0.057077
v -0.092626 0.863867 -0.069652
v -0.068708 0.893993 -0.075102
v 0.135632 0.893993 -0.033481
v 0.149872 0.863867 -0.020260
v 0.150749 0.833741 -0.004316
v 0.068708 0.833741 -0.075102
v 0.092626 0.863867 -0.069652
v 0.108285 0.893993 -0.057077
v 0.108285 0.893993 0.077609
v 0.092626 0.863867 0.090184
v 0.068708 0.833741 0.095634
v 0.150749 0.833741 0.024848
v 0.149872 0.863867 0.040792
v 0.135632 0.893993 0.054013
v -0.068708 0.893993 0.095634
v -0.092626 0.863867 0.090184
v -0.108285 0.833741 0.077609
v 0.024459 0.833741 0.104646
v 0.000000 0.863867 0.109050
v -0.024459 0.893993 0.104646
v -0.130960 0.924119 -0.013329
v -0.108448 0.926930 -0.039126
v -0.076266 0.924119 -0.060519
v -0.004671 0.924119 -0.075102
v 0.041424 0.926930 -0.069651
v 0.083825 0.924119 -0.057076
v 0.128073 0.924119 -0.018899
v 0.134049 0.926930 0.010266
v 0.128073 0.924119 0.039431
v 0.083825 0.924119 0.077608
v 0.041424 0.926930 0.090183
v -0.004671 0.924119 0.095634
v -0.076266 0.924119 0.081051
v -0.108448 0.926930 0.059658
v -0.130960 0.924119 0.033861
v -0.012230 0.979975 -0.013329
v -0.025600 0.965905 -0.039126
v -0.036689 0.942738 -0.060519
v -0.118730 0.942737 0.010266
v -0.082847 0.965904 0.010266
v -0.039577 0.979974 0.010266
v 0.032018 0.979975 -0.004316
v 0.067024 0.965905 -0.020259
v 0.096055 0.942738 -0.033481
v 0.032018 0.979975 0.024848
v 0.067024 0.965905 0.040791
v 0.096055 0.942738 0.054013
v -0.012230 0.979975 0.033861
v -0.025600 0.965905 0.059658
v -0.036689 0.942738 0.081051
v -0.057014 0.971156 0.036233
v -0.100569 0.950666 0.036233
v -0.070473 0.950666 0.062200
v 0.021778 0.971156 0.052281
v 0.008319 0.950666 0.078248
v 0.057014 0.950666 0.068329
v 0.070473 0.971156 0.010266
v 0.105710 0.950666 0.026314
v 0.105710 0.950666 -0.005782
v 0.021778 0.971156 -0.031749
v 0.057014 0.950666 -0.047797
v 0.008319 0.950666 -0.057716
v -0.057014 0.971156 -0.015701
v -0.070473 0.950666 -0.041668
v -0.100569 0.950666 -0.015701
v -0.135807 0.897021 0.052281
v -0.127488 0.863867 0.068329
v -0.105711 0.897021 0.078248
v 0.021778 0.897021 0.104215
v 0.048696 0.863867 0.104215
v 0.070474 0.897021 0.094296
v 0.149266 0.897021 0.026314
v 0.157584 0.863867 0.010266
v 0.149266 0.897021 -0.005782
v 0.070474 0.897021 -0.073764
v 0.048696 0.863867 -0.083683
v 0.021778 0.897021 -0.083683
v -0.105711 0.897021 -0.057716
v -0.127488 0.863867 -0.047798
v -0.135807 0.897021 -0.031749
v -0.048696 0.863867 0.104215
v -0.070474 0.830713 0.094296
v -0.021778 0.830713 0.104215
v 0.127488 0.863867 0.068330
v 0.105710 0.830713 0.078248
v 0.135806 0.830713 0.052281
v 0.127488 0.863867 -0.047798
v 0.135806 0.830713 -0.031749
v 0.105710 0.830713 -0.057716
v -0.048696 0.863867 -0.083683
v -0.021778 0.830713 -0.083683
v -0.070474 0.830713 -0.073764
v -0.157584 0.863867 0.010266
v -0.149266 0.830713 -0.005782
v -0.149266 0.830713 0.026314
v -0.057014 0.777068 0.068329
v -0.021778 0.756578 0.052281
v -0.008319 0.777068 0.078248
v 0.070473 0.777068 0.062199
v 0.057014 0.756578 0.036233
v 0.100569 0.777069 0.036233
v 0.100569 0.777069 -0.015701
v 0.057014 0.756579 -0.015701
v 0.070473 0.777068 -0.041668
v -0.105710 0.777068 0.026314
v -0.105710 0.777069 -0.005782
v -0.070473 0.756579 0.010266
v -0.008319 0.777068 -0.057716
v -0.021778 0.756578 -0.031749
v -0.057015 0.777068 -0.047797
v -0.026592 0.923227 0.069122
v -0.026592 0.945627 0.069122
v -0.020149 0.923227 0.080917
v -0.020149 0.945627 0.080917
v -0.080651 0.923227 0.098655
v -0.080651 0.945627 0.098655
v -0.074208 0.923227 0.110450
v -0.074208 0.945627 0.110450
v 0.080651 0.923227 0.098655
v 0.080651 0.945627 0.098655
v 0.074208 0.923227 0.110450
v 0.074208 0.945627 0.110450
v 0.026592 0.923227 0.069122
v 0.026592 0.945627 0.069122
v 0.020149 0.923227 0.080917
v 0.020149 0.945627 0.080917
v -0.185446 0.894107 0.005786
v -0.224347 0.923824 -0.022477
v -0.170588 0.923824 -0.039945
v -0.137362 0.923825 0.005786
v -0.170588 0.923824 0.051517
v -0.224347 0.923824 0.034049
v -0.200305 0.971910 -0.039945
v -0.146545 0.971910 -0.022477
v -0.146545 0.971910 0.034049
v -0.200305 0.971910 0.051517
v -0.233531 0.971909 0.005786
v -0.185446 1.001627 0.005786
v -0.176713 0.902136 -0.021094
v -0.208311 0.902136 -0.010826
v -0.199578 0.919603 -0.037706
v -0.231177 0.919603 0.005786
v -0.208311 0.902136 0.022398
v -0.157183 0.902136 0.005786
v -0.148449 0.919603 -0.021094
v -0.176713 0.902136 0.032666
v -0.148449 0.919603 0.032666
v -0.199578 0.919603 0.049278
v -0.236575 0.947867 -0.010827
v -0.236575 0.947867 0.022399
v -0.185446 0.947867 -0.047974
v -0.217046 0.947867 -0.037707
v -0.134317 0.947867 -0.010827
v -0.153847 0.947867 -0.037707
v -0.153847 0.947867 0.049279
v -0.134317 0.947867 0.022399
v -0.217046 0.947867 0.049279
v -0.185446 0.947867 0.059546
v -0.222443 0.976131 -0.021094
v -0.171314 0.976131 -0.037706
v -0.139715 0.976131 0.005786
v -0.171314 0.976131 0.049278
v -0.222443 0.976131 0.032666
v -0.194180 0.993598 -0.021094
v -0.213709 0.993598 0.005786
v -0.162581 0.993598 -0.010826
v -0.162581 0.993598 0.022398
v -0.194180 0.993598 0.032666
v -0.218879 0.951656 0.023617
v -0.230664 0.760688 0.029902
v -0.201961 0.950932 0.039961
v -0.216284 0.760073 0.043795
v -0.178735 0.949038 0.043252
v -0.196541 0.758462 0.046592
v -0.158072 0.946696 0.032231
v -0.178978 0.756472 0.037225
v -0.147865 0.944802 0.011110
v -0.170302 0.754861 0.019271
v -0.152013 0.944078 -0.012045
v -0.173828 0.754246 -0.000410
v -0.168931 0.944802 -0.028389
v -0.188208 0.754861 -0.014303
v -0.192158 0.946696 -0.031680
v -0.207951 0.756472 -0.017100
v -0.212821 0.949038 -0.020659
v -0.225514 0.758462 -0.007733
v -0.223027 0.950932 0.000462
v -0.234190 0.760073 0.010221
v -0.206569 0.762366 0.046448
v -0.208759 0.598641 0.062510
v -0.186893 0.761431 0.042964
v -0.194407 0.597958 0.059968
v -0.173081 0.758981 0.028702
v -0.184332 0.596171 0.049565
v -0.170409 0.755953 0.009109
v -0.182384 0.593963 0.035274
v -0.179898 0.753503 -0.008331
v -0.189305 0.592176 0.022554
v -0.197923 0.752568 -0.016956
v -0.202453 0.591493 0.016262
v -0.217600 0.753503 -0.013472
v -0.216805 0.592176 0.018804
v -0.231412 0.755953 0.000790
v -0.226880 0.593963 0.029207
v -0.234084 0.758981 0.020383
v -0.228829 0.596171 0.043498
v -0.224594 0.761431 0.037823
v -0.221907 0.597958 0.056218
v -0.205606 0.600107 0.067946
v -0.205606 0.616907 0.067946
v -0.219886 0.600107 0.064120
v -0.219886 0.616907 0.064120
v -0.230340 0.600107 0.053666
v -0.230340 0.616907 0.053666
v -0.234166 0.600107 0.039386
v -0.234166 0.616907 0.039386
v -0.230340 0.600107 0.025106
v -0.230340 0.616907 0.025106
v -0.219886 0.600107 0.014652
v -0.219886 0.616907 0.014652
v -0.205606 0.600107 0.010826
v -0.205606 0.616907 0.010826
v -0.191326 0.600107 0.014652
v -0.191326 0.616907 0.014652
v -0.180872 0.600107 0.025106
v -0.180872 0.616907 0.025106
v -0.177046 0.600107 0.039386
v -0.177046 0.616907 0.039386
v -0.180872 0.600107 0.053666
v -0.180872 0.616907 0.053666
v -0.191326 0.600107 0.064120
v -0.191326 0.616907 0.064120
v -0.205606 0.562394 0.039386
v -0.227099 0.580455 0.019867
v -0.197397 0.580455 0.007803
v -0.179040 0.580455 0.039386
v -0.197397 0.580455 0.070969
v -0.227099 0.580455 0.058905
v -0.213816 0.609679 0.007803
v -0.184113 0.609679 0.019867
v -0.184113 0.609679 0.058905
v -0.213816 0.609679 0.070969
v -0.232173 0.609679 0.039386
v -0.205606 0.627740 0.039386
v -0.200781 0.567274 0.020822
v -0.218239 0.567274 0.027913
v -0.213414 0.577890 0.009349
v -0.230872 0.577890 0.039386
v -0.218239 0.567274 0.050859
v -0.189991 0.567274 0.039386
v -0.185165 0.577890 0.020822
v -0.200781 0.567274 0.057950
v -0.185165 0.577890 0.057950
v -0.213414 0.577890 0.069423
v -0.233855 0.595067 0.027913
v -0.233855 0.595067 0.050859
v -0.205606 0.595067 0.002258
v -0.223065 0.595067 0.009349
v -0.177357 0.595067 0.027913
v -0.188148 0.595067 0.009349
v -0.188148 0.595067 0.069423
v -0.177357 0.595067 0.050859
v -0.223065 0.595067 0.069423
v -0.205606 0.595067 0.076514
v -0.226047 0.612244 0.020822
v -0.197798 0.612244 0.009349
v -0.180340 0.612244 0.039386
v -0.197798 0.612244 0.069423
v -0.226047 0.612244 0.057950
v -0.210431 0.622860 0.020822
v -0.221222 0.622860 0.039386
v -0.192973 0.622860 0.027913
v -0.192973 0.622860 0.050859
v -0.210431 0.622860 0.057950
v -0.220838 0.594843 0.058426
v -0.229105 0.601158 0.052420
v -0.217681 0.601158 0.048708
v -0.210620 0.601158 0.058426
v -0.217681 0.601158 0.068144
v -0.229105 0.601158 0.064432
v -0.223996 0.611376 0.048708
v -0.212572 0.611376 0.052420
v -0.212572 0.611376 0.064432
v -0.223996 0.611376 0.068144
v -0.231056 0.611376 0.058426
v -0.220838 0.617691 0.058426
v 0.185446 0.894107 0.005786
v 0.146545 0.923824 -0.022477
v 0.200305 0.923824 -0.039945
v 0.233531 0.923825 0.005786
v 0.200305 0.923824 0.051517
v 0.146545 0.923824 0.034049
v 0.170588 0.971910 -0.039945
v 0.224347 0.971910 -0.022477
v 0.224347 0.971910 0.034049
v 0.170588 0.971910 0.051517
v 0.137362 0.971909 0.005786
v 0.185446 1.001627 0.005786
v 0.194180 0.902136 -0.021094
v 0.162581 0.902136 -0.010826
v 0.171314 0.919603 -0.037706
v 0.139715 0.919603 0.005786
v 0.162581 0.902136 0.022398
v 0.213709 0.902136 0.005786
v 0.222443 0.919603 -0.021094
v 0.194180 0.902136 0.032666
v 0.222443 0.919603 0.032666
v 0.171314 0.919603 0.049278
v 0.134317 0.947867 -0.010827
v 0.134317 0.947867 0.022399
v 0.185446 0.947867 -0.047974
v 0.153847 0.947867 -0.037707
v 0.236575 0.947867 -0.010827
v 0.217046 0.947867 -0.037707
v 0.217046 0.947867 0.049279
v 0.236575 0.947867 0.022399
v 0.153847 0.947867 0.049279
v 0.185446 0.947867 0.059546
v 0.148449 0.976131 -0.021094
v 0.199578 0.976131 -0.037706
v 0.231177 0.976131 0.005786
v 0.199578 0.976131 0.049278
v 0.148449 0.976131 0.032666
v 0.176713 0.993598 -0.021094
v 0.157183 0.993598 0.005786
v 0.208311 0.993598 -0.010826
v 0.208311 0.993598 0.022398
v 0.176713 0.993598 0.032666
v 0.218879 0.951656 0.023617
v 0.230664 0.760688 0.029902
v 0.223027 0.950932 0.000462
v 0.234190 0.760073 0.010221
v 0.212821 0.949038 -0.020659
v 0.225514 0.758462 -0.007733
v 0.192158 0.946696 -0.031680
v 0.207951 0.756472 -0.017100
v 0.168931 0.944802 -0.028389
v 0.188208 0.754861 -0.014303
v 0.152013 0.944078 -0.012045
v 0.173828 0.754246 -0.000410
v 0.147865 0.944802 0.011110
v 0.170302 0.754861 0.019271
v 0.158072 0.946696 0.032231
v 0.178978 0.756472 0.037225
v 0.178735 0.949038 0.043252
v 0.196541 0.758462 0.046592
v 0.201961 0.950932 0.039961
v 0.216284 0.760073 0.043795
v 0.206569 0.762366 0.046448
v 0.208759 0.598641 0.062510
v 0.224594 0.761431 0.037823
v 0.221907 0.597958 0.056218
v 0.234084 0.758981 0.020383
v 0.228829 0.596171 0.043498
v 0.231412 0.755953 0.000790
v 0.226880 0.593963 0.029207
v 0.217600 0.753503 -0.013472
v 0.216805 0.592176 0.018804
v 0.197923 0.752568 -0.016956
v 0.202453 0.591493 0.016262
v 0.179898 0.753503 -0.008331
v 0.189305 0.592176 0.022554
v 0.170409 0.755953 0.009109
v 0.182384 0.593963 0.035274
v 0.173081 0.758981 0.028702
v 0.184332 0.596171 0.049565
v 0.186893 0.761431 0.042964
v 0.194407 0.597958 0.059968
v 0.205606 0.600107 0.067946
v 0.205606 0.616907 0.067946
v 0.191326 0.600107 0.064120
v 0.191326 0.616907 0.064120
v 0.180872 0.600107 0.053666
v 0.180872 0.616907 0.053666
v 0.177046 0.600107 0.039386
v 0.177046 0.616907 0.039386
v 0.180872 0.600107 0.025106
v 0.180872 0.616907 0.025106
v 0.191326 0.600107 0.014652
v 0.191326 0.616907 0.014652
v 0.205606 0.600107 0.010826
v 0.205606 0.616907 0.010826
v 0.219886 0.600107 0.014652
v 0.219886 0.616907 0.014652
v 0.230340 0.600107 0.025106
v 0.230340 0.616907 0.025106
v 0.234166 0.600107 0.039386
v 0.234166 0.616907 0.039386
v 0.230340 0.600107 0.053666
v 0.230340 0.616907 0.053666
v 0.219886 0.600107 0.064120
v 0.219886 0.616907 0.064120
v 0.205606 0.562394 0.039386
v 0.184113 0.580455 0.019867
v 0.213816 0.580455 0.007803
v 0.232173 0.580455 0.039386
v 0.213816 0.580455 0.070969
v 0.184113 0.580455 0.058905
v 0.197397 0.609679 0.007803
v 0.227099 0.609679 0.019867
v 0.227099 0.609679 0.058905
v 0.197397 0.609679 0.070969
v 0.179040 0.609679 0.039386
v 0.205606 0.627740 0.039386
v 0.210431 0.567274 0.020822
v 0.192973 0.567274 0.027913
v 0.197798 0.577890 0.009349
v 0.180340 0.577890 0.039386
v 0.192973 0.567274 0.050859
v 0.221222 0.567274 0.039386
v 0.226047 0.577890 0.020822
v 0.210431 0.567274 0.057950
v 0.226047 0.577890 0.057950
v 0.197798 0.577890 0.069423
v 0.177357 0.595067 0.027913
v 0.177357 0.595067 0.050859
v 0.205606 0.595067 0.002258
v 0.188148 0.595067 0.009349
v 0.233855 0.595067 0.027913
v 0.223065 0.595067 0.009349
v 0.223065 0.595067 0.069423
v 0.233855 0.595067 0.050859
v 0.188148 0.595067 0.069423
v 0.205606 0.595067 0.076514
v 0.185165 0.612244 0.020822
v 0.213414 0.612244 0.009349
v 0.230872 0.612244 0.039386
v 0.213414 0.612244 0.069423
v 0.185165 0.612244 0.057950
v 0.200781 0.622860 0.020822
v 0.189991 0.622860 0.039386
v 0.218239 0.622860 0.027913
v 0.218239 0.622860 0.050859
v 0.200781 0.622860 0.057950
v 0.220838 0.594843 0.058426
v 0.212572 0.601158 0.052420
v 0.223996 0.601158 0.048708
v 0.231056 0.601158 0.058426
v 0.223996 0.601158 0.068144
v 0.212572 0.601158 0.064432
v 0.217681 0.611376 0.048708
v 0.229105 0.611376 0.052420
v 0.229105 0.611376 0.064432
v 0.217681 0.611376 0.068144
v 0.210620 0.611376 0.058426
v 0.220838 0.617691 0.058426
v 0.000000 0.956267 0.043866
v 0.000000 1.006667 0.043866
v -0.016800 0.956267 0.039364
v -0.016800 1.006667 0.039364
v -0.029098 0.956267 0.027066
v -0.029098 1.006667 0.027066
v -0.033600 0.956267 0.010266
v -0.033600 1.006667 0.010266
v -0.029098 0.956267 -0.006534
v -0.029098 1.006667 -0.006534
v -0.016800 0.956267 -0.018832
v -0.016800 1.006667 -0.018832
v 0.000000 0.956267 -0.023334
v 0.000000 1.006667 -0.023334
v 0.016800 0.956267 -0.018832
v 0.016800 1.006667 -0.018832
v 0.029098 0.956267 -0.006534
v 0.029098 1.006667 -0.006534
v 0.033600 0.956267 0.010266
v 0.033600 1.006667 0.010266
v 0.029098 0.956267 0.027066
v 0.029098 1.006667 0.027066
v 0.016800 0.956267 0.039364
v 0.016800 1.006667 0.039364
v 0.000000 0.992452 0.010266
v -0.062186 1.047457 -0.033487
v 0.023752 1.047457 -0.060529
v 0.076866 1.047458 0.010266
v 0.023752 1.047457 0.081061
v -0.062186 1.047457 0.054019
v -0.023752 1.136461 -0.060529
v 0.062186 1.136461 -0.033487
v 0.062186 1.136461 0.054019
v -0.023752 1.136461 0.081061
v -0.076866 1.136461 0.010266
v 0.000000 1.191467 0.010266
v 0.022167 1.037162 -0.055803
v 0.020008 1.026531 -0.049370
v 0.017247 1.016293 -0.041139
v 0.013961 1.007313 -0.031346
v 0.010348 1.000317 -0.020577
v 0.006669 0.995641 -0.009612
v 0.003167 0.993162 0.000828
v -0.008291 0.993162 0.004433
v -0.017461 0.995641 -0.002019
v -0.027092 1.000317 -0.008796
v -0.036552 1.007313 -0.015451
v -0.045154 1.016293 -0.021504
v -0.052384 1.026531 -0.026591
v -0.058034 1.037162 -0.030566
v -0.054868 1.044495 -0.040005
v -0.045714 1.041976 -0.046469
v -0.034806 1.040258 -0.052347
v -0.022591 1.039644 -0.057064
v -0.009845 1.040258 -0.060201
v 0.002547 1.041976 -0.061655
v 0.013876 1.044495 -0.061636
v -0.066325 1.044495 0.045265
v -0.069845 1.041976 0.034837
v -0.072246 1.040258 0.022974
v -0.073103 1.039645 0.010266
v -0.072246 1.040258 -0.002442
v -0.069845 1.041976 -0.014305
v -0.066325 1.044495 -0.024733
v -0.008291 0.993162 0.016099
v -0.017461 0.995641 0.022551
v -0.027092 1.000317 0.029328
v -0.036552 1.007313 0.035983
v -0.045154 1.016293 0.042036
v -0.052384 1.026531 0.047123
v -0.058034 1.037162 0.051098
v 0.071734 1.037162 0.010266
v 0.064750 1.026531 0.010266
v 0.055813 1.016294 0.010266
v 0.045180 1.007313 0.010266
v 0.033488 1.000317 0.010266
v 0.021583 0.995641 0.010266
v 0.010248 0.993162 0.010266
v 0.032415 1.044495 -0.055803
v 0.041592 1.041976 -0.049370
v 0.050735 1.040258 -0.041139
v 0.059142 1.039645 -0.031346
v 0.066162 1.040258 -0.020577
v 0.071419 1.041977 -0.009612
v 0.074901 1.044496 0.000828
v 0.022167 1.037162 0.076335
v 0.020008 1.026531 0.069902
v 0.017247 1.016293 0.061671
v 0.013961 1.007313 0.051878
v 0.010348 1.000317 0.041109
v 0.006669 0.995641 0.030144
v 0.003167 0.993162 0.019704
v 0.074901 1.044496 0.019704
v 0.071419 1.041977 0.030144
v 0.066162 1.040258 0.041109
v 0.059142 1.039645 0.051878
v 0.050735 1.040258 0.061671
v 0.041592 1.041976 0.069902
v 0.032415 1.044495 0.076335
v 0.013876 1.044495 0.082168
v 0.002547 1.041976 0.082187
v -0.009845 1.040258 0.080733
v -0.022591 1.039644 0.077596
v -0.034806 1.040258 0.072879
v -0.045714 1.041976 0.067001
v -0.054868 1.044495 0.060537
v -0.080025 1.127557 0.004433
v -0.082211 1.116951 -0.002019
v -0.082906 1.104885 -0.008796
v -0.081732 1.091959 -0.015451
v -0.078642 1.079034 -0.021504
v -0.073967 1.066968 -0.026591
v -0.068282 1.056361 -0.030566
v -0.068282 1.056361 0.051098
v -0.073967 1.066968 0.047123
v -0.078642 1.079034 0.042036
v -0.081732 1.091959 0.035983
v -0.082906 1.104885 0.029328
v -0.082211 1.116951 0.022551
v -0.080025 1.127557 0.016099
v -0.019000 1.127557 -0.065241
v -0.013339 1.116951 -0.069249
v -0.006899 1.104885 -0.071983
v 0.000000 1.091959 -0.072959
v 0.006899 1.079034 -0.071983
v 0.013339 1.066968 -0.069249
v 0.019000 1.056361 -0.065241
v -0.061201 1.056361 -0.040005
v -0.059053 1.066968 -0.046469
v -0.055502 1.079034 -0.052347
v -0.050513 1.091959 -0.057064
v -0.044340 1.104885 -0.060202
v -0.037470 1.116951 -0.061656
v -0.030457 1.127557 -0.061636
v 0.068282 1.127557 -0.030566
v 0.073967 1.116951 -0.026591
v 0.078642 1.104885 -0.021504
v 0.081732 1.091959 -0.015451
v 0.082906 1.079034 -0.008796
v 0.082211 1.066968 -0.002019
v 0.080025 1.056362 0.004433
v 0.030457 1.056361 -0.061636
v 0.037470 1.066968 -0.061656
v 0.044340 1.079034 -0.060202
v 0.050513 1.091959 -0.057064
v 0.055502 1.104885 -0.052347
v 0.059053 1.116951 -0.046469
v 0.061201 1.127557 -0.040005
v 0.061201 1.127557 0.060537
v 0.059053 1.116951 0.067001
v 0.055502 1.104885 0.072879
v 0.050513 1.091959 0.077596
v 0.044340 1.079034 0.080734
v 0.037470 1.066968 0.082188
v 0.030457 1.056361 0.082168
v 0.080025 1.056362 0.016099
v 0.082211 1.066968 0.022551
v 0.082906 1.079034 0.029328
v 0.081732 1.091959 0.035983
v 0.078642 1.104885 0.042036
v 0.073967 1.116951 0.047123
v 0.068282 1.127557 0.051098
v -0.030457 1.127557 0.082168
v -0.037470 1.116951 0.082188
v -0.044340 1.104885 0.080734
v -0.050513 1.091959 0.077596
v -0.055502 1.079034 0.072879
v -0.059053 1.066968 0.067001
v -0.061201 1.056361 0.060537
v 0.019000 1.056361 0.085773
v 0.013339 1.066968 0.089781
v 0.006899 1.079034 0.092515
v 0.000000 1.091959 0.093491
v -0.006899 1.104885 0.092515
v -0.013339 1.116951 0.089781
v -0.019000 1.127557 0.085773
v -0.074901 1.139423 0.000828
v -0.071419 1.141942 -0.009612
v -0.066162 1.143660 -0.020577
v -0.059142 1.144274 -0.031346
v -0.050735 1.143661 -0.041139
v -0.041592 1.141942 -0.049370
v -0.032415 1.139423 -0.055803
v -0.013876 1.139423 -0.061636
v -0.002547 1.141942 -0.061655
v 0.009845 1.143661 -0.060201
v 0.022591 1.144274 -0.057064
v 0.034806 1.143661 -0.052347
v 0.045714 1.141942 -0.046469
v 0.054868 1.139423 -0.040005
v 0.066325 1.139423 -0.024733
v 0.069845 1.141942 -0.014305
v 0.072246 1.143661 -0.002442
v 0.073103 1.144274 0.010266
v 0.072246 1.143661 0.022974
v 0.069845 1.141942 0.034837
v 0.066325 1.139423 0.045265
v 0.054868 1.139423 0.060537
v 0.045714 1.141942 0.067001
v 0.034806 1.143661 0.072879
v 0.022591 1.144274 0.077596
v 0.009845 1.143661 0.080733
v -0.002547 1.141942 0.082187
v -0.013876 1.139423 0.082168
v -0.032415 1.139423 0.076335
v -0.041592 1.141942 0.069902
v -0.050735 1.143661 0.061671
v -0.059142 1.144274 0.051878
v -0.066162 1.143660 0.041109
v -0.071419 1.141942 0.030144
v -0.074901 1.139423 0.019704
v -0.003167 1.190757 0.000828
v -0.006669 1.188278 -0.009612
v -0.010348 1.183601 -0.020577
v -0.013961 1.176606 -0.031346
v -0.017247 1.167625 -0.041139
v -0.020008 1.157388 -0.049370
v -0.022167 1.146757 -0.055803
v -0.071734 1.146756 0.010266
v -0.064750 1.157387 0.010266
v -0.055813 1.167625 0.010266
v -0.045180 1.176606 0.010266
v -0.033488 1.183601 0.010266
v -0.021583 1.188278 0.010266
v -0.010248 1.190757 0.010266
v 0.008291 1.190757 0.004433
v 0.017461 1.188278 -0.002019
v 0.027092 1.183601 -0.008796
v 0.036552 1.176606 -0.015451
v 0.045154 1.167625 -0.021504
v 0.052384 1.157387 -0.026591
v 0.058034 1.146757 -0.030566
v 0.008291 1.190757 0.016099
v 0.017461 1.188278 0.022551
v 0.027092 1.183601 0.029328
v 0.036552 1.176606 0.035983
v 0.045154 1.167625 0.042036
v 0.052384 1.157387 0.047123
v 0.058034 1.146757 0.051098
v -0.003167 1.190757 0.019704
v -0.006669 1.188278 0.030144
v -0.010348 1.183601 0.041109
v -0.013961 1.176606 0.051878
v -0.017247 1.167625 0.061671
v -0.020008 1.157388 0.069902
v -0.022167 1.146757 0.076335
v -0.014283 1.189345 0.020315
v -0.026397 1.185816 0.020795
v -0.018498 1.185816 0.031325
v -0.038790 1.179810 0.021063
v -0.031093 1.180962 0.032143
v -0.022590 1.179810 0.042656
v -0.050513 1.171421 0.021063
v -0.043547 1.173547 0.032437
v -0.035231 1.173547 0.043523
v -0.026212 1.171421 0.053453
v -0.060695 1.161272 0.020795
v -0.054845 1.163964 0.032143
v -0.047267 1.164934 0.043523
v -0.038432 1.163964 0.054020
v -0.029096 1.161272 0.062913
v -0.068839 1.150304 0.020315
v -0.064227 1.153091 0.031325
v -0.057758 1.154643 0.042657
v -0.049658 1.154643 0.053453
v -0.040528 1.153091 0.062913
v -0.031141 1.150304 0.070562
v 0.005456 1.189345 0.026526
v 0.002184 1.185816 0.037832
v 0.014965 1.185816 0.033810
v -0.001383 1.179810 0.049329
v 0.011876 1.180962 0.045663
v 0.024829 1.179810 0.041081
v -0.005006 1.171421 0.060126
v 0.008317 1.173547 0.057225
v 0.021774 1.173547 0.052991
v 0.034313 1.171421 0.047754
v -0.008415 1.161272 0.069421
v 0.004537 1.163964 0.067540
v 0.018055 1.164934 0.064077
v 0.031093 1.163964 0.059184
v 0.042712 1.161272 0.053333
v -0.011403 1.150304 0.076773
v 0.000834 1.153091 0.075928
v 0.013962 1.154644 0.073472
v 0.027068 1.154644 0.069348
v 0.039180 1.153091 0.063863
v 0.049592 1.150304 0.057580
v 0.017654 1.189345 0.010266
v 0.027747 1.185816 0.016773
v 0.027747 1.185816 0.003759
v 0.037935 1.179810 0.023611
v 0.038433 1.180962 0.010266
v 0.037935 1.179810 -0.003079
v 0.047419 1.171421 0.030284
v 0.048688 1.173547 0.017117
v 0.048688 1.173547 0.003415
v 0.047419 1.171421 -0.009752
v 0.055494 1.161272 0.036296
v 0.057649 1.163964 0.023786
v 0.058425 1.164934 0.010266
v 0.057649 1.163964 -0.003254
v 0.055494 1.161272 -0.015764
v 0.061791 1.150304 0.041320
v 0.064743 1.153091 0.029789
v 0.066387 1.154643 0.016939
v 0.066387 1.154643 0.003593
v 0.064743 1.153091 -0.009257
v 0.061791 1.150304 -0.020788
v 0.005456 1.189345 -0.005994
v 0.014965 1.185816 -0.013278
v 0.002184 1.185816 -0.017300
v 0.024829 1.179810 -0.020549
v 0.011876 1.180962 -0.025131
v -0.001383 1.179810 -0.028797
v 0.034313 1.171421 -0.027222
v 0.021774 1.173547 -0.032459
v 0.008317 1.173547 -0.036693
v -0.005006 1.171421 -0.039594
v 0.042712 1.161272 -0.032801
v 0.031093 1.163964 -0.038652
v 0.018055 1.164934 -0.043545
v 0.004537 1.163964 -0.047008
v -0.008415 1.161272 -0.048889
v 0.049592 1.150304 -0.037048
v 0.039180 1.153091 -0.043331
v 0.027068 1.154644 -0.048816
v 0.013962 1.154644 -0.052940
v 0.000834 1.153091 -0.055396
v -0.011403 1.150304 -0.056241
v -0.014283 1.189345 0.000217
v -0.018498 1.185816 -0.010793
v -0.026397 1.185816 -0.000263
v -0.022590 1.179810 -0.022124
v -0.031093 1.180962 -0.011611
v -0.038790 1.179810 -0.000531
v -0.026212 1.171421 -0.032921
v -0.035231 1.173547 -0.022991
v -0.043547 1.173547 -0.011905
v -0.050513 1.171421 -0.000531
v -0.029096 1.161272 -0.042381
v -0.038432 1.163964 -0.033488
v -0.047267 1.164934 -0.022991
v -0.054845 1.163964 -0.011611
v -0.060695 1.161272 -0.000263
v -0.031141 1.150304 -0.050030
v -0.040528 1.153091 -0.042381
v -0.049658 1.154643 -0.032921
v -0.057758 1.154643 -0.022125
v -0.064227 1.153091 -0.010793
v -0.068839 1.150304 0.000217
v -0.077666 1.129862 0.026526
v -0.079193 1.118435 0.033810
v -0.073477 1.131672 0.037832
v -0.078965 1.105533 0.041081
v -0.074062 1.119463 0.045663
v -0.067242 1.132681 0.049329
v -0.076726 1.091959 0.047754
v -0.072761 1.105896 0.052991
v -0.066742 1.119833 0.057226
v -0.059142 1.132681 0.060126
v -0.072643 1.078722 0.053333
v -0.069526 1.091959 0.059184
v -0.064444 1.105896 0.064077
v -0.057649 1.119463 0.067540
v -0.049778 1.131672 0.069421
v -0.067247 1.066691 0.057580
v -0.064743 1.078722 0.063863
v -0.060526 1.091959 0.069348
v -0.054664 1.105533 0.073472
v -0.047594 1.118435 0.075929
v -0.039969 1.129862 0.076773
v -0.008031 1.129862 0.086823
v -0.001349 1.118435 0.090480
v 0.004367 1.131672 0.086458
v 0.005861 1.105533 0.092517
v 0.011877 1.119463 0.089417
v 0.017584 1.132681 0.084269
v 0.013106 1.091959 0.092517
v 0.019475 1.105896 0.090483
v 0.025493 1.119833 0.086248
v 0.030691 1.132681 0.080145
v 0.019847 1.078721 0.090480
v 0.026556 1.091959 0.089417
v 0.032932 1.105896 0.086249
v 0.038433 1.119463 0.081061
v 0.042712 1.131672 0.074392
v 0.025686 1.066691 0.086823
v 0.032629 1.078721 0.086458
v 0.039319 1.091959 0.084269
v 0.045181 1.105533 0.080145
v 0.049778 1.118435 0.074392
v 0.052964 1.129862 0.067630
v 0.072702 1.129862 0.041320
v 0.078359 1.118435 0.036296
v 0.076175 1.131672 0.029789
v 0.082588 1.105533 0.030284
v 0.081402 1.119463 0.023786
v 0.078110 1.132681 0.016939
v 0.084826 1.091959 0.023611
v 0.084797 1.105896 0.017117
v 0.082498 1.119833 0.010266
v 0.078110 1.132681 0.003593
v 0.084909 1.078722 0.016773
v 0.085938 1.091959 0.010266
v 0.084797 1.105896 0.003415
v 0.081402 1.119463 -0.003254
v 0.076175 1.131672 -0.009257
v 0.083122 1.066691 0.010266
v 0.084909 1.078722 0.003758
v 0.084826 1.091959 -0.003080
v 0.082588 1.105533 -0.009752
v 0.078359 1.118435 -0.015764
v 0.072702 1.129862 -0.020788
v 0.052964 1.129862 -0.047098
v 0.049778 1.118435 -0.053860
v 0.042712 1.131672 -0.053860
v 0.045181 1.105533 -0.059613
v 0.038433 1.119463 -0.060529
v 0.030691 1.132681 -0.059613
v 0.039319 1.091959 -0.063737
v 0.032932 1.105896 -0.065717
v 0.025494 1.119833 -0.065716
v 0.017584 1.132681 -0.063737
v 0.032629 1.078721 -0.065926
v 0.026556 1.091959 -0.068885
v 0.019475 1.105896 -0.069951
v 0.011877 1.119463 -0.068885
v 0.004367 1.131672 -0.065926
v 0.025686 1.066691 -0.066291
v 0.019847 1.078721 -0.069948
v 0.013106 1.091959 -0.071985
v 0.005861 1.105533 -0.071985
v -0.001349 1.118435 -0.069948
v -0.008031 1.129862 -0.066291
v -0.039969 1.129862 -0.056241
v -0.047594 1.118435 -0.055397
v -0.049778 1.131672 -0.048889
v -0.054664 1.105533 -0.052940
v -0.057649 1.119463 -0.047008
v -0.059142 1.132681 -0.039594
v -0.060526 1.091959 -0.048816
v -0.064444 1.105896 -0.043545
v -0.066742 1.119833 -0.036694
v -0.067242 1.132681 -0.028797
v -0.064743 1.078721 -0.043331
v -0.069526 1.091959 -0.038652
v -0.072761 1.105896 -0.032459
v -0.074062 1.119463 -0.025131
v -0.073477 1.131672 -0.017300
v -0.067247 1.066691 -0.037048
v -0.072643 1.078721 -0.032801
v -0.076726 1.091959 -0.027222
v -0.078965 1.105533 -0.020549
v -0.079193 1.118434 -0.013279
v -0.077666 1.129861 -0.005994
v -0.025686 1.117228 0.086823
v -0.032629 1.105197 0.086458
v -0.019847 1.105197 0.090480
v -0.039319 1.091959 0.084269
v -0.026556 1.091959 0.089417
v -0.013106 1.091959 0.092517
v -0.045181 1.078385 0.080145
v -0.032932 1.078022 0.086249
v -0.019475 1.078022 0.090483
v -0.005861 1.078385 0.092517
v -0.049778 1.065484 0.074392
v -0.038433 1.064456 0.081061
v -0.025493 1.064085 0.086248
v -0.011877 1.064456 0.089417
v 0.001349 1.065484 0.090480
v -0.052964 1.054057 0.067630
v -0.042712 1.052246 0.074392
v -0.030691 1.051238 0.080145
v -0.017584 1.051238 0.084269
v -0.004367 1.052246 0.086458
v 0.008031 1.054057 0.086823
v 0.067247 1.117228 0.057580
v 0.064743 1.105197 0.063863
v 0.072643 1.105197 0.053333
v 0.060526 1.091959 0.069348
v 0.069526 1.091959 0.059184
v 0.076726 1.091959 0.047754
v 0.054664 1.078385 0.073472
v 0.064444 1.078022 0.064077
v 0.072761 1.078022 0.052991
v 0.078965 1.078386 0.041081
v 0.047594 1.065484 0.075929
v 0.057649 1.064456 0.067540
v 0.066742 1.064085 0.057226
v 0.074062 1.064456 0.045663
v 0.079193 1.065484 0.033811
v 0.039969 1.054057 0.076773
v 0.049778 1.052246 0.069421
v 0.059142 1.051238 0.060126
v 0.067242 1.051238 0.049329
v 0.073477 1.052246 0.037833
v 0.077666 1.054057 0.026526
v 0.067247 1.117228 -0.037048
v 0.072643 1.105197 -0.032801
v 0.064743 1.105197 -0.043331
v 0.076726 1.091959 -0.027222
v 0.069526 1.091959 -0.038652
v 0.060526 1.091959 -0.048816
v 0.078965 1.078386 -0.020549
v 0.072761 1.078022 -0.032459
v 0.064444 1.078022 -0.043545
v 0.054664 1.078385 -0.052940
v 0.079193 1.065484 -0.013279
v 0.074062 1.064456 -0.025131
v 0.066742 1.064085 -0.036694
v 0.057649 1.064456 -0.047008
v 0.047594 1.065484 -0.055397
v 0.077666 1.054057 -0.005994
v 0.073477 1.052246 -0.017301
v 0.067242 1.051238 -0.028797
v 0.059142 1.051238 -0.039594
v 0.049778 1.052246 -0.048889
v 0.039969 1.054057 -0.056241
v -0.025686 1.117228 -0.066291
v -0.019847 1.105197 -0.069948
v -0.032629 1.105197 -0.065926
v -0.013106 1.091959 -0.071985
v -0.026556 1.091959 -0.068885
v -0.039319 1.091959 -0.063737
v -0.005861 1.078385 -0.071985
v -0.019475 1.078022 -0.069951
v -0.032932 1.078022 -0.065717
v -0.045181 1.078385 -0.059613
v 0.001349 1.065484 -0.069948
v -0.011877 1.064456 -0.068885
v -0.025493 1.064085 -0.065716
v -0.038433 1.064456 -0.060529
v -0.049778 1.065484 -0.053860
v 0.008031 1.054057 -0.066291
v -0.004367 1.052246 -0.065926
v -0.017584 1.051238 -0.063737
v -0.030691 1.051238 -0.059613
v -0.042712 1.052246 -0.053860
v -0.052964 1.054057 -0.047098
v -0.083122 1.117227 0.010266
v -0.084909 1.105197 0.003759
v -0.084909 1.105197 0.016773
v -0.084826 1.091959 -0.003079
v -0.085938 1.091959 0.010266
v -0.084826 1.091959 0.023611
v -0.082588 1.078386 -0.009752
v -0.084797 1.078022 0.003415
v -0.084797 1.078022 0.017117
v -0.082588 1.078386 0.030284
v -0.078359 1.065484 -0.015764
v -0.081402 1.064456 -0.003254
v -0.082498 1.064085 0.010266
v -0.081402 1.064456 0.023786
v -0.078359 1.065484 0.036296
v -0.072702 1.054057 -0.020788
v -0.076175 1.052246 -0.009257
v -0.078110 1.051238 0.003593
v -0.078110 1.051238 0.016939
v -0.076175 1.052246 0.029789
v -0.072702 1.054057 0.041320
v -0.049592 1.033615 0.057580
v -0.042712 1.022646 0.053333
v -0.039180 1.030827 0.063863
v -0.034313 1.012497 0.047754
v -0.031093 1.019954 0.059184
v -0.027068 1.029275 0.069348
v -0.024829 1.004108 0.041081
v -0.021774 1.010372 0.052991
v -0.018055 1.018985 0.064077
v -0.013962 1.029275 0.073472
v -0.014965 0.998103 0.033810
v -0.011876 1.002957 0.045663
v -0.008317 1.010372 0.057225
v -0.004537 1.019954 0.067540
v -0.000834 1.030827 0.075928
v -0.005456 0.994574 0.026526
v -0.002183 0.998103 0.037832
v 0.001384 1.004109 0.049329
v 0.005006 1.012497 0.060126
v 0.008415 1.022646 0.069421
v 0.011403 1.033615 0.076773
v 0.031141 1.033614 0.070562
v 0.029096 1.022646 0.062913
v 0.040529 1.030827 0.062913
v 0.026212 1.012497 0.053453
v 0.038433 1.019954 0.054019
v 0.049658 1.029275 0.053453
v 0.022590 1.004108 0.042656
v 0.035231 1.010372 0.043523
v 0.047267 1.018985 0.043523
v 0.057758 1.029275 0.042656
v 0.018498 0.998103 0.031325
v 0.031093 1.002957 0.032143
v 0.043548 1.010372 0.032437
v 0.054845 1.019955 0.032143
v 0.064228 1.030828 0.031325
v 0.014283 0.994574 0.020315
v 0.026398 0.998103 0.020795
v 0.038791 1.004109 0.021063
v 0.050513 1.012498 0.021063
v 0.060695 1.022646 0.020795
v 0.068839 1.033615 0.020315
v 0.068839 1.033615 0.000217
v 0.060695 1.022646 -0.000263
v 0.064228 1.030828 -0.010793
v 0.050513 1.012498 -0.000531
v 0.054845 1.019955 -0.011611
v 0.057758 1.029275 -0.022124
v 0.038791 1.004109 -0.000531
v 0.043548 1.010372 -0.011905
v 0.047267 1.018985 -0.022991
v 0.049658 1.029275 -0.032921
v 0.026398 0.998103 -0.000263
v 0.031093 1.002957 -0.011611
v 0.035231 1.010372 -0.022991
v 0.038433 1.019954 -0.033488
v 0.040529 1.030827 -0.042381
v 0.014283 0.994574 0.000217
v 0.018498 0.998103 -0.010793
v 0.022590 1.004109 -0.022125
v 0.026212 1.012497 -0.032921
v 0.029096 1.022646 -0.042381
v 0.031141 1.033615 -0.050030
v -0.061791 1.033615 0.041320
v -0.064743 1.030827 0.029788
v -0.055494 1.022646 0.036296
v -0.066387 1.029275 0.016939
v -0.057649 1.019954 0.023786
v -0.047419 1.012497 0.030284
v -0.066387 1.029275 0.003593
v -0.058425 1.018985 0.010266
v -0.048688 1.010372 0.017117
v -0.037935 1.004108 0.023611
v -0.064743 1.030827 -0.009257
v -0.057649 1.019955 -0.003254
v -0.048688 1.010372 0.003415
v -0.038433 1.002957 0.010266
v -0.027747 0.998103 0.016773
v -0.061791 1.033615 -0.020788
v -0.055494 1.022646 -0.015764
v -0.047419 1.012497 -0.009752
v -0.037935 1.004109 -0.003080
v -0.027747 0.998103 0.003758
v -0.017655 0.994574 0.010266
v 0.011403 1.033614 -0.056241
v 0.008415 1.022646 -0.048889
v -0.000834 1.030827 -0.055396
v 0.005006 1.012497 -0.039594
v -0.004537 1.019954 -0.047008
v -0.013962 1.029275 -0.052940
v 0.001383 1.004108 -0.028797
v -0.008317 1.010372 -0.036693
v -0.018055 1.018985 -0.043545
v -0.027068 1.029275 -0.048816
v -0.002184 0.998103 -0.017300
v -0.011877 1.002957 -0.025131
v -0.021774 1.010372 -0.032459
v -0.031093 1.019954 -0.038652
v -0.039180 1.030827 -0.043331
v -0.005456 0.994574 -0.005994
v -0.014965 0.998103 -0.013278
v -0.024829 1.004109 -0.020549
v -0.034313 1.012497 -0.027222
v -0.042712 1.022646 -0.032801
v -0.049592 1.033615 -0.037048
v 0.000000 1.007830 0.019226
v -0.026838 1.023332 0.000678
v 0.010251 1.023332 -0.010785
v 0.033174 1.023332 0.019226
v 0.010251 1.023332 0.049237
v -0.026838 1.023332 0.037774
v -0.010251 1.048415 -0.010785
v 0.026838 1.048415 0.000678
v 0.026838 1.048415 0.037774
v -0.010251 1.048415 0.049237
v -0.033174 1.048415 0.019226
v 0.000000 1.063916 0.019226
v 0.008635 1.017434 -0.006054
v 0.006025 1.012018 0.001586
v 0.002878 1.008729 0.010799
v -0.007536 1.008729 0.014018
v -0.015775 1.012018 0.008324
v -0.022608 1.017434 0.003602
v -0.019729 1.021787 -0.004825
v -0.009750 1.021130 -0.009316
v 0.001099 1.021787 -0.011262
v -0.030144 1.021787 0.029642
v -0.031550 1.021130 0.019226
v -0.030144 1.021787 0.008810
v -0.007536 1.008729 0.024434
v -0.015775 1.012018 0.030128
v -0.022608 1.017434 0.034850
v 0.027945 1.017434 0.019226
v 0.019499 1.012018 0.019226
v 0.009315 1.008729 0.019226
v 0.017950 1.021787 -0.006054
v 0.025524 1.021130 0.001586
v 0.030823 1.021787 0.010799
v 0.008635 1.017434 0.044506
v 0.006025 1.012018 0.036866
v 0.002878 1.008729 0.027653
v 0.030823 1.021787 0.027653
v 0.025524 1.021130 0.036866
v 0.017950 1.021787 0.044506
v 0.001099 1.021787 0.049714
v -0.009750 1.021130 0.047768
v -0.019729 1.021787 0.043277
v -0.035481 1.042916 0.014018
v -0.035274 1.035873 0.008324
v -0.031923 1.028830 0.003602
v -0.031923 1.028830 0.034850
v -0.035274 1.035873 0.030128
v -0.035481 1.042916 0.024434
v -0.005757 1.042916 -0.014481
v 0.000000 1.035873 -0.016054
v 0.005757 1.028830 -0.014481
v -0.025486 1.028830 -0.004825
v -0.021801 1.035873 -0.009316
v -0.016171 1.042916 -0.011263
v 0.031923 1.042916 0.003602
v 0.035274 1.035873 0.008324
v 0.035481 1.028830 0.014018
v 0.016171 1.028830 -0.011263
v 0.021801 1.035873 -0.009316
v 0.025486 1.042916 -0.004825
v 0.025486 1.042916 0.043277
v 0.021801 1.035873 0.047768
v 0.016171 1.028830 0.049715
v 0.035481 1.028830 0.024434
v 0.035274 1.035873 0.030128
v 0.031923 1.042916 0.034850
v -0.016171 1.042916 0.049715
v -0.021801 1.035873 0.047768
v -0.025486 1.028830 0.043277
v 0.005757 1.028830 0.052933
v -0.000000 1.035873 0.054506
v -0.005757 1.042916 0.052933
v -0.030823 1.049959 0.010799
v -0.025524 1.050616 0.001586
v -0.017950 1.049959 -0.006054
v -0.001099 1.049959 -0.011262
v 0.009750 1.050617 -0.009316
v 0.019729 1.049959 -0.004825
v 0.030144 1.049959 0.008810
v 0.031550 1.050616 0.019226
v 0.030144 1.049959 0.029642
v 0.019729 1.049959 0.043277
v 0.009750 1.050617 0.047768
v -0.001099 1.049959 0.049714
v -0.017950 1.049959 0.044506
v -0.025524 1.050616 0.036866
v -0.030823 1.049959 0.027653
v -0.002878 1.063018 0.010799
v -0.006025 1.059728 0.001586
v -0.008635 1.054312 -0.006054
v -0.027945 1.054312 0.019226
v -0.019499 1.059728 0.019226
v -0.009315 1.063018 0.019226
v 0.007536 1.063018 0.014018
v 0.015775 1.059728 0.008324
v 0.022608 1.054312 0.003602
v 0.007536 1.063018 0.024434
v 0.015775 1.059728 0.030128
v 0.022608 1.054312 0.034850
v -0.002878 1.063018 0.027653
v -0.006025 1.059728 0.036866
v -0.008635 1.054312 0.044506
v -0.013419 1.060956 0.028500
v -0.023670 1.056165 0.028500
v -0.016587 1.056165 0.037774
v 0.005126 1.060956 0.034231
v 0.001958 1.056165 0.043505
v 0.013419 1.056165 0.039963
v 0.016587 1.060956 0.019226
v 0.024880 1.056165 0.024957
v 0.024880 1.056165 0.013495
v 0.005126 1.060956 0.004221
v 0.013419 1.056165 -0.001511
v 0.001958 1.056165 -0.005053
v -0.013419 1.060956 0.009952
v -0.016587 1.056165 0.000678
v -0.023670 1.056165 0.009952
v -0.031964 1.043624 0.034231
v -0.030006 1.035873 0.039963
v -0.024880 1.043624 0.043505
v 0.005126 1.043624 0.052779
v 0.011461 1.035873 0.052779
v 0.016587 1.043624 0.049237
v 0.035131 1.043624 0.024958
v 0.037089 1.035873 0.019226
v 0.035131 1.043624 0.013494
v 0.016587 1.043624 -0.010785
v 0.011461 1.035873 -0.014327
v 0.005126 1.043624 -0.014327
v -0.024880 1.043624 -0.005053
v -0.030006 1.035873 -0.001511
v -0.031964 1.043624 0.004221
v -0.011461 1.035873 0.052779
v -0.016587 1.028122 0.049237
v -0.005126 1.028122 0.052779
v 0.030006 1.035873 0.039963
v 0.024880 1.028122 0.043505
v 0.031964 1.028122 0.034231
v 0.030006 1.035873 -0.001511
v 0.031964 1.028122 0.004221
v 0.024880 1.028122 -0.005053
v -0.011461 1.035873 -0.014327
v -0.005126 1.028122 -0.014327
v -0.016587 1.028122 -0.010785
v -0.037089 1.035873 0.019226
v -0.035131 1.028122 0.013494
v -0.035131 1.028122 0.024958
v -0.013419 1.015581 0.039963
v -0.005126 1.010791 0.034231
v -0.001958 1.015581 0.043505
v 0.016587 1.015581 0.037774
v 0.013419 1.010791 0.028500
v 0.023670 1.015581 0.028500
v 0.023670 1.015581 0.009952
v 0.013419 1.010791 0.009952
v 0.016587 1.015581 0.000678
v -0.024880 1.015581 0.024957
v -0.024880 1.015581 0.013494
v -0.016587 1.010791 0.019226
v -0.001958 1.015581 -0.005053
v -0.005126 1.010791 0.004221
v -0.013419 1.015581 -0.001511
v -0.085034 1.068439 0.010266
v -0.091580 1.078440 0.002181
v -0.082534 1.078440 -0.002816
v -0.076943 1.078440 0.010266
v -0.082534 1.078440 0.023348
v -0.091580 1.078440 0.018351
v -0.087534 1.094623 -0.002816
v -0.078488 1.094623 0.002181
v -0.078488 1.094623 0.018351
v -0.087534 1.094623 0.023348
v -0.093125 1.094623 0.010266
v -0.085034 1.104624 0.010266
v -0.083564 1.071141 0.002577
v -0.088881 1.071141 0.005514
v -0.087412 1.077020 -0.002175
v -0.092729 1.077020 0.010266
v -0.088881 1.071141 0.015018
v -0.080278 1.071141 0.010266
v -0.078808 1.077020 0.002577
v -0.083564 1.071141 0.017955
v -0.078808 1.077020 0.017955
v -0.087412 1.077020 0.022707
v -0.093637 1.086532 0.005514
v -0.093637 1.086532 0.015018
v -0.085034 1.086532 -0.005112
v -0.090351 1.086532 -0.002175
v -0.076430 1.086532 0.005514
v -0.079717 1.086532 -0.002175
v -0.079717 1.086532 0.022707
v -0.076430 1.086532 0.015018
v -0.090351 1.086532 0.022707
v -0.085034 1.086532 0.025644
v -0.091259 1.096043 0.002577
v -0.082656 1.096043 -0.002175
v -0.077339 1.096043 0.010266
v -0.082656 1.096043 0.022707
v -0.091259 1.096043 0.017955
v -0.086503 1.101922 0.002577
v -0.089790 1.101922 0.010266
v -0.081186 1.101922 0.005514
v -0.081186 1.101922 0.015018
v -0.086503 1.101922 0.017955
v 0.085034 1.068439 0.010266
v 0.078488 1.078440 0.002181
v 0.087534 1.078440 -0.002816
v 0.093125 1.078440 0.010266
v 0.087534 1.078440 0.023348
v 0.078488 1.078440 0.018351
v 0.082534 1.094623 -0.002816
v 0.091580 1.094623 0.002181
v 0.091580 1.094623 0.018351
v 0.082534 1.094623 0.023348
v 0.076943 1.094623 0.010266
v 0.085034 1.104624 0.010266
v 0.086503 1.071141 0.002577
v 0.081186 1.071141 0.005514
v 0.082656 1.077020 -0.002175
v 0.077339 1.077020 0.010266
v 0.081186 1.071141 0.015018
v 0.089790 1.071141 0.010266
v 0.091259 1.077020 0.002577
v 0.086503 1.071141 0.017955
v 0.091259 1.077020 0.017955
v 0.082656 1.077020 0.022707
v 0.076430 1.086532 0.005514
v 0.076430 1.086532 0.015018
v 0.085034 1.086532 -0.005112
v 0.079717 1.086532 -0.002175
v 0.093637 1.086532 0.005514
v 0.090351 1.086532 -0.002175
v 0.090351 1.086532 0.022707
v 0.093637 1.086532 0.015018
v 0.079717 1.086532 0.022707
v 0.085034 1.086532 0.025644
v 0.078808 1.096043 0.002577
v 0.087412 1.096043 -0.002175
v 0.092729 1.096043 0.010266
v 0.087412 1.096043 0.022707
v 0.078808 1.096043 0.017955
v 0.083564 1.101922 0.002577
v 0.080278 1.101922 0.010266
v 0.088881 1.101922 0.005514
v 0.088881 1.101922 0.015018
v 0.083564 1.101922 0.017955
v -0.036185 1.077101 0.082635
v -0.048949 1.088315 0.077535
v -0.031309 1.088315 0.074382
v -0.020407 1.088315 0.082635
v -0.031309 1.088315 0.090888
v -0.048949 1.088315 0.087736
v -0.041060 1.106459 0.074382
v -0.023420 1.106459 0.077535
v -0.023420 1.106459 0.087736
v -0.041060 1.106459 0.090888
v -0.051962 1.106459 0.082635
v -0.036185 1.117673 0.082635
v -0.033319 1.080131 0.077784
v -0.043687 1.080131 0.079637
v -0.040822 1.086722 0.074786
v -0.051190 1.086722 0.082635
v -0.043687 1.080131 0.085633
v -0.026911 1.080131 0.082635
v -0.024045 1.086722 0.077784
v -0.033319 1.080131 0.087486
v -0.024045 1.086722 0.087486
v -0.040822 1.086722 0.090484
v -0.052961 1.097387 0.079637
v -0.052961 1.097387 0.085633
v -0.036185 1.097387 0.072933
v -0.046553 1.097387 0.074786
v -0.019408 1.097387 0.079637
v -0.025816 1.097387 0.074786
v -0.025816 1.097387 0.090484
v -0.019408 1.097387 0.085633
v -0.046553 1.097387 0.090484
v -0.036185 1.097387 0.092337
v -0.048324 1.108052 0.077784
v -0.031548 1.108052 0.074786
v -0.021179 1.108052 0.082635
v -0.031548 1.108052 0.090484
v -0.048324 1.108052 0.087486
v -0.039050 1.114643 0.077784
v -0.045458 1.114643 0.082635
v -0.028682 1.114643 0.079637
v -0.028682 1.114643 0.085633
v -0.039050 1.114643 0.087486
v -0.036185 1.087889 0.091681
v -0.043058 1.093139 0.088685
v -0.033559 1.093139 0.086833
v -0.027689 1.093139 0.091681
v -0.033559 1.093139 0.096529
v -0.043058 1.093139 0.094678
v -0.038810 1.101635 0.086833
v -0.029311 1.101635 0.088685
v -0.029311 1.101635 0.094678
v -0.038810 1.101635 0.096529
v -0.044680 1.101635 0.091681
v -0.036185 1.106885 0.091681
v -0.034642 1.089307 0.088832
v -0.040225 1.089307 0.089920
v -0.038681 1.092393 0.087071
v -0.044264 1.092393 0.091681
v -0.040225 1.089307 0.093442
v -0.031191 1.089307 0.091681
v -0.029648 1.092393 0.088832
v -0.034642 1.089307 0.094531
v -0.029648 1.092393 0.094531
v -0.038681 1.092393 0.096292
v -0.045218 1.097387 0.089920
v -0.045218 1.097387 0.093442
v -0.036185 1.097387 0.085982
v -0.041768 1.097387 0.087071
v -0.027151 1.097387 0.089920
v -0.030602 1.097387 0.087071
v -0.030602 1.097387 0.096292
v -0.027151 1.097387 0.093442
v -0.041768 1.097387 0.096292
v -0.036185 1.097387 0.097380
v -0.042721 1.102381 0.088832
v -0.033688 1.102381 0.087071
v -0.028105 1.102381 0.091681
v -0.033688 1.102381 0.096292
v -0.042721 1.102381 0.094531
v -0.037728 1.105467 0.088832
v -0.041178 1.105467 0.091681
v -0.032145 1.105467 0.089920
v -0.032145 1.105467 0.093442
v -0.037728 1.105467 0.094531
v -0.036185 1.093045 0.097109
v -0.039327 1.095445 0.094826
v -0.034985 1.095445 0.093415
v -0.032301 1.095445 0.097109
v -0.034985 1.095445 0.100803
v -0.039327 1.095445 0.099392
v -0.037385 1.099329 0.093415
v -0.033043 1.099329 0.094826
v -0.033043 1.099329 0.099392
v -0.037385 1.099329 0.100803
v -0.040068 1.099329 0.097109
v -0.036185 1.101729 0.097109
v -0.029852 1.101367 0.098918
v -0.031554 1.102667 0.097682
v -0.029202 1.102667 0.096918
v -0.027749 1.102667 0.098918
v -0.029202 1.102667 0.100919
v -0.031554 1.102667 0.100155
v -0.030502 1.104771 0.096918
v -0.028150 1.104771 0.097682
v -0.028150 1.104771 0.100155
v -0.030502 1.104771 0.100919
v -0.031956 1.104771 0.098918
v -0.029852 1.106071 0.098918
v -0.020853 1.121446 0.084897
v -0.019476 1.129011 0.084897
v -0.020853 1.121446 0.091229
v -0.019476 1.129011 0.091229
v -0.052893 1.127277 0.084897
v -0.051516 1.134842 0.084897
v -0.052893 1.127277 0.091229
v -0.051516 1.134842 0.091229
v 0.036185 1.077101 0.082635
v 0.023420 1.088315 0.077535
v 0.041060 1.088315 0.074382
v 0.051962 1.088315 0.082635
v 0.041060 1.088315 0.090888
v 0.023420 1.088315 0.087736
v 0.031309 1.106459 0.074382
v 0.048949 1.106459 0.077535
v 0.048949 1.106459 0.087736
v 0.031309 1.106459 0.090888
v 0.020407 1.106459 0.082635
v 0.036185 1.117673 0.082635
v 0.039050 1.080131 0.077784
v 0.028682 1.080131 0.079637
v 0.031548 1.086722 0.074786
v 0.021179 1.086722 0.082635
v 0.028682 1.080131 0.085633
v 0.045458 1.080131 0.082635
v 0.048324 1.086722 0.077784
v 0.039050 1.080131 0.087486
v 0.048324 1.086722 0.087486
v 0.031548 1.086722 0.090484
v 0.019408 1.097387 0.079637
v 0.019408 1.097387 0.085633
v 0.036185 1.097387 0.072933
v 0.025816 1.097387 0.074786
v 0.052961 1.097387 0.079637
v 0.046553 1.097387 0.074786
v 0.046553 1.097387 0.090484
v 0.052961 1.097387 0.085633
v 0.025816 1.097387 0.090484
v 0.036185 1.097387 0.092337
v 0.024045 1.108052 0.077784
v 0.040822 1.108052 0.074786
v 0.051190 1.108052 0.082635
v 0.040822 1.108052 0.090484
v 0.024045 1.108052 0.087486
v 0.033319 1.114643 0.077784
v 0.026911 1.114643 0.082635
v 0.043687 1.114643 0.079637
v 0.043687 1.114643 0.085633
v 0.033319 1.114643 0.087486
v 0.036185 1.087889 0.091681
v 0.029311 1.093139 0.088685
v 0.038810 1.093139 0.086833
v 0.044680 1.093139 0.091681
v 0.038810 1.093139 0.096529
v 0.029311 1.093139 0.094678
v 0.033559 1.101635 0.086833
v 0.043058 1.101635 0.088685
v 0.043058 1.101635 0.094678
v 0.033559 1.101635 0.096529
v 0.027689 1.101635 0.091681
v 0.036185 1.106885 0.091681
v 0.037728 1.089307 0.088832
v 0.032145 1.089307 0.089920
v 0.033688 1.092393 0.087071
v 0.028105 1.092393 0.091681
v 0.032145 1.089307 0.093442
v 0.041178 1.089307 0.091681
v 0.042721 1.092393 0.088832
v 0.037728 1.089307 0.094531
v 0.042721 1.092393 0.094531
v 0.033688 1.092393 0.096292
v 0.027151 1.097387 0.089920
v 0.027151 1.097387 0.093442
v 0.036185 1.097387 0.085982
v 0.030602 1.097387 0.087071
v 0.045218 1.097387 0.089920
v 0.041768 1.097387 0.087071
v 0.041768 1.097387 0.096292
v 0.045218 1.097387 0.093442
v 0.030602 1.097387 0.096292
v 0.036185 1.097387 0.097380
v 0.029648 1.102381 0.088832
v 0.038681 1.102381 0.087071
v 0.044264 1.102381 0.091681
v 0.038681 1.102381 0.096292
v 0.029648 1.102381 0.094531
v 0.034642 1.105467 0.088832
v 0.031191 1.105467 0.091681
v 0.040225 1.105467 0.089920
v 0.040225 1.105467 0.093442
v 0.034642 1.105467 0.094531
v 0.036185 1.093045 0.097109
v 0.033043 1.095445 0.094826
v 0.037385 1.095445 0.093415
v 0.040068 1.095445 0.097109
v 0.037385 1.095445 0.100803
v 0.033043 1.095445 0.099392
v 0.034985 1.099329 0.093415
v 0.039327 1.099329 0.094826
v 0.039327 1.099329 0.099392
v 0.034985 1.099329 0.100803
v 0.032301 1.099329 0.097109
v 0.036185 1.101729 0.097109
v 0.029852 1.101367 0.098918
v 0.028150 1.102667 0.097682
v 0.030502 1.102667 0.096918
v 0.031956 1.102667 0.098918
v 0.030502 1.102667 0.100919
v 0.028150 1.102667 0.100155
v 0.029202 1.104771 0.096918
v 0.031554 1.104771 0.097682
v 0.031554 1.104771 0.100155
v 0.029202 1.104771 0.100919
v 0.027749 1.104771 0.098918
v 0.029852 1.106071 0.098918
v 0.052893 1.127277 0.084897
v 0.051516 1.134842 0.084897
v 0.052893 1.127277 0.091229
v 0.051516 1.134842 0.091229
v 0.020853 1.121446 0.084897
v 0.019476 1.129011 0.084897
v 0.020853 1.121446 0.091229
v 0.019476 1.129011 0.091229
v 0.000000 1.064753 0.097109
v -0.005420 1.070791 0.092460
v 0.002070 1.070791 0.089587
v 0.006699 1.070791 0.097109
v 0.002070 1.070791 0.104631
v -0.005420 1.070791 0.101758
v -0.002070 1.080561 0.089587
v 0.005420 1.080561 0.092460
v 0.005420 1.080561 0.101758
v -0.002070 1.080561 0.104631
v -0.006699 1.080561 0.097109
v 0.000000 1.086600 0.097109
v 0.001217 1.066384 0.092688
v -0.003186 1.066384 0.094377
v -0.001969 1.069933 0.089955
v -0.006372 1.069933 0.097109
v -0.003186 1.066384 0.099842
v 0.003938 1.066384 0.097109
v 0.005155 1.069933 0.092688
v 0.001217 1.066384 0.101530
v 0.005155 1.069933 0.101530
v -0.001969 1.069933 0.104263
v -0.007124 1.075676 0.094377
v -0.007124 1.075676 0.099842
v 0.000000 1.075676 0.088266
v -0.004403 1.075676 0.089955
v 0.007124 1.075676 0.094377
v 0.004403 1.075676 0.089955
v 0.004403 1.075676 0.104263
v 0.007124 1.075676 0.099842
v -0.004403 1.075676 0.104263
v 0.000000 1.075676 0.105952
v -0.005155 1.081419 0.092688
v 0.001969 1.081419 0.089955
v 0.006372 1.081419 0.097109
v 0.001969 1.081419 0.104263
v -0.005155 1.081419 0.101530
v -0.001217 1.084968 0.092688
v -0.003938 1.084968 0.097109
v 0.003186 1.084968 0.094377
v 0.003186 1.084968 0.099842
v -0.001217 1.084968 0.101530
v 0.018997 1.041527 0.088515
v 0.018997 1.048312 0.088515
v 0.018997 1.041527 0.094848
v 0.018997 1.048312 0.094848
v -0.018997 1.041527 0.088515
v -0.018997 1.048312 0.088515
v -0.018997 1.041527 0.094848
v -0.018997 1.048312 0.094848
v -0.056086 1.057855 0.079017
v -0.063287 1.061706 0.076401
v -0.053336 1.061706 0.074785
v -0.047186 1.061706 0.079017
v -0.053336 1.061706 0.083249
v -0.063287 1.061706 0.081632
v -0.058836 1.067936 0.074785
v -0.048886 1.067936 0.076401
v -0.048886 1.067936 0.081632
v -0.058836 1.067936 0.083249
v -0.064986 1.067936 0.079017
v -0.056086 1.071786 0.079017
v 0.056086 1.057855 0.079017
v 0.048886 1.061706 0.076401
v 0.058836 1.061706 0.074785
v 0.064986 1.061706 0.079017
v 0.058836 1.061706 0.083249
v 0.048886 1.061706 0.081632
v 0.053336 1.067936 0.074785
v 0.063287 1.067936 0.076401
v 0.063287 1.067936 0.081632
v 0.053336 1.067936 0.083249
v 0.047186 1.067936 0.079017
v 0.056086 1.071786 0.079017
v 0.000000 1.039130 -0.003260
v -0.068077 1.083334 -0.053710
v 0.026003 1.083334 -0.084890
v 0.084148 1.083335 -0.003260
v 0.026003 1.083334 0.078370
v -0.068077 1.083334 0.047189
v -0.026003 1.154861 -0.084890
v 0.068077 1.154861 -0.053710
v 0.068077 1.154861 0.047189
v -0.026003 1.154861 0.078370
v -0.084148 1.154861 -0.003260
v 0.000000 1.199066 -0.003260
v 0.021904 1.066517 -0.072023
v 0.015284 1.051073 -0.051241
v 0.007301 1.041693 -0.026181
v -0.019115 1.041693 -0.017426
v -0.040014 1.051073 -0.032913
v -0.057346 1.066517 -0.045757
v -0.050045 1.078930 -0.068678
v -0.024731 1.077056 -0.080894
v 0.002788 1.078930 -0.086189
v -0.076462 1.078930 0.025071
v -0.080029 1.077056 -0.003260
v -0.076462 1.078930 -0.031592
v -0.019115 1.041693 0.010905
v -0.040014 1.051073 0.026393
v -0.057346 1.066517 0.039237
v 0.070884 1.066518 -0.003260
v 0.049461 1.051073 -0.003260
v 0.023628 1.041693 -0.003260
v 0.045532 1.078930 -0.072023
v 0.064745 1.077056 -0.051241
v 0.078185 1.078930 -0.026181
v 0.021904 1.066517 0.065502
v 0.015284 1.051073 0.044720
v 0.007301 1.041693 0.019661
v 0.078185 1.078930 0.019661
v 0.064745 1.077056 0.044720
v 0.045532 1.078930 0.065503
v 0.002788 1.078930 0.079668
v -0.024731 1.077056 0.074374
v -0.050045 1.078930 0.062158
v -0.089999 1.139182 -0.017426
v -0.089476 1.119098 -0.032914
v -0.080974 1.099014 -0.045757
v -0.080974 1.099014 0.039237
v -0.089476 1.119098 0.026393
v -0.089999 1.139182 0.010906
v -0.014603 1.139182 -0.094944
v 0.000000 1.119098 -0.099222
v 0.014603 1.099014 -0.094944
v -0.064648 1.099014 -0.068679
v -0.055299 1.119098 -0.080895
v -0.041020 1.139182 -0.086189
v 0.080974 1.139182 -0.045757
v 0.089476 1.119098 -0.032913
v 0.089999 1.099014 -0.017426
v 0.041020 1.099014 -0.086189
v 0.055299 1.119098 -0.080895
v 0.064648 1.139182 -0.068679
v 0.064648 1.139182 0.062158
v 0.055299 1.119098 0.074374
v 0.041020 1.099014 0.079669
v 0.089999 1.099014 0.010906
v 0.089476 1.119098 0.026393
v 0.080974 1.139182 0.039237
v -0.041020 1.139182 0.079669
v -0.055299 1.119098 0.074374
v -0.064648 1.099014 0.062158
v 0.014603 1.099014 0.088424
v 0.000000 1.119098 0.092701
v -0.014603 1.139182 0.088424
v -0.078185 1.159266 -0.026181
v -0.064745 1.161140 -0.051241
v -0.045532 1.159266 -0.072023
v -0.002788 1.159266 -0.086189
v 0.024731 1.161140 -0.080894
v 0.050045 1.159266 -0.068678
v 0.076462 1.159266 -0.031592
v 0.080029 1.161140 -0.003260
v 0.076462 1.159266 0.025071
v 0.050045 1.159266 0.062158
v 0.024731 1.161140 0.074374
v -0.002788 1.159266 0.079668
v -0.045532 1.159266 0.065503
v -0.064745 1.161140 0.044720
v -0.078185 1.159266 0.019661
v -0.007301 1.196503 -0.026181
v -0.015284 1.187123 -0.051241
v -0.021904 1.171678 -0.072023
v -0.070884 1.171678 -0.003260
v -0.049461 1.187123 -0.003260
v -0.023628 1.196503 -0.003260
v 0.019115 1.196503 -0.017426
v 0.040014 1.187123 -0.032913
v 0.057346 1.171678 -0.045757
v 0.019115 1.196503 0.010905
v 0.040014 1.187123 0.026393
v 0.057346 1.171678 0.039237
v -0.007301 1.196503 0.019661
v -0.015284 1.187123 0.044720
v -0.021904 1.171678 0.065502
v -0.034038 1.190623 0.021965
v -0.060041 1.176963 0.021965
v -0.042073 1.176963 0.047190
v 0.013002 1.190624 0.037554
v 0.004966 1.176964 0.062779
v 0.034038 1.176964 0.053144
v 0.042074 1.190623 -0.003260
v 0.063110 1.176963 0.012329
v 0.063110 1.176963 -0.018850
v 0.013002 1.190624 -0.044074
v 0.034038 1.176964 -0.059664
v 0.004966 1.176964 -0.069299
v -0.034038 1.190623 -0.028485
v -0.042073 1.176963 -0.053710
v -0.060041 1.176963 -0.028485
v -0.081079 1.141201 0.037554
v -0.076113 1.119098 0.053144
v -0.063111 1.141201 0.062780
v 0.013002 1.141201 0.088005
v 0.029072 1.119098 0.088005
v 0.042074 1.141201 0.078369
v 0.089114 1.141201 0.012330
v 0.094080 1.119098 -0.003260
v 0.089114 1.141201 -0.018850
v 0.042074 1.141201 -0.084890
v 0.029072 1.119098 -0.094525
v 0.013002 1.141201 -0.094525
v -0.063111 1.141201 -0.069300
v -0.076112 1.119098 -0.059665
v -0.081079 1.141200 -0.044075
v -0.029072 1.119098 0.088005
v -0.042074 1.096995 0.078369
v -0.013002 1.096995 0.088005
v 0.076112 1.119098 0.053144
v 0.063111 1.096995 0.062780
v 0.081078 1.096995 0.037555
v 0.076112 1.119098 -0.059665
v 0.081078 1.096995 -0.044075
v 0.063111 1.096995 -0.069300
v -0.029072 1.119098 -0.094525
v -0.013002 1.096995 -0.094525
v -0.042074 1.096995 -0.084890
v -0.094080 1.119098 -0.003260
v -0.089114 1.096995 -0.018850
v -0.089114 1.096995 0.012330
v -0.034038 1.061232 0.053144
v -0.013002 1.047572 0.037554
v -0.004966 1.061232 0.062779
v 0.042074 1.061232 0.047189
v 0.034038 1.047572 0.021965
v 0.060041 1.061232 0.021965
v 0.060041 1.061232 -0.028485
v 0.034038 1.047572 -0.028485
v 0.042074 1.061232 -0.053710
v -0.063110 1.061232 0.012329
v -0.063111 1.061232 -0.018850
v -0.042074 1.047572 -0.003260
v -0.004967 1.061232 -0.069300
v -0.013002 1.047572 -0.044075
v -0.034039 1.061232 -0.059664
v 0.000000 1.013348 -0.043968
v -0.051058 1.054303 -0.066967
v 0.019502 1.054303 -0.081181
v 0.063111 1.054303 -0.043968
v 0.019502 1.054303 -0.006754
v -0.051058 1.054303 -0.020969
v -0.019502 1.120570 -0.081181
v 0.051058 1.120570 -0.066967
v 0.051058 1.120570 -0.020969
v -0.019502 1.120570 -0.006754
v -0.063111 1.120570 -0.043968
v 0.000000 1.161524 -0.043968
v 0.011463 1.024413 -0.065841
v -0.030011 1.024413 -0.057486
v -0.018548 1.048485 -0.079360
v -0.060022 1.048486 -0.043968
v -0.030011 1.024413 -0.030449
v 0.037095 1.024413 -0.043968
v 0.048559 1.048485 -0.065841
v 0.011463 1.024413 -0.022094
v 0.048559 1.048485 -0.022094
v -0.018548 1.048485 -0.008576
v -0.067107 1.087436 -0.057486
v -0.067107 1.087436 -0.030449
v 0.000000 1.087436 -0.087715
v -0.041474 1.087436 -0.079360
v 0.067107 1.087436 -0.057486
v 0.041474 1.087436 -0.079360
v 0.041474 1.087436 -0.008576
v 0.067107 1.087436 -0.030449
v -0.041474 1.087436 -0.008576
v 0.000000 1.087436 -0.000221
v -0.048559 1.126387 -0.065841
v 0.018548 1.126387 -0.079360
v 0.060022 1.126387 -0.043968
v 0.018548 1.126387 -0.008576
v -0.048559 1.126387 -0.022094
v -0.011463 1.150460 -0.065841
v -0.037095 1.150459 -0.043968
v 0.030011 1.150459 -0.057486
v 0.030011 1.150459 -0.030449
v -0.011463 1.150460 -0.022094
v -0.065132 1.138095 -0.021352
v -0.087388 1.155097 -0.037522
v -0.056631 1.155097 -0.047516
v -0.037623 1.155097 -0.021352
v -0.056631 1.155097 0.004811
v -0.087388 1.155097 -0.005183
v -0.073633 1.182607 -0.047516
v -0.042876 1.182607 -0.037522
v -0.042876 1.182607 -0.005183
v -0.073633 1.182607 0.004811
v -0.092642 1.182607 -0.021352
v -0.065132 1.199609 -0.021352
v -0.060136 1.142688 -0.036731
v -0.078214 1.142688 -0.030857
v -0.073217 1.152682 -0.046235
v -0.091296 1.152682 -0.021352
v -0.078214 1.142688 -0.011848
v -0.048962 1.142688 -0.021352
v -0.043966 1.152682 -0.036731
v -0.060136 1.142688 -0.005974
v -0.043966 1.152682 -0.005974
v -0.073217 1.152682 0.003530
v -0.094384 1.168852 -0.030857
v -0.094384 1.168852 -0.011848
v -0.065132 1.168852 -0.052109
v -0.083211 1.168852 -0.046235
v -0.035881 1.168852 -0.030857
v -0.047054 1.168852 -0.046235
v -0.047054 1.168852 0.003530
v -0.035881 1.168852 -0.011848
v -0.083211 1.168852 0.003530
v -0.065132 1.168852 0.009404
v -0.086299 1.185022 -0.036731
v -0.057047 1.185022 -0.046235
v -0.038969 1.185022 -0.021352
v -0.057047 1.185022 0.003530
v -0.086299 1.185022 -0.005974
v -0.070129 1.195015 -0.036731
v -0.081302 1.195015 -0.021352
v -0.052051 1.195015 -0.030857
v -0.052051 1.195015 -0.011848
v -0.070129 1.195015 -0.005974
v 0.065132 1.138095 -0.021352
v 0.042876 1.155097 -0.037522
v 0.073633 1.155097 -0.047516
v 0.092642 1.155097 -0.021352
v 0.073633 1.155097 0.004811
v 0.042876 1.155097 -0.005183
v 0.056631 1.182607 -0.047516
v 0.087388 1.182607 -0.037522
v 0.087388 1.182607 -0.005183
v 0.056631 1.182607 0.004811
v 0.037623 1.182607 -0.021352
v 0.065132 1.199609 -0.021352
v 0.070129 1.142688 -0.036731
v 0.052051 1.142688 -0.030857
v 0.057047 1.152682 -0.046235
v 0.038969 1.152682 -0.021352
v 0.052051 1.142688 -0.011848
v 0.081302 1.142688 -0.021352
v 0.086299 1.152682 -0.036731
v 0.070129 1.142688 -0.005974
v 0.086299 1.152682 -0.005974
v 0.057047 1.152682 0.003530
v 0.035881 1.168852 -0.030857
v 0.035881 1.168852 -0.011848
v 0.065132 1.168852 -0.052109
v 0.047054 1.168852 -0.046235
v 0.094384 1.168852 -0.030857
v 0.083211 1.168852 -0.046235
v 0.083211 1.168852 0.003530
v 0.094384 1.168852 -0.011848
v 0.047054 1.168852 0.003530
v 0.065132 1.168852 0.009404
v 0.043966 1.185022 -0.036731
v 0.073217 1.185022 -0.046235
v 0.091296 1.185022 -0.021352
v 0.073217 1.185022 0.003530
v 0.043966 1.185022 -0.005974
v 0.060136 1.195015 -0.036731
v 0.048962 1.195015 -0.021352
v 0.078214 1.195015 -0.030857
v 0.078214 1.195015 -0.011848
v 0.060136 1.195015 -0.005974
vn -0.000000 -0.613300 0.789800
vn -0.000000 0.705500 0.708700
vn -0.342700 -0.613300 0.711600
vn -0.307500 0.705500 0.638500
vn -0.617500 -0.613300 0.492500
vn -0.554100 0.705500 0.441900
vn -0.770000 -0.613300 0.175800
vn -0.691000 0.705500 0.157700
vn -0.770000 -0.613300 -0.175800
vn -0.691000 0.705500 -0.157700
vn -0.617500 -0.613300 -0.492500
vn -0.554100 0.705500 -0.441900
vn -0.342700 -0.613300 -0.711600
vn -0.307500 0.705500 -0.638500
vn -0.000000 -0.613300 -0.789800
vn -0.000000 0.705500 -0.708700
vn 0.342700 -0.613300 -0.711600
vn 0.307500 0.705500 -0.638500
vn 0.617500 -0.613300 -0.492500
vn 0.554100 0.705500 -0.441900
vn 0.770000 -0.613300 -0.175800
vn 0.691000 0.705500 -0.157700
vn 0.770000 -0.613300 0.175800
vn 0.691000 0.705500 0.157700
vn 0.617500 -0.613300 0.492500
vn 0.554100 0.705500 0.441900
vn 0.342700 -0.613300 0.711600
vn 0.307500 0.705500 0.638500
vn -0.239300 0.648700 0.722500
vn -0.241900 -0.638800 0.730400
vn 0.238800 0.645800 0.725200
vn 0.225800 -0.641600 0.733100
vn 0.627200 0.638200 0.446400
vn 0.605800 -0.649000 0.460300
vn 0.777400 0.628900 -0.007300
vn 0.752800 -0.658100 0.016400
vn 0.632200 0.621400 -0.462800
vn 0.610700 -0.665500 -0.429200
vn 0.247000 0.618500 -0.745900
vn 0.233900 -0.668300 -0.706200
vn -0.231100 0.621400 -0.748700
vn -0.233900 -0.665500 -0.708800
vn -0.619400 0.628900 -0.469900
vn -0.613800 -0.658100 -0.436100
vn -0.769700 0.638300 -0.016100
vn -0.760800 -0.649000 0.007800
vn -0.624500 0.645800 0.439300
vn -0.618700 -0.641600 0.453400
vn 0.239300 0.648700 0.722500
vn 0.241900 -0.638800 0.730400
vn 0.624500 0.645800 0.439300
vn 0.618700 -0.641600 0.453400
vn 0.769700 0.638300 -0.016100
vn 0.760800 -0.649000 0.007800
vn 0.619400 0.628900 -0.469900
vn 0.613800 -0.658100 -0.436100
vn 0.231100 0.621400 -0.748700
vn 0.233900 -0.665500 -0.708800
vn -0.247000 0.618500 -0.745900
vn -0.233900 -0.668300 -0.706200
vn -0.632200 0.621400 -0.462800
vn -0.610700 -0.665500 -0.429200
vn -0.777400 0.628900 -0.007300
vn -0.752800 -0.658100 0.016400
vn -0.627200 0.638200 0.446400
vn -0.605800 -0.649000 0.460300
vn -0.238800 0.645800 0.725200
vn -0.225800 -0.641600 0.733100
vn -0.003100 -1.000000 0.000000
vn -0.733700 -0.594400 -0.329300
vn 0.333200 -0.683600 -0.649300
vn 0.835400 -0.549600 0.000000
vn 0.333200 -0.683600 0.649300
vn -0.733700 -0.594400 0.329300
vn -0.333200 0.683600 -0.649300
vn 0.733700 0.594400 -0.329300
vn 0.733700 0.594400 0.329300
vn -0.333200 0.683600 0.649300
vn -0.835400 0.549600 0.000000
vn 0.003100 1.000000 0.000000
vn 0.131000 -0.960700 -0.244900
vn -0.336000 -0.930600 -0.145400
vn -0.305200 -0.753000 -0.582900
vn -0.774900 -0.632100 0.000000
vn -0.336000 -0.930600 0.145400
vn 0.406600 -0.913600 0.000000
vn 0.679100 -0.669900 -0.299900
vn 0.131000 -0.960700 0.244900
vn 0.679100 -0.669900 0.299900
vn -0.305200 -0.753000 0.582900
vn -0.980600 0.003100 -0.195800
vn -0.980600 0.003100 0.195800
vn -0.000000 -0.000000 -1.000000
vn -0.744600 -0.010100 -0.667400
vn 0.980600 -0.003100 -0.195800
vn 0.744600 0.010100 -0.667400
vn 0.744600 0.010100 0.667400
vn 0.980600 -0.003100 0.195800
vn -0.744600 -0.010100 0.667400
vn -0.000000 -0.000000 1.000000
vn -0.679100 0.669900 -0.299900
vn 0.305200 0.753000 -0.582900
vn 0.774900 0.632100 0.000000
vn 0.305200 0.753000 0.582900
vn -0.679100 0.669900 0.299900
vn -0.131000 0.960700 -0.244900
vn -0.406600 0.913600 0.000000
vn 0.336000 0.930600 -0.145400
vn 0.336000 0.930600 0.145400
vn -0.131000 0.960700 0.244900
vn -0.001100 -1.000000 0.000000
vn -0.589600 -0.509900 -0.626400
vn 0.194400 -0.439800 -0.876800
vn 0.820600 -0.571500 0.000000
vn 0.194400 -0.439800 0.876800
vn -0.589600 -0.509900 0.626400
vn -0.194400 0.439800 -0.876800
vn 0.589600 0.509900 -0.626400
vn 0.589600 0.509900 0.626400
vn -0.194400 0.439800 0.876800
vn -0.820600 0.571500 0.000000
vn 0.001100 1.000000 0.000000
vn 0.162800 -0.658600 -0.734700
vn 0.115700 -0.846200 -0.520100
vn 0.058100 -0.963900 -0.259800
vn -0.152800 -0.975100 -0.160700
vn -0.317500 -0.886600 -0.336300
vn -0.471300 -0.725800 -0.501100
vn -0.392800 -0.528500 -0.752600
vn -0.185100 -0.518600 -0.834700
vn 0.014700 -0.486400 -0.873600
vn -0.707700 -0.607600 0.360500
vn -0.759800 -0.650200 0.000000
vn -0.707700 -0.607600 -0.360500
vn -0.152800 -0.975100 0.160700
vn -0.317500 -0.886600 0.336300
vn -0.471300 -0.725800 0.501100
vn 0.627800 -0.778300 0.000000
vn 0.404600 -0.914500 0.000000
vn 0.187900 -0.982200 0.000000
vn 0.364500 -0.521500 -0.771500
vn 0.554600 -0.589800 -0.587000
vn 0.723600 -0.613600 -0.316100
vn 0.162800 -0.658600 0.734700
vn 0.115700 -0.846200 0.520100
vn 0.058100 -0.963900 0.259800
vn 0.723600 -0.613600 0.316100
vn 0.554600 -0.589800 0.587000
vn 0.364500 -0.521500 0.771500
vn 0.014700 -0.486400 0.873600
vn -0.185100 -0.518600 0.834700
vn -0.392800 -0.528500 0.752600
vn -0.921900 0.323800 -0.212600
vn -0.905600 -0.000700 -0.424000
vn -0.767600 -0.301100 -0.565800
vn -0.767600 -0.301100 0.565800
vn -0.905600 -0.000700 0.424000
vn -0.921900 0.323800 0.212600
vn -0.102500 0.234100 -0.966800
vn 0.102500 -0.234100 -0.966800
vn -0.543000 -0.268300 -0.795700
vn -0.445900 0.000500 -0.895100
vn -0.320300 0.246700 -0.914600
vn 0.767600 0.301100 -0.565800
vn 0.905600 0.000700 -0.424000
vn 0.921900 -0.323800 -0.212600
vn 0.320300 -0.246700 -0.914600
vn 0.445900 -0.000500 -0.895100
vn 0.543000 0.268300 -0.795700
vn 0.543000 0.268300 0.795700
vn 0.445900 -0.000500 0.895100
vn 0.320300 -0.246700 0.914600
vn 0.921900 -0.323800 0.212600
vn 0.905600 0.000700 0.424000
vn 0.767600 0.301100 0.565800
vn -0.320300 0.246700 0.914600
vn -0.445900 0.000500 0.895100
vn -0.543000 -0.268300 0.795700
vn 0.102500 -0.234100 0.966800
vn -0.102500 0.234100 0.966800
vn -0.723600 0.613600 -0.316100
vn -0.554600 0.589800 -0.587000
vn -0.364500 0.521500 -0.771500
vn -0.014700 0.486400 -0.873600
vn 0.185100 0.518600 -0.834700
vn 0.392800 0.528500 -0.752600
vn 0.707700 0.607600 -0.360500
vn 0.759800 0.650200 0.000000
vn 0.707700 0.607600 0.360500
vn 0.392800 0.528500 0.752600
vn 0.185100 0.518600 0.834700
vn -0.014700 0.486400 0.873600
vn -0.364500 0.521500 0.771500
vn -0.554600 0.589800 0.587000
vn -0.723600 0.613600 0.316100
vn -0.058100 0.963900 -0.259800
vn -0.115700 0.846200 -0.520100
vn -0.162800 0.658600 -0.734700
vn -0.627800 0.778300 0.000000
vn -0.404600 0.914500 0.000000
vn -0.187900 0.982200 0.000000
vn 0.152800 0.975100 -0.160700
vn 0.317500 0.886600 -0.336300
vn 0.471300 0.725800 -0.501100
vn 0.152800 0.975100 0.160700
vn 0.317500 0.886600 0.336300
vn 0.471300 0.725800 0.501100
vn -0.058100 0.963900 0.259800
vn -0.115700 0.846200 0.520100
vn -0.162800 0.658600 0.734700
vn -0.271800 0.918100 0.288300
vn -0.502900 0.806900 0.310000
vn -0.334600 0.755900 0.562700
vn 0.100200 0.886900 0.450900
vn 0.041400 0.712700 0.700300
vn 0.257000 0.738200 0.623700
vn 0.344000 0.939000 0.000000
vn 0.541600 0.820500 0.182600
vn 0.541600 0.820500 -0.182600
vn 0.100200 0.886900 -0.450900
vn 0.257000 0.738200 -0.623700
vn 0.041400 0.712700 -0.700300
vn -0.271800 0.918100 -0.288300
vn -0.334600 0.755900 -0.562700
vn -0.502900 0.806900 -0.310000
vn -0.761400 0.334700 0.555300
vn -0.688200 0.010500 0.725500
vn -0.536600 0.300700 0.788500
vn 0.100700 0.262800 0.959600
vn 0.216800 0.008700 0.976200
vn 0.319700 0.276000 0.906400
vn 0.908200 0.359900 0.213600
vn 0.999900 0.012200 0.000000
vn 0.908200 0.359900 -0.213600
vn 0.319700 0.276000 -0.906400
vn 0.216800 0.008700 -0.976200
vn 0.100700 0.262800 -0.959600
vn -0.536600 0.300700 -0.788500
vn -0.688200 0.010500 -0.725500
vn -0.761400 0.334700 -0.555300
vn -0.216800 -0.008700 0.976200
vn -0.319700 -0.276000 0.906400
vn -0.100700 -0.262800 0.959600
vn 0.688200 -0.010500 0.725500
vn 0.536600 -0.300700 0.788500
vn 0.761400 -0.334700 0.555300
vn 0.688200 -0.010500 -0.725500
vn 0.761400 -0.334700 -0.555300
vn 0.536600 -0.300700 -0.788500
vn -0.216800 -0.008700 -0.976200
vn -0.100700 -0.262800 -0.959600
vn -0.319700 -0.276000 -0.906400
vn -0.999900 -0.012200 0.000000
vn -0.908200 -0.359900 -0.213600
vn -0.908200 -0.359900 0.213600
vn -0.257000 -0.738200 0.623700
vn -0.100200 -0.886900 0.450900
vn -0.041400 -0.712700 0.700300
vn 0.334600 -0.755900 0.562700
vn 0.271800 -0.918100 0.288300
vn 0.502900 -0.806900 0.310000
vn 0.502900 -0.806900 -0.310000
vn 0.271900 -0.918100 -0.288300
vn 0.334600 -0.755900 -0.562700
vn -0.541600 -0.820500 0.182600
vn -0.541600 -0.820500 -0.182600
vn -0.344000 -0.939000 0.000000
vn -0.041400 -0.712700 -0.700300
vn -0.100200 -0.886900 -0.450900
vn -0.257000 -0.738200 -0.623700
vn -0.001600 -1.000000 0.000000
vn -0.583600 -0.469600 -0.662500
vn 0.186600 -0.392600 -0.900600
vn 0.839600 -0.543300 0.000000
vn 0.186600 -0.392600 0.900600
vn -0.583600 -0.469600 0.662500
vn -0.186600 0.392600 -0.900600
vn 0.583600 0.469600 -0.662500
vn 0.583600 0.469600 0.662500
vn -0.186600 0.392600 0.900600
vn -0.839600 0.543300 0.000000
vn 0.001600 1.000000 0.000000
vn 0.161500 -0.606800 -0.778300
vn 0.119500 -0.811400 -0.572200
vn 0.062100 -0.953500 -0.295000
vn -0.163900 -0.969300 -0.183000
vn -0.333500 -0.864600 -0.375800
vn -0.480500 -0.687400 -0.544600
vn -0.384500 -0.481800 -0.787400
vn -0.179500 -0.468200 -0.865200
vn 0.014100 -0.435800 -0.899900
vn -0.719200 -0.574900 0.390000
vn -0.782000 -0.623200 0.000000
vn -0.719200 -0.574900 -0.390000
vn -0.163900 -0.969300 0.183000
vn -0.333500 -0.864600 0.375800
vn -0.480500 -0.687400 0.544600
vn 0.655800 -0.754900 0.000000
vn 0.430000 -0.902800 0.000000
vn 0.201600 -0.979500 0.000000
vn 0.356100 -0.474200 -0.805200
vn 0.554300 -0.549100 -0.625600
vn 0.737000 -0.582200 -0.343200
vn 0.161500 -0.606800 0.778300
vn 0.119500 -0.811400 0.572200
vn 0.062100 -0.953500 0.295000
vn 0.737000 -0.582200 0.343200
vn 0.554300 -0.549100 0.625600
vn 0.356100 -0.474200 0.805200
vn 0.014100 -0.435800 0.899900
vn -0.179500 -0.468200 0.865200
vn -0.384500 -0.481800 0.787400
vn -0.925800 0.302700 -0.226600
vn -0.895000 -0.000800 -0.446000
vn -0.755400 -0.276200 -0.594300
vn -0.755400 -0.276200 0.594300
vn -0.895000 -0.000800 0.446000
vn -0.925800 0.302700 0.226600
vn -0.096600 0.204900 -0.974000
vn 0.096600 -0.204900 -0.974000
vn -0.522700 -0.240200 -0.818000
vn -0.422400 0.000500 -0.906400
vn -0.303600 0.217700 -0.927600
vn 0.755400 0.276200 -0.594300
vn 0.895000 0.000800 -0.446000
vn 0.925800 -0.302700 -0.226600
vn 0.303600 -0.217700 -0.927600
vn 0.422400 -0.000500 -0.906400
vn 0.522700 0.240200 -0.818000
vn 0.522700 0.240200 0.818000
vn 0.422400 -0.000500 0.906400
vn 0.303600 -0.217700 0.927600
vn 0.925800 -0.302700 0.226600
vn 0.895000 0.000800 0.446000
vn 0.755400 0.276200 0.594300
vn -0.303600 0.217700 0.927600
vn -0.422400 0.000500 0.906400
vn -0.522700 -0.240200 0.818000
vn 0.096600 -0.204900 0.974000
vn -0.096600 0.204900 0.974000
vn -0.737000 0.582200 -0.343200
vn -0.554300 0.549100 -0.625600
vn -0.356100 0.474200 -0.805200
vn -0.014100 0.435800 -0.899900
vn 0.179500 0.468200 -0.865200
vn 0.384500 0.481800 -0.787400
vn 0.719200 0.574900 -0.390000
vn 0.782000 0.623200 0.000000
vn 0.719200 0.574900 0.390000
vn 0.384500 0.481800 0.787400
vn 0.179500 0.468200 0.865200
vn -0.014100 0.435800 0.899900
vn -0.356100 0.474200 0.805200
vn -0.554300 0.549100 0.625600
vn -0.737000 0.582200 0.343200
vn -0.062100 0.953500 -0.295000
vn -0.119500 0.811400 -0.572200
vn -0.161500 0.606800 -0.778300
vn -0.655800 0.754900 0.000000
vn -0.430000 0.902800 0.000000
vn -0.201600 0.979500 0.000000
vn 0.163900 0.969300 -0.183000
vn 0.333500 0.864600 -0.375800
vn 0.480500 0.687400 -0.544600
vn 0.163900 0.969300 0.183000
vn 0.333500 0.864600 0.375800
vn 0.480500 0.687400 0.544600
vn -0.062100 0.953500 0.295000
vn -0.119500 0.811400 0.572200
vn -0.161500 0.606800 0.778300
vn -0.287300 0.901400 0.324000
vn -0.523000 0.780300 0.342800
vn -0.340600 0.715300 0.610200
vn 0.104400 0.859200 0.500800
vn 0.041400 0.662800 0.747600
vn 0.259600 0.693500 0.672000
vn 0.367000 0.930200 0.000000
vn 0.566900 0.798400 0.203200
vn 0.566900 0.798400 -0.203200
vn 0.104400 0.859200 -0.500800
vn 0.259600 0.693500 -0.672000
vn 0.041400 0.662800 -0.747600
vn -0.287300 0.901400 -0.324000
vn -0.340600 0.715300 -0.610200
vn -0.523000 0.780300 -0.342800
vn -0.751200 0.308000 0.583800
vn -0.664300 0.009400 0.747400
vn -0.517400 0.270100 0.812000
vn 0.095000 0.230700 0.968400
vn 0.203200 0.007600 0.979100
vn 0.303700 0.244200 0.920900
vn 0.913200 0.337500 0.228200
vn 0.999900 0.011400 0.000000
vn 0.913200 0.337500 -0.228200
vn 0.303700 0.244200 -0.920900
vn 0.203200 0.007600 -0.979100
vn 0.095000 0.230700 -0.968400
vn -0.517400 0.270100 -0.812000
vn -0.664300 0.009400 -0.747400
vn -0.751200 0.308000 -0.583800
vn -0.203200 -0.007600 0.979100
vn -0.303700 -0.244200 0.920900
vn -0.095000 -0.230700 0.968400
vn 0.664300 -0.009400 0.747400
vn 0.517400 -0.270100 0.812000
vn 0.751200 -0.308000 0.583800
vn 0.664300 -0.009400 -0.747400
vn 0.751200 -0.308000 -0.583800
vn 0.517400 -0.270100 -0.812000
vn -0.203200 -0.007600 -0.979100
vn -0.095000 -0.230700 -0.968400
vn -0.303700 -0.244200 -0.920900
vn -0.999900 -0.011400 0.000000
vn -0.913200 -0.337500 -0.228200
vn -0.913200 -0.337500 0.228200
vn -0.259600 -0.693500 0.672000
vn -0.104400 -0.859200 0.500800
vn -0.041400 -0.662800 0.747600
vn 0.340600 -0.715300 0.610200
vn 0.287300 -0.901400 0.324000
vn 0.523000 -0.780300 0.342800
vn 0.523000 -0.780300 -0.342800
vn 0.287300 -0.901400 -0.324000
vn 0.340600 -0.715300 -0.610200
vn -0.566900 -0.798400 0.203200
vn -0.566900 -0.798400 -0.203200
vn -0.367000 -0.930200 0.000000
vn -0.041400 -0.662800 -0.747600
vn -0.104400 -0.859200 -0.500800
vn -0.259600 -0.693500 -0.672000
vn 0.229900 -0.577400 -0.783500
vn 0.229900 0.577400 -0.783500
vn 0.783500 -0.577400 0.229900
vn 0.783500 0.577400 0.229900
vn -0.783500 -0.577400 -0.229900
vn -0.783500 0.577400 -0.229900
vn -0.229900 -0.577400 0.783500
vn -0.229900 0.577400 0.783500
vn 0.783500 -0.577400 -0.229900
vn 0.783500 0.577400 -0.229900
vn 0.229900 -0.577400 0.783500
vn 0.229900 0.577400 0.783500
vn -0.229900 -0.577400 -0.783500
vn -0.229900 0.577400 -0.783500
vn -0.783500 -0.577400 0.229900
vn -0.783500 0.577400 0.229900
vn -0.000000 -1.000000 0.000000
vn -0.723600 -0.447200 -0.525700
vn 0.276400 -0.447200 -0.850600
vn 0.894400 -0.447200 0.000000
vn 0.276400 -0.447200 0.850600
vn -0.723600 -0.447200 0.525700
vn -0.276400 0.447200 -0.850600
vn 0.723600 0.447200 -0.525700
vn 0.723600 0.447200 0.525700
vn -0.276400 0.447200 0.850600
vn -0.894400 0.447200 0.000000
vn -0.000000 1.000000 0.000000
vn 0.162500 -0.850700 -0.500000
vn -0.425300 -0.850700 -0.309000
vn -0.262900 -0.525700 -0.809000
vn -0.850600 -0.525700 0.000000
vn -0.425300 -0.850700 0.309000
vn 0.525700 -0.850700 0.000000
vn 0.688200 -0.525700 -0.500000
vn 0.162500 -0.850700 0.500000
vn 0.688200 -0.525700 0.500000
vn -0.262900 -0.525700 0.809000
vn -0.951100 -0.000000 -0.309000
vn -0.951100 -0.000000 0.309000
vn -0.587800 -0.000000 -0.809000
vn 0.951100 -0.000000 -0.309000
vn 0.587800 -0.000000 -0.809000
vn 0.587800 -0.000000 0.809000
vn 0.951100 -0.000000 0.309000
vn -0.587800 -0.000000 0.809000
vn -0.688200 0.525700 -0.500000
vn 0.262900 0.525700 -0.809000
vn 0.850600 0.525700 0.000000
vn 0.262900 0.525700 0.809000
vn -0.688200 0.525700 0.500000
vn -0.162500 0.850700 -0.500000
vn -0.525700 0.850700 0.000000
vn 0.425300 0.850700 -0.309000
vn 0.425300 0.850700 0.309000
vn -0.162500 0.850700 0.500000
vn -0.624500 0.706400 0.333100
vn -0.721000 -0.576400 0.384600
vn -0.280400 0.691700 0.665500
vn -0.385300 -0.590700 0.708900
vn 0.192000 0.653200 0.732400
vn 0.075700 -0.628300 0.774200
vn 0.612300 0.605600 0.508300
vn 0.485800 -0.674800 0.555500
vn 0.819900 0.567000 0.078700
vn 0.688400 -0.712400 0.136300
vn 0.735600 0.552300 -0.392300
vn 0.606100 -0.726800 -0.323200
vn 0.391400 0.567000 -0.724700
vn 0.270300 -0.712400 -0.647600
vn -0.081000 0.605600 -0.791700
vn -0.190700 -0.674800 -0.712900
vn -0.501300 0.653200 -0.567500
vn -0.600800 -0.628300 -0.494200
vn -0.708900 0.691700 -0.137900
vn -0.803400 -0.590700 -0.075000
vn -0.091600 0.734800 0.672100
vn -0.113500 -0.542600 0.832300
vn 0.383500 0.712200 0.587900
vn 0.341300 -0.564200 0.751800
vn 0.717100 0.653000 0.243500
vn 0.660600 -0.620900 0.422100
vn 0.781600 0.579900 -0.229700
vn 0.722300 -0.690900 -0.030800
vn 0.552500 0.520800 -0.650800
vn 0.503000 -0.747500 -0.433900
vn 0.117200 0.498200 -0.859100
vn 0.086400 -0.769100 -0.633300
vn -0.358000 0.520800 -0.775000
vn -0.368500 -0.747500 -0.552700
vn -0.691600 0.579900 -0.430600
vn -0.687700 -0.690900 -0.223100
vn -0.756100 0.653000 0.042600
vn -0.749500 -0.620900 0.229800
vn -0.527000 0.712200 0.463800
vn -0.530100 -0.564200 0.632900
vn -0.000000 -0.653200 0.757200
vn -0.000000 0.653200 0.757200
vn -0.378600 -0.653200 0.655700
vn -0.378600 0.653200 0.655700
vn -0.655700 -0.653200 0.378600
vn -0.655700 0.653200 0.378600
vn -0.757200 -0.653200 0.000000
vn -0.757200 0.653200 0.000000
vn -0.655700 -0.653200 -0.378600
vn -0.655700 0.653200 -0.378600
vn -0.378600 -0.653200 -0.655700
vn -0.378600 0.653200 -0.655700
vn -0.000000 -0.653200 -0.757200
vn -0.000000 0.653200 -0.757200
vn 0.378600 -0.653200 -0.655700
vn 0.378600 0.653200 -0.655700
vn 0.655700 -0.653200 -0.378600
vn 0.655700 0.653200 -0.378600
vn 0.757200 -0.653200 0.000000
vn 0.757200 0.653200 0.000000
vn 0.655700 -0.653200 0.378600
vn 0.655700 0.653200 0.378600
vn 0.378600 -0.653200 0.655700
vn 0.378600 0.653200 0.655700
vn -0.000800 -1.000000 0.000000
vn -0.768000 -0.440200 -0.465200
vn 0.317100 -0.477100 -0.819600
vn 0.907700 -0.419600 0.000000
vn 0.317100 -0.477100 0.819600
vn -0.768000 -0.440200 0.465200
vn -0.317100 0.477100 -0.819600
vn 0.768000 0.440200 -0.465200
vn 0.768000 0.440200 0.465200
vn -0.317100 0.477100 0.819600
vn -0.907700 0.419600 0.000000
vn 0.000800 1.000000 0.000000
vn 0.177100 -0.869800 -0.460500
vn -0.454700 -0.846100 -0.278200
vn -0.300700 -0.555700 -0.775100
vn -0.867200 -0.498000 0.000000
vn -0.454700 -0.846100 0.278200
vn 0.555200 -0.831700 0.000000
vn 0.731800 -0.518500 -0.442300
vn 0.177100 -0.869800 0.460500
vn 0.731800 -0.518500 0.442300
vn -0.300700 -0.555700 0.775100
vn -0.965100 0.001300 -0.261700
vn -0.965100 0.001300 0.261700
vn -0.652800 -0.002700 -0.757500
vn 0.965100 -0.001300 -0.261700
vn 0.652800 0.002700 -0.757500
vn 0.652800 0.002700 0.757500
vn 0.965100 -0.001300 0.261700
vn -0.652800 -0.002700 0.757500
vn -0.731800 0.518500 -0.442300
vn 0.300700 0.555700 -0.775100
vn 0.867200 0.498000 0.000000
vn 0.300700 0.555700 0.775100
vn -0.731800 0.518500 0.442300
vn -0.177100 0.869800 -0.460500
vn -0.555200 0.831700 0.000000
vn 0.454700 0.846100 -0.278200
vn 0.454700 0.846100 0.278200
vn -0.177100 0.869800 0.460500
vn 0.276400 -0.447200 -0.850700
vn 0.276400 -0.447200 0.850700
vn -0.276400 0.447200 -0.850700
vn -0.276400 0.447200 0.850700
vn 0.624500 0.706400 0.333100
vn 0.721000 -0.576400 0.384600
vn 0.708900 0.691700 -0.137900
vn 0.803400 -0.590700 -0.075000
vn 0.501300 0.653200 -0.567500
vn 0.600800 -0.628300 -0.494200
vn 0.081000 0.605600 -0.791700
vn 0.190700 -0.674800 -0.712900
vn -0.391400 0.567000 -0.724700
vn -0.270300 -0.712400 -0.647600
vn -0.735600 0.552300 -0.392300
vn -0.606100 -0.726800 -0.323200
vn -0.819900 0.567000 0.078700
vn -0.688400 -0.712400 0.136300
vn -0.612300 0.605600 0.508300
vn -0.485800 -0.674800 0.555500
vn -0.192000 0.653200 0.732400
vn -0.075700 -0.628300 0.774200
vn 0.280400 0.691700 0.665500
vn 0.385300 -0.590700 0.708900
vn 0.091600 0.734800 0.672100
vn 0.113500 -0.542600 0.832300
vn 0.527000 0.712200 0.463800
vn 0.530100 -0.564200 0.632900
vn 0.756100 0.653000 0.042600
vn 0.749500 -0.620900 0.229800
vn 0.691600 0.579900 -0.430600
vn 0.687700 -0.690900 -0.223100
vn 0.358000 0.520800 -0.775000
vn 0.368500 -0.747500 -0.552700
vn -0.117200 0.498200 -0.859100
vn -0.086400 -0.769100 -0.633300
vn -0.552500 0.520800 -0.650800
vn -0.503000 -0.747500 -0.433900
vn -0.781600 0.579900 -0.229700
vn -0.722300 -0.690900 -0.030800
vn -0.717100 0.653000 0.243500
vn -0.660600 -0.620900 0.422100
vn -0.383500 0.712200 0.587900
vn -0.341300 -0.564200 0.751800
vn -0.735600 -0.393100 -0.551700
vn 0.276800 -0.387200 -0.879400
vn 0.917900 -0.396800 0.000000
vn 0.276800 -0.387200 0.879400
vn -0.735600 -0.393100 0.551700
vn -0.276800 0.387200 -0.879400
vn 0.735600 0.393100 -0.551700
vn 0.735600 0.393100 0.551700
vn -0.276800 0.387200 0.879400
vn -0.917900 0.396800 0.000000
vn 0.262200 -0.486900 -0.833200
vn 0.241800 -0.593000 -0.768000
vn 0.213700 -0.702400 -0.679000
vn 0.177800 -0.805800 -0.564800
vn 0.135300 -0.892800 -0.429700
vn 0.089300 -0.954800 -0.283500
vn 0.043500 -0.989500 -0.138100
vn -0.113800 -0.989800 -0.085300
vn -0.234000 -0.956300 -0.175400
vn -0.355500 -0.895900 -0.266500
vn -0.468400 -0.810700 -0.351200
vn -0.564600 -0.708600 -0.423400
vn -0.640200 -0.599700 -0.480100
vn -0.695800 -0.493400 -0.521900
vn -0.647100 -0.420300 -0.636100
vn -0.539000 -0.442300 -0.716800
vn -0.410200 -0.456800 -0.789300
vn -0.266500 -0.461100 -0.846400
vn -0.117000 -0.454500 -0.883000
vn 0.027600 -0.438100 -0.898500
vn 0.159300 -0.415000 -0.895800
vn -0.791200 -0.423100 0.441500
vn -0.837900 -0.448100 0.311600
vn -0.870200 -0.465400 0.161700
vn -0.881800 -0.471600 0.000000
vn -0.870200 -0.465400 -0.161700
vn -0.837900 -0.448100 -0.311600
vn -0.791200 -0.423100 -0.441500
vn -0.113800 -0.989800 0.085300
vn -0.234000 -0.956300 0.175400
vn -0.355500 -0.895900 0.266500
vn -0.468400 -0.810700 0.351200
vn -0.564600 -0.708600 0.423400
vn -0.640200 -0.599700 0.480100
vn -0.695800 -0.493400 0.521900
vn 0.867400 -0.497600 0.000000
vn 0.797000 -0.604000 0.000000
vn 0.701700 -0.712500 0.000000
vn 0.581100 -0.813800 0.000000
vn 0.440300 -0.897900 0.000000
vn 0.289400 -0.957200 0.000000
vn 0.140600 -0.990100 0.000000
vn 0.382800 -0.416600 -0.824600
vn 0.493200 -0.441600 -0.749500
vn 0.604400 -0.459700 -0.650700
vn 0.707200 -0.467500 -0.530300
vn 0.792900 -0.463500 -0.395500
vn 0.856200 -0.448600 -0.256500
vn 0.896500 -0.425500 -0.123500
vn 0.262200 -0.486900 0.833200
vn 0.241800 -0.593000 0.768000
vn 0.213700 -0.702400 0.679000
vn 0.177800 -0.805800 0.564800
vn 0.135300 -0.892800 0.429700
vn 0.089300 -0.954800 0.283500
vn 0.043500 -0.989500 0.138100
vn 0.896500 -0.425500 0.123500
vn 0.856100 -0.448600 0.256500
vn 0.792900 -0.463500 0.395500
vn 0.707200 -0.467500 0.530300
vn 0.604400 -0.459700 0.650700
vn 0.493200 -0.441600 0.749500
vn 0.382800 -0.416600 0.824600
vn 0.159300 -0.415000 0.895800
vn 0.027600 -0.438100 0.898500
vn -0.117000 -0.454500 0.883000
vn -0.266500 -0.461100 0.846400
vn -0.410200 -0.456800 0.789300
vn -0.539000 -0.442300 0.716800
vn -0.647100 -0.420300 0.636100
vn -0.947000 0.312400 -0.074900
vn -0.963800 0.217200 -0.154400
vn -0.965100 0.111500 -0.236900
vn -0.948100 -0.000000 -0.317900
vn -0.913000 -0.111200 -0.392600
vn -0.862700 -0.216000 -0.457200
vn -0.802400 -0.309900 -0.509900
vn -0.802400 -0.309900 0.509900
vn -0.862700 -0.216000 0.457200
vn -0.913000 -0.111200 0.392600
vn -0.948100 -0.000000 0.317900
vn -0.965100 0.111500 0.236900
vn -0.963800 0.217200 0.154400
vn -0.947000 0.312400 0.074900
vn -0.217600 0.304100 -0.927500
vn -0.151100 0.211100 -0.965700
vn -0.077600 0.108300 -0.991100
vn 0.077600 -0.108300 -0.991100
vn 0.151100 -0.211100 -0.965700
vn 0.217600 -0.304100 -0.927500
vn -0.714800 -0.308600 -0.627600
vn -0.681800 -0.214100 -0.699500
vn -0.635200 -0.109700 -0.764500
vn -0.575600 -0.000000 -0.817700
vn -0.505700 0.109200 -0.855800
vn -0.429900 0.212200 -0.877600
vn -0.353000 0.304800 -0.884600
vn 0.802400 0.309900 -0.509900
vn 0.862700 0.216000 -0.457200
vn 0.913000 0.111200 -0.392600
vn 0.948100 -0.000000 -0.317900
vn 0.965100 -0.111500 -0.236900
vn 0.963800 -0.217200 -0.154400
vn 0.947000 -0.312400 -0.074900
vn 0.353000 -0.304800 -0.884600
vn 0.429900 -0.212200 -0.877600
vn 0.505700 -0.109200 -0.855800
vn 0.575600 -0.000000 -0.817700
vn 0.635200 0.109700 -0.764500
vn 0.681800 0.214100 -0.699500
vn 0.714800 0.308600 -0.627600
vn 0.714800 0.308600 0.627600
vn 0.681800 0.214100 0.699500
vn 0.635200 0.109700 0.764500
vn 0.575600 -0.000000 0.817700
vn 0.505700 -0.109200 0.855800
vn 0.429900 -0.212200 0.877600
vn 0.353000 -0.304800 0.884600
vn 0.947000 -0.312400 0.074900
vn 0.963800 -0.217200 0.154400
vn 0.965100 -0.111500 0.236900
vn 0.948100 -0.000000 0.317900
vn 0.913000 0.111200 0.392600
vn 0.862700 0.216000 0.457200
vn 0.802400 0.309900 0.509900
vn -0.353000 0.304800 0.884600
vn -0.429900 0.212200 0.877600
vn -0.505700 0.109200 0.855800
vn -0.575600 -0.000000 0.817700
vn -0.635200 -0.109700 0.764500
vn -0.681800 -0.214100 0.699500
vn -0.714800 -0.308600 0.627600
vn 0.217600 -0.304100 0.927500
vn 0.151100 -0.211100 0.965700
vn 0.077600 -0.108300 0.991100
vn -0.077600 0.108300 0.991100
vn -0.151100 0.211100 0.965700
vn -0.217600 0.304100 0.927500
vn -0.896500 0.425500 -0.123500
vn -0.856100 0.448600 -0.256500
vn -0.792900 0.463500 -0.395500
vn -0.707200 0.467500 -0.530300
vn -0.604400 0.459700 -0.650700
vn -0.493200 0.441600 -0.749500
vn -0.382800 0.416600 -0.824600
vn -0.159300 0.415000 -0.895800
vn -0.027600 0.438100 -0.898500
vn 0.117000 0.454500 -0.883000
vn 0.266500 0.461100 -0.846400
vn 0.410200 0.456800 -0.789300
vn 0.539000 0.442300 -0.716800
vn 0.647100 0.420300 -0.636100
vn 0.791200 0.423100 -0.441500
vn 0.837900 0.448100 -0.311600
vn 0.870200 0.465400 -0.161700
vn 0.881800 0.471600 0.000000
vn 0.870200 0.465400 0.161700
vn 0.837900 0.448100 0.311600
vn 0.791200 0.423100 0.441500
vn 0.647100 0.420300 0.636100
vn 0.539000 0.442300 0.716800
vn 0.410200 0.456800 0.789300
vn 0.266500 0.461100 0.846400
vn 0.117000 0.454500 0.883000
vn -0.027600 0.438100 0.898500
vn -0.159300 0.415000 0.895800
vn -0.382800 0.416600 0.824600
vn -0.493200 0.441600 0.749500
vn -0.604400 0.459700 0.650700
vn -0.707200 0.467500 0.530300
vn -0.792900 0.463500 0.395500
vn -0.856200 0.448600 0.256500
vn -0.896500 0.425500 0.123500
vn -0.043500 0.989500 -0.138100
vn -0.089300 0.954800 -0.283500
vn -0.135300 0.892800 -0.429700
vn -0.177800 0.805800 -0.564800
vn -0.213700 0.702400 -0.679000
vn -0.241800 0.593000 -0.768000
vn -0.262200 0.486900 -0.833200
vn -0.867400 0.497600 0.000000
vn -0.797000 0.604000 0.000000
vn -0.701700 0.712500 0.000000
vn -0.581100 0.813800 0.000000
vn -0.440300 0.897900 0.000000
vn -0.289400 0.957200 0.000000
vn -0.140600 0.990100 0.000000
vn 0.113800 0.989800 -0.085200
vn 0.234000 0.956300 -0.175400
vn 0.355500 0.895900 -0.266500
vn 0.468400 0.810700 -0.351200
vn 0.564600 0.708600 -0.423400
vn 0.640200 0.599700 -0.480100
vn 0.695800 0.493400 -0.521900
vn 0.113800 0.989800 0.085200
vn 0.234000 0.956300 0.175400
vn 0.355500 0.895900 0.266500
vn 0.468400 0.810700 0.351200
vn 0.564600 0.708600 0.423400
vn 0.640200 0.599700 0.480100
vn 0.695800 0.493400 0.521900
vn -0.043500 0.989500 0.138100
vn -0.089300 0.954800 0.283500
vn -0.135300 0.892800 0.429700
vn -0.177800 0.805800 0.564800
vn -0.213700 0.702400 0.679000
vn -0.241800 0.593000 0.768000
vn -0.262200 0.486900 0.833200
vn -0.194600 0.970000 0.145900
vn -0.350800 0.924200 0.151200
vn -0.247300 0.922300 0.297000
vn -0.503500 0.850500 0.152400
vn -0.405300 0.862200 0.303800
vn -0.294400 0.845900 0.444600
vn -0.639800 0.753900 0.149200
vn -0.553900 0.775900 0.302000
vn -0.447900 0.773300 0.448800
vn -0.332000 0.746700 0.576400
vn -0.751200 0.644500 0.142300
vn -0.681200 0.671400 0.291700
vn -0.587100 0.679400 0.440200
vn -0.475800 0.666300 0.574100
vn -0.358300 0.635600 0.683900
vn -0.835500 0.533200 0.133200
vn -0.781400 0.559900 0.275400
vn -0.702600 0.573700 0.420900
vn -0.602500 0.571300 0.557300
vn -0.489500 0.553400 0.673900
vn -0.374200 0.523800 0.765300
vn 0.074300 0.968900 0.235900
vn 0.030800 0.920500 0.389500
vn 0.197100 0.921700 0.334200
vn -0.015000 0.843600 0.536800
vn 0.154100 0.858300 0.489400
vn 0.318900 0.846300 0.426600
vn -0.059500 0.744100 0.665400
vn 0.106100 0.768600 0.630900
vn 0.274100 0.770100 0.576000
vn 0.429600 0.748500 0.505200
vn -0.099200 0.633200 0.767600
vn 0.057500 0.661500 0.747700
vn 0.222100 0.672900 0.705600
vn 0.381100 0.664600 0.642700
vn 0.521900 0.638600 0.565600
vn -0.132600 0.521700 0.842800
vn 0.012100 0.549100 0.835700
vn 0.168200 0.565200 0.807600
vn 0.324700 0.566600 0.757300
vn 0.469500 0.553000 0.688300
vn 0.593600 0.527400 0.607900
vn 0.240700 0.970600 0.000000
vn 0.370100 0.924600 0.090500
vn 0.370100 0.924600 -0.090500
vn 0.494000 0.850200 0.182000
vn 0.502300 0.864700 0.000000
vn 0.494000 0.850200 -0.182000
vn 0.601700 0.752800 0.267000
vn 0.621700 0.777900 0.091900
vn 0.621700 0.777900 -0.091900
vn 0.601700 0.752800 -0.267000
vn 0.686800 0.642600 0.339600
vn 0.718500 0.672500 0.177500
vn 0.730000 0.683400 0.000000
vn 0.718500 0.672500 -0.177500
vn 0.686800 0.642600 -0.339600
vn 0.748500 0.530900 0.397400
vn 0.789300 0.560200 0.251300
vn 0.812400 0.576700 0.086200
vn 0.812400 0.576700 -0.086200
vn 0.789400 0.560200 -0.251300
vn 0.748500 0.530900 -0.397400
vn 0.074300 0.968900 -0.235900
vn 0.197100 0.921700 -0.334200
vn 0.030800 0.920500 -0.389500
vn 0.318900 0.846300 -0.426600
vn 0.154100 0.858300 -0.489400
vn -0.015000 0.843600 -0.536800
vn 0.429600 0.748500 -0.505200
vn 0.274100 0.770200 -0.576000
vn 0.106100 0.768600 -0.630900
vn -0.059500 0.744100 -0.665400
vn 0.521900 0.638600 -0.565600
vn 0.381100 0.664600 -0.642700
vn 0.222100 0.672900 -0.705600
vn 0.057500 0.661500 -0.747700
vn -0.099200 0.633200 -0.767600
vn 0.593600 0.527400 -0.607900
vn 0.469500 0.553000 -0.688300
vn 0.324700 0.566600 -0.757300
vn 0.168200 0.565200 -0.807600
vn 0.012100 0.549100 -0.835700
vn -0.132600 0.521700 -0.842800
vn -0.194600 0.970000 -0.145900
vn -0.247300 0.922300 -0.297000
vn -0.350800 0.924200 -0.151200
vn -0.294400 0.845900 -0.444600
vn -0.405300 0.862200 -0.303900
vn -0.503500 0.850500 -0.152400
vn -0.332000 0.746700 -0.576400
vn -0.447900 0.773300 -0.448800
vn -0.553900 0.775900 -0.302000
vn -0.639800 0.753900 -0.149200
vn -0.358300 0.635600 -0.683900
vn -0.475800 0.666300 -0.574100
vn -0.587100 0.679400 -0.440200
vn -0.681200 0.671400 -0.291700
vn -0.751200 0.644500 -0.142300
vn -0.374200 0.523800 -0.765300
vn -0.489500 0.553400 -0.673900
vn -0.602500 0.571300 -0.557300
vn -0.702600 0.573700 -0.420900
vn -0.781400 0.559900 -0.275400
vn -0.835500 0.533200 -0.133200
vn -0.919100 0.333700 0.209500
vn -0.926300 0.231000 0.297500
vn -0.869000 0.349100 0.350800
vn -0.915700 0.118400 0.384100
vn -0.864200 0.239100 0.442600
vn -0.793700 0.356700 0.492700
vn -0.886000 0.002000 0.463600
vn -0.840900 0.121000 0.527500
vn -0.776400 0.241200 0.582200
vn -0.696100 0.355100 0.624000
vn -0.839600 -0.111200 0.531600
vn -0.800100 0.002000 0.599900
vn -0.742300 0.120400 0.659100
vn -0.668600 0.236900 0.704900
vn -0.584100 0.344500 0.734900
vn -0.781300 -0.215300 0.585900
vn -0.745900 -0.110700 0.656800
vn -0.694400 0.002000 0.719600
vn -0.628100 0.116700 0.769300
vn -0.550700 0.227000 0.803200
vn -0.467700 0.327200 0.821100
vn -0.088500 0.324900 0.941600
vn -0.011700 0.224700 0.974300
vn 0.053400 0.340800 0.938600
vn 0.069100 0.115300 0.990900
vn 0.137600 0.233600 0.962500
vn 0.204900 0.350100 0.914000
vn 0.149700 0.001900 0.988700
vn 0.221600 0.118500 0.967900
vn 0.291700 0.237300 0.926600
vn 0.355800 0.351000 0.866100
vn 0.225700 -0.108900 0.968100
vn 0.300300 0.002000 0.953800
vn 0.373100 0.118800 0.920200
vn 0.439300 0.234900 0.867100
vn 0.495200 0.343500 0.798000
vn 0.293500 -0.211700 0.932200
vn 0.369800 -0.109200 0.922700
vn 0.444400 0.002000 0.895800
vn 0.512700 0.116200 0.850700
vn 0.570300 0.227100 0.789400
vn 0.615100 0.328900 0.716600
vn 0.860100 0.332600 0.386800
vn 0.918500 0.230900 0.321100
vn 0.904500 0.349800 0.243900
vn 0.962100 0.118700 0.245400
vn 0.956200 0.240400 0.167000
vn 0.929500 0.359400 0.083500
vn 0.986600 0.002000 0.163400
vn 0.989000 0.122000 0.084000
vn 0.969800 0.243800 0.000000
vn 0.929500 0.359400 -0.083500
vn 0.990500 -0.112100 0.080000
vn 1.000000 0.002100 0.000000
vn 0.989000 0.122000 -0.084000
vn 0.956200 0.240400 -0.167000
vn 0.904500 0.349800 -0.243900
vn 0.976000 -0.217600 0.000000
vn 0.990500 -0.112100 -0.080000
vn 0.986600 0.002000 -0.163400
vn 0.962100 0.118700 -0.245400
vn 0.918500 0.230900 -0.321100
vn 0.860100 0.332600 -0.386800
vn 0.615100 0.328900 -0.716600
vn 0.570300 0.227100 -0.789400
vn 0.495200 0.343500 -0.798000
vn 0.512700 0.116200 -0.850700
vn 0.439300 0.234900 -0.867100
vn 0.355800 0.351000 -0.866100
vn 0.444400 0.002000 -0.895800
vn 0.373100 0.118800 -0.920200
vn 0.291700 0.237300 -0.926600
vn 0.204900 0.350100 -0.914000
vn 0.369800 -0.109200 -0.922700
vn 0.300300 0.002000 -0.953800
vn 0.221600 0.118500 -0.967900
vn 0.137600 0.233600 -0.962500
vn 0.053400 0.340800 -0.938600
vn 0.293500 -0.211700 -0.932200
vn 0.225700 -0.108900 -0.968100
vn 0.149700 0.001900 -0.988700
vn 0.069100 0.115300 -0.990900
vn -0.011700 0.224700 -0.974300
vn -0.088500 0.324900 -0.941600
vn -0.467700 0.327200 -0.821100
vn -0.550700 0.227000 -0.803200
vn -0.584100 0.344500 -0.734900
vn -0.628100 0.116700 -0.769300
vn -0.668600 0.236900 -0.704900
vn -0.696100 0.355100 -0.624000
vn -0.694400 0.002000 -0.719600
vn -0.742300 0.120400 -0.659100
vn -0.776400 0.241200 -0.582200
vn -0.793700 0.356700 -0.492700
vn -0.745900 -0.110700 -0.656800
vn -0.800100 0.002000 -0.599900
vn -0.840900 0.121000 -0.527500
vn -0.864200 0.239100 -0.442600
vn -0.869000 0.349100 -0.350800
vn -0.781300 -0.215300 -0.585900
vn -0.839600 -0.111200 -0.531600
vn -0.886000 0.002000 -0.463600
vn -0.915700 0.118400 -0.384100
vn -0.926300 0.231000 -0.297500
vn -0.919100 0.333700 -0.209500
vn -0.293500 0.211700 0.932200
vn -0.369800 0.109200 0.922700
vn -0.225700 0.108900 0.968100
vn -0.444400 -0.002000 0.895800
vn -0.300300 -0.002000 0.953800
vn -0.149700 -0.001900 0.988700
vn -0.512700 -0.116200 0.850700
vn -0.373100 -0.118800 0.920200
vn -0.221600 -0.118500 0.967900
vn -0.069100 -0.115300 0.990900
vn -0.570300 -0.227100 0.789400
vn -0.439300 -0.234900 0.867100
vn -0.291700 -0.237300 0.926600
vn -0.137600 -0.233600 0.962500
vn 0.011800 -0.224700 0.974300
vn -0.615100 -0.328900 0.716600
vn -0.495200 -0.343500 0.798000
vn -0.355800 -0.351000 0.866100
vn -0.204900 -0.350100 0.914000
vn -0.053400 -0.340800 0.938600
vn 0.088500 -0.324900 0.941600
vn 0.781300 0.215300 0.585900
vn 0.745900 0.110700 0.656800
vn 0.839600 0.111200 0.531600
vn 0.694400 -0.002000 0.719600
vn 0.800100 -0.002000 0.599900
vn 0.886000 -0.002000 0.463600
vn 0.628100 -0.116700 0.769300
vn 0.742300 -0.120400 0.659100
vn 0.840900 -0.121000 0.527500
vn 0.915700 -0.118400 0.384100
vn 0.550700 -0.227000 0.803200
vn 0.668600 -0.236900 0.704900
vn 0.776400 -0.241200 0.582200
vn 0.864200 -0.239100 0.442600
vn 0.926300 -0.231000 0.297500
vn 0.467700 -0.327200 0.821100
vn 0.584100 -0.344500 0.734900
vn 0.696100 -0.355100 0.624000
vn 0.793700 -0.356700 0.492700
vn 0.869000 -0.349100 0.350800
vn 0.919100 -0.333700 0.209500
vn 0.781300 0.215300 -0.585900
vn 0.839600 0.111200 -0.531600
vn 0.745900 0.110700 -0.656900
vn 0.886000 -0.002000 -0.463600
vn 0.800100 -0.002000 -0.599900
vn 0.694400 -0.002000 -0.719600
vn 0.915700 -0.118400 -0.384100
vn 0.840900 -0.121000 -0.527500
vn 0.742300 -0.120400 -0.659100
vn 0.628100 -0.116700 -0.769300
vn 0.926300 -0.231000 -0.297500
vn 0.864200 -0.239100 -0.442600
vn 0.776400 -0.241200 -0.582200
vn 0.668600 -0.236900 -0.704900
vn 0.550700 -0.227000 -0.803200
vn 0.919100 -0.333700 -0.209500
vn 0.869000 -0.349100 -0.350800
vn 0.793700 -0.356700 -0.492700
vn 0.696100 -0.355100 -0.624000
vn 0.584100 -0.344500 -0.734900
vn 0.467700 -0.327200 -0.821100
vn -0.293500 0.211700 -0.932200
vn -0.225700 0.108900 -0.968100
vn -0.369800 0.109200 -0.922700
vn -0.149700 -0.001900 -0.988700
vn -0.300300 -0.002000 -0.953800
vn -0.444400 -0.002000 -0.895800
vn -0.069100 -0.115300 -0.990900
vn -0.221600 -0.118500 -0.967900
vn -0.373100 -0.118800 -0.920200
vn -0.512700 -0.116200 -0.850700
vn 0.011800 -0.224700 -0.974300
vn -0.137600 -0.233600 -0.962500
vn -0.291700 -0.237300 -0.926600
vn -0.439300 -0.234900 -0.867100
vn -0.570300 -0.227100 -0.789400
vn 0.088500 -0.324900 -0.941600
vn -0.053400 -0.340800 -0.938600
vn -0.204900 -0.350100 -0.914000
vn -0.355800 -0.351000 -0.866100
vn -0.495200 -0.343500 -0.798000
vn -0.615100 -0.328900 -0.716600
vn -0.976000 0.217600 0.000000
vn -0.990500 0.112100 -0.080000
vn -0.990500 0.112100 0.080000
vn -0.986600 -0.002000 -0.163400
vn -1.000000 -0.002100 0.000000
vn -0.986600 -0.002000 0.163400
vn -0.962100 -0.118700 -0.245400
vn -0.989000 -0.122000 -0.084000
vn -0.989000 -0.122000 0.084000
vn -0.962100 -0.118700 0.245400
vn -0.918500 -0.230900 -0.321100
vn -0.956200 -0.240400 -0.167000
vn -0.969800 -0.243800 0.000000
vn -0.956200 -0.240400 0.167000
vn -0.918500 -0.230900 0.321100
vn -0.860100 -0.332600 -0.386800
vn -0.904500 -0.349800 -0.243900
vn -0.929500 -0.359400 -0.083500
vn -0.929500 -0.359400 0.083500
vn -0.904500 -0.349800 0.243900
vn -0.860100 -0.332600 0.386800
vn -0.593600 -0.527400 0.607900
vn -0.521900 -0.638600 0.565600
vn -0.469500 -0.553000 0.688300
vn -0.429600 -0.748500 0.505200
vn -0.381100 -0.664600 0.642700
vn -0.324700 -0.566600 0.757300
vn -0.318900 -0.846300 0.426600
vn -0.274100 -0.770100 0.576000
vn -0.222100 -0.672900 0.705600
vn -0.168200 -0.565200 0.807600
vn -0.197100 -0.921700 0.334200
vn -0.154100 -0.858300 0.489400
vn -0.106100 -0.768600 0.630900
vn -0.057500 -0.661500 0.747700
vn -0.012100 -0.549100 0.835700
vn -0.074300 -0.968900 0.235900
vn -0.030800 -0.920500 0.389500
vn 0.015000 -0.843600 0.536800
vn 0.059400 -0.744100 0.665400
vn 0.099200 -0.633100 0.767600
vn 0.132600 -0.521700 0.842800
vn 0.374200 -0.523800 0.765300
vn 0.358300 -0.635600 0.683900
vn 0.489500 -0.553400 0.673900
vn 0.332000 -0.746700 0.576400
vn 0.475800 -0.666300 0.574100
vn 0.602500 -0.571300 0.557300
vn 0.294400 -0.845900 0.444600
vn 0.447900 -0.773300 0.448800
vn 0.587100 -0.679400 0.440200
vn 0.702600 -0.573700 0.420900
vn 0.247300 -0.922300 0.297000
vn 0.405300 -0.862200 0.303900
vn 0.553900 -0.775900 0.302000
vn 0.681200 -0.671400 0.291700
vn 0.781400 -0.559900 0.275400
vn 0.194600 -0.970000 0.145900
vn 0.350800 -0.924200 0.151200
vn 0.503500 -0.850500 0.152400
vn 0.639800 -0.753900 0.149200
vn 0.751200 -0.644500 0.142300
vn 0.835500 -0.533200 0.133200
vn 0.835500 -0.533200 -0.133200
vn 0.751200 -0.644500 -0.142300
vn 0.781400 -0.559900 -0.275400
vn 0.639800 -0.753900 -0.149200
vn 0.681200 -0.671400 -0.291700
vn 0.702600 -0.573700 -0.420900
vn 0.503500 -0.850500 -0.152400
vn 0.553900 -0.775900 -0.302000
vn 0.587100 -0.679400 -0.440200
vn 0.602500 -0.571300 -0.557300
vn 0.350800 -0.924200 -0.151200
vn 0.405300 -0.862200 -0.303900
vn 0.447900 -0.773300 -0.448800
vn 0.475800 -0.666300 -0.574100
vn 0.489500 -0.553400 -0.673900
vn 0.194600 -0.970000 -0.145900
vn 0.247300 -0.922300 -0.297000
vn 0.294400 -0.845900 -0.444600
vn 0.332000 -0.746700 -0.576400
vn 0.358300 -0.635600 -0.683900
vn 0.374200 -0.523800 -0.765300
vn -0.748500 -0.530900 0.397400
vn -0.789300 -0.560200 0.251300
vn -0.686800 -0.642600 0.339600
vn -0.812400 -0.576700 0.086200
vn -0.718500 -0.672500 0.177500
vn -0.601700 -0.752800 0.267000
vn -0.812400 -0.576700 -0.086200
vn -0.730000 -0.683400 0.000000
vn -0.621700 -0.777900 0.091900
vn -0.494000 -0.850200 0.182000
vn -0.789300 -0.560200 -0.251300
vn -0.718500 -0.672500 -0.177500
vn -0.621700 -0.777900 -0.091900
vn -0.502400 -0.864700 0.000000
vn -0.370100 -0.924600 0.090500
vn -0.748500 -0.530900 -0.397400
vn -0.686800 -0.642600 -0.339600
vn -0.601700 -0.752800 -0.267000
vn -0.494000 -0.850200 -0.182000
vn -0.370100 -0.924600 -0.090500
vn -0.240700 -0.970600 0.000000
vn 0.132600 -0.521700 -0.842800
vn 0.099200 -0.633200 -0.767600
vn -0.012100 -0.549100 -0.835700
vn 0.059500 -0.744100 -0.665400
vn -0.057500 -0.661500 -0.747700
vn -0.168200 -0.565200 -0.807600
vn 0.015000 -0.843600 -0.536800
vn -0.106100 -0.768600 -0.630900
vn -0.222100 -0.672900 -0.705600
vn -0.324700 -0.566600 -0.757300
vn -0.030800 -0.920500 -0.389500
vn -0.154100 -0.858300 -0.489400
vn -0.274100 -0.770100 -0.576000
vn -0.381100 -0.664600 -0.642700
vn -0.469500 -0.553000 -0.688300
vn -0.074300 -0.968900 -0.235900
vn -0.197100 -0.921700 -0.334200
vn -0.318900 -0.846300 -0.426600
vn -0.429600 -0.748500 -0.505200
vn -0.521900 -0.638600 -0.565600
vn -0.593600 -0.527400 -0.607900
vn -0.669600 -0.539600 -0.510400
vn 0.251000 -0.529500 -0.810300
vn 0.837800 -0.546100 0.000000
vn 0.251000 -0.529500 0.810300
vn -0.669600 -0.539600 0.510400
vn -0.251000 0.529500 -0.810300
vn 0.669600 0.539600 -0.510400
vn 0.669600 0.539600 0.510400
vn -0.251000 0.529500 0.810300
vn -0.837800 0.546000 0.000000
vn 0.197600 -0.744100 -0.638200
vn 0.131100 -0.896400 -0.423500
vn 0.062500 -0.977500 -0.201500
vn -0.163500 -0.978700 -0.124500
vn -0.345100 -0.900900 -0.263000
vn -0.523600 -0.752700 -0.399200
vn -0.473900 -0.592500 -0.651400
vn -0.234600 -0.609500 -0.757300
vn 0.018300 -0.586000 -0.810100
vn -0.749400 -0.601900 0.275900
vn -0.780100 -0.625600 0.000000
vn -0.749400 -0.601900 -0.275900
vn -0.163500 -0.978700 0.124500
vn -0.345100 -0.900900 0.263000
vn -0.523600 -0.752700 0.399200
vn 0.652100 -0.758100 0.000000
vn 0.427900 -0.903800 0.000000
vn 0.202000 -0.979400 0.000000
vn 0.443600 -0.591600 -0.673300
vn 0.624500 -0.619300 -0.475900
vn 0.761400 -0.602600 -0.239000
vn 0.197600 -0.744100 0.638200
vn 0.131200 -0.896400 0.423500
vn 0.062500 -0.977500 0.201500
vn 0.761400 -0.602600 0.239000
vn 0.624500 -0.619300 0.475900
vn 0.443600 -0.591600 0.673300
vn 0.018300 -0.586000 0.810100
vn -0.234600 -0.609500 0.757300
vn -0.473900 -0.592500 0.651400
vn -0.937800 0.309200 -0.157800
vn -0.946600 -0.000100 -0.322400
vn -0.840400 -0.306900 -0.446700
vn -0.840400 -0.306900 0.446700
vn -0.946600 -0.000100 0.322400
vn -0.937800 0.309200 0.157800
vn -0.140500 0.297100 -0.944500
vn 0.140500 -0.297100 -0.944500
vn -0.656200 -0.302900 -0.691100
vn -0.569700 0.000100 -0.821900
vn -0.418800 0.299400 -0.857300
vn 0.840400 0.306900 -0.446700
vn 0.946600 0.000100 -0.322400
vn 0.937800 -0.309200 -0.157800
vn 0.418800 -0.299400 -0.857300
vn 0.569700 -0.000100 -0.821900
vn 0.656200 0.302900 -0.691100
vn 0.656200 0.302900 0.691100
vn 0.569700 -0.000100 0.821900
vn 0.418800 -0.299400 0.857300
vn 0.937800 -0.309200 0.157800
vn 0.946600 0.000100 0.322400
vn 0.840400 0.306900 0.446700
vn -0.418800 0.299400 0.857300
vn -0.569700 0.000100 0.821900
vn -0.656200 -0.302900 0.691100
vn 0.140500 -0.297100 0.944500
vn -0.140500 0.297100 0.944500
vn -0.761400 0.602600 -0.239000
vn -0.624500 0.619300 -0.475900
vn -0.443600 0.591600 -0.673300
vn -0.018300 0.586000 -0.810100
vn 0.234600 0.609500 -0.757300
vn 0.473900 0.592500 -0.651400
vn 0.749400 0.601900 -0.275900
vn 0.780100 0.625600 0.000000
vn 0.749400 0.601900 0.275900
vn 0.473900 0.592500 0.651400
vn 0.234600 0.609500 0.757300
vn -0.018300 0.586000 0.810100
vn -0.443600 0.591600 0.673300
vn -0.624500 0.619300 0.475900
vn -0.761400 0.602600 0.239000
vn -0.062500 0.977500 -0.201500
vn -0.131100 0.896400 -0.423500
vn -0.197600 0.744100 -0.638200
vn -0.652100 0.758100 0.000000
vn -0.427900 0.903800 0.000000
vn -0.202000 0.979400 0.000000
vn 0.163500 0.978700 -0.124500
vn 0.345100 0.900900 -0.263000
vn 0.523600 0.752700 -0.399200
vn 0.163500 0.978700 0.124500
vn 0.345100 0.900900 0.263000
vn 0.523600 0.752700 0.399200
vn -0.062500 0.977500 0.201500
vn -0.131100 0.896400 0.423500
vn -0.197600 0.744100 0.638200
vn -0.294500 0.928900 0.224500
vn -0.538700 0.807800 0.239300
vn -0.380700 0.802100 0.460100
vn 0.112000 0.925500 0.361800
vn 0.049800 0.796500 0.602600
vn 0.298700 0.799900 0.520500
vn 0.364800 0.931100 0.000000
vn 0.570900 0.809200 0.138800
vn 0.570900 0.809200 -0.138800
vn 0.112000 0.925500 -0.361800
vn 0.298700 0.799900 -0.520500
vn 0.049800 0.796500 -0.602600
vn -0.294500 0.928900 -0.224500
vn -0.380700 0.802100 -0.460100
vn -0.538700 0.807800 -0.239300
vn -0.831100 0.341500 0.438900
vn -0.795500 0.011300 0.605800
vn -0.646600 0.337300 0.684200
vn 0.136800 0.331000 0.933700
vn 0.296000 0.011000 0.955100
vn 0.415900 0.333400 0.846100
vn 0.925500 0.344000 0.158300
vn 0.999900 0.011500 0.000000
vn 0.925500 0.344000 -0.158300
vn 0.415900 0.333400 -0.846100
vn 0.296000 0.011000 -0.955100
vn 0.136800 0.331000 -0.933700
vn -0.646600 0.337300 -0.684200
vn -0.795500 0.011300 -0.605800
vn -0.831100 0.341500 -0.438900
vn -0.296000 -0.011000 0.955100
vn -0.415900 -0.333400 0.846100
vn -0.136800 -0.331000 0.933700
vn 0.795500 -0.011300 0.605800
vn 0.646600 -0.337300 0.684200
vn 0.831100 -0.341500 0.438900
vn 0.795500 -0.011300 -0.605800
vn 0.831100 -0.341500 -0.438900
vn 0.646600 -0.337300 -0.684200
vn -0.296000 -0.011000 -0.955100
vn -0.136800 -0.331000 -0.933700
vn -0.415900 -0.333400 -0.846100
vn -0.999900 -0.011500 0.000000
vn -0.925500 -0.344000 -0.158300
vn -0.925500 -0.344000 0.158300
vn -0.298700 -0.799900 0.520500
vn -0.112000 -0.925500 0.361800
vn -0.049800 -0.796500 0.602600
vn 0.380700 -0.802100 0.460100
vn 0.294500 -0.928900 0.224500
vn 0.538700 -0.807800 0.239300
vn 0.538700 -0.807800 -0.239300
vn 0.294500 -0.928900 -0.224500
vn 0.380700 -0.802100 -0.460100
vn -0.570900 -0.809200 0.138800
vn -0.570900 -0.809200 -0.138800
vn -0.364800 -0.931100 0.000000
vn -0.049800 -0.796500 -0.602600
vn -0.112000 -0.925500 -0.361800
vn -0.298700 -0.799900 -0.520500
vn -0.004400 -1.000000 0.000000
vn -0.864000 -0.298400 -0.405500
vn 0.396800 -0.378500 -0.836300
vn 0.964600 -0.263800 0.000000
vn 0.396800 -0.378500 0.836200
vn -0.864000 -0.298400 0.405500
vn -0.396800 0.378500 -0.836300
vn 0.864000 0.298400 -0.405500
vn 0.864000 0.298400 0.405500
vn -0.396800 0.378500 0.836300
vn -0.964600 0.263800 0.000000
vn 0.004400 1.000000 0.000000
vn 0.237900 -0.805000 -0.543400
vn -0.605400 -0.732200 -0.312100
vn -0.379600 -0.461400 -0.801900
vn -0.944500 -0.328500 0.000000
vn -0.605400 -0.732200 0.312100
vn 0.727900 -0.685700 0.000000
vn 0.840500 -0.368700 -0.397000
vn 0.237900 -0.805000 0.543400
vn 0.840500 -0.368700 0.397000
vn -0.379600 -0.461400 0.801900
vn -0.979200 0.001500 -0.202900
vn -0.979200 0.001500 0.202900
vn -0.736300 -0.004500 -0.676700
vn 0.979200 -0.001500 -0.202900
vn 0.736300 0.004500 -0.676700
vn 0.736300 0.004500 0.676700
vn 0.979200 -0.001500 0.202900
vn -0.736300 -0.004500 0.676700
vn -0.840500 0.368700 -0.397000
vn 0.379600 0.461400 -0.801900
vn 0.944500 0.328500 0.000000
vn 0.379600 0.461400 0.801900
vn -0.840500 0.368700 0.397000
vn -0.237900 0.805000 -0.543400
vn -0.727900 0.685700 0.000000
vn 0.605400 0.732200 -0.312100
vn 0.605400 0.732200 0.312100
vn -0.237900 0.805000 0.543400
vn 0.396800 -0.378500 0.836300
vn -0.005200 -1.000000 0.000000
vn -0.616500 -0.335700 -0.712200
vn 0.184700 -0.263000 -0.946900
vn 0.916100 -0.400900 0.000000
vn 0.184700 -0.263000 0.946900
vn -0.616500 -0.335700 0.712200
vn -0.184700 0.263000 -0.946900
vn 0.616500 0.335700 -0.712200
vn 0.616500 0.335700 0.712200
vn -0.184700 0.263000 0.946900
vn -0.916100 0.400900 0.000000
vn 0.005200 1.000000 0.000000
vn 0.155000 -0.688100 -0.708900
vn -0.440500 -0.771700 -0.458800
vn -0.181600 -0.327500 -0.927200
vn -0.874100 -0.485700 0.000000
vn -0.440500 -0.771700 0.458800
vn 0.569400 -0.822100 0.000000
vn 0.598700 -0.413500 -0.686000
vn 0.155000 -0.688100 0.708900
vn 0.598700 -0.413500 0.686000
vn -0.181600 -0.327500 0.927200
vn -0.899300 -0.004600 -0.437400
vn -0.899300 -0.004600 0.437400
vn -0.405900 0.003300 -0.913900
vn 0.899300 0.004600 -0.437400
vn 0.405900 -0.003300 -0.913900
vn 0.405900 -0.003300 0.913900
vn 0.899300 0.004600 0.437400
vn -0.405900 0.003300 0.913900
vn -0.598700 0.413500 -0.686000
vn 0.181600 0.327500 -0.927200
vn 0.874100 0.485700 0.000000
vn 0.181600 0.327500 0.927200
vn -0.598700 0.413500 0.686000
vn -0.155000 0.688100 -0.708900
vn -0.569400 0.822100 0.000000
vn 0.440500 0.771700 -0.458800
vn 0.440500 0.771700 0.458800
vn -0.155000 0.688100 0.708900
vn -0.003900 -1.000000 0.000000
vn -0.625500 -0.386600 -0.677700
vn 0.195800 -0.316800 -0.928100
vn 0.896100 -0.443800 0.000000
vn 0.195800 -0.316800 0.928100
vn -0.625500 -0.386600 0.677700
vn -0.195800 0.316800 -0.928100
vn 0.625500 0.386600 -0.677700
vn 0.625500 0.386600 0.677700
vn -0.195800 0.316800 0.928100
vn -0.896100 0.443800 0.000000
vn 0.003900 1.000000 0.000000
vn 0.147100 -0.745800 -0.649700
vn -0.409900 -0.810100 -0.419200
vn -0.190100 -0.388100 -0.901800
vn -0.409900 -0.810100 0.419200
vn 0.601300 -0.465100 -0.649700
vn 0.147100 -0.745800 0.649700
vn 0.601300 -0.465100 0.649700
vn -0.190100 -0.388100 0.901800
vn -0.907900 -0.004400 -0.419200
vn -0.907900 -0.004400 0.419200
vn -0.432100 0.003500 -0.901800
vn 0.907900 0.004400 -0.419200
vn 0.432100 -0.003500 -0.901800
vn 0.432100 -0.003500 0.901800
vn 0.907900 0.004400 0.419200
vn -0.432100 0.003500 0.901800
vn -0.601300 0.465100 -0.649700
vn 0.190100 0.388100 -0.901800
vn 0.190100 0.388100 0.901800
vn -0.601300 0.465100 0.649700
vn -0.147100 0.745800 -0.649700
vn 0.409900 0.810100 -0.419200
vn 0.409900 0.810100 0.419200
vn -0.147100 0.745800 0.649700
vn 0.464700 -0.671400 -0.577400
vn 0.671400 0.464700 -0.577400
vn 0.464700 -0.671400 0.577400
vn 0.671400 0.464700 0.577300
vn -0.671400 -0.464700 -0.577300
vn -0.464700 0.671400 -0.577400
vn -0.671400 -0.464700 0.577400
vn -0.464700 0.671400 0.577400
vn 0.671400 -0.464700 -0.577400
vn 0.464700 0.671400 -0.577400
vn 0.671400 -0.464700 0.577300
vn 0.464700 0.671400 0.577400
vn -0.464700 -0.671400 -0.577400
vn -0.671400 0.464700 -0.577300
vn -0.464700 -0.671400 0.577400
vn -0.671400 0.464700 0.577400
vn -0.000500 -1.000000 0.000000
vn -0.788600 -0.355800 -0.501500
vn 0.320400 -0.381000 -0.867300
vn 0.939800 -0.341600 0.000000
vn 0.320400 -0.381000 0.867300
vn -0.788600 -0.355800 0.501500
vn -0.320400 0.381000 -0.867300
vn 0.788600 0.355800 -0.501500
vn 0.788600 0.355800 0.501500
vn -0.320400 0.381000 0.867300
vn -0.939800 0.341600 0.000000
vn 0.000500 1.000000 0.000000
vn 0.202800 -0.803200 -0.560100
vn -0.522900 -0.781700 -0.339800
vn -0.307700 -0.459300 -0.833300
vn -0.909400 -0.415900 0.000000
vn -0.522900 -0.781700 0.339800
vn 0.639900 -0.768400 0.000000
vn 0.761100 -0.431500 -0.484300
vn 0.202800 -0.803200 0.560100
vn 0.761100 -0.431500 0.484300
vn -0.307700 -0.459300 0.833300
vn -0.961900 0.000800 -0.273500
vn -0.961900 0.000800 0.273500
vn -0.636600 -0.001500 -0.771200
vn 0.961900 -0.000800 -0.273500
vn 0.636600 0.001500 -0.771200
vn 0.636600 0.001500 0.771200
vn 0.961900 -0.000800 0.273500
vn -0.636600 -0.001500 0.771200
vn -0.761100 0.431500 -0.484300
vn 0.307700 0.459300 -0.833300
vn 0.909400 0.415900 0.000000
vn 0.307700 0.459300 0.833300
vn -0.761100 0.431500 0.484300
vn -0.202800 0.803200 -0.560100
vn -0.639900 0.768400 0.000000
vn 0.522900 0.781700 -0.339800
vn 0.522900 0.781700 0.339800
vn -0.202800 0.803200 0.560100
vn 0.577400 -0.577400 -0.577400
vn 0.577400 0.577400 -0.577400
vn 0.577400 -0.577400 0.577400
vn 0.577400 0.577400 0.577400
vn -0.577400 -0.577400 -0.577400
vn -0.577400 0.577400 -0.577400
vn -0.577400 -0.577400 0.577400
vn -0.577400 0.577400 0.577400
vn -0.006000 -1.000000 0.000000
vn -0.661200 -0.473900 -0.581500
vn 0.205600 -0.411200 -0.888000
vn 0.878800 -0.477200 0.000000
vn 0.205600 -0.411200 0.888000
vn -0.661200 -0.473900 0.581500
vn -0.205600 0.411200 -0.888000
vn 0.661200 0.473900 -0.581600
vn 0.661200 0.473900 0.581600
vn -0.205600 0.411200 0.888000
vn -0.878800 0.477200 0.000000
vn 0.006000 1.000000 0.000000
vn -0.702100 -0.506400 -0.500500
vn 0.270300 -0.510400 -0.816300
vn 0.863700 -0.504000 0.000000
vn 0.270300 -0.510400 0.816300
vn -0.702100 -0.506400 0.500500
vn -0.270300 0.510400 -0.816300
vn 0.702100 0.506400 -0.500500
vn 0.702100 0.506400 0.500500
vn -0.270300 0.510400 0.816300
vn -0.863700 0.504000 0.000000
vn 0.216000 -0.726600 -0.652200
vn 0.145200 -0.887000 -0.438400
vn 0.069600 -0.975200 -0.210300
vn -0.182300 -0.974600 -0.130000
vn -0.379200 -0.885000 -0.270300
vn -0.562500 -0.723000 -0.401000
vn -0.505800 -0.566400 -0.650600
vn -0.253700 -0.590400 -0.766200
vn 0.019500 -0.569100 -0.822000
vn -0.781600 -0.562700 0.269200
vn -0.811800 -0.584000 0.000000
vn -0.781600 -0.562700 -0.269200
vn -0.182300 -0.974600 0.130000
vn -0.379200 -0.885000 0.270300
vn -0.562500 -0.723000 0.401000
vn 0.693100 -0.720800 0.000000
vn 0.468000 -0.883700 0.000000
vn 0.225300 -0.974300 0.000000
vn 0.474500 -0.566800 -0.673400
vn 0.659600 -0.586400 -0.470200
vn 0.793300 -0.562500 -0.232900
vn 0.216000 -0.726600 0.652200
vn 0.145200 -0.887000 0.438400
vn 0.069600 -0.975200 0.210300
vn 0.793300 -0.562500 0.232900
vn 0.659600 -0.586400 0.470200
vn 0.474500 -0.566800 0.673400
vn 0.019500 -0.569100 0.822000
vn -0.253700 -0.590400 0.766200
vn -0.505800 -0.566400 0.650600
vn -0.948200 0.280500 -0.149300
vn -0.952700 -0.000000 -0.303800
vn -0.859200 -0.281300 -0.427400
vn -0.859200 -0.281300 0.427400
vn -0.952700 -0.000000 0.303800
vn -0.948200 0.280500 0.149300
vn -0.150800 0.285100 -0.946600
vn 0.150800 -0.285100 -0.946600
vn -0.683200 -0.282800 -0.673200
vn -0.594900 -0.000000 -0.803800
vn -0.443500 0.284100 -0.850000
vn 0.859200 0.281300 -0.427400
vn 0.952700 -0.000000 -0.303800
vn 0.948200 -0.280500 -0.149300
vn 0.443500 -0.284100 -0.850000
vn 0.594900 -0.000000 -0.803800
vn 0.683200 0.282800 -0.673200
vn 0.683200 0.282800 0.673200
vn 0.594900 -0.000000 0.803800
vn 0.443500 -0.284100 0.850000
vn 0.948200 -0.280500 0.149300
vn 0.952700 -0.000000 0.303800
vn 0.859200 0.281300 0.427400
vn -0.443500 0.284100 0.850000
vn -0.594900 -0.000000 0.803800
vn -0.683200 -0.282800 0.673200
vn 0.150800 -0.285100 0.946600
vn -0.150800 0.285100 0.946600
vn -0.793300 0.562500 -0.232900
vn -0.659600 0.586400 -0.470200
vn -0.474500 0.566800 -0.673400
vn -0.019500 0.569100 -0.822000
vn 0.253700 0.590400 -0.766200
vn 0.505800 0.566400 -0.650600
vn 0.781600 0.562700 -0.269200
vn 0.811800 0.584000 0.000000
vn 0.781600 0.562700 0.269200
vn 0.505800 0.566400 0.650600
vn 0.253700 0.590400 0.766200
vn -0.019500 0.569100 0.822000
vn -0.474500 0.566800 0.673400
vn -0.659600 0.586400 0.470200
vn -0.793300 0.562500 0.232900
vn -0.069600 0.975200 -0.210300
vn -0.145200 0.887000 -0.438400
vn -0.216000 0.726600 -0.652200
vn -0.693100 0.720800 0.000000
vn -0.468000 0.883700 0.000000
vn -0.225300 0.974300 0.000000
vn 0.182300 0.974600 -0.130000
vn 0.379200 0.885000 -0.270300
vn 0.562500 0.723000 -0.401000
vn 0.182300 0.974600 0.130000
vn 0.379200 0.885000 0.270300
vn 0.562500 0.723000 0.401000
vn -0.069600 0.975200 0.210300
vn -0.145200 0.887000 0.438400
vn -0.216000 0.726600 0.652200
vn -0.325100 0.916900 0.231700
vn -0.579800 0.778300 0.241000
vn -0.414000 0.780700 0.468100
vn 0.124400 0.918400 0.375600
vn 0.054700 0.783100 0.619500
vn 0.326200 0.781600 0.531700
vn 0.401400 0.915900 0.000000
vn 0.613000 0.777700 0.139400
vn 0.613000 0.777700 -0.139400
vn 0.124400 0.918400 -0.375600
vn 0.326200 0.781600 -0.531700
vn 0.054700 0.783100 -0.619500
vn -0.325100 0.916900 -0.231700
vn -0.414000 0.780700 -0.468100
vn -0.579800 0.778300 -0.241000
vn -0.851100 0.314000 0.420800
vn -0.814100 0.010400 0.580600
vn -0.674100 0.315500 0.667800
vn 0.146600 0.318000 0.936700
vn 0.314200 0.010500 0.949300
vn 0.440900 0.317000 0.839700
vn 0.937800 0.313100 0.150100
vn 0.999900 0.010300 0.000000
vn 0.937800 0.313100 -0.150100
vn 0.440900 0.317000 -0.839700
vn 0.314200 0.010500 -0.949300
vn 0.146600 0.318000 -0.936700
vn -0.674100 0.315500 -0.667800
vn -0.814100 0.010400 -0.580600
vn -0.851100 0.314000 -0.420800
vn -0.314200 -0.010500 0.949300
vn -0.440900 -0.317000 0.839700
vn -0.146600 -0.318000 0.936700
vn 0.814100 -0.010400 0.580600
vn 0.674100 -0.315500 0.667800
vn 0.851100 -0.314000 0.420800
vn 0.814100 -0.010400 -0.580600
vn 0.851100 -0.314000 -0.420800
vn 0.674100 -0.315500 -0.667800
vn -0.314200 -0.010500 -0.949300
vn -0.146600 -0.318000 -0.936700
vn -0.440900 -0.317000 -0.839700
vn -0.999900 -0.010300 0.000000
vn -0.937800 -0.313100 -0.150100
vn -0.937800 -0.313100 0.150100
vn -0.326200 -0.781600 0.531700
vn -0.124400 -0.918400 0.375600
vn -0.054700 -0.783100 0.619500
vn 0.414000 -0.780700 0.468100
vn 0.325100 -0.916900 0.231700
vn 0.579800 -0.778300 0.241000
vn 0.579800 -0.778300 -0.241000
vn 0.325100 -0.916900 -0.231700
vn 0.414000 -0.780700 -0.468200
vn -0.613000 -0.777700 0.139400
vn -0.613000 -0.777700 -0.139400
vn -0.401400 -0.915900 0.000000
vn -0.054700 -0.783100 -0.619500
vn -0.124400 -0.918400 -0.375600
vn -0.326200 -0.781600 -0.531700
vn -0.003400 -1.000000 0.000000
vn -0.637000 -0.377200 -0.672300
vn 0.201600 -0.312300 -0.928400
vn 0.903000 -0.429600 0.000000
vn 0.201600 -0.312300 0.928400
vn -0.637000 -0.377200 0.672300
vn -0.201600 0.312300 -0.928400
vn 0.637000 0.377200 -0.672300
vn 0.637000 0.377200 0.672300
vn -0.201600 0.312300 0.928400
vn -0.903000 0.429600 0.000000
vn 0.003400 1.000000 0.000000
vn 0.152200 -0.741300 -0.653700
vn -0.422800 -0.802600 -0.420800
vn -0.196100 -0.383200 -0.902600
vn -0.859200 -0.511700 0.000000
vn -0.422800 -0.802600 0.420800
vn 0.541000 -0.841100 0.000000
vn 0.613300 -0.455500 -0.645300
vn 0.152200 -0.741300 0.653700
vn 0.613300 -0.455500 0.645300
vn -0.196100 -0.383200 0.902600
vn -0.910900 -0.003900 -0.412500
vn -0.910900 -0.003900 0.412500
vn -0.442000 0.003300 -0.897000
vn 0.910900 0.003900 -0.412500
vn 0.442000 -0.003300 -0.897000
vn 0.442000 -0.003300 0.897000
vn 0.910900 0.003900 0.412500
vn -0.442000 0.003300 0.897000
vn -0.613300 0.455500 -0.645300
vn 0.196100 0.383200 -0.902600
vn 0.859200 0.511700 0.000000
vn 0.196100 0.383200 0.902600
vn -0.613300 0.455500 0.645300
vn -0.152200 0.741300 -0.653700
vn -0.541000 0.841100 0.000000
vn 0.422800 0.802600 -0.420800
vn 0.422800 0.802600 0.420800
vn -0.152200 0.741300 0.653700
vt 0.209894 0.345471
vt 0.214659 0.189651
vt 0.239414 0.189651
vt 0.243313 0.345471
vt 0.261966 0.189633
vt 0.273758 0.345447
vt 0.011221 0.339719
vt 0.026931 0.184000
vt 0.045687 0.183915
vt 0.036541 0.339604
vt 0.069600 0.183884
vt 0.068823 0.339563
vt 0.093933 0.183915
vt 0.101674 0.339604
vt 0.113868 0.184000
vt 0.128586 0.339719
vt 0.296200 0.345412
vt 0.308698 0.189654
vt 0.330752 0.189633
vt 0.325973 0.345384
vt 0.355507 0.189633
vt 0.359392 0.345384
vt 0.378060 0.189654
vt 0.389838 0.345412
vt 0.180120 0.167063
vt 0.195773 0.011221
vt 0.214525 0.011291
vt 0.205435 0.167158
vt 0.238436 0.011316
vt 0.237715 0.167192
vt 0.262771 0.011291
vt 0.270567 0.167158
vt 0.306943 0.458182
vt 0.296200 0.435873
vt 0.296200 0.411112
vt 0.306943 0.388803
vt 0.326303 0.373364
vt 0.350443 0.367854
vt 0.374584 0.373363
vt 0.393943 0.388801
vt 0.404687 0.411110
vt 0.404687 0.435871
vt 0.393943 0.458181
vt 0.374584 0.473619
vt 0.350443 0.479130
vt 0.326303 0.473620
vt 0.282709 0.011221
vt 0.297484 0.167063
vt 0.180120 0.345447
vt 0.192604 0.189633
vt 0.157678 0.103047
vt 0.143175 0.133164
vt 0.117039 0.154005
vt 0.084450 0.161443
vt 0.051860 0.154004
vt 0.025725 0.133162
vt 0.011221 0.103044
vt 0.011221 0.069617
vt 0.025725 0.039500
vt 0.051860 0.018658
vt 0.084450 0.011221
vt 0.117039 0.018660
vt 0.143175 0.039502
vt 0.157678 0.069619
vt 0.656735 0.189633
vt 0.656640 0.339934
vt 0.646624 0.339991
vt 0.644316 0.189703
vt 0.633323 0.011221
vt 0.629905 0.161458
vt 0.621917 0.161493
vt 0.623418 0.011263
vt 0.611618 0.161493
vt 0.610647 0.011263
vt 0.602941 0.161458
vt 0.599887 0.011221
vt 0.680032 0.011221
vt 0.677260 0.161394
vt 0.667704 0.161450
vt 0.668183 0.011290
vt 0.657688 0.161394
vt 0.655764 0.011221
vt 0.621874 0.189683
vt 0.618561 0.339948
vt 0.610575 0.339908
vt 0.611971 0.189633
vt 0.600276 0.339908
vt 0.599200 0.189633
vt 0.548247 0.154049
vt 0.542183 0.162394
vt 0.532372 0.165583
vt 0.522562 0.162397
vt 0.516498 0.154053
vt 0.516498 0.143739
vt 0.522562 0.135394
vt 0.532372 0.132206
vt 0.542183 0.135392
vt 0.548247 0.143735
vt 0.591598 0.339948
vt 0.588440 0.189683
vt 0.668584 0.189703
vt 0.666195 0.339991
vt 0.605183 0.868305
vt 0.605183 0.855515
vt 0.612700 0.845168
vt 0.624864 0.841218
vt 0.637028 0.845173
vt 0.644546 0.855523
vt 0.644546 0.868314
vt 0.637028 0.878660
vt 0.624864 0.882610
vt 0.612700 0.878655
vt 0.553352 0.367900
vt 0.550050 0.518165
vt 0.541990 0.518128
vt 0.543358 0.367854
vt 0.531684 0.518128
vt 0.530579 0.367854
vt 0.523070 0.518165
vt 0.519898 0.367900
vt 0.655975 0.367854
vt 0.653295 0.518044
vt 0.643696 0.518091
vt 0.644073 0.367911
vt 0.633709 0.518044
vt 0.631689 0.367854
vt 0.609248 0.367854
vt 0.605866 0.518093
vt 0.597807 0.518125
vt 0.599255 0.367893
vt 0.587502 0.518125
vt 0.586477 0.367893
vt 0.578887 0.518093
vt 0.575794 0.367854
vt 0.511112 0.313805
vt 0.520923 0.310618
vt 0.530734 0.313807
vt 0.536798 0.322152
vt 0.536798 0.332466
vt 0.530734 0.340811
vt 0.520923 0.343997
vt 0.511112 0.340809
vt 0.505049 0.332464
vt 0.505049 0.322149
vt 0.152227 0.362219
vt 0.149815 0.512504
vt 0.140216 0.512457
vt 0.140324 0.362160
vt 0.130229 0.512504
vt 0.127940 0.362219
vt 0.121121 0.841195
vt 0.133286 0.845147
vt 0.140805 0.855493
vt 0.140805 0.868284
vt 0.133286 0.878632
vt 0.121121 0.882585
vt 0.108955 0.878634
vt 0.101437 0.868287
vt 0.101437 0.855497
vt 0.108955 0.845149
vt 0.037318 0.663826
vt 0.051855 0.677846
vt 0.036097 0.689941
vt 0.062011 0.687676
vt 0.062011 0.660393
vt 0.022001 0.665942
vt 0.029047 0.639017
vt 0.047497 0.646374
vt 0.472211 0.805110
vt 0.470604 0.778041
vt 0.481155 0.792610
vt 0.876724 0.869838
vt 0.875136 0.855005
vt 0.885664 0.860080
vt 0.823966 0.414801
vt 0.825464 0.438050
vt 0.815011 0.430569
vt 0.823966 0.367854
vt 0.825554 0.388406
vt 0.815067 0.372292
vt 0.030660 0.874676
vt 0.032239 0.891368
vt 0.021744 0.882109
vt 0.481155 0.820204
vt 0.885664 0.879227
vt 0.815067 0.399887
vt 0.030660 0.907251
vt 0.021715 0.915591
vt 0.021744 0.901256
vt 0.472096 0.752908
vt 0.480978 0.739872
vt 0.481088 0.761926
vt 0.690403 0.454491
vt 0.680903 0.434974
vt 0.696243 0.437089
vt 0.721793 0.441974
vt 0.706399 0.454543
vt 0.714693 0.429732
vt 0.729207 0.388430
vt 0.729207 0.415713
vt 0.719051 0.398259
vt 0.702399 0.367854
vt 0.717807 0.372146
vt 0.703294 0.386165
vt 0.678417 0.408682
vt 0.687954 0.384050
vt 0.689197 0.410163
vt 0.704515 0.412280
vt 0.491529 0.754441
vt 0.490047 0.777693
vt 0.012806 0.891499
vt 0.011221 0.875352
vt 0.011221 0.906332
vt 0.806124 0.387387
vt 0.804524 0.369806
vt 0.804524 0.414456
vt 0.806029 0.439586
vt 0.896156 0.869967
vt 0.894576 0.886660
vt 0.894576 0.854085
vt 0.491639 0.804089
vt 0.490047 0.824640
vt 0.814921 0.452619
vt 0.875136 0.885985
vt 0.885629 0.845745
vt 0.470604 0.822690
vt 0.039203 0.621563
vt 0.054597 0.634131
vt 0.023207 0.621614
vt 0.013707 0.641131
vt 0.011221 0.667423
vt 0.020757 0.692055
vt 0.035203 0.708252
vt 0.050611 0.703959
vt 0.127534 0.577208
vt 0.142071 0.591229
vt 0.126313 0.603323
vt 0.152227 0.601059
vt 0.152227 0.573775
vt 0.112217 0.579325
vt 0.119263 0.552399
vt 0.137713 0.559757
vt 0.428735 0.805110
vt 0.427128 0.778041
vt 0.437679 0.792610
vt 0.877923 0.317599
vt 0.876335 0.302766
vt 0.886863 0.307841
vt 0.827791 0.058168
vt 0.829288 0.081417
vt 0.818836 0.073936
vt 0.827791 0.011221
vt 0.829379 0.031773
vt 0.818892 0.015659
vt 0.074119 0.874676
vt 0.075698 0.891368
vt 0.065204 0.882109
vt 0.437679 0.820204
vt 0.886863 0.326988
vt 0.818892 0.043254
vt 0.074119 0.907251
vt 0.065174 0.915591
vt 0.065204 0.901256
vt 0.428620 0.752908
vt 0.437502 0.739872
vt 0.437612 0.761926
vt 0.439115 0.717380
vt 0.429614 0.697863
vt 0.444954 0.699977
vt 0.470505 0.704862
vt 0.455110 0.717431
vt 0.463405 0.692620
vt 0.477918 0.651318
vt 0.477918 0.678601
vt 0.467762 0.661147
vt 0.451110 0.630742
vt 0.466519 0.635034
vt 0.452005 0.649053
vt 0.427128 0.671571
vt 0.436665 0.646939
vt 0.437909 0.673051
vt 0.453226 0.675168
vt 0.448053 0.754441
vt 0.446571 0.777694
vt 0.056265 0.891499
vt 0.054680 0.875352
vt 0.054680 0.906332
vt 0.809949 0.030754
vt 0.808349 0.013173
vt 0.808349 0.057822
vt 0.809854 0.082953
vt 0.897356 0.317728
vt 0.895775 0.334421
vt 0.895775 0.301846
vt 0.448163 0.804089
vt 0.446571 0.824640
vt 0.818746 0.095986
vt 0.876335 0.333747
vt 0.886828 0.293506
vt 0.427128 0.822690
vt 0.129419 0.534945
vt 0.144813 0.547514
vt 0.113423 0.534997
vt 0.103922 0.554514
vt 0.101437 0.580806
vt 0.110973 0.605438
vt 0.125419 0.621634
vt 0.140827 0.617342
vt 0.209739 0.421367
vt 0.204638 0.433864
vt 0.199862 0.417374
vt 0.305204 0.747569
vt 0.296200 0.747948
vt 0.300867 0.737927
vt 0.208738 0.406391
vt 0.218999 0.416093
vt 0.216464 0.433072
vt 0.312252 0.740667
vt 0.554335 0.234041
vt 0.556655 0.248465
vt 0.546072 0.242086
vt 0.052489 0.770157
vt 0.053066 0.778726
vt 0.043064 0.775047
vt 0.528127 0.033358
vt 0.525818 0.022656
vt 0.536383 0.023978
vt 0.528144 0.094467
vt 0.525815 0.081833
vt 0.536389 0.090819
vt 0.314621 0.752382
vt 0.546077 0.224927
vt 0.045383 0.763838
vt 0.536375 0.039342
vt 0.536405 0.103218
vt 0.516676 0.266039
vt 0.514369 0.276740
vt 0.507832 0.262193
vt 0.516696 0.204930
vt 0.514365 0.217564
vt 0.507848 0.210717
vt 0.020218 0.740006
vt 0.015880 0.749649
vt 0.011221 0.739629
vt 0.565786 0.065358
vt 0.568106 0.050934
vt 0.574651 0.064151
vt 0.462721 0.115247
vt 0.453403 0.110814
vt 0.463274 0.106788
vt 0.465265 0.076768
vt 0.456389 0.065785
vt 0.466266 0.061792
vt 0.464175 0.093165
vt 0.454297 0.082678
vt 0.453201 0.099197
vt 0.445595 0.070173
vt 0.443433 0.087109
vt 0.436647 0.073838
vt 0.443511 0.101593
vt 0.569114 0.092655
vt 0.568114 0.078698
vt 0.577446 0.078443
vt 0.461165 0.049295
vt 0.449784 0.052443
vt 0.438920 0.056874
vt 0.455591 0.035654
vt 0.444176 0.038726
vt 0.450972 0.024367
vt 0.577437 0.047889
vt 0.569098 0.034537
vt 0.577446 0.030980
vt 0.568121 0.020206
vt 0.441101 0.028393
vt 0.019721 0.730693
vt 0.472991 0.050087
vt 0.468055 0.035167
vt 0.462447 0.021450
vt 0.480348 0.037311
vt 0.475463 0.022321
vt 0.486454 0.026742
vt 0.457704 0.012695
vt 0.469681 0.011221
vt 0.481358 0.014279
vt 0.490237 0.020223
vt 0.475526 0.067066
vt 0.483860 0.054724
vt 0.491268 0.041879
vt 0.485654 0.072855
vt 0.494057 0.060565
vt 0.494057 0.077681
vt 0.505055 0.226489
vt 0.513370 0.234398
vt 0.505049 0.245373
vt 0.514354 0.251881
vt 0.475357 0.084088
vt 0.485554 0.089929
vt 0.474261 0.100606
vt 0.493061 0.092691
vt 0.483570 0.104275
vt 0.472540 0.112095
vt 0.341803 0.726977
vt 0.337472 0.717410
vt 0.346542 0.717775
vt 0.328048 0.712522
vt 0.338041 0.708841
vt 0.316435 0.708612
vt 0.327169 0.703211
vt 0.546970 0.098796
vt 0.546989 0.109765
vt 0.558619 0.103448
vt 0.568144 0.103498
vt 0.558603 0.089801
vt 0.546956 0.083808
vt 0.557529 0.074472
vt 0.557524 0.057313
vt 0.546946 0.047889
vt 0.558589 0.040363
vt 0.546951 0.030474
vt 0.558597 0.023454
vt 0.546962 0.015727
vt 0.557547 0.011221
vt 0.029634 0.735191
vt 0.027260 0.746906
vt 0.036308 0.755496
vt 0.023768 0.758658
vt 0.033741 0.767975
vt 0.012486 0.761238
vt 0.021216 0.770993
vt 0.011242 0.772067
vt 0.031454 0.778960
vt 0.020303 0.780534
vt 0.524958 0.196179
vt 0.514395 0.197500
vt 0.524940 0.208579
vt 0.535506 0.215590
vt 0.523865 0.224136
vt 0.535496 0.233132
vt 0.523859 0.243020
vt 0.535494 0.251510
vt 0.524923 0.260056
vt 0.524932 0.275419
vt 0.535513 0.283670
vt 0.523885 0.287286
vt 0.323896 0.744825
vt 0.326262 0.756598
vt 0.336475 0.748398
vt 0.345228 0.738871
vt 0.346542 0.750407
vt 0.333868 0.735505
vt 0.321301 0.732075
vt 0.330373 0.723731
vt 0.546948 0.066266
vt 0.535316 0.075261
vt 0.535311 0.056377
vt 0.524821 0.064998
vt 0.525805 0.047515
vt 0.041278 0.730971
vt 0.038905 0.742746
vt 0.535333 0.012111
vt 0.051490 0.739169
vt 0.048878 0.752063
vt 0.061567 0.737158
vt 0.060246 0.748694
vt 0.056818 0.760589
vt 0.535543 0.189633
vt 0.535522 0.200601
vt 0.042196 0.784359
vt 0.547173 0.195951
vt 0.547153 0.209597
vt 0.556700 0.195901
vt 0.557667 0.206744
vt 0.556664 0.220701
vt 0.535500 0.268924
vt 0.547137 0.259036
vt 0.547147 0.275944
vt 0.546099 0.288177
vt 0.557648 0.264862
vt 0.556673 0.279192
vt 0.304700 0.756881
vt 0.318730 0.719597
vt 0.308759 0.728917
vt 0.306201 0.716581
vt 0.305277 0.707041
vt 0.297468 0.726339
vt 0.296217 0.715509
vt 0.525840 0.101896
vt 0.519295 0.088679
vt 0.223821 0.445848
vt 0.234741 0.441280
vt 0.229926 0.456417
vt 0.227333 0.428435
vt 0.516503 0.072907
vt 0.237530 0.422594
vt 0.516498 0.054023
vt 0.229127 0.410304
vt 0.237530 0.405478
vt 0.519280 0.037203
vt 0.229027 0.393230
vt 0.218830 0.399071
vt 0.236534 0.390468
vt 0.227043 0.378884
vt 0.217735 0.382553
vt 0.216013 0.371064
vt 0.207648 0.389994
vt 0.206747 0.376371
vt 0.061567 0.769790
vt 0.196876 0.372345
vt 0.206194 0.367912
vt 0.196674 0.383962
vt 0.197770 0.400481
vt 0.186984 0.381566
vt 0.186906 0.396050
vt 0.565998 0.220956
vt 0.189068 0.412986
vt 0.180120 0.409321
vt 0.563201 0.235248
vt 0.224830 0.468880
vt 0.233710 0.462936
vt 0.213154 0.471938
vt 0.218935 0.460838
vt 0.201176 0.470464
vt 0.205920 0.461709
vt 0.211528 0.447993
vt 0.194445 0.458792
vt 0.199064 0.447505
vt 0.182393 0.426285
vt 0.193257 0.430716
vt 0.565988 0.251511
vt 0.187649 0.444433
vt 0.565998 0.268418
vt 0.184574 0.454765
vt 0.447426 0.254883
vt 0.440196 0.270782
vt 0.435704 0.248804
vt 0.476100 0.591374
vt 0.474815 0.603996
vt 0.463454 0.594962
vt 0.447416 0.235211
vt 0.459146 0.248788
vt 0.454684 0.270772
vt 0.469088 0.579816
vt 0.344149 0.082700
vt 0.340163 0.063944
vt 0.355444 0.071819
vt 0.030443 0.582275
vt 0.020333 0.585263
vt 0.022486 0.570396
vt 0.087134 0.462750
vt 0.089875 0.477004
vt 0.075001 0.474587
vt 0.090089 0.383000
vt 0.092769 0.399533
vt 0.078253 0.387208
vt 0.483931 0.579490
vt 0.356273 0.094212
vt 0.036471 0.570773
vt 0.075764 0.454387
vt 0.078833 0.371175
vt 0.395841 0.038807
vt 0.398578 0.024554
vt 0.408535 0.043260
vt 0.398796 0.118556
vt 0.401477 0.102023
vt 0.411025 0.110438
vt 0.060192 0.529696
vt 0.047545 0.526105
vt 0.058909 0.517084
vt 0.035440 0.418856
vt 0.031455 0.437612
vt 0.022842 0.420085
vt 0.446353 0.538789
vt 0.436241 0.535809
vt 0.448896 0.526247
vt 0.462265 0.453939
vt 0.450553 0.440346
vt 0.462275 0.434267
vt 0.462260 0.475478
vt 0.449365 0.462620
vt 0.462264 0.493376
vt 0.449365 0.484321
vt 0.437743 0.447024
vt 0.436476 0.469362
vt 0.427128 0.452597
vt 0.450552 0.499502
vt 0.437743 0.488301
vt 0.032060 0.383235
vt 0.032797 0.401379
vt 0.019584 0.401386
vt 0.455045 0.418369
vt 0.441420 0.423474
vt 0.018107 0.441261
vt 0.011221 0.422394
vt 0.447147 0.401017
vt 0.428530 0.430215
vt 0.433474 0.406028
vt 0.440605 0.386664
vt 0.029250 0.459082
vt 0.017267 0.463491
vt 0.029929 0.478011
vt 0.428893 0.392789
vt 0.071565 0.526649
vt 0.469533 0.418378
vt 0.462308 0.399298
vt 0.454363 0.381852
vt 0.477475 0.401038
vt 0.470307 0.381863
vt 0.484070 0.386693
vt 0.447873 0.370821
vt 0.032824 0.524326
vt 0.044481 0.512778
vt 0.462362 0.367854
vt 0.476850 0.370841
vt 0.402411 0.127965
vt 0.473995 0.440362
vt 0.483164 0.423502
vt 0.491163 0.406067
vt 0.486816 0.447057
vt 0.496073 0.430261
vt 0.497456 0.452645
vt 0.414205 0.089761
vt 0.402063 0.080034
vt 0.413292 0.065117
vt 0.399817 0.057237
vt 0.475165 0.462638
vt 0.488074 0.469396
vt 0.475165 0.484338
vt 0.411929 0.029149
vt 0.497456 0.472363
vt 0.486816 0.488334
vt 0.474111 0.533446
vt 0.458872 0.535194
vt 0.463590 0.521959
vt 0.473995 0.499518
vt 0.438395 0.550666
vt 0.431248 0.565834
vt 0.427128 0.549510
vt 0.063677 0.376284
vt 0.064182 0.362160
vt 0.047428 0.369719
vt 0.033956 0.369313
vt 0.046790 0.387364
vt 0.062969 0.395722
vt 0.047563 0.407344
vt 0.046733 0.429737
vt 0.061233 0.442598
vt 0.044399 0.451883
vt 0.060374 0.465447
vt 0.043560 0.474113
vt 0.059635 0.484883
vt 0.044444 0.490337
vt 0.068023 0.541582
vt 0.053178 0.541246
vt 0.044615 0.556019
vt 0.038174 0.539369
vt 0.028981 0.555616
vt 0.022782 0.538954
vt 0.019574 0.525352
vt 0.015338 0.555231
vt 0.011221 0.540115
vt 0.387540 0.130381
vt 0.386963 0.114348
vt 0.371680 0.105834
vt 0.387725 0.094063
vt 0.370838 0.082983
vt 0.386811 0.069420
vt 0.369943 0.058958
vt 0.384473 0.047169
vt 0.383707 0.026970
vt 0.368340 0.016674
vt 0.384605 0.011221
vt 0.476619 0.564663
vt 0.491596 0.564354
vt 0.483761 0.548054
vt 0.488557 0.534541
vt 0.467426 0.548414
vt 0.460526 0.565037
vt 0.452382 0.550285
vt 0.062127 0.418572
vt 0.079014 0.407492
vt 0.078101 0.432136
vt 0.093355 0.421523
vt 0.091109 0.444319
vt 0.075690 0.556723
vt 0.060710 0.556401
vt 0.075903 0.490337
vt 0.067854 0.573018
vt 0.051517 0.572648
vt 0.072653 0.586545
vt 0.058204 0.587628
vt 0.042963 0.585873
vt 0.372888 0.139396
vt 0.372386 0.125272
vt 0.011221 0.571563
vt 0.356134 0.131837
vt 0.355499 0.114192
vt 0.342660 0.132244
vt 0.340767 0.118321
vt 0.341506 0.100177
vt 0.369082 0.036109
vt 0.353108 0.049673
vt 0.352265 0.027444
vt 0.353146 0.011221
vt 0.337956 0.042474
vt 0.338632 0.023546
vt 0.487470 0.594434
vt 0.444892 0.565441
vt 0.454084 0.581690
vt 0.438692 0.582109
vt 0.427128 0.580957
vt 0.448733 0.596742
vt 0.435481 0.595722
vt 0.093706 0.373592
vt 0.102319 0.391118
vt 0.462626 0.288112
vt 0.476314 0.283083
vt 0.469221 0.302457
vt 0.468315 0.265648
vt 0.105499 0.411796
vt 0.481225 0.258890
vt 0.104586 0.436439
vt 0.471967 0.242094
vt 0.482608 0.236506
vt 0.099830 0.458297
vt 0.473226 0.219754
vt 0.460316 0.226513
vt 0.103227 0.472409
vt 0.471967 0.200816
vt 0.482608 0.216787
vt 0.460316 0.204812
vt 0.047684 0.599121
vt 0.447411 0.213672
vt 0.447416 0.195774
vt 0.459146 0.189633
vt 0.032989 0.594828
vt 0.434516 0.204829
vt 0.434517 0.226530
vt 0.435703 0.189649
vt 0.422894 0.200850
vt 0.421627 0.219789
vt 0.328290 0.100170
vt 0.422894 0.242127
vt 0.412279 0.236553
vt 0.331550 0.081471
vt 0.447513 0.321297
vt 0.455459 0.307288
vt 0.462001 0.318310
vt 0.460387 0.608301
vt 0.439514 0.307299
vt 0.447459 0.289853
vt 0.433025 0.318329
vt 0.425756 0.302487
vt 0.432298 0.288133
vt 0.319925 0.079163
vt 0.326812 0.060296
vt 0.426571 0.265676
vt 0.413682 0.258935
vt 0.418625 0.283122
vt 0.325970 0.038066
vt 0.414044 0.296361
vt 0.101437 0.964590
vt 0.101437 0.953462
vt 0.106263 0.953483
vt 0.106263 0.964611
vt 0.736841 0.492212
vt 0.747968 0.492194
vt 0.747968 0.514636
vt 0.736841 0.514654
vt 0.605183 0.963707
vt 0.605183 0.952579
vt 0.610010 0.952554
vt 0.610010 0.963681
vt 0.268720 0.718481
vt 0.257592 0.718461
vt 0.257592 0.696020
vt 0.268720 0.696040
vt 0.401083 0.501571
vt 0.401083 0.532172
vt 0.394406 0.532172
vt 0.394406 0.501571
vt 0.559239 0.341219
vt 0.559239 0.310618
vt 0.565916 0.310618
vt 0.565916 0.341219
vt 0.820450 0.961417
vt 0.820450 0.950289
vt 0.826939 0.950282
vt 0.826939 0.961410
vt 0.271099 0.449627
vt 0.259971 0.449622
vt 0.259971 0.419991
vt 0.271099 0.419996
vt 0.323385 0.961241
vt 0.323385 0.950113
vt 0.329875 0.950122
vt 0.329875 0.961250
vt 0.259971 0.367918
vt 0.271099 0.367912
vt 0.271099 0.397544
vt 0.259971 0.397549
vt 0.577365 0.132206
vt 0.577365 0.162807
vt 0.570688 0.162807
vt 0.570688 0.132206
vt 0.264219 0.627437
vt 0.264219 0.596836
vt 0.270896 0.596836
vt 0.270896 0.627437
vt 0.198506 0.801729
vt 0.194165 0.815056
vt 0.184463 0.801703
vt 0.827443 0.328108
vt 0.816133 0.329389
vt 0.819549 0.315836
vt 0.194165 0.788350
vt 0.209863 0.793451
vt 0.209863 0.809956
vt 0.835365 0.316627
vt 0.864645 0.045593
vt 0.851820 0.040361
vt 0.863811 0.031163
vt 0.710061 0.874449
vt 0.707183 0.885735
vt 0.695723 0.877109
vt 0.720887 0.850562
vt 0.717898 0.862277
vt 0.708709 0.848571
vt 0.556754 0.864141
vt 0.546013 0.873031
vt 0.546013 0.856666
vt 0.841724 0.330669
vt 0.877936 0.039632
vt 0.702346 0.862612
vt 0.532723 0.878547
vt 0.519898 0.872303
vt 0.531888 0.865134
vt 0.556878 0.850134
vt 0.333903 0.816080
vt 0.321599 0.823632
vt 0.325942 0.810224
vt 0.888676 0.032159
vt 0.877936 0.023267
vt 0.888800 0.019689
vt 0.694428 0.851131
vt 0.686534 0.863403
vt 0.683126 0.849852
vt 0.532722 0.850705
vt 0.519898 0.855938
vt 0.526613 0.841787
vt 0.307196 0.824758
vt 0.296200 0.815380
vt 0.310245 0.815324
vt 0.300543 0.801971
vt 0.314586 0.801945
vt 0.542753 0.842236
vt 0.310245 0.788618
vt 0.296200 0.788674
vt 0.307196 0.779323
vt 0.325942 0.793718
vt 0.321599 0.780421
vt 0.333902 0.788000
vt 0.337297 0.802027
vt 0.864646 0.017752
vt 0.874675 0.011221
vt 0.850913 0.316962
vt 0.843077 0.304790
vt 0.853894 0.302673
vt 0.828738 0.302130
vt 0.840190 0.293506
vt 0.696831 0.840685
vt 0.683161 0.875796
vt 0.853894 0.328679
vt 0.888800 0.046167
vt 0.874675 0.054063
vt 0.851820 0.023997
vt 0.829837 0.338556
vt 0.816169 0.303445
vt 0.556878 0.876613
vt 0.221217 0.801648
vt 0.542753 0.885081
vt 0.205519 0.780042
vt 0.217823 0.787594
vt 0.720887 0.876568
vt 0.180120 0.788295
vt 0.191116 0.778917
vt 0.858534 0.054514
vt 0.205519 0.823253
vt 0.217823 0.815675
vt 0.180120 0.815001
vt 0.191116 0.824352
vt 0.782083 0.368305
vt 0.779314 0.463267
vt 0.770700 0.462884
vt 0.771949 0.367854
vt 0.760818 0.462884
vt 0.760323 0.367854
vt 0.753444 0.463267
vt 0.751648 0.368305
vt 0.402359 0.721634
vt 0.401929 0.816226
vt 0.392166 0.816464
vt 0.390873 0.721915
vt 0.383178 0.816226
vt 0.380299 0.721634
vt 0.791463 0.643306
vt 0.790019 0.738052
vt 0.781405 0.738434
vt 0.781328 0.643755
vt 0.771523 0.738434
vt 0.769704 0.643755
vt 0.764150 0.738052
vt 0.761029 0.643306
vt 0.326733 0.868091
vt 0.320902 0.876130
vt 0.311466 0.879237
vt 0.302031 0.876225
vt 0.296200 0.868245
vt 0.296200 0.858345
vt 0.302031 0.850306
vt 0.311466 0.847199
vt 0.320902 0.850211
vt 0.326733 0.858190
vt 0.793691 0.189917
vt 0.791380 0.284861
vt 0.781618 0.284619
vt 0.782206 0.189633
vt 0.772629 0.284861
vt 0.771631 0.189917
vt 0.709334 0.163138
vt 0.702473 0.153680
vt 0.702473 0.142033
vt 0.709334 0.132645
vt 0.720434 0.129102
vt 0.731535 0.132757
vt 0.738395 0.142215
vt 0.738395 0.153862
vt 0.731535 0.163250
vt 0.720434 0.166793
vt 0.824749 0.505542
vt 0.823864 0.586890
vt 0.817261 0.587225
vt 0.815696 0.506002
vt 0.127246 0.737108
vt 0.123924 0.818754
vt 0.117569 0.818691
vt 0.118533 0.737022
vt 0.110378 0.818691
vt 0.108675 0.737022
vt 0.105098 0.818754
vt 0.101437 0.737108
vt 0.262442 0.778917
vt 0.261654 0.859091
vt 0.254556 0.859426
vt 0.252711 0.779376
vt 0.247953 0.859091
vt 0.243658 0.778917
vt 0.545707 0.737713
vt 0.542681 0.819286
vt 0.536326 0.819345
vt 0.536995 0.737794
vt 0.529135 0.819345
vt 0.527137 0.737794
vt 0.935249 0.118427
vt 0.942112 0.120728
vt 0.946354 0.126599
vt 0.946354 0.133797
vt 0.942112 0.139573
vt 0.935249 0.141720
vt 0.928386 0.139419
vt 0.924145 0.133548
vt 0.924145 0.126350
vt 0.928386 0.120574
vt 0.523855 0.819286
vt 0.519898 0.737713
vt 0.834481 0.506002
vt 0.830963 0.587225
vt 0.869413 0.764030
vt 0.878822 0.760875
vt 0.888231 0.763819
vt 0.894046 0.771737
vt 0.894046 0.781605
vt 0.888231 0.789654
vt 0.878822 0.792809
vt 0.869413 0.789865
vt 0.863598 0.781947
vt 0.863598 0.772079
vt 0.961697 0.381505
vt 0.953351 0.381504
vt 0.953351 0.374161
vt 0.961697 0.374161
vt 0.953345 0.367854
vt 0.961691 0.367854
vt 0.272585 0.669943
vt 0.264239 0.669943
vt 0.264219 0.663585
vt 0.272565 0.663585
vt 0.264219 0.656241
vt 0.272565 0.656241
vt 0.264239 0.649878
vt 0.272585 0.649878
vt 0.727171 0.908176
vt 0.735517 0.908176
vt 0.735524 0.914588
vt 0.727178 0.914588
vt 0.735524 0.921931
vt 0.727178 0.921932
vt 0.735517 0.928239
vt 0.727171 0.928239
vt 0.651246 0.905052
vt 0.659592 0.905051
vt 0.659575 0.911408
vt 0.651229 0.911408
vt 0.659575 0.918752
vt 0.651229 0.918752
vt 0.454023 0.165097
vt 0.446679 0.165097
vt 0.440319 0.161425
vt 0.436647 0.155065
vt 0.436647 0.147720
vt 0.440319 0.141360
vt 0.446679 0.137688
vt 0.454023 0.137688
vt 0.460383 0.141360
vt 0.464055 0.147720
vt 0.464055 0.155065
vt 0.460383 0.161425
vt 0.659592 0.925116
vt 0.651246 0.925116
vt 0.961691 0.387917
vt 0.953345 0.387916
vt 0.197496 0.928889
vt 0.190152 0.928889
vt 0.183792 0.925217
vt 0.180120 0.918857
vt 0.180120 0.911513
vt 0.183792 0.905152
vt 0.190152 0.901480
vt 0.197496 0.901480
vt 0.203856 0.905152
vt 0.207528 0.911513
vt 0.207528 0.918857
vt 0.203856 0.925217
vt 0.781188 0.323005
vt 0.787449 0.328700
vt 0.778776 0.332223
vt 0.922160 0.656886
vt 0.926598 0.662449
vt 0.918508 0.666124
vt 0.773416 0.323001
vt 0.778776 0.313779
vt 0.787449 0.317301
vt 0.913508 0.657505
vt 0.481317 0.859257
vt 0.480035 0.851731
vt 0.488578 0.854626
vt 0.906346 0.520653
vt 0.901322 0.514159
vt 0.909929 0.512132
vt 0.914849 0.535972
vt 0.909929 0.529753
vt 0.920246 0.530773
vt 0.964833 0.706571
vt 0.966111 0.714443
vt 0.957581 0.709793
vt 0.918508 0.648503
vt 0.488578 0.863898
vt 0.915248 0.521769
vt 0.964833 0.722345
vt 0.957570 0.726610
vt 0.957581 0.719064
vt 0.913115 0.673285
vt 0.904588 0.673739
vt 0.908191 0.667144
vt 0.913485 0.466724
vt 0.907417 0.460254
vt 0.915207 0.460247
vt 0.928240 0.460731
vt 0.921450 0.465954
vt 0.923880 0.456724
vt 0.923899 0.522389
vt 0.920246 0.513151
vt 0.928333 0.516829
vt 0.913485 0.435345
vt 0.921450 0.436111
vt 0.915207 0.441803
vt 0.904607 0.658621
vt 0.899588 0.665119
vt 0.899588 0.654229
vt 0.909847 0.451025
vt 0.917619 0.451021
vt 0.907417 0.441810
vt 0.923880 0.445325
vt 0.928240 0.441338
vt 0.930122 0.451033
vt 0.914850 0.505993
vt 0.923014 0.507192
vt 0.908191 0.649523
vt 0.950321 0.714434
vt 0.949040 0.706958
vt 0.949040 0.721960
vt 0.928333 0.527720
vt 0.497107 0.859248
vt 0.495829 0.867119
vt 0.495829 0.851345
vt 0.913114 0.643306
vt 0.906320 0.505542
vt 0.480035 0.866733
vt 0.488565 0.847081
vt 0.926598 0.651559
vt 0.785019 0.308072
vt 0.791809 0.313295
vt 0.777054 0.307302
vt 0.770986 0.313771
vt 0.901322 0.525050
vt 0.770986 0.332216
vt 0.777054 0.338681
vt 0.921282 0.672088
vt 0.793691 0.322993
vt 0.785019 0.337915
vt 0.791809 0.332688
vt 0.859307 0.731772
vt 0.860862 0.736585
vt 0.855187 0.734741
vt 0.864370 0.731757
vt 0.855187 0.728774
vt 0.860862 0.726930
vt 0.789123 0.964453
vt 0.789102 0.958690
vt 0.794193 0.961309
vt 0.519905 0.960060
vt 0.519898 0.955010
vt 0.524979 0.957018
vt 0.519898 0.964643
vt 0.524979 0.962972
vt 0.969404 0.324141
vt 0.969404 0.329714
vt 0.964333 0.326572
vt 0.923815 0.957983
vt 0.923815 0.963937
vt 0.918740 0.960895
vt 0.794193 0.966882
vt 0.964316 0.332334
vt 0.918734 0.965945
vt 0.918734 0.956311
vt 0.922163 0.820596
vt 0.916488 0.818752
vt 0.920607 0.815753
vt 0.925670 0.815769
vt 0.922163 0.810941
vt 0.916488 0.812785
vt 0.826735 0.141239
vt 0.822395 0.154567
vt 0.812693 0.141214
vt 0.375908 0.873508
vt 0.364597 0.874789
vt 0.368014 0.861236
vt 0.822395 0.127861
vt 0.838092 0.132961
vt 0.838092 0.149466
vt 0.383830 0.862027
vt 0.773854 0.880117
vt 0.761029 0.874885
vt 0.773019 0.865687
vt 0.874930 0.401618
vt 0.872052 0.412903
vt 0.860593 0.404278
vt 0.885757 0.377731
vt 0.882768 0.389446
vt 0.873579 0.375739
vt 0.884851 0.457699
vt 0.874111 0.466589
vt 0.874110 0.450224
vt 0.390188 0.876069
vt 0.787144 0.874156
vt 0.867215 0.389780
vt 0.860820 0.472105
vt 0.847995 0.465861
vt 0.859985 0.458692
vt 0.884976 0.443692
vt 0.048924 0.843558
vt 0.036620 0.851110
vt 0.040964 0.837701
vt 0.797885 0.866683
vt 0.787145 0.857791
vt 0.798008 0.854213
vt 0.859297 0.378300
vt 0.851404 0.390572
vt 0.847995 0.377021
vt 0.860820 0.444263
vt 0.847995 0.449496
vt 0.854710 0.435345
vt 0.022217 0.852235
vt 0.011221 0.842857
vt 0.025266 0.842801
vt 0.015564 0.829448
vt 0.029607 0.829423
vt 0.870850 0.435795
vt 0.025266 0.816095
vt 0.011221 0.816151
vt 0.022217 0.806800
vt 0.040963 0.821196
vt 0.036620 0.807898
vt 0.048924 0.815477
vt 0.052318 0.829504
vt 0.773854 0.852276
vt 0.783884 0.845745
vt 0.399377 0.862362
vt 0.391541 0.850190
vt 0.402359 0.848073
vt 0.377203 0.847530
vt 0.388654 0.838906
vt 0.861700 0.367854
vt 0.848030 0.402965
vt 0.402359 0.874079
vt 0.798008 0.880692
vt 0.783883 0.888588
vt 0.761029 0.858521
vt 0.378301 0.883956
vt 0.364634 0.848845
vt 0.884976 0.470171
vt 0.849446 0.141158
vt 0.870851 0.478639
vt 0.833749 0.119553
vt 0.846052 0.127105
vt 0.885757 0.403736
vt 0.808349 0.127805
vt 0.819346 0.118427
vt 0.767743 0.889038
vt 0.833749 0.162764
vt 0.846052 0.155185
vt 0.808349 0.154511
vt 0.819346 0.163862
vt 0.722960 0.011221
vt 0.721562 0.106119
vt 0.711661 0.106119
vt 0.711312 0.011221
vt 0.704148 0.106661
vt 0.702473 0.011858
vt 0.793255 0.505542
vt 0.791911 0.600526
vt 0.782261 0.600594
vt 0.781903 0.505621
vt 0.773058 0.600526
vt 0.771076 0.505542
vt 0.785908 0.011221
vt 0.784507 0.105724
vt 0.776000 0.106260
vt 0.775900 0.011851
vt 0.766099 0.106260
vt 0.764251 0.011851
vt 0.758585 0.105724
vt 0.755411 0.011221
vt 0.402479 0.604108
vt 0.400828 0.699193
vt 0.391179 0.699125
vt 0.391126 0.604027
vt 0.427128 0.868161
vt 0.427128 0.858228
vt 0.432947 0.850176
vt 0.442361 0.847081
vt 0.451776 0.850125
vt 0.457594 0.858145
vt 0.457594 0.868079
vt 0.451776 0.876130
vt 0.442361 0.879225
vt 0.432947 0.876181
vt 0.381975 0.699193
vt 0.380299 0.604108
vt 0.732970 0.011858
vt 0.730070 0.106661
vt 0.696408 0.476984
vt 0.707527 0.480580
vt 0.714399 0.489996
vt 0.714399 0.501636
vt 0.707527 0.511055
vt 0.696408 0.514654
vt 0.685289 0.511058
vt 0.678417 0.501642
vt 0.678417 0.490001
vt 0.685289 0.480583
vt 0.690728 0.736252
vt 0.691546 0.817651
vt 0.686001 0.818244
vt 0.683126 0.737065
vt 0.832746 0.643473
vt 0.830122 0.725161
vt 0.823071 0.725039
vt 0.823079 0.643306
vt 0.816379 0.725161
vt 0.813905 0.643473
vt 0.631132 0.737714
vt 0.628621 0.818185
vt 0.622468 0.818777
vt 0.622696 0.738525
vt 0.615238 0.818777
vt 0.612784 0.738525
vt 0.609693 0.818185
vt 0.605183 0.737714
vt 0.834974 0.189633
vt 0.833058 0.270945
vt 0.826006 0.271065
vt 0.825307 0.189797
vt 0.819315 0.270945
vt 0.816133 0.189633
vt 0.937658 0.295784
vt 0.941874 0.301668
vt 0.941874 0.308911
vt 0.937658 0.314746
vt 0.930836 0.316944
vt 0.924013 0.314666
vt 0.919797 0.308782
vt 0.919797 0.301539
vt 0.924013 0.295704
vt 0.930836 0.293506
vt 0.709075 0.737065
vt 0.704929 0.818244
vt 0.698776 0.817651
vt 0.700640 0.736252
vt 0.857415 0.210542
vt 0.857415 0.200618
vt 0.863199 0.192631
vt 0.872557 0.189633
vt 0.881915 0.192768
vt 0.887699 0.200840
vt 0.887699 0.210764
vt 0.881915 0.218751
vt 0.872557 0.221749
vt 0.863199 0.218613
vt 0.960916 0.448996
vt 0.952570 0.448995
vt 0.952570 0.441652
vt 0.960916 0.441652
vt 0.952564 0.435345
vt 0.960910 0.435345
vt 0.402772 0.574678
vt 0.394426 0.574678
vt 0.394406 0.568321
vt 0.402752 0.568321
vt 0.394406 0.560976
vt 0.402752 0.560976
vt 0.394426 0.554613
vt 0.402772 0.554613
vt 0.950774 0.543280
vt 0.959120 0.543280
vt 0.959127 0.549692
vt 0.950782 0.549692
vt 0.959127 0.557035
vt 0.950782 0.557036
vt 0.959120 0.563343
vt 0.950774 0.563343
vt 0.147407 0.905027
vt 0.155752 0.905027
vt 0.155736 0.911383
vt 0.147390 0.911383
vt 0.155736 0.918727
vt 0.147390 0.918727
vt 0.837826 0.927841
vt 0.830482 0.927841
vt 0.824122 0.924169
vt 0.820450 0.917808
vt 0.820450 0.910464
vt 0.824122 0.904104
vt 0.830482 0.900432
vt 0.837826 0.900432
vt 0.844186 0.904104
vt 0.847858 0.910464
vt 0.847858 0.917808
vt 0.844186 0.924169
vt 0.155752 0.925091
vt 0.147407 0.925091
vt 0.960910 0.455408
vt 0.952564 0.455407
vt 0.444504 0.929075
vt 0.437160 0.929075
vt 0.430800 0.925403
vt 0.427128 0.919043
vt 0.427128 0.911699
vt 0.430800 0.905339
vt 0.437160 0.901667
vt 0.444504 0.901667
vt 0.450864 0.905339
vt 0.454536 0.911699
vt 0.454536 0.919043
vt 0.450864 0.925403
vt 0.771039 0.144805
vt 0.777299 0.150501
vt 0.768627 0.154023
vt 0.266231 0.895447
vt 0.270669 0.901010
vt 0.262578 0.904685
vt 0.763267 0.144801
vt 0.768627 0.135579
vt 0.777299 0.139102
vt 0.257578 0.896065
vt 0.053439 0.950209
vt 0.052157 0.942683
vt 0.060699 0.945578
vt 0.904611 0.711292
vt 0.899588 0.704797
vt 0.908194 0.702770
vt 0.913115 0.726610
vt 0.908194 0.720391
vt 0.918511 0.721411
vt 0.964833 0.643306
vt 0.966111 0.651178
vt 0.957581 0.646528
vt 0.262578 0.887063
vt 0.060699 0.954850
vt 0.913513 0.712407
vt 0.964833 0.659080
vt 0.957570 0.663345
vt 0.957581 0.655800
vt 0.257185 0.911846
vt 0.248658 0.912299
vt 0.252261 0.905705
vt 0.914266 0.399233
vt 0.908198 0.392763
vt 0.915989 0.392756
vt 0.929021 0.393240
vt 0.922231 0.398463
vt 0.924661 0.389233
vt 0.922164 0.713027
vt 0.918512 0.703789
vt 0.926599 0.707467
vt 0.914266 0.367854
vt 0.922231 0.368620
vt 0.915989 0.374312
vt 0.248678 0.897182
vt 0.243658 0.903680
vt 0.243658 0.892789
vt 0.910628 0.383534
vt 0.918401 0.383530
vt 0.908198 0.374319
vt 0.924661 0.377834
vt 0.929021 0.373847
vt 0.930904 0.383542
vt 0.913115 0.696631
vt 0.921280 0.697830
vt 0.252261 0.888083
vt 0.950321 0.651169
vt 0.949040 0.643693
vt 0.949040 0.658695
vt 0.926599 0.718358
vt 0.069229 0.950200
vt 0.067950 0.958071
vt 0.067950 0.942297
vt 0.257185 0.881867
vt 0.904586 0.696180
vt 0.052157 0.957685
vt 0.060687 0.938033
vt 0.270669 0.890119
vt 0.774869 0.129872
vt 0.781660 0.135095
vt 0.766905 0.129102
vt 0.760836 0.135571
vt 0.899588 0.715688
vt 0.760836 0.154016
vt 0.766905 0.160481
vt 0.265352 0.910649
vt 0.783542 0.144793
vt 0.774869 0.159715
vt 0.781660 0.154488
vt 0.820754 0.614502
vt 0.815696 0.614494
vt 0.819204 0.609667
vt 0.819204 0.619322
vt 0.824879 0.611511
vt 0.824879 0.617478
vt 0.955307 0.093345
vt 0.955286 0.087582
vt 0.960377 0.090201
vt 0.875143 0.961362
vt 0.875136 0.956311
vt 0.880217 0.958319
vt 0.875136 0.965945
vt 0.880217 0.964273
vt 0.969404 0.293506
vt 0.969404 0.299079
vt 0.964333 0.295937
vt 0.951336 0.957983
vt 0.951336 0.963937
vt 0.946262 0.960895
vt 0.960377 0.095774
vt 0.964316 0.301699
vt 0.946256 0.965945
vt 0.946256 0.956311
vt 0.153065 0.957187
vt 0.147390 0.955343
vt 0.151510 0.952345
vt 0.156572 0.952360
vt 0.153065 0.947533
vt 0.147390 0.949376
vt 0.916722 0.614210
vt 0.916722 0.589173
vt 0.925362 0.589172
vt 0.925362 0.614210
vt 0.932782 0.589165
vt 0.932782 0.614203
vt 0.605183 0.930112
vt 0.605183 0.905075
vt 0.612662 0.905051
vt 0.612662 0.930089
vt 0.621302 0.905051
vt 0.621302 0.930089
vt 0.628788 0.905075
vt 0.628788 0.930112
vt 0.519898 0.932568
vt 0.519898 0.907530
vt 0.527441 0.907522
vt 0.527441 0.932560
vt 0.536080 0.907522
vt 0.536080 0.932560
vt 0.543501 0.907531
vt 0.543501 0.932568
vt 0.364597 0.931434
vt 0.364597 0.906397
vt 0.372075 0.906417
vt 0.372075 0.931454
vt 0.380716 0.906417
vt 0.380716 0.931454
vt 0.840892 0.877991
vt 0.832252 0.877991
vt 0.824770 0.873671
vt 0.820450 0.866188
vt 0.820450 0.857548
vt 0.824770 0.850065
vt 0.832252 0.845745
vt 0.840892 0.845745
vt 0.848375 0.850065
vt 0.852695 0.857548
vt 0.852695 0.866188
vt 0.848375 0.873671
vt 0.388203 0.906397
vt 0.388203 0.931435
vt 0.909179 0.614203
vt 0.909179 0.589166
vt 0.200562 0.879039
vt 0.191922 0.879039
vt 0.184440 0.874719
vt 0.180120 0.867236
vt 0.180120 0.858596
vt 0.184440 0.851113
vt 0.191922 0.846793
vt 0.200562 0.846793
vt 0.208045 0.851113
vt 0.212365 0.858596
vt 0.212365 0.867236
vt 0.208045 0.874719
vt 0.717914 0.302633
vt 0.716188 0.307361
vt 0.712978 0.302331
vt 0.343625 0.661908
vt 0.343709 0.667108
vt 0.339238 0.664215
vt 0.716590 0.297715
vt 0.722032 0.299891
vt 0.721784 0.305853
vt 0.340664 0.657945
vt 0.637753 0.603333
vt 0.632816 0.604646
vt 0.635036 0.598816
vt 0.196972 0.654987
vt 0.192503 0.655643
vt 0.194627 0.650056
vt 0.531043 0.603063
vt 0.527496 0.604645
vt 0.527536 0.598751
vt 0.575701 0.601601
vt 0.571434 0.603216
vt 0.574290 0.597226
vt 0.346016 0.656964
vt 0.640990 0.599011
vt 0.200128 0.651084
vt 0.532613 0.598591
vt 0.578847 0.597071
vt 0.616327 0.558407
vt 0.612781 0.556825
vt 0.617833 0.553343
vt 0.660986 0.559870
vt 0.656718 0.558254
vt 0.659509 0.554708
vt 0.227545 0.615687
vt 0.223158 0.613380
vt 0.227630 0.610490
vt 0.552468 0.558135
vt 0.547531 0.556823
vt 0.552113 0.553025
vt 0.313052 0.622608
vt 0.308583 0.621953
vt 0.312772 0.617472
vt 0.205684 0.730823
vt 0.202072 0.726207
vt 0.207009 0.725905
vt 0.204219 0.736268
vt 0.200342 0.731464
vt 0.202680 0.741993
vt 0.198546 0.737224
vt 0.201168 0.747624
vt 0.196815 0.743153
vt 0.199792 0.752753
vt 0.195299 0.748803
vt 0.312697 0.612133
vt 0.307895 0.611080
vt 0.312905 0.606945
vt 0.308080 0.616566
vt 0.196611 0.726545
vt 0.194516 0.732074
vt 0.190876 0.726908
vt 0.192495 0.738025
vt 0.188551 0.732592
vt 0.185243 0.727271
vt 0.190743 0.743985
vt 0.186501 0.738563
vt 0.182903 0.732960
vt 0.180120 0.727610
vt 0.194110 0.753754
vt 0.189423 0.749473
vt 0.184944 0.744364
vt 0.181051 0.738773
vt 0.562378 0.544122
vt 0.556846 0.545646
vt 0.556444 0.540607
vt 0.551190 0.542670
vt 0.551684 0.547749
vt 0.303222 0.616080
vt 0.303045 0.610645
vt 0.298561 0.616186
vt 0.184003 0.749541
vt 0.573214 0.548396
vt 0.568002 0.548573
vt 0.567892 0.543454
vt 0.562482 0.549531
vt 0.557078 0.551097
vt 0.303875 0.621571
vt 0.299218 0.621590
vt 0.577626 0.553712
vt 0.572927 0.553567
vt 0.567699 0.554049
vt 0.562324 0.555083
vt 0.557165 0.556507
vt 0.205282 0.721177
vt 0.199914 0.721194
vt 0.194068 0.721313
vt 0.188092 0.721557
vt 0.182443 0.721926
vt 0.546099 0.545998
vt 0.546820 0.551433
vt 0.203372 0.715952
vt 0.197649 0.715702
vt 0.201366 0.710472
vt 0.191564 0.715667
vt 0.195436 0.710050
vt 0.199396 0.705097
vt 0.185557 0.715904
vt 0.189327 0.709997
vt 0.193460 0.704666
vt 0.197603 0.700217
vt 0.545424 0.540968
vt 0.540049 0.544853
vt 0.180120 0.716415
vt 0.183528 0.710375
vt 0.187560 0.704757
vt 0.191868 0.699948
vt 0.231950 0.603925
vt 0.227438 0.605068
vt 0.226888 0.599774
vt 0.540987 0.550235
vt 0.534942 0.549656
vt 0.533947 0.544565
vt 0.529134 0.549839
vt 0.182164 0.705404
vt 0.186360 0.700308
vt 0.236432 0.603375
vt 0.236623 0.608925
vt 0.232082 0.609510
vt 0.542035 0.555748
vt 0.536218 0.555080
vt 0.530454 0.554958
vt 0.525158 0.555429
vt 0.523996 0.550772
vt 0.240576 0.614420
vt 0.236260 0.614507
vt 0.231818 0.614972
vt 0.210878 0.722685
vt 0.209291 0.717444
vt 0.207473 0.711773
vt 0.205509 0.706022
vt 0.203534 0.700637
vt 0.222289 0.602150
vt 0.222862 0.607815
vt 0.215158 0.719128
vt 0.213716 0.713456
vt 0.219653 0.715399
vt 0.211975 0.707505
vt 0.218312 0.709472
vt 0.224067 0.711745
vt 0.210013 0.701724
vt 0.216586 0.703495
vt 0.222738 0.705812
vt 0.228081 0.708429
vt 0.201692 0.696020
vt 0.216360 0.599686
vt 0.221403 0.596836
vt 0.207972 0.696594
vt 0.214557 0.697966
vt 0.220942 0.700089
vt 0.226664 0.702748
vt 0.231454 0.705652
vt 0.217301 0.605374
vt 0.211174 0.603448
vt 0.209974 0.598004
vt 0.204881 0.602271
vt 0.203609 0.597302
vt 0.198890 0.601932
vt 0.197741 0.597560
vt 0.193575 0.602340
vt 0.229886 0.700412
vt 0.662565 0.553053
vt 0.657445 0.549362
vt 0.218021 0.611155
vt 0.212278 0.609218
vt 0.206232 0.607780
vt 0.200293 0.606978
vt 0.194849 0.606823
vt 0.190151 0.607209
vt 0.664091 0.558506
vt 0.211127 0.728646
vt 0.215513 0.725397
vt 0.220236 0.721788
vt 0.224998 0.718016
vt 0.229423 0.714356
vt 0.233184 0.711081
vt 0.654715 0.552784
vt 0.215682 0.731684
vt 0.220513 0.728439
vt 0.220465 0.734880
vt 0.225522 0.724817
vt 0.225566 0.731655
vt 0.225163 0.738028
vt 0.230315 0.721041
vt 0.230607 0.728043
vt 0.230276 0.734815
vt 0.229434 0.740898
vt 0.234489 0.717402
vt 0.235151 0.724285
vt 0.638980 0.545000
vt 0.632036 0.545255
vt 0.635266 0.540607
vt 0.235065 0.731220
vt 0.625529 0.546382
vt 0.628465 0.541442
vt 0.234292 0.737684
vt 0.619826 0.548129
vt 0.622323 0.543129
vt 0.652097 0.547252
vt 0.648983 0.551208
vt 0.645836 0.545707
vt 0.642511 0.550223
vt 0.635700 0.550000
vt 0.629057 0.550555
vt 0.623018 0.551746
vt 0.651566 0.556829
vt 0.645628 0.555779
vt 0.639184 0.555262
vt 0.632657 0.555354
vt 0.626487 0.556008
vt 0.620995 0.557084
vt 0.209983 0.734062
vt 0.214719 0.737518
vt 0.219624 0.740964
vt 0.224334 0.744124
vt 0.233024 0.743319
vt 0.228498 0.746763
vt 0.614272 0.551471
vt 0.208647 0.739946
vt 0.213482 0.743680
vt 0.207173 0.745944
vt 0.218405 0.747160
vt 0.212013 0.749716
vt 0.205657 0.751594
vt 0.223025 0.750083
vt 0.216849 0.752960
vt 0.210411 0.755128
vt 0.323677 0.606782
vt 0.317826 0.609221
vt 0.318327 0.604027
vt 0.204211 0.756475
vt 0.616365 0.546094
vt 0.610729 0.549979
vt 0.227019 0.752272
vt 0.340995 0.609076
vt 0.335231 0.609344
vt 0.336082 0.604507
vt 0.329920 0.605145
vt 0.329109 0.610467
vt 0.323083 0.612361
vt 0.317557 0.614791
vt 0.609186 0.555464
vt 0.346049 0.609565
vt 0.345166 0.613927
vt 0.339965 0.614006
vt 0.334222 0.614747
vt 0.328306 0.616144
vt 0.322622 0.618062
vt 0.317485 0.620287
vt 0.310707 0.627538
vt 0.308348 0.633333
vt 0.305882 0.627283
vt 0.306159 0.639839
vt 0.303289 0.633539
vt 0.304342 0.646715
vt 0.301059 0.640478
vt 0.303053 0.653498
vt 0.299429 0.647650
vt 0.302344 0.659742
vt 0.298518 0.654522
vt 0.577393 0.591990
vt 0.581895 0.591698
vt 0.300919 0.627309
vt 0.298259 0.633976
vt 0.296200 0.627701
vt 0.577324 0.559186
vt 0.296200 0.641222
vt 0.579969 0.572416
vt 0.576331 0.565610
vt 0.581267 0.565625
vt 0.572112 0.559363
vt 0.580312 0.585912
vt 0.577885 0.579416
vt 0.582741 0.579250
vt 0.574618 0.572598
vt 0.570706 0.565984
vt 0.566490 0.560053
vt 0.575228 0.586085
vt 0.572316 0.579604
vt 0.568773 0.572975
vt 0.564862 0.566691
vt 0.560903 0.561139
vt 0.572298 0.592024
vt 0.569678 0.586116
vt 0.566493 0.579799
vt 0.562930 0.573492
vt 0.559251 0.567614
vt 0.555706 0.562457
vt 0.549752 0.562652
vt 0.546711 0.568025
vt 0.544306 0.561683
vt 0.543474 0.574129
vt 0.540830 0.567478
vt 0.540244 0.580658
vt 0.537321 0.574005
vt 0.537251 0.587178
vt 0.534053 0.580857
vt 0.534679 0.593256
vt 0.531270 0.587524
vt 0.529100 0.593571
vt 0.538353 0.560974
vt 0.534576 0.567167
vt 0.532241 0.560668
vt 0.531009 0.574026
vt 0.528401 0.567179
vt 0.526433 0.560852
vt 0.527955 0.581051
vt 0.525046 0.574215
vt 0.522809 0.567539
vt 0.521362 0.561512
vt 0.239196 0.620239
vt 0.525607 0.587703
vt 0.522438 0.581224
vt 0.519898 0.574556
vt 0.239224 0.633461
vt 0.237096 0.626554
vt 0.241778 0.626882
vt 0.234538 0.620308
vt 0.523986 0.593594
vt 0.520661 0.587703
vt 0.237205 0.646473
vt 0.236112 0.639751
vt 0.240684 0.640579
vt 0.234425 0.632916
vt 0.232296 0.626428
vt 0.229936 0.620632
vt 0.224584 0.619648
vt 0.221023 0.624356
vt 0.219619 0.617566
vt 0.216935 0.629701
vt 0.215494 0.622583
vt 0.212516 0.635414
vt 0.210950 0.628264
vt 0.208056 0.641115
vt 0.206288 0.634257
vt 0.203854 0.646426
vt 0.201852 0.640118
vt 0.197920 0.645459
vt 0.213904 0.615590
vt 0.209301 0.620913
vt 0.207690 0.613924
vt 0.204493 0.626878
vt 0.202819 0.619516
vt 0.201397 0.612747
vt 0.199853 0.633057
vt 0.198032 0.625670
vt 0.196550 0.618529
vt 0.195492 0.612148
vt 0.195715 0.638971
vt 0.193702 0.631904
vt 0.192071 0.624734
vt 0.190945 0.617993
vt 0.190332 0.612090
vt 0.192268 0.644260
vt 0.190079 0.637754
vt 0.188262 0.630880
vt 0.186973 0.624099
vt 0.186264 0.617858
vt 0.186075 0.612449
vt 0.664131 0.564399
vt 0.659575 0.564243
vt 0.657582 0.569444
vt 0.654784 0.562937
vt 0.654962 0.575352
vt 0.652242 0.568528
vt 0.651778 0.581669
vt 0.649121 0.574834
vt 0.648215 0.587975
vt 0.645577 0.581463
vt 0.644535 0.593853
vt 0.641876 0.587921
vt 0.638294 0.593785
vt 0.649056 0.561846
vt 0.645987 0.567809
vt 0.642585 0.561131
vt 0.642488 0.574434
vt 0.639133 0.567399
vt 0.635775 0.560908
vt 0.638807 0.581240
vt 0.635495 0.574205
vt 0.632186 0.567357
vt 0.629129 0.561193
vt 0.635234 0.587704
vt 0.631956 0.581017
vt 0.628688 0.574165
vt 0.625674 0.567658
vt 0.623087 0.561899
vt 0.631995 0.593442
vt 0.628758 0.587338
vt 0.625528 0.580809
vt 0.622535 0.574290
vt 0.619963 0.568212
vt 0.617898 0.562878
vt 0.612821 0.562718
vt 0.609271 0.567876
vt 0.608936 0.561454
vt 0.605945 0.573768
vt 0.605183 0.567013
vt 0.352192 0.637847
vt 0.348488 0.631668
vt 0.353285 0.631128
vt 0.350505 0.644681
vt 0.347028 0.638785
vt 0.348376 0.651168
vt 0.345106 0.645823
vt 0.342916 0.652306
vt 0.349376 0.625002
vt 0.344829 0.619157
vt 0.349709 0.619187
vt 0.344048 0.625451
vt 0.339163 0.619681
vt 0.342780 0.632525
vt 0.337993 0.626371
vt 0.333041 0.620804
vt 0.341090 0.639871
vt 0.336494 0.633678
vt 0.331643 0.627726
vt 0.326917 0.622442
vt 0.339135 0.646918
vt 0.334784 0.641031
vt 0.330121 0.635037
vt 0.325494 0.629382
vt 0.321217 0.624412
vt 0.337104 0.653235
vt 0.333016 0.647889
vt 0.328596 0.642175
vt 0.324136 0.636474
vt 0.319935 0.631164
vt 0.316209 0.626508
vt 0.553010 0.567682
vt 0.556592 0.573546
vt 0.560293 0.580004
vt 0.563836 0.586633
vt 0.566958 0.592940
vt 0.569499 0.598532
vt 0.549950 0.573763
vt 0.553523 0.580227
vt 0.546671 0.580450
vt 0.557204 0.587033
vt 0.550211 0.587262
vt 0.543404 0.587302
vt 0.560702 0.593659
vt 0.553849 0.594068
vt 0.546902 0.594110
vt 0.540390 0.593810
vt 0.563771 0.599622
vt 0.557301 0.600337
vt 0.550490 0.600560
vt 0.543845 0.600275
vt 0.537803 0.599570
vt 0.566282 0.604640
vt 0.560344 0.605690
vt 0.553900 0.606207
vt 0.547373 0.606115
vt 0.541203 0.605461
vt 0.535711 0.604386
vt 0.226835 0.625287
vt 0.229025 0.631770
vt 0.230948 0.638810
vt 0.232408 0.645929
vt 0.237671 0.652642
vt 0.233296 0.652598
vt 0.523651 0.600017
vt 0.223055 0.630673
vt 0.225010 0.637721
vt 0.218703 0.636559
vt 0.226700 0.645068
vt 0.220414 0.643913
vt 0.214041 0.642553
vt 0.227967 0.652145
vt 0.221913 0.651222
vt 0.215562 0.649865
vt 0.209413 0.648208
vt 0.519898 0.594458
vt 0.233629 0.658417
vt 0.228749 0.658443
vt 0.223083 0.657916
vt 0.216960 0.656790
vt 0.210837 0.655151
vt 0.205136 0.653180
vt 0.523901 0.606008
vt 0.229086 0.663677
vt 0.223885 0.663595
vt 0.218142 0.662851
vt 0.212226 0.661452
vt 0.206542 0.659533
vt 0.201404 0.657308
vt 0.667180 0.569773
vt 0.662677 0.569480
vt 0.182438 0.623079
vt 0.183349 0.629949
vt 0.184979 0.637119
vt 0.187208 0.644057
vt 0.189801 0.650313
vt 0.665596 0.575558
vt 0.660513 0.575384
vt 0.668026 0.582221
vt 0.663170 0.582053
vt 0.657601 0.581864
vt 0.180120 0.636380
vt 0.665254 0.589054
vt 0.659902 0.588871
vt 0.654058 0.588493
vt 0.182179 0.643624
vt 0.666552 0.595846
vt 0.661616 0.595860
vt 0.655990 0.595484
vt 0.650146 0.594777
vt 0.184839 0.650290
vt 0.180120 0.649903
vt 0.662609 0.602285
vt 0.657396 0.602107
vt 0.651774 0.601416
vt 0.646187 0.600329
vt 0.187795 0.656028
vt 0.183138 0.656013
vt 0.662911 0.607760
vt 0.658212 0.607903
vt 0.652984 0.607421
vt 0.647609 0.606386
vt 0.642449 0.604961
vt 0.614384 0.567898
vt 0.616555 0.573944
vt 0.619337 0.580611
vt 0.622605 0.587463
vt 0.626115 0.593990
vt 0.629591 0.599785
vt 0.610891 0.573766
vt 0.613240 0.580418
vt 0.607722 0.580246
vt 0.356763 0.637023
vt 0.616293 0.587442
vt 0.610330 0.587255
vt 0.605183 0.586915
vt 0.355304 0.644140
vt 0.619861 0.594301
vt 0.613685 0.594290
vt 0.608094 0.593931
vt 0.357858 0.650721
vt 0.353176 0.651046
vt 0.623638 0.600494
vt 0.617525 0.600801
vt 0.611718 0.600618
vt 0.606647 0.599960
vt 0.355276 0.657363
vt 0.350618 0.657290
vt 0.627319 0.605721
vt 0.621503 0.606390
vt 0.615739 0.606512
vt 0.610443 0.606042
vt 0.356656 0.663186
vt 0.352340 0.663094
vt 0.347898 0.662627
vt 0.314001 0.632133
vt 0.317933 0.637471
vt 0.322368 0.643332
vt 0.327031 0.649325
vt 0.331574 0.655007
vt 0.335699 0.660026
vt 0.311796 0.638620
vt 0.315934 0.644533
vt 0.309782 0.645688
vt 0.320574 0.650711
vt 0.314112 0.651921
vt 0.308151 0.652860
vt 0.325381 0.656678
vt 0.318899 0.658075
vt 0.312630 0.659065
vt 0.307025 0.659603
vt 0.329984 0.662002
vt 0.323770 0.663669
vt 0.317477 0.664847
vt 0.311572 0.665449
vt 0.306412 0.665510
vt 0.302155 0.665155
vt 0.334102 0.666439
vt 0.328358 0.668376
vt 0.322312 0.669816
vt 0.316373 0.670620
vt 0.310928 0.670778
vt 0.306230 0.670394
vt 0.578806 0.602965
vt 0.574225 0.606763
vt 0.572160 0.612110
vt 0.569430 0.608686
vt 0.738987 0.320108
vt 0.744089 0.317457
vt 0.742360 0.322886
vt 0.734973 0.316793
vt 0.740329 0.314182
vt 0.730558 0.313139
vt 0.735903 0.310522
vt 0.726064 0.309410
vt 0.731141 0.306749
vt 0.726419 0.303141
vt 0.566812 0.614219
vt 0.563699 0.610262
vt 0.745394 0.311136
vt 0.560551 0.615763
vt 0.557226 0.611246
vt 0.741220 0.307497
vt 0.746056 0.304253
vt 0.553695 0.616470
vt 0.550416 0.611469
vt 0.736427 0.303720
vt 0.741512 0.300495
vt 0.549981 0.620865
vt 0.546751 0.616215
vt 0.543772 0.610914
vt 0.731419 0.300099
vt 0.736472 0.296883
vt 0.741181 0.293723
vt 0.745970 0.297318
vt 0.543180 0.620030
vt 0.540244 0.615088
vt 0.537734 0.609724
vt 0.726587 0.296854
vt 0.731370 0.293657
vt 0.736068 0.290510
vt 0.740340 0.287640
vt 0.745198 0.290854
vt 0.537038 0.618343
vt 0.534542 0.613342
vt 0.532548 0.608128
vt 0.528987 0.610001
vt 0.739403 0.281775
vt 0.743930 0.285219
vt 0.735240 0.284414
vt 0.730530 0.287573
vt 0.725624 0.291020
vt 0.720888 0.294476
vt 0.531080 0.615378
vt 0.525444 0.611494
vt 0.229970 0.668043
vt 0.224915 0.668529
vt 0.733931 0.278455
vt 0.737925 0.276265
vt 0.220002 0.673100
vt 0.219151 0.668258
vt 0.729311 0.281378
vt 0.727754 0.275577
vt 0.213840 0.672459
vt 0.213029 0.667132
vt 0.724388 0.284858
vt 0.722919 0.278822
vt 0.721316 0.273410
vt 0.207597 0.670820
vt 0.207003 0.665236
vt 0.719552 0.288592
vt 0.718078 0.282594
vt 0.716562 0.276944
vt 0.202247 0.673578
vt 0.201745 0.668380
vt 0.201477 0.662806
vt 0.715124 0.292270
vt 0.713585 0.286545
vt 0.712073 0.280914
vt 0.710698 0.275785
vt 0.715117 0.272062
vt 0.196826 0.670659
vt 0.196617 0.665467
vt 0.196692 0.660125
vt 0.192000 0.661034
vt 0.191815 0.666523
vt 0.706204 0.279735
vt 0.707720 0.285385
vt 0.709451 0.291314
vt 0.711248 0.297074
vt 0.187142 0.661523
vt 0.705015 0.274784
vt 0.700329 0.279065
vt 0.186965 0.666963
vt 0.182482 0.661421
vt 0.658500 0.613076
vt 0.701649 0.284553
vt 0.695850 0.284174
vt 0.694908 0.278997
vt 0.653177 0.618018
vt 0.653287 0.612897
vt 0.703401 0.290513
vt 0.697406 0.289975
vt 0.691957 0.289765
vt 0.647663 0.617349
vt 0.647767 0.611939
vt 0.705422 0.296464
vt 0.699457 0.295946
vt 0.693809 0.295577
vt 0.641729 0.620865
vt 0.642131 0.615824
vt 0.642362 0.610372
vt 0.707517 0.301993
vt 0.701782 0.301630
vt 0.696148 0.301267
vt 0.691025 0.300928
vt 0.636475 0.618801
vt 0.636969 0.613720
vt 0.637397 0.608444
vt 0.309655 0.675265
vt 0.314969 0.675671
vt 0.320960 0.675329
vt 0.327253 0.674151
vt 0.333381 0.672224
vt 0.338942 0.669782
vt 0.577280 0.608419
vt 0.313820 0.680047
vt 0.740792 0.328126
vt 0.737569 0.325790
vt 0.319689 0.680303
vt 0.731848 0.328449
vt 0.733643 0.322726
vt 0.326053 0.679599
vt 0.725463 0.330572
vt 0.727491 0.325043
vt 0.729218 0.319066
vt 0.332440 0.677915
vt 0.718877 0.331944
vt 0.720919 0.326814
vt 0.722881 0.321033
vt 0.724621 0.315082
vt 0.338369 0.675451
vt 0.337482 0.680770
vt 0.714439 0.327901
vt 0.716415 0.322516
vt 0.718379 0.316765
vt 0.720196 0.311094
vt 0.343518 0.672533
vt 0.342968 0.677831
vt 0.712598 0.332518
vt 0.708509 0.328321
vt 0.710301 0.323441
vt 0.712272 0.318066
vt 0.714278 0.312586
vt 0.632105 0.610036
vt 0.631383 0.615472
vt 0.693349 0.306612
vt 0.698997 0.306981
vt 0.704973 0.307225
vt 0.710820 0.307344
vt 0.626272 0.611235
vt 0.630709 0.620504
vt 0.625334 0.616617
vt 0.620227 0.611815
vt 0.696462 0.312634
vt 0.691025 0.312123
vt 0.694434 0.318163
vt 0.619232 0.616907
vt 0.614419 0.611632
vt 0.702469 0.312871
vt 0.700233 0.318541
vt 0.698466 0.323781
vt 0.693069 0.323134
vt 0.697266 0.328230
vt 0.609281 0.610701
vt 0.352702 0.668680
vt 0.708555 0.312836
vt 0.706341 0.318488
vt 0.704365 0.323872
vt 0.702774 0.328590
vt 0.352511 0.674234
vt 0.348030 0.673679
vt 0.348162 0.668091
vt 0.871924 0.605020
vt 0.870039 0.609159
vt 0.867551 0.604349
vt 0.015977 0.958033
vt 0.012935 0.957657
vt 0.014532 0.953883
vt 0.871107 0.600463
vt 0.875792 0.602871
vt 0.875132 0.608245
vt 0.018356 0.955563
vt 0.933165 0.774633
vt 0.933107 0.779164
vt 0.930000 0.776705
vt 0.259165 0.952678
vt 0.259315 0.956490
vt 0.256024 0.955003
vt 0.479608 0.908097
vt 0.478287 0.905156
vt 0.481764 0.904738
vt 0.483122 0.927032
vt 0.481618 0.923148
vt 0.485562 0.925236
vt 0.019123 0.960375
vt 0.930988 0.771388
vt 0.256827 0.950071
vt 0.482603 0.909285
vt 0.486320 0.929292
vt 0.900667 0.141730
vt 0.897678 0.145075
vt 0.898495 0.140506
vt 0.898316 0.122589
vt 0.900383 0.126543
vt 0.896514 0.124383
vt 0.248412 0.941098
vt 0.246966 0.945248
vt 0.245372 0.941474
vt 0.493656 0.915534
vt 0.493598 0.911003
vt 0.496504 0.914800
vt 0.026730 0.946452
vt 0.026878 0.942639
vt 0.029716 0.946652
vt 0.886072 0.138593
vt 0.882517 0.134706
vt 0.886890 0.134035
vt 0.885179 0.143583
vt 0.881178 0.139792
vt 0.884439 0.147730
vt 0.880279 0.144820
vt 0.877736 0.135447
vt 0.876366 0.140543
vt 0.873772 0.136070
vt 0.880067 0.148412
vt 0.876027 0.145010
vt 0.872956 0.140639
vt 0.495194 0.919606
vt 0.885004 0.129896
vt 0.880003 0.130222
vt 0.875191 0.130973
vt 0.882944 0.125379
vt 0.877929 0.125679
vt 0.881235 0.121641
vt 0.871888 0.131942
vt 0.493013 0.906038
vt 0.496504 0.909735
vt 0.873791 0.126806
vt 0.876863 0.122323
vt 0.248210 0.937462
vt 0.890097 0.130810
vt 0.888345 0.125935
vt 0.886271 0.121392
vt 0.893605 0.127292
vt 0.891876 0.122398
vt 0.884444 0.118427
vt 0.245814 0.950307
vt 0.243658 0.946302
vt 0.889660 0.118651
vt 0.894630 0.120255
vt 0.890758 0.136185
vt 0.894677 0.132855
vt 0.898208 0.129318
vt 0.894987 0.138542
vt 0.898934 0.135233
vt 0.921128 0.767018
vt 0.919829 0.772222
vt 0.917620 0.769048
vt 0.901703 0.131815
vt 0.919154 0.777652
vt 0.916534 0.774899
vt 0.901703 0.137292
vt 0.919117 0.782069
vt 0.916488 0.780204
vt 0.890247 0.141420
vt 0.894505 0.143797
vt 0.889349 0.146447
vt 0.893278 0.148106
vt 0.888308 0.149890
vt 0.028181 0.950619
vt 0.023589 0.944127
vt 0.019699 0.942017
vt 0.023242 0.939882
vt 0.015940 0.940768
vt 0.019033 0.938033
vt 0.026583 0.938902
vt 0.489475 0.927135
vt 0.492730 0.923581
vt 0.493564 0.928045
vt 0.496355 0.924047
vt 0.488576 0.922316
vt 0.491478 0.918779
vt 0.490492 0.913462
vt 0.486511 0.911186
vt 0.489887 0.908262
vt 0.485546 0.905964
vt 0.488964 0.903258
vt 0.491920 0.901908
vt 0.484755 0.901666
vt 0.255426 0.936717
vt 0.251558 0.938756
vt 0.251834 0.934741
vt 0.250789 0.943568
vt 0.253817 0.946790
vt 0.249619 0.948606
vt 0.252942 0.952184
vt 0.248735 0.954033
vt 0.245359 0.955112
vt 0.252135 0.957114
vt 0.248378 0.958363
vt 0.245550 0.958662
vt 0.925073 0.764930
vt 0.922633 0.763134
vt 0.928086 0.767851
vt 0.923809 0.769793
vt 0.927064 0.773347
vt 0.922723 0.775645
vt 0.926019 0.778981
vt 0.922111 0.780881
vt 0.921273 0.785428
vt 0.917797 0.785010
vt 0.022991 0.962413
vt 0.026407 0.959387
vt 0.026696 0.963495
vt 0.022240 0.957670
vt 0.029716 0.960243
vt 0.029311 0.955606
vt 0.025562 0.954091
vt 0.021385 0.952340
vt 0.024394 0.949059
vt 0.487555 0.916820
vt 0.484300 0.920373
vt 0.483214 0.914522
vt 0.480319 0.917944
vt 0.479645 0.912514
vt 0.254672 0.941461
vt 0.259134 0.935634
vt 0.258841 0.939743
vt 0.257995 0.945039
vt 0.262153 0.938886
vt 0.261746 0.943523
vt 0.260616 0.948510
vt 0.925832 0.760875
vt 0.251473 0.961097
vt 0.255680 0.959248
vt 0.928986 0.763032
vt 0.933076 0.762123
vt 0.932240 0.766586
vt 0.259025 0.960227
vt 0.935866 0.766121
vt 0.934704 0.770562
vt 0.925055 0.784202
vt 0.929396 0.781905
vt 0.924264 0.788500
vt 0.928473 0.786909
vt 0.019397 0.964389
vt 0.932522 0.784129
vt 0.931430 0.788259
vt 0.015773 0.961669
vt 0.020509 0.946947
vt 0.017186 0.950525
vt 0.016300 0.945098
vt 0.013379 0.948824
vt 0.012921 0.944019
vt 0.013109 0.940469
vt 0.881549 0.614673
vt 0.885417 0.612512
vt 0.883350 0.616466
vt 0.878639 0.611764
vt 0.883242 0.609737
vt 0.879711 0.606200
vt 0.478110 0.921118
vt 0.883969 0.603823
vt 0.886738 0.607241
vt 0.477024 0.915266
vt 0.880021 0.600513
vt 0.883529 0.598549
vt 0.886738 0.601763
vt 0.476978 0.909962
vt 0.882712 0.593981
vt 0.885701 0.597325
vt 0.879539 0.595258
vt 0.875282 0.597636
vt 0.878312 0.590950
vt 0.874383 0.592608
vt 0.873342 0.589165
vt 0.870214 0.595473
vt 0.869474 0.591326
vt 0.262153 0.952478
vt 0.865314 0.594235
vt 0.866212 0.599263
vt 0.865101 0.590644
vt 0.861061 0.594045
vt 0.861401 0.598513
vt 0.857990 0.598417
vt 0.862771 0.603608
vt 0.858807 0.602985
vt 0.936014 0.775368
vt 0.879664 0.618801
vt 0.874694 0.620404
vt 0.876911 0.616658
vt 0.011221 0.952829
vt 0.871306 0.617664
vt 0.873380 0.613121
vt 0.869478 0.620628
vt 0.866269 0.617414
vt 0.867978 0.613676
vt 0.860225 0.608083
vt 0.865037 0.608833
vt 0.856922 0.607113
vt 0.936014 0.780433
vt 0.862963 0.613376
vt 0.858825 0.612249
vt 0.861897 0.616732
vt 0.209206 0.957517
vt 0.211109 0.959876
vt 0.208467 0.961335
vt 0.267284 0.752573
vt 0.266036 0.756210
vt 0.263258 0.753285
vt 0.206835 0.957515
vt 0.208467 0.953695
vt 0.211109 0.955154
vt 0.265417 0.748552
vt 0.153423 0.748698
vt 0.151160 0.749434
vt 0.151890 0.744696
vt 0.571550 0.958789
vt 0.568102 0.959484
vt 0.569207 0.954766
vt 0.578547 0.958789
vt 0.575479 0.959497
vt 0.577879 0.954775
vt 0.492691 0.149383
vt 0.490145 0.150060
vt 0.491618 0.145353
vt 0.269529 0.748552
vt 0.154809 0.744662
vt 0.573766 0.954774
vt 0.487726 0.149324
vt 0.486496 0.145289
vt 0.488700 0.145319
vt 0.259527 0.752591
vt 0.257592 0.748579
vt 0.260857 0.748563
vt 0.270197 0.744539
vt 0.267129 0.743830
vt 0.267740 0.740922
vt 0.155882 0.740633
vt 0.153336 0.739955
vt 0.154944 0.737022
vt 0.575633 0.950754
vt 0.571607 0.950043
vt 0.574385 0.947119
vt 0.490232 0.141316
vt 0.487969 0.140582
vt 0.490436 0.137688
vt 0.263200 0.744539
vt 0.259751 0.743847
vt 0.263627 0.740922
vt 0.727171 0.956857
vt 0.728803 0.953037
vt 0.729542 0.956855
vt 0.260362 0.740939
vt 0.492691 0.140637
vt 0.731445 0.954496
vt 0.730696 0.950680
vt 0.578261 0.950043
vt 0.731445 0.959218
vt 0.569826 0.947111
vt 0.567876 0.950739
vt 0.728803 0.960677
vt 0.730696 0.963042
vt 0.150917 0.740690
vt 0.152026 0.737056
vt 0.565942 0.954752
vt 0.155882 0.749379
vt 0.149687 0.744726
vt 0.269912 0.753285
vt 0.491753 0.152994
vt 0.210360 0.951330
vt 0.488835 0.152960
vt 0.576091 0.962408
vt 0.571978 0.962408
vt 0.568714 0.962394
vt 0.153627 0.752328
vt 0.261476 0.756220
vt 0.210360 0.963691
vt 0.182491 0.957517
vt 0.184394 0.959876
vt 0.181752 0.961335
vt 0.959014 0.255842
vt 0.957766 0.259478
vt 0.954988 0.256553
vt 0.180120 0.957515
vt 0.181752 0.953695
vt 0.184394 0.955155
vt 0.957147 0.251821
vt 0.657309 0.749391
vt 0.655046 0.750126
vt 0.655777 0.745388
vt 0.956382 0.517220
vt 0.952934 0.517915
vt 0.954039 0.513197
vt 0.963379 0.517220
vt 0.960311 0.517929
vt 0.962711 0.513206
vt 0.737711 0.747947
vt 0.735165 0.748625
vt 0.736638 0.743917
vt 0.961260 0.251821
vt 0.658695 0.745354
vt 0.958598 0.513206
vt 0.732746 0.747889
vt 0.731517 0.743853
vt 0.733720 0.743883
vt 0.951257 0.255859
vt 0.949322 0.251848
vt 0.952588 0.251831
vt 0.961927 0.247808
vt 0.958859 0.247098
vt 0.959470 0.244190
vt 0.659768 0.741325
vt 0.657222 0.740647
vt 0.658830 0.737714
vt 0.960465 0.509185
vt 0.956439 0.508474
vt 0.959217 0.505550
vt 0.735252 0.739881
vt 0.732989 0.739146
vt 0.735456 0.736252
vt 0.954930 0.247808
vt 0.951481 0.247115
vt 0.955358 0.244190
vt 0.427128 0.957693
vt 0.428761 0.953873
vt 0.429499 0.957691
vt 0.952093 0.244207
vt 0.737711 0.739201
vt 0.431402 0.955332
vt 0.430654 0.951517
vt 0.963094 0.508474
vt 0.431402 0.960054
vt 0.954658 0.505542
vt 0.952708 0.509170
vt 0.428761 0.961513
vt 0.430654 0.963878
vt 0.654803 0.741383
vt 0.655912 0.737748
vt 0.950775 0.513183
vt 0.659768 0.750071
vt 0.653574 0.745419
vt 0.961643 0.256553
vt 0.736773 0.751559
vt 0.183645 0.951330
vt 0.733855 0.751525
vt 0.960923 0.520839
vt 0.956810 0.520839
vt 0.953546 0.520825
vt 0.657513 0.753020
vt 0.953207 0.259488
vt 0.183645 0.963692
vt 0.653852 0.953949
vt 0.653042 0.957870
vt 0.651229 0.952962
vt 0.155920 0.196907
vt 0.155673 0.200994
vt 0.153200 0.197752
vt 0.653042 0.949404
vt 0.655974 0.952114
vt 0.655974 0.957346
vt 0.154302 0.192423
vt 0.576261 0.750788
vt 0.571728 0.751581
vt 0.573737 0.746280
vt 0.582516 0.750794
vt 0.580173 0.751581
vt 0.582633 0.746284
vt 0.855237 0.090040
vt 0.852153 0.090827
vt 0.852640 0.085532
vt 0.864117 0.090039
vt 0.859868 0.090832
vt 0.862628 0.085534
vt 0.157455 0.192372
vt 0.578956 0.746280
vt 0.152900 0.276028
vt 0.151425 0.271490
vt 0.154301 0.271553
vt 0.857408 0.085535
vt 0.866305 0.085531
vt 0.571566 0.741776
vt 0.568481 0.740989
vt 0.572948 0.737713
vt 0.580445 0.741776
vt 0.576196 0.740983
vt 0.578168 0.737713
vt 0.155919 0.267070
vt 0.153200 0.266225
vt 0.155673 0.262986
vt 0.859932 0.081027
vt 0.855400 0.080234
vt 0.859378 0.076958
vt 0.152900 0.187949
vt 0.151027 0.187209
vt 0.153656 0.183884
vt 0.960267 0.808867
vt 0.958455 0.805309
vt 0.961077 0.804322
vt 0.863055 0.076955
vt 0.863845 0.080234
vt 0.960267 0.800400
vt 0.854610 0.076955
vt 0.851820 0.081022
vt 0.963199 0.800924
vt 0.962390 0.797015
vt 0.582146 0.740989
vt 0.963199 0.806157
vt 0.962390 0.810713
vt 0.155680 0.187107
vt 0.866188 0.081022
vt 0.151027 0.266964
vt 0.568969 0.746284
vt 0.157455 0.271606
vt 0.155680 0.276871
vt 0.568149 0.750794
vt 0.151426 0.192486
vt 0.151027 0.197014
vt 0.861839 0.094103
vt 0.856620 0.094103
vt 0.655165 0.947558
vt 0.153656 0.280095
vt 0.151027 0.276770
vt 0.579383 0.754860
vt 0.575706 0.754857
vt 0.865817 0.090827
vt 0.655165 0.961256
vt 0.570938 0.754861
vt 0.850787 0.954518
vt 0.849891 0.956511
vt 0.849381 0.953732
vt 0.987187 0.373394
vt 0.987502 0.375294
vt 0.985760 0.374194
vt 0.850815 0.952034
vt 0.852212 0.953763
vt 0.851641 0.956531
vt 0.985760 0.371606
vt 0.808314 0.481258
vt 0.806008 0.480384
vt 0.808160 0.478748
vt 0.811289 0.482941
vt 0.809984 0.482627
vt 0.812366 0.481123
vt 0.904983 0.565443
vt 0.903735 0.566569
vt 0.902730 0.564290
vt 0.909164 0.563084
vt 0.907339 0.564540
vt 0.907415 0.561649
vt 0.987502 0.371108
vt 0.810617 0.480134
vt 0.984428 0.403228
vt 0.984138 0.400947
vt 0.985760 0.401420
vt 0.904957 0.563035
vt 0.909164 0.560661
vt 0.808185 0.476341
vt 0.806937 0.475215
vt 0.809785 0.475060
vt 0.812366 0.478699
vt 0.810541 0.477244
vt 0.812243 0.476446
vt 0.987187 0.399633
vt 0.985761 0.398833
vt 0.987502 0.397735
vt 0.905112 0.560525
vt 0.902806 0.561399
vt 0.903933 0.559002
vt 0.984813 0.443581
vt 0.983387 0.442621
vt 0.984791 0.441829
vt 0.983357 0.440131
vt 0.984763 0.439344
vt 0.906782 0.559157
vt 0.983867 0.437352
vt 0.901706 0.560257
vt 0.901322 0.562659
vt 0.985617 0.437332
vt 0.984722 0.435345
vt 0.986218 0.435930
vt 0.986188 0.440100
vt 0.986218 0.442590
vt 0.985880 0.368994
vt 0.984428 0.369799
vt 0.984333 0.367854
vt 0.908087 0.558844
vt 0.984428 0.398827
vt 0.805932 0.477494
vt 0.987502 0.401920
vt 0.985880 0.404033
vt 0.804524 0.479125
vt 0.984138 0.372080
vt 0.984428 0.374201
vt 0.909041 0.565338
vt 0.906583 0.566724
vt 0.852241 0.951273
vt 0.984333 0.405175
vt 0.849410 0.951242
vt 0.850837 0.950282
vt 0.807136 0.482782
vt 0.850746 0.958518
vt 0.852241 0.957933
vt 0.804908 0.481528
vt 0.347778 0.163675
vt 0.345856 0.163672
vt 0.347189 0.161838
vt 0.347189 0.165507
vt 0.349346 0.162538
vt 0.349346 0.164806
vt 0.565950 0.987039
vt 0.565942 0.984849
vt 0.567877 0.985844
vt 0.820452 0.985778
vt 0.820450 0.983858
vt 0.822381 0.984621
vt 0.820450 0.987520
vt 0.822381 0.986884
vt 0.395109 0.985665
vt 0.395109 0.987783
vt 0.393182 0.986589
vt 0.987572 0.797650
vt 0.987572 0.799913
vt 0.985643 0.798757
vt 0.567877 0.987962
vt 0.393175 0.988779
vt 0.985641 0.800676
vt 0.985641 0.797015
vt 0.375278 0.162538
vt 0.375278 0.164806
vt 0.373710 0.163669
vt 0.373121 0.161838
vt 0.371788 0.163672
vt 0.373121 0.165507
vt 0.655902 0.817200
vt 0.656222 0.818190
vt 0.655053 0.817811
vt 0.656944 0.817197
vt 0.655053 0.816582
vt 0.656222 0.816203
vt 0.183350 0.987319
vt 0.183345 0.986133
vt 0.184394 0.986672
vt 0.953347 0.411398
vt 0.953345 0.410358
vt 0.954391 0.410771
vt 0.953345 0.412341
vt 0.954391 0.411997
vt 0.300944 0.986253
vt 0.300944 0.987400
vt 0.299900 0.986753
vt 0.207881 0.986477
vt 0.207881 0.987703
vt 0.206836 0.987076
vt 0.184394 0.987819
vt 0.299896 0.987940
vt 0.206835 0.988116
vt 0.206835 0.986133
vt 0.926035 0.164541
vt 0.926035 0.165769
vt 0.925186 0.165154
vt 0.924867 0.164161
vt 0.924144 0.165155
vt 0.924867 0.166149
vt 0.919797 0.343145
vt 0.919797 0.339385
vt 0.922831 0.339533
vt 0.922831 0.343292
vt 0.959103 0.026961
vt 0.955286 0.026920
vt 0.955286 0.011221
vt 0.959103 0.011261
vt 0.074759 0.851448
vt 0.074759 0.847690
vt 0.077793 0.847542
vt 0.077793 0.851300
vt 0.955286 0.049442
vt 0.959103 0.049402
vt 0.959103 0.065101
vt 0.955286 0.065141
vt 0.965341 0.845746
vt 0.965341 0.861644
vt 0.962196 0.861643
vt 0.962196 0.845745
vt 0.962332 0.925000
vt 0.962332 0.909102
vt 0.965478 0.909101
vt 0.965478 0.924999
vt 0.961077 0.767266
vt 0.960267 0.771187
vt 0.958455 0.766279
vt 0.155920 0.236458
vt 0.155673 0.240545
vt 0.153200 0.237303
vt 0.960267 0.762721
vt 0.963199 0.765431
vt 0.963199 0.770663
vt 0.154302 0.231974
vt 0.576261 0.790377
vt 0.571728 0.791170
vt 0.573737 0.785869
vt 0.582516 0.790383
vt 0.580174 0.791170
vt 0.582633 0.785873
vt 0.569359 0.920606
vt 0.566275 0.921394
vt 0.566762 0.916098
vt 0.578239 0.920606
vt 0.573990 0.921399
vt 0.576750 0.916101
vt 0.157455 0.231923
vt 0.578956 0.785869
vt 0.152900 0.315578
vt 0.151425 0.311041
vt 0.154301 0.311103
vt 0.571530 0.916101
vt 0.580427 0.916098
vt 0.571566 0.781365
vt 0.568481 0.780578
vt 0.572948 0.777302
vt 0.580445 0.781365
vt 0.576196 0.780572
vt 0.578168 0.777302
vt 0.155919 0.306621
vt 0.153200 0.305776
vt 0.155673 0.302537
vt 0.574054 0.911594
vt 0.569522 0.910801
vt 0.573500 0.907525
vt 0.152900 0.227500
vt 0.151027 0.226760
vt 0.153656 0.223435
vt 0.298012 0.961965
vt 0.296200 0.958408
vt 0.298822 0.957420
vt 0.577177 0.907522
vt 0.577967 0.910801
vt 0.298012 0.953499
vt 0.568732 0.907522
vt 0.565942 0.911589
vt 0.300944 0.954023
vt 0.300135 0.950113
vt 0.582146 0.780578
vt 0.300944 0.959255
vt 0.300135 0.963812
vt 0.155680 0.226658
vt 0.580310 0.911589
vt 0.151027 0.306515
vt 0.568969 0.785873
vt 0.157455 0.311156
vt 0.155680 0.316422
vt 0.568149 0.790383
vt 0.151426 0.232037
vt 0.151027 0.236565
vt 0.575961 0.924669
vt 0.570742 0.924669
vt 0.962390 0.760875
vt 0.153656 0.319646
vt 0.151027 0.316321
vt 0.579383 0.794449
vt 0.575706 0.794446
vt 0.579939 0.921394
vt 0.962390 0.774573
vt 0.570938 0.794449
vt 0.984224 0.091819
vt 0.983329 0.093811
vt 0.982819 0.091032
vt 0.150439 0.985169
vt 0.150754 0.987069
vt 0.149012 0.985969
vt 0.984253 0.089334
vt 0.985650 0.091063
vt 0.985078 0.093831
vt 0.149012 0.983381
vt 0.867388 0.821448
vt 0.865082 0.820574
vt 0.867233 0.818938
vt 0.870363 0.823130
vt 0.869058 0.822817
vt 0.871440 0.821313
vt 0.480638 0.958332
vt 0.479390 0.959459
vt 0.478385 0.957179
vt 0.484819 0.955974
vt 0.482994 0.957429
vt 0.483070 0.954539
vt 0.150754 0.982883
vt 0.869691 0.820324
vt 0.984658 0.257542
vt 0.984368 0.255260
vt 0.985990 0.255734
vt 0.480613 0.955925
vt 0.484819 0.953550
vt 0.867259 0.816531
vt 0.866010 0.815405
vt 0.868859 0.815250
vt 0.871440 0.818889
vt 0.869615 0.817434
vt 0.871317 0.816636
vt 0.987417 0.253947
vt 0.985990 0.253147
vt 0.987732 0.252049
vt 0.480767 0.953414
vt 0.478461 0.954289
vt 0.479589 0.951891
vt 0.984814 0.474258
vt 0.983387 0.473298
vt 0.984791 0.472506
vt 0.983357 0.470808
vt 0.984763 0.470022
vt 0.482438 0.952046
vt 0.983867 0.468029
vt 0.477362 0.953146
vt 0.476978 0.955549
vt 0.985617 0.468010
vt 0.984722 0.466022
vt 0.986218 0.466607
vt 0.986188 0.470777
vt 0.986218 0.473267
vt 0.149132 0.980769
vt 0.147679 0.981574
vt 0.147584 0.979629
vt 0.483743 0.951733
vt 0.984658 0.253141
vt 0.865006 0.817684
vt 0.987732 0.256234
vt 0.986110 0.258347
vt 0.863598 0.819315
vt 0.147390 0.983855
vt 0.147679 0.985976
vt 0.484696 0.958227
vt 0.482239 0.959613
vt 0.985679 0.088573
vt 0.984563 0.259488
vt 0.982848 0.088542
vt 0.984275 0.087582
vt 0.866210 0.822972
vt 0.984184 0.095818
vt 0.985679 0.095233
vt 0.863982 0.821718
vt 0.399641 0.163675
vt 0.397719 0.163672
vt 0.399052 0.161838
vt 0.399052 0.165507
vt 0.401209 0.162538
vt 0.401209 0.164806
vt 0.729518 0.987673
vt 0.729510 0.985483
vt 0.731445 0.986478
vt 0.985643 0.762795
vt 0.985641 0.760875
vt 0.987572 0.761638
vt 0.985641 0.764537
vt 0.987572 0.763901
vt 0.370734 0.985665
vt 0.370734 0.987783
vt 0.368806 0.986589
vt 0.987752 0.506177
vt 0.987752 0.508440
vt 0.985823 0.507284
vt 0.731445 0.988596
vt 0.368800 0.988779
vt 0.985821 0.509203
vt 0.985821 0.505542
vt 0.323415 0.162538
vt 0.323415 0.164806
vt 0.321847 0.163669
vt 0.321258 0.161838
vt 0.319925 0.163672
vt 0.321258 0.165507
vt 0.736862 0.816311
vt 0.735821 0.816309
vt 0.736543 0.815315
vt 0.736543 0.817303
vt 0.737711 0.815695
vt 0.737711 0.816923
vt 0.608966 0.987334
vt 0.608962 0.986148
vt 0.610010 0.986687
vt 0.962197 0.885125
vt 0.962196 0.884085
vt 0.963242 0.884499
vt 0.962196 0.886069
vt 0.963242 0.885724
vt 0.431402 0.986319
vt 0.431402 0.987466
vt 0.430358 0.986820
vt 0.986729 0.884429
vt 0.986729 0.885655
vt 0.985684 0.885029
vt 0.610010 0.987834
vt 0.430354 0.988006
vt 0.985683 0.886069
vt 0.985683 0.884085
vt 0.150856 0.818072
vt 0.149687 0.817692
vt 0.150535 0.817075
vt 0.151578 0.817078
vt 0.150856 0.816084
vt 0.149687 0.816464
vt 0.849381 0.984864
vt 0.849381 0.981099
vt 0.852415 0.980959
vt 0.852415 0.984725
vt 0.955223 0.589208
vt 0.959039 0.589165
vt 0.959039 0.604867
vt 0.955223 0.604910
vt 0.952564 0.481615
vt 0.952564 0.477849
vt 0.955599 0.477988
vt 0.955599 0.481753
vt 0.958001 0.205378
vt 0.954185 0.205335
vt 0.954185 0.189633
vt 0.958001 0.189676
vt 0.582633 0.816891
vt 0.582633 0.832825
vt 0.579487 0.832826
vt 0.579487 0.816891
vt 0.579487 0.871202
vt 0.579487 0.855267
vt 0.582633 0.855268
vt 0.582633 0.871203
vt 0.067340 0.983671
vt 0.065455 0.982791
vt 0.067334 0.981393
vt 0.369056 0.960936
vt 0.368484 0.963149
vt 0.366715 0.961426
vt 0.069229 0.983142
vt 0.068521 0.985622
vt 0.066189 0.985405
vt 0.367851 0.958538
vt 0.762949 0.965659
vt 0.761029 0.965332
vt 0.762801 0.962974
vt 0.395108 0.960968
vt 0.393175 0.961336
vt 0.393808 0.958504
vt 0.399312 0.961077
vt 0.397415 0.961456
vt 0.398900 0.958643
vt 0.688706 0.962147
vt 0.687049 0.963290
vt 0.687049 0.960206
vt 0.370322 0.958475
vt 0.764952 0.963858
vt 0.396429 0.958579
vt 0.685046 0.963652
vt 0.683126 0.961817
vt 0.684898 0.961091
vt 0.688758 0.959501
vt 0.370734 0.956042
vt 0.368838 0.955661
vt 0.369298 0.953895
vt 0.766609 0.961918
vt 0.764952 0.960774
vt 0.766661 0.959575
vt 0.397634 0.956181
vt 0.395293 0.955691
vt 0.397063 0.953970
vt 0.685046 0.958406
vt 0.683126 0.958733
vt 0.684182 0.956391
vt 0.366530 0.956149
vt 0.364597 0.955783
vt 0.366826 0.953958
vt 0.988142 0.226978
vt 0.986248 0.228727
vt 0.986254 0.226449
vt 0.988142 0.229256
vt 0.686606 0.957302
vt 0.984369 0.227329
vt 0.984368 0.229607
vt 0.399292 0.955794
vt 0.985102 0.224715
vt 0.394442 0.953895
vt 0.393175 0.956055
vt 0.987434 0.224498
vt 0.986289 0.222764
vt 0.762949 0.960413
vt 0.764509 0.958690
vt 0.365231 0.958613
vt 0.766661 0.964564
vt 0.764509 0.966763
vt 0.761029 0.962248
vt 0.370714 0.961325
vt 0.364597 0.961064
vt 0.688758 0.964491
vt 0.067375 0.987356
vt 0.686606 0.965375
vt 0.397876 0.963224
vt 0.395405 0.963160
vt 0.069229 0.980864
vt 0.762085 0.967674
vt 0.365864 0.963224
vt 0.065455 0.980513
vt 0.651229 0.987068
vt 0.651229 0.983697
vt 0.654267 0.983701
vt 0.654267 0.987071
vt 0.074759 0.806801
vt 0.078129 0.806800
vt 0.078129 0.825099
vt 0.074759 0.825100
vt 0.323385 0.987066
vt 0.323385 0.983695
vt 0.326423 0.983691
vt 0.326423 0.987061
vt 0.656944 0.793761
vt 0.653574 0.793760
vt 0.653574 0.775461
vt 0.656944 0.775463
vt 0.737711 0.774000
vt 0.737711 0.792874
vt 0.734566 0.792874
vt 0.734566 0.774000
vt 0.149687 0.793643
vt 0.149687 0.774769
vt 0.152833 0.774769
vt 0.152833 0.793643
vt 0.983862 0.559616
vt 0.983154 0.563343
vt 0.981569 0.558593
vt 0.985719 0.562926
vt 0.983154 0.555240
vt 0.985719 0.557918
vt 0.968795 0.122214
vt 0.970705 0.120374
vt 0.970705 0.125363
vt 0.246037 0.986892
vt 0.243658 0.987690
vt 0.243658 0.984421
vt 0.985446 0.193110
vt 0.985449 0.197706
vt 0.982352 0.195759
vt 0.985449 0.189633
vt 0.982352 0.190769
vt 0.484819 0.986207
vt 0.482137 0.985323
vt 0.484516 0.982852
vt 0.973799 0.123023
vt 0.246340 0.983539
vt 0.482137 0.982054
vt 0.973802 0.118427
vt 0.973802 0.126500
vt 0.985631 0.593915
vt 0.984045 0.597268
vt 0.983332 0.592893
vt 0.980442 0.193919
vt 0.981480 0.589582
vt 0.984045 0.589165
vt 0.981480 0.594590
vt 0.983837 0.061414
vt 0.983129 0.065141
vt 0.981544 0.060391
vt 0.985694 0.064724
vt 0.983129 0.057038
vt 0.985694 0.059716
vt 0.968795 0.152728
vt 0.970705 0.150888
vt 0.970705 0.155878
vt 0.271161 0.986892
vt 0.268782 0.987690
vt 0.268782 0.984420
vt 0.978781 0.959789
vt 0.978784 0.964384
vt 0.975687 0.962437
vt 0.978784 0.956311
vt 0.975687 0.957448
vt 0.459696 0.986207
vt 0.457014 0.985323
vt 0.459393 0.982852
vt 0.973799 0.153537
vt 0.271464 0.983539
vt 0.457014 0.982054
vt 0.973802 0.148941
vt 0.973802 0.157014
vt 0.985695 0.015971
vt 0.984109 0.019324
vt 0.983395 0.014948
vt 0.973777 0.960597
vt 0.981544 0.011637
vt 0.984109 0.011221
vt 0.981544 0.016645
vt 0.217736 0.533932
vt 0.206517 0.530239
vt 0.217605 0.521982
vt 0.652911 0.667296
vt 0.660684 0.671278
vt 0.652830 0.679190
vt 0.228886 0.530239
vt 0.224769 0.543599
vt 0.210944 0.543599
vt 0.644195 0.671188
vt 0.730370 0.679401
vt 0.730282 0.690949
vt 0.721403 0.684446
vt 0.527745 0.672242
vt 0.523677 0.662615
vt 0.533951 0.663348
vt 0.108919 0.660939
vt 0.105241 0.653682
vt 0.115099 0.652156
vt 0.118613 0.709079
vt 0.114387 0.699212
vt 0.125552 0.704140
vt 0.646713 0.658330
vt 0.724125 0.670928
vt 0.536521 0.676694
vt 0.117386 0.663587
vt 0.127669 0.714581
vt 0.358975 0.507617
vt 0.366159 0.516735
vt 0.354978 0.513039
vt 0.700301 0.648808
vt 0.696074 0.658674
vt 0.691292 0.651279
vt 0.567634 0.691275
vt 0.567551 0.679381
vt 0.575400 0.687295
vt 0.148684 0.678486
vt 0.148596 0.666937
vt 0.156805 0.676435
vt 0.613025 0.686334
vt 0.608963 0.695964
vt 0.605183 0.683072
vt 0.344966 0.545726
vt 0.333685 0.553983
vt 0.333816 0.542033
vt 0.357177 0.549766
vt 0.345951 0.559250
vt 0.367328 0.553119
vt 0.358256 0.563318
vt 0.333563 0.567050
vt 0.345842 0.572405
vt 0.333486 0.577890
vt 0.367228 0.565072
vt 0.356968 0.574788
vt 0.344667 0.581586
vt 0.153000 0.688809
vt 0.322597 0.545726
vt 0.321334 0.559250
vt 0.321224 0.572405
vt 0.310351 0.549766
vt 0.309021 0.563318
vt 0.300221 0.553119
vt 0.322298 0.581586
vt 0.147031 0.654390
vt 0.156899 0.663554
vt 0.310143 0.574788
vt 0.300121 0.565072
vt 0.571621 0.700187
vt 0.327024 0.532367
vt 0.314003 0.535460
vt 0.301691 0.539528
vt 0.319620 0.521800
vt 0.306563 0.524825
vt 0.313503 0.513039
vt 0.575383 0.673392
vt 0.565800 0.665407
vt 0.296200 0.529537
vt 0.562411 0.652689
vt 0.572555 0.658704
vt 0.302315 0.516736
vt 0.309740 0.507618
vt 0.340849 0.532367
vt 0.334090 0.520758
vt 0.326650 0.510123
vt 0.348559 0.521800
vt 0.341865 0.510122
vt 0.320568 0.503376
vt 0.692457 0.671900
vt 0.686162 0.663424
vt 0.334408 0.501571
vt 0.690629 0.685709
vt 0.683166 0.678300
vt 0.348217 0.503375
vt 0.690606 0.696948
vt 0.683126 0.691831
vt 0.353835 0.535460
vt 0.361610 0.524825
vt 0.366140 0.539528
vt 0.371965 0.529537
vt 0.614833 0.660689
vt 0.613113 0.674367
vt 0.605183 0.669322
vt 0.619230 0.695226
vt 0.627637 0.704354
vt 0.616075 0.706466
vt 0.636500 0.711231
vt 0.625578 0.715273
vt 0.606145 0.705899
vt 0.136644 0.708659
vt 0.145937 0.699205
vt 0.148266 0.710696
vt 0.156250 0.700175
vt 0.134144 0.696301
vt 0.142440 0.686959
vt 0.139718 0.673441
vt 0.128446 0.668004
vt 0.138094 0.660258
vt 0.125806 0.654836
vt 0.135576 0.647678
vt 0.144021 0.644076
vt 0.123657 0.644076
vt 0.552999 0.709076
vt 0.561436 0.700242
vt 0.564494 0.710538
vt 0.558921 0.687383
vt 0.547734 0.682157
vt 0.557248 0.673489
vt 0.544921 0.667607
vt 0.554419 0.658801
vt 0.542354 0.654220
vt 0.551211 0.647345
vt 0.558481 0.643746
vt 0.707239 0.653747
vt 0.715829 0.661586
vt 0.703712 0.666141
vt 0.713003 0.675595
vt 0.700716 0.681017
vt 0.710131 0.689883
vt 0.699072 0.694300
vt 0.696786 0.705731
vt 0.686931 0.704205
vt 0.638277 0.649499
vt 0.626236 0.653858
vt 0.629349 0.643306
vt 0.635791 0.662125
vt 0.618149 0.648652
vt 0.623465 0.668008
vt 0.633007 0.676413
vt 0.621795 0.681879
vt 0.131319 0.682292
vt 0.122027 0.691746
vt 0.119031 0.676870
vt 0.110771 0.685987
vt 0.108943 0.672177
vt 0.550518 0.696446
vt 0.544066 0.715272
vt 0.540960 0.704717
vt 0.538192 0.690565
vt 0.532866 0.709927
vt 0.529554 0.697888
vt 0.527835 0.684209
vt 0.709358 0.643306
vt 0.540284 0.643306
vt 0.530787 0.652112
vt 0.718331 0.649228
vt 0.729955 0.647191
vt 0.727623 0.658682
vt 0.520848 0.652685
vt 0.737939 0.657712
vt 0.734687 0.669077
vt 0.707492 0.703051
vt 0.719780 0.697629
vt 0.705346 0.713811
vt 0.717264 0.710209
vt 0.649777 0.648037
vt 0.728719 0.703497
vt 0.725711 0.713811
vt 0.656904 0.658386
vt 0.630197 0.690965
vt 0.642523 0.685082
vt 0.639700 0.699771
vt 0.651082 0.693164
vt 0.647700 0.705885
vt 0.643777 0.714832
vt 0.109602 0.706608
vt 0.203540 0.554165
vt 0.210571 0.565843
vt 0.197423 0.562926
vt 0.218011 0.555208
vt 0.204488 0.572590
vt 0.104473 0.694463
vt 0.225785 0.565843
vt 0.218328 0.574395
vt 0.101478 0.679586
vt 0.232479 0.554166
vt 0.238898 0.562926
vt 0.232138 0.572590
vt 0.101437 0.666056
vt 0.250079 0.559230
vt 0.242895 0.568348
vt 0.245530 0.551140
vt 0.237755 0.540505
vt 0.255885 0.546428
vt 0.250061 0.536437
vt 0.519898 0.689259
vt 0.241097 0.526199
vt 0.251248 0.522847
vt 0.519898 0.675507
vt 0.242176 0.512648
vt 0.229871 0.516716
vt 0.251148 0.510894
vt 0.240889 0.501178
vt 0.229762 0.503561
vt 0.228587 0.494380
vt 0.217483 0.508915
vt 0.217406 0.498076
vt 0.738492 0.681451
vt 0.186235 0.559230
vt 0.193660 0.568348
vt 0.657847 0.699871
vt 0.660670 0.685181
vt 0.190483 0.551140
vt 0.180120 0.546428
vt 0.185611 0.536437
vt 0.197923 0.540505
vt 0.184141 0.522847
vt 0.194271 0.526199
vt 0.205144 0.503561
vt 0.205254 0.516716
vt 0.206218 0.494380
vt 0.738587 0.694333
vt 0.192941 0.512648
vt 0.194063 0.501177
vt 0.184041 0.510893
vt 0.865980 0.674783
vt 0.859103 0.689579
vt 0.855187 0.668931
vt 0.783089 0.808353
vt 0.781614 0.823304
vt 0.770972 0.811528
vt 0.866198 0.656322
vt 0.876918 0.669178
vt 0.872533 0.689732
vt 0.776076 0.792022
vt 0.737955 0.222807
vt 0.730290 0.239463
vt 0.718608 0.222111
vt 0.820995 0.808434
vt 0.812314 0.811071
vt 0.814392 0.791811
vt 0.699602 0.570126
vt 0.690467 0.561648
vt 0.707517 0.552355
vt 0.719473 0.599801
vt 0.707517 0.587148
vt 0.729735 0.585558
vt 0.789872 0.791742
vt 0.730289 0.204669
vt 0.827358 0.792140
vt 0.718054 0.568115
vt 0.738096 0.598020
vt 0.700157 0.220100
vt 0.691025 0.228579
vt 0.691025 0.207075
vt 0.720030 0.190425
vt 0.708072 0.203077
vt 0.702706 0.189633
vt 0.834373 0.775815
vt 0.822256 0.772638
vt 0.832900 0.760875
vt 0.737401 0.567420
vt 0.729735 0.550764
vt 0.748634 0.557483
vt 0.868102 0.566724
vt 0.857150 0.559601
vt 0.867932 0.553708
vt 0.856922 0.541100
vt 0.867714 0.535247
vt 0.748634 0.578987
vt 0.860838 0.520451
vt 0.738097 0.541723
vt 0.719474 0.540607
vt 0.874268 0.520298
vt 0.867401 0.505542
vt 0.878881 0.509882
vt 0.878653 0.540852
vt 0.878881 0.559353
vt 0.782009 0.772567
vt 0.769712 0.775731
vt 0.772710 0.760875
vt 0.763109 0.792353
vt 0.761029 0.773103
vt 0.812314 0.775256
vt 0.708073 0.237872
vt 0.841157 0.792429
vt 0.833293 0.811602
vt 0.738654 0.192207
vt 0.749190 0.211241
vt 0.720031 0.249621
vt 0.761029 0.808917
vt 0.702147 0.600594
vt 0.690467 0.583151
vt 0.877146 0.650677
vt 0.823995 0.823302
vt 0.855415 0.650429
vt 0.866368 0.643306
vt 0.749190 0.232745
vt 0.865667 0.704488
vt 0.877146 0.700148
vt 0.738654 0.248506
vt 0.913888 0.257241
vt 0.911404 0.264866
vt 0.905854 0.257227
vt 0.917712 0.079232
vt 0.911241 0.079965
vt 0.913196 0.072211
vt 0.911404 0.249587
vt 0.920385 0.252505
vt 0.920385 0.261948
vt 0.922244 0.072664
vt 0.925935 0.865410
vt 0.918598 0.862417
vt 0.925458 0.857154
vt 0.925550 0.208950
vt 0.923903 0.215406
vt 0.917347 0.210472
vt 0.931744 0.195284
vt 0.930034 0.201986
vt 0.924777 0.194144
vt 0.896222 0.921890
vt 0.890077 0.926976
vt 0.890077 0.917614
vt 0.925882 0.080697
vt 0.933539 0.861999
vt 0.921136 0.202177
vt 0.882474 0.930132
vt 0.875136 0.926560
vt 0.881996 0.922458
vt 0.896293 0.913876
vt 0.317770 0.922708
vt 0.310731 0.927028
vt 0.313216 0.919357
vt 0.939684 0.857724
vt 0.933539 0.852637
vt 0.939754 0.850590
vt 0.916606 0.195609
vt 0.912090 0.202630
vt 0.910140 0.194877
vt 0.882473 0.914203
vt 0.875136 0.917197
vt 0.878978 0.909101
vt 0.302491 0.927672
vt 0.296200 0.922307
vt 0.304235 0.922275
vt 0.298685 0.914635
vt 0.306719 0.914621
vt 0.888212 0.909358
vt 0.304235 0.906996
vt 0.296200 0.907028
vt 0.302491 0.901678
vt 0.313216 0.909914
vt 0.310731 0.902306
vt 0.317770 0.906642
vt 0.319712 0.914667
vt 0.925935 0.849482
vt 0.931673 0.845745
vt 0.931139 0.072855
vt 0.926656 0.065891
vt 0.932845 0.064680
vt 0.918453 0.064370
vt 0.925005 0.059436
vt 0.917981 0.189633
vt 0.910160 0.209720
vt 0.932845 0.079559
vt 0.939754 0.865739
vt 0.931673 0.870256
vt 0.918598 0.853054
vt 0.919082 0.085210
vt 0.911262 0.065122
vt 0.896293 0.929025
vt 0.926881 0.257195
vt 0.888212 0.933870
vt 0.917900 0.244834
vt 0.924939 0.249155
vt 0.931744 0.210162
vt 0.903369 0.249555
vt 0.909660 0.244190
vt 0.922439 0.870514
vt 0.917900 0.269556
vt 0.924939 0.265220
vt 0.903369 0.264834
vt 0.909660 0.270184
vt 0.867934 0.257241
vt 0.865451 0.264866
vt 0.859900 0.257227
vt 0.917712 0.031017
vt 0.911241 0.031750
vt 0.913196 0.023996
vt 0.865451 0.249587
vt 0.874432 0.252505
vt 0.874432 0.261948
vt 0.922244 0.024448
vt 0.926072 0.928766
vt 0.918734 0.925773
vt 0.925594 0.920510
vt 0.698536 0.927493
vt 0.696889 0.933950
vt 0.690333 0.929015
vt 0.704730 0.913827
vt 0.703020 0.920529
vt 0.697762 0.912688
vt 0.782115 0.924268
vt 0.775970 0.929355
vt 0.775969 0.919992
vt 0.925882 0.032482
vt 0.933675 0.925355
vt 0.694122 0.920721
vt 0.768366 0.932511
vt 0.761029 0.928938
vt 0.767888 0.924837
vt 0.782186 0.916255
vt 0.123007 0.926056
vt 0.115968 0.930377
vt 0.118453 0.922705
vt 0.939820 0.921080
vt 0.933675 0.915993
vt 0.939891 0.913946
vt 0.689592 0.914153
vt 0.685076 0.921174
vt 0.683126 0.913421
vt 0.768366 0.916582
vt 0.761029 0.919576
vt 0.764870 0.911479
vt 0.107728 0.931021
vt 0.101437 0.925655
vt 0.109472 0.925624
vt 0.103922 0.917984
vt 0.111956 0.917969
vt 0.774104 0.911737
vt 0.109472 0.910345
vt 0.101437 0.910376
vt 0.107728 0.905027
vt 0.118453 0.913263
vt 0.115968 0.905655
vt 0.123007 0.909991
vt 0.124949 0.918016
vt 0.926072 0.912838
vt 0.931810 0.909101
vt 0.931139 0.024640
vt 0.926656 0.017676
vt 0.932845 0.016465
vt 0.918453 0.016155
vt 0.925005 0.011221
vt 0.690966 0.908176
vt 0.683146 0.928264
vt 0.932845 0.031343
vt 0.939891 0.929095
vt 0.931810 0.933612
vt 0.918734 0.916410
vt 0.919082 0.036994
vt 0.911262 0.016907
vt 0.782186 0.931404
vt 0.880928 0.257195
vt 0.774104 0.936249
vt 0.871947 0.244834
vt 0.878986 0.249155
vt 0.704730 0.928705
vt 0.857415 0.249555
vt 0.863707 0.244190
vt 0.922576 0.933870
vt 0.871947 0.269556
vt 0.878986 0.265220
vt 0.857415 0.264834
vt 0.863707 0.270184
s 1
usemtl npc_cici_mat.002
f 1/1/1 2/2/2 4/3/4 3/4/3
f 3/4/3 4/3/4 6/5/6 5/6/5
f 5/7/5 6/8/6 8/9/8 7/10/7
f 7/10/7 8/9/8 10/11/10 9/12/9
f 9/12/9 10/11/10 12/13/12 11/14/11
f 11/14/11 12/13/12 14/15/14 13/16/13
f 13/17/13 14/18/14 16/19/16 15/20/15
f 15/20/15 16/19/16 18/21/18 17/22/17
f 17/22/17 18/21/18 20/23/20 19/24/19
f 19/25/19 20/26/20 22/27/22 21/28/21
f 21/28/21 22/27/22 24/29/24 23/30/23
f 23/30/23 24/29/24 26/31/26 25/32/25
f 4/33/4 2/34/2 28/35/28 26/36/26 24/37/24 22/38/22 20/39/20 18/40/18 16/41/16 14/42/14 12/43/12 10/44/10 8/45/8 6/46/6
f 25/32/25 26/31/26 28/47/28 27/48/27
f 27/49/27 28/50/28 2/2/2 1/1/1
f 1/51/1 3/52/3 5/53/5 7/54/7 9/55/9 11/56/11 13/57/13 15/58/15 17/59/17 19/60/19 21/61/21 23/62/23 25/63/25 27/64/27
f 29/65/29 30/66/30 32/67/32 31/68/31
f 31/69/31 32/70/32 34/71/34 33/72/33
f 33/72/33 34/71/34 36/73/36 35/74/35
f 35/74/35 36/73/36 38/75/38 37/76/37
f 37/77/37 38/78/38 40/79/40 39/80/39
f 39/80/39 40/79/40 42/81/42 41/82/41
f 41/83/41 42/84/42 44/85/44 43/86/43
f 43/86/43 44/85/44 46/87/46 45/88/45
f 32/89/32 30/90/30 48/91/48 46/92/46 44/93/44 42/94/42 40/95/40 38/96/38 36/97/36 34/98/34
f 45/88/45 46/87/46 48/99/48 47/100/47
f 47/101/47 48/102/48 30/66/30 29/65/29
f 29/103/29 31/104/31 33/105/33 35/106/35 37/107/37 39/108/39 41/109/41 43/110/43 45/111/45 47/112/47
f 49/113/49 50/114/50 52/115/52 51/116/51
f 51/116/51 52/115/52 54/117/54 53/118/53
f 53/118/53 54/117/54 56/119/56 55/120/55
f 55/121/55 56/122/56 58/123/58 57/124/57
f 57/124/57 58/123/58 60/125/60 59/126/59
f 59/127/59 60/128/60 62/129/62 61/130/61
f 61/130/61 62/129/62 64/131/64 63/132/63
f 63/132/63 64/131/64 66/133/66 65/134/65
f 52/135/52 50/136/50 68/137/68 66/138/66 64/139/64 62/140/62 60/141/60 58/142/58 56/143/56 54/144/54
f 65/145/65 66/146/66 68/147/68 67/148/67
f 67/148/67 68/147/68 50/149/50 49/150/49
f 49/151/49 51/152/51 53/153/53 55/154/55 57/155/57 59/156/59 61/157/61 63/158/63 65/159/65 67/160/67
f 69/161/69 82/162/82 81/163/81
f 70/164/70 82/162/82 84/165/84
f 69/161/69 81/163/81 86/166/86
f 69/161/69 86/166/86 88/167/88
f 69/161/69 88/167/88 85/168/85
f 70/169/70 84/170/84 91/171/91
f 71/172/71 83/173/83 93/174/93
f 72/175/72 87/176/87 95/177/95
f 73/178/73 89/179/89 97/180/97
f 74/181/74 90/182/90 99/183/99
f 70/169/70 91/171/91 94/184/94
f 71/172/71 93/174/93 96/185/96
f 72/175/72 95/177/95 98/186/98
f 73/187/73 97/188/97 100/189/100
f 74/190/74 99/191/99 92/192/92
f 75/193/75 101/194/101 106/195/106
f 76/196/76 102/197/102 108/198/108
f 77/199/77 103/200/103 109/201/109
f 78/202/78 104/203/104 110/204/110
f 79/205/79 105/206/105 107/207/107
f 107/207/107 110/204/110 80/208/80
f 107/207/107 105/206/105 110/204/110
f 105/206/105 78/202/78 110/204/110
f 110/204/110 109/201/109 80/208/80
f 110/204/110 104/203/104 109/201/109
f 104/203/104 77/199/77 109/201/109
f 109/201/109 108/198/108 80/208/80
f 109/201/109 103/200/103 108/198/108
f 103/200/103 76/196/76 108/198/108
f 108/198/108 106/195/106 80/208/80
f 108/198/108 102/197/102 106/195/106
f 102/197/102 75/193/75 106/195/106
f 106/195/106 107/207/107 80/208/80
f 106/195/106 101/194/101 107/207/107
f 101/194/101 79/205/79 107/207/107
f 92/192/92 105/209/105 79/210/79
f 92/192/92 99/191/99 105/209/105
f 99/183/99 78/211/78 105/212/105
f 100/189/100 104/213/104 78/211/78
f 100/189/100 97/188/97 104/213/104
f 97/180/97 77/214/77 104/215/104
f 98/186/98 103/216/103 77/214/77
f 98/186/98 95/177/95 103/216/103
f 95/177/95 76/217/76 103/216/103
f 96/185/96 102/218/102 76/219/76
f 96/185/96 93/174/93 102/218/102
f 93/174/93 75/220/75 102/218/102
f 94/184/94 101/221/101 75/222/75
f 94/184/94 91/171/91 101/221/101
f 91/171/91 79/210/79 101/221/101
f 99/183/99 100/189/100 78/211/78
f 99/183/99 90/182/90 100/189/100
f 90/182/90 73/187/73 100/189/100
f 97/180/97 98/186/98 77/214/77
f 97/180/97 89/179/89 98/186/98
f 89/179/89 72/175/72 98/186/98
f 95/177/95 96/223/96 76/217/76
f 95/177/95 87/176/87 96/223/96
f 87/224/87 71/172/71 96/185/96
f 93/174/93 94/225/94 75/220/75
f 93/174/93 83/173/83 94/225/94
f 83/226/83 70/169/70 94/184/94
f 91/171/91 92/192/92 79/210/79
f 91/171/91 84/170/84 92/192/92
f 84/170/84 74/190/74 92/192/92
f 85/168/85 90/227/90 74/228/74
f 85/168/85 88/167/88 90/227/90
f 88/167/88 73/229/73 90/227/90
f 88/167/88 89/230/89 73/229/73
f 88/167/88 86/166/86 89/230/89
f 86/166/86 72/231/72 89/230/89
f 86/166/86 87/232/87 72/231/72
f 86/166/86 81/163/81 87/232/87
f 81/163/81 71/233/71 87/232/87
f 84/165/84 85/168/85 74/228/74
f 84/165/84 82/162/82 85/168/85
f 82/162/82 69/161/69 85/168/85
f 81/163/81 83/234/83 71/233/71
f 81/163/81 82/162/82 83/234/83
f 82/162/82 70/164/70 83/234/83
f 111/235/69 124/236/82 123/237/81
f 112/238/70 124/236/82 126/239/84
f 111/235/69 123/237/81 128/240/86
f 111/235/69 128/240/86 130/241/88
f 111/235/69 130/241/88 127/242/85
f 112/243/70 126/244/84 133/245/91
f 113/246/71 125/247/83 135/248/93
f 114/249/72 129/250/87 137/251/95
f 115/252/73 131/253/89 139/254/97
f 116/255/74 132/256/90 141/257/99
f 112/243/70 133/245/91 136/258/94
f 113/246/71 135/248/93 138/259/96
f 114/249/72 137/251/95 140/260/98
f 115/261/73 139/262/97 142/263/100
f 116/264/74 141/265/99 134/266/92
f 117/267/75 143/268/101 148/269/106
f 118/270/76 144/271/102 150/272/108
f 119/273/77 145/274/103 151/275/109
f 120/276/78 146/277/104 152/278/110
f 121/279/79 147/280/105 149/281/107
f 149/281/107 152/278/110 122/282/80
f 149/281/107 147/280/105 152/278/110
f 147/280/105 120/276/78 152/278/110
f 152/278/110 151/275/109 122/282/80
f 152/278/110 146/277/104 151/275/109
f 146/277/104 119/273/77 151/275/109
f 151/275/109 150/272/108 122/282/80
f 151/275/109 145/274/103 150/272/108
f 145/274/103 118/270/76 150/272/108
f 150/272/108 148/269/106 122/282/80
f 150/272/108 144/271/102 148/269/106
f 144/271/102 117/267/75 148/269/106
f 148/269/106 149/281/107 122/282/80
f 148/269/106 143/268/101 149/281/107
f 143/268/101 121/279/79 149/281/107
f 134/266/92 147/283/105 121/284/79
f 134/266/92 141/265/99 147/283/105
f 141/257/99 120/285/78 147/286/105
f 142/263/100 146/287/104 120/285/78
f 142/263/100 139/262/97 146/287/104
f 139/254/97 119/288/77 146/289/104
f 140/260/98 145/290/103 119/288/77
f 140/260/98 137/251/95 145/290/103
f 137/251/95 118/291/76 145/290/103
f 138/259/96 144/292/102 118/293/76
f 138/259/96 135/248/93 144/292/102
f 135/248/93 117/294/75 144/292/102
f 136/258/94 143/295/101 117/296/75
f 136/258/94 133/245/91 143/295/101
f 133/245/91 121/284/79 143/295/101
f 141/257/99 142/263/100 120/285/78
f 141/257/99 132/256/90 142/263/100
f 132/256/90 115/261/73 142/263/100
f 139/254/97 140/260/98 119/288/77
f 139/254/97 131/253/89 140/260/98
f 131/253/89 114/249/72 140/260/98
f 137/251/95 138/297/96 118/291/76
f 137/251/95 129/250/87 138/297/96
f 129/298/87 113/246/71 138/259/96
f 135/248/93 136/299/94 117/294/75
f 135/248/93 125/247/83 136/299/94
f 125/300/83 112/243/70 136/258/94
f 133/245/91 134/266/92 121/284/79
f 133/245/91 126/244/84 134/266/92
f 126/244/84 116/264/74 134/266/92
f 127/242/85 132/301/90 116/302/74
f 127/242/85 130/241/88 132/301/90
f 130/241/88 115/303/73 132/301/90
f 130/241/88 131/304/89 115/303/73
f 130/241/88 128/240/86 131/304/89
f 128/240/86 114/305/72 131/304/89
f 128/240/86 129/306/87 114/305/72
f 128/240/86 123/237/81 129/306/87
f 123/237/81 113/307/71 129/306/87
f 126/239/84 127/242/85 116/302/74
f 126/239/84 124/236/82 127/242/85
f 124/236/82 111/235/69 127/242/85
f 123/237/81 125/308/83 113/307/71
f 123/237/81 124/236/82 125/308/83
f 124/236/82 112/238/70 125/308/83
f 153/309/111 168/310/126 167/311/125
f 154/312/112 170/313/128 176/314/134
f 153/309/111 167/311/125 182/315/140
f 153/309/111 182/315/140 188/316/146
f 153/309/111 188/316/146 177/317/135
f 154/312/112 176/314/134 197/318/155
f 155/319/113 173/320/131 203/321/160
f 156/322/114 185/323/143 209/324/166
f 157/325/115 191/326/149 215/327/172
f 158/328/116 194/329/152 221/330/178
f 154/312/112 197/318/155 204/331/161
f 155/319/113 203/321/160 210/332/167
f 156/322/114 209/324/166 216/333/173
f 157/325/115 215/327/172 222/334/179
f 158/328/116 221/330/178 198/335/156
f 159/336/117 227/337/183 242/338/198
f 160/339/118 230/340/186 248/341/204
f 161/342/119 233/343/189 251/344/207
f 162/345/120 236/346/192 254/347/210
f 163/348/121 239/349/195 243/350/199
f 245/351/201 252/352/208 164/353/122
f 244/354/200 255/355/211 245/351/201
f 243/350/199 256/356/212 244/354/200
f 245/351/201 255/355/211 252/352/208
f 255/355/211 253/357/209 252/352/208
f 244/354/200 256/356/212 255/355/211
f 256/356/212 257/358/213 255/355/211
f 255/355/211 257/358/213 253/357/209
f 257/358/213 254/359/210 253/357/209
f 243/350/199 239/349/195 256/356/212
f 239/349/195 238/360/194 256/356/212
f 256/356/212 238/360/194 257/358/213
f 238/361/194 237/362/193 257/363/213
f 257/363/213 237/362/193 254/347/210
f 237/362/193 162/345/120 254/347/210
f 252/352/208 249/364/205 164/353/122
f 253/357/209 258/365/214 252/352/208
f 254/359/210 259/366/215 253/357/209
f 252/352/208 258/365/214 249/364/205
f 258/365/214 250/367/206 249/364/205
f 253/357/209 259/366/215 258/365/214
f 259/366/215 260/368/216 258/365/214
f 258/365/214 260/368/216 250/367/206
f 260/368/216 251/369/207 250/367/206
f 254/347/210 236/346/192 259/370/215
f 236/346/192 235/371/191 259/370/215
f 259/370/215 235/371/191 260/372/216
f 235/371/191 234/373/190 260/372/216
f 260/368/216 234/374/190 251/369/207
f 234/375/190 161/342/119 251/344/207
f 249/364/205 246/376/202 164/353/122
f 250/367/206 261/377/217 249/364/205
f 251/369/207 262/378/218 250/367/206
f 249/364/205 261/377/217 246/376/202
f 261/377/217 247/379/203 246/376/202
f 250/367/206 262/378/218 261/377/217
f 262/378/218 263/380/219 261/377/217
f 261/377/217 263/380/219 247/379/203
f 263/380/219 248/381/204 247/379/203
f 251/369/207 233/382/189 262/378/218
f 233/382/189 232/383/188 262/378/218
f 262/378/218 232/383/188 263/380/219
f 232/383/188 231/384/187 263/380/219
f 263/380/219 231/384/187 248/381/204
f 231/384/187 160/385/118 248/381/204
f 246/376/202 240/386/196 164/353/122
f 247/379/203 264/387/220 246/376/202
f 248/381/204 265/388/221 247/379/203
f 246/376/202 264/387/220 240/386/196
f 264/387/220 241/389/197 240/386/196
f 247/379/203 265/388/221 264/387/220
f 265/388/221 266/390/222 264/387/220
f 264/387/220 266/390/222 241/389/197
f 266/390/222 242/391/198 241/389/197
f 248/341/204 230/340/186 265/392/221
f 230/340/186 229/393/185 265/392/221
f 265/392/221 229/393/185 266/394/222
f 229/393/185 228/395/184 266/394/222
f 266/394/222 228/395/184 242/338/198
f 228/395/184 159/336/117 242/338/198
f 240/386/196 245/351/201 164/353/122
f 241/389/197 267/396/223 240/386/196
f 242/391/198 268/397/224 241/389/197
f 240/386/196 267/396/223 245/351/201
f 267/396/223 244/354/200 245/351/201
f 241/389/197 268/397/224 267/396/223
f 268/397/224 269/398/225 267/396/223
f 267/396/223 269/398/225 244/354/200
f 269/398/225 243/350/199 244/354/200
f 242/391/198 227/399/183 268/397/224
f 227/399/183 226/400/182 268/397/224
f 268/397/224 226/400/182 269/398/225
f 226/400/182 225/401/181 269/398/225
f 269/398/225 225/401/181 243/350/199
f 225/402/181 163/403/121 243/404/199
f 200/405/158 239/406/195 163/403/121
f 199/407/157 270/408/226 200/405/158
f 198/335/156 271/409/227 199/410/157
f 200/405/158 270/408/226 239/406/195
f 270/411/226 238/361/194 239/412/195
f 199/410/157 271/409/227 270/411/226
f 271/409/227 272/413/228 270/411/226
f 270/411/226 272/413/228 238/361/194
f 272/413/228 237/362/193 238/361/194
f 198/335/156 221/330/178 271/409/227
f 221/330/178 220/414/177 271/409/227
f 271/409/227 220/414/177 272/413/228
f 220/414/177 219/415/176 272/413/228
f 272/413/228 219/415/176 237/362/193
f 219/415/176 162/345/120 237/362/193
f 224/416/180 236/346/192 162/345/120
f 223/417/100 273/418/229 224/416/180
f 222/334/179 274/419/230 223/417/100
f 224/416/180 273/418/229 236/346/192
f 273/418/229 235/371/191 236/346/192
f 223/417/100 274/419/230 273/418/229
f 274/419/230 275/420/231 273/418/229
f 273/418/229 275/420/231 235/371/191
f 275/420/231 234/373/190 235/371/191
f 222/334/179 215/327/172 274/419/230
f 215/327/172 214/421/171 274/419/230
f 274/419/230 214/421/171 275/420/231
f 214/421/171 213/422/170 275/420/231
f 275/420/231 213/422/170 234/373/190
f 213/423/170 161/342/119 234/375/190
f 218/424/175 233/343/189 161/342/119
f 217/425/174 276/426/232 218/424/175
f 216/333/173 277/427/233 217/425/174
f 218/424/175 276/426/232 233/343/189
f 276/426/232 232/428/188 233/343/189
f 217/425/174 277/427/233 276/426/232
f 277/427/233 278/429/234 276/426/232
f 276/426/232 278/429/234 232/428/188
f 278/429/234 231/430/187 232/428/188
f 216/333/173 209/324/166 277/427/233
f 209/324/166 208/431/165 277/427/233
f 277/427/233 208/431/165 278/429/234
f 208/431/165 207/432/164 278/429/234
f 278/429/234 207/432/164 231/430/187
f 207/433/164 160/339/118 231/434/187
f 212/435/169 230/340/186 160/339/118
f 211/436/168 279/437/235 212/435/169
f 210/332/167 280/438/236 211/436/168
f 212/435/169 279/437/235 230/340/186
f 279/437/235 229/393/185 230/340/186
f 211/436/168 280/438/236 279/437/235
f 280/438/236 281/439/237 279/437/235
f 279/437/235 281/439/237 229/393/185
f 281/439/237 228/395/184 229/393/185
f 210/332/167 203/321/160 280/438/236
f 203/321/160 202/440/93 280/438/236
f 280/438/236 202/440/93 281/439/237
f 202/440/93 201/441/159 281/439/237
f 281/439/237 201/441/159 228/395/184
f 201/441/159 159/336/117 228/395/184
f 206/442/163 227/337/183 159/336/117
f 205/443/162 282/444/238 206/442/163
f 204/331/161 283/445/239 205/446/162
f 206/442/163 282/444/238 227/337/183
f 282/447/238 226/448/182 227/449/183
f 205/446/162 283/445/239 282/447/238
f 283/445/239 284/450/240 282/447/238
f 282/447/238 284/450/240 226/448/182
f 284/450/240 225/402/181 226/448/182
f 204/331/161 197/318/155 283/445/239
f 197/318/155 196/451/154 283/445/239
f 283/445/239 196/451/154 284/450/240
f 196/451/154 195/452/153 284/450/240
f 284/450/240 195/452/153 225/402/181
f 195/452/153 163/403/121 225/402/181
f 219/415/176 224/416/180 162/345/120
f 220/414/177 285/453/241 219/415/176
f 221/330/178 286/454/242 220/414/177
f 219/415/176 285/453/241 224/416/180
f 285/453/241 223/417/100 224/416/180
f 220/414/177 286/454/242 285/453/241
f 286/454/242 287/455/243 285/453/241
f 285/453/241 287/455/243 223/417/100
f 287/455/243 222/334/179 223/417/100
f 221/330/178 194/329/152 286/454/242
f 194/329/152 193/456/151 286/454/242
f 286/454/242 193/456/151 287/455/243
f 193/456/151 192/457/150 287/455/243
f 287/455/243 192/457/150 222/334/179
f 192/457/150 157/325/115 222/334/179
f 213/423/170 218/424/175 161/342/119
f 214/458/171 288/459/244 213/423/170
f 215/327/172 289/460/245 214/421/171
f 213/423/170 288/459/244 218/424/175
f 288/459/244 217/425/174 218/424/175
f 214/458/171 289/461/245 288/459/244
f 289/461/245 290/462/246 288/459/244
f 288/459/244 290/462/246 217/425/174
f 290/462/246 216/333/173 217/425/174
f 215/327/172 191/326/149 289/460/245
f 191/463/149 190/464/148 289/461/245
f 289/461/245 190/464/148 290/462/246
f 190/464/148 189/465/147 290/462/246
f 290/462/246 189/465/147 216/333/173
f 189/465/147 156/322/114 216/333/173
f 207/433/164 212/435/169 160/339/118
f 208/466/165 291/467/247 207/433/164
f 209/324/166 292/468/248 208/431/165
f 207/433/164 291/467/247 212/435/169
f 291/467/247 211/436/168 212/435/169
f 208/466/165 292/469/248 291/467/247
f 292/469/248 293/470/249 291/467/247
f 291/467/247 293/470/249 211/436/168
f 293/470/249 210/332/167 211/436/168
f 209/324/166 185/323/143 292/468/248
f 185/471/143 184/472/142 292/469/248
f 292/469/248 184/472/142 293/470/249
f 184/472/142 183/473/141 293/470/249
f 293/470/249 183/473/141 210/332/167
f 183/473/141 155/319/113 210/332/167
f 201/441/159 206/442/163 159/336/117
f 202/440/93 294/474/250 201/441/159
f 203/321/160 295/475/251 202/440/93
f 201/441/159 294/474/250 206/442/163
f 294/474/250 205/443/162 206/442/163
f 202/440/93 295/475/251 294/474/250
f 295/475/251 296/476/252 294/474/250
f 294/474/250 296/476/252 205/443/162
f 296/476/252 204/477/161 205/443/162
f 203/321/160 173/320/131 295/475/251
f 173/320/131 172/478/130 295/475/251
f 295/475/251 172/478/130 296/476/252
f 172/478/130 171/479/129 296/476/252
f 296/476/252 171/479/129 204/477/161
f 171/480/129 154/312/112 204/331/161
f 195/452/153 200/405/158 163/403/121
f 196/451/154 297/481/253 195/452/153
f 197/318/155 298/482/254 196/451/154
f 195/452/153 297/481/253 200/405/158
f 297/481/253 199/407/157 200/405/158
f 196/451/154 298/482/254 297/481/253
f 298/482/254 299/483/255 297/481/253
f 297/481/253 299/483/255 199/407/157
f 299/483/255 198/484/156 199/407/157
f 197/318/155 176/314/134 298/482/254
f 176/314/134 175/485/133 298/482/254
f 298/482/254 175/485/133 299/483/255
f 175/485/133 174/486/132 299/483/255
f 299/483/255 174/486/132 198/484/156
f 174/487/132 158/328/116 198/335/156
f 179/488/137 194/329/152 158/328/116
f 178/489/136 300/490/256 179/491/137
f 177/317/135 301/492/257 178/489/136
f 179/488/137 300/493/256 194/329/152
f 300/493/256 193/456/151 194/329/152
f 178/489/136 301/492/257 300/490/256
f 301/492/257 302/494/258 300/490/256
f 300/493/256 302/495/258 193/456/151
f 302/495/258 192/457/150 193/456/151
f 177/317/135 188/316/146 301/492/257
f 188/316/146 187/496/145 301/492/257
f 301/492/257 187/496/145 302/494/258
f 187/496/145 186/497/144 302/494/258
f 302/495/258 186/498/144 192/457/150
f 186/498/144 157/325/115 192/457/150
f 186/498/144 191/326/149 157/325/115
f 187/496/145 303/499/259 186/497/144
f 188/316/146 304/500/260 187/496/145
f 186/497/144 303/499/259 191/501/149
f 303/499/259 190/502/148 191/501/149
f 187/496/145 304/500/260 303/499/259
f 304/500/260 305/503/261 303/499/259
f 303/499/259 305/503/261 190/502/148
f 305/503/261 189/504/147 190/502/148
f 188/316/146 182/315/140 304/500/260
f 182/315/140 181/505/139 304/500/260
f 304/500/260 181/505/139 305/503/261
f 181/505/139 180/506/138 305/503/261
f 305/503/261 180/506/138 189/504/147
f 180/507/138 156/322/114 189/465/147
f 180/506/138 185/508/143 156/509/114
f 181/505/139 306/510/262 180/506/138
f 182/315/140 307/511/263 181/505/139
f 180/506/138 306/510/262 185/508/143
f 306/510/262 184/512/142 185/508/143
f 181/505/139 307/511/263 306/510/262
f 307/511/263 308/513/264 306/510/262
f 306/510/262 308/513/264 184/512/142
f 308/514/264 183/473/141 184/472/142
f 182/315/140 167/311/125 307/511/263
f 167/311/125 166/515/124 307/511/263
f 307/511/263 166/515/124 308/513/264
f 166/515/124 165/516/123 308/513/264
f 308/514/264 165/517/123 183/473/141
f 165/517/123 155/319/113 183/473/141
f 174/518/132 179/491/137 158/519/116
f 175/520/133 309/521/265 174/518/132
f 176/522/134 310/523/266 175/520/133
f 174/518/132 309/521/265 179/491/137
f 309/521/265 178/489/136 179/491/137
f 175/520/133 310/523/266 309/521/265
f 310/523/266 311/524/267 309/521/265
f 309/521/265 311/524/267 178/489/136
f 311/524/267 177/317/135 178/489/136
f 176/522/134 170/525/128 310/523/266
f 170/525/128 169/526/127 310/523/266
f 310/523/266 169/526/127 311/524/267
f 169/526/127 168/310/126 311/524/267
f 311/524/267 168/310/126 177/317/135
f 168/310/126 153/309/111 177/317/135
f 165/517/123 173/320/131 155/319/113
f 166/515/124 312/527/268 165/516/123
f 167/311/125 313/528/269 166/515/124
f 165/517/123 312/529/268 173/320/131
f 312/529/268 172/478/130 173/320/131
f 166/515/124 313/528/269 312/527/268
f 313/528/269 314/530/270 312/527/268
f 312/529/268 314/531/270 172/478/130
f 314/531/270 171/479/129 172/478/130
f 167/311/125 168/310/126 313/528/269
f 168/310/126 169/526/127 313/528/269
f 313/528/269 169/526/127 314/530/270
f 169/526/127 170/525/128 314/530/270
f 314/530/270 170/525/128 171/532/129
f 170/313/128 154/312/112 171/480/129
f 315/533/271 330/534/286 329/535/285
f 316/536/272 332/537/288 338/538/294
f 315/533/271 329/535/285 344/539/300
f 315/533/271 344/539/300 350/540/306
f 315/533/271 350/540/306 339/541/295
f 316/536/272 338/538/294 359/542/315
f 317/543/273 335/544/291 365/545/320
f 318/546/274 347/547/303 371/548/326
f 319/549/275 353/550/309 377/551/332
f 320/552/276 356/553/312 383/554/338
f 316/536/272 359/542/315 366/555/321
f 317/543/273 365/545/320 372/556/327
f 318/546/274 371/548/326 378/557/333
f 319/549/275 377/551/332 384/558/339
f 320/552/276 383/554/338 360/559/316
f 321/560/277 389/561/343 404/562/358
f 322/563/278 392/564/346 410/565/364
f 323/566/279 395/567/349 413/568/367
f 324/569/280 398/570/352 416/571/370
f 325/572/281 401/573/355 405/574/359
f 407/575/361 414/576/368 326/577/282
f 406/578/360 417/579/371 407/575/361
f 405/580/359 418/581/372 406/578/360
f 407/575/361 417/579/371 414/576/368
f 417/579/371 415/582/369 414/576/368
f 406/578/360 418/581/372 417/579/371
f 418/581/372 419/583/373 417/579/371
f 417/579/371 419/583/373 415/582/369
f 419/583/373 416/584/370 415/582/369
f 405/580/359 401/585/355 418/581/372
f 401/585/355 400/586/354 418/581/372
f 418/581/372 400/586/354 419/583/373
f 400/587/354 399/588/353 419/589/373
f 419/589/373 399/588/353 416/571/370
f 399/588/353 324/569/280 416/571/370
f 414/576/368 411/590/365 326/577/282
f 415/582/369 420/591/374 414/576/368
f 416/571/370 421/592/375 415/593/369
f 414/576/368 420/591/374 411/590/365
f 420/591/374 412/594/366 411/590/365
f 415/582/369 421/595/375 420/591/374
f 421/595/375 422/596/376 420/591/374
f 420/591/374 422/596/376 412/594/366
f 422/596/376 413/597/367 412/594/366
f 416/571/370 398/570/352 421/592/375
f 398/570/352 397/598/351 421/592/375
f 421/592/375 397/598/351 422/599/376
f 397/598/351 396/600/350 422/599/376
f 422/596/376 396/601/350 413/597/367
f 396/602/350 323/566/279 413/568/367
f 411/590/365 408/603/362 326/577/282
f 412/594/366 423/604/377 411/590/365
f 413/597/367 424/605/378 412/594/366
f 411/590/365 423/604/377 408/603/362
f 423/604/377 409/606/363 408/603/362
f 412/594/366 424/605/378 423/604/377
f 424/605/378 425/607/379 423/604/377
f 423/604/377 425/607/379 409/606/363
f 425/607/379 410/608/364 409/606/363
f 413/597/367 395/609/349 424/605/378
f 395/567/349 394/610/348 424/611/378
f 424/605/378 394/612/348 425/607/379
f 394/612/348 393/613/347 425/607/379
f 425/607/379 393/613/347 410/608/364
f 393/614/347 322/563/278 410/565/364
f 408/603/362 402/615/356 326/577/282
f 409/606/363 426/616/380 408/603/362
f 410/608/364 427/617/381 409/606/363
f 408/603/362 426/616/380 402/615/356
f 426/616/380 403/618/357 402/615/356
f 409/606/363 427/617/381 426/616/380
f 427/617/381 428/619/382 426/616/380
f 426/616/380 428/619/382 403/618/357
f 428/619/382 404/620/358 403/618/357
f 410/565/364 392/564/346 427/621/381
f 392/564/346 391/622/345 427/621/381
f 427/621/381 391/622/345 428/623/382
f 391/622/345 390/624/344 428/623/382
f 428/623/382 390/624/344 404/562/358
f 390/624/344 321/560/277 404/562/358
f 402/615/356 407/575/361 326/577/282
f 403/618/357 429/625/383 402/615/356
f 404/620/358 430/626/384 403/618/357
f 402/615/356 429/625/383 407/575/361
f 429/625/383 406/578/360 407/575/361
f 403/618/357 430/626/384 429/625/383
f 430/626/384 431/627/385 429/625/383
f 429/625/383 431/627/385 406/578/360
f 431/627/385 405/580/359 406/578/360
f 404/562/358 389/561/343 430/628/384
f 389/629/343 388/630/342 430/626/384
f 430/626/384 388/630/342 431/627/385
f 388/631/342 387/632/341 431/633/385
f 431/627/385 387/634/341 405/580/359
f 387/632/341 325/572/281 405/574/359
f 362/635/318 401/573/355 325/572/281
f 361/636/317 432/637/386 362/635/318
f 360/559/316 433/638/387 361/639/317
f 362/635/318 432/637/386 401/573/355
f 432/640/386 400/587/354 401/641/355
f 361/639/317 433/638/387 432/640/386
f 433/638/387 434/642/388 432/640/386
f 432/640/386 434/642/388 400/587/354
f 434/642/388 399/588/353 400/587/354
f 360/559/316 383/554/338 433/638/387
f 383/554/338 382/643/337 433/638/387
f 433/638/387 382/643/337 434/642/388
f 382/643/337 381/644/336 434/642/388
f 434/642/388 381/644/336 399/588/353
f 381/644/336 324/569/280 399/588/353
f 386/645/340 398/570/352 324/569/280
f 385/646/100 435/647/389 386/645/340
f 384/558/339 436/648/390 385/646/100
f 386/645/340 435/647/389 398/570/352
f 435/647/389 397/598/351 398/570/352
f 385/646/100 436/648/390 435/647/389
f 436/648/390 437/649/391 435/647/389
f 435/647/389 437/649/391 397/598/351
f 437/649/391 396/600/350 397/598/351
f 384/558/339 377/551/332 436/648/390
f 377/551/332 376/650/331 436/648/390
f 436/648/390 376/650/331 437/649/391
f 376/650/331 375/651/330 437/649/391
f 437/649/391 375/651/330 396/600/350
f 375/652/330 323/566/279 396/602/350
f 380/653/335 395/567/349 323/566/279
f 379/654/334 438/655/392 380/653/335
f 378/557/333 439/656/393 379/654/334
f 380/653/335 438/655/392 395/567/349
f 438/655/392 394/610/348 395/567/349
f 379/654/334 439/656/393 438/655/392
f 439/656/393 440/657/394 438/655/392
f 438/655/392 440/657/394 394/610/348
f 440/657/394 393/658/347 394/610/348
f 378/557/333 371/548/326 439/656/393
f 371/548/326 370/659/325 439/656/393
f 439/656/393 370/659/325 440/657/394
f 370/659/325 369/660/324 440/657/394
f 440/657/394 369/660/324 393/658/347
f 369/661/324 322/563/278 393/614/347
f 374/662/329 392/564/346 322/563/278
f 373/663/328 441/664/395 374/662/329
f 372/556/327 442/665/396 373/663/328
f 374/662/329 441/664/395 392/564/346
f 441/664/395 391/622/345 392/564/346
f 373/663/328 442/665/396 441/664/395
f 442/665/396 443/666/397 441/664/395
f 441/664/395 443/666/397 391/622/345
f 443/666/397 390/624/344 391/622/345
f 372/556/327 365/545/320 442/665/396
f 365/545/320 364/667/93 442/665/396
f 442/665/396 364/667/93 443/666/397
f 364/667/93 363/668/319 443/666/397
f 443/666/397 363/668/319 390/624/344
f 363/668/319 321/560/277 390/624/344
f 368/669/323 389/561/343 321/560/277
f 367/670/322 444/671/398 368/669/323
f 366/555/321 445/672/399 367/673/322
f 368/669/323 444/671/398 389/561/343
f 444/674/398 388/631/342 389/675/343
f 367/673/322 445/672/399 444/674/398
f 445/672/399 446/676/400 444/674/398
f 444/674/398 446/676/400 388/631/342
f 446/676/400 387/632/341 388/631/342
f 366/555/321 359/542/315 445/672/399
f 359/542/315 358/677/314 445/672/399
f 445/672/399 358/677/314 446/676/400
f 358/677/314 357/678/313 446/676/400
f 446/676/400 357/678/313 387/632/341
f 357/678/313 325/572/281 387/632/341
f 381/644/336 386/645/340 324/569/280
f 382/643/337 447/679/401 381/644/336
f 383/554/338 448/680/402 382/643/337
f 381/644/336 447/679/401 386/645/340
f 447/679/401 385/646/100 386/645/340
f 382/643/337 448/680/402 447/679/401
f 448/680/402 449/681/403 447/679/401
f 447/679/401 449/681/403 385/646/100
f 449/681/403 384/558/339 385/646/100
f 383/554/338 356/553/312 448/680/402
f 356/553/312 355/682/311 448/680/402
f 448/680/402 355/682/311 449/681/403
f 355/682/311 354/683/310 449/681/403
f 449/681/403 354/683/310 384/558/339
f 354/683/310 319/549/275 384/558/339
f 375/652/330 380/653/335 323/566/279
f 376/684/331 450/685/404 375/652/330
f 377/551/332 451/686/405 376/650/331
f 375/652/330 450/685/404 380/653/335
f 450/685/404 379/654/334 380/653/335
f 376/684/331 451/687/405 450/685/404
f 451/687/405 452/688/406 450/685/404
f 450/685/404 452/688/406 379/654/334
f 452/688/406 378/557/333 379/654/334
f 377/551/332 353/550/309 451/686/405
f 353/689/309 352/690/308 451/687/405
f 451/687/405 352/690/308 452/688/406
f 352/690/308 351/691/307 452/688/406
f 452/688/406 351/691/307 378/557/333
f 351/691/307 318/546/274 378/557/333
f 369/661/324 374/662/329 322/563/278
f 370/692/325 453/693/407 369/661/324
f 371/548/326 454/694/408 370/659/325
f 369/661/324 453/693/407 374/662/329
f 453/693/407 373/663/328 374/662/329
f 370/692/325 454/695/408 453/693/407
f 454/695/408 455/696/409 453/693/407
f 453/693/407 455/696/409 373/663/328
f 455/696/409 372/556/327 373/663/328
f 371/548/326 347/547/303 454/694/408
f 347/697/303 346/698/302 454/695/408
f 454/695/408 346/698/302 455/696/409
f 346/698/302 345/699/301 455/696/409
f 455/696/409 345/699/301 372/556/327
f 345/699/301 317/543/273 372/556/327
f 363/668/319 368/669/323 321/560/277
f 364/667/93 456/700/410 363/668/319
f 365/545/320 457/701/411 364/667/93
f 363/668/319 456/700/410 368/669/323
f 456/700/410 367/670/322 368/669/323
f 364/667/93 457/701/411 456/700/410
f 457/701/411 458/702/412 456/700/410
f 456/700/410 458/702/412 367/670/322
f 458/702/412 366/703/321 367/670/322
f 365/545/320 335/544/291 457/701/411
f 335/544/291 334/704/290 457/701/411
f 457/701/411 334/704/290 458/702/412
f 334/704/290 333/705/289 458/702/412
f 458/702/412 333/705/289 366/703/321
f 333/706/289 316/536/272 366/555/321
f 357/678/313 362/635/318 325/572/281
f 358/677/314 459/707/413 357/678/313
f 359/542/315 460/708/414 358/677/314
f 357/678/313 459/707/413 362/635/318
f 459/707/413 361/636/317 362/635/318
f 358/677/314 460/708/414 459/707/413
f 460/708/414 461/709/415 459/707/413
f 459/707/413 461/709/415 361/636/317
f 461/709/415 360/710/316 361/636/317
f 359/542/315 338/538/294 460/708/414
f 338/538/294 337/711/293 460/708/414
f 460/708/414 337/711/293 461/709/415
f 337/711/293 336/712/292 461/709/415
f 461/709/415 336/712/292 360/710/316
f 336/713/292 320/552/276 360/559/316
f 341/714/297 356/553/312 320/552/276
f 340/715/296 462/716/416 341/717/297
f 339/541/295 463/718/417 340/715/296
f 341/714/297 462/719/416 356/553/312
f 462/719/416 355/682/311 356/553/312
f 340/715/296 463/718/417 462/716/416
f 463/718/417 464/720/418 462/716/416
f 462/719/416 464/721/418 355/682/311
f 464/721/418 354/683/310 355/682/311
f 339/541/295 350/540/306 463/718/417
f 350/540/306 349/722/305 463/718/417
f 463/718/417 349/722/305 464/720/418
f 349/722/305 348/723/304 464/720/418
f 464/721/418 348/724/304 354/683/310
f 348/724/304 319/549/275 354/683/310
f 348/724/304 353/550/309 319/549/275
f 349/722/305 465/725/419 348/723/304
f 350/540/306 466/726/420 349/722/305
f 348/724/304 465/727/419 353/550/309
f 465/725/419 352/728/308 353/729/309
f 349/722/305 466/726/420 465/725/419
f 466/726/420 467/730/421 465/725/419
f 465/725/419 467/730/421 352/728/308
f 467/731/421 351/691/307 352/690/308
f 350/540/306 344/539/300 466/726/420
f 344/539/300 343/732/299 466/726/420
f 466/726/420 343/732/299 467/730/421
f 343/732/299 342/733/298 467/730/421
f 467/730/421 342/733/298 351/734/307
f 342/735/298 318/546/274 351/691/307
f 342/735/298 347/547/303 318/546/274
f 343/732/299 468/736/422 342/733/298
f 344/539/300 469/737/423 343/732/299
f 342/733/298 468/736/422 347/738/303
f 468/736/422 346/739/302 347/738/303
f 343/732/299 469/737/423 468/736/422
f 469/737/423 470/740/424 468/736/422
f 468/736/422 470/740/424 346/739/302
f 470/741/424 345/699/301 346/698/302
f 344/539/300 329/535/285 469/737/423
f 329/535/285 328/742/284 469/737/423
f 469/737/423 328/742/284 470/740/424
f 328/742/284 327/743/283 470/740/424
f 470/741/424 327/744/283 345/699/301
f 327/744/283 317/543/273 345/699/301
f 336/713/292 341/714/297 320/552/276
f 337/745/293 471/746/425 336/747/292
f 338/538/294 472/748/426 337/711/293
f 336/747/292 471/746/425 341/717/297
f 471/746/425 340/715/296 341/717/297
f 337/745/293 472/749/426 471/746/425
f 472/749/426 473/750/427 471/746/425
f 471/746/425 473/750/427 340/715/296
f 473/750/427 339/541/295 340/715/296
f 338/751/294 332/752/288 472/749/426
f 332/752/288 331/753/287 472/749/426
f 472/749/426 331/753/287 473/750/427
f 331/753/287 330/534/286 473/750/427
f 473/750/427 330/534/286 339/541/295
f 330/534/286 315/533/271 339/541/295
f 327/744/283 335/544/291 317/543/273
f 328/754/284 474/755/428 327/744/283
f 329/535/285 475/756/429 328/742/284
f 327/744/283 474/755/428 335/544/291
f 474/755/428 334/704/290 335/544/291
f 328/742/284 475/756/429 474/757/428
f 475/756/429 476/758/430 474/757/428
f 474/755/428 476/759/430 334/704/290
f 476/759/430 333/705/289 334/704/290
f 329/535/285 330/534/286 475/756/429
f 330/534/286 331/753/287 475/756/429
f 475/756/429 331/753/287 476/758/430
f 331/753/287 332/752/288 476/758/430
f 476/758/430 332/752/288 333/760/289
f 332/537/288 316/536/272 333/706/289
f 477/761/431 478/762/432 480/763/434 479/764/433
f 479/765/433 480/766/434 484/767/438 483/768/437
f 483/769/437 484/770/438 482/771/436 481/772/435
f 481/773/435 482/774/436 478/775/432 477/776/431
f 479/777/433 483/778/437 481/779/435 477/780/431
f 484/781/438 480/782/434 478/783/432 482/784/436
f 485/785/439 486/786/440 488/787/442 487/788/441
f 487/789/441 488/790/442 492/791/446 491/792/445
f 491/793/445 492/794/446 490/795/444 489/796/443
f 489/797/443 490/798/444 486/799/440 485/800/439
f 487/801/441 491/802/445 489/803/443 485/804/439
f 492/805/446 488/806/442 486/807/440 490/808/444
f 493/809/447 506/810/460 505/811/459
f 494/812/448 506/813/460 508/814/462
f 493/809/447 505/811/459 510/815/464
f 493/809/447 510/815/464 512/816/466
f 493/809/447 512/816/466 509/817/463
f 494/812/448 508/814/462 515/818/469
f 495/819/449 507/820/461 517/821/93
f 496/822/450 511/823/465 519/824/472
f 497/825/451 513/826/467 521/827/474
f 498/828/452 514/829/468 523/830/476
f 494/812/448 515/818/469 518/831/471
f 495/819/449 517/821/93 520/832/473
f 496/822/450 519/824/472 522/833/475
f 497/834/451 521/835/474 524/836/100
f 498/828/452 523/830/476 516/837/470
f 499/838/453 525/839/477 530/840/482
f 500/841/454 526/842/478 532/843/484
f 501/844/455 527/845/479 533/846/485
f 502/847/456 528/848/480 534/849/486
f 503/850/457 529/851/481 531/852/483
f 531/852/483 534/853/486 504/854/458
f 531/852/483 529/851/481 534/853/486
f 529/855/481 502/847/456 534/849/486
f 534/853/486 533/856/485 504/854/458
f 534/853/486 528/857/480 533/856/485
f 528/857/480 501/858/455 533/856/485
f 533/856/485 532/859/484 504/854/458
f 533/856/485 527/860/479 532/859/484
f 527/860/479 500/861/454 532/859/484
f 532/859/484 530/840/482 504/854/458
f 532/859/484 526/862/478 530/840/482
f 526/842/478 499/863/453 530/864/482
f 530/840/482 531/852/483 504/854/458
f 530/840/482 525/839/477 531/852/483
f 525/865/477 503/866/457 531/867/483
f 516/868/470 529/869/481 503/866/457
f 516/837/470 523/830/476 529/855/481
f 523/830/476 502/847/456 529/855/481
f 524/836/100 528/848/480 502/847/456
f 524/836/100 521/835/474 528/848/480
f 521/827/474 501/844/455 528/870/480
f 522/833/475 527/845/479 501/844/455
f 522/833/475 519/824/472 527/845/479
f 519/824/472 500/871/454 527/845/479
f 520/832/473 526/842/478 500/841/454
f 520/832/473 517/821/93 526/842/478
f 517/821/93 499/863/453 526/842/478
f 518/831/471 525/865/477 499/872/453
f 518/831/471 515/818/469 525/865/477
f 515/818/469 503/866/457 525/865/477
f 523/830/476 524/836/100 502/847/456
f 523/830/476 514/829/468 524/836/100
f 514/829/468 497/834/451 524/836/100
f 521/827/474 522/833/475 501/844/455
f 521/827/474 513/826/467 522/833/475
f 513/826/467 496/822/450 522/833/475
f 519/873/472 520/832/473 500/841/454
f 519/873/472 511/874/465 520/832/473
f 511/874/465 495/819/449 520/832/473
f 517/821/93 518/875/471 499/863/453
f 517/821/93 507/820/461 518/875/471
f 507/876/461 494/812/448 518/831/471
f 515/818/469 516/868/470 503/866/457
f 515/818/469 508/814/462 516/868/470
f 508/814/462 498/877/452 516/868/470
f 509/878/463 514/829/468 498/828/452
f 509/817/463 512/816/466 514/879/468
f 512/880/466 497/834/451 514/829/468
f 512/816/466 513/881/467 497/882/451
f 512/816/466 510/815/464 513/881/467
f 510/883/464 496/822/450 513/826/467
f 510/815/464 511/884/465 496/885/450
f 510/815/464 505/811/459 511/884/465
f 505/886/459 495/819/449 511/874/465
f 508/887/462 509/817/463 498/888/452
f 508/887/462 506/810/460 509/817/463
f 506/810/460 493/809/447 509/817/463
f 505/886/459 507/820/461 495/819/449
f 505/811/459 506/810/460 507/889/461
f 506/810/460 494/890/448 507/889/461
f 535/891/487 536/892/488 538/893/490 537/894/489
f 537/894/489 538/893/490 540/895/492 539/896/491
f 539/896/491 540/895/492 542/897/494 541/898/493
f 541/899/493 542/900/494 544/901/496 543/902/495
f 543/902/495 544/901/496 546/903/498 545/904/497
f 545/905/497 546/906/498 548/907/500 547/908/499
f 547/908/499 548/907/500 550/909/502 549/910/501
f 549/910/501 550/909/502 552/911/504 551/912/503
f 538/913/490 536/914/488 554/915/506 552/916/504 550/917/502 548/918/500 546/919/498 544/920/496 542/921/494 540/922/492
f 551/923/503 552/924/504 554/925/506 553/926/505
f 553/926/505 554/925/506 536/927/488 535/928/487
f 535/929/487 537/930/489 539/931/491 541/932/493 543/933/495 545/934/497 547/935/499 549/936/501 551/937/503 553/938/505
f 555/939/507 556/940/508 558/941/510 557/942/509
f 557/943/509 558/944/510 560/945/512 559/946/511
f 559/946/511 560/945/512 562/947/514 561/948/513
f 561/948/513 562/947/514 564/949/516 563/950/515
f 563/951/515 564/952/516 566/953/518 565/954/517
f 565/954/517 566/953/518 568/955/520 567/956/519
f 567/957/519 568/958/520 570/959/522 569/960/521
f 569/960/521 570/959/522 572/961/524 571/962/523
f 558/963/510 556/964/508 574/965/526 572/966/524 570/967/522 568/968/520 566/969/518 564/970/516 562/971/514 560/972/512
f 571/962/523 572/961/524 574/973/526 573/974/525
f 573/975/525 574/976/526 556/940/508 555/939/507
f 555/977/507 557/978/509 559/979/511 561/980/513 563/981/515 565/982/517 567/983/519 569/984/521 571/985/523 573/986/525
f 575/987/527 576/988/528 578/989/530 577/990/529
f 577/990/529 578/989/530 580/991/532 579/992/531
f 579/993/531 580/994/532 582/995/534 581/996/533
f 581/996/533 582/995/534 584/997/536 583/998/535
f 583/998/535 584/997/536 586/999/538 585/1000/537
f 585/1001/537 586/1002/538 588/1003/540 587/1004/539
f 587/1004/539 588/1003/540 590/1005/542 589/1006/541
f 589/1006/541 590/1005/542 592/1007/544 591/1008/543
f 591/1009/543 592/1010/544 594/1011/546 593/1012/545
f 593/1012/545 594/1011/546 596/1013/548 595/1014/547
f 578/1015/530 576/1016/528 598/1017/550 596/1018/548 594/1019/546 592/1020/544 590/1021/542 588/1022/540 586/1023/538 584/1024/536 582/1025/534 580/1026/532
f 595/1014/547 596/1013/548 598/1027/550 597/1028/549
f 597/1029/549 598/1030/550 576/988/528 575/987/527
f 575/1031/527 577/1032/529 579/1033/531 581/1034/533 583/1035/535 585/1036/537 587/1037/539 589/1038/541 591/1039/543 593/1040/545 595/1041/547 597/1042/549
f 599/1043/551 612/1044/564 611/1045/563
f 600/1046/552 612/1047/564 614/1048/566
f 599/1043/551 611/1045/563 616/1049/568
f 599/1043/551 616/1049/568 618/1050/570
f 599/1043/551 618/1050/570 615/1051/567
f 600/1046/552 614/1048/566 621/1052/573
f 601/1053/553 613/1054/565 623/1055/93
f 602/1056/554 617/1057/569 625/1058/576
f 603/1059/555 619/1060/571 627/1061/578
f 604/1062/556 620/1063/572 629/1064/580
f 600/1046/552 621/1052/573 624/1065/575
f 601/1053/553 623/1055/93 626/1066/577
f 602/1056/554 625/1058/576 628/1067/579
f 603/1068/555 627/1069/578 630/1070/100
f 604/1071/556 629/1072/580 622/1073/574
f 605/1074/557 631/1075/581 636/1076/586
f 606/1077/558 632/1078/582 638/1079/588
f 607/1080/559 633/1081/583 639/1082/589
f 608/1083/560 634/1084/584 640/1085/590
f 609/1086/561 635/1087/585 637/1088/587
f 637/1089/587 640/1085/590 610/1090/562
f 637/1089/587 635/1091/585 640/1085/590
f 635/1091/585 608/1083/560 640/1085/590
f 640/1085/590 639/1092/589 610/1090/562
f 640/1085/590 634/1084/584 639/1092/589
f 634/1084/584 607/1093/559 639/1092/589
f 639/1092/589 638/1079/588 610/1090/562
f 639/1092/589 633/1094/583 638/1079/588
f 633/1081/583 606/1095/558 638/1096/588
f 638/1079/588 636/1076/586 610/1090/562
f 638/1079/588 632/1078/582 636/1076/586
f 632/1078/582 605/1074/557 636/1076/586
f 636/1076/586 637/1089/587 610/1090/562
f 636/1076/586 631/1075/581 637/1089/587
f 631/1097/581 609/1086/561 637/1088/587
f 622/1073/574 635/1087/585 609/1086/561
f 622/1073/574 629/1072/580 635/1087/585
f 629/1064/580 608/1098/560 635/1099/585
f 630/1070/100 634/1100/584 608/1098/560
f 630/1070/100 627/1069/578 634/1100/584
f 627/1061/578 607/1080/559 634/1101/584
f 628/1067/579 633/1081/583 607/1080/559
f 628/1067/579 625/1058/576 633/1081/583
f 625/1058/576 606/1095/558 633/1081/583
f 626/1066/577 632/1102/582 606/1103/558
f 626/1066/577 623/1055/93 632/1102/582
f 623/1055/93 605/1104/557 632/1102/582
f 624/1065/575 631/1097/581 605/1105/557
f 624/1065/575 621/1052/573 631/1097/581
f 621/1052/573 609/1086/561 631/1097/581
f 629/1064/580 630/1070/100 608/1098/560
f 629/1064/580 620/1063/572 630/1070/100
f 620/1063/572 603/1068/555 630/1070/100
f 627/1061/578 628/1067/579 607/1080/559
f 627/1061/578 619/1060/571 628/1067/579
f 619/1060/571 602/1056/554 628/1067/579
f 625/1058/576 626/1106/577 606/1095/558
f 625/1058/576 617/1057/569 626/1106/577
f 617/1107/569 601/1053/553 626/1066/577
f 623/1055/93 624/1108/575 605/1104/557
f 623/1055/93 613/1054/565 624/1108/575
f 613/1109/565 600/1046/552 624/1065/575
f 621/1052/573 622/1073/574 609/1086/561
f 621/1052/573 614/1048/566 622/1073/574
f 614/1048/566 604/1071/556 622/1073/574
f 615/1051/567 620/1110/572 604/1111/556
f 615/1051/567 618/1050/570 620/1110/572
f 618/1050/570 603/1112/555 620/1110/572
f 618/1050/570 619/1113/571 603/1112/555
f 618/1050/570 616/1049/568 619/1113/571
f 616/1114/568 602/1056/554 619/1060/571
f 616/1114/568 617/1057/569 602/1056/554
f 616/1049/568 611/1045/563 617/1115/569
f 611/1045/563 601/1116/553 617/1115/569
f 614/1048/566 615/1117/567 604/1071/556
f 614/1118/566 612/1044/564 615/1051/567
f 612/1044/564 599/1043/551 615/1051/567
f 611/1045/563 613/1119/565 601/1116/553
f 611/1045/563 612/1044/564 613/1119/565
f 612/1044/564 600/1120/552 613/1119/565
f 641/1121/447 642/1122/448 643/1123/591
f 642/1122/448 641/1121/447 646/1124/452
f 641/1121/447 643/1123/591 644/1125/450
f 641/1121/447 644/1125/450 645/1126/592
f 641/1121/447 645/1126/592 646/1124/452
f 642/1127/448 646/1128/452 651/1129/457
f 643/1130/591 642/1131/448 647/1132/593
f 644/1133/450 643/1130/591 648/1134/454
f 645/1135/592 644/1136/450 649/1137/455
f 646/1138/452 645/1139/592 650/1140/594
f 642/1127/448 651/1129/457 647/1141/593
f 643/1130/591 647/1132/593 648/1134/454
f 644/1136/450 648/1142/454 649/1137/455
f 645/1139/592 649/1143/455 650/1140/594
f 646/1138/452 650/1140/594 651/1144/457
f 647/1145/593 651/1146/457 652/1147/458
f 648/1148/454 647/1145/593 652/1147/458
f 649/1149/455 648/1148/454 652/1147/458
f 650/1150/594 649/1149/455 652/1147/458
f 651/1146/457 650/1150/594 652/1147/458
f 653/1151/447 666/1152/460 665/1153/459
f 654/1154/448 666/1155/460 668/1156/462
f 653/1151/447 665/1153/459 670/1157/464
f 653/1151/447 670/1157/464 672/1158/466
f 653/1151/447 672/1158/466 669/1159/463
f 654/1154/448 668/1156/462 675/1160/469
f 655/1161/449 667/1162/461 677/1163/93
f 656/1164/450 671/1165/465 679/1166/472
f 657/1167/451 673/1168/467 681/1169/474
f 658/1170/452 674/1171/468 683/1172/476
f 654/1154/448 675/1160/469 678/1173/471
f 655/1161/449 677/1163/93 680/1174/473
f 656/1164/450 679/1166/472 682/1175/475
f 657/1176/451 681/1177/474 684/1178/100
f 658/1170/452 683/1172/476 676/1179/470
f 659/1180/453 685/1181/477 690/1182/482
f 660/1183/454 686/1184/478 692/1185/484
f 661/1186/455 687/1187/479 693/1188/485
f 662/1189/456 688/1190/480 694/1191/486
f 663/1192/457 689/1193/481 691/1194/483
f 691/1194/483 694/1195/486 664/1196/458
f 691/1194/483 689/1193/481 694/1195/486
f 689/1197/481 662/1189/456 694/1191/486
f 694/1195/486 693/1198/485 664/1196/458
f 694/1195/486 688/1199/480 693/1198/485
f 688/1199/480 661/1200/455 693/1198/485
f 693/1198/485 692/1201/484 664/1196/458
f 693/1198/485 687/1202/479 692/1201/484
f 687/1202/479 660/1203/454 692/1201/484
f 692/1201/484 690/1182/482 664/1196/458
f 692/1201/484 686/1204/478 690/1182/482
f 686/1184/478 659/1205/453 690/1206/482
f 690/1182/482 691/1194/483 664/1196/458
f 690/1182/482 685/1181/477 691/1194/483
f 685/1207/477 663/1208/457 691/1209/483
f 676/1210/470 689/1211/481 663/1208/457
f 676/1179/470 683/1172/476 689/1197/481
f 683/1172/476 662/1189/456 689/1197/481
f 684/1178/100 688/1190/480 662/1189/456
f 684/1178/100 681/1177/474 688/1190/480
f 681/1169/474 661/1186/455 688/1212/480
f 682/1175/475 687/1187/479 661/1186/455
f 682/1175/475 679/1166/472 687/1187/479
f 679/1166/472 660/1213/454 687/1187/479
f 680/1174/473 686/1184/478 660/1183/454
f 680/1174/473 677/1163/93 686/1184/478
f 677/1163/93 659/1205/453 686/1184/478
f 678/1173/471 685/1207/477 659/1214/453
f 678/1173/471 675/1160/469 685/1207/477
f 675/1160/469 663/1208/457 685/1207/477
f 683/1172/476 684/1178/100 662/1189/456
f 683/1172/476 674/1171/468 684/1178/100
f 674/1171/468 657/1176/451 684/1178/100
f 681/1169/474 682/1175/475 661/1186/455
f 681/1169/474 673/1168/467 682/1175/475
f 673/1168/467 656/1164/450 682/1175/475
f 679/1215/472 680/1174/473 660/1183/454
f 679/1215/472 671/1216/465 680/1174/473
f 671/1216/465 655/1161/449 680/1174/473
f 677/1163/93 678/1217/471 659/1205/453
f 677/1163/93 667/1162/461 678/1217/471
f 667/1218/461 654/1154/448 678/1173/471
f 675/1160/469 676/1210/470 663/1208/457
f 675/1160/469 668/1156/462 676/1210/470
f 668/1156/462 658/1219/452 676/1210/470
f 669/1220/463 674/1171/468 658/1170/452
f 669/1159/463 672/1158/466 674/1221/468
f 672/1222/466 657/1176/451 674/1171/468
f 672/1158/466 673/1223/467 657/1224/451
f 672/1158/466 670/1157/464 673/1223/467
f 670/1225/464 656/1164/450 673/1168/467
f 670/1157/464 671/1226/465 656/1227/450
f 670/1157/464 665/1153/459 671/1226/465
f 665/1228/459 655/1161/449 671/1216/465
f 668/1229/462 669/1159/463 658/1230/452
f 668/1229/462 666/1152/460 669/1159/463
f 666/1152/460 653/1151/447 669/1159/463
f 665/1228/459 667/1162/461 655/1161/449
f 665/1153/459 666/1152/460 667/1231/461
f 666/1152/460 654/1232/448 667/1231/461
f 695/1233/595 696/1234/596 698/1235/598 697/1236/597
f 697/1236/597 698/1235/598 700/1237/600 699/1238/599
f 699/1239/599 700/1240/600 702/1241/602 701/1242/601
f 701/1242/601 702/1241/602 704/1243/604 703/1244/603
f 703/1245/603 704/1246/604 706/1247/606 705/1248/605
f 705/1248/605 706/1247/606 708/1249/608 707/1250/607
f 707/1250/607 708/1249/608 710/1251/610 709/1252/609
f 709/1253/609 710/1254/610 712/1255/612 711/1256/611
f 698/1257/598 696/1258/596 714/1259/614 712/1260/612 710/1261/610 708/1262/608 706/1263/606 704/1264/604 702/1265/602 700/1266/600
f 711/1256/611 712/1255/612 714/1267/614 713/1268/613
f 713/1269/613 714/1270/614 696/1234/596 695/1233/595
f 695/1271/595 697/1272/597 699/1273/599 701/1274/601 703/1275/603 705/1276/605 707/1277/607 709/1278/609 711/1279/611 713/1280/613
f 715/1281/615 716/1282/616 718/1283/618 717/1284/617
f 717/1285/617 718/1286/618 720/1287/620 719/1288/619
f 719/1288/619 720/1287/620 722/1289/622 721/1290/621
f 721/1291/621 722/1292/622 724/1293/624 723/1294/623
f 723/1294/623 724/1293/624 726/1295/626 725/1296/625
f 725/1296/625 726/1295/626 728/1297/628 727/1298/627
f 727/1299/627 728/1300/628 730/1301/630 729/1302/629
f 729/1302/629 730/1301/630 732/1303/632 731/1304/631
f 718/1305/618 716/1306/616 734/1307/634 732/1308/632 730/1309/630 728/1310/628 726/1311/626 724/1312/624 722/1313/622 720/1314/620
f 731/1315/631 732/1316/632 734/1317/634 733/1318/633
f 733/1318/633 734/1317/634 716/1282/616 715/1281/615
f 715/1319/615 717/1320/617 719/1321/619 721/1322/621 723/1323/623 725/1324/625 727/1325/627 729/1326/629 731/1327/631 733/1328/633
f 735/1329/527 736/1330/528 738/1331/530 737/1332/529
f 737/1332/529 738/1331/530 740/1333/532 739/1334/531
f 739/1335/531 740/1336/532 742/1337/534 741/1338/533
f 741/1338/533 742/1337/534 744/1339/536 743/1340/535
f 743/1340/535 744/1339/536 746/1341/538 745/1342/537
f 745/1343/537 746/1344/538 748/1345/540 747/1346/539
f 747/1346/539 748/1345/540 750/1347/542 749/1348/541
f 749/1348/541 750/1347/542 752/1349/544 751/1350/543
f 751/1351/543 752/1352/544 754/1353/546 753/1354/545
f 753/1354/545 754/1353/546 756/1355/548 755/1356/547
f 738/1357/530 736/1358/528 758/1359/550 756/1360/548 754/1361/546 752/1362/544 750/1363/542 748/1364/540 746/1365/538 744/1366/536 742/1367/534 740/1368/532
f 755/1356/547 756/1355/548 758/1369/550 757/1370/549
f 757/1371/549 758/1372/550 736/1330/528 735/1329/527
f 735/1373/527 737/1374/529 739/1375/531 741/1376/533 743/1377/535 745/1378/537 747/1379/539 749/1380/541 751/1381/543 753/1382/545 755/1383/547 757/1384/549
f 759/1385/551 772/1386/564 771/1387/563
f 760/1388/552 772/1389/564 774/1390/566
f 759/1385/551 771/1387/563 776/1391/568
f 759/1385/551 776/1391/568 778/1392/570
f 759/1385/551 778/1392/570 775/1393/567
f 760/1388/552 774/1390/566 781/1394/573
f 761/1395/553 773/1396/565 783/1397/93
f 762/1398/554 777/1399/569 785/1400/576
f 763/1401/555 779/1402/571 787/1403/578
f 764/1404/556 780/1405/572 789/1406/580
f 760/1388/552 781/1394/573 784/1407/575
f 761/1395/553 783/1397/93 786/1408/577
f 762/1398/554 785/1400/576 788/1409/579
f 763/1410/555 787/1411/578 790/1412/100
f 764/1413/556 789/1414/580 782/1415/574
f 765/1416/557 791/1417/581 796/1418/586
f 766/1419/558 792/1420/582 798/1421/588
f 767/1422/559 793/1423/583 799/1424/589
f 768/1425/560 794/1426/584 800/1427/590
f 769/1428/561 795/1429/585 797/1430/587
f 797/1431/587 800/1427/590 770/1432/562
f 797/1431/587 795/1433/585 800/1427/590
f 795/1433/585 768/1425/560 800/1427/590
f 800/1427/590 799/1434/589 770/1432/562
f 800/1427/590 794/1426/584 799/1434/589
f 794/1426/584 767/1435/559 799/1434/589
f 799/1434/589 798/1421/588 770/1432/562
f 799/1434/589 793/1436/583 798/1421/588
f 793/1423/583 766/1437/558 798/1438/588
f 798/1421/588 796/1418/586 770/1432/562
f 798/1421/588 792/1420/582 796/1418/586
f 792/1420/582 765/1416/557 796/1418/586
f 796/1418/586 797/1431/587 770/1432/562
f 796/1418/586 791/1417/581 797/1431/587
f 791/1439/581 769/1428/561 797/1430/587
f 782/1415/574 795/1429/585 769/1428/561
f 782/1415/574 789/1414/580 795/1429/585
f 789/1406/580 768/1440/560 795/1441/585
f 790/1412/100 794/1442/584 768/1440/560
f 790/1412/100 787/1411/578 794/1442/584
f 787/1403/578 767/1422/559 794/1443/584
f 788/1409/579 793/1423/583 767/1422/559
f 788/1409/579 785/1400/576 793/1423/583
f 785/1400/576 766/1437/558 793/1423/583
f 786/1408/577 792/1444/582 766/1445/558
f 786/1408/577 783/1397/93 792/1444/582
f 783/1397/93 765/1446/557 792/1444/582
f 784/1407/575 791/1439/581 765/1447/557
f 784/1407/575 781/1394/573 791/1439/581
f 781/1394/573 769/1428/561 791/1439/581
f 789/1406/580 790/1412/100 768/1440/560
f 789/1406/580 780/1405/572 790/1412/100
f 780/1405/572 763/1410/555 790/1412/100
f 787/1403/578 788/1409/579 767/1422/559
f 787/1403/578 779/1402/571 788/1409/579
f 779/1402/571 762/1398/554 788/1409/579
f 785/1400/576 786/1448/577 766/1437/558
f 785/1400/576 777/1399/569 786/1448/577
f 777/1449/569 761/1395/553 786/1408/577
f 783/1397/93 784/1450/575 765/1446/557
f 783/1397/93 773/1396/565 784/1450/575
f 773/1451/565 760/1388/552 784/1407/575
f 781/1394/573 782/1415/574 769/1428/561
f 781/1394/573 774/1390/566 782/1415/574
f 774/1390/566 764/1413/556 782/1415/574
f 775/1393/567 780/1452/572 764/1453/556
f 775/1393/567 778/1392/570 780/1452/572
f 778/1392/570 763/1454/555 780/1452/572
f 778/1392/570 779/1455/571 763/1454/555
f 778/1392/570 776/1391/568 779/1455/571
f 776/1456/568 762/1398/554 779/1402/571
f 776/1456/568 777/1399/569 762/1398/554
f 776/1391/568 771/1387/563 777/1457/569
f 771/1387/563 761/1458/553 777/1457/569
f 774/1390/566 775/1459/567 764/1413/556
f 774/1460/566 772/1386/564 775/1393/567
f 772/1386/564 759/1385/551 775/1393/567
f 771/1387/563 773/1461/565 761/1458/553
f 771/1387/563 772/1386/564 773/1461/565
f 772/1386/564 760/1462/552 773/1461/565
f 801/1463/447 802/1464/448 803/1465/591
f 802/1464/448 801/1463/447 806/1466/452
f 801/1463/447 803/1465/591 804/1467/450
f 801/1463/447 804/1467/450 805/1468/592
f 801/1463/447 805/1468/592 806/1466/452
f 802/1469/448 806/1470/452 811/1471/457
f 803/1472/591 802/1473/448 807/1474/593
f 804/1475/450 803/1472/591 808/1476/454
f 805/1477/592 804/1478/450 809/1479/455
f 806/1480/452 805/1481/592 810/1482/594
f 802/1469/448 811/1471/457 807/1483/593
f 803/1472/591 807/1474/593 808/1476/454
f 804/1478/450 808/1484/454 809/1479/455
f 805/1481/592 809/1485/455 810/1482/594
f 806/1480/452 810/1482/594 811/1486/457
f 807/1487/593 811/1488/457 812/1489/458
f 808/1490/454 807/1487/593 812/1489/458
f 809/1491/455 808/1490/454 812/1489/458
f 810/1492/594 809/1491/455 812/1489/458
f 811/1488/457 810/1492/594 812/1489/458
f 813/1493/527 814/1494/528 816/1495/530 815/1496/529
f 815/1496/529 816/1495/530 818/1497/532 817/1498/531
f 817/1499/531 818/1500/532 820/1501/534 819/1502/533
f 819/1502/533 820/1501/534 822/1503/536 821/1504/535
f 821/1504/535 822/1503/536 824/1505/538 823/1506/537
f 823/1507/537 824/1508/538 826/1509/540 825/1510/539
f 825/1510/539 826/1509/540 828/1511/542 827/1512/541
f 827/1512/541 828/1511/542 830/1513/544 829/1514/543
f 829/1515/543 830/1516/544 832/1517/546 831/1518/545
f 831/1518/545 832/1517/546 834/1519/548 833/1520/547
f 816/1521/530 814/1522/528 836/1523/550 834/1524/548 832/1525/546 830/1526/544 828/1527/542 826/1528/540 824/1529/538 822/1530/536 820/1531/534 818/1532/532
f 833/1520/547 834/1519/548 836/1533/550 835/1534/549
f 835/1535/549 836/1536/550 814/1494/528 813/1493/527
f 813/1537/527 815/1538/529 817/1539/531 819/1540/533 821/1541/535 823/1542/537 825/1543/539 827/1544/541 829/1545/543 831/1546/545 833/1547/547 835/1548/549
f 837/1549/447 856/1550/652 855/1551/651
f 838/1552/635 862/1553/658 876/1554/672
f 837/1549/447 855/1551/651 890/1555/686
f 837/1549/447 890/1555/686 904/1556/700
f 837/1549/447 904/1556/700 877/1557/673
f 838/1552/635 876/1554/672 925/1558/721
f 839/1559/636 869/1560/665 939/1561/734
f 840/1562/637 897/1563/693 953/1564/748
f 841/1565/638 911/1566/707 967/1567/762
f 842/1568/639 918/1569/714 981/1570/776
f 838/1552/635 925/1558/721 940/1571/735
f 839/1559/636 939/1561/734 954/1572/749
f 840/1562/637 953/1564/748 968/1573/763
f 841/1565/638 967/1567/762 982/1574/777
f 842/1568/639 981/1570/776 926/1575/722
f 843/1576/640 995/1577/789 1030/1578/824
f 844/1579/641 1002/1580/796 1044/1581/838
f 845/1582/642 1009/1583/803 1051/1584/845
f 846/1585/643 1016/1586/810 1058/1587/852
f 847/1588/644 1023/1589/817 1031/1590/825
f 1037/1591/831 1052/1592/846 848/1593/458
f 1036/1594/830 1059/1595/853 1037/1591/831
f 1035/1596/829 1060/1597/854 1036/1594/830
f 1034/1598/828 1062/1599/856 1035/1596/829
f 1033/1600/827 1065/1601/859 1034/1598/828
f 1032/1602/826 1069/1603/863 1033/1604/827
f 1031/1590/825 1074/1605/868 1032/1602/826
f 1037/1591/831 1059/1595/853 1052/1592/846
f 1059/1595/853 1053/1606/847 1052/1592/846
f 1036/1594/830 1060/1597/854 1059/1595/853
f 1060/1597/854 1061/1607/855 1059/1595/853
f 1059/1595/853 1061/1607/855 1053/1606/847
f 1061/1607/855 1054/1608/848 1053/1606/847
f 1035/1596/829 1062/1599/856 1060/1597/854
f 1062/1599/856 1063/1609/857 1060/1597/854
f 1060/1597/854 1063/1609/857 1061/1607/855
f 1063/1609/857 1064/1610/858 1061/1607/855
f 1061/1607/855 1064/1610/858 1054/1608/848
f 1064/1610/858 1055/1611/849 1054/1608/848
f 1034/1598/828 1065/1601/859 1062/1599/856
f 1065/1601/859 1066/1612/860 1062/1599/856
f 1062/1599/856 1066/1612/860 1063/1609/857
f 1066/1612/860 1067/1613/861 1063/1609/857
f 1063/1609/857 1067/1613/861 1064/1610/858
f 1067/1613/861 1068/1614/862 1064/1610/858
f 1064/1610/858 1068/1614/862 1055/1611/849
f 1068/1614/862 1056/1615/850 1055/1611/849
f 1033/1600/827 1069/1616/863 1065/1601/859
f 1069/1616/863 1070/1617/864 1065/1601/859
f 1065/1601/859 1070/1617/864 1066/1612/860
f 1070/1617/864 1071/1618/865 1066/1612/860
f 1066/1612/860 1071/1618/865 1067/1613/861
f 1071/1618/865 1072/1619/866 1067/1613/861
f 1067/1613/861 1072/1619/866 1068/1614/862
f 1072/1620/866 1073/1621/867 1068/1622/862
f 1068/1622/862 1073/1621/867 1056/1623/850
f 1073/1621/867 1057/1624/851 1056/1623/850
f 1032/1602/826 1074/1605/868 1069/1603/863
f 1074/1605/868 1075/1625/869 1069/1603/863
f 1069/1603/863 1075/1625/869 1070/1626/864
f 1075/1625/869 1076/1627/870 1070/1626/864
f 1070/1617/864 1076/1628/870 1071/1618/865
f 1076/1629/870 1077/1630/871 1071/1631/865
f 1071/1631/865 1077/1630/871 1072/1620/866
f 1077/1630/871 1078/1632/872 1072/1620/866
f 1072/1620/866 1078/1632/872 1073/1621/867
f 1078/1632/872 1079/1633/873 1073/1621/867
f 1073/1621/867 1079/1633/873 1057/1624/851
f 1079/1633/873 1058/1587/852 1057/1624/851
f 1031/1590/825 1023/1589/817 1074/1605/868
f 1023/1589/817 1022/1634/816 1074/1605/868
f 1074/1605/868 1022/1634/816 1075/1625/869
f 1022/1634/816 1021/1635/815 1075/1625/869
f 1075/1625/869 1021/1635/815 1076/1627/870
f 1021/1636/815 1020/1637/814 1076/1629/870
f 1076/1629/870 1020/1637/814 1077/1630/871
f 1020/1637/814 1019/1638/813 1077/1630/871
f 1077/1630/871 1019/1638/813 1078/1632/872
f 1019/1638/813 1018/1639/812 1078/1632/872
f 1078/1632/872 1018/1639/812 1079/1633/873
f 1018/1639/812 1017/1640/811 1079/1633/873
f 1079/1633/873 1017/1640/811 1058/1587/852
f 1017/1640/811 846/1585/643 1058/1587/852
f 1052/1592/846 1045/1641/839 848/1593/458
f 1053/1606/847 1080/1642/874 1052/1592/846
f 1054/1608/848 1081/1643/875 1053/1606/847
f 1055/1611/849 1083/1644/877 1054/1608/848
f 1056/1615/850 1086/1645/880 1055/1611/849
f 1057/1624/851 1090/1646/884 1056/1623/850
f 1058/1587/852 1095/1647/889 1057/1624/851
f 1052/1592/846 1080/1642/874 1045/1641/839
f 1080/1642/874 1046/1648/840 1045/1641/839
f 1053/1606/847 1081/1643/875 1080/1642/874
f 1081/1643/875 1082/1649/876 1080/1642/874
f 1080/1642/874 1082/1649/876 1046/1648/840
f 1082/1649/876 1047/1650/841 1046/1648/840
f 1054/1608/848 1083/1644/877 1081/1643/875
f 1083/1644/877 1084/1651/878 1081/1643/875
f 1081/1643/875 1084/1651/878 1082/1649/876
f 1084/1651/878 1085/1652/879 1082/1649/876
f 1082/1649/876 1085/1652/879 1047/1650/841
f 1085/1652/879 1048/1653/842 1047/1650/841
f 1055/1611/849 1086/1645/880 1083/1644/877
f 1086/1645/880 1087/1654/881 1083/1644/877
f 1083/1644/877 1087/1654/881 1084/1651/878
f 1087/1654/881 1088/1655/882 1084/1651/878
f 1084/1651/878 1088/1655/882 1085/1652/879
f 1088/1655/882 1089/1656/883 1085/1652/879
f 1085/1652/879 1089/1656/883 1048/1653/842
f 1089/1656/883 1049/1657/843 1048/1653/842
f 1056/1623/850 1090/1646/884 1086/1658/880
f 1090/1646/884 1091/1659/885 1086/1658/880
f 1086/1645/880 1091/1660/885 1087/1654/881
f 1091/1660/885 1092/1661/886 1087/1654/881
f 1087/1654/881 1092/1661/886 1088/1655/882
f 1092/1661/886 1093/1662/887 1088/1655/882
f 1088/1655/882 1093/1662/887 1089/1656/883
f 1093/1662/887 1094/1663/888 1089/1656/883
f 1089/1656/883 1094/1663/888 1049/1657/843
f 1094/1664/888 1050/1665/844 1049/1666/843
f 1057/1624/851 1095/1647/889 1090/1646/884
f 1095/1647/889 1096/1667/890 1090/1646/884
f 1090/1646/884 1096/1667/890 1091/1659/885
f 1096/1667/890 1097/1668/891 1091/1659/885
f 1091/1659/885 1097/1668/891 1092/1669/886
f 1097/1668/891 1098/1670/892 1092/1669/886
f 1092/1661/886 1098/1671/892 1093/1662/887
f 1098/1671/892 1099/1672/893 1093/1662/887
f 1093/1673/887 1099/1674/893 1094/1664/888
f 1099/1674/893 1100/1675/894 1094/1664/888
f 1094/1664/888 1100/1675/894 1050/1665/844
f 1100/1675/894 1051/1584/845 1050/1665/844
f 1058/1587/852 1016/1586/810 1095/1647/889
f 1016/1586/810 1015/1676/809 1095/1647/889
f 1095/1647/889 1015/1676/809 1096/1667/890
f 1015/1676/809 1014/1677/808 1096/1667/890
f 1096/1667/890 1014/1677/808 1097/1668/891
f 1014/1677/808 1013/1678/807 1097/1668/891
f 1097/1668/891 1013/1678/807 1098/1670/892
f 1013/1678/807 1012/1679/806 1098/1670/892
f 1098/1670/892 1012/1679/806 1099/1680/893
f 1012/1681/806 1011/1682/805 1099/1674/893
f 1099/1674/893 1011/1682/805 1100/1675/894
f 1011/1682/805 1010/1683/804 1100/1675/894
f 1100/1675/894 1010/1683/804 1051/1584/845
f 1010/1683/804 845/1582/642 1051/1584/845
f 1045/1641/839 1038/1684/832 848/1593/458
f 1046/1648/840 1101/1685/895 1045/1641/839
f 1047/1650/841 1102/1686/896 1046/1648/840
f 1048/1653/842 1104/1687/898 1047/1650/841
f 1049/1657/843 1107/1688/901 1048/1653/842
f 1050/1665/844 1111/1689/905 1049/1666/843
f 1051/1584/845 1116/1690/910 1050/1665/844
f 1045/1641/839 1101/1685/895 1038/1684/832
f 1101/1685/895 1039/1691/833 1038/1684/832
f 1046/1648/840 1102/1686/896 1101/1685/895
f 1102/1686/896 1103/1692/897 1101/1685/895
f 1101/1685/895 1103/1692/897 1039/1691/833
f 1103/1692/897 1040/1693/834 1039/1691/833
f 1047/1650/841 1104/1687/898 1102/1686/896
f 1104/1687/898 1105/1694/899 1102/1686/896
f 1102/1686/896 1105/1694/899 1103/1692/897
f 1105/1694/899 1106/1695/900 1103/1692/897
f 1103/1692/897 1106/1695/900 1040/1693/834
f 1106/1695/900 1041/1696/835 1040/1693/834
f 1048/1653/842 1107/1688/901 1104/1687/898
f 1107/1688/901 1108/1697/902 1104/1687/898
f 1104/1687/898 1108/1697/902 1105/1694/899
f 1108/1697/902 1109/1698/903 1105/1694/899
f 1105/1694/899 1109/1698/903 1106/1695/900
f 1109/1698/903 1110/1699/904 1106/1695/900
f 1106/1695/900 1110/1699/904 1041/1696/835
f 1110/1699/904 1042/1700/836 1041/1696/835
f 1049/1657/843 1111/1701/905 1107/1688/901
f 1111/1689/905 1112/1702/906 1107/1703/901
f 1107/1688/901 1112/1704/906 1108/1697/902
f 1112/1704/906 1113/1705/907 1108/1697/902
f 1108/1697/902 1113/1705/907 1109/1698/903
f 1113/1705/907 1114/1706/908 1109/1698/903
f 1109/1698/903 1114/1706/908 1110/1699/904
f 1114/1706/908 1115/1707/909 1110/1699/904
f 1110/1699/904 1115/1707/909 1042/1700/836
f 1115/1707/909 1043/1708/837 1042/1700/836
f 1050/1665/844 1116/1690/910 1111/1689/905
f 1116/1690/910 1117/1709/911 1111/1689/905
f 1111/1689/905 1117/1709/911 1112/1702/906
f 1117/1709/911 1118/1710/912 1112/1702/906
f 1112/1702/906 1118/1710/912 1113/1711/907
f 1118/1710/912 1119/1712/913 1113/1711/907
f 1113/1711/907 1119/1712/913 1114/1713/908
f 1119/1712/913 1120/1714/914 1114/1713/908
f 1114/1713/908 1120/1714/914 1115/1715/909
f 1120/1714/914 1121/1716/915 1115/1715/909
f 1115/1707/909 1121/1717/915 1043/1708/837
f 1121/1718/915 1044/1581/838 1043/1719/837
f 1051/1584/845 1009/1583/803 1116/1690/910
f 1009/1583/803 1008/1720/802 1116/1690/910
f 1116/1690/910 1008/1720/802 1117/1709/911
f 1008/1720/802 1007/1721/801 1117/1709/911
f 1117/1709/911 1007/1721/801 1118/1710/912
f 1007/1721/801 1006/1722/800 1118/1710/912
f 1118/1710/912 1006/1722/800 1119/1712/913
f 1006/1722/800 1005/1723/799 1119/1712/913
f 1119/1712/913 1005/1723/799 1120/1714/914
f 1005/1723/799 1004/1724/798 1120/1714/914
f 1120/1714/914 1004/1724/798 1121/1716/915
f 1004/1724/798 1003/1725/797 1121/1716/915
f 1121/1718/915 1003/1726/797 1044/1581/838
f 1003/1726/797 844/1579/641 1044/1581/838
f 1038/1684/832 1024/1727/818 848/1593/458
f 1039/1691/833 1122/1728/916 1038/1684/832
f 1040/1693/834 1123/1729/917 1039/1691/833
f 1041/1696/835 1125/1730/919 1040/1693/834
f 1042/1700/836 1128/1731/922 1041/1696/835
f 1043/1708/837 1132/1732/926 1042/1700/836
f 1044/1581/838 1137/1733/931 1043/1719/837
f 1038/1684/832 1122/1728/916 1024/1727/818
f 1122/1728/916 1025/1734/819 1024/1727/818
f 1039/1691/833 1123/1729/917 1122/1728/916
f 1123/1729/917 1124/1735/918 1122/1728/916
f 1122/1728/916 1124/1735/918 1025/1734/819
f 1124/1735/918 1026/1736/820 1025/1734/819
f 1040/1693/834 1125/1730/919 1123/1729/917
f 1125/1730/919 1126/1737/920 1123/1729/917
f 1123/1729/917 1126/1737/920 1124/1735/918
f 1126/1737/920 1127/1738/921 1124/1735/918
f 1124/1735/918 1127/1738/921 1026/1736/820
f 1127/1738/921 1027/1739/821 1026/1736/820
f 1041/1696/835 1128/1731/922 1125/1730/919
f 1128/1731/922 1129/1740/923 1125/1730/919
f 1125/1730/919 1129/1740/923 1126/1737/920
f 1129/1740/923 1130/1741/924 1126/1737/920
f 1126/1737/920 1130/1741/924 1127/1738/921
f 1130/1741/924 1131/1742/925 1127/1738/921
f 1127/1738/921 1131/1742/925 1027/1739/821
f 1131/1742/925 1028/1743/822 1027/1739/821
f 1042/1700/836 1132/1732/926 1128/1731/922
f 1132/1732/926 1133/1744/927 1128/1731/922
f 1128/1731/922 1133/1744/927 1129/1740/923
f 1133/1744/927 1134/1745/928 1129/1740/923
f 1129/1740/923 1134/1745/928 1130/1741/924
f 1134/1746/928 1135/1747/929 1130/1748/924
f 1130/1741/924 1135/1749/929 1131/1742/925
f 1135/1747/929 1136/1750/930 1131/1751/925
f 1131/1742/925 1136/1752/930 1028/1743/822
f 1136/1750/930 1029/1753/823 1028/1754/822
f 1043/1719/837 1137/1733/931 1132/1755/926
f 1137/1733/931 1138/1756/932 1132/1755/926
f 1132/1755/926 1138/1756/932 1133/1757/927
f 1138/1756/932 1139/1758/933 1133/1757/927
f 1133/1757/927 1139/1758/933 1134/1746/928
f 1139/1758/933 1140/1759/934 1134/1746/928
f 1134/1746/928 1140/1759/934 1135/1747/929
f 1140/1759/934 1141/1760/935 1135/1747/929
f 1135/1747/929 1141/1760/935 1136/1750/930
f 1141/1760/935 1142/1761/936 1136/1750/930
f 1136/1750/930 1142/1761/936 1029/1753/823
f 1142/1761/936 1030/1578/824 1029/1753/823
f 1044/1581/838 1002/1580/796 1137/1733/931
f 1002/1580/796 1001/1762/795 1137/1733/931
f 1137/1733/931 1001/1762/795 1138/1756/932
f 1001/1762/795 1000/1763/794 1138/1756/932
f 1138/1756/932 1000/1763/794 1139/1758/933
f 1000/1763/794 999/1764/793 1139/1758/933
f 1139/1758/933 999/1764/793 1140/1759/934
f 999/1764/793 998/1765/792 1140/1759/934
f 1140/1759/934 998/1765/792 1141/1760/935
f 998/1765/792 997/1766/791 1141/1760/935
f 1141/1760/935 997/1766/791 1142/1761/936
f 997/1766/791 996/1767/790 1142/1761/936
f 1142/1761/936 996/1767/790 1030/1578/824
f 996/1767/790 843/1576/640 1030/1578/824
f 1024/1727/818 1037/1591/831 848/1593/458
f 1025/1734/819 1143/1768/937 1024/1727/818
f 1026/1736/820 1144/1769/938 1025/1734/819
f 1027/1739/821 1146/1770/940 1026/1736/820
f 1028/1743/822 1149/1771/943 1027/1739/821
f 1029/1772/823 1153/1773/947 1028/1743/822
f 1030/1578/824 1158/1774/952 1029/1753/823
f 1024/1727/818 1143/1768/937 1037/1591/831
f 1143/1768/937 1036/1594/830 1037/1591/831
f 1025/1734/819 1144/1769/938 1143/1768/937
f 1144/1769/938 1145/1775/939 1143/1768/937
f 1143/1768/937 1145/1775/939 1036/1594/830
f 1145/1775/939 1035/1596/829 1036/1594/830
f 1026/1736/820 1146/1770/940 1144/1769/938
f 1146/1770/940 1147/1776/941 1144/1769/938
f 1144/1769/938 1147/1776/941 1145/1775/939
f 1147/1776/941 1148/1777/942 1145/1775/939
f 1145/1775/939 1148/1777/942 1035/1596/829
f 1148/1777/942 1034/1598/828 1035/1596/829
f 1027/1739/821 1149/1771/943 1146/1770/940
f 1149/1771/943 1150/1778/944 1146/1770/940
f 1146/1770/940 1150/1778/944 1147/1776/941
f 1150/1778/944 1151/1779/945 1147/1776/941
f 1147/1776/941 1151/1779/945 1148/1777/942
f 1151/1779/945 1152/1780/946 1148/1777/942
f 1148/1777/942 1152/1780/946 1034/1598/828
f 1152/1780/946 1033/1600/827 1034/1598/828
f 1028/1743/822 1153/1773/947 1149/1771/943
f 1153/1773/947 1154/1781/948 1149/1771/943
f 1149/1771/943 1154/1781/948 1150/1778/944
f 1154/1781/948 1155/1782/949 1150/1778/944
f 1150/1778/944 1155/1782/949 1151/1779/945
f 1155/1782/949 1156/1783/950 1151/1779/945
f 1151/1779/945 1156/1783/950 1152/1780/946
f 1156/1784/950 1157/1785/951 1152/1786/946
f 1152/1780/946 1157/1787/951 1033/1600/827
f 1157/1785/951 1032/1602/826 1033/1604/827
f 1029/1753/823 1158/1774/952 1153/1788/947
f 1158/1774/952 1159/1789/953 1153/1788/947
f 1153/1773/947 1159/1790/953 1154/1781/948
f 1159/1791/953 1160/1792/954 1154/1793/948
f 1154/1793/948 1160/1792/954 1155/1794/949
f 1160/1792/954 1161/1795/955 1155/1794/949
f 1155/1794/949 1161/1795/955 1156/1784/950
f 1161/1795/955 1162/1796/956 1156/1784/950
f 1156/1784/950 1162/1796/956 1157/1785/951
f 1162/1796/956 1163/1797/957 1157/1785/951
f 1157/1785/951 1163/1797/957 1032/1602/826
f 1163/1797/957 1031/1590/825 1032/1602/826
f 1030/1578/824 995/1577/789 1158/1774/952
f 995/1577/789 994/1798/788 1158/1774/952
f 1158/1799/952 994/1800/788 1159/1791/953
f 994/1800/788 993/1801/787 1159/1791/953
f 1159/1791/953 993/1801/787 1160/1792/954
f 993/1801/787 992/1802/786 1160/1792/954
f 1160/1792/954 992/1802/786 1161/1795/955
f 992/1802/786 991/1803/785 1161/1795/955
f 1161/1795/955 991/1803/785 1162/1796/956
f 991/1803/785 990/1804/784 1162/1796/956
f 1162/1796/956 990/1804/784 1163/1797/957
f 990/1804/784 989/1805/783 1163/1797/957
f 1163/1797/957 989/1805/783 1031/1590/825
f 989/1805/783 847/1588/644 1031/1590/825
f 932/1806/728 1023/1589/817 847/1588/644
f 931/1807/727 1164/1808/958 932/1806/728
f 930/1809/726 1165/1810/959 931/1807/727
f 929/1811/725 1167/1812/961 930/1809/726
f 928/1813/724 1170/1814/964 929/1811/725
f 927/1815/723 1174/1816/968 928/1813/724
f 926/1575/722 1179/1817/973 927/1818/723
f 932/1806/728 1164/1808/958 1023/1589/817
f 1164/1808/958 1022/1634/816 1023/1589/817
f 931/1807/727 1165/1810/959 1164/1808/958
f 1165/1810/959 1166/1819/960 1164/1808/958
f 1164/1808/958 1166/1819/960 1022/1634/816
f 1166/1819/960 1021/1635/815 1022/1634/816
f 930/1809/726 1167/1812/961 1165/1810/959
f 1167/1812/961 1168/1820/962 1165/1810/959
f 1165/1810/959 1168/1820/962 1166/1819/960
f 1168/1820/962 1169/1821/963 1166/1819/960
f 1166/1819/960 1169/1821/963 1021/1635/815
f 1169/1822/963 1020/1637/814 1021/1636/815
f 929/1811/725 1170/1814/964 1167/1812/961
f 1170/1814/964 1171/1823/965 1167/1812/961
f 1167/1812/961 1171/1823/965 1168/1820/962
f 1171/1824/965 1172/1825/966 1168/1826/962
f 1168/1826/962 1172/1825/966 1169/1822/963
f 1172/1825/966 1173/1827/967 1169/1822/963
f 1169/1822/963 1173/1827/967 1020/1637/814
f 1173/1827/967 1019/1638/813 1020/1637/814
f 928/1813/724 1174/1816/968 1170/1814/964
f 1174/1828/968 1175/1829/969 1170/1830/964
f 1170/1830/964 1175/1829/969 1171/1824/965
f 1175/1829/969 1176/1831/970 1171/1824/965
f 1171/1824/965 1176/1831/970 1172/1825/966
f 1176/1831/970 1177/1832/971 1172/1825/966
f 1172/1825/966 1177/1832/971 1173/1827/967
f 1177/1832/971 1178/1833/972 1173/1827/967
f 1173/1827/967 1178/1833/972 1019/1638/813
f 1178/1833/972 1018/1639/812 1019/1638/813
f 927/1818/723 1179/1817/973 1174/1828/968
f 1179/1817/973 1180/1834/974 1174/1828/968
f 1174/1828/968 1180/1834/974 1175/1829/969
f 1180/1834/974 1181/1835/975 1175/1829/969
f 1175/1829/969 1181/1835/975 1176/1831/970
f 1181/1835/975 1182/1836/976 1176/1831/970
f 1176/1831/970 1182/1836/976 1177/1832/971
f 1182/1836/976 1183/1837/977 1177/1832/971
f 1177/1832/971 1183/1837/977 1178/1833/972
f 1183/1837/977 1184/1838/978 1178/1833/972
f 1178/1833/972 1184/1838/978 1018/1639/812
f 1184/1838/978 1017/1640/811 1018/1639/812
f 926/1575/722 981/1570/776 1179/1817/973
f 981/1570/776 980/1839/775 1179/1817/973
f 1179/1817/973 980/1839/775 1180/1834/974
f 980/1839/775 979/1840/774 1180/1834/974
f 1180/1834/974 979/1840/774 1181/1835/975
f 979/1840/774 978/1841/773 1181/1835/975
f 1181/1835/975 978/1841/773 1182/1836/976
f 978/1841/773 977/1842/772 1182/1836/976
f 1182/1836/976 977/1842/772 1183/1837/977
f 977/1842/772 976/1843/771 1183/1837/977
f 1183/1837/977 976/1843/771 1184/1838/978
f 976/1843/771 975/1844/770 1184/1838/978
f 1184/1838/978 975/1844/770 1017/1640/811
f 975/1844/770 846/1585/643 1017/1640/811
f 988/1845/782 1016/1586/810 846/1585/643
f 987/1846/781 1185/1847/979 988/1845/782
f 986/1848/780 1186/1849/980 987/1846/781
f 985/1850/100 1188/1851/982 986/1848/780
f 984/1852/779 1191/1853/985 985/1850/100
f 983/1854/778 1195/1855/989 984/1852/779
f 982/1574/777 1200/1856/994 983/1854/778
f 988/1845/782 1185/1847/979 1016/1586/810
f 1185/1847/979 1015/1676/809 1016/1586/810
f 987/1846/781 1186/1849/980 1185/1847/979
f 1186/1849/980 1187/1857/981 1185/1847/979
f 1185/1847/979 1187/1857/981 1015/1676/809
f 1187/1857/981 1014/1677/808 1015/1676/809
f 986/1848/780 1188/1851/982 1186/1849/980
f 1188/1851/982 1189/1858/983 1186/1849/980
f 1186/1849/980 1189/1858/983 1187/1857/981
f 1189/1858/983 1190/1859/984 1187/1857/981
f 1187/1857/981 1190/1859/984 1014/1677/808
f 1190/1859/984 1013/1678/807 1014/1677/808
f 985/1850/100 1191/1853/985 1188/1851/982
f 1191/1853/985 1192/1860/986 1188/1851/982
f 1188/1851/982 1192/1860/986 1189/1858/983
f 1192/1860/986 1193/1861/987 1189/1858/983
f 1189/1858/983 1193/1861/987 1190/1859/984
f 1193/1861/987 1194/1862/988 1190/1859/984
f 1190/1859/984 1194/1862/988 1013/1678/807
f 1194/1862/988 1012/1679/806 1013/1678/807
f 984/1852/779 1195/1855/989 1191/1853/985
f 1195/1855/989 1196/1863/990 1191/1853/985
f 1191/1853/985 1196/1863/990 1192/1860/986
f 1196/1863/990 1197/1864/991 1192/1860/986
f 1192/1860/986 1197/1864/991 1193/1861/987
f 1197/1864/991 1198/1865/992 1193/1861/987
f 1193/1861/987 1198/1865/992 1194/1862/988
f 1198/1865/992 1199/1866/993 1194/1862/988
f 1194/1862/988 1199/1866/993 1012/1679/806
f 1199/1867/993 1011/1682/805 1012/1681/806
f 983/1854/778 1200/1856/994 1195/1855/989
f 1200/1856/994 1201/1868/995 1195/1855/989
f 1195/1855/989 1201/1868/995 1196/1863/990
f 1201/1868/995 1202/1869/996 1196/1863/990
f 1196/1863/990 1202/1869/996 1197/1864/991
f 1202/1869/996 1203/1870/997 1197/1864/991
f 1197/1864/991 1203/1870/997 1198/1865/992
f 1203/1871/997 1204/1872/998 1198/1873/992
f 1198/1873/992 1204/1872/998 1199/1867/993
f 1204/1872/998 1205/1874/999 1199/1867/993
f 1199/1867/993 1205/1874/999 1011/1682/805
f 1205/1874/999 1010/1683/804 1011/1682/805
f 982/1574/777 967/1567/762 1200/1856/994
f 967/1567/762 966/1875/761 1200/1856/994
f 1200/1856/994 966/1875/761 1201/1868/995
f 966/1875/761 965/1876/760 1201/1868/995
f 1201/1868/995 965/1876/760 1202/1869/996
f 965/1877/760 964/1878/759 1202/1879/996
f 1202/1879/996 964/1878/759 1203/1871/997
f 964/1878/759 963/1880/758 1203/1871/997
f 1203/1871/997 963/1880/758 1204/1872/998
f 963/1880/758 962/1881/757 1204/1872/998
f 1204/1872/998 962/1881/757 1205/1874/999
f 962/1881/757 961/1882/756 1205/1874/999
f 1205/1874/999 961/1882/756 1010/1683/804
f 961/1882/756 845/1582/642 1010/1683/804
f 974/1883/769 1009/1583/803 845/1582/642
f 973/1884/768 1206/1885/1000 974/1883/769
f 972/1886/767 1207/1887/1001 973/1884/768
f 971/1888/766 1209/1889/1003 972/1886/767
f 970/1890/765 1212/1891/1006 971/1888/766
f 969/1892/764 1216/1893/1010 970/1890/765
f 968/1573/763 1221/1894/1015 969/1892/764
f 974/1883/769 1206/1885/1000 1009/1583/803
f 1206/1885/1000 1008/1720/802 1009/1583/803
f 973/1884/768 1207/1887/1001 1206/1885/1000
f 1207/1887/1001 1208/1895/1002 1206/1885/1000
f 1206/1885/1000 1208/1895/1002 1008/1720/802
f 1208/1895/1002 1007/1721/801 1008/1720/802
f 972/1886/767 1209/1889/1003 1207/1887/1001
f 1209/1889/1003 1210/1896/1004 1207/1887/1001
f 1207/1887/1001 1210/1896/1004 1208/1895/1002
f 1210/1896/1004 1211/1897/1005 1208/1895/1002
f 1208/1895/1002 1211/1897/1005 1007/1721/801
f 1211/1897/1005 1006/1722/800 1007/1721/801
f 971/1888/766 1212/1891/1006 1209/1889/1003
f 1212/1891/1006 1213/1898/1007 1209/1889/1003
f 1209/1889/1003 1213/1898/1007 1210/1896/1004
f 1213/1898/1007 1214/1899/1008 1210/1896/1004
f 1210/1896/1004 1214/1899/1008 1211/1897/1005
f 1214/1899/1008 1215/1900/1009 1211/1897/1005
f 1211/1897/1005 1215/1900/1009 1006/1722/800
f 1215/1900/1009 1005/1723/799 1006/1722/800
f 970/1890/765 1216/1893/1010 1212/1891/1006
f 1216/1893/1010 1217/1901/1011 1212/1891/1006
f 1212/1891/1006 1217/1901/1011 1213/1898/1007
f 1217/1901/1011 1218/1902/1012 1213/1898/1007
f 1213/1898/1007 1218/1902/1012 1214/1899/1008
f 1218/1902/1012 1219/1903/1013 1214/1899/1008
f 1214/1899/1008 1219/1903/1013 1215/1900/1009
f 1219/1903/1013 1220/1904/1014 1215/1900/1009
f 1215/1900/1009 1220/1904/1014 1005/1723/799
f 1220/1904/1014 1004/1724/798 1005/1723/799
f 969/1892/764 1221/1894/1015 1216/1893/1010
f 1221/1894/1015 1222/1905/1016 1216/1893/1010
f 1216/1893/1010 1222/1905/1016 1217/1901/1011
f 1222/1905/1016 1223/1906/1017 1217/1901/1011
f 1217/1901/1011 1223/1906/1017 1218/1902/1012
f 1223/1906/1017 1224/1907/1018 1218/1902/1012
f 1218/1902/1012 1224/1907/1018 1219/1903/1013
f 1224/1907/1018 1225/1908/1019 1219/1903/1013
f 1219/1903/1013 1225/1908/1019 1220/1904/1014
f 1225/1908/1019 1226/1909/1020 1220/1904/1014
f 1220/1904/1014 1226/1909/1020 1004/1724/798
f 1226/1909/1020 1003/1725/797 1004/1724/798
f 968/1573/763 953/1564/748 1221/1894/1015
f 953/1564/748 952/1910/747 1221/1894/1015
f 1221/1894/1015 952/1910/747 1222/1905/1016
f 952/1910/747 951/1911/746 1222/1905/1016
f 1222/1905/1016 951/1911/746 1223/1906/1017
f 951/1911/746 950/1912/745 1223/1906/1017
f 1223/1906/1017 950/1912/745 1224/1907/1018
f 950/1912/745 949/1913/744 1224/1907/1018
f 1224/1907/1018 949/1913/744 1225/1908/1019
f 949/1913/744 948/1914/743 1225/1908/1019
f 1225/1908/1019 948/1914/743 1226/1909/1020
f 948/1914/743 947/1915/742 1226/1909/1020
f 1226/1909/1020 947/1915/742 1003/1725/797
f 947/1916/742 844/1579/641 1003/1726/797
f 960/1917/755 1002/1580/796 844/1579/641
f 959/1918/754 1227/1919/1021 960/1917/755
f 958/1920/753 1228/1921/1022 959/1918/754
f 957/1922/752 1230/1923/1024 958/1920/753
f 956/1924/751 1233/1925/1027 957/1922/752
f 955/1926/750 1237/1927/1031 956/1924/751
f 954/1572/749 1242/1928/1036 955/1926/750
f 960/1917/755 1227/1919/1021 1002/1580/796
f 1227/1919/1021 1001/1762/795 1002/1580/796
f 959/1918/754 1228/1921/1022 1227/1919/1021
f 1228/1921/1022 1229/1929/1023 1227/1919/1021
f 1227/1919/1021 1229/1929/1023 1001/1762/795
f 1229/1929/1023 1000/1763/794 1001/1762/795
f 958/1920/753 1230/1923/1024 1228/1921/1022
f 1230/1923/1024 1231/1930/1025 1228/1921/1022
f 1228/1921/1022 1231/1930/1025 1229/1929/1023
f 1231/1930/1025 1232/1931/1026 1229/1929/1023
f 1229/1929/1023 1232/1931/1026 1000/1763/794
f 1232/1931/1026 999/1764/793 1000/1763/794
f 957/1922/752 1233/1925/1027 1230/1923/1024
f 1233/1925/1027 1234/1932/1028 1230/1923/1024
f 1230/1923/1024 1234/1932/1028 1231/1930/1025
f 1234/1932/1028 1235/1933/1029 1231/1930/1025
f 1231/1930/1025 1235/1933/1029 1232/1931/1026
f 1235/1933/1029 1236/1934/1030 1232/1931/1026
f 1232/1931/1026 1236/1934/1030 999/1764/793
f 1236/1934/1030 998/1765/792 999/1764/793
f 956/1924/751 1237/1927/1031 1233/1925/1027
f 1237/1927/1031 1238/1935/1032 1233/1925/1027
f 1233/1925/1027 1238/1935/1032 1234/1932/1028
f 1238/1935/1032 1239/1936/1033 1234/1932/1028
f 1234/1932/1028 1239/1936/1033 1235/1933/1029
f 1239/1936/1033 1240/1937/1034 1235/1933/1029
f 1235/1933/1029 1240/1937/1034 1236/1934/1030
f 1240/1937/1034 1241/1938/1035 1236/1934/1030
f 1236/1934/1030 1241/1938/1035 998/1765/792
f 1241/1938/1035 997/1766/791 998/1765/792
f 955/1926/750 1242/1928/1036 1237/1927/1031
f 1242/1928/1036 1243/1939/1037 1237/1927/1031
f 1237/1927/1031 1243/1939/1037 1238/1935/1032
f 1243/1939/1037 1244/1940/1038 1238/1935/1032
f 1238/1935/1032 1244/1940/1038 1239/1936/1033
f 1244/1940/1038 1245/1941/1039 1239/1936/1033
f 1239/1936/1033 1245/1941/1039 1240/1937/1034
f 1245/1941/1039 1246/1942/1040 1240/1937/1034
f 1240/1937/1034 1246/1942/1040 1241/1938/1035
f 1246/1942/1040 1247/1943/1041 1241/1938/1035
f 1241/1938/1035 1247/1943/1041 997/1766/791
f 1247/1943/1041 996/1767/790 997/1766/791
f 954/1572/749 939/1561/734 1242/1928/1036
f 939/1561/734 938/1944/733 1242/1928/1036
f 1242/1928/1036 938/1944/733 1243/1939/1037
f 938/1944/733 937/1945/732 1243/1939/1037
f 1243/1939/1037 937/1945/732 1244/1940/1038
f 937/1945/732 936/1946/93 1244/1940/1038
f 1244/1940/1038 936/1946/93 1245/1941/1039
f 936/1946/93 935/1947/731 1245/1941/1039
f 1245/1941/1039 935/1947/731 1246/1942/1040
f 935/1947/731 934/1948/730 1246/1942/1040
f 1246/1942/1040 934/1948/730 1247/1943/1041
f 934/1948/730 933/1949/729 1247/1943/1041
f 1247/1943/1041 933/1949/729 996/1767/790
f 933/1949/729 843/1576/640 996/1767/790
f 946/1950/741 995/1577/789 843/1576/640
f 945/1951/740 1248/1952/1042 946/1950/741
f 944/1953/739 1249/1954/1043 945/1951/740
f 943/1955/738 1251/1956/1045 944/1957/739
f 942/1958/737 1254/1959/1048 943/1955/738
f 941/1960/736 1258/1961/1052 942/1958/737
f 940/1571/735 1263/1962/1057 941/1960/736
f 946/1950/741 1248/1952/1042 995/1577/789
f 1248/1952/1042 994/1798/788 995/1577/789
f 945/1951/740 1249/1954/1043 1248/1952/1042
f 1249/1963/1043 1250/1964/1044 1248/1965/1042
f 1248/1965/1042 1250/1964/1044 994/1800/788
f 1250/1964/1044 993/1801/787 994/1800/788
f 944/1957/739 1251/1956/1045 1249/1963/1043
f 1251/1956/1045 1252/1966/1046 1249/1963/1043
f 1249/1963/1043 1252/1966/1046 1250/1964/1044
f 1252/1966/1046 1253/1967/1047 1250/1964/1044
f 1250/1964/1044 1253/1967/1047 993/1801/787
f 1253/1967/1047 992/1802/786 993/1801/787
f 943/1955/738 1254/1959/1048 1251/1956/1045
f 1254/1959/1048 1255/1968/1049 1251/1956/1045
f 1251/1956/1045 1255/1968/1049 1252/1966/1046
f 1255/1968/1049 1256/1969/1050 1252/1966/1046
f 1252/1966/1046 1256/1969/1050 1253/1967/1047
f 1256/1969/1050 1257/1970/1051 1253/1967/1047
f 1253/1967/1047 1257/1970/1051 992/1802/786
f 1257/1970/1051 991/1803/785 992/1802/786
f 942/1958/737 1258/1961/1052 1254/1959/1048
f 1258/1961/1052 1259/1971/1053 1254/1959/1048
f 1254/1959/1048 1259/1971/1053 1255/1968/1049
f 1259/1971/1053 1260/1972/1054 1255/1968/1049
f 1255/1968/1049 1260/1972/1054 1256/1969/1050
f 1260/1972/1054 1261/1973/1055 1256/1969/1050
f 1256/1969/1050 1261/1973/1055 1257/1970/1051
f 1261/1973/1055 1262/1974/1056 1257/1970/1051
f 1257/1970/1051 1262/1974/1056 991/1803/785
f 1262/1974/1056 990/1804/784 991/1803/785
f 941/1960/736 1263/1962/1057 1258/1961/1052
f 1263/1962/1057 1264/1975/1058 1258/1961/1052
f 1258/1961/1052 1264/1975/1058 1259/1971/1053
f 1264/1975/1058 1265/1976/1059 1259/1971/1053
f 1259/1971/1053 1265/1976/1059 1260/1972/1054
f 1265/1976/1059 1266/1977/1060 1260/1972/1054
f 1260/1972/1054 1266/1977/1060 1261/1973/1055
f 1266/1977/1060 1267/1978/1061 1261/1973/1055
f 1261/1973/1055 1267/1978/1061 1262/1974/1056
f 1267/1978/1061 1268/1979/1062 1262/1974/1056
f 1262/1974/1056 1268/1979/1062 990/1804/784
f 1268/1979/1062 989/1805/783 990/1804/784
f 940/1571/735 925/1558/721 1263/1962/1057
f 925/1558/721 924/1980/720 1263/1962/1057
f 1263/1962/1057 924/1980/720 1264/1975/1058
f 924/1980/720 923/1981/719 1264/1975/1058
f 1264/1975/1058 923/1981/719 1265/1976/1059
f 923/1981/719 922/1982/718 1265/1976/1059
f 1265/1976/1059 922/1982/718 1266/1977/1060
f 922/1982/718 921/1983/717 1266/1977/1060
f 1266/1977/1060 921/1983/717 1267/1978/1061
f 921/1983/717 920/1984/716 1267/1978/1061
f 1267/1978/1061 920/1984/716 1268/1979/1062
f 920/1984/716 919/1985/715 1268/1979/1062
f 1268/1979/1062 919/1985/715 989/1805/783
f 919/1985/715 847/1588/644 989/1805/783
f 975/1844/770 988/1845/782 846/1585/643
f 976/1843/771 1269/1986/1063 975/1844/770
f 977/1842/772 1270/1987/1064 976/1843/771
f 978/1841/773 1272/1988/1066 977/1842/772
f 979/1840/774 1275/1989/1069 978/1841/773
f 980/1839/775 1279/1990/1073 979/1840/774
f 981/1570/776 1284/1991/1078 980/1839/775
f 975/1844/770 1269/1986/1063 988/1845/782
f 1269/1986/1063 987/1846/781 988/1845/782
f 976/1843/771 1270/1987/1064 1269/1986/1063
f 1270/1987/1064 1271/1992/1065 1269/1986/1063
f 1269/1986/1063 1271/1992/1065 987/1846/781
f 1271/1992/1065 986/1848/780 987/1846/781
f 977/1842/772 1272/1988/1066 1270/1987/1064
f 1272/1988/1066 1273/1993/1067 1270/1987/1064
f 1270/1987/1064 1273/1993/1067 1271/1992/1065
f 1273/1993/1067 1274/1994/1068 1271/1992/1065
f 1271/1992/1065 1274/1994/1068 986/1848/780
f 1274/1994/1068 985/1850/100 986/1848/780
f 978/1841/773 1275/1989/1069 1272/1988/1066
f 1275/1989/1069 1276/1995/1070 1272/1988/1066
f 1272/1988/1066 1276/1995/1070 1273/1993/1067
f 1276/1995/1070 1277/1996/1071 1273/1993/1067
f 1273/1993/1067 1277/1996/1071 1274/1994/1068
f 1277/1996/1071 1278/1997/1072 1274/1994/1068
f 1274/1994/1068 1278/1997/1072 985/1850/100
f 1278/1997/1072 984/1852/779 985/1850/100
f 979/1840/774 1279/1990/1073 1275/1989/1069
f 1279/1990/1073 1280/1998/1074 1275/1989/1069
f 1275/1989/1069 1280/1998/1074 1276/1995/1070
f 1280/1998/1074 1281/1999/1075 1276/1995/1070
f 1276/1995/1070 1281/1999/1075 1277/1996/1071
f 1281/1999/1075 1282/2000/1076 1277/1996/1071
f 1277/1996/1071 1282/2000/1076 1278/1997/1072
f 1282/2000/1076 1283/2001/1077 1278/1997/1072
f 1278/1997/1072 1283/2001/1077 984/1852/779
f 1283/2001/1077 983/1854/778 984/1852/779
f 980/1839/775 1284/1991/1078 1279/1990/1073
f 1284/1991/1078 1285/2002/1079 1279/1990/1073
f 1279/1990/1073 1285/2002/1079 1280/1998/1074
f 1285/2002/1079 1286/2003/1080 1280/1998/1074
f 1280/1998/1074 1286/2003/1080 1281/1999/1075
f 1286/2003/1080 1287/2004/1081 1281/1999/1075
f 1281/1999/1075 1287/2004/1081 1282/2000/1076
f 1287/2004/1081 1288/2005/1082 1282/2000/1076
f 1282/2000/1076 1288/2005/1082 1283/2001/1077
f 1288/2005/1082 1289/2006/1083 1283/2001/1077
f 1283/2001/1077 1289/2006/1083 983/1854/778
f 1289/2006/1083 982/1574/777 983/1854/778
f 981/1570/776 918/1569/714 1284/1991/1078
f 918/1569/714 917/2007/713 1284/1991/1078
f 1284/1991/1078 917/2007/713 1285/2002/1079
f 917/2007/713 916/2008/712 1285/2002/1079
f 1285/2002/1079 916/2008/712 1286/2003/1080
f 916/2008/712 915/2009/711 1286/2003/1080
f 1286/2003/1080 915/2009/711 1287/2004/1081
f 915/2009/711 914/2010/710 1287/2004/1081
f 1287/2004/1081 914/2010/710 1288/2005/1082
f 914/2010/710 913/2011/709 1288/2005/1082
f 1288/2005/1082 913/2011/709 1289/2006/1083
f 913/2011/709 912/2012/708 1289/2006/1083
f 1289/2006/1083 912/2012/708 982/1574/777
f 912/2012/708 841/1565/638 982/1574/777
f 961/1882/756 974/1883/769 845/1582/642
f 962/1881/757 1290/2013/1084 961/1882/756
f 963/1880/758 1291/2014/1085 962/1881/757
f 964/1878/759 1293/2015/1087 963/1880/758
f 965/1877/760 1296/2016/1090 964/1878/759
f 966/2017/761 1300/2018/1094 965/1877/760
f 967/1567/762 1305/2019/1099 966/1875/761
f 961/1882/756 1290/2013/1084 974/1883/769
f 1290/2013/1084 973/1884/768 974/1883/769
f 962/1881/757 1291/2014/1085 1290/2013/1084
f 1291/2014/1085 1292/2020/1086 1290/2013/1084
f 1290/2013/1084 1292/2020/1086 973/1884/768
f 1292/2020/1086 972/1886/767 973/1884/768
f 963/1880/758 1293/2015/1087 1291/2014/1085
f 1293/2015/1087 1294/2021/1088 1291/2014/1085
f 1291/2014/1085 1294/2021/1088 1292/2020/1086
f 1294/2021/1088 1295/2022/1089 1292/2020/1086
f 1292/2020/1086 1295/2022/1089 972/1886/767
f 1295/2022/1089 971/1888/766 972/1886/767
f 964/1878/759 1296/2016/1090 1293/2015/1087
f 1296/2016/1090 1297/2023/1091 1293/2015/1087
f 1293/2015/1087 1297/2023/1091 1294/2021/1088
f 1297/2023/1091 1298/2024/1092 1294/2021/1088
f 1294/2021/1088 1298/2024/1092 1295/2022/1089
f 1298/2024/1092 1299/2025/1093 1295/2022/1089
f 1295/2022/1089 1299/2025/1093 971/1888/766
f 1299/2025/1093 970/1890/765 971/1888/766
f 965/1877/760 1300/2018/1094 1296/2016/1090
f 1300/2018/1094 1301/2026/1095 1296/2016/1090
f 1296/2016/1090 1301/2026/1095 1297/2023/1091
f 1301/2026/1095 1302/2027/1096 1297/2023/1091
f 1297/2023/1091 1302/2027/1096 1298/2024/1092
f 1302/2027/1096 1303/2028/1097 1298/2024/1092
f 1298/2024/1092 1303/2028/1097 1299/2025/1093
f 1303/2028/1097 1304/2029/1098 1299/2025/1093
f 1299/2025/1093 1304/2029/1098 970/1890/765
f 1304/2029/1098 969/1892/764 970/1890/765
f 966/1875/761 1305/2019/1099 1300/2030/1094
f 1305/2031/1099 1306/2032/1100 1300/2018/1094
f 1300/2018/1094 1306/2032/1100 1301/2026/1095
f 1306/2032/1100 1307/2033/1101 1301/2026/1095
f 1301/2026/1095 1307/2033/1101 1302/2027/1096
f 1307/2033/1101 1308/2034/1102 1302/2027/1096
f 1302/2027/1096 1308/2034/1102 1303/2028/1097
f 1308/2034/1102 1309/2035/1103 1303/2028/1097
f 1303/2028/1097 1309/2035/1103 1304/2029/1098
f 1309/2035/1103 1310/2036/1104 1304/2029/1098
f 1304/2029/1098 1310/2036/1104 969/1892/764
f 1310/2036/1104 968/1573/763 969/1892/764
f 967/1567/762 911/1566/707 1305/2019/1099
f 911/1566/707 910/2037/706 1305/2019/1099
f 1305/2031/1099 910/2038/706 1306/2032/1100
f 910/2038/706 909/2039/705 1306/2032/1100
f 1306/2032/1100 909/2039/705 1307/2033/1101
f 909/2039/705 908/2040/704 1307/2033/1101
f 1307/2033/1101 908/2040/704 1308/2034/1102
f 908/2040/704 907/2041/703 1308/2034/1102
f 1308/2034/1102 907/2041/703 1309/2035/1103
f 907/2041/703 906/2042/702 1309/2035/1103
f 1309/2035/1103 906/2042/702 1310/2036/1104
f 906/2042/702 905/2043/701 1310/2036/1104
f 1310/2036/1104 905/2043/701 968/1573/763
f 905/2043/701 840/1562/637 968/1573/763
f 947/1916/742 960/1917/755 844/1579/641
f 948/2044/743 1311/2045/1105 947/1916/742
f 949/1913/744 1312/2046/1106 948/1914/743
f 950/1912/745 1314/2047/1108 949/1913/744
f 951/1911/746 1317/2048/1111 950/1912/745
f 952/1910/747 1321/2049/1115 951/1911/746
f 953/1564/748 1326/2050/1120 952/1910/747
f 947/1916/742 1311/2045/1105 960/1917/755
f 1311/2045/1105 959/1918/754 960/1917/755
f 948/2044/743 1312/2051/1106 1311/2045/1105
f 1312/2051/1106 1313/2052/1107 1311/2045/1105
f 1311/2045/1105 1313/2052/1107 959/1918/754
f 1313/2052/1107 958/1920/753 959/1918/754
f 949/1913/744 1314/2047/1108 1312/2046/1106
f 1314/2053/1108 1315/2054/1109 1312/2051/1106
f 1312/2051/1106 1315/2054/1109 1313/2052/1107
f 1315/2054/1109 1316/2055/1110 1313/2052/1107
f 1313/2052/1107 1316/2055/1110 958/1920/753
f 1316/2055/1110 957/1922/752 958/1920/753
f 950/1912/745 1317/2048/1111 1314/2047/1108
f 1317/2048/1111 1318/2056/1112 1314/2047/1108
f 1314/2053/1108 1318/2057/1112 1315/2054/1109
f 1318/2057/1112 1319/2058/1113 1315/2054/1109
f 1315/2054/1109 1319/2058/1113 1316/2055/1110
f 1319/2058/1113 1320/2059/1114 1316/2055/1110
f 1316/2055/1110 1320/2059/1114 957/1922/752
f 1320/2059/1114 956/1924/751 957/1922/752
f 951/1911/746 1321/2049/1115 1317/2048/1111
f 1321/2049/1115 1322/2060/1116 1317/2048/1111
f 1317/2048/1111 1322/2060/1116 1318/2056/1112
f 1322/2061/1116 1323/2062/1117 1318/2057/1112
f 1318/2057/1112 1323/2062/1117 1319/2058/1113
f 1323/2062/1117 1324/2063/1118 1319/2058/1113
f 1319/2058/1113 1324/2063/1118 1320/2059/1114
f 1324/2063/1118 1325/2064/1119 1320/2059/1114
f 1320/2059/1114 1325/2064/1119 956/1924/751
f 1325/2064/1119 955/1926/750 956/1924/751
f 952/1910/747 1326/2050/1120 1321/2049/1115
f 1326/2050/1120 1327/2065/1121 1321/2049/1115
f 1321/2049/1115 1327/2065/1121 1322/2060/1116
f 1327/2065/1121 1328/2066/1122 1322/2060/1116
f 1322/2061/1116 1328/2067/1122 1323/2062/1117
f 1328/2067/1122 1329/2068/1123 1323/2062/1117
f 1323/2062/1117 1329/2068/1123 1324/2063/1118
f 1329/2068/1123 1330/2069/1124 1324/2063/1118
f 1324/2063/1118 1330/2069/1124 1325/2064/1119
f 1330/2069/1124 1331/2070/1125 1325/2064/1119
f 1325/2064/1119 1331/2070/1125 955/1926/750
f 1331/2070/1125 954/1572/749 955/1926/750
f 953/1564/748 897/1563/693 1326/2050/1120
f 897/1563/693 896/2071/692 1326/2050/1120
f 1326/2050/1120 896/2071/692 1327/2065/1121
f 896/2071/692 895/2072/691 1327/2065/1121
f 1327/2065/1121 895/2072/691 1328/2066/1122
f 895/2073/691 894/2074/690 1328/2067/1122
f 1328/2067/1122 894/2074/690 1329/2068/1123
f 894/2074/690 893/2075/689 1329/2068/1123
f 1329/2068/1123 893/2075/689 1330/2069/1124
f 893/2075/689 892/2076/688 1330/2069/1124
f 1330/2069/1124 892/2076/688 1331/2070/1125
f 892/2076/688 891/2077/687 1331/2070/1125
f 1331/2070/1125 891/2077/687 954/1572/749
f 891/2077/687 839/1559/636 954/1572/749
f 933/1949/729 946/1950/741 843/1576/640
f 934/1948/730 1332/2078/1126 933/1949/729
f 935/1947/731 1333/2079/1127 934/1948/730
f 936/1946/93 1335/2080/1129 935/1947/731
f 937/1945/732 1338/2081/1132 936/1946/93
f 938/1944/733 1342/2082/1136 937/1945/732
f 939/1561/734 1347/2083/1141 938/1944/733
f 933/1949/729 1332/2078/1126 946/1950/741
f 1332/2078/1126 945/1951/740 946/1950/741
f 934/1948/730 1333/2079/1127 1332/2078/1126
f 1333/2079/1127 1334/2084/1128 1332/2078/1126
f 1332/2078/1126 1334/2084/1128 945/1951/740
f 1334/2084/1128 944/1953/739 945/1951/740
f 935/1947/731 1335/2080/1129 1333/2079/1127
f 1335/2080/1129 1336/2085/1130 1333/2079/1127
f 1333/2079/1127 1336/2085/1130 1334/2084/1128
f 1336/2085/1130 1337/2086/1131 1334/2084/1128
f 1334/2084/1128 1337/2086/1131 944/1953/739
f 1337/2087/1131 943/1955/738 944/1957/739
f 936/1946/93 1338/2081/1132 1335/2080/1129
f 1338/2081/1132 1339/2088/1133 1335/2080/1129
f 1335/2080/1129 1339/2088/1133 1336/2085/1130
f 1339/2088/1133 1340/2089/1134 1336/2085/1130
f 1336/2085/1130 1340/2089/1134 1337/2086/1131
f 1340/2089/1134 1341/2090/1135 1337/2086/1131
f 1337/2087/1131 1341/2091/1135 943/1955/738
f 1341/2091/1135 942/1958/737 943/1955/738
f 937/1945/732 1342/2082/1136 1338/2081/1132
f 1342/2082/1136 1343/2092/1137 1338/2081/1132
f 1338/2081/1132 1343/2092/1137 1339/2088/1133
f 1343/2092/1137 1344/2093/1138 1339/2088/1133
f 1339/2088/1133 1344/2093/1138 1340/2089/1134
f 1344/2093/1138 1345/2094/1139 1340/2089/1134
f 1340/2089/1134 1345/2094/1139 1341/2090/1135
f 1345/2095/1139 1346/2096/1140 1341/2091/1135
f 1341/2091/1135 1346/2096/1140 942/1958/737
f 1346/2096/1140 941/1960/736 942/1958/737
f 938/1944/733 1347/2083/1141 1342/2082/1136
f 1347/2083/1141 1348/2097/1142 1342/2082/1136
f 1342/2082/1136 1348/2097/1142 1343/2092/1137
f 1348/2097/1142 1349/2098/1143 1343/2092/1137
f 1343/2092/1137 1349/2098/1143 1344/2093/1138
f 1349/2098/1143 1350/2099/1144 1344/2093/1138
f 1344/2093/1138 1350/2099/1144 1345/2094/1139
f 1350/2099/1144 1351/2100/1145 1345/2094/1139
f 1345/2095/1139 1351/2101/1145 1346/2096/1140
f 1351/2101/1145 1352/2102/1146 1346/2096/1140
f 1346/2096/1140 1352/2102/1146 941/1960/736
f 1352/2102/1146 940/1571/735 941/1960/736
f 939/1561/734 869/1560/665 1347/2083/1141
f 869/1560/665 868/2103/664 1347/2083/1141
f 1347/2083/1141 868/2103/664 1348/2097/1142
f 868/2103/664 867/2104/663 1348/2097/1142
f 1348/2097/1142 867/2104/663 1349/2098/1143
f 867/2104/663 866/2105/662 1349/2098/1143
f 1349/2098/1143 866/2105/662 1350/2099/1144
f 866/2105/662 865/2106/661 1350/2099/1144
f 1350/2099/1144 865/2106/661 1351/2100/1145
f 865/2107/661 864/2108/660 1351/2101/1145
f 1351/2101/1145 864/2108/660 1352/2102/1146
f 864/2108/660 863/2109/659 1352/2102/1146
f 1352/2102/1146 863/2109/659 940/1571/735
f 863/2109/659 838/1552/635 940/1571/735
f 919/1985/715 932/1806/728 847/1588/644
f 920/1984/716 1353/2110/1147 919/1985/715
f 921/1983/717 1354/2111/1148 920/1984/716
f 922/1982/718 1356/2112/1150 921/1983/717
f 923/1981/719 1359/2113/1153 922/1982/718
f 924/1980/720 1363/2114/1157 923/1981/719
f 925/1558/721 1368/2115/1162 924/1980/720
f 919/1985/715 1353/2110/1147 932/1806/728
f 1353/2110/1147 931/1807/727 932/1806/728
f 920/1984/716 1354/2111/1148 1353/2110/1147
f 1354/2111/1148 1355/2116/1149 1353/2110/1147
f 1353/2110/1147 1355/2116/1149 931/1807/727
f 1355/2116/1149 930/1809/726 931/1807/727
f 921/1983/717 1356/2112/1150 1354/2111/1148
f 1356/2112/1150 1357/2117/1151 1354/2111/1148
f 1354/2111/1148 1357/2117/1151 1355/2116/1149
f 1357/2117/1151 1358/2118/1152 1355/2116/1149
f 1355/2116/1149 1358/2118/1152 930/1809/726
f 1358/2118/1152 929/1811/725 930/1809/726
f 922/1982/718 1359/2113/1153 1356/2112/1150
f 1359/2113/1153 1360/2119/1154 1356/2112/1150
f 1356/2112/1150 1360/2119/1154 1357/2117/1151
f 1360/2119/1154 1361/2120/1155 1357/2117/1151
f 1357/2117/1151 1361/2120/1155 1358/2118/1152
f 1361/2120/1155 1362/2121/1156 1358/2118/1152
f 1358/2118/1152 1362/2121/1156 929/1811/725
f 1362/2121/1156 928/1813/724 929/1811/725
f 923/1981/719 1363/2114/1157 1359/2113/1153
f 1363/2114/1157 1364/2122/1158 1359/2113/1153
f 1359/2113/1153 1364/2122/1158 1360/2119/1154
f 1364/2122/1158 1365/2123/1159 1360/2119/1154
f 1360/2119/1154 1365/2123/1159 1361/2120/1155
f 1365/2123/1159 1366/2124/1160 1361/2120/1155
f 1361/2120/1155 1366/2124/1160 1362/2121/1156
f 1366/2124/1160 1367/2125/1161 1362/2121/1156
f 1362/2121/1156 1367/2125/1161 928/1813/724
f 1367/2125/1161 927/1815/723 928/1813/724
f 924/1980/720 1368/2115/1162 1363/2114/1157
f 1368/2115/1162 1369/2126/1163 1363/2114/1157
f 1363/2114/1157 1369/2126/1163 1364/2122/1158
f 1369/2126/1163 1370/2127/1164 1364/2122/1158
f 1364/2122/1158 1370/2127/1164 1365/2123/1159
f 1370/2127/1164 1371/2128/1165 1365/2123/1159
f 1365/2123/1159 1371/2128/1165 1366/2124/1160
f 1371/2128/1165 1372/2129/1166 1366/2124/1160
f 1366/2124/1160 1372/2129/1166 1367/2125/1161
f 1372/2129/1166 1373/2130/1167 1367/2125/1161
f 1367/2125/1161 1373/2130/1167 927/1815/723
f 1373/2130/1167 926/2131/722 927/1815/723
f 925/1558/721 876/1554/672 1368/2115/1162
f 876/1554/672 875/2132/671 1368/2115/1162
f 1368/2115/1162 875/2132/671 1369/2126/1163
f 875/2132/671 874/2133/670 1369/2126/1163
f 1369/2126/1163 874/2133/670 1370/2127/1164
f 874/2133/670 873/2134/669 1370/2127/1164
f 1370/2127/1164 873/2134/669 1371/2128/1165
f 873/2134/669 872/2135/668 1371/2128/1165
f 1371/2128/1165 872/2135/668 1372/2129/1166
f 872/2135/668 871/2136/667 1372/2129/1166
f 1372/2129/1166 871/2136/667 1373/2130/1167
f 871/2136/667 870/2137/666 1373/2130/1167
f 1373/2130/1167 870/2137/666 926/2131/722
f 870/2138/666 842/1568/639 926/1575/722
f 883/2139/679 918/1569/714 842/1568/639
f 882/2140/678 1374/2141/1168 883/2139/679
f 881/2142/677 1375/2143/1169 882/2144/678
f 880/2145/676 1377/2146/1171 881/2142/677
f 879/2147/675 1380/2148/1174 880/2145/676
f 878/2149/674 1384/2150/1178 879/2147/675
f 877/1557/673 1389/2151/1183 878/2149/674
f 883/2139/679 1374/2141/1168 918/1569/714
f 1374/2141/1168 917/2007/713 918/1569/714
f 882/2140/678 1375/2152/1169 1374/2141/1168
f 1375/2152/1169 1376/2153/1170 1374/2141/1168
f 1374/2141/1168 1376/2153/1170 917/2007/713
f 1376/2153/1170 916/2008/712 917/2007/713
f 881/2142/677 1377/2146/1171 1375/2143/1169
f 1377/2146/1171 1378/2154/1172 1375/2143/1169
f 1375/2152/1169 1378/2155/1172 1376/2153/1170
f 1378/2155/1172 1379/2156/1173 1376/2153/1170
f 1376/2153/1170 1379/2156/1173 916/2008/712
f 1379/2156/1173 915/2009/711 916/2008/712
f 880/2145/676 1380/2148/1174 1377/2146/1171
f 1380/2148/1174 1381/2157/1175 1377/2146/1171
f 1377/2146/1171 1381/2157/1175 1378/2154/1172
f 1381/2157/1175 1382/2158/1176 1378/2154/1172
f 1378/2155/1172 1382/2159/1176 1379/2156/1173
f 1382/2159/1176 1383/2160/1177 1379/2156/1173
f 1379/2156/1173 1383/2160/1177 915/2009/711
f 1383/2160/1177 914/2010/710 915/2009/711
f 879/2147/675 1384/2150/1178 1380/2148/1174
f 1384/2150/1178 1385/2161/1179 1380/2148/1174
f 1380/2148/1174 1385/2161/1179 1381/2157/1175
f 1385/2161/1179 1386/2162/1180 1381/2157/1175
f 1381/2157/1175 1386/2162/1180 1382/2158/1176
f 1386/2163/1180 1387/2164/1181 1382/2159/1176
f 1382/2159/1176 1387/2164/1181 1383/2160/1177
f 1387/2164/1181 1388/2165/1182 1383/2160/1177
f 1383/2160/1177 1388/2165/1182 914/2010/710
f 1388/2165/1182 913/2011/709 914/2010/710
f 878/2149/674 1389/2151/1183 1384/2150/1178
f 1389/2151/1183 1390/2166/1184 1384/2150/1178
f 1384/2150/1178 1390/2166/1184 1385/2161/1179
f 1390/2166/1184 1391/2167/1185 1385/2161/1179
f 1385/2161/1179 1391/2167/1185 1386/2162/1180
f 1391/2167/1185 1392/2168/1186 1386/2162/1180
f 1386/2162/1180 1392/2168/1186 1387/2169/1181
f 1392/2170/1186 1393/2171/1187 1387/2164/1181
f 1387/2164/1181 1393/2171/1187 1388/2165/1182
f 1393/2171/1187 1394/2172/1188 1388/2165/1182
f 1388/2165/1182 1394/2172/1188 913/2011/709
f 1394/2172/1188 912/2012/708 913/2011/709
f 877/1557/673 904/1556/700 1389/2151/1183
f 904/1556/700 903/2173/699 1389/2151/1183
f 1389/2151/1183 903/2173/699 1390/2166/1184
f 903/2173/699 902/2174/698 1390/2166/1184
f 1390/2166/1184 902/2174/698 1391/2167/1185
f 902/2174/698 901/2175/697 1391/2167/1185
f 1391/2167/1185 901/2175/697 1392/2168/1186
f 901/2175/697 900/2176/696 1392/2168/1186
f 1392/2168/1186 900/2176/696 1393/2177/1187
f 900/2178/696 899/2179/695 1393/2171/1187
f 1393/2171/1187 899/2179/695 1394/2172/1188
f 899/2179/695 898/2180/694 1394/2172/1188
f 1394/2172/1188 898/2180/694 912/2012/708
f 898/2180/694 841/1565/638 912/2012/708
f 898/2180/694 911/1566/707 841/1565/638
f 899/2179/695 1395/2181/1189 898/2180/694
f 900/2176/696 1396/2182/1190 899/2183/695
f 901/2175/697 1398/2184/1192 900/2176/696
f 902/2174/698 1401/2185/1195 901/2175/697
f 903/2173/699 1405/2186/1199 902/2174/698
f 904/1556/700 1410/2187/1204 903/2173/699
f 898/2180/694 1395/2181/1189 911/1566/707
f 1395/2181/1189 910/2037/706 911/1566/707
f 899/2179/695 1396/2188/1190 1395/2181/1189
f 1396/2188/1190 1397/2189/1191 1395/2181/1189
f 1395/2190/1189 1397/2191/1191 910/2038/706
f 1397/2191/1191 909/2039/705 910/2038/706
f 900/2176/696 1398/2184/1192 1396/2182/1190
f 1398/2184/1192 1399/2192/1193 1396/2182/1190
f 1396/2182/1190 1399/2192/1193 1397/2193/1191
f 1399/2194/1193 1400/2195/1194 1397/2191/1191
f 1397/2191/1191 1400/2195/1194 909/2039/705
f 1400/2195/1194 908/2040/704 909/2039/705
f 901/2175/697 1401/2185/1195 1398/2184/1192
f 1401/2185/1195 1402/2196/1196 1398/2184/1192
f 1398/2184/1192 1402/2196/1196 1399/2192/1193
f 1402/2196/1196 1403/2197/1197 1399/2192/1193
f 1399/2194/1193 1403/2198/1197 1400/2195/1194
f 1403/2198/1197 1404/2199/1198 1400/2195/1194
f 1400/2195/1194 1404/2199/1198 908/2040/704
f 1404/2199/1198 907/2041/703 908/2040/704
f 902/2174/698 1405/2186/1199 1401/2185/1195
f 1405/2186/1199 1406/2200/1200 1401/2185/1195
f 1401/2185/1195 1406/2200/1200 1402/2196/1196
f 1406/2200/1200 1407/2201/1201 1402/2196/1196
f 1402/2196/1196 1407/2201/1201 1403/2197/1197
f 1407/2201/1201 1408/2202/1202 1403/2197/1197
f 1403/2198/1197 1408/2203/1202 1404/2199/1198
f 1408/2203/1202 1409/2204/1203 1404/2199/1198
f 1404/2199/1198 1409/2204/1203 907/2041/703
f 1409/2204/1203 906/2042/702 907/2041/703
f 903/2173/699 1410/2187/1204 1405/2186/1199
f 1410/2187/1204 1411/2205/1205 1405/2186/1199
f 1405/2186/1199 1411/2205/1205 1406/2200/1200
f 1411/2205/1205 1412/2206/1206 1406/2200/1200
f 1406/2200/1200 1412/2206/1206 1407/2201/1201
f 1412/2206/1206 1413/2207/1207 1407/2201/1201
f 1407/2201/1201 1413/2207/1207 1408/2202/1202
f 1413/2208/1207 1414/2209/1208 1408/2203/1202
f 1408/2203/1202 1414/2209/1208 1409/2204/1203
f 1414/2209/1208 1415/2210/1209 1409/2204/1203
f 1409/2204/1203 1415/2210/1209 906/2042/702
f 1415/2210/1209 905/2043/701 906/2042/702
f 904/1556/700 890/1555/686 1410/2187/1204
f 890/1555/686 889/2211/685 1410/2187/1204
f 1410/2187/1204 889/2211/685 1411/2205/1205
f 889/2211/685 888/2212/684 1411/2205/1205
f 1411/2205/1205 888/2212/684 1412/2206/1206
f 888/2212/684 887/2213/683 1412/2206/1206
f 1412/2206/1206 887/2213/683 1413/2207/1207
f 887/2213/683 886/2214/682 1413/2207/1207
f 1413/2207/1207 886/2214/682 1414/2215/1208
f 886/2216/682 885/2217/681 1414/2209/1208
f 1414/2209/1208 885/2217/681 1415/2210/1209
f 885/2217/681 884/2218/680 1415/2210/1209
f 1415/2210/1209 884/2218/680 905/2043/701
f 884/2218/680 840/1562/637 905/2043/701
f 884/2218/680 897/1563/693 840/1562/637
f 885/2217/681 1416/2219/1210 884/2218/680
f 886/2216/682 1417/2220/1211 885/2217/681
f 887/2213/683 1419/2221/1213 886/2214/682
f 888/2212/684 1422/2222/1216 887/2213/683
f 889/2211/685 1426/2223/1220 888/2212/684
f 890/1555/686 1431/2224/1225 889/2211/685
f 884/2218/680 1416/2219/1210 897/1563/693
f 1416/2219/1210 896/2071/692 897/1563/693
f 885/2217/681 1417/2220/1211 1416/2219/1210
f 1417/2220/1211 1418/2225/1212 1416/2219/1210
f 1416/2219/1210 1418/2225/1212 896/2071/692
f 1418/2225/1212 895/2072/691 896/2071/692
f 886/2214/682 1419/2221/1213 1417/2226/1211
f 1419/2221/1213 1420/2227/1214 1417/2226/1211
f 1417/2220/1211 1420/2228/1214 1418/2225/1212
f 1420/2228/1214 1421/2229/1215 1418/2225/1212
f 1418/2225/1212 1421/2229/1215 895/2072/691
f 1421/2230/1215 894/2074/690 895/2073/691
f 887/2213/683 1422/2222/1216 1419/2221/1213
f 1422/2222/1216 1423/2231/1217 1419/2221/1213
f 1419/2221/1213 1423/2231/1217 1420/2227/1214
f 1423/2231/1217 1424/2232/1218 1420/2227/1214
f 1420/2227/1214 1424/2232/1218 1421/2233/1215
f 1424/2234/1218 1425/2235/1219 1421/2230/1215
f 1421/2230/1215 1425/2235/1219 894/2074/690
f 1425/2235/1219 893/2075/689 894/2074/690
f 888/2212/684 1426/2223/1220 1422/2222/1216
f 1426/2223/1220 1427/2236/1221 1422/2222/1216
f 1422/2222/1216 1427/2236/1221 1423/2231/1217
f 1427/2236/1221 1428/2237/1222 1423/2231/1217
f 1423/2231/1217 1428/2237/1222 1424/2232/1218
f 1428/2237/1222 1429/2238/1223 1424/2232/1218
f 1424/2234/1218 1429/2239/1223 1425/2235/1219
f 1429/2239/1223 1430/2240/1224 1425/2235/1219
f 1425/2235/1219 1430/2240/1224 893/2075/689
f 1430/2240/1224 892/2076/688 893/2075/689
f 889/2211/685 1431/2224/1225 1426/2223/1220
f 1431/2224/1225 1432/2241/1226 1426/2223/1220
f 1426/2223/1220 1432/2241/1226 1427/2236/1221
f 1432/2241/1226 1433/2242/1227 1427/2236/1221
f 1427/2236/1221 1433/2242/1227 1428/2237/1222
f 1433/2242/1227 1434/2243/1228 1428/2237/1222
f 1428/2237/1222 1434/2243/1228 1429/2238/1223
f 1434/2244/1228 1435/2245/1229 1429/2239/1223
f 1429/2239/1223 1435/2245/1229 1430/2240/1224
f 1435/2245/1229 1436/2246/1230 1430/2240/1224
f 1430/2240/1224 1436/2246/1230 892/2076/688
f 1436/2246/1230 891/2077/687 892/2076/688
f 890/1555/686 855/1551/651 1431/2224/1225
f 855/1551/651 854/2247/650 1431/2224/1225
f 1431/2224/1225 854/2247/650 1432/2241/1226
f 854/2247/650 853/2248/649 1432/2241/1226
f 1432/2241/1226 853/2248/649 1433/2242/1227
f 853/2248/649 852/2249/648 1433/2242/1227
f 1433/2242/1227 852/2249/648 1434/2243/1228
f 852/2249/648 851/2250/647 1434/2243/1228
f 1434/2244/1228 851/2251/647 1435/2245/1229
f 851/2251/647 850/2252/646 1435/2245/1229
f 1435/2245/1229 850/2252/646 1436/2246/1230
f 850/2252/646 849/2253/645 1436/2246/1230
f 1436/2246/1230 849/2253/645 891/2077/687
f 849/2253/645 839/1559/636 891/2077/687
f 870/2138/666 883/2139/679 842/1568/639
f 871/2136/667 1437/2254/1231 870/2137/666
f 872/2135/668 1438/2255/1232 871/2136/667
f 873/2134/669 1440/2256/1234 872/2135/668
f 874/2133/670 1443/2257/1237 873/2134/669
f 875/2132/671 1447/2258/1241 874/2133/670
f 876/1554/672 1452/2259/1246 875/2132/671
f 870/2138/666 1437/2260/1231 883/2139/679
f 1437/2260/1231 882/2140/678 883/2139/679
f 871/2136/667 1438/2255/1232 1437/2254/1231
f 1438/2255/1232 1439/2261/1233 1437/2254/1231
f 1437/2262/1231 1439/2263/1233 882/2144/678
f 1439/2263/1233 881/2142/677 882/2144/678
f 872/2135/668 1440/2256/1234 1438/2255/1232
f 1440/2256/1234 1441/2264/1235 1438/2255/1232
f 1438/2255/1232 1441/2264/1235 1439/2261/1233
f 1441/2265/1235 1442/2266/1236 1439/2263/1233
f 1439/2263/1233 1442/2266/1236 881/2142/677
f 1442/2266/1236 880/2145/676 881/2142/677
f 873/2134/669 1443/2257/1237 1440/2256/1234
f 1443/2257/1237 1444/2267/1238 1440/2256/1234
f 1440/2256/1234 1444/2267/1238 1441/2264/1235
f 1444/2268/1238 1445/2269/1239 1441/2265/1235
f 1441/2265/1235 1445/2269/1239 1442/2266/1236
f 1445/2269/1239 1446/2270/1240 1442/2266/1236
f 1442/2266/1236 1446/2270/1240 880/2145/676
f 1446/2270/1240 879/2147/675 880/2145/676
f 874/2133/670 1447/2258/1241 1443/2257/1237
f 1447/2258/1241 1448/2271/1242 1443/2257/1237
f 1443/2257/1237 1448/2271/1242 1444/2267/1238
f 1448/2272/1242 1449/2273/1243 1444/2268/1238
f 1444/2268/1238 1449/2273/1243 1445/2269/1239
f 1449/2273/1243 1450/2274/1244 1445/2269/1239
f 1445/2269/1239 1450/2274/1244 1446/2270/1240
f 1450/2274/1244 1451/2275/1245 1446/2270/1240
f 1446/2270/1240 1451/2275/1245 879/2147/675
f 1451/2275/1245 878/2149/674 879/2147/675
f 875/2132/671 1452/2259/1246 1447/2258/1241
f 1452/2259/1246 1453/2276/1247 1447/2258/1241
f 1447/2258/1241 1453/2276/1247 1448/2271/1242
f 1453/2276/1247 1454/2277/1248 1448/2271/1242
f 1448/2272/1242 1454/2278/1248 1449/2273/1243
f 1454/2278/1248 1455/2279/1249 1449/2273/1243
f 1449/2273/1243 1455/2279/1249 1450/2274/1244
f 1455/2279/1249 1456/2280/1250 1450/2274/1244
f 1450/2274/1244 1456/2280/1250 1451/2275/1245
f 1456/2280/1250 1457/2281/1251 1451/2275/1245
f 1451/2275/1245 1457/2281/1251 878/2149/674
f 1457/2281/1251 877/1557/673 878/2149/674
f 876/1554/672 862/1553/658 1452/2259/1246
f 862/1553/658 861/2282/657 1452/2259/1246
f 1452/2259/1246 861/2282/657 1453/2276/1247
f 861/2282/657 860/2283/656 1453/2276/1247
f 1453/2284/1247 860/2285/656 1454/2278/1248
f 860/2285/656 859/2286/655 1454/2278/1248
f 1454/2278/1248 859/2286/655 1455/2279/1249
f 859/2286/655 858/2287/654 1455/2279/1249
f 1455/2279/1249 858/2287/654 1456/2280/1250
f 858/2287/654 857/2288/653 1456/2280/1250
f 1456/2280/1250 857/2288/653 1457/2281/1251
f 857/2288/653 856/1550/652 1457/2281/1251
f 1457/2281/1251 856/1550/652 877/1557/673
f 856/1550/652 837/1549/447 877/1557/673
f 849/2253/645 869/1560/665 839/1559/636
f 850/2252/646 1458/2289/1252 849/2253/645
f 851/2251/647 1459/2290/1253 850/2252/646
f 852/2249/648 1461/2291/1255 851/2250/647
f 853/2248/649 1464/2292/1258 852/2249/648
f 854/2247/650 1468/2293/1262 853/2248/649
f 855/1551/651 1473/2294/1267 854/2247/650
f 849/2253/645 1458/2289/1252 869/1560/665
f 1458/2289/1252 868/2103/664 869/1560/665
f 850/2252/646 1459/2290/1253 1458/2289/1252
f 1459/2290/1253 1460/2295/1254 1458/2289/1252
f 1458/2289/1252 1460/2295/1254 868/2103/664
f 1460/2295/1254 867/2104/663 868/2103/664
f 851/2251/647 1461/2296/1255 1459/2290/1253
f 1461/2296/1255 1462/2297/1256 1459/2290/1253
f 1459/2290/1253 1462/2297/1256 1460/2295/1254
f 1462/2297/1256 1463/2298/1257 1460/2295/1254
f 1460/2295/1254 1463/2298/1257 867/2104/663
f 1463/2298/1257 866/2105/662 867/2104/663
f 852/2249/648 1464/2292/1258 1461/2291/1255
f 1464/2292/1258 1465/2299/1259 1461/2291/1255
f 1461/2291/1255 1465/2299/1259 1462/2300/1256
f 1465/2299/1259 1466/2301/1260 1462/2300/1256
f 1462/2297/1256 1466/2302/1260 1463/2298/1257
f 1466/2302/1260 1467/2303/1261 1463/2298/1257
f 1463/2298/1257 1467/2303/1261 866/2105/662
f 1467/2303/1261 865/2106/661 866/2105/662
f 853/2248/649 1468/2293/1262 1464/2292/1258
f 1468/2293/1262 1469/2304/1263 1464/2292/1258
f 1464/2292/1258 1469/2304/1263 1465/2299/1259
f 1469/2304/1263 1470/2305/1264 1465/2299/1259
f 1465/2299/1259 1470/2305/1264 1466/2301/1260
f 1470/2305/1264 1471/2306/1265 1466/2301/1260
f 1466/2301/1260 1471/2306/1265 1467/2307/1261
f 1471/2306/1265 1472/2308/1266 1467/2307/1261
f 1467/2303/1261 1472/2309/1266 865/2106/661
f 1472/2310/1266 864/2108/660 865/2107/661
f 854/2247/650 1473/2294/1267 1468/2293/1262
f 1473/2294/1267 1474/2311/1268 1468/2293/1262
f 1468/2293/1262 1474/2311/1268 1469/2304/1263
f 1474/2311/1268 1475/2312/1269 1469/2304/1263
f 1469/2304/1263 1475/2312/1269 1470/2305/1264
f 1475/2312/1269 1476/2313/1270 1470/2305/1264
f 1470/2305/1264 1476/2313/1270 1471/2306/1265
f 1476/2313/1270 1477/2314/1271 1471/2306/1265
f 1471/2315/1265 1477/2316/1271 1472/2310/1266
f 1477/2316/1271 1478/2317/1272 1472/2310/1266
f 1472/2310/1266 1478/2317/1272 864/2108/660
f 1478/2317/1272 863/2109/659 864/2108/660
f 855/1551/651 856/1550/652 1473/2294/1267
f 856/1550/652 857/2288/653 1473/2294/1267
f 1473/2294/1267 857/2288/653 1474/2311/1268
f 857/2288/653 858/2287/654 1474/2311/1268
f 1474/2311/1268 858/2287/654 1475/2312/1269
f 858/2287/654 859/2286/655 1475/2312/1269
f 1475/2312/1269 859/2286/655 1476/2313/1270
f 859/2286/655 860/2285/656 1476/2313/1270
f 1476/2313/1270 860/2285/656 1477/2314/1271
f 860/2283/656 861/2282/657 1477/2316/1271
f 1477/2316/1271 861/2282/657 1478/2317/1272
f 861/2282/657 862/1553/658 1478/2317/1272
f 1478/2317/1272 862/1553/658 863/2109/659
f 862/1553/658 838/1552/635 863/2109/659
f 1479/2318/447 1494/2319/1286 1493/2320/1285
f 1480/2321/1273 1496/2322/1288 1502/2323/1294
f 1479/2318/447 1493/2320/1285 1508/2324/1300
f 1479/2318/447 1508/2324/1300 1514/2325/1306
f 1479/2318/447 1514/2325/1306 1503/2326/1295
f 1480/2321/1273 1502/2323/1294 1523/2327/1315
f 1481/2328/1274 1499/2329/1291 1529/2330/1320
f 1482/2331/1275 1511/2332/1303 1535/2333/1326
f 1483/2334/1276 1517/2335/1309 1541/2336/1332
f 1484/2337/1277 1520/2338/1312 1547/2339/1338
f 1480/2321/1273 1523/2327/1315 1530/2340/1321
f 1481/2328/1274 1529/2330/1320 1536/2341/1327
f 1482/2331/1275 1535/2333/1326 1542/2342/1333
f 1483/2334/1276 1541/2336/1332 1548/2343/1339
f 1484/2337/1277 1547/2339/1338 1524/2344/1316
f 1485/2345/1278 1553/2346/1343 1568/2347/1358
f 1486/2348/1279 1556/2349/1346 1574/2350/1364
f 1487/2351/1280 1559/2352/1349 1577/2353/1367
f 1488/2354/1281 1562/2355/1352 1580/2356/1370
f 1489/2357/1282 1565/2358/1355 1569/2359/1359
f 1571/2360/1361 1578/2361/1368 1490/2362/458
f 1570/2363/1360 1581/2364/1371 1571/2360/1361
f 1569/2365/1359 1582/2366/1372 1570/2363/1360
f 1571/2360/1361 1581/2364/1371 1578/2361/1368
f 1581/2364/1371 1579/2367/1369 1578/2361/1368
f 1570/2363/1360 1582/2366/1372 1581/2364/1371
f 1582/2366/1372 1583/2368/1373 1581/2364/1371
f 1581/2364/1371 1583/2368/1373 1579/2367/1369
f 1583/2368/1373 1580/2369/1370 1579/2367/1369
f 1569/2365/1359 1565/2370/1355 1582/2366/1372
f 1565/2370/1355 1564/2371/1354 1582/2366/1372
f 1582/2366/1372 1564/2371/1354 1583/2368/1373
f 1564/2371/1354 1563/2372/1353 1583/2368/1373
f 1583/2368/1373 1563/2372/1353 1580/2369/1370
f 1563/2373/1353 1488/2354/1281 1580/2356/1370
f 1578/2361/1368 1575/2374/1365 1490/2362/458
f 1579/2367/1369 1584/2375/1374 1578/2361/1368
f 1580/2369/1370 1585/2376/1375 1579/2367/1369
f 1578/2361/1368 1584/2375/1374 1575/2374/1365
f 1584/2375/1374 1576/2377/1366 1575/2374/1365
f 1579/2367/1369 1585/2376/1375 1584/2375/1374
f 1585/2376/1375 1586/2378/1376 1584/2375/1374
f 1584/2375/1374 1586/2378/1376 1576/2377/1366
f 1586/2378/1376 1577/2379/1367 1576/2377/1366
f 1580/2369/1370 1562/2380/1352 1585/2376/1375
f 1562/2355/1352 1561/2381/1351 1585/2382/1375
f 1585/2376/1375 1561/2383/1351 1586/2378/1376
f 1561/2383/1351 1560/2384/1350 1586/2378/1376
f 1586/2378/1376 1560/2384/1350 1577/2379/1367
f 1560/2385/1350 1487/2351/1280 1577/2353/1367
f 1575/2374/1365 1572/2386/1362 1490/2362/458
f 1576/2377/1366 1587/2387/1377 1575/2374/1365
f 1577/2379/1367 1588/2388/1378 1576/2377/1366
f 1575/2374/1365 1587/2387/1377 1572/2386/1362
f 1587/2387/1377 1573/2389/1363 1572/2386/1362
f 1576/2377/1366 1588/2388/1378 1587/2387/1377
f 1588/2388/1378 1589/2390/1379 1587/2387/1377
f 1587/2387/1377 1589/2390/1379 1573/2389/1363
f 1589/2390/1379 1574/2350/1364 1573/2389/1363
f 1577/2379/1367 1559/2391/1349 1588/2388/1378
f 1559/2352/1349 1558/2392/1348 1588/2393/1378
f 1588/2388/1378 1558/2394/1348 1589/2390/1379
f 1558/2394/1348 1557/2395/1347 1589/2390/1379
f 1589/2390/1379 1557/2395/1347 1574/2350/1364
f 1557/2395/1347 1486/2348/1279 1574/2350/1364
f 1572/2386/1362 1566/2396/1356 1490/2362/458
f 1573/2389/1363 1590/2397/1380 1572/2386/1362
f 1574/2350/1364 1591/2398/1381 1573/2389/1363
f 1572/2386/1362 1590/2397/1380 1566/2396/1356
f 1590/2397/1380 1567/2399/1357 1566/2396/1356
f 1573/2389/1363 1591/2398/1381 1590/2397/1380
f 1591/2398/1381 1592/2400/1382 1590/2397/1380
f 1590/2397/1380 1592/2400/1382 1567/2399/1357
f 1592/2400/1382 1568/2347/1358 1567/2399/1357
f 1574/2350/1364 1556/2349/1346 1591/2398/1381
f 1556/2401/1346 1555/2402/1345 1591/2403/1381
f 1591/2398/1381 1555/2404/1345 1592/2400/1382
f 1555/2402/1345 1554/2405/1344 1592/2406/1382
f 1592/2400/1382 1554/2407/1344 1568/2347/1358
f 1554/2405/1344 1485/2408/1278 1568/2409/1358
f 1566/2396/1356 1571/2360/1361 1490/2362/458
f 1567/2399/1357 1593/2410/1383 1566/2396/1356
f 1568/2347/1358 1594/2411/1384 1567/2399/1357
f 1566/2396/1356 1593/2410/1383 1571/2360/1361
f 1593/2410/1383 1570/2363/1360 1571/2360/1361
f 1567/2399/1357 1594/2411/1384 1593/2410/1383
f 1594/2411/1384 1595/2412/1385 1593/2410/1383
f 1593/2410/1383 1595/2412/1385 1570/2363/1360
f 1595/2412/1385 1569/2365/1359 1570/2363/1360
f 1568/2347/1358 1553/2346/1343 1594/2411/1384
f 1553/2346/1343 1552/2413/1342 1594/2411/1384
f 1594/2411/1384 1552/2413/1342 1595/2412/1385
f 1552/2413/1342 1551/2414/1341 1595/2412/1385
f 1595/2412/1385 1551/2414/1341 1569/2365/1359
f 1551/2415/1341 1489/2357/1282 1569/2359/1359
f 1526/2416/1318 1565/2358/1355 1489/2357/1282
f 1525/2417/1317 1596/2418/1386 1526/2416/1318
f 1524/2419/1316 1597/2420/1387 1525/2417/1317
f 1526/2416/1318 1596/2418/1386 1565/2358/1355
f 1596/2418/1386 1564/2421/1354 1565/2358/1355
f 1525/2417/1317 1597/2420/1387 1596/2418/1386
f 1597/2422/1387 1598/2423/1388 1596/2424/1386
f 1596/2424/1386 1598/2423/1388 1564/2425/1354
f 1598/2423/1388 1563/2373/1353 1564/2425/1354
f 1524/2344/1316 1547/2339/1338 1597/2422/1387
f 1547/2339/1338 1546/2426/1337 1597/2422/1387
f 1597/2422/1387 1546/2426/1337 1598/2423/1388
f 1546/2426/1337 1545/2427/1336 1598/2423/1388
f 1598/2423/1388 1545/2427/1336 1563/2373/1353
f 1545/2427/1336 1488/2354/1281 1563/2373/1353
f 1550/2428/1340 1562/2355/1352 1488/2354/1281
f 1549/2429/100 1599/2430/1389 1550/2428/1340
f 1548/2343/1339 1600/2431/1390 1549/2429/100
f 1550/2428/1340 1599/2430/1389 1562/2355/1352
f 1599/2430/1389 1561/2381/1351 1562/2355/1352
f 1549/2429/100 1600/2431/1390 1599/2430/1389
f 1600/2431/1390 1601/2432/1391 1599/2430/1389
f 1599/2430/1389 1601/2432/1391 1561/2381/1351
f 1601/2432/1391 1560/2433/1350 1561/2381/1351
f 1548/2343/1339 1541/2336/1332 1600/2431/1390
f 1541/2336/1332 1540/2434/1331 1600/2431/1390
f 1600/2431/1390 1540/2434/1331 1601/2432/1391
f 1540/2435/1331 1539/2436/1330 1601/2437/1391
f 1601/2437/1391 1539/2436/1330 1560/2385/1350
f 1539/2436/1330 1487/2351/1280 1560/2385/1350
f 1544/2438/1335 1559/2352/1349 1487/2351/1280
f 1543/2439/1334 1602/2440/1392 1544/2438/1335
f 1542/2342/1333 1603/2441/1393 1543/2439/1334
f 1544/2438/1335 1602/2440/1392 1559/2352/1349
f 1602/2440/1392 1558/2392/1348 1559/2352/1349
f 1543/2439/1334 1603/2441/1393 1602/2440/1392
f 1603/2441/1393 1604/2442/1394 1602/2440/1392
f 1602/2440/1392 1604/2442/1394 1558/2392/1348
f 1604/2442/1394 1557/2443/1347 1558/2392/1348
f 1542/2342/1333 1535/2333/1326 1603/2441/1393
f 1535/2333/1326 1534/2444/1325 1603/2441/1393
f 1603/2441/1393 1534/2444/1325 1604/2442/1394
f 1534/2444/1325 1533/2445/1324 1604/2442/1394
f 1604/2442/1394 1533/2445/1324 1557/2443/1347
f 1533/2445/1324 1486/2446/1279 1557/2443/1347
f 1538/2447/1329 1556/2401/1346 1486/2448/1279
f 1537/2449/1328 1605/2450/1395 1538/2447/1329
f 1536/2341/1327 1606/2451/1396 1537/2449/1328
f 1538/2447/1329 1605/2450/1395 1556/2401/1346
f 1605/2450/1395 1555/2402/1345 1556/2401/1346
f 1537/2449/1328 1606/2451/1396 1605/2450/1395
f 1606/2451/1396 1607/2452/1397 1605/2450/1395
f 1605/2450/1395 1607/2452/1397 1555/2402/1345
f 1607/2452/1397 1554/2405/1344 1555/2402/1345
f 1536/2341/1327 1529/2330/1320 1606/2451/1396
f 1529/2330/1320 1528/2453/93 1606/2451/1396
f 1606/2451/1396 1528/2453/93 1607/2452/1397
f 1528/2453/93 1527/2454/1319 1607/2452/1397
f 1607/2452/1397 1527/2454/1319 1554/2405/1344
f 1527/2454/1319 1485/2408/1278 1554/2405/1344
f 1532/2455/1323 1553/2456/1343 1485/2408/1278
f 1531/2457/1322 1608/2458/1398 1532/2459/1323
f 1530/2340/1321 1609/2460/1399 1531/2457/1322
f 1532/2459/1323 1608/2458/1398 1553/2461/1343
f 1608/2458/1398 1552/2462/1342 1553/2461/1343
f 1531/2457/1322 1609/2460/1399 1608/2458/1398
f 1609/2460/1399 1610/2463/1400 1608/2458/1398
f 1608/2458/1398 1610/2463/1400 1552/2462/1342
f 1610/2463/1400 1551/2415/1341 1552/2462/1342
f 1530/2340/1321 1523/2327/1315 1609/2460/1399
f 1523/2327/1315 1522/2464/1314 1609/2460/1399
f 1609/2460/1399 1522/2464/1314 1610/2463/1400
f 1522/2464/1314 1521/2465/1313 1610/2463/1400
f 1610/2463/1400 1521/2465/1313 1551/2415/1341
f 1521/2465/1313 1489/2357/1282 1551/2415/1341
f 1545/2427/1336 1550/2428/1340 1488/2354/1281
f 1546/2426/1337 1611/2466/1401 1545/2427/1336
f 1547/2339/1338 1612/2467/1402 1546/2426/1337
f 1545/2427/1336 1611/2466/1401 1550/2428/1340
f 1611/2466/1401 1549/2429/100 1550/2428/1340
f 1546/2426/1337 1612/2467/1402 1611/2466/1401
f 1612/2467/1402 1613/2468/1403 1611/2466/1401
f 1611/2466/1401 1613/2468/1403 1549/2429/100
f 1613/2468/1403 1548/2343/1339 1549/2429/100
f 1547/2339/1338 1520/2338/1312 1612/2467/1402
f 1520/2338/1312 1519/2469/1311 1612/2467/1402
f 1612/2467/1402 1519/2469/1311 1613/2468/1403
f 1519/2469/1311 1518/2470/1310 1613/2468/1403
f 1613/2468/1403 1518/2470/1310 1548/2343/1339
f 1518/2470/1310 1483/2334/1276 1548/2343/1339
f 1539/2436/1330 1544/2438/1335 1487/2351/1280
f 1540/2435/1331 1614/2471/1404 1539/2436/1330
f 1541/2472/1332 1615/2473/1405 1540/2435/1331
f 1539/2436/1330 1614/2471/1404 1544/2438/1335
f 1614/2471/1404 1543/2439/1334 1544/2438/1335
f 1540/2435/1331 1615/2473/1405 1614/2471/1404
f 1615/2473/1405 1616/2474/1406 1614/2471/1404
f 1614/2471/1404 1616/2474/1406 1543/2439/1334
f 1616/2474/1406 1542/2342/1333 1543/2439/1334
f 1541/2472/1332 1517/2475/1309 1615/2473/1405
f 1517/2475/1309 1516/2476/1308 1615/2473/1405
f 1615/2473/1405 1516/2476/1308 1616/2474/1406
f 1516/2476/1308 1515/2477/1307 1616/2474/1406
f 1616/2474/1406 1515/2477/1307 1542/2342/1333
f 1515/2477/1307 1482/2331/1275 1542/2342/1333
f 1533/2478/1324 1538/2447/1329 1486/2448/1279
f 1534/2444/1325 1617/2479/1407 1533/2445/1324
f 1535/2333/1326 1618/2480/1408 1534/2444/1325
f 1533/2478/1324 1617/2481/1407 1538/2447/1329
f 1617/2481/1407 1537/2449/1328 1538/2447/1329
f 1534/2444/1325 1618/2480/1408 1617/2479/1407
f 1618/2482/1408 1619/2483/1409 1617/2481/1407
f 1617/2481/1407 1619/2483/1409 1537/2449/1328
f 1619/2483/1409 1536/2341/1327 1537/2449/1328
f 1535/2333/1326 1511/2332/1303 1618/2480/1408
f 1511/2332/1303 1510/2484/1302 1618/2480/1408
f 1618/2482/1408 1510/2485/1302 1619/2483/1409
f 1510/2485/1302 1509/2486/1301 1619/2483/1409
f 1619/2483/1409 1509/2486/1301 1536/2341/1327
f 1509/2486/1301 1481/2328/1274 1536/2341/1327
f 1527/2454/1319 1532/2455/1323 1485/2408/1278
f 1528/2453/93 1620/2487/1410 1527/2454/1319
f 1529/2330/1320 1621/2488/1411 1528/2453/93
f 1527/2454/1319 1620/2487/1410 1532/2455/1323
f 1620/2487/1410 1531/2489/1322 1532/2455/1323
f 1528/2453/93 1621/2488/1411 1620/2487/1410
f 1621/2488/1411 1622/2490/1412 1620/2487/1410
f 1620/2487/1410 1622/2490/1412 1531/2489/1322
f 1622/2491/1412 1530/2340/1321 1531/2457/1322
f 1529/2330/1320 1499/2329/1291 1621/2488/1411
f 1499/2329/1291 1498/2492/1290 1621/2488/1411
f 1621/2488/1411 1498/2492/1290 1622/2490/1412
f 1498/2492/1290 1497/2493/1289 1622/2490/1412
f 1622/2491/1412 1497/2494/1289 1530/2340/1321
f 1497/2494/1289 1480/2321/1273 1530/2340/1321
f 1521/2465/1313 1526/2416/1318 1489/2357/1282
f 1522/2464/1314 1623/2495/1413 1521/2465/1313
f 1523/2327/1315 1624/2496/1414 1522/2464/1314
f 1521/2465/1313 1623/2495/1413 1526/2416/1318
f 1623/2495/1413 1525/2417/1317 1526/2416/1318
f 1522/2464/1314 1624/2496/1414 1623/2495/1413
f 1624/2496/1414 1625/2497/1415 1623/2495/1413
f 1623/2495/1413 1625/2497/1415 1525/2417/1317
f 1625/2497/1415 1524/2419/1316 1525/2417/1317
f 1523/2327/1315 1502/2323/1294 1624/2496/1414
f 1502/2323/1294 1501/2498/1293 1624/2496/1414
f 1624/2496/1414 1501/2498/1293 1625/2497/1415
f 1501/2498/1293 1500/2499/1292 1625/2497/1415
f 1625/2497/1415 1500/2499/1292 1524/2419/1316
f 1500/2499/1292 1484/2500/1277 1524/2419/1316
f 1505/2501/1297 1520/2502/1312 1484/2503/1277
f 1504/2504/1296 1626/2505/1416 1505/2501/1297
f 1503/2326/1295 1627/2506/1417 1504/2504/1296
f 1505/2501/1297 1626/2505/1416 1520/2502/1312
f 1626/2507/1416 1519/2469/1311 1520/2338/1312
f 1504/2504/1296 1627/2506/1417 1626/2505/1416
f 1627/2506/1417 1628/2508/1418 1626/2505/1416
f 1626/2505/1416 1628/2508/1418 1519/2509/1311
f 1628/2510/1418 1518/2470/1310 1519/2469/1311
f 1503/2326/1295 1514/2325/1306 1627/2506/1417
f 1514/2325/1306 1513/2511/1305 1627/2506/1417
f 1627/2506/1417 1513/2511/1305 1628/2508/1418
f 1513/2511/1305 1512/2512/1304 1628/2508/1418
f 1628/2508/1418 1512/2512/1304 1518/2513/1310
f 1512/2514/1304 1483/2334/1276 1518/2470/1310
f 1512/2512/1304 1517/2515/1309 1483/2516/1276
f 1513/2511/1305 1629/2517/1419 1512/2512/1304
f 1514/2325/1306 1630/2518/1420 1513/2511/1305
f 1512/2512/1304 1629/2517/1419 1517/2515/1309
f 1629/2517/1419 1516/2519/1308 1517/2515/1309
f 1513/2511/1305 1630/2518/1420 1629/2517/1419
f 1630/2518/1420 1631/2520/1421 1629/2517/1419
f 1629/2517/1419 1631/2520/1421 1516/2519/1308
f 1631/2520/1421 1515/2521/1307 1516/2519/1308
f 1514/2325/1306 1508/2324/1300 1630/2518/1420
f 1508/2324/1300 1507/2522/1299 1630/2518/1420
f 1630/2518/1420 1507/2522/1299 1631/2520/1421
f 1507/2522/1299 1506/2523/1298 1631/2520/1421
f 1631/2520/1421 1506/2523/1298 1515/2521/1307
f 1506/2524/1298 1482/2331/1275 1515/2477/1307
f 1506/2524/1298 1511/2332/1303 1482/2331/1275
f 1507/2522/1299 1632/2525/1422 1506/2523/1298
f 1508/2324/1300 1633/2526/1423 1507/2522/1299
f 1506/2523/1298 1632/2525/1422 1511/2527/1303
f 1632/2525/1422 1510/2528/1302 1511/2527/1303
f 1507/2522/1299 1633/2526/1423 1632/2525/1422
f 1633/2526/1423 1634/2529/1424 1632/2525/1422
f 1632/2525/1422 1634/2529/1424 1510/2528/1302
f 1634/2529/1424 1509/2530/1301 1510/2528/1302
f 1508/2324/1300 1493/2320/1285 1633/2526/1423
f 1493/2320/1285 1492/2531/1284 1633/2526/1423
f 1633/2526/1423 1492/2531/1284 1634/2529/1424
f 1492/2531/1284 1491/2532/1283 1634/2529/1424
f 1634/2529/1424 1491/2532/1283 1509/2530/1301
f 1491/2533/1283 1481/2328/1274 1509/2486/1301
f 1500/2534/1292 1505/2501/1297 1484/2503/1277
f 1501/2535/1293 1635/2536/1425 1500/2534/1292
f 1502/2323/1294 1636/2537/1426 1501/2498/1293
f 1500/2534/1292 1635/2536/1425 1505/2501/1297
f 1635/2536/1425 1504/2504/1296 1505/2501/1297
f 1501/2535/1293 1636/2538/1426 1635/2536/1425
f 1636/2538/1426 1637/2539/1427 1635/2536/1425
f 1635/2536/1425 1637/2539/1427 1504/2504/1296
f 1637/2539/1427 1503/2326/1295 1504/2504/1296
f 1502/2540/1294 1496/2541/1288 1636/2538/1426
f 1496/2541/1288 1495/2542/1287 1636/2538/1426
f 1636/2538/1426 1495/2542/1287 1637/2539/1427
f 1495/2542/1287 1494/2319/1286 1637/2539/1427
f 1637/2539/1427 1494/2319/1286 1503/2326/1295
f 1494/2319/1286 1479/2318/447 1503/2326/1295
f 1491/2533/1283 1499/2329/1291 1481/2328/1274
f 1492/2531/1284 1638/2543/1428 1491/2532/1283
f 1493/2320/1285 1639/2544/1429 1492/2531/1284
f 1491/2532/1283 1638/2543/1428 1499/2545/1291
f 1638/2546/1428 1498/2492/1290 1499/2329/1291
f 1492/2531/1284 1639/2544/1429 1638/2543/1428
f 1639/2544/1429 1640/2547/1430 1638/2543/1428
f 1638/2543/1428 1640/2547/1430 1498/2548/1290
f 1640/2547/1430 1497/2549/1289 1498/2548/1290
f 1493/2320/1285 1494/2319/1286 1639/2544/1429
f 1494/2319/1286 1495/2542/1287 1639/2544/1429
f 1639/2544/1429 1495/2542/1287 1640/2547/1430
f 1495/2542/1287 1496/2541/1288 1640/2547/1430
f 1640/2547/1430 1496/2541/1288 1497/2549/1289
f 1496/2322/1288 1480/2321/1273 1497/2494/1289
f 1641/2550/1431 1654/2551/1444 1653/2552/1443
f 1642/2553/1432 1654/2554/1444 1656/2555/1446
f 1641/2550/1431 1653/2552/1443 1658/2556/1448
f 1641/2550/1431 1658/2556/1448 1660/2557/1450
f 1641/2550/1431 1660/2557/1450 1657/2558/1447
f 1642/2553/1432 1656/2555/1446 1663/2559/1453
f 1643/2560/1433 1655/2561/1445 1665/2562/93
f 1644/2563/1434 1659/2564/1449 1667/2565/1456
f 1645/2566/1435 1661/2567/1451 1669/2568/1458
f 1646/2569/1436 1662/2570/1452 1671/2571/1460
f 1642/2553/1432 1663/2559/1453 1666/2572/1455
f 1643/2560/1433 1665/2562/93 1668/2573/1457
f 1644/2563/1434 1667/2565/1456 1670/2574/1459
f 1645/2575/1435 1669/2576/1458 1672/2577/100
f 1646/2578/1436 1671/2579/1460 1664/2580/1454
f 1647/2581/1437 1673/2582/1461 1678/2583/1466
f 1648/2584/1438 1674/2585/1462 1680/2586/1468
f 1649/2587/1439 1675/2588/1463 1681/2589/1469
f 1650/2590/1440 1676/2591/1464 1682/2592/1470
f 1651/2593/1441 1677/2594/1465 1679/2595/1467
f 1679/2596/1467 1682/2597/1470 1652/2598/1442
f 1679/2595/1467 1677/2594/1465 1682/2599/1470
f 1677/2600/1465 1650/2590/1440 1682/2592/1470
f 1682/2597/1470 1681/2601/1469 1652/2598/1442
f 1682/2597/1470 1676/2602/1464 1681/2601/1469
f 1676/2603/1464 1649/2587/1439 1681/2589/1469
f 1681/2601/1469 1680/2604/1468 1652/2598/1442
f 1681/2589/1469 1675/2588/1463 1680/2605/1468
f 1675/2588/1463 1648/2606/1438 1680/2605/1468
f 1680/2604/1468 1678/2607/1466 1652/2598/1442
f 1680/2604/1468 1674/2608/1462 1678/2607/1466
f 1674/2585/1462 1647/2609/1437 1678/2610/1466
f 1678/2607/1466 1679/2596/1467 1652/2598/1442
f 1678/2583/1466 1673/2582/1461 1679/2595/1467
f 1673/2582/1461 1651/2593/1441 1679/2595/1467
f 1664/2580/1454 1677/2594/1465 1651/2593/1441
f 1664/2580/1454 1671/2579/1460 1677/2594/1465
f 1671/2571/1460 1650/2590/1440 1677/2600/1465
f 1672/2577/100 1676/2591/1464 1650/2590/1440
f 1672/2577/100 1669/2576/1458 1676/2591/1464
f 1669/2568/1458 1649/2587/1439 1676/2603/1464
f 1670/2574/1459 1675/2588/1463 1649/2587/1439
f 1670/2574/1459 1667/2565/1456 1675/2588/1463
f 1667/2565/1456 1648/2606/1438 1675/2588/1463
f 1668/2573/1457 1674/2585/1462 1648/2584/1438
f 1668/2573/1457 1665/2562/93 1674/2585/1462
f 1665/2562/93 1647/2609/1437 1674/2585/1462
f 1666/2572/1455 1673/2582/1461 1647/2581/1437
f 1666/2572/1455 1663/2559/1453 1673/2582/1461
f 1663/2559/1453 1651/2593/1441 1673/2582/1461
f 1671/2571/1460 1672/2577/100 1650/2590/1440
f 1671/2571/1460 1662/2570/1452 1672/2577/100
f 1662/2570/1452 1645/2575/1435 1672/2577/100
f 1669/2568/1458 1670/2574/1459 1649/2587/1439
f 1669/2568/1458 1661/2567/1451 1670/2574/1459
f 1661/2567/1451 1644/2563/1434 1670/2574/1459
f 1667/2565/1456 1668/2611/1457 1648/2606/1438
f 1667/2565/1456 1659/2564/1449 1668/2611/1457
f 1659/2612/1449 1643/2560/1433 1668/2573/1457
f 1665/2562/93 1666/2613/1455 1647/2609/1437
f 1665/2562/93 1655/2561/1445 1666/2613/1455
f 1655/2614/1445 1642/2553/1432 1666/2572/1455
f 1663/2559/1453 1664/2580/1454 1651/2593/1441
f 1663/2559/1453 1656/2555/1446 1664/2580/1454
f 1656/2555/1446 1646/2578/1436 1664/2580/1454
f 1657/2615/1447 1662/2570/1452 1646/2569/1436
f 1657/2558/1447 1660/2557/1450 1662/2616/1452
f 1660/2617/1450 1645/2575/1435 1662/2570/1452
f 1660/2618/1450 1661/2567/1451 1645/2566/1435
f 1660/2618/1450 1658/2619/1448 1661/2567/1451
f 1658/2619/1448 1644/2563/1434 1661/2567/1451
f 1658/2619/1448 1659/2564/1449 1644/2563/1434
f 1658/2619/1448 1653/2620/1443 1659/2564/1449
f 1653/2621/1443 1643/2560/1433 1659/2612/1449
f 1656/2555/1446 1657/2622/1447 1646/2578/1436
f 1656/2555/1446 1654/2554/1444 1657/2622/1447
f 1654/2551/1444 1641/2550/1431 1657/2558/1447
f 1653/2621/1443 1655/2561/1445 1643/2560/1433
f 1653/2552/1443 1654/2551/1444 1655/2623/1445
f 1654/2554/1444 1642/2553/1432 1655/2614/1445
f 1683/2624/1431 1696/2625/1444 1695/2626/1443
f 1684/2627/1432 1696/2628/1444 1698/2629/1446
f 1683/2624/1431 1695/2626/1443 1700/2630/1448
f 1683/2624/1431 1700/2630/1448 1702/2631/1450
f 1683/2624/1431 1702/2631/1450 1699/2632/1447
f 1684/2627/1432 1698/2629/1446 1705/2633/1453
f 1685/2634/1433 1697/2635/1445 1707/2636/93
f 1686/2637/1434 1701/2638/1449 1709/2639/1456
f 1687/2640/1471 1703/2641/1451 1711/2642/1458
f 1688/2643/1436 1704/2644/1452 1713/2645/1460
f 1684/2627/1432 1705/2633/1453 1708/2646/1455
f 1685/2634/1433 1707/2636/93 1710/2647/1457
f 1686/2637/1434 1709/2639/1456 1712/2648/1459
f 1687/2649/1471 1711/2650/1458 1714/2651/100
f 1688/2652/1436 1713/2653/1460 1706/2654/1454
f 1689/2655/1437 1715/2656/1461 1720/2657/1466
f 1690/2658/1438 1716/2659/1462 1722/2660/1468
f 1691/2661/1439 1717/2662/1463 1723/2663/1469
f 1692/2664/1440 1718/2665/1464 1724/2666/1470
f 1693/2667/1441 1719/2668/1465 1721/2669/1467
f 1721/2670/1467 1724/2671/1470 1694/2672/1442
f 1721/2669/1467 1719/2668/1465 1724/2673/1470
f 1719/2674/1465 1692/2664/1440 1724/2666/1470
f 1724/2671/1470 1723/2675/1469 1694/2672/1442
f 1724/2671/1470 1718/2676/1464 1723/2675/1469
f 1718/2677/1464 1691/2661/1439 1723/2663/1469
f 1723/2675/1469 1722/2678/1468 1694/2672/1442
f 1723/2663/1469 1717/2662/1463 1722/2679/1468
f 1717/2662/1463 1690/2680/1438 1722/2679/1468
f 1722/2678/1468 1720/2681/1466 1694/2672/1442
f 1722/2678/1468 1716/2682/1462 1720/2681/1466
f 1716/2659/1462 1689/2683/1437 1720/2684/1466
f 1720/2681/1466 1721/2670/1467 1694/2672/1442
f 1720/2657/1466 1715/2656/1461 1721/2669/1467
f 1715/2656/1461 1693/2667/1441 1721/2669/1467
f 1706/2654/1454 1719/2668/1465 1693/2667/1441
f 1706/2654/1454 1713/2653/1460 1719/2668/1465
f 1713/2645/1460 1692/2664/1440 1719/2674/1465
f 1714/2651/100 1718/2665/1464 1692/2664/1440
f 1714/2651/100 1711/2650/1458 1718/2665/1464
f 1711/2642/1458 1691/2661/1439 1718/2677/1464
f 1712/2648/1459 1717/2662/1463 1691/2661/1439
f 1712/2648/1459 1709/2639/1456 1717/2662/1463
f 1709/2639/1456 1690/2680/1438 1717/2662/1463
f 1710/2647/1457 1716/2659/1462 1690/2658/1438
f 1710/2647/1457 1707/2636/93 1716/2659/1462
f 1707/2636/93 1689/2683/1437 1716/2659/1462
f 1708/2646/1455 1715/2656/1461 1689/2655/1437
f 1708/2646/1455 1705/2633/1453 1715/2656/1461
f 1705/2633/1453 1693/2667/1441 1715/2656/1461
f 1713/2645/1460 1714/2651/100 1692/2664/1440
f 1713/2645/1460 1704/2644/1452 1714/2651/100
f 1704/2644/1452 1687/2649/1471 1714/2651/100
f 1711/2642/1458 1712/2648/1459 1691/2661/1439
f 1711/2642/1458 1703/2641/1451 1712/2648/1459
f 1703/2641/1451 1686/2637/1434 1712/2648/1459
f 1709/2639/1456 1710/2685/1457 1690/2680/1438
f 1709/2639/1456 1701/2638/1449 1710/2685/1457
f 1701/2686/1449 1685/2634/1433 1710/2647/1457
f 1707/2636/93 1708/2687/1455 1689/2683/1437
f 1707/2636/93 1697/2635/1445 1708/2687/1455
f 1697/2688/1445 1684/2627/1432 1708/2646/1455
f 1705/2633/1453 1706/2654/1454 1693/2667/1441
f 1705/2633/1453 1698/2629/1446 1706/2654/1454
f 1698/2629/1446 1688/2652/1436 1706/2654/1454
f 1699/2689/1447 1704/2644/1452 1688/2643/1436
f 1699/2632/1447 1702/2631/1450 1704/2690/1452
f 1702/2691/1450 1687/2649/1471 1704/2644/1452
f 1702/2692/1450 1703/2641/1451 1687/2640/1471
f 1702/2692/1450 1700/2693/1448 1703/2641/1451
f 1700/2693/1448 1686/2637/1434 1703/2641/1451
f 1700/2693/1448 1701/2638/1449 1686/2637/1434
f 1700/2693/1448 1695/2694/1443 1701/2638/1449
f 1695/2695/1443 1685/2634/1433 1701/2686/1449
f 1698/2629/1446 1699/2696/1447 1688/2652/1436
f 1698/2629/1446 1696/2628/1444 1699/2696/1447
f 1696/2625/1444 1683/2624/1431 1699/2632/1447
f 1695/2695/1443 1697/2635/1445 1685/2634/1433
f 1695/2626/1443 1696/2625/1444 1697/2697/1445
f 1696/2628/1444 1684/2627/1432 1697/2688/1445
f 1725/2698/1472 1738/2699/1485 1737/2700/1484
f 1726/2701/1473 1738/2702/1485 1740/2703/1487
f 1725/2698/1472 1737/2700/1484 1742/2704/1489
f 1725/2698/1472 1742/2704/1489 1744/2705/1491
f 1725/2698/1472 1744/2705/1491 1741/2706/1488
f 1726/2701/1473 1740/2703/1487 1747/2707/1494
f 1727/2708/1474 1739/2709/1486 1749/2710/93
f 1728/2711/1475 1743/2712/1490 1751/2713/1497
f 1729/2714/1476 1745/2715/1492 1753/2716/1499
f 1730/2717/1477 1746/2718/1493 1755/2719/1501
f 1726/2701/1473 1747/2707/1494 1750/2720/1496
f 1727/2708/1474 1749/2710/93 1752/2721/1498
f 1728/2722/1475 1751/2723/1497 1754/2724/1500
f 1729/2714/1476 1753/2716/1499 1756/2725/100
f 1730/2717/1477 1755/2719/1501 1748/2726/1495
f 1731/2727/1478 1757/2728/1502 1762/2729/1507
f 1732/2730/1479 1758/2731/1503 1764/2732/1509
f 1733/2733/1480 1759/2734/1504 1765/2735/1510
f 1734/2736/1481 1760/2737/1505 1766/2738/1511
f 1735/2739/1482 1761/2740/1506 1763/2741/1508
f 1763/2742/1508 1766/2743/1511 1736/2744/1483
f 1763/2745/1508 1761/2746/1506 1766/2738/1511
f 1761/2746/1506 1734/2736/1481 1766/2738/1511
f 1766/2743/1511 1765/2747/1510 1736/2744/1483
f 1766/2738/1511 1760/2737/1505 1765/2748/1510
f 1760/2737/1505 1733/2749/1480 1765/2748/1510
f 1765/2747/1510 1764/2750/1509 1736/2744/1483
f 1765/2747/1510 1759/2751/1504 1764/2750/1509
f 1759/2752/1504 1732/2730/1479 1764/2732/1509
f 1764/2750/1509 1762/2753/1507 1736/2744/1483
f 1764/2732/1509 1758/2731/1503 1762/2729/1507
f 1758/2731/1503 1731/2727/1478 1762/2729/1507
f 1762/2753/1507 1763/2742/1508 1736/2744/1483
f 1762/2753/1507 1757/2754/1502 1763/2742/1508
f 1757/2755/1502 1735/2739/1482 1763/2741/1508
f 1748/2726/1495 1761/2746/1506 1735/2756/1482
f 1748/2726/1495 1755/2719/1501 1761/2746/1506
f 1755/2719/1501 1734/2736/1481 1761/2746/1506
f 1756/2725/100 1760/2737/1505 1734/2736/1481
f 1756/2725/100 1753/2716/1499 1760/2737/1505
f 1753/2716/1499 1733/2749/1480 1760/2737/1505
f 1754/2724/1500 1759/2734/1504 1733/2733/1480
f 1754/2724/1500 1751/2723/1497 1759/2734/1504
f 1751/2723/1497 1732/2757/1479 1759/2734/1504
f 1752/2721/1498 1758/2731/1503 1732/2730/1479
f 1752/2721/1498 1749/2710/93 1758/2731/1503
f 1749/2710/93 1731/2727/1478 1758/2731/1503
f 1750/2758/1496 1757/2728/1502 1731/2727/1478
f 1750/2720/1496 1747/2707/1494 1757/2755/1502
f 1747/2707/1494 1735/2739/1482 1757/2755/1502
f 1755/2719/1501 1756/2725/100 1734/2736/1481
f 1755/2719/1501 1746/2718/1493 1756/2725/100
f 1746/2718/1493 1729/2714/1476 1756/2725/100
f 1753/2759/1499 1754/2724/1500 1733/2733/1480
f 1753/2759/1499 1745/2760/1492 1754/2724/1500
f 1745/2760/1492 1728/2722/1475 1754/2724/1500
f 1751/2713/1497 1752/2721/1498 1732/2730/1479
f 1751/2713/1497 1743/2712/1490 1752/2721/1498
f 1743/2712/1490 1727/2708/1474 1752/2721/1498
f 1749/2710/93 1750/2758/1496 1731/2727/1478
f 1749/2710/93 1739/2709/1486 1750/2758/1496
f 1739/2709/1486 1726/2761/1473 1750/2758/1496
f 1747/2707/1494 1748/2762/1495 1735/2739/1482
f 1747/2707/1494 1740/2703/1487 1748/2762/1495
f 1740/2703/1487 1730/2763/1477 1748/2762/1495
f 1741/2764/1488 1746/2718/1493 1730/2717/1477
f 1741/2764/1488 1744/2765/1491 1746/2718/1493
f 1744/2765/1491 1729/2714/1476 1746/2718/1493
f 1744/2765/1491 1745/2715/1492 1729/2714/1476
f 1744/2705/1491 1742/2704/1489 1745/2766/1492
f 1742/2767/1489 1728/2722/1475 1745/2760/1492
f 1742/2767/1489 1743/2768/1490 1728/2722/1475
f 1742/2769/1489 1737/2770/1484 1743/2712/1490
f 1737/2770/1484 1727/2708/1474 1743/2712/1490
f 1740/2771/1487 1741/2764/1488 1730/2717/1477
f 1740/2772/1487 1738/2699/1485 1741/2706/1488
f 1738/2699/1485 1725/2698/1472 1741/2706/1488
f 1737/2770/1484 1739/2709/1486 1727/2708/1474
f 1737/2770/1484 1738/2773/1485 1739/2709/1486
f 1738/2773/1485 1726/2761/1473 1739/2709/1486
f 1767/2774/1512 1780/2775/1525 1779/2776/1524
f 1768/2777/1513 1780/2778/1525 1782/2779/462
f 1767/2774/1512 1779/2776/1524 1784/2780/464
f 1767/2774/1512 1784/2780/464 1786/2781/1529
f 1767/2774/1512 1786/2781/1529 1783/2782/1527
f 1768/2777/1513 1782/2779/462 1789/2783/1532
f 1769/2784/1514 1781/2785/1526 1791/2786/93
f 1770/2787/1515 1785/2788/1528 1793/2789/1535
f 1771/2790/1516 1787/2791/1530 1795/2792/1537
f 1772/2793/1517 1788/2794/1531 1797/2795/1539
f 1768/2777/1513 1789/2783/1532 1792/2796/1534
f 1769/2784/1514 1791/2786/93 1794/2797/1536
f 1770/2798/1515 1793/2799/1535 1796/2800/1538
f 1771/2790/1516 1795/2792/1537 1798/2801/100
f 1772/2793/1517 1797/2795/1539 1790/2802/1533
f 1773/2803/1518 1799/2804/1540 1804/2805/1544
f 1774/2806/1519 1800/2807/1541 1806/2808/1545
f 1775/2809/1520 1801/2810/479 1807/2811/1546
f 1776/2812/1521 1802/2813/1542 1808/2814/1547
f 1777/2815/1522 1803/2816/1543 1805/2817/483
f 1805/2817/483 1808/2818/1547 1778/2819/1523
f 1805/2817/483 1803/2816/1543 1808/2818/1547
f 1803/2820/1543 1776/2812/1521 1808/2814/1547
f 1808/2818/1547 1807/2821/1546 1778/2819/1523
f 1808/2814/1547 1802/2813/1542 1807/2822/1546
f 1802/2813/1542 1775/2823/1520 1807/2822/1546
f 1807/2821/1546 1806/2824/1545 1778/2819/1523
f 1807/2821/1546 1801/2825/479 1806/2824/1545
f 1801/2825/479 1774/2826/1519 1806/2824/1545
f 1806/2824/1545 1804/2827/1544 1778/2819/1523
f 1806/2808/1545 1800/2807/1541 1804/2805/1544
f 1800/2807/1541 1773/2803/1518 1804/2805/1544
f 1804/2827/1544 1805/2817/483 1778/2819/1523
f 1804/2827/1544 1799/2828/1540 1805/2817/483
f 1799/2829/1540 1777/2830/1522 1805/2831/483
f 1790/2802/1533 1803/2820/1543 1777/2832/1522
f 1790/2802/1533 1797/2795/1539 1803/2820/1543
f 1797/2795/1539 1776/2812/1521 1803/2820/1543
f 1798/2801/100 1802/2813/1542 1776/2812/1521
f 1798/2801/100 1795/2792/1537 1802/2813/1542
f 1795/2792/1537 1775/2823/1520 1802/2813/1542
f 1796/2800/1538 1801/2810/479 1775/2809/1520
f 1796/2800/1538 1793/2799/1535 1801/2810/479
f 1793/2799/1535 1774/2833/1519 1801/2810/479
f 1794/2797/1536 1800/2807/1541 1774/2806/1519
f 1794/2797/1536 1791/2786/93 1800/2807/1541
f 1791/2786/93 1773/2803/1518 1800/2807/1541
f 1792/2834/1534 1799/2804/1540 1773/2803/1518
f 1792/2796/1534 1789/2783/1532 1799/2829/1540
f 1789/2783/1532 1777/2830/1522 1799/2829/1540
f 1797/2795/1539 1798/2801/100 1776/2812/1521
f 1797/2795/1539 1788/2794/1531 1798/2801/100
f 1788/2794/1531 1771/2790/1516 1798/2801/100
f 1795/2835/1537 1796/2800/1538 1775/2809/1520
f 1795/2835/1537 1787/2836/1530 1796/2800/1538
f 1787/2836/1530 1770/2798/1515 1796/2800/1538
f 1793/2789/1535 1794/2797/1536 1774/2806/1519
f 1793/2789/1535 1785/2788/1528 1794/2797/1536
f 1785/2788/1528 1769/2784/1514 1794/2797/1536
f 1791/2786/93 1792/2834/1534 1773/2803/1518
f 1791/2786/93 1781/2785/1526 1792/2834/1534
f 1781/2785/1526 1768/2837/1513 1792/2834/1534
f 1789/2783/1532 1790/2838/1533 1777/2830/1522
f 1789/2783/1532 1782/2779/462 1790/2838/1533
f 1782/2779/462 1772/2839/1517 1790/2838/1533
f 1783/2840/1527 1788/2794/1531 1772/2793/1517
f 1783/2840/1527 1786/2841/1529 1788/2794/1531
f 1786/2841/1529 1771/2790/1516 1788/2794/1531
f 1786/2841/1529 1787/2791/1530 1771/2790/1516
f 1786/2781/1529 1784/2780/464 1787/2842/1530
f 1784/2843/464 1770/2798/1515 1787/2836/1530
f 1784/2780/464 1785/2844/1528 1770/2845/1515
f 1784/2780/464 1779/2776/1524 1785/2844/1528
f 1779/2846/1524 1769/2784/1514 1785/2788/1528
f 1782/2847/462 1783/2782/1527 1772/2848/1517
f 1782/2847/462 1780/2775/1525 1783/2782/1527
f 1780/2775/1525 1767/2774/1512 1783/2782/1527
f 1779/2846/1524 1781/2785/1526 1769/2784/1514
f 1779/2846/1524 1780/2849/1525 1781/2785/1526
f 1780/2849/1525 1768/2837/1513 1781/2785/1526
f 1809/2850/447 1810/2851/448 1811/2852/591
f 1810/2851/448 1809/2850/447 1814/2853/452
f 1809/2850/447 1811/2852/591 1812/2854/450
f 1809/2850/447 1812/2854/450 1813/2855/592
f 1809/2850/447 1813/2855/592 1814/2853/452
f 1810/2856/448 1814/2857/452 1819/2858/457
f 1811/2859/591 1810/2860/448 1815/2861/593
f 1812/2862/450 1811/2859/591 1816/2863/454
f 1813/2864/592 1812/2865/450 1817/2866/455
f 1814/2867/452 1813/2868/592 1818/2869/594
f 1810/2856/448 1819/2858/457 1815/2870/593
f 1811/2859/591 1815/2861/593 1816/2863/454
f 1812/2865/450 1816/2871/454 1817/2866/455
f 1813/2868/592 1817/2872/455 1818/2869/594
f 1814/2867/452 1818/2869/594 1819/2873/457
f 1815/2874/593 1819/2875/457 1820/2876/458
f 1816/2877/454 1815/2874/593 1820/2876/458
f 1817/2878/455 1816/2877/454 1820/2876/458
f 1818/2879/594 1817/2878/455 1820/2876/458
f 1819/2875/457 1818/2879/594 1820/2876/458
f 1821/2880/447 1822/2881/448 1823/2882/591
f 1822/2881/448 1821/2880/447 1826/2883/452
f 1821/2880/447 1823/2882/591 1824/2884/450
f 1821/2880/447 1824/2884/450 1825/2885/592
f 1821/2880/447 1825/2885/592 1826/2883/452
f 1822/2886/448 1826/2887/452 1831/2888/457
f 1823/2889/591 1822/2890/448 1827/2891/453
f 1824/2892/450 1823/2889/591 1828/2893/454
f 1825/2894/592 1824/2895/450 1829/2896/455
f 1826/2897/452 1825/2898/592 1830/2899/456
f 1822/2886/448 1831/2888/457 1827/2900/453
f 1823/2889/591 1827/2891/453 1828/2893/454
f 1824/2895/450 1828/2901/454 1829/2896/455
f 1825/2898/592 1829/2902/455 1830/2899/456
f 1826/2897/452 1830/2899/456 1831/2903/457
f 1827/2904/453 1831/2905/457 1832/2906/458
f 1828/2907/454 1827/2904/453 1832/2906/458
f 1829/2908/455 1828/2907/454 1832/2906/458
f 1830/2909/456 1829/2908/455 1832/2906/458
f 1831/2905/457 1830/2909/456 1832/2906/458
f 1833/2910/1548 1834/2911/1549 1836/2912/1551 1835/2913/1550
f 1835/2914/1550 1836/2915/1551 1840/2916/1555 1839/2917/1554
f 1839/2918/1554 1840/2919/1555 1838/2920/1553 1837/2921/1552
f 1837/2922/1552 1838/2923/1553 1834/2924/1549 1833/2925/1548
f 1835/2926/1550 1839/2927/1554 1837/2928/1552 1833/2929/1548
f 1840/2930/1555 1836/2931/1551 1834/2932/1549 1838/2933/1553
f 1841/2934/1472 1854/2935/1485 1853/2936/1484
f 1842/2937/1473 1854/2938/1485 1856/2939/1487
f 1841/2934/1472 1853/2936/1484 1858/2940/1489
f 1841/2934/1472 1858/2940/1489 1860/2941/1491
f 1841/2934/1472 1860/2941/1491 1857/2942/1488
f 1842/2937/1473 1856/2939/1487 1863/2943/1494
f 1843/2944/1474 1855/2945/1486 1865/2946/93
f 1844/2947/1475 1859/2948/1490 1867/2949/1497
f 1845/2950/1476 1861/2951/1492 1869/2952/1499
f 1846/2953/1477 1862/2954/1493 1871/2955/1501
f 1842/2937/1473 1863/2943/1494 1866/2956/1496
f 1843/2944/1474 1865/2946/93 1868/2957/1498
f 1844/2958/1475 1867/2959/1497 1870/2960/1500
f 1845/2950/1476 1869/2952/1499 1872/2961/100
f 1846/2953/1477 1871/2955/1501 1864/2962/1495
f 1847/2963/1478 1873/2964/1502 1878/2965/1507
f 1848/2966/1479 1874/2967/1503 1880/2968/1509
f 1849/2969/1480 1875/2970/1504 1881/2971/1510
f 1850/2972/1481 1876/2973/1505 1882/2974/1511
f 1851/2975/1482 1877/2976/1506 1879/2977/1508
f 1879/2978/1508 1882/2979/1511 1852/2980/1483
f 1879/2981/1508 1877/2982/1506 1882/2974/1511
f 1877/2982/1506 1850/2972/1481 1882/2974/1511
f 1882/2979/1511 1881/2983/1510 1852/2980/1483
f 1882/2974/1511 1876/2973/1505 1881/2984/1510
f 1876/2973/1505 1849/2985/1480 1881/2984/1510
f 1881/2983/1510 1880/2986/1509 1852/2980/1483
f 1881/2983/1510 1875/2987/1504 1880/2986/1509
f 1875/2988/1504 1848/2966/1479 1880/2968/1509
f 1880/2986/1509 1878/2989/1507 1852/2980/1483
f 1880/2968/1509 1874/2967/1503 1878/2965/1507
f 1874/2967/1503 1847/2963/1478 1878/2965/1507
f 1878/2989/1507 1879/2978/1508 1852/2980/1483
f 1878/2989/1507 1873/2990/1502 1879/2978/1508
f 1873/2991/1502 1851/2975/1482 1879/2977/1508
f 1864/2962/1495 1877/2982/1506 1851/2992/1482
f 1864/2962/1495 1871/2955/1501 1877/2982/1506
f 1871/2955/1501 1850/2972/1481 1877/2982/1506
f 1872/2961/100 1876/2973/1505 1850/2972/1481
f 1872/2961/100 1869/2952/1499 1876/2973/1505
f 1869/2952/1499 1849/2985/1480 1876/2973/1505
f 1870/2960/1500 1875/2970/1504 1849/2969/1480
f 1870/2960/1500 1867/2959/1497 1875/2970/1504
f 1867/2959/1497 1848/2993/1479 1875/2970/1504
f 1868/2957/1498 1874/2967/1503 1848/2966/1479
f 1868/2957/1498 1865/2946/93 1874/2967/1503
f 1865/2946/93 1847/2963/1478 1874/2967/1503
f 1866/2994/1496 1873/2964/1502 1847/2963/1478
f 1866/2956/1496 1863/2943/1494 1873/2991/1502
f 1863/2943/1494 1851/2975/1482 1873/2991/1502
f 1871/2955/1501 1872/2961/100 1850/2972/1481
f 1871/2955/1501 1862/2954/1493 1872/2961/100
f 1862/2954/1493 1845/2950/1476 1872/2961/100
f 1869/2995/1499 1870/2960/1500 1849/2969/1480
f 1869/2995/1499 1861/2996/1492 1870/2960/1500
f 1861/2996/1492 1844/2958/1475 1870/2960/1500
f 1867/2949/1497 1868/2957/1498 1848/2966/1479
f 1867/2949/1497 1859/2948/1490 1868/2957/1498
f 1859/2948/1490 1843/2944/1474 1868/2957/1498
f 1865/2946/93 1866/2994/1496 1847/2963/1478
f 1865/2946/93 1855/2945/1486 1866/2994/1496
f 1855/2945/1486 1842/2997/1473 1866/2994/1496
f 1863/2943/1494 1864/2998/1495 1851/2975/1482
f 1863/2943/1494 1856/2939/1487 1864/2998/1495
f 1856/2939/1487 1846/2999/1477 1864/2998/1495
f 1857/3000/1488 1862/2954/1493 1846/2953/1477
f 1857/3000/1488 1860/3001/1491 1862/2954/1493
f 1860/3001/1491 1845/2950/1476 1862/2954/1493
f 1860/3001/1491 1861/2951/1492 1845/2950/1476
f 1860/2941/1491 1858/2940/1489 1861/3002/1492
f 1858/3003/1489 1844/2958/1475 1861/2996/1492
f 1858/3003/1489 1859/3004/1490 1844/2958/1475
f 1858/3005/1489 1853/3006/1484 1859/2948/1490
f 1853/3006/1484 1843/2944/1474 1859/2948/1490
f 1856/3007/1487 1857/3000/1488 1846/2953/1477
f 1856/3008/1487 1854/2935/1485 1857/2942/1488
f 1854/2935/1485 1841/2934/1472 1857/2942/1488
f 1853/3006/1484 1855/2945/1486 1843/2944/1474
f 1853/3006/1484 1854/3009/1485 1855/2945/1486
f 1854/3009/1485 1842/2997/1473 1855/2945/1486
f 1883/3010/1512 1896/3011/1525 1895/3012/1524
f 1884/3013/1513 1896/3014/1525 1898/3015/462
f 1883/3010/1512 1895/3012/1524 1900/3016/464
f 1883/3010/1512 1900/3016/464 1902/3017/1529
f 1883/3010/1512 1902/3017/1529 1899/3018/1527
f 1884/3013/1513 1898/3015/462 1905/3019/1532
f 1885/3020/1514 1897/3021/1526 1907/3022/93
f 1886/3023/1515 1901/3024/1528 1909/3025/1535
f 1887/3026/1516 1903/3027/1530 1911/3028/1537
f 1888/3029/1517 1904/3030/1531 1913/3031/1539
f 1884/3013/1513 1905/3019/1532 1908/3032/1534
f 1885/3020/1514 1907/3022/93 1910/3033/1536
f 1886/3034/1515 1909/3035/1535 1912/3036/1538
f 1887/3026/1516 1911/3028/1537 1914/3037/100
f 1888/3029/1517 1913/3031/1539 1906/3038/1533
f 1889/3039/1518 1915/3040/1540 1920/3041/1544
f 1890/3042/1519 1916/3043/1541 1922/3044/1545
f 1891/3045/1520 1917/3046/479 1923/3047/1546
f 1892/3048/1521 1918/3049/1542 1924/3050/1547
f 1893/3051/1522 1919/3052/1543 1921/3053/483
f 1921/3053/483 1924/3054/1547 1894/3055/1523
f 1921/3053/483 1919/3052/1543 1924/3054/1547
f 1919/3056/1543 1892/3048/1521 1924/3050/1547
f 1924/3054/1547 1923/3057/1546 1894/3055/1523
f 1924/3050/1547 1918/3049/1542 1923/3058/1546
f 1918/3049/1542 1891/3059/1520 1923/3058/1546
f 1923/3057/1546 1922/3060/1545 1894/3055/1523
f 1923/3057/1546 1917/3061/479 1922/3060/1545
f 1917/3061/479 1890/3062/1519 1922/3060/1545
f 1922/3060/1545 1920/3063/1544 1894/3055/1523
f 1922/3044/1545 1916/3043/1541 1920/3041/1544
f 1916/3043/1541 1889/3039/1518 1920/3041/1544
f 1920/3063/1544 1921/3053/483 1894/3055/1523
f 1920/3063/1544 1915/3064/1540 1921/3053/483
f 1915/3065/1540 1893/3066/1522 1921/3067/483
f 1906/3038/1533 1919/3056/1543 1893/3068/1522
f 1906/3038/1533 1913/3031/1539 1919/3056/1543
f 1913/3031/1539 1892/3048/1521 1919/3056/1543
f 1914/3037/100 1918/3049/1542 1892/3048/1521
f 1914/3037/100 1911/3028/1537 1918/3049/1542
f 1911/3028/1537 1891/3059/1520 1918/3049/1542
f 1912/3036/1538 1917/3046/479 1891/3045/1520
f 1912/3036/1538 1909/3035/1535 1917/3046/479
f 1909/3035/1535 1890/3069/1519 1917/3046/479
f 1910/3033/1536 1916/3043/1541 1890/3042/1519
f 1910/3033/1536 1907/3022/93 1916/3043/1541
f 1907/3022/93 1889/3039/1518 1916/3043/1541
f 1908/3070/1534 1915/3040/1540 1889/3039/1518
f 1908/3032/1534 1905/3019/1532 1915/3065/1540
f 1905/3019/1532 1893/3066/1522 1915/3065/1540
f 1913/3031/1539 1914/3037/100 1892/3048/1521
f 1913/3031/1539 1904/3030/1531 1914/3037/100
f 1904/3030/1531 1887/3026/1516 1914/3037/100
f 1911/3071/1537 1912/3036/1538 1891/3045/1520
f 1911/3071/1537 1903/3072/1530 1912/3036/1538
f 1903/3072/1530 1886/3034/1515 1912/3036/1538
f 1909/3025/1535 1910/3033/1536 1890/3042/1519
f 1909/3025/1535 1901/3024/1528 1910/3033/1536
f 1901/3024/1528 1885/3020/1514 1910/3033/1536
f 1907/3022/93 1908/3070/1534 1889/3039/1518
f 1907/3022/93 1897/3021/1526 1908/3070/1534
f 1897/3021/1526 1884/3073/1513 1908/3070/1534
f 1905/3019/1532 1906/3074/1533 1893/3066/1522
f 1905/3019/1532 1898/3015/462 1906/3074/1533
f 1898/3015/462 1888/3075/1517 1906/3074/1533
f 1899/3076/1527 1904/3030/1531 1888/3029/1517
f 1899/3076/1527 1902/3077/1529 1904/3030/1531
f 1902/3077/1529 1887/3026/1516 1904/3030/1531
f 1902/3077/1529 1903/3027/1530 1887/3026/1516
f 1902/3017/1529 1900/3016/464 1903/3078/1530
f 1900/3079/464 1886/3034/1515 1903/3072/1530
f 1900/3016/464 1901/3080/1528 1886/3081/1515
f 1900/3016/464 1895/3012/1524 1901/3080/1528
f 1895/3082/1524 1885/3020/1514 1901/3024/1528
f 1898/3083/462 1899/3018/1527 1888/3084/1517
f 1898/3083/462 1896/3011/1525 1899/3018/1527
f 1896/3011/1525 1883/3010/1512 1899/3018/1527
f 1895/3082/1524 1897/3021/1526 1885/3020/1514
f 1895/3082/1524 1896/3085/1525 1897/3021/1526
f 1896/3085/1525 1884/3073/1513 1897/3021/1526
f 1925/3086/447 1926/3087/448 1927/3088/591
f 1926/3087/448 1925/3086/447 1930/3089/452
f 1925/3086/447 1927/3088/591 1928/3090/450
f 1925/3086/447 1928/3090/450 1929/3091/592
f 1925/3086/447 1929/3091/592 1930/3089/452
f 1926/3092/448 1930/3093/452 1935/3094/457
f 1927/3095/591 1926/3096/448 1931/3097/593
f 1928/3098/450 1927/3095/591 1932/3099/454
f 1929/3100/592 1928/3101/450 1933/3102/455
f 1930/3103/452 1929/3104/592 1934/3105/594
f 1926/3092/448 1935/3094/457 1931/3106/593
f 1927/3095/591 1931/3097/593 1932/3099/454
f 1928/3101/450 1932/3107/454 1933/3102/455
f 1929/3104/592 1933/3108/455 1934/3105/594
f 1930/3103/452 1934/3105/594 1935/3109/457
f 1931/3110/593 1935/3111/457 1936/3112/458
f 1932/3113/454 1931/3110/593 1936/3112/458
f 1933/3114/455 1932/3113/454 1936/3112/458
f 1934/3115/594 1933/3114/455 1936/3112/458
f 1935/3111/457 1934/3115/594 1936/3112/458
f 1937/3116/447 1938/3117/448 1939/3118/591
f 1938/3117/448 1937/3116/447 1942/3119/452
f 1937/3116/447 1939/3118/591 1940/3120/450
f 1937/3116/447 1940/3120/450 1941/3121/592
f 1937/3116/447 1941/3121/592 1942/3119/452
f 1938/3122/448 1942/3123/452 1947/3124/457
f 1939/3125/591 1938/3126/448 1943/3127/453
f 1940/3128/450 1939/3125/591 1944/3129/454
f 1941/3130/592 1940/3131/450 1945/3132/455
f 1942/3133/452 1941/3134/592 1946/3135/456
f 1938/3122/448 1947/3124/457 1943/3136/453
f 1939/3125/591 1943/3127/453 1944/3129/454
f 1940/3131/450 1944/3137/454 1945/3132/455
f 1941/3134/592 1945/3138/455 1946/3135/456
f 1942/3133/452 1946/3135/456 1947/3139/457
f 1943/3140/453 1947/3141/457 1948/3142/458
f 1944/3143/454 1943/3140/453 1948/3142/458
f 1945/3144/455 1944/3143/454 1948/3142/458
f 1946/3145/456 1945/3144/455 1948/3142/458
f 1947/3141/457 1946/3145/456 1948/3142/458
f 1949/3146/1556 1950/3147/1557 1952/3148/1559 1951/3149/1558
f 1951/3150/1558 1952/3151/1559 1956/3152/1563 1955/3153/1562
f 1955/3154/1562 1956/3155/1563 1954/3156/1561 1953/3157/1560
f 1953/3158/1560 1954/3159/1561 1950/3160/1557 1949/3161/1556
f 1951/3162/1558 1955/3163/1562 1953/3164/1560 1949/3165/1556
f 1956/3166/1563 1952/3167/1559 1950/3168/1557 1954/3169/1561
f 1957/3170/1564 1970/3171/1577 1969/3172/1576
f 1958/3173/1565 1970/3174/1577 1972/3175/1579
f 1957/3170/1564 1969/3172/1576 1974/3176/1581
f 1957/3170/1564 1974/3176/1581 1976/3177/1583
f 1957/3170/1564 1976/3177/1583 1973/3178/1580
f 1958/3173/1565 1972/3175/1579 1979/3179/1586
f 1959/3180/1566 1971/3181/1578 1981/3182/93
f 1960/3183/1567 1975/3184/1582 1983/3185/1589
f 1961/3186/1568 1977/3187/1584 1985/3188/1591
f 1962/3189/1569 1978/3190/1585 1987/3191/1593
f 1958/3173/1565 1979/3179/1586 1982/3192/1588
f 1959/3180/1566 1981/3182/93 1984/3193/1590
f 1960/3183/1567 1983/3185/1589 1986/3194/1592
f 1961/3195/1568 1985/3196/1591 1988/3197/100
f 1962/3189/1569 1987/3191/1593 1980/3198/1587
f 1963/3199/1570 1989/3200/1594 1994/3201/1599
f 1964/3202/1571 1990/3203/1595 1996/3204/1601
f 1965/3205/1572 1991/3206/1596 1997/3207/1602
f 1966/3208/1573 1992/3209/1597 1998/3210/1603
f 1967/3211/1574 1993/3212/1598 1995/3213/1600
f 1995/3214/1600 1998/3215/1603 1968/3216/1575
f 1995/3214/1600 1993/3217/1598 1998/3215/1603
f 1993/3218/1598 1966/3208/1573 1998/3210/1603
f 1998/3215/1603 1997/3219/1602 1968/3216/1575
f 1998/3215/1603 1992/3220/1597 1997/3219/1602
f 1992/3221/1597 1965/3205/1572 1997/3207/1602
f 1997/3219/1602 1996/3222/1601 1968/3216/1575
f 1997/3207/1602 1991/3206/1596 1996/3223/1601
f 1991/3206/1596 1964/3224/1571 1996/3223/1601
f 1996/3222/1601 1994/3225/1599 1968/3216/1575
f 1996/3222/1601 1990/3226/1595 1994/3225/1599
f 1990/3203/1595 1963/3227/1570 1994/3228/1599
f 1994/3225/1599 1995/3214/1600 1968/3216/1575
f 1994/3201/1599 1989/3200/1594 1995/3213/1600
f 1989/3200/1594 1967/3211/1574 1995/3213/1600
f 1980/3229/1587 1993/3212/1598 1967/3211/1574
f 1980/3198/1587 1987/3191/1593 1993/3218/1598
f 1987/3191/1593 1966/3208/1573 1993/3218/1598
f 1988/3197/100 1992/3209/1597 1966/3208/1573
f 1988/3197/100 1985/3196/1591 1992/3209/1597
f 1985/3188/1591 1965/3205/1572 1992/3221/1597
f 1986/3194/1592 1991/3206/1596 1965/3205/1572
f 1986/3194/1592 1983/3185/1589 1991/3206/1596
f 1983/3185/1589 1964/3224/1571 1991/3206/1596
f 1984/3193/1590 1990/3203/1595 1964/3202/1571
f 1984/3193/1590 1981/3182/93 1990/3203/1595
f 1981/3182/93 1963/3227/1570 1990/3203/1595
f 1982/3192/1588 1989/3200/1594 1963/3199/1570
f 1982/3192/1588 1979/3179/1586 1989/3200/1594
f 1979/3179/1586 1967/3211/1574 1989/3200/1594
f 1987/3191/1593 1988/3197/100 1966/3208/1573
f 1987/3191/1593 1978/3190/1585 1988/3197/100
f 1978/3190/1585 1961/3195/1568 1988/3197/100
f 1985/3188/1591 1986/3194/1592 1965/3205/1572
f 1985/3188/1591 1977/3187/1584 1986/3194/1592
f 1977/3187/1584 1960/3183/1567 1986/3194/1592
f 1983/3230/1589 1984/3193/1590 1964/3202/1571
f 1983/3230/1589 1975/3231/1582 1984/3193/1590
f 1975/3231/1582 1959/3180/1566 1984/3193/1590
f 1981/3182/93 1982/3232/1588 1963/3227/1570
f 1981/3182/93 1971/3181/1578 1982/3232/1588
f 1971/3233/1578 1958/3173/1565 1982/3192/1588
f 1979/3179/1586 1980/3229/1587 1967/3211/1574
f 1979/3179/1586 1972/3175/1579 1980/3229/1587
f 1972/3175/1579 1962/3234/1569 1980/3229/1587
f 1973/3235/1580 1978/3190/1585 1962/3189/1569
f 1973/3178/1580 1976/3177/1583 1978/3236/1585
f 1976/3237/1583 1961/3195/1568 1978/3190/1585
f 1976/3238/1583 1977/3187/1584 1961/3186/1568
f 1976/3238/1583 1974/3239/1581 1977/3187/1584
f 1974/3239/1581 1960/3183/1567 1977/3187/1584
f 1974/3239/1581 1975/3184/1582 1960/3183/1567
f 1974/3176/1581 1969/3172/1576 1975/3240/1582
f 1969/3241/1576 1959/3180/1566 1975/3231/1582
f 1972/3175/1579 1973/3242/1580 1962/3234/1569
f 1972/3175/1579 1970/3174/1577 1973/3242/1580
f 1970/3171/1577 1957/3170/1564 1973/3178/1580
f 1969/3241/1576 1971/3181/1578 1959/3180/1566
f 1969/3172/1576 1970/3171/1577 1971/3243/1578
f 1970/3174/1577 1958/3173/1565 1971/3233/1578
f 1999/3244/1604 2000/3245/1605 2002/3246/1607 2001/3247/1606
f 2001/3248/1606 2002/3249/1607 2006/3250/1611 2005/3251/1610
f 2005/3252/1610 2006/3253/1611 2004/3254/1609 2003/3255/1608
f 2003/3256/1608 2004/3257/1609 2000/3258/1605 1999/3259/1604
f 2001/3260/1606 2005/3261/1610 2003/3262/1608 1999/3263/1604
f 2006/3264/1611 2002/3265/1607 2000/3266/1605 2004/3267/1609
f 2007/3268/1612 2008/3269/1613 2009/3270/1614
f 2008/3269/1613 2007/3268/1612 2012/3271/1617
f 2007/3268/1612 2009/3270/1614 2010/3272/1615
f 2007/3268/1612 2010/3272/1615 2011/3273/1616
f 2007/3274/1612 2011/3275/1616 2012/3276/1617
f 2008/3277/1613 2012/3278/1617 2017/3279/1622
f 2009/3280/1614 2008/3281/1613 2013/3282/1618
f 2010/3283/1615 2009/3280/1614 2014/3284/1619
f 2011/3285/1616 2010/3286/1615 2015/3287/1620
f 2012/3276/1617 2011/3275/1616 2016/3288/1621
f 2008/3277/1613 2017/3279/1622 2013/3289/1618
f 2009/3280/1614 2013/3282/1618 2014/3284/1619
f 2010/3286/1615 2014/3290/1619 2015/3287/1620
f 2011/3275/1616 2015/3291/1620 2016/3288/1621
f 2012/3276/1617 2016/3288/1621 2017/3292/1622
f 2013/3293/1618 2017/3294/1622 2018/3295/1623
f 2014/3284/1619 2013/3282/1618 2018/3296/1623
f 2015/3297/1620 2014/3298/1619 2018/3295/1623
f 2016/3299/1621 2015/3297/1620 2018/3295/1623
f 2017/3294/1622 2016/3299/1621 2018/3295/1623
f 2019/3300/1612 2020/3301/1613 2021/3302/1614
f 2020/3301/1613 2019/3300/1612 2024/3303/1617
f 2019/3300/1612 2021/3302/1614 2022/3304/1615
f 2019/3300/1612 2022/3304/1615 2023/3305/1616
f 2019/3306/1612 2023/3307/1616 2024/3308/1617
f 2020/3309/1613 2024/3310/1617 2029/3311/1622
f 2021/3312/1614 2020/3313/1613 2025/3314/1618
f 2022/3315/1615 2021/3312/1614 2026/3316/1619
f 2023/3317/1616 2022/3318/1615 2027/3319/1620
f 2024/3308/1617 2023/3307/1616 2028/3320/1621
f 2020/3309/1613 2029/3311/1622 2025/3321/1618
f 2021/3312/1614 2025/3314/1618 2026/3316/1619
f 2022/3318/1615 2026/3322/1619 2027/3319/1620
f 2023/3307/1616 2027/3323/1620 2028/3320/1621
f 2024/3308/1617 2028/3320/1621 2029/3324/1622
f 2025/3325/1618 2029/3326/1622 2030/3327/1623
f 2026/3316/1619 2025/3314/1618 2030/3328/1623
f 2027/3329/1620 2026/3330/1619 2030/3327/1623
f 2028/3331/1621 2027/3329/1620 2030/3327/1623
f 2029/3326/1622 2028/3331/1621 2030/3327/1623
f 2031/3332/447 2046/3333/1637 2045/3334/1636
f 2032/3335/1624 2048/3336/1639 2054/3337/1645
f 2031/3332/447 2045/3334/1636 2060/3338/1651
f 2031/3332/447 2060/3338/1651 2066/3339/1657
f 2031/3332/447 2066/3339/1657 2055/3340/1646
f 2032/3335/1624 2054/3337/1645 2075/3341/1666
f 2033/3342/1625 2051/3343/1642 2081/3344/1671
f 2034/3345/1626 2063/3346/1654 2087/3347/1677
f 2035/3348/1627 2069/3349/1660 2093/3350/1683
f 2036/3351/1628 2072/3352/1663 2099/3353/1689
f 2032/3335/1624 2075/3341/1666 2082/3354/1672
f 2033/3342/1625 2081/3344/1671 2088/3355/1678
f 2034/3345/1626 2087/3347/1677 2094/3356/1684
f 2035/3348/1627 2093/3350/1683 2100/3357/1690
f 2036/3351/1628 2099/3353/1689 2076/3358/1667
f 2037/3359/1629 2105/3360/1694 2120/3361/1709
f 2038/3362/1630 2108/3363/1697 2126/3364/1715
f 2039/3365/1631 2111/3366/1700 2129/3367/1718
f 2040/3368/1632 2114/3369/1703 2132/3370/1721
f 2041/3371/1633 2117/3372/1706 2121/3373/1710
f 2123/3374/1712 2130/3375/1719 2042/3376/458
f 2122/3377/1711 2133/3378/1722 2123/3374/1712
f 2121/3379/1710 2134/3380/1723 2122/3377/1711
f 2123/3374/1712 2133/3378/1722 2130/3375/1719
f 2133/3378/1722 2131/3381/1720 2130/3375/1719
f 2122/3377/1711 2134/3380/1723 2133/3378/1722
f 2134/3380/1723 2135/3382/1724 2133/3378/1722
f 2133/3378/1722 2135/3382/1724 2131/3381/1720
f 2135/3382/1724 2132/3383/1721 2131/3381/1720
f 2121/3379/1710 2117/3384/1706 2134/3380/1723
f 2117/3384/1706 2116/3385/1705 2134/3380/1723
f 2134/3380/1723 2116/3385/1705 2135/3382/1724
f 2116/3385/1705 2115/3386/1704 2135/3382/1724
f 2135/3382/1724 2115/3386/1704 2132/3383/1721
f 2115/3387/1704 2040/3368/1632 2132/3370/1721
f 2130/3375/1719 2127/3388/1716 2042/3376/458
f 2131/3381/1720 2136/3389/1725 2130/3375/1719
f 2132/3383/1721 2137/3390/1726 2131/3381/1720
f 2130/3375/1719 2136/3389/1725 2127/3388/1716
f 2136/3389/1725 2128/3391/1717 2127/3388/1716
f 2131/3381/1720 2137/3390/1726 2136/3389/1725
f 2137/3390/1726 2138/3392/1727 2136/3389/1725
f 2136/3389/1725 2138/3392/1727 2128/3391/1717
f 2138/3392/1727 2129/3393/1718 2128/3391/1717
f 2132/3383/1721 2114/3394/1703 2137/3390/1726
f 2114/3369/1703 2113/3395/1702 2137/3396/1726
f 2137/3390/1726 2113/3397/1702 2138/3392/1727
f 2113/3397/1702 2112/3398/1701 2138/3392/1727
f 2138/3392/1727 2112/3398/1701 2129/3393/1718
f 2112/3399/1701 2039/3365/1631 2129/3367/1718
f 2127/3388/1716 2124/3400/1713 2042/3376/458
f 2128/3391/1717 2139/3401/1728 2127/3388/1716
f 2129/3393/1718 2140/3402/1729 2128/3391/1717
f 2127/3388/1716 2139/3401/1728 2124/3400/1713
f 2139/3401/1728 2125/3403/1714 2124/3400/1713
f 2128/3391/1717 2140/3402/1729 2139/3401/1728
f 2140/3402/1729 2141/3404/1730 2139/3401/1728
f 2139/3401/1728 2141/3404/1730 2125/3403/1714
f 2141/3404/1730 2126/3405/1715 2125/3403/1714
f 2129/3367/1718 2111/3366/1700 2140/3406/1729
f 2111/3366/1700 2110/3407/1699 2140/3406/1729
f 2140/3402/1729 2110/3408/1699 2141/3404/1730
f 2110/3407/1699 2109/3409/1698 2141/3410/1730
f 2141/3404/1730 2109/3411/1698 2126/3405/1715
f 2109/3411/1698 2038/3412/1630 2126/3405/1715
f 2124/3400/1713 2118/3413/1707 2042/3376/458
f 2125/3403/1714 2142/3414/1731 2124/3400/1713
f 2126/3405/1715 2143/3415/1732 2125/3403/1714
f 2124/3400/1713 2142/3414/1731 2118/3413/1707
f 2142/3414/1731 2119/3416/1708 2118/3413/1707
f 2125/3403/1714 2143/3415/1732 2142/3414/1731
f 2143/3415/1732 2144/3417/1733 2142/3414/1731
f 2142/3414/1731 2144/3417/1733 2119/3416/1708
f 2144/3417/1733 2120/3361/1709 2119/3416/1708
f 2126/3405/1715 2108/3418/1697 2143/3415/1732
f 2108/3363/1697 2107/3419/1696 2143/3420/1732
f 2143/3415/1732 2107/3421/1696 2144/3417/1733
f 2107/3419/1696 2106/3422/1695 2144/3423/1733
f 2144/3417/1733 2106/3424/1695 2120/3361/1709
f 2106/3422/1695 2037/3425/1629 2120/3426/1709
f 2118/3413/1707 2123/3374/1712 2042/3376/458
f 2119/3416/1708 2145/3427/1734 2118/3413/1707
f 2120/3361/1709 2146/3428/1735 2119/3416/1708
f 2118/3413/1707 2145/3427/1734 2123/3374/1712
f 2145/3427/1734 2122/3377/1711 2123/3374/1712
f 2119/3416/1708 2146/3428/1735 2145/3427/1734
f 2146/3428/1735 2147/3429/1736 2145/3427/1734
f 2145/3427/1734 2147/3429/1736 2122/3377/1711
f 2147/3429/1736 2121/3379/1710 2122/3377/1711
f 2120/3361/1709 2105/3360/1694 2146/3428/1735
f 2105/3360/1694 2104/3430/1693 2146/3428/1735
f 2146/3428/1735 2104/3430/1693 2147/3429/1736
f 2104/3431/1693 2103/3432/1692 2147/3433/1736
f 2147/3433/1736 2103/3432/1692 2121/3373/1710
f 2103/3432/1692 2041/3371/1633 2121/3373/1710
f 2078/3434/1669 2117/3372/1706 2041/3371/1633
f 2077/3435/1668 2148/3436/1737 2078/3434/1669
f 2076/3437/1667 2149/3438/1738 2077/3435/1668
f 2078/3434/1669 2148/3436/1737 2117/3372/1706
f 2148/3436/1737 2116/3439/1705 2117/3372/1706
f 2077/3435/1668 2149/3438/1738 2148/3436/1737
f 2149/3440/1738 2150/3441/1739 2148/3442/1737
f 2148/3442/1737 2150/3441/1739 2116/3443/1705
f 2150/3441/1739 2115/3387/1704 2116/3443/1705
f 2076/3358/1667 2099/3353/1689 2149/3440/1738
f 2099/3353/1689 2098/3444/1688 2149/3440/1738
f 2149/3440/1738 2098/3444/1688 2150/3441/1739
f 2098/3444/1688 2097/3445/1687 2150/3441/1739
f 2150/3441/1739 2097/3445/1687 2115/3387/1704
f 2097/3445/1687 2040/3368/1632 2115/3387/1704
f 2102/3446/1691 2114/3369/1703 2040/3368/1632
f 2101/3447/100 2151/3448/1740 2102/3446/1691
f 2100/3357/1690 2152/3449/1741 2101/3447/100
f 2102/3446/1691 2151/3448/1740 2114/3369/1703
f 2151/3448/1740 2113/3395/1702 2114/3369/1703
f 2101/3447/100 2152/3449/1741 2151/3448/1740
f 2152/3449/1741 2153/3450/1742 2151/3448/1740
f 2151/3448/1740 2153/3450/1742 2113/3395/1702
f 2153/3450/1742 2112/3451/1701 2113/3395/1702
f 2100/3357/1690 2093/3350/1683 2152/3449/1741
f 2093/3350/1683 2092/3452/1682 2152/3449/1741
f 2152/3449/1741 2092/3452/1682 2153/3450/1742
f 2092/3453/1682 2091/3454/1681 2153/3455/1742
f 2153/3455/1742 2091/3454/1681 2112/3399/1701
f 2091/3454/1681 2039/3365/1631 2112/3399/1701
f 2096/3456/1686 2111/3366/1700 2039/3365/1631
f 2095/3457/1685 2154/3458/1743 2096/3456/1686
f 2094/3356/1684 2155/3459/1744 2095/3457/1685
f 2096/3456/1686 2154/3458/1743 2111/3366/1700
f 2154/3458/1743 2110/3407/1699 2111/3366/1700
f 2095/3457/1685 2155/3459/1744 2154/3458/1743
f 2155/3459/1744 2156/3460/1745 2154/3458/1743
f 2154/3458/1743 2156/3460/1745 2110/3407/1699
f 2156/3460/1745 2109/3409/1698 2110/3407/1699
f 2094/3356/1684 2087/3347/1677 2155/3459/1744
f 2087/3347/1677 2086/3461/1676 2155/3459/1744
f 2155/3459/1744 2086/3461/1676 2156/3460/1745
f 2086/3461/1676 2085/3462/1675 2156/3460/1745
f 2156/3460/1745 2085/3462/1675 2109/3409/1698
f 2085/3462/1675 2038/3463/1630 2109/3409/1698
f 2090/3464/1680 2108/3363/1697 2038/3362/1630
f 2089/3465/1679 2157/3466/1746 2090/3464/1680
f 2088/3355/1678 2158/3467/1747 2089/3465/1679
f 2090/3464/1680 2157/3466/1746 2108/3363/1697
f 2157/3466/1746 2107/3419/1696 2108/3363/1697
f 2089/3465/1679 2158/3467/1747 2157/3466/1746
f 2158/3467/1747 2159/3468/1748 2157/3466/1746
f 2157/3466/1746 2159/3468/1748 2107/3419/1696
f 2159/3468/1748 2106/3422/1695 2107/3419/1696
f 2088/3355/1678 2081/3344/1671 2158/3467/1747
f 2081/3344/1671 2080/3469/93 2158/3467/1747
f 2158/3467/1747 2080/3469/93 2159/3468/1748
f 2080/3469/93 2079/3470/1670 2159/3468/1748
f 2159/3468/1748 2079/3470/1670 2106/3422/1695
f 2079/3470/1670 2037/3425/1629 2106/3422/1695
f 2084/3471/1674 2105/3472/1694 2037/3425/1629
f 2083/3473/1673 2160/3474/1749 2084/3475/1674
f 2082/3354/1672 2161/3476/1750 2083/3473/1673
f 2084/3475/1674 2160/3474/1749 2105/3477/1694
f 2160/3474/1749 2104/3431/1693 2105/3477/1694
f 2083/3473/1673 2161/3476/1750 2160/3474/1749
f 2161/3476/1750 2162/3478/1751 2160/3474/1749
f 2160/3474/1749 2162/3478/1751 2104/3431/1693
f 2162/3478/1751 2103/3432/1692 2104/3431/1693
f 2082/3354/1672 2075/3341/1666 2161/3476/1750
f 2075/3341/1666 2074/3479/1665 2161/3476/1750
f 2161/3476/1750 2074/3479/1665 2162/3478/1751
f 2074/3479/1665 2073/3480/1664 2162/3478/1751
f 2162/3478/1751 2073/3480/1664 2103/3432/1692
f 2073/3480/1664 2041/3371/1633 2103/3432/1692
f 2097/3445/1687 2102/3446/1691 2040/3368/1632
f 2098/3444/1688 2163/3481/1752 2097/3445/1687
f 2099/3353/1689 2164/3482/1753 2098/3444/1688
f 2097/3445/1687 2163/3481/1752 2102/3446/1691
f 2163/3481/1752 2101/3447/100 2102/3446/1691
f 2098/3444/1688 2164/3482/1753 2163/3481/1752
f 2164/3482/1753 2165/3483/1754 2163/3481/1752
f 2163/3481/1752 2165/3483/1754 2101/3447/100
f 2165/3483/1754 2100/3357/1690 2101/3447/100
f 2099/3353/1689 2072/3352/1663 2164/3482/1753
f 2072/3352/1663 2071/3484/1662 2164/3482/1753
f 2164/3482/1753 2071/3484/1662 2165/3483/1754
f 2071/3484/1662 2070/3485/1661 2165/3483/1754
f 2165/3483/1754 2070/3485/1661 2100/3357/1690
f 2070/3485/1661 2035/3348/1627 2100/3357/1690
f 2091/3454/1681 2096/3456/1686 2039/3365/1631
f 2092/3453/1682 2166/3486/1755 2091/3454/1681
f 2093/3487/1683 2167/3488/1756 2092/3453/1682
f 2091/3454/1681 2166/3486/1755 2096/3456/1686
f 2166/3486/1755 2095/3457/1685 2096/3456/1686
f 2092/3453/1682 2167/3488/1756 2166/3486/1755
f 2167/3488/1756 2168/3489/1757 2166/3486/1755
f 2166/3486/1755 2168/3489/1757 2095/3457/1685
f 2168/3489/1757 2094/3356/1684 2095/3457/1685
f 2093/3487/1683 2069/3490/1660 2167/3488/1756
f 2069/3490/1660 2068/3491/1659 2167/3488/1756
f 2167/3488/1756 2068/3491/1659 2168/3489/1757
f 2068/3491/1659 2067/3492/1658 2168/3489/1757
f 2168/3489/1757 2067/3492/1658 2094/3356/1684
f 2067/3492/1658 2034/3345/1626 2094/3356/1684
f 2085/3493/1675 2090/3464/1680 2038/3362/1630
f 2086/3461/1676 2169/3494/1758 2085/3462/1675
f 2087/3347/1677 2170/3495/1759 2086/3461/1676
f 2085/3493/1675 2169/3496/1758 2090/3464/1680
f 2169/3496/1758 2089/3465/1679 2090/3464/1680
f 2086/3461/1676 2170/3495/1759 2169/3494/1758
f 2170/3497/1759 2171/3498/1760 2169/3496/1758
f 2169/3496/1758 2171/3498/1760 2089/3465/1679
f 2171/3498/1760 2088/3355/1678 2089/3465/1679
f 2087/3347/1677 2063/3346/1654 2170/3495/1759
f 2063/3346/1654 2062/3499/1653 2170/3495/1759
f 2170/3497/1759 2062/3500/1653 2171/3498/1760
f 2062/3500/1653 2061/3501/1652 2171/3498/1760
f 2171/3498/1760 2061/3501/1652 2088/3355/1678
f 2061/3501/1652 2033/3342/1625 2088/3355/1678
f 2079/3470/1670 2084/3471/1674 2037/3425/1629
f 2080/3469/93 2172/3502/1761 2079/3470/1670
f 2081/3344/1671 2173/3503/1762 2080/3469/93
f 2079/3470/1670 2172/3502/1761 2084/3471/1674
f 2172/3502/1761 2083/3504/1673 2084/3471/1674
f 2080/3469/93 2173/3503/1762 2172/3502/1761
f 2173/3503/1762 2174/3505/1763 2172/3502/1761
f 2172/3502/1761 2174/3505/1763 2083/3504/1673
f 2174/3506/1763 2082/3354/1672 2083/3473/1673
f 2081/3344/1671 2051/3343/1642 2173/3503/1762
f 2051/3343/1642 2050/3507/1641 2173/3503/1762
f 2173/3503/1762 2050/3507/1641 2174/3505/1763
f 2050/3507/1641 2049/3508/1640 2174/3505/1763
f 2174/3506/1763 2049/3509/1640 2082/3354/1672
f 2049/3509/1640 2032/3335/1624 2082/3354/1672
f 2073/3480/1664 2078/3434/1669 2041/3371/1633
f 2074/3479/1665 2175/3510/1764 2073/3480/1664
f 2075/3341/1666 2176/3511/1765 2074/3479/1665
f 2073/3480/1664 2175/3510/1764 2078/3434/1669
f 2175/3510/1764 2077/3435/1668 2078/3434/1669
f 2074/3479/1665 2176/3511/1765 2175/3510/1764
f 2176/3511/1765 2177/3512/1766 2175/3510/1764
f 2175/3510/1764 2177/3512/1766 2077/3435/1668
f 2177/3512/1766 2076/3437/1667 2077/3435/1668
f 2075/3341/1666 2054/3337/1645 2176/3511/1765
f 2054/3337/1645 2053/3513/1644 2176/3511/1765
f 2176/3511/1765 2053/3513/1644 2177/3512/1766
f 2053/3513/1644 2052/3514/1643 2177/3512/1766
f 2177/3512/1766 2052/3514/1643 2076/3437/1667
f 2052/3514/1643 2036/3515/1628 2076/3437/1667
f 2057/3516/1648 2072/3352/1663 2036/3351/1628
f 2056/3517/1647 2178/3518/1767 2057/3519/1648
f 2055/3340/1646 2179/3520/1768 2056/3517/1647
f 2057/3519/1648 2178/3518/1767 2072/3521/1663
f 2178/3522/1767 2071/3484/1662 2072/3352/1663
f 2056/3517/1647 2179/3520/1768 2178/3518/1767
f 2179/3520/1768 2180/3523/1769 2178/3518/1767
f 2178/3518/1767 2180/3523/1769 2071/3524/1662
f 2180/3525/1769 2070/3485/1661 2071/3484/1662
f 2055/3340/1646 2066/3339/1657 2179/3520/1768
f 2066/3339/1657 2065/3526/1656 2179/3520/1768
f 2179/3520/1768 2065/3526/1656 2180/3523/1769
f 2065/3526/1656 2064/3527/1655 2180/3523/1769
f 2180/3523/1769 2064/3527/1655 2070/3528/1661
f 2064/3529/1655 2035/3348/1627 2070/3485/1661
f 2064/3527/1655 2069/3530/1660 2035/3531/1627
f 2065/3526/1656 2181/3532/1770 2064/3527/1655
f 2066/3339/1657 2182/3533/1771 2065/3526/1656
f 2064/3527/1655 2181/3532/1770 2069/3530/1660
f 2181/3532/1770 2068/3534/1659 2069/3530/1660
f 2065/3526/1656 2182/3533/1771 2181/3532/1770
f 2182/3533/1771 2183/3535/1772 2181/3532/1770
f 2181/3532/1770 2183/3535/1772 2068/3534/1659
f 2183/3536/1772 2067/3492/1658 2068/3491/1659
f 2066/3339/1657 2060/3338/1651 2182/3533/1771
f 2060/3338/1651 2059/3537/1650 2182/3533/1771
f 2182/3533/1771 2059/3537/1650 2183/3535/1772
f 2059/3537/1650 2058/3538/1649 2183/3535/1772
f 2183/3536/1772 2058/3539/1649 2067/3492/1658
f 2058/3539/1649 2034/3345/1626 2067/3492/1658
f 2058/3539/1649 2063/3346/1654 2034/3345/1626
f 2059/3537/1650 2184/3540/1773 2058/3538/1649
f 2060/3338/1651 2185/3541/1774 2059/3537/1650
f 2058/3538/1649 2184/3540/1773 2063/3542/1654
f 2184/3540/1773 2062/3543/1653 2063/3542/1654
f 2059/3537/1650 2185/3541/1774 2184/3540/1773
f 2185/3541/1774 2186/3544/1775 2184/3540/1773
f 2184/3540/1773 2186/3544/1775 2062/3543/1653
f 2186/3544/1775 2061/3545/1652 2062/3543/1653
f 2060/3338/1651 2045/3334/1636 2185/3541/1774
f 2045/3334/1636 2044/3546/1635 2185/3541/1774
f 2185/3541/1774 2044/3546/1635 2186/3544/1775
f 2044/3546/1635 2043/3547/1634 2186/3544/1775
f 2186/3544/1775 2043/3547/1634 2061/3545/1652
f 2043/3548/1634 2033/3342/1625 2061/3501/1652
f 2052/3549/1643 2057/3519/1648 2036/3550/1628
f 2053/3513/1644 2187/3551/1776 2052/3514/1643
f 2054/3337/1645 2188/3552/1777 2053/3513/1644
f 2052/3549/1643 2187/3553/1776 2057/3519/1648
f 2187/3553/1776 2056/3517/1647 2057/3519/1648
f 2053/3554/1644 2188/3555/1777 2187/3553/1776
f 2188/3555/1777 2189/3556/1778 2187/3553/1776
f 2187/3553/1776 2189/3556/1778 2056/3517/1647
f 2189/3556/1778 2055/3340/1646 2056/3517/1647
f 2054/3337/1645 2048/3336/1639 2188/3552/1777
f 2048/3557/1639 2047/3558/1638 2188/3555/1777
f 2188/3555/1777 2047/3558/1638 2189/3556/1778
f 2047/3558/1638 2046/3333/1637 2189/3556/1778
f 2189/3556/1778 2046/3333/1637 2055/3340/1646
f 2046/3333/1637 2031/3332/447 2055/3340/1646
f 2043/3548/1634 2051/3343/1642 2033/3342/1625
f 2044/3546/1635 2190/3559/1779 2043/3547/1634
f 2045/3334/1636 2191/3560/1780 2044/3546/1635
f 2043/3547/1634 2190/3559/1779 2051/3561/1642
f 2190/3562/1779 2050/3507/1641 2051/3343/1642
f 2044/3546/1635 2191/3560/1780 2190/3559/1779
f 2191/3560/1780 2192/3563/1781 2190/3559/1779
f 2190/3559/1779 2192/3563/1781 2050/3564/1641
f 2192/3563/1781 2049/3565/1640 2050/3564/1641
f 2045/3334/1636 2046/3333/1637 2191/3560/1780
f 2046/3333/1637 2047/3558/1638 2191/3560/1780
f 2191/3560/1780 2047/3558/1638 2192/3563/1781
f 2047/3558/1638 2048/3557/1639 2192/3563/1781
f 2192/3563/1781 2048/3557/1639 2049/3565/1640
f 2048/3336/1639 2032/3335/1624 2049/3509/1640
f 2193/3566/1782 2206/3567/1795 2205/3568/1794
f 2194/3569/1783 2206/3570/1795 2208/3571/1797
f 2193/3566/1782 2205/3568/1794 2210/3572/1799
f 2193/3566/1782 2210/3572/1799 2212/3573/1801
f 2193/3566/1782 2212/3573/1801 2209/3574/1798
f 2194/3569/1783 2208/3571/1797 2215/3575/1804
f 2195/3576/1784 2207/3577/1796 2217/3578/93
f 2196/3579/1785 2211/3580/1800 2219/3581/1807
f 2197/3582/1786 2213/3583/1802 2221/3584/1809
f 2198/3585/1787 2214/3586/1803 2223/3587/1811
f 2194/3569/1783 2215/3575/1804 2218/3588/1806
f 2195/3576/1784 2217/3578/93 2220/3589/1808
f 2196/3579/1785 2219/3581/1807 2222/3590/1810
f 2197/3582/1786 2221/3584/1809 2224/3591/100
f 2198/3585/1787 2223/3587/1811 2216/3592/1805
f 2199/3593/1788 2225/3594/1812 2230/3595/1817
f 2200/3596/1789 2226/3597/1813 2232/3598/1819
f 2201/3599/1790 2227/3600/1814 2233/3601/1820
f 2202/3602/1791 2228/3603/1815 2234/3604/1821
f 2203/3605/1792 2229/3606/1816 2231/3607/1818
f 2231/3607/1818 2234/3608/1821 2204/3609/1793
f 2231/3607/1818 2229/3606/1816 2234/3608/1821
f 2229/3610/1816 2202/3602/1791 2234/3604/1821
f 2234/3608/1821 2233/3611/1820 2204/3609/1793
f 2234/3604/1821 2228/3603/1815 2233/3612/1820
f 2228/3603/1815 2201/3613/1790 2233/3612/1820
f 2233/3611/1820 2232/3614/1819 2204/3609/1793
f 2233/3611/1820 2227/3615/1814 2232/3614/1819
f 2227/3615/1814 2200/3616/1789 2232/3614/1819
f 2232/3614/1819 2230/3617/1817 2204/3609/1793
f 2232/3598/1819 2226/3597/1813 2230/3595/1817
f 2226/3597/1813 2199/3593/1788 2230/3595/1817
f 2230/3617/1817 2231/3607/1818 2204/3609/1793
f 2230/3617/1817 2225/3618/1812 2231/3607/1818
f 2225/3619/1812 2203/3620/1792 2231/3621/1818
f 2216/3622/1805 2229/3623/1816 2203/3620/1792
f 2216/3592/1805 2223/3587/1811 2229/3610/1816
f 2223/3587/1811 2202/3602/1791 2229/3610/1816
f 2224/3591/100 2228/3603/1815 2202/3602/1791
f 2224/3591/100 2221/3584/1809 2228/3603/1815
f 2221/3584/1809 2201/3613/1790 2228/3603/1815
f 2222/3590/1810 2227/3600/1814 2201/3599/1790
f 2222/3590/1810 2219/3581/1807 2227/3600/1814
f 2219/3581/1807 2200/3624/1789 2227/3600/1814
f 2220/3589/1808 2226/3597/1813 2200/3596/1789
f 2220/3589/1808 2217/3578/93 2226/3597/1813
f 2217/3578/93 2199/3593/1788 2226/3597/1813
f 2218/3625/1806 2225/3594/1812 2199/3593/1788
f 2218/3588/1806 2215/3575/1804 2225/3619/1812
f 2215/3575/1804 2203/3620/1792 2225/3619/1812
f 2223/3587/1811 2224/3591/100 2202/3602/1791
f 2223/3587/1811 2214/3586/1803 2224/3591/100
f 2214/3586/1803 2197/3582/1786 2224/3591/100
f 2221/3626/1809 2222/3590/1810 2201/3599/1790
f 2221/3626/1809 2213/3627/1802 2222/3590/1810
f 2213/3627/1802 2196/3579/1785 2222/3590/1810
f 2219/3628/1807 2220/3589/1808 2200/3596/1789
f 2219/3628/1807 2211/3629/1800 2220/3589/1808
f 2211/3629/1800 2195/3576/1784 2220/3589/1808
f 2217/3578/93 2218/3625/1806 2199/3593/1788
f 2217/3578/93 2207/3577/1796 2218/3625/1806
f 2207/3577/1796 2194/3630/1783 2218/3625/1806
f 2215/3575/1804 2216/3622/1805 2203/3620/1792
f 2215/3575/1804 2208/3571/1797 2216/3622/1805
f 2208/3571/1797 2198/3631/1787 2216/3622/1805
f 2209/3632/1798 2214/3586/1803 2198/3585/1787
f 2209/3632/1798 2212/3633/1801 2214/3586/1803
f 2212/3633/1801 2197/3582/1786 2214/3586/1803
f 2212/3633/1801 2213/3583/1802 2197/3582/1786
f 2212/3573/1801 2210/3572/1799 2213/3634/1802
f 2210/3635/1799 2196/3579/1785 2213/3627/1802
f 2210/3572/1799 2211/3636/1800 2196/3637/1785
f 2210/3572/1799 2205/3568/1794 2211/3636/1800
f 2205/3638/1794 2195/3576/1784 2211/3629/1800
f 2208/3639/1797 2209/3574/1798 2198/3640/1787
f 2208/3639/1797 2206/3567/1795 2209/3574/1798
f 2206/3567/1795 2193/3566/1782 2209/3574/1798
f 2205/3638/1794 2207/3577/1796 2195/3576/1784
f 2205/3638/1794 2206/3641/1795 2207/3577/1796
f 2206/3641/1795 2194/3630/1783 2207/3577/1796
f 2235/3642/447 2248/3643/460 2247/3644/459
f 2236/3645/448 2248/3646/460 2250/3647/462
f 2235/3642/447 2247/3644/459 2252/3648/464
f 2235/3642/447 2252/3648/464 2254/3649/466
f 2235/3642/447 2254/3649/466 2251/3650/463
f 2236/3645/448 2250/3647/462 2257/3651/469
f 2237/3652/449 2249/3653/461 2259/3654/93
f 2238/3655/450 2253/3656/465 2261/3657/472
f 2239/3658/451 2255/3659/467 2263/3660/474
f 2240/3661/452 2256/3662/468 2265/3663/476
f 2236/3645/448 2257/3651/469 2260/3664/471
f 2237/3652/449 2259/3654/93 2262/3665/473
f 2238/3655/450 2261/3657/472 2264/3666/475
f 2239/3667/451 2263/3668/474 2266/3669/100
f 2240/3661/452 2265/3663/476 2258/3670/470
f 2241/3671/453 2267/3672/477 2272/3673/482
f 2242/3674/454 2268/3675/478 2274/3676/484
f 2243/3677/455 2269/3678/479 2275/3679/485
f 2244/3680/456 2270/3681/480 2276/3682/486
f 2245/3683/457 2271/3684/481 2273/3685/483
f 2273/3685/483 2276/3686/486 2246/3687/458
f 2273/3685/483 2271/3684/481 2276/3686/486
f 2271/3688/481 2244/3680/456 2276/3682/486
f 2276/3686/486 2275/3689/485 2246/3687/458
f 2276/3686/486 2270/3690/480 2275/3689/485
f 2270/3690/480 2243/3691/455 2275/3689/485
f 2275/3689/485 2274/3692/484 2246/3687/458
f 2275/3689/485 2269/3693/479 2274/3692/484
f 2269/3693/479 2242/3694/454 2274/3692/484
f 2274/3692/484 2272/3673/482 2246/3687/458
f 2274/3692/484 2268/3695/478 2272/3673/482
f 2268/3675/478 2241/3696/453 2272/3697/482
f 2272/3673/482 2273/3685/483 2246/3687/458
f 2272/3673/482 2267/3672/477 2273/3685/483
f 2267/3698/477 2245/3699/457 2273/3700/483
f 2258/3701/470 2271/3702/481 2245/3699/457
f 2258/3670/470 2265/3663/476 2271/3688/481
f 2265/3663/476 2244/3680/456 2271/3688/481
f 2266/3669/100 2270/3681/480 2244/3680/456
f 2266/3669/100 2263/3668/474 2270/3681/480
f 2263/3660/474 2243/3677/455 2270/3703/480
f 2264/3666/475 2269/3678/479 2243/3677/455
f 2264/3666/475 2261/3657/472 2269/3678/479
f 2261/3657/472 2242/3704/454 2269/3678/479
f 2262/3665/473 2268/3675/478 2242/3674/454
f 2262/3665/473 2259/3654/93 2268/3675/478
f 2259/3654/93 2241/3696/453 2268/3675/478
f 2260/3664/471 2267/3698/477 2241/3705/453
f 2260/3664/471 2257/3651/469 2267/3698/477
f 2257/3651/469 2245/3699/457 2267/3698/477
f 2265/3663/476 2266/3669/100 2244/3680/456
f 2265/3663/476 2256/3662/468 2266/3669/100
f 2256/3662/468 2239/3667/451 2266/3669/100
f 2263/3660/474 2264/3666/475 2243/3677/455
f 2263/3660/474 2255/3659/467 2264/3666/475
f 2255/3659/467 2238/3655/450 2264/3666/475
f 2261/3706/472 2262/3665/473 2242/3674/454
f 2261/3706/472 2253/3707/465 2262/3665/473
f 2253/3707/465 2237/3652/449 2262/3665/473
f 2259/3654/93 2260/3708/471 2241/3696/453
f 2259/3654/93 2249/3653/461 2260/3708/471
f 2249/3709/461 2236/3645/448 2260/3664/471
f 2257/3651/469 2258/3701/470 2245/3699/457
f 2257/3651/469 2250/3647/462 2258/3701/470
f 2250/3647/462 2240/3710/452 2258/3701/470
f 2251/3711/463 2256/3662/468 2240/3661/452
f 2251/3650/463 2254/3649/466 2256/3712/468
f 2254/3713/466 2239/3667/451 2256/3662/468
f 2254/3649/466 2255/3714/467 2239/3715/451
f 2254/3649/466 2252/3648/464 2255/3714/467
f 2252/3716/464 2238/3655/450 2255/3659/467
f 2252/3648/464 2253/3717/465 2238/3718/450
f 2252/3648/464 2247/3644/459 2253/3717/465
f 2247/3719/459 2237/3652/449 2253/3707/465
f 2250/3720/462 2251/3650/463 2240/3721/452
f 2250/3720/462 2248/3643/460 2251/3650/463
f 2248/3643/460 2235/3642/447 2251/3650/463
f 2247/3719/459 2249/3653/461 2237/3652/449
f 2247/3644/459 2248/3643/460 2249/3722/461
f 2248/3643/460 2236/3723/448 2249/3722/461
f 2277/3724/447 2290/3725/460 2289/3726/459
f 2278/3727/448 2290/3728/460 2292/3729/462
f 2277/3724/447 2289/3726/459 2294/3730/464
f 2277/3724/447 2294/3730/464 2296/3731/466
f 2277/3724/447 2296/3731/466 2293/3732/463
f 2278/3727/448 2292/3729/462 2299/3733/469
f 2279/3734/449 2291/3735/461 2301/3736/93
f 2280/3737/450 2295/3738/465 2303/3739/472
f 2281/3740/451 2297/3741/467 2305/3742/474
f 2282/3743/452 2298/3744/468 2307/3745/476
f 2278/3727/448 2299/3733/469 2302/3746/471
f 2279/3734/449 2301/3736/93 2304/3747/473
f 2280/3737/450 2303/3739/472 2306/3748/475
f 2281/3749/451 2305/3750/474 2308/3751/100
f 2282/3743/452 2307/3745/476 2300/3752/470
f 2283/3753/453 2309/3754/477 2314/3755/482
f 2284/3756/454 2310/3757/478 2316/3758/484
f 2285/3759/455 2311/3760/479 2317/3761/485
f 2286/3762/456 2312/3763/480 2318/3764/486
f 2287/3765/457 2313/3766/481 2315/3767/483
f 2315/3767/483 2318/3768/486 2288/3769/458
f 2315/3767/483 2313/3766/481 2318/3768/486
f 2313/3770/481 2286/3762/456 2318/3764/486
f 2318/3768/486 2317/3771/485 2288/3769/458
f 2318/3768/486 2312/3772/480 2317/3771/485
f 2312/3772/480 2285/3773/455 2317/3771/485
f 2317/3771/485 2316/3774/484 2288/3769/458
f 2317/3771/485 2311/3775/479 2316/3774/484
f 2311/3775/479 2284/3776/454 2316/3774/484
f 2316/3774/484 2314/3755/482 2288/3769/458
f 2316/3774/484 2310/3777/478 2314/3755/482
f 2310/3757/478 2283/3778/453 2314/3779/482
f 2314/3755/482 2315/3767/483 2288/3769/458
f 2314/3755/482 2309/3754/477 2315/3767/483
f 2309/3780/477 2287/3781/457 2315/3782/483
f 2300/3783/470 2313/3784/481 2287/3781/457
f 2300/3752/470 2307/3745/476 2313/3770/481
f 2307/3745/476 2286/3762/456 2313/3770/481
f 2308/3751/100 2312/3763/480 2286/3762/456
f 2308/3751/100 2305/3750/474 2312/3763/480
f 2305/3742/474 2285/3759/455 2312/3785/480
f 2306/3748/475 2311/3760/479 2285/3759/455
f 2306/3748/475 2303/3739/472 2311/3760/479
f 2303/3739/472 2284/3786/454 2311/3760/479
f 2304/3747/473 2310/3757/478 2284/3756/454
f 2304/3747/473 2301/3736/93 2310/3757/478
f 2301/3736/93 2283/3778/453 2310/3757/478
f 2302/3746/471 2309/3780/477 2283/3787/453
f 2302/3746/471 2299/3733/469 2309/3780/477
f 2299/3733/469 2287/3781/457 2309/3780/477
f 2307/3745/476 2308/3751/100 2286/3762/456
f 2307/3745/476 2298/3744/468 2308/3751/100
f 2298/3744/468 2281/3749/451 2308/3751/100
f 2305/3742/474 2306/3748/475 2285/3759/455
f 2305/3742/474 2297/3741/467 2306/3748/475
f 2297/3741/467 2280/3737/450 2306/3748/475
f 2303/3788/472 2304/3747/473 2284/3756/454
f 2303/3788/472 2295/3789/465 2304/3747/473
f 2295/3789/465 2279/3734/449 2304/3747/473
f 2301/3736/93 2302/3790/471 2283/3778/453
f 2301/3736/93 2291/3735/461 2302/3790/471
f 2291/3791/461 2278/3727/448 2302/3746/471
f 2299/3733/469 2300/3783/470 2287/3781/457
f 2299/3733/469 2292/3729/462 2300/3783/470
f 2292/3729/462 2282/3792/452 2300/3783/470
f 2293/3793/463 2298/3744/468 2282/3743/452
f 2293/3732/463 2296/3731/466 2298/3794/468
f 2296/3795/466 2281/3749/451 2298/3744/468
f 2296/3731/466 2297/3796/467 2281/3797/451
f 2296/3731/466 2294/3730/464 2297/3796/467
f 2294/3798/464 2280/3737/450 2297/3741/467
f 2294/3730/464 2295/3799/465 2280/3800/450
f 2294/3730/464 2289/3726/459 2295/3799/465
f 2289/3801/459 2279/3734/449 2295/3789/465
f 2292/3802/462 2293/3732/463 2282/3803/452
f 2292/3802/462 2290/3725/460 2293/3732/463
f 2290/3725/460 2277/3724/447 2293/3732/463
f 2289/3801/459 2291/3735/461 2279/3734/449
f 2289/3726/459 2290/3725/460 2291/3804/461
f 2290/3725/460 2278/3805/448 2291/3804/461
