# axis-converted-to-Y-up
# Blender 5.1.1
# www.blender.org
mtllib petapa_srimana.mtl
o PetapaSrimana
v 0.000000 0.000000 0.600000
v 0.000000 0.120000 0.600000
v -0.300000 0.000000 0.519615
v -0.300000 0.120000 0.519615
v -0.519615 0.000000 0.300000
v -0.519615 0.120000 0.300000
v -0.600000 0.000000 -0.000000
v -0.600000 0.120000 -0.000000
v -0.519615 0.000000 -0.300000
v -0.519615 0.120000 -0.300000
v -0.300000 0.000000 -0.519615
v -0.300000 0.120000 -0.519615
v 0.000000 0.000000 -0.600000
v 0.000000 0.120000 -0.600000
v 0.300000 0.000000 -0.519615
v 0.300000 0.120000 -0.519615
v 0.519615 0.000000 -0.300000
v 0.519615 0.120000 -0.300000
v 0.600000 0.000000 -0.000000
v 0.600000 0.120000 -0.000000
v 0.519615 0.000000 0.300000
v 0.519615 0.120000 0.300000
v 0.300000 0.000000 0.519615
v 0.300000 0.120000 0.519615
v -0.541233 0.075927 -0.000000
v -0.372299 0.059252 -0.108541
v -0.275144 0.027056 0.041458
v -0.529496 0.111345 0.134164
v -0.783848 0.195635 0.041458
v -0.686693 0.163438 -0.108541
v -0.256152 0.084365 -0.041458
v -0.353307 0.116562 0.108541
v -0.667701 0.220748 0.108541
v -0.764856 0.252944 -0.041458
v -0.510504 0.168655 -0.134164
v -0.498767 0.204073 0.000000
v -0.388559 0.035952 0.024368
v -0.445665 0.054876 -0.063798
v -0.289261 0.026150 -0.039430
v -0.531163 0.106314 -0.127597
v -0.630459 0.116115 -0.063798
v -0.538062 0.085496 0.078859
v -0.381659 0.056770 0.103228
v -0.687565 0.135039 0.024368
v -0.680667 0.155858 0.103228
v -0.773065 0.186478 -0.039430
v -0.427602 0.109380 -0.142659
v -0.612398 0.170620 -0.142659
v -0.220991 0.040912 0.000000
v -0.278097 0.059836 -0.088168
v -0.427602 0.109380 0.142659
v -0.278097 0.059836 0.088168
v -0.761903 0.220164 0.088168
v -0.612398 0.170620 0.142659
v -0.761903 0.220164 -0.088168
v -0.819009 0.239088 -0.000000
v -0.359333 0.124142 -0.103228
v -0.266935 0.093522 0.039430
v -0.508837 0.173686 0.127597
v -0.750739 0.253850 0.039430
v -0.658341 0.223230 -0.103228
v -0.352435 0.144961 -0.024368
v -0.501938 0.194504 -0.078859
v -0.409541 0.163885 0.063798
v -0.594335 0.225124 0.063798
v -0.651441 0.244048 -0.024368
v -0.437867 0.075927 0.318129
v -0.364995 0.059252 0.131020
v -0.198228 0.027056 0.195266
v -0.349512 0.111345 0.419771
v -0.609778 0.195635 0.494275
v -0.619345 0.163438 0.315816
v -0.231600 0.084365 0.117022
v -0.222033 0.116562 0.295480
v -0.476382 0.220748 0.480276
v -0.643150 0.252944 0.416031
v -0.491866 0.168655 0.191526
v -0.403511 0.204073 0.293168
v -0.300027 0.035952 0.248104
v -0.398050 0.054876 0.210341
v -0.257194 0.026150 0.138124
v -0.504720 0.106314 0.208982
v -0.547552 0.116115 0.318961
v -0.388949 0.085496 0.380064
v -0.248093 0.056770 0.307847
v -0.541929 0.135039 0.423855
v -0.489995 0.155858 0.483599
v -0.648599 0.186478 0.422496
v -0.429790 0.109380 0.135925
v -0.579293 0.170620 0.244545
v -0.178785 0.040912 0.129895
v -0.276809 0.059836 0.092132
v -0.262085 0.109380 0.366752
v -0.173161 0.059836 0.234790
v -0.564569 0.220164 0.519165
v -0.411587 0.170620 0.475372
v -0.668217 0.220164 0.376506
v -0.662592 0.239088 0.481402
v -0.351383 0.124142 0.127697
v -0.192778 0.093522 0.188800
v -0.336658 0.173686 0.402315
v -0.584184 0.253850 0.473173
v -0.593285 0.223230 0.303449
v -0.299449 0.144961 0.187442
v -0.452429 0.194504 0.231233
v -0.293826 0.163885 0.292336
v -0.443327 0.225124 0.400955
v -0.541350 0.244048 0.363193
v -0.167250 0.075927 0.514743
v -0.218276 0.059252 0.320537
v -0.045595 0.027056 0.274489
v -0.036026 0.111345 0.545039
v -0.202793 0.195635 0.758295
v -0.315428 0.163438 0.619542
v -0.118584 0.084365 0.230804
v -0.005949 0.116562 0.369556
v -0.103102 0.220748 0.668562
v -0.275783 0.252944 0.714610
v -0.285352 0.168655 0.444059
v -0.154127 0.204073 0.474355
v -0.096896 0.035952 0.377072
v -0.198394 0.054876 0.404138
v -0.126887 0.026150 0.262919
v -0.285491 0.106314 0.465736
v -0.255499 0.116115 0.579888
v -0.091271 0.085496 0.536096
v -0.019763 0.056770 0.394879
v -0.189294 0.135039 0.661444
v -0.112162 0.155858 0.679252
v -0.276391 0.186478 0.723044
v -0.267813 0.109380 0.362590
v -0.324918 0.170620 0.538341
v -0.068290 0.040912 0.210175
v -0.169789 0.059836 0.237240
v 0.003540 0.109380 0.450758
v -0.002084 0.059836 0.291731
v -0.151588 0.220164 0.751859
v -0.053565 0.170620 0.626509
v -0.319294 0.220164 0.697368
v -0.253088 0.239088 0.778924
v -0.209216 0.124142 0.309847
v -0.044987 0.093522 0.266055
v -0.035887 0.173686 0.523362
v -0.194491 0.253850 0.726180
v -0.301614 0.223230 0.594220
v -0.132084 0.144961 0.327655
v -0.230107 0.194504 0.453002
v -0.065879 0.163885 0.409211
v -0.122984 0.225124 0.584961
v -0.224482 0.244048 0.612027
v 0.167250 0.075927 0.514743
v 0.011818 0.059252 0.387619
v 0.124453 0.027056 0.248866
v 0.291221 0.111345 0.462122
v 0.281651 0.195635 0.732672
v 0.108971 0.163438 0.686625
v 0.039726 0.084365 0.256426
v 0.212407 0.116562 0.302474
v 0.309560 0.220748 0.601480
v 0.196924 0.252944 0.740233
v 0.030157 0.168655 0.526977
v 0.154127 0.204073 0.474355
v 0.143247 0.035952 0.362011
v 0.077042 0.054876 0.443567
v 0.051886 0.026150 0.287288
v 0.042786 0.106314 0.544596
v 0.134147 0.116115 0.619317
v 0.241270 0.085496 0.487359
v 0.216115 0.056770 0.331080
v 0.235645 0.135039 0.646383
v 0.308514 0.155858 0.615453
v 0.201390 0.186478 0.747413
v -0.003540 0.109380 0.450758
v 0.053565 0.170620 0.626509
v 0.068290 0.040912 0.210175
v 0.002084 0.059836 0.291731
v 0.267813 0.109380 0.362590
v 0.169789 0.059836 0.237240
v 0.319294 0.220164 0.697368
v 0.324918 0.170620 0.538341
v 0.151588 0.220164 0.751859
v 0.253088 0.239088 0.778924
v 0.012864 0.124142 0.373646
v 0.119988 0.093522 0.241686
v 0.278591 0.173686 0.444503
v 0.269491 0.253850 0.701810
v 0.105262 0.223230 0.658018
v 0.085733 0.144961 0.342716
v 0.080108 0.194504 0.501740
v 0.187231 0.163885 0.369781
v 0.244336 0.225124 0.545531
v 0.178131 0.244048 0.627087
v 0.437867 0.075927 0.318129
v 0.237398 0.059252 0.306644
v 0.246965 0.027056 0.128185
v 0.507231 0.111345 0.202689
v 0.658515 0.195635 0.427194
v 0.491747 0.163438 0.491439
v 0.182863 0.084365 0.184103
v 0.349631 0.116562 0.119857
v 0.603980 0.220748 0.304653
v 0.594413 0.252944 0.483111
v 0.334147 0.168655 0.408608
v 0.403511 0.204073 0.293168
v 0.328674 0.035952 0.208675
v 0.323051 0.054876 0.313569
v 0.210841 0.026150 0.201923
v 0.354720 0.106314 0.415438
v 0.472553 0.116115 0.422189
v 0.481654 0.085496 0.252466
v 0.369445 0.056770 0.140820
v 0.570575 0.135039 0.384426
v 0.611347 0.155858 0.316572
v 0.602246 0.186478 0.486296
v 0.262085 0.109380 0.366752
v 0.411587 0.170620 0.475372
v 0.178785 0.040912 0.129895
v 0.173161 0.059836 0.234790
v 0.429790 0.109380 0.135925
v 0.276809 0.059836 0.092132
v 0.668217 0.220164 0.376506
v 0.579293 0.170620 0.244545
v 0.564569 0.220164 0.519165
v 0.662592 0.239088 0.481402
v 0.230031 0.124142 0.294724
v 0.239132 0.093522 0.125001
v 0.486657 0.173686 0.195859
v 0.630537 0.253850 0.409373
v 0.471933 0.223230 0.470476
v 0.270802 0.144961 0.226870
v 0.359724 0.194504 0.358830
v 0.368825 0.163885 0.189108
v 0.518327 0.225124 0.297727
v 0.512704 0.244048 0.402622
v 0.541233 0.075927 -0.000000
v 0.372299 0.059252 0.108541
v 0.275144 0.027056 -0.041458
v 0.529496 0.111345 -0.134164
v 0.783848 0.195635 -0.041458
v 0.686693 0.163438 0.108541
v 0.256152 0.084365 0.041458
v 0.353307 0.116562 -0.108541
v 0.667701 0.220748 -0.108541
v 0.764856 0.252944 0.041458
v 0.510504 0.168655 0.134164
v 0.498767 0.204073 0.000000
v 0.388559 0.035952 -0.024368
v 0.445665 0.054876 0.063798
v 0.289261 0.026150 0.039430
v 0.531163 0.106314 0.127597
v 0.630459 0.116115 0.063798
v 0.538062 0.085496 -0.078859
v 0.381659 0.056770 -0.103228
v 0.687565 0.135039 -0.024368
v 0.680667 0.155858 -0.103228
v 0.773065 0.186478 0.039430
v 0.427602 0.109380 0.142659
v 0.612398 0.170620 0.142659
v 0.220991 0.040912 0.000000
v 0.278097 0.059836 0.088168
v 0.427602 0.109380 -0.142659
v 0.278097 0.059836 -0.088168
v 0.761903 0.220164 -0.088168
v 0.612398 0.170620 -0.142659
v 0.761903 0.220164 0.088168
v 0.819009 0.239088 -0.000000
v 0.359333 0.124142 0.103228
v 0.266935 0.093522 -0.039430
v 0.508837 0.173686 -0.127597
v 0.750739 0.253850 -0.039430
v 0.658341 0.223230 0.103228
v 0.352435 0.144961 0.024368
v 0.501938 0.194504 0.078859
v 0.409541 0.163885 -0.063798
v 0.594335 0.225124 -0.063798
v 0.651441 0.244048 0.024368
v 0.437867 0.075927 -0.318129
v 0.364995 0.059252 -0.131020
v 0.198228 0.027056 -0.195266
v 0.349512 0.111345 -0.419771
v 0.609778 0.195635 -0.494275
v 0.619345 0.163438 -0.315816
v 0.231600 0.084365 -0.117022
v 0.222033 0.116562 -0.295480
v 0.476382 0.220748 -0.480276
v 0.643150 0.252944 -0.416031
v 0.491866 0.168655 -0.191526
v 0.403511 0.204073 -0.293168
v 0.300027 0.035952 -0.248104
v 0.398050 0.054876 -0.210341
v 0.257194 0.026150 -0.138124
v 0.504720 0.106314 -0.208982
v 0.547552 0.116115 -0.318961
v 0.388949 0.085496 -0.380064
v 0.248093 0.056770 -0.307847
v 0.541929 0.135039 -0.423855
v 0.489995 0.155858 -0.483599
v 0.648599 0.186478 -0.422496
v 0.429790 0.109380 -0.135925
v 0.579293 0.170620 -0.244545
v 0.178785 0.040912 -0.129895
v 0.276809 0.059836 -0.092132
v 0.262085 0.109380 -0.366752
v 0.173161 0.059836 -0.234790
v 0.564569 0.220164 -0.519165
v 0.411587 0.170620 -0.475372
v 0.668217 0.220164 -0.376506
v 0.662592 0.239088 -0.481402
v 0.351383 0.124142 -0.127697
v 0.192778 0.093522 -0.188800
v 0.336658 0.173686 -0.402315
v 0.584184 0.253850 -0.473173
v 0.593285 0.223230 -0.303449
v 0.299449 0.144961 -0.187442
v 0.452429 0.194504 -0.231233
v 0.293826 0.163885 -0.292336
v 0.443327 0.225124 -0.400955
v 0.541350 0.244048 -0.363193
v 0.167250 0.075927 -0.514743
v 0.218276 0.059252 -0.320537
v 0.045595 0.027056 -0.274489
v 0.036026 0.111345 -0.545039
v 0.202793 0.195635 -0.758295
v 0.315428 0.163438 -0.619542
v 0.118584 0.084365 -0.230804
v 0.005949 0.116562 -0.369556
v 0.103102 0.220748 -0.668562
v 0.275783 0.252944 -0.714610
v 0.285352 0.168655 -0.444059
v 0.154127 0.204073 -0.474355
v 0.096896 0.035952 -0.377072
v 0.198394 0.054876 -0.404138
v 0.126887 0.026150 -0.262919
v 0.285491 0.106314 -0.465736
v 0.255499 0.116115 -0.579888
v 0.091271 0.085496 -0.536096
v 0.019763 0.056770 -0.394879
v 0.189294 0.135039 -0.661444
v 0.112162 0.155858 -0.679252
v 0.276391 0.186478 -0.723044
v 0.267813 0.109380 -0.362590
v 0.324918 0.170620 -0.538341
v 0.068290 0.040912 -0.210175
v 0.169789 0.059836 -0.237240
v -0.003540 0.109380 -0.450758
v 0.002084 0.059836 -0.291731
v 0.151588 0.220164 -0.751859
v 0.053565 0.170620 -0.626509
v 0.319294 0.220164 -0.697368
v 0.253088 0.239088 -0.778924
v 0.209216 0.124142 -0.309847
v 0.044987 0.093522 -0.266055
v 0.035887 0.173686 -0.523362
v 0.194491 0.253850 -0.726180
v 0.301614 0.223230 -0.594220
v 0.132084 0.144961 -0.327655
v 0.230107 0.194504 -0.453002
v 0.065879 0.163885 -0.409211
v 0.122984 0.225124 -0.584961
v 0.224482 0.244048 -0.612027
v -0.167250 0.075927 -0.514743
v -0.011818 0.059252 -0.387619
v -0.124453 0.027056 -0.248866
v -0.291221 0.111345 -0.462122
v -0.281651 0.195635 -0.732672
v -0.108971 0.163438 -0.686625
v -0.039726 0.084365 -0.256426
v -0.212407 0.116562 -0.302474
v -0.309560 0.220748 -0.601480
v -0.196924 0.252944 -0.740233
v -0.030157 0.168655 -0.526977
v -0.154127 0.204073 -0.474355
v -0.143247 0.035952 -0.362011
v -0.077042 0.054876 -0.443567
v -0.051886 0.026150 -0.287288
v -0.042786 0.106314 -0.544596
v -0.134147 0.116115 -0.619317
v -0.241270 0.085496 -0.487359
v -0.216115 0.056770 -0.331080
v -0.235645 0.135039 -0.646383
v -0.308514 0.155858 -0.615453
v -0.201390 0.186478 -0.747413
v 0.003540 0.109380 -0.450758
v -0.053565 0.170620 -0.626509
v -0.068290 0.040912 -0.210175
v -0.002084 0.059836 -0.291731
v -0.267813 0.109380 -0.362590
v -0.169789 0.059836 -0.237240
v -0.319294 0.220164 -0.697368
v -0.324918 0.170620 -0.538341
v -0.151588 0.220164 -0.751859
v -0.253088 0.239088 -0.778924
v -0.012864 0.124142 -0.373646
v -0.119988 0.093522 -0.241686
v -0.278591 0.173686 -0.444503
v -0.269491 0.253850 -0.701810
v -0.105262 0.223230 -0.658018
v -0.085733 0.144961 -0.342716
v -0.080108 0.194504 -0.501740
v -0.187231 0.163885 -0.369781
v -0.244336 0.225124 -0.545531
v -0.178131 0.244048 -0.627087
v -0.437867 0.075927 -0.318129
v -0.237398 0.059252 -0.306644
v -0.246965 0.027056 -0.128185
v -0.507231 0.111345 -0.202689
v -0.658515 0.195635 -0.427194
v -0.491747 0.163438 -0.491439
v -0.182863 0.084365 -0.184103
v -0.349631 0.116562 -0.119857
v -0.603980 0.220748 -0.304653
v -0.594413 0.252944 -0.483111
v -0.334147 0.168655 -0.408608
v -0.403511 0.204073 -0.293168
v -0.328674 0.035952 -0.208675
v -0.323051 0.054876 -0.313569
v -0.210841 0.026150 -0.201923
v -0.354720 0.106314 -0.415438
v -0.472553 0.116115 -0.422189
v -0.481654 0.085496 -0.252466
v -0.369445 0.056770 -0.140820
v -0.570575 0.135039 -0.384426
v -0.611347 0.155858 -0.316572
v -0.602246 0.186478 -0.486296
v -0.262085 0.109380 -0.366752
v -0.411587 0.170620 -0.475372
v -0.178785 0.040912 -0.129895
v -0.173161 0.059836 -0.234790
v -0.429790 0.109380 -0.135925
v -0.276809 0.059836 -0.092132
v -0.668217 0.220164 -0.376506
v -0.579293 0.170620 -0.244545
v -0.564569 0.220164 -0.519165
v -0.662592 0.239088 -0.481401
v -0.230031 0.124142 -0.294724
v -0.239131 0.093522 -0.125001
v -0.486657 0.173686 -0.195859
v -0.630537 0.253850 -0.409373
v -0.471933 0.223230 -0.470476
v -0.270802 0.144961 -0.226870
v -0.359724 0.194504 -0.358830
v -0.368825 0.163885 -0.189108
v -0.518327 0.225124 -0.297727
v -0.512704 0.244048 -0.402622
v -0.332685 0.158399 0.137803
v -0.261476 0.133603 0.022152
v -0.162887 0.104065 0.100377
v -0.284771 0.181396 0.224449
v -0.458688 0.258726 0.222902
v -0.444289 0.229188 0.097876
v -0.169550 0.141274 0.037322
v -0.183949 0.170812 0.162349
v -0.366763 0.266397 0.238073
v -0.465351 0.295935 0.159847
v -0.343467 0.218604 0.035776
v -0.295553 0.241601 0.122422
v -0.236140 0.119159 0.117155
v -0.294089 0.136521 0.071175
v -0.194284 0.104584 0.049177
v -0.359688 0.178129 0.047707
v -0.401543 0.192704 0.115684
v -0.307781 0.164612 0.190082
v -0.207977 0.132675 0.168085
v -0.410007 0.210066 0.189173
v -0.381844 0.223583 0.240103
v -0.475607 0.251674 0.165705
v -0.300427 0.171908 0.011205
v -0.407881 0.228092 0.055714
v -0.140251 0.109092 0.058094
v -0.198200 0.126454 0.012113
v -0.220357 0.171908 0.204511
v -0.148714 0.126454 0.131583
v -0.430038 0.273546 0.248111
v -0.327812 0.228092 0.249020
v -0.479524 0.273546 0.128642
v -0.487987 0.290908 0.202131
v -0.246394 0.176417 0.020122
v -0.152632 0.148326 0.094520
v -0.268550 0.221871 0.212518
v -0.433954 0.295417 0.211048
v -0.420261 0.267325 0.092140
v -0.218231 0.189934 0.071052
v -0.320457 0.235388 0.070142
v -0.226695 0.207296 0.144540
v -0.334149 0.263479 0.189049
v -0.392098 0.280841 0.143070
v -0.137803 0.158399 0.332685
v -0.169227 0.133603 0.200555
v -0.044201 0.104065 0.186156
v -0.042654 0.181396 0.360073
v -0.166726 0.258726 0.481957
v -0.244951 0.229188 0.383368
v -0.093499 0.141274 0.146281
v -0.015273 0.170812 0.244870
v -0.090997 0.266397 0.427683
v -0.216024 0.295935 0.442082
v -0.217571 0.218604 0.268165
v -0.122422 0.241601 0.295553
v -0.084135 0.119159 0.249817
v -0.157624 0.136521 0.258281
v -0.102606 0.104584 0.172153
v -0.220604 0.178129 0.288072
v -0.202133 0.192704 0.365735
v -0.083226 0.164612 0.352043
v -0.028208 0.132675 0.265916
v -0.156153 0.210066 0.423684
v -0.100226 0.223583 0.439783
v -0.219134 0.251674 0.453476
v -0.204511 0.171908 0.220357
v -0.249020 0.228092 0.327812
v -0.058094 0.109092 0.140251
v -0.131583 0.126454 0.148714
v -0.011205 0.171908 0.300427
v -0.012113 0.126454 0.198200
v -0.128642 0.273546 0.479524
v -0.055714 0.228092 0.407881
v -0.248111 0.273546 0.430038
v -0.202131 0.290908 0.487987
v -0.159999 0.176417 0.188455
v -0.041091 0.148326 0.174763
v -0.039621 0.221871 0.340167
v -0.157619 0.295417 0.456085
v -0.232017 0.267325 0.362322
v -0.104072 0.189934 0.204554
v -0.176999 0.235388 0.276195
v -0.058092 0.207296 0.262503
v -0.102601 0.263479 0.369957
v -0.176089 0.280841 0.378421
v 0.137803 0.158399 0.332685
v 0.022152 0.133603 0.261476
v 0.100377 0.104065 0.162887
v 0.224449 0.181396 0.284771
v 0.222902 0.258726 0.458688
v 0.097876 0.229188 0.444289
v 0.037322 0.141274 0.169550
v 0.162349 0.170812 0.183949
v 0.238073 0.266397 0.366763
v 0.159847 0.295935 0.465351
v 0.035776 0.218604 0.343467
v 0.122422 0.241601 0.295553
v 0.117155 0.119159 0.236140
v 0.071175 0.136521 0.294089
v 0.049177 0.104584 0.194284
v 0.047707 0.178129 0.359688
v 0.115684 0.192704 0.401543
v 0.190082 0.164612 0.307781
v 0.168085 0.132675 0.207977
v 0.189173 0.210066 0.410007
v 0.240103 0.223583 0.381844
v 0.165705 0.251674 0.475607
v 0.011205 0.171908 0.300427
v 0.055714 0.228092 0.407881
v 0.058094 0.109092 0.140251
v 0.012113 0.126454 0.198200
v 0.204511 0.171908 0.220357
v 0.131583 0.126454 0.148714
v 0.248111 0.273546 0.430038
v 0.249020 0.228092 0.327812
v 0.128642 0.273546 0.479524
v 0.202131 0.290908 0.487987
v 0.020122 0.176417 0.246394
v 0.094520 0.148326 0.152632
v 0.212518 0.221871 0.268550
v 0.211048 0.295417 0.433954
v 0.092140 0.267325 0.420261
v 0.071052 0.189934 0.218231
v 0.070142 0.235388 0.320457
v 0.144540 0.207296 0.226695
v 0.189049 0.263479 0.334149
v 0.143070 0.280841 0.392098
v 0.332685 0.158399 0.137803
v 0.200555 0.133603 0.169227
v 0.186156 0.104065 0.044201
v 0.360073 0.181396 0.042654
v 0.481957 0.258726 0.166726
v 0.383368 0.229188 0.244951
v 0.146281 0.141274 0.093499
v 0.244870 0.170812 0.015273
v 0.427683 0.266397 0.090997
v 0.442082 0.295935 0.216024
v 0.268165 0.218604 0.217571
v 0.295553 0.241601 0.122422
v 0.249817 0.119159 0.084135
v 0.258281 0.136521 0.157624
v 0.172153 0.104584 0.102606
v 0.288072 0.178129 0.220604
v 0.365735 0.192704 0.202133
v 0.352043 0.164612 0.083226
v 0.265916 0.132675 0.028208
v 0.423684 0.210066 0.156153
v 0.439783 0.223583 0.100226
v 0.453476 0.251674 0.219134
v 0.220357 0.171908 0.204511
v 0.327812 0.228092 0.249020
v 0.140251 0.109092 0.058094
v 0.148714 0.126454 0.131583
v 0.300427 0.171908 0.011205
v 0.198200 0.126454 0.012113
v 0.479524 0.273546 0.128642
v 0.407881 0.228092 0.055714
v 0.430038 0.273546 0.248111
v 0.487987 0.290908 0.202131
v 0.188455 0.176417 0.159999
v 0.174763 0.148326 0.041091
v 0.340167 0.221871 0.039621
v 0.456085 0.295417 0.157619
v 0.362322 0.267325 0.232017
v 0.204554 0.189934 0.104072
v 0.276195 0.235388 0.176999
v 0.262503 0.207296 0.058092
v 0.369957 0.263479 0.102601
v 0.378421 0.280841 0.176089
v 0.332685 0.158399 -0.137803
v 0.261476 0.133603 -0.022152
v 0.162887 0.104065 -0.100377
v 0.284771 0.181396 -0.224449
v 0.458688 0.258726 -0.222902
v 0.444289 0.229188 -0.097876
v 0.169550 0.141274 -0.037322
v 0.183949 0.170812 -0.162349
v 0.366763 0.266397 -0.238073
v 0.465351 0.295935 -0.159847
v 0.343467 0.218604 -0.035776
v 0.295553 0.241601 -0.122422
v 0.236140 0.119159 -0.117155
v 0.294089 0.136521 -0.071175
v 0.194284 0.104584 -0.049177
v 0.359688 0.178129 -0.047707
v 0.401543 0.192704 -0.115684
v 0.307781 0.164612 -0.190082
v 0.207977 0.132675 -0.168085
v 0.410007 0.210066 -0.189173
v 0.381844 0.223583 -0.240103
v 0.475607 0.251674 -0.165705
v 0.300427 0.171908 -0.011205
v 0.407881 0.228092 -0.055714
v 0.140251 0.109092 -0.058094
v 0.198200 0.126454 -0.012113
v 0.220357 0.171908 -0.204511
v 0.148714 0.126454 -0.131583
v 0.430038 0.273546 -0.248111
v 0.327812 0.228092 -0.249020
v 0.479524 0.273546 -0.128642
v 0.487987 0.290908 -0.202131
v 0.246394 0.176417 -0.020122
v 0.152632 0.148326 -0.094520
v 0.268550 0.221871 -0.212518
v 0.433954 0.295417 -0.211048
v 0.420261 0.267325 -0.092140
v 0.218231 0.189934 -0.071052
v 0.320457 0.235388 -0.070142
v 0.226695 0.207296 -0.144540
v 0.334149 0.263479 -0.189049
v 0.392098 0.280841 -0.143070
v 0.137803 0.158399 -0.332685
v 0.169227 0.133603 -0.200555
v 0.044201 0.104065 -0.186156
v 0.042654 0.181396 -0.360073
v 0.166726 0.258726 -0.481957
v 0.244951 0.229188 -0.383368
v 0.093499 0.141274 -0.146281
v 0.015273 0.170812 -0.244870
v 0.090997 0.266397 -0.427683
v 0.216024 0.295935 -0.442082
v 0.217571 0.218604 -0.268165
v 0.122422 0.241601 -0.295553
v 0.084135 0.119159 -0.249817
v 0.157624 0.136521 -0.258281
v 0.102606 0.104584 -0.172153
v 0.220604 0.178129 -0.288072
v 0.202133 0.192704 -0.365735
v 0.083226 0.164612 -0.352043
v 0.028208 0.132675 -0.265916
v 0.156153 0.210066 -0.423684
v 0.100226 0.223583 -0.439783
v 0.219134 0.251674 -0.453476
v 0.204511 0.171908 -0.220357
v 0.249020 0.228092 -0.327812
v 0.058094 0.109092 -0.140251
v 0.131583 0.126454 -0.148714
v 0.011205 0.171908 -0.300427
v 0.012113 0.126454 -0.198200
v 0.128642 0.273546 -0.479524
v 0.055714 0.228092 -0.407881
v 0.248111 0.273546 -0.430038
v 0.202131 0.290908 -0.487987
v 0.159999 0.176417 -0.188455
v 0.041091 0.148326 -0.174763
v 0.039621 0.221871 -0.340167
v 0.157619 0.295417 -0.456085
v 0.232017 0.267325 -0.362322
v 0.104072 0.189934 -0.204554
v 0.176999 0.235388 -0.276195
v 0.058092 0.207296 -0.262503
v 0.102601 0.263479 -0.369957
v 0.176089 0.280841 -0.378421
v -0.137803 0.158399 -0.332685
v -0.022152 0.133603 -0.261476
v -0.100377 0.104065 -0.162887
v -0.224449 0.181396 -0.284771
v -0.222902 0.258726 -0.458688
v -0.097876 0.229188 -0.444289
v -0.037322 0.141274 -0.169550
v -0.162349 0.170812 -0.183949
v -0.238073 0.266397 -0.366763
v -0.159847 0.295935 -0.465351
v -0.035776 0.218604 -0.343467
v -0.122422 0.241601 -0.295553
v -0.117155 0.119159 -0.236140
v -0.071175 0.136521 -0.294089
v -0.049177 0.104584 -0.194284
v -0.047707 0.178129 -0.359688
v -0.115684 0.192704 -0.401543
v -0.190082 0.164612 -0.307781
v -0.168085 0.132675 -0.207977
v -0.189173 0.210066 -0.410007
v -0.240103 0.223583 -0.381844
v -0.165705 0.251674 -0.475607
v -0.011205 0.171908 -0.300427
v -0.055714 0.228092 -0.407881
v -0.058094 0.109092 -0.140251
v -0.012113 0.126454 -0.198200
v -0.204511 0.171908 -0.220357
v -0.131583 0.126454 -0.148714
v -0.248111 0.273546 -0.430038
v -0.249020 0.228092 -0.327812
v -0.128642 0.273546 -0.479524
v -0.202131 0.290908 -0.487987
v -0.020122 0.176417 -0.246394
v -0.094520 0.148326 -0.152632
v -0.212518 0.221871 -0.268550
v -0.211048 0.295417 -0.433954
v -0.092140 0.267325 -0.420261
v -0.071052 0.189934 -0.218231
v -0.070142 0.235388 -0.320457
v -0.144540 0.207296 -0.226695
v -0.189049 0.263479 -0.334149
v -0.143070 0.280841 -0.392098
v -0.332685 0.158399 -0.137803
v -0.200555 0.133603 -0.169227
v -0.186156 0.104065 -0.044201
v -0.360073 0.181396 -0.042654
v -0.481957 0.258726 -0.166726
v -0.383368 0.229188 -0.244951
v -0.146281 0.141274 -0.093499
v -0.244870 0.170812 -0.015273
v -0.427683 0.266397 -0.090997
v -0.442082 0.295935 -0.216024
v -0.268165 0.218604 -0.217571
v -0.295553 0.241601 -0.122422
v -0.249817 0.119159 -0.084135
v -0.258281 0.136521 -0.157624
v -0.172153 0.104584 -0.102606
v -0.288072 0.178129 -0.220604
v -0.365735 0.192704 -0.202133
v -0.352043 0.164612 -0.083226
v -0.265916 0.132675 -0.028208
v -0.423684 0.210066 -0.156153
v -0.439783 0.223583 -0.100226
v -0.453476 0.251674 -0.219134
v -0.220357 0.171908 -0.204511
v -0.327812 0.228092 -0.249020
v -0.140251 0.109092 -0.058094
v -0.148714 0.126454 -0.131583
v -0.300427 0.171908 -0.011205
v -0.198200 0.126454 -0.012113
v -0.479524 0.273546 -0.128642
v -0.407881 0.228092 -0.055714
v -0.430038 0.273546 -0.248111
v -0.487987 0.290908 -0.202131
v -0.188455 0.176417 -0.159999
v -0.174763 0.148326 -0.041091
v -0.340167 0.221871 -0.039621
v -0.456085 0.295417 -0.157619
v -0.362322 0.267325 -0.232017
v -0.204554 0.189934 -0.104072
v -0.276195 0.235388 -0.176999
v -0.262503 0.207296 -0.058092
v -0.369957 0.263479 -0.102601
v -0.378421 0.280841 -0.176089
v 0.000000 0.210000 0.380000
v 0.000000 0.310000 0.380000
v -0.190000 0.210000 0.329090
v -0.190000 0.310000 0.329090
v -0.329090 0.210000 0.190000
v -0.329090 0.310000 0.190000
v -0.380000 0.210000 -0.000000
v -0.380000 0.310000 -0.000000
v -0.329090 0.210000 -0.190000
v -0.329090 0.310000 -0.190000
v -0.190000 0.210000 -0.329090
v -0.190000 0.310000 -0.329090
v 0.000000 0.210000 -0.380000
v 0.000000 0.310000 -0.380000
v 0.190000 0.210000 -0.329090
v 0.190000 0.310000 -0.329090
v 0.329090 0.210000 -0.190000
v 0.329090 0.310000 -0.190000
v 0.380000 0.210000 -0.000000
v 0.380000 0.310000 -0.000000
v 0.329090 0.210000 0.190000
v 0.329090 0.310000 0.190000
v 0.190000 0.210000 0.329090
v 0.190000 0.310000 0.329090
v -0.296872 0.484945 -0.038683
v 0.272234 0.434961 0.200941
v -0.268977 0.454207 -0.107497
v 0.292160 0.413005 0.151788
v -0.259254 0.380000 -0.136772
v 0.299104 0.360000 0.130877
v -0.273400 0.305793 -0.109359
v 0.289000 0.306995 0.150458
v -0.303128 0.275055 -0.041317
v 0.267766 0.285039 0.199059
v -0.331023 0.305793 0.027497
v 0.247840 0.306995 0.248212
v -0.340746 0.380000 0.056772
v 0.240896 0.360000 0.269123
v -0.326600 0.454207 0.029359
v 0.251000 0.413005 0.249542
v 0.296872 0.484945 -0.038683
v -0.272234 0.434961 0.200941
v 0.326600 0.454207 0.029359
v -0.251000 0.413005 0.249542
v 0.340746 0.380000 0.056772
v -0.240896 0.360000 0.269123
v 0.331023 0.305793 0.027497
v -0.247840 0.306995 0.248212
v 0.303128 0.275055 -0.041317
v -0.267766 0.285039 0.199059
v 0.273400 0.305793 -0.109359
v -0.289000 0.306995 0.150458
v 0.259254 0.380000 -0.136772
v -0.299104 0.360000 0.130877
v 0.268977 0.454207 -0.107497
v -0.292160 0.413005 0.151788
v -0.270000 0.305000 0.190000
v -0.317034 0.340931 0.155828
v -0.252035 0.340931 0.134708
v -0.211862 0.340931 0.190000
v -0.252035 0.340931 0.245292
v -0.317034 0.340931 0.224172
v -0.287965 0.399069 0.134708
v -0.222966 0.399069 0.155828
v -0.222966 0.399069 0.224172
v -0.287965 0.399069 0.245292
v -0.328138 0.399069 0.190000
v -0.270000 0.435000 0.190000
v -0.259440 0.314707 0.157500
v -0.297646 0.314707 0.169914
v -0.287086 0.335827 0.137414
v -0.325292 0.335827 0.190000
v -0.297646 0.314707 0.210086
v -0.235828 0.314708 0.190000
v -0.225268 0.335827 0.157500
v -0.259440 0.314707 0.222500
v -0.225268 0.335827 0.222500
v -0.287086 0.335827 0.242586
v -0.331819 0.370000 0.169914
v -0.331819 0.370000 0.210086
v -0.270000 0.370000 0.125000
v -0.308206 0.370000 0.137414
v -0.208181 0.370000 0.169914
v -0.231794 0.370000 0.137414
v -0.231794 0.370000 0.242586
v -0.208181 0.370000 0.210086
v -0.308206 0.370000 0.242586
v -0.270000 0.370000 0.255000
v -0.314732 0.404173 0.157500
v -0.252914 0.404173 0.137414
v -0.214708 0.404173 0.190000
v -0.252914 0.404173 0.242586
v -0.314732 0.404173 0.222500
v -0.280560 0.425293 0.157500
v -0.304172 0.425292 0.190000
v -0.242354 0.425293 0.169914
v -0.242354 0.425293 0.210086
v -0.280560 0.425293 0.222500
v 0.270000 0.305000 0.190000
v 0.222966 0.340931 0.155828
v 0.287965 0.340931 0.134708
v 0.328138 0.340931 0.190000
v 0.287965 0.340931 0.245292
v 0.222966 0.340931 0.224172
v 0.252035 0.399069 0.134708
v 0.317034 0.399069 0.155828
v 0.317034 0.399069 0.224172
v 0.252035 0.399069 0.245292
v 0.211862 0.399069 0.190000
v 0.270000 0.435000 0.190000
v 0.280560 0.314707 0.157500
v 0.242354 0.314707 0.169914
v 0.252914 0.335827 0.137414
v 0.214708 0.335827 0.190000
v 0.242354 0.314707 0.210086
v 0.304172 0.314708 0.190000
v 0.314732 0.335827 0.157500
v 0.280560 0.314707 0.222500
v 0.314732 0.335827 0.222500
v 0.252914 0.335827 0.242586
v 0.208181 0.370000 0.169914
v 0.208181 0.370000 0.210086
v 0.270000 0.370000 0.125000
v 0.231794 0.370000 0.137414
v 0.331819 0.370000 0.169914
v 0.308206 0.370000 0.137414
v 0.308206 0.370000 0.242586
v 0.331819 0.370000 0.210086
v 0.231794 0.370000 0.242586
v 0.270000 0.370000 0.255000
v 0.225268 0.404173 0.157500
v 0.287086 0.404173 0.137414
v 0.325292 0.404173 0.190000
v 0.287086 0.404173 0.242586
v 0.225268 0.404173 0.222500
v 0.259440 0.425293 0.157500
v 0.235828 0.425292 0.190000
v 0.297646 0.425293 0.169914
v 0.297646 0.425293 0.210086
v 0.259440 0.425293 0.222500
v 0.000000 0.263000 0.030000
v -0.300152 0.366370 -0.166621
v 0.114646 0.366370 -0.288143
v 0.371008 0.366371 0.030000
v 0.114646 0.366370 0.348143
v -0.300152 0.366370 0.226621
v -0.114646 0.533630 -0.288143
v 0.300152 0.533630 -0.166621
v 0.300152 0.533630 0.226621
v -0.114646 0.533630 0.348143
v -0.371008 0.533629 0.030000
v 0.000000 0.637000 0.030000
v 0.096574 0.327044 -0.237995
v 0.067387 0.290928 -0.156998
v 0.032191 0.268993 -0.059331
v -0.084279 0.268993 -0.025209
v -0.176424 0.290928 -0.085570
v -0.252840 0.327044 -0.135628
v -0.220649 0.356070 -0.224960
v -0.109038 0.351687 -0.272570
v 0.012294 0.356070 -0.293205
v -0.337120 0.356070 0.140419
v -0.352849 0.351687 0.030000
v -0.337120 0.356070 -0.080419
v -0.084279 0.268993 0.085209
v -0.176424 0.290928 0.145570
v -0.252840 0.327044 0.195628
v 0.312528 0.327045 0.030000
v 0.218073 0.290928 0.030000
v 0.104176 0.268994 0.030000
v 0.200751 0.356070 -0.237995
v 0.285461 0.351687 -0.156999
v 0.344720 0.356070 -0.059331
v 0.096574 0.327044 0.297995
v 0.067387 0.290928 0.216998
v 0.032191 0.268993 0.119331
v 0.344720 0.356070 0.119331
v 0.285461 0.351687 0.216999
v 0.200751 0.356070 0.297995
v 0.012294 0.356070 0.353205
v -0.109038 0.351687 0.332570
v -0.220649 0.356070 0.284960
v -0.396808 0.496965 -0.025209
v -0.394499 0.450000 -0.085571
v -0.357017 0.403035 -0.135629
v -0.357017 0.403035 0.195629
v -0.394499 0.450000 0.145571
v -0.396808 0.496965 0.085209
v -0.064383 0.496965 -0.327328
v 0.000000 0.450000 -0.344000
v 0.064383 0.403035 -0.327328
v -0.285033 0.403035 -0.224962
v -0.243813 0.450000 -0.272572
v -0.180856 0.496965 -0.293206
v 0.357017 0.496965 -0.135629
v 0.394499 0.450000 -0.085571
v 0.396808 0.403035 -0.025209
v 0.180856 0.403035 -0.293206
v 0.243813 0.450000 -0.272572
v 0.285033 0.496965 -0.224962
v 0.285033 0.496965 0.284962
v 0.243813 0.450000 0.332572
v 0.180856 0.403035 0.353206
v 0.396808 0.403035 0.085209
v 0.394499 0.450000 0.145571
v 0.357017 0.496965 0.195629
v -0.180856 0.496965 0.353206
v -0.243813 0.450000 0.332572
v -0.285033 0.403035 0.284962
v 0.064383 0.403035 0.387328
v -0.000000 0.450000 0.404000
v -0.064383 0.496965 0.387328
v -0.344720 0.543930 -0.059331
v -0.285461 0.548313 -0.156999
v -0.200751 0.543930 -0.237995
v -0.012294 0.543930 -0.293205
v 0.109038 0.548313 -0.272570
v 0.220649 0.543930 -0.224960
v 0.337120 0.543930 -0.080419
v 0.352849 0.548313 0.030000
v 0.337120 0.543930 0.140419
v 0.220649 0.543930 0.284960
v 0.109038 0.548313 0.332570
v -0.012294 0.543930 0.353205
v -0.200751 0.543930 0.297995
v -0.285461 0.548313 0.216999
v -0.344720 0.543930 0.119331
v -0.032191 0.631007 -0.059331
v -0.067387 0.609072 -0.156998
v -0.096574 0.572956 -0.237995
v -0.312528 0.572955 0.030000
v -0.218073 0.609072 0.030000
v -0.104176 0.631006 0.030000
v 0.084279 0.631007 -0.025209
v 0.176424 0.609072 -0.085570
v 0.252840 0.572956 -0.135628
v 0.084279 0.631007 0.085209
v 0.176424 0.609072 0.145570
v 0.252840 0.572956 0.195628
v -0.032191 0.631007 0.119331
v -0.067387 0.609072 0.216998
v -0.096574 0.572956 0.297995
v -0.150075 0.617258 0.128311
v -0.264723 0.585315 0.128311
v -0.185502 0.585315 0.226622
v 0.057324 0.617258 0.189070
v 0.021897 0.585315 0.287381
v 0.150076 0.585315 0.249829
v 0.185503 0.617258 0.030000
v 0.278255 0.585315 0.090759
v 0.278255 0.585315 -0.030759
v 0.057324 0.617258 -0.129070
v 0.150076 0.585315 -0.189829
v 0.021897 0.585315 -0.227381
v -0.150075 0.617258 -0.068311
v -0.185502 0.585315 -0.166622
v -0.264723 0.585315 -0.068311
v -0.357476 0.501686 0.189070
v -0.335581 0.450000 0.249831
v -0.278256 0.501686 0.287383
v 0.057325 0.501686 0.385695
v 0.128180 0.450000 0.385695
v 0.185505 0.501686 0.348143
v 0.392904 0.501686 0.090759
v 0.414800 0.450000 0.030000
v 0.392904 0.501686 -0.030759
v 0.185505 0.501686 -0.288143
v 0.128180 0.450000 -0.325695
v 0.057325 0.501686 -0.325695
v -0.278256 0.501686 -0.227383
v -0.335581 0.450000 -0.189831
v -0.357476 0.501686 -0.129071
v -0.128180 0.450000 0.385695
v -0.185505 0.398314 0.348142
v -0.057325 0.398314 0.385695
v 0.335581 0.450000 0.249831
v 0.278256 0.398314 0.287383
v 0.357476 0.398314 0.189071
v 0.335581 0.450000 -0.189831
v 0.357476 0.398314 -0.129071
v 0.278256 0.398314 -0.227383
v -0.128180 0.450000 -0.325695
v -0.057325 0.398314 -0.325695
v -0.185505 0.398314 -0.288142
v -0.414800 0.450000 0.030000
v -0.392904 0.398314 -0.030759
v -0.392904 0.398314 0.090759
v -0.150076 0.314685 0.249829
v -0.057324 0.282742 0.189070
v -0.021897 0.314685 0.287382
v 0.185503 0.314685 0.226622
v 0.150075 0.282742 0.128311
v 0.264723 0.314685 0.128311
v 0.264723 0.314685 -0.068311
v 0.150075 0.282742 -0.068311
v 0.185503 0.314685 -0.166623
v -0.278255 0.314685 0.090759
v -0.278255 0.314685 -0.030759
v -0.185503 0.282742 0.030000
v -0.021897 0.314685 -0.227381
v -0.057325 0.282742 -0.129070
v -0.150077 0.314685 -0.189829
v 0.000000 0.410000 -0.010000
v -0.217082 0.625584 -0.136174
v 0.082916 0.625584 -0.214156
v 0.268328 0.625586 -0.010000
v 0.082916 0.625584 0.194156
v -0.217082 0.625584 0.116174
v -0.082916 0.974416 -0.214156
v 0.217082 0.974416 -0.136174
v 0.217082 0.974416 0.116174
v -0.082916 0.974416 0.194156
v -0.268328 0.974414 -0.010000
v 0.000000 1.190000 -0.010000
v 0.069846 0.543568 -0.181975
v 0.048737 0.468245 -0.129999
v 0.023282 0.422500 -0.067325
v -0.060954 0.422500 -0.045428
v -0.127597 0.468245 -0.084163
v -0.182864 0.543568 -0.116286
v -0.159582 0.604102 -0.173611
v -0.078861 0.594962 -0.204163
v 0.008892 0.604102 -0.217404
v -0.243819 0.604103 0.060857
v -0.255194 0.594963 -0.010000
v -0.243819 0.604103 -0.080857
v -0.060954 0.422500 0.025428
v -0.127597 0.468245 0.064163
v -0.182864 0.543568 0.096286
v 0.226032 0.543569 -0.010000
v 0.157719 0.468246 -0.010000
v 0.075344 0.422500 -0.010000
v 0.145191 0.604102 -0.181976
v 0.206457 0.594963 -0.129999
v 0.249315 0.604104 -0.067325
v 0.069846 0.543568 0.161975
v 0.048737 0.468245 0.109999
v 0.023282 0.422500 0.047325
v 0.249315 0.604104 0.047325
v 0.206457 0.594963 0.109999
v 0.145191 0.604102 0.161976
v 0.008892 0.604102 0.197404
v -0.078861 0.594962 0.184163
v -0.159582 0.604102 0.153611
v -0.286988 0.897948 -0.045428
v -0.285317 0.800000 -0.084163
v -0.258209 0.702051 -0.116286
v -0.258209 0.702051 0.096286
v -0.285317 0.800000 0.064163
v -0.286988 0.897948 0.025428
v -0.046565 0.897949 -0.239301
v 0.000000 0.800000 -0.250000
v 0.046565 0.702051 -0.239301
v -0.206148 0.702051 -0.173612
v -0.176336 0.800000 -0.204164
v -0.130802 0.897949 -0.217405
v 0.258209 0.897949 -0.116286
v 0.285317 0.800000 -0.084163
v 0.286988 0.702052 -0.045428
v 0.130802 0.702051 -0.217405
v 0.176336 0.800000 -0.204164
v 0.206148 0.897949 -0.173612
v 0.206148 0.897949 0.153612
v 0.176336 0.800000 0.184164
v 0.130802 0.702051 0.197405
v 0.286988 0.702052 0.025428
v 0.285317 0.800000 0.064163
v 0.258209 0.897949 0.096286
v -0.130802 0.897949 0.197405
v -0.176336 0.800000 0.184164
v -0.206148 0.702051 0.153612
v 0.046565 0.702051 0.219301
v 0.000000 0.800000 0.230000
v -0.046565 0.897949 0.219301
v -0.249315 0.995896 -0.067325
v -0.206457 1.005037 -0.129999
v -0.145191 0.995898 -0.181976
v -0.008892 0.995898 -0.217404
v 0.078861 1.005038 -0.204163
v 0.159582 0.995898 -0.173611
v 0.243819 0.995897 -0.080857
v 0.255194 1.005037 -0.010000
v 0.243819 0.995897 0.060857
v 0.159582 0.995898 0.153611
v 0.078861 1.005038 0.184163
v -0.008892 0.995898 0.197404
v -0.145191 0.995898 0.161976
v -0.206457 1.005037 0.109999
v -0.249315 0.995896 0.047325
v -0.023282 1.177500 -0.067325
v -0.048737 1.131755 -0.129999
v -0.069846 1.056432 -0.181975
v -0.226032 1.056431 -0.010000
v -0.157719 1.131754 -0.010000
v -0.075344 1.177500 -0.010000
v 0.060954 1.177500 -0.045428
v 0.127597 1.131755 -0.084163
v 0.182864 1.056432 -0.116286
v 0.060954 1.177500 0.025428
v 0.127597 1.131755 0.064163
v 0.182864 1.056432 0.096286
v -0.023282 1.177500 0.047325
v -0.048737 1.131755 0.109999
v -0.069846 1.056432 0.161975
v -0.108540 1.148827 0.053087
v -0.191458 1.082208 0.053087
v -0.134163 1.082209 0.116175
v 0.041459 1.148828 0.092077
v 0.015837 1.082209 0.155164
v 0.108541 1.082209 0.131067
v 0.134163 1.148827 -0.010000
v 0.201245 1.082208 0.028990
v 0.201245 1.082208 -0.048990
v 0.041459 1.148828 -0.112077
v 0.108541 1.082209 -0.151067
v 0.015837 1.082209 -0.175164
v -0.108540 1.148827 -0.073087
v -0.134163 1.082209 -0.136175
v -0.191458 1.082208 -0.073087
v -0.258541 0.907794 0.092077
v -0.242706 0.800000 0.131068
v -0.201246 0.907795 0.155165
v 0.041460 0.907795 0.218253
v 0.092705 0.800000 0.218254
v 0.134165 0.907795 0.194156
v 0.284164 0.907794 0.028990
v 0.300000 0.800000 -0.010000
v 0.284164 0.907795 -0.048990
v 0.134165 0.907795 -0.214156
v 0.092705 0.800000 -0.238254
v 0.041460 0.907795 -0.238253
v -0.201246 0.907794 -0.175166
v -0.242706 0.799999 -0.151068
v -0.258541 0.907794 -0.112078
v -0.092705 0.800000 0.218254
v -0.134165 0.692205 0.194156
v -0.041460 0.692205 0.218253
v 0.242706 0.800000 0.131068
v 0.201246 0.692205 0.155166
v 0.258541 0.692205 0.092078
v 0.242706 0.800000 -0.151068
v 0.258541 0.692205 -0.112078
v 0.201246 0.692205 -0.175166
v -0.092705 0.800000 -0.238254
v -0.041460 0.692205 -0.238253
v -0.134165 0.692205 -0.214156
v -0.300000 0.800000 -0.010000
v -0.284164 0.692206 -0.048990
v -0.284164 0.692206 0.028990
v -0.108541 0.517791 0.131067
v -0.041459 0.451173 0.092077
v -0.015837 0.517792 0.155165
v 0.134163 0.517792 0.116175
v 0.108540 0.451173 0.053087
v 0.191458 0.517792 0.053087
v 0.191458 0.517792 -0.073087
v 0.108540 0.451173 -0.073087
v 0.134163 0.517792 -0.136175
v -0.201245 0.517792 0.028990
v -0.201245 0.517792 -0.048990
v -0.134163 0.451173 -0.010000
v -0.015837 0.517791 -0.175165
v -0.041460 0.451173 -0.112077
v -0.108542 0.517792 -0.151067
v 0.000000 0.721500 0.150000
v -0.108252 0.820171 0.100845
v 0.041348 0.820171 0.070464
v 0.133806 0.820172 0.150000
v 0.041348 0.820171 0.229536
v -0.108252 0.820171 0.199155
v -0.041348 0.979829 0.070464
v 0.108252 0.979829 0.100845
v 0.108252 0.979829 0.199155
v -0.041348 0.979829 0.229536
v -0.133806 0.979828 0.150000
v 0.000000 1.078500 0.150000
v 0.034830 0.782633 0.083001
v 0.024303 0.748158 0.103250
v 0.011610 0.727221 0.127667
v -0.030396 0.727221 0.136198
v -0.063628 0.748158 0.121107
v -0.091188 0.782633 0.108593
v -0.079578 0.810339 0.086260
v -0.039325 0.806156 0.074357
v 0.004434 0.810339 0.069199
v -0.121584 0.810339 0.177605
v -0.127257 0.806156 0.150000
v -0.121584 0.810339 0.122395
v -0.030396 0.727221 0.163802
v -0.063628 0.748158 0.178893
v -0.091188 0.782633 0.191407
v 0.112715 0.782634 0.150000
v 0.078649 0.748159 0.150000
v 0.037572 0.727221 0.150000
v 0.072402 0.810339 0.083001
v 0.102953 0.806156 0.103250
v 0.124325 0.810340 0.127667
v 0.034830 0.782633 0.216999
v 0.024303 0.748158 0.196750
v 0.011610 0.727221 0.172333
v 0.124325 0.810340 0.172333
v 0.102953 0.806156 0.196750
v 0.072402 0.810339 0.216999
v 0.004434 0.810339 0.230801
v -0.039325 0.806156 0.225643
v -0.079578 0.810339 0.213740
v -0.143111 0.944830 0.136198
v -0.142278 0.900000 0.121107
v -0.128760 0.855170 0.108593
v -0.128760 0.855170 0.191407
v -0.142278 0.900000 0.178893
v -0.143111 0.944830 0.163802
v -0.023220 0.944831 0.060668
v 0.000000 0.900000 0.056500
v 0.023220 0.855169 0.060668
v -0.102799 0.855169 0.086260
v -0.087933 0.900000 0.074357
v -0.065227 0.944831 0.069198
v 0.128760 0.944830 0.108593
v 0.142278 0.900000 0.121107
v 0.143111 0.855170 0.136198
v 0.065227 0.855169 0.069198
v 0.087933 0.900000 0.074357
v 0.102799 0.944831 0.086260
v 0.102799 0.944831 0.213740
v 0.087933 0.900000 0.225643
v 0.065227 0.855169 0.230802
v 0.143111 0.855170 0.163802
v 0.142278 0.900000 0.178893
v 0.128760 0.944830 0.191407
v -0.065227 0.944831 0.230802
v -0.087933 0.900000 0.225643
v -0.102799 0.855169 0.213740
v 0.023220 0.855169 0.239332
v -0.000000 0.900000 0.243500
v -0.023220 0.944831 0.239332
v -0.124325 0.989660 0.127667
v -0.102953 0.993844 0.103250
v -0.072402 0.989661 0.083001
v -0.004434 0.989661 0.069199
v 0.039325 0.993844 0.074357
v 0.079578 0.989661 0.086260
v 0.121584 0.989661 0.122395
v 0.127257 0.993844 0.150000
v 0.121584 0.989661 0.177605
v 0.079578 0.989661 0.213740
v 0.039325 0.993844 0.225643
v -0.004434 0.989661 0.230801
v -0.072402 0.989661 0.216999
v -0.102953 0.993844 0.196750
v -0.124325 0.989660 0.172333
v -0.011610 1.072779 0.127667
v -0.024303 1.051842 0.103250
v -0.034830 1.017367 0.083001
v -0.112715 1.017366 0.150000
v -0.078649 1.051841 0.150000
v -0.037572 1.072779 0.150000
v 0.030396 1.072779 0.136198
v 0.063628 1.051842 0.121107
v 0.091188 1.017367 0.108593
v 0.030396 1.072779 0.163802
v 0.063628 1.051842 0.178893
v 0.091188 1.017367 0.191407
v -0.011610 1.072779 0.172333
v -0.024303 1.051842 0.196750
v -0.034830 1.017367 0.216999
v -0.054125 1.059656 0.174578
v -0.095474 1.029164 0.174578
v -0.066902 1.029165 0.199156
v 0.020674 1.059656 0.189767
v 0.007897 1.029165 0.214345
v 0.054126 1.029165 0.204957
v 0.066903 1.059656 0.150000
v 0.100354 1.029165 0.165190
v 0.100354 1.029165 0.134810
v 0.020674 1.059656 0.110233
v 0.054126 1.029165 0.095043
v 0.007897 1.029165 0.085655
v -0.054125 1.059656 0.125422
v -0.066902 1.029165 0.100844
v -0.095474 1.029164 0.125422
v -0.128926 0.949337 0.189768
v -0.121029 0.900000 0.204958
v -0.100355 0.949337 0.214346
v 0.020675 0.949337 0.238924
v 0.046229 0.900000 0.238924
v 0.066903 0.949337 0.229536
v 0.141703 0.949337 0.165190
v 0.149600 0.900000 0.150000
v 0.141703 0.949337 0.134810
v 0.066903 0.949337 0.070464
v 0.046229 0.900000 0.061076
v 0.020675 0.949337 0.061076
v -0.100355 0.949337 0.085654
v -0.121029 0.900000 0.095042
v -0.128926 0.949336 0.110232
v -0.046229 0.900000 0.238924
v -0.066903 0.850663 0.229536
v -0.020675 0.850663 0.238924
v 0.121029 0.900000 0.204958
v 0.100355 0.850663 0.214346
v 0.128926 0.850663 0.189768
v 0.121029 0.900000 0.095042
v 0.128926 0.850663 0.110232
v 0.100355 0.850663 0.085654
v -0.046229 0.900000 0.061076
v -0.020675 0.850663 0.061076
v -0.066903 0.850663 0.070464
v -0.149600 0.900000 0.150000
v -0.141703 0.850663 0.134810
v -0.141703 0.850663 0.165190
v -0.054126 0.770835 0.204957
v -0.020674 0.740344 0.189768
v -0.007897 0.770835 0.214345
v 0.066903 0.770835 0.199155
v 0.054125 0.740344 0.174578
v 0.095474 0.770836 0.174578
v 0.095474 0.770836 0.125422
v 0.054125 0.740345 0.125422
v 0.066903 0.770836 0.100844
v -0.100354 0.770836 0.165190
v -0.100354 0.770836 0.134810
v -0.066903 0.740345 0.150000
v -0.007897 0.770835 0.085655
v -0.020675 0.740344 0.110233
v -0.054126 0.770835 0.095043
v -0.168338 1.075777 0.176952
v 0.241662 0.595777 0.146951
v -0.183379 1.065298 0.139057
v 0.226621 0.585298 0.109057
v -0.214014 1.040000 0.125147
v 0.195986 0.560000 0.095147
v -0.242298 1.014702 0.143368
v 0.167702 0.534702 0.113368
v -0.251662 1.004223 0.183049
v 0.158338 0.524223 0.153048
v -0.236621 1.014702 0.220943
v 0.173379 0.534702 0.190943
v -0.205986 1.040000 0.234853
v 0.204014 0.560000 0.204853
v -0.177702 1.065298 0.216632
v 0.232298 0.585298 0.186632
v -0.270000 0.905000 -0.000000
v -0.353215 0.968570 -0.060458
v -0.238215 0.968570 -0.097825
v -0.167141 0.968570 -0.000000
v -0.238215 0.968570 0.097825
v -0.353215 0.968570 0.060458
v -0.301785 1.071430 -0.097825
v -0.186785 1.071430 -0.060458
v -0.186785 1.071430 0.060458
v -0.301785 1.071430 0.097825
v -0.372859 1.071430 -0.000000
v -0.270000 1.135000 -0.000000
v -0.251318 0.922175 -0.057499
v -0.318912 0.922175 -0.035536
v -0.300230 0.959540 -0.093036
v -0.367825 0.959540 -0.000000
v -0.318912 0.922175 0.035536
v -0.209541 0.922175 -0.000000
v -0.190858 0.959540 -0.057500
v -0.251318 0.922175 0.057499
v -0.190858 0.959540 0.057500
v -0.300230 0.959540 0.093036
v -0.379372 1.020000 -0.035536
v -0.379372 1.020000 0.035536
v -0.270000 1.020000 -0.115000
v -0.337595 1.020000 -0.093037
v -0.160628 1.020000 -0.035536
v -0.202405 1.020000 -0.093037
v -0.202405 1.020000 0.093037
v -0.160628 1.020000 0.035536
v -0.337595 1.020000 0.093037
v -0.270000 1.020000 0.115000
v -0.349142 1.080460 -0.057500
v -0.239770 1.080460 -0.093036
v -0.172175 1.080460 -0.000000
v -0.239770 1.080460 0.093036
v -0.349142 1.080460 0.057500
v -0.288682 1.117825 -0.057499
v -0.330459 1.117825 -0.000000
v -0.221088 1.117825 -0.035536
v -0.221088 1.117825 0.035536
v -0.288682 1.117825 0.057499
v 0.270000 0.905000 -0.000000
v 0.186785 0.968570 -0.060458
v 0.301785 0.968570 -0.097825
v 0.372859 0.968570 -0.000000
v 0.301785 0.968570 0.097825
v 0.186785 0.968570 0.060458
v 0.238215 1.071430 -0.097825
v 0.353215 1.071430 -0.060458
v 0.353215 1.071430 0.060458
v 0.238215 1.071430 0.097825
v 0.167141 1.071430 -0.000000
v 0.270000 1.135000 -0.000000
v 0.288682 0.922175 -0.057499
v 0.221088 0.922175 -0.035536
v 0.239770 0.959540 -0.093036
v 0.172175 0.959540 -0.000000
v 0.221088 0.922175 0.035536
v 0.330459 0.922175 -0.000000
v 0.349142 0.959540 -0.057500
v 0.288682 0.922175 0.057499
v 0.349142 0.959540 0.057500
v 0.239770 0.959540 0.093036
v 0.160628 1.020000 -0.035536
v 0.160628 1.020000 0.035536
v 0.270000 1.020000 -0.115000
v 0.202405 1.020000 -0.093037
v 0.379372 1.020000 -0.035536
v 0.337595 1.020000 -0.093037
v 0.337595 1.020000 0.093037
v 0.379372 1.020000 0.035536
v 0.202405 1.020000 0.093037
v 0.270000 1.020000 0.115000
v 0.190858 1.080460 -0.057500
v 0.300230 1.080460 -0.093036
v 0.367825 1.080460 -0.000000
v 0.300230 1.080460 0.093036
v 0.190858 1.080460 0.057500
v 0.251318 1.117825 -0.057499
v 0.209541 1.117825 -0.000000
v 0.318912 1.117825 -0.035536
v 0.318912 1.117825 0.035536
v 0.251318 1.117825 0.057499
v -0.314420 1.031583 0.083492
v -0.360187 0.726109 0.202486
v -0.257769 1.022333 0.083933
v -0.313356 0.718462 0.202851
v -0.219999 1.000000 0.046923
v -0.282133 0.700000 0.172257
v -0.223234 0.977667 -0.005858
v -0.284807 0.681538 0.128624
v -0.265580 0.968417 -0.043492
v -0.319813 0.673891 0.097514
v -0.322231 0.977667 -0.043933
v -0.366644 0.681538 0.097149
v -0.360001 1.000000 -0.006923
v -0.397867 0.700000 0.127743
v -0.356766 1.022333 0.045858
v -0.395193 0.718462 0.171376
v -0.306559 0.733593 0.186785
v -0.213247 0.506875 0.289428
v -0.284960 0.723754 0.147472
v -0.195968 0.499003 0.257978
v -0.295604 0.700000 0.109640
v -0.204483 0.480000 0.227712
v -0.332254 0.676246 0.095450
v -0.233803 0.460997 0.216360
v -0.373441 0.666407 0.113215
v -0.266753 0.453125 0.230572
v -0.395040 0.676246 0.152528
v -0.284032 0.460997 0.262022
v -0.384396 0.700000 0.190360
v -0.275517 0.480000 0.292288
v -0.347746 0.723754 0.204550
v -0.246197 0.499003 0.303640
v -0.230000 0.412400 0.280000
v -0.279205 0.438712 0.238888
v -0.211206 0.438712 0.213479
v -0.169179 0.438713 0.280000
v -0.211206 0.438712 0.346521
v -0.279205 0.438712 0.321112
v -0.248794 0.481288 0.213479
v -0.180795 0.481288 0.238888
v -0.180795 0.481288 0.321112
v -0.248794 0.481288 0.346521
v -0.290821 0.481287 0.280000
v -0.230000 0.507600 0.280000
v -0.218953 0.419509 0.240900
v -0.258922 0.419509 0.255835
v -0.247875 0.434975 0.216735
v -0.287844 0.434975 0.280000
v -0.258922 0.419509 0.304165
v -0.194250 0.419509 0.280000
v -0.183203 0.434975 0.240900
v -0.218953 0.419509 0.319100
v -0.183203 0.434975 0.319100
v -0.247875 0.434975 0.343265
v -0.294672 0.460000 0.255835
v -0.294672 0.460000 0.304165
v -0.230000 0.460000 0.201800
v -0.269969 0.460000 0.216735
v -0.165328 0.460000 0.255835
v -0.190031 0.460000 0.216735
v -0.190031 0.460000 0.343265
v -0.165328 0.460000 0.304165
v -0.269969 0.460000 0.343265
v -0.230000 0.460000 0.358200
v -0.276797 0.485025 0.240900
v -0.212125 0.485025 0.216735
v -0.172156 0.485025 0.280000
v -0.212125 0.485025 0.343265
v -0.276797 0.485025 0.319100
v -0.241047 0.500491 0.240900
v -0.265750 0.500491 0.280000
v -0.201078 0.500491 0.255835
v -0.201078 0.500491 0.304165
v -0.241047 0.500491 0.319100
v 0.314420 1.031583 0.083492
v 0.360187 0.726109 0.202486
v 0.356766 1.022333 0.045858
v 0.395193 0.718462 0.171376
v 0.360001 1.000000 -0.006923
v 0.397867 0.700000 0.127743
v 0.322231 0.977667 -0.043933
v 0.366644 0.681538 0.097149
v 0.265580 0.968417 -0.043492
v 0.319813 0.673891 0.097514
v 0.223234 0.977667 -0.005858
v 0.284807 0.681538 0.128624
v 0.219999 1.000000 0.046923
v 0.282133 0.700000 0.172257
v 0.257769 1.022333 0.083933
v 0.313356 0.718462 0.202851
v 0.306559 0.733593 0.186785
v 0.213247 0.506875 0.289428
v 0.347746 0.723754 0.204550
v 0.246197 0.499003 0.303640
v 0.384396 0.700000 0.190360
v 0.275517 0.480000 0.292288
v 0.395040 0.676246 0.152528
v 0.284032 0.460997 0.262022
v 0.373441 0.666407 0.113215
v 0.266753 0.453125 0.230572
v 0.332254 0.676246 0.095450
v 0.233803 0.460997 0.216360
v 0.295604 0.700000 0.109640
v 0.204483 0.480000 0.227712
v 0.284960 0.723754 0.147472
v 0.195968 0.499003 0.257978
v 0.230000 0.412400 0.280000
v 0.180795 0.438712 0.238888
v 0.248794 0.438712 0.213479
v 0.290821 0.438713 0.280000
v 0.248794 0.438712 0.346521
v 0.180795 0.438712 0.321112
v 0.211206 0.481288 0.213479
v 0.279205 0.481288 0.238888
v 0.279205 0.481288 0.321112
v 0.211206 0.481288 0.346521
v 0.169179 0.481287 0.280000
v 0.230000 0.507600 0.280000
v 0.241047 0.419509 0.240900
v 0.201078 0.419509 0.255835
v 0.212125 0.434975 0.216735
v 0.172156 0.434975 0.280000
v 0.201078 0.419509 0.304165
v 0.265750 0.419509 0.280000
v 0.276797 0.434975 0.240900
v 0.241047 0.419509 0.319100
v 0.276797 0.434975 0.319100
v 0.212125 0.434975 0.343265
v 0.165328 0.460000 0.255835
v 0.165328 0.460000 0.304165
v 0.230000 0.460000 0.201800
v 0.190031 0.460000 0.216735
v 0.294672 0.460000 0.255835
v 0.269969 0.460000 0.216735
v 0.269969 0.460000 0.343265
v 0.294672 0.460000 0.304165
v 0.190031 0.460000 0.343265
v 0.230000 0.460000 0.358200
v 0.183203 0.485025 0.240900
v 0.247875 0.485025 0.216735
v 0.287844 0.485025 0.280000
v 0.247875 0.485025 0.343265
v 0.183203 0.485025 0.319100
v 0.218953 0.500491 0.240900
v 0.194250 0.500491 0.280000
v 0.258922 0.500491 0.255835
v 0.258922 0.500491 0.304165
v 0.218953 0.500491 0.319100
v -0.130000 1.027000 0.165000
v -0.146643 1.039714 0.152908
v -0.123643 1.039714 0.145435
v -0.109428 1.039714 0.165000
v -0.123643 1.039714 0.184565
v -0.146643 1.039714 0.177092
v -0.136357 1.060286 0.145435
v -0.113357 1.060286 0.152908
v -0.113357 1.060286 0.177092
v -0.136357 1.060286 0.184565
v -0.150572 1.060286 0.165000
v -0.130000 1.073000 0.165000
v -0.097500 0.964500 0.183750
v -0.114143 0.977214 0.171658
v -0.091143 0.977214 0.164185
v -0.076928 0.977214 0.183750
v -0.091143 0.977214 0.203315
v -0.114143 0.977214 0.195842
v -0.103857 0.997786 0.164185
v -0.080857 0.997786 0.171658
v -0.080857 0.997786 0.195842
v -0.103857 0.997786 0.203315
v -0.118072 0.997786 0.183750
v -0.097500 1.010500 0.183750
v -0.065000 0.902000 0.202500
v -0.081643 0.914714 0.190408
v -0.058643 0.914714 0.182935
v -0.044428 0.914714 0.202500
v -0.058643 0.914714 0.222065
v -0.081643 0.914714 0.214592
v -0.071357 0.935286 0.182935
v -0.048357 0.935286 0.190408
v -0.048357 0.935286 0.214592
v -0.071357 0.935286 0.222065
v -0.085572 0.935286 0.202500
v -0.065000 0.948000 0.202500
v -0.032500 0.839500 0.221250
v -0.049143 0.852214 0.209158
v -0.026143 0.852214 0.201685
v -0.011928 0.852214 0.221250
v -0.026143 0.852214 0.240815
v -0.049143 0.852214 0.233342
v -0.038857 0.872786 0.201685
v -0.015857 0.872786 0.209158
v -0.015857 0.872786 0.233342
v -0.038857 0.872786 0.240815
v -0.053072 0.872786 0.221250
v -0.032500 0.885500 0.221250
v 0.000000 0.777000 0.240000
v -0.016643 0.789714 0.227908
v 0.006357 0.789714 0.220435
v 0.020572 0.789714 0.240000
v 0.006357 0.789714 0.259565
v -0.016643 0.789714 0.252092
v -0.006357 0.810286 0.220435
v 0.016643 0.810286 0.227908
v 0.016643 0.810286 0.252092
v -0.006357 0.810286 0.259565
v -0.020572 0.810286 0.240000
v 0.000000 0.823000 0.240000
v 0.130000 1.027000 0.165000
v 0.113357 1.039714 0.152908
v 0.136357 1.039714 0.145435
v 0.150572 1.039714 0.165000
v 0.136357 1.039714 0.184565
v 0.113357 1.039714 0.177092
v 0.123643 1.060286 0.145435
v 0.146643 1.060286 0.152908
v 0.146643 1.060286 0.177092
v 0.123643 1.060286 0.184565
v 0.109428 1.060286 0.165000
v 0.130000 1.073000 0.165000
v 0.097500 0.964500 0.183750
v 0.080857 0.977214 0.171658
v 0.103857 0.977214 0.164185
v 0.118072 0.977214 0.183750
v 0.103857 0.977214 0.203315
v 0.080857 0.977214 0.195842
v 0.091143 0.997786 0.164185
v 0.114143 0.997786 0.171658
v 0.114143 0.997786 0.195842
v 0.091143 0.997786 0.203315
v 0.076928 0.997786 0.183750
v 0.097500 1.010500 0.183750
v 0.065000 0.902000 0.202500
v 0.048357 0.914714 0.190408
v 0.071357 0.914714 0.182935
v 0.085572 0.914714 0.202500
v 0.071357 0.914714 0.222065
v 0.048357 0.914714 0.214592
v 0.058643 0.935286 0.182935
v 0.081643 0.935286 0.190408
v 0.081643 0.935286 0.214592
v 0.058643 0.935286 0.222065
v 0.044428 0.935286 0.202500
v 0.065000 0.948000 0.202500
v 0.032500 0.839500 0.221250
v 0.015857 0.852214 0.209158
v 0.038857 0.852214 0.201685
v 0.053072 0.852214 0.221250
v 0.038857 0.852214 0.240815
v 0.015857 0.852214 0.233342
v 0.026143 0.872786 0.201685
v 0.049143 0.872786 0.209158
v 0.049143 0.872786 0.233342
v 0.026143 0.872786 0.240815
v 0.011928 0.872786 0.221250
v 0.032500 0.885500 0.221250
v 0.000000 0.777000 0.240000
v -0.016643 0.789714 0.227908
v 0.006357 0.789714 0.220435
v 0.020572 0.789714 0.240000
v 0.006357 0.789714 0.259565
v -0.016643 0.789714 0.252092
v -0.006357 0.810286 0.220435
v 0.016643 0.810286 0.227908
v 0.016643 0.810286 0.252092
v -0.006357 0.810286 0.259565
v -0.020572 0.810286 0.240000
v 0.000000 0.823000 0.240000
v 0.000000 0.748000 0.245000
v -0.023155 0.765689 0.228177
v 0.008844 0.765689 0.217780
v 0.028622 0.765689 0.245000
v 0.008844 0.765689 0.272220
v -0.023155 0.765689 0.261823
v -0.008844 0.794311 0.217780
v 0.023155 0.794311 0.228177
v 0.023155 0.794311 0.261823
v -0.008844 0.794311 0.272220
v -0.028622 0.794311 0.245000
v 0.000000 0.812000 0.245000
v 0.000000 1.105000 0.085000
v 0.000000 1.235000 0.085000
v -0.042500 1.105000 0.073612
v -0.042500 1.235000 0.073612
v -0.073612 1.105000 0.042500
v -0.073612 1.235000 0.042500
v -0.085000 1.105000 -0.000000
v -0.085000 1.235000 -0.000000
v -0.073612 1.105000 -0.042500
v -0.073612 1.235000 -0.042500
v -0.042500 1.105000 -0.073612
v -0.042500 1.235000 -0.073612
v 0.000000 1.105000 -0.085000
v 0.000000 1.235000 -0.085000
v 0.042500 1.105000 -0.073612
v 0.042500 1.235000 -0.073612
v 0.073612 1.105000 -0.042500
v 0.073612 1.235000 -0.042500
v 0.085000 1.105000 -0.000000
v 0.085000 1.235000 -0.000000
v 0.073612 1.105000 0.042500
v 0.073612 1.235000 0.042500
v 0.042500 1.105000 0.073612
v 0.042500 1.235000 0.073612
v 0.000000 1.143000 0.020000
v -0.123013 1.246370 -0.064905
v 0.046986 1.246370 -0.117380
v 0.152052 1.246371 0.020000
v 0.046986 1.246370 0.157380
v -0.123013 1.246370 0.104905
v -0.046986 1.413630 -0.117380
v 0.123013 1.413630 -0.064905
v 0.123013 1.413630 0.104905
v -0.046986 1.413630 0.157380
v -0.152052 1.413629 0.020000
v 0.000000 1.517000 0.020000
v 0.043849 1.227022 -0.108208
v 0.039580 1.207044 -0.095725
v 0.034117 1.187805 -0.079753
v 0.027617 1.170928 -0.060749
v 0.020470 1.157781 -0.039852
v 0.013193 1.148993 -0.018575
v 0.006264 1.144334 0.001685
v -0.016400 1.144334 0.008681
v -0.034541 1.148993 -0.003840
v -0.053593 1.157781 -0.016990
v -0.072305 1.170928 -0.029905
v -0.089321 1.187805 -0.041650
v -0.103623 1.207044 -0.051521
v -0.114801 1.227022 -0.059236
v -0.108537 1.240803 -0.077552
v -0.090430 1.236070 -0.090097
v -0.068851 1.232840 -0.101503
v -0.044688 1.231687 -0.110655
v -0.019476 1.232840 -0.116744
v 0.005039 1.236070 -0.119566
v 0.027449 1.240803 -0.119528
v -0.131201 1.240803 0.087917
v -0.138164 1.236070 0.067681
v -0.142914 1.232840 0.044660
v -0.144610 1.231687 0.020000
v -0.142914 1.232840 -0.004660
v -0.138164 1.236070 -0.027681
v -0.131201 1.240803 -0.047917
v -0.016400 1.144334 0.031319
v -0.034541 1.148993 0.043840
v -0.053593 1.157781 0.056990
v -0.072305 1.170928 0.069905
v -0.089321 1.187805 0.081650
v -0.103623 1.207044 0.091521
v -0.114801 1.227022 0.099236
v 0.141902 1.227023 0.020000
v 0.128085 1.207045 0.020000
v 0.110408 1.187805 0.020000
v 0.089374 1.170928 0.020000
v 0.066244 1.157782 0.020000
v 0.042695 1.148994 0.020000
v 0.020272 1.144334 0.020000
v 0.064121 1.240803 -0.108209
v 0.082275 1.236070 -0.095725
v 0.100362 1.232840 -0.079753
v 0.116992 1.231687 -0.060750
v 0.130878 1.232840 -0.039852
v 0.141279 1.236070 -0.018575
v 0.148166 1.240804 0.001685
v 0.043849 1.227022 0.148208
v 0.039580 1.207044 0.135725
v 0.034117 1.187805 0.119753
v 0.027617 1.170928 0.100749
v 0.020470 1.157781 0.079852
v 0.013193 1.148993 0.058575
v 0.006264 1.144334 0.038315
v 0.148166 1.240804 0.038315
v 0.141279 1.236070 0.058575
v 0.130878 1.232840 0.079852
v 0.116992 1.231687 0.100750
v 0.100362 1.232840 0.119753
v 0.082275 1.236070 0.135725
v 0.064121 1.240803 0.148209
v 0.027449 1.240803 0.159528
v 0.005039 1.236070 0.159566
v -0.019476 1.232840 0.156744
v -0.044688 1.231687 0.150655
v -0.068851 1.232840 0.141503
v -0.090430 1.236070 0.130097
v -0.108537 1.240803 0.117552
v -0.158302 1.396897 0.008681
v -0.162626 1.376965 -0.003840
v -0.164001 1.354290 -0.016990
v -0.161680 1.330000 -0.029906
v -0.155567 1.305710 -0.041650
v -0.146319 1.283035 -0.051521
v -0.135073 1.263103 -0.059237
v -0.135073 1.263103 0.099237
v -0.146319 1.283035 0.091521
v -0.155567 1.305710 0.081650
v -0.161680 1.330000 0.069906
v -0.164001 1.354290 0.056990
v -0.162626 1.376965 0.043840
v -0.158302 1.396897 0.031319
v -0.037585 1.396898 -0.126524
v -0.026387 1.376965 -0.134301
v -0.013647 1.354290 -0.139606
v 0.000000 1.330000 -0.141500
v 0.013647 1.305710 -0.139606
v 0.026387 1.283035 -0.134301
v 0.037585 1.263102 -0.126524
v -0.121066 1.263102 -0.077552
v -0.116817 1.283035 -0.090097
v -0.109793 1.305710 -0.101503
v -0.099924 1.330000 -0.110656
v -0.087711 1.354290 -0.116745
v -0.074121 1.376966 -0.119566
v -0.060250 1.396898 -0.119528
v 0.135073 1.396898 -0.059237
v 0.146319 1.376965 -0.051521
v 0.155567 1.354290 -0.041650
v 0.161680 1.330000 -0.029906
v 0.164001 1.305710 -0.016990
v 0.162626 1.283035 -0.003840
v 0.158302 1.263103 0.008681
v 0.060250 1.263102 -0.119528
v 0.074121 1.283035 -0.119566
v 0.087711 1.305710 -0.116745
v 0.099924 1.330000 -0.110656
v 0.109793 1.354290 -0.101503
v 0.116817 1.376966 -0.090097
v 0.121066 1.396898 -0.077552
v 0.121066 1.396898 0.117552
v 0.116817 1.376965 0.130097
v 0.109793 1.354290 0.141503
v 0.099924 1.330000 0.150656
v 0.087711 1.305710 0.156745
v 0.074121 1.283035 0.159566
v 0.060250 1.263102 0.159528
v 0.158302 1.263103 0.031319
v 0.162626 1.283035 0.043840
v 0.164001 1.305710 0.056990
v 0.161680 1.330000 0.069906
v 0.155567 1.354290 0.081650
v 0.146319 1.376965 0.091521
v 0.135073 1.396898 0.099237
v -0.060250 1.396898 0.159528
v -0.074121 1.376966 0.159566
v -0.087711 1.354290 0.156745
v -0.099924 1.330000 0.150656
v -0.109793 1.305710 0.141503
v -0.116817 1.283035 0.130097
v -0.121066 1.263102 0.117552
v 0.037585 1.263102 0.166524
v 0.026387 1.283035 0.174301
v 0.013647 1.305710 0.179606
v -0.000000 1.330000 0.181500
v -0.013647 1.354290 0.179606
v -0.026387 1.376965 0.174301
v -0.037585 1.396898 0.166524
v -0.148166 1.419196 0.001685
v -0.141279 1.423930 -0.018575
v -0.130878 1.427160 -0.039852
v -0.116992 1.428313 -0.060750
v -0.100362 1.427160 -0.079753
v -0.082275 1.423930 -0.095725
v -0.064121 1.419197 -0.108209
v -0.027449 1.419197 -0.119528
v -0.005039 1.423931 -0.119566
v 0.019476 1.427160 -0.116744
v 0.044688 1.428313 -0.110655
v 0.068851 1.427160 -0.101503
v 0.090430 1.423931 -0.090097
v 0.108537 1.419197 -0.077552
v 0.131201 1.419197 -0.047917
v 0.138164 1.423930 -0.027681
v 0.142914 1.427160 -0.004660
v 0.144610 1.428313 0.020000
v 0.142914 1.427160 0.044660
v 0.138164 1.423930 0.067681
v 0.131201 1.419197 0.087917
v 0.108537 1.419197 0.117552
v 0.090430 1.423931 0.130097
v 0.068851 1.427160 0.141503
v 0.044688 1.428313 0.150655
v 0.019476 1.427160 0.156744
v -0.005039 1.423931 0.159566
v -0.027449 1.419197 0.159528
v -0.064121 1.419197 0.148209
v -0.082275 1.423930 0.135725
v -0.100362 1.427160 0.119753
v -0.116992 1.428313 0.100750
v -0.130878 1.427160 0.079852
v -0.141279 1.423930 0.058575
v -0.148166 1.419196 0.038315
v -0.006264 1.515666 0.001685
v -0.013193 1.511007 -0.018575
v -0.020470 1.502219 -0.039852
v -0.027617 1.489072 -0.060749
v -0.034117 1.472195 -0.079753
v -0.039580 1.452956 -0.095725
v -0.043849 1.432978 -0.108208
v -0.141902 1.432977 0.020000
v -0.128085 1.452955 0.020000
v -0.110408 1.472195 0.020000
v -0.089374 1.489072 0.020000
v -0.066244 1.502218 0.020000
v -0.042695 1.511006 0.020000
v -0.020272 1.515666 0.020000
v 0.016400 1.515666 0.008681
v 0.034541 1.511007 -0.003840
v 0.053593 1.502219 -0.016990
v 0.072305 1.489072 -0.029905
v 0.089321 1.472195 -0.041650
v 0.103623 1.452956 -0.051521
v 0.114801 1.432978 -0.059236
v 0.016400 1.515666 0.031319
v 0.034541 1.511007 0.043840
v 0.053593 1.502219 0.056990
v 0.072305 1.489072 0.069905
v 0.089321 1.472195 0.081650
v 0.103623 1.452956 0.091521
v 0.114801 1.432978 0.099236
v -0.006264 1.515666 0.038315
v -0.013193 1.511007 0.058575
v -0.020470 1.502219 0.079852
v -0.027617 1.489072 0.100749
v -0.034117 1.472195 0.119753
v -0.039580 1.452956 0.135725
v -0.043849 1.432978 0.148208
v -0.028254 1.513012 0.039501
v -0.052218 1.506380 0.040433
v -0.036592 1.506380 0.060865
v -0.076734 1.495094 0.040951
v -0.061506 1.497258 0.062452
v -0.044687 1.495094 0.082854
v -0.099923 1.479329 0.040952
v -0.086144 1.483324 0.063024
v -0.069692 1.483324 0.084536
v -0.051852 1.479329 0.103806
v -0.120064 1.460256 0.040433
v -0.108493 1.465315 0.062453
v -0.093501 1.467137 0.084536
v -0.076026 1.465315 0.104905
v -0.057557 1.460257 0.122164
v -0.136174 1.439644 0.039501
v -0.127052 1.444882 0.060866
v -0.114255 1.447799 0.082855
v -0.098231 1.447799 0.103807
v -0.080172 1.444882 0.122164
v -0.061602 1.439645 0.137007
v 0.010792 1.513012 0.051553
v 0.004319 1.506380 0.073493
v 0.029604 1.506380 0.065689
v -0.002737 1.495094 0.095803
v 0.023494 1.497258 0.088689
v 0.049116 1.495094 0.079797
v -0.009902 1.479329 0.116755
v 0.016452 1.483324 0.111126
v 0.043072 1.483324 0.102909
v 0.067876 1.479329 0.092746
v -0.016646 1.460257 0.134792
v 0.008974 1.465316 0.131142
v 0.035715 1.467137 0.124421
v 0.061507 1.465316 0.114926
v 0.084492 1.460257 0.103573
v -0.022556 1.439645 0.149059
v 0.001650 1.444883 0.147420
v 0.027619 1.447800 0.142652
v 0.053545 1.447800 0.134650
v 0.077503 1.444883 0.124006
v 0.098101 1.439645 0.111815
v 0.034923 1.513012 0.020000
v 0.054888 1.506380 0.032628
v 0.054888 1.506380 0.007372
v 0.075042 1.495094 0.045897
v 0.076026 1.497258 0.020000
v 0.075042 1.495094 -0.005897
v 0.093802 1.479329 0.058846
v 0.096312 1.483324 0.033295
v 0.096312 1.483324 0.006705
v 0.093802 1.479329 -0.018846
v 0.109776 1.460257 0.070512
v 0.114039 1.465315 0.046237
v 0.115574 1.467137 0.020000
v 0.114039 1.465315 -0.006237
v 0.109776 1.460257 -0.030512
v 0.122233 1.439644 0.080261
v 0.128072 1.444882 0.057884
v 0.131324 1.447799 0.032949
v 0.131324 1.447799 0.007051
v 0.128072 1.444882 -0.017884
v 0.122233 1.439644 -0.040261
v 0.010792 1.513012 -0.011553
v 0.029603 1.506380 -0.025689
v 0.004319 1.506380 -0.033493
v 0.049116 1.495094 -0.039797
v 0.023494 1.497258 -0.048689
v -0.002737 1.495094 -0.055803
v 0.067876 1.479329 -0.052746
v 0.043072 1.483324 -0.062909
v 0.016452 1.483324 -0.071126
v -0.009902 1.479329 -0.076755
v 0.084492 1.460257 -0.063573
v 0.061507 1.465316 -0.074926
v 0.035715 1.467137 -0.084421
v 0.008974 1.465316 -0.091142
v -0.016646 1.460257 -0.094792
v 0.098101 1.439645 -0.071815
v 0.077503 1.444883 -0.084006
v 0.053545 1.447800 -0.094650
v 0.027619 1.447800 -0.102652
v 0.001650 1.444883 -0.107420
v -0.022556 1.439645 -0.109059
v -0.028254 1.513012 0.000499
v -0.036592 1.506380 -0.020865
v -0.052218 1.506380 -0.000433
v -0.044687 1.495094 -0.042854
v -0.061506 1.497258 -0.022452
v -0.076734 1.495094 -0.000952
v -0.051852 1.479329 -0.063806
v -0.069692 1.483324 -0.044536
v -0.086144 1.483324 -0.023024
v -0.099923 1.479329 -0.000952
v -0.057557 1.460257 -0.082164
v -0.076026 1.465315 -0.064905
v -0.093501 1.467137 -0.044536
v -0.108493 1.465315 -0.022453
v -0.120064 1.460256 -0.000433
v -0.061602 1.439645 -0.097007
v -0.080172 1.444882 -0.082164
v -0.098231 1.447799 -0.063807
v -0.114255 1.447799 -0.042855
v -0.127052 1.444882 -0.020866
v -0.136174 1.439644 0.000499
v -0.153636 1.401228 0.051553
v -0.156656 1.379754 0.065689
v -0.145349 1.404631 0.073493
v -0.156206 1.355509 0.079798
v -0.146507 1.381686 0.088689
v -0.133016 1.406526 0.095803
v -0.151777 1.330000 0.092746
v -0.143932 1.356191 0.102910
v -0.132027 1.382382 0.111127
v -0.116992 1.406526 0.116755
v -0.143699 1.305123 0.103573
v -0.137533 1.330000 0.114927
v -0.127480 1.356191 0.124422
v -0.114039 1.381686 0.131143
v -0.098468 1.404631 0.134792
v -0.133025 1.282514 0.111815
v -0.128073 1.305123 0.124006
v -0.119730 1.330000 0.134650
v -0.108135 1.355509 0.142653
v -0.094149 1.379754 0.147421
v -0.079064 1.401228 0.149060
v -0.015887 1.401228 0.168561
v -0.002669 1.379754 0.175658
v 0.008639 1.404631 0.167853
v 0.011595 1.355509 0.179611
v 0.023494 1.381686 0.173595
v 0.034785 1.406526 0.163605
v 0.025926 1.330000 0.179611
v 0.038525 1.356191 0.175664
v 0.050430 1.382382 0.167446
v 0.060711 1.406526 0.155602
v 0.039261 1.305123 0.175658
v 0.052533 1.330000 0.173596
v 0.065145 1.356191 0.167447
v 0.076027 1.381686 0.157380
v 0.084492 1.404631 0.144439
v 0.050811 1.282514 0.168561
v 0.064546 1.305123 0.167854
v 0.077780 1.330000 0.163605
v 0.089374 1.355509 0.155602
v 0.098469 1.379754 0.144439
v 0.104771 1.401228 0.131316
v 0.143817 1.401228 0.080261
v 0.155007 1.379754 0.070512
v 0.150687 1.404631 0.057884
v 0.163371 1.355509 0.058846
v 0.161026 1.381686 0.046237
v 0.154513 1.406526 0.032949
v 0.167800 1.330000 0.045897
v 0.167742 1.356191 0.033295
v 0.163194 1.382382 0.020000
v 0.154513 1.406526 0.007051
v 0.167964 1.305123 0.032628
v 0.170000 1.330000 0.020000
v 0.167742 1.356191 0.006705
v 0.161026 1.381686 -0.006237
v 0.150687 1.404631 -0.017884
v 0.164428 1.282515 0.020000
v 0.167964 1.305123 0.007372
v 0.167800 1.330000 -0.005897
v 0.163371 1.355509 -0.018846
v 0.155007 1.379754 -0.030512
v 0.143817 1.401228 -0.040261
v 0.104771 1.401228 -0.091316
v 0.098469 1.379754 -0.104439
v 0.084492 1.404631 -0.104439
v 0.089375 1.355509 -0.115602
v 0.076027 1.381686 -0.117380
v 0.060711 1.406526 -0.115602
v 0.077780 1.330000 -0.123605
v 0.065145 1.356191 -0.127447
v 0.050430 1.382382 -0.127446
v 0.034785 1.406526 -0.123605
v 0.064546 1.305123 -0.127854
v 0.052533 1.330000 -0.133596
v 0.038525 1.356191 -0.135663
v 0.023494 1.381686 -0.133595
v 0.008639 1.404631 -0.127853
v 0.050811 1.282514 -0.128561
v 0.039261 1.305123 -0.135658
v 0.025927 1.330000 -0.139611
v 0.011595 1.355509 -0.139611
v -0.002669 1.379754 -0.135658
v -0.015887 1.401228 -0.128561
v -0.079064 1.401228 -0.109060
v -0.094149 1.379754 -0.107421
v -0.098468 1.404631 -0.094792
v -0.108135 1.355509 -0.102653
v -0.114039 1.381686 -0.091143
v -0.116992 1.406526 -0.076755
v -0.119730 1.330000 -0.094650
v -0.127480 1.356191 -0.084422
v -0.132027 1.382382 -0.071127
v -0.133016 1.406526 -0.055804
v -0.128073 1.305123 -0.084006
v -0.137533 1.330000 -0.074927
v -0.143932 1.356191 -0.062910
v -0.146507 1.381686 -0.048690
v -0.145349 1.404630 -0.033494
v -0.133025 1.282514 -0.071815
v -0.143699 1.305123 -0.063573
v -0.151777 1.330000 -0.052747
v -0.156206 1.355508 -0.039798
v -0.156656 1.379753 -0.025689
v -0.153636 1.401228 -0.011553
v -0.050811 1.377486 0.168561
v -0.064546 1.354877 0.167854
v -0.039261 1.354877 0.175658
v -0.077780 1.330000 0.163605
v -0.052533 1.330000 0.173596
v -0.025927 1.330000 0.179611
v -0.089375 1.304491 0.155602
v -0.065145 1.303809 0.167446
v -0.038525 1.303809 0.175663
v -0.011595 1.304491 0.179611
v -0.098469 1.280246 0.144439
v -0.076027 1.278314 0.157380
v -0.050430 1.277618 0.167446
v -0.023494 1.278314 0.173595
v 0.002669 1.280246 0.175658
v -0.104771 1.258772 0.131316
v -0.084492 1.255369 0.144439
v -0.060711 1.253474 0.155602
v -0.034785 1.253474 0.163605
v -0.008639 1.255369 0.167853
v 0.015887 1.258772 0.168561
v 0.133025 1.377486 0.111815
v 0.128073 1.354877 0.124006
v 0.143699 1.354877 0.103573
v 0.119730 1.330000 0.134650
v 0.137533 1.330000 0.114927
v 0.151777 1.330000 0.092747
v 0.108135 1.304491 0.142653
v 0.127480 1.303809 0.124422
v 0.143932 1.303809 0.102910
v 0.156205 1.304491 0.079798
v 0.094149 1.280246 0.147421
v 0.114039 1.278314 0.131143
v 0.132027 1.277618 0.111127
v 0.146507 1.278314 0.088690
v 0.156656 1.280246 0.065689
v 0.079064 1.258772 0.149060
v 0.098468 1.255369 0.134792
v 0.116992 1.253474 0.116756
v 0.133016 1.253474 0.095804
v 0.145348 1.255369 0.073494
v 0.153636 1.258772 0.051553
v 0.133025 1.377486 -0.071815
v 0.143699 1.354877 -0.063573
v 0.128073 1.354877 -0.084006
v 0.151777 1.330000 -0.052747
v 0.137533 1.330000 -0.074927
v 0.119730 1.330000 -0.094650
v 0.156205 1.304491 -0.039798
v 0.143932 1.303809 -0.062910
v 0.127480 1.303809 -0.084422
v 0.108135 1.304491 -0.102653
v 0.156656 1.280246 -0.025689
v 0.146507 1.278314 -0.048690
v 0.132027 1.277618 -0.071127
v 0.114039 1.278314 -0.091143
v 0.094149 1.280246 -0.107421
v 0.153636 1.258772 -0.011553
v 0.145348 1.255369 -0.033494
v 0.133016 1.253474 -0.055804
v 0.116992 1.253474 -0.076756
v 0.098468 1.255369 -0.094792
v 0.079064 1.258772 -0.109060
v -0.050811 1.377486 -0.128561
v -0.039261 1.354877 -0.135658
v -0.064546 1.354877 -0.127854
v -0.025927 1.330000 -0.139611
v -0.052533 1.330000 -0.133596
v -0.077780 1.330000 -0.123605
v -0.011595 1.304491 -0.139611
v -0.038525 1.303809 -0.135663
v -0.065145 1.303809 -0.127447
v -0.089375 1.304491 -0.115602
v 0.002669 1.280246 -0.135658
v -0.023494 1.278314 -0.133595
v -0.050430 1.277618 -0.127446
v -0.076027 1.278314 -0.117380
v -0.098469 1.280246 -0.104439
v 0.015887 1.258772 -0.128561
v -0.008639 1.255369 -0.127853
v -0.034785 1.253474 -0.123605
v -0.060711 1.253474 -0.115602
v -0.084492 1.255369 -0.104439
v -0.104771 1.258772 -0.091316
v -0.164428 1.377485 0.020000
v -0.167964 1.354877 0.007372
v -0.167964 1.354877 0.032628
v -0.167800 1.330000 -0.005897
v -0.170000 1.330000 0.020000
v -0.167800 1.330000 0.045897
v -0.163371 1.304491 -0.018846
v -0.167742 1.303809 0.006705
v -0.167742 1.303809 0.033295
v -0.163371 1.304491 0.058846
v -0.155007 1.280246 -0.030512
v -0.161026 1.278314 -0.006237
v -0.163194 1.277618 0.020000
v -0.161026 1.278314 0.046237
v -0.155007 1.280246 0.070512
v -0.143817 1.258772 -0.040261
v -0.150687 1.255369 -0.017884
v -0.154513 1.253474 0.007051
v -0.154513 1.253474 0.032949
v -0.150687 1.255369 0.057884
v -0.143817 1.258772 0.080261
v -0.098101 1.220356 0.111815
v -0.084492 1.199743 0.103573
v -0.077503 1.215118 0.124006
v -0.067876 1.180671 0.092746
v -0.061507 1.194685 0.114926
v -0.053545 1.212201 0.134650
v -0.049116 1.164906 0.079797
v -0.043072 1.176676 0.102909
v -0.035715 1.192863 0.124421
v -0.027619 1.212201 0.142653
v -0.029603 1.153620 0.065689
v -0.023493 1.162742 0.088689
v -0.016452 1.176676 0.111126
v -0.008974 1.194685 0.131142
v -0.001650 1.215118 0.147420
v -0.010792 1.146989 0.051553
v -0.004319 1.153620 0.073494
v 0.002737 1.164906 0.095803
v 0.009903 1.180671 0.116755
v 0.016646 1.199743 0.134792
v 0.022556 1.220356 0.149059
v 0.061602 1.220356 0.137007
v 0.057557 1.199743 0.122164
v 0.080172 1.215118 0.122164
v 0.051852 1.180671 0.103806
v 0.076026 1.194685 0.104905
v 0.098231 1.212201 0.103806
v 0.044687 1.164906 0.082854
v 0.069692 1.176676 0.084536
v 0.093502 1.192863 0.084536
v 0.114255 1.212201 0.082855
v 0.036592 1.153620 0.060865
v 0.061506 1.162742 0.062452
v 0.086144 1.176677 0.063024
v 0.108493 1.194685 0.062452
v 0.127052 1.215118 0.060865
v 0.028254 1.146989 0.039501
v 0.052219 1.153620 0.040433
v 0.076734 1.164907 0.040951
v 0.099923 1.180671 0.040951
v 0.120064 1.199744 0.040433
v 0.136174 1.220356 0.039501
v 0.136174 1.220356 0.000499
v 0.120064 1.199744 -0.000433
v 0.127052 1.215118 -0.020865
v 0.099923 1.180671 -0.000952
v 0.108493 1.194685 -0.022452
v 0.114255 1.212201 -0.042855
v 0.076734 1.164907 -0.000952
v 0.086144 1.176677 -0.023024
v 0.093502 1.192863 -0.044536
v 0.098231 1.212201 -0.063806
v 0.052219 1.153620 -0.000433
v 0.061506 1.162742 -0.022453
v 0.069692 1.176677 -0.044536
v 0.076026 1.194685 -0.064905
v 0.080172 1.215118 -0.082164
v 0.028254 1.146989 0.000499
v 0.036592 1.153620 -0.020866
v 0.044687 1.164906 -0.042855
v 0.051852 1.180671 -0.063806
v 0.057557 1.199743 -0.082164
v 0.061602 1.220356 -0.097007
v -0.122233 1.220356 0.080261
v -0.128072 1.215118 0.057884
v -0.109776 1.199743 0.070512
v -0.131324 1.212201 0.032949
v -0.114039 1.194685 0.046237
v -0.093803 1.180671 0.058846
v -0.131324 1.212201 0.007051
v -0.115574 1.192863 0.020000
v -0.096312 1.176677 0.033295
v -0.075042 1.164906 0.045897
v -0.128072 1.215118 -0.017884
v -0.114039 1.194685 -0.006237
v -0.096312 1.176677 0.006705
v -0.076026 1.162742 0.020000
v -0.054888 1.153620 0.032628
v -0.122233 1.220356 -0.040261
v -0.109776 1.199744 -0.030512
v -0.093803 1.180671 -0.018846
v -0.075042 1.164906 -0.005897
v -0.054888 1.153620 0.007372
v -0.034924 1.146989 0.020000
v 0.022556 1.220356 -0.109059
v 0.016645 1.199743 -0.094792
v -0.001651 1.215118 -0.107420
v 0.009902 1.180671 -0.076755
v -0.008974 1.194685 -0.091142
v -0.027619 1.212201 -0.102653
v 0.002737 1.164906 -0.055803
v -0.016453 1.176676 -0.071126
v -0.035715 1.192863 -0.084421
v -0.053545 1.212201 -0.094650
v -0.004319 1.153620 -0.033493
v -0.023494 1.162742 -0.048689
v -0.043073 1.176676 -0.062909
v -0.061507 1.194685 -0.074926
v -0.077504 1.215118 -0.084006
v -0.010792 1.146989 -0.011553
v -0.029604 1.153620 -0.025689
v -0.049116 1.164906 -0.039798
v -0.067877 1.180671 -0.052746
v -0.084492 1.199743 -0.063573
v -0.098101 1.220356 -0.071815
v -0.165000 1.208000 0.020000
v -0.182909 1.247800 0.001074
v -0.158159 1.247800 -0.010623
v -0.142863 1.247800 0.020000
v -0.158159 1.247800 0.050623
v -0.182909 1.247800 0.038926
v -0.171841 1.312200 -0.010623
v -0.147091 1.312200 0.001074
v -0.147091 1.312200 0.038926
v -0.171841 1.312200 0.050623
v -0.187137 1.312199 0.020000
v -0.165000 1.352000 0.020000
v -0.160979 1.218753 0.002000
v -0.175527 1.218753 0.008876
v -0.171506 1.242147 -0.009124
v -0.186054 1.242147 0.020000
v -0.175527 1.218753 0.031124
v -0.151988 1.218753 0.020000
v -0.147967 1.242147 0.002000
v -0.160979 1.218753 0.038000
v -0.147967 1.242147 0.038000
v -0.171506 1.242147 0.049124
v -0.188539 1.280000 0.008876
v -0.188539 1.280000 0.031124
v -0.165000 1.280000 -0.016000
v -0.179548 1.280000 -0.009125
v -0.141461 1.280000 0.008876
v -0.150452 1.280000 -0.009125
v -0.150452 1.280000 0.049125
v -0.141461 1.280000 0.031124
v -0.179548 1.280000 0.049125
v -0.165000 1.280000 0.056000
v -0.182033 1.317853 0.002000
v -0.158494 1.317853 -0.009124
v -0.143946 1.317853 0.020000
v -0.158494 1.317853 0.049124
v -0.182033 1.317853 0.038000
v -0.169021 1.341247 0.002000
v -0.178012 1.341247 0.020000
v -0.154473 1.341247 0.008876
v -0.154473 1.341247 0.031124
v -0.169021 1.341247 0.038000
v 0.165000 1.208000 0.020000
v 0.147091 1.247800 0.001074
v 0.171841 1.247800 -0.010623
v 0.187137 1.247800 0.020000
v 0.171841 1.247800 0.050623
v 0.147091 1.247800 0.038926
v 0.158159 1.312200 -0.010623
v 0.182909 1.312200 0.001074
v 0.182909 1.312200 0.038926
v 0.158159 1.312200 0.050623
v 0.142863 1.312199 0.020000
v 0.165000 1.352000 0.020000
v 0.169021 1.218753 0.002000
v 0.154473 1.218753 0.008876
v 0.158494 1.242147 -0.009124
v 0.143946 1.242147 0.020000
v 0.154473 1.218753 0.031124
v 0.178012 1.218753 0.020000
v 0.182033 1.242147 0.002000
v 0.169021 1.218753 0.038000
v 0.182033 1.242147 0.038000
v 0.158494 1.242147 0.049124
v 0.141461 1.280000 0.008876
v 0.141461 1.280000 0.031124
v 0.165000 1.280000 -0.016000
v 0.150452 1.280000 -0.009125
v 0.188539 1.280000 0.008876
v 0.179548 1.280000 -0.009125
v 0.179548 1.280000 0.049125
v 0.188539 1.280000 0.031124
v 0.150452 1.280000 0.049125
v 0.165000 1.280000 0.056000
v 0.147967 1.317853 0.002000
v 0.171506 1.317853 -0.009124
v 0.186054 1.317853 0.020000
v 0.171506 1.317853 0.049124
v 0.147967 1.317853 0.038000
v 0.160979 1.341247 0.002000
v 0.151988 1.341247 0.020000
v 0.175527 1.341247 0.008876
v 0.175527 1.341247 0.031124
v 0.160979 1.341247 0.038000
v 0.000000 1.426250 -0.020000
v -0.054271 1.478073 -0.059429
v 0.020729 1.478073 -0.083799
v 0.067082 1.478073 -0.020000
v 0.020729 1.478073 0.043799
v -0.054271 1.478073 0.019429
v -0.020729 1.561927 -0.083799
v 0.054271 1.561927 -0.059429
v 0.054271 1.561927 0.019429
v -0.020729 1.561927 0.043799
v -0.067082 1.561926 -0.020000
v 0.000000 1.613750 -0.020000
v 0.012184 1.440251 -0.057500
v -0.031899 1.440251 -0.043176
v -0.019715 1.470712 -0.080676
v -0.063799 1.470712 -0.020000
v -0.031899 1.440251 0.003176
v 0.039430 1.440251 -0.020000
v 0.051614 1.470712 -0.057500
v 0.012184 1.440251 0.017500
v 0.051614 1.470712 0.017500
v -0.019715 1.470712 0.040676
v -0.071329 1.520000 -0.043176
v -0.071329 1.520000 0.003176
v 0.000000 1.520000 -0.095000
v -0.044084 1.520000 -0.080676
v 0.071329 1.520000 -0.043176
v 0.044084 1.520000 -0.080676
v 0.044084 1.520000 0.040676
v 0.071329 1.520000 0.003176
v -0.044084 1.520000 0.040676
v 0.000000 1.520000 0.055000
v -0.051614 1.569288 -0.057500
v 0.019715 1.569288 -0.080676
v 0.063799 1.569288 -0.020000
v 0.019715 1.569288 0.040676
v -0.051614 1.569288 0.017500
v -0.012184 1.599749 -0.057500
v -0.039430 1.599749 -0.020000
v 0.031899 1.599749 -0.043176
v 0.031899 1.599749 0.003176
v -0.012184 1.599749 0.017500
v 0.000000 1.445000 0.038000
v 0.000000 1.475000 0.038000
v -0.029000 1.445000 0.030229
v -0.029000 1.475000 0.030229
v -0.050229 1.445000 0.009000
v -0.050229 1.475000 0.009000
v -0.058000 1.445000 -0.020000
v -0.058000 1.475000 -0.020000
v -0.050229 1.445000 -0.049000
v -0.050229 1.475000 -0.049000
v -0.029000 1.445000 -0.070229
v -0.029000 1.475000 -0.070229
v 0.000000 1.445000 -0.078000
v 0.000000 1.475000 -0.078000
v 0.029000 1.445000 -0.070229
v 0.029000 1.475000 -0.070229
v 0.050229 1.445000 -0.049000
v 0.050229 1.475000 -0.049000
v 0.058000 1.445000 -0.020000
v 0.058000 1.475000 -0.020000
v 0.050229 1.445000 0.009000
v 0.050229 1.475000 0.009000
v 0.029000 1.445000 0.030229
v 0.029000 1.475000 0.030229
v -0.040500 1.339500 0.146000
v -0.040500 1.350500 0.146000
v -0.040500 1.339500 0.164000
v -0.040500 1.350500 0.164000
v -0.095500 1.339500 0.146000
v -0.095500 1.350500 0.146000
v -0.095500 1.339500 0.164000
v -0.095500 1.350500 0.164000
v -0.038000 1.376000 0.150000
v -0.038000 1.394000 0.150000
v -0.038000 1.376000 0.166000
v -0.038000 1.394000 0.166000
v -0.098000 1.376000 0.150000
v -0.098000 1.394000 0.150000
v -0.098000 1.376000 0.166000
v -0.098000 1.394000 0.166000
v 0.095500 1.339500 0.146000
v 0.095500 1.350500 0.146000
v 0.095500 1.339500 0.164000
v 0.095500 1.350500 0.164000
v 0.040500 1.339500 0.146000
v 0.040500 1.350500 0.146000
v 0.040500 1.339500 0.164000
v 0.040500 1.350500 0.164000
v 0.098000 1.376000 0.150000
v 0.098000 1.394000 0.150000
v 0.098000 1.376000 0.166000
v 0.098000 1.394000 0.166000
v 0.038000 1.376000 0.150000
v 0.038000 1.394000 0.150000
v 0.038000 1.376000 0.166000
v 0.038000 1.394000 0.166000
v 0.000000 1.277000 0.185000
v -0.017367 1.295242 0.170805
v 0.006633 1.295242 0.162032
v 0.021466 1.295242 0.185000
v 0.006633 1.295242 0.207968
v -0.017367 1.295242 0.199195
v -0.006633 1.324758 0.162032
v 0.017367 1.324758 0.170805
v 0.017367 1.324758 0.199195
v -0.006633 1.324758 0.207968
v -0.021466 1.324758 0.185000
v 0.000000 1.343000 0.185000
v 0.003899 1.281928 0.171500
v -0.010208 1.281928 0.176657
v -0.006309 1.292651 0.163157
v -0.020416 1.292651 0.185000
v -0.010208 1.281928 0.193343
v 0.012618 1.281928 0.185000
v 0.016517 1.292651 0.171500
v 0.003899 1.281928 0.198500
v 0.016517 1.292651 0.198500
v -0.006309 1.292651 0.206843
v -0.022825 1.310000 0.176657
v -0.022825 1.310000 0.193343
v 0.000000 1.310000 0.158000
v -0.014107 1.310000 0.163157
v 0.022825 1.310000 0.176657
v 0.014107 1.310000 0.163157
v 0.014107 1.310000 0.206843
v 0.022825 1.310000 0.193343
v -0.014107 1.310000 0.206843
v 0.000000 1.310000 0.212000
v -0.016517 1.327349 0.171500
v 0.006309 1.327349 0.163157
v 0.020416 1.327349 0.185000
v 0.006309 1.327349 0.206843
v -0.016517 1.327349 0.198500
v -0.003899 1.338072 0.171500
v -0.012618 1.338071 0.185000
v 0.010208 1.338072 0.176657
v 0.010208 1.338072 0.193343
v -0.003899 1.338072 0.198500
v 0.000000 1.387000 0.172000
v -0.013025 1.396950 0.162537
v 0.004975 1.396950 0.156688
v 0.016100 1.396950 0.172000
v 0.004975 1.396950 0.187312
v -0.013025 1.396950 0.181463
v -0.004975 1.413050 0.156688
v 0.013025 1.413050 0.162537
v 0.013025 1.413050 0.181463
v -0.004975 1.413050 0.187312
v -0.016100 1.413050 0.172000
v 0.000000 1.423000 0.172000
v -0.018674 1.214203 0.214885
v -0.041869 1.302997 0.172427
v -0.039299 1.209939 0.212839
v -0.045306 1.302287 0.172086
v -0.042624 1.203038 0.193114
v -0.045860 1.301136 0.168799
v -0.024054 1.203038 0.182969
v -0.042765 1.301136 0.167108
v -0.009252 1.209939 0.196424
v -0.040298 1.302287 0.169350
v 0.018674 1.214203 0.214885
v 0.041869 1.302997 0.172427
v 0.009252 1.209939 0.196424
v 0.040298 1.302287 0.169350
v 0.024054 1.203038 0.182969
v 0.042765 1.301136 0.167108
v 0.042624 1.203038 0.193114
v 0.045860 1.301136 0.168799
v 0.039299 1.209939 0.212839
v 0.045306 1.302287 0.172086
v 0.000000 0.814093 0.298144
v 0.000000 1.247075 0.126518
v -0.060104 0.808660 0.273848
v -0.008485 1.246308 0.123088
v -0.085000 0.795544 0.215193
v -0.012000 1.244456 0.114807
v -0.060104 0.782427 0.156537
v -0.008485 1.242605 0.106526
v 0.000000 0.776994 0.132242
v 0.000000 1.241838 0.103096
v 0.060104 0.782427 0.156537
v 0.008485 1.242605 0.106526
v 0.085000 0.795544 0.215193
v 0.012000 1.244456 0.114807
v 0.060104 0.808660 0.273848
v 0.008485 1.246308 0.123088
v -0.037646 0.920937 0.227888
v -0.053931 1.208599 0.138395
v -0.079924 0.915446 0.208048
v -0.062387 1.207501 0.134427
v -0.073474 0.906561 0.162325
v -0.061097 1.205724 0.125282
v -0.027211 0.906561 0.153906
v -0.051844 1.205724 0.123599
v -0.005068 0.915446 0.194427
v -0.047416 1.207501 0.131703
v 0.037646 0.920937 0.227888
v 0.053931 1.208599 0.138395
v 0.005068 0.915446 0.194427
v 0.047416 1.207501 0.131703
v 0.027211 0.906561 0.153906
v 0.051844 1.205724 0.123599
v 0.073474 0.906561 0.162325
v 0.061097 1.205724 0.125282
v 0.079924 0.915446 0.208048
v 0.062387 1.207501 0.134427
v -0.243000 1.340000 -0.100000
v -0.240588 1.340000 -0.109000
v -0.234000 1.340000 -0.115588
v -0.225000 1.340000 -0.118000
v -0.216000 1.340000 -0.115588
v -0.209412 1.340000 -0.109000
v -0.207000 1.340000 -0.100000
v -0.209412 1.340000 -0.091000
v -0.216000 1.340000 -0.084412
v -0.225000 1.340000 -0.082000
v -0.234000 1.340000 -0.084412
v -0.240588 1.340000 -0.091000
v -0.240921 1.371718 -0.100000
v -0.238530 1.371403 -0.109000
v -0.231998 1.370543 -0.115588
v -0.223075 1.369368 -0.118000
v -0.214152 1.368194 -0.115588
v -0.207620 1.367334 -0.109000
v -0.205229 1.367019 -0.100000
v -0.207620 1.367334 -0.091000
v -0.214152 1.368194 -0.084412
v -0.223075 1.369368 -0.082000
v -0.231998 1.370543 -0.084412
v -0.238530 1.371403 -0.091000
v -0.234720 1.402893 -0.100000
v -0.232391 1.402269 -0.109000
v -0.226027 1.400564 -0.115588
v -0.217333 1.398234 -0.118000
v -0.208640 1.395905 -0.115588
v -0.202276 1.394200 -0.109000
v -0.199947 1.393576 -0.100000
v -0.202276 1.394200 -0.091000
v -0.208640 1.395905 -0.084412
v -0.217333 1.398234 -0.082000
v -0.226027 1.400564 -0.084412
v -0.232391 1.402269 -0.091000
v -0.224503 1.432992 -0.100000
v -0.222275 1.432069 -0.109000
v -0.216188 1.429548 -0.115588
v -0.207873 1.426104 -0.118000
v -0.199558 1.422660 -0.115588
v -0.193471 1.420138 -0.109000
v -0.191243 1.419215 -0.100000
v -0.193471 1.420138 -0.091000
v -0.199558 1.422660 -0.084412
v -0.207873 1.426104 -0.082000
v -0.216188 1.429548 -0.084412
v -0.222275 1.432069 -0.091000
v -0.210444 1.461500 -0.100000
v -0.208356 1.460294 -0.109000
v -0.202650 1.457000 -0.115588
v -0.194856 1.452500 -0.118000
v -0.187061 1.448000 -0.115588
v -0.181356 1.444706 -0.109000
v -0.179267 1.443500 -0.100000
v -0.181356 1.444706 -0.091000
v -0.187061 1.448000 -0.084412
v -0.194856 1.452500 -0.082000
v -0.202650 1.457000 -0.084412
v -0.208356 1.460294 -0.091000
v -0.192785 1.487929 -0.100000
v -0.190872 1.486461 -0.109000
v -0.185645 1.482450 -0.115588
v -0.178505 1.476971 -0.118000
v -0.171364 1.471493 -0.115588
v -0.166137 1.467482 -0.109000
v -0.164224 1.466014 -0.100000
v -0.166137 1.467482 -0.091000
v -0.171364 1.471493 -0.084412
v -0.178505 1.476971 -0.082000
v -0.185645 1.482450 -0.084412
v -0.190872 1.486461 -0.091000
v -0.171827 1.511827 -0.100000
v -0.170122 1.510122 -0.109000
v -0.165463 1.505463 -0.115588
v -0.159099 1.499099 -0.118000
v -0.152735 1.492735 -0.115588
v -0.148076 1.488076 -0.109000
v -0.146371 1.486371 -0.100000
v -0.148076 1.488076 -0.091000
v -0.152735 1.492735 -0.084412
v -0.159099 1.499099 -0.082000
v -0.165463 1.505463 -0.084412
v -0.170122 1.510122 -0.091000
v -0.147929 1.532785 -0.100000
v -0.146461 1.530872 -0.109000
v -0.142450 1.525645 -0.115588
v -0.136971 1.518505 -0.118000
v -0.131492 1.511364 -0.115588
v -0.127482 1.506137 -0.109000
v -0.126014 1.504224 -0.100000
v -0.127482 1.506137 -0.091000
v -0.131492 1.511364 -0.084412
v -0.136971 1.518505 -0.082000
v -0.142450 1.525645 -0.084412
v -0.146461 1.530872 -0.091000
v -0.121500 1.550444 -0.100000
v -0.120294 1.548356 -0.109000
v -0.117000 1.542650 -0.115588
v -0.112500 1.534856 -0.118000
v -0.108000 1.527061 -0.115588
v -0.104706 1.521356 -0.109000
v -0.103500 1.519267 -0.100000
v -0.104706 1.521356 -0.091000
v -0.108000 1.527061 -0.084412
v -0.112500 1.534856 -0.082000
v -0.117000 1.542650 -0.084412
v -0.120294 1.548356 -0.091000
v -0.092992 1.564503 -0.100000
v -0.092069 1.562275 -0.109000
v -0.089548 1.556188 -0.115588
v -0.086104 1.547873 -0.118000
v -0.082660 1.539558 -0.115588
v -0.080138 1.533471 -0.109000
v -0.079216 1.531243 -0.100000
v -0.080138 1.533471 -0.091000
v -0.082660 1.539558 -0.084412
v -0.086104 1.547873 -0.082000
v -0.089548 1.556188 -0.084412
v -0.092069 1.562275 -0.091000
v -0.062893 1.574720 -0.100000
v -0.062269 1.572391 -0.109000
v -0.060564 1.566027 -0.115588
v -0.058234 1.557333 -0.118000
v -0.055905 1.548640 -0.115588
v -0.054200 1.542276 -0.109000
v -0.053576 1.539947 -0.100000
v -0.054200 1.542276 -0.091000
v -0.055905 1.548640 -0.084412
v -0.058234 1.557333 -0.082000
v -0.060564 1.566027 -0.084412
v -0.062269 1.572391 -0.091000
v -0.031718 1.580921 -0.100000
v -0.031403 1.578530 -0.109000
v -0.030543 1.571998 -0.115588
v -0.029368 1.563075 -0.118000
v -0.028194 1.554152 -0.115588
v -0.027334 1.547620 -0.109000
v -0.027019 1.545229 -0.100000
v -0.027334 1.547620 -0.091000
v -0.028194 1.554152 -0.084412
v -0.029368 1.563075 -0.082000
v -0.030543 1.571998 -0.084412
v -0.031403 1.578530 -0.091000
v -0.000000 1.583000 -0.100000
v -0.000000 1.580588 -0.109000
v -0.000000 1.574000 -0.115588
v -0.000000 1.565000 -0.118000
v -0.000000 1.556000 -0.115588
v -0.000000 1.549412 -0.109000
v -0.000000 1.547000 -0.100000
v -0.000000 1.549412 -0.091000
v -0.000000 1.556000 -0.084412
v -0.000000 1.565000 -0.082000
v -0.000000 1.574000 -0.084412
v -0.000000 1.580588 -0.091000
v 0.031718 1.580921 -0.100000
v 0.031403 1.578530 -0.109000
v 0.030543 1.571998 -0.115588
v 0.029368 1.563075 -0.118000
v 0.028194 1.554152 -0.115588
v 0.027334 1.547620 -0.109000
v 0.027019 1.545229 -0.100000
v 0.027334 1.547620 -0.091000
v 0.028194 1.554152 -0.084412
v 0.029368 1.563075 -0.082000
v 0.030543 1.571998 -0.084412
v 0.031403 1.578530 -0.091000
v 0.062893 1.574720 -0.100000
v 0.062269 1.572391 -0.109000
v 0.060564 1.566027 -0.115588
v 0.058234 1.557333 -0.118000
v 0.055905 1.548640 -0.115588
v 0.054200 1.542276 -0.109000
v 0.053576 1.539947 -0.100000
v 0.054200 1.542276 -0.091000
v 0.055905 1.548640 -0.084412
v 0.058234 1.557333 -0.082000
v 0.060564 1.566027 -0.084412
v 0.062269 1.572391 -0.091000
v 0.092992 1.564503 -0.100000
v 0.092069 1.562275 -0.109000
v 0.089548 1.556188 -0.115588
v 0.086104 1.547873 -0.118000
v 0.082660 1.539558 -0.115588
v 0.080138 1.533471 -0.109000
v 0.079215 1.531243 -0.100000
v 0.080138 1.533471 -0.091000
v 0.082660 1.539558 -0.084412
v 0.086104 1.547873 -0.082000
v 0.089548 1.556188 -0.084412
v 0.092069 1.562275 -0.091000
v 0.121500 1.550444 -0.100000
v 0.120294 1.548356 -0.109000
v 0.117000 1.542650 -0.115588
v 0.112500 1.534856 -0.118000
v 0.108000 1.527062 -0.115588
v 0.104706 1.521356 -0.109000
v 0.103500 1.519267 -0.100000
v 0.104706 1.521356 -0.091000
v 0.108000 1.527062 -0.084412
v 0.112500 1.534856 -0.082000
v 0.117000 1.542650 -0.084412
v 0.120294 1.548356 -0.091000
v 0.147929 1.532785 -0.100000
v 0.146461 1.530872 -0.109000
v 0.142450 1.525645 -0.115588
v 0.136971 1.518505 -0.118000
v 0.131492 1.511364 -0.115588
v 0.127482 1.506137 -0.109000
v 0.126014 1.504224 -0.100000
v 0.127482 1.506137 -0.091000
v 0.131492 1.511364 -0.084412
v 0.136971 1.518505 -0.082000
v 0.142450 1.525645 -0.084412
v 0.146461 1.530872 -0.091000
v 0.171827 1.511827 -0.100000
v 0.170122 1.510122 -0.109000
v 0.165463 1.505463 -0.115588
v 0.159099 1.499099 -0.118000
v 0.152735 1.492735 -0.115588
v 0.148076 1.488076 -0.109000
v 0.146371 1.486371 -0.100000
v 0.148076 1.488076 -0.091000
v 0.152735 1.492735 -0.084412
v 0.159099 1.499099 -0.082000
v 0.165463 1.505463 -0.084412
v 0.170122 1.510122 -0.091000
v 0.192785 1.487929 -0.100000
v 0.190872 1.486461 -0.109000
v 0.185645 1.482450 -0.115588
v 0.178504 1.476971 -0.118000
v 0.171364 1.471493 -0.115588
v 0.166137 1.467482 -0.109000
v 0.164224 1.466014 -0.100000
v 0.166137 1.467482 -0.091000
v 0.171364 1.471493 -0.084412
v 0.178504 1.476971 -0.082000
v 0.185645 1.482450 -0.084412
v 0.190872 1.486461 -0.091000
v 0.210444 1.461500 -0.100000
v 0.208356 1.460294 -0.109000
v 0.202650 1.457000 -0.115588
v 0.194856 1.452500 -0.118000
v 0.187061 1.448000 -0.115588
v 0.181356 1.444706 -0.109000
v 0.179267 1.443500 -0.100000
v 0.181356 1.444706 -0.091000
v 0.187061 1.448000 -0.084412
v 0.194856 1.452500 -0.082000
v 0.202650 1.457000 -0.084412
v 0.208356 1.460294 -0.091000
v 0.224503 1.432992 -0.100000
v 0.222275 1.432069 -0.109000
v 0.216188 1.429548 -0.115588
v 0.207873 1.426104 -0.118000
v 0.199558 1.422660 -0.115588
v 0.193471 1.420138 -0.109000
v 0.191243 1.419216 -0.100000
v 0.193471 1.420138 -0.091000
v 0.199558 1.422660 -0.084412
v 0.207873 1.426104 -0.082000
v 0.216188 1.429548 -0.084412
v 0.222275 1.432069 -0.091000
v 0.234720 1.402893 -0.100000
v 0.232391 1.402269 -0.109000
v 0.226027 1.400564 -0.115588
v 0.217333 1.398234 -0.118000
v 0.208640 1.395905 -0.115588
v 0.202276 1.394200 -0.109000
v 0.199947 1.393576 -0.100000
v 0.202276 1.394200 -0.091000
v 0.208640 1.395905 -0.084412
v 0.217333 1.398234 -0.082000
v 0.226027 1.400564 -0.084412
v 0.232391 1.402269 -0.091000
v 0.240921 1.371718 -0.100000
v 0.238530 1.371403 -0.109000
v 0.231998 1.370543 -0.115588
v 0.223075 1.369368 -0.118000
v 0.214152 1.368194 -0.115588
v 0.207620 1.367334 -0.109000
v 0.205229 1.367019 -0.100000
v 0.207620 1.367334 -0.091000
v 0.214152 1.368194 -0.084412
v 0.223075 1.369368 -0.082000
v 0.231998 1.370543 -0.084412
v 0.238530 1.371403 -0.091000
v 0.243000 1.340000 -0.100000
v 0.240588 1.340000 -0.109000
v 0.234000 1.340000 -0.115588
v 0.225000 1.340000 -0.118000
v 0.216000 1.340000 -0.115588
v 0.209412 1.340000 -0.109000
v 0.207000 1.340000 -0.100000
v 0.209412 1.340000 -0.091000
v 0.216000 1.340000 -0.084412
v 0.225000 1.340000 -0.082000
v 0.234000 1.340000 -0.084412
v 0.240588 1.340000 -0.091000
v 0.240921 1.308282 -0.100000
v 0.238530 1.308597 -0.109000
v 0.231998 1.309457 -0.115588
v 0.223075 1.310632 -0.118000
v 0.214152 1.311806 -0.115588
v 0.207620 1.312666 -0.109000
v 0.205229 1.312981 -0.100000
v 0.207620 1.312666 -0.091000
v 0.214152 1.311806 -0.084412
v 0.223075 1.310632 -0.082000
v 0.231998 1.309457 -0.084412
v 0.238530 1.308597 -0.091000
v 0.234720 1.277107 -0.100000
v 0.232391 1.277731 -0.109000
v 0.226027 1.279436 -0.115588
v 0.217333 1.281766 -0.118000
v 0.208640 1.284095 -0.115588
v 0.202276 1.285800 -0.109000
v 0.199947 1.286425 -0.100000
v 0.202276 1.285800 -0.091000
v 0.208640 1.284095 -0.084412
v 0.217333 1.281766 -0.082000
v 0.226027 1.279436 -0.084412
v 0.232391 1.277731 -0.091000
v 0.224503 1.247008 -0.100000
v 0.222275 1.247931 -0.109000
v 0.216188 1.250452 -0.115588
v 0.207873 1.253896 -0.118000
v 0.199558 1.257340 -0.115588
v 0.193471 1.259862 -0.109000
v 0.191243 1.260785 -0.100000
v 0.193471 1.259862 -0.091000
v 0.199558 1.257340 -0.084412
v 0.207873 1.253896 -0.082000
v 0.216188 1.250452 -0.084412
v 0.222275 1.247931 -0.091000
v 0.210444 1.218500 -0.100000
v 0.208356 1.219706 -0.109000
v 0.202650 1.223000 -0.115588
v 0.194856 1.227500 -0.118000
v 0.187062 1.232000 -0.115588
v 0.181356 1.235294 -0.109000
v 0.179267 1.236500 -0.100000
v 0.181356 1.235294 -0.091000
v 0.187062 1.232000 -0.084412
v 0.194856 1.227500 -0.082000
v 0.202650 1.223000 -0.084412
v 0.208356 1.219706 -0.091000
v 0.192785 1.192071 -0.100000
v 0.190872 1.193539 -0.109000
v 0.185645 1.197550 -0.115588
v 0.178504 1.203029 -0.118000
v 0.171364 1.208508 -0.115588
v 0.166137 1.212518 -0.109000
v 0.164224 1.213986 -0.100000
v 0.166137 1.212518 -0.091000
v 0.171364 1.208508 -0.084412
v 0.178504 1.203029 -0.082000
v 0.185645 1.197550 -0.084412
v 0.190872 1.193539 -0.091000
v 0.171827 1.168173 -0.100000
v 0.170122 1.169878 -0.109000
v 0.165463 1.174537 -0.115588
v 0.159099 1.180901 -0.118000
v 0.152735 1.187265 -0.115588
v 0.148076 1.191924 -0.109000
v 0.146371 1.193629 -0.100000
v 0.148076 1.191924 -0.091000
v 0.152735 1.187265 -0.084412
v 0.159099 1.180901 -0.082000
v 0.165463 1.174537 -0.084412
v 0.170122 1.169878 -0.091000
v 0.147929 1.147215 -0.100000
v 0.146461 1.149128 -0.109000
v 0.142450 1.154355 -0.115588
v 0.136971 1.161496 -0.118000
v 0.131493 1.168636 -0.115588
v 0.127482 1.173863 -0.109000
v 0.126014 1.175776 -0.100000
v 0.127482 1.173863 -0.091000
v 0.131493 1.168636 -0.084412
v 0.136971 1.161496 -0.082000
v 0.142450 1.154355 -0.084412
v 0.146461 1.149128 -0.091000
v 0.121500 1.129556 -0.100000
v 0.120294 1.131644 -0.109000
v 0.117000 1.137350 -0.115588
v 0.112500 1.145144 -0.118000
v 0.108000 1.152938 -0.115588
v 0.104706 1.158644 -0.109000
v 0.103500 1.160733 -0.100000
v 0.104706 1.158644 -0.091000
v 0.108000 1.152938 -0.084412
v 0.112500 1.145144 -0.082000
v 0.117000 1.137350 -0.084412
v 0.120294 1.131644 -0.091000
v 0.092992 1.115497 -0.100000
v 0.092069 1.117725 -0.109000
v 0.089548 1.123812 -0.115588
v 0.086104 1.132127 -0.118000
v 0.082660 1.140442 -0.115588
v 0.080138 1.146529 -0.109000
v 0.079215 1.148757 -0.100000
v 0.080138 1.146529 -0.091000
v 0.082660 1.140442 -0.084412
v 0.086104 1.132127 -0.082000
v 0.089548 1.123812 -0.084412
v 0.092069 1.117725 -0.091000
v 0.062893 1.105280 -0.100000
v 0.062269 1.107610 -0.109000
v 0.060564 1.113973 -0.115588
v 0.058234 1.122667 -0.118000
v 0.055905 1.131360 -0.115588
v 0.054200 1.137724 -0.109000
v 0.053576 1.140053 -0.100000
v 0.054200 1.137724 -0.091000
v 0.055905 1.131360 -0.084412
v 0.058234 1.122667 -0.082000
v 0.060564 1.113973 -0.084412
v 0.062269 1.107610 -0.091000
v 0.031718 1.099079 -0.100000
v 0.031403 1.101470 -0.109000
v 0.030543 1.108002 -0.115588
v 0.029369 1.116925 -0.118000
v 0.028194 1.125848 -0.115588
v 0.027334 1.132380 -0.109000
v 0.027019 1.134771 -0.100000
v 0.027334 1.132380 -0.091000
v 0.028194 1.125848 -0.084412
v 0.029369 1.116925 -0.082000
v 0.030543 1.108002 -0.084412
v 0.031403 1.101470 -0.091000
v -0.000000 1.097000 -0.100000
v -0.000000 1.099412 -0.109000
v -0.000000 1.106000 -0.115588
v -0.000000 1.115000 -0.118000
v -0.000000 1.124000 -0.115588
v -0.000000 1.130589 -0.109000
v -0.000000 1.133000 -0.100000
v -0.000000 1.130589 -0.091000
v -0.000000 1.124000 -0.084412
v -0.000000 1.115000 -0.082000
v -0.000000 1.106000 -0.084412
v -0.000000 1.099412 -0.091000
v -0.031718 1.099079 -0.100000
v -0.031403 1.101470 -0.109000
v -0.030543 1.108002 -0.115588
v -0.029368 1.116925 -0.118000
v -0.028194 1.125848 -0.115588
v -0.027334 1.132380 -0.109000
v -0.027019 1.134771 -0.100000
v -0.027334 1.132380 -0.091000
v -0.028194 1.125848 -0.084412
v -0.029368 1.116925 -0.082000
v -0.030543 1.108002 -0.084412
v -0.031403 1.101470 -0.091000
v -0.062893 1.105280 -0.100000
v -0.062269 1.107609 -0.109000
v -0.060564 1.113973 -0.115588
v -0.058234 1.122667 -0.118000
v -0.055905 1.131360 -0.115588
v -0.054200 1.137724 -0.109000
v -0.053575 1.140053 -0.100000
v -0.054200 1.137724 -0.091000
v -0.055905 1.131360 -0.084412
v -0.058234 1.122667 -0.082000
v -0.060564 1.113973 -0.084412
v -0.062269 1.107609 -0.091000
v -0.092992 1.115497 -0.100000
v -0.092069 1.117725 -0.109000
v -0.089548 1.123812 -0.115588
v -0.086104 1.132127 -0.118000
v -0.082660 1.140442 -0.115588
v -0.080138 1.146529 -0.109000
v -0.079216 1.148757 -0.100000
v -0.080138 1.146529 -0.091000
v -0.082660 1.140442 -0.084412
v -0.086104 1.132127 -0.082000
v -0.089548 1.123812 -0.084412
v -0.092069 1.117725 -0.091000
v -0.121500 1.129556 -0.100000
v -0.120294 1.131644 -0.109000
v -0.117000 1.137350 -0.115588
v -0.112500 1.145144 -0.118000
v -0.108000 1.152939 -0.115588
v -0.104706 1.158644 -0.109000
v -0.103500 1.160733 -0.100000
v -0.104706 1.158644 -0.091000
v -0.108000 1.152939 -0.084412
v -0.112500 1.145144 -0.082000
v -0.117000 1.137350 -0.084412
v -0.120294 1.131644 -0.091000
v -0.147929 1.147215 -0.100000
v -0.146461 1.149128 -0.109000
v -0.142450 1.154355 -0.115588
v -0.136971 1.161495 -0.118000
v -0.131492 1.168636 -0.115588
v -0.127482 1.173863 -0.109000
v -0.126014 1.175776 -0.100000
v -0.127482 1.173863 -0.091000
v -0.131492 1.168636 -0.084412
v -0.136971 1.161495 -0.082000
v -0.142450 1.154355 -0.084412
v -0.146461 1.149128 -0.091000
v -0.171827 1.168173 -0.100000
v -0.170122 1.169878 -0.109000
v -0.165463 1.174537 -0.115588
v -0.159099 1.180901 -0.118000
v -0.152735 1.187265 -0.115588
v -0.148076 1.191924 -0.109000
v -0.146371 1.193629 -0.100000
v -0.148076 1.191924 -0.091000
v -0.152735 1.187265 -0.084412
v -0.159099 1.180901 -0.082000
v -0.165463 1.174537 -0.084412
v -0.170122 1.169878 -0.091000
v -0.192785 1.192071 -0.100000
v -0.190872 1.193539 -0.109000
v -0.185645 1.197550 -0.115588
v -0.178505 1.203029 -0.118000
v -0.171364 1.208508 -0.115588
v -0.166137 1.212518 -0.109000
v -0.164224 1.213986 -0.100000
v -0.166137 1.212518 -0.091000
v -0.171364 1.208508 -0.084412
v -0.178505 1.203029 -0.082000
v -0.185645 1.197550 -0.084412
v -0.190872 1.193539 -0.091000
v -0.210444 1.218500 -0.100000
v -0.208356 1.219706 -0.109000
v -0.202650 1.223000 -0.115588
v -0.194856 1.227500 -0.118000
v -0.187061 1.232000 -0.115588
v -0.181356 1.235294 -0.109000
v -0.179267 1.236500 -0.100000
v -0.181356 1.235294 -0.091000
v -0.187061 1.232000 -0.084412
v -0.194856 1.227500 -0.082000
v -0.202650 1.223000 -0.084412
v -0.208356 1.219706 -0.091000
v -0.224503 1.247008 -0.100000
v -0.222275 1.247931 -0.109000
v -0.216188 1.250452 -0.115588
v -0.207873 1.253896 -0.118000
v -0.199558 1.257340 -0.115588
v -0.193471 1.259862 -0.109000
v -0.191243 1.260785 -0.100000
v -0.193471 1.259862 -0.091000
v -0.199558 1.257340 -0.084412
v -0.207873 1.253896 -0.082000
v -0.216188 1.250452 -0.084412
v -0.222275 1.247931 -0.091000
v -0.234720 1.277107 -0.100000
v -0.232391 1.277731 -0.109000
v -0.226027 1.279436 -0.115588
v -0.217333 1.281766 -0.118000
v -0.208640 1.284095 -0.115588
v -0.202276 1.285800 -0.109000
v -0.199947 1.286425 -0.100000
v -0.202276 1.285800 -0.091000
v -0.208640 1.284095 -0.084412
v -0.217333 1.281766 -0.082000
v -0.226027 1.279436 -0.084412
v -0.232391 1.277731 -0.091000
v -0.240921 1.308282 -0.100000
v -0.238530 1.308597 -0.109000
v -0.231998 1.309457 -0.115588
v -0.223075 1.310632 -0.118000
v -0.214152 1.311806 -0.115588
v -0.207620 1.312666 -0.109000
v -0.205229 1.312981 -0.100000
v -0.207620 1.312666 -0.091000
v -0.214152 1.311806 -0.084412
v -0.223075 1.310632 -0.082000
v -0.231998 1.309457 -0.084412
v -0.238530 1.308597 -0.091000
vn -0.000000 -0.653200 0.757200
vn -0.000000 0.653200 0.757200
vn -0.378600 -0.653200 0.655700
vn -0.378600 0.653200 0.655700
vn -0.655700 -0.653200 0.378600
vn -0.655700 0.653200 0.378600
vn -0.757200 -0.653200 0.000000
vn -0.757200 0.653200 0.000000
vn -0.655700 -0.653200 -0.378600
vn -0.655700 0.653200 -0.378600
vn -0.378600 -0.653200 -0.655700
vn -0.378600 0.653200 -0.655700
vn -0.000000 -0.653200 -0.757200
vn -0.000000 0.653200 -0.757200
vn 0.378600 -0.653200 -0.655700
vn 0.378600 0.653200 -0.655700
vn 0.655700 -0.653200 -0.378600
vn 0.655700 0.653200 -0.378600
vn 0.757200 -0.653200 0.000000
vn 0.757200 0.653200 0.000000
vn 0.655700 -0.653200 0.378600
vn 0.655700 0.653200 0.378600
vn 0.378600 -0.653200 0.655700
vn 0.378600 0.653200 0.655700
vn -0.314600 -0.949200 -0.003400
vn 0.018000 -0.742500 -0.669600
vn 0.231800 -0.920700 0.314000
vn -0.205200 -0.619100 0.758000
vn -0.735800 -0.600000 0.314000
vn -0.457900 -0.584800 -0.669600
vn 0.735800 0.600000 -0.314000
vn 0.457900 0.584800 0.669600
vn -0.018000 0.742500 0.669600
vn -0.231800 0.920700 -0.314000
vn 0.205200 0.619100 -0.758000
vn 0.314600 0.949200 0.003400
vn -0.175500 -0.980100 0.092300
vn -0.224100 -0.944200 -0.241400
vn 0.135500 -0.952800 -0.271600
vn -0.230400 -0.695300 -0.680800
vn -0.384100 -0.891200 -0.241400
vn -0.300900 -0.908000 0.291700
vn -0.034000 -0.800300 0.598600
vn -0.444500 -0.891000 0.092300
vn -0.450600 -0.662200 0.598600
vn -0.677700 -0.683300 -0.271600
vn 0.156100 -0.047900 -0.986600
vn -0.153800 0.054800 -0.986600
vn 0.949200 -0.314600 0.000000
vn 0.575000 -0.204900 -0.792100
vn 0.153800 -0.054800 0.986600
vn 0.583500 -0.179000 0.792100
vn -0.575000 0.204900 0.792100
vn -0.156100 0.047900 0.986600
vn -0.583500 0.179000 -0.792100
vn -0.949200 0.314600 0.000000
vn 0.450600 0.662200 -0.598600
vn 0.677700 0.683300 0.271600
vn 0.230400 0.695300 0.680800
vn -0.135500 0.952800 0.271600
vn 0.034000 0.800300 -0.598600
vn 0.444500 0.891000 -0.092300
vn 0.300900 0.908000 -0.291700
vn 0.384100 0.891200 0.241400
vn 0.224100 0.944200 0.241400
vn 0.175500 0.980100 -0.092300
vn -0.256500 -0.949200 0.182100
vn -0.379000 -0.742500 -0.552300
vn 0.372100 -0.920700 0.117800
vn 0.279600 -0.619100 0.733800
vn -0.410700 -0.600000 0.686500
vn -0.764000 -0.584800 -0.272500
vn 0.410700 0.600000 -0.686500
vn 0.764000 0.584800 0.272500
vn 0.379000 0.742500 0.552300
vn -0.372100 0.920700 -0.117800
vn -0.279600 0.619100 -0.733800
vn 0.256500 0.949200 -0.182100
vn -0.087800 -0.980100 0.177800
vn -0.323200 -0.944200 -0.063600
vn -0.050000 -0.952800 -0.299400
vn -0.586600 -0.695300 -0.415300
vn -0.452700 -0.891200 0.030400
vn -0.072000 -0.908000 0.412800
vn 0.324300 -0.800300 0.504300
vn -0.305400 -0.891000 0.336000
vn -0.012700 -0.662200 0.749200
vn -0.707900 -0.683300 0.178700
vn -0.453600 -0.047900 -0.889900
vn -0.704300 0.054800 -0.707700
vn 0.767900 -0.314600 -0.557900
vn -0.000400 -0.204900 -0.978800
vn 0.704300 -0.054800 0.707700
vn 0.937700 -0.179000 0.297800
vn 0.000400 0.204900 0.978800
vn 0.453600 0.047900 0.889900
vn -0.937700 0.179000 -0.297800
vn -0.767900 0.314600 0.557900
vn 0.012700 0.662200 -0.749200
vn 0.707900 0.683300 -0.178700
vn 0.586600 0.695300 0.415300
vn 0.050000 0.952800 0.299400
vn -0.324300 0.800300 -0.504300
vn 0.305400 0.891000 -0.336000
vn 0.072000 0.908000 -0.412800
vn 0.452700 0.891200 -0.030400
vn 0.323200 0.944200 0.063600
vn 0.087800 0.980100 -0.177800
vn -0.100500 -0.949200 0.298100
vn -0.631200 -0.742500 -0.224000
vn 0.370300 -0.920700 -0.123400
vn 0.657500 -0.619100 0.429400
vn 0.071300 -0.600000 0.796800
vn -0.778300 -0.584800 0.228600
vn -0.071300 0.600000 -0.796800
vn 0.778300 0.584800 -0.228600
vn 0.631200 0.742500 0.224000
vn -0.370300 0.920700 0.123400
vn -0.657500 0.619100 -0.429400
vn 0.100500 0.949200 -0.298100
vn 0.033500 -0.980100 0.195400
vn -0.298900 -0.944200 0.138500
vn -0.216400 -0.952800 -0.212800
vn -0.718600 -0.695300 0.008800
vn -0.348300 -0.891200 0.290700
vn 0.184400 -0.908000 0.376300
vn 0.558800 -0.800300 0.217400
vn -0.049600 -0.891000 0.451300
vn 0.430100 -0.662200 0.613600
vn -0.467700 -0.683300 0.560700
vn -0.890100 -0.047900 -0.453300
vn -0.985800 0.054800 -0.158600
vn 0.293300 -0.314600 -0.902800
vn -0.575700 -0.204900 -0.791600
vn 0.985800 -0.054800 0.158600
vn 0.933700 -0.179000 -0.310200
vn 0.575700 0.204900 0.791600
vn 0.890100 0.047900 0.453300
vn -0.933700 0.179000 0.310200
vn -0.293300 0.314600 0.902800
vn -0.430100 0.662200 -0.613600
vn 0.467700 0.683300 -0.560700
vn 0.718600 0.695300 -0.008800
vn 0.216400 0.952800 0.212800
vn -0.558800 0.800300 -0.217400
vn 0.049600 0.891000 -0.451300
vn -0.184400 0.908000 -0.376300
vn 0.348300 0.891200 -0.290700
vn 0.298900 0.944200 -0.138500
vn -0.033500 0.980100 -0.195400
vn 0.093900 -0.949200 0.300200
vn -0.642400 -0.742500 0.189800
vn 0.227000 -0.920700 -0.317500
vn 0.784300 -0.619100 -0.039100
vn 0.526000 -0.600000 0.602700
vn -0.495300 -0.584800 0.642400
vn -0.526000 0.600000 -0.602700
vn 0.495300 0.584800 -0.642400
vn 0.642400 0.742500 -0.189800
vn -0.227000 0.920700 0.317500
vn -0.784300 0.619100 0.039100
vn -0.093900 0.949200 -0.300200
vn 0.142000 -0.980100 0.138400
vn -0.160400 -0.944200 0.287700
vn -0.300200 -0.952800 -0.045000
vn -0.576200 -0.695300 0.429500
vn -0.110900 -0.891200 0.439900
vn 0.370400 -0.908000 0.196000
vn 0.579900 -0.800300 -0.152600
vn 0.225100 -0.891000 0.394300
vn 0.708600 -0.662200 0.243600
vn -0.048800 -0.683300 0.728500
vn -0.986500 -0.047900 0.156400
vn -0.890800 0.054800 0.451200
vn -0.293300 -0.314600 -0.902800
vn -0.931000 -0.204900 -0.302000
vn 0.890800 -0.054800 -0.451200
vn 0.573000 -0.179000 -0.799700
vn 0.931000 0.204900 0.302000
vn 0.986500 0.047900 -0.156400
vn -0.573000 0.179000 0.799700
vn 0.293300 0.314600 0.902800
vn -0.708600 0.662200 -0.243600
vn 0.048800 0.683300 -0.728500
vn 0.576200 0.695300 -0.429500
vn 0.300200 0.952800 0.045000
vn -0.579900 0.800300 0.152600
vn -0.225100 0.891000 -0.394300
vn -0.370400 0.908000 -0.196000
vn 0.110900 0.891200 -0.439900
vn 0.160400 0.944200 -0.287700
vn -0.142000 0.980100 -0.138400
vn 0.252500 -0.949200 0.187700
vn -0.408100 -0.742500 0.531100
vn -0.003000 -0.920700 -0.390300
vn 0.611500 -0.619100 -0.492600
vn 0.779800 -0.600000 0.178400
vn -0.023100 -0.584800 0.810800
vn -0.779800 0.600000 -0.178400
vn 0.023100 0.584800 -0.810800
vn 0.408100 0.742500 -0.531100
vn 0.003000 0.920700 0.390300
vn -0.611500 0.619100 0.492600
vn -0.252500 0.949200 -0.187700
vn 0.196200 -0.980100 0.028500
vn 0.039400 -0.944200 0.327000
vn -0.269300 -0.952800 0.140000
vn -0.213700 -0.695300 0.686200
vn 0.168800 -0.891200 0.421100
vn 0.414900 -0.908000 -0.059100
vn 0.379400 -0.800300 -0.464300
vn 0.413900 -0.891000 0.186600
vn 0.716400 -0.662200 -0.219400
vn 0.388700 -0.683300 0.618100
vn -0.706200 -0.047900 0.706400
vn -0.455500 0.054800 0.888600
vn -0.767900 -0.314600 -0.557900
vn -0.930700 -0.204900 0.302900
vn 0.455500 -0.054800 -0.888600
vn -0.006500 -0.179000 -0.983800
vn 0.930700 0.204900 -0.302900
vn 0.706200 0.047900 -0.706400
vn 0.006500 0.179000 0.983800
vn 0.767900 0.314600 0.557900
vn -0.716400 0.662200 0.219400
vn -0.388700 0.683300 -0.618100
vn 0.213700 0.695300 -0.686200
vn 0.269300 0.952800 -0.140000
vn -0.379400 0.800300 0.464300
vn -0.413900 0.891000 -0.186600
vn -0.414900 0.908000 0.059100
vn -0.168800 0.891200 -0.421100
vn -0.039400 0.944200 -0.327000
vn -0.196200 0.980100 -0.028500
vn 0.314600 -0.949200 0.003400
vn -0.018000 -0.742500 0.669600
vn -0.231800 -0.920700 -0.314000
vn 0.205200 -0.619100 -0.758000
vn 0.735800 -0.600000 -0.314000
vn 0.457900 -0.584800 0.669600
vn -0.735800 0.600000 0.314000
vn -0.457900 0.584800 -0.669600
vn 0.018000 0.742500 -0.669600
vn 0.231800 0.920700 0.314000
vn -0.205200 0.619100 0.758000
vn -0.314600 0.949200 -0.003400
vn 0.175500 -0.980100 -0.092300
vn 0.224100 -0.944200 0.241400
vn -0.135500 -0.952800 0.271600
vn 0.230400 -0.695300 0.680800
vn 0.384100 -0.891200 0.241400
vn 0.300900 -0.908000 -0.291700
vn 0.034000 -0.800300 -0.598600
vn 0.444500 -0.891000 -0.092300
vn 0.450600 -0.662200 -0.598600
vn 0.677700 -0.683300 0.271600
vn -0.156100 -0.047900 0.986600
vn 0.153800 0.054800 0.986600
vn -0.949200 -0.314600 0.000000
vn -0.575000 -0.204900 0.792100
vn -0.153800 -0.054800 -0.986600
vn -0.583500 -0.179000 -0.792100
vn 0.575000 0.204900 -0.792100
vn 0.156100 0.047900 -0.986600
vn 0.583500 0.179000 0.792100
vn 0.949200 0.314600 0.000000
vn -0.450600 0.662200 0.598600
vn -0.677700 0.683300 -0.271600
vn -0.230400 0.695300 -0.680800
vn 0.135500 0.952800 -0.271600
vn -0.034000 0.800300 0.598600
vn -0.444500 0.891000 0.092300
vn -0.300900 0.908000 0.291700
vn -0.384100 0.891200 -0.241400
vn -0.224100 0.944200 -0.241400
vn -0.175500 0.980100 0.092300
vn 0.256500 -0.949200 -0.182100
vn 0.379000 -0.742500 0.552300
vn -0.372100 -0.920700 -0.117800
vn -0.279600 -0.619100 -0.733800
vn 0.410700 -0.600000 -0.686500
vn 0.764000 -0.584800 0.272500
vn -0.410700 0.600000 0.686500
vn -0.764000 0.584800 -0.272500
vn -0.379000 0.742500 -0.552300
vn 0.372100 0.920700 0.117800
vn 0.279600 0.619100 0.733800
vn -0.256500 0.949200 0.182100
vn 0.087800 -0.980100 -0.177800
vn 0.323200 -0.944200 0.063600
vn 0.050000 -0.952800 0.299400
vn 0.586600 -0.695300 0.415300
vn 0.452700 -0.891200 -0.030400
vn 0.072000 -0.908000 -0.412800
vn -0.324300 -0.800300 -0.504300
vn 0.305400 -0.891000 -0.336000
vn 0.012700 -0.662200 -0.749200
vn 0.707900 -0.683300 -0.178700
vn 0.453600 -0.047900 0.889900
vn 0.704300 0.054800 0.707700
vn -0.767900 -0.314600 0.557900
vn 0.000400 -0.204900 0.978800
vn -0.704300 -0.054800 -0.707700
vn -0.937700 -0.179000 -0.297800
vn -0.000400 0.204900 -0.978800
vn -0.453600 0.047900 -0.889900
vn 0.937700 0.179000 0.297800
vn 0.767900 0.314600 -0.557900
vn -0.012700 0.662200 0.749200
vn -0.707900 0.683300 0.178700
vn -0.586600 0.695300 -0.415300
vn -0.050000 0.952800 -0.299400
vn 0.324300 0.800300 0.504300
vn -0.305400 0.891000 0.336000
vn -0.072000 0.908000 0.412800
vn -0.452700 0.891200 0.030400
vn -0.323200 0.944200 -0.063600
vn -0.087800 0.980100 0.177800
vn 0.100500 -0.949200 -0.298100
vn 0.631200 -0.742500 0.224000
vn -0.370300 -0.920700 0.123400
vn -0.657500 -0.619100 -0.429400
vn -0.071300 -0.600000 -0.796800
vn 0.778300 -0.584800 -0.228600
vn 0.071300 0.600000 0.796800
vn -0.778300 0.584800 0.228600
vn -0.631200 0.742500 -0.224000
vn 0.370300 0.920700 -0.123400
vn 0.657500 0.619100 0.429400
vn -0.100500 0.949200 0.298100
vn -0.033500 -0.980100 -0.195400
vn 0.298900 -0.944200 -0.138500
vn 0.216400 -0.952800 0.212800
vn 0.718600 -0.695300 -0.008800
vn 0.348300 -0.891200 -0.290700
vn -0.184400 -0.908000 -0.376300
vn -0.558800 -0.800300 -0.217400
vn 0.049600 -0.891000 -0.451300
vn -0.430100 -0.662200 -0.613600
vn 0.467700 -0.683300 -0.560700
vn 0.890100 -0.047900 0.453300
vn 0.985800 0.054800 0.158600
vn -0.293300 -0.314600 0.902800
vn 0.575700 -0.204900 0.791600
vn -0.985800 -0.054800 -0.158600
vn -0.933700 -0.179000 0.310200
vn -0.575700 0.204900 -0.791600
vn -0.890100 0.047900 -0.453300
vn 0.933700 0.179000 -0.310200
vn 0.293300 0.314600 -0.902800
vn 0.430100 0.662200 0.613600
vn -0.467700 0.683300 0.560700
vn -0.718600 0.695300 0.008800
vn -0.216400 0.952800 -0.212800
vn 0.558800 0.800300 0.217400
vn -0.049600 0.891000 0.451300
vn 0.184400 0.908000 0.376300
vn -0.348300 0.891200 0.290700
vn -0.298900 0.944200 0.138500
vn 0.033500 0.980100 0.195400
vn -0.093900 -0.949200 -0.300200
vn 0.642400 -0.742500 -0.189800
vn -0.227000 -0.920700 0.317500
vn -0.784300 -0.619100 0.039100
vn -0.526000 -0.600000 -0.602700
vn 0.495300 -0.584800 -0.642400
vn 0.526000 0.600000 0.602700
vn -0.495300 0.584800 0.642400
vn -0.642400 0.742500 0.189800
vn 0.227000 0.920700 -0.317500
vn 0.784300 0.619100 -0.039100
vn 0.093900 0.949200 0.300200
vn -0.142000 -0.980100 -0.138400
vn 0.160400 -0.944200 -0.287700
vn 0.300200 -0.952800 0.045000
vn 0.576200 -0.695300 -0.429500
vn 0.110900 -0.891200 -0.439900
vn -0.370400 -0.908000 -0.196000
vn -0.579900 -0.800300 0.152600
vn -0.225100 -0.891000 -0.394300
vn -0.708600 -0.662200 -0.243600
vn 0.048800 -0.683300 -0.728500
vn 0.986500 -0.047900 -0.156400
vn 0.890800 0.054800 -0.451200
vn 0.293300 -0.314600 0.902800
vn 0.931000 -0.204900 0.302000
vn -0.890800 -0.054800 0.451200
vn -0.573000 -0.179000 0.799700
vn -0.931000 0.204900 -0.302000
vn -0.986500 0.047900 0.156400
vn 0.573000 0.179000 -0.799700
vn -0.293300 0.314600 -0.902800
vn 0.708600 0.662200 0.243600
vn -0.048800 0.683300 0.728500
vn -0.576200 0.695300 0.429500
vn -0.300200 0.952800 -0.045000
vn 0.579900 0.800300 -0.152600
vn 0.225100 0.891000 0.394300
vn 0.370400 0.908000 0.196000
vn -0.110900 0.891200 0.439900
vn -0.160400 0.944200 0.287700
vn 0.142000 0.980100 0.138400
vn -0.252500 -0.949200 -0.187700
vn 0.408100 -0.742500 -0.531100
vn 0.003000 -0.920700 0.390300
vn -0.611500 -0.619100 0.492600
vn -0.779800 -0.600000 -0.178400
vn 0.023100 -0.584800 -0.810800
vn 0.779800 0.600000 0.178400
vn -0.023100 0.584800 0.810800
vn -0.408100 0.742500 0.531100
vn -0.003000 0.920700 -0.390300
vn 0.611500 0.619100 -0.492600
vn 0.252500 0.949200 0.187700
vn -0.196200 -0.980100 -0.028500
vn -0.039400 -0.944200 -0.327000
vn 0.269300 -0.952800 -0.140000
vn 0.213700 -0.695300 -0.686200
vn -0.168800 -0.891200 -0.421100
vn -0.414900 -0.908000 0.059100
vn -0.379400 -0.800300 0.464300
vn -0.413900 -0.891000 -0.186600
vn -0.716400 -0.662200 0.219400
vn -0.388700 -0.683300 -0.618100
vn 0.706200 -0.047900 -0.706400
vn 0.455500 0.054800 -0.888600
vn 0.767900 -0.314600 0.557900
vn 0.930700 -0.204900 -0.302900
vn -0.455500 -0.054800 0.888600
vn 0.006500 -0.179000 0.983800
vn -0.930700 0.204900 0.302900
vn -0.706200 0.047900 0.706400
vn -0.006500 0.179000 -0.983800
vn -0.767900 0.314600 -0.557900
vn 0.716400 0.662200 -0.219400
vn 0.388700 0.683300 0.618100
vn -0.213700 0.695300 0.686200
vn -0.269300 0.952800 0.140000
vn 0.379400 0.800300 -0.464300
vn 0.413900 0.891000 0.186600
vn 0.414900 0.908000 -0.059100
vn 0.168800 0.891200 0.421100
vn 0.039400 0.944200 0.327000
vn 0.196200 0.980100 0.028500
vn -0.402800 -0.900400 0.164100
vn -0.313200 -0.756300 -0.574400
vn 0.228100 -0.946800 0.226900
vn 0.015000 -0.603100 0.797500
vn -0.642700 -0.491500 0.587600
vn -0.756400 -0.524600 -0.390900
vn 0.642700 0.491500 -0.587600
vn 0.756400 0.524600 0.390900
vn 0.313200 0.756300 0.574400
vn -0.228100 0.946800 -0.226900
vn -0.015000 0.603100 -0.797500
vn 0.402800 0.900400 -0.164100
vn -0.241400 -0.950800 0.194000
vn -0.403900 -0.911400 -0.078300
vn -0.076900 -0.966400 -0.245200
vn -0.554600 -0.673800 -0.488400
vn -0.549400 -0.835400 -0.018100
vn -0.281100 -0.865700 0.414100
vn 0.100100 -0.805400 0.584200
vn -0.484200 -0.823900 0.294600
vn -0.286400 -0.603300 0.744300
vn -0.810400 -0.582900 0.058700
vn -0.225900 -0.074900 -0.971300
vn -0.524300 0.081100 -0.847700
vn 0.831900 -0.435000 -0.344600
vn 0.233500 -0.288800 -0.928500
vn 0.524300 -0.081100 0.847700
vn 0.831000 -0.267800 0.487600
vn -0.233500 0.288800 0.928500
vn 0.225900 0.074900 0.971300
vn -0.831000 0.267800 -0.487600
vn -0.831900 0.435000 0.344600
vn 0.286400 0.603300 -0.744300
vn 0.810400 0.582900 -0.058700
vn 0.554600 0.673800 0.488400
vn 0.076900 0.966400 0.245200
vn -0.100100 0.805400 -0.584200
vn 0.484200 0.823900 -0.294600
vn 0.281100 0.865700 -0.414100
vn 0.549400 0.835400 0.018100
vn 0.403900 0.911400 0.078300
vn 0.241400 0.950800 -0.194000
vn -0.168800 -0.900400 0.400900
vn -0.627600 -0.756300 -0.184700
vn 0.321700 -0.946800 -0.000800
vn 0.574600 -0.603100 0.553300
vn -0.039000 -0.491500 0.870000
vn -0.811200 -0.524600 0.258500
vn 0.039000 0.491500 -0.870000
vn 0.811200 0.524600 -0.258500
vn 0.627600 0.756300 0.184700
vn -0.321700 0.946800 0.000800
vn -0.574600 0.603100 -0.553300
vn 0.168800 0.900400 -0.400900
vn -0.033500 -0.950800 0.307900
vn -0.341000 -0.911400 0.230200
vn -0.227700 -0.966400 -0.119000
vn -0.737500 -0.673800 0.046800
vn -0.401200 -0.835400 0.375700
vn 0.094100 -0.865700 0.491600
vn 0.483800 -0.805400 0.342300
vn -0.134000 -0.823900 0.550600
vn 0.323700 -0.603300 0.728800
vn -0.531600 -0.582900 0.614600
vn -0.846500 -0.074900 -0.527100
vn -0.970100 0.081100 -0.228600
vn 0.344600 -0.435000 -0.831900
vn -0.491400 -0.288800 -0.821600
vn 0.970100 -0.081100 0.228600
vn 0.932400 -0.267800 -0.242800
vn 0.491400 0.288800 0.821600
vn 0.846500 0.074900 0.527100
vn -0.932400 0.267800 0.242800
vn -0.344600 0.435000 0.831900
vn -0.323700 0.603300 -0.728800
vn 0.531600 0.582900 -0.614600
vn 0.737500 0.673800 -0.046800
vn 0.227700 0.966400 0.119000
vn -0.483800 0.805400 -0.342300
vn 0.134000 0.823900 -0.550600
vn -0.094100 0.865700 -0.491600
vn 0.401200 0.835400 -0.375700
vn 0.341000 0.911400 -0.230200
vn 0.033500 0.950800 -0.307900
vn 0.164100 -0.900400 0.402800
vn -0.574400 -0.756300 0.313200
vn 0.226900 -0.946800 -0.228100
vn 0.797500 -0.603100 -0.015000
vn 0.587600 -0.491500 0.642700
vn -0.390900 -0.524600 0.756400
vn -0.587600 0.491500 -0.642700
vn 0.390900 0.524600 -0.756400
vn 0.574400 0.756300 -0.313200
vn -0.226900 0.946800 0.228100
vn -0.797500 0.603100 0.015000
vn -0.164100 0.900400 -0.402800
vn 0.194000 -0.950800 0.241400
vn -0.078300 -0.911400 0.403900
vn -0.245200 -0.966400 0.076900
vn -0.488400 -0.673800 0.554600
vn -0.018100 -0.835400 0.549400
vn 0.414100 -0.865700 0.281100
vn 0.584200 -0.805400 -0.100100
vn 0.294600 -0.823900 0.484200
vn 0.744300 -0.603300 0.286400
vn 0.058700 -0.582900 0.810400
vn -0.971300 -0.074900 0.225900
vn -0.847700 0.081100 0.524300
vn -0.344600 -0.435000 -0.831900
vn -0.928500 -0.288800 -0.233500
vn 0.847700 -0.081100 -0.524300
vn 0.487600 -0.267800 -0.831000
vn 0.928500 0.288800 0.233500
vn 0.971300 0.074900 -0.225900
vn -0.487600 0.267800 0.831000
vn 0.344600 0.435000 0.831900
vn -0.744300 0.603300 -0.286400
vn -0.058700 0.582900 -0.810400
vn 0.488400 0.673800 -0.554600
vn 0.245200 0.966400 -0.076900
vn -0.584200 0.805400 0.100100
vn -0.294600 0.823900 -0.484200
vn -0.414100 0.865700 -0.281100
vn 0.018100 0.835400 -0.549400
vn 0.078300 0.911400 -0.403900
vn -0.194000 0.950800 -0.241400
vn 0.400900 -0.900400 0.168800
vn -0.184700 -0.756300 0.627600
vn -0.000800 -0.946800 -0.321700
vn 0.553300 -0.603100 -0.574600
vn 0.870000 -0.491500 0.039000
vn 0.258500 -0.524600 0.811200
vn -0.870000 0.491500 -0.039000
vn -0.258500 0.524600 -0.811200
vn 0.184700 0.756300 -0.627600
vn 0.000800 0.946800 0.321700
vn -0.553300 0.603100 0.574600
vn -0.400900 0.900400 -0.168800
vn 0.307900 -0.950800 0.033500
vn 0.230200 -0.911400 0.341000
vn -0.119000 -0.966400 0.227700
vn 0.046800 -0.673800 0.737500
vn 0.375700 -0.835400 0.401200
vn 0.491600 -0.865700 -0.094100
vn 0.342300 -0.805400 -0.483800
vn 0.550600 -0.823900 0.134000
vn 0.728800 -0.603300 -0.323700
vn 0.614600 -0.582900 0.531600
vn -0.527100 -0.074900 0.846500
vn -0.228600 0.081100 0.970100
vn -0.831900 -0.435000 -0.344600
vn -0.821600 -0.288800 0.491400
vn 0.228600 -0.081100 -0.970100
vn -0.242800 -0.267800 -0.932400
vn 0.821600 0.288800 -0.491400
vn 0.527100 0.074900 -0.846500
vn 0.242800 0.267800 0.932400
vn 0.831900 0.435000 0.344600
vn -0.728800 0.603300 0.323700
vn -0.614600 0.582900 -0.531600
vn -0.046800 0.673800 -0.737500
vn 0.119000 0.966400 -0.227700
vn -0.342300 0.805400 0.483800
vn -0.550600 0.823900 -0.134000
vn -0.491600 0.865700 0.094100
vn -0.375700 0.835400 -0.401200
vn -0.230200 0.911400 -0.341000
vn -0.307900 0.950800 -0.033500
vn 0.402800 -0.900400 -0.164100
vn 0.313200 -0.756300 0.574400
vn -0.228100 -0.946800 -0.226900
vn -0.015000 -0.603100 -0.797500
vn 0.642700 -0.491500 -0.587600
vn 0.756400 -0.524600 0.390900
vn -0.642700 0.491500 0.587600
vn -0.756400 0.524600 -0.390900
vn -0.313200 0.756300 -0.574400
vn 0.228100 0.946800 0.226900
vn 0.015000 0.603100 0.797500
vn -0.402800 0.900400 0.164100
vn 0.241400 -0.950800 -0.194000
vn 0.403900 -0.911400 0.078300
vn 0.076900 -0.966400 0.245200
vn 0.554600 -0.673800 0.488400
vn 0.549400 -0.835400 0.018100
vn 0.281100 -0.865700 -0.414100
vn -0.100100 -0.805400 -0.584200
vn 0.484200 -0.823900 -0.294600
vn 0.286400 -0.603300 -0.744300
vn 0.810400 -0.582900 -0.058700
vn 0.225900 -0.074900 0.971300
vn 0.524300 0.081100 0.847700
vn -0.831900 -0.435000 0.344600
vn -0.233500 -0.288800 0.928500
vn -0.524300 -0.081100 -0.847700
vn -0.831000 -0.267800 -0.487600
vn 0.233500 0.288800 -0.928500
vn -0.225900 0.074900 -0.971300
vn 0.831000 0.267800 0.487600
vn 0.831900 0.435000 -0.344600
vn -0.286400 0.603300 0.744300
vn -0.810400 0.582900 0.058700
vn -0.554600 0.673800 -0.488400
vn -0.076900 0.966400 -0.245200
vn 0.100100 0.805400 0.584200
vn -0.484200 0.823900 0.294600
vn -0.281100 0.865700 0.414100
vn -0.549400 0.835400 -0.018100
vn -0.403900 0.911400 -0.078300
vn -0.241400 0.950800 0.194000
vn 0.168800 -0.900400 -0.400900
vn 0.627600 -0.756300 0.184700
vn -0.321700 -0.946800 0.000800
vn -0.574600 -0.603100 -0.553300
vn 0.039000 -0.491500 -0.870000
vn 0.811200 -0.524600 -0.258500
vn -0.039000 0.491500 0.870000
vn -0.811200 0.524600 0.258500
vn -0.627600 0.756300 -0.184700
vn 0.321700 0.946800 -0.000800
vn 0.574600 0.603100 0.553300
vn -0.168800 0.900400 0.400900
vn 0.033500 -0.950800 -0.307900
vn 0.341000 -0.911400 -0.230200
vn 0.227700 -0.966400 0.119000
vn 0.737500 -0.673800 -0.046800
vn 0.401200 -0.835400 -0.375700
vn -0.094100 -0.865700 -0.491600
vn -0.483800 -0.805400 -0.342300
vn 0.134000 -0.823900 -0.550600
vn -0.323700 -0.603300 -0.728800
vn 0.531600 -0.582900 -0.614600
vn 0.846500 -0.074900 0.527100
vn 0.970100 0.081100 0.228600
vn -0.344600 -0.435000 0.831900
vn 0.491400 -0.288800 0.821600
vn -0.970100 -0.081100 -0.228600
vn -0.932400 -0.267800 0.242800
vn -0.491400 0.288800 -0.821600
vn -0.846500 0.074900 -0.527100
vn 0.932400 0.267800 -0.242800
vn 0.344600 0.435000 -0.831900
vn 0.323700 0.603300 0.728800
vn -0.531600 0.582900 0.614600
vn -0.737500 0.673800 0.046800
vn -0.227700 0.966400 -0.119000
vn 0.483800 0.805400 0.342300
vn -0.134000 0.823900 0.550600
vn 0.094100 0.865700 0.491600
vn -0.401200 0.835400 0.375700
vn -0.341000 0.911400 0.230200
vn -0.033500 0.950800 0.307900
vn -0.164100 -0.900400 -0.402800
vn 0.574400 -0.756300 -0.313200
vn -0.226900 -0.946800 0.228100
vn -0.797500 -0.603100 0.015000
vn -0.587600 -0.491500 -0.642700
vn 0.390900 -0.524600 -0.756400
vn 0.587600 0.491500 0.642700
vn -0.390900 0.524600 0.756400
vn -0.574400 0.756300 0.313200
vn 0.226900 0.946800 -0.228100
vn 0.797500 0.603100 -0.015000
vn 0.164100 0.900400 0.402800
vn -0.194000 -0.950800 -0.241400
vn 0.078300 -0.911400 -0.403900
vn 0.245200 -0.966400 -0.076900
vn 0.488400 -0.673800 -0.554600
vn 0.018100 -0.835400 -0.549400
vn -0.414100 -0.865700 -0.281100
vn -0.584200 -0.805400 0.100100
vn -0.294600 -0.823900 -0.484200
vn -0.744300 -0.603300 -0.286400
vn -0.058700 -0.582900 -0.810400
vn 0.971300 -0.074900 -0.225900
vn 0.847700 0.081100 -0.524300
vn 0.344600 -0.435000 0.831900
vn 0.928500 -0.288800 0.233500
vn -0.847700 -0.081100 0.524300
vn -0.487600 -0.267800 0.831000
vn -0.928500 0.288800 -0.233500
vn -0.971300 0.074900 0.225900
vn 0.487600 0.267800 -0.831000
vn -0.344600 0.435000 -0.831900
vn 0.744300 0.603300 0.286400
vn 0.058700 0.582900 0.810400
vn -0.488400 0.673800 0.554600
vn -0.245200 0.966400 0.076900
vn 0.584200 0.805400 -0.100100
vn 0.294600 0.823900 0.484200
vn 0.414100 0.865700 0.281100
vn -0.018100 0.835400 0.549400
vn -0.078300 0.911400 0.403900
vn 0.194000 0.950800 0.241400
vn -0.400900 -0.900400 -0.168800
vn 0.184700 -0.756300 -0.627600
vn 0.000800 -0.946800 0.321700
vn -0.553300 -0.603100 0.574600
vn -0.870000 -0.491500 -0.039000
vn -0.258500 -0.524600 -0.811200
vn 0.870000 0.491500 0.039000
vn 0.258500 0.524600 0.811200
vn -0.184700 0.756300 0.627600
vn -0.000800 0.946800 -0.321700
vn 0.553300 0.603100 -0.574600
vn 0.400900 0.900400 0.168800
vn -0.307900 -0.950800 -0.033500
vn -0.230200 -0.911400 -0.341000
vn 0.119000 -0.966400 -0.227700
vn -0.046800 -0.673800 -0.737500
vn -0.375700 -0.835400 -0.401200
vn -0.491600 -0.865700 0.094100
vn -0.342300 -0.805400 0.483800
vn -0.550600 -0.823900 -0.134000
vn -0.728800 -0.603300 0.323700
vn -0.614600 -0.582900 -0.531600
vn 0.527100 -0.074900 -0.846500
vn 0.228600 0.081100 -0.970100
vn 0.831900 -0.435000 0.344600
vn 0.821600 -0.288800 -0.491400
vn -0.228600 -0.081100 0.970100
vn 0.242800 -0.267800 0.932400
vn -0.821600 0.288800 0.491400
vn -0.527100 0.074900 0.846500
vn -0.242800 0.267800 -0.932400
vn -0.831900 0.435000 -0.344600
vn 0.728800 0.603300 -0.323700
vn 0.614600 0.582900 0.531600
vn 0.046800 0.673800 0.737500
vn -0.119000 0.966400 0.227700
vn 0.342300 0.805400 -0.483800
vn 0.550600 0.823900 0.134000
vn 0.491600 0.865700 -0.094100
vn 0.375700 0.835400 0.401200
vn 0.230200 0.911400 0.341000
vn 0.307900 0.950800 0.033500
vn -0.540200 0.810200 -0.227400
vn 0.619900 0.740000 0.261000
vn -0.330100 0.578700 -0.745800
vn 0.822200 0.517100 -0.237900
vn -0.256800 0.019800 -0.966300
vn 0.892700 -0.021000 -0.450200
vn -0.363400 -0.539200 -0.759800
vn 0.790100 -0.559000 -0.251400
vn -0.587300 -0.770700 -0.247300
vn 0.574600 -0.781900 0.241900
vn -0.797400 -0.539200 0.271000
vn 0.372300 -0.559000 0.740900
vn -0.870600 0.019800 0.491500
vn 0.301800 -0.021000 0.953100
vn -0.764100 0.578700 0.285100
vn 0.404400 0.517100 0.754400
vn 0.540200 0.810200 -0.227400
vn -0.619900 0.740000 0.261000
vn 0.764100 0.578700 0.285100
vn -0.404400 0.517100 0.754400
vn 0.870600 0.019800 0.491500
vn -0.301800 -0.021000 0.953100
vn 0.797400 -0.539200 0.271000
vn -0.372300 -0.559000 0.740900
vn 0.587300 -0.770700 -0.247300
vn -0.574600 -0.781900 0.241900
vn 0.363400 -0.539200 -0.759800
vn -0.790100 -0.559000 -0.251400
vn 0.256800 0.019800 -0.966300
vn -0.892700 -0.021000 -0.450200
vn 0.330100 0.578700 -0.745800
vn -0.822200 0.517100 -0.237900
vn -0.000000 -1.000000 0.000000
vn -0.723600 -0.447200 -0.525700
vn 0.276400 -0.447200 -0.850600
vn 0.894400 -0.447200 0.000000
vn 0.276400 -0.447200 0.850600
vn -0.723600 -0.447200 0.525700
vn -0.276400 0.447200 -0.850600
vn 0.723600 0.447200 -0.525700
vn 0.723600 0.447200 0.525700
vn -0.276400 0.447200 0.850600
vn -0.894400 0.447200 0.000000
vn -0.000000 1.000000 0.000000
vn 0.162500 -0.850700 -0.500000
vn -0.425300 -0.850700 -0.309000
vn -0.262900 -0.525700 -0.809000
vn -0.850600 -0.525700 0.000000
vn -0.425300 -0.850700 0.309000
vn 0.525700 -0.850700 0.000000
vn 0.688200 -0.525700 -0.500000
vn 0.162500 -0.850700 0.500000
vn 0.688200 -0.525700 0.500000
vn -0.262900 -0.525700 0.809000
vn -0.951100 -0.000000 -0.309000
vn -0.951100 -0.000000 0.309000
vn -0.000000 -0.000000 -1.000000
vn -0.587800 -0.000000 -0.809000
vn 0.951100 -0.000000 -0.309000
vn 0.587800 -0.000000 -0.809000
vn 0.587800 -0.000000 0.809000
vn 0.951100 -0.000000 0.309000
vn -0.587800 -0.000000 0.809000
vn -0.000000 -0.000000 1.000000
vn -0.688200 0.525700 -0.500000
vn 0.262900 0.525700 -0.809000
vn 0.850600 0.525700 0.000000
vn 0.262900 0.525700 0.809000
vn -0.688200 0.525700 0.500000
vn -0.162500 0.850700 -0.500000
vn -0.525700 0.850700 0.000000
vn 0.425300 0.850700 -0.309000
vn 0.425300 0.850700 0.309000
vn -0.162500 0.850700 0.500000
vn -0.546900 -0.712900 -0.438900
vn 0.203300 -0.693800 -0.690900
vn 0.688200 -0.725500 0.000000
vn 0.203300 -0.693800 0.690900
vn -0.546900 -0.712900 0.438900
vn -0.203300 0.693800 -0.690900
vn 0.546900 0.712900 -0.438900
vn 0.546900 0.712900 0.438900
vn -0.203300 0.693800 0.690900
vn -0.688200 0.725500 0.000000
vn 0.139900 -0.867700 -0.476900
vn 0.084400 -0.954000 -0.287700
vn 0.038200 -0.990800 -0.129900
vn -0.099800 -0.991800 -0.080100
vn -0.222200 -0.958500 -0.178700
vn -0.371600 -0.878900 -0.299100
vn -0.373500 -0.754300 -0.539900
vn -0.182000 -0.763700 -0.619300
vn 0.015000 -0.743100 -0.669000
vn -0.593900 -0.770700 0.230900
vn -0.612100 -0.790800 0.000000
vn -0.593900 -0.770700 -0.230900
vn -0.099800 -0.991800 0.080100
vn -0.222200 -0.958500 0.178700
vn -0.371600 -0.878900 0.299100
vn 0.463700 -0.886000 0.000000
vn 0.275400 -0.961300 0.000000
vn 0.123200 -0.992400 0.000000
vn 0.348600 -0.752600 -0.558600
vn 0.487800 -0.780100 -0.391800
vn 0.603900 -0.771800 -0.199200
vn 0.139900 -0.867700 0.476900
vn 0.084400 -0.954000 0.287700
vn 0.038200 -0.990800 0.129900
vn 0.603900 -0.771800 0.199200
vn 0.487800 -0.780100 0.391800
vn 0.348600 -0.752600 0.558600
vn 0.015000 -0.743100 0.669000
vn -0.182000 -0.763700 0.619300
vn -0.373500 -0.754300 0.539900
vn -0.876800 0.454900 -0.155800
vn -0.941400 -0.000100 -0.337200
vn -0.780000 -0.449100 -0.435800
vn -0.780000 -0.449100 0.435800
vn -0.941400 -0.000100 0.337200
vn -0.876800 0.454900 0.155800
vn -0.126000 0.425000 -0.896400
vn 0.126000 -0.425000 -0.896400
vn -0.601300 -0.439000 -0.667600
vn -0.550000 0.000200 -0.835100
vn -0.380400 0.430600 -0.818500
vn 0.780000 0.449100 -0.435800
vn 0.941400 0.000100 -0.337200
vn 0.876800 -0.454900 -0.155800
vn 0.380400 -0.430600 -0.818500
vn 0.550000 -0.000200 -0.835100
vn 0.601300 0.439000 -0.667600
vn 0.601300 0.439000 0.667600
vn 0.550000 -0.000200 0.835100
vn 0.380400 -0.430600 0.818500
vn 0.876800 -0.454900 0.155800
vn 0.941400 0.000100 0.337200
vn 0.780000 0.449100 0.435800
vn -0.380400 0.430600 0.818500
vn -0.550000 0.000200 0.835100
vn -0.601300 -0.439000 0.667600
vn 0.126000 -0.425000 0.896400
vn -0.126000 0.425000 0.896400
vn -0.603900 0.771800 -0.199200
vn -0.487800 0.780100 -0.391800
vn -0.348600 0.752600 -0.558600
vn -0.015000 0.743100 -0.669000
vn 0.182000 0.763700 -0.619300
vn 0.373500 0.754300 -0.539900
vn 0.593900 0.770700 -0.230900
vn 0.612100 0.790800 0.000000
vn 0.593900 0.770700 0.230900
vn 0.373500 0.754300 0.539900
vn 0.182000 0.763700 0.619300
vn -0.015000 0.743100 0.669000
vn -0.348600 0.752600 0.558600
vn -0.487800 0.780100 0.391800
vn -0.603900 0.771800 0.199200
vn -0.038200 0.990800 -0.129900
vn -0.084400 0.954000 -0.287700
vn -0.139900 0.867700 -0.476900
vn -0.463700 0.886000 0.000000
vn -0.275400 0.961300 0.000000
vn -0.123200 0.992400 0.000000
vn 0.099800 0.991800 -0.080100
vn 0.222200 0.958500 -0.178700
vn 0.371600 0.878900 -0.299100
vn 0.099800 0.991800 0.080100
vn 0.222200 0.958500 0.178700
vn 0.371600 0.878900 0.299100
vn -0.038200 0.990800 0.129900
vn -0.084400 0.954000 0.287700
vn -0.139900 0.867700 0.476900
vn -0.186200 0.971000 0.149800
vn -0.370800 0.912300 0.173800
vn -0.261900 0.905600 0.333700
vn 0.070900 0.967800 0.241500
vn 0.034400 0.898800 0.437000
vn 0.205300 0.902900 0.377700
vn 0.230600 0.973000 0.000000
vn 0.393100 0.914000 0.100700
vn 0.393100 0.914000 -0.100700
vn 0.070900 0.967800 -0.241500
vn 0.205300 0.902900 -0.377700
vn 0.034400 0.898800 -0.437000
vn -0.186200 0.971000 -0.149800
vn -0.261900 0.905600 -0.333700
vn -0.370800 0.912300 -0.173800
vn -0.761500 0.490800 0.423300
vn -0.780200 0.017100 0.625200
vn -0.585800 0.480900 0.652400
vn 0.122000 0.466400 0.876100
vn 0.282400 0.016300 0.959200
vn 0.372800 0.471900 0.798900
vn 0.854000 0.497000 0.153600
vn 0.999800 0.017600 0.000000
vn 0.854000 0.497000 -0.153600
vn 0.372800 0.471900 -0.798900
vn 0.282400 0.016300 -0.959200
vn 0.122000 0.466400 -0.876100
vn -0.585800 0.480900 -0.652400
vn -0.780200 0.017100 -0.625200
vn -0.761500 0.490800 -0.423300
vn -0.282400 -0.016300 0.959200
vn -0.372800 -0.471900 0.798900
vn -0.122000 -0.466400 0.876100
vn 0.780200 -0.017100 0.625200
vn 0.585800 -0.480900 0.652400
vn 0.761500 -0.490800 0.423300
vn 0.780200 -0.017100 -0.625200
vn 0.761500 -0.490800 -0.423300
vn 0.585800 -0.480900 -0.652400
vn -0.282400 -0.016300 -0.959200
vn -0.122000 -0.466400 -0.876100
vn -0.372800 -0.471900 -0.798900
vn -0.999800 -0.017600 0.000000
vn -0.854000 -0.497000 -0.153600
vn -0.854000 -0.497000 0.153600
vn -0.205300 -0.902900 0.377700
vn -0.070900 -0.967800 0.241500
vn -0.034400 -0.898800 0.437000
vn 0.261900 -0.905600 0.333700
vn 0.186200 -0.971000 0.149800
vn 0.370800 -0.912300 0.173800
vn 0.370800 -0.912300 -0.173800
vn 0.186200 -0.971000 -0.149800
vn 0.261900 -0.905500 -0.333700
vn -0.393100 -0.914000 0.100700
vn -0.393100 -0.914000 -0.100700
vn -0.230600 -0.973000 0.000000
vn -0.034400 -0.898800 -0.437000
vn -0.070900 -0.967800 -0.241500
vn -0.205300 -0.902900 -0.377700
vn -0.000600 -1.000000 0.000000
vn -0.700700 -0.335100 -0.629900
vn 0.241700 -0.302700 -0.921900
vn 0.932800 -0.360500 0.000000
vn 0.241700 -0.302700 0.921900
vn -0.700700 -0.335100 0.629900
vn -0.241700 0.302700 -0.921900
vn 0.700700 0.335100 -0.629900
vn 0.700700 0.335100 0.629900
vn -0.241700 0.302700 0.921900
vn -0.932800 0.360500 0.000000
vn 0.000600 1.000000 0.000000
vn 0.221300 -0.494300 -0.840700
vn 0.177300 -0.722200 -0.668600
vn 0.099600 -0.922700 -0.372300
vn -0.262500 -0.936700 -0.231600
vn -0.486700 -0.759000 -0.432400
vn -0.628800 -0.536600 -0.562700
vn -0.488300 -0.366000 -0.792200
vn -0.236600 -0.368200 -0.899100
vn 0.017200 -0.344100 -0.938800
vn -0.839900 -0.404300 0.362000
vn -0.900700 -0.434500 0.000000
vn -0.839900 -0.404300 -0.362000
vn -0.262500 -0.936700 0.231600
vn -0.486700 -0.759000 0.432400
vn -0.628800 -0.536600 0.562700
vn 0.822900 -0.568200 0.000000
vn 0.620500 -0.784200 0.000000
vn 0.325500 -0.945500 0.000000
vn 0.455700 -0.362900 -0.812800
vn 0.681100 -0.405600 -0.609500
vn 0.856600 -0.406900 -0.317100
vn 0.221300 -0.494300 0.840700
vn 0.177300 -0.722200 0.668600
vn 0.099600 -0.922700 0.372300
vn 0.856600 -0.406900 0.317100
vn 0.681100 -0.405600 0.609500
vn 0.455700 -0.362900 0.812800
vn 0.017200 -0.344100 0.938800
vn -0.236600 -0.368200 0.899100
vn -0.488300 -0.366000 0.792200
vn -0.963700 0.189300 -0.188300
vn -0.928500 -0.000200 -0.371400
vn -0.832700 -0.181600 -0.523000
vn -0.832700 -0.181600 0.523000
vn -0.928500 -0.000200 0.371400
vn -0.963700 0.189300 0.188300
vn -0.124600 0.155200 -0.980000
vn 0.124600 -0.155200 -0.980000
vn -0.619600 -0.169700 -0.766400
vn -0.507000 0.000200 -0.861900
vn -0.376500 0.160700 -0.912400
vn 0.832700 0.181600 -0.523000
vn 0.928500 0.000200 -0.371400
vn 0.963700 -0.189300 -0.188300
vn 0.376500 -0.160700 -0.912400
vn 0.507000 -0.000200 -0.861900
vn 0.619600 0.169700 -0.766400
vn 0.619600 0.169700 0.766400
vn 0.507000 -0.000200 0.861900
vn 0.376500 -0.160700 0.912400
vn 0.963700 -0.189300 0.188300
vn 0.928500 0.000200 0.371400
vn 0.832700 0.181600 0.523000
vn -0.376500 0.160700 0.912400
vn -0.507000 0.000200 0.861900
vn -0.619600 -0.169700 0.766400
vn 0.124600 -0.155200 0.980000
vn -0.124600 0.155200 0.980000
vn -0.856600 0.406900 -0.317100
vn -0.681100 0.405600 -0.609500
vn -0.455700 0.362900 -0.812800
vn -0.017200 0.344100 -0.938800
vn 0.236600 0.368200 -0.899100
vn 0.488300 0.366000 -0.792200
vn 0.839900 0.404300 -0.362000
vn 0.900700 0.434500 0.000000
vn 0.839900 0.404300 0.362000
vn 0.488300 0.366000 0.792200
vn 0.236600 0.368200 0.899100
vn -0.017200 0.344100 0.938800
vn -0.455700 0.362900 0.812800
vn -0.681100 0.405600 0.609500
vn -0.856600 0.406900 0.317100
vn -0.099600 0.922700 -0.372300
vn -0.177300 0.722200 -0.668600
vn -0.221300 0.494300 -0.840700
vn -0.822900 0.568200 0.000000
vn -0.620500 0.784200 0.000000
vn -0.325500 0.945500 0.000000
vn 0.262500 0.936700 -0.231600
vn 0.486700 0.759000 -0.432400
vn 0.628800 0.536600 -0.562700
vn 0.262500 0.936700 0.231600
vn 0.486700 0.759000 0.432400
vn 0.628800 0.536600 0.562700
vn -0.099600 0.922700 0.372300
vn -0.177300 0.722200 0.668600
vn -0.221300 0.494300 0.840700
vn -0.431800 0.816500 0.383200
vn -0.693800 0.623700 0.359900
vn -0.466500 0.588400 0.660400
vn 0.158800 0.785300 0.598400
vn 0.058300 0.557500 0.828100
vn 0.359700 0.575800 0.734200
vn 0.546600 0.837400 0.000000
vn 0.744600 0.633100 0.211600
vn 0.744600 0.633100 -0.211600
vn 0.158800 0.785300 -0.598400
vn 0.359700 0.575800 -0.734200
vn 0.058300 0.557500 -0.828100
vn -0.431800 0.816500 -0.383200
vn -0.466500 0.588400 -0.660400
vn -0.693800 0.623700 -0.359900
vn -0.831700 0.205300 0.515900
vn -0.744800 0.006300 0.667300
vn -0.614500 0.192100 0.765200
vn 0.121400 0.175600 0.976900
vn 0.254200 0.005700 0.967100
vn 0.378600 0.181700 0.907500
vn 0.957700 0.214100 0.192200
vn 1.000000 0.006900 0.000000
vn 0.957700 0.214100 -0.192200
vn 0.378600 0.181700 -0.907500
vn 0.254200 0.005700 -0.967100
vn 0.121400 0.175600 -0.976900
vn -0.614500 0.192100 -0.765200
vn -0.744800 0.006300 -0.667300
vn -0.831700 0.205300 -0.515900
vn -0.254200 -0.005700 0.967100
vn -0.378600 -0.181700 0.907500
vn -0.121400 -0.175600 0.976900
vn 0.744800 -0.006300 0.667300
vn 0.614500 -0.192100 0.765200
vn 0.831700 -0.205300 0.515900
vn 0.744800 -0.006300 -0.667300
vn 0.831700 -0.205300 -0.515900
vn 0.614500 -0.192100 -0.765200
vn -0.254200 -0.005700 -0.967100
vn -0.121400 -0.175600 -0.976900
vn -0.378600 -0.181700 -0.907500
vn -1.000000 -0.006900 0.000000
vn -0.957700 -0.214100 -0.192200
vn -0.957700 -0.214100 0.192200
vn -0.359700 -0.575800 0.734200
vn -0.158800 -0.785300 0.598400
vn -0.058300 -0.557500 0.828100
vn 0.466500 -0.588400 0.660400
vn 0.431800 -0.816500 0.383200
vn 0.693800 -0.623700 0.359900
vn 0.693800 -0.623700 -0.359900
vn 0.431800 -0.816500 -0.383200
vn 0.466500 -0.588400 -0.660400
vn -0.744600 -0.633100 0.211600
vn -0.744600 -0.633100 -0.211600
vn -0.546600 -0.837400 0.000000
vn -0.058300 -0.557500 -0.828100
vn -0.158800 -0.785300 -0.598400
vn -0.359700 -0.575800 -0.734200
vn -0.002400 -1.000000 0.000000
vn -0.624700 -0.324400 -0.710300
vn 0.194800 -0.265100 -0.944400
vn 0.922600 -0.385700 0.000000
vn 0.194800 -0.265100 0.944400
vn -0.624700 -0.324400 0.710300
vn -0.194800 0.265100 -0.944400
vn 0.624700 0.324400 -0.710300
vn 0.624700 0.324400 0.710300
vn -0.194800 0.265100 0.944400
vn -0.922600 0.385700 0.000000
vn 0.002400 1.000000 0.000000
vn 0.182500 -0.442500 -0.878000
vn 0.153000 -0.673300 -0.723400
vn 0.091000 -0.902700 -0.420600
vn -0.242500 -0.933500 -0.264000
vn -0.444000 -0.749200 -0.491500
vn -0.565800 -0.523600 -0.636900
vn -0.412500 -0.335800 -0.846800
vn -0.192200 -0.324600 -0.926100
vn 0.014000 -0.298800 -0.954200
vn -0.799400 -0.417500 0.432000
vn -0.886000 -0.463800 0.000000
vn -0.799400 -0.417500 -0.432000
vn -0.242500 -0.933500 0.264000
vn -0.444000 -0.749200 0.491500
vn -0.565800 -0.523600 0.636900
vn 0.801000 -0.598600 0.000000
vn 0.589800 -0.807500 0.000000
vn 0.301400 -0.953500 0.000000
vn 0.382000 -0.330000 -0.863200
vn 0.610300 -0.394400 -0.687000
vn 0.821400 -0.424200 -0.381200
vn 0.182500 -0.442500 0.878000
vn 0.153000 -0.673300 0.723400
vn 0.091000 -0.902700 0.420600
vn 0.821400 -0.424200 0.381200
vn 0.610300 -0.394400 0.687000
vn 0.382000 -0.330000 0.863200
vn 0.014000 -0.298800 0.954200
vn -0.192200 -0.324600 0.926100
vn -0.412500 -0.335800 0.846800
vn -0.951500 0.202300 -0.231800
vn -0.894300 -0.000500 -0.447400
vn -0.771200 -0.182800 -0.609800
vn -0.771200 -0.182800 0.609800
vn -0.894300 -0.000500 0.447400
vn -0.951500 0.202300 0.231800
vn -0.098500 0.133400 -0.986200
vn 0.098500 -0.133400 -0.986200
vn -0.531700 -0.157800 -0.832100
vn -0.421300 0.000400 -0.906900
vn -0.306200 0.142000 -0.941300
vn 0.771200 0.182800 -0.609800
vn 0.894300 0.000500 -0.447400
vn 0.951500 -0.202300 -0.231800
vn 0.306200 -0.142000 -0.941300
vn 0.421300 -0.000400 -0.906900
vn 0.531700 0.157800 -0.832100
vn 0.531700 0.157800 0.832100
vn 0.421300 -0.000400 0.906900
vn 0.306200 -0.142000 0.941300
vn 0.951500 -0.202300 0.231800
vn 0.894300 0.000500 0.447400
vn 0.771200 0.182800 0.609800
vn -0.306200 0.142000 0.941300
vn -0.421300 0.000400 0.906900
vn -0.531700 -0.157800 0.832100
vn 0.098500 -0.133400 0.986200
vn -0.098500 0.133400 0.986200
vn -0.821400 0.424200 -0.381200
vn -0.610300 0.394400 -0.687000
vn -0.382000 0.330000 -0.863200
vn -0.014000 0.298800 -0.954200
vn 0.192200 0.324600 -0.926100
vn 0.412500 0.335800 -0.846800
vn 0.799400 0.417500 -0.432000
vn 0.886000 0.463800 0.000000
vn 0.799400 0.417500 0.432000
vn 0.412500 0.335800 0.846800
vn 0.192200 0.324600 0.926100
vn -0.014000 0.298800 0.954200
vn -0.382000 0.330000 0.863200
vn -0.610300 0.394400 0.687000
vn -0.821400 0.424200 0.381200
vn -0.091000 0.902700 -0.420600
vn -0.153000 0.673300 -0.723400
vn -0.182500 0.442500 -0.878000
vn -0.801000 0.598600 0.000000
vn -0.589800 0.807500 0.000000
vn -0.301400 0.953500 0.000000
vn 0.242500 0.933500 -0.264000
vn 0.444000 0.749200 -0.491500
vn 0.565800 0.523600 -0.636900
vn 0.242500 0.933500 0.264000
vn 0.444000 0.749200 0.491500
vn 0.565800 0.523600 0.636900
vn -0.091000 0.902700 0.420600
vn -0.153000 0.673300 0.723400
vn -0.182500 0.442500 0.878000
vn -0.395200 0.808600 0.435900
vn -0.650000 0.633500 0.419700
vn -0.407300 0.556500 0.724200
vn 0.138600 0.742700 0.655100
vn 0.048200 0.499400 0.865000
vn 0.307000 0.532200 0.789000
vn 0.516200 0.856500 0.000000
vn 0.711600 0.656000 0.251400
vn 0.711600 0.656000 -0.251400
vn 0.138600 0.742700 -0.655100
vn 0.307000 0.532200 -0.789000
vn 0.048200 0.499400 -0.865000
vn -0.395200 0.808600 -0.435900
vn -0.407300 0.556500 -0.724200
vn -0.650000 0.633500 -0.419700
vn -0.772100 0.207000 0.600900
vn -0.663000 0.006100 0.748600
vn -0.527900 0.179100 0.830200
vn 0.096300 0.151100 0.983800
vn 0.202700 0.004900 0.979200
vn 0.308600 0.160600 0.937500
vn 0.944300 0.229100 0.236300
vn 1.000000 0.007500 0.000000
vn 0.944300 0.229100 -0.236300
vn 0.308600 0.160600 -0.937500
vn 0.202700 0.004900 -0.979200
vn 0.096300 0.151100 -0.983800
vn -0.527900 0.179100 -0.830200
vn -0.663000 0.006100 -0.748600
vn -0.772100 0.207000 -0.600900
vn -0.202700 -0.004900 0.979200
vn -0.308600 -0.160600 0.937500
vn -0.096300 -0.151100 0.983800
vn 0.663000 -0.006100 0.748600
vn 0.527900 -0.179100 0.830200
vn 0.772100 -0.207000 0.600900
vn 0.663000 -0.006100 -0.748600
vn 0.772100 -0.207000 -0.600900
vn 0.527900 -0.179100 -0.830200
vn -0.202700 -0.004900 -0.979200
vn -0.096300 -0.151100 -0.983800
vn -0.308600 -0.160600 -0.937500
vn -1.000000 -0.007500 0.000000
vn -0.944300 -0.229100 -0.236300
vn -0.944300 -0.229100 0.236300
vn -0.307000 -0.532200 0.789000
vn -0.138600 -0.742700 0.655100
vn -0.048200 -0.499400 0.865000
vn 0.407300 -0.556500 0.724200
vn 0.395200 -0.808600 0.435900
vn 0.650000 -0.633500 0.419700
vn 0.650000 -0.633500 -0.419700
vn 0.395200 -0.808600 -0.435900
vn 0.407300 -0.556500 -0.724200
vn -0.711600 -0.656000 0.251400
vn -0.711600 -0.656000 -0.251400
vn -0.516200 -0.856500 0.000000
vn -0.048200 -0.499400 -0.865000
vn -0.138600 -0.742700 -0.655100
vn -0.307000 -0.532200 -0.789000
vn 0.179200 0.983700 -0.013100
vn 0.997000 0.026300 -0.073000
vn -0.033100 0.835800 -0.548000
vn 0.784700 -0.121600 -0.607900
vn -0.465500 0.478700 -0.744400
vn 0.352200 -0.478700 -0.804200
vn -0.864800 0.121600 -0.487200
vn -0.047000 -0.835800 -0.547000
vn -0.997000 -0.026300 0.073000
vn -0.179200 -0.983700 0.013100
vn -0.784700 0.121600 0.607900
vn 0.033100 -0.835800 0.548000
vn -0.352200 0.478700 0.804200
vn 0.465500 -0.478700 0.744400
vn 0.047000 0.835800 0.547000
vn 0.864800 -0.121600 0.487200
vn -0.163600 0.890100 0.425300
vn -0.346300 -0.263200 0.900400
vn 0.431700 0.792900 0.430000
vn 0.230900 -0.357400 0.904900
vn 0.828700 0.558200 0.041000
vn 0.615800 -0.585000 0.527800
vn 0.794700 0.323500 -0.513600
vn 0.582800 -0.812500 -0.010000
vn 0.349700 0.226300 -0.909100
vn 0.151300 -0.906800 -0.393500
vn -0.245700 0.323500 -0.913800
vn -0.425900 -0.812500 -0.398000
vn -0.642600 0.558200 -0.524800
vn -0.810800 -0.585000 -0.020900
vn -0.608600 0.792900 0.029800
vn -0.777800 -0.357400 0.517000
vn 0.209300 0.950400 0.230200
vn 0.668600 -0.109400 0.735500
vn 0.493700 0.820800 -0.287300
vn 0.943100 -0.234400 0.236000
vn 0.353500 0.508100 -0.785400
vn 0.807800 -0.536200 -0.244700
vn -0.129000 0.195400 -0.972200
vn 0.342200 -0.838000 -0.425000
vn -0.671200 0.065800 -0.738300
vn -0.181200 -0.963000 -0.199300
vn -0.955600 0.195400 -0.220800
vn -0.455600 -0.838000 0.300200
vn -0.815400 0.508100 0.277300
vn -0.320400 -0.536200 0.780900
vn -0.332900 0.820800 0.464100
vn 0.145300 -0.234400 0.961200
vn -0.000200 -1.000000 0.000000
vn -0.695500 -0.560300 -0.449700
vn 0.278200 -0.583100 -0.763300
vn 0.837100 -0.547000 0.000000
vn 0.278200 -0.583100 0.763300
vn -0.695500 -0.560300 0.449700
vn -0.278200 0.583100 -0.763300
vn 0.695500 0.560300 -0.449700
vn 0.695500 0.560300 0.449700
vn -0.278200 0.583100 0.763300
vn -0.837100 0.547000 0.000000
vn 0.000200 1.000000 0.000000
vn 0.130600 -0.925300 -0.356000
vn -0.338700 -0.915400 -0.217700
vn -0.258500 -0.658700 -0.706600
vn -0.780300 -0.625400 0.000000
vn -0.338700 -0.915400 0.217700
vn 0.416000 -0.909400 0.000000
vn 0.647600 -0.637600 -0.417200
vn 0.130600 -0.925300 0.356000
vn 0.647600 -0.637600 0.417200
vn -0.258500 -0.658700 0.706600
vn -0.960300 0.001100 -0.278800
vn -0.960300 0.001100 0.278800
vn -0.629200 -0.002200 -0.777200
vn 0.960300 -0.001100 -0.278800
vn 0.629200 0.002200 -0.777200
vn 0.629200 0.002200 0.777200
vn 0.960300 -0.001100 0.278800
vn -0.629200 -0.002200 0.777200
vn -0.647600 0.637600 -0.417200
vn 0.258500 0.658700 -0.706600
vn 0.780300 0.625400 0.000000
vn 0.258500 0.658700 0.706600
vn -0.647600 0.637600 0.417200
vn -0.130600 0.925300 -0.356000
vn -0.416000 0.909400 0.000000
vn 0.338700 0.915400 -0.217700
vn 0.338700 0.915400 0.217700
vn -0.130600 0.925300 0.356000
vn 0.163600 0.890100 0.425300
vn 0.346300 -0.263200 0.900400
vn 0.608600 0.792900 0.029800
vn 0.777800 -0.357400 0.517000
vn 0.642600 0.558200 -0.524800
vn 0.810800 -0.585000 -0.020900
vn 0.245700 0.323500 -0.913800
vn 0.425900 -0.812500 -0.398000
vn -0.349700 0.226300 -0.909100
vn -0.151300 -0.906800 -0.393500
vn -0.794700 0.323500 -0.513600
vn -0.582800 -0.812500 -0.010000
vn -0.828700 0.558200 0.041000
vn -0.615800 -0.585000 0.527800
vn -0.431700 0.792900 0.430000
vn -0.230900 -0.357400 0.904900
vn -0.209300 0.950400 0.230200
vn -0.668600 -0.109400 0.735500
vn 0.332900 0.820800 0.464100
vn -0.145300 -0.234400 0.961200
vn 0.815400 0.508100 0.277300
vn 0.320400 -0.536200 0.780900
vn 0.955600 0.195400 -0.220800
vn 0.455600 -0.838000 0.300200
vn 0.671200 0.065800 -0.738300
vn 0.181200 -0.963000 -0.199300
vn 0.129000 0.195400 -0.972200
vn -0.342200 -0.838000 -0.425000
vn -0.353500 0.508100 -0.785400
vn -0.807800 -0.536200 -0.244700
vn -0.493700 0.820800 -0.287300
vn -0.943100 -0.234400 0.236000
vn 0.276400 -0.447200 -0.850700
vn 0.276400 -0.447200 0.850700
vn -0.276400 0.447200 -0.850700
vn -0.276400 0.447200 0.850700
vn -0.725400 -0.407900 -0.554500
vn 0.270600 -0.398400 -0.876400
vn 0.910300 -0.414000 0.000000
vn 0.270600 -0.398400 0.876400
vn -0.725400 -0.407900 0.554500
vn -0.270600 0.398400 -0.876400
vn 0.725400 0.407900 -0.554500
vn 0.725400 0.407900 0.554500
vn -0.270600 0.398400 0.876400
vn -0.910300 0.414000 0.000000
vn 0.255600 -0.499500 -0.827700
vn 0.234700 -0.605900 -0.760100
vn 0.206600 -0.714200 -0.668800
vn 0.171000 -0.815100 -0.553500
vn 0.129500 -0.898600 -0.419200
vn 0.085200 -0.957500 -0.275500
vn 0.041400 -0.990100 -0.133900
vn -0.108300 -0.990700 -0.082600
vn -0.223300 -0.959700 -0.170500
vn -0.340800 -0.903400 -0.260300
vn -0.451800 -0.822600 -0.345200
vn -0.548200 -0.723800 -0.419000
vn -0.625500 -0.616600 -0.478100
vn -0.683400 -0.510000 -0.522400
vn -0.636200 -0.434800 -0.637300
vn -0.528400 -0.456100 -0.716100
vn -0.401100 -0.469800 -0.786400
vn -0.260000 -0.473300 -0.841700
vn -0.114100 -0.466100 -0.877400
vn 0.027000 -0.449400 -0.892900
vn 0.155500 -0.426100 -0.891200
vn -0.780900 -0.439300 0.444200
vn -0.827600 -0.465600 0.313600
vn -0.859900 -0.483800 0.162900
vn -0.871500 -0.490300 0.000000
vn -0.859900 -0.483800 -0.162900
vn -0.827600 -0.465600 -0.313600
vn -0.780900 -0.439300 -0.444200
vn -0.108300 -0.990700 0.082600
vn -0.223300 -0.959700 0.170500
vn -0.340800 -0.903400 0.260300
vn -0.451800 -0.822600 0.345200
vn -0.548200 -0.723800 0.419000
vn -0.625500 -0.616600 0.478100
vn -0.683400 -0.510000 0.522400
vn 0.856100 -0.516800 0.000000
vn 0.781900 -0.623400 0.000000
vn 0.683500 -0.730000 0.000000
vn 0.561700 -0.827300 0.000000
vn 0.422500 -0.906300 0.000000
vn 0.276200 -0.961100 0.000000
vn 0.133700 -0.991000 0.000000
vn 0.374400 -0.428700 -0.822200
vn 0.483000 -0.455000 -0.748100
vn 0.593000 -0.474400 -0.650700
vn 0.695500 -0.483600 -0.531500
vn 0.781700 -0.480700 -0.397300
vn 0.846100 -0.466300 -0.258300
vn 0.887700 -0.443200 -0.124600
vn 0.255600 -0.499500 0.827700
vn 0.234800 -0.605900 0.760100
vn 0.206600 -0.714200 0.668800
vn 0.171000 -0.815100 0.553500
vn 0.129500 -0.898600 0.419200
vn 0.085200 -0.957500 0.275500
vn 0.041400 -0.990100 0.133900
vn 0.887700 -0.443200 0.124600
vn 0.846100 -0.466300 0.258300
vn 0.781700 -0.480700 0.397300
vn 0.695500 -0.483600 0.531500
vn 0.593000 -0.474400 0.650700
vn 0.483000 -0.455000 0.748100
vn 0.374400 -0.428700 0.822200
vn 0.155500 -0.426100 0.891200
vn 0.027000 -0.449400 0.892900
vn -0.114100 -0.466100 0.877400
vn -0.260000 -0.473300 0.841700
vn -0.401100 -0.469800 0.786400
vn -0.528400 -0.456100 0.716100
vn -0.636200 -0.434800 0.637300
vn -0.942000 0.326900 -0.076000
vn -0.961000 0.227900 -0.157000
vn -0.963400 0.117100 -0.241100
vn -0.946300 -0.000000 -0.323400
vn -0.909700 -0.116600 -0.398600
vn -0.857200 -0.225800 -0.462900
vn -0.794400 -0.322900 -0.514400
vn -0.794400 -0.322900 0.514400
vn -0.857200 -0.225800 0.462900
vn -0.909700 -0.116600 0.398600
vn -0.946300 -0.000000 0.323400
vn -0.963400 0.117100 0.241100
vn -0.961000 0.227900 0.157000
vn -0.942000 0.326900 0.076000
vn -0.212900 0.313200 -0.925500
vn -0.148000 0.217700 -0.964700
vn -0.076000 0.111800 -0.990800
vn 0.076000 -0.111800 -0.990800
vn 0.148000 -0.217700 -0.964700
vn 0.212900 -0.313200 -0.925500
vn -0.705800 -0.320700 -0.631700
vn -0.673800 -0.222600 -0.704600
vn -0.627800 -0.114100 -0.770000
vn -0.568300 -0.000000 -0.822800
vn -0.498500 0.113200 -0.859500
vn -0.422800 0.219500 -0.879300
vn -0.346100 0.314500 -0.883900
vn 0.794400 0.322900 -0.514400
vn 0.857200 0.225800 -0.462900
vn 0.909700 0.116600 -0.398600
vn 0.946300 -0.000000 -0.323400
vn 0.963400 -0.117100 -0.241100
vn 0.961000 -0.227900 -0.157000
vn 0.942000 -0.326900 -0.076000
vn 0.346100 -0.314500 -0.883900
vn 0.422800 -0.219500 -0.879300
vn 0.498500 -0.113200 -0.859500
vn 0.568300 -0.000000 -0.822800
vn 0.627800 0.114100 -0.770000
vn 0.673800 0.222600 -0.704600
vn 0.705800 0.320700 -0.631700
vn 0.705800 0.320700 0.631700
vn 0.673800 0.222600 0.704600
vn 0.627800 0.114100 0.770000
vn 0.568300 -0.000000 0.822800
vn 0.498500 -0.113200 0.859500
vn 0.422800 -0.219500 0.879300
vn 0.346100 -0.314500 0.883900
vn 0.942000 -0.326900 0.076000
vn 0.961000 -0.227900 0.157000
vn 0.963400 -0.117100 0.241100
vn 0.946300 -0.000000 0.323400
vn 0.909700 0.116600 0.398600
vn 0.857200 0.225800 0.462900
vn 0.794400 0.322900 0.514400
vn -0.346100 0.314500 0.883900
vn -0.422800 0.219500 0.879300
vn -0.498400 0.113200 0.859500
vn -0.568300 -0.000000 0.822800
vn -0.627800 -0.114100 0.770000
vn -0.673800 -0.222600 0.704600
vn -0.705800 -0.320700 0.631700
vn 0.212900 -0.313200 0.925500
vn 0.148000 -0.217700 0.964700
vn 0.076000 -0.111800 0.990800
vn -0.076000 0.111800 0.990800
vn -0.148000 0.217700 0.964700
vn -0.212900 0.313200 0.925500
vn -0.887700 0.443200 -0.124600
vn -0.846100 0.466300 -0.258300
vn -0.781700 0.480700 -0.397300
vn -0.695500 0.483600 -0.531500
vn -0.593000 0.474400 -0.650700
vn -0.483000 0.455000 -0.748100
vn -0.374400 0.428700 -0.822200
vn -0.155500 0.426100 -0.891200
vn -0.027000 0.449400 -0.892900
vn 0.114100 0.466100 -0.877400
vn 0.260000 0.473300 -0.841700
vn 0.401100 0.469800 -0.786400
vn 0.528400 0.456100 -0.716100
vn 0.636200 0.434800 -0.637300
vn 0.780900 0.439300 -0.444200
vn 0.827600 0.465600 -0.313600
vn 0.859900 0.483800 -0.162900
vn 0.871500 0.490300 0.000000
vn 0.859900 0.483800 0.162900
vn 0.827600 0.465600 0.313600
vn 0.780900 0.439300 0.444200
vn 0.636200 0.434800 0.637300
vn 0.528400 0.456100 0.716100
vn 0.401100 0.469800 0.786400
vn 0.260000 0.473300 0.841700
vn 0.114100 0.466100 0.877400
vn -0.027000 0.449400 0.892900
vn -0.155500 0.426100 0.891200
vn -0.374400 0.428700 0.822200
vn -0.483000 0.455000 0.748100
vn -0.593000 0.474400 0.650700
vn -0.695500 0.483600 0.531500
vn -0.781700 0.480700 0.397300
vn -0.846100 0.466300 0.258300
vn -0.887700 0.443200 0.124600
vn -0.041400 0.990100 -0.133900
vn -0.085200 0.957500 -0.275500
vn -0.129500 0.898600 -0.419200
vn -0.171000 0.815100 -0.553500
vn -0.206600 0.714200 -0.668800
vn -0.234700 0.605900 -0.760100
vn -0.255600 0.499500 -0.827700
vn -0.856100 0.516800 0.000000
vn -0.781900 0.623400 0.000000
vn -0.683500 0.730000 0.000000
vn -0.561700 0.827300 0.000000
vn -0.422500 0.906300 0.000000
vn -0.276200 0.961100 0.000000
vn -0.133700 0.991000 0.000000
vn 0.108300 0.990700 -0.082600
vn 0.223300 0.959700 -0.170500
vn 0.340800 0.903400 -0.260300
vn 0.451800 0.822600 -0.345200
vn 0.548200 0.723800 -0.419000
vn 0.625500 0.616600 -0.478100
vn 0.683400 0.510000 -0.522400
vn 0.108300 0.990700 0.082600
vn 0.223300 0.959700 0.170500
vn 0.340800 0.903400 0.260300
vn 0.451800 0.822600 0.345200
vn 0.548200 0.723800 0.419000
vn 0.625500 0.616600 0.478100
vn 0.683400 0.510000 0.522400
vn -0.041400 0.990100 0.133900
vn -0.085200 0.957500 0.275500
vn -0.129500 0.898600 0.419200
vn -0.171000 0.815100 0.553500
vn -0.206600 0.714200 0.668800
vn -0.234800 0.605900 0.760100
vn -0.255600 0.499500 0.827700
vn -0.185500 0.972400 0.141700
vn -0.335700 0.930300 0.147500
vn -0.236400 0.927600 0.289400
vn -0.485000 0.861600 0.149600
vn -0.389500 0.871600 0.297600
vn -0.282900 0.854700 0.435300
vn -0.621100 0.769700 0.147600
vn -0.536100 0.789800 0.297800
vn -0.432800 0.785800 0.441900
vn -0.320700 0.758500 0.567300
vn -0.734900 0.663200 0.141900
vn -0.664400 0.688800 0.290000
vn -0.571200 0.695200 0.436400
vn -0.462100 0.680800 0.568300
vn -0.347800 0.649100 0.676600
vn -0.822800 0.552400 0.133700
vn -0.767600 0.578600 0.275700
vn -0.688400 0.591200 0.420200
vn -0.588900 0.587400 0.555100
vn -0.477700 0.568000 0.670200
vn -0.364800 0.537200 0.760500
vn 0.070700 0.970900 0.229000
vn 0.029500 0.924900 0.379200
vn 0.188400 0.926600 0.325500
vn -0.014400 0.851100 0.524800
vn 0.147800 0.865700 0.478300
vn 0.306500 0.855300 0.417700
vn -0.057300 0.754600 0.653700
vn 0.102200 0.778500 0.619300
vn 0.264300 0.781000 0.565900
vn 0.415400 0.761300 0.497800
vn -0.096100 0.645200 0.757900
vn 0.055600 0.673300 0.737300
vn 0.215000 0.685100 0.696000
vn 0.369600 0.678000 0.635300
vn 0.507900 0.653700 0.561000
vn -0.129000 0.533900 0.835600
vn 0.011800 0.561300 0.827600
vn 0.163500 0.577700 0.799700
vn 0.315900 0.579900 0.750900
vn 0.458000 0.567500 0.684300
vn 0.580900 0.543000 0.606400
vn 0.229500 0.973300 0.000000
vn 0.354300 0.931000 0.088300
vn 0.354300 0.931000 -0.088300
vn 0.475800 0.861200 0.178700
vn 0.483500 0.875300 0.000000
vn 0.475800 0.861200 -0.178700
vn 0.583600 0.767900 0.263900
vn 0.602500 0.792900 0.090800
vn 0.602500 0.792900 -0.090800
vn 0.583600 0.767900 -0.263900
vn 0.670800 0.660200 0.338000
vn 0.701400 0.690500 0.176600
vn 0.712600 0.701600 0.000000
vn 0.701400 0.690500 -0.176600
vn 0.670800 0.660200 -0.338000
vn 0.735300 0.548600 0.397900
vn 0.775600 0.579000 0.251600
vn 0.798300 0.596100 0.086300
vn 0.798300 0.596100 -0.086300
vn 0.775600 0.579000 -0.251600
vn 0.735300 0.548600 -0.397900
vn 0.070700 0.970900 -0.229000
vn 0.188400 0.926600 -0.325500
vn 0.029500 0.924900 -0.379200
vn 0.306500 0.855300 -0.417700
vn 0.147800 0.865700 -0.478300
vn -0.014400 0.851100 -0.524800
vn 0.415400 0.761300 -0.497800
vn 0.264300 0.781000 -0.565900
vn 0.102200 0.778500 -0.619300
vn -0.057300 0.754600 -0.653700
vn 0.507900 0.653700 -0.561000
vn 0.369600 0.678000 -0.635300
vn 0.215000 0.685100 -0.696000
vn 0.055600 0.673300 -0.737300
vn -0.096100 0.645200 -0.757900
vn 0.580900 0.543000 -0.606400
vn 0.458000 0.567500 -0.684300
vn 0.315900 0.579900 -0.750900
vn 0.163500 0.577700 -0.799700
vn 0.011800 0.561300 -0.827600
vn -0.129000 0.533900 -0.835600
vn -0.185500 0.972400 -0.141700
vn -0.236400 0.927600 -0.289400
vn -0.335700 0.930300 -0.147500
vn -0.282900 0.854700 -0.435300
vn -0.389500 0.871600 -0.297600
vn -0.485000 0.861600 -0.149600
vn -0.320700 0.758500 -0.567300
vn -0.432800 0.785800 -0.441900
vn -0.536100 0.789800 -0.297800
vn -0.621100 0.769700 -0.147600
vn -0.347800 0.649100 -0.676600
vn -0.462100 0.680800 -0.568300
vn -0.571200 0.695200 -0.436400
vn -0.664500 0.688800 -0.290000
vn -0.734900 0.663200 -0.141900
vn -0.364800 0.537200 -0.760500
vn -0.477700 0.568000 -0.670200
vn -0.588900 0.587400 -0.555100
vn -0.688400 0.591200 -0.420200
vn -0.767600 0.578600 -0.275700
vn -0.822800 0.552400 -0.133700
vn -0.912900 0.348700 0.212100
vn -0.922200 0.241900 0.301900
vn -0.861400 0.364000 0.354300
vn -0.912400 0.124100 0.390000
vn -0.858400 0.249800 0.448000
vn -0.784800 0.371000 0.496500
vn -0.882400 0.002100 0.470500
vn -0.835800 0.126500 0.534300
vn -0.769100 0.251300 0.587700
vn -0.686400 0.368400 0.627000
vn -0.834600 -0.116300 0.538500
vn -0.794600 0.002100 0.607200
vn -0.735600 0.125500 0.665700
vn -0.660400 0.246100 0.709400
vn -0.574500 0.356500 0.736800
vn -0.774300 -0.224500 0.591700
vn -0.739200 -0.115400 0.663500
vn -0.687600 0.002100 0.726100
vn -0.620600 0.121300 0.774700
vn -0.542500 0.235200 0.806400
vn -0.459200 0.337900 0.821500
vn -0.086600 0.334300 0.938500
vn -0.011500 0.231600 0.972700
vn 0.052200 0.350500 0.935100
vn 0.067800 0.118900 0.990600
vn 0.134800 0.240800 0.961200
vn 0.200400 0.360200 0.911100
vn 0.147000 0.002000 0.989100
vn 0.217500 0.122400 0.968400
vn 0.286200 0.244800 0.926400
vn 0.348500 0.361700 0.864700
vn 0.221500 -0.112500 0.968600
vn 0.295100 0.002100 0.955400
vn 0.366900 0.122900 0.922100
vn 0.431800 0.242900 0.868600
vn 0.486300 0.354800 0.798500
vn 0.288000 -0.218600 0.932400
vn 0.363600 -0.113000 0.924700
vn 0.437700 0.002000 0.899100
vn 0.505300 0.120500 0.854500
vn 0.562100 0.235500 0.792800
vn 0.605700 0.340700 0.719100
vn 0.852600 0.346900 0.390800
vn 0.914100 0.241700 0.325700
vn 0.897700 0.365200 0.246600
vn 0.960300 0.124600 0.249600
vn 0.952800 0.251900 0.169600
vn 0.923000 0.375400 0.084500
vn 0.986100 0.002100 0.166400
vn 0.988000 0.128300 0.085600
vn 0.966800 0.255600 0.000000
vn 0.923000 0.375400 -0.084500
vn 0.989700 -0.117900 0.081400
vn 1.000000 0.002200 0.000000
vn 0.988000 0.128300 -0.085600
vn 0.952800 0.251900 -0.169600
vn 0.897700 0.365200 -0.246600
vn 0.973600 -0.228300 0.000000
vn 0.989700 -0.117900 -0.081400
vn 0.986100 0.002100 -0.166400
vn 0.960300 0.124600 -0.249600
vn 0.914100 0.241700 -0.325700
vn 0.852600 0.346900 -0.390800
vn 0.605700 0.340700 -0.719100
vn 0.562100 0.235500 -0.792800
vn 0.486300 0.354800 -0.798500
vn 0.505300 0.120500 -0.854500
vn 0.431800 0.242900 -0.868600
vn 0.348500 0.361700 -0.864700
vn 0.437700 0.002000 -0.899100
vn 0.366900 0.122900 -0.922100
vn 0.286200 0.244800 -0.926400
vn 0.200400 0.360200 -0.911100
vn 0.363600 -0.113000 -0.924700
vn 0.295100 0.002100 -0.955400
vn 0.217500 0.122400 -0.968400
vn 0.134800 0.240800 -0.961200
vn 0.052200 0.350500 -0.935100
vn 0.288000 -0.218600 -0.932400
vn 0.221500 -0.112500 -0.968600
vn 0.147000 0.002000 -0.989100
vn 0.067800 0.118900 -0.990600
vn -0.011500 0.231600 -0.972700
vn -0.086600 0.334300 -0.938500
vn -0.459200 0.337900 -0.821500
vn -0.542500 0.235200 -0.806400
vn -0.574500 0.356500 -0.736800
vn -0.620600 0.121300 -0.774700
vn -0.660400 0.246100 -0.709400
vn -0.686400 0.368300 -0.627000
vn -0.687600 0.002100 -0.726100
vn -0.735600 0.125500 -0.665700
vn -0.769100 0.251300 -0.587700
vn -0.784800 0.371000 -0.496500
vn -0.739200 -0.115400 -0.663500
vn -0.794600 0.002100 -0.607200
vn -0.835800 0.126500 -0.534300
vn -0.858400 0.249800 -0.448000
vn -0.861400 0.364000 -0.354300
vn -0.774300 -0.224500 -0.591700
vn -0.834600 -0.116300 -0.538500
vn -0.882400 0.002100 -0.470500
vn -0.912400 0.124100 -0.390000
vn -0.922200 0.241900 -0.301900
vn -0.912900 0.348700 -0.212100
vn -0.288000 0.218600 0.932400
vn -0.363600 0.113000 0.924700
vn -0.221500 0.112500 0.968600
vn -0.437700 -0.002000 0.899100
vn -0.295100 -0.002100 0.955400
vn -0.147000 -0.002000 0.989100
vn -0.505300 -0.120500 0.854500
vn -0.366900 -0.122900 0.922100
vn -0.217500 -0.122400 0.968400
vn -0.067800 -0.118900 0.990600
vn -0.562100 -0.235500 0.792800
vn -0.431800 -0.242900 0.868600
vn -0.286200 -0.244800 0.926400
vn -0.134800 -0.240800 0.961200
vn 0.011500 -0.231600 0.972700
vn -0.605700 -0.340700 0.719100
vn -0.486300 -0.354800 0.798500
vn -0.348500 -0.361700 0.864700
vn -0.200400 -0.360200 0.911100
vn -0.052200 -0.350500 0.935100
vn 0.086600 -0.334300 0.938500
vn 0.774300 0.224500 0.591700
vn 0.739200 0.115400 0.663500
vn 0.834600 0.116300 0.538500
vn 0.687600 -0.002100 0.726100
vn 0.794600 -0.002100 0.607200
vn 0.882400 -0.002100 0.470500
vn 0.620600 -0.121300 0.774700
vn 0.735600 -0.125500 0.665700
vn 0.835800 -0.126500 0.534300
vn 0.912400 -0.124100 0.390000
vn 0.542500 -0.235200 0.806400
vn 0.660400 -0.246100 0.709400
vn 0.769100 -0.251300 0.587700
vn 0.858400 -0.249800 0.448000
vn 0.922200 -0.241900 0.301900
vn 0.459200 -0.337900 0.821500
vn 0.574500 -0.356500 0.736800
vn 0.686400 -0.368300 0.627000
vn 0.784800 -0.371000 0.496500
vn 0.861400 -0.364000 0.354300
vn 0.912900 -0.348700 0.212100
vn 0.774300 0.224500 -0.591700
vn 0.834600 0.116300 -0.538500
vn 0.739200 0.115400 -0.663500
vn 0.882400 -0.002100 -0.470500
vn 0.794600 -0.002100 -0.607200
vn 0.687600 -0.002100 -0.726100
vn 0.912400 -0.124100 -0.390000
vn 0.835800 -0.126500 -0.534300
vn 0.735600 -0.125500 -0.665700
vn 0.620600 -0.121300 -0.774700
vn 0.922200 -0.241900 -0.301900
vn 0.858400 -0.249800 -0.448000
vn 0.769100 -0.251300 -0.587700
vn 0.660400 -0.246100 -0.709400
vn 0.542500 -0.235200 -0.806400
vn 0.912900 -0.348700 -0.212100
vn 0.861400 -0.364000 -0.354300
vn 0.784800 -0.371000 -0.496500
vn 0.686400 -0.368400 -0.627000
vn 0.574500 -0.356500 -0.736800
vn 0.459200 -0.337900 -0.821500
vn -0.288000 0.218600 -0.932400
vn -0.221500 0.112500 -0.968600
vn -0.363600 0.113000 -0.924700
vn -0.147000 -0.002000 -0.989100
vn -0.295100 -0.002100 -0.955400
vn -0.437700 -0.002000 -0.899100
vn -0.067800 -0.118900 -0.990600
vn -0.217500 -0.122400 -0.968400
vn -0.366900 -0.122900 -0.922100
vn -0.505300 -0.120500 -0.854500
vn 0.011500 -0.231600 -0.972700
vn -0.134800 -0.240800 -0.961200
vn -0.286200 -0.244800 -0.926400
vn -0.431800 -0.242900 -0.868600
vn -0.562100 -0.235500 -0.792800
vn 0.086600 -0.334300 -0.938500
vn -0.052200 -0.350500 -0.935100
vn -0.200400 -0.360200 -0.911100
vn -0.348500 -0.361700 -0.864700
vn -0.486300 -0.354800 -0.798500
vn -0.605700 -0.340700 -0.719100
vn -0.973600 0.228300 0.000000
vn -0.989700 0.117900 -0.081400
vn -0.989700 0.117900 0.081400
vn -0.986100 -0.002100 -0.166400
vn -1.000000 -0.002200 0.000000
vn -0.986100 -0.002100 0.166400
vn -0.960300 -0.124600 -0.249600
vn -0.988000 -0.128300 -0.085600
vn -0.988000 -0.128300 0.085600
vn -0.960300 -0.124600 0.249600
vn -0.914100 -0.241700 -0.325700
vn -0.952800 -0.251900 -0.169600
vn -0.966800 -0.255600 0.000000
vn -0.952800 -0.251900 0.169600
vn -0.914100 -0.241700 0.325700
vn -0.852600 -0.346900 -0.390800
vn -0.897700 -0.365200 -0.246600
vn -0.923000 -0.375400 -0.084500
vn -0.923000 -0.375400 0.084500
vn -0.897700 -0.365200 0.246600
vn -0.852600 -0.346900 0.390800
vn -0.580900 -0.543000 0.606400
vn -0.507900 -0.653700 0.561000
vn -0.458000 -0.567500 0.684300
vn -0.415400 -0.761300 0.497800
vn -0.369600 -0.678000 0.635300
vn -0.315900 -0.579900 0.750900
vn -0.306500 -0.855300 0.417700
vn -0.264300 -0.781000 0.565900
vn -0.215000 -0.685100 0.696000
vn -0.163500 -0.577700 0.799700
vn -0.188400 -0.926600 0.325500
vn -0.147800 -0.865700 0.478300
vn -0.102200 -0.778500 0.619300
vn -0.055600 -0.673300 0.737300
vn -0.011800 -0.561300 0.827600
vn -0.070700 -0.970900 0.229000
vn -0.029500 -0.924900 0.379200
vn 0.014400 -0.851100 0.524800
vn 0.057300 -0.754600 0.653700
vn 0.096100 -0.645200 0.757900
vn 0.129000 -0.533900 0.835600
vn 0.364800 -0.537200 0.760500
vn 0.347800 -0.649100 0.676600
vn 0.477700 -0.568000 0.670200
vn 0.320700 -0.758500 0.567300
vn 0.462100 -0.680800 0.568300
vn 0.588900 -0.587400 0.555100
vn 0.282900 -0.854700 0.435300
vn 0.432800 -0.785800 0.441900
vn 0.571200 -0.695200 0.436400
vn 0.688400 -0.591200 0.420200
vn 0.236400 -0.927600 0.289400
vn 0.389500 -0.871600 0.297600
vn 0.536100 -0.789800 0.297800
vn 0.664500 -0.688800 0.290000
vn 0.767600 -0.578600 0.275700
vn 0.185500 -0.972400 0.141700
vn 0.335700 -0.930300 0.147500
vn 0.485000 -0.861600 0.149600
vn 0.621100 -0.769700 0.147600
vn 0.734900 -0.663200 0.141900
vn 0.822800 -0.552400 0.133700
vn 0.822800 -0.552400 -0.133700
vn 0.734900 -0.663200 -0.141900
vn 0.767600 -0.578600 -0.275700
vn 0.621100 -0.769700 -0.147600
vn 0.664500 -0.688800 -0.290000
vn 0.688400 -0.591200 -0.420200
vn 0.485000 -0.861600 -0.149600
vn 0.536100 -0.789800 -0.297800
vn 0.571200 -0.695200 -0.436400
vn 0.588900 -0.587400 -0.555100
vn 0.335700 -0.930300 -0.147500
vn 0.389500 -0.871600 -0.297600
vn 0.432800 -0.785800 -0.441900
vn 0.462100 -0.680800 -0.568300
vn 0.477700 -0.568000 -0.670200
vn 0.185500 -0.972400 -0.141700
vn 0.236400 -0.927600 -0.289400
vn 0.282900 -0.854700 -0.435300
vn 0.320700 -0.758500 -0.567300
vn 0.347800 -0.649100 -0.676600
vn 0.364800 -0.537200 -0.760500
vn -0.735300 -0.548600 0.397900
vn -0.775600 -0.579000 0.251600
vn -0.670800 -0.660200 0.338000
vn -0.798300 -0.596100 0.086300
vn -0.701400 -0.690500 0.176600
vn -0.583600 -0.767900 0.263900
vn -0.798300 -0.596100 -0.086300
vn -0.712600 -0.701600 0.000000
vn -0.602500 -0.792900 0.090800
vn -0.475800 -0.861200 0.178700
vn -0.775600 -0.579000 -0.251600
vn -0.701400 -0.690500 -0.176600
vn -0.602500 -0.792900 -0.090800
vn -0.483600 -0.875300 0.000000
vn -0.354300 -0.931000 0.088300
vn -0.735300 -0.548600 -0.397900
vn -0.670800 -0.660200 -0.338000
vn -0.583600 -0.767900 -0.263900
vn -0.475800 -0.861200 -0.178700
vn -0.354300 -0.931000 -0.088300
vn -0.229500 -0.973300 0.000000
vn 0.129000 -0.533900 -0.835600
vn 0.096100 -0.645200 -0.757900
vn -0.011800 -0.561300 -0.827600
vn 0.057300 -0.754600 -0.653700
vn -0.055600 -0.673300 -0.737300
vn -0.163500 -0.577700 -0.799700
vn 0.014400 -0.851100 -0.524800
vn -0.102200 -0.778500 -0.619300
vn -0.215000 -0.685100 -0.696000
vn -0.315900 -0.579900 -0.750900
vn -0.029500 -0.924900 -0.379200
vn -0.147800 -0.865700 -0.478300
vn -0.264300 -0.781000 -0.565900
vn -0.369600 -0.678000 -0.635300
vn -0.458000 -0.567500 -0.684300
vn -0.070700 -0.970900 -0.229000
vn -0.188400 -0.926600 -0.325500
vn -0.306500 -0.855300 -0.417700
vn -0.415400 -0.761300 -0.497800
vn -0.507900 -0.653700 -0.561000
vn -0.580900 -0.543000 -0.606400
vn -0.001600 -1.000000 0.000000
vn -0.862600 -0.205100 -0.462500
vn 0.380200 -0.246200 -0.891500
vn 0.982500 -0.186300 0.000000
vn 0.380200 -0.246200 0.891500
vn -0.862600 -0.205100 0.462500
vn -0.380200 0.246200 -0.891500
vn 0.862600 0.205100 -0.462500
vn 0.862600 0.205100 0.462500
vn -0.380200 0.246200 0.891500
vn -0.982500 0.186300 0.000000
vn 0.001600 1.000000 0.000000
vn 0.261300 -0.675200 -0.689800
vn -0.675100 -0.616200 -0.405600
vn -0.368500 -0.322100 -0.872100
vn -0.970600 -0.240600 0.000000
vn -0.675100 -0.616200 0.405600
vn 0.816700 -0.577100 0.000000
vn 0.847600 -0.266400 -0.458800
vn 0.261300 -0.675200 0.689800
vn 0.847600 -0.266400 0.458800
vn -0.368500 -0.322100 0.872100
vn -0.972900 0.000700 -0.231100
vn -0.972900 0.000700 0.231100
vn -0.696300 -0.001900 -0.717700
vn 0.972900 -0.000700 -0.231100
vn 0.696300 0.001900 -0.717700
vn 0.696300 0.001900 0.717700
vn 0.972900 -0.000700 0.231100
vn -0.696300 -0.001900 0.717700
vn -0.847600 0.266400 -0.458800
vn 0.368500 0.322100 -0.872100
vn 0.970600 0.240600 0.000000
vn 0.368500 0.322100 0.872100
vn -0.847600 0.266400 0.458800
vn -0.261300 0.675200 -0.689800
vn -0.816700 0.577100 0.000000
vn 0.675100 0.616200 -0.405600
vn 0.675100 0.616200 0.405600
vn -0.261300 0.675200 0.689800
vn -0.747200 -0.383400 -0.542900
vn 0.285400 -0.383400 -0.878400
vn 0.923600 -0.383400 0.000000
vn 0.285400 -0.383400 0.878400
vn -0.747200 -0.383400 0.542900
vn -0.285400 0.383400 -0.878400
vn 0.747200 0.383400 -0.542900
vn 0.747200 0.383400 0.542900
vn -0.285400 0.383400 0.878400
vn -0.923600 0.383400 0.000000
vn 0.183600 -0.804300 -0.565100
vn -0.480700 -0.804300 -0.349200
vn -0.274300 -0.460600 -0.844100
vn -0.887600 -0.460600 0.000000
vn -0.480700 -0.804300 0.349200
vn 0.594200 -0.804300 0.000000
vn 0.718100 -0.460600 -0.521700
vn 0.183600 -0.804300 0.565100
vn 0.718100 -0.460600 0.521700
vn -0.274300 -0.460600 0.844100
vn -0.718100 0.460600 -0.521700
vn 0.274300 0.460600 -0.844100
vn 0.887600 0.460600 0.000000
vn 0.274300 0.460600 0.844100
vn -0.718100 0.460600 0.521700
vn -0.183600 0.804300 -0.565100
vn -0.594200 0.804300 0.000000
vn 0.480700 0.804300 -0.349200
vn 0.480700 0.804300 0.349200
vn -0.183600 0.804300 0.565100
vn 0.577400 -0.577400 -0.577400
vn 0.577400 0.577400 -0.577400
vn 0.577400 -0.577400 0.577400
vn 0.577400 0.577400 0.577400
vn -0.577400 -0.577400 -0.577400
vn -0.577400 0.577400 -0.577400
vn -0.577400 -0.577400 0.577400
vn -0.577400 0.577400 0.577400
vn -0.775700 -0.367800 -0.512800
vn 0.309600 -0.385800 -0.869100
vn 0.934000 -0.357400 0.000000
vn 0.309600 -0.385800 0.869100
vn -0.775700 -0.367800 0.512800
vn -0.309600 0.385800 -0.869100
vn 0.775700 0.367800 -0.512800
vn 0.775700 0.367800 0.512800
vn -0.309600 0.385800 0.869100
vn -0.934000 0.357400 0.000000
vn 0.196000 -0.806700 -0.557500
vn -0.507400 -0.791700 -0.340200
vn -0.297200 -0.463800 -0.834600
vn -0.901500 -0.432900 0.000000
vn -0.507400 -0.791700 0.340200
vn 0.622600 -0.782500 0.000000
vn 0.747300 -0.444200 -0.494200
vn 0.196000 -0.806700 0.557500
vn 0.747300 -0.444200 0.494200
vn -0.297200 -0.463800 0.834600
vn -0.958900 0.000600 -0.283700
vn -0.958900 0.000600 0.283700
vn -0.622600 -0.001100 -0.782500
vn 0.958900 -0.000600 -0.283700
vn 0.622600 0.001100 -0.782500
vn 0.622600 0.001100 0.782500
vn 0.958900 -0.000600 0.283700
vn -0.622600 -0.001100 0.782500
vn -0.747300 0.444200 -0.494200
vn 0.297200 0.463800 -0.834600
vn 0.901500 0.432900 0.000000
vn 0.297200 0.463800 0.834600
vn -0.747300 0.444200 0.494200
vn -0.196000 0.806700 -0.557500
vn -0.622600 0.782500 0.000000
vn 0.507400 0.791700 -0.340200
vn 0.507400 0.791700 0.340200
vn -0.196000 0.806700 0.557500
vn 0.467900 -0.218300 0.856400
vn 0.234800 0.871900 0.429800
vn -0.496800 -0.417700 0.760700
vn -0.634900 0.692000 0.343500
vn -0.652300 -0.740500 -0.161800
vn -0.775100 0.401000 -0.488300
vn 0.216200 -0.740500 -0.636300
vn 0.008000 0.401000 -0.916000
vn 0.908500 -0.417700 -0.007000
vn 0.632100 0.692000 -0.348600
vn -0.467900 -0.218300 0.856400
vn -0.234800 0.871900 0.429800
vn -0.908500 -0.417700 -0.007000
vn -0.632100 0.692000 -0.348600
vn -0.216300 -0.740500 -0.636300
vn -0.008000 0.401000 -0.916000
vn 0.652300 -0.740500 -0.161800
vn 0.775100 0.401000 -0.488300
vn 0.496800 -0.417700 0.760700
vn 0.634900 0.692000 0.343500
vn -0.000000 -0.377300 0.926100
vn -0.000000 0.830100 0.557700
vn -0.580800 -0.429800 0.691300
vn -0.512900 0.783700 0.350300
vn -0.821400 -0.556600 0.124500
vn -0.725400 0.671800 -0.150200
vn -0.580800 -0.683300 -0.442400
vn -0.512900 0.559800 -0.650800
vn -0.000000 -0.735800 -0.677200
vn -0.000000 0.513500 -0.858100
vn 0.580800 -0.683300 -0.442400
vn 0.512900 0.559800 -0.650800
vn 0.821400 -0.556600 0.124500
vn 0.725400 0.671800 -0.150200
vn 0.580800 -0.429800 0.691300
vn 0.512900 0.783700 0.350300
vn 0.165600 -0.379500 0.910200
vn 0.112900 0.776100 0.620500
vn -0.713000 -0.493600 0.497900
vn -0.703300 0.670100 0.237400
vn -0.579000 -0.678300 -0.452400
vn -0.578800 0.498500 -0.645300
vn 0.382500 -0.678300 -0.627400
vn 0.314400 0.498500 -0.807900
vn 0.842700 -0.493600 0.214800
vn 0.741900 0.670100 -0.025600
vn -0.165600 -0.379500 0.910200
vn -0.112900 0.776100 0.620500
vn -0.842700 -0.493600 0.214800
vn -0.741900 0.670100 -0.025600
vn -0.382500 -0.678300 -0.627400
vn -0.314400 0.498500 -0.807900
vn 0.579000 -0.678300 -0.452400
vn 0.578800 0.498500 -0.645300
vn 0.713000 -0.493600 0.497900
vn 0.703300 0.670100 0.237400
vn -1.000000 -0.000000 0.000000
vn -0.868700 -0.000000 -0.495400
vn -0.508000 -0.000000 -0.861400
vn -0.010800 -0.000000 -0.999900
vn 0.491800 -0.000000 -0.870700
vn 0.863300 -0.000000 -0.504700
vn 1.000000 -0.000000 0.000000
vn 0.863300 -0.000000 0.504700
vn 0.491800 -0.000000 0.870700
vn -0.010800 -0.000000 0.999900
vn -0.508000 -0.000000 0.861400
vn -0.868700 -0.000000 0.495400
vn -0.991400 0.130500 0.000000
vn -0.861200 0.113400 -0.495400
vn -0.503600 0.066300 -0.861400
vn -0.010700 0.001400 -0.999900
vn 0.487600 -0.064200 -0.870700
vn 0.855900 -0.112700 -0.504700
vn 0.991400 -0.130500 0.000000
vn 0.855900 -0.112700 0.504700
vn 0.487600 -0.064200 0.870700
vn -0.010700 0.001400 0.999900
vn -0.503600 0.066300 0.861400
vn -0.861200 0.113400 0.495400
vn -0.965900 0.258800 0.000000
vn -0.839100 0.224800 -0.495400
vn -0.490700 0.131500 -0.861400
vn -0.010400 0.002800 -0.999900
vn 0.475100 -0.127300 -0.870700
vn 0.833900 -0.223400 -0.504700
vn 0.965900 -0.258800 0.000000
vn 0.833900 -0.223400 0.504700
vn 0.475100 -0.127300 0.870700
vn -0.010400 0.002800 0.999900
vn -0.490700 0.131500 0.861400
vn -0.839100 0.224800 0.495400
vn -0.923900 0.382700 0.000000
vn -0.802500 0.332400 -0.495400
vn -0.469300 0.194400 -0.861400
vn -0.010000 0.004100 -0.999900
vn 0.454400 -0.188200 -0.870700
vn 0.797600 -0.330400 -0.504700
vn 0.923900 -0.382700 0.000000
vn 0.797600 -0.330400 0.504700
vn 0.454400 -0.188200 0.870700
vn -0.010000 0.004100 0.999900
vn -0.469300 0.194400 0.861400
vn -0.802500 0.332400 0.495400
vn -0.866000 0.500000 0.000000
vn -0.752300 0.434300 -0.495400
vn -0.439900 0.254000 -0.861400
vn -0.009300 0.005400 -0.999900
vn 0.425900 -0.245900 -0.870700
vn 0.747600 -0.431600 -0.504700
vn 0.866000 -0.500000 0.000000
vn 0.747600 -0.431600 0.504700
vn 0.425900 -0.245900 0.870700
vn -0.009300 0.005400 0.999900
vn -0.439900 0.254000 0.861400
vn -0.752300 0.434300 0.495400
vn -0.793400 0.608800 0.000000
vn -0.689200 0.528800 -0.495400
vn -0.403000 0.309200 -0.861400
vn -0.008500 0.006600 -0.999900
vn 0.390200 -0.299400 -0.870700
vn 0.684900 -0.525500 -0.504700
vn 0.793400 -0.608800 0.000000
vn 0.684900 -0.525500 0.504700
vn 0.390200 -0.299400 0.870700
vn -0.008500 0.006600 0.999900
vn -0.403000 0.309200 0.861400
vn -0.689200 0.528800 0.495400
vn -0.707100 0.707100 0.000000
vn -0.614200 0.614200 -0.495400
vn -0.359200 0.359200 -0.861400
vn -0.007600 0.007600 -0.999900
vn 0.347800 -0.347800 -0.870700
vn 0.610400 -0.610400 -0.504700
vn 0.707100 -0.707100 0.000000
vn 0.610400 -0.610400 0.504700
vn 0.347800 -0.347800 0.870700
vn -0.007600 0.007600 0.999900
vn -0.359200 0.359200 0.861400
vn -0.614200 0.614200 0.495400
vn -0.608800 0.793400 0.000000
vn -0.528800 0.689200 -0.495400
vn -0.309200 0.403000 -0.861400
vn -0.006600 0.008500 -0.999900
vn 0.299400 -0.390200 -0.870700
vn 0.525500 -0.684900 -0.504700
vn 0.608800 -0.793400 0.000000
vn 0.525500 -0.684900 0.504700
vn 0.299400 -0.390200 0.870700
vn -0.006600 0.008500 0.999900
vn -0.309200 0.403000 0.861400
vn -0.528800 0.689200 0.495400
vn -0.500000 0.866000 0.000000
vn -0.434300 0.752300 -0.495400
vn -0.254000 0.439900 -0.861400
vn -0.005400 0.009300 -0.999900
vn 0.245900 -0.425900 -0.870700
vn 0.431600 -0.747600 -0.504700
vn 0.500000 -0.866000 0.000000
vn 0.431600 -0.747600 0.504700
vn 0.245900 -0.425900 0.870700
vn -0.005400 0.009300 0.999900
vn -0.254000 0.439900 0.861400
vn -0.434300 0.752300 0.495400
vn -0.382700 0.923900 0.000000
vn -0.332400 0.802500 -0.495400
vn -0.194400 0.469300 -0.861400
vn -0.004100 0.010000 -0.999900
vn 0.188200 -0.454400 -0.870700
vn 0.330400 -0.797600 -0.504700
vn 0.382700 -0.923900 0.000000
vn 0.330400 -0.797600 0.504700
vn 0.188200 -0.454400 0.870700
vn -0.004100 0.010000 0.999900
vn -0.194400 0.469300 0.861400
vn -0.332400 0.802500 0.495400
vn -0.258800 0.965900 0.000000
vn -0.224800 0.839100 -0.495400
vn -0.131500 0.490700 -0.861400
vn -0.002800 0.010400 -0.999900
vn 0.127300 -0.475100 -0.870700
vn 0.223400 -0.833900 -0.504700
vn 0.258800 -0.965900 0.000000
vn 0.223400 -0.833900 0.504700
vn 0.127300 -0.475100 0.870700
vn -0.002800 0.010400 0.999900
vn -0.131500 0.490700 0.861400
vn -0.224800 0.839100 0.495400
vn -0.130500 0.991400 0.000000
vn -0.113400 0.861200 -0.495400
vn -0.066300 0.503600 -0.861400
vn -0.001400 0.010700 -0.999900
vn 0.064200 -0.487600 -0.870700
vn 0.112700 -0.855900 -0.504700
vn 0.130500 -0.991400 0.000000
vn 0.112700 -0.855900 0.504700
vn 0.064200 -0.487600 0.870700
vn -0.001400 0.010700 0.999900
vn -0.066300 0.503600 0.861400
vn -0.113400 0.861200 0.495400
vn -0.000000 0.868700 -0.495400
vn -0.000000 0.508000 -0.861400
vn -0.000000 0.010800 -0.999900
vn -0.000000 -0.491800 -0.870700
vn -0.000000 -0.863300 -0.504700
vn -0.000000 -0.863300 0.504700
vn -0.000000 -0.491800 0.870700
vn -0.000000 0.010800 0.999900
vn -0.000000 0.508000 0.861400
vn -0.000000 0.868700 0.495400
vn 0.130500 0.991400 0.000000
vn 0.113400 0.861200 -0.495400
vn 0.066300 0.503600 -0.861400
vn 0.001400 0.010700 -0.999900
vn -0.064200 -0.487600 -0.870700
vn -0.112700 -0.855900 -0.504700
vn -0.130500 -0.991400 0.000000
vn -0.112700 -0.855900 0.504700
vn -0.064200 -0.487600 0.870700
vn 0.001400 0.010700 0.999900
vn 0.066300 0.503600 0.861400
vn 0.113400 0.861200 0.495400
vn 0.258800 0.965900 0.000000
vn 0.224800 0.839100 -0.495400
vn 0.131500 0.490700 -0.861400
vn 0.002800 0.010400 -0.999900
vn -0.127300 -0.475100 -0.870700
vn -0.223400 -0.833900 -0.504700
vn -0.258800 -0.965900 0.000000
vn -0.223400 -0.833900 0.504700
vn -0.127300 -0.475100 0.870700
vn 0.002800 0.010400 0.999900
vn 0.131500 0.490700 0.861400
vn 0.224800 0.839100 0.495400
vn 0.382700 0.923900 0.000000
vn 0.332400 0.802500 -0.495400
vn 0.194400 0.469300 -0.861400
vn 0.004100 0.010000 -0.999900
vn -0.188200 -0.454400 -0.870700
vn -0.330400 -0.797600 -0.504700
vn -0.382700 -0.923900 0.000000
vn -0.330400 -0.797600 0.504700
vn -0.188200 -0.454400 0.870700
vn 0.004100 0.010000 0.999900
vn 0.194400 0.469300 0.861400
vn 0.332400 0.802500 0.495400
vn 0.500000 0.866000 0.000000
vn 0.434300 0.752300 -0.495400
vn 0.254000 0.439900 -0.861400
vn 0.005400 0.009300 -0.999900
vn -0.245900 -0.425900 -0.870700
vn -0.431600 -0.747600 -0.504700
vn -0.500000 -0.866000 0.000000
vn -0.431600 -0.747600 0.504700
vn -0.245900 -0.425900 0.870700
vn 0.005400 0.009300 0.999900
vn 0.254000 0.439900 0.861400
vn 0.434300 0.752300 0.495400
vn 0.608800 0.793400 0.000000
vn 0.528800 0.689200 -0.495400
vn 0.309200 0.403000 -0.861400
vn 0.006600 0.008500 -0.999900
vn -0.299400 -0.390200 -0.870700
vn -0.525500 -0.684900 -0.504700
vn -0.608800 -0.793400 0.000000
vn -0.525500 -0.684900 0.504700
vn -0.299400 -0.390200 0.870700
vn 0.006600 0.008500 0.999900
vn 0.309200 0.403000 0.861400
vn 0.528800 0.689200 0.495400
vn 0.707100 0.707100 0.000000
vn 0.614200 0.614200 -0.495400
vn 0.359200 0.359200 -0.861400
vn 0.007600 0.007600 -0.999900
vn -0.347800 -0.347800 -0.870700
vn -0.610400 -0.610400 -0.504700
vn -0.707100 -0.707100 0.000000
vn -0.610400 -0.610400 0.504700
vn -0.347800 -0.347800 0.870700
vn 0.007600 0.007600 0.999900
vn 0.359200 0.359200 0.861400
vn 0.614200 0.614200 0.495400
vn 0.793400 0.608800 0.000000
vn 0.689200 0.528800 -0.495400
vn 0.403000 0.309200 -0.861400
vn 0.008500 0.006600 -0.999900
vn -0.390200 -0.299400 -0.870700
vn -0.684900 -0.525500 -0.504700
vn -0.793400 -0.608800 0.000000
vn -0.684900 -0.525500 0.504700
vn -0.390200 -0.299400 0.870700
vn 0.008500 0.006600 0.999900
vn 0.403000 0.309200 0.861400
vn 0.689200 0.528800 0.495400
vn 0.866000 0.500000 0.000000
vn 0.752300 0.434300 -0.495400
vn 0.439900 0.254000 -0.861400
vn 0.009300 0.005400 -0.999900
vn -0.425900 -0.245900 -0.870700
vn -0.747600 -0.431600 -0.504700
vn -0.866000 -0.500000 0.000000
vn -0.747600 -0.431600 0.504700
vn -0.425900 -0.245900 0.870700
vn 0.009300 0.005400 0.999900
vn 0.439900 0.254000 0.861400
vn 0.752300 0.434300 0.495400
vn 0.923900 0.382700 0.000000
vn 0.802500 0.332400 -0.495400
vn 0.469300 0.194400 -0.861400
vn 0.010000 0.004100 -0.999900
vn -0.454400 -0.188200 -0.870700
vn -0.797600 -0.330400 -0.504700
vn -0.923900 -0.382700 0.000000
vn -0.797600 -0.330400 0.504700
vn -0.454400 -0.188200 0.870700
vn 0.010000 0.004100 0.999900
vn 0.469300 0.194400 0.861400
vn 0.802500 0.332400 0.495400
vn 0.965900 0.258800 0.000000
vn 0.839100 0.224800 -0.495400
vn 0.490700 0.131500 -0.861400
vn 0.010400 0.002800 -0.999900
vn -0.475100 -0.127300 -0.870700
vn -0.833900 -0.223400 -0.504700
vn -0.965900 -0.258800 0.000000
vn -0.833900 -0.223400 0.504700
vn -0.475100 -0.127300 0.870700
vn 0.010400 0.002800 0.999900
vn 0.490700 0.131500 0.861400
vn 0.839100 0.224800 0.495400
vn 0.991400 0.130500 0.000000
vn 0.861200 0.113400 -0.495400
vn 0.503600 0.066300 -0.861400
vn 0.010700 0.001400 -0.999900
vn -0.487600 -0.064200 -0.870700
vn -0.855900 -0.112700 -0.504700
vn -0.991400 -0.130500 0.000000
vn -0.855900 -0.112700 0.504700
vn -0.487600 -0.064200 0.870700
vn 0.010700 0.001400 0.999900
vn 0.503600 0.066300 0.861400
vn 0.861200 0.113400 0.495400
vn 0.868700 -0.000000 -0.495400
vn 0.508000 -0.000000 -0.861400
vn 0.010800 -0.000000 -0.999900
vn -0.491800 -0.000000 -0.870700
vn -0.863300 -0.000000 -0.504700
vn -0.863300 -0.000000 0.504700
vn -0.491800 -0.000000 0.870700
vn 0.010800 -0.000000 0.999900
vn 0.508000 -0.000000 0.861400
vn 0.868700 -0.000000 0.495400
vn 0.861200 -0.113400 -0.495400
vn 0.503600 -0.066300 -0.861400
vn 0.010700 -0.001400 -0.999900
vn -0.487600 0.064200 -0.870700
vn -0.855900 0.112700 -0.504700
vn -0.855900 0.112700 0.504700
vn -0.487600 0.064200 0.870700
vn 0.010700 -0.001400 0.999900
vn 0.503600 -0.066300 0.861400
vn 0.861200 -0.113400 0.495400
vn 0.839100 -0.224800 -0.495400
vn 0.490700 -0.131500 -0.861400
vn 0.010400 -0.002800 -0.999900
vn -0.475100 0.127300 -0.870700
vn -0.833900 0.223400 -0.504700
vn -0.833900 0.223400 0.504700
vn -0.475100 0.127300 0.870700
vn 0.010400 -0.002800 0.999900
vn 0.490700 -0.131500 0.861400
vn 0.839100 -0.224800 0.495400
vn 0.802500 -0.332400 -0.495400
vn 0.469300 -0.194400 -0.861400
vn 0.010000 -0.004100 -0.999900
vn -0.454400 0.188200 -0.870700
vn -0.797600 0.330400 -0.504700
vn -0.797600 0.330400 0.504700
vn -0.454400 0.188200 0.870700
vn 0.010000 -0.004100 0.999900
vn 0.469300 -0.194400 0.861400
vn 0.802500 -0.332400 0.495400
vn 0.752300 -0.434300 -0.495400
vn 0.439900 -0.254000 -0.861400
vn 0.009300 -0.005400 -0.999900
vn -0.425900 0.245900 -0.870700
vn -0.747600 0.431600 -0.504700
vn -0.747600 0.431600 0.504700
vn -0.425900 0.245900 0.870700
vn 0.009300 -0.005400 0.999900
vn 0.439900 -0.254000 0.861400
vn 0.752300 -0.434300 0.495400
vn 0.689200 -0.528800 -0.495400
vn 0.403000 -0.309200 -0.861400
vn 0.008500 -0.006600 -0.999900
vn -0.390200 0.299400 -0.870700
vn -0.684900 0.525500 -0.504700
vn -0.684900 0.525500 0.504700
vn -0.390200 0.299400 0.870700
vn 0.008500 -0.006600 0.999900
vn 0.403000 -0.309200 0.861400
vn 0.689200 -0.528800 0.495400
vn 0.614200 -0.614200 -0.495400
vn 0.359200 -0.359200 -0.861400
vn 0.007600 -0.007600 -0.999900
vn -0.347800 0.347800 -0.870700
vn -0.610400 0.610400 -0.504700
vn -0.610400 0.610400 0.504700
vn -0.347800 0.347800 0.870700
vn 0.007600 -0.007600 0.999900
vn 0.359200 -0.359200 0.861400
vn 0.614200 -0.614200 0.495400
vn 0.528800 -0.689200 -0.495400
vn 0.309200 -0.403000 -0.861400
vn 0.006600 -0.008500 -0.999900
vn -0.299400 0.390200 -0.870700
vn -0.525500 0.684900 -0.504700
vn -0.525500 0.684900 0.504700
vn -0.299400 0.390200 0.870700
vn 0.006600 -0.008500 0.999900
vn 0.309200 -0.403000 0.861400
vn 0.528800 -0.689200 0.495400
vn 0.434300 -0.752300 -0.495400
vn 0.254000 -0.439900 -0.861400
vn 0.005400 -0.009300 -0.999900
vn -0.245900 0.425900 -0.870700
vn -0.431600 0.747600 -0.504700
vn -0.431600 0.747600 0.504700
vn -0.245900 0.425900 0.870700
vn 0.005400 -0.009300 0.999900
vn 0.254000 -0.439900 0.861400
vn 0.434300 -0.752300 0.495400
vn 0.332400 -0.802500 -0.495400
vn 0.194400 -0.469300 -0.861400
vn 0.004100 -0.010000 -0.999900
vn -0.188200 0.454400 -0.870700
vn -0.330400 0.797600 -0.504700
vn -0.330400 0.797600 0.504700
vn -0.188200 0.454400 0.870700
vn 0.004100 -0.010000 0.999900
vn 0.194400 -0.469300 0.861400
vn 0.332400 -0.802500 0.495400
vn 0.224800 -0.839100 -0.495400
vn 0.131500 -0.490700 -0.861400
vn 0.002800 -0.010400 -0.999900
vn -0.127300 0.475100 -0.870700
vn -0.223400 0.833900 -0.504700
vn -0.223400 0.833900 0.504700
vn -0.127300 0.475100 0.870700
vn 0.002800 -0.010400 0.999900
vn 0.131500 -0.490700 0.861400
vn 0.224800 -0.839100 0.495400
vn 0.113400 -0.861200 -0.495400
vn 0.066300 -0.503600 -0.861400
vn 0.001400 -0.010700 -0.999900
vn -0.064200 0.487600 -0.870700
vn -0.112700 0.855900 -0.504700
vn -0.112700 0.855900 0.504700
vn -0.064200 0.487600 0.870700
vn 0.001400 -0.010700 0.999900
vn 0.066300 -0.503700 0.861400
vn 0.113400 -0.861200 0.495400
vn -0.000000 -0.868700 -0.495400
vn -0.000000 -0.508000 -0.861400
vn -0.000000 -0.010800 -0.999900
vn -0.000000 0.491800 -0.870700
vn -0.000000 0.863300 -0.504700
vn -0.000000 0.863300 0.504700
vn -0.000000 0.491800 0.870700
vn -0.000000 -0.010800 0.999900
vn -0.000000 -0.508000 0.861400
vn -0.000000 -0.868700 0.495400
vn -0.113400 -0.861200 -0.495400
vn -0.066300 -0.503600 -0.861400
vn -0.001400 -0.010700 -0.999900
vn 0.064200 0.487600 -0.870700
vn 0.112700 0.855900 -0.504700
vn 0.112700 0.855900 0.504700
vn 0.064200 0.487600 0.870700
vn -0.001400 -0.010700 0.999900
vn -0.066300 -0.503600 0.861400
vn -0.113400 -0.861200 0.495400
vn -0.224800 -0.839100 -0.495400
vn -0.131500 -0.490700 -0.861400
vn -0.002800 -0.010400 -0.999900
vn 0.127300 0.475100 -0.870700
vn 0.223400 0.833900 -0.504700
vn 0.223400 0.833900 0.504700
vn 0.127300 0.475100 0.870700
vn -0.002800 -0.010400 0.999900
vn -0.131500 -0.490700 0.861400
vn -0.224800 -0.839100 0.495400
vn -0.332400 -0.802500 -0.495400
vn -0.194400 -0.469300 -0.861400
vn -0.004100 -0.010000 -0.999900
vn 0.188200 0.454400 -0.870700
vn 0.330400 0.797600 -0.504700
vn 0.330400 0.797600 0.504700
vn 0.188200 0.454400 0.870700
vn -0.004100 -0.010000 0.999900
vn -0.194400 -0.469300 0.861400
vn -0.332400 -0.802500 0.495400
vn -0.434300 -0.752300 -0.495400
vn -0.254000 -0.439900 -0.861400
vn -0.005400 -0.009300 -0.999900
vn 0.245900 0.425900 -0.870700
vn 0.431600 0.747600 -0.504700
vn 0.431600 0.747600 0.504700
vn 0.245900 0.425900 0.870700
vn -0.005400 -0.009300 0.999900
vn -0.254000 -0.439900 0.861400
vn -0.434300 -0.752300 0.495400
vn -0.528800 -0.689200 -0.495400
vn -0.309200 -0.403000 -0.861400
vn -0.006600 -0.008500 -0.999900
vn 0.299400 0.390200 -0.870700
vn 0.525500 0.684900 -0.504700
vn 0.525500 0.684900 0.504700
vn 0.299400 0.390200 0.870700
vn -0.006600 -0.008500 0.999900
vn -0.309200 -0.403000 0.861400
vn -0.528800 -0.689200 0.495400
vn -0.614200 -0.614200 -0.495400
vn -0.359200 -0.359200 -0.861400
vn -0.007600 -0.007600 -0.999900
vn 0.347800 0.347800 -0.870700
vn 0.610400 0.610400 -0.504700
vn 0.610400 0.610400 0.504700
vn 0.347800 0.347800 0.870700
vn -0.007600 -0.007600 0.999900
vn -0.359200 -0.359200 0.861400
vn -0.614200 -0.614200 0.495400
vn -0.689200 -0.528800 -0.495400
vn -0.403000 -0.309200 -0.861400
vn -0.008500 -0.006600 -0.999900
vn 0.390200 0.299400 -0.870700
vn 0.684900 0.525500 -0.504700
vn 0.684900 0.525500 0.504700
vn 0.390200 0.299400 0.870700
vn -0.008500 -0.006600 0.999900
vn -0.403000 -0.309200 0.861400
vn -0.689200 -0.528800 0.495400
vn -0.752300 -0.434300 -0.495400
vn -0.439900 -0.254000 -0.861400
vn -0.009300 -0.005400 -0.999900
vn 0.425900 0.245900 -0.870700
vn 0.747600 0.431600 -0.504700
vn 0.747600 0.431600 0.504700
vn 0.425900 0.245900 0.870700
vn -0.009300 -0.005400 0.999900
vn -0.439900 -0.254000 0.861400
vn -0.752300 -0.434300 0.495400
vn -0.802500 -0.332400 -0.495400
vn -0.469300 -0.194400 -0.861400
vn -0.010000 -0.004100 -0.999900
vn 0.454400 0.188200 -0.870700
vn 0.797600 0.330400 -0.504700
vn 0.797600 0.330400 0.504700
vn 0.454400 0.188200 0.870700
vn -0.010000 -0.004100 0.999900
vn -0.469300 -0.194400 0.861400
vn -0.802500 -0.332400 0.495400
vn -0.839100 -0.224800 -0.495400
vn -0.490700 -0.131500 -0.861400
vn -0.010400 -0.002800 -0.999900
vn 0.475100 0.127300 -0.870700
vn 0.833900 0.223400 -0.504700
vn 0.833900 0.223400 0.504700
vn 0.475100 0.127300 0.870700
vn -0.010400 -0.002800 0.999900
vn -0.490700 -0.131500 0.861400
vn -0.839100 -0.224800 0.495400
vn -0.861200 -0.113400 -0.495400
vn -0.503600 -0.066300 -0.861400
vn -0.010700 -0.001400 -0.999900
vn 0.487600 0.064200 -0.870700
vn 0.855900 0.112700 -0.504700
vn 0.855900 0.112700 0.504700
vn 0.487600 0.064200 0.870700
vn -0.010700 -0.001400 0.999900
vn -0.503600 -0.066300 0.861400
vn -0.861200 -0.113400 0.495400
vt 0.090096 0.462734
vt 0.077108 0.462729
vt 0.077253 0.432934
vt 0.090240 0.432938
vt 0.077253 0.399347
vt 0.090240 0.399352
vt 0.077108 0.370970
vt 0.090096 0.370974
vt 0.182289 0.370837
vt 0.195268 0.370824
vt 0.195922 0.400354
vt 0.182943 0.400367
vt 0.195922 0.433959
vt 0.182943 0.433972
vt 0.195268 0.462636
vt 0.182289 0.462649
vt 0.276937 0.374328
vt 0.289925 0.374324
vt 0.290042 0.404131
vt 0.277054 0.404135
vt 0.290042 0.437716
vt 0.277054 0.437720
vt 0.289925 0.466080
vt 0.276937 0.466084
vt 0.453731 0.357045
vt 0.440755 0.357028
vt 0.441476 0.327427
vt 0.454453 0.327444
vt 0.092386 0.012851
vt 0.121499 0.029659
vt 0.138306 0.058771
vt 0.138306 0.092387
vt 0.121499 0.121500
vt 0.092386 0.138308
vt 0.058771 0.138308
vt 0.029658 0.121499
vt 0.012851 0.092387
vt 0.012851 0.058771
vt 0.029659 0.029659
vt 0.058771 0.012851
vt 0.441476 0.293826
vt 0.454453 0.293843
vt 0.440755 0.265228
vt 0.453731 0.265245
vt 0.180816 0.029659
vt 0.209928 0.012851
vt 0.243544 0.012851
vt 0.272656 0.029659
vt 0.289464 0.058771
vt 0.289464 0.092387
vt 0.272656 0.121500
vt 0.243543 0.138308
vt 0.209928 0.138308
vt 0.180815 0.121500
vt 0.164008 0.092387
vt 0.164008 0.058771
vt 0.398116 0.389404
vt 0.392620 0.378247
vt 0.402884 0.373378
vt 0.388865 0.369738
vt 0.384582 0.386502
vt 0.406626 0.390183
vt 0.398675 0.405438
vt 0.390019 0.398061
vt 0.384440 0.375175
vt 0.406326 0.361454
vt 0.397446 0.361818
vt 0.402654 0.355051
vt 0.412693 0.390045
vt 0.411453 0.373755
vt 0.415053 0.379233
vt 0.284052 0.715814
vt 0.284052 0.729261
vt 0.279906 0.719875
vt 0.496249 0.711667
vt 0.494563 0.699650
vt 0.499687 0.702730
vt 0.728285 0.730848
vt 0.731217 0.722574
vt 0.731249 0.739350
vt 0.447743 0.728309
vt 0.443859 0.734640
vt 0.445900 0.723470
vt 0.283991 0.744340
vt 0.281353 0.752676
vt 0.279870 0.736642
vt 0.281447 0.708780
vt 0.499687 0.719158
vt 0.399166 0.268402
vt 0.407244 0.278586
vt 0.398676 0.278962
vt 0.384440 0.280951
vt 0.390637 0.270707
vt 0.390020 0.286338
vt 0.388866 0.314662
vt 0.384582 0.297897
vt 0.392622 0.306153
vt 0.406328 0.322947
vt 0.397448 0.322581
vt 0.402886 0.311022
vt 0.412694 0.294356
vt 0.411454 0.310646
vt 0.406628 0.294217
vt 0.398117 0.294996
vt 0.415053 0.305168
vt 0.502809 0.711069
vt 0.411311 0.321973
vt 0.402655 0.329350
vt 0.392391 0.324480
vt 0.384440 0.309224
vt 0.443859 0.691688
vt 0.445900 0.707064
vt 0.440755 0.699999
vt 0.442461 0.714536
vt 0.440755 0.726545
vt 0.394236 0.265228
vt 0.735399 0.729957
vt 0.735399 0.743407
vt 0.735345 0.714867
vt 0.497684 0.691561
vt 0.501559 0.697906
vt 0.390637 0.413693
vt 0.399167 0.415999
vt 0.394237 0.419172
vt 0.276937 0.728372
vt 0.449005 0.715159
vt 0.411311 0.362428
vt 0.732797 0.750441
vt 0.392391 0.359920
vt 0.732713 0.706523
vt 0.497684 0.734569
vt 0.494563 0.726230
vt 0.384440 0.403448
vt 0.407244 0.405815
vt 0.131831 0.481539
vt 0.123745 0.472081
vt 0.132484 0.464820
vt 0.118003 0.464765
vt 0.118003 0.482081
vt 0.140271 0.480192
vt 0.136344 0.496954
vt 0.126131 0.491940
vt 0.712082 0.514450
vt 0.712190 0.497090
vt 0.715872 0.507797
vt 0.132871 0.452412
vt 0.124356 0.454961
vt 0.127732 0.447120
vt 0.716730 0.190352
vt 0.717462 0.207710
vt 0.713865 0.200631
vt 0.542845 0.853436
vt 0.545355 0.862834
vt 0.539212 0.858267
vt 0.713066 0.479076
vt 0.712082 0.468329
vt 0.716384 0.469230
vt 0.714869 0.523665
vt 0.137945 0.452133
vt 0.713269 0.179850
vt 0.539212 0.847500
vt 0.716451 0.487005
vt 0.034285 0.447264
vt 0.039590 0.459140
vt 0.031192 0.457392
vt 0.016909 0.455792
vt 0.025450 0.447391
vt 0.020979 0.462404
vt 0.012851 0.489578
vt 0.012851 0.472262
vt 0.018593 0.482262
vt 0.027718 0.501931
vt 0.019204 0.499382
vt 0.027332 0.489524
vt 0.040966 0.475780
vt 0.035730 0.491272
vt 0.035119 0.474153
vt 0.026679 0.472806
vt 0.720066 0.479938
vt 0.719331 0.497293
vt 0.032792 0.502211
vt 0.022578 0.507224
vt 0.013839 0.499962
vt 0.709589 0.190556
vt 0.709455 0.173211
vt 0.710470 0.208567
vt 0.713783 0.218416
vt 0.709455 0.219332
vt 0.858887 0.729481
vt 0.855406 0.721874
vt 0.861559 0.723952
vt 0.859041 0.715933
vt 0.855406 0.711102
vt 0.861559 0.706523
vt 0.719130 0.513580
vt 0.542677 0.839883
vt 0.545355 0.845412
vt 0.712222 0.164009
vt 0.716498 0.174084
vt 0.140882 0.463072
vt 0.118992 0.454381
vt 0.130602 0.506954
vt 0.122062 0.498553
vt 0.139438 0.507082
vt 0.144743 0.495206
vt 0.146119 0.478565
vt 0.398725 0.470451
vt 0.406811 0.479913
vt 0.398072 0.487182
vt 0.412554 0.487226
vt 0.412554 0.469896
vt 0.390285 0.471796
vt 0.394212 0.455019
vt 0.404425 0.460036
vt 0.676514 0.204495
vt 0.675779 0.187399
vt 0.679390 0.196108
vt 0.397687 0.499592
vt 0.406201 0.497042
vt 0.402828 0.504879
vt 0.692550 0.109705
vt 0.693502 0.123815
vt 0.689231 0.119524
vt 0.693502 0.079186
vt 0.693421 0.092852
vt 0.689741 0.082449
vt 0.798045 0.284462
vt 0.796923 0.273552
vt 0.802071 0.277400
vt 0.679968 0.214041
vt 0.848176 0.182132
vt 0.845516 0.188272
vt 0.845516 0.176841
vt 0.689181 0.100388
vt 0.690697 0.072560
vt 0.800984 0.290543
vt 0.334799 0.505216
vt 0.329494 0.493328
vt 0.337890 0.495072
vt 0.352175 0.496682
vt 0.343634 0.505088
vt 0.348104 0.490056
vt 0.356233 0.462867
vt 0.356233 0.480196
vt 0.350489 0.470180
vt 0.341365 0.450502
vt 0.349879 0.453052
vt 0.341750 0.462912
vt 0.328118 0.476675
vt 0.333353 0.461168
vt 0.333963 0.478296
vt 0.342403 0.479642
vt 0.679457 0.176998
vt 0.683754 0.172719
vt 0.682770 0.186800
vt 0.680144 0.164009
vt 0.336293 0.450230
vt 0.346507 0.445214
vt 0.355246 0.452482
vt 0.685551 0.109122
vt 0.686289 0.092007
vt 0.686375 0.124564
vt 0.840991 0.181409
vt 0.840479 0.170455
vt 0.840479 0.189902
vt 0.683645 0.203640
vt 0.683754 0.217309
vt 0.800378 0.266094
vt 0.803923 0.271775
vt 0.795164 0.265228
vt 0.842476 0.164009
vt 0.689873 0.132549
vt 0.389675 0.488925
vt 0.392615 0.499863
vt 0.680971 0.223946
vt 0.411567 0.497611
vt 0.795164 0.294818
vt 0.399956 0.445002
vt 0.408496 0.453409
vt 0.391121 0.444874
vt 0.385816 0.456762
vt 0.384440 0.473416
vt 0.342393 0.385080
vt 0.350480 0.394542
vt 0.341741 0.401819
vt 0.356230 0.401850
vt 0.356230 0.384511
vt 0.333957 0.386429
vt 0.337885 0.369640
vt 0.348097 0.374654
vt 0.069192 0.693508
vt 0.069582 0.678678
vt 0.073233 0.688598
vt 0.341362 0.414232
vt 0.349874 0.411677
vt 0.346510 0.419513
vt 0.328118 0.388048
vt 0.333351 0.403564
vt 0.328513 0.399108
vt 0.850102 0.475360
vt 0.849910 0.487285
vt 0.845670 0.479649
vt 0.070502 0.661872
vt 0.069192 0.649862
vt 0.073762 0.652194
vt 0.071746 0.700877
vt 0.633851 0.691357
vt 0.630144 0.697832
vt 0.631320 0.687611
vt 0.634271 0.661060
vt 0.631566 0.669802
vt 0.630790 0.651209
vt 0.847781 0.468329
vt 0.074002 0.670003
vt 0.403534 0.224034
vt 0.398227 0.212135
vt 0.406618 0.213880
vt 0.420908 0.215504
vt 0.412367 0.223909
vt 0.416830 0.208866
vt 0.424963 0.181671
vt 0.424963 0.199009
vt 0.419214 0.188980
vt 0.410096 0.169291
vt 0.418608 0.171846
vt 0.410475 0.181703
vt 0.396851 0.195473
vt 0.402084 0.179958
vt 0.402690 0.197092
vt 0.411127 0.198441
vt 0.397247 0.184412
vt 0.077412 0.662114
vt 0.405031 0.169023
vt 0.415243 0.164009
vt 0.423982 0.171286
vt 0.627141 0.661126
vt 0.626741 0.646299
vt 0.628062 0.677932
vt 0.626741 0.689941
vt 0.407530 0.228363
vt 0.276937 0.844292
vt 0.281181 0.836658
vt 0.281391 0.848563
vt 0.276937 0.830492
vt 0.281391 0.825085
vt 0.072602 0.641973
vt 0.076303 0.648450
vt 0.343634 0.359609
vt 0.334801 0.359484
vt 0.338797 0.355153
vt 0.629288 0.638933
vt 0.845670 0.493482
vt 0.850102 0.498893
vt 0.634969 0.677694
vt 0.336298 0.414499
vt 0.279093 0.855601
vt 0.355249 0.412236
vt 0.076713 0.678749
vt 0.352174 0.368015
vt 0.329494 0.371384
vt 0.455016 0.408339
vt 0.463105 0.417795
vt 0.454366 0.425080
vt 0.468862 0.425099
vt 0.468862 0.407758
vt 0.446584 0.409695
vt 0.450513 0.392901
vt 0.460724 0.397907
vt 0.695457 0.683358
vt 0.694792 0.665319
vt 0.698557 0.675604
vt 0.453995 0.437493
vt 0.462504 0.434931
vt 0.459151 0.442770
vt 0.701865 0.582084
vt 0.702581 0.598684
vt 0.698561 0.592643
vt 0.702293 0.552184
vt 0.702581 0.564782
vt 0.698813 0.554115
vt 0.867736 0.398528
vt 0.868320 0.389681
vt 0.872877 0.394336
vt 0.698819 0.693180
vt 0.448941 0.437763
vt 0.698561 0.571691
vt 0.867736 0.380813
vt 0.869643 0.375683
vt 0.872877 0.383924
vt 0.695457 0.647712
vt 0.698819 0.638326
vt 0.698557 0.654652
vt 0.457349 0.224030
vt 0.452040 0.212126
vt 0.460423 0.213876
vt 0.474720 0.215512
vt 0.466180 0.223912
vt 0.470634 0.208870
vt 0.478772 0.181679
vt 0.478772 0.199019
vt 0.473015 0.188983
vt 0.463904 0.169286
vt 0.472414 0.171848
vt 0.464277 0.181699
vt 0.450664 0.195461
vt 0.455893 0.179949
vt 0.456494 0.197084
vt 0.464927 0.198439
vt 0.702584 0.648612
vt 0.701862 0.665210
vt 0.458850 0.169016
vt 0.469060 0.164009
vt 0.477799 0.171293
vt 0.694793 0.581977
vt 0.695454 0.563938
vt 0.695454 0.599585
vt 0.869645 0.269469
vt 0.865082 0.274119
vt 0.864484 0.265228
vt 0.869645 0.279907
vt 0.864484 0.282987
vt 0.702583 0.682513
vt 0.702308 0.695112
vt 0.698813 0.608971
vt 0.445983 0.426830
vt 0.866374 0.288105
vt 0.467890 0.435485
vt 0.456270 0.382864
vt 0.464810 0.391263
vt 0.447439 0.382746
vt 0.442130 0.394651
vt 0.440755 0.411317
vt 0.345009 0.295076
vt 0.350505 0.306233
vt 0.340232 0.311127
vt 0.354278 0.314734
vt 0.358575 0.297941
vt 0.336505 0.294307
vt 0.344474 0.279016
vt 0.353126 0.286387
vt 0.358738 0.309266
vt 0.336802 0.323061
vt 0.345681 0.322682
vt 0.340497 0.329452
vt 0.330461 0.294444
vt 0.331681 0.310756
vt 0.328118 0.305260
vt 0.750277 0.171048
vt 0.750268 0.184510
vt 0.746086 0.175082
vt 0.731205 0.285200
vt 0.729825 0.273179
vt 0.734625 0.276523
vt 0.740771 0.400088
vt 0.743690 0.391798
vt 0.743690 0.408601
vt 0.735374 0.674376
vt 0.731634 0.680822
vt 0.733096 0.669540
vt 0.750277 0.199638
vt 0.747708 0.208004
vt 0.746086 0.191887
vt 0.747708 0.164009
vt 0.734625 0.292711
vt 0.399807 0.073874
vt 0.391712 0.063659
vt 0.400263 0.063287
vt 0.414527 0.061333
vt 0.408332 0.071578
vt 0.408915 0.055916
vt 0.410068 0.027569
vt 0.414364 0.044361
vt 0.406294 0.036070
vt 0.392592 0.019242
vt 0.401471 0.019620
vt 0.396023 0.031175
vt 0.386250 0.047860
vt 0.387471 0.031547
vt 0.392295 0.047996
vt 0.400799 0.047227
vt 0.383906 0.037044
vt 0.737982 0.284760
vt 0.387634 0.020222
vt 0.396286 0.012851
vt 0.406558 0.017745
vt 0.414527 0.033036
vt 0.731634 0.638326
vt 0.733096 0.653308
vt 0.728285 0.646598
vt 0.729675 0.660833
vt 0.728285 0.672861
vt 0.404768 0.077075
vt 0.747873 0.399171
vt 0.747888 0.412633
vt 0.747888 0.384046
vt 0.733182 0.265228
vt 0.736916 0.271672
vt 0.352544 0.270724
vt 0.344019 0.268429
vt 0.348981 0.265228
vt 0.743164 0.183598
vt 0.736445 0.661268
vt 0.331845 0.322081
vt 0.745325 0.419674
vt 0.350769 0.324557
vt 0.745325 0.375683
vt 0.733182 0.307609
vt 0.729825 0.299372
vt 0.358738 0.280969
vt 0.335923 0.278644
vt 0.237207 0.486496
vt 0.245297 0.495934
vt 0.236559 0.503220
vt 0.251063 0.503233
vt 0.251063 0.485913
vt 0.228779 0.487864
vt 0.232710 0.471088
vt 0.242918 0.476075
vt 0.728716 0.598284
vt 0.728282 0.581077
vt 0.732088 0.591740
vt 0.236196 0.515629
vt 0.244703 0.513058
vt 0.241363 0.520907
vt 0.726324 0.098741
vt 0.726947 0.116111
vt 0.723145 0.108936
vt 0.226603 0.850504
vt 0.229203 0.859954
vt 0.222962 0.855320
vt 0.728925 0.563088
vt 0.728282 0.552184
vt 0.732211 0.553195
vt 0.731889 0.607357
vt 0.231155 0.515919
vt 0.723005 0.088226
vt 0.222962 0.844537
vt 0.732211 0.571052
vt 0.486841 0.325175
vt 0.481529 0.313282
vt 0.489903 0.315049
vt 0.504209 0.316688
vt 0.495668 0.325070
vt 0.500111 0.310061
vt 0.508255 0.282901
vt 0.508255 0.300222
vt 0.502490 0.290201
vt 0.493389 0.270506
vt 0.501896 0.273077
vt 0.493752 0.282915
vt 0.480154 0.296633
vt 0.485378 0.281148
vt 0.485972 0.298272
vt 0.494400 0.299640
vt 0.736018 0.563858
vt 0.735401 0.581229
vt 0.488347 0.270217
vt 0.498555 0.265228
vt 0.507294 0.272514
vt 0.719204 0.098893
vt 0.719618 0.081655
vt 0.719857 0.116888
vt 0.723145 0.126778
vt 0.719204 0.127763
vt 0.072840 0.859787
vt 0.069192 0.852219
vt 0.075445 0.854248
vt 0.072834 0.846251
vt 0.069192 0.841438
vt 0.075445 0.836804
vt 0.735818 0.597332
vt 0.226590 0.836970
vt 0.229203 0.842507
vt 0.722778 0.072560
vt 0.726720 0.082602
vt 0.228185 0.504988
vt 0.250102 0.513621
vt 0.238476 0.461067
vt 0.247016 0.469448
vt 0.229649 0.460962
vt 0.224337 0.472856
vt 0.222961 0.489504
vt 0.453952 0.047206
vt 0.448456 0.036060
vt 0.458727 0.031178
vt 0.444684 0.027556
vt 0.440389 0.044321
vt 0.462456 0.047971
vt 0.454489 0.063232
vt 0.445837 0.055871
vt 0.440228 0.032994
vt 0.462159 0.019250
vt 0.453280 0.019628
vt 0.458466 0.012851
vt 0.680201 0.412869
vt 0.681616 0.427235
vt 0.676971 0.422706
vt 0.681616 0.382312
vt 0.681133 0.395943
vt 0.677504 0.385405
vt 0.796457 0.657547
vt 0.795320 0.646623
vt 0.800518 0.650422
vt 0.661493 0.593390
vt 0.664132 0.584969
vt 0.664971 0.602938
vt 0.801913 0.575417
vt 0.798370 0.581083
vt 0.800143 0.569785
vt 0.676673 0.403367
vt 0.679147 0.375683
vt 0.799363 0.663627
vt 0.237682 0.374324
vt 0.245775 0.384516
vt 0.237222 0.384877
vt 0.222961 0.386849
vt 0.229156 0.376615
vt 0.228570 0.392239
vt 0.227418 0.420555
vt 0.223123 0.403789
vt 0.231189 0.412051
vt 0.244892 0.428862
vt 0.236013 0.428484
vt 0.241461 0.416934
vt 0.251236 0.400290
vt 0.250014 0.416572
vt 0.245189 0.400139
vt 0.236685 0.400905
vt 0.664437 0.565583
vt 0.669092 0.561019
vt 0.667665 0.575439
vt 0.665770 0.552184
vt 0.249852 0.427899
vt 0.241200 0.435261
vt 0.230928 0.430378
vt 0.222961 0.415116
vt 0.673342 0.412168
vt 0.798982 0.556562
vt 0.796079 0.562648
vt 0.793063 0.552184
vt 0.794941 0.573578
vt 0.793063 0.581870
vt 0.668598 0.592386
vt 0.669092 0.606009
vt 0.798752 0.639124
vt 0.802294 0.644788
vt 0.793452 0.638326
vt 0.674027 0.394942
vt 0.678285 0.436037
vt 0.467280 0.031539
vt 0.467119 0.020212
vt 0.666633 0.612625
vt 0.448195 0.017733
vt 0.660810 0.576134
vt 0.793452 0.667991
vt 0.446422 0.071493
vt 0.440228 0.061260
vt 0.454948 0.073784
vt 0.463042 0.063593
vt 0.468503 0.047820
vt 0.454602 0.502867
vt 0.446513 0.493433
vt 0.455252 0.486164
vt 0.440755 0.486127
vt 0.440755 0.503424
vt 0.463033 0.501501
vt 0.459104 0.518249
vt 0.448894 0.513263
vt 0.660810 0.689934
vt 0.661277 0.675060
vt 0.664917 0.684979
vt 0.455622 0.473760
vt 0.447112 0.476324
vt 0.450463 0.468471
vt 0.468860 0.499853
vt 0.463633 0.484392
vt 0.468454 0.488795
vt 0.630890 0.796870
vt 0.632057 0.808905
vt 0.626741 0.801451
vt 0.662209 0.658222
vt 0.660810 0.646227
vt 0.665451 0.648519
vt 0.663297 0.697319
vt 0.597242 0.688568
vt 0.593489 0.695019
vt 0.594790 0.684834
vt 0.597741 0.658246
vt 0.595084 0.667011
vt 0.594257 0.648358
vt 0.627989 0.789994
vt 0.665740 0.666339
vt 0.515983 0.468329
vt 0.521293 0.480199
vt 0.512912 0.478428
vt 0.498613 0.476813
vt 0.507153 0.468436
vt 0.502702 0.483414
vt 0.494563 0.510552
vt 0.494563 0.493254
vt 0.500322 0.503246
vt 0.509430 0.522921
vt 0.500921 0.520356
vt 0.509060 0.510516
vt 0.522668 0.496825
vt 0.517441 0.512287
vt 0.516842 0.495177
vt 0.508411 0.493811
vt 0.522262 0.507883
vt 0.669091 0.658438
vt 0.514481 0.523222
vt 0.504271 0.528209
vt 0.495532 0.520939
vt 0.590618 0.658281
vt 0.590143 0.643393
vt 0.591550 0.675127
vt 0.590143 0.687119
vt 0.808675 0.194847
vt 0.811571 0.187962
vt 0.814777 0.194432
vt 0.807417 0.183387
vt 0.812741 0.175890
vt 0.809301 0.169308
vt 0.814777 0.164009
vt 0.664160 0.638326
vt 0.667910 0.644780
vt 0.634075 0.790368
vt 0.592625 0.636000
vt 0.628614 0.815467
vt 0.634075 0.820716
vt 0.598429 0.674911
vt 0.460673 0.473457
vt 0.441724 0.475740
vt 0.668402 0.675097
vt 0.453345 0.528240
vt 0.444805 0.519864
vt 0.462175 0.528347
vt 0.467485 0.516478
vt 0.508402 0.417145
vt 0.500314 0.407705
vt 0.509053 0.400443
vt 0.494563 0.400394
vt 0.494563 0.417689
vt 0.516837 0.415786
vt 0.512909 0.432529
vt 0.502697 0.427535
vt 0.697002 0.310225
vt 0.696368 0.292185
vt 0.700159 0.302464
vt 0.509430 0.388039
vt 0.500919 0.390597
vt 0.504280 0.382746
vt 0.714402 0.405623
vt 0.715070 0.422192
vt 0.711110 0.416185
vt 0.714684 0.375683
vt 0.715070 0.388311
vt 0.711276 0.377647
vt 0.626741 0.869434
vt 0.627652 0.860390
vt 0.632339 0.864884
vt 0.700332 0.320057
vt 0.514492 0.387740
vt 0.711111 0.395245
vt 0.626741 0.851549
vt 0.628219 0.846417
vt 0.632339 0.854371
vt 0.697002 0.274595
vt 0.700332 0.265228
vt 0.700159 0.281522
vt 0.515631 0.012851
vt 0.520938 0.024715
vt 0.512550 0.022950
vt 0.498258 0.021347
vt 0.506798 0.012965
vt 0.502338 0.027944
vt 0.494204 0.055086
vt 0.494204 0.037790
vt 0.499956 0.047775
vt 0.509071 0.067442
vt 0.500560 0.064884
vt 0.508694 0.055038
vt 0.522314 0.041339
vt 0.517083 0.056803
vt 0.516478 0.039695
vt 0.508043 0.038335
vt 0.704124 0.275508
vt 0.703452 0.292084
vt 0.514132 0.067740
vt 0.503920 0.072734
vt 0.495182 0.065472
vt 0.707317 0.405521
vt 0.707948 0.387481
vt 0.707948 0.423105
vt 0.866720 0.017386
vt 0.862027 0.021867
vt 0.861096 0.012851
vt 0.866720 0.027882
vt 0.861096 0.030706
vt 0.704124 0.309394
vt 0.703747 0.322015
vt 0.711276 0.432468
vt 0.517442 0.398678
vt 0.862546 0.035853
vt 0.495541 0.390008
vt 0.507157 0.442513
vt 0.498617 0.434131
vt 0.515990 0.442628
vt 0.521297 0.430764
vt 0.522673 0.414142
vt 0.402157 0.642205
vt 0.396231 0.636339
vt 0.402627 0.631537
vt 0.391992 0.631579
vt 0.391992 0.642555
vt 0.408317 0.641032
vt 0.405436 0.651702
vt 0.397967 0.648801
vt 0.626741 0.758921
vt 0.627270 0.748331
vt 0.629734 0.755225
vt 0.402875 0.623409
vt 0.396653 0.625291
vt 0.399072 0.619878
vt 0.412554 0.639564
vt 0.408739 0.629984
vt 0.412231 0.632274
vt 0.805055 0.875686
vt 0.805912 0.883931
vt 0.802071 0.878961
vt 0.627938 0.736658
vt 0.626741 0.728745
vt 0.630111 0.730034
vt 0.628269 0.764293
vt 0.406541 0.622779
vt 0.666216 0.738909
vt 0.664536 0.745147
vt 0.663819 0.732072
vt 0.803197 0.870836
vt 0.630437 0.742139
vt 0.133664 0.621748
vt 0.137559 0.629316
vt 0.131447 0.627762
vt 0.120956 0.626682
vt 0.127209 0.621545
vt 0.123978 0.630662
vt 0.118003 0.647884
vt 0.118003 0.636907
vt 0.122242 0.643124
vt 0.128886 0.656054
vt 0.122664 0.654172
vt 0.128639 0.647927
vt 0.138565 0.639901
vt 0.134750 0.649480
vt 0.134328 0.638432
vt 0.128168 0.637259
vt 0.138241 0.647191
vt 0.632575 0.736928
vt 0.132552 0.656685
vt 0.125082 0.659585
vt 0.118685 0.654783
vt 0.661358 0.738959
vt 0.660810 0.728381
vt 0.662030 0.750626
vt 0.664197 0.757252
vt 0.660810 0.758544
vt 0.662931 0.763762
vt 0.762229 0.890856
vt 0.764085 0.886004
vt 0.766770 0.890900
vt 0.761100 0.882731
vt 0.764943 0.877753
vt 0.762678 0.873309
vt 0.766770 0.869976
vt 0.628879 0.723534
vt 0.807733 0.870784
vt 0.662319 0.723020
vt 0.803646 0.888372
vt 0.807733 0.891696
vt 0.666658 0.750365
vt 0.392675 0.624680
vt 0.632131 0.748387
vt 0.401198 0.657919
vt 0.394946 0.652782
vt 0.407654 0.657717
vt 0.411548 0.650150
vt 0.637475 0.391432
vt 0.643402 0.397306
vt 0.637005 0.402115
vt 0.647640 0.402067
vt 0.647640 0.391073
vt 0.631316 0.392603
vt 0.634196 0.381916
vt 0.641666 0.384822
vt 0.392483 0.771839
vt 0.391992 0.760158
vt 0.394397 0.766233
vt 0.636758 0.410248
vt 0.642980 0.408366
vt 0.640561 0.413778
vt 0.017618 0.768894
vt 0.018377 0.778727
vt 0.015362 0.775622
vt 0.018377 0.748310
vt 0.018229 0.757437
vt 0.015717 0.750365
vt 0.890067 0.720060
vt 0.889204 0.712527
vt 0.893049 0.715176
vt 0.394858 0.778333
vt 0.633092 0.410871
vt 0.015270 0.762465
vt 0.016532 0.743946
vt 0.891848 0.724077
vt 0.632015 0.506219
vt 0.628121 0.498639
vt 0.634232 0.500188
vt 0.644723 0.501276
vt 0.638471 0.506420
vt 0.641702 0.497282
vt 0.647677 0.480039
vt 0.647677 0.491032
vt 0.643438 0.484800
vt 0.636794 0.471858
vt 0.643016 0.473741
vt 0.637041 0.479991
vt 0.627115 0.488038
vt 0.630930 0.478442
vt 0.631352 0.489501
vt 0.637511 0.490673
vt 0.394502 0.753086
vt 0.397536 0.749988
vt 0.396753 0.759808
vt 0.395131 0.743913
vt 0.633128 0.471235
vt 0.640598 0.468329
vt 0.646994 0.473138
vt 0.012851 0.768551
vt 0.013344 0.756863
vt 0.364297 0.874883
vt 0.362519 0.878897
vt 0.359703 0.872026
vt 0.365503 0.883784
vt 0.361655 0.886430
vt 0.363848 0.891740
vt 0.359703 0.892432
vt 0.397367 0.771260
vt 0.397536 0.780392
vt 0.891400 0.707219
vt 0.887261 0.706523
vt 0.015958 0.784813
vt 0.630894 0.403663
vt 0.395707 0.784762
vt 0.646958 0.408969
vt 0.887261 0.726928
vt 0.638435 0.375683
vt 0.644687 0.380828
vt 0.631979 0.375883
vt 0.628085 0.383464
vt 0.627078 0.394066
vt 0.287325 0.600395
vt 0.293252 0.606267
vt 0.286856 0.611088
vt 0.297495 0.611024
vt 0.297495 0.600019
vt 0.281168 0.601571
vt 0.284049 0.590869
vt 0.291517 0.593772
vt 0.775978 0.199226
vt 0.776375 0.188845
vt 0.778860 0.195687
vt 0.286614 0.619225
vt 0.292834 0.617336
vt 0.290422 0.622749
vt 0.276937 0.603034
vt 0.280750 0.612640
vt 0.277267 0.610329
vt 0.891425 0.219037
vt 0.892265 0.227167
vt 0.888482 0.222349
vt 0.777025 0.177280
vt 0.775978 0.169267
vt 0.779230 0.170687
vt 0.777619 0.204459
vt 0.282954 0.619846
vt 0.778870 0.391223
vt 0.777097 0.397355
vt 0.776477 0.384455
vt 0.889522 0.214226
vt 0.779476 0.182787
vt 0.333020 0.633610
vt 0.329124 0.626017
vt 0.335230 0.627569
vt 0.345725 0.628673
vt 0.339473 0.633816
vt 0.342698 0.624667
vt 0.348676 0.607416
vt 0.348676 0.618419
vt 0.344433 0.612172
vt 0.337794 0.599215
vt 0.344014 0.601105
vt 0.338037 0.607352
vt 0.328118 0.615405
vt 0.331931 0.605801
vt 0.332349 0.616868
vt 0.338506 0.618045
vt 0.328447 0.608110
vt 0.781715 0.177529
vt 0.334135 0.598594
vt 0.341603 0.595692
vt 0.347999 0.600511
vt 0.773993 0.391296
vt 0.773589 0.380915
vt 0.774644 0.402861
vt 0.776847 0.409455
vt 0.773589 0.410873
vt 0.775823 0.416133
vt 0.840256 0.893714
vt 0.842151 0.888899
vt 0.844704 0.893915
vt 0.839200 0.885596
vt 0.842994 0.880780
vt 0.840700 0.876402
vt 0.844704 0.873258
vt 0.778218 0.164009
vt 0.893948 0.214024
vt 0.775224 0.375683
vt 0.889965 0.231561
vt 0.893948 0.234709
vt 0.779331 0.402614
vt 0.296819 0.617928
vt 0.781253 0.188920
vt 0.288293 0.584621
vt 0.294544 0.589764
vt 0.281839 0.584826
vt 0.277944 0.592421
vt 0.554492 0.577620
vt 0.558513 0.584923
vt 0.551011 0.587742
vt 0.561242 0.590683
vt 0.564362 0.580131
vt 0.548255 0.577013
vt 0.554055 0.567563
vt 0.560394 0.572453
vt 0.564442 0.587666
vt 0.548478 0.595478
vt 0.554979 0.595420
vt 0.551140 0.599934
vt 0.766439 0.577036
vt 0.767362 0.587074
vt 0.764214 0.583815
vt 0.767362 0.556481
vt 0.767072 0.565536
vt 0.764577 0.558422
vt 0.879269 0.891028
vt 0.878427 0.883488
vt 0.882204 0.886217
vt 0.761574 0.734862
vt 0.763410 0.729290
vt 0.763957 0.741372
vt 0.544800 0.595045
vt 0.764034 0.570504
vt 0.765634 0.552184
vt 0.881116 0.895070
vt 0.079057 0.616272
vt 0.073166 0.610090
vt 0.079457 0.609857
vt 0.089843 0.607953
vt 0.085305 0.614649
vt 0.085797 0.604968
vt 0.086644 0.586737
vt 0.089764 0.597289
vt 0.083916 0.592498
vt 0.073881 0.581944
vt 0.080382 0.582001
vt 0.076414 0.589680
vt 0.069192 0.600197
vt 0.070123 0.589913
vt 0.073658 0.600409
vt 0.079895 0.599801
vt 0.763594 0.715979
vt 0.766748 0.712719
vt 0.765818 0.722757
vt 0.764438 0.706523
vt 0.070203 0.582377
vt 0.076543 0.577488
vt 0.084045 0.580305
vt 0.089843 0.589754
vt 0.761719 0.576700
vt 0.665266 0.876610
vt 0.663422 0.880673
vt 0.660810 0.873832
vt 0.666360 0.885511
vt 0.662579 0.888233
vt 0.664824 0.893502
vt 0.660810 0.894269
vt 0.766451 0.734257
vt 0.766748 0.743312
vt 0.880675 0.878231
vt 0.876667 0.877441
vt 0.762194 0.564932
vt 0.765046 0.593271
vt 0.544721 0.587510
vt 0.765026 0.747609
vt 0.558643 0.597116
vt 0.761100 0.723094
vt 0.876667 0.897812
vt 0.559903 0.562771
vt 0.564442 0.569467
vt 0.553656 0.561149
vt 0.547764 0.567331
vt 0.543790 0.577225
vt 0.023217 0.635620
vt 0.029145 0.641472
vt 0.022750 0.646303
vt 0.033398 0.646216
vt 0.033398 0.635225
vt 0.017067 0.636814
vt 0.019949 0.626118
vt 0.027414 0.628997
vt 0.784097 0.107741
vt 0.784360 0.097383
vt 0.786863 0.104238
vt 0.022519 0.654437
vt 0.028735 0.652532
vt 0.026340 0.657952
vt 0.012851 0.638293
vt 0.016657 0.647874
vt 0.013193 0.645585
vt 0.015853 0.873272
vt 0.016719 0.881549
vt 0.012851 0.876528
vt 0.784990 0.085834
vt 0.784097 0.077805
vt 0.787225 0.079261
vt 0.785851 0.112973
vt 0.018876 0.655074
vt 0.787576 0.483865
vt 0.785720 0.490020
vt 0.785191 0.477112
vt 0.014019 0.868407
vt 0.787387 0.091361
vt 0.634434 0.201867
vt 0.630536 0.194274
vt 0.636629 0.195844
vt 0.647133 0.196969
vt 0.640883 0.202090
vt 0.644094 0.192965
vt 0.650078 0.175744
vt 0.650078 0.186736
vt 0.645825 0.180489
vt 0.639199 0.167525
vt 0.645414 0.169429
vt 0.639430 0.175658
vt 0.629530 0.183670
vt 0.633336 0.174088
vt 0.633747 0.185148
vt 0.639897 0.186341
vt 0.629871 0.176378
vt 0.789728 0.086116
vt 0.635555 0.166888
vt 0.643019 0.164009
vt 0.649414 0.168840
vt 0.782689 0.483978
vt 0.782420 0.473585
vt 0.783320 0.495545
vt 0.785554 0.502123
vt 0.782420 0.503560
vt 0.784755 0.508797
vt 0.884382 0.093534
vt 0.886214 0.088668
vt 0.888980 0.093530
vt 0.883208 0.085413
vt 0.887080 0.080390
vt 0.884834 0.075945
vt 0.888980 0.072560
vt 0.786438 0.072560
vt 0.018610 0.868408
vt 0.784169 0.468329
vt 0.014471 0.885996
vt 0.018610 0.889379
vt 0.788056 0.495257
vt 0.032735 0.653120
vt 0.789248 0.097496
vt 0.024203 0.619872
vt 0.030454 0.624993
vt 0.017754 0.620096
vt 0.013856 0.627690
vt 0.610523 0.094840
vt 0.606501 0.087552
vt 0.614004 0.084745
vt 0.603772 0.081795
vt 0.600652 0.092316
vt 0.616759 0.095442
vt 0.610959 0.104860
vt 0.604620 0.099984
vt 0.600571 0.084785
vt 0.616536 0.077018
vt 0.610036 0.077077
vt 0.613874 0.072560
vt 0.699462 0.745674
vt 0.700536 0.755710
vt 0.697268 0.752438
vt 0.700536 0.725123
vt 0.700114 0.734179
vt 0.697638 0.727052
vt 0.331003 0.885553
vt 0.330132 0.878005
vt 0.334002 0.880621
vt 0.753105 0.100961
vt 0.754858 0.095386
vt 0.755494 0.107462
vt 0.620213 0.077436
vt 0.697007 0.739131
vt 0.698921 0.720814
vt 0.332757 0.889580
vt 0.185745 0.578474
vt 0.191638 0.584634
vt 0.185348 0.584856
vt 0.174959 0.586771
vt 0.179498 0.580091
vt 0.179008 0.589733
vt 0.178160 0.607924
vt 0.175040 0.597401
vt 0.180889 0.602166
vt 0.190924 0.612700
vt 0.184424 0.612642
vt 0.188392 0.604974
vt 0.195612 0.594499
vt 0.194682 0.604751
vt 0.191147 0.594275
vt 0.184911 0.594878
vt 0.755123 0.082055
vt 0.758396 0.078760
vt 0.757315 0.088829
vt 0.756186 0.072560
vt 0.194601 0.612282
vt 0.188262 0.617159
vt 0.180759 0.614352
vt 0.174959 0.604932
vt 0.694792 0.745310
vt 0.726236 0.874406
vt 0.724483 0.878438
vt 0.721593 0.871476
vt 0.727484 0.883377
vt 0.723612 0.885991
vt 0.725785 0.891329
vt 0.721593 0.891966
vt 0.757968 0.100331
vt 0.758396 0.109374
vt 0.332306 0.872670
vt 0.328118 0.872026
vt 0.695250 0.733548
vt 0.698321 0.761889
vt 0.620294 0.084967
vt 0.756786 0.113669
vt 0.606371 0.075367
vt 0.752648 0.089186
vt 0.328118 0.892500
vt 0.605110 0.109624
vt 0.600571 0.102945
vt 0.611357 0.111241
vt 0.617249 0.105082
vt 0.621224 0.095217
vt 0.450931 0.650298
vt 0.445003 0.644454
vt 0.451399 0.639641
vt 0.440755 0.639706
vt 0.440755 0.650669
vt 0.457084 0.649107
vt 0.454202 0.659771
vt 0.446736 0.656895
vt 0.118003 0.771374
vt 0.118453 0.760956
vt 0.120930 0.767802
vt 0.451635 0.631517
vt 0.445417 0.633414
vt 0.447820 0.627994
vt 0.461307 0.647623
vt 0.457498 0.638068
vt 0.460971 0.640337
vt 0.876926 0.168901
vt 0.877812 0.177173
vt 0.873877 0.172108
vt 0.119111 0.749371
vt 0.118003 0.741376
vt 0.121303 0.742768
vt 0.119598 0.776627
vt 0.455286 0.630870
vt 0.769009 0.280852
vt 0.767268 0.287005
vt 0.766614 0.274065
vt 0.875154 0.164009
vt 0.121581 0.754870
vt 0.510213 0.628085
vt 0.514109 0.635652
vt 0.508010 0.634080
vt 0.497510 0.632979
vt 0.503761 0.627864
vt 0.500544 0.636957
vt 0.494563 0.654148
vt 0.494563 0.643183
vt 0.498812 0.649400
vt 0.505443 0.662337
vt 0.499226 0.660440
vt 0.505207 0.654213
vt 0.515115 0.646229
vt 0.511306 0.655786
vt 0.510892 0.644745
vt 0.504739 0.643555
vt 0.514779 0.653516
vt 0.123780 0.749614
vt 0.509094 0.662984
vt 0.501628 0.665860
vt 0.495232 0.661047
vt 0.764137 0.280913
vt 0.763683 0.270487
vt 0.764796 0.292502
vt 0.766987 0.299107
vt 0.763683 0.300493
vt 0.765879 0.305747
vt 0.871044 0.794379
vt 0.872812 0.789483
vt 0.875775 0.794294
vt 0.869761 0.786277
vt 0.873699 0.781185
vt 0.871503 0.776771
vt 0.875775 0.773311
vt 0.120202 0.736121
vt 0.879878 0.164069
vt 0.765275 0.265228
vt 0.875613 0.181571
vt 0.879878 0.184999
vt 0.769463 0.292259
vt 0.441424 0.632807
vt 0.123325 0.761018
vt 0.449953 0.665986
vt 0.443702 0.660872
vt 0.456404 0.665766
vt 0.460301 0.658199
vt 0.553959 0.647945
vt 0.548032 0.642091
vt 0.554429 0.637287
vt 0.543790 0.637336
vt 0.543790 0.648300
vt 0.560116 0.646764
vt 0.557235 0.657424
vt 0.549767 0.654536
vt 0.069673 0.754846
vt 0.069192 0.743091
vt 0.071541 0.749270
vt 0.554672 0.629164
vt 0.548451 0.631052
vt 0.550864 0.625635
vt 0.766884 0.663202
vt 0.767750 0.673194
vt 0.764648 0.669971
vt 0.767750 0.642638
vt 0.767509 0.651711
vt 0.765008 0.644606
vt 0.879665 0.844486
vt 0.878783 0.836841
vt 0.882688 0.839406
vt 0.072053 0.761356
vt 0.558332 0.628523
vt 0.764499 0.656694
vt 0.765981 0.638326
vt 0.881380 0.848614
vt 0.238618 0.622703
vt 0.242513 0.630265
vt 0.236407 0.628702
vt 0.225913 0.627616
vt 0.232164 0.622492
vt 0.228939 0.631590
vt 0.222962 0.648790
vt 0.222962 0.637825
vt 0.227205 0.644036
vt 0.233843 0.656964
vt 0.227623 0.655075
vt 0.233601 0.648840
vt 0.243520 0.640841
vt 0.239707 0.650403
vt 0.239288 0.639363
vt 0.233131 0.638182
vt 0.071693 0.735986
vt 0.074799 0.732756
vt 0.073928 0.742757
vt 0.072450 0.726578
vt 0.237503 0.657605
vt 0.230035 0.660492
vt 0.223639 0.655688
vt 0.762147 0.662867
vt 0.762629 0.651116
vt 0.880535 0.471457
vt 0.878831 0.475571
vt 0.875803 0.468329
vt 0.881860 0.480651
vt 0.877946 0.483205
vt 0.880080 0.488609
vt 0.875803 0.489109
vt 0.074554 0.754250
vt 0.074799 0.763320
vt 0.880925 0.831441
vt 0.876667 0.830934
vt 0.765398 0.679368
vt 0.560535 0.635725
vt 0.073033 0.767628
vt 0.544467 0.630439
vt 0.876667 0.851740
vt 0.552993 0.663634
vt 0.546741 0.658509
vt 0.559447 0.663423
vt 0.563342 0.655862
vt 0.564348 0.645287
vt 0.603737 0.222127
vt 0.592914 0.222123
vt 0.593005 0.203253
vt 0.603829 0.203257
vt 0.593005 0.181981
vt 0.603829 0.181985
vt 0.592914 0.164009
vt 0.603737 0.164013
vt 0.590148 0.375694
vt 0.600963 0.375683
vt 0.601377 0.394385
vt 0.590562 0.394395
vt 0.601377 0.415668
vt 0.590562 0.415679
vt 0.600963 0.433830
vt 0.590148 0.433841
vt 0.590143 0.552187
vt 0.600966 0.552184
vt 0.601040 0.571062
vt 0.590217 0.571065
vt 0.601040 0.592332
vt 0.590217 0.592336
vt 0.600966 0.610296
vt 0.590143 0.610299
vt 0.600957 0.526483
vt 0.590143 0.526469
vt 0.590600 0.507721
vt 0.601414 0.507735
vt 0.273334 0.164009
vt 0.291772 0.174654
vt 0.302417 0.193092
vt 0.302417 0.214382
vt 0.291772 0.232820
vt 0.273334 0.243465
vt 0.252044 0.243465
vt 0.233606 0.232820
vt 0.222961 0.214382
vt 0.222961 0.193092
vt 0.233606 0.174654
vt 0.252044 0.164009
vt 0.590600 0.486441
vt 0.601414 0.486455
vt 0.590143 0.468329
vt 0.600957 0.468343
vt 0.233606 0.279812
vt 0.252044 0.269166
vt 0.273334 0.269166
vt 0.291772 0.279811
vt 0.302417 0.298249
vt 0.302417 0.319539
vt 0.291772 0.337977
vt 0.273334 0.348622
vt 0.252044 0.348623
vt 0.233606 0.337977
vt 0.222962 0.319540
vt 0.222961 0.298249
vt 0.559169 0.230823
vt 0.559182 0.164009
vt 0.564928 0.164095
vt 0.567213 0.230943
vt 0.574870 0.073682
vt 0.572493 0.137509
vt 0.566744 0.136707
vt 0.566822 0.072560
vt 0.561013 0.137509
vt 0.558798 0.073682
vt 0.276937 0.558799
vt 0.279233 0.491785
vt 0.284967 0.491871
vt 0.284965 0.558920
vt 0.290713 0.491785
vt 0.293009 0.558799
vt 0.134075 0.532783
vt 0.131838 0.595040
vt 0.126092 0.595844
vt 0.126032 0.533908
vt 0.733938 0.333454
vt 0.739755 0.333310
vt 0.743868 0.337592
vt 0.743868 0.343791
vt 0.739755 0.348277
vt 0.733938 0.348421
vt 0.729825 0.344139
vt 0.729825 0.337940
vt 0.120358 0.595041
vt 0.118003 0.532783
vt 0.551141 0.230943
vt 0.553448 0.164095
vt 0.320918 0.114072
vt 0.329053 0.114292
vt 0.334806 0.120582
vt 0.334806 0.129258
vt 0.329053 0.135238
vt 0.320918 0.135018
vt 0.315165 0.128728
vt 0.315165 0.120052
vt 0.556396 0.375787
vt 0.556419 0.442628
vt 0.550689 0.442553
vt 0.548374 0.375683
vt 0.028916 0.532925
vt 0.027494 0.593206
vt 0.021692 0.594171
vt 0.020792 0.534276
vt 0.016019 0.593206
vt 0.012851 0.532925
vt 0.564442 0.468433
vt 0.562147 0.535447
vt 0.556396 0.535373
vt 0.556391 0.468329
vt 0.550667 0.535447
vt 0.548370 0.468433
vt 0.412554 0.531917
vt 0.409616 0.594177
vt 0.403821 0.593222
vt 0.404442 0.530580
vt 0.660810 0.837078
vt 0.664832 0.832938
vt 0.670521 0.833248
vt 0.674544 0.837826
vt 0.674544 0.843991
vt 0.670521 0.848131
vt 0.664832 0.847821
vt 0.660810 0.843243
vt 0.398140 0.594177
vt 0.396488 0.531917
vt 0.564446 0.375683
vt 0.562169 0.442553
vt 0.715707 0.012851
vt 0.721338 0.018641
vt 0.721338 0.027270
vt 0.715707 0.033683
vt 0.707743 0.034123
vt 0.702112 0.028333
vt 0.702112 0.019704
vt 0.707743 0.013291
vt 0.228943 0.891192
vt 0.232626 0.890907
vt 0.230348 0.894610
vt 0.901758 0.382827
vt 0.900612 0.385552
vt 0.898579 0.381753
vt 0.226122 0.893588
vt 0.225788 0.889253
vt 0.229808 0.887596
vt 0.901381 0.379000
vt 0.895039 0.021829
vt 0.892422 0.022298
vt 0.893021 0.018605
vt 0.902283 0.022123
vt 0.898817 0.022529
vt 0.901232 0.018920
vt 0.911071 0.779600
vt 0.908060 0.781958
vt 0.908060 0.777761
vt 0.902119 0.561222
vt 0.898408 0.561914
vt 0.899946 0.558166
vt 0.905147 0.381098
vt 0.896974 0.018747
vt 0.904665 0.783178
vt 0.901476 0.781311
vt 0.904294 0.779864
vt 0.911334 0.775805
vt 0.904204 0.557992
vt 0.908164 0.379252
vt 0.905147 0.376899
vt 0.908437 0.376252
vt 0.899147 0.015689
vt 0.895435 0.014996
vt 0.898742 0.012851
vt 0.904665 0.776037
vt 0.901476 0.777113
vt 0.903500 0.773311
vt 0.637893 0.227792
vt 0.640594 0.230473
vt 0.636916 0.230187
vt 0.630703 0.229530
vt 0.634090 0.227792
vt 0.632690 0.231209
vt 0.635511 0.233605
vt 0.901790 0.554383
vt 0.898012 0.555082
vt 0.898979 0.552184
vt 0.639194 0.233890
vt 0.907569 0.773711
vt 0.636376 0.237201
vt 0.640054 0.237488
vt 0.902324 0.015276
vt 0.632356 0.235544
vt 0.633216 0.239141
vt 0.630135 0.236906
vt 0.629530 0.233149
vt 0.905257 0.554786
vt 0.895994 0.558305
vt 0.895397 0.554608
vt 0.892422 0.015447
vt 0.901758 0.375683
vt 0.895397 0.561459
vt 0.908437 0.383046
vt 0.904671 0.385147
vt 0.898579 0.377554
vt 0.905299 0.561633
vt 0.901717 0.564057
vt 0.226647 0.885655
vt 0.223566 0.887890
vt 0.911334 0.782597
vt 0.222962 0.891647
vt 0.224134 0.895266
vt 0.227522 0.897005
vt 0.896004 0.024723
vt 0.233486 0.887309
vt 0.234026 0.894323
vt 0.231324 0.897005
vt 0.545193 0.894072
vt 0.548876 0.893787
vt 0.546598 0.897491
vt 0.434663 0.905084
vt 0.433518 0.907809
vt 0.431484 0.904010
vt 0.542372 0.896469
vt 0.542038 0.892133
vt 0.546058 0.890476
vt 0.434287 0.901257
vt 0.485851 0.897984
vt 0.483233 0.898453
vt 0.483833 0.894760
vt 0.493095 0.898278
vt 0.489629 0.898684
vt 0.492043 0.895075
vt 0.909317 0.323069
vt 0.906305 0.325428
vt 0.906305 0.321230
vt 0.902069 0.274267
vt 0.898358 0.274959
vt 0.899895 0.271210
vt 0.438052 0.903355
vt 0.487786 0.894902
vt 0.902910 0.326647
vt 0.899722 0.324780
vt 0.902540 0.323333
vt 0.909580 0.319274
vt 0.904154 0.271036
vt 0.441070 0.901509
vt 0.438052 0.899156
vt 0.441343 0.898509
vt 0.489958 0.891844
vt 0.486247 0.891151
vt 0.489554 0.889006
vt 0.902910 0.319506
vt 0.899722 0.320583
vt 0.901746 0.316780
vt 0.884166 0.514811
vt 0.886868 0.517492
vt 0.883189 0.517206
vt 0.876976 0.516549
vt 0.880363 0.514811
vt 0.878963 0.518228
vt 0.881784 0.520624
vt 0.901740 0.267427
vt 0.897962 0.268127
vt 0.898928 0.265228
vt 0.885467 0.520909
vt 0.905815 0.317180
vt 0.882649 0.524220
vt 0.886327 0.524507
vt 0.493136 0.891431
vt 0.878629 0.522563
vt 0.879489 0.526160
vt 0.876408 0.523925
vt 0.875803 0.520168
vt 0.905207 0.267830
vt 0.895944 0.271350
vt 0.895346 0.267652
vt 0.483233 0.891602
vt 0.434663 0.897940
vt 0.895346 0.274504
vt 0.441343 0.905303
vt 0.437577 0.907404
vt 0.431484 0.899811
vt 0.905248 0.274677
vt 0.901666 0.277101
vt 0.542898 0.888536
vt 0.539816 0.890771
vt 0.909580 0.326066
vt 0.539212 0.894528
vt 0.540384 0.898146
vt 0.543772 0.899885
vt 0.486816 0.900878
vt 0.549736 0.890189
vt 0.550276 0.897204
vt 0.547574 0.899885
vt 0.053933 0.203100
vt 0.064718 0.201503
vt 0.057751 0.212640
vt 0.092302 0.197403
vt 0.086265 0.198304
vt 0.089097 0.187774
vt 0.045504 0.210592
vt 0.044902 0.198189
vt 0.056776 0.192572
vt 0.535389 0.292449
vt 0.533957 0.282955
vt 0.539310 0.285701
vt 0.067491 0.237065
vt 0.076139 0.230115
vt 0.074357 0.236616
vt 0.023875 0.229771
vt 0.032431 0.235107
vt 0.025741 0.236087
vt 0.021729 0.185600
vt 0.018377 0.195850
vt 0.015992 0.189948
vt 0.524185 0.187658
vt 0.525157 0.198279
vt 0.520179 0.193086
vt 0.539586 0.298074
vt 0.176234 0.505676
vt 0.180109 0.498749
vt 0.180302 0.510533
vt 0.017800 0.227156
vt 0.088947 0.501524
vt 0.085134 0.505964
vt 0.085073 0.494629
vt 0.520316 0.180807
vt 0.173626 0.236383
vt 0.163121 0.238825
vt 0.171322 0.231074
vt 0.197260 0.196010
vt 0.195333 0.206503
vt 0.191231 0.197065
vt 0.168055 0.165048
vt 0.177368 0.169084
vt 0.166630 0.170983
vt 0.126371 0.186285
vt 0.134053 0.178280
vt 0.131516 0.188873
vt 0.129813 0.230373
vt 0.125248 0.221382
vt 0.134415 0.226012
vt 0.150817 0.210511
vt 0.149850 0.198131
vt 0.159019 0.202771
vt 0.141850 0.218980
vt 0.139903 0.206186
vt 0.130877 0.214715
vt 0.139827 0.193066
vt 0.129814 0.201091
vt 0.122660 0.209290
vt 0.123315 0.196623
vt 0.161555 0.192168
vt 0.151720 0.185999
vt 0.141631 0.180904
vt 0.164328 0.180583
vt 0.154512 0.174342
vt 0.145138 0.170892
vt 0.157462 0.166354
vt 0.169755 0.200862
vt 0.173626 0.189004
vt 0.176418 0.177347
vt 0.181495 0.198782
vt 0.185443 0.186915
vt 0.186806 0.176608
vt 0.193768 0.186472
vt 0.163119 0.212198
vt 0.175347 0.211048
vt 0.187164 0.208958
vt 0.167603 0.222512
vt 0.179861 0.221434
vt 0.190080 0.218538
vt 0.182060 0.229176
vt 0.154505 0.221667
vt 0.159019 0.232053
vt 0.145480 0.230196
vt 0.150436 0.238736
vt 0.138517 0.235450
vt 0.123684 0.227959
vt 0.515306 0.174091
vt 0.509642 0.180157
vt 0.510241 0.169423
vt 0.515186 0.186422
vt 0.505066 0.176009
vt 0.119067 0.216859
vt 0.509491 0.193670
vt 0.504473 0.187878
vt 0.118003 0.203235
vt 0.515018 0.199794
vt 0.509829 0.206258
vt 0.504791 0.200566
vt 0.505755 0.211113
vt 0.127420 0.179484
vt 0.514607 0.224452
vt 0.508924 0.227609
vt 0.509632 0.218038
vt 0.080110 0.499395
vt 0.079951 0.488435
vt 0.504473 0.219626
vt 0.137124 0.170572
vt 0.074386 0.494022
vt 0.074453 0.506497
vt 0.069192 0.501945
vt 0.150005 0.164009
vt 0.080079 0.512163
vt 0.074855 0.518872
vt 0.069654 0.513990
vt 0.070643 0.524508
vt 0.074569 0.531249
vt 0.069192 0.534017
vt 0.079482 0.538073
vt 0.073631 0.542158
vt 0.084278 0.543096
vt 0.078973 0.548677
vt 0.185450 0.168871
vt 0.073055 0.551723
vt 0.194475 0.178439
vt 0.083754 0.551787
vt 0.180740 0.547364
vt 0.185795 0.542697
vt 0.185872 0.552773
vt 0.191408 0.546508
vt 0.190801 0.535980
vt 0.195874 0.538367
vt 0.194669 0.529126
vt 0.190655 0.523703
vt 0.195638 0.518503
vt 0.185490 0.516998
vt 0.190987 0.511136
vt 0.185291 0.503890
vt 0.197260 0.214107
vt 0.190775 0.498168
vt 0.195922 0.506113
vt 0.189957 0.226583
vt 0.185086 0.492329
vt 0.190076 0.488350
vt 0.180495 0.235753
vt 0.549874 0.311002
vt 0.554742 0.305093
vt 0.553708 0.315469
vt 0.544807 0.304784
vt 0.550253 0.298566
vt 0.544592 0.291452
vt 0.156233 0.243765
vt 0.549950 0.284949
vt 0.554997 0.292415
vt 0.142694 0.241908
vt 0.544230 0.278884
vt 0.549046 0.273883
vt 0.554190 0.280347
vt 0.131884 0.236653
vt 0.514819 0.212898
vt 0.520514 0.205650
vt 0.520298 0.218614
vt 0.519589 0.228425
vt 0.053398 0.166597
vt 0.040949 0.170774
vt 0.045992 0.164009
vt 0.525440 0.210665
vt 0.029649 0.177831
vt 0.032923 0.170190
vt 0.022959 0.178811
vt 0.079863 0.525491
vt 0.085519 0.518388
vt 0.085205 0.532010
vt 0.089988 0.511887
vt 0.017352 0.208494
vt 0.012851 0.202278
vt 0.090240 0.524563
vt 0.019581 0.220656
vt 0.013514 0.215927
vt 0.089417 0.536642
vt 0.185663 0.530370
vt 0.180127 0.536634
vt 0.179967 0.523123
vt 0.175564 0.540779
vt 0.044250 0.238745
vt 0.036394 0.241660
vt 0.174959 0.528913
vt 0.056925 0.239203
vt 0.049873 0.243914
vt 0.175271 0.516226
vt 0.549834 0.322367
vt 0.544724 0.328574
vt 0.544852 0.317576
vt 0.179411 0.489170
vt 0.539148 0.322969
vt 0.539191 0.310462
vt 0.174959 0.497158
vt 0.084471 0.219720
vt 0.084086 0.227731
vt 0.533957 0.315043
vt 0.090072 0.207841
vt 0.091753 0.215474
vt 0.534403 0.302975
vt 0.543754 0.268310
vt 0.538397 0.274813
vt 0.548561 0.265228
vt 0.515365 0.164009
vt 0.537862 0.265288
vt 0.520910 0.170273
vt 0.082430 0.177712
vt 0.090017 0.179740
vt 0.081278 0.169911
vt 0.073215 0.169911
vt 0.525379 0.178412
vt 0.064020 0.165596
vt 0.070831 0.164009
vt 0.062441 0.171511
vt 0.059878 0.181060
vt 0.050237 0.174519
vt 0.047120 0.186108
vt 0.037168 0.180701
vt 0.035020 0.192818
vt 0.026817 0.188361
vt 0.024763 0.200532
vt 0.034714 0.205939
vt 0.025426 0.214181
vt 0.036281 0.218780
vt 0.028624 0.225569
vt 0.039567 0.230085
vt 0.048855 0.221843
vt 0.053045 0.232339
vt 0.061918 0.223068
vt 0.065365 0.231714
vt 0.072045 0.178167
vt 0.080784 0.187996
vt 0.068928 0.189756
vt 0.076501 0.199756
vt 0.074190 0.222337
vt 0.070000 0.211841
vt 0.081857 0.210081
vt 0.514127 0.118361
vt 0.516434 0.125629
vt 0.508091 0.121253
vt 0.333146 0.068936
vt 0.334165 0.077966
vt 0.326820 0.071358
vt 0.508091 0.112872
vt 0.516434 0.112067
vt 0.521590 0.119951
vt 0.328493 0.060613
vt 0.129527 0.325917
vt 0.123336 0.328144
vt 0.124969 0.317544
vt 0.159246 0.326581
vt 0.153486 0.328760
vt 0.158322 0.318254
vt 0.362112 0.221071
vt 0.354948 0.223479
vt 0.358840 0.212964
vt 0.041590 0.326257
vt 0.034317 0.328730
vt 0.037798 0.318080
vt 0.336872 0.060579
vt 0.133288 0.317694
vt 0.332268 0.220953
vt 0.328118 0.212621
vt 0.333700 0.212864
vt 0.366818 0.212775
vt 0.046143 0.317892
vt 0.349152 0.031343
vt 0.341976 0.028945
vt 0.347575 0.022610
vt 0.146750 0.288502
vt 0.139477 0.286027
vt 0.145669 0.279628
vt 0.346131 0.183504
vt 0.339796 0.181075
vt 0.347133 0.174459
vt 0.024369 0.288837
vt 0.018182 0.286601
vt 0.025491 0.279903
vt 0.054090 0.288168
vt 0.048328 0.285995
vt 0.050527 0.279340
vt 0.342056 0.545298
vt 0.350399 0.544493
vt 0.348099 0.550779
vt 0.335435 0.539308
vt 0.343974 0.537830
vt 0.329927 0.534344
vt 0.337299 0.531802
vt 0.352899 0.537623
vt 0.043093 0.276733
vt 0.033909 0.276939
vt 0.036329 0.269615
vt 0.346481 0.530917
vt 0.027437 0.271658
vt 0.040303 0.285196
vt 0.031637 0.286370
vt 0.355555 0.552377
vt 0.358829 0.545621
vt 0.019101 0.277193
vt 0.363692 0.554127
vt 0.361336 0.538708
vt 0.364177 0.171349
vt 0.355398 0.171558
vt 0.357328 0.164009
vt 0.367011 0.547385
vt 0.348730 0.166030
vt 0.369310 0.180750
vt 0.361757 0.179992
vt 0.353356 0.181129
vt 0.350399 0.558054
vt 0.358829 0.560546
vt 0.340476 0.171499
vt 0.352899 0.566012
vt 0.367010 0.562309
vt 0.361336 0.568557
vt 0.152118 0.277006
vt 0.143789 0.271479
vt 0.333373 0.179879
vt 0.334333 0.171231
vt 0.159091 0.285506
vt 0.152979 0.286329
vt 0.342056 0.553679
vt 0.343974 0.561979
vt 0.137259 0.276673
vt 0.335435 0.556853
vt 0.346481 0.569990
vt 0.128104 0.276508
vt 0.134918 0.269466
vt 0.337299 0.565175
vt 0.353422 0.020086
vt 0.345046 0.014687
vt 0.130827 0.284874
vt 0.122839 0.285727
vt 0.354920 0.029218
vt 0.334792 0.547939
vt 0.339177 0.019785
vt 0.328118 0.551136
vt 0.329955 0.019822
vt 0.336117 0.012851
vt 0.328118 0.541912
vt 0.333327 0.027947
vt 0.325217 0.029011
vt 0.322437 0.022710
vt 0.319310 0.031461
vt 0.053163 0.296502
vt 0.050425 0.307191
vt 0.045994 0.295620
vt 0.042131 0.307390
vt 0.036810 0.295826
vt 0.032955 0.307584
vt 0.028127 0.297065
vt 0.019812 0.297208
vt 0.015548 0.307882
vt 0.012851 0.296237
vt 0.363344 0.202324
vt 0.371150 0.202073
vt 0.367185 0.190507
vt 0.358406 0.190715
vt 0.354451 0.202470
vt 0.349866 0.191867
vt 0.341486 0.191834
vt 0.336909 0.202401
vt 0.334261 0.190620
vt 0.329977 0.202192
vt 0.328118 0.190352
vt 0.158320 0.295980
vt 0.155586 0.307570
vt 0.162182 0.307747
vt 0.151305 0.296870
vt 0.142960 0.296683
vt 0.138118 0.307180
vt 0.134278 0.295443
vt 0.128955 0.307004
vt 0.125122 0.295277
vt 0.120703 0.306866
vt 0.118003 0.296233
vt 0.353861 0.039636
vt 0.345861 0.039467
vt 0.341460 0.049974
vt 0.337291 0.038337
vt 0.332345 0.049954
vt 0.328069 0.038373
vt 0.323919 0.050044
vt 0.320723 0.039567
vt 0.023795 0.307754
vt 0.029117 0.319317
vt 0.019965 0.319474
vt 0.012851 0.318508
vt 0.025670 0.329878
vt 0.017686 0.329016
vt 0.367855 0.223173
vt 0.345343 0.202496
vt 0.350281 0.214105
vt 0.341058 0.214069
vt 0.346303 0.224482
vt 0.338187 0.223413
vt 0.147294 0.307375
vt 0.151156 0.319142
vt 0.141972 0.318937
vt 0.145463 0.329562
vt 0.136797 0.328387
vt 0.358205 0.050328
vt 0.350370 0.050103
vt 0.118003 0.318504
vt 0.354228 0.061906
vt 0.345424 0.061720
vt 0.356377 0.071642
vt 0.348797 0.072425
vt 0.340378 0.071304
vt 0.315165 0.039790
vt 0.317006 0.050235
vt 0.321282 0.061816
vt 0.057024 0.307006
vt 0.315165 0.062061
vt 0.053161 0.318776
vt 0.320416 0.072537
vt 0.053935 0.329242
vt 0.047820 0.328426
vt 0.040511 0.335124
vt 0.038636 0.343263
vt 0.032103 0.338075
vt 0.524880 0.113179
vt 0.529752 0.121675
vt 0.533097 0.114903
vt 0.029768 0.345268
vt 0.022951 0.338232
vt 0.518959 0.105171
vt 0.527422 0.106227
vt 0.357965 0.237688
vt 0.360519 0.229788
vt 0.366333 0.232283
vt 0.352128 0.232621
vt 0.510024 0.105388
vt 0.512567 0.098436
vt 0.349037 0.239527
vt 0.342906 0.232584
vt 0.501494 0.106855
vt 0.503385 0.099321
vt 0.496026 0.101847
vt 0.335379 0.229688
vt 0.155680 0.335404
vt 0.494204 0.109431
vt 0.500843 0.115497
vt 0.148248 0.338016
vt 0.141479 0.345123
vt 0.139064 0.337811
vt 0.501494 0.124400
vt 0.494204 0.118655
vt 0.132587 0.343081
vt 0.130646 0.334845
vt 0.046963 0.337740
vt 0.327524 0.080913
vt 0.321407 0.081158
vt 0.527422 0.136076
vt 0.524880 0.128103
vt 0.533097 0.129828
vt 0.335792 0.086369
vt 0.518958 0.133559
vt 0.124251 0.337544
vt 0.510024 0.129536
vt 0.351248 0.081040
vt 0.503385 0.132694
vt 0.344411 0.088371
vt 0.342445 0.080854
vt 0.512567 0.137509
vt 0.334297 0.792606
vt 0.334086 0.796210
vt 0.331592 0.792299
vt 0.399536 0.709286
vt 0.400202 0.713420
vt 0.396851 0.710372
vt 0.332839 0.788808
vt 0.336104 0.790563
vt 0.336874 0.795138
vt 0.397397 0.705461
vt 0.282494 0.674302
vt 0.279434 0.675315
vt 0.280419 0.670470
vt 0.295685 0.674601
vt 0.293271 0.675602
vt 0.295504 0.670795
vt 0.027755 0.709747
vt 0.024462 0.710874
vt 0.026084 0.706047
vt 0.341622 0.685423
vt 0.338294 0.686556
vt 0.340034 0.681677
vt 0.401085 0.705474
vt 0.284393 0.670544
vt 0.014627 0.709800
vt 0.012851 0.706003
vt 0.015025 0.706092
vt 0.029874 0.705934
vt 0.343737 0.681594
vt 0.406901 0.692131
vt 0.403602 0.691011
vt 0.406402 0.688128
vt 0.290446 0.657182
vt 0.287118 0.656048
vt 0.289745 0.653115
vt 0.020404 0.692609
vt 0.017717 0.691521
vt 0.021062 0.688467
vt 0.333672 0.668299
vt 0.330614 0.667282
vt 0.333978 0.664216
vt 0.346862 0.668002
vt 0.344448 0.667002
vt 0.345089 0.663965
vt 0.820151 0.087066
vt 0.818904 0.083575
vt 0.821609 0.083268
vt 0.818560 0.091223
vt 0.817028 0.087788
vt 0.817245 0.094678
vt 0.815429 0.091977
vt 0.815949 0.083917
vt 0.341887 0.662767
vt 0.337811 0.662859
vt 0.338516 0.659517
vt 0.334536 0.660450
vt 0.340947 0.666632
vt 0.337040 0.667169
vt 0.821398 0.079663
vt 0.818400 0.079642
vt 0.330738 0.662984
vt 0.821170 0.075728
vt 0.815429 0.079989
vt 0.029051 0.686987
vt 0.024881 0.687111
vt 0.026168 0.683653
vt 0.022123 0.684607
vt 0.031261 0.691270
vt 0.027607 0.690948
vt 0.023682 0.691497
vt 0.824186 0.080736
vt 0.824214 0.076517
vt 0.018317 0.687138
vt 0.827007 0.077974
vt 0.823987 0.072560
vt 0.827056 0.073740
vt 0.292423 0.651909
vt 0.288548 0.649376
vt 0.015122 0.690998
vt 0.015923 0.687040
vt 0.295592 0.655800
vt 0.293110 0.656184
vt 0.823416 0.085311
vt 0.826435 0.082732
vt 0.285828 0.651760
vt 0.825394 0.087550
vt 0.284347 0.648450
vt 0.281455 0.651678
vt 0.828429 0.084990
vt 0.409380 0.686989
vt 0.405597 0.684490
vt 0.283047 0.655516
vt 0.279170 0.655900
vt 0.409753 0.691176
vt 0.821993 0.089698
vt 0.402610 0.686807
vt 0.823988 0.091956
vt 0.398552 0.686793
vt 0.401634 0.683620
vt 0.820394 0.093887
vt 0.399735 0.690525
vt 0.396226 0.690985
vt 0.395338 0.688089
vt 0.393767 0.692085
vt 0.346680 0.671810
vt 0.345620 0.676697
vt 0.343638 0.671401
vt 0.342018 0.676784
vt 0.339562 0.671493
vt 0.337867 0.676872
vt 0.335569 0.672061
vt 0.331597 0.672131
vt 0.329553 0.677019
vt 0.328118 0.671695
vt 0.028136 0.701162
vt 0.031928 0.701022
vt 0.030035 0.695741
vt 0.025865 0.695866
vt 0.023995 0.701258
vt 0.021956 0.696422
vt 0.018270 0.696437
vt 0.016278 0.701290
vt 0.015244 0.695909
vt 0.013459 0.701221
vt 0.012851 0.695811
vt 0.295523 0.660601
vt 0.294445 0.665910
vt 0.297142 0.665984
vt 0.292562 0.661013
vt 0.288858 0.660929
vt 0.286691 0.665734
vt 0.284852 0.660360
vt 0.282394 0.665650
vt 0.280479 0.660278
vt 0.278373 0.665579
vt 0.276937 0.660707
vt 0.409023 0.695943
vt 0.405222 0.695841
vt 0.403126 0.700636
vt 0.401311 0.695295
vt 0.399035 0.700596
vt 0.397252 0.695281
vt 0.395406 0.700608
vt 0.394158 0.695801
vt 0.333571 0.676953
vt 0.336028 0.682245
vt 0.331657 0.682322
vt 0.328118 0.681888
vt 0.334225 0.687085
vt 0.330350 0.686696
vt 0.030593 0.710691
vt 0.019909 0.701303
vt 0.022181 0.706599
vt 0.018124 0.706615
vt 0.020599 0.711363
vt 0.017089 0.710904
vt 0.290844 0.665824
vt 0.292462 0.671206
vt 0.288386 0.671114
vt 0.289770 0.675973
vt 0.285863 0.675435
vt 0.411083 0.700849
vt 0.407277 0.700723
vt 0.276937 0.670900
vt 0.409185 0.706136
vt 0.405001 0.706024
vt 0.410421 0.710597
vt 0.406754 0.710932
vt 0.402818 0.710393
vt 0.391992 0.695882
vt 0.392593 0.700671
vt 0.394375 0.705986
vt 0.348318 0.676621
vt 0.391992 0.706075
vt 0.346699 0.682004
vt 0.394263 0.710888
vt 0.346770 0.686802
vt 0.344287 0.686421
vt 0.340923 0.689487
vt 0.339728 0.693221
vt 0.337006 0.690840
vt 0.339123 0.793141
vt 0.339696 0.797900
vt 0.335528 0.694143
vt 0.332635 0.690917
vt 0.338083 0.788323
vt 0.341118 0.790883
vt 0.026433 0.717372
vt 0.027249 0.713744
vt 0.030210 0.714869
vt 0.023462 0.715070
vt 0.334682 0.786175
vt 0.336677 0.783917
vt 0.022472 0.718245
vt 0.019405 0.715086
vt 0.331248 0.784650
vt 0.333084 0.781986
vt 0.329934 0.781195
vt 0.016190 0.713789
vt 0.293910 0.678635
vt 0.328118 0.783896
vt 0.329716 0.788086
vt 0.290708 0.679834
vt 0.287336 0.683079
vt 0.286632 0.679742
vt 0.328638 0.791957
vt 0.283355 0.682145
vt 0.282799 0.678383
vt 0.343601 0.690691
vt 0.397462 0.714745
vt 0.339267 0.805427
vt 0.336677 0.803314
vt 0.339746 0.802133
vt 0.336903 0.799357
vt 0.401276 0.717268
vt 0.333859 0.800145
vt 0.279557 0.679610
vt 0.331089 0.796232
vt 0.408212 0.714880
vt 0.328118 0.795884
vt 0.405333 0.718211
vt 0.404029 0.714768
vt 0.632039 0.266281
vt 0.632039 0.326332
vt 0.628048 0.325279
vt 0.628048 0.265228
vt 0.623672 0.325887
vt 0.623672 0.265835
vt 0.091039 0.270157
vt 0.091039 0.332617
vt 0.086607 0.333049
vt 0.086607 0.270588
vt 0.082725 0.332076
vt 0.082725 0.269615
vt 0.635108 0.552184
vt 0.635108 0.612176
vt 0.631118 0.613232
vt 0.631118 0.553240
vt 0.626741 0.612623
vt 0.626741 0.552631
vt 0.897786 0.647047
vt 0.897786 0.642629
vt 0.900315 0.639017
vt 0.903891 0.638326
vt 0.906419 0.640962
vt 0.906419 0.645380
vt 0.903891 0.648992
vt 0.900315 0.649682
vt 0.196205 0.269908
vt 0.196205 0.332398
vt 0.191780 0.331956
vt 0.191780 0.269466
vt 0.187883 0.332916
vt 0.187883 0.270426
vt 0.904505 0.596278
vt 0.904505 0.600696
vt 0.901976 0.603330
vt 0.898400 0.602639
vt 0.895871 0.599027
vt 0.895871 0.594609
vt 0.898400 0.591974
vt 0.901976 0.592666
vt 0.549794 0.760736
vt 0.556311 0.760231
vt 0.552280 0.766784
vt 0.228586 0.806448
vt 0.226559 0.811269
vt 0.222962 0.804548
vt 0.544803 0.764976
vt 0.544212 0.757306
vt 0.551324 0.754374
vt 0.227920 0.799678
vt 0.436116 0.776225
vt 0.431484 0.777056
vt 0.432545 0.770521
vt 0.448932 0.776745
vt 0.442800 0.777463
vt 0.447071 0.771079
vt 0.134978 0.813455
vt 0.129650 0.817628
vt 0.129650 0.810201
vt 0.288831 0.794369
vt 0.282266 0.795593
vt 0.284986 0.788961
vt 0.234582 0.803389
vt 0.439538 0.770773
vt 0.123644 0.819786
vt 0.118003 0.816482
vt 0.122988 0.813922
vt 0.135445 0.806741
vt 0.292520 0.788653
vt 0.239920 0.800124
vt 0.234582 0.795960
vt 0.240403 0.794815
vt 0.443382 0.765363
vt 0.436816 0.764137
vt 0.442666 0.760341
vt 0.123644 0.807151
vt 0.118003 0.809056
vt 0.121584 0.802328
vt 0.237758 0.748028
vt 0.242537 0.752772
vt 0.236030 0.752265
vt 0.225037 0.751104
vt 0.231030 0.748028
vt 0.228552 0.754073
vt 0.233543 0.758313
vt 0.288249 0.782268
vt 0.281565 0.783506
vt 0.283275 0.778378
vt 0.240060 0.758818
vt 0.128782 0.803035
vt 0.235073 0.764675
vt 0.241581 0.765182
vt 0.449004 0.764631
vt 0.227962 0.761743
vt 0.229482 0.768108
vt 0.224031 0.764153
vt 0.222961 0.757506
vt 0.294383 0.782981
vt 0.277995 0.789208
vt 0.276937 0.782667
vt 0.431484 0.764935
vt 0.228586 0.793809
vt 0.276937 0.794788
vt 0.240403 0.806836
vt 0.233741 0.810553
vt 0.222962 0.797119
vt 0.294456 0.795094
vt 0.288119 0.799384
vt 0.545733 0.750940
vt 0.540281 0.754895
vt 0.135445 0.818757
vt 0.539212 0.761542
vt 0.541286 0.767944
vt 0.547279 0.771021
vt 0.437822 0.781347
vt 0.557831 0.753866
vt 0.558787 0.766276
vt 0.554007 0.771021
vt 0.493816 0.770066
vt 0.500332 0.769562
vt 0.496302 0.776114
vt 0.544836 0.809361
vt 0.542809 0.814182
vt 0.539212 0.807460
vt 0.488825 0.774306
vt 0.488234 0.766636
vt 0.495346 0.763704
vt 0.544170 0.802591
vt 0.765731 0.789195
vt 0.761100 0.790026
vt 0.762160 0.783491
vt 0.778547 0.789715
vt 0.772415 0.790433
vt 0.776687 0.784049
vt 0.500209 0.817179
vt 0.494881 0.821352
vt 0.494881 0.813925
vt 0.186854 0.794611
vt 0.180288 0.795835
vt 0.183008 0.789203
vt 0.550832 0.806302
vt 0.769153 0.783743
vt 0.488874 0.823510
vt 0.483234 0.820206
vt 0.488219 0.817646
vt 0.500675 0.810465
vt 0.190542 0.788895
vt 0.556170 0.803036
vt 0.550832 0.798873
vt 0.556653 0.797728
vt 0.772998 0.778333
vt 0.766431 0.777106
vt 0.772282 0.773311
vt 0.488874 0.810875
vt 0.483234 0.812780
vt 0.486814 0.806052
vt 0.761836 0.012851
vt 0.766615 0.017595
vt 0.760108 0.017088
vt 0.749115 0.015927
vt 0.755108 0.012851
vt 0.752631 0.018896
vt 0.757621 0.023136
vt 0.186271 0.782510
vt 0.179587 0.783747
vt 0.181297 0.778619
vt 0.764138 0.023641
vt 0.494013 0.806759
vt 0.759152 0.029498
vt 0.765659 0.030005
vt 0.778620 0.777601
vt 0.752040 0.026566
vt 0.753561 0.032931
vt 0.748110 0.028976
vt 0.747040 0.022329
vt 0.192405 0.783223
vt 0.176017 0.789450
vt 0.174959 0.782908
vt 0.761100 0.777905
vt 0.544836 0.796722
vt 0.174959 0.795030
vt 0.556653 0.809748
vt 0.549991 0.813466
vt 0.539212 0.800031
vt 0.192478 0.795336
vt 0.186141 0.799625
vt 0.489755 0.760270
vt 0.484303 0.764225
vt 0.500675 0.822481
vt 0.483234 0.770872
vt 0.485308 0.777274
vt 0.491301 0.780351
vt 0.767438 0.794316
vt 0.501853 0.763196
vt 0.502809 0.775606
vt 0.498029 0.780351
vt 0.237958 0.686722
vt 0.236734 0.722326
vt 0.233176 0.721889
vt 0.233654 0.686193
vt 0.228041 0.721889
vt 0.227442 0.686193
vt 0.224337 0.722326
vt 0.222962 0.686722
vt 0.819969 0.468329
vt 0.819649 0.500859
vt 0.814513 0.500859
vt 0.813757 0.468329
vt 0.558787 0.689335
vt 0.557398 0.724782
vt 0.553831 0.725239
vt 0.554471 0.689888
vt 0.548695 0.725239
vt 0.548259 0.689888
vt 0.183021 0.883398
vt 0.186361 0.887209
vt 0.186361 0.892282
vt 0.183021 0.895645
vt 0.178299 0.895328
vt 0.174959 0.891517
vt 0.174959 0.886445
vt 0.178299 0.883082
vt 0.545001 0.724782
vt 0.543790 0.689335
vt 0.811245 0.375683
vt 0.810517 0.409238
vt 0.805382 0.409238
vt 0.805032 0.375683
vt 0.328118 0.836121
vt 0.332157 0.831511
vt 0.337869 0.831128
vt 0.341909 0.835195
vt 0.341909 0.841331
vt 0.337869 0.845941
vt 0.332157 0.846325
vt 0.328118 0.842257
vt 0.436195 0.807048
vt 0.437084 0.832218
vt 0.433316 0.832986
vt 0.431484 0.808008
vt 0.735399 0.776142
vt 0.734309 0.804810
vt 0.730766 0.804879
vt 0.730971 0.776228
vt 0.726984 0.804810
vt 0.726243 0.776142
vt 0.838783 0.265228
vt 0.836951 0.289185
vt 0.833390 0.290024
vt 0.834332 0.266276
vt 0.829624 0.289260
vt 0.829624 0.265322
vt 0.804320 0.320602
vt 0.803430 0.349353
vt 0.799888 0.349287
vt 0.799892 0.320519
vt 0.914681 0.079951
vt 0.914681 0.076065
vt 0.917072 0.073004
vt 0.920454 0.072560
vt 0.922845 0.074993
vt 0.922845 0.078879
vt 0.920454 0.081941
vt 0.917072 0.082385
vt 0.796106 0.349353
vt 0.795164 0.320602
vt 0.440641 0.808077
vt 0.440641 0.833041
vt 0.128208 0.889742
vt 0.128208 0.894599
vt 0.125219 0.897640
vt 0.120992 0.897085
vt 0.118003 0.893258
vt 0.118003 0.888401
vt 0.120992 0.885359
vt 0.125219 0.885915
vt 0.867113 0.323371
vt 0.867435 0.327434
vt 0.863253 0.325474
vt 0.867662 0.330276
vt 0.871495 0.327833
vt 0.864407 0.320602
vt 0.869301 0.319552
vt 0.871173 0.323774
vt 0.910924 0.431292
vt 0.911392 0.435165
vt 0.908605 0.433757
vt 0.911113 0.424229
vt 0.911392 0.427221
vt 0.908716 0.424696
vt 0.908303 0.927662
vt 0.907905 0.923684
vt 0.910619 0.926197
vt 0.906026 0.174579
vt 0.905579 0.170344
vt 0.908252 0.172732
vt 0.807087 0.921345
vt 0.807477 0.925465
vt 0.804787 0.923698
vt 0.908605 0.428847
vt 0.908303 0.919443
vt 0.910599 0.917085
vt 0.910619 0.921366
vt 0.906026 0.166218
vt 0.908374 0.164009
vt 0.908252 0.167818
vt 0.908374 0.176874
vt 0.804787 0.918866
vt 0.866986 0.605383
vt 0.862744 0.605471
vt 0.865450 0.602699
vt 0.870170 0.598200
vt 0.869510 0.602299
vt 0.867322 0.598477
vt 0.863811 0.591974
vt 0.867644 0.594418
vt 0.863584 0.594817
vt 0.856697 0.595309
vt 0.859725 0.592718
vt 0.859403 0.596778
vt 0.858659 0.603597
vt 0.856697 0.599550
vt 0.860556 0.601649
vt 0.863262 0.598881
vt 0.802071 0.921378
vt 0.802467 0.917398
vt 0.802467 0.925619
vt 0.911046 0.174348
vt 0.910780 0.177328
vt 0.910573 0.170282
vt 0.911046 0.166397
vt 0.912920 0.923719
vt 0.913313 0.927415
vt 0.913313 0.919598
vt 0.912886 0.916437
vt 0.905929 0.431231
vt 0.906372 0.426995
vt 0.906372 0.435348
vt 0.804762 0.927977
vt 0.807045 0.928625
vt 0.908716 0.437549
vt 0.807477 0.917646
vt 0.873362 0.319952
vt 0.874021 0.324051
vt 0.870837 0.316868
vt 0.866596 0.316780
vt 0.862510 0.318654
vt 0.860548 0.322701
vt 0.860548 0.326941
vt 0.863576 0.329533
vt 0.598429 0.721129
vt 0.596526 0.755171
vt 0.591418 0.754833
vt 0.592250 0.720721
vt 0.587450 0.755813
vt 0.587450 0.721906
vt 0.338876 0.720397
vt 0.338876 0.755377
vt 0.333744 0.755494
vt 0.332668 0.720538
vt 0.329983 0.754921
vt 0.328118 0.719845
vt 0.756719 0.469328
vt 0.756719 0.502507
vt 0.751604 0.502751
vt 0.750531 0.469623
vt 0.747666 0.501681
vt 0.745768 0.468329
vt 0.891279 0.119553
vt 0.894623 0.123364
vt 0.894623 0.128435
vt 0.891279 0.131796
vt 0.886552 0.131478
vt 0.883208 0.127667
vt 0.883208 0.122596
vt 0.886552 0.119235
vt 0.185726 0.717237
vt 0.183859 0.752642
vt 0.178731 0.752425
vt 0.179521 0.716975
vt 0.174959 0.752918
vt 0.174959 0.717571
vt 0.721593 0.835575
vt 0.725636 0.830965
vt 0.731355 0.830580
vt 0.735399 0.834645
vt 0.735399 0.840779
vt 0.731355 0.845390
vt 0.725636 0.845775
vt 0.721593 0.841710
vt 0.830794 0.012851
vt 0.830714 0.037517
vt 0.827047 0.038359
vt 0.826210 0.013902
vt 0.813498 0.773311
vt 0.812645 0.802016
vt 0.808915 0.802055
vt 0.808836 0.773360
vt 0.805303 0.802016
vt 0.804321 0.773311
vt 0.770284 0.820017
vt 0.769442 0.843431
vt 0.765763 0.844274
vt 0.765684 0.821071
vt 0.762095 0.843431
vt 0.761100 0.820017
vt 0.596627 0.781552
vt 0.595723 0.810303
vt 0.591991 0.810273
vt 0.591962 0.781514
vt 0.018607 0.915523
vt 0.020991 0.918584
vt 0.020991 0.922472
vt 0.018607 0.924909
vt 0.015235 0.924466
vt 0.012851 0.921405
vt 0.012851 0.917517
vt 0.015235 0.915080
vt 0.588381 0.810303
vt 0.587450 0.781552
vt 0.835394 0.013902
vt 0.834395 0.038359
vt 0.069192 0.889870
vt 0.072172 0.886042
vt 0.076387 0.885489
vt 0.079367 0.888534
vt 0.079367 0.893393
vt 0.076387 0.897221
vt 0.072172 0.897774
vt 0.069192 0.894729
vt 0.438050 0.865333
vt 0.438371 0.869396
vt 0.434190 0.867436
vt 0.438598 0.872239
vt 0.442432 0.869796
vt 0.435343 0.862565
vt 0.440238 0.861515
vt 0.442109 0.865737
vt 0.912556 0.475391
vt 0.913023 0.479265
vt 0.910237 0.477856
vt 0.912745 0.468329
vt 0.913023 0.471321
vt 0.910347 0.468795
vt 0.761497 0.927827
vt 0.761100 0.923849
vt 0.763814 0.926362
vt 0.627188 0.905704
vt 0.626741 0.901469
vt 0.629414 0.903858
vt 0.726608 0.921614
vt 0.726998 0.925735
vt 0.724308 0.923968
vt 0.910237 0.472947
vt 0.761497 0.919608
vt 0.763794 0.917250
vt 0.763814 0.921531
vt 0.627188 0.897344
vt 0.629536 0.895135
vt 0.629414 0.898944
vt 0.629536 0.908000
vt 0.724308 0.919135
vt 0.868901 0.651735
vt 0.864660 0.651823
vt 0.867366 0.649051
vt 0.872085 0.644552
vt 0.871426 0.648651
vt 0.869237 0.644829
vt 0.865726 0.638326
vt 0.869560 0.640769
vt 0.865500 0.641169
vt 0.858612 0.641661
vt 0.861640 0.639070
vt 0.861318 0.643129
vt 0.860574 0.649948
vt 0.858612 0.645901
vt 0.862471 0.648001
vt 0.865178 0.645232
vt 0.721593 0.921647
vt 0.721988 0.917667
vt 0.721988 0.925888
vt 0.632208 0.905474
vt 0.631942 0.908454
vt 0.631734 0.901407
vt 0.632208 0.897523
vt 0.766115 0.923884
vt 0.766508 0.927581
vt 0.766508 0.919764
vt 0.766081 0.916602
vt 0.907561 0.475331
vt 0.908004 0.471095
vt 0.908004 0.479448
vt 0.724283 0.928247
vt 0.726566 0.928894
vt 0.910347 0.481649
vt 0.726998 0.917916
vt 0.444298 0.861915
vt 0.444957 0.866013
vt 0.441774 0.858830
vt 0.437532 0.858743
vt 0.433447 0.860617
vt 0.431484 0.864664
vt 0.431484 0.868904
vt 0.434512 0.871495
vt 0.940816 0.948497
vt 0.941504 0.950608
vt 0.939015 0.949799
vt 0.943043 0.948491
vt 0.939015 0.947182
vt 0.941504 0.946373
vt 0.966075 0.377984
vt 0.966136 0.379881
vt 0.963867 0.379214
vt 0.966136 0.375683
vt 0.963867 0.376619
vt 0.941250 0.976309
vt 0.941238 0.978875
vt 0.939015 0.977500
vt 0.957985 0.595244
vt 0.957985 0.592648
vt 0.960191 0.593880
vt 0.977360 0.074940
vt 0.977360 0.072560
vt 0.979582 0.073564
vt 0.939015 0.979881
vt 0.960258 0.591974
vt 0.960258 0.596175
vt 0.979597 0.076130
vt 0.939525 0.777546
vt 0.937036 0.776737
vt 0.938837 0.775422
vt 0.941063 0.775428
vt 0.939525 0.773311
vt 0.937036 0.774119
vt 0.938894 0.426353
vt 0.939582 0.428464
vt 0.937093 0.427655
vt 0.941121 0.426347
vt 0.937093 0.425038
vt 0.939582 0.424229
vt 0.967219 0.319081
vt 0.967279 0.320979
vt 0.965010 0.320311
vt 0.967279 0.316780
vt 0.965010 0.317716
vt 0.910140 0.982693
vt 0.910129 0.985258
vt 0.907905 0.983884
vt 0.069192 0.958544
vt 0.069192 0.955947
vt 0.071398 0.957179
vt 0.969297 0.833315
vt 0.969297 0.830934
vt 0.971519 0.831939
vt 0.907905 0.986265
vt 0.071465 0.955274
vt 0.071465 0.959475
vt 0.971534 0.834505
vt 0.927515 0.678810
vt 0.927515 0.676192
vt 0.929322 0.677499
vt 0.930005 0.679619
vt 0.931543 0.677501
vt 0.930005 0.675384
vt 0.899587 0.677507
vt 0.900276 0.679619
vt 0.897786 0.678810
vt 0.901814 0.677501
vt 0.897786 0.676192
vt 0.900276 0.675384
vt 0.541420 0.959430
vt 0.541480 0.961328
vt 0.539212 0.960660
vt 0.541480 0.957129
vt 0.539212 0.958065
vt 0.980165 0.119235
vt 0.980153 0.121800
vt 0.977930 0.120426
vt 0.276937 0.958812
vt 0.276937 0.956216
vt 0.279143 0.957448
vt 0.973473 0.515245
vt 0.973473 0.512864
vt 0.975696 0.513869
vt 0.977930 0.122807
vt 0.279210 0.955542
vt 0.279210 0.959743
vt 0.975710 0.516435
vt 0.930949 0.268654
vt 0.930949 0.266037
vt 0.932756 0.267344
vt 0.933438 0.269463
vt 0.934977 0.267346
vt 0.933438 0.265228
vt 0.932807 0.554304
vt 0.935028 0.554301
vt 0.933489 0.556419
vt 0.933489 0.552184
vt 0.931000 0.555610
vt 0.931000 0.552993
vt 0.962886 0.267529
vt 0.962947 0.269427
vt 0.960678 0.268759
vt 0.962947 0.265228
vt 0.960678 0.266165
vt 0.763335 0.982738
vt 0.763323 0.985303
vt 0.761100 0.983929
vt 0.876667 0.958329
vt 0.876667 0.955733
vt 0.878873 0.956965
vt 0.391992 0.977919
vt 0.391992 0.975539
vt 0.394215 0.976544
vt 0.761100 0.986310
vt 0.878940 0.955059
vt 0.878940 0.959260
vt 0.394229 0.979109
vt 0.941214 0.472564
vt 0.938724 0.471755
vt 0.940526 0.470440
vt 0.942752 0.470446
vt 0.941214 0.468329
vt 0.938724 0.469138
vt 0.940816 0.918561
vt 0.941504 0.920672
vt 0.939015 0.919863
vt 0.943043 0.918554
vt 0.939015 0.917245
vt 0.941504 0.916437
vt 0.962937 0.554485
vt 0.962997 0.556382
vt 0.960729 0.555715
vt 0.962997 0.552184
vt 0.960729 0.553120
vt 0.694296 0.977443
vt 0.694285 0.980009
vt 0.692061 0.978634
vt 0.145977 0.958411
vt 0.145977 0.955815
vt 0.148183 0.957047
vt 0.968744 0.948753
vt 0.968744 0.946373
vt 0.970966 0.947378
vt 0.692061 0.981016
vt 0.148250 0.955141
vt 0.148250 0.959342
vt 0.970981 0.949943
vt 0.932120 0.641753
vt 0.932120 0.639135
vt 0.933927 0.640442
vt 0.934610 0.642562
vt 0.936148 0.640444
vt 0.934610 0.638326
vt 0.433292 0.935630
vt 0.435512 0.935628
vt 0.433974 0.937745
vt 0.433974 0.933510
vt 0.431484 0.936936
vt 0.431484 0.934319
vt 0.433692 0.965747
vt 0.433753 0.967645
vt 0.431484 0.966978
vt 0.433753 0.963446
vt 0.431484 0.964383
vt 0.985834 0.012851
vt 0.985823 0.015416
vt 0.983599 0.014042
vt 0.483233 0.959786
vt 0.483233 0.957189
vt 0.485440 0.958421
vt 0.968744 0.978025
vt 0.968744 0.975644
vt 0.970966 0.976649
vt 0.983599 0.016423
vt 0.485506 0.956516
vt 0.485506 0.960717
vt 0.970981 0.979214
vt 0.934138 0.379109
vt 0.934138 0.376492
vt 0.935945 0.377799
vt 0.936628 0.379918
vt 0.938166 0.377801
vt 0.936628 0.375683
vt 0.940885 0.879565
vt 0.941573 0.881676
vt 0.939084 0.880867
vt 0.943112 0.879559
vt 0.939084 0.878250
vt 0.941573 0.877441
vt 0.628950 0.966393
vt 0.629010 0.968290
vt 0.626741 0.967623
vt 0.629010 0.964092
vt 0.626741 0.965028
vt 0.987129 0.673666
vt 0.987117 0.676231
vt 0.984894 0.674857
vt 0.118003 0.958411
vt 0.118003 0.955815
vt 0.120209 0.957047
vt 0.977256 0.216404
vt 0.977256 0.214024
vt 0.979479 0.215029
vt 0.984894 0.677238
vt 0.120276 0.955141
vt 0.120276 0.959342
vt 0.979493 0.217594
vt 0.485723 0.930815
vt 0.483234 0.930006
vt 0.485035 0.928691
vt 0.487261 0.928697
vt 0.485723 0.926579
vt 0.483234 0.927388
vt 0.941369 0.833058
vt 0.942057 0.835170
vt 0.939568 0.834361
vt 0.943596 0.833052
vt 0.939568 0.831743
vt 0.942057 0.830934
vt 0.968684 0.166310
vt 0.968745 0.168208
vt 0.966476 0.167540
vt 0.968745 0.164009
vt 0.966476 0.164945
vt 0.985834 0.042124
vt 0.985823 0.044689
vt 0.983599 0.043315
vt 0.839199 0.958845
vt 0.839199 0.956248
vt 0.841406 0.957481
vt 0.976356 0.708903
vt 0.976356 0.706523
vt 0.978579 0.707527
vt 0.983599 0.045696
vt 0.841472 0.955575
vt 0.841472 0.959776
vt 0.978593 0.710093
vt 0.626741 0.937582
vt 0.626741 0.934964
vt 0.628548 0.936271
vt 0.629231 0.938390
vt 0.630769 0.936273
vt 0.629231 0.934155
vt 0.945545 0.514988
vt 0.946234 0.517099
vt 0.943744 0.516291
vt 0.947772 0.514982
vt 0.943744 0.513673
vt 0.946234 0.512864
vt 0.513416 0.958817
vt 0.513476 0.960714
vt 0.511207 0.960047
vt 0.513476 0.956516
vt 0.511207 0.957452
vt 0.015086 0.982264
vt 0.015074 0.984829
vt 0.012851 0.983455
vt 0.174959 0.959188
vt 0.174959 0.956591
vt 0.177166 0.957823
vt 0.976356 0.738174
vt 0.976356 0.735794
vt 0.978579 0.736799
vt 0.012851 0.985836
vt 0.177232 0.955918
vt 0.177232 0.960119
vt 0.978593 0.739364
vt 0.935281 0.320206
vt 0.935281 0.317589
vt 0.937088 0.318896
vt 0.937771 0.321015
vt 0.939309 0.318898
vt 0.937771 0.316780
vt 0.393793 0.947727
vt 0.394481 0.949838
vt 0.391992 0.949029
vt 0.396020 0.947720
vt 0.391992 0.946412
vt 0.394481 0.945603
vt 0.964058 0.640627
vt 0.964118 0.642525
vt 0.961849 0.641858
vt 0.964118 0.638326
vt 0.961849 0.639263
vt 0.043022 0.982264
vt 0.043010 0.984829
vt 0.040787 0.983455
vt 0.587450 0.958411
vt 0.587450 0.955815
vt 0.589656 0.957047
vt 0.968813 0.879821
vt 0.968813 0.877441
vt 0.971036 0.878445
vt 0.040787 0.985836
vt 0.589723 0.955141
vt 0.589723 0.959342
vt 0.971050 0.881011
vt 0.936747 0.167435
vt 0.936747 0.164818
vt 0.938554 0.166125
vt 0.939237 0.168244
vt 0.940775 0.166127
vt 0.939237 0.164009
vt 0.807538 0.437894
vt 0.808496 0.440831
vt 0.805032 0.439706
vt 0.810636 0.437885
vt 0.805032 0.436064
vt 0.808496 0.434939
vt 0.542284 0.928788
vt 0.542368 0.931428
vt 0.539212 0.930499
vt 0.542368 0.925586
vt 0.539212 0.926889
vt 0.695171 0.946772
vt 0.695154 0.950341
vt 0.692061 0.948429
vt 0.876667 0.928062
vt 0.876667 0.924450
vt 0.879736 0.926164
vt 0.948546 0.075871
vt 0.948546 0.072560
vt 0.951638 0.073957
vt 0.692061 0.951742
vt 0.879829 0.923513
vt 0.879829 0.929358
vt 0.951659 0.077527
vt 0.483617 0.356769
vt 0.480154 0.355644
vt 0.482660 0.353814
vt 0.485758 0.353823
vt 0.483617 0.350877
vt 0.480154 0.352002
vt 0.483234 0.863285
vt 0.483234 0.849215
vt 0.487455 0.849234
vt 0.487455 0.863304
vt 0.492213 0.849233
vt 0.492213 0.863303
vt 0.496233 0.849211
vt 0.496233 0.863281
vt 0.849774 0.234696
vt 0.849774 0.220636
vt 0.853958 0.220548
vt 0.853958 0.234608
vt 0.858719 0.220553
vt 0.858719 0.234613
vt 0.862781 0.220649
vt 0.862781 0.234709
vt 0.856697 0.566269
vt 0.856697 0.552199
vt 0.860919 0.552184
vt 0.860919 0.566254
vt 0.865677 0.552185
vt 0.865677 0.566256
vt 0.869695 0.552203
vt 0.869695 0.566273
vt 0.118003 0.859561
vt 0.118003 0.845504
vt 0.122197 0.845600
vt 0.122197 0.859658
vt 0.672077 0.789463
vt 0.676201 0.791844
vt 0.678582 0.795969
vt 0.678582 0.800731
vt 0.676201 0.804855
vt 0.672077 0.807236
vt 0.667315 0.807236
vt 0.663191 0.804855
vt 0.660810 0.800731
vt 0.660810 0.795969
vt 0.663191 0.791844
vt 0.667315 0.789463
vt 0.126957 0.845594
vt 0.126957 0.859652
vt 0.131008 0.845487
vt 0.131008 0.859545
vt 0.071573 0.795711
vt 0.075697 0.793330
vt 0.080460 0.793330
vt 0.084584 0.795711
vt 0.086965 0.799835
vt 0.086965 0.804597
vt 0.084584 0.808722
vt 0.080460 0.811103
vt 0.075697 0.811103
vt 0.071573 0.808722
vt 0.069192 0.804597
vt 0.069192 0.799835
vt 0.664368 0.025709
vt 0.666471 0.025233
vt 0.665367 0.027551
vt 0.559561 0.036580
vt 0.559831 0.038703
vt 0.557650 0.037299
vt 0.662881 0.027323
vt 0.662450 0.024865
vt 0.664669 0.023574
vt 0.558131 0.034816
vt 0.388839 0.126201
vt 0.387037 0.126461
vt 0.387807 0.124145
vt 0.406903 0.129870
vt 0.405167 0.130126
vt 0.406939 0.128021
vt 0.620462 0.038469
vt 0.618440 0.039002
vt 0.619733 0.036674
vt 0.454613 0.126427
vt 0.452693 0.127429
vt 0.453195 0.124874
vt 0.560609 0.034687
vt 0.390082 0.124596
vt 0.601867 0.037485
vt 0.600601 0.035597
vt 0.602379 0.035756
vt 0.621966 0.036728
vt 0.455604 0.124383
vt 0.568473 0.018122
vt 0.566448 0.017590
vt 0.567889 0.016091
vt 0.402131 0.110406
vt 0.400211 0.109404
vt 0.402308 0.108313
vt 0.611569 0.020020
vt 0.609655 0.019298
vt 0.611835 0.017892
vt 0.441319 0.110633
vt 0.439517 0.110371
vt 0.441316 0.108488
vt 0.459383 0.106954
vt 0.457647 0.106701
vt 0.458174 0.105056
vt 0.128897 0.695948
vt 0.131382 0.695720
vt 0.130384 0.697562
vt 0.127251 0.694163
vt 0.129863 0.693883
vt 0.125520 0.692288
vt 0.128178 0.691907
vt 0.123819 0.690447
vt 0.126416 0.689917
vt 0.122269 0.688773
vt 0.124709 0.688072
vt 0.120964 0.687367
vt 0.123182 0.686507
vt 0.456185 0.104731
vt 0.456665 0.103146
vt 0.132485 0.693684
vt 0.130950 0.691653
vt 0.133642 0.691545
vt 0.129246 0.689553
vt 0.132102 0.689397
vt 0.134776 0.689444
vt 0.127478 0.687550
vt 0.130397 0.687283
vt 0.133238 0.687291
vt 0.135804 0.687534
vt 0.125786 0.685814
vt 0.128644 0.685388
vt 0.131546 0.685286
vt 0.446243 0.103913
vt 0.443670 0.104991
vt 0.444130 0.102776
vt 0.134272 0.685492
vt 0.441448 0.106244
vt 0.441753 0.104044
vt 0.121917 0.685294
vt 0.453829 0.104638
vt 0.454416 0.102803
vt 0.451825 0.102776
vt 0.451189 0.104856
vt 0.449031 0.103145
vt 0.448434 0.105417
vt 0.445769 0.106279
vt 0.443365 0.107342
vt 0.455555 0.106610
vt 0.453148 0.106748
vt 0.450539 0.107154
vt 0.447901 0.107817
vt 0.445411 0.108676
vt 0.443197 0.109643
vt 0.132487 0.698038
vt 0.133686 0.696108
vt 0.134955 0.693985
vt 0.136209 0.691788
vt 0.137344 0.689682
vt 0.439564 0.105803
vt 0.439446 0.108117
vt 0.134812 0.698565
vt 0.136187 0.696570
vt 0.137251 0.699118
vt 0.137566 0.694398
vt 0.138736 0.697090
vt 0.139645 0.699662
vt 0.138830 0.692193
vt 0.140127 0.694915
vt 0.141135 0.697635
vt 0.141820 0.700157
vt 0.138277 0.687824
vt 0.139867 0.690131
vt 0.141293 0.692753
vt 0.142427 0.695503
vt 0.617196 0.014521
vt 0.614570 0.014983
vt 0.615054 0.012851
vt 0.612552 0.013539
vt 0.612164 0.015683
vt 0.437557 0.107904
vt 0.140617 0.688355
vt 0.624087 0.016968
vt 0.621799 0.016614
vt 0.622372 0.014646
vt 0.619867 0.014396
vt 0.619244 0.016552
vt 0.616613 0.016788
vt 0.614098 0.017264
vt 0.437660 0.110209
vt 0.625428 0.019317
vt 0.623403 0.018944
vt 0.621058 0.018771
vt 0.618537 0.018826
vt 0.616022 0.019091
vt 0.613667 0.019510
vt 0.130684 0.699698
vt 0.132942 0.700343
vt 0.135408 0.701007
vt 0.137937 0.701640
vt 0.140336 0.702185
vt 0.610095 0.014746
vt 0.609827 0.017038
vt 0.131015 0.702060
vt 0.133398 0.702859
vt 0.131361 0.704542
vt 0.135948 0.703616
vt 0.133813 0.705437
vt 0.131698 0.706979
vt 0.138488 0.704258
vt 0.136371 0.706207
vt 0.134150 0.707881
vt 0.132003 0.709196
vt 0.142427 0.702602
vt 0.140809 0.704721
vt 0.138834 0.706767
vt 0.136631 0.708568
vt 0.134383 0.710009
vt 0.404556 0.105774
vt 0.402414 0.106139
vt 0.402413 0.104027
vt 0.607663 0.016314
vt 0.607898 0.014029
vt 0.605479 0.015824
vt 0.141010 0.707073
vt 0.138948 0.708971
vt 0.408666 0.107989
vt 0.406563 0.107874
vt 0.406737 0.105667
vt 0.404392 0.108004
vt 0.607573 0.018644
vt 0.605429 0.018133
vt 0.603373 0.017835
vt 0.603445 0.015643
vt 0.410216 0.110454
vt 0.408293 0.110180
vt 0.406203 0.110104
vt 0.404107 0.110196
vt 0.128466 0.698406
vt 0.128661 0.700735
vt 0.128911 0.703269
vt 0.129213 0.705858
vt 0.129550 0.708302
vt 0.400209 0.104891
vt 0.400243 0.107162
vt 0.126342 0.699340
vt 0.126436 0.701828
vt 0.124111 0.700321
vt 0.126628 0.704469
vt 0.124137 0.702902
vt 0.121917 0.701284
vt 0.126924 0.707072
vt 0.124319 0.705554
vt 0.121936 0.703869
vt 0.119919 0.702161
vt 0.129897 0.710419
vt 0.397705 0.103832
vt 0.400093 0.102776
vt 0.127311 0.709421
vt 0.124665 0.708064
vt 0.122168 0.706427
vt 0.119997 0.704655
vt 0.118238 0.702898
vt 0.397870 0.106108
vt 0.395294 0.105273
vt 0.395045 0.103102
vt 0.392692 0.104756
vt 0.122610 0.708757
vt 0.390255 0.104597
vt 0.392432 0.102786
vt 0.120326 0.707039
vt 0.571162 0.014786
vt 0.569510 0.015354
vt 0.568729 0.013219
vt 0.567128 0.014014
vt 0.397997 0.108437
vt 0.395560 0.107593
vt 0.393037 0.106964
vt 0.390603 0.106610
vt 0.388413 0.106535
vt 0.571721 0.016972
vt 0.570070 0.017496
vt 0.126758 0.696742
vt 0.124442 0.697645
vt 0.122093 0.698613
vt 0.119892 0.699579
vt 0.118003 0.700472
vt 0.565654 0.015455
vt 0.124924 0.694903
vt 0.122485 0.695778
vt 0.123080 0.692989
vt 0.120120 0.696746
vt 0.120627 0.693859
vt 0.121372 0.691144
vt 0.118026 0.697736
vt 0.118367 0.694851
vt 0.119026 0.692038
vt 0.119928 0.689503
vt 0.564688 0.013325
vt 0.563080 0.014997
vt 0.561933 0.012903
vt 0.560281 0.014814
vt 0.559026 0.012851
vt 0.557446 0.014962
vt 0.556190 0.013202
vt 0.554786 0.015430
vt 0.553630 0.013901
vt 0.552462 0.016143
vt 0.118812 0.688153
vt 0.550543 0.016996
vt 0.551471 0.014830
vt 0.564092 0.017172
vt 0.561476 0.016938
vt 0.558743 0.016949
vt 0.556078 0.017220
vt 0.553654 0.017716
vt 0.551580 0.018366
vt 0.549886 0.019091
vt 0.459419 0.108806
vt 0.459288 0.111045
vt 0.457512 0.108725
vt 0.458939 0.113629
vt 0.457195 0.111171
vt 0.458353 0.116437
vt 0.456669 0.113964
vt 0.457554 0.119285
vt 0.455941 0.116934
vt 0.456609 0.121981
vt 0.455067 0.119860
vt 0.454126 0.122546
vt 0.455218 0.108822
vt 0.454712 0.111469
vt 0.452614 0.109147
vt 0.454038 0.114429
vt 0.451956 0.111956
vt 0.449859 0.109708
vt 0.453238 0.117487
vt 0.451209 0.115005
vt 0.449130 0.112606
vt 0.447158 0.110464
vt 0.452380 0.120407
vt 0.450432 0.118056
vt 0.448404 0.115647
vt 0.446449 0.113360
vt 0.444691 0.111335
vt 0.451537 0.123014
vt 0.449684 0.120888
vt 0.447735 0.118600
vt 0.445823 0.116300
vt 0.444071 0.114144
vt 0.442561 0.112239
vt 0.440287 0.112689
vt 0.439281 0.115091
vt 0.438350 0.112590
vt 0.438390 0.117771
vt 0.437268 0.115176
vt 0.437707 0.120583
vt 0.436389 0.118024
vt 0.624995 0.032223
vt 0.624211 0.029596
vt 0.626285 0.029615
vt 0.623513 0.034632
vt 0.622779 0.032253
vt 0.621245 0.034643
vt 0.436409 0.112590
vt 0.624962 0.021457
vt 0.625409 0.026844
vt 0.624189 0.023972
vt 0.626285 0.024201
vt 0.622696 0.021217
vt 0.623102 0.026737
vt 0.621709 0.023848
vt 0.620142 0.021155
vt 0.621762 0.029549
vt 0.620479 0.026674
vt 0.619013 0.023847
vt 0.617488 0.021277
vt 0.620288 0.032193
vt 0.619101 0.029473
vt 0.617745 0.026659
vt 0.616320 0.023961
vt 0.614933 0.021548
vt 0.618810 0.034518
vt 0.617698 0.032047
vt 0.616439 0.029378
vt 0.615115 0.026688
vt 0.613816 0.024158
vt 0.612619 0.021916
vt 0.610140 0.021785
vt 0.608594 0.023881
vt 0.608023 0.021182
vt 0.607013 0.026259
vt 0.606313 0.023431
vt 0.605509 0.028799
vt 0.604649 0.025966
vt 0.604195 0.031332
vt 0.603169 0.028630
vt 0.603146 0.033689
vt 0.601984 0.031224
vt 0.601137 0.033578
vt 0.605773 0.020657
vt 0.603970 0.023051
vt 0.603540 0.020277
vt 0.602321 0.025713
vt 0.601751 0.022792
vt 0.601506 0.020096
vt 0.409598 0.112722
vt 0.600972 0.028448
vt 0.600232 0.025527
vt 0.409530 0.118259
vt 0.408624 0.115257
vt 0.410687 0.115611
vt 0.407472 0.112490
vt 0.600001 0.031047
vt 0.408502 0.123691
vt 0.408071 0.120849
vt 0.410098 0.121272
vt 0.407344 0.117881
vt 0.406373 0.115006
vt 0.405258 0.112410
vt 0.406808 0.125784
vt 0.408645 0.126225
vt 0.406459 0.123202
vt 0.405873 0.120395
vt 0.405073 0.117549
vt 0.404128 0.114853
vt 0.403122 0.112451
vt 0.400714 0.111962
vt 0.399056 0.113823
vt 0.398546 0.111046
vt 0.397204 0.115950
vt 0.396653 0.113031
vt 0.395256 0.118239
vt 0.394622 0.115297
vt 0.393343 0.120538
vt 0.392595 0.117706
vt 0.391592 0.122693
vt 0.390722 0.120079
vt 0.389112 0.122257
vt 0.396091 0.110178
vt 0.394010 0.112289
vt 0.393471 0.109446
vt 0.391892 0.114676
vt 0.391301 0.111673
vt 0.390868 0.108930
vt 0.389903 0.117170
vt 0.389220 0.114146
vt 0.388737 0.111242
vt 0.388477 0.108667
vt 0.388184 0.119575
vt 0.387390 0.116673
vt 0.386814 0.113748
vt 0.386500 0.111017
vt 0.386434 0.108643
vt 0.571733 0.019371
vt 0.386800 0.121742
vt 0.385909 0.119062
vt 0.385225 0.116248
vt 0.384813 0.113491
vt 0.573007 0.024367
vt 0.571524 0.021959
vt 0.573386 0.021636
vt 0.569977 0.019864
vt 0.567738 0.019922
vt 0.566809 0.022082
vt 0.565493 0.019534
vt 0.565692 0.024558
vt 0.564350 0.021872
vt 0.564430 0.027229
vt 0.563059 0.024531
vt 0.563103 0.029919
vt 0.561700 0.027346
vt 0.561804 0.032448
vt 0.560373 0.030108
vt 0.559167 0.032634
vt 0.562911 0.019271
vt 0.561582 0.021782
vt 0.560108 0.019196
vt 0.560186 0.024588
vt 0.558671 0.021850
vt 0.557273 0.019344
vt 0.558828 0.027486
vt 0.557275 0.024740
vt 0.555838 0.022082
vt 0.554617 0.019704
vt 0.557609 0.030252
vt 0.556030 0.027641
vt 0.554555 0.024974
vt 0.553292 0.022449
vt 0.552300 0.020222
vt 0.556585 0.032720
vt 0.555005 0.030341
vt 0.553505 0.027799
vt 0.552195 0.025262
vt 0.551152 0.022899
vt 0.550392 0.020827
vt 0.441592 0.114579
vt 0.443202 0.116758
vt 0.445075 0.119132
vt 0.447102 0.121541
vt 0.449133 0.123806
vt 0.451027 0.125789
vt 0.440664 0.117260
vt 0.442384 0.119667
vt 0.439871 0.120161
vt 0.444373 0.122161
vt 0.441701 0.122689
vt 0.439297 0.123085
vt 0.437296 0.123339
vt 0.446492 0.124547
vt 0.443783 0.125162
vt 0.441220 0.125590
vt 0.438984 0.125814
vt 0.625367 0.034948
vt 0.448573 0.126657
vt 0.445953 0.127388
vt 0.443351 0.127903
vt 0.440961 0.128163
vt 0.438918 0.128184
vt 0.623716 0.037214
vt 0.450479 0.128396
vt 0.448043 0.129240
vt 0.445521 0.129867
vt 0.443088 0.130220
vt 0.440898 0.130292
vt 0.623696 0.039606
vt 0.622053 0.039090
vt 0.611178 0.023970
vt 0.612385 0.026498
vt 0.613711 0.029261
vt 0.615067 0.032075
vt 0.616354 0.034730
vt 0.617491 0.037064
vt 0.609620 0.026352
vt 0.610839 0.029120
vt 0.608039 0.028961
vt 0.612195 0.032017
vt 0.609283 0.031863
vt 0.606559 0.031625
vt 0.613587 0.034821
vt 0.610675 0.034752
vt 0.607841 0.034517
vt 0.605291 0.034145
vt 0.614911 0.037328
vt 0.612108 0.037402
vt 0.609272 0.037252
vt 0.606614 0.036889
vt 0.604292 0.036366
vt 0.616086 0.039422
vt 0.613471 0.039656
vt 0.610737 0.039643
vt 0.608070 0.039370
vt 0.605643 0.038870
vt 0.603565 0.038215
vt 0.401645 0.114290
vt 0.402587 0.116976
vt 0.403462 0.119901
vt 0.404190 0.122869
vt 0.404716 0.125660
vt 0.405032 0.128105
vt 0.399900 0.116430
vt 0.400758 0.119350
vt 0.397952 0.118782
vt 0.401559 0.122407
vt 0.398731 0.121833
vt 0.395925 0.121191
vt 0.402233 0.125365
vt 0.399478 0.124880
vt 0.396651 0.124231
vt 0.393970 0.123478
vt 0.402739 0.128010
vt 0.400136 0.127687
vt 0.397381 0.127128
vt 0.394680 0.126373
vt 0.392212 0.125501
vt 0.403076 0.130219
vt 0.400669 0.130083
vt 0.398061 0.129679
vt 0.395422 0.129018
vt 0.392932 0.128159
vt 0.390718 0.127191
vt 0.569250 0.021954
vt 0.570784 0.024343
vt 0.574300 0.026971
vt 0.572217 0.026997
vt 0.383906 0.118806
vt 0.384787 0.121655
vt 0.385870 0.124242
vt 0.568286 0.024408
vt 0.569761 0.027051
vt 0.567095 0.027131
vt 0.573419 0.029745
vt 0.571104 0.029859
vt 0.568474 0.029928
vt 0.565736 0.029946
vt 0.574300 0.032383
vt 0.572196 0.032620
vt 0.569708 0.032750
vt 0.567007 0.032755
vt 0.564310 0.032644
vt 0.383928 0.124239
vt 0.572974 0.035129
vt 0.570700 0.035375
vt 0.568139 0.035442
vt 0.565482 0.035324
vt 0.562924 0.035055
vt 0.385179 0.126620
vt 0.573446 0.037262
vt 0.571413 0.037642
vt 0.569061 0.037820
vt 0.566536 0.037769
vt 0.564017 0.037508
vt 0.561660 0.037089
vt 0.548621 0.020977
vt 0.549150 0.023002
vt 0.549991 0.025363
vt 0.551170 0.027962
vt 0.552645 0.030629
vt 0.554308 0.033166
vt 0.556017 0.035415
vt 0.461126 0.110601
vt 0.548015 0.025531
vt 0.460982 0.113137
vt 0.548980 0.028135
vt 0.462580 0.115554
vt 0.460552 0.115980
vt 0.550324 0.030875
vt 0.548244 0.031052
vt 0.462012 0.118568
vt 0.459825 0.118950
vt 0.551970 0.033539
vt 0.549759 0.033790
vt 0.463170 0.121214
vt 0.461106 0.121571
vt 0.458854 0.121826
vt 0.553771 0.035935
vt 0.551545 0.036308
vt 0.549519 0.036480
vt 0.462081 0.124104
vt 0.459954 0.124339
vt 0.457740 0.124422
vt 0.555572 0.037948
vt 0.553434 0.038453
vt 0.551384 0.038742
vt 0.462701 0.126369
vt 0.460776 0.126646
vt 0.458686 0.126725
vt 0.456590 0.126636
vt 0.454791 0.128518
vt 0.454897 0.130690
vt 0.452726 0.129670
vt 0.454898 0.132798
vt 0.452694 0.131938
vt 0.665682 0.016291
vt 0.663534 0.014969
vt 0.665986 0.014074
vt 0.665345 0.018729
vt 0.663197 0.017413
vt 0.664999 0.021211
vt 0.662895 0.020002
vt 0.662645 0.022536
vt 0.450353 0.130723
vt 0.663881 0.012851
vt 0.452578 0.134049
vt 0.450190 0.132995
vt 0.447779 0.131557
vt 0.660908 0.016199
vt 0.661294 0.013849
vt 0.658648 0.015206
vt 0.447531 0.133724
vt 0.445177 0.132072
vt 0.660612 0.018801
vt 0.658302 0.017716
vt 0.656151 0.016843
vt 0.656593 0.014513
vt 0.444918 0.134038
vt 0.442741 0.132229
vt 0.660420 0.021443
vt 0.658121 0.020368
vt 0.655920 0.019401
vt 0.653980 0.018615
vt 0.654308 0.016231
vt 0.652401 0.018038
vt 0.623129 0.041785
vt 0.621487 0.041226
vt 0.660327 0.023931
vt 0.658095 0.022950
vt 0.655900 0.021986
vt 0.653902 0.021109
vt 0.652221 0.020372
vt 0.620698 0.043354
vt 0.619106 0.042567
vt 0.619873 0.040495
vt 0.617640 0.041133
vt 0.651986 0.022798
vt 0.653875 0.023691
vt 0.656077 0.024658
vt 0.658426 0.025626
vt 0.660742 0.026529
vt 0.616667 0.043256
vt 0.615067 0.041591
vt 0.652009 0.025534
vt 0.613913 0.043678
vt 0.612268 0.041774
vt 0.654104 0.026525
vt 0.652350 0.028419
vt 0.611005 0.043728
vt 0.609433 0.041624
vt 0.656469 0.027493
vt 0.654610 0.029412
vt 0.653009 0.031232
vt 0.608166 0.043374
vt 0.606770 0.041152
vt 0.658908 0.028368
vt 0.657063 0.030281
vt 0.655356 0.032127
vt 0.653911 0.033767
vt 0.605604 0.042671
vt 0.604442 0.040435
vt 0.661235 0.029108
vt 0.659504 0.030983
vt 0.657802 0.032824
vt 0.656252 0.034497
vt 0.654946 0.035903
vt 0.652794 0.035117
vt 0.603441 0.041738
vt 0.602520 0.039577
vt 0.405694 0.131768
vt 0.404184 0.133676
vt 0.403706 0.132095
vt 0.657165 0.036763
vt 0.658692 0.035199
vt 0.660400 0.033354
vt 0.662161 0.031364
vt 0.663848 0.029388
vt 0.655899 0.037976
vt 0.401937 0.134021
vt 0.401350 0.132190
vt 0.659769 0.037457
vt 0.399346 0.134050
vt 0.398711 0.131974
vt 0.661462 0.035720
vt 0.662627 0.037882
vt 0.396552 0.133683
vt 0.395956 0.131414
vt 0.663229 0.033718
vt 0.664381 0.035987
vt 0.665529 0.037984
vt 0.393764 0.132917
vt 0.393290 0.130553
vt 0.664934 0.031618
vt 0.666086 0.033874
vt 0.667221 0.035980
vt 0.391650 0.134050
vt 0.391190 0.131838
vt 0.390885 0.129491
vt 0.666469 0.029588
vt 0.667626 0.031726
vt 0.668759 0.033826
vt 0.669787 0.035736
vt 0.668255 0.037778
vt 0.389273 0.132783
vt 0.388968 0.130586
vt 0.388836 0.128344
vt 0.456875 0.128825
vt 0.459047 0.128952
vt 0.461151 0.128834
vt 0.553489 0.040754
vt 0.555668 0.040272
vt 0.557827 0.039554
vt 0.457041 0.131053
vt 0.459222 0.131156
vt 0.670615 0.014702
vt 0.668134 0.015390
vt 0.668367 0.013261
vt 0.551464 0.040927
vt 0.674993 0.016197
vt 0.672817 0.016503
vt 0.672931 0.014299
vt 0.670354 0.017064
vt 0.667797 0.017834
vt 0.555910 0.042549
vt 0.674793 0.018549
vt 0.672471 0.019013
vt 0.669932 0.019655
vt 0.667382 0.020412
vt 0.558100 0.041839
vt 0.676410 0.020668
vt 0.674320 0.021086
vt 0.671921 0.021631
vt 0.669392 0.022264
vt 0.666927 0.022928
vt 0.560165 0.040907
vt 0.560560 0.043044
vt 0.675803 0.023114
vt 0.673629 0.023609
vt 0.671235 0.024153
vt 0.668796 0.024707
vt 0.386966 0.128713
vt 0.387084 0.131024
vt 0.671328 0.033589
vt 0.670192 0.031483
vt 0.668939 0.029287
vt 0.667670 0.027163
vt 0.385076 0.128923
vt 0.572106 0.039609
vt 0.672260 0.035447
vt 0.673850 0.033139
vt 0.674599 0.034914
vt 0.570392 0.041929
vt 0.569810 0.039970
vt 0.672814 0.031078
vt 0.675276 0.030518
vt 0.567880 0.042185
vt 0.567249 0.040037
vt 0.671550 0.028873
vt 0.674111 0.028356
vt 0.676410 0.027768
vt 0.565203 0.042064
vt 0.564614 0.039805
vt 0.670171 0.026701
vt 0.672720 0.026181
vt 0.675118 0.025635
vt 0.563065 0.043729
vt 0.562573 0.041606
vt 0.562096 0.039331
vt 0.970018 0.918389
vt 0.970533 0.919959
vt 0.968791 0.919959
vt 0.915281 0.522920
vt 0.915160 0.526105
vt 0.913550 0.523545
vt 0.968744 0.917782
vt 0.970456 0.916437
vt 0.971562 0.917782
vt 0.914315 0.519425
vt 0.918043 0.523014
vt 0.916920 0.523568
vt 0.918021 0.519494
vt 0.591922 0.926300
vt 0.590191 0.926885
vt 0.591260 0.922801
vt 0.912500 0.887618
vt 0.910761 0.888256
vt 0.911745 0.884170
vt 0.921579 0.716663
vt 0.919930 0.717294
vt 0.920525 0.713195
vt 0.916398 0.519439
vt 0.588462 0.926252
vt 0.587562 0.922757
vt 0.589226 0.922772
vt 0.908952 0.887639
vt 0.907905 0.884145
vt 0.909659 0.884183
vt 0.913365 0.884113
vt 0.922559 0.713165
vt 0.917155 0.515989
vt 0.915417 0.515351
vt 0.916433 0.512879
vt 0.590280 0.919303
vt 0.588631 0.918672
vt 0.590297 0.916167
vt 0.910626 0.880688
vt 0.908889 0.880060
vt 0.910499 0.877499
vt 0.919761 0.709714
vt 0.918800 0.709104
vt 0.920425 0.706553
vt 0.923222 0.709664
vt 0.921490 0.709081
vt 0.922459 0.706523
vt 0.968453 0.469674
vt 0.970166 0.468329
vt 0.969731 0.470274
vt 0.971271 0.469674
vt 0.912120 0.877441
vt 0.912264 0.880039
vt 0.970242 0.471852
vt 0.908745 0.877461
vt 0.591922 0.918718
vt 0.968501 0.471852
vt 0.588634 0.916151
vt 0.918043 0.515440
vt 0.914351 0.512864
vt 0.913612 0.515965
vt 0.913383 0.880589
vt 0.587450 0.919276
vt 0.918862 0.713209
vt 0.918750 0.716688
vt 0.912569 0.519456
vt 0.923222 0.717245
vt 0.921598 0.719797
vt 0.919935 0.719812
vt 0.911773 0.890723
vt 0.913383 0.888162
vt 0.909688 0.890736
vt 0.591158 0.929440
vt 0.589124 0.929412
vt 0.913413 0.526137
vt 0.587500 0.926860
vt 0.916783 0.526160
vt 0.968083 0.426172
vt 0.968563 0.427753
vt 0.966822 0.427715
vt 0.394705 0.916662
vt 0.394583 0.919847
vt 0.392973 0.917286
vt 0.966822 0.425537
vt 0.968563 0.424229
vt 0.969639 0.425599
vt 0.393738 0.913166
vt 0.397467 0.916755
vt 0.396343 0.917309
vt 0.397445 0.913235
vt 0.924796 0.129384
vt 0.923065 0.129969
vt 0.924133 0.125884
vt 0.912984 0.841111
vt 0.911245 0.841750
vt 0.912229 0.837664
vt 0.922479 0.224165
vt 0.920830 0.224795
vt 0.921424 0.220696
vt 0.395821 0.913180
vt 0.921335 0.129335
vt 0.920436 0.125840
vt 0.922099 0.125856
vt 0.909436 0.841132
vt 0.908389 0.837639
vt 0.910143 0.837676
vt 0.913849 0.837606
vt 0.923459 0.220667
vt 0.396578 0.909730
vt 0.394840 0.909092
vt 0.395857 0.906620
vt 0.923153 0.122386
vt 0.921505 0.121756
vt 0.923171 0.119250
vt 0.911110 0.834181
vt 0.909373 0.833553
vt 0.910983 0.830992
vt 0.920661 0.217216
vt 0.919700 0.216606
vt 0.921324 0.214054
vt 0.924122 0.217165
vt 0.922390 0.216582
vt 0.923359 0.214024
vt 0.966765 0.774619
vt 0.968506 0.773311
vt 0.968029 0.775246
vt 0.969582 0.774680
vt 0.912603 0.830934
vt 0.912747 0.833533
vt 0.968506 0.776834
vt 0.909229 0.830955
vt 0.924796 0.121802
vt 0.966765 0.776796
vt 0.921508 0.119235
vt 0.397467 0.909181
vt 0.393774 0.906606
vt 0.393035 0.909706
vt 0.913867 0.834083
vt 0.920324 0.122360
vt 0.919761 0.220711
vt 0.919650 0.224189
vt 0.391992 0.913197
vt 0.924122 0.224747
vt 0.922497 0.227299
vt 0.920834 0.227313
vt 0.912257 0.844217
vt 0.913867 0.841656
vt 0.910171 0.844229
vt 0.924032 0.132524
vt 0.921998 0.132495
vt 0.392837 0.919878
vt 0.920374 0.129944
vt 0.396206 0.919902
vt 0.397565 0.874355
vt 0.396250 0.878408
vt 0.393302 0.874349
vt 0.846784 0.843950
vt 0.848983 0.847557
vt 0.843753 0.846411
vt 0.396250 0.870290
vt 0.401022 0.871841
vt 0.401022 0.876858
vt 0.842503 0.840988
vt 0.805136 0.840802
vt 0.802119 0.841541
vt 0.802785 0.836204
vt 0.813498 0.841035
vt 0.809501 0.841713
vt 0.812262 0.836448
vt 0.595038 0.849678
vt 0.590758 0.848498
vt 0.595218 0.844798
vt 0.823189 0.133625
vt 0.818901 0.134529
vt 0.820702 0.129160
vt 0.846961 0.838783
vt 0.807347 0.836311
vt 0.587450 0.845922
vt 0.587541 0.840855
vt 0.590758 0.842590
vt 0.599217 0.846635
vt 0.825617 0.129021
vt 0.846784 0.833893
vt 0.842503 0.835077
vt 0.843753 0.830934
vt 0.809834 0.831844
vt 0.805546 0.830939
vt 0.809347 0.827756
vt 0.595038 0.839628
vt 0.592001 0.837155
vt 0.597229 0.836004
vt 0.818492 0.124667
vt 0.815477 0.123922
vt 0.819627 0.120518
vt 0.826855 0.124431
vt 0.822857 0.123755
vt 0.824543 0.120379
vt 0.871995 0.434844
vt 0.869047 0.430785
vt 0.873310 0.430780
vt 0.867736 0.434855
vt 0.871995 0.426726
vt 0.867736 0.426738
vt 0.599217 0.840728
vt 0.876767 0.428276
vt 0.875456 0.424229
vt 0.813498 0.831161
vt 0.876767 0.433293
vt 0.880228 0.430796
vt 0.879199 0.435067
vt 0.875456 0.437364
vt 0.839200 0.837645
vt 0.839295 0.833140
vt 0.816140 0.129263
vt 0.802071 0.831663
vt 0.815429 0.133801
vt 0.850966 0.836931
vt 0.850966 0.842843
vt 0.839295 0.842705
vt 0.826855 0.134304
vt 0.822704 0.137708
vt 0.404484 0.874337
vt 0.403455 0.870067
vt 0.592001 0.852622
vt 0.399712 0.867770
vt 0.587541 0.850414
vt 0.811185 0.845083
vt 0.391992 0.870278
vt 0.806270 0.844946
vt 0.399712 0.880904
vt 0.391992 0.878396
vt 0.664057 0.928842
vt 0.660810 0.928841
vt 0.660824 0.925960
vt 0.664070 0.925961
vt 0.660824 0.922714
vt 0.664070 0.922715
vt 0.660810 0.919970
vt 0.664057 0.919972
vt 0.836946 0.433303
vt 0.840190 0.433299
vt 0.840254 0.436154
vt 0.837009 0.436157
vt 0.840254 0.439402
vt 0.837009 0.439406
vt 0.840190 0.442174
vt 0.836946 0.442178
vt 0.174959 0.921347
vt 0.178206 0.921346
vt 0.178218 0.924227
vt 0.174971 0.924228
vt 0.178218 0.927474
vt 0.174971 0.927475
vt 0.178206 0.930215
vt 0.174959 0.930216
vt 0.779222 0.239038
vt 0.775978 0.239034
vt 0.776048 0.236173
vt 0.779292 0.236177
vt 0.595138 0.878323
vt 0.597952 0.879947
vt 0.599577 0.882762
vt 0.599577 0.886011
vt 0.597953 0.888825
vt 0.595138 0.890450
vt 0.591889 0.890450
vt 0.589075 0.888825
vt 0.587450 0.886011
vt 0.587450 0.882762
vt 0.589075 0.879947
vt 0.591889 0.878323
vt 0.776048 0.232924
vt 0.779292 0.232929
vt 0.775978 0.230160
vt 0.779222 0.230164
vt 0.278562 0.882927
vt 0.281376 0.881302
vt 0.284626 0.881302
vt 0.287440 0.882927
vt 0.289065 0.885741
vt 0.289065 0.888991
vt 0.287440 0.891805
vt 0.284626 0.893430
vt 0.281376 0.893430
vt 0.278562 0.891805
vt 0.276937 0.888991
vt 0.276937 0.885741
vt 0.328118 0.983843
vt 0.329307 0.983795
vt 0.329307 0.985214
vt 0.328118 0.985262
vt 0.147548 0.923351
vt 0.148738 0.923342
vt 0.148738 0.927725
vt 0.147548 0.927734
vt 0.251040 0.986225
vt 0.249852 0.986181
vt 0.249852 0.984768
vt 0.251040 0.984812
vt 0.365768 0.724239
vt 0.364577 0.724231
vt 0.364577 0.719845
vt 0.365768 0.719852
vt 0.042448 0.950610
vt 0.042448 0.956563
vt 0.040500 0.956563
vt 0.040500 0.950610
vt 0.012851 0.956563
vt 0.012851 0.950610
vt 0.014799 0.950610
vt 0.014799 0.956563
vt 0.696368 0.349662
vt 0.696368 0.347716
vt 0.697628 0.347767
vt 0.697628 0.349713
vt 0.721593 0.954611
vt 0.723541 0.954596
vt 0.723541 0.959377
vt 0.721593 0.959393
vt 0.955950 0.046498
vt 0.955950 0.044551
vt 0.957205 0.044505
vt 0.957205 0.046451
vt 0.224910 0.959067
vt 0.222961 0.959055
vt 0.222961 0.954270
vt 0.224910 0.954282
vt 0.950655 0.738718
vt 0.950655 0.745212
vt 0.948923 0.745212
vt 0.948923 0.738718
vt 0.950497 0.125729
vt 0.950497 0.119235
vt 0.952229 0.119235
vt 0.952229 0.125729
vt 0.359703 0.983799
vt 0.360892 0.983751
vt 0.360892 0.985170
vt 0.359703 0.985219
vt 0.985959 0.591984
vt 0.987149 0.591974
vt 0.987149 0.596358
vt 0.985959 0.596367
vt 0.224150 0.986225
vt 0.222961 0.986181
vt 0.222961 0.984768
vt 0.224150 0.984812
vt 0.365768 0.754334
vt 0.364577 0.754326
vt 0.364577 0.749940
vt 0.365768 0.749947
vt 0.957898 0.012851
vt 0.957898 0.018804
vt 0.955950 0.018804
vt 0.955950 0.012851
vt 0.957245 0.679619
vt 0.957245 0.673666
vt 0.959193 0.673666
vt 0.959193 0.679619
vt 0.918750 0.747459
vt 0.918750 0.745513
vt 0.920010 0.745564
vt 0.920010 0.747510
vt 0.660810 0.954558
vt 0.662758 0.954543
vt 0.662758 0.959325
vt 0.660810 0.959340
vt 0.966765 0.804529
vt 0.966765 0.802582
vt 0.968020 0.802535
vt 0.968020 0.804482
vt 0.804019 0.959124
vt 0.802071 0.959111
vt 0.802071 0.954326
vt 0.804019 0.954339
vt 0.951555 0.214024
vt 0.951555 0.220518
vt 0.949823 0.220518
vt 0.949823 0.214024
vt 0.948923 0.713017
vt 0.948923 0.706523
vt 0.950655 0.706523
vt 0.950655 0.713017
vt 0.795250 0.610031
vt 0.796596 0.610498
vt 0.795353 0.611547
vt 0.853907 0.136328
vt 0.853370 0.137708
vt 0.852556 0.136064
vt 0.793965 0.610498
vt 0.794350 0.608802
vt 0.795976 0.608802
vt 0.853770 0.134518
vt 0.856148 0.137386
vt 0.855088 0.137178
vt 0.856652 0.135828
vt 0.073036 0.928145
vt 0.071647 0.928387
vt 0.072572 0.926530
vt 0.226980 0.926379
vt 0.225748 0.927245
vt 0.225748 0.925207
vt 0.120558 0.928004
vt 0.119123 0.928318
vt 0.119700 0.926430
vt 0.855335 0.135206
vt 0.070173 0.928070
vt 0.069388 0.926455
vt 0.070890 0.926487
vt 0.224317 0.927552
vt 0.222962 0.926388
vt 0.224182 0.925897
vt 0.227060 0.924582
vt 0.121383 0.926386
vt 0.856569 0.134032
vt 0.855335 0.133168
vt 0.856652 0.132530
vt 0.071747 0.924912
vt 0.070313 0.924598
vt 0.071639 0.923475
vt 0.224317 0.924087
vt 0.222962 0.924351
vt 0.223773 0.922706
vt 0.118983 0.924846
vt 0.118028 0.924580
vt 0.119424 0.923386
vt 0.121847 0.924771
vt 0.120457 0.924530
vt 0.121107 0.923342
vt 0.744066 0.235219
vt 0.745454 0.234171
vt 0.745350 0.235687
vt 0.744167 0.233705
vt 0.746696 0.235219
vt 0.746797 0.233705
vt 0.225494 0.923235
vt 0.746076 0.236916
vt 0.747420 0.236450
vt 0.073036 0.924669
vt 0.744450 0.236916
vt 0.745174 0.238146
vt 0.743815 0.237780
vt 0.743164 0.236450
vt 0.853907 0.132861
vt 0.855088 0.131842
vt 0.226550 0.923023
vt 0.069192 0.924858
vt 0.118198 0.926461
vt 0.118003 0.928057
vt 0.852556 0.134026
vt 0.121847 0.928246
vt 0.120450 0.929440
vt 0.795073 0.607571
vt 0.793715 0.607937
vt 0.227060 0.927879
vt 0.793063 0.609268
vt 0.225495 0.928568
vt 0.072295 0.929573
vt 0.794066 0.612012
vt 0.070613 0.929529
vt 0.797319 0.609268
vt 0.069216 0.928335
vt 0.796697 0.612012
vt 0.361118 0.956395
vt 0.362855 0.956393
vt 0.361651 0.958050
vt 0.361651 0.954736
vt 0.359703 0.957417
vt 0.359703 0.955369
vt 0.966739 0.348480
vt 0.966786 0.349966
vt 0.965010 0.349443
vt 0.966786 0.346680
vt 0.965010 0.347412
vt 0.937031 0.346716
vt 0.937021 0.348724
vt 0.935281 0.347648
vt 0.858612 0.680083
vt 0.858612 0.678051
vt 0.860339 0.679015
vt 0.627078 0.441342
vt 0.627078 0.439479
vt 0.628818 0.440265
vt 0.935281 0.349512
vt 0.860391 0.677524
vt 0.860391 0.680812
vt 0.628829 0.442273
vt 0.330066 0.958093
vt 0.328118 0.957460
vt 0.329528 0.956432
vt 0.331270 0.956436
vt 0.330066 0.954779
vt 0.328118 0.955412
vt 0.692061 0.921071
vt 0.693609 0.910355
vt 0.693917 0.910333
vt 0.693911 0.920933
vt 0.694227 0.910355
vt 0.695767 0.921071
vt 0.276937 0.929841
vt 0.278470 0.919131
vt 0.278833 0.919131
vt 0.279118 0.929841
vt 0.600571 0.137452
vt 0.600571 0.137078
vt 0.600920 0.136942
vt 0.601135 0.137232
vt 0.600920 0.137547
vt 0.359703 0.929034
vt 0.360658 0.918133
vt 0.361039 0.918133
vt 0.361993 0.929034
vt 0.839199 0.929874
vt 0.839199 0.919695
vt 0.839557 0.919616
vt 0.841346 0.929403
vt 0.762438 0.953529
vt 0.764603 0.954121
vt 0.764603 0.956290
vt 0.762438 0.957037
vt 0.761100 0.955330
vt 0.930206 0.601555
vt 0.931938 0.591974
vt 0.932284 0.592067
vt 0.932284 0.602112
vt 0.328118 0.929078
vt 0.329029 0.918201
vt 0.329410 0.918201
vt 0.330405 0.929078
vt 0.928025 0.023486
vt 0.928375 0.012851
vt 0.928746 0.012851
vt 0.930249 0.023486
vt 0.773937 0.442439
vt 0.773589 0.442303
vt 0.773589 0.441929
vt 0.773937 0.441834
vt 0.774153 0.442149
vt 0.692061 0.884631
vt 0.693543 0.873843
vt 0.693865 0.873832
vt 0.693990 0.884569
vt 0.694160 0.873843
vt 0.695760 0.884631
vt 0.911290 0.956175
vt 0.909198 0.956992
vt 0.907905 0.955254
vt 0.909198 0.953364
vt 0.911290 0.953933
vt 0.174959 0.691274
vt 0.180138 0.642918
vt 0.181068 0.642860
vt 0.181544 0.690863
vt 0.181974 0.642918
vt 0.187964 0.691274
vt 0.646925 0.121734
vt 0.658025 0.072560
vt 0.658944 0.072705
vt 0.653437 0.122764
vt 0.659850 0.072763
vt 0.659850 0.123174
vt 0.657740 0.314362
vt 0.668841 0.265228
vt 0.669759 0.265388
vt 0.664241 0.315497
vt 0.670666 0.265429
vt 0.670666 0.315787
vt 0.511459 0.356079
vt 0.511459 0.355089
vt 0.512148 0.354377
vt 0.513122 0.354361
vt 0.513810 0.355050
vt 0.513810 0.356041
vt 0.513122 0.356753
vt 0.512148 0.356769
vt 0.673378 0.517267
vt 0.678580 0.468370
vt 0.679511 0.468329
vt 0.679973 0.516977
vt 0.680416 0.468370
vt 0.686381 0.517267
vt 0.824073 0.225703
vt 0.824073 0.232722
vt 0.819195 0.237605
vt 0.812295 0.237493
vt 0.807417 0.232451
vt 0.807417 0.225432
vt 0.812295 0.220548
vt 0.819195 0.220660
vt 0.839199 0.805233
vt 0.843088 0.773311
vt 0.844060 0.773311
vt 0.844060 0.805232
vt 0.792316 0.044711
vt 0.798871 0.012851
vt 0.799687 0.013007
vt 0.796398 0.045491
vt 0.800509 0.013016
vt 0.800509 0.045539
vt 0.845670 0.525936
vt 0.845670 0.524924
vt 0.846626 0.524594
vt 0.847217 0.525402
vt 0.846626 0.526231
vt 0.830021 0.349353
vt 0.832299 0.316780
vt 0.833264 0.316780
vt 0.834846 0.349353
vt 0.836946 0.407598
vt 0.838906 0.375683
vt 0.839924 0.375683
vt 0.842035 0.407598
vt 0.588381 0.345221
vt 0.585446 0.349339
vt 0.580698 0.347768
vt 0.580698 0.342679
vt 0.585446 0.341104
vt 0.391992 0.842069
vt 0.393578 0.810463
vt 0.394594 0.810463
vt 0.397074 0.842069
vt 0.827996 0.670915
vt 0.830070 0.638326
vt 0.831053 0.638326
vt 0.832911 0.670915
vt 0.792449 0.739111
vt 0.792449 0.706702
vt 0.793311 0.706705
vt 0.796755 0.739126
vt 0.937992 0.804883
vt 0.937036 0.804552
vt 0.937036 0.803541
vt 0.937992 0.803247
vt 0.938582 0.804076
vt 0.794084 0.706523
vt 0.800622 0.738217
vt 0.012851 0.842706
vt 0.012918 0.810514
vt 0.013868 0.810514
vt 0.017599 0.842706
vt 0.662571 0.341488
vt 0.665556 0.345570
vt 0.662571 0.349581
vt 0.657740 0.347978
vt 0.657740 0.342976
vt 0.222961 0.571096
vt 0.223116 0.567672
vt 0.224001 0.567687
vt 0.223847 0.571077
vt 0.225005 0.567781
vt 0.224856 0.571078
vt 0.225859 0.567928
vt 0.225716 0.571099
vt 0.118003 0.397108
vt 0.118003 0.393925
vt 0.118896 0.394006
vt 0.118896 0.397062
vt 0.119903 0.394051
vt 0.119903 0.397013
vt 0.120753 0.394047
vt 0.120753 0.396976
vt 0.452796 0.577512
vt 0.452664 0.574597
vt 0.453551 0.574583
vt 0.453684 0.577533
vt 0.454555 0.574489
vt 0.454692 0.577532
vt 0.455407 0.574339
vt 0.455550 0.577509
vt 0.048658 0.397265
vt 0.048658 0.394081
vt 0.049550 0.394001
vt 0.049550 0.397312
vt 0.050557 0.393956
vt 0.050557 0.397360
vt 0.051407 0.393958
vt 0.051407 0.397396
vt 0.223579 0.564319
vt 0.224459 0.564368
vt 0.225450 0.564552
vt 0.226287 0.564824
vt 0.118310 0.390779
vt 0.119190 0.390986
vt 0.120188 0.391123
vt 0.121035 0.391154
vt 0.452272 0.571743
vt 0.453154 0.571696
vt 0.454146 0.571511
vt 0.454981 0.571237
vt 0.048351 0.390935
vt 0.049232 0.390729
vt 0.050229 0.390592
vt 0.051076 0.390560
vt 0.224341 0.561095
vt 0.225213 0.561176
vt 0.226184 0.561448
vt 0.226993 0.561839
vt 0.118918 0.387725
vt 0.119774 0.388054
vt 0.120754 0.388281
vt 0.121594 0.388344
vt 0.451627 0.569000
vt 0.452501 0.568921
vt 0.453472 0.568649
vt 0.454279 0.568256
vt 0.047744 0.387880
vt 0.048600 0.387552
vt 0.049580 0.387325
vt 0.050420 0.387261
vt 0.225389 0.558055
vt 0.226251 0.558165
vt 0.227193 0.558520
vt 0.227964 0.559023
vt 0.119816 0.384815
vt 0.120637 0.385260
vt 0.121590 0.385572
vt 0.122421 0.385666
vt 0.450738 0.566414
vt 0.451602 0.566305
vt 0.452544 0.565951
vt 0.453313 0.565445
vt 0.046846 0.384968
vt 0.047666 0.384523
vt 0.048619 0.384211
vt 0.049450 0.384116
vt 0.226706 0.555250
vt 0.227555 0.555389
vt 0.228461 0.555819
vt 0.229183 0.556427
vt 0.120991 0.382098
vt 0.121764 0.382652
vt 0.122683 0.383043
vt 0.123501 0.383167
vt 0.449621 0.564030
vt 0.450473 0.563894
vt 0.451380 0.563463
vt 0.452099 0.562854
vt 0.045672 0.382250
vt 0.046445 0.381696
vt 0.047364 0.381305
vt 0.048183 0.381180
vt 0.228269 0.552730
vt 0.229102 0.552893
vt 0.229966 0.553392
vt 0.230630 0.554093
vt 0.122421 0.379622
vt 0.123137 0.380275
vt 0.124014 0.380738
vt 0.124817 0.380888
vt 0.448297 0.561889
vt 0.449132 0.561728
vt 0.449997 0.561229
vt 0.450659 0.560527
vt 0.044244 0.379771
vt 0.044960 0.379118
vt 0.045837 0.378654
vt 0.046640 0.378503
vt 0.829325 0.589379
vt 0.829317 0.586787
vt 0.830292 0.586629
vt 0.830300 0.589195
vt 0.230866 0.550721
vt 0.231682 0.551280
vt 0.232280 0.552062
vt 0.124081 0.377427
vt 0.124731 0.378168
vt 0.125560 0.378696
vt 0.175648 0.857381
vt 0.175655 0.855146
vt 0.176628 0.854988
vt 0.176621 0.857196
vt 0.177603 0.855146
vt 0.177596 0.857381
vt 0.447604 0.559844
vt 0.448421 0.559287
vt 0.449017 0.558504
vt 0.042584 0.377574
vt 0.043234 0.376833
vt 0.044062 0.376305
vt 0.828352 0.589195
vt 0.828344 0.586629
vt 0.829310 0.583921
vt 0.830285 0.583792
vt 0.232817 0.548910
vt 0.233580 0.549518
vt 0.234104 0.550368
vt 0.125945 0.375553
vt 0.126520 0.376369
vt 0.127294 0.376952
vt 0.175661 0.852677
vt 0.176635 0.852547
vt 0.177610 0.852677
vt 0.445914 0.558276
vt 0.446677 0.557669
vt 0.447201 0.556818
vt 0.040722 0.375697
vt 0.041297 0.374881
vt 0.042071 0.374298
vt 0.828337 0.583792
vt 0.829305 0.580832
vt 0.830280 0.580733
vt 0.234922 0.547491
vt 0.235627 0.548138
vt 0.236073 0.549040
vt 0.127979 0.374031
vt 0.128473 0.374908
vt 0.129187 0.375535
vt 0.175666 0.850015
vt 0.176640 0.849915
vt 0.177615 0.850015
vt 0.444090 0.557049
vt 0.444797 0.556403
vt 0.445242 0.555500
vt 0.038690 0.374172
vt 0.039184 0.373295
vt 0.039898 0.372667
vt 0.828332 0.580733
vt 0.829301 0.577571
vt 0.830276 0.577504
vt 0.830992 0.577322
vt 0.830995 0.580462
vt 0.237788 0.547162
vt 0.238151 0.548102
vt 0.130149 0.372887
vt 0.130556 0.373809
vt 0.131207 0.374470
vt 0.175670 0.847205
vt 0.176643 0.847138
vt 0.177618 0.847205
vt 0.178334 0.847388
vt 0.178330 0.850286
vt 0.442811 0.555511
vt 0.443174 0.554571
vt 0.036521 0.373025
vt 0.036929 0.372102
vt 0.037580 0.371441
vt 0.828328 0.577505
vt 0.829299 0.574195
vt 0.830274 0.574162
vt 0.830989 0.574071
vt 0.240026 0.546608
vt 0.240303 0.547570
vt 0.132418 0.372141
vt 0.132734 0.373093
vt 0.174959 0.847388
vt 0.174962 0.844387
vt 0.175672 0.844295
vt 0.176645 0.844262
vt 0.177620 0.844295
vt 0.178336 0.844387
vt 0.440755 0.555009
vt 0.441032 0.554048
vt 0.034254 0.372275
vt 0.034571 0.371323
vt 0.827617 0.577322
vt 0.827615 0.574071
vt 0.828326 0.574162
vt 0.829298 0.570762
vt 0.830273 0.570763
vt 0.830989 0.570764
vt 0.132454 0.371174
vt 0.134876 0.370824
vt 0.134746 0.371805
vt 0.134970 0.372770
vt 0.174962 0.841335
vt 0.175673 0.841336
vt 0.176646 0.841337
vt 0.177621 0.841336
vt 0.178337 0.841335
vt 0.034291 0.373241
vt 0.032057 0.372916
vt 0.031928 0.371936
vt 0.032151 0.370970
vt 0.827614 0.570764
vt 0.828325 0.570763
vt 0.829299 0.567329
vt 0.830274 0.567364
vt 0.830989 0.567459
vt 0.137319 0.370908
vt 0.137095 0.371885
vt 0.137225 0.372847
vt 0.174962 0.838284
vt 0.175672 0.838378
vt 0.176645 0.838413
vt 0.177620 0.838378
vt 0.178336 0.838284
vt 0.029804 0.372989
vt 0.029581 0.372013
vt 0.029710 0.371050
vt 0.827615 0.567459
vt 0.828326 0.567364
vt 0.829301 0.563957
vt 0.830276 0.564025
vt 0.830992 0.564211
vt 0.139740 0.371423
vt 0.139424 0.372380
vt 0.494840 0.553910
vt 0.496992 0.554619
vt 0.496629 0.555559
vt 0.494563 0.554879
vt 0.174959 0.835286
vt 0.175670 0.835472
vt 0.176643 0.835540
vt 0.177618 0.835472
vt 0.178334 0.835286
vt 0.027570 0.373461
vt 0.027254 0.372504
vt 0.597971 0.266197
vt 0.595828 0.266915
vt 0.595466 0.265975
vt 0.597693 0.265228
vt 0.827617 0.564211
vt 0.828328 0.564025
vt 0.829305 0.560702
vt 0.830280 0.560802
vt 0.830995 0.561077
vt 0.142100 0.372360
vt 0.141693 0.373281
vt 0.499070 0.555727
vt 0.498624 0.556623
vt 0.497919 0.557293
vt 0.495985 0.556261
vt 0.175666 0.832667
vt 0.176640 0.832768
vt 0.177615 0.832667
vt 0.178330 0.832393
vt 0.025394 0.374324
vt 0.024987 0.373403
vt 0.593760 0.268033
vt 0.593315 0.267137
vt 0.592608 0.266467
vt 0.594820 0.265272
vt 0.828332 0.560802
vt 0.829310 0.557620
vt 0.830285 0.557751
vt 0.142751 0.371672
vt 0.145071 0.373054
vt 0.144357 0.373704
vt 0.143863 0.374574
vt 0.501038 0.557216
vt 0.500514 0.558052
vt 0.499751 0.558678
vt 0.175661 0.830011
vt 0.176635 0.830142
vt 0.177610 0.830011
vt 0.026045 0.375012
vt 0.024027 0.376212
vt 0.023313 0.375562
vt 0.022819 0.374692
vt 0.591801 0.269529
vt 0.591277 0.268694
vt 0.590514 0.268067
vt 0.828337 0.557751
vt 0.829317 0.554765
vt 0.830292 0.554924
vt 0.147246 0.374830
vt 0.146472 0.375432
vt 0.145897 0.376235
vt 0.502863 0.559059
vt 0.502265 0.559821
vt 0.501449 0.560394
vt 0.175655 0.827550
vt 0.176629 0.827710
vt 0.177603 0.827550
vt 0.022135 0.377755
vt 0.021361 0.377154
vt 0.020786 0.376350
vt 0.589985 0.271380
vt 0.589389 0.270619
vt 0.588572 0.270046
vt 0.828344 0.554924
vt 0.829325 0.552184
vt 0.830300 0.552369
vt 0.149239 0.376970
vt 0.148410 0.377514
vt 0.147760 0.378236
vt 0.504513 0.561225
vt 0.503849 0.561901
vt 0.502985 0.562410
vt 0.175648 0.825326
vt 0.176621 0.825511
vt 0.177596 0.825326
vt 0.020402 0.379616
vt 0.019574 0.379073
vt 0.018924 0.378349
vt 0.588343 0.273554
vt 0.587681 0.272879
vt 0.586816 0.272370
vt 0.828352 0.552369
vt 0.150023 0.376751
vt 0.151817 0.379244
vt 0.151014 0.379438
vt 0.150137 0.379914
vt 0.149421 0.380544
vt 0.505960 0.563678
vt 0.505238 0.564255
vt 0.504332 0.564692
vt 0.503483 0.564871
vt 0.502152 0.562615
vt 0.021188 0.379833
vt 0.019661 0.381954
vt 0.018858 0.381762
vt 0.017981 0.381286
vt 0.017265 0.380655
vt 0.586903 0.276012
vt 0.586183 0.275436
vt 0.585276 0.274999
vt 0.584425 0.274818
vt 0.585980 0.272163
vt 0.153361 0.382024
vt 0.152543 0.382190
vt 0.151624 0.382591
vt 0.150851 0.383118
vt 0.507179 0.566374
vt 0.506409 0.566844
vt 0.505467 0.567202
vt 0.504605 0.567352
vt 0.018347 0.384321
vt 0.017528 0.384156
vt 0.016609 0.383755
vt 0.015836 0.383227
vt 0.585689 0.278714
vt 0.584921 0.278246
vt 0.583979 0.277888
vt 0.583114 0.277736
vt 0.154630 0.385045
vt 0.153799 0.385181
vt 0.152846 0.385500
vt 0.152025 0.385915
vt 0.508150 0.569269
vt 0.507341 0.569623
vt 0.506370 0.569896
vt 0.505498 0.570015
vt 0.017267 0.386893
vt 0.016436 0.386757
vt 0.015483 0.386439
vt 0.014662 0.386023
vt 0.584723 0.281612
vt 0.583916 0.281260
vt 0.582946 0.280987
vt 0.582071 0.280866
vt 0.155600 0.388254
vt 0.154760 0.388359
vt 0.153781 0.388590
vt 0.152924 0.388887
vt 0.508855 0.572312
vt 0.508018 0.572544
vt 0.507026 0.572728
vt 0.506147 0.572815
vt 0.016441 0.389626
vt 0.015600 0.389522
vt 0.014620 0.389291
vt 0.013764 0.388993
vt 0.584021 0.284658
vt 0.583186 0.284428
vt 0.582195 0.284244
vt 0.581313 0.284155
vt 0.156257 0.391597
vt 0.155410 0.391669
vt 0.154413 0.391810
vt 0.153532 0.391983
vt 0.509283 0.575451
vt 0.508429 0.575558
vt 0.507425 0.575650
vt 0.506541 0.575703
vt 0.015882 0.392473
vt 0.015035 0.392403
vt 0.014037 0.392262
vt 0.013157 0.392088
vt 0.583595 0.287799
vt 0.582743 0.287694
vt 0.581739 0.287602
vt 0.580853 0.287547
vt 0.156588 0.395017
vt 0.155738 0.395055
vt 0.154732 0.395103
vt 0.153839 0.395149
vt 0.509427 0.578634
vt 0.508567 0.578613
vt 0.507559 0.578612
vt 0.506673 0.578631
vt 0.015600 0.395386
vt 0.014750 0.395350
vt 0.013743 0.395302
vt 0.012851 0.395254
vt 0.583452 0.290981
vt 0.582595 0.291004
vt 0.581586 0.291005
vt 0.580698 0.290984
vt 0.156588 0.398455
vt 0.155738 0.398458
vt 0.154732 0.398414
vt 0.153839 0.398333
vt 0.509283 0.581804
vt 0.508429 0.581657
vt 0.507425 0.581563
vt 0.506541 0.581548
vt 0.015600 0.398315
vt 0.014750 0.398313
vt 0.013743 0.398358
vt 0.012851 0.398438
vt 0.583595 0.294150
vt 0.582743 0.294300
vt 0.581739 0.294394
vt 0.580853 0.294407
vt 0.156257 0.401853
vt 0.155410 0.401822
vt 0.154413 0.401685
vt 0.153532 0.401478
vt 0.508855 0.584908
vt 0.508018 0.584637
vt 0.507026 0.584452
vt 0.506147 0.584404
vt 0.015882 0.401209
vt 0.015035 0.401241
vt 0.014037 0.401378
vt 0.013157 0.401584
vt 0.584021 0.297252
vt 0.583186 0.297526
vt 0.582195 0.297711
vt 0.581313 0.297757
vt 0.155600 0.405151
vt 0.154760 0.405088
vt 0.153781 0.404861
vt 0.152924 0.404532
vt 0.508150 0.587894
vt 0.507341 0.587503
vt 0.506370 0.587231
vt 0.505498 0.587150
vt 0.016441 0.404020
vt 0.015600 0.404084
vt 0.014620 0.404311
vt 0.013764 0.404639
vt 0.584723 0.300234
vt 0.583916 0.300627
vt 0.582946 0.300899
vt 0.582071 0.300978
vt 0.154630 0.408294
vt 0.153799 0.408200
vt 0.152846 0.407888
vt 0.152025 0.407443
vt 0.507179 0.590709
vt 0.506409 0.590205
vt 0.505467 0.589851
vt 0.504605 0.589740
vt 0.017267 0.406699
vt 0.016436 0.406794
vt 0.015483 0.407106
vt 0.014662 0.407551
vt 0.585689 0.303044
vt 0.584921 0.303549
vt 0.583979 0.303904
vt 0.583114 0.304013
vt 0.153361 0.411228
vt 0.152543 0.411105
vt 0.151624 0.410713
vt 0.150851 0.410159
vt 0.505960 0.593306
vt 0.505238 0.592698
vt 0.504332 0.592268
vt 0.503483 0.592129
vt 0.018347 0.409200
vt 0.017528 0.409325
vt 0.016609 0.409716
vt 0.015836 0.410270
vt 0.586903 0.305635
vt 0.586183 0.306244
vt 0.585276 0.306674
vt 0.584425 0.306811
vt 0.151817 0.413903
vt 0.151014 0.413753
vt 0.150137 0.413289
vt 0.149421 0.412636
vt 0.504513 0.595640
vt 0.503849 0.594939
vt 0.502985 0.594440
vt 0.502152 0.594276
vt 0.019661 0.411481
vt 0.018858 0.411632
vt 0.017981 0.412096
vt 0.017265 0.412748
vt 0.588343 0.307962
vt 0.587681 0.308664
vt 0.586816 0.309163
vt 0.585980 0.309324
vt 0.828036 0.706523
vt 0.828028 0.709115
vt 0.827054 0.709273
vt 0.827063 0.706707
vt 0.149239 0.416099
vt 0.148410 0.415571
vt 0.147760 0.414830
vt 0.502863 0.597671
vt 0.502265 0.596889
vt 0.501449 0.596330
vt 0.856768 0.072560
vt 0.856775 0.074794
vt 0.855800 0.074952
vt 0.855793 0.072744
vt 0.854827 0.074794
vt 0.854820 0.072560
vt 0.020402 0.413676
vt 0.019574 0.414205
vt 0.018924 0.414945
vt 0.589985 0.309986
vt 0.589389 0.310769
vt 0.588572 0.311327
vt 0.829011 0.706707
vt 0.829002 0.709273
vt 0.828020 0.711981
vt 0.827047 0.712110
vt 0.147246 0.418103
vt 0.146472 0.417520
vt 0.145897 0.416704
vt 0.501038 0.599365
vt 0.500514 0.598515
vt 0.499751 0.597907
vt 0.856781 0.077263
vt 0.855806 0.077393
vt 0.854833 0.077263
vt 0.022135 0.415423
vt 0.021361 0.416006
vt 0.020786 0.416822
vt 0.591801 0.311671
vt 0.591277 0.312522
vt 0.590514 0.313129
vt 0.828995 0.712110
vt 0.828015 0.715070
vt 0.827041 0.715169
vt 0.145071 0.419731
vt 0.144357 0.419103
vt 0.143863 0.418226
vt 0.499070 0.600692
vt 0.498624 0.599789
vt 0.497919 0.599142
vt 0.856786 0.079926
vt 0.855811 0.080025
vt 0.854837 0.079926
vt 0.024027 0.416843
vt 0.023312 0.417471
vt 0.022819 0.418347
vt 0.593760 0.312990
vt 0.593315 0.313893
vt 0.592608 0.314538
vt 0.828990 0.715169
vt 0.828010 0.718331
vt 0.827037 0.718397
vt 0.142751 0.420954
vt 0.142100 0.420293
vt 0.141693 0.419370
vt 0.496992 0.601630
vt 0.496629 0.600690
vt 0.857501 0.079654
vt 0.857504 0.082553
vt 0.856789 0.082735
vt 0.855814 0.082802
vt 0.854841 0.082735
vt 0.026045 0.417910
vt 0.025394 0.418572
vt 0.024987 0.419494
vt 0.595828 0.313918
vt 0.595466 0.314859
vt 0.829705 0.715441
vt 0.829701 0.718580
vt 0.828985 0.718398
vt 0.828008 0.721707
vt 0.827035 0.721740
vt 0.826324 0.721831
vt 0.826327 0.718580
vt 0.139740 0.421069
vt 0.139424 0.420117
vt 0.494840 0.602163
vt 0.494563 0.601201
vt 0.857507 0.085553
vt 0.856791 0.085645
vt 0.855816 0.085678
vt 0.854843 0.085645
vt 0.854132 0.085554
vt 0.854130 0.082553
vt 0.027570 0.419292
vt 0.027254 0.420244
vt 0.597971 0.314442
vt 0.597693 0.315403
vt 0.829699 0.721831
vt 0.828983 0.721740
vt 0.828007 0.725140
vt 0.827034 0.725139
vt 0.826324 0.725138
vt 0.137319 0.421419
vt 0.137095 0.420453
vt 0.137225 0.419473
vt 0.139460 0.419150
vt 0.857507 0.088606
vt 0.856792 0.088604
vt 0.855817 0.088603
vt 0.854843 0.088604
vt 0.854133 0.088606
vt 0.029804 0.419617
vt 0.029581 0.420583
vt 0.029710 0.421563
vt 0.027290 0.421210
vt 0.829698 0.725138
vt 0.828982 0.725139
vt 0.828008 0.728573
vt 0.827035 0.728538
vt 0.826324 0.728443
vt 0.134876 0.421335
vt 0.134746 0.420373
vt 0.134970 0.419396
vt 0.857507 0.091657
vt 0.856791 0.091562
vt 0.855816 0.091527
vt 0.854843 0.091562
vt 0.854132 0.091657
vt 0.032057 0.419544
vt 0.031928 0.420506
vt 0.032151 0.421483
vt 0.829699 0.728443
vt 0.828983 0.728538
vt 0.828010 0.731945
vt 0.827037 0.731877
vt 0.826327 0.731691
vt 0.240026 0.596791
vt 0.237788 0.596053
vt 0.238151 0.595113
vt 0.240303 0.595822
vt 0.132418 0.419877
vt 0.132734 0.418920
vt 0.857504 0.094654
vt 0.856789 0.094468
vt 0.855814 0.094400
vt 0.854841 0.094468
vt 0.854130 0.094654
vt 0.440755 0.601324
vt 0.442811 0.600634
vt 0.443174 0.601574
vt 0.441032 0.602293
vt 0.034254 0.420015
vt 0.034571 0.420972
vt 0.829701 0.731691
vt 0.828985 0.731877
vt 0.828015 0.735200
vt 0.827041 0.735100
vt 0.237144 0.596755
vt 0.234922 0.595570
vt 0.235627 0.594901
vt 0.236073 0.594005
vt 0.130149 0.418976
vt 0.130556 0.418055
vt 0.857501 0.097548
vt 0.856786 0.097273
vt 0.855811 0.097173
vt 0.854837 0.097273
vt 0.442165 0.599931
vt 0.444090 0.598891
vt 0.444797 0.599562
vt 0.445242 0.600457
vt 0.036521 0.419116
vt 0.036928 0.420038
vt 0.829705 0.734825
vt 0.828990 0.735100
vt 0.828020 0.738282
vt 0.827047 0.738151
vt 0.232817 0.593979
vt 0.233580 0.593353
vt 0.234104 0.592516
vt 0.127979 0.417684
vt 0.128473 0.416814
vt 0.129187 0.416164
vt 0.131207 0.417366
vt 0.856781 0.099929
vt 0.855806 0.099798
vt 0.854833 0.099929
vt 0.445914 0.597498
vt 0.446677 0.598125
vt 0.447201 0.598960
vt 0.038690 0.417827
vt 0.039183 0.418697
vt 0.039898 0.419347
vt 0.037580 0.420726
vt 0.828995 0.738151
vt 0.828028 0.741137
vt 0.827054 0.740978
vt 0.230866 0.592008
vt 0.231682 0.591436
vt 0.232280 0.590673
vt 0.125945 0.416023
vt 0.126520 0.415220
vt 0.127294 0.414617
vt 0.856775 0.102390
vt 0.855800 0.102230
vt 0.854827 0.102390
vt 0.447604 0.595775
vt 0.448421 0.596348
vt 0.449017 0.597109
vt 0.040722 0.416169
vt 0.041297 0.416972
vt 0.042071 0.417574
vt 0.829002 0.740978
vt 0.828036 0.743718
vt 0.827063 0.743533
vt 0.229102 0.589692
vt 0.229966 0.589183
vt 0.230630 0.588507
vt 0.124082 0.414021
vt 0.124731 0.413298
vt 0.125560 0.412755
vt 0.856768 0.104614
vt 0.855794 0.104429
vt 0.854820 0.104614
vt 0.449132 0.593753
vt 0.449997 0.594262
vt 0.450659 0.594936
vt 0.042584 0.414170
vt 0.043234 0.414893
vt 0.044062 0.415436
vt 0.829011 0.743533
vt 0.228269 0.589897
vt 0.226706 0.587248
vt 0.227555 0.587069
vt 0.228461 0.586632
vt 0.229183 0.586055
vt 0.122421 0.411713
vt 0.123137 0.411083
vt 0.124014 0.410607
vt 0.124817 0.410413
vt 0.126345 0.412536
vt 0.448297 0.593545
vt 0.449621 0.591284
vt 0.450473 0.591464
vt 0.451380 0.591901
vt 0.452099 0.592478
vt 0.044244 0.411864
vt 0.044960 0.412495
vt 0.045837 0.412971
vt 0.046640 0.413164
vt 0.044848 0.415654
vt 0.225389 0.584336
vt 0.226251 0.584186
vt 0.227193 0.583828
vt 0.227964 0.583358
vt 0.120991 0.409139
vt 0.121764 0.408611
vt 0.122683 0.408211
vt 0.123501 0.408045
vt 0.450738 0.588798
vt 0.451602 0.588950
vt 0.452544 0.589308
vt 0.453313 0.589776
vt 0.045672 0.409292
vt 0.046445 0.409820
vt 0.047364 0.410220
vt 0.048183 0.410386
vt 0.224341 0.581210
vt 0.225213 0.581091
vt 0.226184 0.580818
vt 0.226993 0.580463
vt 0.119816 0.406342
vt 0.120637 0.405926
vt 0.121590 0.405608
vt 0.122421 0.405471
vt 0.451627 0.586132
vt 0.452501 0.586253
vt 0.453472 0.586526
vt 0.454279 0.586878
vt 0.046846 0.406496
vt 0.047666 0.406913
vt 0.048619 0.407231
vt 0.049450 0.407367
vt 0.223579 0.577923
vt 0.224459 0.577837
vt 0.225450 0.577653
vt 0.226287 0.577420
vt 0.118918 0.403370
vt 0.119774 0.403073
vt 0.120754 0.402842
vt 0.121594 0.402737
vt 0.452272 0.583330
vt 0.453154 0.583418
vt 0.454146 0.583602
vt 0.454981 0.583832
vt 0.047744 0.403526
vt 0.048600 0.403823
vt 0.049580 0.404055
vt 0.050420 0.404158
vt 0.223116 0.574533
vt 0.224001 0.574480
vt 0.225005 0.574388
vt 0.225859 0.574281
vt 0.118310 0.400275
vt 0.119190 0.400102
vt 0.120188 0.399961
vt 0.121035 0.399889
vt 0.452664 0.580440
vt 0.453551 0.580495
vt 0.454555 0.580586
vt 0.455407 0.580691
vt 0.048351 0.400431
vt 0.049232 0.400605
vt 0.050229 0.400746
vt 0.051076 0.400816
s 1
usemtl petapa_srimana_mat
f 1/1/1 2/2/2 4/3/4 3/4/3
f 3/4/3 4/3/4 6/5/6 5/6/5
f 5/6/5 6/5/6 8/7/8 7/8/7
f 7/9/7 8/10/8 10/11/10 9/12/9
f 9/12/9 10/11/10 12/13/12 11/14/11
f 11/14/11 12/13/12 14/15/14 13/16/13
f 13/17/13 14/18/14 16/19/16 15/20/15
f 15/20/15 16/19/16 18/21/18 17/22/17
f 17/22/17 18/21/18 20/23/20 19/24/19
f 19/25/19 20/26/20 22/27/22 21/28/21
f 4/29/4 2/30/2 24/31/24 22/32/22 20/33/20 18/34/18 16/35/16 14/36/14 12/37/12 10/38/10 8/39/8 6/40/6
f 21/28/21 22/27/22 24/41/24 23/42/23
f 23/42/23 24/41/24 2/43/2 1/44/1
f 1/45/1 3/46/3 5/47/5 7/48/7 9/49/9 11/50/11 13/51/13 15/52/15 17/53/17 19/54/19 21/55/21 23/56/23
f 25/57/25 38/58/38 37/59/37
f 26/60/26 38/58/38 40/61/40
f 25/57/25 37/59/37 42/62/42
f 25/57/25 42/62/42 44/63/44
f 25/57/25 44/63/44 41/64/41
f 26/60/26 40/61/40 47/65/47
f 27/66/27 39/67/39 49/68/49
f 28/69/28 43/70/43 51/71/51
f 29/72/29 45/73/45 53/74/53
f 30/75/30 46/76/46 55/77/55
f 26/78/26 47/79/47 50/80/50
f 27/81/27 49/82/49 52/83/52
f 28/84/28 51/85/51 54/86/54
f 29/72/29 53/74/53 56/87/56
f 30/75/30 55/77/55 48/88/48
f 31/89/31 57/90/57 62/91/62
f 32/92/32 58/93/58 64/94/64
f 33/95/33 59/96/59 65/97/65
f 34/98/34 60/99/60 66/100/66
f 35/101/35 61/102/61 63/103/63
f 63/103/63 66/100/66 36/104/36
f 63/103/63 61/102/61 66/100/66
f 61/102/61 34/98/34 66/100/66
f 66/100/66 65/97/65 36/104/36
f 66/100/66 60/99/60 65/97/65
f 60/99/60 33/95/33 65/97/65
f 65/97/65 64/94/64 36/104/36
f 65/97/65 59/96/59 64/94/64
f 59/96/59 32/92/32 64/94/64
f 64/94/64 62/91/62 36/104/36
f 64/94/64 58/93/58 62/91/62
f 58/93/58 31/89/31 62/91/62
f 62/91/62 63/103/63 36/104/36
f 62/91/62 57/90/57 63/103/63
f 57/90/57 35/101/35 63/103/63
f 48/105/48 61/102/61 35/101/35
f 48/88/48 55/77/55 61/106/61
f 55/107/55 34/98/34 61/102/61
f 56/108/56 60/99/60 34/98/34
f 56/108/56 53/109/53 60/99/60
f 53/109/53 33/95/33 60/99/60
f 54/110/54 59/96/59 33/95/33
f 54/111/54 51/112/51 59/113/59
f 51/112/51 32/114/32 59/113/59
f 52/83/52 58/115/58 32/114/32
f 52/83/52 49/82/49 58/115/58
f 49/116/49 31/89/31 58/93/58
f 50/80/50 57/117/57 31/118/31
f 50/80/50 47/79/47 57/117/57
f 47/79/47 35/119/35 57/117/57
f 55/77/55 56/120/56 34/121/34
f 55/77/55 46/76/46 56/120/56
f 46/122/46 29/123/29 56/124/56
f 53/74/53 54/86/54 33/125/33
f 53/74/53 45/73/45 54/86/54
f 45/73/45 28/84/28 54/86/54
f 51/112/51 52/83/52 32/114/32
f 51/112/51 43/126/43 52/83/52
f 43/70/43 27/66/27 52/127/52
f 49/128/49 50/80/50 31/118/31
f 49/68/49 39/67/39 50/129/50
f 39/67/39 26/60/26 50/129/50
f 47/79/47 48/130/48 35/119/35
f 47/131/47 40/132/40 48/88/48
f 40/132/40 30/75/30 48/88/48
f 41/64/41 46/122/46 30/133/30
f 41/64/41 44/63/44 46/122/46
f 44/63/44 29/123/29 46/122/46
f 44/63/44 45/134/45 29/123/29
f 44/63/44 42/62/42 45/134/45
f 42/62/42 28/69/28 45/134/45
f 42/62/42 43/70/43 28/69/28
f 42/62/42 37/59/37 43/70/43
f 37/59/37 27/66/27 43/70/43
f 40/61/40 41/64/41 30/133/30
f 40/61/40 38/58/38 41/64/41
f 38/58/38 25/57/25 41/64/41
f 37/59/37 39/67/39 27/66/27
f 37/59/37 38/58/38 39/67/39
f 38/58/38 26/60/26 39/67/39
f 67/135/67 80/136/80 79/137/79
f 68/138/68 80/136/80 82/139/82
f 67/135/67 79/137/79 84/140/84
f 67/135/67 84/140/84 86/141/86
f 67/135/67 86/141/86 83/142/83
f 68/143/68 82/144/82 89/145/89
f 69/146/69 81/147/81 91/148/91
f 70/149/70 85/150/85 93/151/93
f 71/152/71 87/153/87 95/154/95
f 72/155/72 88/156/88 97/157/97
f 68/143/68 89/145/89 92/158/92
f 69/146/69 91/148/91 94/159/94
f 70/149/70 93/151/93 96/160/96
f 71/152/71 95/154/95 98/161/98
f 72/155/72 97/157/97 90/162/90
f 73/163/73 99/164/99 104/165/104
f 74/166/74 100/167/100 106/168/106
f 75/169/75 101/170/101 107/171/107
f 76/172/76 102/173/102 108/174/108
f 77/175/77 103/176/103 105/177/105
f 105/177/105 108/174/108 78/178/78
f 105/177/105 103/176/103 108/174/108
f 103/176/103 76/172/76 108/174/108
f 108/174/108 107/171/107 78/178/78
f 108/174/108 102/173/102 107/171/107
f 102/173/102 75/169/75 107/171/107
f 107/171/107 106/168/106 78/178/78
f 107/171/107 101/170/101 106/168/106
f 101/170/101 74/166/74 106/168/106
f 106/168/106 104/165/104 78/178/78
f 106/168/106 100/167/100 104/165/104
f 100/167/100 73/163/73 104/165/104
f 104/165/104 105/177/105 78/178/78
f 104/165/104 99/164/99 105/177/105
f 99/164/99 77/175/77 105/177/105
f 90/162/90 103/179/103 77/180/77
f 90/162/90 97/157/97 103/179/103
f 97/181/97 76/172/76 103/176/103
f 98/182/98 102/173/102 76/172/76
f 98/182/98 95/183/95 102/173/102
f 95/183/95 75/169/75 102/173/102
f 96/160/96 101/184/101 75/185/75
f 96/160/96 93/151/93 101/184/101
f 93/151/93 74/186/74 101/184/101
f 94/187/94 100/188/100 74/186/74
f 94/189/94 91/190/91 100/191/100
f 91/190/91 73/192/73 100/191/100
f 92/193/92 99/194/99 73/192/73
f 92/158/92 89/145/89 99/195/99
f 89/145/89 77/180/77 99/195/99
f 97/181/97 98/182/98 76/172/76
f 97/196/97 88/197/88 98/161/98
f 88/197/88 71/152/71 98/161/98
f 95/198/95 96/160/96 75/185/75
f 95/198/95 87/199/87 96/160/96
f 87/199/87 70/149/70 96/160/96
f 93/151/93 94/187/94 74/186/74
f 93/151/93 85/150/85 94/187/94
f 85/200/85 69/146/69 94/159/94
f 91/190/91 92/193/92 73/192/73
f 91/148/91 81/147/81 92/201/92
f 81/147/81 68/138/68 92/201/92
f 89/145/89 90/162/90 77/180/77
f 89/145/89 82/144/82 90/162/90
f 82/144/82 72/155/72 90/162/90
f 83/142/83 88/202/88 72/203/72
f 83/142/83 86/141/86 88/202/88
f 86/141/86 71/204/71 88/202/88
f 86/141/86 87/205/87 71/204/71
f 86/141/86 84/140/84 87/205/87
f 84/140/84 70/206/70 87/205/87
f 84/140/84 85/200/85 70/206/70
f 84/140/84 79/137/79 85/200/85
f 79/137/79 69/146/69 85/200/85
f 82/139/82 83/142/83 72/203/72
f 82/139/82 80/136/80 83/142/83
f 80/136/80 67/135/67 83/142/83
f 79/137/79 81/147/81 69/146/69
f 79/137/79 80/136/80 81/147/81
f 80/136/80 68/138/68 81/147/81
f 109/207/109 122/208/122 121/209/121
f 110/210/110 122/208/122 124/211/124
f 109/207/109 121/209/121 126/212/126
f 109/207/109 126/212/126 128/213/128
f 109/207/109 128/213/128 125/214/125
f 110/215/110 124/216/124 131/217/131
f 111/218/111 123/219/123 133/220/133
f 112/221/112 127/222/127 135/223/135
f 113/224/113 129/225/129 137/226/137
f 114/227/114 130/228/130 139/229/139
f 110/215/110 131/217/131 134/230/134
f 111/231/111 133/232/133 136/233/136
f 112/221/112 135/223/135 138/234/138
f 113/224/113 137/226/137 140/235/140
f 114/227/114 139/229/139 132/236/132
f 115/237/115 141/238/141 146/239/146
f 116/240/116 142/241/142 148/242/148
f 117/243/117 143/244/143 149/245/149
f 118/246/118 144/247/144 150/248/150
f 119/249/119 145/250/145 147/251/147
f 147/251/147 150/248/150 120/252/120
f 147/251/147 145/250/145 150/248/150
f 145/250/145 118/246/118 150/248/150
f 150/248/150 149/245/149 120/252/120
f 150/248/150 144/247/144 149/245/149
f 144/247/144 117/243/117 149/245/149
f 149/245/149 148/242/148 120/252/120
f 149/245/149 143/244/143 148/242/148
f 143/244/143 116/240/116 148/242/148
f 148/242/148 146/239/146 120/252/120
f 148/242/148 142/241/142 146/239/146
f 142/241/142 115/237/115 146/239/146
f 146/239/146 147/251/147 120/252/120
f 146/239/146 141/238/141 147/251/147
f 141/238/141 119/249/119 147/251/147
f 132/253/132 145/254/145 119/255/119
f 132/253/132 139/256/139 145/254/145
f 139/257/139 118/246/118 145/250/145
f 140/258/140 144/247/144 118/246/118
f 140/258/140 137/259/137 144/247/144
f 137/259/137 117/243/117 144/247/144
f 138/234/138 143/260/143 117/261/117
f 138/234/138 135/223/135 143/260/143
f 135/223/135 116/262/116 143/260/143
f 136/233/136 142/263/142 116/264/116
f 136/233/136 133/232/133 142/263/142
f 133/232/133 115/265/115 142/263/142
f 134/230/134 141/266/141 115/267/115
f 134/230/134 131/217/131 141/266/141
f 131/217/131 119/255/119 141/266/141
f 139/229/139 140/268/140 118/269/118
f 139/229/139 130/228/130 140/268/140
f 130/228/130 113/270/113 140/268/140
f 137/226/137 138/234/138 117/261/117
f 137/226/137 129/225/129 138/234/138
f 129/225/129 112/221/112 138/234/138
f 135/271/135 136/233/136 116/264/116
f 135/223/135 127/222/127 136/272/136
f 127/273/127 111/218/111 136/274/136
f 133/275/133 134/230/134 115/267/115
f 133/220/133 123/219/123 134/276/134
f 123/219/123 110/210/110 134/276/134
f 131/217/131 132/253/132 119/255/119
f 131/217/131 124/216/124 132/253/132
f 124/277/124 114/227/114 132/236/132
f 125/214/125 130/278/130 114/279/114
f 125/214/125 128/213/128 130/278/130
f 128/213/128 113/280/113 130/278/130
f 128/213/128 129/281/129 113/280/113
f 128/213/128 126/212/126 129/281/129
f 126/212/126 112/282/112 129/281/129
f 126/212/126 127/273/127 112/282/112
f 126/212/126 121/209/121 127/273/127
f 121/209/121 111/218/111 127/273/127
f 124/211/124 125/214/125 114/279/114
f 124/211/124 122/208/122 125/214/125
f 122/208/122 109/207/109 125/214/125
f 121/209/121 123/219/123 111/218/111
f 121/209/121 122/208/122 123/219/123
f 122/208/122 110/210/110 123/219/123
f 151/283/151 164/284/164 163/285/163
f 152/286/152 164/284/164 166/287/166
f 151/283/151 163/285/163 168/288/168
f 151/283/151 168/288/168 170/289/170
f 151/283/151 170/289/170 167/290/167
f 152/291/152 166/292/166 173/293/173
f 153/294/153 165/295/165 175/296/175
f 154/297/154 169/298/169 177/299/177
f 155/300/155 171/301/171 179/302/179
f 156/303/156 172/304/172 181/305/181
f 152/291/152 173/293/173 176/306/176
f 153/307/153 175/308/175 178/309/178
f 154/310/154 177/311/177 180/312/180
f 155/300/155 179/302/179 182/313/182
f 156/303/156 181/305/181 174/314/174
f 157/315/157 183/316/183 188/317/188
f 158/318/158 184/319/184 190/320/190
f 159/321/159 185/322/185 191/323/191
f 160/324/160 186/325/186 192/326/192
f 161/327/161 187/328/187 189/329/189
f 189/329/189 192/326/192 162/330/162
f 189/329/189 187/328/187 192/326/192
f 187/328/187 160/324/160 192/326/192
f 192/326/192 191/323/191 162/330/162
f 192/326/192 186/325/186 191/323/191
f 186/325/186 159/321/159 191/323/191
f 191/323/191 190/320/190 162/330/162
f 191/323/191 185/322/185 190/320/190
f 185/322/185 158/318/158 190/320/190
f 190/320/190 188/317/188 162/330/162
f 190/320/190 184/319/184 188/317/188
f 184/319/184 157/315/157 188/317/188
f 188/317/188 189/329/189 162/330/162
f 188/317/188 183/316/183 189/329/189
f 183/316/183 161/327/161 189/329/189
f 174/331/174 187/328/187 161/327/161
f 174/314/174 181/305/181 187/332/187
f 181/333/181 160/324/160 187/328/187
f 182/334/182 186/325/186 160/324/160
f 182/334/182 179/335/179 186/325/186
f 179/335/179 159/321/159 186/325/186
f 180/312/180 185/336/185 159/337/159
f 180/312/180 177/311/177 185/336/185
f 177/311/177 158/338/158 185/336/185
f 178/309/178 184/339/184 158/338/158
f 178/309/178 175/308/175 184/339/184
f 175/340/175 157/315/157 184/319/184
f 176/341/176 183/342/183 157/343/157
f 176/341/176 173/344/173 183/342/183
f 173/344/173 161/345/161 183/342/183
f 181/305/181 182/346/182 160/347/160
f 181/305/181 172/304/172 182/346/182
f 172/348/172 155/349/155 182/350/182
f 179/351/179 180/312/180 159/337/159
f 179/302/179 171/301/171 180/352/180
f 171/301/171 154/353/154 180/352/180
f 177/311/177 178/309/178 158/338/158
f 177/311/177 169/354/169 178/309/178
f 169/298/169 153/294/153 178/355/178
f 175/356/175 176/341/176 157/343/157
f 175/296/175 165/295/165 176/357/176
f 165/295/165 152/286/152 176/357/176
f 173/293/173 174/314/174 161/358/161
f 173/293/173 166/292/166 174/314/174
f 166/292/166 156/303/156 174/314/174
f 167/290/167 172/348/172 156/359/156
f 167/290/167 170/289/170 172/348/172
f 170/289/170 155/349/155 172/348/172
f 170/289/170 171/360/171 155/349/155
f 170/289/170 168/288/168 171/360/171
f 168/288/168 154/297/154 171/360/171
f 168/288/168 169/298/169 154/297/154
f 168/288/168 163/285/163 169/298/169
f 163/285/163 153/294/153 169/298/169
f 166/287/166 167/290/167 156/359/156
f 166/287/166 164/284/164 167/290/167
f 164/284/164 151/283/151 167/290/167
f 163/285/163 165/295/165 153/294/153
f 163/285/163 164/284/164 165/295/165
f 164/284/164 152/286/152 165/295/165
f 193/361/193 206/362/206 205/363/205
f 194/364/194 206/362/206 208/365/208
f 193/361/193 205/363/205 210/366/210
f 193/361/193 210/366/210 212/367/212
f 193/361/193 212/367/212 209/368/209
f 194/369/194 208/370/208 215/371/215
f 195/372/195 207/373/207 217/374/217
f 196/375/196 211/376/211 219/377/219
f 197/378/197 213/379/213 221/380/221
f 198/381/198 214/382/214 223/383/223
f 194/369/194 215/371/215 218/384/218
f 195/372/195 217/374/217 220/385/220
f 196/375/196 219/377/219 222/386/222
f 197/387/197 221/388/221 224/389/224
f 198/390/198 223/391/223 216/392/216
f 199/393/199 225/394/225 230/395/230
f 200/396/200 226/397/226 232/398/232
f 201/399/201 227/400/227 233/401/233
f 202/402/202 228/403/228 234/404/234
f 203/405/203 229/406/229 231/407/231
f 231/407/231 234/404/234 204/408/204
f 231/407/231 229/406/229 234/404/234
f 229/406/229 202/402/202 234/404/234
f 234/404/234 233/401/233 204/408/204
f 234/404/234 228/403/228 233/401/233
f 228/403/228 201/399/201 233/401/233
f 233/401/233 232/398/232 204/408/204
f 233/401/233 227/400/227 232/398/232
f 227/400/227 200/396/200 232/398/232
f 232/398/232 230/395/230 204/408/204
f 232/398/232 226/397/226 230/395/230
f 226/397/226 199/393/199 230/395/230
f 230/395/230 231/407/231 204/408/204
f 230/395/230 225/394/225 231/407/231
f 225/394/225 203/405/203 231/407/231
f 216/392/216 229/409/229 203/410/203
f 216/392/216 223/391/223 229/409/229
f 223/411/223 202/402/202 229/406/229
f 224/412/224 228/403/228 202/402/202
f 224/412/224 221/413/221 228/403/228
f 221/413/221 201/399/201 228/403/228
f 222/386/222 227/414/227 201/415/201
f 222/386/222 219/377/219 227/414/227
f 219/377/219 200/416/200 227/414/227
f 220/417/220 226/418/226 200/419/200
f 220/417/220 217/420/217 226/418/226
f 217/420/217 199/421/199 226/418/226
f 218/384/218 225/422/225 199/423/199
f 218/384/218 215/371/215 225/422/225
f 215/371/215 203/410/203 225/422/225
f 223/411/223 224/412/224 202/402/202
f 223/383/223 214/382/214 224/389/224
f 214/382/214 197/387/197 224/389/224
f 221/380/221 222/386/222 201/415/201
f 221/380/221 213/379/213 222/386/222
f 213/379/213 196/375/196 222/386/222
f 219/377/219 220/424/220 200/416/200
f 219/377/219 211/376/211 220/424/220
f 211/425/211 195/372/195 220/385/220
f 217/420/217 218/426/218 199/421/199
f 217/374/217 207/373/207 218/427/218
f 207/373/207 194/364/194 218/427/218
f 215/371/215 216/392/216 203/410/203
f 215/371/215 208/370/208 216/392/216
f 208/370/208 198/390/198 216/392/216
f 209/368/209 214/428/214 198/429/198
f 209/368/209 212/367/212 214/428/214
f 212/367/212 197/430/197 214/428/214
f 212/367/212 213/431/213 197/430/197
f 212/367/212 210/366/210 213/431/213
f 210/366/210 196/432/196 213/431/213
f 210/366/210 211/425/211 196/432/196
f 210/366/210 205/363/205 211/425/211
f 205/363/205 195/372/195 211/425/211
f 208/365/208 209/368/209 198/429/198
f 208/365/208 206/362/206 209/368/209
f 206/362/206 193/361/193 209/368/209
f 205/363/205 207/373/207 195/372/195
f 205/363/205 206/362/206 207/373/207
f 206/362/206 194/364/194 207/373/207
f 235/433/235 248/434/248 247/435/247
f 236/436/236 248/434/248 250/437/250
f 235/433/235 247/435/247 252/438/252
f 235/433/235 252/438/252 254/439/254
f 235/433/235 254/439/254 251/440/251
f 236/436/236 250/437/250 257/441/257
f 237/442/237 249/443/249 259/444/259
f 238/445/238 253/446/253 261/447/261
f 239/448/239 255/449/255 263/450/263
f 240/451/240 256/452/256 265/453/265
f 236/454/236 257/455/257 260/456/260
f 237/457/237 259/458/259 262/459/262
f 238/460/238 261/461/261 264/462/264
f 239/448/239 263/450/263 266/463/266
f 240/451/240 265/453/265 258/464/258
f 241/465/241 267/466/267 272/467/272
f 242/468/242 268/469/268 274/470/274
f 243/471/243 269/472/269 275/473/275
f 244/474/244 270/475/270 276/476/276
f 245/477/245 271/478/271 273/479/273
f 273/479/273 276/476/276 246/480/246
f 273/479/273 271/478/271 276/476/276
f 271/478/271 244/474/244 276/476/276
f 276/476/276 275/473/275 246/480/246
f 276/476/276 270/475/270 275/473/275
f 270/475/270 243/471/243 275/473/275
f 275/473/275 274/470/274 246/480/246
f 275/473/275 269/472/269 274/470/274
f 269/472/269 242/468/242 274/470/274
f 274/470/274 272/467/272 246/480/246
f 274/470/274 268/469/268 272/467/272
f 268/469/268 241/465/241 272/467/272
f 272/467/272 273/479/273 246/480/246
f 272/467/272 267/466/267 273/479/273
f 267/466/267 245/477/245 273/479/273
f 258/481/258 271/478/271 245/477/245
f 258/464/258 265/453/265 271/482/271
f 265/483/265 244/474/244 271/478/271
f 266/484/266 270/475/270 244/474/244
f 266/484/266 263/485/263 270/475/270
f 263/485/263 243/471/243 270/475/270
f 264/486/264 269/472/269 243/471/243
f 264/487/264 261/488/261 269/489/269
f 261/488/261 242/490/242 269/489/269
f 262/459/262 268/491/268 242/490/242
f 262/459/262 259/458/259 268/491/268
f 259/492/259 241/465/241 268/469/268
f 260/456/260 267/493/267 241/494/241
f 260/456/260 257/455/257 267/493/267
f 257/455/257 245/495/245 267/493/267
f 265/453/265 266/496/266 244/497/244
f 265/453/265 256/452/256 266/496/266
f 256/498/256 239/499/239 266/500/266
f 263/450/263 264/462/264 243/501/243
f 263/450/263 255/449/255 264/462/264
f 255/449/255 238/460/238 264/462/264
f 261/488/261 262/459/262 242/490/242
f 261/488/261 253/502/253 262/459/262
f 253/446/253 237/442/237 262/503/262
f 259/504/259 260/456/260 241/494/241
f 259/444/259 249/443/249 260/505/260
f 249/443/249 236/436/236 260/505/260
f 257/455/257 258/506/258 245/495/245
f 257/507/257 250/508/250 258/464/258
f 250/508/250 240/451/240 258/464/258
f 251/440/251 256/498/256 240/509/240
f 251/440/251 254/439/254 256/498/256
f 254/439/254 239/499/239 256/498/256
f 254/439/254 255/510/255 239/499/239
f 254/439/254 252/438/252 255/510/255
f 252/438/252 238/445/238 255/510/255
f 252/438/252 253/446/253 238/445/238
f 252/438/252 247/435/247 253/446/253
f 247/435/247 237/442/237 253/446/253
f 250/437/250 251/440/251 240/509/240
f 250/437/250 248/434/248 251/440/251
f 248/434/248 235/433/235 251/440/251
f 247/435/247 249/443/249 237/442/237
f 247/435/247 248/434/248 249/443/249
f 248/434/248 236/436/236 249/443/249
f 277/511/277 290/512/290 289/513/289
f 278/514/278 290/512/290 292/515/292
f 277/511/277 289/513/289 294/516/294
f 277/511/277 294/516/294 296/517/296
f 277/511/277 296/517/296 293/518/293
f 278/519/278 292/520/292 299/521/299
f 279/522/279 291/523/291 301/524/301
f 280/525/280 295/526/295 303/527/303
f 281/528/281 297/529/297 305/530/305
f 282/531/282 298/532/298 307/533/307
f 278/519/278 299/521/299 302/534/302
f 279/522/279 301/524/301 304/535/304
f 280/525/280 303/527/303 306/536/306
f 281/528/281 305/530/305 308/537/308
f 282/531/282 307/533/307 300/538/300
f 283/539/283 309/540/309 314/541/314
f 284/542/284 310/543/310 316/544/316
f 285/545/285 311/546/311 317/547/317
f 286/548/286 312/549/312 318/550/318
f 287/551/287 313/552/313 315/553/315
f 315/553/315 318/550/318 288/554/288
f 315/553/315 313/552/313 318/550/318
f 313/552/313 286/548/286 318/550/318
f 318/550/318 317/547/317 288/554/288
f 318/550/318 312/549/312 317/547/317
f 312/549/312 285/545/285 317/547/317
f 317/547/317 316/544/316 288/554/288
f 317/547/317 311/546/311 316/544/316
f 311/546/311 284/542/284 316/544/316
f 316/544/316 314/541/314 288/554/288
f 316/544/316 310/543/310 314/541/314
f 310/543/310 283/539/283 314/541/314
f 314/541/314 315/553/315 288/554/288
f 314/541/314 309/540/309 315/553/315
f 309/540/309 287/551/287 315/553/315
f 300/538/300 313/555/313 287/556/287
f 300/538/300 307/533/307 313/555/313
f 307/557/307 286/548/286 313/552/313
f 308/558/308 312/549/312 286/548/286
f 308/558/308 305/559/305 312/549/312
f 305/559/305 285/545/285 312/549/312
f 306/536/306 311/560/311 285/561/285
f 306/536/306 303/527/303 311/560/311
f 303/527/303 284/562/284 311/560/311
f 304/563/304 310/564/310 284/562/284
f 304/565/304 301/566/301 310/567/310
f 301/566/301 283/568/283 310/567/310
f 302/569/302 309/570/309 283/568/283
f 302/534/302 299/521/299 309/571/309
f 299/521/299 287/556/287 309/571/309
f 307/557/307 308/558/308 286/548/286
f 307/572/307 298/573/298 308/537/308
f 298/573/298 281/528/281 308/537/308
f 305/574/305 306/536/306 285/561/285
f 305/574/305 297/575/297 306/536/306
f 297/575/297 280/525/280 306/536/306
f 303/527/303 304/563/304 284/562/284
f 303/527/303 295/526/295 304/563/304
f 295/576/295 279/522/279 304/535/304
f 301/566/301 302/569/302 283/568/283
f 301/524/301 291/523/291 302/577/302
f 291/523/291 278/514/278 302/577/302
f 299/521/299 300/538/300 287/556/287
f 299/521/299 292/520/292 300/538/300
f 292/520/292 282/531/282 300/538/300
f 293/518/293 298/578/298 282/579/282
f 293/518/293 296/517/296 298/578/298
f 296/517/296 281/580/281 298/578/298
f 296/517/296 297/581/297 281/580/281
f 296/517/296 294/516/294 297/581/297
f 294/516/294 280/582/280 297/581/297
f 294/516/294 295/576/295 280/582/280
f 294/516/294 289/513/289 295/576/295
f 289/513/289 279/522/279 295/576/295
f 292/515/292 293/518/293 282/579/282
f 292/515/292 290/512/290 293/518/293
f 290/512/290 277/511/277 293/518/293
f 289/513/289 291/523/291 279/522/279
f 289/513/289 290/512/290 291/523/291
f 290/512/290 278/514/278 291/523/291
f 319/583/319 332/584/332 331/585/331
f 320/586/320 332/584/332 334/587/334
f 319/583/319 331/585/331 336/588/336
f 319/583/319 336/588/336 338/589/338
f 319/583/319 338/589/338 335/590/335
f 320/586/320 334/587/334 341/591/341
f 321/592/321 333/593/333 343/594/343
f 322/595/322 337/596/337 345/597/345
f 323/598/323 339/599/339 347/600/347
f 324/601/324 340/602/340 349/603/349
f 320/604/320 341/605/341 344/606/344
f 321/607/321 343/608/343 346/609/346
f 322/595/322 345/597/345 348/610/348
f 323/598/323 347/600/347 350/611/350
f 324/601/324 349/603/349 342/612/342
f 325/613/325 351/614/351 356/615/356
f 326/616/326 352/617/352 358/618/358
f 327/619/327 353/620/353 359/621/359
f 328/622/328 354/623/354 360/624/360
f 329/625/329 355/626/355 357/627/357
f 357/627/357 360/624/360 330/628/330
f 357/627/357 355/626/355 360/624/360
f 355/626/355 328/622/328 360/624/360
f 360/624/360 359/621/359 330/628/330
f 360/624/360 354/623/354 359/621/359
f 354/623/354 327/619/327 359/621/359
f 359/621/359 358/618/358 330/628/330
f 359/621/359 353/620/353 358/618/358
f 353/620/353 326/616/326 358/618/358
f 358/618/358 356/615/356 330/628/330
f 358/618/358 352/617/352 356/615/356
f 352/617/352 325/613/325 356/615/356
f 356/615/356 357/627/357 330/628/330
f 356/615/356 351/614/351 357/627/357
f 351/614/351 329/625/329 357/627/357
f 342/629/342 355/630/355 329/631/329
f 342/629/342 349/632/349 355/630/355
f 349/633/349 328/622/328 355/626/355
f 350/634/350 354/623/354 328/622/328
f 350/634/350 347/635/347 354/623/354
f 347/635/347 327/619/327 354/623/354
f 348/636/348 353/620/353 327/619/327
f 348/610/348 345/597/345 353/637/353
f 345/638/345 326/639/326 353/640/353
f 346/609/346 352/641/352 326/639/326
f 346/609/346 343/608/343 352/641/352
f 343/608/343 325/642/325 352/641/352
f 344/606/344 351/643/351 325/644/325
f 344/606/344 341/605/341 351/643/351
f 341/605/341 329/631/329 351/643/351
f 349/603/349 350/645/350 328/646/328
f 349/603/349 340/602/340 350/645/350
f 340/602/340 323/647/323 350/645/350
f 347/600/347 348/610/348 327/648/327
f 347/600/347 339/599/339 348/610/348
f 339/599/339 322/595/322 348/610/348
f 345/638/345 346/609/346 326/639/326
f 345/597/345 337/596/337 346/649/346
f 337/650/337 321/592/321 346/651/346
f 343/652/343 344/606/344 325/644/325
f 343/594/343 333/593/333 344/653/344
f 333/593/333 320/586/320 344/653/344
f 341/605/341 342/629/342 329/631/329
f 341/605/341 334/654/334 342/629/342
f 334/655/334 324/601/324 342/612/342
f 335/590/335 340/656/340 324/657/324
f 335/590/335 338/589/338 340/656/340
f 338/589/338 323/658/323 340/656/340
f 338/589/338 339/659/339 323/658/323
f 338/589/338 336/588/336 339/659/339
f 336/588/336 322/660/322 339/659/339
f 336/588/336 337/650/337 322/660/322
f 336/588/336 331/585/331 337/650/337
f 331/585/331 321/592/321 337/650/337
f 334/587/334 335/590/335 324/657/324
f 334/587/334 332/584/332 335/590/335
f 332/584/332 319/583/319 335/590/335
f 331/585/331 333/593/333 321/592/321
f 331/585/331 332/584/332 333/593/333
f 332/584/332 320/586/320 333/593/333
f 361/661/361 374/662/374 373/663/373
f 362/664/362 374/662/374 376/665/376
f 361/661/361 373/663/373 378/666/378
f 361/661/361 378/666/378 380/667/380
f 361/661/361 380/667/380 377/668/377
f 362/669/362 376/670/376 383/671/383
f 363/672/363 375/673/375 385/674/385
f 364/675/364 379/676/379 387/677/387
f 365/678/365 381/679/381 389/680/389
f 366/681/366 382/682/382 391/683/391
f 362/669/362 383/671/383 386/684/386
f 363/685/363 385/686/385 388/687/388
f 364/688/364 387/689/387 390/690/390
f 365/678/365 389/680/389 392/691/392
f 366/681/366 391/683/391 384/692/384
f 367/693/367 393/694/393 398/695/398
f 368/696/368 394/697/394 400/698/400
f 369/699/369 395/700/395 401/701/401
f 370/702/370 396/703/396 402/704/402
f 371/705/371 397/706/397 399/707/399
f 399/707/399 402/704/402 372/708/372
f 399/707/399 397/706/397 402/704/402
f 397/706/397 370/702/370 402/704/402
f 402/704/402 401/701/401 372/708/372
f 402/704/402 396/703/396 401/701/401
f 396/703/396 369/699/369 401/701/401
f 401/701/401 400/698/400 372/708/372
f 401/701/401 395/700/395 400/698/400
f 395/700/395 368/696/368 400/698/400
f 400/698/400 398/695/398 372/708/372
f 400/698/400 394/697/394 398/695/398
f 394/697/394 367/693/367 398/695/398
f 398/695/398 399/707/399 372/708/372
f 398/695/398 393/694/393 399/707/399
f 393/694/393 371/705/371 399/707/399
f 384/709/384 397/706/397 371/705/371
f 384/692/384 391/683/391 397/710/397
f 391/711/391 370/702/370 397/706/397
f 392/712/392 396/703/396 370/702/370
f 392/712/392 389/713/389 396/703/396
f 389/713/389 369/699/369 396/703/396
f 390/690/390 395/714/395 369/715/369
f 390/690/390 387/689/387 395/714/395
f 387/689/387 368/716/368 395/714/395
f 388/687/388 394/717/394 368/716/368
f 388/687/388 385/686/385 394/717/394
f 385/718/385 367/719/367 394/720/394
f 386/721/386 393/722/393 367/719/367
f 386/721/386 383/723/383 393/722/393
f 383/723/383 371/724/371 393/722/393
f 391/683/391 392/725/392 370/726/370
f 391/683/391 382/682/382 392/725/392
f 382/727/382 365/678/365 392/691/392
f 389/728/389 390/690/390 369/715/369
f 389/680/389 381/679/381 390/729/390
f 381/679/381 364/730/364 390/729/390
f 387/689/387 388/687/388 368/716/368
f 387/689/387 379/731/379 388/687/388
f 379/676/379 363/672/363 388/732/388
f 385/718/385 386/721/386 367/719/367
f 385/674/385 375/673/375 386/733/386
f 375/673/375 362/664/362 386/733/386
f 383/671/383 384/692/384 371/734/371
f 383/671/383 376/670/376 384/692/384
f 376/670/376 366/681/366 384/692/384
f 377/668/377 382/735/382 366/736/366
f 377/668/377 380/667/380 382/735/382
f 380/667/380 365/737/365 382/735/382
f 380/667/380 381/738/381 365/737/365
f 380/667/380 378/666/378 381/738/381
f 378/666/378 364/675/364 381/738/381
f 378/666/378 379/676/379 364/675/364
f 378/666/378 373/663/373 379/676/379
f 373/663/373 363/672/363 379/676/379
f 376/665/376 377/668/377 366/736/366
f 376/665/376 374/662/374 377/668/377
f 374/662/374 361/661/361 377/668/377
f 373/663/373 375/673/375 363/672/363
f 373/663/373 374/662/374 375/673/375
f 374/662/374 362/664/362 375/673/375
f 403/739/403 416/740/416 415/741/415
f 404/742/404 416/740/416 418/743/418
f 403/739/403 415/741/415 420/744/420
f 403/739/403 420/744/420 422/745/422
f 403/739/403 422/745/422 419/746/419
f 404/747/404 418/748/418 425/749/425
f 405/750/405 417/751/417 427/752/427
f 406/753/406 421/754/421 429/755/429
f 407/756/407 423/757/423 431/758/431
f 408/759/408 424/760/424 433/761/433
f 404/747/404 425/749/425 428/762/428
f 405/750/405 427/752/427 430/763/430
f 406/753/406 429/755/429 432/764/432
f 407/765/407 431/766/431 434/767/434
f 408/768/408 433/769/433 426/770/426
f 409/771/409 435/772/435 440/773/440
f 410/774/410 436/775/436 442/776/442
f 411/777/411 437/778/437 443/779/443
f 412/780/412 438/781/438 444/782/444
f 413/783/413 439/784/439 441/785/441
f 441/785/441 444/782/444 414/786/414
f 441/785/441 439/784/439 444/782/444
f 439/784/439 412/780/412 444/782/444
f 444/782/444 443/779/443 414/786/414
f 444/782/444 438/781/438 443/779/443
f 438/781/438 411/777/411 443/779/443
f 443/779/443 442/776/442 414/786/414
f 443/779/443 437/778/437 442/776/442
f 437/778/437 410/774/410 442/776/442
f 442/776/442 440/773/440 414/786/414
f 442/776/442 436/775/436 440/773/440
f 436/775/436 409/771/409 440/773/440
f 440/773/440 441/785/441 414/786/414
f 440/773/440 435/772/435 441/785/441
f 435/772/435 413/783/413 441/785/441
f 426/770/426 439/787/439 413/788/413
f 426/770/426 433/769/433 439/787/439
f 433/789/433 412/780/412 439/784/439
f 434/790/434 438/781/438 412/780/412
f 434/790/434 431/791/431 438/781/438
f 431/791/431 411/777/411 438/781/438
f 432/764/432 437/792/437 411/793/411
f 432/764/432 429/755/429 437/792/437
f 429/755/429 410/794/410 437/792/437
f 430/795/430 436/796/436 410/797/410
f 430/795/430 427/798/427 436/796/436
f 427/798/427 409/799/409 436/796/436
f 428/762/428 435/800/435 409/801/409
f 428/762/428 425/749/425 435/800/435
f 425/749/425 413/788/413 435/800/435
f 433/789/433 434/790/434 412/780/412
f 433/761/433 424/760/424 434/767/434
f 424/760/424 407/765/407 434/767/434
f 431/758/431 432/764/432 411/793/411
f 431/758/431 423/757/423 432/764/432
f 423/757/423 406/753/406 432/764/432
f 429/755/429 430/802/430 410/794/410
f 429/755/429 421/754/421 430/802/430
f 421/803/421 405/750/405 430/763/430
f 427/798/427 428/804/428 409/799/409
f 427/752/427 417/751/417 428/805/428
f 417/751/417 404/742/404 428/805/428
f 425/749/425 426/770/426 413/788/413
f 425/749/425 418/748/418 426/770/426
f 418/748/418 408/768/408 426/770/426
f 419/746/419 424/806/424 408/807/408
f 419/746/419 422/745/422 424/806/424
f 422/745/422 407/808/407 424/806/424
f 422/745/422 423/809/423 407/808/407
f 422/745/422 420/744/420 423/809/423
f 420/744/420 406/810/406 423/809/423
f 420/744/420 421/803/421 406/810/406
f 420/744/420 415/741/415 421/803/421
f 415/741/415 405/750/405 421/803/421
f 418/743/418 419/746/419 408/807/408
f 418/743/418 416/740/416 419/746/419
f 416/740/416 403/739/403 419/746/419
f 415/741/415 417/751/417 405/750/405
f 415/741/415 416/740/416 417/751/417
f 416/740/416 404/742/404 417/751/417
f 445/811/445 458/812/458 457/813/457
f 446/814/446 458/812/458 460/815/460
f 445/811/445 457/813/457 462/816/462
f 445/811/445 462/816/462 464/817/464
f 445/811/445 464/817/464 461/818/461
f 446/819/446 460/820/460 467/821/467
f 447/822/447 459/823/459 469/824/469
f 448/825/448 463/826/463 471/827/471
f 449/828/449 465/829/465 473/830/473
f 450/831/450 466/832/466 475/833/475
f 446/819/446 467/821/467 470/834/470
f 447/822/447 469/824/469 472/835/472
f 448/836/448 471/837/471 474/838/474
f 449/828/449 473/830/473 476/839/476
f 450/831/450 475/833/475 468/840/468
f 451/841/451 477/842/477 482/843/482
f 452/844/452 478/845/478 484/846/484
f 453/847/453 479/848/479 485/849/485
f 454/850/454 480/851/480 486/852/486
f 455/853/455 481/854/481 483/855/483
f 483/855/483 486/852/486 456/856/456
f 483/855/483 481/854/481 486/852/486
f 481/854/481 454/850/454 486/852/486
f 486/852/486 485/849/485 456/856/456
f 486/852/486 480/851/480 485/849/485
f 480/851/480 453/847/453 485/849/485
f 485/849/485 484/846/484 456/856/456
f 485/849/485 479/848/479 484/846/484
f 479/848/479 452/844/452 484/846/484
f 484/846/484 482/843/482 456/856/456
f 484/846/484 478/845/478 482/843/482
f 478/845/478 451/841/451 482/843/482
f 482/843/482 483/855/483 456/856/456
f 482/843/482 477/842/477 483/855/483
f 477/842/477 455/853/455 483/855/483
f 468/857/468 481/854/481 455/853/455
f 468/840/468 475/833/475 481/858/481
f 475/859/475 454/850/454 481/854/481
f 476/860/476 480/851/480 454/850/454
f 476/860/476 473/861/473 480/851/480
f 473/861/473 453/847/453 480/851/480
f 474/838/474 479/862/479 453/863/453
f 474/838/474 471/837/471 479/862/479
f 471/837/471 452/864/452 479/862/479
f 472/865/472 478/866/478 452/864/452
f 472/865/472 469/867/469 478/866/478
f 469/868/469 451/869/451 478/870/478
f 470/871/470 477/872/477 451/869/451
f 470/871/470 467/873/467 477/872/477
f 467/873/467 455/874/455 477/872/477
f 475/859/475 476/860/476 454/850/454
f 475/833/475 466/832/466 476/875/476
f 466/876/466 449/828/449 476/839/476
f 473/877/473 474/838/474 453/863/453
f 473/830/473 465/829/465 474/878/474
f 465/829/465 448/879/448 474/878/474
f 471/837/471 472/865/472 452/864/452
f 471/837/471 463/880/463 472/865/472
f 463/826/463 447/822/447 472/835/472
f 469/868/469 470/871/470 451/869/451
f 469/824/469 459/823/459 470/881/470
f 459/823/459 446/814/446 470/881/470
f 467/821/467 468/840/468 455/882/455
f 467/821/467 460/820/460 468/840/468
f 460/820/460 450/831/450 468/840/468
f 461/818/461 466/883/466 450/884/450
f 461/818/461 464/817/464 466/883/466
f 464/817/464 449/885/449 466/883/466
f 464/817/464 465/886/465 449/885/449
f 464/817/464 462/816/462 465/886/465
f 462/816/462 448/825/448 465/886/465
f 462/816/462 463/826/463 448/825/448
f 462/816/462 457/813/457 463/826/463
f 457/813/457 447/822/447 463/826/463
f 460/815/460 461/818/461 450/884/450
f 460/815/460 458/812/458 461/818/461
f 458/812/458 445/811/445 461/818/461
f 457/813/457 459/823/459 447/822/447
f 457/813/457 458/812/458 459/823/459
f 458/812/458 446/814/446 459/823/459
f 487/887/487 500/888/500 499/889/499
f 488/890/488 500/888/500 502/891/502
f 487/887/487 499/889/499 504/892/504
f 487/887/487 504/892/504 506/893/506
f 487/887/487 506/893/506 503/894/503
f 488/895/488 502/896/502 509/897/509
f 489/898/489 501/899/501 511/900/511
f 490/901/490 505/902/505 513/903/513
f 491/904/491 507/905/507 515/906/515
f 492/907/492 508/908/508 517/909/517
f 488/895/488 509/897/509 512/910/512
f 489/898/489 511/900/511 514/911/514
f 490/901/490 513/903/513 516/912/516
f 491/904/491 515/906/515 518/913/518
f 492/907/492 517/909/517 510/914/510
f 493/915/493 519/916/519 524/917/524
f 494/918/494 520/919/520 526/920/526
f 495/921/495 521/922/521 527/923/527
f 496/924/496 522/925/522 528/926/528
f 497/927/497 523/928/523 525/929/525
f 525/929/525 528/926/528 498/930/498
f 525/929/525 523/928/523 528/926/528
f 523/928/523 496/924/496 528/926/528
f 528/926/528 527/923/527 498/930/498
f 528/926/528 522/925/522 527/923/527
f 522/925/522 495/921/495 527/923/527
f 527/923/527 526/920/526 498/930/498
f 527/923/527 521/922/521 526/920/526
f 521/922/521 494/918/494 526/920/526
f 526/920/526 524/917/524 498/930/498
f 526/920/526 520/919/520 524/917/524
f 520/919/520 493/915/493 524/917/524
f 524/917/524 525/929/525 498/930/498
f 524/917/524 519/916/519 525/929/525
f 519/916/519 497/927/497 525/929/525
f 510/931/510 523/932/523 497/933/497
f 510/931/510 517/934/517 523/932/523
f 517/935/517 496/924/496 523/928/523
f 518/936/518 522/925/522 496/924/496
f 518/936/518 515/937/515 522/925/522
f 515/937/515 495/921/495 522/925/522
f 516/912/516 521/938/521 495/939/495
f 516/912/516 513/903/513 521/938/521
f 513/940/513 494/941/494 521/942/521
f 514/943/514 520/944/520 494/941/494
f 514/943/514 511/945/511 520/944/520
f 511/945/511 493/946/493 520/944/520
f 512/910/512 519/947/519 493/948/493
f 512/910/512 509/897/509 519/947/519
f 509/897/509 497/933/497 519/947/519
f 517/935/517 518/936/518 496/924/496
f 517/909/517 508/908/508 518/949/518
f 508/908/508 491/950/491 518/949/518
f 515/906/515 516/912/516 495/939/495
f 515/906/515 507/905/507 516/912/516
f 507/905/507 490/901/490 516/912/516
f 513/940/513 514/943/514 494/941/494
f 513/903/513 505/902/505 514/951/514
f 505/952/505 489/898/489 514/911/514
f 511/953/511 512/910/512 493/948/493
f 511/900/511 501/899/501 512/954/512
f 501/899/501 488/890/488 512/954/512
f 509/897/509 510/931/510 497/933/497
f 509/897/509 502/896/502 510/931/510
f 502/955/502 492/907/492 510/914/510
f 503/894/503 508/956/508 492/957/492
f 503/894/503 506/893/506 508/956/508
f 506/893/506 491/958/491 508/956/508
f 506/893/506 507/959/507 491/958/491
f 506/893/506 504/892/504 507/959/507
f 504/892/504 490/960/490 507/959/507
f 504/892/504 505/952/505 490/960/490
f 504/892/504 499/889/499 505/952/505
f 499/889/499 489/898/489 505/952/505
f 502/891/502 503/894/503 492/957/492
f 502/891/502 500/888/500 503/894/503
f 500/888/500 487/887/487 503/894/503
f 499/889/499 501/899/501 489/898/489
f 499/889/499 500/888/500 501/899/501
f 500/888/500 488/890/488 501/899/501
f 529/961/529 542/962/542 541/963/541
f 530/964/530 542/962/542 544/965/544
f 529/961/529 541/963/541 546/966/546
f 529/961/529 546/966/546 548/967/548
f 529/961/529 548/967/548 545/968/545
f 530/969/530 544/970/544 551/971/551
f 531/972/531 543/973/543 553/974/553
f 532/975/532 547/976/547 555/977/555
f 533/978/533 549/979/549 557/980/557
f 534/981/534 550/982/550 559/983/559
f 530/969/530 551/971/551 554/984/554
f 531/972/531 553/974/553 556/985/556
f 532/986/532 555/987/555 558/988/558
f 533/978/533 557/980/557 560/989/560
f 534/981/534 559/983/559 552/990/552
f 535/991/535 561/992/561 566/993/566
f 536/994/536 562/995/562 568/996/568
f 537/997/537 563/998/563 569/999/569
f 538/1000/538 564/1001/564 570/1002/570
f 539/1003/539 565/1004/565 567/1005/567
f 567/1005/567 570/1002/570 540/1006/540
f 567/1005/567 565/1004/565 570/1002/570
f 565/1004/565 538/1000/538 570/1002/570
f 570/1002/570 569/999/569 540/1006/540
f 570/1002/570 564/1001/564 569/999/569
f 564/1001/564 537/997/537 569/999/569
f 569/999/569 568/996/568 540/1006/540
f 569/999/569 563/998/563 568/996/568
f 563/998/563 536/994/536 568/996/568
f 568/996/568 566/993/566 540/1006/540
f 568/996/568 562/995/562 566/993/566
f 562/995/562 535/991/535 566/993/566
f 566/993/566 567/1005/567 540/1006/540
f 566/993/566 561/992/561 567/1005/567
f 561/992/561 539/1003/539 567/1005/567
f 552/1007/552 565/1004/565 539/1003/539
f 552/990/552 559/983/559 565/1008/565
f 559/1009/559 538/1000/538 565/1004/565
f 560/1010/560 564/1001/564 538/1000/538
f 560/1010/560 557/1011/557 564/1001/564
f 557/1011/557 537/997/537 564/1001/564
f 558/988/558 563/1012/563 537/1013/537
f 558/988/558 555/987/555 563/1012/563
f 555/987/555 536/1014/536 563/1012/563
f 556/1015/556 562/1016/562 536/1014/536
f 556/1015/556 553/1017/553 562/1016/562
f 553/1018/553 535/1019/535 562/1020/562
f 554/1021/554 561/1022/561 535/1019/535
f 554/1021/554 551/1023/551 561/1022/561
f 551/1023/551 539/1024/539 561/1022/561
f 559/1009/559 560/1010/560 538/1000/538
f 559/983/559 550/982/550 560/1025/560
f 550/1026/550 533/978/533 560/989/560
f 557/1027/557 558/988/558 537/1013/537
f 557/980/557 549/979/549 558/1028/558
f 549/979/549 532/1029/532 558/1028/558
f 555/987/555 556/1015/556 536/1014/536
f 555/987/555 547/1030/547 556/1015/556
f 547/976/547 531/972/531 556/985/556
f 553/1018/553 554/1021/554 535/1019/535
f 553/974/553 543/973/543 554/1031/554
f 543/973/543 530/964/530 554/1031/554
f 551/971/551 552/990/552 539/1032/539
f 551/971/551 544/970/544 552/990/552
f 544/970/544 534/981/534 552/990/552
f 545/968/545 550/1033/550 534/1034/534
f 545/968/545 548/967/548 550/1033/550
f 548/967/548 533/1035/533 550/1033/550
f 548/967/548 549/1036/549 533/1035/533
f 548/967/548 546/966/546 549/1036/549
f 546/966/546 532/975/532 549/1036/549
f 546/966/546 547/976/547 532/975/532
f 546/966/546 541/963/541 547/976/547
f 541/963/541 531/972/531 547/976/547
f 544/965/544 545/968/545 534/1034/534
f 544/965/544 542/962/542 545/968/545
f 542/962/542 529/961/529 545/968/545
f 541/963/541 543/973/543 531/972/531
f 541/963/541 542/962/542 543/973/543
f 542/962/542 530/964/530 543/973/543
f 571/1037/571 584/1038/584 583/1039/583
f 572/1040/572 584/1038/584 586/1041/586
f 571/1037/571 583/1039/583 588/1042/588
f 571/1037/571 588/1042/588 590/1043/590
f 571/1037/571 590/1043/590 587/1044/587
f 572/1040/572 586/1041/586 593/1045/593
f 573/1046/573 585/1047/585 595/1048/595
f 574/1049/574 589/1050/589 597/1051/597
f 575/1052/575 591/1053/591 599/1054/599
f 576/1055/576 592/1056/592 601/1057/601
f 572/1058/572 593/1059/593 596/1060/596
f 573/1046/573 595/1048/595 598/1061/598
f 574/1049/574 597/1051/597 600/1062/600
f 575/1052/575 599/1054/599 602/1063/602
f 576/1055/576 601/1057/601 594/1064/594
f 577/1065/577 603/1066/603 608/1067/608
f 578/1068/578 604/1069/604 610/1070/610
f 579/1071/579 605/1072/605 611/1073/611
f 580/1074/580 606/1075/606 612/1076/612
f 581/1077/581 607/1078/607 609/1079/609
f 609/1079/609 612/1076/612 582/1080/582
f 609/1079/609 607/1078/607 612/1076/612
f 607/1078/607 580/1074/580 612/1076/612
f 612/1076/612 611/1073/611 582/1080/582
f 612/1076/612 606/1075/606 611/1073/611
f 606/1075/606 579/1071/579 611/1073/611
f 611/1073/611 610/1070/610 582/1080/582
f 611/1073/611 605/1072/605 610/1070/610
f 605/1072/605 578/1068/578 610/1070/610
f 610/1070/610 608/1067/608 582/1080/582
f 610/1070/610 604/1069/604 608/1067/608
f 604/1069/604 577/1065/577 608/1067/608
f 608/1067/608 609/1079/609 582/1080/582
f 608/1067/608 603/1066/603 609/1079/609
f 603/1066/603 581/1077/581 609/1079/609
f 594/1081/594 607/1082/607 581/1083/581
f 594/1081/594 601/1084/601 607/1082/607
f 601/1085/601 580/1074/580 607/1078/607
f 602/1086/602 606/1075/606 580/1074/580
f 602/1086/602 599/1087/599 606/1075/606
f 599/1087/599 579/1071/579 606/1075/606
f 600/1088/600 605/1072/605 579/1071/579
f 600/1062/600 597/1051/597 605/1089/605
f 597/1090/597 578/1091/578 605/1092/605
f 598/1093/598 604/1094/604 578/1091/578
f 598/1093/598 595/1095/595 604/1094/604
f 595/1095/595 577/1096/577 604/1094/604
f 596/1060/596 603/1097/603 577/1098/577
f 596/1060/596 593/1059/593 603/1097/603
f 593/1059/593 581/1083/581 603/1097/603
f 601/1085/601 602/1086/602 580/1074/580
f 601/1057/601 592/1056/592 602/1099/602
f 592/1056/592 575/1100/575 602/1099/602
f 599/1054/599 600/1062/600 579/1101/579
f 599/1054/599 591/1053/591 600/1062/600
f 591/1053/591 574/1049/574 600/1062/600
f 597/1090/597 598/1093/598 578/1091/578
f 597/1051/597 589/1050/589 598/1102/598
f 589/1103/589 573/1046/573 598/1061/598
f 595/1104/595 596/1060/596 577/1098/577
f 595/1048/595 585/1047/585 596/1105/596
f 585/1047/585 572/1040/572 596/1105/596
f 593/1059/593 594/1081/594 581/1083/581
f 593/1059/593 586/1106/586 594/1081/594
f 586/1107/586 576/1055/576 594/1064/594
f 587/1044/587 592/1108/592 576/1109/576
f 587/1044/587 590/1043/590 592/1108/592
f 590/1043/590 575/1110/575 592/1108/592
f 590/1043/590 591/1111/591 575/1110/575
f 590/1043/590 588/1042/588 591/1111/591
f 588/1042/588 574/1112/574 591/1111/591
f 588/1042/588 589/1103/589 574/1112/574
f 588/1042/588 583/1039/583 589/1103/589
f 583/1039/583 573/1046/573 589/1103/589
f 586/1041/586 587/1044/587 576/1109/576
f 586/1041/586 584/1038/584 587/1044/587
f 584/1038/584 571/1037/571 587/1044/587
f 583/1039/583 585/1047/585 573/1046/573
f 583/1039/583 584/1038/584 585/1047/585
f 584/1038/584 572/1040/572 585/1047/585
f 613/1113/613 626/1114/626 625/1115/625
f 614/1116/614 626/1114/626 628/1117/628
f 613/1113/613 625/1115/625 630/1118/630
f 613/1113/613 630/1118/630 632/1119/632
f 613/1113/613 632/1119/632 629/1120/629
f 614/1121/614 628/1122/628 635/1123/635
f 615/1124/615 627/1125/627 637/1126/637
f 616/1127/616 631/1128/631 639/1129/639
f 617/1130/617 633/1131/633 641/1132/641
f 618/1133/618 634/1134/634 643/1135/643
f 614/1121/614 635/1123/635 638/1136/638
f 615/1124/615 637/1126/637 640/1137/640
f 616/1138/616 639/1139/639 642/1140/642
f 617/1130/617 641/1132/641 644/1141/644
f 618/1133/618 643/1135/643 636/1142/636
f 619/1143/619 645/1144/645 650/1145/650
f 620/1146/620 646/1147/646 652/1148/652
f 621/1149/621 647/1150/647 653/1151/653
f 622/1152/622 648/1153/648 654/1154/654
f 623/1155/623 649/1156/649 651/1157/651
f 651/1157/651 654/1154/654 624/1158/624
f 651/1157/651 649/1156/649 654/1154/654
f 649/1156/649 622/1152/622 654/1154/654
f 654/1154/654 653/1151/653 624/1158/624
f 654/1154/654 648/1153/648 653/1151/653
f 648/1153/648 621/1149/621 653/1151/653
f 653/1151/653 652/1148/652 624/1158/624
f 653/1151/653 647/1150/647 652/1148/652
f 647/1150/647 620/1146/620 652/1148/652
f 652/1148/652 650/1145/650 624/1158/624
f 652/1148/652 646/1147/646 650/1145/650
f 646/1147/646 619/1143/619 650/1145/650
f 650/1145/650 651/1157/651 624/1158/624
f 650/1145/650 645/1144/645 651/1157/651
f 645/1144/645 623/1155/623 651/1157/651
f 636/1159/636 649/1156/649 623/1155/623
f 636/1142/636 643/1135/643 649/1160/649
f 643/1161/643 622/1152/622 649/1156/649
f 644/1162/644 648/1153/648 622/1152/622
f 644/1162/644 641/1163/641 648/1153/648
f 641/1163/641 621/1149/621 648/1153/648
f 642/1140/642 647/1164/647 621/1165/621
f 642/1140/642 639/1139/639 647/1164/647
f 639/1139/639 620/1166/620 647/1164/647
f 640/1167/640 646/1168/646 620/1166/620
f 640/1167/640 637/1169/637 646/1168/646
f 637/1170/637 619/1171/619 646/1172/646
f 638/1173/638 645/1174/645 619/1171/619
f 638/1173/638 635/1175/635 645/1174/645
f 635/1175/635 623/1176/623 645/1174/645
f 643/1161/643 644/1162/644 622/1152/622
f 643/1135/643 634/1134/634 644/1177/644
f 634/1178/634 617/1130/617 644/1141/644
f 641/1179/641 642/1140/642 621/1165/621
f 641/1132/641 633/1131/633 642/1180/642
f 633/1131/633 616/1181/616 642/1180/642
f 639/1139/639 640/1167/640 620/1166/620
f 639/1139/639 631/1182/631 640/1167/640
f 631/1128/631 615/1124/615 640/1137/640
f 637/1170/637 638/1173/638 619/1171/619
f 637/1126/637 627/1125/627 638/1183/638
f 627/1125/627 614/1116/614 638/1183/638
f 635/1123/635 636/1142/636 623/1184/623
f 635/1123/635 628/1122/628 636/1142/636
f 628/1122/628 618/1133/618 636/1142/636
f 629/1120/629 634/1185/634 618/1186/618
f 629/1120/629 632/1119/632 634/1185/634
f 632/1119/632 617/1187/617 634/1185/634
f 632/1119/632 633/1188/633 617/1187/617
f 632/1119/632 630/1118/630 633/1188/633
f 630/1118/630 616/1127/616 633/1188/633
f 630/1118/630 631/1128/631 616/1127/616
f 630/1118/630 625/1115/625 631/1128/631
f 625/1115/625 615/1124/615 631/1128/631
f 628/1117/628 629/1120/629 618/1186/618
f 628/1117/628 626/1114/626 629/1120/629
f 626/1114/626 613/1113/613 629/1120/629
f 625/1115/625 627/1125/627 615/1124/615
f 625/1115/625 626/1114/626 627/1125/627
f 626/1114/626 614/1116/614 627/1125/627
f 655/1189/655 668/1190/668 667/1191/667
f 656/1192/656 668/1190/668 670/1193/670
f 655/1189/655 667/1191/667 672/1194/672
f 655/1189/655 672/1194/672 674/1195/674
f 655/1189/655 674/1195/674 671/1196/671
f 656/1192/656 670/1193/670 677/1197/677
f 657/1198/657 669/1199/669 679/1200/679
f 658/1201/658 673/1202/673 681/1203/681
f 659/1204/659 675/1205/675 683/1206/683
f 660/1207/660 676/1208/676 685/1209/685
f 656/1210/656 677/1211/677 680/1212/680
f 657/1198/657 679/1200/679 682/1213/682
f 658/1201/658 681/1203/681 684/1214/684
f 659/1204/659 683/1206/683 686/1215/686
f 660/1207/660 685/1209/685 678/1216/678
f 661/1217/661 687/1218/687 692/1219/692
f 662/1220/662 688/1221/688 694/1222/694
f 663/1223/663 689/1224/689 695/1225/695
f 664/1226/664 690/1227/690 696/1228/696
f 665/1229/665 691/1230/691 693/1231/693
f 693/1231/693 696/1228/696 666/1232/666
f 693/1231/693 691/1230/691 696/1228/696
f 691/1230/691 664/1226/664 696/1228/696
f 696/1228/696 695/1225/695 666/1232/666
f 696/1228/696 690/1227/690 695/1225/695
f 690/1227/690 663/1223/663 695/1225/695
f 695/1225/695 694/1222/694 666/1232/666
f 695/1225/695 689/1224/689 694/1222/694
f 689/1224/689 662/1220/662 694/1222/694
f 694/1222/694 692/1219/692 666/1232/666
f 694/1222/694 688/1221/688 692/1219/692
f 688/1221/688 661/1217/661 692/1219/692
f 692/1219/692 693/1231/693 666/1232/666
f 692/1219/692 687/1218/687 693/1231/693
f 687/1218/687 665/1229/665 693/1231/693
f 678/1233/678 691/1234/691 665/1235/665
f 678/1233/678 685/1236/685 691/1234/691
f 685/1237/685 664/1226/664 691/1230/691
f 686/1238/686 690/1227/690 664/1226/664
f 686/1238/686 683/1239/683 690/1227/690
f 683/1239/683 663/1223/663 690/1227/690
f 684/1240/684 689/1224/689 663/1223/663
f 684/1214/684 681/1203/681 689/1241/689
f 681/1242/681 662/1243/662 689/1244/689
f 682/1245/682 688/1246/688 662/1243/662
f 682/1245/682 679/1247/679 688/1246/688
f 679/1247/679 661/1248/661 688/1246/688
f 680/1212/680 687/1249/687 661/1250/661
f 680/1212/680 677/1211/677 687/1249/687
f 677/1211/677 665/1235/665 687/1249/687
f 685/1237/685 686/1238/686 664/1226/664
f 685/1209/685 676/1208/676 686/1251/686
f 676/1208/676 659/1252/659 686/1251/686
f 683/1206/683 684/1214/684 663/1253/663
f 683/1206/683 675/1205/675 684/1214/684
f 675/1205/675 658/1201/658 684/1214/684
f 681/1242/681 682/1245/682 662/1243/662
f 681/1203/681 673/1202/673 682/1254/682
f 673/1255/673 657/1198/657 682/1213/682
f 679/1256/679 680/1212/680 661/1250/661
f 679/1200/679 669/1199/669 680/1257/680
f 669/1199/669 656/1192/656 680/1257/680
f 677/1211/677 678/1233/678 665/1235/665
f 677/1211/677 670/1258/670 678/1233/678
f 670/1259/670 660/1207/660 678/1216/678
f 671/1196/671 676/1260/676 660/1261/660
f 671/1196/671 674/1195/674 676/1260/676
f 674/1195/674 659/1262/659 676/1260/676
f 674/1195/674 675/1263/675 659/1262/659
f 674/1195/674 672/1194/672 675/1263/675
f 672/1194/672 658/1264/658 675/1263/675
f 672/1194/672 673/1255/673 658/1264/658
f 672/1194/672 667/1191/667 673/1255/673
f 667/1191/667 657/1198/657 673/1255/673
f 670/1193/670 671/1196/671 660/1261/660
f 670/1193/670 668/1190/668 671/1196/671
f 668/1190/668 655/1189/655 671/1196/671
f 667/1191/667 669/1199/669 657/1198/657
f 667/1191/667 668/1190/668 669/1199/669
f 668/1190/668 656/1192/656 669/1199/669
f 697/1265/697 710/1266/710 709/1267/709
f 698/1268/698 710/1266/710 712/1269/712
f 697/1265/697 709/1267/709 714/1270/714
f 697/1265/697 714/1270/714 716/1271/716
f 697/1265/697 716/1271/716 713/1272/713
f 698/1273/698 712/1274/712 719/1275/719
f 699/1276/699 711/1277/711 721/1278/721
f 700/1279/700 715/1280/715 723/1281/723
f 701/1282/701 717/1283/717 725/1284/725
f 702/1285/702 718/1286/718 727/1287/727
f 698/1273/698 719/1275/719 722/1288/722
f 699/1276/699 721/1278/721 724/1289/724
f 700/1290/700 723/1291/723 726/1292/726
f 701/1282/701 725/1284/725 728/1293/728
f 702/1285/702 727/1287/727 720/1294/720
f 703/1295/703 729/1296/729 734/1297/734
f 704/1298/704 730/1299/730 736/1300/736
f 705/1301/705 731/1302/731 737/1303/737
f 706/1304/706 732/1305/732 738/1306/738
f 707/1307/707 733/1308/733 735/1309/735
f 735/1309/735 738/1306/738 708/1310/708
f 735/1309/735 733/1308/733 738/1306/738
f 733/1308/733 706/1304/706 738/1306/738
f 738/1306/738 737/1303/737 708/1310/708
f 738/1306/738 732/1305/732 737/1303/737
f 732/1305/732 705/1301/705 737/1303/737
f 737/1303/737 736/1300/736 708/1310/708
f 737/1303/737 731/1302/731 736/1300/736
f 731/1302/731 704/1298/704 736/1300/736
f 736/1300/736 734/1297/734 708/1310/708
f 736/1300/736 730/1299/730 734/1297/734
f 730/1299/730 703/1295/703 734/1297/734
f 734/1297/734 735/1309/735 708/1310/708
f 734/1297/734 729/1296/729 735/1309/735
f 729/1296/729 707/1307/707 735/1309/735
f 720/1311/720 733/1308/733 707/1307/707
f 720/1294/720 727/1287/727 733/1312/733
f 727/1313/727 706/1304/706 733/1308/733
f 728/1314/728 732/1305/732 706/1304/706
f 728/1314/728 725/1315/725 732/1305/732
f 725/1315/725 705/1301/705 732/1305/732
f 726/1292/726 731/1316/731 705/1317/705
f 726/1292/726 723/1291/723 731/1316/731
f 723/1291/723 704/1318/704 731/1316/731
f 724/1319/724 730/1320/730 704/1318/704
f 724/1319/724 721/1321/721 730/1320/730
f 721/1322/721 703/1323/703 730/1324/730
f 722/1325/722 729/1326/729 703/1323/703
f 722/1325/722 719/1327/719 729/1326/729
f 719/1327/719 707/1328/707 729/1326/729
f 727/1313/727 728/1314/728 706/1304/706
f 727/1287/727 718/1286/718 728/1329/728
f 718/1330/718 701/1282/701 728/1293/728
f 725/1331/725 726/1292/726 705/1317/705
f 725/1284/725 717/1283/717 726/1332/726
f 717/1283/717 700/1333/700 726/1332/726
f 723/1291/723 724/1319/724 704/1318/704
f 723/1291/723 715/1334/715 724/1319/724
f 715/1280/715 699/1276/699 724/1289/724
f 721/1322/721 722/1325/722 703/1323/703
f 721/1278/721 711/1277/711 722/1335/722
f 711/1277/711 698/1268/698 722/1335/722
f 719/1275/719 720/1294/720 707/1336/707
f 719/1275/719 712/1274/712 720/1294/720
f 712/1274/712 702/1285/702 720/1294/720
f 713/1272/713 718/1337/718 702/1338/702
f 713/1272/713 716/1271/716 718/1337/718
f 716/1271/716 701/1339/701 718/1337/718
f 716/1271/716 717/1340/717 701/1339/701
f 716/1271/716 714/1270/714 717/1340/717
f 714/1270/714 700/1279/700 717/1340/717
f 714/1270/714 715/1280/715 700/1279/700
f 714/1270/714 709/1267/709 715/1280/715
f 709/1267/709 699/1276/699 715/1280/715
f 712/1269/712 713/1272/713 702/1338/702
f 712/1269/712 710/1266/710 713/1272/713
f 710/1266/710 697/1265/697 713/1272/713
f 709/1267/709 711/1277/711 699/1276/699
f 709/1267/709 710/1266/710 711/1277/711
f 710/1266/710 698/1268/698 711/1277/711
f 739/1341/739 752/1342/752 751/1343/751
f 740/1344/740 752/1342/752 754/1345/754
f 739/1341/739 751/1343/751 756/1346/756
f 739/1341/739 756/1346/756 758/1347/758
f 739/1341/739 758/1347/758 755/1348/755
f 740/1349/740 754/1350/754 761/1351/761
f 741/1352/741 753/1353/753 763/1354/763
f 742/1355/742 757/1356/757 765/1357/765
f 743/1358/743 759/1359/759 767/1360/767
f 744/1361/744 760/1362/760 769/1363/769
f 740/1349/740 761/1351/761 764/1364/764
f 741/1352/741 763/1354/763 766/1365/766
f 742/1355/742 765/1357/765 768/1366/768
f 743/1358/743 767/1360/767 770/1367/770
f 744/1361/744 769/1363/769 762/1368/762
f 745/1369/745 771/1370/771 776/1371/776
f 746/1372/746 772/1373/772 778/1374/778
f 747/1375/747 773/1376/773 779/1377/779
f 748/1378/748 774/1379/774 780/1380/780
f 749/1381/749 775/1382/775 777/1383/777
f 777/1383/777 780/1380/780 750/1384/750
f 777/1383/777 775/1382/775 780/1380/780
f 775/1382/775 748/1378/748 780/1380/780
f 780/1380/780 779/1377/779 750/1384/750
f 780/1380/780 774/1379/774 779/1377/779
f 774/1379/774 747/1375/747 779/1377/779
f 779/1377/779 778/1374/778 750/1384/750
f 779/1377/779 773/1376/773 778/1374/778
f 773/1376/773 746/1372/746 778/1374/778
f 778/1374/778 776/1371/776 750/1384/750
f 778/1374/778 772/1373/772 776/1371/776
f 772/1373/772 745/1369/745 776/1371/776
f 776/1371/776 777/1383/777 750/1384/750
f 776/1371/776 771/1370/771 777/1383/777
f 771/1370/771 749/1381/749 777/1383/777
f 762/1385/762 775/1386/775 749/1387/749
f 762/1385/762 769/1388/769 775/1386/775
f 769/1389/769 748/1378/748 775/1382/775
f 770/1390/770 774/1379/774 748/1378/748
f 770/1390/770 767/1391/767 774/1379/774
f 767/1391/767 747/1375/747 774/1379/774
f 768/1366/768 773/1392/773 747/1393/747
f 768/1366/768 765/1357/765 773/1392/773
f 765/1394/765 746/1395/746 773/1396/773
f 766/1397/766 772/1398/772 746/1395/746
f 766/1397/766 763/1399/763 772/1398/772
f 763/1399/763 745/1400/745 772/1398/772
f 764/1364/764 771/1401/771 745/1402/745
f 764/1364/764 761/1351/761 771/1401/771
f 761/1351/761 749/1387/749 771/1401/771
f 769/1389/769 770/1390/770 748/1378/748
f 769/1363/769 760/1362/760 770/1403/770
f 760/1362/760 743/1404/743 770/1403/770
f 767/1360/767 768/1366/768 747/1393/747
f 767/1360/767 759/1359/759 768/1366/768
f 759/1359/759 742/1355/742 768/1366/768
f 765/1394/765 766/1397/766 746/1395/746
f 765/1357/765 757/1356/757 766/1405/766
f 757/1406/757 741/1352/741 766/1365/766
f 763/1407/763 764/1364/764 745/1402/745
f 763/1354/763 753/1353/753 764/1408/764
f 753/1353/753 740/1344/740 764/1408/764
f 761/1351/761 762/1385/762 749/1387/749
f 761/1351/761 754/1350/754 762/1385/762
f 754/1409/754 744/1361/744 762/1368/762
f 755/1348/755 760/1410/760 744/1411/744
f 755/1348/755 758/1347/758 760/1410/760
f 758/1347/758 743/1412/743 760/1410/760
f 758/1347/758 759/1413/759 743/1412/743
f 758/1347/758 756/1346/756 759/1413/759
f 756/1346/756 742/1414/742 759/1413/759
f 756/1346/756 757/1406/757 742/1414/742
f 756/1346/756 751/1343/751 757/1406/757
f 751/1343/751 741/1352/741 757/1406/757
f 754/1345/754 755/1348/755 744/1411/744
f 754/1345/754 752/1342/752 755/1348/755
f 752/1342/752 739/1341/739 755/1348/755
f 751/1343/751 753/1353/753 741/1352/741
f 751/1343/751 752/1342/752 753/1353/753
f 752/1342/752 740/1344/740 753/1353/753
f 781/1415/1 782/1416/2 784/1417/4 783/1418/3
f 783/1418/3 784/1417/4 786/1419/6 785/1420/5
f 785/1420/5 786/1419/6 788/1421/8 787/1422/7
f 787/1423/7 788/1424/8 790/1425/10 789/1426/9
f 789/1426/9 790/1425/10 792/1427/12 791/1428/11
f 791/1428/11 792/1427/12 794/1429/14 793/1430/13
f 793/1431/13 794/1432/14 796/1433/16 795/1434/15
f 795/1434/15 796/1433/16 798/1435/18 797/1436/17
f 797/1436/17 798/1435/18 800/1437/20 799/1438/19
f 799/1439/19 800/1440/20 802/1441/22 801/1442/21
f 784/1443/4 782/1444/2 804/1445/24 802/1446/22 800/1447/20 798/1448/18 796/1449/16 794/1450/14 792/1451/12 790/1452/10 788/1453/8 786/1454/6
f 801/1442/21 802/1441/22 804/1455/24 803/1456/23
f 803/1456/23 804/1455/24 782/1457/2 781/1458/1
f 781/1459/1 783/1460/3 785/1461/5 787/1462/7 789/1463/9 791/1464/11 793/1465/13 795/1466/15 797/1467/17 799/1468/19 801/1469/21 803/1470/23
f 805/1471/781 806/1472/782 808/1473/784 807/1474/783
f 807/1475/783 808/1476/784 810/1477/786 809/1478/785
f 809/1478/785 810/1477/786 812/1479/788 811/1480/787
f 811/1481/787 812/1482/788 814/1483/790 813/1484/789
f 813/1484/789 814/1483/790 816/1485/792 815/1486/791
f 815/1487/791 816/1488/792 818/1489/794 817/1490/793
f 808/1491/784 806/1492/782 820/1493/796 818/1494/794 816/1495/792 814/1496/790 812/1497/788 810/1498/786
f 817/1490/793 818/1489/794 820/1499/796 819/1500/795
f 819/1501/795 820/1502/796 806/1472/782 805/1471/781
f 805/1503/781 807/1504/783 809/1505/785 811/1506/787 813/1507/789 815/1508/791 817/1509/793 819/1510/795
f 821/1511/797 822/1512/798 824/1513/800 823/1514/799
f 823/1515/799 824/1516/800 826/1517/802 825/1518/801
f 825/1518/801 826/1517/802 828/1519/804 827/1520/803
f 827/1521/803 828/1522/804 830/1523/806 829/1524/805
f 829/1524/805 830/1523/806 832/1525/808 831/1526/807
f 831/1527/807 832/1528/808 834/1529/810 833/1530/809
f 824/1531/800 822/1532/798 836/1533/812 834/1534/810 832/1535/808 830/1536/806 828/1537/804 826/1538/802
f 833/1530/809 834/1529/810 836/1539/812 835/1540/811
f 835/1541/811 836/1542/812 822/1512/798 821/1511/797
f 821/1543/797 823/1544/799 825/1545/801 827/1546/803 829/1547/805 831/1548/807 833/1549/809 835/1550/811
f 837/1551/813 850/1552/826 849/1553/825
f 838/1554/814 850/1555/826 852/1556/828
f 837/1551/813 849/1553/825 854/1557/830
f 837/1551/813 854/1557/830 856/1558/832
f 837/1551/813 856/1558/832 853/1559/829
f 838/1554/814 852/1556/828 859/1560/835
f 839/1561/815 851/1562/827 861/1563/837
f 840/1564/816 855/1565/831 863/1566/839
f 841/1567/817 857/1568/833 865/1569/841
f 842/1570/818 858/1571/834 867/1572/843
f 838/1554/814 859/1560/835 862/1573/838
f 839/1561/815 861/1563/837 864/1574/840
f 840/1575/816 863/1576/839 866/1577/842
f 841/1567/817 865/1569/841 868/1578/844
f 842/1570/818 867/1572/843 860/1579/836
f 843/1580/819 869/1581/845 874/1582/850
f 844/1583/820 870/1584/846 876/1585/852
f 845/1586/821 871/1587/847 877/1588/853
f 846/1589/822 872/1590/848 878/1591/854
f 847/1592/823 873/1593/849 875/1594/851
f 875/1594/851 878/1591/854 848/1595/824
f 875/1594/851 873/1593/849 878/1591/854
f 873/1596/849 846/1597/822 878/1598/854
f 878/1591/854 877/1599/853 848/1595/824
f 878/1591/854 872/1590/848 877/1599/853
f 872/1600/848 845/1586/821 877/1588/853
f 877/1599/853 876/1601/852 848/1595/824
f 877/1599/853 871/1602/847 876/1601/852
f 871/1603/847 844/1583/820 876/1585/852
f 876/1601/852 874/1604/850 848/1595/824
f 876/1601/852 870/1605/846 874/1604/850
f 870/1605/846 843/1606/819 874/1604/850
f 874/1604/850 875/1594/851 848/1595/824
f 874/1604/850 869/1607/845 875/1594/851
f 869/1607/845 847/1592/823 875/1594/851
f 860/1579/836 873/1596/849 847/1608/823
f 860/1579/836 867/1572/843 873/1596/849
f 867/1572/843 846/1597/822 873/1596/849
f 868/1609/844 872/1610/848 846/1597/822
f 868/1578/844 865/1569/841 872/1600/848
f 865/1569/841 845/1586/821 872/1600/848
f 866/1577/842 871/1587/847 845/1586/821
f 866/1577/842 863/1576/839 871/1587/847
f 863/1566/839 844/1583/820 871/1603/847
f 864/1574/840 870/1584/846 844/1583/820
f 864/1574/840 861/1563/837 870/1584/846
f 861/1563/837 843/1611/819 870/1584/846
f 862/1573/838 869/1581/845 843/1580/819
f 862/1573/838 859/1560/835 869/1581/845
f 859/1560/835 847/1612/823 869/1581/845
f 867/1572/843 868/1609/844 846/1597/822
f 867/1572/843 858/1571/834 868/1609/844
f 858/1571/834 841/1613/817 868/1609/844
f 865/1569/841 866/1577/842 845/1586/821
f 865/1569/841 857/1568/833 866/1577/842
f 857/1568/833 840/1575/816 866/1577/842
f 863/1566/839 864/1574/840 844/1583/820
f 863/1566/839 855/1565/831 864/1574/840
f 855/1565/831 839/1561/815 864/1574/840
f 861/1614/837 862/1573/838 843/1580/819
f 861/1614/837 851/1615/827 862/1573/838
f 851/1615/827 838/1554/814 862/1573/838
f 859/1560/835 860/1616/836 847/1612/823
f 859/1560/835 852/1556/828 860/1616/836
f 852/1617/828 842/1570/818 860/1579/836
f 853/1618/829 858/1571/834 842/1570/818
f 853/1559/829 856/1558/832 858/1619/834
f 856/1558/832 841/1620/817 858/1619/834
f 856/1621/832 857/1568/833 841/1567/817
f 856/1558/832 854/1557/830 857/1622/833
f 854/1557/830 840/1623/816 857/1622/833
f 854/1557/830 855/1624/831 840/1623/816
f 854/1557/830 849/1553/825 855/1624/831
f 849/1625/825 839/1561/815 855/1565/831
f 852/1617/828 853/1618/829 842/1570/818
f 852/1626/828 850/1552/826 853/1559/829
f 850/1552/826 837/1551/813 853/1559/829
f 849/1553/825 851/1627/827 839/1628/815
f 849/1553/825 850/1552/826 851/1627/827
f 850/1555/826 838/1554/814 851/1615/827
f 879/1629/813 892/1630/826 891/1631/825
f 880/1632/814 892/1633/826 894/1634/828
f 879/1629/813 891/1631/825 896/1635/830
f 879/1629/813 896/1635/830 898/1636/832
f 879/1629/813 898/1636/832 895/1637/829
f 880/1632/814 894/1634/828 901/1638/835
f 881/1639/815 893/1640/827 903/1641/837
f 882/1642/816 897/1643/831 905/1644/839
f 883/1645/817 899/1646/833 907/1647/841
f 884/1648/818 900/1649/834 909/1650/843
f 880/1632/814 901/1638/835 904/1651/838
f 881/1639/815 903/1641/837 906/1652/840
f 882/1653/816 905/1654/839 908/1655/842
f 883/1645/817 907/1647/841 910/1656/844
f 884/1648/818 909/1650/843 902/1657/836
f 885/1658/819 911/1659/845 916/1660/850
f 886/1661/820 912/1662/846 918/1663/852
f 887/1664/821 913/1665/847 919/1666/853
f 888/1667/822 914/1668/848 920/1669/854
f 889/1670/823 915/1671/849 917/1672/851
f 917/1672/851 920/1669/854 890/1673/824
f 917/1672/851 915/1671/849 920/1669/854
f 915/1674/849 888/1675/822 920/1676/854
f 920/1669/854 919/1677/853 890/1673/824
f 920/1669/854 914/1668/848 919/1677/853
f 914/1678/848 887/1664/821 919/1666/853
f 919/1677/853 918/1679/852 890/1673/824
f 919/1677/853 913/1680/847 918/1679/852
f 913/1681/847 886/1661/820 918/1663/852
f 918/1679/852 916/1682/850 890/1673/824
f 918/1679/852 912/1683/846 916/1682/850
f 912/1683/846 885/1684/819 916/1682/850
f 916/1682/850 917/1672/851 890/1673/824
f 916/1682/850 911/1685/845 917/1672/851
f 911/1685/845 889/1670/823 917/1672/851
f 902/1657/836 915/1674/849 889/1686/823
f 902/1657/836 909/1650/843 915/1674/849
f 909/1650/843 888/1675/822 915/1674/849
f 910/1687/844 914/1688/848 888/1675/822
f 910/1656/844 907/1647/841 914/1678/848
f 907/1647/841 887/1664/821 914/1678/848
f 908/1655/842 913/1665/847 887/1664/821
f 908/1655/842 905/1654/839 913/1665/847
f 905/1644/839 886/1661/820 913/1681/847
f 906/1652/840 912/1662/846 886/1661/820
f 906/1652/840 903/1641/837 912/1662/846
f 903/1641/837 885/1689/819 912/1662/846
f 904/1651/838 911/1659/845 885/1658/819
f 904/1651/838 901/1638/835 911/1659/845
f 901/1638/835 889/1690/823 911/1659/845
f 909/1650/843 910/1687/844 888/1675/822
f 909/1650/843 900/1649/834 910/1687/844
f 900/1649/834 883/1691/817 910/1687/844
f 907/1647/841 908/1655/842 887/1664/821
f 907/1647/841 899/1646/833 908/1655/842
f 899/1646/833 882/1653/816 908/1655/842
f 905/1644/839 906/1652/840 886/1661/820
f 905/1644/839 897/1643/831 906/1652/840
f 897/1643/831 881/1639/815 906/1652/840
f 903/1692/837 904/1651/838 885/1658/819
f 903/1692/837 893/1693/827 904/1651/838
f 893/1693/827 880/1632/814 904/1651/838
f 901/1638/835 902/1694/836 889/1690/823
f 901/1638/835 894/1634/828 902/1694/836
f 894/1695/828 884/1648/818 902/1657/836
f 895/1696/829 900/1649/834 884/1648/818
f 895/1637/829 898/1636/832 900/1697/834
f 898/1636/832 883/1698/817 900/1697/834
f 898/1699/832 899/1646/833 883/1645/817
f 898/1636/832 896/1635/830 899/1700/833
f 896/1635/830 882/1701/816 899/1700/833
f 896/1635/830 897/1702/831 882/1701/816
f 896/1635/830 891/1631/825 897/1702/831
f 891/1703/825 881/1639/815 897/1643/831
f 894/1695/828 895/1696/829 884/1648/818
f 894/1704/828 892/1630/826 895/1637/829
f 892/1630/826 879/1629/813 895/1637/829
f 891/1631/825 893/1705/827 881/1706/815
f 891/1631/825 892/1630/826 893/1705/827
f 892/1633/826 880/1632/814 893/1693/827
f 921/1707/813 936/1708/868 935/1709/867
f 922/1710/855 938/1711/870 944/1712/876
f 921/1707/813 935/1709/867 950/1713/882
f 921/1707/813 950/1713/882 956/1714/888
f 921/1707/813 956/1714/888 945/1715/877
f 922/1716/855 944/1717/876 965/1718/897
f 923/1719/856 941/1720/873 971/1721/902
f 924/1722/857 953/1723/885 977/1724/908
f 925/1725/858 959/1726/891 983/1727/914
f 926/1728/859 962/1729/894 989/1730/920
f 922/1716/855 965/1718/897 972/1731/903
f 923/1732/856 971/1733/902 978/1734/909
f 924/1722/857 977/1724/908 984/1735/915
f 925/1736/858 983/1737/914 990/1738/921
f 926/1728/859 989/1730/920 966/1739/898
f 927/1740/860 995/1741/925 1010/1742/940
f 928/1743/861 998/1744/928 1016/1745/946
f 929/1746/862 1001/1747/931 1019/1748/949
f 930/1749/863 1004/1750/934 1022/1751/952
f 931/1752/864 1007/1753/937 1011/1754/941
f 1013/1755/943 1020/1756/950 932/1757/824
f 1012/1758/942 1023/1759/953 1013/1755/943
f 1011/1754/941 1024/1760/954 1012/1758/942
f 1013/1755/943 1023/1759/953 1020/1756/950
f 1023/1759/953 1021/1761/951 1020/1756/950
f 1012/1758/942 1024/1760/954 1023/1759/953
f 1024/1760/954 1025/1762/955 1023/1759/953
f 1023/1759/953 1025/1762/955 1021/1761/951
f 1025/1762/955 1022/1751/952 1021/1761/951
f 1011/1754/941 1007/1753/937 1024/1760/954
f 1007/1753/937 1006/1763/936 1024/1760/954
f 1024/1760/954 1006/1763/936 1025/1762/955
f 1006/1763/936 1005/1764/935 1025/1762/955
f 1025/1762/955 1005/1764/935 1022/1751/952
f 1005/1764/935 930/1749/863 1022/1751/952
f 1020/1756/950 1017/1765/947 932/1757/824
f 1021/1761/951 1026/1766/956 1020/1756/950
f 1022/1751/952 1027/1767/957 1021/1761/951
f 1020/1756/950 1026/1766/956 1017/1765/947
f 1026/1766/956 1018/1768/948 1017/1765/947
f 1021/1761/951 1027/1767/957 1026/1766/956
f 1027/1767/957 1028/1769/958 1026/1766/956
f 1026/1766/956 1028/1769/958 1018/1768/948
f 1028/1769/958 1019/1748/949 1018/1768/948
f 1022/1751/952 1004/1750/934 1027/1767/957
f 1004/1750/934 1003/1770/933 1027/1767/957
f 1027/1767/957 1003/1770/933 1028/1769/958
f 1003/1770/933 1002/1771/932 1028/1769/958
f 1028/1769/958 1002/1771/932 1019/1748/949
f 1002/1771/932 929/1746/862 1019/1748/949
f 1017/1765/947 1014/1772/944 932/1757/824
f 1018/1768/948 1029/1773/959 1017/1765/947
f 1019/1748/949 1030/1774/960 1018/1768/948
f 1017/1765/947 1029/1773/959 1014/1772/944
f 1029/1773/959 1015/1775/945 1014/1772/944
f 1018/1768/948 1030/1774/960 1029/1773/959
f 1030/1774/960 1031/1776/961 1029/1773/959
f 1029/1773/959 1031/1776/961 1015/1775/945
f 1031/1776/961 1016/1745/946 1015/1775/945
f 1019/1748/949 1001/1747/931 1030/1774/960
f 1001/1747/931 1000/1777/930 1030/1774/960
f 1030/1774/960 1000/1777/930 1031/1776/961
f 1000/1777/930 999/1778/929 1031/1776/961
f 1031/1776/961 999/1778/929 1016/1745/946
f 999/1778/929 928/1743/861 1016/1745/946
f 1014/1772/944 1008/1779/938 932/1757/824
f 1015/1775/945 1032/1780/962 1014/1772/944
f 1016/1745/946 1033/1781/963 1015/1775/945
f 1014/1772/944 1032/1780/962 1008/1779/938
f 1032/1780/962 1009/1782/939 1008/1779/938
f 1015/1775/945 1033/1781/963 1032/1780/962
f 1033/1781/963 1034/1783/964 1032/1780/962
f 1032/1780/962 1034/1783/964 1009/1782/939
f 1034/1783/964 1010/1742/940 1009/1782/939
f 1016/1745/946 998/1744/928 1033/1781/963
f 998/1744/928 997/1784/927 1033/1781/963
f 1033/1781/963 997/1784/927 1034/1783/964
f 997/1784/927 996/1785/926 1034/1783/964
f 1034/1783/964 996/1785/926 1010/1742/940
f 996/1785/926 927/1740/860 1010/1742/940
f 1008/1779/938 1013/1755/943 932/1757/824
f 1009/1782/939 1035/1786/965 1008/1779/938
f 1010/1742/940 1036/1787/966 1009/1782/939
f 1008/1779/938 1035/1786/965 1013/1755/943
f 1035/1786/965 1012/1758/942 1013/1755/943
f 1009/1782/939 1036/1787/966 1035/1786/965
f 1036/1787/966 1037/1788/967 1035/1786/965
f 1035/1786/965 1037/1788/967 1012/1758/942
f 1037/1788/967 1011/1754/941 1012/1758/942
f 1010/1742/940 995/1741/925 1036/1787/966
f 995/1741/925 994/1789/924 1036/1787/966
f 1036/1787/966 994/1789/924 1037/1788/967
f 994/1789/924 993/1790/923 1037/1788/967
f 1037/1788/967 993/1790/923 1011/1754/941
f 993/1790/923 931/1752/864 1011/1754/941
f 968/1791/900 1007/1753/937 931/1752/864
f 967/1792/899 1038/1793/968 968/1794/900
f 966/1739/898 1039/1795/969 967/1792/899
f 968/1794/900 1038/1793/968 1007/1796/937
f 1038/1797/968 1006/1763/936 1007/1753/937
f 967/1792/899 1039/1795/969 1038/1793/968
f 1039/1795/969 1040/1798/970 1038/1793/968
f 1038/1793/968 1040/1798/970 1006/1799/936
f 1040/1800/970 1005/1764/935 1006/1763/936
f 966/1739/898 989/1730/920 1039/1795/969
f 989/1730/920 988/1801/919 1039/1795/969
f 1039/1795/969 988/1801/919 1040/1798/970
f 988/1801/919 987/1802/918 1040/1798/970
f 1040/1798/970 987/1802/918 1005/1803/935
f 987/1802/918 930/1804/863 1005/1803/935
f 992/1805/922 1004/1750/934 930/1749/863
f 991/1806/844 1041/1807/971 992/1808/922
f 990/1738/921 1042/1809/972 991/1810/844
f 992/1808/922 1041/1807/971 1004/1811/934
f 1041/1812/971 1003/1770/933 1004/1750/934
f 991/1810/844 1042/1809/972 1041/1813/971
f 1042/1809/972 1043/1814/973 1041/1813/971
f 1041/1813/971 1043/1814/973 1003/1815/933
f 1043/1816/973 1002/1771/932 1003/1770/933
f 990/1738/921 983/1737/914 1042/1809/972
f 983/1737/914 982/1817/913 1042/1809/972
f 1042/1809/972 982/1817/913 1043/1814/973
f 982/1817/913 981/1818/912 1043/1814/973
f 1043/1814/973 981/1818/912 1002/1819/932
f 981/1818/912 929/1820/862 1002/1819/932
f 986/1821/917 1001/1822/931 929/1820/862
f 985/1823/916 1044/1824/974 986/1821/917
f 984/1825/915 1045/1826/975 985/1823/916
f 986/1821/917 1044/1824/974 1001/1822/931
f 1044/1827/974 1000/1777/930 1001/1747/931
f 985/1823/916 1045/1826/975 1044/1824/974
f 1045/1826/975 1046/1828/976 1044/1824/974
f 1044/1827/974 1046/1829/976 1000/1777/930
f 1046/1829/976 999/1778/929 1000/1777/930
f 984/1825/915 977/1830/908 1045/1826/975
f 977/1831/908 976/1832/907 1045/1833/975
f 1045/1833/975 976/1832/907 1046/1834/976
f 976/1832/907 975/1835/906 1046/1834/976
f 1046/1834/976 975/1835/906 999/1836/929
f 975/1835/906 928/1837/861 999/1836/929
f 980/1838/911 998/1839/928 928/1837/861
f 979/1840/910 1047/1841/977 980/1838/911
f 978/1734/909 1048/1842/978 979/1840/910
f 980/1838/911 1047/1841/977 998/1839/928
f 1047/1843/977 997/1784/927 998/1744/928
f 979/1840/910 1048/1842/978 1047/1841/977
f 1048/1842/978 1049/1844/979 1047/1841/977
f 1047/1841/977 1049/1844/979 997/1845/927
f 1049/1846/979 996/1785/926 997/1784/927
f 978/1734/909 971/1733/902 1048/1842/978
f 971/1733/902 970/1847/837 1048/1842/978
f 1048/1842/978 970/1847/837 1049/1844/979
f 970/1847/837 969/1848/901 1049/1844/979
f 1049/1846/979 969/1849/901 996/1785/926
f 969/1849/901 927/1740/860 996/1785/926
f 974/1850/905 995/1851/925 927/1852/860
f 973/1853/904 1050/1854/980 974/1850/905
f 972/1731/903 1051/1855/981 973/1853/904
f 974/1850/905 1050/1854/980 995/1851/925
f 1050/1856/980 994/1789/924 995/1741/925
f 973/1853/904 1051/1855/981 1050/1854/980
f 1051/1855/981 1052/1857/982 1050/1854/980
f 1050/1854/980 1052/1857/982 994/1858/924
f 1052/1859/982 993/1790/923 994/1789/924
f 972/1731/903 965/1718/897 1051/1855/981
f 965/1718/897 964/1860/896 1051/1855/981
f 1051/1855/981 964/1860/896 1052/1857/982
f 964/1860/896 963/1861/895 1052/1857/982
f 1052/1857/982 963/1861/895 993/1862/923
f 963/1863/895 931/1752/864 993/1790/923
f 987/1802/918 992/1808/922 930/1804/863
f 988/1801/919 1053/1864/983 987/1802/918
f 989/1730/920 1054/1865/984 988/1801/919
f 987/1802/918 1053/1864/983 992/1808/922
f 1053/1864/983 991/1806/844 992/1808/922
f 988/1801/919 1054/1865/984 1053/1864/983
f 1054/1865/984 1055/1866/985 1053/1864/983
f 1053/1864/983 1055/1866/985 991/1806/844
f 1055/1866/985 990/1867/921 991/1806/844
f 989/1730/920 962/1729/894 1054/1865/984
f 962/1868/894 961/1869/893 1054/1870/984
f 1054/1865/984 961/1871/893 1055/1866/985
f 961/1869/893 960/1872/892 1055/1873/985
f 1055/1873/985 960/1872/892 990/1874/921
f 960/1872/892 925/1725/858 990/1874/921
f 981/1818/912 986/1821/917 929/1820/862
f 982/1817/913 1056/1875/986 981/1818/912
f 983/1737/914 1057/1876/987 982/1817/913
f 981/1818/912 1056/1875/986 986/1821/917
f 1056/1875/986 985/1823/916 986/1821/917
f 982/1817/913 1057/1876/987 1056/1875/986
f 1057/1876/987 1058/1877/988 1056/1875/986
f 1056/1875/986 1058/1877/988 985/1823/916
f 1058/1877/988 984/1825/915 985/1823/916
f 983/1737/914 959/1878/891 1057/1876/987
f 959/1726/891 958/1879/890 1057/1880/987
f 1057/1876/987 958/1881/890 1058/1877/988
f 958/1879/890 957/1882/889 1058/1883/988
f 1058/1877/988 957/1884/889 984/1825/915
f 957/1882/889 924/1722/857 984/1735/915
f 975/1835/906 980/1838/911 928/1837/861
f 976/1832/907 1059/1885/989 975/1835/906
f 977/1831/908 1060/1886/990 976/1832/907
f 975/1835/906 1059/1885/989 980/1838/911
f 1059/1885/989 979/1840/910 980/1838/911
f 976/1832/907 1060/1886/990 1059/1885/989
f 1060/1886/990 1061/1887/991 1059/1885/989
f 1059/1885/989 1061/1887/991 979/1840/910
f 1061/1887/991 978/1734/909 979/1840/910
f 977/1831/908 953/1888/885 1060/1886/990
f 953/1723/885 952/1889/884 1060/1890/990
f 1060/1886/990 952/1891/884 1061/1887/991
f 952/1889/884 951/1892/883 1061/1893/991
f 1061/1887/991 951/1894/883 978/1734/909
f 951/1894/883 923/1732/856 978/1734/909
f 969/1895/901 974/1850/905 927/1852/860
f 970/1896/837 1062/1897/992 969/1895/901
f 971/1733/902 1063/1898/993 970/1847/837
f 969/1895/901 1062/1897/992 974/1850/905
f 1062/1897/992 973/1853/904 974/1850/905
f 970/1896/837 1063/1899/993 1062/1897/992
f 1063/1899/993 1064/1900/994 1062/1897/992
f 1062/1897/992 1064/1900/994 973/1853/904
f 1064/1900/994 972/1731/903 973/1853/904
f 971/1733/902 941/1901/873 1063/1898/993
f 941/1720/873 940/1902/872 1063/1903/993
f 1063/1899/993 940/1904/872 1064/1900/994
f 940/1902/872 939/1905/871 1064/1906/994
f 1064/1900/994 939/1907/871 972/1731/903
f 939/1907/871 922/1716/855 972/1731/903
f 963/1863/895 968/1791/900 931/1752/864
f 964/1860/896 1065/1908/995 963/1861/895
f 965/1718/897 1066/1909/996 964/1860/896
f 963/1861/895 1065/1908/995 968/1910/900
f 1065/1911/995 967/1792/899 968/1794/900
f 964/1860/896 1066/1909/996 1065/1908/995
f 1066/1909/996 1067/1912/997 1065/1908/995
f 1065/1911/995 1067/1913/997 967/1792/899
f 1067/1913/997 966/1739/898 967/1792/899
f 965/1718/897 944/1717/876 1066/1909/996
f 944/1712/876 943/1914/875 1066/1915/996
f 1066/1915/996 943/1914/875 1067/1916/997
f 943/1914/875 942/1917/874 1067/1916/997
f 1067/1913/997 942/1918/874 966/1739/898
f 942/1917/874 926/1919/859 966/1920/898
f 947/1921/879 962/1868/894 926/1919/859
f 946/1922/878 1068/1923/998 947/1921/879
f 945/1715/877 1069/1924/999 946/1922/878
f 947/1921/879 1068/1923/998 962/1868/894
f 1068/1923/998 961/1869/893 962/1868/894
f 946/1922/878 1069/1924/999 1068/1923/998
f 1069/1924/999 1070/1925/1000 1068/1923/998
f 1068/1923/998 1070/1925/1000 961/1869/893
f 1070/1925/1000 960/1872/892 961/1869/893
f 945/1715/877 956/1714/888 1069/1924/999
f 956/1714/888 955/1926/887 1069/1924/999
f 1069/1924/999 955/1926/887 1070/1925/1000
f 955/1926/887 954/1927/886 1070/1925/1000
f 1070/1925/1000 954/1927/886 960/1872/892
f 954/1927/886 925/1725/858 960/1872/892
f 954/1927/886 959/1726/891 925/1725/858
f 955/1926/887 1071/1928/1001 954/1927/886
f 956/1714/888 1072/1929/1002 955/1926/887
f 954/1927/886 1071/1928/1001 959/1726/891
f 1071/1928/1001 958/1879/890 959/1726/891
f 955/1926/887 1072/1929/1002 1071/1928/1001
f 1072/1929/1002 1073/1930/1003 1071/1928/1001
f 1071/1928/1001 1073/1930/1003 958/1879/890
f 1073/1930/1003 957/1882/889 958/1879/890
f 956/1714/888 950/1713/882 1072/1929/1002
f 950/1713/882 949/1931/881 1072/1929/1002
f 1072/1929/1002 949/1931/881 1073/1930/1003
f 949/1931/881 948/1932/880 1073/1930/1003
f 1073/1930/1003 948/1932/880 957/1882/889
f 948/1932/880 924/1722/857 957/1882/889
f 948/1932/880 953/1723/885 924/1722/857
f 949/1931/881 1074/1933/1004 948/1932/880
f 950/1713/882 1075/1934/1005 949/1931/881
f 948/1932/880 1074/1933/1004 953/1723/885
f 1074/1933/1004 952/1889/884 953/1723/885
f 949/1931/881 1075/1934/1005 1074/1933/1004
f 1075/1934/1005 1076/1935/1006 1074/1933/1004
f 1074/1933/1004 1076/1935/1006 952/1889/884
f 1076/1935/1006 951/1892/883 952/1889/884
f 950/1713/882 935/1709/867 1075/1934/1005
f 935/1709/867 934/1936/866 1075/1934/1005
f 1075/1934/1005 934/1936/866 1076/1935/1006
f 934/1936/866 933/1937/865 1076/1935/1006
f 1076/1935/1006 933/1937/865 951/1892/883
f 933/1937/865 923/1719/856 951/1892/883
f 942/1917/874 947/1921/879 926/1919/859
f 943/1914/875 1077/1938/1007 942/1917/874
f 944/1712/876 1078/1939/1008 943/1914/875
f 942/1917/874 1077/1938/1007 947/1921/879
f 1077/1938/1007 946/1922/878 947/1921/879
f 943/1914/875 1078/1939/1008 1077/1938/1007
f 1078/1939/1008 1079/1940/1009 1077/1938/1007
f 1077/1938/1007 1079/1940/1009 946/1922/878
f 1079/1940/1009 945/1715/877 946/1922/878
f 944/1712/876 938/1711/870 1078/1939/1008
f 938/1711/870 937/1941/869 1078/1939/1008
f 1078/1939/1008 937/1941/869 1079/1940/1009
f 937/1941/869 936/1708/868 1079/1940/1009
f 1079/1940/1009 936/1708/868 945/1715/877
f 936/1708/868 921/1707/813 945/1715/877
f 933/1937/865 941/1720/873 923/1719/856
f 934/1936/866 1080/1942/1010 933/1937/865
f 935/1709/867 1081/1943/1011 934/1936/866
f 933/1937/865 1080/1942/1010 941/1720/873
f 1080/1942/1010 940/1902/872 941/1720/873
f 934/1936/866 1081/1943/1011 1080/1942/1010
f 1081/1943/1011 1082/1944/1012 1080/1942/1010
f 1080/1942/1010 1082/1944/1012 940/1902/872
f 1082/1944/1012 939/1905/871 940/1902/872
f 935/1709/867 936/1708/868 1081/1943/1011
f 936/1708/868 937/1941/869 1081/1943/1011
f 1081/1943/1011 937/1941/869 1082/1944/1012
f 937/1941/869 938/1711/870 1082/1944/1012
f 1082/1944/1012 938/1711/870 939/1905/871
f 938/1711/870 922/1710/855 939/1905/871
f 1083/1945/1013 1098/1946/1028 1097/1947/1027
f 1084/1948/1014 1100/1949/1030 1106/1950/1036
f 1083/1945/1013 1097/1947/1027 1112/1951/1042
f 1083/1945/1013 1112/1951/1042 1118/1952/1048
f 1083/1945/1013 1118/1952/1048 1107/1953/1037
f 1084/1948/1014 1106/1950/1036 1127/1954/1057
f 1085/1955/1015 1103/1956/1033 1133/1957/1062
f 1086/1958/1016 1115/1959/1045 1139/1960/1068
f 1087/1961/1017 1121/1962/1051 1145/1963/1074
f 1088/1964/1018 1124/1965/1054 1151/1966/1080
f 1084/1948/1014 1127/1954/1057 1134/1967/1063
f 1085/1955/1015 1133/1957/1062 1140/1968/1069
f 1086/1969/1016 1139/1970/1068 1146/1971/1075
f 1087/1961/1017 1145/1963/1074 1152/1972/1081
f 1088/1964/1018 1151/1966/1080 1128/1973/1058
f 1089/1974/1019 1157/1975/1085 1172/1976/1100
f 1090/1977/1020 1160/1978/1088 1178/1979/1106
f 1091/1980/1021 1163/1981/1091 1181/1982/1109
f 1092/1983/1022 1166/1984/1094 1184/1985/1112
f 1093/1986/1023 1169/1987/1097 1173/1988/1101
f 1175/1989/1103 1182/1990/1110 1094/1991/1024
f 1174/1992/1102 1185/1993/1113 1175/1989/1103
f 1173/1994/1101 1186/1995/1114 1174/1992/1102
f 1175/1989/1103 1185/1993/1113 1182/1990/1110
f 1185/1993/1113 1183/1996/1111 1182/1990/1110
f 1174/1992/1102 1186/1995/1114 1185/1993/1113
f 1186/1997/1114 1187/1998/1115 1185/1999/1113
f 1185/1993/1113 1187/2000/1115 1183/1996/1111
f 1187/1998/1115 1184/1985/1112 1183/2001/1111
f 1173/1988/1101 1169/1987/1097 1186/1997/1114
f 1169/1987/1097 1168/2002/1096 1186/1997/1114
f 1186/1997/1114 1168/2002/1096 1187/1998/1115
f 1168/2002/1096 1167/2003/1095 1187/1998/1115
f 1187/1998/1115 1167/2003/1095 1184/1985/1112
f 1167/2003/1095 1092/1983/1022 1184/1985/1112
f 1182/1990/1110 1179/2004/1107 1094/1991/1024
f 1183/1996/1111 1188/2005/1116 1182/1990/1110
f 1184/1985/1112 1189/2006/1117 1183/2001/1111
f 1182/1990/1110 1188/2005/1116 1179/2004/1107
f 1188/2005/1116 1180/2007/1108 1179/2004/1107
f 1183/1996/1111 1189/2008/1117 1188/2005/1116
f 1189/2009/1117 1190/2010/1118 1188/2011/1116
f 1188/2005/1116 1190/2012/1118 1180/2007/1108
f 1190/2010/1118 1181/1982/1109 1180/2013/1108
f 1184/1985/1112 1166/1984/1094 1189/2006/1117
f 1166/2014/1094 1165/2015/1093 1189/2009/1117
f 1189/2009/1117 1165/2015/1093 1190/2010/1118
f 1165/2015/1093 1164/2016/1092 1190/2010/1118
f 1190/2010/1118 1164/2016/1092 1181/1982/1109
f 1164/2016/1092 1091/1980/1021 1181/1982/1109
f 1179/2004/1107 1176/2017/1104 1094/1991/1024
f 1180/2007/1108 1191/2018/1119 1179/2004/1107
f 1181/1982/1109 1192/2019/1120 1180/2013/1108
f 1179/2004/1107 1191/2018/1119 1176/2017/1104
f 1191/2018/1119 1177/2020/1105 1176/2017/1104
f 1180/2007/1108 1192/2021/1120 1191/2018/1119
f 1192/2021/1120 1193/2022/1121 1191/2018/1119
f 1191/2018/1119 1193/2022/1121 1177/2020/1105
f 1193/2023/1121 1178/1979/1106 1177/2024/1105
f 1181/1982/1109 1163/1981/1091 1192/2019/1120
f 1163/1981/1091 1162/2025/1090 1192/2019/1120
f 1192/2019/1120 1162/2025/1090 1193/2026/1121
f 1162/2027/1090 1161/2028/1089 1193/2023/1121
f 1193/2023/1121 1161/2028/1089 1178/1979/1106
f 1161/2028/1089 1090/1977/1020 1178/1979/1106
f 1176/2017/1104 1170/2029/1098 1094/1991/1024
f 1177/2020/1105 1194/2030/1122 1176/2017/1104
f 1178/1979/1106 1195/2031/1123 1177/2024/1105
f 1176/2017/1104 1194/2030/1122 1170/2029/1098
f 1194/2030/1122 1171/2032/1099 1170/2029/1098
f 1177/2020/1105 1195/2033/1123 1194/2030/1122
f 1195/2031/1123 1196/2034/1124 1194/2035/1122
f 1194/2030/1122 1196/2036/1124 1171/2032/1099
f 1196/2037/1124 1172/1976/1100 1171/2038/1099
f 1178/1979/1106 1160/1978/1088 1195/2031/1123
f 1160/1978/1088 1159/2039/1087 1195/2031/1123
f 1195/2031/1123 1159/2039/1087 1196/2034/1124
f 1159/2039/1087 1158/2040/1086 1196/2034/1124
f 1196/2037/1124 1158/2041/1086 1172/1976/1100
f 1158/2041/1086 1089/1974/1019 1172/1976/1100
f 1170/2029/1098 1175/1989/1103 1094/1991/1024
f 1171/2032/1099 1197/2042/1125 1170/2029/1098
f 1172/1976/1100 1198/2043/1126 1171/2038/1099
f 1170/2029/1098 1197/2042/1125 1175/1989/1103
f 1197/2042/1125 1174/1992/1102 1175/1989/1103
f 1171/2032/1099 1198/2044/1126 1197/2042/1125
f 1198/2043/1126 1199/2045/1127 1197/2046/1125
f 1197/2042/1125 1199/2047/1127 1174/1992/1102
f 1199/2047/1127 1173/1994/1101 1174/1992/1102
f 1172/1976/1100 1157/1975/1085 1198/2043/1126
f 1157/1975/1085 1156/2048/1084 1198/2043/1126
f 1198/2043/1126 1156/2048/1084 1199/2045/1127
f 1156/2048/1084 1155/2049/1083 1199/2045/1127
f 1199/2045/1127 1155/2049/1083 1173/2050/1101
f 1155/2049/1083 1093/2051/1023 1173/2050/1101
f 1130/2052/1060 1169/1987/1097 1093/1986/1023
f 1129/2053/1059 1200/2054/1128 1130/2052/1060
f 1128/1973/1058 1201/2055/1129 1129/2053/1059
f 1130/2052/1060 1200/2054/1128 1169/1987/1097
f 1200/2054/1128 1168/2002/1096 1169/1987/1097
f 1129/2053/1059 1201/2055/1129 1200/2054/1128
f 1201/2055/1129 1202/2056/1130 1200/2054/1128
f 1200/2054/1128 1202/2056/1130 1168/2002/1096
f 1202/2056/1130 1167/2003/1095 1168/2002/1096
f 1128/1973/1058 1151/1966/1080 1201/2055/1129
f 1151/1966/1080 1150/2057/1079 1201/2055/1129
f 1201/2055/1129 1150/2057/1079 1202/2056/1130
f 1150/2057/1079 1149/2058/1078 1202/2056/1130
f 1202/2056/1130 1149/2058/1078 1167/2003/1095
f 1149/2058/1078 1092/1983/1022 1167/2003/1095
f 1154/2059/1082 1166/1984/1094 1092/1983/1022
f 1153/2060/844 1203/2061/1131 1154/2059/1082
f 1152/1972/1081 1204/2062/1132 1153/2063/844
f 1154/2059/1082 1203/2061/1131 1166/1984/1094
f 1203/2064/1131 1165/2015/1093 1166/2014/1094
f 1153/2063/844 1204/2062/1132 1203/2064/1131
f 1204/2062/1132 1205/2065/1133 1203/2064/1131
f 1203/2064/1131 1205/2065/1133 1165/2015/1093
f 1205/2065/1133 1164/2016/1092 1165/2015/1093
f 1152/1972/1081 1145/1963/1074 1204/2062/1132
f 1145/1963/1074 1144/2066/1073 1204/2062/1132
f 1204/2062/1132 1144/2066/1073 1205/2065/1133
f 1144/2066/1073 1143/2067/1072 1205/2065/1133
f 1205/2065/1133 1143/2067/1072 1164/2016/1092
f 1143/2067/1072 1091/1980/1021 1164/2016/1092
f 1148/2068/1077 1163/1981/1091 1091/1980/1021
f 1147/2069/1076 1206/2070/1134 1148/2068/1077
f 1146/1971/1075 1207/2071/1135 1147/2069/1076
f 1148/2068/1077 1206/2070/1134 1163/1981/1091
f 1206/2070/1134 1162/2025/1090 1163/1981/1091
f 1147/2069/1076 1207/2071/1135 1206/2070/1134
f 1207/2071/1135 1208/2072/1136 1206/2070/1134
f 1206/2070/1134 1208/2072/1136 1162/2025/1090
f 1208/2073/1136 1161/2028/1089 1162/2027/1090
f 1146/1971/1075 1139/1970/1068 1207/2071/1135
f 1139/1960/1068 1138/2074/1067 1207/2075/1135
f 1207/2075/1135 1138/2074/1067 1208/2073/1136
f 1138/2074/1067 1137/2076/1066 1208/2073/1136
f 1208/2073/1136 1137/2076/1066 1161/2028/1089
f 1137/2076/1066 1090/1977/1020 1161/2028/1089
f 1142/2077/1071 1160/1978/1088 1090/1977/1020
f 1141/2078/1070 1209/2079/1137 1142/2077/1071
f 1140/1968/1069 1210/2080/1138 1141/2078/1070
f 1142/2077/1071 1209/2079/1137 1160/1978/1088
f 1209/2079/1137 1159/2039/1087 1160/1978/1088
f 1141/2078/1070 1210/2080/1138 1209/2079/1137
f 1210/2080/1138 1211/2081/1139 1209/2079/1137
f 1209/2079/1137 1211/2081/1139 1159/2039/1087
f 1211/2081/1139 1158/2040/1086 1159/2039/1087
f 1140/1968/1069 1133/1957/1062 1210/2080/1138
f 1133/1957/1062 1132/2082/837 1210/2080/1138
f 1210/2080/1138 1132/2082/837 1211/2081/1139
f 1132/2082/837 1131/2083/1061 1211/2081/1139
f 1211/2081/1139 1131/2083/1061 1158/2040/1086
f 1131/2084/1061 1089/1974/1019 1158/2041/1086
f 1136/2085/1065 1157/1975/1085 1089/1974/1019
f 1135/2086/1064 1212/2087/1140 1136/2085/1065
f 1134/1967/1063 1213/2088/1141 1135/2086/1064
f 1136/2085/1065 1212/2087/1140 1157/1975/1085
f 1212/2087/1140 1156/2048/1084 1157/1975/1085
f 1135/2086/1064 1213/2088/1141 1212/2087/1140
f 1213/2088/1141 1214/2089/1142 1212/2087/1140
f 1212/2087/1140 1214/2089/1142 1156/2048/1084
f 1214/2089/1142 1155/2049/1083 1156/2048/1084
f 1134/1967/1063 1127/1954/1057 1213/2088/1141
f 1127/1954/1057 1126/2090/1056 1213/2088/1141
f 1213/2088/1141 1126/2090/1056 1214/2089/1142
f 1126/2090/1056 1125/2091/1055 1214/2089/1142
f 1214/2089/1142 1125/2091/1055 1155/2049/1083
f 1125/2091/1055 1093/2051/1023 1155/2049/1083
f 1149/2058/1078 1154/2059/1082 1092/1983/1022
f 1150/2057/1079 1215/2092/1143 1149/2058/1078
f 1151/1966/1080 1216/2093/1144 1150/2057/1079
f 1149/2058/1078 1215/2092/1143 1154/2059/1082
f 1215/2092/1143 1153/2060/844 1154/2059/1082
f 1150/2057/1079 1216/2093/1144 1215/2092/1143
f 1216/2093/1144 1217/2094/1145 1215/2092/1143
f 1215/2092/1143 1217/2094/1145 1153/2060/844
f 1217/2094/1145 1152/2095/1081 1153/2060/844
f 1151/1966/1080 1124/1965/1054 1216/2093/1144
f 1124/1965/1054 1123/2096/1053 1216/2093/1144
f 1216/2093/1144 1123/2096/1053 1217/2094/1145
f 1123/2096/1053 1122/2097/1052 1217/2094/1145
f 1217/2094/1145 1122/2097/1052 1152/2095/1081
f 1122/2098/1052 1087/1961/1017 1152/1972/1081
f 1143/2067/1072 1148/2068/1077 1091/1980/1021
f 1144/2066/1073 1218/2099/1146 1143/2067/1072
f 1145/1963/1074 1219/2100/1147 1144/2066/1073
f 1143/2067/1072 1218/2099/1146 1148/2068/1077
f 1218/2099/1146 1147/2069/1076 1148/2068/1077
f 1144/2066/1073 1219/2100/1147 1218/2099/1146
f 1219/2100/1147 1220/2101/1148 1218/2099/1146
f 1218/2099/1146 1220/2101/1148 1147/2069/1076
f 1220/2101/1148 1146/1971/1075 1147/2069/1076
f 1145/1963/1074 1121/1962/1051 1219/2100/1147
f 1121/1962/1051 1120/2102/1050 1219/2100/1147
f 1219/2100/1147 1120/2102/1050 1220/2101/1148
f 1120/2102/1050 1119/2103/1049 1220/2101/1148
f 1220/2101/1148 1119/2103/1049 1146/1971/1075
f 1119/2103/1049 1086/1969/1016 1146/1971/1075
f 1137/2076/1066 1142/2077/1071 1090/1977/1020
f 1138/2074/1067 1221/2104/1149 1137/2076/1066
f 1139/1960/1068 1222/2105/1150 1138/2074/1067
f 1137/2076/1066 1221/2104/1149 1142/2077/1071
f 1221/2104/1149 1141/2078/1070 1142/2077/1071
f 1138/2074/1067 1222/2105/1150 1221/2104/1149
f 1222/2105/1150 1223/2106/1151 1221/2104/1149
f 1221/2104/1149 1223/2106/1151 1141/2078/1070
f 1223/2106/1151 1140/1968/1069 1141/2078/1070
f 1139/1960/1068 1115/1959/1045 1222/2105/1150
f 1115/1959/1045 1114/2107/1044 1222/2105/1150
f 1222/2105/1150 1114/2107/1044 1223/2106/1151
f 1114/2107/1044 1113/2108/1043 1223/2106/1151
f 1223/2106/1151 1113/2108/1043 1140/1968/1069
f 1113/2108/1043 1085/1955/1015 1140/1968/1069
f 1131/2084/1061 1136/2085/1065 1089/1974/1019
f 1132/2109/837 1224/2110/1152 1131/2084/1061
f 1133/1957/1062 1225/2111/1153 1132/2082/837
f 1131/2084/1061 1224/2110/1152 1136/2085/1065
f 1224/2110/1152 1135/2086/1064 1136/2085/1065
f 1132/2109/837 1225/2112/1153 1224/2110/1152
f 1225/2112/1153 1226/2113/1154 1224/2110/1152
f 1224/2110/1152 1226/2113/1154 1135/2086/1064
f 1226/2113/1154 1134/1967/1063 1135/2086/1064
f 1133/1957/1062 1103/1956/1033 1225/2111/1153
f 1103/2114/1033 1102/2115/1032 1225/2112/1153
f 1225/2112/1153 1102/2115/1032 1226/2113/1154
f 1102/2115/1032 1101/2116/1031 1226/2113/1154
f 1226/2113/1154 1101/2116/1031 1134/1967/1063
f 1101/2116/1031 1084/1948/1014 1134/1967/1063
f 1125/2091/1055 1130/2117/1060 1093/2051/1023
f 1126/2090/1056 1227/2118/1155 1125/2091/1055
f 1127/1954/1057 1228/2119/1156 1126/2090/1056
f 1125/2091/1055 1227/2118/1155 1130/2117/1060
f 1227/2120/1155 1129/2053/1059 1130/2052/1060
f 1126/2090/1056 1228/2119/1156 1227/2118/1155
f 1228/2119/1156 1229/2121/1157 1227/2118/1155
f 1227/2120/1155 1229/2122/1157 1129/2053/1059
f 1229/2122/1157 1128/1973/1058 1129/2053/1059
f 1127/1954/1057 1106/1950/1036 1228/2119/1156
f 1106/1950/1036 1105/2123/1035 1228/2119/1156
f 1228/2119/1156 1105/2123/1035 1229/2121/1157
f 1105/2124/1035 1104/2125/1034 1229/2122/1157
f 1229/2122/1157 1104/2125/1034 1128/1973/1058
f 1104/2125/1034 1088/1964/1018 1128/1973/1058
f 1109/2126/1039 1124/1965/1054 1088/1964/1018
f 1108/2127/1038 1230/2128/1158 1109/2126/1039
f 1107/1953/1037 1231/2129/1159 1108/2130/1038
f 1109/2126/1039 1230/2128/1158 1124/1965/1054
f 1230/2128/1158 1123/2096/1053 1124/1965/1054
f 1108/2130/1038 1231/2129/1159 1230/2131/1158
f 1231/2132/1159 1232/2133/1160 1230/2128/1158
f 1230/2128/1158 1232/2133/1160 1123/2096/1053
f 1232/2133/1160 1122/2097/1052 1123/2096/1053
f 1107/1953/1037 1118/1952/1048 1231/2129/1159
f 1118/1952/1048 1117/2134/1047 1231/2129/1159
f 1231/2129/1159 1117/2134/1047 1232/2135/1160
f 1117/2136/1047 1116/2137/1046 1232/2138/1160
f 1232/2138/1160 1116/2137/1046 1122/2098/1052
f 1116/2137/1046 1087/1961/1017 1122/2098/1052
f 1116/2137/1046 1121/1962/1051 1087/1961/1017
f 1117/2136/1047 1233/2139/1161 1116/2137/1046
f 1118/1952/1048 1234/2140/1162 1117/2134/1047
f 1116/2137/1046 1233/2139/1161 1121/1962/1051
f 1233/2139/1161 1120/2102/1050 1121/1962/1051
f 1117/2134/1047 1234/2140/1162 1233/2141/1161
f 1234/2142/1162 1235/2143/1163 1233/2139/1161
f 1233/2139/1161 1235/2143/1163 1120/2102/1050
f 1235/2143/1163 1119/2103/1049 1120/2102/1050
f 1118/1952/1048 1112/1951/1042 1234/2140/1162
f 1112/1951/1042 1111/2144/1041 1234/2140/1162
f 1234/2140/1162 1111/2144/1041 1235/2145/1163
f 1111/2144/1041 1110/2146/1040 1235/2145/1163
f 1235/2143/1163 1110/2147/1040 1119/2103/1049
f 1110/2147/1040 1086/1969/1016 1119/2103/1049
f 1110/2148/1040 1115/1959/1045 1086/1958/1016
f 1111/2144/1041 1236/2149/1164 1110/2146/1040
f 1112/1951/1042 1237/2150/1165 1111/2144/1041
f 1110/2148/1040 1236/2151/1164 1115/1959/1045
f 1236/2151/1164 1114/2107/1044 1115/1959/1045
f 1111/2144/1041 1237/2150/1165 1236/2149/1164
f 1237/2152/1165 1238/2153/1166 1236/2151/1164
f 1236/2151/1164 1238/2153/1166 1114/2107/1044
f 1238/2153/1166 1113/2108/1043 1114/2107/1044
f 1112/1951/1042 1097/1947/1027 1237/2150/1165
f 1097/1947/1027 1096/2154/1026 1237/2150/1165
f 1237/2150/1165 1096/2154/1026 1238/2155/1166
f 1096/2156/1026 1095/2157/1025 1238/2153/1166
f 1238/2153/1166 1095/2157/1025 1113/2108/1043
f 1095/2157/1025 1085/1955/1015 1113/2108/1043
f 1104/2125/1034 1109/2126/1039 1088/1964/1018
f 1105/2124/1035 1239/2158/1167 1104/2125/1034
f 1106/1950/1036 1240/2159/1168 1105/2123/1035
f 1104/2125/1034 1239/2158/1167 1109/2126/1039
f 1239/2158/1167 1108/2127/1038 1109/2126/1039
f 1105/2123/1035 1240/2159/1168 1239/2160/1167
f 1240/2161/1168 1241/2162/1169 1239/2163/1167
f 1239/2163/1167 1241/2162/1169 1108/2130/1038
f 1241/2162/1169 1107/1953/1037 1108/2130/1038
f 1106/1950/1036 1100/1949/1030 1240/2159/1168
f 1100/1949/1030 1099/2164/1029 1240/2159/1168
f 1240/2161/1168 1099/2165/1029 1241/2162/1169
f 1099/2165/1029 1098/1946/1028 1241/2162/1169
f 1241/2162/1169 1098/1946/1028 1107/1953/1037
f 1098/1946/1028 1083/1945/1013 1107/1953/1037
f 1095/2157/1025 1103/1956/1033 1085/1955/1015
f 1096/2156/1026 1242/2166/1170 1095/2157/1025
f 1097/1947/1027 1243/2167/1171 1096/2154/1026
f 1095/2157/1025 1242/2166/1170 1103/1956/1033
f 1242/2168/1170 1102/2115/1032 1103/2114/1033
f 1096/2154/1026 1243/2167/1171 1242/2169/1170
f 1243/2170/1171 1244/2171/1172 1242/2168/1170
f 1242/2168/1170 1244/2171/1172 1102/2115/1032
f 1244/2171/1172 1101/2116/1031 1102/2115/1032
f 1097/1947/1027 1098/1946/1028 1243/2167/1171
f 1098/1946/1028 1099/2165/1029 1243/2167/1171
f 1243/2167/1171 1099/2165/1029 1244/2172/1172
f 1099/2164/1029 1100/1949/1030 1244/2171/1172
f 1244/2171/1172 1100/1949/1030 1101/2116/1031
f 1100/1949/1030 1084/1948/1014 1101/2116/1031
f 1245/2173/1173 1260/2174/1188 1259/2175/1187
f 1246/2176/1174 1262/2177/1190 1268/2178/1196
f 1245/2173/1173 1259/2175/1187 1274/2179/1202
f 1245/2173/1173 1274/2179/1202 1280/2180/1208
f 1245/2173/1173 1280/2180/1208 1269/2181/1197
f 1246/2176/1174 1268/2178/1196 1289/2182/1217
f 1247/2183/1175 1265/2184/1193 1295/2185/1222
f 1248/2186/1176 1277/2187/1205 1301/2188/1228
f 1249/2189/1177 1283/2190/1211 1307/2191/1234
f 1250/2192/1178 1286/2193/1214 1313/2194/1240
f 1246/2176/1174 1289/2182/1217 1296/2195/1223
f 1247/2183/1175 1295/2185/1222 1302/2196/1229
f 1248/2197/1176 1301/2198/1228 1308/2199/1235
f 1249/2189/1177 1307/2191/1234 1314/2200/1241
f 1250/2192/1178 1313/2194/1240 1290/2201/1218
f 1251/2202/1179 1319/2203/1245 1334/2204/1260
f 1252/2205/1180 1322/2206/1248 1340/2207/1266
f 1253/2208/1181 1325/2209/1251 1343/2210/1269
f 1254/2211/1182 1328/2212/1254 1346/2213/1272
f 1255/2214/1183 1331/2215/1257 1335/2216/1261
f 1337/2217/1263 1344/2218/1270 1256/2219/1184
f 1336/2220/1262 1347/2221/1273 1337/2217/1263
f 1335/2222/1261 1348/2223/1274 1336/2220/1262
f 1337/2217/1263 1347/2221/1273 1344/2218/1270
f 1347/2221/1273 1345/2224/1271 1344/2218/1270
f 1336/2220/1262 1348/2223/1274 1347/2221/1273
f 1348/2225/1274 1349/2226/1275 1347/2227/1273
f 1347/2227/1273 1349/2226/1275 1345/2228/1271
f 1349/2226/1275 1346/2213/1272 1345/2228/1271
f 1335/2216/1261 1331/2215/1257 1348/2225/1274
f 1331/2215/1257 1330/2229/1256 1348/2225/1274
f 1348/2225/1274 1330/2229/1256 1349/2226/1275
f 1330/2229/1256 1329/2230/1255 1349/2226/1275
f 1349/2226/1275 1329/2230/1255 1346/2213/1272
f 1329/2230/1255 1254/2211/1182 1346/2213/1272
f 1344/2218/1270 1341/2231/1267 1256/2219/1184
f 1345/2224/1271 1350/2232/1276 1344/2218/1270
f 1346/2213/1272 1351/2233/1277 1345/2228/1271
f 1344/2218/1270 1350/2232/1276 1341/2231/1267
f 1350/2232/1276 1342/2234/1268 1341/2231/1267
f 1345/2224/1271 1351/2235/1277 1350/2232/1276
f 1351/2236/1277 1352/2237/1278 1350/2238/1276
f 1350/2238/1276 1352/2237/1278 1342/2239/1268
f 1352/2237/1278 1343/2210/1269 1342/2239/1268
f 1346/2213/1272 1328/2212/1254 1351/2233/1277
f 1328/2240/1254 1327/2241/1253 1351/2236/1277
f 1351/2236/1277 1327/2241/1253 1352/2237/1278
f 1327/2241/1253 1326/2242/1252 1352/2237/1278
f 1352/2237/1278 1326/2242/1252 1343/2210/1269
f 1326/2242/1252 1253/2208/1181 1343/2210/1269
f 1341/2231/1267 1338/2243/1264 1256/2219/1184
f 1342/2234/1268 1353/2244/1279 1341/2231/1267
f 1343/2210/1269 1354/2245/1280 1342/2239/1268
f 1341/2231/1267 1353/2244/1279 1338/2243/1264
f 1353/2244/1279 1339/2246/1265 1338/2243/1264
f 1342/2234/1268 1354/2247/1280 1353/2244/1279
f 1354/2247/1280 1355/2248/1281 1353/2244/1279
f 1353/2244/1279 1355/2248/1281 1339/2246/1265
f 1355/2249/1281 1340/2207/1266 1339/2250/1265
f 1343/2210/1269 1325/2209/1251 1354/2245/1280
f 1325/2209/1251 1324/2251/1250 1354/2245/1280
f 1354/2245/1280 1324/2251/1250 1355/2252/1281
f 1324/2253/1250 1323/2254/1249 1355/2249/1281
f 1355/2249/1281 1323/2254/1249 1340/2207/1266
f 1323/2254/1249 1252/2205/1180 1340/2207/1266
f 1338/2243/1264 1332/2255/1258 1256/2219/1184
f 1339/2246/1265 1356/2256/1282 1338/2243/1264
f 1340/2207/1266 1357/2257/1283 1339/2250/1265
f 1338/2243/1264 1356/2256/1282 1332/2255/1258
f 1356/2256/1282 1333/2258/1259 1332/2255/1258
f 1339/2250/1265 1357/2257/1283 1356/2259/1282
f 1357/2257/1283 1358/2260/1284 1356/2259/1282
f 1356/2256/1282 1358/2261/1284 1333/2258/1259
f 1358/2262/1284 1334/2204/1260 1333/2263/1259
f 1340/2207/1266 1322/2206/1248 1357/2257/1283
f 1322/2206/1248 1321/2264/1247 1357/2257/1283
f 1357/2257/1283 1321/2264/1247 1358/2260/1284
f 1321/2264/1247 1320/2265/1246 1358/2260/1284
f 1358/2262/1284 1320/2266/1246 1334/2204/1260
f 1320/2266/1246 1251/2202/1179 1334/2204/1260
f 1332/2255/1258 1337/2217/1263 1256/2219/1184
f 1333/2258/1259 1359/2267/1285 1332/2255/1258
f 1334/2204/1260 1360/2268/1286 1333/2263/1259
f 1332/2255/1258 1359/2267/1285 1337/2217/1263
f 1359/2267/1285 1336/2220/1262 1337/2217/1263
f 1333/2258/1259 1360/2269/1286 1359/2267/1285
f 1360/2268/1286 1361/2270/1287 1359/2271/1285
f 1359/2267/1285 1361/2272/1287 1336/2220/1262
f 1361/2272/1287 1335/2222/1261 1336/2220/1262
f 1334/2204/1260 1319/2203/1245 1360/2268/1286
f 1319/2203/1245 1318/2273/1244 1360/2268/1286
f 1360/2268/1286 1318/2273/1244 1361/2270/1287
f 1318/2273/1244 1317/2274/1243 1361/2270/1287
f 1361/2270/1287 1317/2274/1243 1335/2275/1261
f 1317/2274/1243 1255/2276/1183 1335/2275/1261
f 1292/2277/1220 1331/2215/1257 1255/2214/1183
f 1291/2278/1219 1362/2279/1288 1292/2277/1220
f 1290/2201/1218 1363/2280/1289 1291/2278/1219
f 1292/2277/1220 1362/2279/1288 1331/2215/1257
f 1362/2279/1288 1330/2229/1256 1331/2215/1257
f 1291/2278/1219 1363/2280/1289 1362/2279/1288
f 1363/2280/1289 1364/2281/1290 1362/2279/1288
f 1362/2279/1288 1364/2281/1290 1330/2229/1256
f 1364/2281/1290 1329/2230/1255 1330/2229/1256
f 1290/2201/1218 1313/2194/1240 1363/2280/1289
f 1313/2194/1240 1312/2282/1239 1363/2280/1289
f 1363/2280/1289 1312/2282/1239 1364/2281/1290
f 1312/2282/1239 1311/2283/1238 1364/2281/1290
f 1364/2281/1290 1311/2283/1238 1329/2230/1255
f 1311/2283/1238 1254/2211/1182 1329/2230/1255
f 1316/2284/1242 1328/2212/1254 1254/2211/1182
f 1315/2285/844 1365/2286/1291 1316/2284/1242
f 1314/2200/1241 1366/2287/1292 1315/2288/844
f 1316/2284/1242 1365/2286/1291 1328/2212/1254
f 1365/2289/1291 1327/2241/1253 1328/2240/1254
f 1315/2288/844 1366/2287/1292 1365/2289/1291
f 1366/2287/1292 1367/2290/1293 1365/2289/1291
f 1365/2289/1291 1367/2290/1293 1327/2241/1253
f 1367/2290/1293 1326/2242/1252 1327/2241/1253
f 1314/2200/1241 1307/2191/1234 1366/2287/1292
f 1307/2191/1234 1306/2291/1233 1366/2287/1292
f 1366/2287/1292 1306/2291/1233 1367/2290/1293
f 1306/2291/1233 1305/2292/1232 1367/2290/1293
f 1367/2290/1293 1305/2292/1232 1326/2242/1252
f 1305/2292/1232 1253/2208/1181 1326/2242/1252
f 1310/2293/1237 1325/2209/1251 1253/2208/1181
f 1309/2294/1236 1368/2295/1294 1310/2293/1237
f 1308/2199/1235 1369/2296/1295 1309/2294/1236
f 1310/2293/1237 1368/2295/1294 1325/2209/1251
f 1368/2295/1294 1324/2251/1250 1325/2209/1251
f 1309/2294/1236 1369/2296/1295 1368/2295/1294
f 1369/2296/1295 1370/2297/1296 1368/2295/1294
f 1368/2295/1294 1370/2297/1296 1324/2251/1250
f 1370/2298/1296 1323/2254/1249 1324/2253/1250
f 1308/2199/1235 1301/2198/1228 1369/2296/1295
f 1301/2188/1228 1300/2299/1227 1369/2300/1295
f 1369/2300/1295 1300/2299/1227 1370/2298/1296
f 1300/2299/1227 1299/2301/1226 1370/2298/1296
f 1370/2298/1296 1299/2301/1226 1323/2254/1249
f 1299/2301/1226 1252/2205/1180 1323/2254/1249
f 1304/2302/1231 1322/2206/1248 1252/2205/1180
f 1303/2303/1230 1371/2304/1297 1304/2302/1231
f 1302/2196/1229 1372/2305/1298 1303/2303/1230
f 1304/2302/1231 1371/2304/1297 1322/2206/1248
f 1371/2304/1297 1321/2264/1247 1322/2206/1248
f 1303/2303/1230 1372/2305/1298 1371/2304/1297
f 1372/2305/1298 1373/2306/1299 1371/2304/1297
f 1371/2304/1297 1373/2306/1299 1321/2264/1247
f 1373/2306/1299 1320/2265/1246 1321/2264/1247
f 1302/2196/1229 1295/2185/1222 1372/2305/1298
f 1295/2185/1222 1294/2307/837 1372/2305/1298
f 1372/2305/1298 1294/2307/837 1373/2306/1299
f 1294/2307/837 1293/2308/1221 1373/2306/1299
f 1373/2306/1299 1293/2308/1221 1320/2265/1246
f 1293/2309/1221 1251/2202/1179 1320/2266/1246
f 1298/2310/1225 1319/2203/1245 1251/2202/1179
f 1297/2311/1224 1374/2312/1300 1298/2310/1225
f 1296/2195/1223 1375/2313/1301 1297/2311/1224
f 1298/2310/1225 1374/2312/1300 1319/2203/1245
f 1374/2312/1300 1318/2273/1244 1319/2203/1245
f 1297/2311/1224 1375/2313/1301 1374/2312/1300
f 1375/2313/1301 1376/2314/1302 1374/2312/1300
f 1374/2312/1300 1376/2314/1302 1318/2273/1244
f 1376/2314/1302 1317/2274/1243 1318/2273/1244
f 1296/2195/1223 1289/2182/1217 1375/2313/1301
f 1289/2182/1217 1288/2315/1216 1375/2313/1301
f 1375/2313/1301 1288/2315/1216 1376/2314/1302
f 1288/2315/1216 1287/2316/1215 1376/2314/1302
f 1376/2314/1302 1287/2316/1215 1317/2274/1243
f 1287/2316/1215 1255/2276/1183 1317/2274/1243
f 1311/2283/1238 1316/2284/1242 1254/2211/1182
f 1312/2282/1239 1377/2317/1303 1311/2283/1238
f 1313/2194/1240 1378/2318/1304 1312/2282/1239
f 1311/2283/1238 1377/2317/1303 1316/2284/1242
f 1377/2317/1303 1315/2285/844 1316/2284/1242
f 1312/2282/1239 1378/2318/1304 1377/2317/1303
f 1378/2318/1304 1379/2319/1305 1377/2317/1303
f 1377/2317/1303 1379/2319/1305 1315/2285/844
f 1379/2319/1305 1314/2320/1241 1315/2285/844
f 1313/2194/1240 1286/2193/1214 1378/2318/1304
f 1286/2193/1214 1285/2321/1213 1378/2318/1304
f 1378/2318/1304 1285/2321/1213 1379/2319/1305
f 1285/2321/1213 1284/2322/1212 1379/2319/1305
f 1379/2319/1305 1284/2322/1212 1314/2320/1241
f 1284/2323/1212 1249/2189/1177 1314/2200/1241
f 1305/2292/1232 1310/2293/1237 1253/2208/1181
f 1306/2291/1233 1380/2324/1306 1305/2292/1232
f 1307/2191/1234 1381/2325/1307 1306/2291/1233
f 1305/2292/1232 1380/2324/1306 1310/2293/1237
f 1380/2324/1306 1309/2294/1236 1310/2293/1237
f 1306/2291/1233 1381/2325/1307 1380/2324/1306
f 1381/2325/1307 1382/2326/1308 1380/2324/1306
f 1380/2324/1306 1382/2326/1308 1309/2294/1236
f 1382/2326/1308 1308/2199/1235 1309/2294/1236
f 1307/2191/1234 1283/2190/1211 1381/2325/1307
f 1283/2190/1211 1282/2327/1210 1381/2325/1307
f 1381/2325/1307 1282/2327/1210 1382/2326/1308
f 1282/2327/1210 1281/2328/1209 1382/2326/1308
f 1382/2326/1308 1281/2328/1209 1308/2199/1235
f 1281/2328/1209 1248/2197/1176 1308/2199/1235
f 1299/2301/1226 1304/2302/1231 1252/2205/1180
f 1300/2299/1227 1383/2329/1309 1299/2301/1226
f 1301/2188/1228 1384/2330/1310 1300/2299/1227
f 1299/2301/1226 1383/2329/1309 1304/2302/1231
f 1383/2329/1309 1303/2303/1230 1304/2302/1231
f 1300/2299/1227 1384/2330/1310 1383/2329/1309
f 1384/2330/1310 1385/2331/1311 1383/2329/1309
f 1383/2329/1309 1385/2331/1311 1303/2303/1230
f 1385/2331/1311 1302/2196/1229 1303/2303/1230
f 1301/2188/1228 1277/2187/1205 1384/2330/1310
f 1277/2187/1205 1276/2332/1204 1384/2330/1310
f 1384/2330/1310 1276/2332/1204 1385/2331/1311
f 1276/2332/1204 1275/2333/1203 1385/2331/1311
f 1385/2331/1311 1275/2333/1203 1302/2196/1229
f 1275/2333/1203 1247/2183/1175 1302/2196/1229
f 1293/2309/1221 1298/2310/1225 1251/2202/1179
f 1294/2334/837 1386/2335/1312 1293/2309/1221
f 1295/2185/1222 1387/2336/1313 1294/2307/837
f 1293/2309/1221 1386/2335/1312 1298/2310/1225
f 1386/2335/1312 1297/2311/1224 1298/2310/1225
f 1294/2334/837 1387/2337/1313 1386/2335/1312
f 1387/2337/1313 1388/2338/1314 1386/2335/1312
f 1386/2335/1312 1388/2338/1314 1297/2311/1224
f 1388/2338/1314 1296/2195/1223 1297/2311/1224
f 1295/2185/1222 1265/2184/1193 1387/2336/1313
f 1265/2339/1193 1264/2340/1192 1387/2337/1313
f 1387/2337/1313 1264/2340/1192 1388/2338/1314
f 1264/2340/1192 1263/2341/1191 1388/2338/1314
f 1388/2338/1314 1263/2341/1191 1296/2195/1223
f 1263/2341/1191 1246/2176/1174 1296/2195/1223
f 1287/2316/1215 1292/2342/1220 1255/2276/1183
f 1288/2315/1216 1389/2343/1315 1287/2316/1215
f 1289/2182/1217 1390/2344/1316 1288/2315/1216
f 1287/2316/1215 1389/2343/1315 1292/2342/1220
f 1389/2345/1315 1291/2278/1219 1292/2277/1220
f 1288/2315/1216 1390/2344/1316 1389/2343/1315
f 1390/2344/1316 1391/2346/1317 1389/2343/1315
f 1389/2345/1315 1391/2347/1317 1291/2278/1219
f 1391/2347/1317 1290/2201/1218 1291/2278/1219
f 1289/2182/1217 1268/2178/1196 1390/2344/1316
f 1268/2178/1196 1267/2348/1195 1390/2344/1316
f 1390/2344/1316 1267/2348/1195 1391/2346/1317
f 1267/2349/1195 1266/2350/1194 1391/2347/1317
f 1391/2347/1317 1266/2350/1194 1290/2201/1218
f 1266/2350/1194 1250/2192/1178 1290/2201/1218
f 1271/2351/1199 1286/2193/1214 1250/2192/1178
f 1270/2352/1198 1392/2353/1318 1271/2351/1199
f 1269/2181/1197 1393/2354/1319 1270/2355/1198
f 1271/2351/1199 1392/2353/1318 1286/2193/1214
f 1392/2353/1318 1285/2321/1213 1286/2193/1214
f 1270/2352/1198 1393/2356/1319 1392/2353/1318
f 1393/2356/1319 1394/2357/1320 1392/2353/1318
f 1392/2353/1318 1394/2357/1320 1285/2321/1213
f 1394/2357/1320 1284/2322/1212 1285/2321/1213
f 1269/2181/1197 1280/2180/1208 1393/2354/1319
f 1280/2180/1208 1279/2358/1207 1393/2354/1319
f 1393/2354/1319 1279/2358/1207 1394/2359/1320
f 1279/2360/1207 1278/2361/1206 1394/2362/1320
f 1394/2362/1320 1278/2361/1206 1284/2323/1212
f 1278/2361/1206 1249/2189/1177 1284/2323/1212
f 1278/2361/1206 1283/2190/1211 1249/2189/1177
f 1279/2360/1207 1395/2363/1321 1278/2361/1206
f 1280/2180/1208 1396/2364/1322 1279/2358/1207
f 1278/2361/1206 1395/2363/1321 1283/2190/1211
f 1395/2363/1321 1282/2327/1210 1283/2190/1211
f 1279/2358/1207 1396/2364/1322 1395/2365/1321
f 1396/2366/1322 1397/2367/1323 1395/2363/1321
f 1395/2363/1321 1397/2367/1323 1282/2327/1210
f 1397/2367/1323 1281/2328/1209 1282/2327/1210
f 1280/2180/1208 1274/2179/1202 1396/2364/1322
f 1274/2179/1202 1273/2368/1201 1396/2364/1322
f 1396/2364/1322 1273/2368/1201 1397/2369/1323
f 1273/2368/1201 1272/2370/1200 1397/2369/1323
f 1397/2367/1323 1272/2371/1200 1281/2328/1209
f 1272/2371/1200 1248/2197/1176 1281/2328/1209
f 1272/2372/1200 1277/2187/1205 1248/2186/1176
f 1273/2368/1201 1398/2373/1324 1272/2370/1200
f 1274/2179/1202 1399/2374/1325 1273/2368/1201
f 1272/2372/1200 1398/2375/1324 1277/2187/1205
f 1398/2375/1324 1276/2332/1204 1277/2187/1205
f 1273/2368/1201 1399/2374/1325 1398/2373/1324
f 1399/2376/1325 1400/2377/1326 1398/2375/1324
f 1398/2375/1324 1400/2377/1326 1276/2332/1204
f 1400/2377/1326 1275/2333/1203 1276/2332/1204
f 1274/2179/1202 1259/2175/1187 1399/2374/1325
f 1259/2175/1187 1258/2378/1186 1399/2374/1325
f 1399/2376/1325 1258/2379/1186 1400/2377/1326
f 1258/2379/1186 1257/2380/1185 1400/2377/1326
f 1400/2377/1326 1257/2380/1185 1275/2333/1203
f 1257/2380/1185 1247/2183/1175 1275/2333/1203
f 1266/2350/1194 1271/2351/1199 1250/2192/1178
f 1267/2349/1195 1401/2381/1327 1266/2350/1194
f 1268/2178/1196 1402/2382/1328 1267/2348/1195
f 1266/2350/1194 1401/2381/1327 1271/2351/1199
f 1401/2381/1327 1270/2352/1198 1271/2351/1199
f 1267/2383/1195 1402/2384/1328 1401/2385/1327
f 1402/2384/1328 1403/2386/1329 1401/2385/1327
f 1401/2385/1327 1403/2386/1329 1270/2355/1198
f 1403/2386/1329 1269/2181/1197 1270/2355/1198
f 1268/2178/1196 1262/2177/1190 1402/2382/1328
f 1262/2177/1190 1261/2387/1189 1402/2382/1328
f 1402/2384/1328 1261/2388/1189 1403/2386/1329
f 1261/2388/1189 1260/2174/1188 1403/2386/1329
f 1403/2386/1329 1260/2174/1188 1269/2181/1197
f 1260/2174/1188 1245/2173/1173 1269/2181/1197
f 1257/2380/1185 1265/2184/1193 1247/2183/1175
f 1258/2379/1186 1404/2389/1330 1257/2380/1185
f 1259/2175/1187 1405/2390/1331 1258/2378/1186
f 1257/2380/1185 1404/2389/1330 1265/2184/1193
f 1404/2391/1330 1264/2340/1192 1265/2339/1193
f 1258/2378/1186 1405/2390/1331 1404/2392/1330
f 1405/2393/1331 1406/2394/1332 1404/2391/1330
f 1404/2391/1330 1406/2394/1332 1264/2340/1192
f 1406/2394/1332 1263/2341/1191 1264/2340/1192
f 1259/2175/1187 1260/2174/1188 1405/2390/1331
f 1260/2174/1188 1261/2388/1189 1405/2390/1331
f 1405/2393/1331 1261/2387/1189 1406/2394/1332
f 1261/2387/1189 1262/2177/1190 1406/2394/1332
f 1406/2394/1332 1262/2177/1190 1263/2341/1191
f 1262/2177/1190 1246/2176/1174 1263/2341/1191
f 1407/2395/1333 1408/2396/1334 1410/2397/1336 1409/2398/1335
f 1409/2398/1335 1410/2397/1336 1412/2399/1338 1411/2400/1337
f 1411/2401/1337 1412/2402/1338 1414/2403/1340 1413/2404/1339
f 1413/2404/1339 1414/2403/1340 1416/2405/1342 1415/2406/1341
f 1415/2407/1341 1416/2408/1342 1418/2409/1344 1417/2410/1343
f 1417/2410/1343 1418/2409/1344 1420/2411/1346 1419/2412/1345
f 1410/2413/1336 1408/2414/1334 1422/2415/1348 1420/2416/1346 1418/2417/1344 1416/2418/1342 1414/2419/1340 1412/2420/1338
f 1419/2421/1345 1420/2422/1346 1422/2423/1348 1421/2424/1347
f 1421/2424/1347 1422/2423/1348 1408/2425/1334 1407/2426/1333
f 1407/2427/1333 1409/2428/1335 1411/2429/1337 1413/2430/1339 1415/2431/1341 1417/2432/1343 1419/2433/1345 1421/2434/1347
f 1423/2435/813 1436/2436/826 1435/2437/825
f 1424/2438/814 1436/2439/826 1438/2440/828
f 1423/2435/813 1435/2437/825 1440/2441/830
f 1423/2435/813 1440/2441/830 1442/2442/832
f 1423/2435/813 1442/2442/832 1439/2443/829
f 1424/2438/814 1438/2440/828 1445/2444/835
f 1425/2445/815 1437/2446/827 1447/2447/837
f 1426/2448/816 1441/2449/831 1449/2450/839
f 1427/2451/817 1443/2452/833 1451/2453/841
f 1428/2454/818 1444/2455/834 1453/2456/843
f 1424/2438/814 1445/2444/835 1448/2457/838
f 1425/2445/815 1447/2447/837 1450/2458/840
f 1426/2459/816 1449/2460/839 1452/2461/842
f 1427/2451/817 1451/2453/841 1454/2462/844
f 1428/2454/818 1453/2456/843 1446/2463/836
f 1429/2464/819 1455/2465/845 1460/2466/850
f 1430/2467/820 1456/2468/846 1462/2469/852
f 1431/2470/821 1457/2471/847 1463/2472/853
f 1432/2473/822 1458/2474/848 1464/2475/854
f 1433/2476/823 1459/2477/849 1461/2478/851
f 1461/2478/851 1464/2475/854 1434/2479/824
f 1461/2478/851 1459/2477/849 1464/2475/854
f 1459/2480/849 1432/2481/822 1464/2482/854
f 1464/2475/854 1463/2483/853 1434/2479/824
f 1464/2475/854 1458/2474/848 1463/2483/853
f 1458/2484/848 1431/2470/821 1463/2472/853
f 1463/2483/853 1462/2485/852 1434/2479/824
f 1463/2483/853 1457/2486/847 1462/2485/852
f 1457/2487/847 1430/2467/820 1462/2469/852
f 1462/2485/852 1460/2488/850 1434/2479/824
f 1462/2485/852 1456/2489/846 1460/2488/850
f 1456/2489/846 1429/2490/819 1460/2488/850
f 1460/2488/850 1461/2478/851 1434/2479/824
f 1460/2488/850 1455/2491/845 1461/2478/851
f 1455/2491/845 1433/2476/823 1461/2478/851
f 1446/2463/836 1459/2480/849 1433/2492/823
f 1446/2463/836 1453/2456/843 1459/2480/849
f 1453/2456/843 1432/2481/822 1459/2480/849
f 1454/2493/844 1458/2494/848 1432/2481/822
f 1454/2462/844 1451/2453/841 1458/2484/848
f 1451/2453/841 1431/2470/821 1458/2484/848
f 1452/2461/842 1457/2471/847 1431/2470/821
f 1452/2461/842 1449/2460/839 1457/2471/847
f 1449/2450/839 1430/2467/820 1457/2487/847
f 1450/2458/840 1456/2468/846 1430/2467/820
f 1450/2458/840 1447/2447/837 1456/2468/846
f 1447/2447/837 1429/2495/819 1456/2468/846
f 1448/2457/838 1455/2465/845 1429/2464/819
f 1448/2457/838 1445/2444/835 1455/2465/845
f 1445/2444/835 1433/2496/823 1455/2465/845
f 1453/2456/843 1454/2493/844 1432/2481/822
f 1453/2456/843 1444/2455/834 1454/2493/844
f 1444/2455/834 1427/2497/817 1454/2493/844
f 1451/2453/841 1452/2461/842 1431/2470/821
f 1451/2453/841 1443/2452/833 1452/2461/842
f 1443/2452/833 1426/2459/816 1452/2461/842
f 1449/2450/839 1450/2458/840 1430/2467/820
f 1449/2450/839 1441/2449/831 1450/2458/840
f 1441/2449/831 1425/2445/815 1450/2458/840
f 1447/2498/837 1448/2457/838 1429/2464/819
f 1447/2498/837 1437/2499/827 1448/2457/838
f 1437/2499/827 1424/2438/814 1448/2457/838
f 1445/2444/835 1446/2500/836 1433/2496/823
f 1445/2444/835 1438/2440/828 1446/2500/836
f 1438/2501/828 1428/2454/818 1446/2463/836
f 1439/2502/829 1444/2455/834 1428/2454/818
f 1439/2443/829 1442/2442/832 1444/2503/834
f 1442/2442/832 1427/2504/817 1444/2503/834
f 1442/2505/832 1443/2452/833 1427/2451/817
f 1442/2442/832 1440/2441/830 1443/2506/833
f 1440/2441/830 1426/2507/816 1443/2506/833
f 1440/2441/830 1441/2508/831 1426/2507/816
f 1440/2441/830 1435/2437/825 1441/2508/831
f 1435/2509/825 1425/2445/815 1441/2449/831
f 1438/2501/828 1439/2502/829 1428/2454/818
f 1438/2510/828 1436/2436/826 1439/2443/829
f 1436/2436/826 1423/2435/813 1439/2443/829
f 1435/2437/825 1437/2511/827 1425/2512/815
f 1435/2437/825 1436/2436/826 1437/2511/827
f 1436/2439/826 1424/2438/814 1437/2499/827
f 1465/2513/813 1478/2514/826 1477/2515/825
f 1466/2516/814 1478/2517/826 1480/2518/828
f 1465/2513/813 1477/2515/825 1482/2519/830
f 1465/2513/813 1482/2519/830 1484/2520/832
f 1465/2513/813 1484/2520/832 1481/2521/829
f 1466/2516/814 1480/2518/828 1487/2522/835
f 1467/2523/815 1479/2524/827 1489/2525/837
f 1468/2526/816 1483/2527/831 1491/2528/839
f 1469/2529/817 1485/2530/833 1493/2531/841
f 1470/2532/818 1486/2533/834 1495/2534/843
f 1466/2516/814 1487/2522/835 1490/2535/838
f 1467/2523/815 1489/2525/837 1492/2536/840
f 1468/2537/816 1491/2538/839 1494/2539/842
f 1469/2529/817 1493/2531/841 1496/2540/844
f 1470/2532/818 1495/2534/843 1488/2541/836
f 1471/2542/819 1497/2543/845 1502/2544/850
f 1472/2545/820 1498/2546/846 1504/2547/852
f 1473/2548/821 1499/2549/847 1505/2550/853
f 1474/2551/822 1500/2552/848 1506/2553/854
f 1475/2554/823 1501/2555/849 1503/2556/851
f 1503/2556/851 1506/2553/854 1476/2557/824
f 1503/2556/851 1501/2555/849 1506/2553/854
f 1501/2558/849 1474/2559/822 1506/2560/854
f 1506/2553/854 1505/2561/853 1476/2557/824
f 1506/2553/854 1500/2552/848 1505/2561/853
f 1500/2562/848 1473/2548/821 1505/2550/853
f 1505/2561/853 1504/2563/852 1476/2557/824
f 1505/2561/853 1499/2564/847 1504/2563/852
f 1499/2565/847 1472/2545/820 1504/2547/852
f 1504/2563/852 1502/2566/850 1476/2557/824
f 1504/2563/852 1498/2567/846 1502/2566/850
f 1498/2567/846 1471/2568/819 1502/2566/850
f 1502/2566/850 1503/2556/851 1476/2557/824
f 1502/2566/850 1497/2569/845 1503/2556/851
f 1497/2569/845 1475/2554/823 1503/2556/851
f 1488/2541/836 1501/2558/849 1475/2570/823
f 1488/2541/836 1495/2534/843 1501/2558/849
f 1495/2534/843 1474/2559/822 1501/2558/849
f 1496/2571/844 1500/2572/848 1474/2559/822
f 1496/2540/844 1493/2531/841 1500/2562/848
f 1493/2531/841 1473/2548/821 1500/2562/848
f 1494/2539/842 1499/2549/847 1473/2548/821
f 1494/2539/842 1491/2538/839 1499/2549/847
f 1491/2528/839 1472/2545/820 1499/2565/847
f 1492/2536/840 1498/2546/846 1472/2545/820
f 1492/2536/840 1489/2525/837 1498/2546/846
f 1489/2525/837 1471/2573/819 1498/2546/846
f 1490/2535/838 1497/2543/845 1471/2542/819
f 1490/2535/838 1487/2522/835 1497/2543/845
f 1487/2522/835 1475/2574/823 1497/2543/845
f 1495/2534/843 1496/2571/844 1474/2559/822
f 1495/2534/843 1486/2533/834 1496/2571/844
f 1486/2533/834 1469/2575/817 1496/2571/844
f 1493/2531/841 1494/2539/842 1473/2548/821
f 1493/2531/841 1485/2530/833 1494/2539/842
f 1485/2530/833 1468/2537/816 1494/2539/842
f 1491/2528/839 1492/2536/840 1472/2545/820
f 1491/2528/839 1483/2527/831 1492/2536/840
f 1483/2527/831 1467/2523/815 1492/2536/840
f 1489/2576/837 1490/2535/838 1471/2542/819
f 1489/2576/837 1479/2577/827 1490/2535/838
f 1479/2577/827 1466/2516/814 1490/2535/838
f 1487/2522/835 1488/2578/836 1475/2574/823
f 1487/2522/835 1480/2518/828 1488/2578/836
f 1480/2579/828 1470/2532/818 1488/2541/836
f 1481/2580/829 1486/2533/834 1470/2532/818
f 1481/2521/829 1484/2520/832 1486/2581/834
f 1484/2520/832 1469/2582/817 1486/2581/834
f 1484/2583/832 1485/2530/833 1469/2529/817
f 1484/2520/832 1482/2519/830 1485/2584/833
f 1482/2519/830 1468/2585/816 1485/2584/833
f 1482/2519/830 1483/2586/831 1468/2585/816
f 1482/2519/830 1477/2515/825 1483/2586/831
f 1477/2587/825 1467/2523/815 1483/2527/831
f 1480/2579/828 1481/2580/829 1470/2532/818
f 1480/2588/828 1478/2514/826 1481/2521/829
f 1478/2514/826 1465/2513/813 1481/2521/829
f 1477/2515/825 1479/2589/827 1467/2590/815
f 1477/2515/825 1478/2514/826 1479/2589/827
f 1478/2517/826 1466/2516/814 1479/2577/827
f 1507/2591/1349 1508/2592/1350 1510/2593/1352 1509/2594/1351
f 1509/2594/1351 1510/2593/1352 1512/2595/1354 1511/2596/1353
f 1511/2596/1353 1512/2595/1354 1514/2597/1356 1513/2598/1355
f 1513/2599/1355 1514/2600/1356 1516/2601/1358 1515/2602/1357
f 1515/2603/1357 1516/2604/1358 1518/2605/1360 1517/2606/1359
f 1517/2606/1359 1518/2605/1360 1520/2607/1362 1519/2608/1361
f 1510/2609/1352 1508/2610/1350 1522/2611/1364 1520/2612/1362 1518/2613/1360 1516/2614/1358 1514/2615/1356 1512/2616/1354
f 1519/2608/1361 1520/2607/1362 1522/2617/1364 1521/2618/1363
f 1521/2619/1363 1522/2620/1364 1508/2621/1350 1507/2622/1349
f 1507/2623/1349 1509/2624/1351 1511/2625/1353 1513/2626/1355 1515/2627/1357 1517/2628/1359 1519/2629/1361 1521/2630/1363
f 1523/2631/1365 1524/2632/1366 1526/2633/1368 1525/2634/1367
f 1525/2635/1367 1526/2636/1368 1528/2637/1370 1527/2638/1369
f 1527/2638/1369 1528/2637/1370 1530/2639/1372 1529/2640/1371
f 1529/2641/1371 1530/2642/1372 1532/2643/1374 1531/2644/1373
f 1531/2644/1373 1532/2643/1374 1534/2645/1376 1533/2646/1375
f 1533/2647/1375 1534/2648/1376 1536/2649/1378 1535/2650/1377
f 1526/2651/1368 1524/2652/1366 1538/2653/1380 1536/2654/1378 1534/2655/1376 1532/2656/1374 1530/2657/1372 1528/2658/1370
f 1535/2650/1377 1536/2649/1378 1538/2659/1380 1537/2660/1379
f 1537/2661/1379 1538/2662/1380 1524/2632/1366 1523/2631/1365
f 1523/2663/1365 1525/2664/1367 1527/2665/1369 1529/2666/1371 1531/2667/1373 1533/2668/1375 1535/2669/1377 1537/2670/1379
f 1539/2671/1381 1552/2672/1394 1551/2673/1393
f 1540/2674/1382 1552/2672/1394 1554/2675/1396
f 1539/2671/1381 1551/2673/1393 1556/2676/1398
f 1539/2671/1381 1556/2676/1398 1558/2677/1400
f 1539/2671/1381 1558/2677/1400 1555/2678/1397
f 1540/2679/1382 1554/2680/1396 1561/2681/1403
f 1541/2682/1383 1553/2683/1395 1563/2684/837
f 1542/2685/1384 1557/2686/1399 1565/2687/1406
f 1543/2688/1385 1559/2689/1401 1567/2690/1408
f 1544/2691/1386 1560/2692/1402 1569/2693/1410
f 1540/2679/1382 1561/2681/1403 1564/2694/1405
f 1541/2695/1383 1563/2696/837 1566/2697/1407
f 1542/2698/1384 1565/2699/1406 1568/2700/1409
f 1543/2688/1385 1567/2690/1408 1570/2701/844
f 1544/2691/1386 1569/2693/1410 1562/2702/1404
f 1545/2703/1387 1571/2704/1411 1576/2705/1416
f 1546/2706/1388 1572/2707/1412 1578/2708/1418
f 1547/2709/1389 1573/2710/1413 1579/2711/1419
f 1548/2712/1390 1574/2713/1414 1580/2714/1420
f 1549/2715/1391 1575/2716/1415 1577/2717/1417
f 1577/2717/1417 1580/2714/1420 1550/2718/1392
f 1577/2717/1417 1575/2716/1415 1580/2714/1420
f 1575/2716/1415 1548/2712/1390 1580/2714/1420
f 1580/2714/1420 1579/2711/1419 1550/2718/1392
f 1580/2714/1420 1574/2713/1414 1579/2711/1419
f 1574/2713/1414 1547/2709/1389 1579/2711/1419
f 1579/2711/1419 1578/2708/1418 1550/2718/1392
f 1579/2711/1419 1573/2710/1413 1578/2708/1418
f 1573/2710/1413 1546/2706/1388 1578/2708/1418
f 1578/2708/1418 1576/2705/1416 1550/2718/1392
f 1578/2708/1418 1572/2707/1412 1576/2705/1416
f 1572/2707/1412 1545/2703/1387 1576/2705/1416
f 1576/2705/1416 1577/2717/1417 1550/2718/1392
f 1576/2705/1416 1571/2704/1411 1577/2717/1417
f 1571/2704/1411 1549/2715/1391 1577/2717/1417
f 1562/2702/1404 1575/2719/1415 1549/2720/1391
f 1562/2702/1404 1569/2693/1410 1575/2719/1415
f 1569/2693/1410 1548/2721/1390 1575/2719/1415
f 1570/2701/844 1574/2722/1414 1548/2723/1390
f 1570/2701/844 1567/2690/1408 1574/2722/1414
f 1567/2690/1408 1547/2724/1389 1574/2722/1414
f 1568/2700/1409 1573/2725/1413 1547/2724/1389
f 1568/2700/1409 1565/2699/1406 1573/2725/1413
f 1565/2687/1406 1546/2726/1388 1573/2727/1413
f 1566/2697/1407 1572/2728/1412 1546/2726/1388
f 1566/2697/1407 1563/2696/837 1572/2728/1412
f 1563/2696/837 1545/2729/1387 1572/2728/1412
f 1564/2694/1405 1571/2730/1411 1545/2731/1387
f 1564/2694/1405 1561/2681/1403 1571/2730/1411
f 1561/2681/1403 1549/2732/1391 1571/2730/1411
f 1569/2693/1410 1570/2733/844 1548/2721/1390
f 1569/2693/1410 1560/2692/1402 1570/2733/844
f 1560/2692/1402 1543/2734/1385 1570/2733/844
f 1567/2690/1408 1568/2700/1409 1547/2724/1389
f 1567/2690/1408 1559/2689/1401 1568/2700/1409
f 1559/2689/1401 1542/2698/1384 1568/2700/1409
f 1565/2687/1406 1566/2697/1407 1546/2726/1388
f 1565/2687/1406 1557/2686/1399 1566/2697/1407
f 1557/2686/1399 1541/2695/1383 1566/2697/1407
f 1563/2684/837 1564/2694/1405 1545/2731/1387
f 1563/2684/837 1553/2683/1395 1564/2694/1405
f 1553/2683/1395 1540/2679/1382 1564/2694/1405
f 1561/2681/1403 1562/2735/1404 1549/2732/1391
f 1561/2681/1403 1554/2680/1396 1562/2735/1404
f 1554/2736/1396 1544/2691/1386 1562/2702/1404
f 1555/2678/1397 1560/2737/1402 1544/2738/1386
f 1555/2678/1397 1558/2677/1400 1560/2737/1402
f 1558/2677/1400 1543/2739/1385 1560/2737/1402
f 1558/2677/1400 1559/2740/1401 1543/2739/1385
f 1558/2677/1400 1556/2676/1398 1559/2740/1401
f 1556/2676/1398 1542/2741/1384 1559/2740/1401
f 1556/2676/1398 1557/2742/1399 1542/2741/1384
f 1556/2676/1398 1551/2673/1393 1557/2742/1399
f 1551/2673/1393 1541/2743/1383 1557/2742/1399
f 1554/2675/1396 1555/2678/1397 1544/2738/1386
f 1554/2675/1396 1552/2672/1394 1555/2678/1397
f 1552/2672/1394 1539/2671/1381 1555/2678/1397
f 1551/2673/1393 1553/2744/1395 1541/2743/1383
f 1551/2673/1393 1552/2672/1394 1553/2744/1395
f 1552/2672/1394 1540/2674/1382 1553/2744/1395
f 1581/2745/1421 1582/2746/1422 1584/2747/1424 1583/2748/1423
f 1583/2748/1423 1584/2747/1424 1586/2749/1426 1585/2750/1425
f 1585/2751/1425 1586/2752/1426 1588/2753/1428 1587/2754/1427
f 1587/2754/1427 1588/2753/1428 1590/2755/1430 1589/2756/1429
f 1589/2757/1429 1590/2758/1430 1592/2759/1432 1591/2760/1431
f 1591/2760/1431 1592/2759/1432 1594/2761/1434 1593/2762/1433
f 1584/2763/1424 1582/2764/1422 1596/2765/1436 1594/2766/1434 1592/2767/1432 1590/2768/1430 1588/2769/1428 1586/2770/1426
f 1593/2771/1433 1594/2772/1434 1596/2773/1436 1595/2774/1435
f 1595/2774/1435 1596/2773/1436 1582/2775/1422 1581/2776/1421
f 1581/2777/1421 1583/2778/1423 1585/2779/1425 1587/2780/1427 1589/2781/1429 1591/2782/1431 1593/2783/1433 1595/2784/1435
f 1597/2785/1437 1598/2786/1438 1600/2787/1440 1599/2788/1439
f 1599/2789/1439 1600/2790/1440 1602/2791/1442 1601/2792/1441
f 1601/2792/1441 1602/2791/1442 1604/2793/1444 1603/2794/1443
f 1603/2795/1443 1604/2796/1444 1606/2797/1446 1605/2798/1445
f 1605/2798/1445 1606/2797/1446 1608/2799/1448 1607/2800/1447
f 1607/2801/1447 1608/2802/1448 1610/2803/1450 1609/2804/1449
f 1600/2805/1440 1598/2806/1438 1612/2807/1452 1610/2808/1450 1608/2809/1448 1606/2810/1446 1604/2811/1444 1602/2812/1442
f 1609/2804/1449 1610/2803/1450 1612/2813/1452 1611/2814/1451
f 1611/2815/1451 1612/2816/1452 1598/2786/1438 1597/2785/1437
f 1597/2817/1437 1599/2818/1439 1601/2819/1441 1603/2820/1443 1605/2821/1445 1607/2822/1447 1609/2823/1449 1611/2824/1451
f 1613/2825/1381 1626/2826/1394 1625/2827/1393
f 1614/2828/1382 1626/2826/1394 1628/2829/1396
f 1613/2825/1381 1625/2827/1393 1630/2830/1398
f 1613/2825/1381 1630/2830/1398 1632/2831/1400
f 1613/2825/1381 1632/2831/1400 1629/2832/1397
f 1614/2833/1382 1628/2834/1396 1635/2835/1403
f 1615/2836/1383 1627/2837/1395 1637/2838/837
f 1616/2839/1384 1631/2840/1399 1639/2841/1406
f 1617/2842/1385 1633/2843/1401 1641/2844/1408
f 1618/2845/1386 1634/2846/1402 1643/2847/1410
f 1614/2833/1382 1635/2835/1403 1638/2848/1405
f 1615/2849/1383 1637/2850/837 1640/2851/1407
f 1616/2852/1384 1639/2853/1406 1642/2854/1409
f 1617/2842/1385 1641/2844/1408 1644/2855/844
f 1618/2845/1386 1643/2847/1410 1636/2856/1404
f 1619/2857/1387 1645/2858/1411 1650/2859/1416
f 1620/2860/1388 1646/2861/1412 1652/2862/1418
f 1621/2863/1389 1647/2864/1413 1653/2865/1419
f 1622/2866/1390 1648/2867/1414 1654/2868/1420
f 1623/2869/1391 1649/2870/1415 1651/2871/1417
f 1651/2871/1417 1654/2868/1420 1624/2872/1392
f 1651/2871/1417 1649/2870/1415 1654/2868/1420
f 1649/2870/1415 1622/2866/1390 1654/2868/1420
f 1654/2868/1420 1653/2865/1419 1624/2872/1392
f 1654/2868/1420 1648/2867/1414 1653/2865/1419
f 1648/2867/1414 1621/2863/1389 1653/2865/1419
f 1653/2865/1419 1652/2862/1418 1624/2872/1392
f 1653/2865/1419 1647/2864/1413 1652/2862/1418
f 1647/2864/1413 1620/2860/1388 1652/2862/1418
f 1652/2862/1418 1650/2859/1416 1624/2872/1392
f 1652/2862/1418 1646/2861/1412 1650/2859/1416
f 1646/2861/1412 1619/2857/1387 1650/2859/1416
f 1650/2859/1416 1651/2871/1417 1624/2872/1392
f 1650/2859/1416 1645/2858/1411 1651/2871/1417
f 1645/2858/1411 1623/2869/1391 1651/2871/1417
f 1636/2856/1404 1649/2873/1415 1623/2874/1391
f 1636/2856/1404 1643/2847/1410 1649/2873/1415
f 1643/2847/1410 1622/2875/1390 1649/2873/1415
f 1644/2855/844 1648/2876/1414 1622/2877/1390
f 1644/2855/844 1641/2844/1408 1648/2876/1414
f 1641/2844/1408 1621/2878/1389 1648/2876/1414
f 1642/2854/1409 1647/2879/1413 1621/2878/1389
f 1642/2854/1409 1639/2853/1406 1647/2879/1413
f 1639/2841/1406 1620/2880/1388 1647/2881/1413
f 1640/2851/1407 1646/2882/1412 1620/2880/1388
f 1640/2851/1407 1637/2850/837 1646/2882/1412
f 1637/2850/837 1619/2883/1387 1646/2882/1412
f 1638/2848/1405 1645/2884/1411 1619/2885/1387
f 1638/2848/1405 1635/2835/1403 1645/2884/1411
f 1635/2835/1403 1623/2886/1391 1645/2884/1411
f 1643/2847/1410 1644/2887/844 1622/2875/1390
f 1643/2847/1410 1634/2846/1402 1644/2887/844
f 1634/2846/1402 1617/2888/1385 1644/2887/844
f 1641/2844/1408 1642/2854/1409 1621/2878/1389
f 1641/2844/1408 1633/2843/1401 1642/2854/1409
f 1633/2843/1401 1616/2852/1384 1642/2854/1409
f 1639/2841/1406 1640/2851/1407 1620/2880/1388
f 1639/2841/1406 1631/2840/1399 1640/2851/1407
f 1631/2840/1399 1615/2849/1383 1640/2851/1407
f 1637/2838/837 1638/2848/1405 1619/2885/1387
f 1637/2838/837 1627/2837/1395 1638/2848/1405
f 1627/2837/1395 1614/2833/1382 1638/2848/1405
f 1635/2835/1403 1636/2889/1404 1623/2886/1391
f 1635/2835/1403 1628/2834/1396 1636/2889/1404
f 1628/2890/1396 1618/2845/1386 1636/2856/1404
f 1629/2832/1397 1634/2891/1402 1618/2892/1386
f 1629/2832/1397 1632/2831/1400 1634/2891/1402
f 1632/2831/1400 1617/2893/1385 1634/2891/1402
f 1632/2831/1400 1633/2894/1401 1617/2893/1385
f 1632/2831/1400 1630/2830/1398 1633/2894/1401
f 1630/2830/1398 1616/2895/1384 1633/2894/1401
f 1630/2830/1398 1631/2896/1399 1616/2895/1384
f 1630/2830/1398 1625/2827/1393 1631/2896/1399
f 1625/2827/1393 1615/2897/1383 1631/2896/1399
f 1628/2829/1396 1629/2832/1397 1618/2892/1386
f 1628/2829/1396 1626/2826/1394 1629/2832/1397
f 1626/2826/1394 1613/2825/1381 1629/2832/1397
f 1625/2827/1393 1627/2898/1395 1615/2897/1383
f 1625/2827/1393 1626/2826/1394 1627/2898/1395
f 1626/2826/1394 1614/2828/1382 1627/2898/1395
f 1655/2899/813 1656/2900/814 1657/2901/1453
f 1656/2900/814 1655/2899/813 1660/2902/818
f 1655/2899/813 1657/2901/1453 1658/2903/816
f 1655/2899/813 1658/2903/816 1659/2904/1454
f 1655/2899/813 1659/2904/1454 1660/2902/818
f 1656/2905/814 1660/2906/818 1665/2907/823
f 1657/2908/1453 1656/2905/814 1661/2909/1455
f 1658/2910/816 1657/2911/1453 1662/2912/820
f 1659/2913/1454 1658/2914/816 1663/2915/821
f 1660/2916/818 1659/2917/1454 1664/2918/1456
f 1656/2905/814 1665/2907/823 1661/2909/1455
f 1657/2911/1453 1661/2919/1455 1662/2912/820
f 1658/2914/816 1662/2920/820 1663/2915/821
f 1659/2913/1454 1663/2915/821 1664/2921/1456
f 1660/2916/818 1664/2918/1456 1665/2922/823
f 1661/2923/1455 1665/2924/823 1666/2925/824
f 1662/2926/820 1661/2923/1455 1666/2925/824
f 1663/2927/821 1662/2926/820 1666/2925/824
f 1664/2928/1456 1663/2927/821 1666/2925/824
f 1665/2924/823 1664/2928/1456 1666/2925/824
f 1667/2929/813 1668/2930/814 1669/2931/1453
f 1668/2930/814 1667/2929/813 1672/2932/818
f 1667/2929/813 1669/2931/1453 1670/2933/816
f 1667/2929/813 1670/2933/816 1671/2934/1454
f 1667/2929/813 1671/2934/1454 1672/2932/818
f 1668/2935/814 1672/2936/818 1677/2937/823
f 1669/2938/1453 1668/2935/814 1673/2939/1455
f 1670/2940/816 1669/2941/1453 1674/2942/820
f 1671/2943/1454 1670/2944/816 1675/2945/821
f 1672/2946/818 1671/2947/1454 1676/2948/1456
f 1668/2935/814 1677/2937/823 1673/2939/1455
f 1669/2941/1453 1673/2949/1455 1674/2942/820
f 1670/2944/816 1674/2950/820 1675/2945/821
f 1671/2943/1454 1675/2945/821 1676/2951/1456
f 1672/2946/818 1676/2948/1456 1677/2952/823
f 1673/2953/1455 1677/2954/823 1678/2955/824
f 1674/2956/820 1673/2953/1455 1678/2955/824
f 1675/2957/821 1674/2956/820 1678/2955/824
f 1676/2958/1456 1675/2957/821 1678/2955/824
f 1677/2954/823 1676/2958/1456 1678/2955/824
f 1679/2959/813 1680/2960/814 1681/2961/1453
f 1680/2960/814 1679/2959/813 1684/2962/818
f 1679/2959/813 1681/2961/1453 1682/2963/816
f 1679/2959/813 1682/2963/816 1683/2964/1454
f 1679/2959/813 1683/2964/1454 1684/2962/818
f 1680/2965/814 1684/2966/818 1689/2967/823
f 1681/2968/1453 1680/2965/814 1685/2969/1455
f 1682/2970/816 1681/2971/1453 1686/2972/820
f 1683/2973/1454 1682/2974/816 1687/2975/821
f 1684/2976/818 1683/2977/1454 1688/2978/1456
f 1680/2965/814 1689/2967/823 1685/2969/1455
f 1681/2971/1453 1685/2979/1455 1686/2972/820
f 1682/2974/816 1686/2980/820 1687/2975/821
f 1683/2973/1454 1687/2975/821 1688/2981/1456
f 1684/2976/818 1688/2978/1456 1689/2982/823
f 1685/2983/1455 1689/2984/823 1690/2985/824
f 1686/2986/820 1685/2983/1455 1690/2985/824
f 1687/2987/821 1686/2986/820 1690/2985/824
f 1688/2988/1456 1687/2987/821 1690/2985/824
f 1689/2984/823 1688/2988/1456 1690/2985/824
f 1691/2989/813 1692/2990/814 1693/2991/1453
f 1692/2990/814 1691/2989/813 1696/2992/818
f 1691/2989/813 1693/2991/1453 1694/2993/816
f 1691/2989/813 1694/2993/816 1695/2994/1454
f 1691/2989/813 1695/2994/1454 1696/2992/818
f 1692/2995/814 1696/2996/818 1701/2997/823
f 1693/2998/1453 1692/2995/814 1697/2999/1455
f 1694/3000/816 1693/3001/1453 1698/3002/820
f 1695/3003/1454 1694/3004/816 1699/3005/821
f 1696/3006/818 1695/3007/1454 1700/3008/1456
f 1692/2995/814 1701/2997/823 1697/2999/1455
f 1693/3001/1453 1697/3009/1455 1698/3002/820
f 1694/3004/816 1698/3010/820 1699/3005/821
f 1695/3003/1454 1699/3005/821 1700/3011/1456
f 1696/3006/818 1700/3008/1456 1701/3012/823
f 1697/3013/1455 1701/3014/823 1702/3015/824
f 1698/3016/820 1697/3013/1455 1702/3015/824
f 1699/3017/821 1698/3016/820 1702/3015/824
f 1700/3018/1456 1699/3017/821 1702/3015/824
f 1701/3014/823 1700/3018/1456 1702/3015/824
f 1703/3019/813 1704/3020/814 1705/3021/1453
f 1704/3020/814 1703/3019/813 1708/3022/818
f 1703/3019/813 1705/3021/1453 1706/3023/816
f 1703/3019/813 1706/3023/816 1707/3024/1454
f 1703/3019/813 1707/3024/1454 1708/3022/818
f 1704/3025/814 1708/3026/818 1713/3027/823
f 1705/3028/1453 1704/3025/814 1709/3029/1455
f 1706/3030/816 1705/3031/1453 1710/3032/820
f 1707/3033/1454 1706/3034/816 1711/3035/821
f 1708/3036/818 1707/3037/1454 1712/3038/1456
f 1704/3025/814 1713/3027/823 1709/3029/1455
f 1705/3031/1453 1709/3039/1455 1710/3032/820
f 1706/3034/816 1710/3040/820 1711/3035/821
f 1707/3033/1454 1711/3035/821 1712/3041/1456
f 1708/3036/818 1712/3038/1456 1713/3042/823
f 1709/3043/1455 1713/3044/823 1714/3045/824
f 1710/3046/820 1709/3043/1455 1714/3045/824
f 1711/3047/821 1710/3046/820 1714/3045/824
f 1712/3048/1456 1711/3047/821 1714/3045/824
f 1713/3044/823 1712/3048/1456 1714/3045/824
f 1715/3049/813 1716/3050/814 1717/3051/1453
f 1716/3050/814 1715/3049/813 1720/3052/818
f 1715/3049/813 1717/3051/1453 1718/3053/816
f 1715/3049/813 1718/3053/816 1719/3054/1454
f 1715/3049/813 1719/3054/1454 1720/3052/818
f 1716/3055/814 1720/3056/818 1725/3057/823
f 1717/3058/1453 1716/3055/814 1721/3059/1455
f 1718/3060/816 1717/3061/1453 1722/3062/820
f 1719/3063/1454 1718/3064/816 1723/3065/821
f 1720/3066/818 1719/3067/1454 1724/3068/1456
f 1716/3055/814 1725/3057/823 1721/3059/1455
f 1717/3061/1453 1721/3069/1455 1722/3062/820
f 1718/3064/816 1722/3070/820 1723/3065/821
f 1719/3063/1454 1723/3065/821 1724/3071/1456
f 1720/3066/818 1724/3068/1456 1725/3072/823
f 1721/3073/1455 1725/3074/823 1726/3075/824
f 1722/3076/820 1721/3073/1455 1726/3075/824
f 1723/3077/821 1722/3076/820 1726/3075/824
f 1724/3078/1456 1723/3077/821 1726/3075/824
f 1725/3074/823 1724/3078/1456 1726/3075/824
f 1727/3079/813 1728/3080/814 1729/3081/1453
f 1728/3080/814 1727/3079/813 1732/3082/818
f 1727/3079/813 1729/3081/1453 1730/3083/816
f 1727/3079/813 1730/3083/816 1731/3084/1454
f 1727/3079/813 1731/3084/1454 1732/3082/818
f 1728/3085/814 1732/3086/818 1737/3087/823
f 1729/3088/1453 1728/3085/814 1733/3089/1455
f 1730/3090/816 1729/3091/1453 1734/3092/820
f 1731/3093/1454 1730/3094/816 1735/3095/821
f 1732/3096/818 1731/3097/1454 1736/3098/1456
f 1728/3085/814 1737/3087/823 1733/3089/1455
f 1729/3091/1453 1733/3099/1455 1734/3092/820
f 1730/3094/816 1734/3100/820 1735/3095/821
f 1731/3093/1454 1735/3095/821 1736/3101/1456
f 1732/3096/818 1736/3098/1456 1737/3102/823
f 1733/3103/1455 1737/3104/823 1738/3105/824
f 1734/3106/820 1733/3103/1455 1738/3105/824
f 1735/3107/821 1734/3106/820 1738/3105/824
f 1736/3108/1456 1735/3107/821 1738/3105/824
f 1737/3104/823 1736/3108/1456 1738/3105/824
f 1739/3109/813 1740/3110/814 1741/3111/1453
f 1740/3110/814 1739/3109/813 1744/3112/818
f 1739/3109/813 1741/3111/1453 1742/3113/816
f 1739/3109/813 1742/3113/816 1743/3114/1454
f 1739/3109/813 1743/3114/1454 1744/3112/818
f 1740/3115/814 1744/3116/818 1749/3117/823
f 1741/3118/1453 1740/3115/814 1745/3119/1455
f 1742/3120/816 1741/3121/1453 1746/3122/820
f 1743/3123/1454 1742/3124/816 1747/3125/821
f 1744/3126/818 1743/3127/1454 1748/3128/1456
f 1740/3115/814 1749/3117/823 1745/3119/1455
f 1741/3121/1453 1745/3129/1455 1746/3122/820
f 1742/3124/816 1746/3130/820 1747/3125/821
f 1743/3123/1454 1747/3125/821 1748/3131/1456
f 1744/3126/818 1748/3128/1456 1749/3132/823
f 1745/3133/1455 1749/3134/823 1750/3135/824
f 1746/3136/820 1745/3133/1455 1750/3135/824
f 1747/3137/821 1746/3136/820 1750/3135/824
f 1748/3138/1456 1747/3137/821 1750/3135/824
f 1749/3134/823 1748/3138/1456 1750/3135/824
f 1751/3139/813 1752/3140/814 1753/3141/1453
f 1752/3140/814 1751/3139/813 1756/3142/818
f 1751/3139/813 1753/3141/1453 1754/3143/816
f 1751/3139/813 1754/3143/816 1755/3144/1454
f 1751/3139/813 1755/3144/1454 1756/3142/818
f 1752/3145/814 1756/3146/818 1761/3147/823
f 1753/3148/1453 1752/3145/814 1757/3149/1455
f 1754/3150/816 1753/3151/1453 1758/3152/820
f 1755/3153/1454 1754/3154/816 1759/3155/821
f 1756/3156/818 1755/3157/1454 1760/3158/1456
f 1752/3145/814 1761/3147/823 1757/3149/1455
f 1753/3151/1453 1757/3159/1455 1758/3152/820
f 1754/3154/816 1758/3160/820 1759/3155/821
f 1755/3153/1454 1759/3155/821 1760/3161/1456
f 1756/3156/818 1760/3158/1456 1761/3162/823
f 1757/3163/1455 1761/3164/823 1762/3165/824
f 1758/3166/820 1757/3163/1455 1762/3165/824
f 1759/3167/821 1758/3166/820 1762/3165/824
f 1760/3168/1456 1759/3167/821 1762/3165/824
f 1761/3164/823 1760/3168/1456 1762/3165/824
f 1763/3169/813 1764/3170/814 1765/3171/1453
f 1764/3170/814 1763/3169/813 1768/3172/818
f 1763/3169/813 1765/3171/1453 1766/3173/816
f 1763/3169/813 1766/3173/816 1767/3174/1454
f 1763/3169/813 1767/3174/1454 1768/3172/818
f 1764/3175/814 1768/3176/818 1773/3177/823
f 1765/3178/1453 1764/3175/814 1769/3179/1455
f 1766/3180/816 1765/3181/1453 1770/3182/820
f 1767/3183/1454 1766/3184/816 1771/3185/821
f 1768/3186/818 1767/3187/1454 1772/3188/1456
f 1764/3175/814 1773/3177/823 1769/3179/1455
f 1765/3181/1453 1769/3189/1455 1770/3182/820
f 1766/3184/816 1770/3190/820 1771/3185/821
f 1767/3183/1454 1771/3185/821 1772/3191/1456
f 1768/3186/818 1772/3188/1456 1773/3192/823
f 1769/3193/1455 1773/3194/823 1774/3195/824
f 1770/3196/820 1769/3193/1455 1774/3195/824
f 1771/3197/821 1770/3196/820 1774/3195/824
f 1772/3198/1456 1771/3197/821 1774/3195/824
f 1773/3194/823 1772/3198/1456 1774/3195/824
f 1775/3199/813 1776/3200/814 1777/3201/1453
f 1776/3200/814 1775/3199/813 1780/3202/818
f 1775/3199/813 1777/3201/1453 1778/3203/816
f 1775/3199/813 1778/3203/816 1779/3204/1454
f 1775/3199/813 1779/3204/1454 1780/3202/818
f 1776/3205/814 1780/3206/818 1785/3207/823
f 1777/3208/1453 1776/3205/814 1781/3209/1455
f 1778/3210/816 1777/3211/1453 1782/3212/820
f 1779/3213/1454 1778/3214/816 1783/3215/821
f 1780/3216/818 1779/3217/1454 1784/3218/1456
f 1776/3205/814 1785/3207/823 1781/3209/1455
f 1777/3211/1453 1781/3219/1455 1782/3212/820
f 1778/3214/816 1782/3220/820 1783/3215/821
f 1779/3213/1454 1783/3215/821 1784/3221/1456
f 1780/3216/818 1784/3218/1456 1785/3222/823
f 1781/3223/1455 1785/3224/823 1786/3225/824
f 1782/3226/820 1781/3223/1455 1786/3225/824
f 1783/3227/821 1782/3226/820 1786/3225/824
f 1784/3228/1456 1783/3227/821 1786/3225/824
f 1785/3224/823 1784/3228/1456 1786/3225/824
f 1787/3229/1 1788/3230/2 1790/3231/4 1789/3232/3
f 1789/3232/3 1790/3231/4 1792/3233/6 1791/3234/5
f 1791/3234/5 1792/3233/6 1794/3235/8 1793/3236/7
f 1793/3237/7 1794/3238/8 1796/3239/10 1795/3240/9
f 1795/3240/9 1796/3239/10 1798/3241/12 1797/3242/11
f 1797/3242/11 1798/3241/12 1800/3243/14 1799/3244/13
f 1799/3245/13 1800/3246/14 1802/3247/16 1801/3248/15
f 1801/3248/15 1802/3247/16 1804/3249/18 1803/3250/17
f 1803/3250/17 1804/3249/18 1806/3251/20 1805/3252/19
f 1805/3253/19 1806/3254/20 1808/3255/22 1807/3256/21
f 1790/3257/4 1788/3258/2 1810/3259/24 1808/3260/22 1806/3261/20 1804/3262/18 1802/3263/16 1800/3264/14 1798/3265/12 1796/3266/10 1794/3267/8 1792/3268/6
f 1807/3256/21 1808/3255/22 1810/3269/24 1809/3270/23
f 1809/3270/23 1810/3269/24 1788/3271/2 1787/3272/1
f 1787/3273/1 1789/3274/3 1791/3275/5 1793/3276/7 1795/3277/9 1797/3278/11 1799/3279/13 1801/3280/15 1803/3281/17 1805/3282/19 1807/3283/21 1809/3284/23
f 1811/3285/813 1830/3286/1474 1829/3287/1473
f 1812/3288/1457 1836/3289/1480 1850/3290/1494
f 1811/3285/813 1829/3287/1473 1864/3291/1508
f 1811/3285/813 1864/3291/1508 1878/3292/1522
f 1811/3285/813 1878/3292/1522 1851/3293/1495
f 1812/3288/1457 1850/3290/1494 1899/3294/1543
f 1813/3295/1458 1843/3296/1487 1913/3297/1556
f 1814/3298/1459 1871/3299/1515 1927/3300/1570
f 1815/3301/1460 1885/3302/1529 1941/3303/1584
f 1816/3304/1461 1892/3305/1536 1955/3306/1598
f 1812/3288/1457 1899/3294/1543 1914/3307/1557
f 1813/3295/1458 1913/3297/1556 1928/3308/1571
f 1814/3309/1459 1927/3310/1570 1942/3311/1585
f 1815/3301/1460 1941/3303/1584 1956/3312/1599
f 1816/3304/1461 1955/3306/1598 1900/3313/1544
f 1817/3314/1462 1969/3315/1611 2004/3316/1646
f 1818/3317/1463 1976/3318/1618 2018/3319/1660
f 1819/3320/1464 1983/3321/1625 2025/3322/1667
f 1820/3323/1465 1990/3324/1632 2032/3325/1674
f 1821/3326/1466 1997/3327/1639 2005/3328/1647
f 2011/3329/1653 2026/3330/1668 1822/3331/824
f 2010/3332/1652 2033/3333/1675 2011/3329/1653
f 2009/3334/1651 2034/3335/1676 2010/3332/1652
f 2008/3336/1650 2036/3337/1678 2009/3334/1651
f 2007/3338/1649 2039/3339/1681 2008/3336/1650
f 2006/3340/1648 2043/3341/1685 2007/3338/1649
f 2005/3328/1647 2048/3342/1690 2006/3343/1648
f 2011/3329/1653 2033/3333/1675 2026/3330/1668
f 2033/3333/1675 2027/3344/1669 2026/3330/1668
f 2010/3332/1652 2034/3335/1676 2033/3333/1675
f 2034/3335/1676 2035/3345/1677 2033/3333/1675
f 2033/3333/1675 2035/3345/1677 2027/3344/1669
f 2035/3345/1677 2028/3346/1670 2027/3344/1669
f 2009/3334/1651 2036/3337/1678 2034/3335/1676
f 2036/3337/1678 2037/3347/1679 2034/3335/1676
f 2034/3335/1676 2037/3347/1679 2035/3345/1677
f 2037/3347/1679 2038/3348/1680 2035/3345/1677
f 2035/3345/1677 2038/3348/1680 2028/3346/1670
f 2038/3348/1680 2029/3349/1671 2028/3346/1670
f 2008/3336/1650 2039/3339/1681 2036/3337/1678
f 2039/3339/1681 2040/3350/1682 2036/3337/1678
f 2036/3337/1678 2040/3350/1682 2037/3347/1679
f 2040/3350/1682 2041/3351/1683 2037/3347/1679
f 2037/3347/1679 2041/3351/1683 2038/3348/1680
f 2041/3351/1683 2042/3352/1684 2038/3348/1680
f 2038/3348/1680 2042/3352/1684 2029/3349/1671
f 2042/3352/1684 2030/3353/1672 2029/3349/1671
f 2007/3338/1649 2043/3341/1685 2039/3339/1681
f 2043/3341/1685 2044/3354/1686 2039/3339/1681
f 2039/3339/1681 2044/3354/1686 2040/3350/1682
f 2044/3354/1686 2045/3355/1687 2040/3350/1682
f 2040/3350/1682 2045/3355/1687 2041/3351/1683
f 2045/3355/1687 2046/3356/1688 2041/3351/1683
f 2041/3351/1683 2046/3356/1688 2042/3352/1684
f 2046/3357/1688 2047/3358/1689 2042/3359/1684
f 2042/3352/1684 2047/3360/1689 2030/3353/1672
f 2047/3358/1689 2031/3361/1673 2030/3362/1672
f 2006/3340/1648 2048/3363/1690 2043/3341/1685
f 2048/3342/1690 2049/3364/1691 2043/3365/1685
f 2043/3365/1685 2049/3364/1691 2044/3366/1686
f 2049/3364/1691 2050/3367/1692 2044/3366/1686
f 2044/3366/1686 2050/3367/1692 2045/3368/1687
f 2050/3367/1692 2051/3369/1693 2045/3368/1687
f 2045/3368/1687 2051/3369/1693 2046/3357/1688
f 2051/3369/1693 2052/3370/1694 2046/3357/1688
f 2046/3357/1688 2052/3370/1694 2047/3358/1689
f 2052/3370/1694 2053/3371/1695 2047/3358/1689
f 2047/3358/1689 2053/3371/1695 2031/3361/1673
f 2053/3371/1695 2032/3325/1674 2031/3361/1673
f 2005/3328/1647 1997/3327/1639 2048/3342/1690
f 1997/3327/1639 1996/3372/1638 2048/3342/1690
f 2048/3342/1690 1996/3372/1638 2049/3364/1691
f 1996/3372/1638 1995/3373/1637 2049/3364/1691
f 2049/3364/1691 1995/3373/1637 2050/3367/1692
f 1995/3373/1637 1994/3374/1636 2050/3367/1692
f 2050/3367/1692 1994/3374/1636 2051/3369/1693
f 1994/3374/1636 1993/3375/1635 2051/3369/1693
f 2051/3369/1693 1993/3375/1635 2052/3370/1694
f 1993/3375/1635 1992/3376/1634 2052/3370/1694
f 2052/3370/1694 1992/3376/1634 2053/3371/1695
f 1992/3376/1634 1991/3377/1633 2053/3371/1695
f 2053/3371/1695 1991/3377/1633 2032/3325/1674
f 1991/3377/1633 1820/3323/1465 2032/3325/1674
f 2026/3330/1668 2019/3378/1661 1822/3331/824
f 2027/3344/1669 2054/3379/1696 2026/3330/1668
f 2028/3346/1670 2055/3380/1697 2027/3344/1669
f 2029/3349/1671 2057/3381/1699 2028/3346/1670
f 2030/3353/1672 2060/3382/1702 2029/3349/1671
f 2031/3361/1673 2064/3383/1706 2030/3362/1672
f 2032/3325/1674 2069/3384/1711 2031/3361/1673
f 2026/3330/1668 2054/3379/1696 2019/3378/1661
f 2054/3379/1696 2020/3385/1662 2019/3378/1661
f 2027/3344/1669 2055/3380/1697 2054/3379/1696
f 2055/3380/1697 2056/3386/1698 2054/3379/1696
f 2054/3379/1696 2056/3386/1698 2020/3385/1662
f 2056/3386/1698 2021/3387/1663 2020/3385/1662
f 2028/3346/1670 2057/3381/1699 2055/3380/1697
f 2057/3381/1699 2058/3388/1700 2055/3380/1697
f 2055/3380/1697 2058/3388/1700 2056/3386/1698
f 2058/3388/1700 2059/3389/1701 2056/3386/1698
f 2056/3386/1698 2059/3389/1701 2021/3387/1663
f 2059/3389/1701 2022/3390/1664 2021/3387/1663
f 2029/3349/1671 2060/3382/1702 2057/3381/1699
f 2060/3382/1702 2061/3391/1703 2057/3381/1699
f 2057/3381/1699 2061/3391/1703 2058/3388/1700
f 2061/3391/1703 2062/3392/1704 2058/3388/1700
f 2058/3388/1700 2062/3392/1704 2059/3389/1701
f 2062/3392/1704 2063/3393/1705 2059/3389/1701
f 2059/3389/1701 2063/3393/1705 2022/3390/1664
f 2063/3393/1705 2023/3394/1665 2022/3390/1664
f 2030/3353/1672 2064/3395/1706 2060/3382/1702
f 2064/3395/1706 2065/3396/1707 2060/3382/1702
f 2060/3382/1702 2065/3396/1707 2061/3391/1703
f 2065/3396/1707 2066/3397/1708 2061/3391/1703
f 2061/3391/1703 2066/3397/1708 2062/3392/1704
f 2066/3397/1708 2067/3398/1709 2062/3392/1704
f 2062/3392/1704 2067/3398/1709 2063/3393/1705
f 2067/3399/1709 2068/3400/1710 2063/3401/1705
f 2063/3401/1705 2068/3400/1710 2023/3402/1665
f 2068/3400/1710 2024/3403/1666 2023/3402/1665
f 2031/3361/1673 2069/3384/1711 2064/3383/1706
f 2069/3384/1711 2070/3404/1712 2064/3383/1706
f 2064/3395/1706 2070/3405/1712 2065/3396/1707
f 2070/3406/1712 2071/3407/1713 2065/3408/1707
f 2065/3408/1707 2071/3407/1713 2066/3409/1708
f 2071/3407/1713 2072/3410/1714 2066/3409/1708
f 2066/3409/1708 2072/3410/1714 2067/3399/1709
f 2072/3410/1714 2073/3411/1715 2067/3399/1709
f 2067/3399/1709 2073/3411/1715 2068/3400/1710
f 2073/3411/1715 2074/3412/1716 2068/3400/1710
f 2068/3400/1710 2074/3412/1716 2024/3403/1666
f 2074/3412/1716 2025/3322/1667 2024/3403/1666
f 2032/3325/1674 1990/3324/1632 2069/3384/1711
f 1990/3324/1632 1989/3413/1631 2069/3384/1711
f 2069/3384/1711 1989/3413/1631 2070/3404/1712
f 1989/3414/1631 1988/3415/1630 2070/3406/1712
f 2070/3406/1712 1988/3415/1630 2071/3407/1713
f 1988/3415/1630 1987/3416/1629 2071/3407/1713
f 2071/3407/1713 1987/3416/1629 2072/3410/1714
f 1987/3416/1629 1986/3417/1628 2072/3410/1714
f 2072/3410/1714 1986/3417/1628 2073/3411/1715
f 1986/3417/1628 1985/3418/1627 2073/3411/1715
f 2073/3411/1715 1985/3418/1627 2074/3412/1716
f 1985/3418/1627 1984/3419/1626 2074/3412/1716
f 2074/3412/1716 1984/3419/1626 2025/3322/1667
f 1984/3419/1626 1819/3320/1464 2025/3322/1667
f 2019/3378/1661 2012/3420/1654 1822/3331/824
f 2020/3385/1662 2075/3421/1717 2019/3378/1661
f 2021/3387/1663 2076/3422/1718 2020/3385/1662
f 2022/3390/1664 2078/3423/1720 2021/3387/1663
f 2023/3394/1665 2081/3424/1723 2022/3390/1664
f 2024/3403/1666 2085/3425/1727 2023/3402/1665
f 2025/3322/1667 2090/3426/1732 2024/3403/1666
f 2019/3378/1661 2075/3421/1717 2012/3420/1654
f 2075/3421/1717 2013/3427/1655 2012/3420/1654
f 2020/3385/1662 2076/3422/1718 2075/3421/1717
f 2076/3422/1718 2077/3428/1719 2075/3421/1717
f 2075/3421/1717 2077/3428/1719 2013/3427/1655
f 2077/3428/1719 2014/3429/1656 2013/3427/1655
f 2021/3387/1663 2078/3423/1720 2076/3422/1718
f 2078/3423/1720 2079/3430/1721 2076/3422/1718
f 2076/3422/1718 2079/3430/1721 2077/3428/1719
f 2079/3430/1721 2080/3431/1722 2077/3428/1719
f 2077/3428/1719 2080/3431/1722 2014/3429/1656
f 2080/3431/1722 2015/3432/1657 2014/3429/1656
f 2022/3390/1664 2081/3424/1723 2078/3423/1720
f 2081/3424/1723 2082/3433/1724 2078/3423/1720
f 2078/3423/1720 2082/3433/1724 2079/3430/1721
f 2082/3433/1724 2083/3434/1725 2079/3430/1721
f 2079/3430/1721 2083/3434/1725 2080/3431/1722
f 2083/3434/1725 2084/3435/1726 2080/3431/1722
f 2080/3431/1722 2084/3435/1726 2015/3432/1657
f 2084/3435/1726 2016/3436/1658 2015/3432/1657
f 2023/3394/1665 2085/3437/1727 2081/3424/1723
f 2085/3437/1727 2086/3438/1728 2081/3424/1723
f 2081/3424/1723 2086/3438/1728 2082/3433/1724
f 2086/3438/1728 2087/3439/1729 2082/3433/1724
f 2082/3433/1724 2087/3439/1729 2083/3434/1725
f 2087/3439/1729 2088/3440/1730 2083/3434/1725
f 2083/3434/1725 2088/3440/1730 2084/3435/1726
f 2088/3440/1730 2089/3441/1731 2084/3435/1726
f 2084/3435/1726 2089/3441/1731 2016/3436/1658
f 2089/3442/1731 2017/3443/1659 2016/3444/1658
f 2024/3403/1666 2090/3426/1732 2085/3425/1727
f 2090/3426/1732 2091/3445/1733 2085/3425/1727
f 2085/3425/1727 2091/3445/1733 2086/3446/1728
f 2091/3445/1733 2092/3447/1734 2086/3446/1728
f 2086/3438/1728 2092/3448/1734 2087/3439/1729
f 2092/3448/1734 2093/3449/1735 2087/3439/1729
f 2087/3439/1729 2093/3449/1735 2088/3440/1730
f 2093/3450/1735 2094/3451/1736 2088/3452/1730
f 2088/3452/1730 2094/3451/1736 2089/3442/1731
f 2094/3451/1736 2095/3453/1737 2089/3442/1731
f 2089/3442/1731 2095/3453/1737 2017/3443/1659
f 2095/3453/1737 2018/3319/1660 2017/3443/1659
f 2025/3322/1667 1983/3321/1625 2090/3426/1732
f 1983/3321/1625 1982/3454/1624 2090/3426/1732
f 2090/3426/1732 1982/3454/1624 2091/3445/1733
f 1982/3454/1624 1981/3455/1623 2091/3445/1733
f 2091/3445/1733 1981/3455/1623 2092/3447/1734
f 1981/3455/1623 1980/3456/1622 2092/3447/1734
f 2092/3447/1734 1980/3456/1622 2093/3457/1735
f 1980/3458/1622 1979/3459/1621 2093/3450/1735
f 2093/3450/1735 1979/3459/1621 2094/3451/1736
f 1979/3459/1621 1978/3460/1620 2094/3451/1736
f 2094/3451/1736 1978/3460/1620 2095/3453/1737
f 1978/3460/1620 1977/3461/1619 2095/3453/1737
f 2095/3453/1737 1977/3461/1619 2018/3319/1660
f 1977/3461/1619 1818/3317/1463 2018/3319/1660
f 2012/3420/1654 1998/3462/1640 1822/3331/824
f 2013/3427/1655 2096/3463/1738 2012/3420/1654
f 2014/3429/1656 2097/3464/1739 2013/3427/1655
f 2015/3432/1657 2099/3465/1741 2014/3429/1656
f 2016/3436/1658 2102/3466/1744 2015/3432/1657
f 2017/3443/1659 2106/3467/1748 2016/3444/1658
f 2018/3319/1660 2111/3468/1753 2017/3443/1659
f 2012/3420/1654 2096/3463/1738 1998/3462/1640
f 2096/3463/1738 1999/3469/1641 1998/3462/1640
f 2013/3427/1655 2097/3464/1739 2096/3463/1738
f 2097/3464/1739 2098/3470/1740 2096/3463/1738
f 2096/3463/1738 2098/3470/1740 1999/3469/1641
f 2098/3470/1740 2000/3471/1642 1999/3469/1641
f 2014/3429/1656 2099/3465/1741 2097/3464/1739
f 2099/3465/1741 2100/3472/1742 2097/3464/1739
f 2097/3464/1739 2100/3472/1742 2098/3470/1740
f 2100/3472/1742 2101/3473/1743 2098/3470/1740
f 2098/3470/1740 2101/3473/1743 2000/3471/1642
f 2101/3473/1743 2001/3474/1643 2000/3471/1642
f 2015/3432/1657 2102/3466/1744 2099/3465/1741
f 2102/3466/1744 2103/3475/1745 2099/3465/1741
f 2099/3465/1741 2103/3475/1745 2100/3472/1742
f 2103/3475/1745 2104/3476/1746 2100/3472/1742
f 2100/3472/1742 2104/3476/1746 2101/3473/1743
f 2104/3476/1746 2105/3477/1747 2101/3473/1743
f 2101/3473/1743 2105/3477/1747 2001/3474/1643
f 2105/3477/1747 2002/3478/1644 2001/3474/1643
f 2016/3436/1658 2106/3479/1748 2102/3466/1744
f 2106/3467/1748 2107/3480/1749 2102/3481/1744
f 2102/3466/1744 2107/3482/1749 2103/3475/1745
f 2107/3482/1749 2108/3483/1750 2103/3475/1745
f 2103/3475/1745 2108/3483/1750 2104/3476/1746
f 2108/3483/1750 2109/3484/1751 2104/3476/1746
f 2104/3476/1746 2109/3484/1751 2105/3477/1747
f 2109/3484/1751 2110/3485/1752 2105/3477/1747
f 2105/3477/1747 2110/3485/1752 2002/3478/1644
f 2110/3485/1752 2003/3486/1645 2002/3478/1644
f 2017/3443/1659 2111/3468/1753 2106/3467/1748
f 2111/3468/1753 2112/3487/1754 2106/3467/1748
f 2106/3467/1748 2112/3487/1754 2107/3480/1749
f 2112/3487/1754 2113/3488/1755 2107/3480/1749
f 2107/3480/1749 2113/3488/1755 2108/3489/1750
f 2113/3488/1755 2114/3490/1756 2108/3489/1750
f 2108/3483/1750 2114/3491/1756 2109/3484/1751
f 2114/3490/1756 2115/3492/1757 2109/3493/1751
f 2109/3484/1751 2115/3494/1757 2110/3485/1752
f 2115/3495/1757 2116/3496/1758 2110/3497/1752
f 2110/3497/1752 2116/3496/1758 2003/3498/1645
f 2116/3496/1758 2004/3316/1646 2003/3498/1645
f 2018/3319/1660 1976/3318/1618 2111/3468/1753
f 1976/3318/1618 1975/3499/1617 2111/3468/1753
f 2111/3468/1753 1975/3499/1617 2112/3487/1754
f 1975/3499/1617 1974/3500/1616 2112/3487/1754
f 2112/3487/1754 1974/3500/1616 2113/3488/1755
f 1974/3500/1616 1973/3501/1615 2113/3488/1755
f 2113/3488/1755 1973/3501/1615 2114/3490/1756
f 1973/3501/1615 1972/3502/1614 2114/3490/1756
f 2114/3490/1756 1972/3502/1614 2115/3492/1757
f 1972/3502/1614 1971/3503/1613 2115/3492/1757
f 2115/3495/1757 1971/3504/1613 2116/3496/1758
f 1971/3504/1613 1970/3505/1612 2116/3496/1758
f 2116/3496/1758 1970/3505/1612 2004/3316/1646
f 1970/3505/1612 1817/3314/1462 2004/3316/1646
f 1998/3462/1640 2011/3329/1653 1822/3331/824
f 1999/3469/1641 2117/3506/1759 1998/3462/1640
f 2000/3471/1642 2118/3507/1760 1999/3469/1641
f 2001/3474/1643 2120/3508/1762 2000/3471/1642
f 2002/3478/1644 2123/3509/1765 2001/3474/1643
f 2003/3486/1645 2127/3510/1769 2002/3478/1644
f 2004/3316/1646 2132/3511/1774 2003/3498/1645
f 1998/3462/1640 2117/3506/1759 2011/3329/1653
f 2117/3506/1759 2010/3332/1652 2011/3329/1653
f 1999/3469/1641 2118/3507/1760 2117/3506/1759
f 2118/3507/1760 2119/3512/1761 2117/3506/1759
f 2117/3506/1759 2119/3512/1761 2010/3332/1652
f 2119/3512/1761 2009/3334/1651 2010/3332/1652
f 2000/3471/1642 2120/3508/1762 2118/3507/1760
f 2120/3508/1762 2121/3513/1763 2118/3507/1760
f 2118/3507/1760 2121/3513/1763 2119/3512/1761
f 2121/3513/1763 2122/3514/1764 2119/3512/1761
f 2119/3512/1761 2122/3514/1764 2009/3334/1651
f 2122/3514/1764 2008/3336/1650 2009/3334/1651
f 2001/3474/1643 2123/3509/1765 2120/3508/1762
f 2123/3509/1765 2124/3515/1766 2120/3508/1762
f 2120/3508/1762 2124/3515/1766 2121/3513/1763
f 2124/3515/1766 2125/3516/1767 2121/3513/1763
f 2121/3513/1763 2125/3516/1767 2122/3514/1764
f 2125/3516/1767 2126/3517/1768 2122/3514/1764
f 2122/3514/1764 2126/3517/1768 2008/3336/1650
f 2126/3517/1768 2007/3338/1649 2008/3336/1650
f 2002/3478/1644 2127/3510/1769 2123/3509/1765
f 2127/3510/1769 2128/3518/1770 2123/3509/1765
f 2123/3509/1765 2128/3518/1770 2124/3515/1766
f 2128/3518/1770 2129/3519/1771 2124/3515/1766
f 2124/3515/1766 2129/3519/1771 2125/3516/1767
f 2129/3519/1771 2130/3520/1772 2125/3516/1767
f 2125/3516/1767 2130/3520/1772 2126/3517/1768
f 2130/3520/1772 2131/3521/1773 2126/3517/1768
f 2126/3517/1768 2131/3521/1773 2007/3338/1649
f 2131/3521/1773 2006/3340/1648 2007/3338/1649
f 2003/3498/1645 2132/3511/1774 2127/3522/1769
f 2132/3511/1774 2133/3523/1775 2127/3522/1769
f 2127/3522/1769 2133/3523/1775 2128/3524/1770
f 2133/3523/1775 2134/3525/1776 2128/3524/1770
f 2128/3524/1770 2134/3525/1776 2129/3526/1771
f 2134/3525/1776 2135/3527/1777 2129/3526/1771
f 2129/3526/1771 2135/3527/1777 2130/3528/1772
f 2135/3527/1777 2136/3529/1778 2130/3528/1772
f 2130/3528/1772 2136/3529/1778 2131/3530/1773
f 2136/3529/1778 2137/3531/1779 2131/3530/1773
f 2131/3521/1773 2137/3532/1779 2006/3340/1648
f 2137/3531/1779 2005/3533/1647 2006/3534/1648
f 2004/3316/1646 1969/3315/1611 2132/3511/1774
f 1969/3315/1611 1968/3535/1610 2132/3511/1774
f 2132/3511/1774 1968/3535/1610 2133/3523/1775
f 1968/3535/1610 1967/3536/1609 2133/3523/1775
f 2133/3523/1775 1967/3536/1609 2134/3525/1776
f 1967/3536/1609 1966/3537/1608 2134/3525/1776
f 2134/3525/1776 1966/3537/1608 2135/3527/1777
f 1966/3537/1608 1965/3538/1607 2135/3527/1777
f 2135/3527/1777 1965/3538/1607 2136/3529/1778
f 1965/3538/1607 1964/3539/1606 2136/3529/1778
f 2136/3529/1778 1964/3539/1606 2137/3531/1779
f 1964/3539/1606 1963/3540/1605 2137/3531/1779
f 2137/3531/1779 1963/3540/1605 2005/3533/1647
f 1963/3540/1605 1821/3541/1466 2005/3533/1647
f 1906/3542/1550 1997/3327/1639 1821/3326/1466
f 1905/3543/1549 2138/3544/1780 1906/3542/1550
f 1904/3545/1548 2139/3546/1781 1905/3543/1549
f 1903/3547/1547 2141/3548/1783 1904/3545/1548
f 1902/3549/1546 2144/3550/1786 1903/3547/1547
f 1901/3551/1545 2148/3552/1790 1902/3549/1546
f 1900/3313/1544 2153/3553/1795 1901/3551/1545
f 1906/3542/1550 2138/3544/1780 1997/3327/1639
f 2138/3544/1780 1996/3372/1638 1997/3327/1639
f 1905/3543/1549 2139/3546/1781 2138/3544/1780
f 2139/3546/1781 2140/3554/1782 2138/3544/1780
f 2138/3544/1780 2140/3554/1782 1996/3372/1638
f 2140/3554/1782 1995/3373/1637 1996/3372/1638
f 1904/3545/1548 2141/3548/1783 2139/3546/1781
f 2141/3548/1783 2142/3555/1784 2139/3546/1781
f 2139/3546/1781 2142/3555/1784 2140/3554/1782
f 2142/3555/1784 2143/3556/1785 2140/3554/1782
f 2140/3554/1782 2143/3556/1785 1995/3373/1637
f 2143/3556/1785 1994/3374/1636 1995/3373/1637
f 1903/3547/1547 2144/3550/1786 2141/3548/1783
f 2144/3550/1786 2145/3557/1787 2141/3548/1783
f 2141/3548/1783 2145/3557/1787 2142/3555/1784
f 2145/3557/1787 2146/3558/1788 2142/3555/1784
f 2142/3555/1784 2146/3558/1788 2143/3556/1785
f 2146/3558/1788 2147/3559/1789 2143/3556/1785
f 2143/3556/1785 2147/3559/1789 1994/3374/1636
f 2147/3559/1789 1993/3375/1635 1994/3374/1636
f 1902/3549/1546 2148/3552/1790 2144/3550/1786
f 2148/3552/1790 2149/3560/1791 2144/3550/1786
f 2144/3550/1786 2149/3560/1791 2145/3557/1787
f 2149/3560/1791 2150/3561/1792 2145/3557/1787
f 2145/3557/1787 2150/3561/1792 2146/3558/1788
f 2150/3561/1792 2151/3562/1793 2146/3558/1788
f 2146/3558/1788 2151/3562/1793 2147/3559/1789
f 2151/3562/1793 2152/3563/1794 2147/3559/1789
f 2147/3559/1789 2152/3563/1794 1993/3375/1635
f 2152/3563/1794 1992/3376/1634 1993/3375/1635
f 1901/3551/1545 2153/3553/1795 2148/3552/1790
f 2153/3553/1795 2154/3564/1796 2148/3552/1790
f 2148/3552/1790 2154/3564/1796 2149/3560/1791
f 2154/3564/1796 2155/3565/1797 2149/3560/1791
f 2149/3560/1791 2155/3565/1797 2150/3561/1792
f 2155/3565/1797 2156/3566/1798 2150/3561/1792
f 2150/3561/1792 2156/3566/1798 2151/3562/1793
f 2156/3566/1798 2157/3567/1799 2151/3562/1793
f 2151/3562/1793 2157/3567/1799 2152/3563/1794
f 2157/3567/1799 2158/3568/1800 2152/3563/1794
f 2152/3563/1794 2158/3568/1800 1992/3376/1634
f 2158/3568/1800 1991/3377/1633 1992/3376/1634
f 1900/3313/1544 1955/3306/1598 2153/3553/1795
f 1955/3306/1598 1954/3569/1597 2153/3553/1795
f 2153/3553/1795 1954/3569/1597 2154/3564/1796
f 1954/3569/1597 1953/3570/1596 2154/3564/1796
f 2154/3564/1796 1953/3570/1596 2155/3565/1797
f 1953/3570/1596 1952/3571/1595 2155/3565/1797
f 2155/3565/1797 1952/3571/1595 2156/3566/1798
f 1952/3571/1595 1951/3572/1594 2156/3566/1798
f 2156/3566/1798 1951/3572/1594 2157/3567/1799
f 1951/3572/1594 1950/3573/1593 2157/3567/1799
f 2157/3567/1799 1950/3573/1593 2158/3568/1800
f 1950/3573/1593 1949/3574/1592 2158/3568/1800
f 2158/3568/1800 1949/3574/1592 1991/3377/1633
f 1949/3574/1592 1820/3323/1465 1991/3377/1633
f 1962/3575/1604 1990/3324/1632 1820/3323/1465
f 1961/3576/1603 2159/3577/1801 1962/3575/1604
f 1960/3578/1602 2160/3579/1802 1961/3576/1603
f 1959/3580/844 2162/3581/1804 1960/3578/1602
f 1958/3582/1601 2165/3583/1807 1959/3584/844
f 1957/3585/1600 2169/3586/1811 1958/3582/1601
f 1956/3312/1599 2174/3587/1816 1957/3585/1600
f 1962/3575/1604 2159/3577/1801 1990/3324/1632
f 2159/3577/1801 1989/3413/1631 1990/3324/1632
f 1961/3576/1603 2160/3579/1802 2159/3577/1801
f 2160/3579/1802 2161/3588/1803 2159/3577/1801
f 2159/3577/1801 2161/3588/1803 1989/3413/1631
f 2161/3589/1803 1988/3415/1630 1989/3414/1631
f 1960/3578/1602 2162/3581/1804 2160/3579/1802
f 2162/3590/1804 2163/3591/1805 2160/3592/1802
f 2160/3592/1802 2163/3591/1805 2161/3589/1803
f 2163/3591/1805 2164/3593/1806 2161/3589/1803
f 2161/3589/1803 2164/3593/1806 1988/3415/1630
f 2164/3593/1806 1987/3416/1629 1988/3415/1630
f 1959/3584/844 2165/3583/1807 2162/3590/1804
f 2165/3583/1807 2166/3594/1808 2162/3590/1804
f 2162/3590/1804 2166/3594/1808 2163/3591/1805
f 2166/3594/1808 2167/3595/1809 2163/3591/1805
f 2163/3591/1805 2167/3595/1809 2164/3593/1806
f 2167/3595/1809 2168/3596/1810 2164/3593/1806
f 2164/3593/1806 2168/3596/1810 1987/3416/1629
f 2168/3596/1810 1986/3417/1628 1987/3416/1629
f 1958/3582/1601 2169/3586/1811 2165/3583/1807
f 2169/3586/1811 2170/3597/1812 2165/3583/1807
f 2165/3583/1807 2170/3597/1812 2166/3594/1808
f 2170/3597/1812 2171/3598/1813 2166/3594/1808
f 2166/3594/1808 2171/3598/1813 2167/3595/1809
f 2171/3598/1813 2172/3599/1814 2167/3595/1809
f 2167/3595/1809 2172/3599/1814 2168/3596/1810
f 2172/3599/1814 2173/3600/1815 2168/3596/1810
f 2168/3596/1810 2173/3600/1815 1986/3417/1628
f 2173/3600/1815 1985/3418/1627 1986/3417/1628
f 1957/3585/1600 2174/3587/1816 2169/3586/1811
f 2174/3587/1816 2175/3601/1817 2169/3586/1811
f 2169/3586/1811 2175/3601/1817 2170/3597/1812
f 2175/3601/1817 2176/3602/1818 2170/3597/1812
f 2170/3597/1812 2176/3602/1818 2171/3598/1813
f 2176/3602/1818 2177/3603/1819 2171/3598/1813
f 2171/3598/1813 2177/3603/1819 2172/3599/1814
f 2177/3603/1819 2178/3604/1820 2172/3599/1814
f 2172/3599/1814 2178/3604/1820 2173/3600/1815
f 2178/3604/1820 2179/3605/1821 2173/3600/1815
f 2173/3600/1815 2179/3605/1821 1985/3418/1627
f 2179/3605/1821 1984/3419/1626 1985/3418/1627
f 1956/3312/1599 1941/3303/1584 2174/3587/1816
f 1941/3303/1584 1940/3606/1583 2174/3587/1816
f 2174/3587/1816 1940/3606/1583 2175/3601/1817
f 1940/3606/1583 1939/3607/1582 2175/3601/1817
f 2175/3601/1817 1939/3607/1582 2176/3602/1818
f 1939/3607/1582 1938/3608/1581 2176/3602/1818
f 2176/3602/1818 1938/3608/1581 2177/3603/1819
f 1938/3608/1581 1937/3609/1580 2177/3603/1819
f 2177/3603/1819 1937/3609/1580 2178/3604/1820
f 1937/3609/1580 1936/3610/1579 2178/3604/1820
f 2178/3604/1820 1936/3610/1579 2179/3605/1821
f 1936/3610/1579 1935/3611/1578 2179/3605/1821
f 2179/3605/1821 1935/3611/1578 1984/3419/1626
f 1935/3611/1578 1819/3320/1464 1984/3419/1626
f 1948/3612/1591 1983/3321/1625 1819/3320/1464
f 1947/3613/1590 2180/3614/1822 1948/3612/1591
f 1946/3615/1589 2181/3616/1823 1947/3613/1590
f 1945/3617/1588 2183/3618/1825 1946/3615/1589
f 1944/3619/1587 2186/3620/1828 1945/3617/1588
f 1943/3621/1586 2190/3622/1832 1944/3619/1587
f 1942/3311/1585 2195/3623/1837 1943/3621/1586
f 1948/3612/1591 2180/3614/1822 1983/3321/1625
f 2180/3614/1822 1982/3454/1624 1983/3321/1625
f 1947/3613/1590 2181/3616/1823 2180/3614/1822
f 2181/3616/1823 2182/3624/1824 2180/3614/1822
f 2180/3614/1822 2182/3624/1824 1982/3454/1624
f 2182/3624/1824 1981/3455/1623 1982/3454/1624
f 1946/3615/1589 2183/3618/1825 2181/3616/1823
f 2183/3618/1825 2184/3625/1826 2181/3616/1823
f 2181/3616/1823 2184/3625/1826 2182/3624/1824
f 2184/3625/1826 2185/3626/1827 2182/3624/1824
f 2182/3624/1824 2185/3626/1827 1981/3455/1623
f 2185/3626/1827 1980/3456/1622 1981/3455/1623
f 1945/3617/1588 2186/3620/1828 2183/3618/1825
f 2186/3620/1828 2187/3627/1829 2183/3618/1825
f 2183/3618/1825 2187/3627/1829 2184/3625/1826
f 2187/3627/1829 2188/3628/1830 2184/3625/1826
f 2184/3625/1826 2188/3628/1830 2185/3626/1827
f 2188/3628/1830 2189/3629/1831 2185/3626/1827
f 2185/3626/1827 2189/3629/1831 1980/3456/1622
f 2189/3630/1831 1979/3459/1621 1980/3458/1622
f 1944/3619/1587 2190/3622/1832 2186/3620/1828
f 2190/3622/1832 2191/3631/1833 2186/3620/1828
f 2186/3620/1828 2191/3631/1833 2187/3627/1829
f 2191/3631/1833 2192/3632/1834 2187/3627/1829
f 2187/3627/1829 2192/3632/1834 2188/3628/1830
f 2192/3633/1834 2193/3634/1835 2188/3635/1830
f 2188/3635/1830 2193/3634/1835 2189/3630/1831
f 2193/3634/1835 2194/3636/1836 2189/3630/1831
f 2189/3630/1831 2194/3636/1836 1979/3459/1621
f 2194/3636/1836 1978/3460/1620 1979/3459/1621
f 1943/3621/1586 2195/3623/1837 2190/3622/1832
f 2195/3623/1837 2196/3637/1838 2190/3622/1832
f 2190/3622/1832 2196/3637/1838 2191/3631/1833
f 2196/3638/1838 2197/3639/1839 2191/3640/1833
f 2191/3640/1833 2197/3639/1839 2192/3633/1834
f 2197/3639/1839 2198/3641/1840 2192/3633/1834
f 2192/3633/1834 2198/3641/1840 2193/3634/1835
f 2198/3641/1840 2199/3642/1841 2193/3634/1835
f 2193/3634/1835 2199/3642/1841 2194/3636/1836
f 2199/3642/1841 2200/3643/1842 2194/3636/1836
f 2194/3636/1836 2200/3643/1842 1978/3460/1620
f 2200/3643/1842 1977/3461/1619 1978/3460/1620
f 1942/3311/1585 1927/3310/1570 2195/3623/1837
f 1927/3300/1570 1926/3644/1569 2195/3645/1837
f 2195/3645/1837 1926/3644/1569 2196/3638/1838
f 1926/3644/1569 1925/3646/1568 2196/3638/1838
f 2196/3638/1838 1925/3646/1568 2197/3639/1839
f 1925/3646/1568 1924/3647/1567 2197/3639/1839
f 2197/3639/1839 1924/3647/1567 2198/3641/1840
f 1924/3647/1567 1923/3648/1566 2198/3641/1840
f 2198/3641/1840 1923/3648/1566 2199/3642/1841
f 1923/3648/1566 1922/3649/1565 2199/3642/1841
f 2199/3642/1841 1922/3649/1565 2200/3643/1842
f 1922/3649/1565 1921/3650/1564 2200/3643/1842
f 2200/3643/1842 1921/3650/1564 1977/3461/1619
f 1921/3650/1564 1818/3317/1463 1977/3461/1619
f 1934/3651/1577 1976/3318/1618 1818/3317/1463
f 1933/3652/1576 2201/3653/1843 1934/3651/1577
f 1932/3654/1575 2202/3655/1844 1933/3652/1576
f 1931/3656/1574 2204/3657/1846 1932/3654/1575
f 1930/3658/1573 2207/3659/1849 1931/3656/1574
f 1929/3660/1572 2211/3661/1853 1930/3658/1573
f 1928/3308/1571 2216/3662/1858 1929/3660/1572
f 1934/3651/1577 2201/3653/1843 1976/3318/1618
f 2201/3653/1843 1975/3499/1617 1976/3318/1618
f 1933/3652/1576 2202/3655/1844 2201/3653/1843
f 2202/3655/1844 2203/3663/1845 2201/3653/1843
f 2201/3653/1843 2203/3663/1845 1975/3499/1617
f 2203/3663/1845 1974/3500/1616 1975/3499/1617
f 1932/3654/1575 2204/3657/1846 2202/3655/1844
f 2204/3657/1846 2205/3664/1847 2202/3655/1844
f 2202/3655/1844 2205/3664/1847 2203/3663/1845
f 2205/3664/1847 2206/3665/1848 2203/3663/1845
f 2203/3663/1845 2206/3665/1848 1974/3500/1616
f 2206/3665/1848 1973/3501/1615 1974/3500/1616
f 1931/3656/1574 2207/3659/1849 2204/3657/1846
f 2207/3659/1849 2208/3666/1850 2204/3657/1846
f 2204/3657/1846 2208/3666/1850 2205/3664/1847
f 2208/3666/1850 2209/3667/1851 2205/3664/1847
f 2205/3664/1847 2209/3667/1851 2206/3665/1848
f 2209/3667/1851 2210/3668/1852 2206/3665/1848
f 2206/3665/1848 2210/3668/1852 1973/3501/1615
f 2210/3668/1852 1972/3502/1614 1973/3501/1615
f 1930/3658/1573 2211/3661/1853 2207/3659/1849
f 2211/3661/1853 2212/3669/1854 2207/3659/1849
f 2207/3659/1849 2212/3669/1854 2208/3666/1850
f 2212/3669/1854 2213/3670/1855 2208/3666/1850
f 2208/3666/1850 2213/3670/1855 2209/3667/1851
f 2213/3670/1855 2214/3671/1856 2209/3667/1851
f 2209/3667/1851 2214/3671/1856 2210/3668/1852
f 2214/3671/1856 2215/3672/1857 2210/3668/1852
f 2210/3668/1852 2215/3672/1857 1972/3502/1614
f 2215/3672/1857 1971/3503/1613 1972/3502/1614
f 1929/3660/1572 2216/3662/1858 2211/3661/1853
f 2216/3662/1858 2217/3673/1859 2211/3661/1853
f 2211/3661/1853 2217/3673/1859 2212/3669/1854
f 2217/3673/1859 2218/3674/1860 2212/3669/1854
f 2212/3669/1854 2218/3674/1860 2213/3670/1855
f 2218/3674/1860 2219/3675/1861 2213/3670/1855
f 2213/3670/1855 2219/3675/1861 2214/3671/1856
f 2219/3675/1861 2220/3676/1862 2214/3671/1856
f 2214/3671/1856 2220/3676/1862 2215/3672/1857
f 2220/3676/1862 2221/3677/1863 2215/3672/1857
f 2215/3672/1857 2221/3677/1863 1971/3503/1613
f 2221/3678/1863 1970/3505/1612 1971/3504/1613
f 1928/3308/1571 1913/3297/1556 2216/3662/1858
f 1913/3297/1556 1912/3679/1555 2216/3662/1858
f 2216/3662/1858 1912/3679/1555 2217/3673/1859
f 1912/3679/1555 1911/3680/1554 2217/3673/1859
f 2217/3673/1859 1911/3680/1554 2218/3674/1860
f 1911/3680/1554 1910/3681/837 2218/3674/1860
f 2218/3674/1860 1910/3681/837 2219/3675/1861
f 1910/3681/837 1909/3682/1553 2219/3675/1861
f 2219/3675/1861 1909/3682/1553 2220/3676/1862
f 1909/3683/1553 1908/3684/1552 2220/3685/1862
f 2220/3685/1862 1908/3684/1552 2221/3678/1863
f 1908/3684/1552 1907/3686/1551 2221/3678/1863
f 2221/3678/1863 1907/3686/1551 1970/3505/1612
f 1907/3686/1551 1817/3314/1462 1970/3505/1612
f 1920/3687/1563 1969/3315/1611 1817/3314/1462
f 1919/3688/1562 2222/3689/1864 1920/3687/1563
f 1918/3690/1561 2223/3691/1865 1919/3688/1562
f 1917/3692/1560 2225/3693/1867 1918/3690/1561
f 1916/3694/1559 2228/3695/1870 1917/3692/1560
f 1915/3696/1558 2232/3697/1874 1916/3694/1559
f 1914/3307/1557 2237/3698/1879 1915/3696/1558
f 1920/3687/1563 2222/3689/1864 1969/3315/1611
f 2222/3689/1864 1968/3535/1610 1969/3315/1611
f 1919/3688/1562 2223/3691/1865 2222/3689/1864
f 2223/3691/1865 2224/3699/1866 2222/3689/1864
f 2222/3689/1864 2224/3699/1866 1968/3535/1610
f 2224/3699/1866 1967/3536/1609 1968/3535/1610
f 1918/3690/1561 2225/3693/1867 2223/3691/1865
f 2225/3693/1867 2226/3700/1868 2223/3691/1865
f 2223/3691/1865 2226/3700/1868 2224/3699/1866
f 2226/3700/1868 2227/3701/1869 2224/3699/1866
f 2224/3699/1866 2227/3701/1869 1967/3536/1609
f 2227/3701/1869 1966/3537/1608 1967/3536/1609
f 1917/3692/1560 2228/3695/1870 2225/3693/1867
f 2228/3695/1870 2229/3702/1871 2225/3693/1867
f 2225/3693/1867 2229/3702/1871 2226/3700/1868
f 2229/3702/1871 2230/3703/1872 2226/3700/1868
f 2226/3700/1868 2230/3703/1872 2227/3701/1869
f 2230/3703/1872 2231/3704/1873 2227/3701/1869
f 2227/3701/1869 2231/3704/1873 1966/3537/1608
f 2231/3704/1873 1965/3538/1607 1966/3537/1608
f 1916/3694/1559 2232/3697/1874 2228/3695/1870
f 2232/3697/1874 2233/3705/1875 2228/3695/1870
f 2228/3695/1870 2233/3705/1875 2229/3702/1871
f 2233/3705/1875 2234/3706/1876 2229/3702/1871
f 2229/3702/1871 2234/3706/1876 2230/3703/1872
f 2234/3706/1876 2235/3707/1877 2230/3703/1872
f 2230/3703/1872 2235/3707/1877 2231/3704/1873
f 2235/3707/1877 2236/3708/1878 2231/3704/1873
f 2231/3704/1873 2236/3708/1878 1965/3538/1607
f 2236/3708/1878 1964/3539/1606 1965/3538/1607
f 1915/3696/1558 2237/3698/1879 2232/3697/1874
f 2237/3698/1879 2238/3709/1880 2232/3697/1874
f 2232/3697/1874 2238/3709/1880 2233/3705/1875
f 2238/3709/1880 2239/3710/1881 2233/3705/1875
f 2233/3705/1875 2239/3710/1881 2234/3706/1876
f 2239/3710/1881 2240/3711/1882 2234/3706/1876
f 2234/3706/1876 2240/3711/1882 2235/3707/1877
f 2240/3711/1882 2241/3712/1883 2235/3707/1877
f 2235/3707/1877 2241/3712/1883 2236/3708/1878
f 2241/3712/1883 2242/3713/1884 2236/3708/1878
f 2236/3708/1878 2242/3713/1884 1964/3539/1606
f 2242/3713/1884 1963/3540/1605 1964/3539/1606
f 1914/3307/1557 1899/3294/1543 2237/3698/1879
f 1899/3294/1543 1898/3714/1542 2237/3698/1879
f 2237/3698/1879 1898/3714/1542 2238/3709/1880
f 1898/3714/1542 1897/3715/1541 2238/3709/1880
f 2238/3709/1880 1897/3715/1541 2239/3710/1881
f 1897/3715/1541 1896/3716/1540 2239/3710/1881
f 2239/3710/1881 1896/3716/1540 2240/3711/1882
f 1896/3716/1540 1895/3717/1539 2240/3711/1882
f 2240/3711/1882 1895/3717/1539 2241/3712/1883
f 1895/3717/1539 1894/3718/1538 2241/3712/1883
f 2241/3712/1883 1894/3718/1538 2242/3713/1884
f 1894/3718/1538 1893/3719/1537 2242/3713/1884
f 2242/3713/1884 1893/3719/1537 1963/3540/1605
f 1893/3719/1537 1821/3541/1466 1963/3540/1605
f 1949/3574/1592 1962/3575/1604 1820/3323/1465
f 1950/3573/1593 2243/3720/1885 1949/3574/1592
f 1951/3572/1594 2244/3721/1886 1950/3573/1593
f 1952/3571/1595 2246/3722/1888 1951/3572/1594
f 1953/3570/1596 2249/3723/1891 1952/3571/1595
f 1954/3569/1597 2253/3724/1895 1953/3570/1596
f 1955/3306/1598 2258/3725/1900 1954/3569/1597
f 1949/3574/1592 2243/3720/1885 1962/3575/1604
f 2243/3720/1885 1961/3576/1603 1962/3575/1604
f 1950/3573/1593 2244/3721/1886 2243/3720/1885
f 2244/3721/1886 2245/3726/1887 2243/3720/1885
f 2243/3720/1885 2245/3726/1887 1961/3576/1603
f 2245/3726/1887 1960/3578/1602 1961/3576/1603
f 1951/3572/1594 2246/3722/1888 2244/3721/1886
f 2246/3722/1888 2247/3727/1889 2244/3721/1886
f 2244/3721/1886 2247/3727/1889 2245/3726/1887
f 2247/3727/1889 2248/3728/1890 2245/3726/1887
f 2245/3726/1887 2248/3728/1890 1960/3578/1602
f 2248/3728/1890 1959/3580/844 1960/3578/1602
f 1952/3571/1595 2249/3723/1891 2246/3722/1888
f 2249/3723/1891 2250/3729/1892 2246/3722/1888
f 2246/3722/1888 2250/3729/1892 2247/3727/1889
f 2250/3729/1892 2251/3730/1893 2247/3727/1889
f 2247/3727/1889 2251/3730/1893 2248/3728/1890
f 2251/3730/1893 2252/3731/1894 2248/3728/1890
f 2248/3728/1890 2252/3731/1894 1959/3580/844
f 2252/3731/1894 1958/3732/1601 1959/3580/844
f 1953/3570/1596 2253/3724/1895 2249/3723/1891
f 2253/3724/1895 2254/3733/1896 2249/3723/1891
f 2249/3723/1891 2254/3733/1896 2250/3729/1892
f 2254/3733/1896 2255/3734/1897 2250/3729/1892
f 2250/3729/1892 2255/3734/1897 2251/3730/1893
f 2255/3734/1897 2256/3735/1898 2251/3730/1893
f 2251/3730/1893 2256/3735/1898 2252/3731/1894
f 2256/3735/1898 2257/3736/1899 2252/3731/1894
f 2252/3731/1894 2257/3736/1899 1958/3732/1601
f 2257/3737/1899 1957/3585/1600 1958/3582/1601
f 1954/3569/1597 2258/3725/1900 2253/3724/1895
f 2258/3725/1900 2259/3738/1901 2253/3724/1895
f 2253/3724/1895 2259/3738/1901 2254/3733/1896
f 2259/3738/1901 2260/3739/1902 2254/3733/1896
f 2254/3733/1896 2260/3739/1902 2255/3734/1897
f 2260/3739/1902 2261/3740/1903 2255/3734/1897
f 2255/3734/1897 2261/3740/1903 2256/3735/1898
f 2261/3740/1903 2262/3741/1904 2256/3735/1898
f 2256/3735/1898 2262/3741/1904 2257/3736/1899
f 2262/3741/1904 2263/3742/1905 2257/3736/1899
f 2257/3737/1899 2263/3743/1905 1957/3585/1600
f 2263/3743/1905 1956/3312/1599 1957/3585/1600
f 1955/3306/1598 1892/3305/1536 2258/3725/1900
f 1892/3305/1536 1891/3744/1535 2258/3725/1900
f 2258/3725/1900 1891/3744/1535 2259/3738/1901
f 1891/3744/1535 1890/3745/1534 2259/3738/1901
f 2259/3738/1901 1890/3745/1534 2260/3739/1902
f 1890/3745/1534 1889/3746/1533 2260/3739/1902
f 2260/3739/1902 1889/3746/1533 2261/3740/1903
f 1889/3746/1533 1888/3747/1532 2261/3740/1903
f 2261/3740/1903 1888/3747/1532 2262/3741/1904
f 1888/3747/1532 1887/3748/1531 2262/3741/1904
f 2262/3741/1904 1887/3748/1531 2263/3742/1905
f 1887/3749/1531 1886/3750/1530 2263/3743/1905
f 2263/3743/1905 1886/3750/1530 1956/3312/1599
f 1886/3750/1530 1815/3301/1460 1956/3312/1599
f 1935/3611/1578 1948/3612/1591 1819/3320/1464
f 1936/3610/1579 2264/3751/1906 1935/3611/1578
f 1937/3609/1580 2265/3752/1907 1936/3610/1579
f 1938/3608/1581 2267/3753/1909 1937/3609/1580
f 1939/3607/1582 2270/3754/1912 1938/3608/1581
f 1940/3606/1583 2274/3755/1916 1939/3607/1582
f 1941/3303/1584 2279/3756/1921 1940/3606/1583
f 1935/3611/1578 2264/3751/1906 1948/3612/1591
f 2264/3751/1906 1947/3613/1590 1948/3612/1591
f 1936/3610/1579 2265/3752/1907 2264/3751/1906
f 2265/3752/1907 2266/3757/1908 2264/3751/1906
f 2264/3751/1906 2266/3757/1908 1947/3613/1590
f 2266/3757/1908 1946/3615/1589 1947/3613/1590
f 1937/3609/1580 2267/3753/1909 2265/3752/1907
f 2267/3753/1909 2268/3758/1910 2265/3752/1907
f 2265/3752/1907 2268/3758/1910 2266/3757/1908
f 2268/3758/1910 2269/3759/1911 2266/3757/1908
f 2266/3757/1908 2269/3759/1911 1946/3615/1589
f 2269/3759/1911 1945/3617/1588 1946/3615/1589
f 1938/3608/1581 2270/3754/1912 2267/3753/1909
f 2270/3754/1912 2271/3760/1913 2267/3753/1909
f 2267/3753/1909 2271/3760/1913 2268/3758/1910
f 2271/3760/1913 2272/3761/1914 2268/3758/1910
f 2268/3758/1910 2272/3761/1914 2269/3759/1911
f 2272/3761/1914 2273/3762/1915 2269/3759/1911
f 2269/3759/1911 2273/3762/1915 1945/3617/1588
f 2273/3762/1915 1944/3619/1587 1945/3617/1588
f 1939/3607/1582 2274/3755/1916 2270/3754/1912
f 2274/3755/1916 2275/3763/1917 2270/3754/1912
f 2270/3754/1912 2275/3763/1917 2271/3760/1913
f 2275/3763/1917 2276/3764/1918 2271/3760/1913
f 2271/3760/1913 2276/3764/1918 2272/3761/1914
f 2276/3764/1918 2277/3765/1919 2272/3761/1914
f 2272/3761/1914 2277/3765/1919 2273/3762/1915
f 2277/3765/1919 2278/3766/1920 2273/3762/1915
f 2273/3762/1915 2278/3766/1920 1944/3619/1587
f 2278/3766/1920 1943/3621/1586 1944/3619/1587
f 1940/3606/1583 2279/3756/1921 2274/3755/1916
f 2279/3756/1921 2280/3767/1922 2274/3755/1916
f 2274/3755/1916 2280/3767/1922 2275/3763/1917
f 2280/3767/1922 2281/3768/1923 2275/3763/1917
f 2275/3763/1917 2281/3768/1923 2276/3764/1918
f 2281/3768/1923 2282/3769/1924 2276/3764/1918
f 2276/3764/1918 2282/3769/1924 2277/3765/1919
f 2282/3769/1924 2283/3770/1925 2277/3765/1919
f 2277/3765/1919 2283/3770/1925 2278/3766/1920
f 2283/3770/1925 2284/3771/1926 2278/3766/1920
f 2278/3766/1920 2284/3771/1926 1943/3621/1586
f 2284/3771/1926 1942/3311/1585 1943/3621/1586
f 1941/3303/1584 1885/3302/1529 2279/3756/1921
f 1885/3302/1529 1884/3772/1528 2279/3756/1921
f 2279/3756/1921 1884/3772/1528 2280/3767/1922
f 1884/3772/1528 1883/3773/1527 2280/3767/1922
f 2280/3767/1922 1883/3773/1527 2281/3768/1923
f 1883/3773/1527 1882/3774/1526 2281/3768/1923
f 2281/3768/1923 1882/3774/1526 2282/3769/1924
f 1882/3774/1526 1881/3775/1525 2282/3769/1924
f 2282/3769/1924 1881/3775/1525 2283/3770/1925
f 1881/3775/1525 1880/3776/1524 2283/3770/1925
f 2283/3770/1925 1880/3776/1524 2284/3771/1926
f 1880/3776/1524 1879/3777/1523 2284/3771/1926
f 2284/3771/1926 1879/3777/1523 1942/3311/1585
f 1879/3777/1523 1814/3309/1459 1942/3311/1585
f 1921/3650/1564 1934/3651/1577 1818/3317/1463
f 1922/3649/1565 2285/3778/1927 1921/3650/1564
f 1923/3648/1566 2286/3779/1928 1922/3649/1565
f 1924/3647/1567 2288/3780/1930 1923/3648/1566
f 1925/3646/1568 2291/3781/1933 1924/3647/1567
f 1926/3644/1569 2295/3782/1937 1925/3646/1568
f 1927/3300/1570 2300/3783/1942 1926/3644/1569
f 1921/3650/1564 2285/3778/1927 1934/3651/1577
f 2285/3778/1927 1933/3652/1576 1934/3651/1577
f 1922/3649/1565 2286/3779/1928 2285/3778/1927
f 2286/3779/1928 2287/3784/1929 2285/3778/1927
f 2285/3778/1927 2287/3784/1929 1933/3652/1576
f 2287/3784/1929 1932/3654/1575 1933/3652/1576
f 1923/3648/1566 2288/3780/1930 2286/3779/1928
f 2288/3780/1930 2289/3785/1931 2286/3779/1928
f 2286/3779/1928 2289/3785/1931 2287/3784/1929
f 2289/3785/1931 2290/3786/1932 2287/3784/1929
f 2287/3784/1929 2290/3786/1932 1932/3654/1575
f 2290/3786/1932 1931/3656/1574 1932/3654/1575
f 1924/3647/1567 2291/3781/1933 2288/3780/1930
f 2291/3781/1933 2292/3787/1934 2288/3780/1930
f 2288/3780/1930 2292/3787/1934 2289/3785/1931
f 2292/3787/1934 2293/3788/1935 2289/3785/1931
f 2289/3785/1931 2293/3788/1935 2290/3786/1932
f 2293/3788/1935 2294/3789/1936 2290/3786/1932
f 2290/3786/1932 2294/3789/1936 1931/3656/1574
f 2294/3789/1936 1930/3658/1573 1931/3656/1574
f 1925/3646/1568 2295/3782/1937 2291/3781/1933
f 2295/3782/1937 2296/3790/1938 2291/3781/1933
f 2291/3781/1933 2296/3790/1938 2292/3787/1934
f 2296/3790/1938 2297/3791/1939 2292/3787/1934
f 2292/3787/1934 2297/3791/1939 2293/3788/1935
f 2297/3791/1939 2298/3792/1940 2293/3788/1935
f 2293/3788/1935 2298/3792/1940 2294/3789/1936
f 2298/3792/1940 2299/3793/1941 2294/3789/1936
f 2294/3789/1936 2299/3793/1941 1930/3658/1573
f 2299/3793/1941 1929/3660/1572 1930/3658/1573
f 1926/3644/1569 2300/3783/1942 2295/3782/1937
f 2300/3783/1942 2301/3794/1943 2295/3782/1937
f 2295/3782/1937 2301/3794/1943 2296/3790/1938
f 2301/3794/1943 2302/3795/1944 2296/3790/1938
f 2296/3790/1938 2302/3795/1944 2297/3791/1939
f 2302/3795/1944 2303/3796/1945 2297/3791/1939
f 2297/3791/1939 2303/3796/1945 2298/3792/1940
f 2303/3796/1945 2304/3797/1946 2298/3792/1940
f 2298/3792/1940 2304/3797/1946 2299/3793/1941
f 2304/3797/1946 2305/3798/1947 2299/3793/1941
f 2299/3793/1941 2305/3798/1947 1929/3660/1572
f 2305/3798/1947 1928/3308/1571 1929/3660/1572
f 1927/3300/1570 1871/3299/1515 2300/3783/1942
f 1871/3299/1515 1870/3799/1514 2300/3783/1942
f 2300/3783/1942 1870/3799/1514 2301/3794/1943
f 1870/3799/1514 1869/3800/1513 2301/3794/1943
f 2301/3794/1943 1869/3800/1513 2302/3795/1944
f 1869/3800/1513 1868/3801/1512 2302/3795/1944
f 2302/3795/1944 1868/3801/1512 2303/3796/1945
f 1868/3801/1512 1867/3802/1511 2303/3796/1945
f 2303/3796/1945 1867/3802/1511 2304/3797/1946
f 1867/3802/1511 1866/3803/1510 2304/3797/1946
f 2304/3797/1946 1866/3803/1510 2305/3798/1947
f 1866/3803/1510 1865/3804/1509 2305/3798/1947
f 2305/3798/1947 1865/3804/1509 1928/3308/1571
f 1865/3804/1509 1813/3295/1458 1928/3308/1571
f 1907/3686/1551 1920/3687/1563 1817/3314/1462
f 1908/3684/1552 2306/3805/1948 1907/3686/1551
f 1909/3683/1553 2307/3806/1949 1908/3684/1552
f 1910/3807/837 2309/3808/1951 1909/3683/1553
f 1911/3680/1554 2312/3809/1954 1910/3681/837
f 1912/3679/1555 2316/3810/1958 1911/3680/1554
f 1913/3297/1556 2321/3811/1963 1912/3679/1555
f 1907/3686/1551 2306/3805/1948 1920/3687/1563
f 2306/3805/1948 1919/3688/1562 1920/3687/1563
f 1908/3684/1552 2307/3806/1949 2306/3805/1948
f 2307/3806/1949 2308/3812/1950 2306/3805/1948
f 2306/3805/1948 2308/3812/1950 1919/3688/1562
f 2308/3812/1950 1918/3690/1561 1919/3688/1562
f 1909/3683/1553 2309/3808/1951 2307/3806/1949
f 2309/3808/1951 2310/3813/1952 2307/3806/1949
f 2307/3806/1949 2310/3813/1952 2308/3812/1950
f 2310/3813/1952 2311/3814/1953 2308/3812/1950
f 2308/3812/1950 2311/3814/1953 1918/3690/1561
f 2311/3814/1953 1917/3692/1560 1918/3690/1561
f 1910/3807/837 2312/3815/1954 2309/3808/1951
f 2312/3815/1954 2313/3816/1955 2309/3808/1951
f 2309/3808/1951 2313/3816/1955 2310/3813/1952
f 2313/3816/1955 2314/3817/1956 2310/3813/1952
f 2310/3813/1952 2314/3817/1956 2311/3814/1953
f 2314/3817/1956 2315/3818/1957 2311/3814/1953
f 2311/3814/1953 2315/3818/1957 1917/3692/1560
f 2315/3818/1957 1916/3694/1559 1917/3692/1560
f 1911/3680/1554 2316/3810/1958 2312/3809/1954
f 2316/3819/1958 2317/3820/1959 2312/3815/1954
f 2312/3815/1954 2317/3820/1959 2313/3816/1955
f 2317/3820/1959 2318/3821/1960 2313/3816/1955
f 2313/3816/1955 2318/3821/1960 2314/3817/1956
f 2318/3821/1960 2319/3822/1961 2314/3817/1956
f 2314/3817/1956 2319/3822/1961 2315/3818/1957
f 2319/3822/1961 2320/3823/1962 2315/3818/1957
f 2315/3818/1957 2320/3823/1962 1916/3694/1559
f 2320/3823/1962 1915/3696/1558 1916/3694/1559
f 1912/3679/1555 2321/3811/1963 2316/3810/1958
f 2321/3811/1963 2322/3824/1964 2316/3810/1958
f 2316/3819/1958 2322/3825/1964 2317/3820/1959
f 2322/3825/1964 2323/3826/1965 2317/3820/1959
f 2317/3820/1959 2323/3826/1965 2318/3821/1960
f 2323/3826/1965 2324/3827/1966 2318/3821/1960
f 2318/3821/1960 2324/3827/1966 2319/3822/1961
f 2324/3827/1966 2325/3828/1967 2319/3822/1961
f 2319/3822/1961 2325/3828/1967 2320/3823/1962
f 2325/3828/1967 2326/3829/1968 2320/3823/1962
f 2320/3823/1962 2326/3829/1968 1915/3696/1558
f 2326/3829/1968 1914/3307/1557 1915/3696/1558
f 1913/3297/1556 1843/3296/1487 2321/3811/1963
f 1843/3296/1487 1842/3830/1486 2321/3811/1963
f 2321/3811/1963 1842/3830/1486 2322/3824/1964
f 1842/3831/1486 1841/3832/1485 2322/3825/1964
f 2322/3825/1964 1841/3832/1485 2323/3826/1965
f 1841/3832/1485 1840/3833/1484 2323/3826/1965
f 2323/3826/1965 1840/3833/1484 2324/3827/1966
f 1840/3833/1484 1839/3834/1483 2324/3827/1966
f 2324/3827/1966 1839/3834/1483 2325/3828/1967
f 1839/3834/1483 1838/3835/1482 2325/3828/1967
f 2325/3828/1967 1838/3835/1482 2326/3829/1968
f 1838/3835/1482 1837/3836/1481 2326/3829/1968
f 2326/3829/1968 1837/3836/1481 1914/3307/1557
f 1837/3836/1481 1812/3288/1457 1914/3307/1557
f 1893/3719/1537 1906/3837/1550 1821/3541/1466
f 1894/3718/1538 2327/3838/1969 1893/3719/1537
f 1895/3717/1539 2328/3839/1970 1894/3718/1538
f 1896/3716/1540 2330/3840/1972 1895/3717/1539
f 1897/3715/1541 2333/3841/1975 1896/3716/1540
f 1898/3714/1542 2337/3842/1979 1897/3715/1541
f 1899/3294/1543 2342/3843/1984 1898/3714/1542
f 1893/3719/1537 2327/3838/1969 1906/3837/1550
f 2327/3844/1969 1905/3543/1549 1906/3542/1550
f 1894/3718/1538 2328/3839/1970 2327/3838/1969
f 2328/3839/1970 2329/3845/1971 2327/3838/1969
f 2327/3844/1969 2329/3846/1971 1905/3543/1549
f 2329/3846/1971 1904/3545/1548 1905/3543/1549
f 1895/3717/1539 2330/3840/1972 2328/3839/1970
f 2330/3840/1972 2331/3847/1973 2328/3839/1970
f 2328/3839/1970 2331/3847/1973 2329/3845/1971
f 2331/3848/1973 2332/3849/1974 2329/3846/1971
f 2329/3846/1971 2332/3849/1974 1904/3545/1548
f 2332/3849/1974 1903/3547/1547 1904/3545/1548
f 1896/3716/1540 2333/3841/1975 2330/3840/1972
f 2333/3841/1975 2334/3850/1976 2330/3840/1972
f 2330/3840/1972 2334/3850/1976 2331/3847/1973
f 2334/3850/1976 2335/3851/1977 2331/3847/1973
f 2331/3848/1973 2335/3852/1977 2332/3849/1974
f 2335/3852/1977 2336/3853/1978 2332/3849/1974
f 2332/3849/1974 2336/3853/1978 1903/3547/1547
f 2336/3853/1978 1902/3549/1546 1903/3547/1547
f 1897/3715/1541 2337/3842/1979 2333/3841/1975
f 2337/3842/1979 2338/3854/1980 2333/3841/1975
f 2333/3841/1975 2338/3854/1980 2334/3850/1976
f 2338/3854/1980 2339/3855/1981 2334/3850/1976
f 2334/3850/1976 2339/3855/1981 2335/3851/1977
f 2339/3856/1981 2340/3857/1982 2335/3852/1977
f 2335/3852/1977 2340/3857/1982 2336/3853/1978
f 2340/3857/1982 2341/3858/1983 2336/3853/1978
f 2336/3853/1978 2341/3858/1983 1902/3549/1546
f 2341/3858/1983 1901/3551/1545 1902/3549/1546
f 1898/3714/1542 2342/3843/1984 2337/3842/1979
f 2342/3843/1984 2343/3859/1985 2337/3842/1979
f 2337/3842/1979 2343/3859/1985 2338/3854/1980
f 2343/3859/1985 2344/3860/1986 2338/3854/1980
f 2338/3854/1980 2344/3860/1986 2339/3855/1981
f 2344/3860/1986 2345/3861/1987 2339/3855/1981
f 2339/3856/1981 2345/3862/1987 2340/3857/1982
f 2345/3862/1987 2346/3863/1988 2340/3857/1982
f 2340/3857/1982 2346/3863/1988 2341/3858/1983
f 2346/3863/1988 2347/3864/1989 2341/3858/1983
f 2341/3858/1983 2347/3864/1989 1901/3551/1545
f 2347/3864/1989 1900/3313/1544 1901/3551/1545
f 1899/3294/1543 1850/3290/1494 2342/3843/1984
f 1850/3290/1494 1849/3865/1493 2342/3843/1984
f 2342/3843/1984 1849/3865/1493 2343/3859/1985
f 1849/3865/1493 1848/3866/1492 2343/3859/1985
f 2343/3859/1985 1848/3866/1492 2344/3860/1986
f 1848/3866/1492 1847/3867/1491 2344/3860/1986
f 2344/3860/1986 1847/3867/1491 2345/3861/1987
f 1847/3868/1491 1846/3869/1490 2345/3862/1987
f 2345/3862/1987 1846/3869/1490 2346/3863/1988
f 1846/3869/1490 1845/3870/1489 2346/3863/1988
f 2346/3863/1988 1845/3870/1489 2347/3864/1989
f 1845/3870/1489 1844/3871/1488 2347/3864/1989
f 2347/3864/1989 1844/3871/1488 1900/3313/1544
f 1844/3871/1488 1816/3304/1461 1900/3313/1544
f 1857/3872/1501 1892/3305/1536 1816/3304/1461
f 1856/3873/1500 2348/3874/1990 1857/3872/1501
f 1855/3875/1499 2349/3876/1991 1856/3873/1500
f 1854/3877/1498 2351/3878/1993 1855/3879/1499
f 1853/3880/1497 2354/3881/1996 1854/3877/1498
f 1852/3882/1496 2358/3883/2000 1853/3880/1497
f 1851/3293/1495 2363/3884/2005 1852/3882/1496
f 1857/3872/1501 2348/3874/1990 1892/3305/1536
f 2348/3874/1990 1891/3744/1535 1892/3305/1536
f 1856/3873/1500 2349/3876/1991 2348/3874/1990
f 2349/3876/1991 2350/3885/1992 2348/3874/1990
f 2348/3874/1990 2350/3885/1992 1891/3744/1535
f 2350/3885/1992 1890/3745/1534 1891/3744/1535
f 1855/3879/1499 2351/3878/1993 2349/3886/1991
f 2351/3887/1993 2352/3888/1994 2349/3876/1991
f 2349/3876/1991 2352/3888/1994 2350/3885/1992
f 2352/3888/1994 2353/3889/1995 2350/3885/1992
f 2350/3885/1992 2353/3889/1995 1890/3745/1534
f 2353/3889/1995 1889/3746/1533 1890/3745/1534
f 1854/3877/1498 2354/3881/1996 2351/3878/1993
f 2354/3881/1996 2355/3890/1997 2351/3878/1993
f 2351/3878/1993 2355/3890/1997 2352/3891/1994
f 2355/3890/1997 2356/3892/1998 2352/3891/1994
f 2352/3888/1994 2356/3893/1998 2353/3889/1995
f 2356/3893/1998 2357/3894/1999 2353/3889/1995
f 2353/3889/1995 2357/3894/1999 1889/3746/1533
f 2357/3894/1999 1888/3747/1532 1889/3746/1533
f 1853/3880/1497 2358/3883/2000 2354/3881/1996
f 2358/3883/2000 2359/3895/2001 2354/3881/1996
f 2354/3881/1996 2359/3895/2001 2355/3890/1997
f 2359/3895/2001 2360/3896/2002 2355/3890/1997
f 2355/3890/1997 2360/3896/2002 2356/3892/1998
f 2360/3896/2002 2361/3897/2003 2356/3892/1998
f 2356/3892/1998 2361/3897/2003 2357/3898/1999
f 2361/3899/2003 2362/3900/2004 2357/3894/1999
f 2357/3894/1999 2362/3900/2004 1888/3747/1532
f 2362/3900/2004 1887/3748/1531 1888/3747/1532
f 1852/3882/1496 2363/3884/2005 2358/3883/2000
f 2363/3884/2005 2364/3901/2006 2358/3883/2000
f 2358/3883/2000 2364/3901/2006 2359/3895/2001
f 2364/3901/2006 2365/3902/2007 2359/3895/2001
f 2359/3895/2001 2365/3902/2007 2360/3896/2002
f 2365/3902/2007 2366/3903/2008 2360/3896/2002
f 2360/3896/2002 2366/3903/2008 2361/3897/2003
f 2366/3903/2008 2367/3904/2009 2361/3897/2003
f 2361/3897/2003 2367/3904/2009 2362/3905/2004
f 2367/3904/2009 2368/3906/2010 2362/3905/2004
f 2362/3907/2004 2368/3908/2010 1887/3749/1531
f 2368/3908/2010 1886/3750/1530 1887/3749/1531
f 1851/3293/1495 1878/3292/1522 2363/3884/2005
f 1878/3292/1522 1877/3909/1521 2363/3884/2005
f 2363/3884/2005 1877/3909/1521 2364/3901/2006
f 1877/3909/1521 1876/3910/1520 2364/3901/2006
f 2364/3901/2006 1876/3910/1520 2365/3902/2007
f 1876/3910/1520 1875/3911/1519 2365/3902/2007
f 2365/3902/2007 1875/3911/1519 2366/3903/2008
f 1875/3911/1519 1874/3912/1518 2366/3903/2008
f 2366/3903/2008 1874/3912/1518 2367/3904/2009
f 1874/3912/1518 1873/3913/1517 2367/3904/2009
f 2367/3914/2009 1873/3915/1517 2368/3908/2010
f 1873/3915/1517 1872/3916/1516 2368/3908/2010
f 2368/3908/2010 1872/3916/1516 1886/3750/1530
f 1872/3916/1516 1815/3301/1460 1886/3750/1530
f 1872/3916/1516 1885/3302/1529 1815/3301/1460
f 1873/3915/1517 2369/3917/2011 1872/3916/1516
f 1874/3912/1518 2370/3918/2012 1873/3913/1517
f 1875/3911/1519 2372/3919/2014 1874/3912/1518
f 1876/3910/1520 2375/3920/2017 1875/3911/1519
f 1877/3909/1521 2379/3921/2021 1876/3910/1520
f 1878/3292/1522 2384/3922/2026 1877/3909/1521
f 1872/3916/1516 2369/3917/2011 1885/3302/1529
f 2369/3917/2011 1884/3772/1528 1885/3302/1529
f 1873/3915/1517 2370/3923/2012 2369/3917/2011
f 2370/3923/2012 2371/3924/2013 2369/3917/2011
f 2369/3917/2011 2371/3924/2013 1884/3772/1528
f 2371/3924/2013 1883/3773/1527 1884/3772/1528
f 1874/3912/1518 2372/3919/2014 2370/3918/2012
f 2372/3919/2014 2373/3925/2015 2370/3918/2012
f 2370/3923/2012 2373/3926/2015 2371/3924/2013
f 2373/3926/2015 2374/3927/2016 2371/3924/2013
f 2371/3924/2013 2374/3927/2016 1883/3773/1527
f 2374/3927/2016 1882/3774/1526 1883/3773/1527
f 1875/3911/1519 2375/3920/2017 2372/3919/2014
f 2375/3920/2017 2376/3928/2018 2372/3919/2014
f 2372/3919/2014 2376/3928/2018 2373/3925/2015
f 2376/3928/2018 2377/3929/2019 2373/3925/2015
f 2373/3926/2015 2377/3930/2019 2374/3927/2016
f 2377/3930/2019 2378/3931/2020 2374/3927/2016
f 2374/3927/2016 2378/3931/2020 1882/3774/1526
f 2378/3931/2020 1881/3775/1525 1882/3774/1526
f 1876/3910/1520 2379/3921/2021 2375/3920/2017
f 2379/3921/2021 2380/3932/2022 2375/3920/2017
f 2375/3920/2017 2380/3932/2022 2376/3928/2018
f 2380/3932/2022 2381/3933/2023 2376/3928/2018
f 2376/3928/2018 2381/3933/2023 2377/3929/2019
f 2381/3933/2023 2382/3934/2024 2377/3929/2019
f 2377/3930/2019 2382/3935/2024 2378/3931/2020
f 2382/3935/2024 2383/3936/2025 2378/3931/2020
f 2378/3931/2020 2383/3936/2025 1881/3775/1525
f 2383/3936/2025 1880/3776/1524 1881/3775/1525
f 1877/3909/1521 2384/3922/2026 2379/3921/2021
f 2384/3922/2026 2385/3937/2027 2379/3921/2021
f 2379/3921/2021 2385/3937/2027 2380/3932/2022
f 2385/3937/2027 2386/3938/2028 2380/3932/2022
f 2380/3932/2022 2386/3938/2028 2381/3933/2023
f 2386/3938/2028 2387/3939/2029 2381/3933/2023
f 2381/3933/2023 2387/3939/2029 2382/3934/2024
f 2387/3939/2029 2388/3940/2030 2382/3934/2024
f 2382/3935/2024 2388/3941/2030 2383/3936/2025
f 2388/3941/2030 2389/3942/2031 2383/3936/2025
f 2383/3936/2025 2389/3942/2031 1880/3776/1524
f 2389/3942/2031 1879/3777/1523 1880/3776/1524
f 1878/3292/1522 1864/3291/1508 2384/3922/2026
f 1864/3291/1508 1863/3943/1507 2384/3922/2026
f 2384/3922/2026 1863/3943/1507 2385/3937/2027
f 1863/3943/1507 1862/3944/1506 2385/3937/2027
f 2385/3937/2027 1862/3944/1506 2386/3938/2028
f 1862/3944/1506 1861/3945/1505 2386/3938/2028
f 2386/3938/2028 1861/3945/1505 2387/3939/2029
f 1861/3945/1505 1860/3946/1504 2387/3939/2029
f 2387/3939/2029 1860/3946/1504 2388/3940/2030
f 1860/3946/1504 1859/3947/1503 2388/3940/2030
f 2388/3940/2030 1859/3947/1503 2389/3948/2031
f 1859/3949/1503 1858/3950/1502 2389/3942/2031
f 2389/3942/2031 1858/3950/1502 1879/3777/1523
f 1858/3950/1502 1814/3309/1459 1879/3777/1523
f 1858/3951/1502 1871/3299/1515 1814/3298/1459
f 1859/3952/1503 2390/3953/2032 1858/3951/1502
f 1860/3946/1504 2391/3954/2033 1859/3947/1503
f 1861/3945/1505 2393/3955/2035 1860/3946/1504
f 1862/3944/1506 2396/3956/2038 1861/3945/1505
f 1863/3943/1507 2400/3957/2042 1862/3944/1506
f 1864/3291/1508 2405/3958/2047 1863/3943/1507
f 1858/3951/1502 2390/3953/2032 1871/3299/1515
f 2390/3953/2032 1870/3799/1514 1871/3299/1515
f 1859/3947/1503 2391/3954/2033 2390/3959/2032
f 2391/3960/2033 2392/3961/2034 2390/3953/2032
f 2390/3953/2032 2392/3961/2034 1870/3799/1514
f 2392/3961/2034 1869/3800/1513 1870/3799/1514
f 1860/3946/1504 2393/3955/2035 2391/3954/2033
f 2393/3955/2035 2394/3962/2036 2391/3954/2033
f 2391/3960/2033 2394/3963/2036 2392/3961/2034
f 2394/3963/2036 2395/3964/2037 2392/3961/2034
f 2392/3961/2034 2395/3964/2037 1869/3800/1513
f 2395/3964/2037 1868/3801/1512 1869/3800/1513
f 1861/3945/1505 2396/3956/2038 2393/3955/2035
f 2396/3956/2038 2397/3965/2039 2393/3955/2035
f 2393/3955/2035 2397/3965/2039 2394/3962/2036
f 2397/3965/2039 2398/3966/2040 2394/3962/2036
f 2394/3963/2036 2398/3967/2040 2395/3964/2037
f 2398/3967/2040 2399/3968/2041 2395/3964/2037
f 2395/3964/2037 2399/3968/2041 1868/3801/1512
f 2399/3968/2041 1867/3802/1511 1868/3801/1512
f 1862/3944/1506 2400/3957/2042 2396/3956/2038
f 2400/3957/2042 2401/3969/2043 2396/3956/2038
f 2396/3956/2038 2401/3969/2043 2397/3965/2039
f 2401/3969/2043 2402/3970/2044 2397/3965/2039
f 2397/3965/2039 2402/3970/2044 2398/3966/2040
f 2402/3970/2044 2403/3971/2045 2398/3966/2040
f 2398/3967/2040 2403/3972/2045 2399/3968/2041
f 2403/3972/2045 2404/3973/2046 2399/3968/2041
f 2399/3968/2041 2404/3973/2046 1867/3802/1511
f 2404/3973/2046 1866/3803/1510 1867/3802/1511
f 1863/3943/1507 2405/3958/2047 2400/3957/2042
f 2405/3958/2047 2406/3974/2048 2400/3957/2042
f 2400/3957/2042 2406/3974/2048 2401/3969/2043
f 2406/3974/2048 2407/3975/2049 2401/3969/2043
f 2401/3969/2043 2407/3975/2049 2402/3970/2044
f 2407/3975/2049 2408/3976/2050 2402/3970/2044
f 2402/3970/2044 2408/3976/2050 2403/3971/2045
f 2408/3977/2050 2409/3978/2051 2403/3972/2045
f 2403/3972/2045 2409/3978/2051 2404/3973/2046
f 2409/3978/2051 2410/3979/2052 2404/3973/2046
f 2404/3973/2046 2410/3979/2052 1866/3803/1510
f 2410/3979/2052 1865/3804/1509 1866/3803/1510
f 1864/3291/1508 1829/3287/1473 2405/3958/2047
f 1829/3287/1473 1828/3980/1472 2405/3958/2047
f 2405/3958/2047 1828/3980/1472 2406/3974/2048
f 1828/3980/1472 1827/3981/1471 2406/3974/2048
f 2406/3974/2048 1827/3981/1471 2407/3975/2049
f 1827/3981/1471 1826/3982/1470 2407/3975/2049
f 2407/3975/2049 1826/3982/1470 2408/3976/2050
f 1826/3982/1470 1825/3983/1469 2408/3976/2050
f 2408/3976/2050 1825/3983/1469 2409/3984/2051
f 1825/3985/1469 1824/3986/1468 2409/3978/2051
f 2409/3978/2051 1824/3986/1468 2410/3979/2052
f 1824/3986/1468 1823/3987/1467 2410/3979/2052
f 2410/3979/2052 1823/3987/1467 1865/3804/1509
f 1823/3987/1467 1813/3295/1458 1865/3804/1509
f 1844/3871/1488 1857/3872/1501 1816/3304/1461
f 1845/3870/1489 2411/3988/2053 1844/3871/1488
f 1846/3869/1490 2412/3989/2054 1845/3870/1489
f 1847/3868/1491 2414/3990/2056 1846/3869/1490
f 1848/3866/1492 2417/3991/2059 1847/3867/1491
f 1849/3865/1493 2421/3992/2063 1848/3866/1492
f 1850/3290/1494 2426/3993/2068 1849/3865/1493
f 1844/3871/1488 2411/3988/2053 1857/3872/1501
f 2411/3988/2053 1856/3873/1500 1857/3872/1501
f 1845/3870/1489 2412/3989/2054 2411/3988/2053
f 2412/3989/2054 2413/3994/2055 2411/3988/2053
f 2411/3988/2053 2413/3994/2055 1856/3873/1500
f 2413/3994/2055 1855/3875/1499 1856/3873/1500
f 1846/3869/1490 2414/3990/2056 2412/3989/2054
f 2414/3990/2056 2415/3995/2057 2412/3989/2054
f 2412/3989/2054 2415/3995/2057 2413/3994/2055
f 2415/3996/2057 2416/3997/2058 2413/3998/2055
f 2413/3998/2055 2416/3997/2058 1855/3879/1499
f 2416/3997/2058 1854/3877/1498 1855/3879/1499
f 1847/3867/1491 2417/3991/2059 2414/3999/2056
f 2417/4000/2059 2418/4001/2060 2414/4002/2056
f 2414/4002/2056 2418/4001/2060 2415/3996/2057
f 2418/4001/2060 2419/4003/2061 2415/3996/2057
f 2415/3996/2057 2419/4003/2061 2416/3997/2058
f 2419/4003/2061 2420/4004/2062 2416/3997/2058
f 2416/3997/2058 2420/4004/2062 1854/3877/1498
f 2420/4004/2062 1853/3880/1497 1854/3877/1498
f 1848/3866/1492 2421/3992/2063 2417/3991/2059
f 2421/3992/2063 2422/4005/2064 2417/3991/2059
f 2417/4000/2059 2422/4006/2064 2418/4001/2060
f 2422/4006/2064 2423/4007/2065 2418/4001/2060
f 2418/4001/2060 2423/4007/2065 2419/4003/2061
f 2423/4007/2065 2424/4008/2066 2419/4003/2061
f 2419/4003/2061 2424/4008/2066 2420/4004/2062
f 2424/4008/2066 2425/4009/2067 2420/4004/2062
f 2420/4004/2062 2425/4009/2067 1853/3880/1497
f 2425/4009/2067 1852/3882/1496 1853/3880/1497
f 1849/3865/1493 2426/3993/2068 2421/3992/2063
f 2426/3993/2068 2427/4010/2069 2421/3992/2063
f 2421/3992/2063 2427/4010/2069 2422/4005/2064
f 2427/4011/2069 2428/4012/2070 2422/4006/2064
f 2422/4006/2064 2428/4012/2070 2423/4007/2065
f 2428/4012/2070 2429/4013/2071 2423/4007/2065
f 2423/4007/2065 2429/4013/2071 2424/4008/2066
f 2429/4013/2071 2430/4014/2072 2424/4008/2066
f 2424/4008/2066 2430/4014/2072 2425/4009/2067
f 2430/4014/2072 2431/4015/2073 2425/4009/2067
f 2425/4009/2067 2431/4015/2073 1852/3882/1496
f 2431/4015/2073 1851/3293/1495 1852/3882/1496
f 1850/3290/1494 1836/3289/1480 2426/3993/2068
f 1836/3289/1480 1835/4016/1479 2426/3993/2068
f 2426/3993/2068 1835/4016/1479 2427/4010/2069
f 1835/4016/1479 1834/4017/1478 2427/4010/2069
f 2427/4011/2069 1834/4018/1478 2428/4012/2070
f 1834/4018/1478 1833/4019/1477 2428/4012/2070
f 2428/4012/2070 1833/4019/1477 2429/4013/2071
f 1833/4019/1477 1832/4020/1476 2429/4013/2071
f 2429/4013/2071 1832/4020/1476 2430/4014/2072
f 1832/4020/1476 1831/4021/1475 2430/4014/2072
f 2430/4014/2072 1831/4021/1475 2431/4015/2073
f 1831/4021/1475 1830/3286/1474 2431/4015/2073
f 2431/4015/2073 1830/3286/1474 1851/3293/1495
f 1830/3286/1474 1811/3285/813 1851/3293/1495
f 1823/3987/1467 1843/3296/1487 1813/3295/1458
f 1824/3986/1468 2432/4022/2074 1823/3987/1467
f 1825/3985/1469 2433/4023/2075 1824/3986/1468
f 1826/3982/1470 2435/4024/2077 1825/3983/1469
f 1827/3981/1471 2438/4025/2080 1826/3982/1470
f 1828/3980/1472 2442/4026/2084 1827/3981/1471
f 1829/3287/1473 2447/4027/2089 1828/3980/1472
f 1823/3987/1467 2432/4022/2074 1843/3296/1487
f 2432/4022/2074 1842/3830/1486 1843/3296/1487
f 1824/3986/1468 2433/4023/2075 2432/4022/2074
f 2433/4023/2075 2434/4028/2076 2432/4022/2074
f 2432/4022/2074 2434/4028/2076 1842/3830/1486
f 2434/4029/2076 1841/3832/1485 1842/3831/1486
f 1825/3983/1469 2435/4024/2077 2433/4030/2075
f 2435/4024/2077 2436/4031/2078 2433/4030/2075
f 2433/4030/2075 2436/4031/2078 2434/4032/2076
f 2436/4033/2078 2437/4034/2079 2434/4029/2076
f 2434/4029/2076 2437/4034/2079 1841/3832/1485
f 2437/4034/2079 1840/3833/1484 1841/3832/1485
f 1826/3982/1470 2438/4025/2080 2435/4024/2077
f 2438/4025/2080 2439/4035/2081 2435/4024/2077
f 2435/4024/2077 2439/4035/2081 2436/4031/2078
f 2439/4035/2081 2440/4036/2082 2436/4031/2078
f 2436/4033/2078 2440/4037/2082 2437/4034/2079
f 2440/4037/2082 2441/4038/2083 2437/4034/2079
f 2437/4034/2079 2441/4038/2083 1840/3833/1484
f 2441/4038/2083 1839/3834/1483 1840/3833/1484
f 1827/3981/1471 2442/4026/2084 2438/4025/2080
f 2442/4026/2084 2443/4039/2085 2438/4025/2080
f 2438/4025/2080 2443/4039/2085 2439/4035/2081
f 2443/4039/2085 2444/4040/2086 2439/4035/2081
f 2439/4035/2081 2444/4040/2086 2440/4036/2082
f 2444/4040/2086 2445/4041/2087 2440/4036/2082
f 2440/4037/2082 2445/4042/2087 2441/4038/2083
f 2445/4042/2087 2446/4043/2088 2441/4038/2083
f 2441/4038/2083 2446/4043/2088 1839/3834/1483
f 2446/4043/2088 1838/3835/1482 1839/3834/1483
f 1828/3980/1472 2447/4027/2089 2442/4026/2084
f 2447/4027/2089 2448/4044/2090 2442/4026/2084
f 2442/4026/2084 2448/4044/2090 2443/4039/2085
f 2448/4044/2090 2449/4045/2091 2443/4039/2085
f 2443/4039/2085 2449/4045/2091 2444/4040/2086
f 2449/4045/2091 2450/4046/2092 2444/4040/2086
f 2444/4040/2086 2450/4046/2092 2445/4041/2087
f 2450/4047/2092 2451/4048/2093 2445/4042/2087
f 2445/4042/2087 2451/4048/2093 2446/4043/2088
f 2451/4048/2093 2452/4049/2094 2446/4043/2088
f 2446/4043/2088 2452/4049/2094 1838/3835/1482
f 2452/4049/2094 1837/3836/1481 1838/3835/1482
f 1829/3287/1473 1830/3286/1474 2447/4027/2089
f 1830/3286/1474 1831/4021/1475 2447/4027/2089
f 2447/4027/2089 1831/4021/1475 2448/4044/2090
f 1831/4021/1475 1832/4020/1476 2448/4044/2090
f 2448/4044/2090 1832/4020/1476 2449/4045/2091
f 1832/4020/1476 1833/4019/1477 2449/4045/2091
f 2449/4045/2091 1833/4019/1477 2450/4046/2092
f 1833/4019/1477 1834/4018/1478 2450/4046/2092
f 2450/4047/2092 1834/4017/1478 2451/4048/2093
f 1834/4017/1478 1835/4016/1479 2451/4048/2093
f 2451/4048/2093 1835/4016/1479 2452/4049/2094
f 1835/4016/1479 1836/3289/1480 2452/4049/2094
f 2452/4049/2094 1836/3289/1480 1837/3836/1481
f 1836/3289/1480 1812/3288/1457 1837/3836/1481
f 2453/4050/2095 2466/4051/2108 2465/4052/2107
f 2454/4053/2096 2466/4054/2108 2468/4055/2110
f 2453/4050/2095 2465/4052/2107 2470/4056/2112
f 2453/4050/2095 2470/4056/2112 2472/4057/2114
f 2453/4050/2095 2472/4057/2114 2469/4058/2111
f 2454/4053/2096 2468/4055/2110 2475/4059/2117
f 2455/4060/2097 2467/4061/2109 2477/4062/837
f 2456/4063/2098 2471/4064/2113 2479/4065/2120
f 2457/4066/2099 2473/4067/2115 2481/4068/2122
f 2458/4069/2100 2474/4070/2116 2483/4071/2124
f 2454/4053/2096 2475/4059/2117 2478/4072/2119
f 2455/4073/2097 2477/4074/837 2480/4075/2121
f 2456/4076/2098 2479/4077/2120 2482/4078/2123
f 2457/4066/2099 2481/4068/2122 2484/4079/844
f 2458/4069/2100 2483/4071/2124 2476/4080/2118
f 2459/4081/2101 2485/4082/2125 2490/4083/2130
f 2460/4084/2102 2486/4085/2126 2492/4086/2132
f 2461/4087/2103 2487/4088/2127 2493/4089/2133
f 2462/4090/2104 2488/4091/2128 2494/4092/2134
f 2463/4093/2105 2489/4094/2129 2491/4095/2131
f 2491/4096/2131 2494/4097/2134 2464/4098/2106
f 2491/4095/2131 2489/4094/2129 2494/4092/2134
f 2489/4094/2129 2462/4090/2104 2494/4092/2134
f 2494/4097/2134 2493/4099/2133 2464/4098/2106
f 2494/4100/2134 2488/4101/2128 2493/4089/2133
f 2488/4101/2128 2461/4087/2103 2493/4089/2133
f 2493/4099/2133 2492/4102/2132 2464/4098/2106
f 2493/4089/2133 2487/4088/2127 2492/4103/2132
f 2487/4104/2127 2460/4084/2102 2492/4086/2132
f 2492/4102/2132 2490/4105/2130 2464/4098/2106
f 2492/4086/2132 2486/4085/2126 2490/4106/2130
f 2486/4107/2126 2459/4081/2101 2490/4083/2130
f 2490/4105/2130 2491/4096/2131 2464/4098/2106
f 2490/4083/2130 2485/4082/2125 2491/4108/2131
f 2485/4082/2125 2463/4109/2105 2491/4108/2131
f 2476/4080/2118 2489/4094/2129 2463/4093/2105
f 2476/4080/2118 2483/4071/2124 2489/4094/2129
f 2483/4071/2124 2462/4090/2104 2489/4094/2129
f 2484/4079/844 2488/4101/2128 2462/4110/2104
f 2484/4079/844 2481/4068/2122 2488/4101/2128
f 2481/4068/2122 2461/4087/2103 2488/4101/2128
f 2482/4078/2123 2487/4088/2127 2461/4087/2103
f 2482/4078/2123 2479/4077/2120 2487/4088/2127
f 2479/4065/2120 2460/4084/2102 2487/4104/2127
f 2480/4075/2121 2486/4085/2126 2460/4084/2102
f 2480/4075/2121 2477/4074/837 2486/4085/2126
f 2477/4074/837 2459/4111/2101 2486/4085/2126
f 2478/4072/2119 2485/4082/2125 2459/4081/2101
f 2478/4072/2119 2475/4059/2117 2485/4082/2125
f 2475/4059/2117 2463/4109/2105 2485/4082/2125
f 2483/4071/2124 2484/4112/844 2462/4090/2104
f 2483/4071/2124 2474/4070/2116 2484/4112/844
f 2474/4070/2116 2457/4113/2099 2484/4112/844
f 2481/4068/2122 2482/4078/2123 2461/4087/2103
f 2481/4068/2122 2473/4067/2115 2482/4078/2123
f 2473/4067/2115 2456/4076/2098 2482/4078/2123
f 2479/4065/2120 2480/4075/2121 2460/4084/2102
f 2479/4065/2120 2471/4064/2113 2480/4075/2121
f 2471/4064/2113 2455/4073/2097 2480/4075/2121
f 2477/4062/837 2478/4072/2119 2459/4081/2101
f 2477/4062/837 2467/4061/2109 2478/4072/2119
f 2467/4061/2109 2454/4053/2096 2478/4072/2119
f 2475/4059/2117 2476/4114/2118 2463/4109/2105
f 2475/4059/2117 2468/4055/2110 2476/4114/2118
f 2468/4115/2110 2458/4069/2100 2476/4080/2118
f 2469/4116/2111 2474/4070/2116 2458/4069/2100
f 2469/4116/2111 2472/4117/2114 2474/4070/2116
f 2472/4118/2114 2457/4066/2099 2474/4119/2116
f 2472/4118/2114 2473/4067/2115 2457/4066/2099
f 2472/4118/2114 2470/4120/2112 2473/4067/2115
f 2470/4120/2112 2456/4076/2098 2473/4067/2115
f 2470/4121/2112 2471/4064/2113 2456/4063/2098
f 2470/4121/2112 2465/4122/2107 2471/4064/2113
f 2465/4122/2107 2455/4073/2097 2471/4064/2113
f 2468/4115/2110 2469/4116/2111 2458/4069/2100
f 2468/4055/2110 2466/4054/2108 2469/4123/2111
f 2466/4051/2108 2453/4050/2095 2469/4058/2111
f 2465/4122/2107 2467/4124/2109 2455/4073/2097
f 2465/4125/2107 2466/4054/2108 2467/4061/2109
f 2466/4054/2108 2454/4053/2096 2467/4061/2109
f 2495/4126/2095 2508/4127/2108 2507/4128/2107
f 2496/4129/2096 2508/4130/2108 2510/4131/2110
f 2495/4126/2095 2507/4128/2107 2512/4132/2112
f 2495/4126/2095 2512/4132/2112 2514/4133/2114
f 2495/4126/2095 2514/4133/2114 2511/4134/2111
f 2496/4129/2096 2510/4131/2110 2517/4135/2117
f 2497/4136/2097 2509/4137/2109 2519/4138/837
f 2498/4139/2098 2513/4140/2113 2521/4141/2120
f 2499/4142/2099 2515/4143/2115 2523/4144/2122
f 2500/4145/2100 2516/4146/2116 2525/4147/2124
f 2496/4129/2096 2517/4135/2117 2520/4148/2119
f 2497/4149/2097 2519/4150/837 2522/4151/2121
f 2498/4152/2098 2521/4153/2120 2524/4154/2123
f 2499/4142/2099 2523/4144/2122 2526/4155/844
f 2500/4145/2100 2525/4147/2124 2518/4156/2118
f 2501/4157/2101 2527/4158/2125 2532/4159/2130
f 2502/4160/2102 2528/4161/2126 2534/4162/2132
f 2503/4163/2103 2529/4164/2127 2535/4165/2133
f 2504/4166/2104 2530/4167/2128 2536/4168/2134
f 2505/4169/2105 2531/4170/2129 2533/4171/2131
f 2533/4172/2131 2536/4173/2134 2506/4174/2106
f 2533/4171/2131 2531/4170/2129 2536/4168/2134
f 2531/4170/2129 2504/4166/2104 2536/4168/2134
f 2536/4173/2134 2535/4175/2133 2506/4174/2106
f 2536/4176/2134 2530/4177/2128 2535/4165/2133
f 2530/4177/2128 2503/4163/2103 2535/4165/2133
f 2535/4175/2133 2534/4178/2132 2506/4174/2106
f 2535/4165/2133 2529/4164/2127 2534/4179/2132
f 2529/4180/2127 2502/4160/2102 2534/4162/2132
f 2534/4178/2132 2532/4181/2130 2506/4174/2106
f 2534/4162/2132 2528/4161/2126 2532/4182/2130
f 2528/4183/2126 2501/4157/2101 2532/4159/2130
f 2532/4181/2130 2533/4172/2131 2506/4174/2106
f 2532/4159/2130 2527/4158/2125 2533/4184/2131
f 2527/4158/2125 2505/4185/2105 2533/4184/2131
f 2518/4156/2118 2531/4170/2129 2505/4169/2105
f 2518/4156/2118 2525/4147/2124 2531/4170/2129
f 2525/4147/2124 2504/4166/2104 2531/4170/2129
f 2526/4155/844 2530/4177/2128 2504/4186/2104
f 2526/4155/844 2523/4144/2122 2530/4177/2128
f 2523/4144/2122 2503/4163/2103 2530/4177/2128
f 2524/4154/2123 2529/4164/2127 2503/4163/2103
f 2524/4154/2123 2521/4153/2120 2529/4164/2127
f 2521/4141/2120 2502/4160/2102 2529/4180/2127
f 2522/4151/2121 2528/4161/2126 2502/4160/2102
f 2522/4151/2121 2519/4150/837 2528/4161/2126
f 2519/4150/837 2501/4187/2101 2528/4161/2126
f 2520/4148/2119 2527/4158/2125 2501/4157/2101
f 2520/4148/2119 2517/4135/2117 2527/4158/2125
f 2517/4135/2117 2505/4185/2105 2527/4158/2125
f 2525/4147/2124 2526/4188/844 2504/4166/2104
f 2525/4147/2124 2516/4146/2116 2526/4188/844
f 2516/4146/2116 2499/4189/2099 2526/4188/844
f 2523/4144/2122 2524/4154/2123 2503/4163/2103
f 2523/4144/2122 2515/4143/2115 2524/4154/2123
f 2515/4143/2115 2498/4152/2098 2524/4154/2123
f 2521/4141/2120 2522/4151/2121 2502/4160/2102
f 2521/4141/2120 2513/4140/2113 2522/4151/2121
f 2513/4140/2113 2497/4149/2097 2522/4151/2121
f 2519/4138/837 2520/4148/2119 2501/4157/2101
f 2519/4138/837 2509/4137/2109 2520/4148/2119
f 2509/4137/2109 2496/4129/2096 2520/4148/2119
f 2517/4135/2117 2518/4190/2118 2505/4185/2105
f 2517/4135/2117 2510/4131/2110 2518/4190/2118
f 2510/4191/2110 2500/4145/2100 2518/4156/2118
f 2511/4192/2111 2516/4146/2116 2500/4145/2100
f 2511/4192/2111 2514/4193/2114 2516/4146/2116
f 2514/4194/2114 2499/4142/2099 2516/4195/2116
f 2514/4194/2114 2515/4143/2115 2499/4142/2099
f 2514/4194/2114 2512/4196/2112 2515/4143/2115
f 2512/4196/2112 2498/4152/2098 2515/4143/2115
f 2512/4197/2112 2513/4140/2113 2498/4139/2098
f 2512/4197/2112 2507/4198/2107 2513/4140/2113
f 2507/4198/2107 2497/4149/2097 2513/4140/2113
f 2510/4191/2110 2511/4192/2111 2500/4145/2100
f 2510/4131/2110 2508/4130/2108 2511/4199/2111
f 2508/4127/2108 2495/4126/2095 2511/4134/2111
f 2507/4198/2107 2509/4200/2109 2497/4149/2097
f 2507/4201/2107 2508/4130/2108 2509/4137/2109
f 2508/4130/2108 2496/4129/2096 2509/4137/2109
f 2537/4202/813 2550/4203/2146 2549/4204/2145
f 2538/4205/2135 2550/4206/2146 2552/4207/2148
f 2537/4202/813 2549/4204/2145 2554/4208/2150
f 2537/4202/813 2554/4208/2150 2556/4209/2152
f 2537/4202/813 2556/4209/2152 2553/4210/2149
f 2538/4205/2135 2552/4207/2148 2559/4211/835
f 2539/4212/2136 2551/4213/2147 2561/4214/837
f 2540/4215/2137 2555/4216/2151 2563/4217/839
f 2541/4218/2138 2557/4219/2153 2565/4220/841
f 2542/4221/2139 2558/4222/2154 2567/4223/843
f 2538/4205/2135 2559/4211/835 2562/4224/838
f 2539/4212/2136 2561/4214/837 2564/4225/840
f 2540/4226/2137 2563/4227/839 2566/4228/842
f 2541/4218/2138 2565/4220/841 2568/4229/844
f 2542/4221/2139 2567/4223/843 2560/4230/836
f 2543/4231/2140 2569/4232/2155 2574/4233/2160
f 2544/4234/2141 2570/4235/2156 2576/4236/2162
f 2545/4237/2142 2571/4238/2157 2577/4239/2163
f 2546/4240/2143 2572/4241/2158 2578/4242/2164
f 2547/4243/2144 2573/4244/2159 2575/4245/2161
f 2575/4246/2161 2578/4247/2164 2548/4248/824
f 2575/4246/2161 2573/4249/2159 2578/4247/2164
f 2573/4244/2159 2546/4240/2143 2578/4242/2164
f 2578/4247/2164 2577/4250/2163 2548/4248/824
f 2578/4247/2164 2572/4251/2158 2577/4250/2163
f 2572/4252/2158 2545/4237/2142 2577/4239/2163
f 2577/4250/2163 2576/4253/2162 2548/4248/824
f 2577/4250/2163 2571/4254/2157 2576/4253/2162
f 2571/4255/2157 2544/4234/2141 2576/4236/2162
f 2576/4253/2162 2574/4256/2160 2548/4248/824
f 2576/4253/2162 2570/4257/2156 2574/4256/2160
f 2570/4257/2156 2543/4258/2140 2574/4256/2160
f 2574/4256/2160 2575/4246/2161 2548/4248/824
f 2574/4256/2160 2569/4259/2155 2575/4246/2161
f 2569/4232/2155 2547/4260/2144 2575/4261/2161
f 2560/4230/836 2573/4244/2159 2547/4243/2144
f 2560/4230/836 2567/4223/843 2573/4244/2159
f 2567/4223/843 2546/4240/2143 2573/4244/2159
f 2568/4262/844 2572/4241/2158 2546/4240/2143
f 2568/4229/844 2565/4220/841 2572/4252/2158
f 2565/4220/841 2545/4237/2142 2572/4252/2158
f 2566/4228/842 2571/4238/2157 2545/4237/2142
f 2566/4228/842 2563/4227/839 2571/4238/2157
f 2563/4217/839 2544/4234/2141 2571/4255/2157
f 2564/4225/840 2570/4235/2156 2544/4234/2141
f 2564/4225/840 2561/4214/837 2570/4235/2156
f 2561/4214/837 2543/4263/2140 2570/4235/2156
f 2562/4224/838 2569/4232/2155 2543/4231/2140
f 2562/4224/838 2559/4211/835 2569/4232/2155
f 2559/4211/835 2547/4260/2144 2569/4232/2155
f 2567/4223/843 2568/4262/844 2546/4240/2143
f 2567/4223/843 2558/4222/2154 2568/4262/844
f 2558/4222/2154 2541/4264/2138 2568/4262/844
f 2565/4220/841 2566/4228/842 2545/4237/2142
f 2565/4220/841 2557/4219/2153 2566/4228/842
f 2557/4219/2153 2540/4226/2137 2566/4228/842
f 2563/4217/839 2564/4225/840 2544/4234/2141
f 2563/4217/839 2555/4216/2151 2564/4225/840
f 2555/4216/2151 2539/4212/2136 2564/4225/840
f 2561/4265/837 2562/4224/838 2543/4231/2140
f 2561/4265/837 2551/4266/2147 2562/4224/838
f 2551/4266/2147 2538/4205/2135 2562/4224/838
f 2559/4211/835 2560/4267/836 2547/4260/2144
f 2559/4211/835 2552/4207/2148 2560/4267/836
f 2552/4268/2148 2542/4221/2139 2560/4230/836
f 2553/4269/2149 2558/4222/2154 2542/4221/2139
f 2553/4210/2149 2556/4209/2152 2558/4270/2154
f 2556/4209/2152 2541/4271/2138 2558/4270/2154
f 2556/4272/2152 2557/4219/2153 2541/4218/2138
f 2556/4209/2152 2554/4208/2150 2557/4273/2153
f 2554/4274/2150 2540/4226/2137 2557/4219/2153
f 2554/4275/2150 2555/4216/2151 2540/4215/2137
f 2554/4208/2150 2549/4204/2145 2555/4276/2151
f 2549/4277/2145 2539/4212/2136 2555/4216/2151
f 2552/4268/2148 2553/4269/2149 2542/4221/2139
f 2552/4278/2148 2550/4203/2146 2553/4210/2149
f 2550/4203/2146 2537/4202/813 2553/4210/2149
f 2549/4277/2145 2551/4213/2147 2539/4212/2136
f 2549/4204/2145 2550/4203/2146 2551/4279/2147
f 2550/4206/2146 2538/4205/2135 2551/4266/2147
f 2579/4280/1 2580/4281/2 2582/4282/4 2581/4283/3
f 2581/4283/3 2582/4282/4 2584/4284/6 2583/4285/5
f 2583/4285/5 2584/4284/6 2586/4286/8 2585/4287/7
f 2585/4288/7 2586/4289/8 2588/4290/10 2587/4291/9
f 2587/4291/9 2588/4290/10 2590/4292/12 2589/4293/11
f 2589/4293/11 2590/4292/12 2592/4294/14 2591/4295/13
f 2591/4296/13 2592/4297/14 2594/4298/16 2593/4299/15
f 2593/4299/15 2594/4298/16 2596/4300/18 2595/4301/17
f 2595/4301/17 2596/4300/18 2598/4302/20 2597/4303/19
f 2597/4304/19 2598/4305/20 2600/4306/22 2599/4307/21
f 2582/4308/4 2580/4309/2 2602/4310/24 2600/4311/22 2598/4312/20 2596/4313/18 2594/4314/16 2592/4315/14 2590/4316/12 2588/4317/10 2586/4318/8 2584/4319/6
f 2599/4307/21 2600/4306/22 2602/4320/24 2601/4321/23
f 2601/4321/23 2602/4320/24 2580/4322/2 2579/4323/1
f 2579/4324/1 2581/4325/3 2583/4326/5 2585/4327/7 2587/4328/9 2589/4329/11 2591/4330/13 2593/4331/15 2595/4332/17 2597/4333/19 2599/4334/21 2601/4335/23
f 2603/4336/2165 2604/4337/2166 2606/4338/2168 2605/4339/2167
f 2605/4340/2167 2606/4341/2168 2610/4342/2172 2609/4343/2171
f 2609/4344/2171 2610/4345/2172 2608/4346/2170 2607/4347/2169
f 2607/4348/2169 2608/4349/2170 2604/4350/2166 2603/4351/2165
f 2605/4352/2167 2609/4353/2171 2607/4354/2169 2603/4355/2165
f 2610/4356/2172 2606/4357/2168 2604/4358/2166 2608/4359/2170
f 2611/4360/2165 2612/4361/2166 2614/4362/2168 2613/4363/2167
f 2613/4364/2167 2614/4365/2168 2618/4366/2172 2617/4367/2171
f 2617/4368/2171 2618/4369/2172 2616/4370/2170 2615/4371/2169
f 2615/4372/2169 2616/4373/2170 2612/4374/2166 2611/4375/2165
f 2613/4376/2167 2617/4377/2171 2615/4378/2169 2611/4379/2165
f 2618/4380/2172 2614/4381/2168 2612/4382/2166 2616/4383/2170
f 2619/4384/2165 2620/4385/2166 2622/4386/2168 2621/4387/2167
f 2621/4388/2167 2622/4389/2168 2626/4390/2172 2625/4391/2171
f 2625/4392/2171 2626/4393/2172 2624/4394/2170 2623/4395/2169
f 2623/4396/2169 2624/4397/2170 2620/4398/2166 2619/4399/2165
f 2621/4400/2167 2625/4401/2171 2623/4402/2169 2619/4403/2165
f 2626/4404/2172 2622/4405/2168 2620/4406/2166 2624/4407/2170
f 2627/4408/2165 2628/4409/2166 2630/4410/2168 2629/4411/2167
f 2629/4412/2167 2630/4413/2168 2634/4414/2172 2633/4415/2171
f 2633/4416/2171 2634/4417/2172 2632/4418/2170 2631/4419/2169
f 2631/4420/2169 2632/4421/2170 2628/4422/2166 2627/4423/2165
f 2629/4424/2167 2633/4425/2171 2631/4426/2169 2627/4427/2165
f 2634/4428/2172 2630/4429/2168 2628/4430/2166 2632/4431/2170
f 2635/4432/1381 2648/4433/2184 2647/4434/2183
f 2636/4435/2173 2648/4436/2184 2650/4437/2186
f 2635/4432/1381 2647/4434/2183 2652/4438/2188
f 2635/4432/1381 2652/4438/2188 2654/4439/2190
f 2635/4432/1381 2654/4439/2190 2651/4440/2187
f 2636/4435/2173 2650/4437/2186 2657/4441/2193
f 2637/4442/2174 2649/4443/2185 2659/4444/837
f 2638/4445/2175 2653/4446/2189 2661/4447/2196
f 2639/4448/2176 2655/4449/2191 2663/4450/2198
f 2640/4451/2177 2656/4452/2192 2665/4453/2200
f 2636/4435/2173 2657/4441/2193 2660/4454/2195
f 2637/4455/2174 2659/4456/837 2662/4457/2197
f 2638/4458/2175 2661/4459/2196 2664/4460/2199
f 2639/4448/2176 2663/4450/2198 2666/4461/844
f 2640/4451/2177 2665/4453/2200 2658/4462/2194
f 2641/4463/2178 2667/4464/2201 2672/4465/2206
f 2642/4466/2179 2668/4467/2202 2674/4468/2208
f 2643/4469/2180 2669/4470/2203 2675/4471/2209
f 2644/4472/2181 2670/4473/2204 2676/4474/2210
f 2645/4475/2182 2671/4476/2205 2673/4477/2207
f 2673/4478/2207 2676/4479/2210 2646/4480/1392
f 2673/4478/2207 2671/4481/2205 2676/4479/2210
f 2671/4476/2205 2644/4472/2181 2676/4474/2210
f 2676/4479/2210 2675/4482/2209 2646/4480/1392
f 2676/4479/2210 2670/4483/2204 2675/4482/2209
f 2670/4484/2204 2643/4469/2180 2675/4471/2209
f 2675/4482/2209 2674/4485/2208 2646/4480/1392
f 2675/4482/2209 2669/4486/2203 2674/4485/2208
f 2669/4487/2203 2642/4466/2179 2674/4468/2208
f 2674/4485/2208 2672/4488/2206 2646/4480/1392
f 2674/4485/2208 2668/4489/2202 2672/4488/2206
f 2668/4489/2202 2641/4490/2178 2672/4488/2206
f 2672/4488/2206 2673/4478/2207 2646/4480/1392
f 2672/4488/2206 2667/4491/2201 2673/4478/2207
f 2667/4464/2201 2645/4492/2182 2673/4493/2207
f 2658/4462/2194 2671/4476/2205 2645/4475/2182
f 2658/4462/2194 2665/4453/2200 2671/4476/2205
f 2665/4453/2200 2644/4472/2181 2671/4476/2205
f 2666/4461/844 2670/4484/2204 2644/4494/2181
f 2666/4461/844 2663/4450/2198 2670/4484/2204
f 2663/4450/2198 2643/4469/2180 2670/4484/2204
f 2664/4460/2199 2669/4470/2203 2643/4469/2180
f 2664/4460/2199 2661/4459/2196 2669/4470/2203
f 2661/4447/2196 2642/4466/2179 2669/4487/2203
f 2662/4457/2197 2668/4467/2202 2642/4466/2179
f 2662/4457/2197 2659/4456/837 2668/4467/2202
f 2659/4456/837 2641/4495/2178 2668/4467/2202
f 2660/4454/2195 2667/4464/2201 2641/4463/2178
f 2660/4454/2195 2657/4441/2193 2667/4464/2201
f 2657/4441/2193 2645/4492/2182 2667/4464/2201
f 2665/4453/2200 2666/4496/844 2644/4472/2181
f 2665/4453/2200 2656/4452/2192 2666/4496/844
f 2656/4452/2192 2639/4497/2176 2666/4496/844
f 2663/4450/2198 2664/4460/2199 2643/4469/2180
f 2663/4450/2198 2655/4449/2191 2664/4460/2199
f 2655/4449/2191 2638/4458/2175 2664/4460/2199
f 2661/4447/2196 2662/4457/2197 2642/4466/2179
f 2661/4447/2196 2653/4446/2189 2662/4457/2197
f 2653/4446/2189 2637/4455/2174 2662/4457/2197
f 2659/4444/837 2660/4454/2195 2641/4463/2178
f 2659/4444/837 2649/4443/2185 2660/4454/2195
f 2649/4443/2185 2636/4435/2173 2660/4454/2195
f 2657/4441/2193 2658/4498/2194 2645/4492/2182
f 2657/4441/2193 2650/4437/2186 2658/4498/2194
f 2650/4499/2186 2640/4451/2177 2658/4462/2194
f 2651/4500/2187 2656/4452/2192 2640/4451/2177
f 2651/4440/2187 2654/4439/2190 2656/4501/2192
f 2654/4439/2190 2639/4502/2176 2656/4501/2192
f 2654/4503/2190 2655/4449/2191 2639/4448/2176
f 2654/4439/2190 2652/4438/2188 2655/4504/2191
f 2652/4505/2188 2638/4458/2175 2655/4449/2191
f 2652/4506/2188 2653/4446/2189 2638/4445/2175
f 2652/4438/2188 2647/4434/2183 2653/4507/2189
f 2647/4508/2183 2637/4455/2174 2653/4446/2189
f 2650/4499/2186 2651/4500/2187 2640/4451/2177
f 2650/4509/2186 2648/4433/2184 2651/4440/2187
f 2648/4433/2184 2635/4432/1381 2651/4440/2187
f 2647/4508/2183 2649/4510/2185 2637/4455/2174
f 2647/4434/2183 2648/4433/2184 2649/4511/2185
f 2648/4436/2184 2636/4435/2173 2649/4443/2185
f 2677/4512/813 2678/4513/814 2679/4514/1453
f 2678/4513/814 2677/4512/813 2682/4515/818
f 2677/4512/813 2679/4514/1453 2680/4516/816
f 2677/4512/813 2680/4516/816 2681/4517/1454
f 2677/4512/813 2681/4517/1454 2682/4515/818
f 2678/4518/814 2682/4519/818 2687/4520/823
f 2679/4521/1453 2678/4518/814 2683/4522/1455
f 2680/4523/816 2679/4524/1453 2684/4525/820
f 2681/4526/1454 2680/4527/816 2685/4528/821
f 2682/4529/818 2681/4530/1454 2686/4531/1456
f 2678/4518/814 2687/4520/823 2683/4522/1455
f 2679/4524/1453 2683/4532/1455 2684/4525/820
f 2680/4527/816 2684/4533/820 2685/4528/821
f 2681/4526/1454 2685/4528/821 2686/4534/1456
f 2682/4529/818 2686/4531/1456 2687/4535/823
f 2683/4536/1455 2687/4537/823 2688/4538/824
f 2684/4539/820 2683/4536/1455 2688/4538/824
f 2685/4540/821 2684/4539/820 2688/4538/824
f 2686/4541/1456 2685/4540/821 2688/4538/824
f 2687/4537/823 2686/4541/1456 2688/4538/824
f 2689/4542/2211 2690/4543/2212 2692/4544/2214 2691/4545/2213
f 2691/4545/2213 2692/4544/2214 2694/4546/2216 2693/4547/2215
f 2693/4548/2215 2694/4549/2216 2696/4550/2218 2695/4551/2217
f 2692/4552/2214 2690/4553/2212 2698/4554/2220 2696/4555/2218 2694/4556/2216
f 2695/4557/2217 2696/4558/2218 2698/4559/2220 2697/4560/2219
f 2697/4561/2219 2698/4562/2220 2690/4563/2212 2689/4564/2211
f 2689/4565/2211 2691/4566/2213 2693/4567/2215 2695/4568/2217 2697/4569/2219
f 2699/4570/2221 2700/4571/2222 2702/4572/2224 2701/4573/2223
f 2701/4574/2223 2702/4575/2224 2704/4576/2226 2703/4577/2225
f 2703/4578/2225 2704/4579/2226 2706/4580/2228 2705/4581/2227
f 2702/4582/2224 2700/4583/2222 2708/4584/2230 2706/4585/2228 2704/4586/2226
f 2705/4587/2227 2706/4588/2228 2708/4589/2230 2707/4590/2229
f 2707/4590/2229 2708/4589/2230 2700/4591/2222 2699/4592/2221
f 2699/4593/2221 2701/4594/2223 2703/4595/2225 2705/4596/2227 2707/4597/2229
f 2709/4598/2231 2710/4599/2232 2712/4600/2234 2711/4601/2233
f 2711/4601/2233 2712/4600/2234 2714/4602/2236 2713/4603/2235
f 2713/4604/2235 2714/4605/2236 2716/4606/2238 2715/4607/2237
f 2715/4607/2237 2716/4606/2238 2718/4608/2240 2717/4609/2239
f 2717/4610/2239 2718/4611/2240 2720/4612/2242 2719/4613/2241
f 2719/4613/2241 2720/4612/2242 2722/4614/2244 2721/4615/2243
f 2712/4616/2234 2710/4617/2232 2724/4618/2246 2722/4619/2244 2720/4620/2242 2718/4621/2240 2716/4622/2238 2714/4623/2236
f 2721/4624/2243 2722/4625/2244 2724/4626/2246 2723/4627/2245
f 2723/4627/2245 2724/4626/2246 2710/4628/2232 2709/4629/2231
f 2709/4630/2231 2711/4631/2233 2713/4632/2235 2715/4633/2237 2717/4634/2239 2719/4635/2241 2721/4636/2243 2723/4637/2245
f 2725/4638/2247 2726/4639/2248 2728/4640/2250 2727/4641/2249
f 2727/4642/2249 2728/4643/2250 2730/4644/2252 2729/4645/2251
f 2729/4645/2251 2730/4644/2252 2732/4646/2254 2731/4647/2253
f 2728/4648/2250 2726/4649/2248 2734/4650/2256 2732/4651/2254 2730/4652/2252
f 2731/4653/2253 2732/4654/2254 2734/4655/2256 2733/4656/2255
f 2733/4657/2255 2734/4658/2256 2726/4659/2248 2725/4660/2247
f 2725/4661/2247 2727/4662/2249 2729/4663/2251 2731/4664/2253 2733/4665/2255
f 2735/4666/2257 2736/4667/2258 2738/4668/2260 2737/4669/2259
f 2737/4670/2259 2738/4671/2260 2740/4672/2262 2739/4673/2261
f 2739/4674/2261 2740/4675/2262 2742/4676/2264 2741/4677/2263
f 2738/4678/2260 2736/4679/2258 2744/4680/2266 2742/4681/2264 2740/4682/2262
f 2741/4677/2263 2742/4676/2264 2744/4683/2266 2743/4684/2265
f 2743/4685/2265 2744/4686/2266 2736/4687/2258 2735/4688/2257
f 2735/4689/2257 2737/4690/2259 2739/4691/2261 2741/4692/2263 2743/4693/2265
f 2745/4694/2267 2757/4695/2279 2758/4696/2280 2746/4697/2268
f 2746/4697/2268 2758/4696/2280 2759/4698/2281 2747/4699/2269
f 2747/4699/2269 2759/4698/2281 2760/4700/2282 2748/4701/2270
f 2748/4702/2270 2760/4703/2282 2761/4704/2283 2749/4705/2271
f 2749/4705/2271 2761/4704/2283 2762/4706/2284 2750/4707/2272
f 2750/4707/2272 2762/4706/2284 2763/4708/2285 2751/4709/2273
f 2751/4710/2273 2763/4711/2285 2764/4712/2286 2752/4713/2274
f 2752/4713/2274 2764/4712/2286 2765/4714/2287 2753/4715/2275
f 2753/4715/2275 2765/4714/2287 2766/4716/2288 2754/4717/2276
f 2754/4718/2276 2766/4719/2288 2767/4720/2289 2755/4721/2277
f 2755/4721/2277 2767/4720/2289 2768/4722/2290 2756/4723/2278
f 2756/4723/2278 2768/4722/2290 2757/4724/2279 2745/4725/2267
f 2757/4695/2279 2769/4726/2291 2770/4727/2292 2758/4696/2280
f 2758/4696/2280 2770/4727/2292 2771/4728/2293 2759/4698/2281
f 2759/4698/2281 2771/4728/2293 2772/4729/2294 2760/4700/2282
f 2760/4703/2282 2772/4730/2294 2773/4731/2295 2761/4704/2283
f 2761/4704/2283 2773/4731/2295 2774/4732/2296 2762/4706/2284
f 2762/4706/2284 2774/4732/2296 2775/4733/2297 2763/4708/2285
f 2763/4711/2285 2775/4734/2297 2776/4735/2298 2764/4712/2286
f 2764/4712/2286 2776/4735/2298 2777/4736/2299 2765/4714/2287
f 2765/4714/2287 2777/4736/2299 2778/4737/2300 2766/4716/2288
f 2766/4719/2288 2778/4738/2300 2779/4739/2301 2767/4720/2289
f 2767/4720/2289 2779/4739/2301 2780/4740/2302 2768/4722/2290
f 2768/4722/2290 2780/4740/2302 2769/4741/2291 2757/4724/2279
f 2769/4726/2291 2781/4742/2303 2782/4743/2304 2770/4727/2292
f 2770/4727/2292 2782/4743/2304 2783/4744/2305 2771/4728/2293
f 2771/4728/2293 2783/4744/2305 2784/4745/2306 2772/4729/2294
f 2772/4730/2294 2784/4746/2306 2785/4747/2307 2773/4731/2295
f 2773/4731/2295 2785/4747/2307 2786/4748/2308 2774/4732/2296
f 2774/4732/2296 2786/4748/2308 2787/4749/2309 2775/4733/2297
f 2775/4734/2297 2787/4750/2309 2788/4751/2310 2776/4735/2298
f 2776/4735/2298 2788/4751/2310 2789/4752/2311 2777/4736/2299
f 2777/4736/2299 2789/4752/2311 2790/4753/2312 2778/4737/2300
f 2778/4738/2300 2790/4754/2312 2791/4755/2313 2779/4739/2301
f 2779/4739/2301 2791/4755/2313 2792/4756/2314 2780/4740/2302
f 2780/4740/2302 2792/4756/2314 2781/4757/2303 2769/4741/2291
f 2781/4742/2303 2793/4758/2315 2794/4759/2316 2782/4743/2304
f 2782/4743/2304 2794/4759/2316 2795/4760/2317 2783/4744/2305
f 2783/4744/2305 2795/4760/2317 2796/4761/2318 2784/4745/2306
f 2784/4746/2306 2796/4762/2318 2797/4763/2319 2785/4747/2307
f 2785/4747/2307 2797/4763/2319 2798/4764/2320 2786/4748/2308
f 2786/4748/2308 2798/4764/2320 2799/4765/2321 2787/4749/2309
f 2787/4750/2309 2799/4766/2321 2800/4767/2322 2788/4751/2310
f 2788/4751/2310 2800/4767/2322 2801/4768/2323 2789/4752/2311
f 2789/4752/2311 2801/4768/2323 2802/4769/2324 2790/4753/2312
f 2790/4754/2312 2802/4770/2324 2803/4771/2325 2791/4755/2313
f 2791/4755/2313 2803/4771/2325 2804/4772/2326 2792/4756/2314
f 2792/4756/2314 2804/4772/2326 2793/4773/2315 2781/4757/2303
f 2793/4758/2315 2805/4774/2327 2806/4775/2328 2794/4759/2316
f 2794/4759/2316 2806/4775/2328 2807/4776/2329 2795/4760/2317
f 2795/4760/2317 2807/4776/2329 2808/4777/2330 2796/4761/2318
f 2796/4762/2318 2808/4778/2330 2809/4779/2331 2797/4763/2319
f 2797/4763/2319 2809/4779/2331 2810/4780/2332 2798/4764/2320
f 2798/4764/2320 2810/4780/2332 2811/4781/2333 2799/4765/2321
f 2799/4766/2321 2811/4782/2333 2812/4783/2334 2800/4767/2322
f 2800/4767/2322 2812/4783/2334 2813/4784/2335 2801/4768/2323
f 2801/4768/2323 2813/4784/2335 2814/4785/2336 2802/4769/2324
f 2802/4770/2324 2814/4786/2336 2815/4787/2337 2803/4771/2325
f 2803/4771/2325 2815/4787/2337 2816/4788/2338 2804/4772/2326
f 2804/4772/2326 2816/4788/2338 2805/4789/2327 2793/4773/2315
f 2805/4774/2327 2817/4790/2339 2818/4791/2340 2806/4775/2328
f 2806/4775/2328 2818/4791/2340 2819/4792/2341 2807/4776/2329
f 2807/4776/2329 2819/4792/2341 2820/4793/2342 2808/4777/2330
f 2808/4778/2330 2820/4794/2342 2821/4795/2343 2809/4779/2331
f 2809/4779/2331 2821/4795/2343 2822/4796/2344 2810/4780/2332
f 2810/4780/2332 2822/4796/2344 2823/4797/2345 2811/4781/2333
f 2811/4782/2333 2823/4798/2345 2824/4799/2346 2812/4783/2334
f 2812/4783/2334 2824/4799/2346 2825/4800/2347 2813/4784/2335
f 2813/4784/2335 2825/4800/2347 2826/4801/2348 2814/4785/2336
f 2814/4786/2336 2826/4802/2348 2827/4803/2349 2815/4787/2337
f 2815/4787/2337 2827/4803/2349 2828/4804/2350 2816/4788/2338
f 2816/4788/2338 2828/4804/2350 2817/4805/2339 2805/4789/2327
f 2817/4806/2339 2829/4807/2351 2830/4808/2352 2818/4809/2340
f 2818/4791/2340 2830/4810/2352 2831/4811/2353 2819/4792/2341
f 2819/4792/2341 2831/4811/2353 2832/4812/2354 2820/4793/2342
f 2820/4794/2342 2832/4813/2354 2833/4814/2355 2821/4795/2343
f 2821/4795/2343 2833/4814/2355 2834/4815/2356 2822/4796/2344
f 2822/4816/2344 2834/4817/2356 2835/4818/2357 2823/4819/2345
f 2823/4819/2345 2835/4818/2357 2836/4820/2358 2824/4821/2346
f 2824/4799/2346 2836/4822/2358 2837/4823/2359 2825/4800/2347
f 2825/4800/2347 2837/4823/2359 2838/4824/2360 2826/4801/2348
f 2826/4802/2348 2838/4825/2360 2839/4826/2361 2827/4803/2349
f 2827/4803/2349 2839/4826/2361 2840/4827/2362 2828/4804/2350
f 2828/4828/2350 2840/4829/2362 2829/4807/2351 2817/4806/2339
f 2829/4807/2351 2841/4830/2363 2842/4831/2364 2830/4808/2352
f 2830/4810/2352 2842/4832/2364 2843/4833/2365 2831/4811/2353
f 2831/4811/2353 2843/4833/2365 2844/4834/2366 2832/4812/2354
f 2832/4813/2354 2844/4835/2366 2845/4836/2367 2833/4814/2355
f 2833/4814/2355 2845/4836/2367 2846/4837/2368 2834/4815/2356
f 2834/4817/2356 2846/4838/2368 2847/4839/2369 2835/4818/2357
f 2835/4818/2357 2847/4839/2369 2848/4840/2370 2836/4820/2358
f 2836/4822/2358 2848/4841/2370 2849/4842/2371 2837/4823/2359
f 2837/4823/2359 2849/4842/2371 2850/4843/2372 2838/4824/2360
f 2838/4825/2360 2850/4844/2372 2851/4845/2373 2839/4826/2361
f 2839/4826/2361 2851/4845/2373 2852/4846/2374 2840/4827/2362
f 2840/4829/2362 2852/4847/2374 2841/4830/2363 2829/4807/2351
f 2841/4830/2363 2853/4848/2375 2854/4849/2376 2842/4831/2364
f 2842/4832/2364 2854/4850/2376 2855/4851/2377 2843/4833/2365
f 2843/4833/2365 2855/4851/2377 2856/4852/2378 2844/4834/2366
f 2844/4835/2366 2856/4853/2378 2857/4854/2379 2845/4836/2367
f 2845/4836/2367 2857/4854/2379 2858/4855/2380 2846/4837/2368
f 2846/4838/2368 2858/4856/2380 2859/4857/2381 2847/4839/2369
f 2847/4839/2369 2859/4857/2381 2860/4858/2382 2848/4840/2370
f 2848/4841/2370 2860/4859/2382 2861/4860/2383 2849/4842/2371
f 2849/4842/2371 2861/4860/2383 2862/4861/2384 2850/4843/2372
f 2850/4844/2372 2862/4862/2384 2863/4863/2385 2851/4845/2373
f 2851/4845/2373 2863/4863/2385 2864/4864/2386 2852/4846/2374
f 2852/4847/2374 2864/4865/2386 2853/4848/2375 2841/4830/2363
f 2853/4848/2375 2865/4866/2387 2866/4867/2388 2854/4849/2376
f 2854/4849/2376 2866/4867/2388 2867/4868/2389 2855/4869/2377
f 2855/4851/2377 2867/4870/2389 2868/4871/2390 2856/4852/2378
f 2856/4853/2378 2868/4872/2390 2869/4873/2391 2857/4854/2379
f 2857/4854/2379 2869/4873/2391 2870/4874/2392 2858/4855/2380
f 2858/4856/2380 2870/4875/2392 2871/4876/2393 2859/4857/2381
f 2859/4857/2381 2871/4876/2393 2872/4877/2394 2860/4858/2382
f 2860/4858/2382 2872/4877/2394 2873/4878/2395 2861/4879/2383
f 2861/4860/2383 2873/4880/2395 2874/4881/2396 2862/4861/2384
f 2862/4862/2384 2874/4882/2396 2875/4883/2397 2863/4863/2385
f 2863/4863/2385 2875/4883/2397 2876/4884/2398 2864/4864/2386
f 2864/4865/2386 2876/4885/2398 2865/4866/2387 2853/4848/2375
f 2865/4866/2387 2877/4886/2399 2878/4887/2400 2866/4867/2388
f 2866/4867/2388 2878/4887/2400 2879/4888/2401 2867/4868/2389
f 2867/4870/2389 2879/4889/2401 2880/4890/2402 2868/4871/2390
f 2868/4872/2390 2880/4891/2402 2881/4892/2403 2869/4873/2391
f 2869/4893/2391 2881/4894/2403 2882/4895/2404 2870/4875/2392
f 2870/4875/2392 2882/4895/2404 2883/4896/2405 2871/4876/2393
f 2871/4876/2393 2883/4896/2405 2884/4897/2406 2872/4877/2394
f 2872/4877/2394 2884/4897/2406 2885/4898/2407 2873/4878/2395
f 2873/4880/2395 2885/4899/2407 2886/4900/2408 2874/4881/2396
f 2874/4882/2396 2886/4901/2408 2887/4902/2409 2875/4883/2397
f 2875/4903/2397 2887/4904/2409 2888/4905/2410 2876/4885/2398
f 2876/4885/2398 2888/4905/2410 2877/4886/2399 2865/4866/2387
f 2877/4886/2399 2889/4906/824 2890/4907/2411 2878/4887/2400
f 2878/4887/2400 2890/4907/2411 2891/4908/2412 2879/4888/2401
f 2879/4909/2401 2891/4910/2412 2892/4911/2413 2880/4891/2402
f 2880/4891/2402 2892/4911/2413 2893/4912/2414 2881/4892/2403
f 2881/4894/2403 2893/4913/2414 2894/4914/2415 2882/4895/2404
f 2882/4895/2404 2894/4914/2415 2895/4915/813 2883/4896/2405
f 2883/4896/2405 2895/4915/813 2896/4916/2416 2884/4897/2406
f 2884/4897/2406 2896/4916/2416 2897/4917/2417 2885/4898/2407
f 2885/4918/2407 2897/4919/2417 2898/4920/2418 2886/4901/2408
f 2886/4901/2408 2898/4920/2418 2899/4921/2419 2887/4902/2409
f 2887/4904/2409 2899/4922/2419 2900/4923/2420 2888/4905/2410
f 2888/4905/2410 2900/4923/2420 2889/4906/824 2877/4886/2399
f 2889/4906/824 2901/4924/2421 2902/4925/2422 2890/4907/2411
f 2890/4907/2411 2902/4925/2422 2903/4926/2423 2891/4908/2412
f 2891/4910/2412 2903/4927/2423 2904/4928/2424 2892/4911/2413
f 2892/4911/2413 2904/4928/2424 2905/4929/2425 2893/4912/2414
f 2893/4913/2414 2905/4930/2425 2906/4931/2426 2894/4914/2415
f 2894/4914/2415 2906/4931/2426 2907/4932/2427 2895/4915/813
f 2895/4915/813 2907/4932/2427 2908/4933/2428 2896/4916/2416
f 2896/4916/2416 2908/4933/2428 2909/4934/2429 2897/4917/2417
f 2897/4919/2417 2909/4935/2429 2910/4936/2430 2898/4920/2418
f 2898/4920/2418 2910/4936/2430 2911/4937/2431 2899/4921/2419
f 2899/4922/2419 2911/4938/2431 2912/4939/2432 2900/4923/2420
f 2900/4923/2420 2912/4939/2432 2901/4924/2421 2889/4906/824
f 2901/4924/2421 2913/4940/2433 2914/4941/2434 2902/4925/2422
f 2902/4925/2422 2914/4941/2434 2915/4942/2435 2903/4926/2423
f 2903/4927/2423 2915/4943/2435 2916/4944/2436 2904/4928/2424
f 2904/4945/2424 2916/4946/2436 2917/4947/2437 2905/4948/2425
f 2905/4930/2425 2917/4949/2437 2918/4950/2438 2906/4931/2426
f 2906/4931/2426 2918/4950/2438 2919/4951/2439 2907/4932/2427
f 2907/4932/2427 2919/4951/2439 2920/4952/2440 2908/4933/2428
f 2908/4933/2428 2920/4952/2440 2921/4953/2441 2909/4934/2429
f 2909/4935/2429 2921/4954/2441 2922/4955/2442 2910/4936/2430
f 2910/4956/2430 2922/4957/2442 2923/4958/2443 2911/4959/2431
f 2911/4938/2431 2923/4960/2443 2924/4961/2444 2912/4939/2432
f 2912/4939/2432 2924/4961/2444 2913/4940/2433 2901/4924/2421
f 2913/4940/2433 2925/4962/2445 2926/4963/2446 2914/4941/2434
f 2914/4941/2434 2926/4963/2446 2927/4964/2447 2915/4942/2435
f 2915/4943/2435 2927/4965/2447 2928/4966/2448 2916/4944/2436
f 2916/4946/2436 2928/4967/2448 2929/4968/2449 2917/4947/2437
f 2917/4947/2437 2929/4968/2449 2930/4969/2450 2918/4970/2438
f 2918/4950/2438 2930/4971/2450 2931/4972/2451 2919/4951/2439
f 2919/4951/2439 2931/4972/2451 2932/4973/2452 2920/4952/2440
f 2920/4952/2440 2932/4973/2452 2933/4974/2453 2921/4953/2441
f 2921/4954/2441 2933/4975/2453 2934/4976/2454 2922/4955/2442
f 2922/4957/2442 2934/4977/2454 2935/4978/2455 2923/4958/2443
f 2923/4958/2443 2935/4978/2455 2936/4979/2456 2924/4980/2444
f 2924/4961/2444 2936/4981/2456 2925/4962/2445 2913/4940/2433
f 2925/4962/2445 2937/4982/2457 2938/4983/2458 2926/4963/2446
f 2926/4984/2446 2938/4985/2458 2939/4986/2459 2927/4965/2447
f 2927/4965/2447 2939/4986/2459 2940/4987/2460 2928/4966/2448
f 2928/4967/2448 2940/4988/2460 2941/4989/2461 2929/4968/2449
f 2929/4968/2449 2941/4989/2461 2942/4990/2462 2930/4969/2450
f 2930/4971/2450 2942/4991/2462 2943/4992/2463 2931/4972/2451
f 2931/4972/2451 2943/4992/2463 2944/4993/2464 2932/4973/2452
f 2932/4994/2452 2944/4995/2464 2945/4996/2465 2933/4975/2453
f 2933/4975/2453 2945/4996/2465 2946/4997/2466 2934/4976/2454
f 2934/4977/2454 2946/4998/2466 2947/4999/2467 2935/4978/2455
f 2935/4978/2455 2947/4999/2467 2948/5000/2468 2936/4979/2456
f 2936/4981/2456 2948/5001/2468 2937/4982/2457 2925/4962/2445
f 2937/4982/2457 2949/5002/2469 2950/5003/2470 2938/4983/2458
f 2938/4985/2458 2950/5004/2470 2951/5005/2471 2939/4986/2459
f 2939/4986/2459 2951/5005/2471 2952/5006/2472 2940/4987/2460
f 2940/4988/2460 2952/5007/2472 2953/5008/2473 2941/4989/2461
f 2941/4989/2461 2953/5008/2473 2954/5009/2474 2942/4990/2462
f 2942/4991/2462 2954/5010/2474 2955/5011/2475 2943/4992/2463
f 2943/4992/2463 2955/5011/2475 2956/5012/2476 2944/4993/2464
f 2944/4995/2464 2956/5013/2476 2957/5014/2477 2945/4996/2465
f 2945/4996/2465 2957/5014/2477 2958/5015/2478 2946/4997/2466
f 2946/4998/2466 2958/5016/2478 2959/5017/2479 2947/4999/2467
f 2947/4999/2467 2959/5017/2479 2960/5018/2480 2948/5000/2468
f 2948/5001/2468 2960/5019/2480 2949/5002/2469 2937/4982/2457
f 2949/5002/2469 2961/5020/2481 2962/5021/2482 2950/5003/2470
f 2950/5004/2470 2962/5022/2482 2963/5023/2483 2951/5005/2471
f 2951/5005/2471 2963/5023/2483 2964/5024/2484 2952/5006/2472
f 2952/5007/2472 2964/5025/2484 2965/5026/2485 2953/5008/2473
f 2953/5008/2473 2965/5026/2485 2966/5027/2486 2954/5009/2474
f 2954/5010/2474 2966/5028/2486 2967/5029/2487 2955/5011/2475
f 2955/5011/2475 2967/5029/2487 2968/5030/2488 2956/5012/2476
f 2956/5013/2476 2968/5031/2488 2969/5032/2489 2957/5014/2477
f 2957/5014/2477 2969/5032/2489 2970/5033/2490 2958/5015/2478
f 2958/5016/2478 2970/5034/2490 2971/5035/2491 2959/5017/2479
f 2959/5017/2479 2971/5035/2491 2972/5036/2492 2960/5018/2480
f 2960/5019/2480 2972/5037/2492 2961/5020/2481 2949/5002/2469
f 2961/5038/2481 2973/5039/2493 2974/5040/2494 2962/5022/2482
f 2962/5022/2482 2974/5040/2494 2975/5041/2495 2963/5023/2483
f 2963/5023/2483 2975/5041/2495 2976/5042/2496 2964/5024/2484
f 2964/5025/2484 2976/5043/2496 2977/5044/2497 2965/5026/2485
f 2965/5026/2485 2977/5044/2497 2978/5045/2498 2966/5027/2486
f 2966/5027/2486 2978/5045/2498 2979/5046/2499 2967/5047/2487
f 2967/5048/2487 2979/5049/2499 2980/5050/2500 2968/5031/2488
f 2968/5031/2488 2980/5050/2500 2981/5051/2501 2969/5032/2489
f 2969/5032/2489 2981/5051/2501 2982/5052/2502 2970/5033/2490
f 2970/5034/2490 2982/5053/2502 2983/5054/2503 2971/5035/2491
f 2971/5035/2491 2983/5054/2503 2984/5055/2504 2972/5036/2492
f 2972/5036/2492 2984/5055/2504 2973/5056/2493 2961/5057/2481
f 2973/5039/2493 2985/5058/2505 2986/5059/2506 2974/5040/2494
f 2974/5040/2494 2986/5059/2506 2987/5060/2507 2975/5041/2495
f 2975/5041/2495 2987/5060/2507 2988/5061/2508 2976/5042/2496
f 2976/5043/2496 2988/5062/2508 2989/5063/2509 2977/5044/2497
f 2977/5044/2497 2989/5063/2509 2990/5064/2510 2978/5045/2498
f 2978/5045/2498 2990/5064/2510 2991/5065/2511 2979/5046/2499
f 2979/5049/2499 2991/5066/2511 2992/5067/2512 2980/5050/2500
f 2980/5050/2500 2992/5067/2512 2993/5068/2513 2981/5051/2501
f 2981/5051/2501 2993/5068/2513 2994/5069/2514 2982/5052/2502
f 2982/5053/2502 2994/5070/2514 2995/5071/2515 2983/5054/2503
f 2983/5054/2503 2995/5071/2515 2996/5072/2516 2984/5055/2504
f 2984/5055/2504 2996/5072/2516 2985/5073/2505 2973/5056/2493
f 2985/5058/2505 2997/5074/2517 2998/5075/2518 2986/5059/2506
f 2986/5059/2506 2998/5075/2518 2999/5076/2519 2987/5060/2507
f 2987/5060/2507 2999/5076/2519 3000/5077/2520 2988/5061/2508
f 2988/5062/2508 3000/5078/2520 3001/5079/2521 2989/5063/2509
f 2989/5063/2509 3001/5079/2521 3002/5080/2522 2990/5064/2510
f 2990/5064/2510 3002/5080/2522 3003/5081/2523 2991/5065/2511
f 2991/5066/2511 3003/5082/2523 3004/5083/2524 2992/5067/2512
f 2992/5067/2512 3004/5083/2524 3005/5084/2525 2993/5068/2513
f 2993/5068/2513 3005/5084/2525 3006/5085/2526 2994/5069/2514
f 2994/5070/2514 3006/5086/2526 3007/5087/2527 2995/5071/2515
f 2995/5071/2515 3007/5087/2527 3008/5088/2528 2996/5072/2516
f 2996/5072/2516 3008/5088/2528 2997/5089/2517 2985/5073/2505
f 2997/5074/2517 3009/5090/2529 3010/5091/2530 2998/5075/2518
f 2998/5075/2518 3010/5091/2530 3011/5092/2531 2999/5076/2519
f 2999/5076/2519 3011/5092/2531 3012/5093/2532 3000/5077/2520
f 3000/5078/2520 3012/5094/2532 3013/5095/2533 3001/5079/2521
f 3001/5079/2521 3013/5095/2533 3014/5096/2534 3002/5080/2522
f 3002/5080/2522 3014/5096/2534 3015/5097/2535 3003/5081/2523
f 3003/5082/2523 3015/5098/2535 3016/5099/2536 3004/5083/2524
f 3004/5083/2524 3016/5099/2536 3017/5100/2537 3005/5084/2525
f 3005/5084/2525 3017/5100/2537 3018/5101/2538 3006/5085/2526
f 3006/5086/2526 3018/5102/2538 3019/5103/2539 3007/5087/2527
f 3007/5087/2527 3019/5103/2539 3020/5104/2540 3008/5088/2528
f 3008/5088/2528 3020/5104/2540 3009/5105/2529 2997/5089/2517
f 3009/5090/2529 3021/5106/2541 3022/5107/2542 3010/5091/2530
f 3010/5091/2530 3022/5107/2542 3023/5108/2543 3011/5092/2531
f 3011/5092/2531 3023/5108/2543 3024/5109/2544 3012/5093/2532
f 3012/5094/2532 3024/5110/2544 3025/5111/2545 3013/5095/2533
f 3013/5095/2533 3025/5111/2545 3026/5112/2546 3014/5096/2534
f 3014/5096/2534 3026/5112/2546 3027/5113/2547 3015/5097/2535
f 3015/5098/2535 3027/5114/2547 3028/5115/2548 3016/5099/2536
f 3016/5099/2536 3028/5115/2548 3029/5116/2549 3017/5100/2537
f 3017/5100/2537 3029/5116/2549 3030/5117/2550 3018/5101/2538
f 3018/5102/2538 3030/5118/2550 3031/5119/2551 3019/5103/2539
f 3019/5103/2539 3031/5119/2551 3032/5120/2552 3020/5104/2540
f 3020/5104/2540 3032/5120/2552 3021/5121/2541 3009/5105/2529
f 3021/5106/2541 3033/5122/2273 3034/5123/2553 3022/5107/2542
f 3022/5107/2542 3034/5123/2553 3035/5124/2554 3023/5108/2543
f 3023/5108/2543 3035/5124/2554 3036/5125/2555 3024/5109/2544
f 3024/5110/2544 3036/5126/2555 3037/5127/2556 3025/5111/2545
f 3025/5111/2545 3037/5127/2556 3038/5128/2557 3026/5112/2546
f 3026/5112/2546 3038/5128/2557 3039/5129/2267 3027/5113/2547
f 3027/5114/2547 3039/5130/2267 3040/5131/2558 3028/5115/2548
f 3028/5115/2548 3040/5131/2558 3041/5132/2559 3029/5116/2549
f 3029/5116/2549 3041/5132/2559 3042/5133/2560 3030/5117/2550
f 3030/5118/2550 3042/5134/2560 3043/5135/2561 3031/5119/2551
f 3031/5119/2551 3043/5135/2561 3044/5136/2562 3032/5120/2552
f 3032/5120/2552 3044/5136/2562 3033/5137/2273 3021/5121/2541
f 3033/5122/2273 3045/5138/2285 3046/5139/2563 3034/5123/2553
f 3034/5123/2553 3046/5139/2563 3047/5140/2564 3035/5124/2554
f 3035/5124/2554 3047/5140/2564 3048/5141/2565 3036/5125/2555
f 3036/5126/2555 3048/5142/2565 3049/5143/2566 3037/5127/2556
f 3037/5127/2556 3049/5143/2566 3050/5144/2567 3038/5128/2557
f 3038/5128/2557 3050/5144/2567 3051/5145/2279 3039/5129/2267
f 3039/5130/2267 3051/5146/2279 3052/5147/2568 3040/5131/2558
f 3040/5131/2558 3052/5147/2568 3053/5148/2569 3041/5132/2559
f 3041/5132/2559 3053/5148/2569 3054/5149/2570 3042/5133/2560
f 3042/5134/2560 3054/5150/2570 3055/5151/2571 3043/5135/2561
f 3043/5135/2561 3055/5151/2571 3056/5152/2572 3044/5136/2562
f 3044/5136/2562 3056/5152/2572 3045/5153/2285 3033/5137/2273
f 3045/5138/2285 3057/5154/2297 3058/5155/2573 3046/5139/2563
f 3046/5139/2563 3058/5155/2573 3059/5156/2574 3047/5140/2564
f 3047/5140/2564 3059/5156/2574 3060/5157/2575 3048/5141/2565
f 3048/5142/2565 3060/5158/2575 3061/5159/2576 3049/5143/2566
f 3049/5143/2566 3061/5159/2576 3062/5160/2577 3050/5144/2567
f 3050/5144/2567 3062/5160/2577 3063/5161/2291 3051/5145/2279
f 3051/5146/2279 3063/5162/2291 3064/5163/2578 3052/5147/2568
f 3052/5147/2568 3064/5163/2578 3065/5164/2579 3053/5148/2569
f 3053/5148/2569 3065/5164/2579 3066/5165/2580 3054/5149/2570
f 3054/5150/2570 3066/5166/2580 3067/5167/2581 3055/5151/2571
f 3055/5151/2571 3067/5167/2581 3068/5168/2582 3056/5152/2572
f 3056/5152/2572 3068/5168/2582 3057/5169/2297 3045/5153/2285
f 3057/5154/2297 3069/5170/2309 3070/5171/2583 3058/5155/2573
f 3058/5155/2573 3070/5171/2583 3071/5172/2584 3059/5156/2574
f 3059/5156/2574 3071/5172/2584 3072/5173/2585 3060/5157/2575
f 3060/5158/2575 3072/5174/2585 3073/5175/2586 3061/5159/2576
f 3061/5159/2576 3073/5175/2586 3074/5176/2587 3062/5160/2577
f 3062/5160/2577 3074/5176/2587 3075/5177/2303 3063/5161/2291
f 3063/5162/2291 3075/5178/2303 3076/5179/2588 3064/5163/2578
f 3064/5163/2578 3076/5179/2588 3077/5180/2589 3065/5164/2579
f 3065/5164/2579 3077/5180/2589 3078/5181/2590 3066/5165/2580
f 3066/5166/2580 3078/5182/2590 3079/5183/2591 3067/5167/2581
f 3067/5167/2581 3079/5183/2591 3080/5184/2592 3068/5168/2582
f 3068/5168/2582 3080/5184/2592 3069/5185/2309 3057/5169/2297
f 3069/5170/2309 3081/5186/2321 3082/5187/2593 3070/5171/2583
f 3070/5171/2583 3082/5187/2593 3083/5188/2594 3071/5172/2584
f 3071/5172/2584 3083/5188/2594 3084/5189/2595 3072/5173/2585
f 3072/5174/2585 3084/5190/2595 3085/5191/2596 3073/5175/2586
f 3073/5175/2586 3085/5191/2596 3086/5192/2597 3074/5176/2587
f 3074/5176/2587 3086/5192/2597 3087/5193/2315 3075/5177/2303
f 3075/5178/2303 3087/5194/2315 3088/5195/2598 3076/5179/2588
f 3076/5179/2588 3088/5195/2598 3089/5196/2599 3077/5180/2589
f 3077/5180/2589 3089/5196/2599 3090/5197/2600 3078/5181/2590
f 3078/5182/2590 3090/5198/2600 3091/5199/2601 3079/5183/2591
f 3079/5183/2591 3091/5199/2601 3092/5200/2602 3080/5184/2592
f 3080/5184/2592 3092/5200/2602 3081/5201/2321 3069/5185/2309
f 3081/5186/2321 3093/5202/2333 3094/5203/2603 3082/5187/2593
f 3082/5187/2593 3094/5203/2603 3095/5204/2604 3083/5188/2594
f 3083/5188/2594 3095/5204/2604 3096/5205/2605 3084/5189/2595
f 3084/5190/2595 3096/5206/2605 3097/5207/2606 3085/5191/2596
f 3085/5191/2596 3097/5207/2606 3098/5208/2607 3086/5192/2597
f 3086/5192/2597 3098/5208/2607 3099/5209/2327 3087/5193/2315
f 3087/5194/2315 3099/5210/2327 3100/5211/2608 3088/5195/2598
f 3088/5195/2598 3100/5211/2608 3101/5212/2609 3089/5196/2599
f 3089/5196/2599 3101/5212/2609 3102/5213/2610 3090/5197/2600
f 3090/5198/2600 3102/5214/2610 3103/5215/2611 3091/5199/2601
f 3091/5199/2601 3103/5215/2611 3104/5216/2612 3092/5200/2602
f 3092/5200/2602 3104/5216/2612 3093/5217/2333 3081/5201/2321
f 3093/5202/2333 3105/5218/2345 3106/5219/2613 3094/5203/2603
f 3094/5203/2603 3106/5219/2613 3107/5220/2614 3095/5204/2604
f 3095/5204/2604 3107/5220/2614 3108/5221/2615 3096/5205/2605
f 3096/5206/2605 3108/5222/2615 3109/5223/2616 3097/5207/2606
f 3097/5207/2606 3109/5223/2616 3110/5224/2617 3098/5208/2607
f 3098/5208/2607 3110/5224/2617 3111/5225/2339 3099/5209/2327
f 3099/5210/2327 3111/5226/2339 3112/5227/2618 3100/5211/2608
f 3100/5211/2608 3112/5227/2618 3113/5228/2619 3101/5212/2609
f 3101/5212/2609 3113/5228/2619 3114/5229/2620 3102/5213/2610
f 3102/5214/2610 3114/5230/2620 3115/5231/2621 3103/5215/2611
f 3103/5215/2611 3115/5231/2621 3116/5232/2622 3104/5216/2612
f 3104/5216/2612 3116/5232/2622 3105/5233/2345 3093/5217/2333
f 3105/5234/2345 3117/5235/2357 3118/5236/2623 3106/5237/2613
f 3106/5219/2613 3118/5238/2623 3119/5239/2624 3107/5220/2614
f 3107/5220/2614 3119/5239/2624 3120/5240/2625 3108/5221/2615
f 3108/5222/2615 3120/5241/2625 3121/5242/2626 3109/5223/2616
f 3109/5223/2616 3121/5242/2626 3122/5243/2627 3110/5224/2617
f 3110/5244/2617 3122/5245/2627 3123/5246/2351 3111/5247/2339
f 3111/5247/2339 3123/5246/2351 3124/5248/2628 3112/5249/2618
f 3112/5227/2618 3124/5250/2628 3125/5251/2629 3113/5228/2619
f 3113/5228/2619 3125/5251/2629 3126/5252/2630 3114/5229/2620
f 3114/5230/2620 3126/5253/2630 3127/5254/2631 3115/5231/2621
f 3115/5231/2621 3127/5254/2631 3128/5255/2632 3116/5232/2622
f 3116/5256/2622 3128/5257/2632 3117/5235/2357 3105/5234/2345
f 3117/5235/2357 3129/5258/2369 3130/5259/2633 3118/5236/2623
f 3118/5238/2623 3130/5260/2633 3131/5261/2634 3119/5239/2624
f 3119/5239/2624 3131/5261/2634 3132/5262/2635 3120/5240/2625
f 3120/5241/2625 3132/5263/2635 3133/5264/2636 3121/5242/2626
f 3121/5242/2626 3133/5264/2636 3134/5265/2637 3122/5243/2627
f 3122/5245/2627 3134/5266/2637 3135/5267/2363 3123/5246/2351
f 3123/5246/2351 3135/5267/2363 3136/5268/2638 3124/5248/2628
f 3124/5250/2628 3136/5269/2638 3137/5270/2639 3125/5251/2629
f 3125/5251/2629 3137/5270/2639 3138/5271/2640 3126/5252/2630
f 3126/5253/2630 3138/5272/2640 3139/5273/2641 3127/5254/2631
f 3127/5254/2631 3139/5273/2641 3140/5274/2642 3128/5255/2632
f 3128/5257/2632 3140/5275/2642 3129/5258/2369 3117/5235/2357
f 3129/5258/2369 3141/5276/2381 3142/5277/2643 3130/5259/2633
f 3130/5260/2633 3142/5278/2643 3143/5279/2644 3131/5261/2634
f 3131/5261/2634 3143/5279/2644 3144/5280/2645 3132/5262/2635
f 3132/5263/2635 3144/5281/2645 3145/5282/2646 3133/5264/2636
f 3133/5264/2636 3145/5282/2646 3146/5283/2647 3134/5265/2637
f 3134/5266/2637 3146/5284/2647 3147/5285/2375 3135/5267/2363
f 3135/5267/2363 3147/5285/2375 3148/5286/2648 3136/5268/2638
f 3136/5269/2638 3148/5287/2648 3149/5288/2649 3137/5270/2639
f 3137/5270/2639 3149/5288/2649 3150/5289/2650 3138/5271/2640
f 3138/5272/2640 3150/5290/2650 3151/5291/2651 3139/5273/2641
f 3139/5273/2641 3151/5291/2651 3152/5292/2652 3140/5274/2642
f 3140/5275/2642 3152/5293/2652 3141/5276/2381 3129/5258/2369
f 3141/5276/2381 3153/5294/2393 3154/5295/2653 3142/5277/2643
f 3142/5278/2643 3154/5296/2653 3155/5297/2654 3143/5279/2644
f 3143/5279/2644 3155/5297/2654 3156/5298/2655 3144/5280/2645
f 3144/5281/2645 3156/5299/2655 3157/5300/2656 3145/5282/2646
f 3145/5301/2646 3157/5302/2656 3158/5303/2657 3146/5284/2647
f 3146/5284/2647 3158/5303/2657 3159/5304/2387 3147/5285/2375
f 3147/5285/2375 3159/5304/2387 3160/5305/2658 3148/5286/2648
f 3148/5287/2648 3160/5306/2658 3161/5307/2659 3149/5288/2649
f 3149/5288/2649 3161/5307/2659 3162/5308/2660 3150/5289/2650
f 3150/5290/2650 3162/5309/2660 3163/5310/2661 3151/5291/2651
f 3151/5311/2651 3163/5312/2661 3164/5313/2662 3152/5293/2652
f 3152/5293/2652 3164/5313/2662 3153/5294/2393 3141/5276/2381
f 3153/5294/2393 3165/5314/2405 3166/5315/2663 3154/5295/2653
f 3154/5295/2653 3166/5315/2663 3167/5316/2664 3155/5317/2654
f 3155/5297/2654 3167/5318/2664 3168/5319/2665 3156/5298/2655
f 3156/5299/2655 3168/5320/2665 3169/5321/2666 3157/5300/2656
f 3157/5302/2656 3169/5322/2666 3170/5323/2667 3158/5303/2657
f 3158/5303/2657 3170/5323/2667 3171/5324/2399 3159/5304/2387
f 3159/5304/2387 3171/5324/2399 3172/5325/2668 3160/5305/2658
f 3160/5305/2658 3172/5325/2668 3173/5326/2669 3161/5327/2659
f 3161/5307/2659 3173/5328/2669 3174/5329/2670 3162/5308/2660
f 3162/5309/2660 3174/5330/2670 3175/5331/2671 3163/5310/2661
f 3163/5312/2661 3175/5332/2671 3176/5333/2672 3164/5313/2662
f 3164/5313/2662 3176/5333/2672 3165/5314/2405 3153/5294/2393
f 3165/5314/2405 3177/5334/813 3178/5335/2673 3166/5315/2663
f 3166/5315/2663 3178/5335/2673 3179/5336/2674 3167/5316/2664
f 3167/5318/2664 3179/5337/2674 3180/5338/2675 3168/5319/2665
f 3168/5319/2665 3180/5338/2675 3181/5339/2676 3169/5340/2666
f 3169/5322/2666 3181/5341/2676 3182/5342/2677 3170/5323/2667
f 3170/5323/2667 3182/5342/2677 3183/5343/824 3171/5324/2399
f 3171/5324/2399 3183/5343/824 3184/5344/2678 3172/5325/2668
f 3172/5325/2668 3184/5344/2678 3185/5345/2679 3173/5326/2669
f 3173/5328/2669 3185/5346/2679 3186/5347/2680 3174/5329/2670
f 3174/5329/2670 3186/5347/2680 3187/5348/2681 3175/5349/2671
f 3175/5332/2671 3187/5350/2681 3188/5351/2682 3176/5333/2672
f 3176/5333/2672 3188/5351/2682 3177/5334/813 3165/5314/2405
f 3177/5334/813 3189/5352/2427 3190/5353/2683 3178/5335/2673
f 3178/5335/2673 3190/5353/2683 3191/5354/2684 3179/5336/2674
f 3179/5337/2674 3191/5355/2684 3192/5356/2685 3180/5338/2675
f 3180/5338/2675 3192/5356/2685 3193/5357/2686 3181/5339/2676
f 3181/5341/2676 3193/5358/2686 3194/5359/2687 3182/5342/2677
f 3182/5342/2677 3194/5359/2687 3195/5360/2421 3183/5343/824
f 3183/5343/824 3195/5360/2421 3196/5361/2688 3184/5344/2678
f 3184/5344/2678 3196/5361/2688 3197/5362/2689 3185/5345/2679
f 3185/5346/2679 3197/5363/2689 3198/5364/2690 3186/5347/2680
f 3186/5347/2680 3198/5364/2690 3199/5365/2691 3187/5348/2681
f 3187/5350/2681 3199/5366/2691 3200/5367/2692 3188/5351/2682
f 3188/5351/2682 3200/5367/2692 3189/5352/2427 3177/5334/813
f 3189/5352/2427 3201/5368/2439 3202/5369/2693 3190/5353/2683
f 3190/5353/2683 3202/5369/2693 3203/5370/2694 3191/5354/2684
f 3191/5371/2684 3203/5372/2694 3204/5373/2695 3192/5374/2685
f 3192/5356/2685 3204/5375/2695 3205/5376/2696 3193/5357/2686
f 3193/5358/2686 3205/5377/2696 3206/5378/2697 3194/5359/2687
f 3194/5359/2687 3206/5378/2697 3207/5379/2433 3195/5360/2421
f 3195/5360/2421 3207/5379/2433 3208/5380/2698 3196/5361/2688
f 3196/5361/2688 3208/5380/2698 3209/5381/2699 3197/5362/2689
f 3197/5382/2689 3209/5383/2699 3210/5384/2700 3198/5385/2690
f 3198/5364/2690 3210/5386/2700 3211/5387/2701 3199/5365/2691
f 3199/5366/2691 3211/5388/2701 3212/5389/2702 3200/5367/2692
f 3200/5367/2692 3212/5389/2702 3201/5368/2439 3189/5352/2427
f 3201/5368/2439 3213/5390/2451 3214/5391/2703 3202/5369/2693
f 3202/5392/2693 3214/5393/2703 3215/5394/2704 3203/5372/2694
f 3203/5372/2694 3215/5394/2704 3216/5395/2705 3204/5373/2695
f 3204/5375/2695 3216/5396/2705 3217/5397/2706 3205/5376/2696
f 3205/5377/2696 3217/5398/2706 3218/5399/2707 3206/5378/2697
f 3206/5378/2697 3218/5399/2707 3219/5400/2445 3207/5379/2433
f 3207/5379/2433 3219/5400/2445 3220/5401/2708 3208/5380/2698
f 3208/5402/2698 3220/5403/2708 3221/5404/2709 3209/5383/2699
f 3209/5383/2699 3221/5404/2709 3222/5405/2710 3210/5384/2700
f 3210/5386/2700 3222/5406/2710 3223/5407/2711 3211/5387/2701
f 3211/5388/2701 3223/5408/2711 3224/5409/2712 3212/5389/2702
f 3212/5389/2702 3224/5409/2712 3213/5390/2451 3201/5368/2439
f 3213/5390/2451 3225/5410/2463 3226/5411/2713 3214/5391/2703
f 3214/5393/2703 3226/5412/2713 3227/5413/2714 3215/5394/2704
f 3215/5394/2704 3227/5413/2714 3228/5414/2715 3216/5395/2705
f 3216/5396/2705 3228/5415/2715 3229/5416/2716 3217/5397/2706
f 3217/5397/2706 3229/5416/2716 3230/5417/2717 3218/5418/2707
f 3218/5399/2707 3230/5419/2717 3231/5420/2457 3219/5400/2445
f 3219/5400/2445 3231/5420/2457 3232/5421/2718 3220/5401/2708
f 3220/5403/2708 3232/5422/2718 3233/5423/2719 3221/5404/2709
f 3221/5404/2709 3233/5423/2719 3234/5424/2720 3222/5405/2710
f 3222/5406/2710 3234/5425/2720 3235/5426/2721 3223/5407/2711
f 3223/5407/2711 3235/5426/2721 3236/5427/2722 3224/5428/2712
f 3224/5409/2712 3236/5429/2722 3225/5410/2463 3213/5390/2451
f 3225/5410/2463 3237/5430/2475 3238/5431/2723 3226/5411/2713
f 3226/5412/2713 3238/5432/2723 3239/5433/2724 3227/5413/2714
f 3227/5413/2714 3239/5433/2724 3240/5434/2725 3228/5414/2715
f 3228/5415/2715 3240/5435/2725 3241/5436/2726 3229/5416/2716
f 3229/5416/2716 3241/5436/2726 3242/5437/2727 3230/5417/2717
f 3230/5419/2717 3242/5438/2727 3243/5439/2469 3231/5420/2457
f 3231/5420/2457 3243/5439/2469 3244/5440/2728 3232/5421/2718
f 3232/5422/2718 3244/5441/2728 3245/5442/2729 3233/5423/2719
f 3233/5423/2719 3245/5442/2729 3246/5443/2730 3234/5424/2720
f 3234/5425/2720 3246/5444/2730 3247/5445/2731 3235/5426/2721
f 3235/5426/2721 3247/5445/2731 3248/5446/2732 3236/5427/2722
f 3236/5429/2722 3248/5447/2732 3237/5430/2475 3225/5410/2463
f 3237/5430/2475 3249/5448/2487 3250/5449/2733 3238/5431/2723
f 3238/5432/2723 3250/5450/2733 3251/5451/2734 3239/5433/2724
f 3239/5433/2724 3251/5451/2734 3252/5452/2735 3240/5434/2725
f 3240/5435/2725 3252/5453/2735 3253/5454/2736 3241/5436/2726
f 3241/5436/2726 3253/5454/2736 3254/5455/2737 3242/5437/2727
f 3242/5438/2727 3254/5456/2737 3255/5457/2481 3243/5439/2469
f 3243/5439/2469 3255/5457/2481 3256/5458/2738 3244/5440/2728
f 3244/5441/2728 3256/5459/2738 3257/5460/2739 3245/5442/2729
f 3245/5442/2729 3257/5460/2739 3258/5461/2740 3246/5443/2730
f 3246/5444/2730 3258/5462/2740 3259/5463/2741 3247/5445/2731
f 3247/5445/2731 3259/5463/2741 3260/5464/2742 3248/5446/2732
f 3248/5447/2732 3260/5465/2742 3249/5448/2487 3237/5430/2475
f 3249/5466/2487 3261/5467/2499 3262/5468/2743 3250/5450/2733
f 3250/5450/2733 3262/5468/2743 3263/5469/2744 3251/5451/2734
f 3251/5451/2734 3263/5469/2744 3264/5470/2745 3252/5452/2735
f 3252/5453/2735 3264/5471/2745 3265/5472/2746 3253/5454/2736
f 3253/5454/2736 3265/5472/2746 3266/5473/2747 3254/5455/2737
f 3254/5455/2737 3266/5473/2747 3267/5474/2493 3255/5475/2481
f 3255/5476/2481 3267/5477/2493 3268/5478/2748 3256/5459/2738
f 3256/5459/2738 3268/5478/2748 3269/5479/2749 3257/5460/2739
f 3257/5460/2739 3269/5479/2749 3270/5480/2750 3258/5461/2740
f 3258/5462/2740 3270/5481/2750 3271/5482/2751 3259/5463/2741
f 3259/5463/2741 3271/5482/2751 3272/5483/2752 3260/5464/2742
f 3260/5464/2742 3272/5483/2752 3261/5484/2499 3249/5485/2487
f 3261/5467/2499 3273/5486/2511 3274/5487/2753 3262/5468/2743
f 3262/5468/2743 3274/5487/2753 3275/5488/2754 3263/5469/2744
f 3263/5469/2744 3275/5488/2754 3276/5489/2755 3264/5470/2745
f 3264/5471/2745 3276/5490/2755 3277/5491/2756 3265/5472/2746
f 3265/5472/2746 3277/5491/2756 3278/5492/2757 3266/5473/2747
f 3266/5473/2747 3278/5492/2757 3279/5493/2505 3267/5474/2493
f 3267/5477/2493 3279/5494/2505 3280/5495/2758 3268/5478/2748
f 3268/5478/2748 3280/5495/2758 3281/5496/2759 3269/5479/2749
f 3269/5479/2749 3281/5496/2759 3282/5497/2760 3270/5480/2750
f 3270/5481/2750 3282/5498/2760 3283/5499/2761 3271/5482/2751
f 3271/5482/2751 3283/5499/2761 3284/5500/2762 3272/5483/2752
f 3272/5483/2752 3284/5500/2762 3273/5501/2511 3261/5484/2499
f 3273/5486/2511 3285/5502/2523 3286/5503/2763 3274/5487/2753
f 3274/5487/2753 3286/5503/2763 3287/5504/2764 3275/5488/2754
f 3275/5488/2754 3287/5504/2764 3288/5505/2765 3276/5489/2755
f 3276/5490/2755 3288/5506/2765 3289/5507/2766 3277/5491/2756
f 3277/5491/2756 3289/5507/2766 3290/5508/2767 3278/5492/2757
f 3278/5492/2757 3290/5508/2767 3291/5509/2517 3279/5493/2505
f 3279/5494/2505 3291/5510/2517 3292/5511/2768 3280/5495/2758
f 3280/5495/2758 3292/5511/2768 3293/5512/2769 3281/5496/2759
f 3281/5496/2759 3293/5512/2769 3294/5513/2770 3282/5497/2760
f 3282/5498/2760 3294/5514/2770 3295/5515/2771 3283/5499/2761
f 3283/5499/2761 3295/5515/2771 3296/5516/2772 3284/5500/2762
f 3284/5500/2762 3296/5516/2772 3285/5517/2523 3273/5501/2511
f 3285/5502/2523 3297/5518/2535 3298/5519/2773 3286/5503/2763
f 3286/5503/2763 3298/5519/2773 3299/5520/2774 3287/5504/2764
f 3287/5504/2764 3299/5520/2774 3300/5521/2775 3288/5505/2765
f 3288/5506/2765 3300/5522/2775 3301/5523/2776 3289/5507/2766
f 3289/5507/2766 3301/5523/2776 3302/5524/2777 3290/5508/2767
f 3290/5508/2767 3302/5524/2777 3303/5525/2529 3291/5509/2517
f 3291/5510/2517 3303/5526/2529 3304/5527/2778 3292/5511/2768
f 3292/5511/2768 3304/5527/2778 3305/5528/2779 3293/5512/2769
f 3293/5512/2769 3305/5528/2779 3306/5529/2780 3294/5513/2770
f 3294/5514/2770 3306/5530/2780 3307/5531/2781 3295/5515/2771
f 3295/5515/2771 3307/5531/2781 3308/5532/2782 3296/5516/2772
f 3296/5516/2772 3308/5532/2782 3297/5533/2535 3285/5517/2523
f 3297/5518/2535 3309/5534/2547 3310/5535/2783 3298/5519/2773
f 3298/5519/2773 3310/5535/2783 3311/5536/2784 3299/5520/2774
f 3299/5520/2774 3311/5536/2784 3312/5537/2785 3300/5521/2775
f 3300/5522/2775 3312/5538/2785 3313/5539/2786 3301/5523/2776
f 3301/5523/2776 3313/5539/2786 3314/5540/2787 3302/5524/2777
f 3302/5524/2777 3314/5540/2787 3315/5541/2541 3303/5525/2529
f 3303/5526/2529 3315/5542/2541 3316/5543/2788 3304/5527/2778
f 3304/5527/2778 3316/5543/2788 3317/5544/2789 3305/5528/2779
f 3305/5528/2779 3317/5544/2789 3318/5545/2790 3306/5529/2780
f 3306/5530/2780 3318/5546/2790 3319/5547/2791 3307/5531/2781
f 3307/5531/2781 3319/5547/2791 3320/5548/2792 3308/5532/2782
f 3308/5532/2782 3320/5548/2792 3309/5549/2547 3297/5533/2535
f 3309/5534/2547 2745/4694/2267 2746/4697/2268 3310/5535/2783
f 3310/5535/2783 2746/4697/2268 2747/4699/2269 3311/5536/2784
f 3311/5536/2784 2747/4699/2269 2748/4701/2270 3312/5537/2785
f 3312/5538/2785 2748/4702/2270 2749/4705/2271 3313/5539/2786
f 3313/5539/2786 2749/4705/2271 2750/4707/2272 3314/5540/2787
f 3314/5540/2787 2750/4707/2272 2751/4709/2273 3315/5541/2541
f 3315/5542/2541 2751/4710/2273 2752/4713/2274 3316/5543/2788
f 3316/5543/2788 2752/4713/2274 2753/4715/2275 3317/5544/2789
f 3317/5544/2789 2753/4715/2275 2754/4717/2276 3318/5545/2790
f 3318/5546/2790 2754/4718/2276 2755/4721/2277 3319/5547/2791
f 3319/5547/2791 2755/4721/2277 2756/4723/2278 3320/5548/2792
f 3320/5548/2792 2756/4723/2278 2745/4725/2267 3309/5549/2547
