# axis-converted-to-Y-up
# Blender 5.1.1
# www.blender.org
mtllib prop_karung.mtl
o prop_karung
v 0.000000 0.008000 -0.000000
v -0.173666 0.147301 -0.113557
v 0.066333 0.147301 -0.183740
v 0.214662 0.147302 -0.000000
v 0.066333 0.147301 0.183740
v -0.173666 0.147301 0.113557
v -0.066333 0.372699 -0.183740
v 0.173666 0.372699 -0.113557
v 0.173666 0.372699 0.113557
v -0.066333 0.372699 0.183740
v -0.214662 0.372698 -0.000000
v 0.000000 0.512000 -0.000000
v 0.055877 0.094305 -0.154778
v 0.038989 0.045635 -0.107999
v 0.018626 0.016077 -0.051592
v -0.048763 0.016077 -0.031885
v -0.102077 0.045635 -0.066746
v -0.146291 0.094305 -0.095657
v -0.127666 0.133420 -0.147250
v -0.063089 0.127514 -0.174747
v 0.007113 0.133420 -0.186664
v -0.195055 0.133420 0.063771
v -0.204155 0.127515 -0.000000
v -0.195055 0.133420 -0.063771
v -0.048763 0.016077 0.031885
v -0.102077 0.045635 0.066746
v -0.146291 0.094305 0.095657
v 0.180826 0.094306 -0.000000
v 0.126175 0.045636 -0.000000
v 0.060275 0.016077 -0.000000
v 0.116153 0.133420 -0.154778
v 0.165165 0.127514 -0.107999
v 0.199452 0.133421 -0.051592
v 0.055877 0.094305 0.154778
v 0.038989 0.045635 0.107999
v 0.018626 0.016077 0.051592
v 0.199452 0.133421 0.051592
v 0.165165 0.127514 0.107999
v 0.116153 0.133420 0.154778
v 0.007113 0.133420 0.186664
v -0.063089 0.127514 0.174746
v -0.127666 0.133420 0.147250
v -0.229590 0.323290 -0.031886
v -0.228254 0.260000 -0.066747
v -0.206567 0.196710 -0.095657
v -0.206567 0.196710 0.095657
v -0.228254 0.260000 0.066747
v -0.229590 0.323290 0.031886
v -0.037252 0.323290 -0.206371
v 0.000000 0.260000 -0.216000
v 0.037252 0.196710 -0.206371
v -0.164918 0.196710 -0.147251
v -0.141069 0.260000 -0.174748
v -0.104642 0.323290 -0.186665
v 0.206567 0.323290 -0.095657
v 0.228254 0.260000 -0.066747
v 0.229590 0.196710 -0.031886
v 0.104642 0.196710 -0.186665
v 0.141069 0.260000 -0.174748
v 0.164918 0.323290 -0.147251
v 0.164918 0.323290 0.147251
v 0.141069 0.260000 0.174748
v 0.104642 0.196710 0.186665
v 0.229590 0.196710 0.031886
v 0.228254 0.260000 0.066747
v 0.206567 0.323290 0.095657
v -0.104642 0.323290 0.186665
v -0.141069 0.260000 0.174748
v -0.164918 0.196710 0.147251
v 0.037252 0.196710 0.206371
v 0.000000 0.260000 0.216000
v -0.037252 0.323290 0.206371
v -0.199452 0.386579 -0.051592
v -0.165165 0.392485 -0.107999
v -0.116153 0.386580 -0.154778
v -0.007113 0.386580 -0.186664
v 0.063089 0.392486 -0.174746
v 0.127666 0.386580 -0.147250
v 0.195055 0.386580 -0.063771
v 0.204155 0.392485 0.000000
v 0.195055 0.386580 0.063771
v 0.127666 0.386580 0.147250
v 0.063089 0.392486 0.174747
v -0.007113 0.386580 0.186664
v -0.116153 0.386580 0.154778
v -0.165165 0.392485 0.107999
v -0.199452 0.386579 0.051592
v -0.018626 0.503923 -0.051592
v -0.038989 0.474365 -0.107999
v -0.055877 0.425695 -0.154778
v -0.180826 0.425694 -0.000000
v -0.126175 0.474364 -0.000000
v -0.060275 0.503923 -0.000000
v 0.048763 0.503923 -0.031885
v 0.102077 0.474365 -0.066746
v 0.146291 0.425695 -0.095657
v 0.048763 0.503923 0.031885
v 0.102077 0.474365 0.066746
v 0.146291 0.425695 0.095657
v -0.018626 0.503923 0.051592
v -0.038989 0.474365 0.107999
v -0.055877 0.425695 0.154778
v -0.086832 0.485396 0.056778
v -0.153166 0.442350 0.056779
v -0.107330 0.442350 0.113557
v 0.033167 0.485396 0.091869
v 0.012670 0.442350 0.148648
v 0.086833 0.442350 0.126960
v 0.107330 0.485396 -0.000000
v 0.160996 0.442350 0.035091
v 0.160996 0.442350 -0.035091
v 0.033167 0.485396 -0.091869
v 0.086833 0.442350 -0.126960
v 0.012669 0.442350 -0.148648
v -0.086832 0.485396 -0.056778
v -0.107330 0.442350 -0.113557
v -0.153166 0.442350 -0.056779
v -0.206833 0.329652 0.091870
v -0.194165 0.260000 0.126961
v -0.160997 0.329652 0.148649
v 0.033168 0.329652 0.205428
v 0.074164 0.260000 0.205428
v 0.107332 0.329652 0.183740
v 0.227331 0.329652 0.035091
v 0.240000 0.260000 -0.000000
v 0.227331 0.329652 -0.035091
v 0.107332 0.329652 -0.183740
v 0.074164 0.260000 -0.205428
v 0.033168 0.329652 -0.205428
v -0.160997 0.329652 -0.148649
v -0.194164 0.260000 -0.126961
v -0.206833 0.329651 -0.091870
v -0.074164 0.260000 0.205428
v -0.107332 0.190348 0.183740
v -0.033168 0.190348 0.205428
v 0.194164 0.260000 0.126961
v 0.160997 0.190348 0.148649
v 0.206833 0.190348 0.091870
v 0.194164 0.260000 -0.126961
v 0.206833 0.190348 -0.091870
v 0.160997 0.190348 -0.148649
v -0.074164 0.260000 -0.205428
v -0.033168 0.190348 -0.205428
v -0.107332 0.190348 -0.183740
v -0.240000 0.260000 -0.000000
v -0.227331 0.190348 -0.035091
v -0.227331 0.190348 0.035091
v -0.086833 0.077650 0.126960
v -0.033167 0.034604 0.091869
v -0.012669 0.077650 0.148648
v 0.107331 0.077650 0.113557
v 0.086832 0.034604 0.056778
v 0.153167 0.077650 0.056778
v 0.153167 0.077650 -0.056779
v 0.086832 0.034604 -0.056779
v 0.107331 0.077650 -0.113557
v -0.160996 0.077650 0.035091
v -0.160996 0.077650 -0.035091
v -0.107331 0.034604 -0.000000
v -0.012670 0.077650 -0.148648
v -0.033168 0.034604 -0.091869
v -0.086833 0.077650 -0.126960
v 0.000000 0.080000 0.180000
v -0.094069 0.124222 0.148456
v 0.035930 0.124222 0.128961
v 0.116275 0.124223 0.180000
v 0.035930 0.124222 0.231039
v -0.094069 0.124222 0.211544
v -0.035930 0.195778 0.128961
v 0.094069 0.195778 0.148456
v 0.094069 0.195778 0.211544
v -0.035930 0.195778 0.231039
v -0.116275 0.195777 0.180000
v 0.000000 0.240000 0.180000
v 0.021119 0.091948 0.150000
v -0.055292 0.091948 0.161459
v -0.034173 0.117941 0.131459
v -0.110584 0.117941 0.180000
v -0.055292 0.091948 0.198541
v 0.068345 0.091948 0.180000
v 0.089465 0.117941 0.150000
v 0.021119 0.091948 0.210000
v 0.089465 0.117941 0.210000
v -0.034173 0.117941 0.228541
v -0.123638 0.160000 0.161459
v -0.123638 0.160000 0.198541
v 0.000000 0.160000 0.120000
v -0.076412 0.160000 0.131459
v 0.123638 0.160000 0.161459
v 0.076412 0.160000 0.131459
v 0.076412 0.160000 0.228541
v 0.123638 0.160000 0.198541
v -0.076412 0.160000 0.228541
v 0.000000 0.160000 0.240000
v -0.089465 0.202059 0.150000
v 0.034173 0.202059 0.131459
v 0.110584 0.202059 0.180000
v 0.034173 0.202059 0.228541
v -0.089465 0.202059 0.210000
v -0.021119 0.228052 0.150000
v -0.068345 0.228052 0.180000
v 0.055292 0.228052 0.161459
v 0.055292 0.228052 0.198541
v -0.021119 0.228052 0.210000
v 0.000000 0.445000 -0.000000
v -0.072361 0.475403 -0.052573
v 0.027639 0.475403 -0.085065
v 0.089443 0.475403 -0.000000
v 0.027639 0.475403 0.085065
v -0.072361 0.475403 0.052573
v -0.027639 0.524597 -0.085065
v 0.072361 0.524597 -0.052573
v 0.072361 0.524597 0.052573
v -0.027639 0.524597 0.085065
v -0.089443 0.524597 -0.000000
v 0.000000 0.555000 -0.000000
v 0.016246 0.453214 -0.050000
v -0.042532 0.453214 -0.030901
v -0.026287 0.471084 -0.080901
v -0.085065 0.471085 -0.000000
v -0.042532 0.453214 0.030901
v 0.052573 0.453214 -0.000000
v 0.068819 0.471085 -0.050000
v 0.016246 0.453214 0.050000
v 0.068819 0.471085 0.050000
v -0.026287 0.471084 0.080901
v -0.095106 0.500000 -0.030901
v -0.095106 0.500000 0.030901
v 0.000000 0.500000 -0.100000
v -0.058779 0.500000 -0.080902
v 0.095106 0.500000 -0.030901
v 0.058779 0.500000 -0.080902
v 0.058779 0.500000 0.080902
v 0.095106 0.500000 0.030901
v -0.058779 0.500000 0.080902
v 0.000000 0.500000 0.100000
v -0.068819 0.528915 -0.050000
v 0.026287 0.528916 -0.080901
v 0.085065 0.528915 -0.000000
v 0.026287 0.528916 0.080901
v -0.068819 0.528915 0.050000
v -0.016246 0.546786 -0.050000
v -0.052573 0.546786 -0.000000
v 0.042532 0.546786 -0.030901
v 0.042532 0.546786 0.030901
v -0.016246 0.546786 0.050000
v -0.103000 0.520000 -0.000000
v -0.100588 0.529000 -0.000000
v -0.094000 0.535588 -0.000000
v -0.085000 0.538000 -0.000000
v -0.076000 0.535588 -0.000000
v -0.069412 0.529000 -0.000000
v -0.067000 0.520000 -0.000000
v -0.069412 0.511000 -0.000000
v -0.076000 0.504412 -0.000000
v -0.085000 0.502000 -0.000000
v -0.094000 0.504412 -0.000000
v -0.100588 0.511000 -0.000000
v -0.102119 0.520000 0.013444
v -0.099728 0.529000 0.013129
v -0.093196 0.535588 0.012269
v -0.084273 0.538000 0.011095
v -0.075350 0.535588 0.009920
v -0.068818 0.529000 0.009060
v -0.066427 0.520000 0.008745
v -0.068818 0.511000 0.009060
v -0.075350 0.504412 0.009920
v -0.084273 0.502000 0.011095
v -0.093196 0.504412 0.012269
v -0.099728 0.511000 0.013129
v -0.099490 0.520000 0.026658
v -0.097161 0.529000 0.026034
v -0.090797 0.535588 0.024329
v -0.082104 0.538000 0.022000
v -0.073410 0.535588 0.019670
v -0.067046 0.529000 0.017965
v -0.064717 0.520000 0.017341
v -0.067046 0.511000 0.017965
v -0.073410 0.504412 0.019670
v -0.082104 0.502000 0.022000
v -0.090797 0.504412 0.024329
v -0.097161 0.511000 0.026034
v -0.095160 0.520000 0.039416
v -0.092932 0.529000 0.038494
v -0.086845 0.535588 0.035972
v -0.078530 0.538000 0.032528
v -0.070215 0.535588 0.029084
v -0.064128 0.529000 0.026563
v -0.061900 0.520000 0.025640
v -0.064128 0.511000 0.026563
v -0.070215 0.504412 0.029084
v -0.078530 0.502000 0.032528
v -0.086845 0.504412 0.035972
v -0.092932 0.511000 0.038494
v -0.089201 0.520000 0.051500
v -0.087112 0.529000 0.050294
v -0.081406 0.535588 0.047000
v -0.073612 0.538000 0.042500
v -0.065818 0.535588 0.038000
v -0.060112 0.529000 0.034706
v -0.058024 0.520000 0.033500
v -0.060112 0.511000 0.034706
v -0.065818 0.504412 0.038000
v -0.073612 0.502000 0.042500
v -0.081406 0.504412 0.047000
v -0.087112 0.511000 0.050294
v -0.081715 0.520000 0.062702
v -0.079802 0.529000 0.061234
v -0.074575 0.535588 0.057224
v -0.067435 0.538000 0.051745
v -0.060295 0.535588 0.046266
v -0.055068 0.529000 0.042255
v -0.053155 0.520000 0.040787
v -0.055068 0.511000 0.042255
v -0.060295 0.504412 0.046266
v -0.067435 0.502000 0.051745
v -0.074575 0.504412 0.057224
v -0.079802 0.511000 0.061234
v -0.072832 0.520000 0.072832
v -0.071127 0.529000 0.071127
v -0.066468 0.535588 0.066468
v -0.060104 0.538000 0.060104
v -0.053740 0.535588 0.053740
v -0.049081 0.529000 0.049081
v -0.047376 0.520000 0.047376
v -0.049081 0.511000 0.049081
v -0.053740 0.504412 0.053740
v -0.060104 0.502000 0.060104
v -0.066468 0.504412 0.066468
v -0.071127 0.511000 0.071127
v -0.062702 0.520000 0.081715
v -0.061234 0.529000 0.079802
v -0.057224 0.535588 0.074575
v -0.051745 0.538000 0.067435
v -0.046266 0.535588 0.060295
v -0.042255 0.529000 0.055068
v -0.040787 0.520000 0.053155
v -0.042255 0.511000 0.055068
v -0.046266 0.504412 0.060295
v -0.051745 0.502000 0.067435
v -0.057224 0.504412 0.074575
v -0.061234 0.511000 0.079802
v -0.051500 0.520000 0.089201
v -0.050294 0.529000 0.087112
v -0.047000 0.535588 0.081406
v -0.042500 0.538000 0.073612
v -0.038000 0.535588 0.065818
v -0.034706 0.529000 0.060112
v -0.033500 0.520000 0.058024
v -0.034706 0.511000 0.060112
v -0.038000 0.504412 0.065818
v -0.042500 0.502000 0.073612
v -0.047000 0.504412 0.081406
v -0.050294 0.511000 0.087112
v -0.039416 0.520000 0.095160
v -0.038494 0.529000 0.092932
v -0.035972 0.535588 0.086845
v -0.032528 0.538000 0.078530
v -0.029084 0.535588 0.070215
v -0.026563 0.529000 0.064128
v -0.025640 0.520000 0.061900
v -0.026563 0.511000 0.064128
v -0.029084 0.504412 0.070215
v -0.032528 0.502000 0.078530
v -0.035972 0.504412 0.086845
v -0.038494 0.511000 0.092932
v -0.026658 0.520000 0.099490
v -0.026034 0.529000 0.097161
v -0.024329 0.535588 0.090797
v -0.022000 0.538000 0.082104
v -0.019670 0.535588 0.073410
v -0.017965 0.529000 0.067046
v -0.017341 0.520000 0.064717
v -0.017965 0.511000 0.067046
v -0.019670 0.504412 0.073410
v -0.022000 0.502000 0.082104
v -0.024329 0.504412 0.090797
v -0.026034 0.511000 0.097161
v -0.013444 0.520000 0.102119
v -0.013129 0.529000 0.099728
v -0.012269 0.535588 0.093196
v -0.011095 0.538000 0.084273
v -0.009920 0.535588 0.075350
v -0.009060 0.529000 0.068818
v -0.008745 0.520000 0.066427
v -0.009060 0.511000 0.068818
v -0.009920 0.504412 0.075350
v -0.011095 0.502000 0.084273
v -0.012269 0.504412 0.093196
v -0.013129 0.511000 0.099728
v -0.000000 0.520000 0.103000
v -0.000000 0.529000 0.100588
v -0.000000 0.535588 0.094000
v -0.000000 0.538000 0.085000
v -0.000000 0.535588 0.076000
v -0.000000 0.529000 0.069412
v -0.000000 0.520000 0.067000
v -0.000000 0.511000 0.069412
v -0.000000 0.504412 0.076000
v -0.000000 0.502000 0.085000
v -0.000000 0.504412 0.094000
v -0.000000 0.511000 0.100588
v 0.013444 0.520000 0.102119
v 0.013129 0.529000 0.099728
v 0.012269 0.535588 0.093196
v 0.011095 0.538000 0.084273
v 0.009920 0.535588 0.075350
v 0.009060 0.529000 0.068818
v 0.008745 0.520000 0.066427
v 0.009060 0.511000 0.068818
v 0.009920 0.504412 0.075350
v 0.011095 0.502000 0.084273
v 0.012269 0.504412 0.093196
v 0.013129 0.511000 0.099728
v 0.026658 0.520000 0.099490
v 0.026034 0.529000 0.097161
v 0.024329 0.535588 0.090797
v 0.022000 0.538000 0.082104
v 0.019670 0.535588 0.073410
v 0.017965 0.529000 0.067046
v 0.017341 0.520000 0.064717
v 0.017965 0.511000 0.067046
v 0.019670 0.504412 0.073410
v 0.022000 0.502000 0.082104
v 0.024329 0.504412 0.090797
v 0.026034 0.511000 0.097161
v 0.039416 0.520000 0.095160
v 0.038494 0.529000 0.092932
v 0.035972 0.535588 0.086845
v 0.032528 0.538000 0.078530
v 0.029084 0.535588 0.070215
v 0.026563 0.529000 0.064128
v 0.025640 0.520000 0.061900
v 0.026563 0.511000 0.064128
v 0.029084 0.504412 0.070215
v 0.032528 0.502000 0.078530
v 0.035972 0.504412 0.086845
v 0.038494 0.511000 0.092932
v 0.051500 0.520000 0.089201
v 0.050294 0.529000 0.087112
v 0.047000 0.535588 0.081406
v 0.042500 0.538000 0.073612
v 0.038000 0.535588 0.065818
v 0.034706 0.529000 0.060112
v 0.033500 0.520000 0.058024
v 0.034706 0.511000 0.060112
v 0.038000 0.504412 0.065818
v 0.042500 0.502000 0.073612
v 0.047000 0.504412 0.081406
v 0.050294 0.511000 0.087112
v 0.062702 0.520000 0.081715
v 0.061234 0.529000 0.079802
v 0.057224 0.535588 0.074575
v 0.051745 0.538000 0.067435
v 0.046266 0.535588 0.060295
v 0.042255 0.529000 0.055068
v 0.040787 0.520000 0.053155
v 0.042255 0.511000 0.055068
v 0.046266 0.504412 0.060295
v 0.051745 0.502000 0.067435
v 0.057224 0.504412 0.074575
v 0.061234 0.511000 0.079802
v 0.072832 0.520000 0.072832
v 0.071127 0.529000 0.071127
v 0.066468 0.535588 0.066468
v 0.060104 0.538000 0.060104
v 0.053740 0.535588 0.053740
v 0.049081 0.529000 0.049081
v 0.047376 0.520000 0.047376
v 0.049081 0.511000 0.049081
v 0.053740 0.504412 0.053740
v 0.060104 0.502000 0.060104
v 0.066468 0.504412 0.066468
v 0.071127 0.511000 0.071127
v 0.081715 0.520000 0.062702
v 0.079802 0.529000 0.061234
v 0.074575 0.535588 0.057224
v 0.067435 0.538000 0.051745
v 0.060295 0.535588 0.046266
v 0.055068 0.529000 0.042255
v 0.053155 0.520000 0.040787
v 0.055068 0.511000 0.042255
v 0.060295 0.504412 0.046266
v 0.067435 0.502000 0.051745
v 0.074575 0.504412 0.057224
v 0.079802 0.511000 0.061234
v 0.089201 0.520000 0.051500
v 0.087112 0.529000 0.050294
v 0.081406 0.535588 0.047000
v 0.073612 0.538000 0.042500
v 0.065818 0.535588 0.038000
v 0.060112 0.529000 0.034706
v 0.058024 0.520000 0.033500
v 0.060112 0.511000 0.034706
v 0.065818 0.504412 0.038000
v 0.073612 0.502000 0.042500
v 0.081406 0.504412 0.047000
v 0.087112 0.511000 0.050294
v 0.095160 0.520000 0.039416
v 0.092932 0.529000 0.038494
v 0.086845 0.535588 0.035972
v 0.078530 0.538000 0.032528
v 0.070215 0.535588 0.029084
v 0.064128 0.529000 0.026563
v 0.061900 0.520000 0.025640
v 0.064128 0.511000 0.026563
v 0.070215 0.504412 0.029084
v 0.078530 0.502000 0.032528
v 0.086845 0.504412 0.035972
v 0.092932 0.511000 0.038494
v 0.099490 0.520000 0.026658
v 0.097161 0.529000 0.026034
v 0.090797 0.535588 0.024329
v 0.082104 0.538000 0.022000
v 0.073410 0.535588 0.019670
v 0.067046 0.529000 0.017965
v 0.064717 0.520000 0.017341
v 0.067046 0.511000 0.017965
v 0.073410 0.504412 0.019670
v 0.082104 0.502000 0.022000
v 0.090797 0.504412 0.024329
v 0.097161 0.511000 0.026034
v 0.102119 0.520000 0.013444
v 0.099728 0.529000 0.013129
v 0.093196 0.535588 0.012269
v 0.084273 0.538000 0.011095
v 0.075350 0.535588 0.009920
v 0.068818 0.529000 0.009060
v 0.066427 0.520000 0.008745
v 0.068818 0.511000 0.009060
v 0.075350 0.504412 0.009920
v 0.084273 0.502000 0.011095
v 0.093196 0.504412 0.012269
v 0.099728 0.511000 0.013129
v 0.103000 0.520000 0.000000
v 0.100588 0.529000 0.000000
v 0.094000 0.535588 0.000000
v 0.085000 0.538000 0.000000
v 0.076000 0.535588 0.000000
v 0.069412 0.529000 0.000000
v 0.067000 0.520000 0.000000
v 0.069412 0.511000 0.000000
v 0.076000 0.504412 0.000000
v 0.085000 0.502000 0.000000
v 0.094000 0.504412 0.000000
v 0.100588 0.511000 0.000000
v 0.102119 0.520000 -0.013444
v 0.099728 0.529000 -0.013129
v 0.093196 0.535588 -0.012269
v 0.084273 0.538000 -0.011095
v 0.075350 0.535588 -0.009920
v 0.068818 0.529000 -0.009060
v 0.066427 0.520000 -0.008745
v 0.068818 0.511000 -0.009060
v 0.075350 0.504412 -0.009920
v 0.084273 0.502000 -0.011095
v 0.093196 0.504412 -0.012269
v 0.099728 0.511000 -0.013129
v 0.099490 0.520000 -0.026658
v 0.097161 0.529000 -0.026034
v 0.090797 0.535588 -0.024329
v 0.082104 0.538000 -0.022000
v 0.073410 0.535588 -0.019670
v 0.067046 0.529000 -0.017965
v 0.064717 0.520000 -0.017341
v 0.067046 0.511000 -0.017965
v 0.073410 0.504412 -0.019670
v 0.082104 0.502000 -0.022000
v 0.090797 0.504412 -0.024329
v 0.097161 0.511000 -0.026034
v 0.095160 0.520000 -0.039416
v 0.092932 0.529000 -0.038493
v 0.086845 0.535588 -0.035972
v 0.078530 0.538000 -0.032528
v 0.070215 0.535588 -0.029084
v 0.064128 0.529000 -0.026563
v 0.061900 0.520000 -0.025640
v 0.064128 0.511000 -0.026563
v 0.070215 0.504412 -0.029084
v 0.078530 0.502000 -0.032528
v 0.086845 0.504412 -0.035972
v 0.092932 0.511000 -0.038493
v 0.089201 0.520000 -0.051500
v 0.087112 0.529000 -0.050294
v 0.081406 0.535588 -0.047000
v 0.073612 0.538000 -0.042500
v 0.065818 0.535588 -0.038000
v 0.060112 0.529000 -0.034706
v 0.058024 0.520000 -0.033500
v 0.060112 0.511000 -0.034706
v 0.065818 0.504412 -0.038000
v 0.073612 0.502000 -0.042500
v 0.081406 0.504412 -0.047000
v 0.087112 0.511000 -0.050294
v 0.081715 0.520000 -0.062702
v 0.079802 0.529000 -0.061234
v 0.074575 0.535588 -0.057224
v 0.067435 0.538000 -0.051745
v 0.060295 0.535588 -0.046266
v 0.055068 0.529000 -0.042255
v 0.053155 0.520000 -0.040787
v 0.055068 0.511000 -0.042255
v 0.060295 0.504412 -0.046266
v 0.067435 0.502000 -0.051745
v 0.074575 0.504412 -0.057224
v 0.079802 0.511000 -0.061234
v 0.072832 0.520000 -0.072832
v 0.071127 0.529000 -0.071127
v 0.066468 0.535588 -0.066468
v 0.060104 0.538000 -0.060104
v 0.053740 0.535588 -0.053740
v 0.049081 0.529000 -0.049081
v 0.047376 0.520000 -0.047376
v 0.049081 0.511000 -0.049081
v 0.053740 0.504412 -0.053740
v 0.060104 0.502000 -0.060104
v 0.066468 0.504412 -0.066468
v 0.071127 0.511000 -0.071127
v 0.062702 0.520000 -0.081715
v 0.061234 0.529000 -0.079802
v 0.057224 0.535588 -0.074575
v 0.051745 0.538000 -0.067435
v 0.046266 0.535588 -0.060295
v 0.042255 0.529000 -0.055068
v 0.040787 0.520000 -0.053155
v 0.042255 0.511000 -0.055068
v 0.046266 0.504412 -0.060295
v 0.051745 0.502000 -0.067435
v 0.057224 0.504412 -0.074575
v 0.061234 0.511000 -0.079802
v 0.051500 0.520000 -0.089201
v 0.050294 0.529000 -0.087112
v 0.047000 0.535588 -0.081406
v 0.042500 0.538000 -0.073612
v 0.038000 0.535588 -0.065818
v 0.034706 0.529000 -0.060112
v 0.033500 0.520000 -0.058024
v 0.034706 0.511000 -0.060112
v 0.038000 0.504412 -0.065818
v 0.042500 0.502000 -0.073612
v 0.047000 0.504412 -0.081406
v 0.050294 0.511000 -0.087112
v 0.039416 0.520000 -0.095160
v 0.038494 0.529000 -0.092932
v 0.035972 0.535588 -0.086845
v 0.032528 0.538000 -0.078530
v 0.029084 0.535588 -0.070215
v 0.026563 0.529000 -0.064128
v 0.025640 0.520000 -0.061900
v 0.026563 0.511000 -0.064128
v 0.029084 0.504412 -0.070215
v 0.032528 0.502000 -0.078530
v 0.035972 0.504412 -0.086845
v 0.038494 0.511000 -0.092932
v 0.026658 0.520000 -0.099490
v 0.026034 0.529000 -0.097161
v 0.024329 0.535588 -0.090797
v 0.022000 0.538000 -0.082104
v 0.019670 0.535588 -0.073410
v 0.017965 0.529000 -0.067046
v 0.017341 0.520000 -0.064717
v 0.017965 0.511000 -0.067046
v 0.019670 0.504412 -0.073410
v 0.022000 0.502000 -0.082104
v 0.024329 0.504412 -0.090797
v 0.026034 0.511000 -0.097161
v 0.013444 0.520000 -0.102119
v 0.013129 0.529000 -0.099728
v 0.012270 0.535588 -0.093196
v 0.011095 0.538000 -0.084273
v 0.009920 0.535588 -0.075350
v 0.009060 0.529000 -0.068818
v 0.008745 0.520000 -0.066427
v 0.009060 0.511000 -0.068818
v 0.009920 0.504412 -0.075350
v 0.011095 0.502000 -0.084273
v 0.012270 0.504412 -0.093196
v 0.013129 0.511000 -0.099728
v -0.000000 0.520000 -0.103000
v -0.000000 0.529000 -0.100588
v -0.000000 0.535588 -0.094000
v -0.000000 0.538000 -0.085000
v -0.000000 0.535588 -0.076000
v -0.000000 0.529000 -0.069412
v -0.000000 0.520000 -0.067000
v -0.000000 0.511000 -0.069412
v -0.000000 0.504412 -0.076000
v -0.000000 0.502000 -0.085000
v -0.000000 0.504412 -0.094000
v -0.000000 0.511000 -0.100588
v -0.013444 0.520000 -0.102119
v -0.013129 0.529000 -0.099728
v -0.012269 0.535588 -0.093196
v -0.011095 0.538000 -0.084273
v -0.009920 0.535588 -0.075350
v -0.009060 0.529000 -0.068818
v -0.008745 0.520000 -0.066427
v -0.009060 0.511000 -0.068818
v -0.009920 0.504412 -0.075350
v -0.011095 0.502000 -0.084273
v -0.012269 0.504412 -0.093196
v -0.013129 0.511000 -0.099728
v -0.026658 0.520000 -0.099490
v -0.026034 0.529000 -0.097161
v -0.024329 0.535588 -0.090797
v -0.022000 0.538000 -0.082104
v -0.019670 0.535588 -0.073410
v -0.017965 0.529000 -0.067046
v -0.017341 0.520000 -0.064717
v -0.017965 0.511000 -0.067046
v -0.019670 0.504412 -0.073410
v -0.022000 0.502000 -0.082104
v -0.024329 0.504412 -0.090797
v -0.026034 0.511000 -0.097161
v -0.039416 0.520000 -0.095160
v -0.038494 0.529000 -0.092932
v -0.035972 0.535588 -0.086845
v -0.032528 0.538000 -0.078530
v -0.029084 0.535588 -0.070215
v -0.026563 0.529000 -0.064128
v -0.025640 0.520000 -0.061900
v -0.026563 0.511000 -0.064128
v -0.029084 0.504412 -0.070215
v -0.032528 0.502000 -0.078530
v -0.035972 0.504412 -0.086845
v -0.038494 0.511000 -0.092932
v -0.051500 0.520000 -0.089201
v -0.050294 0.529000 -0.087112
v -0.047000 0.535588 -0.081406
v -0.042500 0.538000 -0.073612
v -0.038000 0.535588 -0.065818
v -0.034706 0.529000 -0.060112
v -0.033500 0.520000 -0.058024
v -0.034706 0.511000 -0.060112
v -0.038000 0.504412 -0.065818
v -0.042500 0.502000 -0.073612
v -0.047000 0.504412 -0.081406
v -0.050294 0.511000 -0.087112
v -0.062702 0.520000 -0.081715
v -0.061234 0.529000 -0.079802
v -0.057224 0.535588 -0.074575
v -0.051745 0.538000 -0.067435
v -0.046266 0.535588 -0.060295
v -0.042255 0.529000 -0.055068
v -0.040787 0.520000 -0.053155
v -0.042255 0.511000 -0.055068
v -0.046266 0.504412 -0.060295
v -0.051745 0.502000 -0.067435
v -0.057224 0.504412 -0.074575
v -0.061234 0.511000 -0.079802
v -0.072832 0.520000 -0.072832
v -0.071127 0.529000 -0.071127
v -0.066468 0.535588 -0.066468
v -0.060104 0.538000 -0.060104
v -0.053740 0.535588 -0.053740
v -0.049081 0.529000 -0.049081
v -0.047376 0.520000 -0.047376
v -0.049081 0.511000 -0.049081
v -0.053740 0.504412 -0.053740
v -0.060104 0.502000 -0.060104
v -0.066468 0.504412 -0.066468
v -0.071127 0.511000 -0.071127
v -0.081715 0.520000 -0.062702
v -0.079802 0.529000 -0.061234
v -0.074575 0.535588 -0.057224
v -0.067435 0.538000 -0.051745
v -0.060295 0.535588 -0.046266
v -0.055068 0.529000 -0.042255
v -0.053155 0.520000 -0.040787
v -0.055068 0.511000 -0.042255
v -0.060295 0.504412 -0.046266
v -0.067435 0.502000 -0.051745
v -0.074575 0.504412 -0.057224
v -0.079802 0.511000 -0.061234
v -0.089201 0.520000 -0.051500
v -0.087112 0.529000 -0.050294
v -0.081406 0.535588 -0.047000
v -0.073612 0.538000 -0.042500
v -0.065818 0.535588 -0.038000
v -0.060112 0.529000 -0.034706
v -0.058024 0.520000 -0.033500
v -0.060112 0.511000 -0.034706
v -0.065818 0.504412 -0.038000
v -0.073612 0.502000 -0.042500
v -0.081406 0.504412 -0.047000
v -0.087112 0.511000 -0.050294
v -0.095160 0.520000 -0.039416
v -0.092932 0.529000 -0.038494
v -0.086845 0.535588 -0.035972
v -0.078530 0.538000 -0.032528
v -0.070215 0.535588 -0.029084
v -0.064128 0.529000 -0.026563
v -0.061900 0.520000 -0.025640
v -0.064128 0.511000 -0.026563
v -0.070215 0.504412 -0.029084
v -0.078530 0.502000 -0.032528
v -0.086845 0.504412 -0.035972
v -0.092932 0.511000 -0.038494
v -0.099490 0.520000 -0.026658
v -0.097161 0.529000 -0.026034
v -0.090797 0.535588 -0.024329
v -0.082104 0.538000 -0.022000
v -0.073410 0.535588 -0.019670
v -0.067046 0.529000 -0.017965
v -0.064717 0.520000 -0.017341
v -0.067046 0.511000 -0.017965
v -0.073410 0.504412 -0.019670
v -0.082104 0.502000 -0.022000
v -0.090797 0.504412 -0.024329
v -0.097161 0.511000 -0.026034
v -0.102119 0.520000 -0.013444
v -0.099728 0.529000 -0.013129
v -0.093196 0.535588 -0.012269
v -0.084273 0.538000 -0.011095
v -0.075350 0.535588 -0.009920
v -0.068818 0.529000 -0.009060
v -0.066427 0.520000 -0.008745
v -0.068818 0.511000 -0.009060
v -0.075350 0.504412 -0.009920
v -0.084273 0.502000 -0.011095
v -0.093196 0.504412 -0.012269
v -0.099728 0.511000 -0.013129
v 0.000000 0.534500 -0.000000
v -0.047034 0.559651 -0.034172
v 0.017965 0.559651 -0.055292
v 0.058138 0.559652 -0.000000
v 0.017965 0.559651 0.055292
v -0.047034 0.559651 0.034172
v -0.017965 0.600348 -0.055292
v 0.047034 0.600348 -0.034172
v 0.047034 0.600348 0.034172
v -0.017965 0.600348 0.055292
v -0.058138 0.600348 -0.000000
v 0.000000 0.625500 -0.000000
v 0.010560 0.541295 -0.032500
v -0.027646 0.541295 -0.020086
v -0.017086 0.556079 -0.052586
v -0.055292 0.556079 -0.000000
v -0.027646 0.541295 0.020086
v 0.034172 0.541295 -0.000000
v 0.044732 0.556079 -0.032500
v 0.010560 0.541295 0.032500
v 0.044732 0.556079 0.032500
v -0.017086 0.556079 0.052586
v -0.061819 0.580000 -0.020086
v -0.061819 0.580000 0.020086
v 0.000000 0.580000 -0.065000
v -0.038206 0.580000 -0.052586
v 0.061819 0.580000 -0.020086
v 0.038206 0.580000 -0.052586
v 0.038206 0.580000 0.052586
v 0.061819 0.580000 0.020086
v -0.038206 0.580000 0.052586
v 0.000000 0.580000 0.065000
v -0.044732 0.603921 -0.032500
v 0.017086 0.603921 -0.052586
v 0.055292 0.603921 -0.000000
v 0.017086 0.603921 0.052586
v -0.044732 0.603921 0.032500
v -0.010560 0.618705 -0.032500
v -0.034172 0.618705 -0.000000
v 0.027646 0.618705 -0.020086
v 0.027646 0.618705 0.020086
v -0.010560 0.618705 0.032500
vn -0.000100 -1.000000 0.000000
vn -0.708300 -0.417600 -0.569100
vn 0.258400 -0.398900 -0.879800
vn 0.902600 -0.430500 0.000000
vn 0.258400 -0.398900 0.879800
vn -0.708300 -0.417600 0.569100
vn -0.258400 0.398900 -0.879800
vn 0.708300 0.417600 -0.569100
vn 0.708300 0.417600 0.569100
vn -0.258400 0.398900 0.879800
vn -0.902600 0.430500 0.000000
vn 0.000100 1.000000 0.000000
vn 0.222900 -0.612800 -0.758100
vn 0.163300 -0.816000 -0.554500
vn 0.083800 -0.955100 -0.284000
vn -0.219800 -0.959600 -0.175700
vn -0.434900 -0.830300 -0.348500
vn -0.603400 -0.633500 -0.484400
vn -0.503200 -0.462700 -0.729800
vn -0.248300 -0.474600 -0.844500
vn 0.018600 -0.450000 -0.892900
vn -0.817100 -0.482200 0.316000
vn -0.861100 -0.508400 0.000000
vn -0.817100 -0.482200 -0.316000
vn -0.219800 -0.959600 0.175700
vn -0.434900 -0.830300 0.348500
vn -0.603400 -0.633500 0.484400
vn 0.762300 -0.647200 0.000000
vn 0.543300 -0.839500 0.000000
vn 0.271800 -0.962400 0.000000
vn 0.471100 -0.460900 -0.752100
vn 0.677900 -0.494700 -0.543900
vn 0.830900 -0.483500 -0.275500
vn 0.222900 -0.612800 0.758100
vn 0.163300 -0.816000 0.554500
vn 0.083800 -0.955100 0.284000
vn 0.830900 -0.483500 0.275500
vn 0.677900 -0.494700 0.543900
vn 0.471100 -0.460900 0.752100
vn 0.018600 -0.450000 0.892900
vn -0.248300 -0.474600 0.844500
vn -0.503200 -0.462700 0.729800
vn -0.958000 0.231800 -0.168800
vn -0.941300 -0.000100 -0.337500
vn -0.849100 -0.227900 -0.476500
vn -0.849100 -0.227900 0.476500
vn -0.941300 -0.000100 0.337500
vn -0.958000 0.231800 0.168800
vn -0.137300 0.211700 -0.967600
vn -0.000000 -0.000000 -1.000000
vn 0.137300 -0.211700 -0.967600
vn -0.653500 -0.221000 -0.724000
vn -0.549600 0.000100 -0.835400
vn -0.410000 0.215400 -0.886300
vn 0.849100 0.227900 -0.476500
vn 0.941300 0.000100 -0.337500
vn 0.958000 -0.231800 -0.168800
vn 0.410000 -0.215400 -0.886300
vn 0.549600 -0.000100 -0.835400
vn 0.653500 0.221000 -0.724000
vn 0.653500 0.221000 0.724000
vn 0.549600 -0.000100 0.835400
vn 0.410000 -0.215400 0.886300
vn 0.958000 -0.231800 0.168800
vn 0.941300 0.000100 0.337500
vn 0.849100 0.227900 0.476500
vn -0.410000 0.215400 0.886300
vn -0.549600 0.000100 0.835400
vn -0.653500 -0.221000 0.724000
vn 0.137300 -0.211700 0.967600
vn -0.000000 -0.000000 1.000000
vn -0.137300 0.211700 0.967600
vn -0.830900 0.483500 -0.275500
vn -0.677900 0.494700 -0.543900
vn -0.471100 0.460900 -0.752100
vn -0.018600 0.450000 -0.892900
vn 0.248300 0.474600 -0.844500
vn 0.503200 0.462700 -0.729800
vn 0.817100 0.482200 -0.316000
vn 0.861100 0.508400 0.000000
vn 0.817100 0.482200 0.316000
vn 0.503200 0.462700 0.729800
vn 0.248300 0.474600 0.844500
vn -0.018600 0.450000 0.892900
vn -0.471100 0.460900 0.752100
vn -0.677900 0.494700 0.543900
vn -0.830900 0.483500 0.275500
vn -0.083800 0.955100 -0.284000
vn -0.163300 0.816000 -0.554500
vn -0.222900 0.612800 -0.758100
vn -0.762300 0.647200 0.000000
vn -0.543300 0.839500 0.000000
vn -0.271800 0.962400 0.000000
vn 0.219800 0.959600 -0.175700
vn 0.434900 0.830300 -0.348500
vn 0.603400 0.633500 -0.484400
vn 0.219800 0.959600 0.175700
vn 0.434900 0.830300 0.348500
vn 0.603400 0.633500 0.484400
vn -0.083800 0.955100 0.284000
vn -0.163300 0.816000 0.554500
vn -0.222900 0.612800 0.758100
vn -0.378600 0.874400 0.303400
vn -0.641800 0.705900 0.299800
vn -0.447000 0.690700 0.568500
vn 0.142700 0.863000 0.484600
vn 0.057600 0.676200 0.734500
vn 0.348900 0.685000 0.639600
vn 0.471800 0.881700 0.000000
vn 0.682600 0.709700 0.174500
vn 0.682600 0.709700 -0.174500
vn 0.142700 0.863000 -0.484600
vn 0.348900 0.685000 -0.639600
vn 0.057600 0.676200 -0.734500
vn -0.378600 0.874400 -0.303400
vn -0.447000 0.690700 -0.568500
vn -0.641800 0.705900 -0.299800
vn -0.844900 0.255800 0.469800
vn -0.780000 0.008200 0.625700
vn -0.646900 0.248500 0.721000
vn 0.133800 0.238100 0.962000
vn 0.282100 0.007700 0.959300
vn 0.410200 0.242000 0.879300
vn 0.950200 0.260300 0.171100
vn 1.000000 0.008500 0.000000
vn 0.950200 0.260300 -0.171100
vn 0.410200 0.242000 -0.879300
vn 0.282100 0.007700 -0.959300
vn 0.133800 0.238100 -0.962000
vn -0.646900 0.248500 -0.721000
vn -0.780000 0.008200 -0.625700
vn -0.844900 0.255800 -0.469800
vn -0.282100 -0.007700 0.959300
vn -0.410200 -0.242000 0.879300
vn -0.133800 -0.238100 0.962000
vn 0.780000 -0.008200 0.625700
vn 0.646900 -0.248500 0.721000
vn 0.844900 -0.255800 0.469800
vn 0.780000 -0.008200 -0.625700
vn 0.844900 -0.255800 -0.469800
vn 0.646900 -0.248500 -0.721000
vn -0.282100 -0.007700 -0.959300
vn -0.133800 -0.238100 -0.962000
vn -0.410200 -0.242000 -0.879300
vn -1.000000 -0.008500 0.000000
vn -0.950200 -0.260300 -0.171100
vn -0.950200 -0.260300 0.171100
vn -0.348900 -0.685000 0.639600
vn -0.142700 -0.863000 0.484600
vn -0.057600 -0.676200 0.734500
vn 0.447000 -0.690700 0.568500
vn 0.378600 -0.874400 0.303400
vn 0.641800 -0.705900 0.299800
vn 0.641800 -0.705900 -0.299800
vn 0.378600 -0.874400 -0.303400
vn 0.447000 -0.690700 -0.568500
vn -0.682600 -0.709700 0.174500
vn -0.682600 -0.709700 -0.174500
vn -0.471800 -0.881700 0.000000
vn -0.057600 -0.676200 -0.734500
vn -0.142700 -0.863000 -0.484600
vn -0.348900 -0.685000 -0.639600
vn -0.006900 -1.000000 0.000000
vn -0.519500 -0.487400 -0.701800
vn 0.152500 -0.377200 -0.913500
vn 0.811700 -0.584100 0.000000
vn 0.152500 -0.377200 0.913500
vn -0.519500 -0.487400 0.701800
vn -0.152500 0.377200 -0.913500
vn 0.519500 0.487400 -0.701800
vn 0.519500 0.487400 0.701800
vn -0.152500 0.377200 0.913500
vn -0.811700 0.584100 0.000000
vn 0.006900 1.000000 0.000000
vn 0.102900 -0.801900 -0.588500
vn -0.291200 -0.875200 -0.386400
vn -0.143700 -0.455100 -0.878800
vn -0.752200 -0.658900 0.000000
vn -0.291200 -0.875200 0.386400
vn 0.376400 -0.926400 0.000000
vn 0.489700 -0.565100 -0.664000
vn 0.102900 -0.801900 0.588500
vn 0.489700 -0.565100 0.664000
vn -0.143700 -0.455100 0.878800
vn -0.883900 -0.010600 -0.467600
vn -0.883900 -0.010600 0.467600
vn -0.355400 0.005900 -0.934700
vn 0.883900 0.010600 -0.467600
vn 0.355400 -0.005900 -0.934700
vn 0.355400 -0.005900 0.934700
vn 0.883900 0.010600 0.467600
vn -0.355400 0.005900 0.934700
vn -0.489700 0.565100 -0.664000
vn 0.143700 0.455100 -0.878800
vn 0.752200 0.658900 0.000000
vn 0.143700 0.455100 0.878800
vn -0.489700 0.565100 0.664000
vn -0.102900 0.801900 -0.588500
vn -0.376400 0.926400 0.000000
vn 0.291200 0.875200 -0.386400
vn 0.291200 0.875200 0.386400
vn -0.102900 0.801900 0.588500
vn -0.000000 -1.000000 0.000000
vn -0.639700 -0.612200 -0.464800
vn 0.244300 -0.612200 -0.752000
vn 0.790700 -0.612200 0.000000
vn 0.244300 -0.612200 0.752000
vn -0.639700 -0.612200 0.464800
vn -0.244300 0.612200 -0.752000
vn 0.639700 0.612200 -0.464800
vn 0.639700 0.612200 0.464800
vn -0.244300 0.612200 0.752000
vn -0.790700 0.612200 0.000000
vn -0.000000 1.000000 0.000000
vn 0.107000 -0.938100 -0.329400
vn -0.280200 -0.938100 -0.203600
vn -0.224400 -0.687700 -0.690500
vn -0.726000 -0.687700 0.000000
vn -0.280200 -0.938100 0.203600
vn 0.346300 -0.938100 0.000000
vn 0.587400 -0.687700 -0.426700
vn 0.107000 -0.938100 0.329400
vn 0.587400 -0.687700 0.426700
vn -0.224400 -0.687700 0.690500
vn -0.951100 -0.000000 -0.309000
vn -0.951100 -0.000000 0.309000
vn -0.587800 -0.000000 -0.809000
vn 0.951100 -0.000000 -0.309000
vn 0.587800 -0.000000 -0.809000
vn 0.587800 -0.000000 0.809000
vn 0.951100 -0.000000 0.309000
vn -0.587800 -0.000000 0.809000
vn -0.587400 0.687700 -0.426700
vn 0.224400 0.687700 -0.690500
vn 0.726000 0.687700 0.000000
vn 0.224400 0.687700 0.690500
vn -0.587400 0.687700 0.426700
vn -0.107000 0.938100 -0.329400
vn -0.346300 0.938100 0.000000
vn 0.280200 0.938100 -0.203600
vn 0.280200 0.938100 0.203600
vn -0.107000 0.938100 0.329400
vn -1.000000 -0.000000 0.000000
vn -0.868700 0.495400 0.000000
vn -0.508000 0.861400 0.000000
vn -0.010800 0.999900 0.000000
vn 0.491800 0.870700 0.000000
vn 0.863300 0.504700 0.000000
vn 1.000000 -0.000000 0.000000
vn 0.863300 -0.504700 0.000000
vn 0.491800 -0.870700 0.000000
vn -0.010800 -0.999900 0.000000
vn -0.508000 -0.861400 0.000000
vn -0.868700 -0.495400 0.000000
vn -0.991400 -0.000000 0.130500
vn -0.861200 0.495400 0.113400
vn -0.503600 0.861400 0.066300
vn -0.010700 0.999900 0.001400
vn 0.487600 0.870700 -0.064200
vn 0.855900 0.504700 -0.112700
vn 0.991400 -0.000000 -0.130500
vn 0.855900 -0.504700 -0.112700
vn 0.487600 -0.870700 -0.064200
vn -0.010700 -0.999900 0.001400
vn -0.503600 -0.861400 0.066300
vn -0.861200 -0.495400 0.113400
vn -0.965900 -0.000000 0.258800
vn -0.839100 0.495400 0.224800
vn -0.490700 0.861400 0.131500
vn -0.010400 0.999900 0.002800
vn 0.475100 0.870700 -0.127300
vn 0.833900 0.504700 -0.223400
vn 0.965900 -0.000000 -0.258800
vn 0.833900 -0.504700 -0.223400
vn 0.475100 -0.870700 -0.127300
vn -0.010400 -0.999900 0.002800
vn -0.490700 -0.861400 0.131500
vn -0.839100 -0.495400 0.224800
vn -0.923900 -0.000000 0.382700
vn -0.802500 0.495400 0.332400
vn -0.469300 0.861400 0.194400
vn -0.010000 0.999900 0.004100
vn 0.454400 0.870700 -0.188200
vn 0.797600 0.504700 -0.330400
vn 0.923900 -0.000000 -0.382700
vn 0.797600 -0.504700 -0.330400
vn 0.454400 -0.870700 -0.188200
vn -0.010000 -0.999900 0.004100
vn -0.469300 -0.861400 0.194400
vn -0.802500 -0.495400 0.332400
vn -0.866000 -0.000000 0.500000
vn -0.752300 0.495400 0.434300
vn -0.439900 0.861400 0.254000
vn -0.009300 0.999900 0.005400
vn 0.425900 0.870700 -0.245900
vn 0.747600 0.504700 -0.431600
vn 0.866000 -0.000000 -0.500000
vn 0.747600 -0.504700 -0.431600
vn 0.425900 -0.870700 -0.245900
vn -0.009300 -0.999900 0.005400
vn -0.439900 -0.861400 0.254000
vn -0.752300 -0.495400 0.434300
vn -0.793400 -0.000000 0.608800
vn -0.689200 0.495400 0.528800
vn -0.403000 0.861400 0.309200
vn -0.008500 0.999900 0.006600
vn 0.390200 0.870700 -0.299400
vn 0.684900 0.504700 -0.525500
vn 0.793400 -0.000000 -0.608800
vn 0.684900 -0.504700 -0.525500
vn 0.390200 -0.870700 -0.299400
vn -0.008500 -0.999900 0.006600
vn -0.403000 -0.861400 0.309200
vn -0.689200 -0.495400 0.528800
vn -0.707100 -0.000000 0.707100
vn -0.614200 0.495400 0.614200
vn -0.359200 0.861400 0.359200
vn -0.007600 0.999900 0.007600
vn 0.347800 0.870700 -0.347800
vn 0.610400 0.504700 -0.610400
vn 0.707100 -0.000000 -0.707100
vn 0.610400 -0.504700 -0.610400
vn 0.347800 -0.870700 -0.347800
vn -0.007600 -0.999900 0.007600
vn -0.359200 -0.861400 0.359200
vn -0.614200 -0.495400 0.614200
vn -0.608800 -0.000000 0.793400
vn -0.528800 0.495400 0.689200
vn -0.309200 0.861400 0.403000
vn -0.006600 0.999900 0.008500
vn 0.299400 0.870700 -0.390200
vn 0.525500 0.504700 -0.684900
vn 0.608800 -0.000000 -0.793400
vn 0.525500 -0.504700 -0.684900
vn 0.299400 -0.870700 -0.390200
vn -0.006600 -0.999900 0.008500
vn -0.309200 -0.861400 0.403000
vn -0.528800 -0.495400 0.689200
vn -0.500000 -0.000000 0.866000
vn -0.434300 0.495400 0.752300
vn -0.254000 0.861400 0.439900
vn -0.005400 0.999900 0.009300
vn 0.245900 0.870700 -0.425900
vn 0.431600 0.504700 -0.747600
vn 0.500000 -0.000000 -0.866000
vn 0.431600 -0.504700 -0.747600
vn 0.245900 -0.870700 -0.425900
vn -0.005400 -0.999900 0.009300
vn -0.254000 -0.861400 0.439900
vn -0.434300 -0.495400 0.752300
vn -0.382700 -0.000000 0.923900
vn -0.332400 0.495400 0.802500
vn -0.194400 0.861400 0.469300
vn -0.004100 0.999900 0.010000
vn 0.188200 0.870700 -0.454400
vn 0.330400 0.504700 -0.797600
vn 0.382700 -0.000000 -0.923900
vn 0.330400 -0.504700 -0.797600
vn 0.188200 -0.870700 -0.454400
vn -0.004100 -0.999900 0.010000
vn -0.194400 -0.861400 0.469300
vn -0.332400 -0.495400 0.802500
vn -0.258800 -0.000000 0.965900
vn -0.224800 0.495400 0.839100
vn -0.131500 0.861400 0.490700
vn -0.002800 0.999900 0.010400
vn 0.127300 0.870700 -0.475100
vn 0.223400 0.504700 -0.833900
vn 0.258800 -0.000000 -0.965900
vn 0.223400 -0.504700 -0.833900
vn 0.127300 -0.870700 -0.475100
vn -0.002800 -0.999900 0.010400
vn -0.131500 -0.861400 0.490700
vn -0.224800 -0.495400 0.839100
vn -0.130500 -0.000000 0.991400
vn -0.113400 0.495400 0.861200
vn -0.066300 0.861400 0.503600
vn -0.001400 0.999900 0.010700
vn 0.064200 0.870700 -0.487600
vn 0.112700 0.504700 -0.855900
vn 0.130500 -0.000000 -0.991400
vn 0.112700 -0.504700 -0.855900
vn 0.064200 -0.870700 -0.487600
vn -0.001400 -0.999900 0.010700
vn -0.066300 -0.861400 0.503600
vn -0.113400 -0.495400 0.861200
vn -0.000000 0.495400 0.868700
vn -0.000000 0.861400 0.508000
vn -0.000000 0.999900 0.010800
vn -0.000000 0.870700 -0.491800
vn -0.000000 0.504700 -0.863300
vn -0.000000 -0.504700 -0.863300
vn -0.000000 -0.870700 -0.491800
vn -0.000000 -0.999900 0.010800
vn -0.000000 -0.861400 0.508000
vn -0.000000 -0.495400 0.868700
vn 0.130500 -0.000000 0.991400
vn 0.113400 0.495400 0.861200
vn 0.066300 0.861400 0.503600
vn 0.001400 0.999900 0.010700
vn -0.064200 0.870700 -0.487600
vn -0.112700 0.504700 -0.855900
vn -0.130500 -0.000000 -0.991400
vn -0.112700 -0.504700 -0.855900
vn -0.064200 -0.870700 -0.487600
vn 0.001400 -0.999900 0.010700
vn 0.066300 -0.861400 0.503600
vn 0.113400 -0.495400 0.861200
vn 0.258800 -0.000000 0.965900
vn 0.224800 0.495400 0.839100
vn 0.131500 0.861400 0.490700
vn 0.002800 0.999900 0.010400
vn -0.127300 0.870700 -0.475100
vn -0.223400 0.504700 -0.833900
vn -0.258800 -0.000000 -0.965900
vn -0.223400 -0.504700 -0.833900
vn -0.127300 -0.870700 -0.475100
vn 0.002800 -0.999900 0.010400
vn 0.131500 -0.861400 0.490700
vn 0.224800 -0.495400 0.839100
vn 0.382700 -0.000000 0.923900
vn 0.332400 0.495400 0.802500
vn 0.194400 0.861400 0.469300
vn 0.004100 0.999900 0.010000
vn -0.188200 0.870700 -0.454400
vn -0.330400 0.504700 -0.797600
vn -0.382700 -0.000000 -0.923900
vn -0.330400 -0.504700 -0.797600
vn -0.188200 -0.870700 -0.454400
vn 0.004100 -0.999900 0.010000
vn 0.194400 -0.861400 0.469300
vn 0.332400 -0.495400 0.802500
vn 0.500000 -0.000000 0.866000
vn 0.434300 0.495400 0.752300
vn 0.254000 0.861400 0.439900
vn 0.005400 0.999900 0.009300
vn -0.245900 0.870700 -0.425900
vn -0.431600 0.504700 -0.747600
vn -0.500000 -0.000000 -0.866000
vn -0.431600 -0.504700 -0.747600
vn -0.245900 -0.870700 -0.425900
vn 0.005400 -0.999900 0.009300
vn 0.254000 -0.861400 0.439900
vn 0.434300 -0.495400 0.752300
vn 0.608800 -0.000000 0.793400
vn 0.528800 0.495400 0.689200
vn 0.309200 0.861400 0.403000
vn 0.006600 0.999900 0.008500
vn -0.299400 0.870700 -0.390200
vn -0.525500 0.504700 -0.684900
vn -0.608800 -0.000000 -0.793400
vn -0.525500 -0.504700 -0.684900
vn -0.299400 -0.870700 -0.390200
vn 0.006600 -0.999900 0.008500
vn 0.309200 -0.861400 0.403000
vn 0.528800 -0.495400 0.689200
vn 0.707100 -0.000000 0.707100
vn 0.614200 0.495400 0.614200
vn 0.359200 0.861400 0.359200
vn 0.007600 0.999900 0.007600
vn -0.347800 0.870700 -0.347800
vn -0.610400 0.504700 -0.610400
vn -0.707100 -0.000000 -0.707100
vn -0.610400 -0.504700 -0.610400
vn -0.347800 -0.870700 -0.347800
vn 0.007600 -0.999900 0.007600
vn 0.359200 -0.861400 0.359200
vn 0.614200 -0.495400 0.614200
vn 0.793400 -0.000000 0.608800
vn 0.689200 0.495400 0.528800
vn 0.403000 0.861400 0.309200
vn 0.008500 0.999900 0.006600
vn -0.390200 0.870700 -0.299400
vn -0.684900 0.504700 -0.525500
vn -0.793400 -0.000000 -0.608800
vn -0.684900 -0.504700 -0.525500
vn -0.390200 -0.870700 -0.299400
vn 0.008600 -0.999900 0.006600
vn 0.403000 -0.861400 0.309200
vn 0.689200 -0.495400 0.528800
vn 0.866000 -0.000000 0.500000
vn 0.752300 0.495400 0.434300
vn 0.439900 0.861400 0.254000
vn 0.009300 0.999900 0.005400
vn -0.425900 0.870700 -0.245900
vn -0.747600 0.504700 -0.431600
vn -0.866000 -0.000000 -0.500000
vn -0.747600 -0.504700 -0.431600
vn -0.425900 -0.870700 -0.245900
vn 0.009300 -0.999900 0.005400
vn 0.439900 -0.861400 0.254000
vn 0.752300 -0.495400 0.434300
vn 0.923900 -0.000000 0.382700
vn 0.802500 0.495400 0.332400
vn 0.469300 0.861400 0.194400
vn 0.010000 0.999900 0.004100
vn -0.454400 0.870700 -0.188200
vn -0.797600 0.504700 -0.330400
vn -0.923900 -0.000000 -0.382700
vn -0.797600 -0.504700 -0.330400
vn -0.454400 -0.870700 -0.188200
vn 0.010000 -0.999900 0.004100
vn 0.469300 -0.861400 0.194400
vn 0.802500 -0.495400 0.332400
vn 0.965900 -0.000000 0.258800
vn 0.839100 0.495400 0.224800
vn 0.490700 0.861400 0.131500
vn 0.010400 0.999900 0.002800
vn -0.475100 0.870700 -0.127300
vn -0.833900 0.504700 -0.223400
vn -0.965900 -0.000000 -0.258800
vn -0.833900 -0.504700 -0.223400
vn -0.475100 -0.870700 -0.127300
vn 0.010400 -0.999900 0.002800
vn 0.490700 -0.861400 0.131500
vn 0.839100 -0.495400 0.224800
vn 0.991400 -0.000000 0.130500
vn 0.861200 0.495400 0.113400
vn 0.503600 0.861400 0.066300
vn 0.010700 0.999900 0.001400
vn -0.487600 0.870700 -0.064200
vn -0.855900 0.504700 -0.112700
vn -0.991400 -0.000000 -0.130500
vn -0.855900 -0.504700 -0.112700
vn -0.487600 -0.870700 -0.064200
vn 0.010700 -0.999900 0.001400
vn 0.503700 -0.861400 0.066300
vn 0.861200 -0.495400 0.113400
vn 0.868700 0.495400 0.000000
vn 0.508000 0.861400 0.000000
vn 0.010800 0.999900 0.000000
vn -0.491800 0.870700 0.000000
vn -0.863300 0.504700 0.000000
vn -0.863300 -0.504700 0.000000
vn -0.491800 -0.870700 0.000000
vn 0.010800 -0.999900 0.000000
vn 0.508000 -0.861400 0.000000
vn 0.868700 -0.495400 0.000000
vn 0.861200 0.495400 -0.113400
vn 0.503600 0.861400 -0.066300
vn 0.010700 0.999900 -0.001400
vn -0.487600 0.870700 0.064200
vn -0.855900 0.504700 0.112700
vn -0.855900 -0.504700 0.112700
vn -0.487600 -0.870700 0.064200
vn 0.010700 -0.999900 -0.001400
vn 0.503600 -0.861400 -0.066300
vn 0.861200 -0.495400 -0.113400
vn 0.839100 0.495400 -0.224800
vn 0.490700 0.861400 -0.131500
vn 0.010400 0.999900 -0.002800
vn -0.475100 0.870700 0.127300
vn -0.833900 0.504700 0.223400
vn -0.833900 -0.504700 0.223400
vn -0.475100 -0.870700 0.127300
vn 0.010400 -0.999900 -0.002800
vn 0.490700 -0.861400 -0.131500
vn 0.839100 -0.495400 -0.224800
vn 0.802500 0.495400 -0.332400
vn 0.469300 0.861400 -0.194400
vn 0.010000 0.999900 -0.004100
vn -0.454400 0.870700 0.188200
vn -0.797600 0.504700 0.330400
vn -0.797600 -0.504700 0.330400
vn -0.454400 -0.870700 0.188200
vn 0.010000 -0.999900 -0.004100
vn 0.469300 -0.861400 -0.194400
vn 0.802500 -0.495400 -0.332400
vn 0.752300 0.495400 -0.434300
vn 0.439900 0.861400 -0.254000
vn 0.009300 0.999900 -0.005400
vn -0.425900 0.870700 0.245900
vn -0.747600 0.504700 0.431600
vn -0.747600 -0.504700 0.431600
vn -0.425900 -0.870700 0.245900
vn 0.009300 -0.999900 -0.005400
vn 0.439900 -0.861400 -0.254000
vn 0.752300 -0.495400 -0.434300
vn 0.689200 0.495400 -0.528800
vn 0.403000 0.861400 -0.309200
vn 0.008500 0.999900 -0.006600
vn -0.390200 0.870700 0.299400
vn -0.684900 0.504700 0.525500
vn -0.684900 -0.504700 0.525500
vn -0.390200 -0.870700 0.299400
vn 0.008500 -0.999900 -0.006600
vn 0.403000 -0.861400 -0.309200
vn 0.689200 -0.495400 -0.528800
vn 0.614200 0.495400 -0.614200
vn 0.359200 0.861400 -0.359200
vn 0.007600 0.999900 -0.007600
vn -0.347800 0.870700 0.347800
vn -0.610400 0.504700 0.610400
vn -0.610400 -0.504700 0.610400
vn -0.347800 -0.870700 0.347800
vn 0.007600 -0.999900 -0.007600
vn 0.359200 -0.861400 -0.359200
vn 0.614200 -0.495400 -0.614200
vn 0.528800 0.495400 -0.689200
vn 0.309200 0.861400 -0.403000
vn 0.006600 0.999900 -0.008500
vn -0.299400 0.870700 0.390200
vn -0.525500 0.504700 0.684900
vn -0.525500 -0.504700 0.684900
vn -0.299400 -0.870700 0.390200
vn 0.006600 -0.999900 -0.008500
vn 0.309200 -0.861400 -0.403000
vn 0.528800 -0.495400 -0.689200
vn 0.434300 0.495400 -0.752300
vn 0.254000 0.861400 -0.439900
vn 0.005400 0.999900 -0.009300
vn -0.245900 0.870700 0.425900
vn -0.431600 0.504700 0.747600
vn -0.431600 -0.504700 0.747600
vn -0.245900 -0.870700 0.425900
vn 0.005400 -0.999900 -0.009300
vn 0.254000 -0.861400 -0.439900
vn 0.434300 -0.495400 -0.752300
vn 0.332400 0.495400 -0.802500
vn 0.194400 0.861400 -0.469300
vn 0.004100 0.999900 -0.010000
vn -0.188200 0.870700 0.454400
vn -0.330400 0.504700 0.797600
vn -0.330400 -0.504700 0.797600
vn -0.188200 -0.870700 0.454400
vn 0.004100 -0.999900 -0.010000
vn 0.194400 -0.861400 -0.469300
vn 0.332400 -0.495400 -0.802500
vn 0.224800 0.495400 -0.839100
vn 0.131500 0.861400 -0.490700
vn 0.002800 0.999900 -0.010400
vn -0.127300 0.870700 0.475100
vn -0.223400 0.504700 0.833900
vn -0.223400 -0.504700 0.833900
vn -0.127300 -0.870700 0.475100
vn 0.002800 -0.999900 -0.010400
vn 0.131500 -0.861400 -0.490700
vn 0.224800 -0.495400 -0.839100
vn 0.113400 0.495400 -0.861200
vn 0.066300 0.861400 -0.503600
vn 0.001400 0.999900 -0.010700
vn -0.064200 0.870700 0.487600
vn -0.112700 0.504700 0.855900
vn -0.112700 -0.504700 0.855900
vn -0.064200 -0.870700 0.487600
vn 0.001400 -0.999900 -0.010700
vn 0.066300 -0.861400 -0.503600
vn 0.113400 -0.495400 -0.861200
vn -0.000000 0.495400 -0.868700
vn -0.000000 0.861400 -0.508000
vn -0.000000 0.999900 -0.010800
vn -0.000000 0.870700 0.491800
vn -0.000000 0.504700 0.863300
vn -0.000000 -0.504700 0.863300
vn -0.000000 -0.870700 0.491800
vn -0.000000 -0.999900 -0.010800
vn -0.000000 -0.861400 -0.508000
vn -0.000000 -0.495400 -0.868700
vn -0.113400 0.495400 -0.861200
vn -0.066300 0.861400 -0.503600
vn -0.001400 0.999900 -0.010700
vn 0.064200 0.870700 0.487600
vn 0.112700 0.504700 0.855900
vn 0.112700 -0.504700 0.855900
vn 0.064200 -0.870700 0.487600
vn -0.001400 -0.999900 -0.010700
vn -0.066300 -0.861400 -0.503600
vn -0.113400 -0.495400 -0.861200
vn -0.224800 0.495400 -0.839100
vn -0.131500 0.861400 -0.490700
vn -0.002800 0.999900 -0.010400
vn 0.127300 0.870700 0.475100
vn 0.223400 0.504700 0.833900
vn 0.223400 -0.504700 0.833900
vn 0.127300 -0.870700 0.475100
vn -0.002800 -0.999900 -0.010400
vn -0.131500 -0.861400 -0.490700
vn -0.224800 -0.495400 -0.839100
vn -0.332400 0.495400 -0.802500
vn -0.194400 0.861400 -0.469300
vn -0.004100 0.999900 -0.010000
vn 0.188200 0.870700 0.454400
vn 0.330400 0.504700 0.797600
vn 0.330400 -0.504700 0.797600
vn 0.188200 -0.870700 0.454400
vn -0.004100 -0.999900 -0.010000
vn -0.194400 -0.861400 -0.469300
vn -0.332400 -0.495400 -0.802500
vn -0.434300 0.495400 -0.752300
vn -0.254000 0.861400 -0.439900
vn -0.005400 0.999900 -0.009300
vn 0.245900 0.870700 0.425900
vn 0.431600 0.504700 0.747600
vn 0.431600 -0.504700 0.747600
vn 0.245900 -0.870700 0.425900
vn -0.005400 -0.999900 -0.009300
vn -0.254000 -0.861400 -0.439900
vn -0.434300 -0.495400 -0.752300
vn -0.528800 0.495400 -0.689200
vn -0.309200 0.861400 -0.403000
vn -0.006600 0.999900 -0.008500
vn 0.299400 0.870700 0.390200
vn 0.525500 0.504700 0.684900
vn 0.525500 -0.504700 0.684900
vn 0.299400 -0.870700 0.390200
vn -0.006600 -0.999900 -0.008500
vn -0.309200 -0.861400 -0.403000
vn -0.528800 -0.495400 -0.689200
vn -0.614200 0.495400 -0.614200
vn -0.359200 0.861400 -0.359200
vn -0.007600 0.999900 -0.007600
vn 0.347800 0.870700 0.347800
vn 0.610400 0.504700 0.610400
vn 0.610400 -0.504700 0.610400
vn 0.347800 -0.870700 0.347800
vn -0.007600 -0.999900 -0.007600
vn -0.359200 -0.861400 -0.359200
vn -0.614200 -0.495400 -0.614200
vn -0.689200 0.495400 -0.528800
vn -0.403000 0.861400 -0.309200
vn -0.008600 0.999900 -0.006600
vn 0.390200 0.870700 0.299400
vn 0.684900 0.504700 0.525500
vn 0.684900 -0.504700 0.525500
vn 0.390200 -0.870700 0.299400
vn -0.008500 -0.999900 -0.006600
vn -0.403000 -0.861400 -0.309200
vn -0.689200 -0.495400 -0.528800
vn -0.752300 0.495400 -0.434300
vn -0.439900 0.861400 -0.254000
vn -0.009300 0.999900 -0.005400
vn 0.425900 0.870700 0.245900
vn 0.747600 0.504700 0.431600
vn 0.747600 -0.504700 0.431600
vn 0.425900 -0.870700 0.245900
vn -0.009300 -0.999900 -0.005400
vn -0.439900 -0.861400 -0.254000
vn -0.752300 -0.495400 -0.434300
vn -0.802500 0.495400 -0.332400
vn -0.469300 0.861400 -0.194400
vn -0.010000 0.999900 -0.004100
vn 0.454400 0.870700 0.188200
vn 0.797600 0.504700 0.330400
vn 0.797600 -0.504700 0.330400
vn 0.454400 -0.870700 0.188200
vn -0.010000 -0.999900 -0.004100
vn -0.469300 -0.861400 -0.194400
vn -0.802500 -0.495400 -0.332400
vn -0.839100 0.495400 -0.224800
vn -0.490700 0.861400 -0.131500
vn -0.010400 0.999900 -0.002800
vn 0.475100 0.870700 0.127300
vn 0.833900 0.504700 0.223400
vn 0.833900 -0.504700 0.223400
vn 0.475100 -0.870700 0.127300
vn -0.010400 -0.999900 -0.002800
vn -0.490700 -0.861400 -0.131500
vn -0.839100 -0.495400 -0.224800
vn -0.861200 0.495400 -0.113400
vn -0.503600 0.861400 -0.066300
vn -0.010700 0.999900 -0.001400
vn 0.487600 0.870700 0.064200
vn 0.855900 0.504700 0.112700
vn 0.855900 -0.504700 0.112700
vn 0.487600 -0.870700 0.064200
vn -0.010700 -0.999900 -0.001400
vn -0.503600 -0.861400 -0.066300
vn -0.861200 -0.495400 -0.113400
vn -0.676600 -0.548300 -0.491600
vn 0.258400 -0.548300 -0.795400
vn 0.836300 -0.548300 0.000000
vn 0.258400 -0.548300 0.795400
vn -0.676600 -0.548300 0.491600
vn -0.258400 0.548300 -0.795400
vn 0.676600 0.548300 -0.491600
vn 0.676600 0.548300 0.491600
vn -0.258400 0.548300 0.795400
vn -0.836300 0.548300 0.000000
vn 0.128600 -0.909300 -0.395700
vn -0.336600 -0.909300 -0.244600
vn -0.241100 -0.625600 -0.741900
vn -0.780100 -0.625600 0.000000
vn -0.336600 -0.909300 0.244600
vn 0.416100 -0.909300 0.000000
vn 0.631100 -0.625600 -0.458500
vn 0.128600 -0.909300 0.395700
vn 0.631100 -0.625600 0.458500
vn -0.241100 -0.625600 0.741900
vn -0.631100 0.625600 -0.458500
vn 0.241100 0.625600 -0.741900
vn 0.780100 0.625600 0.000000
vn 0.241100 0.625600 0.741900
vn -0.631100 0.625600 0.458500
vn -0.128600 0.909300 -0.395700
vn -0.416100 0.909300 0.000000
vn 0.336600 0.909300 -0.244600
vn 0.336600 0.909300 0.244600
vn -0.128600 0.909300 0.395700
vt 0.661445 0.546714
vt 0.635603 0.585330
vt 0.619245 0.530636
vt 0.361387 0.227422
vt 0.367971 0.275899
vt 0.331197 0.235809
vt 0.661430 0.496833
vt 0.703860 0.530636
vt 0.687898 0.585330
vt 0.341878 0.182022
vt 0.560601 0.275905
vt 0.513255 0.274118
vt 0.553067 0.229712
vt 0.445972 0.645286
vt 0.401765 0.656291
vt 0.425861 0.607030
vt 0.180186 0.292423
vt 0.138328 0.312896
vt 0.141893 0.261641
vt 0.085377 0.607347
vt 0.046959 0.622128
vt 0.056405 0.567173
vt 0.385254 0.188871
vt 0.600201 0.244891
vt 0.475222 0.605709
vt 0.197830 0.248027
vt 0.107642 0.564469
vt 0.503171 0.069276
vt 0.461313 0.048804
vt 0.515049 0.030741
vt 0.349313 0.460224
vt 0.310896 0.445443
vt 0.356295 0.414182
vt 0.038402 0.134278
vt 0.008212 0.125891
vt 0.044986 0.085800
vt 0.237616 0.085795
vt 0.190270 0.087582
vt 0.212799 0.044960
vt 0.182036 0.422285
vt 0.137828 0.411281
vt 0.172297 0.382158
vt 0.779527 0.180472
vt 0.737341 0.146669
vt 0.779542 0.130591
vt 0.779925 0.237475
vt 0.733259 0.204231
vt 0.780739 0.287621
vt 0.733926 0.263191
vt 0.691618 0.166713
vt 0.687500 0.225989
vt 0.654182 0.186211
vt 0.739160 0.307393
vt 0.084801 0.408404
vt 0.120668 0.369912
vt 0.692887 0.278863
vt 0.035354 0.416687
vt 0.064281 0.372887
vt 0.239686 0.019157
vt 0.266534 0.063022
vt 0.753699 0.091975
vt 0.704836 0.106837
vt 0.155756 0.046185
vt 0.179928 0.008212
vt 0.725860 0.052222
vt 0.659077 0.128596
vt 0.094196 0.061167
vt 0.118989 0.014261
vt 0.677079 0.068404
vt 0.062834 0.036710
vt 0.132768 0.097434
vt 0.078395 0.114809
vt 0.805994 0.091975
vt 0.780390 0.046646
vt 0.703257 0.022129
vt 0.752634 0.008212
vt 0.835330 0.052222
vt 0.810185 0.008212
vt 0.407340 0.400685
vt 0.367183 0.369912
vt 0.504376 0.410218
vt 0.492520 0.447175
vt 0.461662 0.399231
vt 0.445691 0.444507
vt 0.393799 0.449817
vt 0.821957 0.146669
vt 0.855508 0.106837
vt 0.316103 0.395871
vt 0.868744 0.166713
vt 0.885304 0.068404
vt 0.902871 0.128596
vt 0.908030 0.186211
vt 0.272149 0.435351
vt 0.621224 0.049158
vt 0.604001 0.081630
vt 0.569353 0.032454
vt 0.551823 0.070832
vt 0.826380 0.204231
vt 0.873743 0.225989
vt 0.827048 0.263191
vt 0.469746 0.008212
vt 0.414536 0.035520
vt 0.870014 0.278863
vt 0.823776 0.307393
vt 0.217696 0.413419
vt 0.161925 0.460541
vt 0.135242 0.511522
vt 0.109253 0.456175
vt 0.079383 0.513362
vt 0.052865 0.459149
vt 0.027985 0.517181
vt 0.008212 0.468651
vt 0.277216 0.116809
vt 0.230082 0.131988
vt 0.216107 0.190390
vt 0.174776 0.141962
vt 0.157030 0.205814
vt 0.113216 0.156944
vt 0.099012 0.218888
vt 0.062269 0.172829
vt 0.018893 0.179678
vt 0.502506 0.553284
vt 0.478483 0.497089
vt 0.519661 0.499139
vt 0.454030 0.555731
vt 0.424161 0.498543
vt 0.399179 0.556050
vt 0.371579 0.503102
vt 0.320342 0.500399
vt 0.291922 0.550391
vt 0.276536 0.490755
vt 0.593447 0.187573
vt 0.637758 0.203084
vt 0.627571 0.140426
vt 0.575700 0.123721
vt 0.539092 0.171310
vt 0.520815 0.113672
vt 0.464878 0.100059
vt 0.421997 0.142812
vt 0.414531 0.084497
vt 0.370717 0.133367
vt 0.366795 0.076960
vt 0.374562 0.035107
vt 0.331197 0.128475
vt 0.238569 0.514288
vt 0.211285 0.461863
vt 0.251472 0.459982
vt 0.314773 0.158616
vt 0.270462 0.174127
vt 0.012599 0.576817
vt 0.304586 0.221274
vt 0.252715 0.237979
vt 0.008212 0.632221
vt 0.281016 0.280070
vt 0.228838 0.290868
vt 0.047732 0.228333
vt 0.091547 0.277203
vt 0.008212 0.233224
vt 0.043810 0.284740
vt 0.515408 0.607590
vt 0.091551 0.326180
vt 0.051577 0.326593
vt 0.481633 0.654153
vt 0.343320 0.554210
vt 0.373189 0.611397
vt 0.316801 0.608422
vt 0.272149 0.598921
vt 0.348738 0.659168
vt 0.299291 0.650885
vt 0.589519 0.298677
vt 0.480014 0.155886
vt 0.497761 0.219738
vt 0.436201 0.204756
vt 0.455753 0.264265
vt 0.401380 0.246890
vt 0.190093 0.511841
vt 0.255724 0.568433
vt 0.214546 0.570482
vt 0.160224 0.569028
vt 0.228583 0.620397
vt 0.181754 0.623065
vt 0.129862 0.617754
vt 0.092358 0.653389
vt 0.103246 0.697660
vt 0.052167 0.671700
vt 0.737412 0.570468
vt 0.717234 0.625083
vt 0.767208 0.608901
vt 0.784775 0.548709
vt 0.298239 0.312542
vt 0.246368 0.329246
vt 0.750648 0.510592
vt 0.789934 0.491094
vt 0.192064 0.330959
vt 0.755646 0.451316
vt 0.708284 0.473074
vt 0.146761 0.353488
vt 0.708951 0.414114
vt 0.751918 0.398442
vt 0.705679 0.369912
vt 0.661829 0.439831
vt 0.662643 0.389684
vt 0.436234 0.685413
vt 0.615830 0.414114
vt 0.615162 0.473074
vt 0.621064 0.369912
vt 0.384605 0.697659
vt 0.569403 0.451316
vt 0.574790 0.398443
vt 0.328218 0.694685
vt 0.573521 0.510592
vt 0.536086 0.491094
vt 0.562671 0.342543
vt 0.535784 0.316740
vt 0.143403 0.666887
vt 0.197725 0.668341
vt 0.634537 0.669093
vt 0.662293 0.630660
vt 0.692089 0.669093
vt 0.240440 0.657353
vt 0.585161 0.655177
vt 0.607764 0.625083
vt 0.502913 0.353488
vt 0.478741 0.315515
vt 0.586739 0.570468
vt 0.540980 0.548709
vt 0.441974 0.347439
vt 0.417181 0.300532
vt 0.558983 0.608901
vt 0.385819 0.324990
vt 0.478923 0.813718
vt 0.464257 0.857218
vt 0.454441 0.795232
vt 0.454441 0.884881
vt 0.480275 0.898951
vt 0.478783 0.756827
vt 0.503643 0.795078
vt 0.494665 0.857123
vt 0.164194 0.740602
vt 0.156325 0.721050
vt 0.192530 0.714084
vt 0.164194 0.847826
vt 0.159835 0.791721
vt 0.194700 0.820787
vt 0.362385 0.938823
vt 0.333547 0.928174
vt 0.364183 0.908322
vt 0.095603 0.813269
vt 0.099488 0.860171
vt 0.066793 0.845560
vt 0.091911 0.714084
vt 0.099488 0.758194
vt 0.064624 0.724235
vt 0.194700 0.757761
vt 0.192530 0.879087
vt 0.390222 0.920420
vt 0.066793 0.782535
vt 0.914785 0.953464
vt 0.885946 0.936636
vt 0.916582 0.917310
vt 0.223509 0.790052
vt 0.227395 0.743150
vt 0.247601 0.797146
vt 0.937680 0.699750
vt 0.951166 0.747658
vt 0.926170 0.727346
vt 0.885946 0.699588
vt 0.911780 0.685518
vt 0.895762 0.727250
vt 0.036288 0.755495
vt 0.031929 0.811601
vt 0.008212 0.771265
vt 0.910659 0.870385
vt 0.886082 0.847800
vt 0.910288 0.827642
vt 0.885946 0.789236
vt 0.910428 0.770751
vt 0.028418 0.717270
vt 0.008212 0.834290
vt 0.036288 0.862720
vt 0.935148 0.789391
vt 0.227395 0.845128
vt 0.935284 0.847954
vt 0.885946 0.897458
vt 0.914785 0.886809
vt 0.064624 0.889238
vt 0.028418 0.882272
vt 0.390222 0.881242
vt 0.362386 0.872169
vt 0.219818 0.889238
vt 0.219818 0.715744
vt 0.091911 0.887578
vt 0.333547 0.888996
vt 0.156325 0.886052
vt 0.942621 0.905212
vt 0.942621 0.944391
vt 0.519661 0.836811
vt 0.506175 0.884718
vt 0.119694 0.806176
vt 0.503779 0.736514
vt 0.479155 0.714084
vt 0.454577 0.736669
vt 0.136119 0.832057
vt 0.136119 0.769032
vt 0.329284 0.785665
vt 0.290147 0.800527
vt 0.302384 0.751775
vt 0.264025 0.809477
vt 0.294555 0.841718
vt 0.352713 0.748840
vt 0.371581 0.795778
vt 0.332912 0.827722
vt 0.759833 0.861356
vt 0.759530 0.898576
vt 0.736836 0.871246
vt 0.967715 0.032191
vt 0.970022 0.075870
vt 0.945506 0.050879
vt 0.929025 0.239841
vt 0.924455 0.195652
vt 0.946961 0.216934
vt 0.914452 0.592930
vt 0.912900 0.552987
vt 0.933951 0.567220
vt 0.754196 0.942575
vt 0.759833 0.977231
vt 0.733710 0.967597
vt 0.967715 0.118295
vt 0.948970 0.140713
vt 0.945506 0.101490
vt 0.948970 0.008212
vt 0.950275 0.264673
vt 0.933952 0.617831
vt 0.733522 0.918985
vt 0.944903 0.424258
vt 0.938123 0.467569
vt 0.913913 0.429878
vt 0.879116 0.369912
vt 0.918322 0.388686
vt 0.875245 0.397934
vt 0.806358 0.416180
vt 0.836887 0.383938
vt 0.832479 0.425129
vt 0.827177 0.499121
vt 0.806358 0.459885
vt 0.844716 0.473881
vt 0.912803 0.504115
vt 0.868925 0.511572
vt 0.895046 0.476816
vt 0.871617 0.439991
vt 0.711016 0.940267
vt 0.715587 0.896078
vt 0.715905 0.978782
vt 0.958467 0.592840
vt 0.956160 0.636519
vt 0.956160 0.550415
vt 0.972969 0.237343
vt 0.973272 0.274563
vt 0.967635 0.193345
vt 0.947148 0.168322
vt 0.973272 0.158688
vt 0.924455 0.033833
vt 0.926006 0.075779
vt 0.924455 0.115723
vt 0.938625 0.496610
vt 0.937415 0.660498
vt 0.912900 0.634877
vt 0.937415 0.527997
vt 0.395790 0.758087
vt 0.370471 0.721541
vt 0.396293 0.729046
vt 0.929344 0.157138
vt 0.375989 0.836970
vt 0.336784 0.855744
vt 0.402571 0.801398
vt 0.326593 0.714084
vt 0.284845 0.726535
vt 0.264025 0.765771
vt 0.976340 0.460839
vt 0.976583 0.450195
vt 0.983697 0.449725
vt 0.983460 0.460120
vt 0.712411 0.778162
vt 0.711016 0.767465
vt 0.717101 0.766870
vt 0.718405 0.776866
vt 0.724670 0.766339
vt 0.725849 0.775377
vt 0.731695 0.766012
vt 0.732749 0.774094
vt 0.136359 0.968682
vt 0.136179 0.960827
vt 0.142154 0.959764
vt 0.142318 0.966938
vt 0.149710 0.959422
vt 0.149869 0.966346
vt 0.156825 0.959891
vt 0.156989 0.967065
vt 0.672950 0.778467
vt 0.673913 0.771086
vt 0.679998 0.771681
vt 0.678944 0.779763
vt 0.687567 0.772213
vt 0.686388 0.781252
vt 0.694591 0.772539
vt 0.693287 0.782535
vt 0.962830 0.458503
vt 0.963052 0.448789
vt 0.969027 0.449852
vt 0.968789 0.460247
vt 0.976665 0.439253
vt 0.983777 0.439040
vt 0.711016 0.756687
vt 0.717101 0.756798
vt 0.724670 0.757231
vt 0.731695 0.757869
vt 0.136119 0.952754
vt 0.142099 0.952391
vt 0.149657 0.952305
vt 0.156770 0.952518
vt 0.673913 0.763649
vt 0.679998 0.763538
vt 0.687567 0.763105
vt 0.694591 0.762467
vt 0.963126 0.438804
vt 0.969106 0.439167
vt 0.976583 0.428203
vt 0.983697 0.428248
vt 0.712411 0.746011
vt 0.718405 0.746822
vt 0.725849 0.748209
vt 0.732749 0.749803
vt 0.136179 0.944600
vt 0.142154 0.944944
vt 0.149711 0.945116
vt 0.156825 0.945071
vt 0.672950 0.756282
vt 0.678944 0.755472
vt 0.686388 0.754084
vt 0.693287 0.752491
vt 0.963052 0.428719
vt 0.969027 0.428375
vt 0.976340 0.417231
vt 0.983460 0.417533
vt 0.715178 0.735621
vt 0.720991 0.737112
vt 0.728187 0.739429
vt 0.734839 0.741952
vt 0.136359 0.936505
vt 0.142318 0.937550
vt 0.149869 0.937980
vt 0.156989 0.937678
vt 0.671041 0.749112
vt 0.676853 0.747621
vt 0.684050 0.745304
vt 0.690702 0.742781
vt 0.962830 0.418706
vt 0.968789 0.417660
vt 0.975939 0.406527
vt 0.983068 0.407080
vt 0.719269 0.725693
vt 0.724814 0.727834
vt 0.731644 0.731040
vt 0.737930 0.734451
vt 0.136654 0.928607
vt 0.142588 0.930337
vt 0.150130 0.931017
vt 0.157259 0.930464
vt 0.668218 0.742261
vt 0.673762 0.740120
vt 0.680593 0.736914
vt 0.686879 0.733503
vt 0.962464 0.408937
vt 0.968397 0.407207
vt 0.975387 0.396273
vt 0.982529 0.397066
vt 0.724614 0.716398
vt 0.729809 0.719148
vt 0.736161 0.723185
vt 0.741969 0.727428
vt 0.137062 0.921041
vt 0.142960 0.923427
vt 0.150489 0.924347
vt 0.157631 0.923554
vt 0.664529 0.735847
vt 0.669724 0.733097
vt 0.676076 0.729060
vt 0.681884 0.724817
vt 0.961960 0.399579
vt 0.967859 0.397193
vt 0.974694 0.386645
vt 0.981853 0.387663
vt 0.731122 0.707894
vt 0.735890 0.711201
vt 0.741660 0.715999
vt 0.746886 0.721003
vt 0.137573 0.913937
vt 0.143427 0.916939
vt 0.150939 0.918084
vt 0.158098 0.917066
vt 0.660038 0.729979
vt 0.664807 0.726672
vt 0.670577 0.721874
vt 0.675802 0.716870
vt 0.961328 0.390793
vt 0.967182 0.387791
vt 0.973872 0.377808
vt 0.981049 0.379033
vt 0.738681 0.700328
vt 0.742955 0.704130
vt 0.748048 0.709606
vt 0.752597 0.715287
vt 0.755383 0.719651
vt 0.750167 0.724872
vt 0.143981 0.910983
vt 0.151474 0.912335
vt 0.158652 0.911110
vt 0.654822 0.724758
vt 0.659095 0.720956
vt 0.664189 0.715480
vt 0.668738 0.709799
vt 0.671524 0.705435
vt 0.679083 0.713001
vt 0.966379 0.379160
vt 0.978562 0.804988
vt 0.977589 0.796648
vt 0.985085 0.795333
vt 0.986035 0.803478
vt 0.747163 0.693829
vt 0.750880 0.698057
vt 0.755215 0.704113
vt 0.759005 0.710376
vt 0.761236 0.715166
vt 0.144613 0.905662
vt 0.152084 0.907199
vt 0.181645 0.988524
vt 0.182236 0.983095
vt 0.189741 0.984352
vt 0.189129 0.989977
vt 0.648969 0.720273
vt 0.652687 0.716045
vt 0.657022 0.709988
vt 0.660812 0.703726
vt 0.663043 0.698936
vt 0.965463 0.371449
vt 0.972934 0.369912
vt 0.976736 0.787433
vt 0.984251 0.786334
vt 0.756421 0.688507
vt 0.759532 0.693084
vt 0.763038 0.699617
vt 0.766000 0.706355
vt 0.767624 0.711494
vt 0.175076 0.984229
vt 0.175604 0.978015
vt 0.182745 0.977096
vt 0.190269 0.978137
vt 0.642581 0.716601
vt 0.645692 0.712024
vt 0.649199 0.705491
vt 0.652161 0.698753
vt 0.653784 0.693614
vt 0.970421 0.795568
vt 0.969588 0.786569
vt 0.976016 0.777501
vt 0.983549 0.776634
vt 0.989464 0.774502
vt 0.990121 0.783567
vt 0.768762 0.689296
vt 0.771384 0.696192
vt 0.773463 0.703293
vt 0.774440 0.708697
vt 0.176037 0.971318
vt 0.183163 0.970632
vt 0.190702 0.971441
vt 0.196634 0.973527
vt 0.196159 0.980860
vt 0.638230 0.708962
vt 0.640853 0.702067
vt 0.642931 0.694966
vt 0.643908 0.689561
vt 0.968885 0.776869
vt 0.975444 0.767021
vt 0.982990 0.766400
vt 0.988942 0.764939
vt 0.778411 0.686760
vt 0.780110 0.693898
vt 0.781265 0.701242
vt 0.781565 0.706824
vt 0.176369 0.964254
vt 0.183483 0.963813
vt 0.191034 0.964376
vt 0.196997 0.965792
vt 0.630428 0.706911
vt 0.632127 0.699773
vt 0.633281 0.692429
vt 0.633582 0.686847
vt 0.968326 0.766635
vt 0.975028 0.756174
vt 0.982583 0.755807
vt 0.988562 0.755039
vt 0.788316 0.685518
vt 0.789067 0.692775
vt 0.789273 0.700238
vt 0.788879 0.705907
vt 0.176593 0.956942
vt 0.183700 0.956755
vt 0.191258 0.957064
vt 0.197242 0.957786
vt 0.622420 0.705907
vt 0.623170 0.698650
vt 0.623376 0.691187
vt 0.622983 0.685518
vt 0.967920 0.756042
vt 0.974775 0.745144
vt 0.982337 0.745035
vt 0.988332 0.744973
vt 0.798306 0.685590
vt 0.798100 0.692841
vt 0.797350 0.700297
vt 0.796256 0.705961
vt 0.176706 0.949507
vt 0.183809 0.949579
vt 0.191371 0.949630
vt 0.197366 0.949646
vt 0.614343 0.705966
vt 0.614137 0.698715
vt 0.613386 0.691259
vt 0.612292 0.685596
vt 0.967673 0.745270
vt 0.974690 0.734121
vt 0.982254 0.734270
vt 0.988254 0.734913
vt 0.808211 0.686977
vt 0.807057 0.694095
vt 0.805358 0.701418
vt 0.803570 0.706985
vt 0.176706 0.942079
vt 0.183809 0.942408
vt 0.191371 0.942201
vt 0.197366 0.941512
vt 0.606335 0.707087
vt 0.605180 0.699970
vt 0.603482 0.692646
vt 0.601694 0.687080
vt 0.967590 0.734505
vt 0.974775 0.723292
vt 0.982337 0.723695
vt 0.988332 0.725030
vt 0.817861 0.689655
vt 0.815782 0.696516
vt 0.813160 0.703583
vt 0.810695 0.708962
vt 0.176593 0.934782
vt 0.183700 0.935365
vt 0.191258 0.934904
vt 0.197242 0.933523
vt 0.598533 0.709252
vt 0.596454 0.702390
vt 0.593832 0.695324
vt 0.591367 0.689945
vt 0.967673 0.723930
vt 0.975028 0.712844
vt 0.982583 0.713491
vt 0.988562 0.715495
vt 0.827090 0.693576
vt 0.824129 0.700062
vt 0.820622 0.706753
vt 0.817511 0.711858
vt 0.176369 0.927742
vt 0.183483 0.928570
vt 0.191034 0.927865
vt 0.196997 0.925815
vt 0.591070 0.712422
vt 0.588108 0.705937
vt 0.584602 0.699245
vt 0.581491 0.694141
vt 0.967920 0.713726
vt 0.975444 0.702955
vt 0.982990 0.703834
vt 0.988942 0.706470
vt 0.835742 0.698676
vt 0.831952 0.704673
vt 0.827617 0.710876
vt 0.823899 0.715623
vt 0.176037 0.921080
vt 0.183163 0.922140
vt 0.190702 0.921203
vt 0.196634 0.918521
vt 0.584075 0.716545
vt 0.580285 0.710548
vt 0.575950 0.704345
vt 0.572233 0.699598
vt 0.968326 0.704068
vt 0.976016 0.693794
vt 0.983549 0.694887
vt 0.989464 0.698110
vt 0.843668 0.704865
vt 0.839119 0.710270
vt 0.834025 0.715880
vt 0.829752 0.720193
vt 0.175604 0.914910
vt 0.182745 0.916184
vt 0.190269 0.915032
vt 0.196159 0.911764
vt 0.577667 0.721549
vt 0.573118 0.716144
vt 0.568025 0.710534
vt 0.563751 0.706221
vt 0.968885 0.695122
vt 0.976736 0.685518
vt 0.984251 0.686805
vt 0.990121 0.690557
vt 0.850732 0.712039
vt 0.845506 0.716757
vt 0.839737 0.721680
vt 0.834968 0.725490
vt 0.175076 0.909337
vt 0.182236 0.910804
vt 0.189741 0.909459
vt 0.195582 0.905662
vt 0.571956 0.727349
vt 0.566730 0.722631
vt 0.560960 0.717708
vt 0.556192 0.713897
vt 0.969588 0.687040
vt 0.858323 0.861356
vt 0.859146 0.869088
vt 0.851633 0.870345
vt 0.850830 0.862793
vt 0.854013 0.708790
vt 0.860521 0.717389
vt 0.856814 0.720074
vt 0.851006 0.724022
vt 0.844654 0.728177
vt 0.839459 0.731424
vt 0.429180 0.872169
vt 0.428625 0.877379
vt 0.421467 0.878763
vt 0.422002 0.873733
vt 0.413954 0.877507
vt 0.414509 0.872296
vt 0.575237 0.730597
vt 0.570746 0.736531
vt 0.567039 0.733846
vt 0.561231 0.729897
vt 0.554879 0.725743
vt 0.549684 0.722496
vt 0.865501 0.862920
vt 0.866304 0.870472
vt 0.859839 0.877785
vt 0.852310 0.878838
vt 0.846412 0.881841
vt 0.845779 0.873904
vt 0.861809 0.728833
vt 0.855523 0.731943
vt 0.848692 0.735259
vt 0.843148 0.737892
vt 0.428158 0.883240
vt 0.421016 0.884420
vt 0.413487 0.883367
vt 0.407589 0.880365
vt 0.408100 0.873948
vt 0.563000 0.740928
vt 0.556714 0.737818
vt 0.549884 0.734502
vt 0.544339 0.731869
vt 0.866981 0.878965
vt 0.860390 0.887298
vt 0.852849 0.888128
vt 0.846915 0.890522
vt 0.865632 0.738166
vt 0.858980 0.740383
vt 0.851783 0.742805
vt 0.845971 0.744784
vt 0.427786 0.889651
vt 0.420657 0.890608
vt 0.413116 0.889778
vt 0.407182 0.887384
vt 0.559909 0.748474
vt 0.553257 0.746257
vt 0.546061 0.743835
vt 0.540248 0.741856
vt 0.867520 0.888255
vt 0.860791 0.897463
vt 0.853240 0.898055
vt 0.847281 0.899799
vt 0.868217 0.747914
vt 0.861318 0.749197
vt 0.853874 0.750686
vt 0.847880 0.751982
vt 0.427516 0.896501
vt 0.420396 0.897220
vt 0.412845 0.896628
vt 0.406886 0.894884
vt 0.557819 0.756355
vt 0.550919 0.755072
vt 0.543475 0.753583
vt 0.537481 0.752288
vt 0.867911 0.898182
vt 0.861035 0.908108
vt 0.853478 0.908450
vt 0.847503 0.909513
vt 0.869521 0.757910
vt 0.862497 0.758236
vt 0.854928 0.758768
vt 0.848843 0.759363
vt 0.427352 0.903674
vt 0.420238 0.904144
vt 0.412681 0.903802
vt 0.406707 0.902739
vt 0.556764 0.764437
vt 0.549740 0.764111
vt 0.542171 0.763579
vt 0.536086 0.762984
vt 0.868149 0.908577
vt 0.861116 0.919049
vt 0.853558 0.919135
vt 0.847578 0.919498
vt 0.869521 0.767982
vt 0.862497 0.767344
vt 0.854928 0.766911
vt 0.848843 0.766800
vt 0.427297 0.911048
vt 0.420185 0.911261
vt 0.412626 0.911175
vt 0.406646 0.910812
vt 0.556764 0.772580
vt 0.549740 0.773218
vt 0.542171 0.773651
vt 0.536086 0.773762
vt 0.868228 0.919262
vt 0.861035 0.930100
vt 0.853478 0.929927
vt 0.847503 0.929584
vt 0.868217 0.777958
vt 0.861318 0.776365
vt 0.853874 0.774977
vt 0.847880 0.774167
vt 0.427352 0.918495
vt 0.420238 0.918450
vt 0.412681 0.918622
vt 0.406707 0.918966
vt 0.557819 0.780646
vt 0.550919 0.782240
vt 0.543475 0.783627
vt 0.537481 0.784438
vt 0.868149 0.930054
vt 0.860791 0.941071
vt 0.853240 0.940642
vt 0.847281 0.939596
vt 0.865632 0.787669
vt 0.858980 0.785145
vt 0.851783 0.782828
vt 0.845971 0.781337
vt 0.427516 0.925888
vt 0.420396 0.925586
vt 0.412845 0.926016
vt 0.406886 0.927061
vt 0.559909 0.788497
vt 0.553257 0.791020
vt 0.546061 0.793338
vt 0.540248 0.794828
vt 0.867911 0.940769
vt 0.860390 0.951775
vt 0.852849 0.951095
vt 0.846915 0.949365
vt 0.861809 0.796946
vt 0.855523 0.793535
vt 0.848692 0.790329
vt 0.843148 0.788188
vt 0.427786 0.933102
vt 0.420657 0.932549
vt 0.413116 0.933229
vt 0.407182 0.934959
vt 0.563000 0.795998
vt 0.556714 0.799409
vt 0.549884 0.802615
vt 0.544339 0.804756
vt 0.867520 0.951222
vt 0.859839 0.962029
vt 0.852310 0.961109
vt 0.846412 0.958723
vt 0.856814 0.805633
vt 0.851006 0.801389
vt 0.844654 0.797352
vt 0.839459 0.794602
vt 0.428158 0.940012
vt 0.421016 0.939219
vt 0.413487 0.940139
vt 0.407589 0.942525
vt 0.567039 0.803021
vt 0.561231 0.807264
vt 0.554879 0.811302
vt 0.549684 0.814051
vt 0.866981 0.961236
vt 0.859146 0.971657
vt 0.851633 0.970511
vt 0.845779 0.967510
vt 0.850732 0.813579
vt 0.845507 0.808575
vt 0.839737 0.803777
vt 0.834968 0.800470
vt 0.428625 0.946500
vt 0.421467 0.945482
vt 0.413954 0.946627
vt 0.408100 0.949629
vt 0.571956 0.809446
vt 0.566730 0.814450
vt 0.560960 0.819248
vt 0.556192 0.822555
vt 0.866304 0.970639
vt 0.858323 0.980494
vt 0.850830 0.979142
vt 0.854013 0.817448
vt 0.846454 0.825014
vt 0.843668 0.820650
vt 0.839119 0.814969
vt 0.834025 0.809494
vt 0.829752 0.805691
vt 0.429180 0.952456
vt 0.422002 0.951231
vt 0.414509 0.952583
vt 0.575237 0.805577
vt 0.580453 0.810798
vt 0.577667 0.815163
vt 0.573118 0.820843
vt 0.568025 0.826319
vt 0.563751 0.830121
vt 0.865501 0.979269
vt 0.857385 0.988390
vt 0.849914 0.986853
vt 0.837973 0.831513
vt 0.835742 0.826723
vt 0.831952 0.820461
vt 0.827617 0.814404
vt 0.823900 0.810176
vt 0.111457 0.905662
vt 0.112070 0.911287
vt 0.104564 0.912544
vt 0.103973 0.907115
vt 0.422612 0.956367
vt 0.415141 0.957904
vt 0.586306 0.815283
vt 0.584075 0.820073
vt 0.580285 0.826336
vt 0.575950 0.832392
vt 0.572233 0.836621
vt 0.986035 0.822922
vt 0.985085 0.831067
vt 0.977589 0.829753
vt 0.978562 0.821413
vt 0.976736 0.838968
vt 0.969588 0.839832
vt 0.970421 0.830832
vt 0.828714 0.836835
vt 0.827091 0.831696
vt 0.824129 0.824958
vt 0.820622 0.818425
vt 0.817511 0.813848
vt 0.112597 0.917502
vt 0.105073 0.918543
vt 0.097932 0.917624
vt 0.097405 0.911410
vt 0.592694 0.818955
vt 0.591070 0.824094
vt 0.588108 0.830833
vt 0.584602 0.837365
vt 0.581491 0.841942
vt 0.984251 0.840066
vt 0.976016 0.848900
vt 0.968885 0.849531
vt 0.818838 0.840888
vt 0.817861 0.835484
vt 0.815783 0.828382
vt 0.813160 0.821487
vt 0.118488 0.914779
vt 0.118962 0.922112
vt 0.113030 0.924198
vt 0.105491 0.925007
vt 0.098365 0.924321
vt 0.599510 0.821752
vt 0.598533 0.827156
vt 0.596454 0.834257
vt 0.593832 0.841153
vt 0.990121 0.842834
vt 0.989464 0.851898
vt 0.983549 0.849766
vt 0.975444 0.859379
vt 0.968326 0.859765
vt 0.808512 0.843602
vt 0.808211 0.838020
vt 0.807057 0.830676
vt 0.805358 0.823538
vt 0.119325 0.929847
vt 0.113362 0.931263
vt 0.105811 0.931826
vt 0.098697 0.931385
vt 0.606635 0.823625
vt 0.606335 0.829207
vt 0.605180 0.836551
vt 0.603481 0.843689
vt 0.988942 0.861462
vt 0.982990 0.860000
vt 0.975028 0.870227
vt 0.967920 0.870359
vt 0.797913 0.844931
vt 0.798306 0.839262
vt 0.798100 0.831800
vt 0.797350 0.824542
vt 0.119571 0.937853
vt 0.113586 0.938575
vt 0.106028 0.938884
vt 0.098921 0.938697
vt 0.613949 0.824542
vt 0.614343 0.830211
vt 0.614137 0.837674
vt 0.613386 0.844932
vt 0.988562 0.871361
vt 0.982583 0.870594
vt 0.974775 0.881256
vt 0.967673 0.881130
vt 0.787223 0.844854
vt 0.788316 0.839190
vt 0.789067 0.831734
vt 0.789273 0.824483
vt 0.119694 0.945993
vt 0.113699 0.946009
vt 0.106137 0.946060
vt 0.099034 0.946132
vt 0.621326 0.824489
vt 0.622420 0.830152
vt 0.623170 0.837608
vt 0.623376 0.844859
vt 0.988331 0.881427
vt 0.982337 0.881365
vt 0.974690 0.892280
vt 0.967590 0.891896
vt 0.776624 0.843369
vt 0.778412 0.837803
vt 0.780110 0.830480
vt 0.781265 0.823362
vt 0.119694 0.954127
vt 0.113699 0.953438
vt 0.106137 0.953231
vt 0.099034 0.953560
vt 0.628640 0.823464
vt 0.630428 0.829031
vt 0.632127 0.836354
vt 0.633281 0.843472
vt 0.988254 0.891488
vt 0.982254 0.892131
vt 0.974775 0.903108
vt 0.967673 0.902471
vt 0.766297 0.840505
vt 0.768762 0.835126
vt 0.771384 0.828059
vt 0.773463 0.821197
vt 0.119571 0.962116
vt 0.113586 0.960735
vt 0.106028 0.960274
vt 0.098921 0.960857
vt 0.635765 0.821487
vt 0.638230 0.826866
vt 0.640852 0.833933
vt 0.642931 0.840795
vt 0.988331 0.901370
vt 0.982337 0.902706
vt 0.975028 0.913557
vt 0.967920 0.912674
vt 0.756421 0.836308
vt 0.759532 0.831204
vt 0.763039 0.824512
vt 0.766000 0.818027
vt 0.119325 0.969824
vt 0.113362 0.967774
vt 0.105811 0.967069
vt 0.098697 0.967897
vt 0.642581 0.818592
vt 0.645692 0.823696
vt 0.649198 0.830387
vt 0.652160 0.836873
vt 0.988562 0.910905
vt 0.982583 0.912909
vt 0.975444 0.923446
vt 0.968326 0.922332
vt 0.747163 0.830851
vt 0.750880 0.826105
vt 0.755215 0.819901
vt 0.759005 0.813904
vt 0.118962 0.977118
vt 0.113030 0.974436
vt 0.105491 0.973499
vt 0.098365 0.974559
vt 0.648969 0.814826
vt 0.652687 0.819573
vt 0.657022 0.825776
vt 0.660812 0.831774
vt 0.988942 0.919930
vt 0.982990 0.922567
vt 0.976016 0.932607
vt 0.968885 0.931279
vt 0.738681 0.824228
vt 0.742955 0.819915
vt 0.748048 0.814305
vt 0.752597 0.808900
vt 0.118488 0.983875
vt 0.112597 0.980607
vt 0.105073 0.979455
vt 0.097932 0.980729
vt 0.654822 0.810256
vt 0.659095 0.814569
vt 0.664189 0.820179
vt 0.668738 0.825584
vt 0.989464 0.928291
vt 0.983549 0.931513
vt 0.976736 0.940883
vt 0.969588 0.939361
vt 0.731122 0.816552
vt 0.735891 0.812742
vt 0.741660 0.807818
vt 0.746886 0.803100
vt 0.117910 0.989977
vt 0.112070 0.986180
vt 0.104564 0.984835
vt 0.097405 0.986302
vt 0.660038 0.804959
vt 0.664806 0.808769
vt 0.670576 0.813693
vt 0.675802 0.818411
vt 0.990121 0.935844
vt 0.984251 0.939596
vt 0.973872 0.496946
vt 0.974694 0.489214
vt 0.981853 0.487830
vt 0.981049 0.495382
vt 0.724614 0.807953
vt 0.729809 0.804706
vt 0.736161 0.800552
vt 0.741969 0.796603
vt 0.745676 0.793918
vt 0.750167 0.799852
vt 0.143981 0.991270
vt 0.143427 0.986059
vt 0.150939 0.984803
vt 0.151474 0.989833
vt 0.158098 0.986186
vt 0.158652 0.991397
vt 0.664529 0.799025
vt 0.669724 0.802272
vt 0.676076 0.806427
vt 0.681884 0.810375
vt 0.685591 0.813060
vt 0.679083 0.821659
vt 0.966379 0.495509
vt 0.967182 0.487958
vt 0.975387 0.480517
vt 0.982529 0.479337
vt 0.719269 0.798580
vt 0.724814 0.795947
vt 0.731644 0.792631
vt 0.737930 0.789521
vt 0.137573 0.989618
vt 0.137062 0.983201
vt 0.142960 0.980198
vt 0.150489 0.979146
vt 0.157631 0.980326
vt 0.668217 0.792557
vt 0.673762 0.795190
vt 0.680593 0.798506
vt 0.686879 0.801616
vt 0.961328 0.484399
vt 0.961960 0.476462
vt 0.967858 0.479464
vt 0.975939 0.471004
vt 0.983068 0.470047
vt 0.715178 0.788593
vt 0.720991 0.786614
vt 0.728187 0.784192
vt 0.734839 0.781975
vt 0.136654 0.976182
vt 0.142588 0.973788
vt 0.150130 0.972958
vt 0.157259 0.973915
vt 0.671041 0.785665
vt 0.676853 0.787644
vt 0.684050 0.790066
vt 0.690702 0.792283
vt 0.962464 0.467780
vt 0.968397 0.470174
vt 0.851756 0.575013
vt 0.853697 0.601999
vt 0.825575 0.585368
vt 0.854202 0.619526
vt 0.879982 0.606534
vt 0.833042 0.553460
vt 0.865779 0.550372
vt 0.878544 0.580370
vt 0.816804 0.861356
vt 0.816711 0.885571
vt 0.798171 0.867281
vt 0.692468 0.876967
vt 0.694591 0.905362
vt 0.674480 0.889090
vt 0.268235 0.925918
vt 0.264025 0.897297
vt 0.283121 0.910600
vt 0.009845 0.947893
vt 0.008212 0.921934
vt 0.026072 0.931157
vt 0.812008 0.914057
vt 0.815811 0.936689
vt 0.794797 0.929851
vt 0.692468 0.932934
vt 0.676731 0.947482
vt 0.674480 0.921987
vt 0.676731 0.861356
vt 0.285939 0.941577
vt 0.026072 0.964054
vt 0.795353 0.898258
vt 0.604486 0.949190
vt 0.576290 0.952886
vt 0.595507 0.930511
vt 0.626203 0.898153
vt 0.621793 0.925975
vt 0.608272 0.900512
vt 0.583930 0.861356
vt 0.609710 0.874348
vt 0.583425 0.878883
vt 0.536086 0.889650
vt 0.556741 0.869350
vt 0.555303 0.895514
vt 0.548790 0.943936
vt 0.536086 0.917889
vt 0.562770 0.927422
vt 0.581484 0.905869
vt 0.304479 0.923287
vt 0.299776 0.894801
vt 0.317123 0.899535
vt 0.776257 0.911561
vt 0.780467 0.882940
vt 0.779521 0.936689
vt 0.046184 0.947782
vt 0.044060 0.976177
vt 0.044060 0.920210
vt 0.304571 0.947502
vt 0.282565 0.879007
vt 0.303579 0.872169
vt 0.656620 0.877981
vt 0.658252 0.905250
vt 0.656620 0.931210
vt 0.780818 0.861438
vt 0.028324 0.991788
vt 0.008212 0.975163
vt 0.028324 0.905662
vt 0.268586 0.947420
vt 0.267289 0.872169
vt 0.892065 0.554907
vt 0.896475 0.582729
vt 0.874758 0.531692
vt 0.846562 0.527997
vt 0.819062 0.536947
vt 0.806358 0.562993
vt 0.806358 0.591232
vt 0.829355 0.909323
vt 0.827013 0.611532
s 1
usemtl prop_karung_mat
f 1/1/1 16/2/16 15/3/15
f 2/4/2 18/5/18 24/6/24
f 1/1/1 15/3/15 30/7/30
f 1/1/1 30/7/30 36/8/36
f 1/1/1 36/8/36 25/9/25
f 2/4/2 24/6/24 45/10/45
f 3/11/3 21/12/21 51/13/51
f 4/14/4 33/15/33 57/16/57
f 5/17/5 39/18/39 63/19/63
f 6/20/6 42/21/42 69/22/69
f 2/4/2 45/10/45 52/23/52
f 3/11/3 51/13/51 58/24/58
f 4/14/4 57/16/57 64/25/64
f 5/17/5 63/19/63 70/26/70
f 6/20/6 69/22/69 46/27/46
f 7/28/7 75/29/75 90/30/90
f 8/31/8 78/32/78 96/33/96
f 9/34/9 81/35/81 99/36/99
f 10/37/10 84/38/84 102/39/102
f 11/40/11 87/41/87 91/42/91
f 93/43/93 100/44/100 12/45/12
f 92/46/92 103/47/103 93/43/93
f 91/48/91 104/49/104 92/46/92
f 93/43/93 103/47/103 100/44/100
f 103/47/103 101/50/101 100/44/100
f 92/46/92 104/49/104 103/47/103
f 104/49/104 105/51/105 103/47/103
f 103/47/103 105/51/105 101/50/101
f 105/51/105 102/52/102 101/50/101
f 91/48/91 87/53/87 104/49/104
f 87/41/87 86/54/86 104/55/104
f 104/49/104 86/56/86 105/51/105
f 86/54/86 85/57/85 105/58/105
f 105/59/105 85/60/85 102/39/102
f 85/60/85 10/37/10 102/39/102
f 100/44/100 97/61/97 12/45/12
f 101/50/101 106/62/106 100/44/100
f 102/39/102 107/63/107 101/64/101
f 100/44/100 106/62/106 97/61/97
f 106/62/106 98/65/98 97/61/97
f 101/50/101 107/66/107 106/62/106
f 107/63/107 108/67/108 106/68/106
f 106/62/106 108/69/108 98/65/98
f 108/67/108 99/36/99 98/70/98
f 102/39/102 84/38/84 107/63/107
f 84/38/84 83/71/83 107/63/107
f 107/63/107 83/71/83 108/67/108
f 83/71/83 82/72/82 108/67/108
f 108/67/108 82/72/82 99/36/99
f 82/72/82 9/34/9 99/36/99
f 97/61/97 94/73/94 12/45/12
f 98/65/98 109/74/109 97/61/97
f 99/75/99 110/76/110 98/65/98
f 97/61/97 109/74/109 94/73/94
f 109/74/109 95/77/95 94/73/94
f 98/65/98 110/76/110 109/74/109
f 110/76/110 111/78/111 109/74/109
f 109/74/109 111/78/111 95/77/95
f 111/79/111 96/33/96 95/80/95
f 99/81/99 81/82/81 110/83/110
f 81/82/81 80/84/80 110/83/110
f 110/83/110 80/84/80 111/79/111
f 80/84/80 79/85/79 111/79/111
f 111/79/111 79/85/79 96/33/96
f 79/85/79 8/31/8 96/33/96
f 94/73/94 88/86/88 12/45/12
f 95/77/95 112/87/112 94/73/94
f 96/33/96 113/88/113 95/80/95
f 94/73/94 112/87/112 88/86/88
f 112/87/112 89/89/89 88/86/88
f 95/77/95 113/90/113 112/87/112
f 113/90/113 114/91/114 112/87/112
f 112/87/112 114/91/114 89/89/89
f 114/91/114 90/92/90 89/89/89
f 96/33/96 78/32/78 113/88/113
f 78/32/78 77/93/77 113/88/113
f 113/94/113 77/95/77 114/96/114
f 77/95/77 76/97/76 114/96/114
f 114/96/114 76/97/76 90/30/90
f 76/97/76 7/28/7 90/30/90
f 88/86/88 93/43/93 12/45/12
f 89/89/89 115/98/115 88/86/88
f 90/92/90 116/99/116 89/89/89
f 88/86/88 115/98/115 93/43/93
f 115/98/115 92/46/92 93/43/93
f 89/89/89 116/99/116 115/98/115
f 116/99/116 117/100/117 115/98/115
f 115/98/115 117/100/117 92/46/92
f 117/100/117 91/48/91 92/46/92
f 90/30/90 75/29/75 116/101/116
f 75/29/75 74/102/74 116/101/116
f 116/99/116 74/103/74 117/100/117
f 74/103/74 73/104/73 117/100/117
f 117/100/117 73/104/73 91/48/91
f 73/105/73 11/40/11 91/42/91
f 48/106/48 87/41/87 11/40/11
f 47/107/47 118/108/118 48/106/48
f 46/27/46 119/109/119 47/107/47
f 48/106/48 118/108/118 87/41/87
f 118/108/118 86/54/86 87/41/87
f 47/107/47 119/109/119 118/108/118
f 119/109/119 120/110/120 118/108/118
f 118/108/118 120/110/120 86/54/86
f 120/110/120 85/57/85 86/54/86
f 46/27/46 69/22/69 119/109/119
f 69/22/69 68/111/68 119/109/119
f 119/109/119 68/111/68 120/110/120
f 68/111/68 67/112/67 120/110/120
f 120/110/120 67/112/67 85/57/85
f 67/113/67 10/37/10 85/60/85
f 72/114/72 84/38/84 10/37/10
f 71/115/71 121/116/121 72/114/72
f 70/26/70 122/117/122 71/115/71
f 72/114/72 121/116/121 84/38/84
f 121/116/121 83/71/83 84/38/84
f 71/115/71 122/117/122 121/116/121
f 122/117/122 123/118/123 121/116/121
f 121/116/121 123/118/123 83/71/83
f 123/118/123 82/72/82 83/71/83
f 70/26/70 63/19/63 122/117/122
f 63/19/63 62/119/62 122/117/122
f 122/117/122 62/119/62 123/118/123
f 62/119/62 61/120/61 123/118/123
f 123/118/123 61/120/61 82/72/82
f 61/120/61 9/34/9 82/72/82
f 66/121/66 81/35/81 9/34/9
f 65/122/65 124/123/124 66/124/66
f 64/25/64 125/125/125 65/122/65
f 66/124/66 124/123/124 81/82/81
f 124/123/124 80/84/80 81/82/81
f 65/122/65 125/125/125 124/123/124
f 125/125/125 126/126/126 124/123/124
f 124/123/124 126/126/126 80/84/80
f 126/126/126 79/85/79 80/84/80
f 64/25/64 57/16/57 125/125/125
f 57/16/57 56/127/56 125/125/125
f 125/125/125 56/127/56 126/126/126
f 56/127/56 55/128/55 126/126/126
f 126/126/126 55/128/55 79/85/79
f 55/128/55 8/31/8 79/85/79
f 60/129/60 78/32/78 8/31/8
f 59/130/59 127/131/127 60/129/60
f 58/24/58 128/132/128 59/133/59
f 60/129/60 127/131/127 78/32/78
f 127/131/127 77/93/77 78/32/78
f 59/133/59 128/132/128 127/134/127
f 128/132/128 129/135/129 127/134/127
f 127/134/127 129/135/129 77/95/77
f 129/135/129 76/97/76 77/95/77
f 58/24/58 51/13/51 128/132/128
f 51/13/51 50/136/50 128/132/128
f 128/132/128 50/136/50 129/135/129
f 50/136/50 49/137/49 129/135/129
f 129/135/129 49/137/49 76/97/76
f 49/137/49 7/28/7 76/97/76
f 54/138/54 75/29/75 7/28/7
f 53/139/53 130/140/130 54/138/54
f 52/23/52 131/141/131 53/139/53
f 54/138/54 130/140/130 75/29/75
f 130/140/130 74/102/74 75/29/75
f 53/139/53 131/141/131 130/140/130
f 131/141/131 132/142/132 130/140/130
f 130/140/130 132/142/132 74/102/74
f 132/142/132 73/143/73 74/102/74
f 52/23/52 45/10/45 131/141/131
f 45/10/45 44/144/44 131/141/131
f 131/141/131 44/144/44 132/142/132
f 44/145/44 43/146/43 132/147/132
f 132/147/132 43/146/43 73/105/73
f 43/146/43 11/40/11 73/105/73
f 67/113/67 72/114/72 10/37/10
f 68/148/68 133/149/133 67/113/67
f 69/22/69 134/150/134 68/111/68
f 67/113/67 133/149/133 72/114/72
f 133/149/133 71/115/71 72/114/72
f 68/148/68 134/151/134 133/149/133
f 134/151/134 135/152/135 133/149/133
f 133/149/133 135/152/135 71/115/71
f 135/152/135 70/26/70 71/115/71
f 69/22/69 42/21/42 134/150/134
f 42/21/42 41/153/41 134/150/134
f 134/151/134 41/154/41 135/152/135
f 41/154/41 40/155/40 135/152/135
f 135/152/135 40/155/40 70/26/70
f 40/155/40 5/17/5 70/26/70
f 61/120/61 66/121/66 9/34/9
f 62/119/62 136/156/136 61/120/61
f 63/19/63 137/157/137 62/119/62
f 61/120/61 136/156/136 66/121/66
f 136/156/136 65/158/65 66/121/66
f 62/119/62 137/157/137 136/156/136
f 137/157/137 138/159/138 136/156/136
f 136/156/136 138/159/138 65/158/65
f 138/160/138 64/25/64 65/122/65
f 63/19/63 39/18/39 137/157/137
f 39/18/39 38/161/38 137/157/137
f 137/157/137 38/161/38 138/159/138
f 38/161/38 37/162/37 138/159/138
f 138/160/138 37/163/37 64/25/64
f 37/163/37 4/14/4 64/25/64
f 55/128/55 60/129/60 8/31/8
f 56/127/56 139/164/139 55/128/55
f 57/16/57 140/165/140 56/127/56
f 55/128/55 139/164/139 60/129/60
f 139/164/139 59/130/59 60/129/60
f 56/127/56 140/165/140 139/164/139
f 140/165/140 141/166/141 139/164/139
f 139/164/139 141/166/141 59/130/59
f 141/166/141 58/167/58 59/130/59
f 57/16/57 33/15/33 140/165/140
f 33/15/33 32/168/32 140/165/140
f 140/165/140 32/168/32 141/166/141
f 32/168/32 31/169/31 141/166/141
f 141/166/141 31/169/31 58/167/58
f 31/170/31 3/11/3 58/24/58
f 49/137/49 54/138/54 7/28/7
f 50/136/50 142/171/142 49/137/49
f 51/13/51 143/172/143 50/136/50
f 49/137/49 142/171/142 54/138/54
f 142/171/142 53/139/53 54/138/54
f 50/136/50 143/172/143 142/171/142
f 143/172/143 144/173/144 142/171/142
f 142/171/142 144/173/144 53/139/53
f 144/173/144 52/23/52 53/139/53
f 51/13/51 21/12/21 143/172/143
f 21/12/21 20/174/20 143/172/143
f 143/172/143 20/174/20 144/173/144
f 20/174/20 19/175/19 144/173/144
f 144/173/144 19/175/19 52/23/52
f 19/175/19 2/4/2 52/23/52
f 43/146/43 48/106/48 11/40/11
f 44/145/44 145/176/145 43/146/43
f 45/177/45 146/178/146 44/145/44
f 43/146/43 145/176/145 48/106/48
f 145/176/145 47/107/47 48/106/48
f 44/145/44 146/178/146 145/176/145
f 146/178/146 147/179/147 145/176/145
f 145/176/145 147/179/147 47/107/47
f 147/179/147 46/27/46 47/107/47
f 45/177/45 24/180/24 146/178/146
f 24/180/24 23/181/23 146/178/146
f 146/178/146 23/181/23 147/179/147
f 23/181/23 22/182/22 147/179/147
f 147/179/147 22/182/22 46/27/46
f 22/182/22 6/20/6 46/27/46
f 27/183/27 42/21/42 6/20/6
f 26/184/26 148/185/148 27/183/27
f 25/9/25 149/186/149 26/187/26
f 27/183/27 148/185/148 42/21/42
f 148/185/148 41/153/41 42/21/42
f 26/187/26 149/186/149 148/188/148
f 149/186/149 150/189/150 148/188/148
f 148/190/148 150/191/150 41/154/41
f 150/191/150 40/155/40 41/154/41
f 25/9/25 36/8/36 149/186/149
f 36/8/36 35/192/35 149/186/149
f 149/186/149 35/192/35 150/189/150
f 35/192/35 34/193/34 150/189/150
f 150/191/150 34/194/34 40/155/40
f 34/194/34 5/17/5 40/155/40
f 34/194/34 39/18/39 5/17/5
f 35/192/35 151/195/151 34/193/34
f 36/8/36 152/196/152 35/192/35
f 34/194/34 151/197/151 39/18/39
f 151/197/151 38/161/38 39/18/39
f 35/192/35 152/196/152 151/195/151
f 152/196/152 153/198/153 151/195/151
f 151/195/151 153/198/153 38/199/38
f 153/198/153 37/200/37 38/199/38
f 36/8/36 30/7/30 152/196/152
f 30/7/30 29/201/29 152/196/152
f 152/196/152 29/201/29 153/198/153
f 29/201/29 28/202/28 153/198/153
f 153/198/153 28/202/28 37/200/37
f 28/203/28 4/14/4 37/163/37
f 28/203/28 33/15/33 4/14/4
f 29/201/29 154/204/154 28/202/28
f 30/7/30 155/205/155 29/201/29
f 28/202/28 154/204/154 33/206/33
f 154/207/154 32/168/32 33/15/33
f 29/201/29 155/205/155 154/204/154
f 155/205/155 156/208/156 154/204/154
f 154/204/154 156/208/156 32/209/32
f 156/210/156 31/169/31 32/168/32
f 30/7/30 15/3/15 155/205/155
f 15/3/15 14/211/14 155/205/155
f 155/205/155 14/211/14 156/208/156
f 14/211/14 13/212/13 156/208/156
f 156/213/156 13/214/13 31/170/31
f 13/214/13 3/11/3 31/170/31
f 22/182/22 27/183/27 6/20/6
f 23/181/23 157/215/157 22/182/22
f 24/180/24 158/216/158 23/181/23
f 22/182/22 157/215/157 27/183/27
f 157/215/157 26/184/26 27/183/27
f 23/181/23 158/216/158 157/215/157
f 158/217/158 159/218/159 157/219/157
f 157/219/157 159/218/159 26/187/26
f 159/218/159 25/9/25 26/187/26
f 24/180/24 18/220/18 158/216/158
f 18/221/18 17/222/17 158/217/158
f 158/217/158 17/222/17 159/218/159
f 17/222/17 16/2/16 159/218/159
f 159/218/159 16/2/16 25/9/25
f 16/2/16 1/1/1 25/9/25
f 13/214/13 21/12/21 3/11/3
f 14/223/14 160/224/160 13/214/13
f 15/3/15 161/225/161 14/211/14
f 13/214/13 160/224/160 21/12/21
f 160/224/160 20/174/20 21/12/21
f 14/211/14 161/225/161 160/226/160
f 161/227/161 162/228/162 160/224/160
f 160/224/160 162/228/162 20/174/20
f 162/228/162 19/175/19 20/174/20
f 15/3/15 16/2/16 161/225/161
f 16/2/16 17/222/17 161/225/161
f 161/225/161 17/222/17 162/229/162
f 17/230/17 18/5/18 162/228/162
f 162/228/162 18/5/18 19/175/19
f 18/5/18 2/4/2 19/175/19
f 163/231/163 176/232/176 175/233/175
f 164/234/164 176/232/176 178/235/178
f 163/231/163 175/233/175 180/236/180
f 163/231/163 180/236/180 182/237/182
f 163/231/163 182/237/182 179/238/179
f 164/239/164 178/240/178 185/241/185
f 165/242/165 177/243/177 187/244/50
f 166/245/166 181/246/181 189/247/188
f 167/248/167 183/249/183 191/250/190
f 168/251/168 184/252/184 193/253/192
f 164/239/164 185/241/185 188/254/187
f 165/242/165 187/244/50 190/255/189
f 166/245/166 189/247/188 192/256/191
f 167/248/167 191/250/190 194/257/71
f 168/258/168 193/259/192 186/260/186
f 169/261/169 195/262/193 200/263/198
f 170/264/170 196/265/194 202/266/200
f 171/267/171 197/268/195 203/269/201
f 172/270/172 198/271/196 204/272/202
f 173/273/173 199/274/197 201/275/199
f 201/275/199 204/276/202 174/277/174
f 201/275/199 199/274/197 204/276/202
f 199/278/197 172/270/172 204/272/202
f 204/276/202 203/269/201 174/277/174
f 204/272/202 198/271/196 203/279/201
f 198/271/196 171/280/171 203/279/201
f 203/269/201 202/266/200 174/277/174
f 203/269/201 197/268/195 202/266/200
f 197/268/195 170/264/170 202/266/200
f 202/266/200 200/281/198 174/277/174
f 202/266/200 196/265/194 200/281/198
f 196/282/194 169/261/169 200/263/198
f 200/281/198 201/275/199 174/277/174
f 200/281/198 195/283/193 201/275/199
f 195/283/193 173/273/173 201/275/199
f 186/260/186 199/284/197 173/285/173
f 186/260/186 193/259/192 199/284/197
f 193/253/192 172/270/172 199/278/197
f 194/257/71 198/271/196 172/270/172
f 194/257/71 191/250/190 198/271/196
f 191/250/190 171/280/171 198/271/196
f 192/286/191 197/287/195 171/280/171
f 192/256/191 189/247/188 197/288/195
f 189/247/188 170/289/170 197/288/195
f 190/255/189 196/282/194 170/290/170
f 190/255/189 187/244/50 196/282/194
f 187/244/50 169/261/169 196/282/194
f 188/254/187 195/262/193 169/261/169
f 188/254/187 185/241/185 195/262/193
f 185/241/185 173/291/173 195/262/193
f 193/253/192 194/257/71 172/270/172
f 193/253/192 184/252/184 194/257/71
f 184/252/184 167/248/167 194/257/71
f 191/250/190 192/286/191 171/280/171
f 191/250/190 183/249/183 192/286/191
f 183/249/183 166/292/166 192/286/191
f 189/247/188 190/293/189 170/289/170
f 189/247/188 181/246/181 190/293/189
f 181/294/181 165/242/165 190/255/189
f 187/244/50 188/254/187 169/261/169
f 187/244/50 177/243/177 188/254/187
f 177/243/177 164/239/164 188/254/187
f 185/295/185 186/260/186 173/285/173
f 185/295/185 178/296/178 186/260/186
f 178/296/178 168/258/168 186/260/186
f 179/238/179 184/297/184 168/298/168
f 179/238/179 182/237/182 184/297/184
f 182/299/182 167/248/167 184/252/184
f 182/299/182 183/249/183 167/248/167
f 182/237/182 180/236/180 183/300/183
f 180/236/180 166/301/166 183/300/183
f 180/236/180 181/302/181 166/301/166
f 180/236/180 175/233/175 181/302/181
f 175/303/175 165/242/165 181/294/181
f 178/235/178 179/238/179 168/298/168
f 178/235/178 176/232/176 179/238/179
f 176/232/176 163/231/163 179/238/179
f 175/303/175 177/243/177 165/242/165
f 175/303/175 176/304/176 177/243/177
f 176/304/176 164/239/164 177/243/177
f 205/305/203 218/306/216 217/307/215
f 206/308/204 218/306/216 220/309/218
f 205/305/203 217/307/215 222/310/220
f 205/305/203 222/310/220 224/311/222
f 205/305/203 224/311/222 221/312/219
f 206/313/204 220/314/218 227/315/225
f 207/316/205 219/317/217 229/318/50
f 208/319/206 223/320/221 231/321/228
f 209/322/207 225/323/223 233/324/230
f 210/325/208 226/326/224 235/327/232
f 206/328/204 227/329/225 230/330/227
f 207/316/205 229/318/50 232/331/229
f 208/319/206 231/321/228 234/332/231
f 209/322/207 233/324/230 236/333/71
f 210/325/208 235/327/232 228/334/226
f 211/335/209 237/336/233 242/337/238
f 212/338/210 238/339/234 244/340/240
f 213/341/211 239/342/235 245/343/241
f 214/344/212 240/345/236 246/346/242
f 215/347/213 241/348/237 243/349/239
f 243/349/239 246/346/242 216/350/214
f 243/349/239 241/348/237 246/346/242
f 241/348/237 214/344/212 246/346/242
f 246/346/242 245/343/241 216/350/214
f 246/346/242 240/345/236 245/343/241
f 240/345/236 213/341/211 245/343/241
f 245/343/241 244/340/240 216/350/214
f 245/343/241 239/342/235 244/340/240
f 239/342/235 212/338/210 244/340/240
f 244/340/240 242/337/238 216/350/214
f 244/340/240 238/339/234 242/337/238
f 238/339/234 211/335/209 242/337/238
f 242/337/238 243/349/239 216/350/214
f 242/337/238 237/336/233 243/349/239
f 237/336/233 215/347/213 243/349/239
f 228/334/226 241/351/237 215/352/213
f 228/334/226 235/327/232 241/351/237
f 235/327/232 214/353/212 241/351/237
f 236/333/71 240/354/236 214/355/212
f 236/333/71 233/324/230 240/354/236
f 233/324/230 213/356/211 240/354/236
f 234/332/231 239/357/235 213/358/211
f 234/332/231 231/321/228 239/357/235
f 231/321/228 212/359/210 239/357/235
f 232/360/229 238/361/234 212/359/210
f 232/331/229 229/318/50 238/362/234
f 229/318/50 211/363/209 238/362/234
f 230/330/227 237/364/233 211/363/209
f 230/330/227 227/329/225 237/364/233
f 227/365/225 215/347/213 237/336/233
f 235/366/232 236/333/71 214/355/212
f 235/366/232 226/367/224 236/333/71
f 226/367/224 209/322/207 236/333/71
f 233/324/230 234/368/231 213/356/211
f 233/324/230 225/323/223 234/368/231
f 225/369/223 208/370/206 234/371/231
f 231/321/228 232/360/229 212/359/210
f 231/321/228 223/320/221 232/360/229
f 223/320/221 207/372/205 232/360/229
f 229/318/50 230/330/227 211/363/209
f 229/318/50 219/317/217 230/330/227
f 219/317/217 206/328/204 230/330/227
f 227/315/225 228/334/226 215/352/213
f 227/315/225 220/314/218 228/334/226
f 220/314/218 210/325/208 228/334/226
f 221/312/219 226/373/224 210/374/208
f 221/312/219 224/311/222 226/373/224
f 224/311/222 209/375/207 226/373/224
f 224/311/222 225/369/223 209/375/207
f 224/311/222 222/310/220 225/369/223
f 222/310/220 208/370/206 225/369/223
f 222/310/220 223/376/221 208/370/206
f 222/310/220 217/307/215 223/376/221
f 217/307/215 207/377/205 223/376/221
f 220/309/218 221/312/219 210/374/208
f 220/309/218 218/306/216 221/312/219
f 218/306/216 205/305/203 221/312/219
f 217/307/215 219/378/217 207/377/205
f 217/307/215 218/306/216 219/378/217
f 218/306/216 206/308/204 219/378/217
f 247/379/243 259/380/255 260/381/256 248/382/244
f 248/383/244 260/384/256 261/385/257 249/386/245
f 249/386/245 261/385/257 262/387/258 250/388/246
f 250/388/246 262/387/258 263/389/259 251/390/247
f 251/391/247 263/392/259 264/393/260 252/394/248
f 252/394/248 264/393/260 265/395/261 253/396/249
f 253/396/249 265/395/261 266/397/262 254/398/250
f 254/399/250 266/400/262 267/401/263 255/402/251
f 255/402/251 267/401/263 268/403/264 256/404/252
f 256/404/252 268/403/264 269/405/265 257/406/253
f 257/407/253 269/408/265 270/409/266 258/410/254
f 258/410/254 270/409/266 259/380/255 247/379/243
f 259/380/255 271/411/267 272/412/268 260/381/256
f 260/384/256 272/413/268 273/414/269 261/385/257
f 261/385/257 273/414/269 274/415/270 262/387/258
f 262/387/258 274/415/270 275/416/271 263/389/259
f 263/392/259 275/417/271 276/418/272 264/393/260
f 264/393/260 276/418/272 277/419/273 265/395/261
f 265/395/261 277/419/273 278/420/274 266/397/262
f 266/400/262 278/421/274 279/422/275 267/401/263
f 267/401/263 279/422/275 280/423/276 268/403/264
f 268/403/264 280/423/276 281/424/277 269/405/265
f 269/408/265 281/425/277 282/426/278 270/409/266
f 270/409/266 282/426/278 271/411/267 259/380/255
f 271/411/267 283/427/279 284/428/280 272/412/268
f 272/413/268 284/429/280 285/430/281 273/414/269
f 273/414/269 285/430/281 286/431/282 274/415/270
f 274/415/270 286/431/282 287/432/283 275/416/271
f 275/417/271 287/433/283 288/434/284 276/418/272
f 276/418/272 288/434/284 289/435/285 277/419/273
f 277/419/273 289/435/285 290/436/286 278/420/274
f 278/421/274 290/437/286 291/438/287 279/422/275
f 279/422/275 291/438/287 292/439/288 280/423/276
f 280/423/276 292/439/288 293/440/289 281/424/277
f 281/425/277 293/441/289 294/442/290 282/426/278
f 282/426/278 294/442/290 283/427/279 271/411/267
f 283/427/279 295/443/291 296/444/292 284/428/280
f 284/429/280 296/445/292 297/446/293 285/430/281
f 285/430/281 297/446/293 298/447/294 286/431/282
f 286/431/282 298/447/294 299/448/295 287/432/283
f 287/433/283 299/449/295 300/450/296 288/434/284
f 288/434/284 300/450/296 301/451/297 289/435/285
f 289/435/285 301/451/297 302/452/298 290/436/286
f 290/437/286 302/453/298 303/454/299 291/438/287
f 291/438/287 303/454/299 304/455/300 292/439/288
f 292/439/288 304/455/300 305/456/301 293/440/289
f 293/441/289 305/457/301 306/458/302 294/442/290
f 294/442/290 306/458/302 295/443/291 283/427/279
f 295/443/291 307/459/303 308/460/304 296/444/292
f 296/445/292 308/461/304 309/462/305 297/446/293
f 297/446/293 309/462/305 310/463/306 298/447/294
f 298/447/294 310/463/306 311/464/307 299/448/295
f 299/449/295 311/465/307 312/466/308 300/450/296
f 300/450/296 312/466/308 313/467/309 301/451/297
f 301/451/297 313/467/309 314/468/310 302/452/298
f 302/453/298 314/469/310 315/470/311 303/454/299
f 303/454/299 315/470/311 316/471/312 304/455/300
f 304/455/300 316/471/312 317/472/313 305/456/301
f 305/457/301 317/473/313 318/474/314 306/458/302
f 306/458/302 318/474/314 307/459/303 295/443/291
f 307/459/303 319/475/315 320/476/316 308/460/304
f 308/461/304 320/477/316 321/478/317 309/462/305
f 309/462/305 321/478/317 322/479/318 310/463/306
f 310/463/306 322/479/318 323/480/319 311/464/307
f 311/465/307 323/481/319 324/482/320 312/466/308
f 312/466/308 324/482/320 325/483/321 313/467/309
f 313/467/309 325/483/321 326/484/322 314/468/310
f 314/469/310 326/485/322 327/486/323 315/470/311
f 315/470/311 327/486/323 328/487/324 316/471/312
f 316/471/312 328/487/324 329/488/325 317/472/313
f 317/473/313 329/489/325 330/490/326 318/474/314
f 318/474/314 330/490/326 319/475/315 307/459/303
f 319/475/315 331/491/327 332/492/328 320/476/316
f 320/477/316 332/493/328 333/494/329 321/478/317
f 321/478/317 333/494/329 334/495/330 322/479/318
f 322/479/318 334/495/330 335/496/331 323/480/319
f 323/481/319 335/497/331 336/498/332 324/482/320
f 324/482/320 336/498/332 337/499/333 325/483/321
f 325/483/321 337/499/333 338/500/334 326/484/322
f 326/485/322 338/501/334 339/502/335 327/486/323
f 327/486/323 339/502/335 340/503/336 328/487/324
f 328/487/324 340/503/336 341/504/337 329/488/325
f 329/489/325 341/505/337 342/506/338 330/490/326
f 330/490/326 342/506/338 331/491/327 319/475/315
f 331/491/327 343/507/339 344/508/340 332/492/328
f 332/493/328 344/509/340 345/510/341 333/494/329
f 333/494/329 345/510/341 346/511/342 334/495/330
f 334/495/330 346/511/342 347/512/343 335/496/331
f 335/496/331 347/512/343 348/513/344 336/514/332
f 336/498/332 348/515/344 349/516/345 337/499/333
f 337/499/333 349/516/345 350/517/346 338/500/334
f 338/501/334 350/518/346 351/519/347 339/502/335
f 339/502/335 351/519/347 352/520/348 340/503/336
f 340/503/336 352/520/348 353/521/349 341/504/337
f 341/504/337 353/521/349 354/522/350 342/523/338
f 342/506/338 354/524/350 343/507/339 331/491/327
f 343/525/339 355/526/351 356/527/352 344/528/340
f 344/509/340 356/529/352 357/530/353 345/510/341
f 345/510/341 357/530/353 358/531/354 346/511/342
f 346/511/342 358/531/354 359/532/355 347/512/343
f 347/512/343 359/532/355 360/533/356 348/513/344
f 348/515/344 360/534/356 361/535/357 349/516/345
f 349/536/345 361/537/357 362/538/358 350/539/346
f 350/518/346 362/540/358 363/541/359 351/519/347
f 351/519/347 363/541/359 364/542/360 352/520/348
f 352/520/348 364/542/360 365/543/361 353/521/349
f 353/521/349 365/543/361 366/544/362 354/522/350
f 354/524/350 366/545/362 355/546/351 343/507/339
f 355/526/351 367/547/363 368/548/364 356/527/352
f 356/529/352 368/549/364 369/550/365 357/530/353
f 357/530/353 369/550/365 370/551/366 358/531/354
f 358/531/354 370/551/366 371/552/367 359/532/355
f 359/532/355 371/552/367 372/553/368 360/533/356
f 360/554/356 372/555/368 373/556/369 361/537/357
f 361/537/357 373/556/369 374/557/370 362/538/358
f 362/540/358 374/558/370 375/559/371 363/541/359
f 363/541/359 375/559/371 376/560/372 364/542/360
f 364/542/360 376/560/372 377/561/373 365/543/361
f 365/543/361 377/561/373 378/562/374 366/544/362
f 366/563/362 378/564/374 367/547/363 355/526/351
f 367/547/363 379/565/375 380/566/376 368/548/364
f 368/548/364 380/566/376 381/567/377 369/568/365
f 369/550/365 381/569/377 382/570/378 370/551/366
f 370/551/366 382/570/378 383/571/379 371/552/367
f 371/552/367 383/571/379 384/572/380 372/553/368
f 372/555/368 384/573/380 385/574/381 373/556/369
f 373/556/369 385/574/381 386/575/382 374/557/370
f 374/557/370 386/575/382 387/576/383 375/577/371
f 375/559/371 387/578/383 388/579/384 376/560/372
f 376/560/372 388/579/384 389/580/385 377/561/373
f 377/561/373 389/580/385 390/581/386 378/562/374
f 378/564/374 390/582/386 379/565/375 367/547/363
f 379/565/375 391/583/71 392/584/387 380/566/376
f 380/566/376 392/584/387 393/585/388 381/567/377
f 381/569/377 393/586/388 394/587/389 382/570/378
f 382/570/378 394/587/389 395/588/390 383/571/379
f 383/571/379 395/588/390 396/589/391 384/572/380
f 384/573/380 396/590/391 397/591/50 385/574/381
f 385/574/381 397/591/50 398/592/392 386/575/382
f 386/575/382 398/592/392 399/593/393 387/576/383
f 387/578/383 399/594/393 400/595/394 388/579/384
f 388/579/384 400/595/394 401/596/395 389/580/385
f 389/580/385 401/596/395 402/597/396 390/581/386
f 390/582/386 402/598/396 391/583/71 379/565/375
f 391/583/71 403/599/397 404/600/398 392/584/387
f 392/584/387 404/600/398 405/601/399 393/585/388
f 393/586/388 405/602/399 406/603/400 394/587/389
f 394/587/389 406/603/400 407/604/401 395/588/390
f 395/588/390 407/604/401 408/605/402 396/589/391
f 396/590/391 408/606/402 409/607/403 397/591/50
f 397/591/50 409/607/403 410/608/404 398/592/392
f 398/592/392 410/608/404 411/609/405 399/593/393
f 399/594/393 411/610/405 412/611/406 400/595/394
f 400/595/394 412/611/406 413/612/407 401/596/395
f 401/596/395 413/612/407 414/613/408 402/597/396
f 402/598/396 414/614/408 403/599/397 391/583/71
f 403/599/397 415/615/409 416/616/410 404/600/398
f 404/600/398 416/616/410 417/617/411 405/601/399
f 405/602/399 417/618/411 418/619/412 406/603/400
f 406/603/400 418/619/412 419/620/413 407/604/401
f 407/604/401 419/620/413 420/621/414 408/605/402
f 408/606/402 420/622/414 421/623/415 409/607/403
f 409/607/403 421/623/415 422/624/416 410/608/404
f 410/608/404 422/624/416 423/625/417 411/609/405
f 411/610/405 423/626/417 424/627/418 412/611/406
f 412/611/406 424/627/418 425/628/419 413/612/407
f 413/612/407 425/628/419 426/629/420 414/613/408
f 414/614/408 426/630/420 415/615/409 403/599/397
f 415/615/409 427/631/421 428/632/422 416/616/410
f 416/616/410 428/632/422 429/633/423 417/617/411
f 417/618/411 429/634/423 430/635/424 418/619/412
f 418/619/412 430/635/424 431/636/425 419/620/413
f 419/620/413 431/636/425 432/637/426 420/621/414
f 420/622/414 432/638/426 433/639/427 421/623/415
f 421/623/415 433/639/427 434/640/428 422/624/416
f 422/624/416 434/640/428 435/641/429 423/625/417
f 423/626/417 435/642/429 436/643/430 424/627/418
f 424/627/418 436/643/430 437/644/431 425/628/419
f 425/628/419 437/644/431 438/645/432 426/629/420
f 426/630/420 438/646/432 427/631/421 415/615/409
f 427/631/421 439/647/433 440/648/434 428/632/422
f 428/632/422 440/648/434 441/649/435 429/633/423
f 429/634/423 441/650/435 442/651/436 430/635/424
f 430/635/424 442/651/436 443/652/437 431/636/425
f 431/636/425 443/652/437 444/653/438 432/637/426
f 432/638/426 444/654/438 445/655/439 433/639/427
f 433/639/427 445/655/439 446/656/440 434/640/428
f 434/640/428 446/656/440 447/657/441 435/641/429
f 435/642/429 447/658/441 448/659/442 436/643/430
f 436/643/430 448/659/442 449/660/443 437/644/431
f 437/644/431 449/660/443 450/661/444 438/645/432
f 438/646/432 450/662/444 439/647/433 427/631/421
f 439/647/433 451/663/445 452/664/446 440/648/434
f 440/648/434 452/664/446 453/665/447 441/649/435
f 441/650/435 453/666/447 454/667/448 442/651/436
f 442/651/436 454/667/448 455/668/449 443/652/437
f 443/652/437 455/668/449 456/669/450 444/653/438
f 444/654/438 456/670/450 457/671/451 445/655/439
f 445/655/439 457/671/451 458/672/452 446/656/440
f 446/656/440 458/672/452 459/673/453 447/657/441
f 447/658/441 459/674/453 460/675/454 448/659/442
f 448/659/442 460/675/454 461/676/455 449/660/443
f 449/660/443 461/676/455 462/677/456 450/661/444
f 450/662/444 462/678/456 451/663/445 439/647/433
f 451/663/445 463/679/457 464/680/458 452/664/446
f 452/664/446 464/680/458 465/681/459 453/665/447
f 453/666/447 465/682/459 466/683/460 454/667/448
f 454/667/448 466/683/460 467/684/461 455/668/449
f 455/668/449 467/684/461 468/685/462 456/669/450
f 456/670/450 468/686/462 469/687/463 457/671/451
f 457/671/451 469/687/463 470/688/464 458/672/452
f 458/672/452 470/688/464 471/689/465 459/673/453
f 459/674/453 471/690/465 472/691/466 460/675/454
f 460/675/454 472/691/466 473/692/467 461/676/455
f 461/676/455 473/692/467 474/693/468 462/677/456
f 462/678/456 474/694/468 463/679/457 451/663/445
f 463/679/457 475/695/469 476/696/470 464/680/458
f 464/680/458 476/696/470 477/697/471 465/681/459
f 465/682/459 477/698/471 478/699/472 466/683/460
f 466/683/460 478/699/472 479/700/473 467/684/461
f 467/684/461 479/700/473 480/701/474 468/685/462
f 468/686/462 480/702/474 481/703/475 469/687/463
f 469/687/463 481/703/475 482/704/476 470/688/464
f 470/688/464 482/704/476 483/705/477 471/689/465
f 471/690/465 483/706/477 484/707/478 472/691/466
f 472/691/466 484/707/478 485/708/479 473/692/467
f 473/692/467 485/708/479 486/709/480 474/693/468
f 474/694/468 486/710/480 475/695/469 463/679/457
f 475/695/469 487/711/481 488/712/482 476/696/470
f 476/696/470 488/712/482 489/713/483 477/697/471
f 477/698/471 489/714/483 490/715/484 478/699/472
f 478/699/472 490/715/484 491/716/485 479/700/473
f 479/700/473 491/716/485 492/717/486 480/701/474
f 480/702/474 492/718/486 493/719/487 481/703/475
f 481/703/475 493/719/487 494/720/488 482/704/476
f 482/704/476 494/720/488 495/721/489 483/705/477
f 483/706/477 495/722/489 496/723/490 484/707/478
f 484/707/478 496/723/490 497/724/491 485/708/479
f 485/708/479 497/724/491 498/725/492 486/709/480
f 486/710/480 498/726/492 487/711/481 475/695/469
f 487/727/481 499/728/493 500/729/494 488/730/482
f 488/731/482 500/732/494 501/733/495 489/714/483
f 489/714/483 501/733/495 502/734/496 490/715/484
f 490/715/484 502/734/496 503/735/497 491/716/485
f 491/716/485 503/735/497 504/736/498 492/717/486
f 492/737/486 504/738/498 505/739/499 493/740/487
f 493/740/487 505/739/499 506/741/500 494/742/488
f 494/743/488 506/744/500 507/745/501 495/722/489
f 495/722/489 507/745/501 508/746/502 496/723/490
f 496/723/490 508/746/502 509/747/503 497/724/491
f 497/724/491 509/747/503 510/748/504 498/725/492
f 498/749/492 510/750/504 499/728/493 487/727/481
f 499/728/493 511/751/505 512/752/506 500/729/494
f 500/729/494 512/752/506 513/753/507 501/754/495
f 501/733/495 513/755/507 514/756/508 502/734/496
f 502/734/496 514/756/508 515/757/509 503/735/497
f 503/735/497 515/757/509 516/758/510 504/736/498
f 504/738/498 516/759/510 517/760/511 505/739/499
f 505/739/499 517/760/511 518/761/512 506/741/500
f 506/741/500 518/761/512 519/762/513 507/763/501
f 507/745/501 519/764/513 520/765/514 508/746/502
f 508/746/502 520/765/514 521/766/515 509/747/503
f 509/747/503 521/766/515 522/767/516 510/748/504
f 510/750/504 522/768/516 511/751/505 499/728/493
f 511/751/505 523/769/517 524/770/518 512/752/506
f 512/752/506 524/770/518 525/771/519 513/753/507
f 513/755/507 525/772/519 526/773/520 514/756/508
f 514/756/508 526/773/520 527/774/521 515/757/509
f 515/757/509 527/774/521 528/775/522 516/758/510
f 516/759/510 528/776/522 529/777/523 517/760/511
f 517/760/511 529/777/523 530/778/524 518/761/512
f 518/761/512 530/778/524 531/779/525 519/762/513
f 519/764/513 531/780/525 532/781/526 520/765/514
f 520/765/514 532/781/526 533/782/527 521/766/515
f 521/766/515 533/782/527 534/783/528 522/767/516
f 522/768/516 534/784/528 523/769/517 511/751/505
f 523/769/517 535/785/249 536/786/529 524/770/518
f 524/770/518 536/786/529 537/787/530 525/771/519
f 525/772/519 537/788/530 538/789/531 526/773/520
f 526/773/520 538/789/531 539/790/532 527/774/521
f 527/774/521 539/790/532 540/791/533 528/775/522
f 528/776/522 540/792/533 541/793/243 529/777/523
f 529/777/523 541/793/243 542/794/534 530/778/524
f 530/778/524 542/794/534 543/795/535 531/779/525
f 531/780/525 543/796/535 544/797/536 532/781/526
f 532/781/526 544/797/536 545/798/537 533/782/527
f 533/782/527 545/798/537 546/799/538 534/783/528
f 534/784/528 546/800/538 535/785/249 523/769/517
f 535/785/249 547/801/261 548/802/539 536/786/529
f 536/786/529 548/802/539 549/803/540 537/787/530
f 537/788/530 549/804/540 550/805/541 538/789/531
f 538/789/531 550/805/541 551/806/542 539/790/532
f 539/790/532 551/806/542 552/807/543 540/791/533
f 540/792/533 552/808/543 553/809/255 541/793/243
f 541/793/243 553/809/255 554/810/544 542/794/534
f 542/794/534 554/810/544 555/811/545 543/795/535
f 543/796/535 555/812/545 556/813/546 544/797/536
f 544/797/536 556/813/546 557/814/547 545/798/537
f 545/798/537 557/814/547 558/815/548 546/799/538
f 546/800/538 558/816/548 547/801/261 535/785/249
f 547/801/261 559/817/273 560/818/549 548/802/539
f 548/802/539 560/818/549 561/819/550 549/803/540
f 549/804/540 561/820/550 562/821/551 550/805/541
f 550/805/541 562/821/551 563/822/552 551/806/542
f 551/806/542 563/822/552 564/823/553 552/807/543
f 552/808/543 564/824/553 565/825/267 553/809/255
f 553/809/255 565/825/267 566/826/554 554/810/544
f 554/810/544 566/826/554 567/827/555 555/811/545
f 555/812/545 567/828/555 568/829/556 556/813/546
f 556/813/546 568/829/556 569/830/557 557/814/547
f 557/814/547 569/830/557 570/831/558 558/815/548
f 558/816/548 570/832/558 559/817/273 547/801/261
f 559/817/273 571/833/285 572/834/559 560/818/549
f 560/818/549 572/834/559 573/835/560 561/819/550
f 561/820/550 573/836/560 574/837/561 562/821/551
f 562/821/551 574/837/561 575/838/562 563/822/552
f 563/822/552 575/838/562 576/839/563 564/823/553
f 564/824/553 576/840/563 577/841/279 565/825/267
f 565/825/267 577/841/279 578/842/564 566/826/554
f 566/826/554 578/842/564 579/843/565 567/827/555
f 567/828/555 579/844/565 580/845/566 568/829/556
f 568/829/556 580/845/566 581/846/567 569/830/557
f 569/830/557 581/846/567 582/847/568 570/831/558
f 570/832/558 582/848/568 571/833/285 559/817/273
f 571/833/285 583/849/297 584/850/569 572/834/559
f 572/834/559 584/850/569 585/851/570 573/835/560
f 573/836/560 585/852/570 586/853/571 574/837/561
f 574/837/561 586/853/571 587/854/572 575/838/562
f 575/838/562 587/854/572 588/855/573 576/839/563
f 576/840/563 588/856/573 589/857/291 577/841/279
f 577/841/279 589/857/291 590/858/574 578/842/564
f 578/842/564 590/858/574 591/859/575 579/843/565
f 579/844/565 591/860/575 592/861/576 580/845/566
f 580/845/566 592/861/576 593/862/577 581/846/567
f 581/846/567 593/862/577 594/863/578 582/847/568
f 582/848/568 594/864/578 583/849/297 571/833/285
f 583/849/297 595/865/309 596/866/579 584/850/569
f 584/850/569 596/866/579 597/867/580 585/851/570
f 585/852/570 597/868/580 598/869/581 586/853/571
f 586/853/571 598/869/581 599/870/582 587/854/572
f 587/854/572 599/870/582 600/871/583 588/855/573
f 588/856/573 600/872/583 601/873/303 589/857/291
f 589/857/291 601/873/303 602/874/584 590/858/574
f 590/858/574 602/874/584 603/875/585 591/859/575
f 591/860/575 603/876/585 604/877/586 592/861/576
f 592/861/576 604/877/586 605/878/587 593/862/577
f 593/862/577 605/878/587 606/879/588 594/863/578
f 594/864/578 606/880/588 595/865/309 583/849/297
f 595/865/309 607/881/321 608/882/589 596/866/579
f 596/866/579 608/882/589 609/883/590 597/867/580
f 597/868/580 609/884/590 610/885/591 598/869/581
f 598/869/581 610/885/591 611/886/592 599/870/582
f 599/870/582 611/886/592 612/887/593 600/871/583
f 600/872/583 612/888/593 613/889/315 601/873/303
f 601/873/303 613/889/315 614/890/594 602/874/584
f 602/874/584 614/890/594 615/891/595 603/875/585
f 603/876/585 615/892/595 616/893/596 604/877/586
f 604/877/586 616/893/596 617/894/597 605/878/587
f 605/878/587 617/894/597 618/895/598 606/879/588
f 606/880/588 618/896/598 607/881/321 595/865/309
f 607/881/321 619/897/333 620/898/599 608/882/589
f 608/882/589 620/898/599 621/899/600 609/883/590
f 609/884/590 621/900/600 622/901/601 610/885/591
f 610/885/591 622/901/601 623/902/602 611/886/592
f 611/886/592 623/902/602 624/903/603 612/887/593
f 612/888/593 624/904/603 625/905/327 613/889/315
f 613/889/315 625/905/327 626/906/604 614/890/594
f 614/890/594 626/906/604 627/907/605 615/891/595
f 615/892/595 627/908/605 628/909/606 616/893/596
f 616/893/596 628/909/606 629/910/607 617/894/597
f 617/894/597 629/910/607 630/911/608 618/895/598
f 618/896/598 630/912/608 619/897/333 607/881/321
f 619/897/333 631/913/345 632/914/609 620/898/599
f 620/915/599 632/916/609 633/917/610 621/900/600
f 621/900/600 633/917/610 634/918/611 622/901/601
f 622/901/601 634/918/611 635/919/612 623/902/602
f 623/902/602 635/919/612 636/920/613 624/903/603
f 624/904/603 636/921/613 637/922/339 625/905/327
f 625/905/327 637/922/339 638/923/614 626/906/604
f 626/924/604 638/925/614 639/926/615 627/908/605
f 627/908/605 639/926/615 640/927/616 628/909/606
f 628/909/606 640/927/616 641/928/617 629/910/607
f 629/910/607 641/928/617 642/929/618 630/911/608
f 630/912/608 642/930/618 631/913/345 619/897/333
f 631/913/345 643/931/357 644/932/619 632/914/609
f 632/916/609 644/933/619 645/934/620 633/917/610
f 633/917/610 645/934/620 646/935/621 634/918/611
f 634/918/611 646/935/621 647/936/622 635/919/612
f 635/919/612 647/936/622 648/937/623 636/920/613
f 636/938/613 648/939/623 649/940/351 637/941/339
f 637/922/339 649/942/351 650/943/624 638/923/614
f 638/925/614 650/944/624 651/945/625 639/926/615
f 639/926/615 651/945/625 652/946/626 640/927/616
f 640/927/616 652/946/626 653/947/627 641/928/617
f 641/928/617 653/947/627 654/948/628 642/929/618
f 642/949/618 654/950/628 643/951/357 631/952/345
f 643/951/357 655/953/369 656/954/629 644/955/619
f 644/933/619 656/956/629 657/957/630 645/934/620
f 645/934/620 657/957/630 658/958/631 646/935/621
f 646/935/621 658/958/631 659/959/632 647/936/622
f 647/936/622 659/959/632 660/960/633 648/937/623
f 648/939/623 660/961/633 661/962/363 649/940/351
f 649/940/351 661/962/363 662/963/634 650/964/624
f 650/944/624 662/965/634 663/966/635 651/945/625
f 651/945/625 663/966/635 664/967/636 652/946/626
f 652/946/626 664/967/636 665/968/637 653/947/627
f 653/947/627 665/968/637 666/969/638 654/948/628
f 654/950/628 666/970/638 655/953/369 643/951/357
f 655/953/369 667/971/381 668/972/639 656/954/629
f 656/956/629 668/973/639 669/974/640 657/957/630
f 657/957/630 669/974/640 670/975/641 658/958/631
f 658/958/631 670/975/641 671/976/642 659/959/632
f 659/977/632 671/978/642 672/979/643 660/961/633
f 660/961/633 672/979/643 673/980/375 661/962/363
f 661/962/363 673/980/375 674/981/644 662/963/634
f 662/965/634 674/982/644 675/983/645 663/966/635
f 663/966/635 675/983/645 676/984/646 664/967/636
f 664/967/636 676/984/646 677/985/647 665/968/637
f 665/986/637 677/987/647 678/988/648 666/970/638
f 666/970/638 678/988/648 667/971/381 655/953/369
f 667/971/381 679/989/50 680/990/649 668/972/639
f 668/973/639 680/991/649 681/992/650 669/974/640
f 669/974/640 681/992/650 682/993/651 670/975/641
f 670/975/641 682/993/651 683/994/652 671/976/642
f 671/978/642 683/995/652 684/996/653 672/979/643
f 672/979/643 684/996/653 685/997/71 673/980/375
f 673/980/375 685/997/71 686/998/654 674/981/644
f 674/982/644 686/999/654 687/1000/655 675/983/645
f 675/983/645 687/1000/655 688/1001/656 676/984/646
f 676/984/646 688/1001/656 689/1002/657 677/985/647
f 677/987/647 689/1003/657 690/1004/658 678/988/648
f 678/988/648 690/1004/658 679/989/50 667/971/381
f 679/989/50 691/1005/403 692/1006/659 680/990/649
f 680/991/649 692/1007/659 693/1008/660 681/992/650
f 681/992/650 693/1008/660 694/1009/661 682/993/651
f 682/993/651 694/1009/661 695/1010/662 683/994/652
f 683/995/652 695/1011/662 696/1012/663 684/996/653
f 684/996/653 696/1012/663 697/1013/397 685/997/71
f 685/997/71 697/1013/397 698/1014/664 686/998/654
f 686/999/654 698/1015/664 699/1016/665 687/1000/655
f 687/1000/655 699/1016/665 700/1017/666 688/1001/656
f 688/1001/656 700/1017/666 701/1018/667 689/1002/657
f 689/1003/657 701/1019/667 702/1020/668 690/1004/658
f 690/1004/658 702/1020/668 691/1005/403 679/989/50
f 691/1005/403 703/1021/415 704/1022/669 692/1006/659
f 692/1007/659 704/1023/669 705/1024/670 693/1008/660
f 693/1008/660 705/1024/670 706/1025/671 694/1009/661
f 694/1009/661 706/1025/671 707/1026/672 695/1010/662
f 695/1011/662 707/1027/672 708/1028/673 696/1012/663
f 696/1012/663 708/1028/673 709/1029/409 697/1013/397
f 697/1013/397 709/1029/409 710/1030/674 698/1014/664
f 698/1015/664 710/1031/674 711/1032/675 699/1016/665
f 699/1016/665 711/1032/675 712/1033/676 700/1017/666
f 700/1017/666 712/1033/676 713/1034/677 701/1018/667
f 701/1019/667 713/1035/677 714/1036/678 702/1020/668
f 702/1020/668 714/1036/678 703/1021/415 691/1005/403
f 703/1021/415 715/1037/427 716/1038/679 704/1022/669
f 704/1023/669 716/1039/679 717/1040/680 705/1024/670
f 705/1024/670 717/1040/680 718/1041/681 706/1025/671
f 706/1025/671 718/1041/681 719/1042/682 707/1026/672
f 707/1027/672 719/1043/682 720/1044/683 708/1028/673
f 708/1028/673 720/1044/683 721/1045/421 709/1029/409
f 709/1029/409 721/1045/421 722/1046/684 710/1030/674
f 710/1031/674 722/1047/684 723/1048/685 711/1032/675
f 711/1032/675 723/1048/685 724/1049/686 712/1033/676
f 712/1033/676 724/1049/686 725/1050/687 713/1034/677
f 713/1035/677 725/1051/687 726/1052/688 714/1036/678
f 714/1036/678 726/1052/688 715/1037/427 703/1021/415
f 715/1037/427 727/1053/439 728/1054/689 716/1038/679
f 716/1039/679 728/1055/689 729/1056/690 717/1040/680
f 717/1040/680 729/1056/690 730/1057/691 718/1041/681
f 718/1041/681 730/1057/691 731/1058/692 719/1042/682
f 719/1043/682 731/1059/692 732/1060/693 720/1044/683
f 720/1044/683 732/1060/693 733/1061/433 721/1045/421
f 721/1045/421 733/1061/433 734/1062/694 722/1046/684
f 722/1047/684 734/1063/694 735/1064/695 723/1048/685
f 723/1048/685 735/1064/695 736/1065/696 724/1049/686
f 724/1049/686 736/1065/696 737/1066/697 725/1050/687
f 725/1051/687 737/1067/697 738/1068/698 726/1052/688
f 726/1052/688 738/1068/698 727/1053/439 715/1037/427
f 727/1053/439 739/1069/451 740/1070/699 728/1054/689
f 728/1055/689 740/1071/699 741/1072/700 729/1056/690
f 729/1056/690 741/1072/700 742/1073/701 730/1057/691
f 730/1057/691 742/1073/701 743/1074/702 731/1058/692
f 731/1059/692 743/1075/702 744/1076/703 732/1060/693
f 732/1060/693 744/1076/703 745/1077/445 733/1061/433
f 733/1061/433 745/1077/445 746/1078/704 734/1062/694
f 734/1063/694 746/1079/704 747/1080/705 735/1064/695
f 735/1064/695 747/1080/705 748/1081/706 736/1065/696
f 736/1065/696 748/1081/706 749/1082/707 737/1066/697
f 737/1067/697 749/1083/707 750/1084/708 738/1068/698
f 738/1068/698 750/1084/708 739/1069/451 727/1053/439
f 739/1069/451 751/1085/463 752/1086/709 740/1070/699
f 740/1071/699 752/1087/709 753/1088/710 741/1072/700
f 741/1072/700 753/1088/710 754/1089/711 742/1073/701
f 742/1073/701 754/1089/711 755/1090/712 743/1074/702
f 743/1075/702 755/1091/712 756/1092/713 744/1076/703
f 744/1076/703 756/1092/713 757/1093/457 745/1077/445
f 745/1077/445 757/1093/457 758/1094/714 746/1078/704
f 746/1079/704 758/1095/714 759/1096/715 747/1080/705
f 747/1080/705 759/1096/715 760/1097/716 748/1081/706
f 748/1081/706 760/1097/716 761/1098/717 749/1082/707
f 749/1083/707 761/1099/717 762/1100/718 750/1084/708
f 750/1084/708 762/1100/718 751/1085/463 739/1069/451
f 751/1085/463 763/1101/475 764/1102/719 752/1086/709
f 752/1087/709 764/1103/719 765/1104/720 753/1088/710
f 753/1088/710 765/1104/720 766/1105/721 754/1089/711
f 754/1089/711 766/1105/721 767/1106/722 755/1090/712
f 755/1091/712 767/1107/722 768/1108/723 756/1092/713
f 756/1092/713 768/1108/723 769/1109/469 757/1093/457
f 757/1093/457 769/1109/469 770/1110/724 758/1094/714
f 758/1095/714 770/1111/724 771/1112/725 759/1096/715
f 759/1096/715 771/1112/725 772/1113/726 760/1097/716
f 760/1097/716 772/1113/726 773/1114/727 761/1098/717
f 761/1099/717 773/1115/727 774/1116/728 762/1100/718
f 762/1100/718 774/1116/728 763/1101/475 751/1085/463
f 763/1101/475 775/1117/487 776/1118/729 764/1102/719
f 764/1103/719 776/1119/729 777/1120/730 765/1104/720
f 765/1104/720 777/1120/730 778/1121/731 766/1105/721
f 766/1105/721 778/1121/731 779/1122/732 767/1106/722
f 767/1107/722 779/1123/732 780/1124/733 768/1108/723
f 768/1108/723 780/1124/733 781/1125/481 769/1109/469
f 769/1109/469 781/1125/481 782/1126/734 770/1110/724
f 770/1111/724 782/1127/734 783/1128/735 771/1112/725
f 771/1112/725 783/1128/735 784/1129/736 772/1113/726
f 772/1113/726 784/1129/736 785/1130/737 773/1114/727
f 773/1115/727 785/1131/737 786/1132/738 774/1116/728
f 774/1116/728 786/1132/738 775/1117/487 763/1101/475
f 775/1133/487 787/1134/499 788/1135/739 776/1136/729
f 776/1119/729 788/1137/739 789/1138/740 777/1120/730
f 777/1120/730 789/1138/740 790/1139/741 778/1121/731
f 778/1121/731 790/1139/741 791/1140/742 779/1122/732
f 779/1122/732 791/1140/742 792/1141/743 780/1142/733
f 780/1143/733 792/1144/743 793/1145/493 781/1146/481
f 781/1146/481 793/1145/493 794/1147/744 782/1148/734
f 782/1127/734 794/1149/744 795/1150/745 783/1128/735
f 783/1128/735 795/1150/745 796/1151/746 784/1129/736
f 784/1129/736 796/1151/746 797/1152/747 785/1130/737
f 785/1130/737 797/1152/747 798/1153/748 786/1154/738
f 786/1155/738 798/1156/748 787/1134/499 775/1133/487
f 787/1134/499 799/1157/511 800/1158/749 788/1135/739
f 788/1137/739 800/1159/749 801/1160/750 789/1138/740
f 789/1138/740 801/1160/750 802/1161/751 790/1139/741
f 790/1139/741 802/1161/751 803/1162/752 791/1140/742
f 791/1163/742 803/1164/752 804/1165/753 792/1144/743
f 792/1144/743 804/1165/753 805/1166/505 793/1145/493
f 793/1145/493 805/1166/505 806/1167/754 794/1147/744
f 794/1149/744 806/1168/754 807/1169/755 795/1150/745
f 795/1150/745 807/1169/755 808/1170/756 796/1151/746
f 796/1151/746 808/1170/756 809/1171/757 797/1152/747
f 797/1172/747 809/1173/757 810/1174/758 798/1156/748
f 798/1156/748 810/1174/758 799/1157/511 787/1134/499
f 799/1157/511 811/1175/523 812/1176/759 800/1158/749
f 800/1159/749 812/1177/759 813/1178/760 801/1160/750
f 801/1160/750 813/1178/760 814/1179/761 802/1161/751
f 802/1161/751 814/1179/761 815/1180/762 803/1162/752
f 803/1164/752 815/1181/762 816/1182/763 804/1165/753
f 804/1165/753 816/1182/763 817/1183/517 805/1166/505
f 805/1166/505 817/1183/517 818/1184/764 806/1167/754
f 806/1168/754 818/1185/764 819/1186/765 807/1169/755
f 807/1169/755 819/1186/765 820/1187/766 808/1170/756
f 808/1170/756 820/1187/766 821/1188/767 809/1171/757
f 809/1173/757 821/1189/767 822/1190/768 810/1174/758
f 810/1174/758 822/1190/768 811/1175/523 799/1157/511
f 811/1175/523 247/379/243 248/382/244 812/1176/759
f 812/1177/759 248/383/244 249/386/245 813/1178/760
f 813/1178/760 249/386/245 250/388/246 814/1179/761
f 814/1179/761 250/388/246 251/390/247 815/1180/762
f 815/1181/762 251/391/247 252/394/248 816/1182/763
f 816/1182/763 252/394/248 253/396/249 817/1183/517
f 817/1183/517 253/396/249 254/398/250 818/1184/764
f 818/1185/764 254/399/250 255/402/251 819/1186/765
f 819/1186/765 255/402/251 256/404/252 820/1187/766
f 820/1187/766 256/404/252 257/406/253 821/1188/767
f 821/1189/767 257/407/253 258/410/254 822/1190/768
f 822/1190/768 258/410/254 247/379/243 811/1175/523
f 823/1191/203 836/1192/780 835/1193/779
f 824/1194/769 836/1192/780 838/1195/782
f 823/1191/203 835/1193/779 840/1196/784
f 823/1191/203 840/1196/784 842/1197/786
f 823/1191/203 842/1197/786 839/1198/783
f 824/1199/769 838/1200/782 845/1201/225
f 825/1202/770 837/1203/781 847/1204/50
f 826/1205/771 841/1206/785 849/1207/228
f 827/1208/772 843/1209/787 851/1210/230
f 828/1211/773 844/1212/788 853/1213/232
f 824/1214/769 845/1215/225 848/1216/227
f 825/1202/770 847/1204/50 850/1217/229
f 826/1205/771 849/1207/228 852/1218/231
f 827/1208/772 851/1210/230 854/1219/71
f 828/1211/773 853/1213/232 846/1220/226
f 829/1221/774 855/1222/789 860/1223/794
f 830/1224/775 856/1225/790 862/1226/796
f 831/1227/776 857/1228/791 863/1229/797
f 832/1230/777 858/1231/792 864/1232/798
f 833/1233/778 859/1234/793 861/1235/795
f 861/1235/795 864/1232/798 834/1236/214
f 861/1235/795 859/1234/793 864/1232/798
f 859/1234/793 832/1230/777 864/1232/798
f 864/1232/798 863/1229/797 834/1236/214
f 864/1232/798 858/1231/792 863/1229/797
f 858/1231/792 831/1227/776 863/1229/797
f 863/1229/797 862/1226/796 834/1236/214
f 863/1229/797 857/1228/791 862/1226/796
f 857/1237/791 830/1238/775 862/1239/796
f 862/1226/796 860/1223/794 834/1236/214
f 862/1226/796 856/1225/790 860/1223/794
f 856/1225/790 829/1221/774 860/1223/794
f 860/1223/794 861/1235/795 834/1236/214
f 860/1223/794 855/1222/789 861/1235/795
f 855/1222/789 833/1233/778 861/1235/795
f 846/1220/226 859/1240/793 833/1241/778
f 846/1220/226 853/1213/232 859/1240/793
f 853/1213/232 832/1242/777 859/1240/793
f 854/1219/71 858/1243/792 832/1244/777
f 854/1219/71 851/1210/230 858/1243/792
f 851/1210/230 831/1245/776 858/1243/792
f 852/1218/231 857/1237/791 831/1246/776
f 852/1218/231 849/1207/228 857/1237/791
f 849/1207/228 830/1238/775 857/1237/791
f 850/1247/229 856/1248/790 830/1238/775
f 850/1217/229 847/1204/50 856/1249/790
f 847/1204/50 829/1250/774 856/1249/790
f 848/1216/227 855/1251/789 829/1250/774
f 848/1216/227 845/1215/225 855/1251/789
f 845/1201/225 833/1241/778 855/1252/789
f 853/1253/232 854/1219/71 832/1244/777
f 853/1253/232 844/1254/788 854/1219/71
f 844/1254/788 827/1208/772 854/1219/71
f 851/1210/230 852/1255/231 831/1245/776
f 851/1210/230 843/1209/787 852/1255/231
f 843/1256/787 826/1205/771 852/1218/231
f 849/1207/228 850/1247/229 830/1238/775
f 849/1207/228 841/1206/785 850/1247/229
f 841/1206/785 825/1257/770 850/1247/229
f 847/1204/50 848/1216/227 829/1250/774
f 847/1204/50 837/1203/781 848/1216/227
f 837/1203/781 824/1214/769 848/1216/227
f 845/1201/225 846/1220/226 833/1241/778
f 845/1201/225 838/1200/782 846/1220/226
f 838/1200/782 828/1211/773 846/1220/226
f 839/1198/783 844/1258/788 828/1259/773
f 839/1198/783 842/1197/786 844/1258/788
f 842/1197/786 827/1260/772 844/1258/788
f 842/1197/786 843/1261/787 827/1260/772
f 842/1197/786 840/1196/784 843/1261/787
f 840/1196/784 826/1262/771 843/1261/787
f 840/1196/784 841/1263/785 826/1262/771
f 840/1196/784 835/1193/779 841/1263/785
f 835/1193/779 825/1264/770 841/1263/785
f 838/1200/782 839/1265/783 828/1211/773
f 838/1195/782 836/1192/780 839/1198/783
f 836/1192/780 823/1191/203 839/1198/783
f 835/1193/779 837/1266/781 825/1264/770
f 835/1193/779 836/1192/780 837/1266/781
f 836/1192/780 824/1194/769 837/1266/781
