# axis-converted-to-Y-up
# Blender 5.1.1
# www.blender.org
mtllib prop_scarecrow.mtl
o prop_scarecrow
v 0.000000 0.000000 0.045000
v 0.000000 1.900000 0.045000
v -0.026450 0.000000 0.036406
v -0.026450 1.900000 0.036406
v -0.042798 0.000000 0.013906
v -0.042798 1.900000 0.013906
v -0.042798 0.000000 -0.013906
v -0.042798 1.900000 -0.013906
v -0.026450 0.000000 -0.036406
v -0.026450 1.900000 -0.036406
v 0.000000 0.000000 -0.045000
v 0.000000 1.900000 -0.045000
v 0.026450 0.000000 -0.036406
v 0.026450 1.900000 -0.036406
v 0.042798 0.000000 -0.013906
v 0.042798 1.900000 -0.013906
v 0.042798 0.000000 0.013906
v 0.042798 1.900000 0.013906
v 0.026450 0.000000 0.036406
v 0.026450 1.900000 0.036406
v 0.500000 1.450000 0.035000
v -0.500000 1.450000 0.035000
v 0.500000 1.429428 0.028316
v -0.500000 1.429428 0.028316
v 0.500000 1.416713 0.010816
v -0.500000 1.416713 0.010816
v 0.500000 1.416713 -0.010816
v -0.500000 1.416713 -0.010816
v 0.500000 1.429428 -0.028316
v -0.500000 1.429428 -0.028316
v 0.500000 1.450000 -0.035000
v -0.500000 1.450000 -0.035000
v 0.500000 1.470573 -0.028316
v -0.500000 1.470572 -0.028316
v 0.500000 1.483287 -0.010816
v -0.500000 1.483287 -0.010816
v 0.500000 1.483287 0.010816
v -0.500000 1.483287 0.010816
v 0.500000 1.470573 0.028316
v -0.500000 1.470572 0.028316
v 0.170000 0.900000 -0.110000
v 0.170000 1.420000 -0.110000
v 0.170000 0.900000 0.110000
v 0.170000 1.420000 0.110000
v -0.170000 0.900000 -0.110000
v -0.170000 1.420000 -0.110000
v -0.170000 0.900000 0.110000
v -0.170000 1.420000 0.110000
v 0.190000 0.885000 -0.120000
v 0.190000 0.955000 -0.120000
v 0.190000 0.885000 0.120000
v 0.190000 0.955000 0.120000
v -0.190000 0.885000 -0.120000
v -0.190000 0.955000 -0.120000
v -0.190000 0.885000 0.120000
v -0.190000 0.955000 0.120000
v -0.190000 1.380000 -0.080000
v -0.190000 1.520000 -0.080000
v -0.190000 1.380000 0.080000
v -0.190000 1.520000 0.080000
v -0.530000 1.380000 -0.080000
v -0.530000 1.520000 -0.080000
v -0.530000 1.380000 0.080000
v -0.530000 1.520000 0.080000
v -0.515000 1.370000 -0.090000
v -0.515000 1.530000 -0.090000
v -0.515000 1.370000 0.090000
v -0.515000 1.530000 0.090000
v -0.565000 1.370000 -0.090000
v -0.565000 1.530000 -0.090000
v -0.565000 1.370000 0.090000
v -0.565000 1.530000 0.090000
v 0.530000 1.380000 -0.080000
v 0.530000 1.520000 -0.080000
v 0.530000 1.380000 0.080000
v 0.530000 1.520000 0.080000
v 0.190000 1.380000 -0.080000
v 0.190000 1.520000 -0.080000
v 0.190000 1.380000 0.080000
v 0.190000 1.520000 0.080000
v 0.565000 1.370000 -0.090000
v 0.565000 1.530000 -0.090000
v 0.565000 1.370000 0.090000
v 0.565000 1.530000 0.090000
v 0.515000 1.370000 -0.090000
v 0.515000 1.530000 -0.090000
v 0.515000 1.370000 0.090000
v 0.515000 1.530000 0.090000
v 0.000000 1.544000 -0.000000
v -0.115777 1.641289 -0.079910
v 0.044222 1.641289 -0.129299
v 0.143108 1.641290 -0.000000
v 0.044222 1.641289 0.129299
v -0.115777 1.641289 0.079910
v -0.044222 1.798711 -0.129299
v 0.115777 1.798711 -0.079910
v 0.115777 1.798711 0.079910
v -0.044222 1.798711 0.129299
v -0.143108 1.798710 -0.000000
v 0.000000 1.896000 -0.000000
v 0.025993 1.570285 -0.075999
v -0.068052 1.570285 -0.046970
v -0.042059 1.627470 -0.122970
v -0.136104 1.627470 -0.000000
v -0.068052 1.570285 0.046970
v 0.084117 1.570285 -0.000000
v 0.110110 1.627470 -0.076000
v 0.025993 1.570285 0.075999
v 0.110110 1.627470 0.076000
v -0.042059 1.627470 0.122970
v -0.152169 1.720000 -0.046970
v -0.152169 1.720000 0.046970
v 0.000000 1.720000 -0.152000
v -0.094046 1.720000 -0.122971
v 0.152169 1.720000 -0.046970
v 0.094046 1.720000 -0.122971
v 0.094046 1.720000 0.122971
v 0.152169 1.720000 0.046970
v -0.094046 1.720000 0.122971
v 0.000000 1.720000 0.152000
v -0.110110 1.812530 -0.076000
v 0.042059 1.812530 -0.122970
v 0.136104 1.812530 -0.000000
v 0.042059 1.812530 0.122970
v -0.110110 1.812530 0.076000
v -0.025993 1.869715 -0.075999
v -0.084117 1.869715 -0.000000
v 0.068052 1.869715 -0.046970
v 0.068052 1.869715 0.046970
v -0.025993 1.869715 0.075999
v 0.000000 1.850000 0.320000
v 0.000000 2.150000 0.020000
v -0.138843 1.850000 0.288310
v -0.008678 2.150000 0.018019
v -0.250186 1.850000 0.199517
v -0.015637 2.150000 0.012470
v -0.311977 1.850000 0.071207
v -0.019499 2.150000 0.004450
v -0.311977 1.850000 -0.071207
v -0.019499 2.150000 -0.004450
v -0.250186 1.850000 -0.199517
v -0.015637 2.150000 -0.012470
v -0.138843 1.850000 -0.288310
v -0.008678 2.150000 -0.018019
v 0.000000 1.850000 -0.320000
v 0.000000 2.150000 -0.020000
v 0.138843 1.850000 -0.288310
v 0.008678 2.150000 -0.018019
v 0.250186 1.850000 -0.199517
v 0.015637 2.150000 -0.012470
v 0.311977 1.850000 -0.071207
v 0.019499 2.150000 -0.004450
v 0.311977 1.850000 0.071207
v 0.019499 2.150000 0.004450
v 0.250186 1.850000 0.199517
v 0.015637 2.150000 0.012470
v 0.138843 1.850000 0.288310
v 0.008678 2.150000 0.018019
v -0.192000 1.900000 -0.000000
v -0.189053 1.911000 -0.000000
v -0.181000 1.919052 -0.000000
v -0.170000 1.922000 -0.000000
v -0.159000 1.919052 -0.000000
v -0.150947 1.911000 -0.000000
v -0.148000 1.900000 -0.000000
v -0.150947 1.889000 -0.000000
v -0.159000 1.880947 -0.000000
v -0.170000 1.878000 -0.000000
v -0.181000 1.880947 -0.000000
v -0.189053 1.889000 -0.000000
v -0.190357 1.900000 0.025061
v -0.187435 1.911000 0.024676
v -0.179452 1.919052 0.023625
v -0.168546 1.922000 0.022189
v -0.157640 1.919052 0.020754
v -0.149656 1.911000 0.019703
v -0.146734 1.900000 0.019318
v -0.149656 1.889000 0.019703
v -0.157640 1.880947 0.020754
v -0.168546 1.878000 0.022189
v -0.179452 1.880947 0.023625
v -0.187435 1.889000 0.024676
v -0.185458 1.900000 0.049693
v -0.182611 1.911000 0.048930
v -0.174833 1.919052 0.046846
v -0.164207 1.922000 0.043999
v -0.153582 1.919052 0.041152
v -0.145804 1.911000 0.039068
v -0.142957 1.900000 0.038305
v -0.145804 1.889000 0.039068
v -0.153582 1.880947 0.041152
v -0.164207 1.878000 0.043999
v -0.174833 1.880947 0.046846
v -0.182611 1.889000 0.048930
v -0.177385 1.900000 0.073475
v -0.174662 1.911000 0.072347
v -0.167222 1.919052 0.069266
v -0.157060 1.922000 0.065056
v -0.146897 1.919052 0.060847
v -0.139457 1.911000 0.057765
v -0.136734 1.900000 0.056637
v -0.139457 1.889000 0.057765
v -0.146897 1.880947 0.060847
v -0.157060 1.878000 0.065056
v -0.167222 1.880947 0.069266
v -0.174662 1.889000 0.072347
v -0.166277 1.900000 0.096000
v -0.163724 1.911000 0.094526
v -0.156751 1.919052 0.090500
v -0.147224 1.922000 0.085000
v -0.137698 1.919052 0.079500
v -0.130724 1.911000 0.075474
v -0.128172 1.900000 0.074000
v -0.130724 1.889000 0.075474
v -0.137698 1.880947 0.079500
v -0.147224 1.878000 0.085000
v -0.156751 1.880947 0.090500
v -0.163724 1.889000 0.094526
v -0.152324 1.900000 0.116882
v -0.149986 1.911000 0.115088
v -0.143597 1.919052 0.110186
v -0.134870 1.922000 0.103489
v -0.126143 1.919052 0.096793
v -0.119755 1.911000 0.091891
v -0.117416 1.900000 0.090097
v -0.119755 1.889000 0.091891
v -0.126143 1.880947 0.096793
v -0.134870 1.878000 0.103489
v -0.143597 1.880947 0.110186
v -0.149986 1.889000 0.115088
v -0.135764 1.900000 0.135765
v -0.133680 1.911000 0.133680
v -0.127986 1.919052 0.127986
v -0.120208 1.922000 0.120208
v -0.112430 1.919052 0.112430
v -0.106736 1.911000 0.106736
v -0.104652 1.900000 0.104652
v -0.106736 1.889000 0.106736
v -0.112430 1.880947 0.112430
v -0.120208 1.878000 0.120208
v -0.127986 1.880947 0.127986
v -0.133680 1.889000 0.133680
v -0.116882 1.900000 0.152324
v -0.115088 1.911000 0.149985
v -0.110186 1.919052 0.143597
v -0.103489 1.922000 0.134870
v -0.096793 1.919052 0.126143
v -0.091891 1.911000 0.119755
v -0.090097 1.900000 0.117416
v -0.091891 1.889000 0.119755
v -0.096793 1.880947 0.126143
v -0.103489 1.878000 0.134870
v -0.110186 1.880947 0.143597
v -0.115088 1.889000 0.149985
v -0.096000 1.900000 0.166277
v -0.094526 1.911000 0.163724
v -0.090500 1.919052 0.156751
v -0.085000 1.922000 0.147224
v -0.079500 1.919052 0.137698
v -0.075474 1.911000 0.130724
v -0.074000 1.900000 0.128172
v -0.075474 1.889000 0.130724
v -0.079500 1.880947 0.137698
v -0.085000 1.878000 0.147224
v -0.090500 1.880947 0.156751
v -0.094526 1.889000 0.163724
v -0.073475 1.900000 0.177385
v -0.072347 1.911000 0.174662
v -0.069266 1.919052 0.167222
v -0.065056 1.922000 0.157060
v -0.060847 1.919052 0.146897
v -0.057765 1.911000 0.139457
v -0.056637 1.900000 0.136734
v -0.057765 1.889000 0.139457
v -0.060847 1.880947 0.146897
v -0.065056 1.878000 0.157060
v -0.069266 1.880947 0.167222
v -0.072347 1.889000 0.174662
v -0.049693 1.900000 0.185458
v -0.048930 1.911000 0.182611
v -0.046846 1.919052 0.174833
v -0.043999 1.922000 0.164207
v -0.041152 1.919052 0.153582
v -0.039068 1.911000 0.145804
v -0.038305 1.900000 0.142957
v -0.039068 1.889000 0.145804
v -0.041152 1.880947 0.153582
v -0.043999 1.878000 0.164207
v -0.046846 1.880947 0.174833
v -0.048930 1.889000 0.182611
v -0.025061 1.900000 0.190357
v -0.024676 1.911000 0.187435
v -0.023625 1.919052 0.179452
v -0.022189 1.922000 0.168546
v -0.020754 1.919052 0.157640
v -0.019703 1.911000 0.149656
v -0.019318 1.900000 0.146734
v -0.019703 1.889000 0.149656
v -0.020754 1.880947 0.157640
v -0.022189 1.878000 0.168546
v -0.023625 1.880947 0.179452
v -0.024676 1.889000 0.187435
v -0.000000 1.900000 0.192000
v -0.000000 1.911000 0.189053
v -0.000000 1.919052 0.181000
v -0.000000 1.922000 0.170000
v -0.000000 1.919052 0.159000
v -0.000000 1.911000 0.150947
v -0.000000 1.900000 0.148000
v -0.000000 1.889000 0.150947
v -0.000000 1.880947 0.159000
v -0.000000 1.878000 0.170000
v -0.000000 1.880947 0.181000
v -0.000000 1.889000 0.189053
v 0.025061 1.900000 0.190357
v 0.024676 1.911000 0.187435
v 0.023625 1.919052 0.179452
v 0.022189 1.922000 0.168546
v 0.020754 1.919052 0.157640
v 0.019703 1.911000 0.149656
v 0.019318 1.900000 0.146734
v 0.019703 1.889000 0.149656
v 0.020754 1.880947 0.157640
v 0.022189 1.878000 0.168546
v 0.023625 1.880947 0.179452
v 0.024676 1.889000 0.187435
v 0.049693 1.900000 0.185458
v 0.048930 1.911000 0.182611
v 0.046846 1.919052 0.174833
v 0.043999 1.922000 0.164207
v 0.041152 1.919052 0.153582
v 0.039068 1.911000 0.145804
v 0.038305 1.900000 0.142957
v 0.039068 1.889000 0.145804
v 0.041152 1.880947 0.153582
v 0.043999 1.878000 0.164207
v 0.046846 1.880947 0.174833
v 0.048930 1.889000 0.182611
v 0.073475 1.900000 0.177385
v 0.072347 1.911000 0.174662
v 0.069266 1.919052 0.167222
v 0.065056 1.922000 0.157060
v 0.060847 1.919052 0.146897
v 0.057765 1.911000 0.139457
v 0.056637 1.900000 0.136734
v 0.057765 1.889000 0.139457
v 0.060847 1.880947 0.146897
v 0.065056 1.878000 0.157060
v 0.069266 1.880947 0.167222
v 0.072347 1.889000 0.174662
v 0.096000 1.900000 0.166277
v 0.094526 1.911000 0.163724
v 0.090500 1.919052 0.156751
v 0.085000 1.922000 0.147224
v 0.079500 1.919052 0.137698
v 0.075474 1.911000 0.130724
v 0.074000 1.900000 0.128172
v 0.075474 1.889000 0.130724
v 0.079500 1.880947 0.137698
v 0.085000 1.878000 0.147224
v 0.090500 1.880947 0.156751
v 0.094526 1.889000 0.163724
v 0.116882 1.900000 0.152324
v 0.115088 1.911000 0.149985
v 0.110186 1.919052 0.143597
v 0.103489 1.922000 0.134870
v 0.096793 1.919052 0.126143
v 0.091891 1.911000 0.119755
v 0.090097 1.900000 0.117416
v 0.091891 1.889000 0.119755
v 0.096793 1.880947 0.126143
v 0.103489 1.878000 0.134870
v 0.110186 1.880947 0.143597
v 0.115088 1.889000 0.149985
v 0.135765 1.900000 0.135764
v 0.133680 1.911000 0.133680
v 0.127986 1.919052 0.127986
v 0.120208 1.922000 0.120208
v 0.112430 1.919052 0.112430
v 0.106736 1.911000 0.106736
v 0.104652 1.900000 0.104652
v 0.106736 1.889000 0.106736
v 0.112430 1.880947 0.112430
v 0.120208 1.878000 0.120208
v 0.127986 1.880947 0.127986
v 0.133680 1.889000 0.133680
v 0.152324 1.900000 0.116882
v 0.149985 1.911000 0.115088
v 0.143597 1.919052 0.110186
v 0.134870 1.922000 0.103489
v 0.126143 1.919052 0.096793
v 0.119755 1.911000 0.091891
v 0.117416 1.900000 0.090097
v 0.119755 1.889000 0.091891
v 0.126143 1.880947 0.096793
v 0.134870 1.878000 0.103489
v 0.143597 1.880947 0.110186
v 0.149985 1.889000 0.115088
v 0.166277 1.900000 0.096000
v 0.163724 1.911000 0.094526
v 0.156751 1.919052 0.090500
v 0.147224 1.922000 0.085000
v 0.137698 1.919052 0.079500
v 0.130724 1.911000 0.075474
v 0.128172 1.900000 0.074000
v 0.130724 1.889000 0.075474
v 0.137698 1.880947 0.079500
v 0.147224 1.878000 0.085000
v 0.156751 1.880947 0.090500
v 0.163724 1.889000 0.094526
v 0.177385 1.900000 0.073475
v 0.174662 1.911000 0.072347
v 0.167222 1.919052 0.069266
v 0.157060 1.922000 0.065056
v 0.146897 1.919052 0.060847
v 0.139457 1.911000 0.057765
v 0.136734 1.900000 0.056637
v 0.139457 1.889000 0.057765
v 0.146897 1.880947 0.060847
v 0.157060 1.878000 0.065056
v 0.167222 1.880947 0.069266
v 0.174662 1.889000 0.072347
v 0.185458 1.900000 0.049693
v 0.182611 1.911000 0.048930
v 0.174833 1.919052 0.046846
v 0.164207 1.922000 0.043999
v 0.153582 1.919052 0.041152
v 0.145804 1.911000 0.039068
v 0.142957 1.900000 0.038305
v 0.145804 1.889000 0.039068
v 0.153582 1.880947 0.041152
v 0.164207 1.878000 0.043999
v 0.174833 1.880947 0.046846
v 0.182611 1.889000 0.048930
v 0.190357 1.900000 0.025061
v 0.187435 1.911000 0.024676
v 0.179452 1.919052 0.023625
v 0.168546 1.922000 0.022189
v 0.157640 1.919052 0.020754
v 0.149656 1.911000 0.019703
v 0.146734 1.900000 0.019318
v 0.149656 1.889000 0.019703
v 0.157640 1.880947 0.020754
v 0.168546 1.878000 0.022189
v 0.179452 1.880947 0.023625
v 0.187435 1.889000 0.024676
v 0.192000 1.900000 0.000000
v 0.189053 1.911000 0.000000
v 0.181000 1.919052 0.000000
v 0.170000 1.922000 0.000000
v 0.159000 1.919052 0.000000
v 0.150947 1.911000 0.000000
v 0.148000 1.900000 0.000000
v 0.150947 1.889000 0.000000
v 0.159000 1.880947 0.000000
v 0.170000 1.878000 0.000000
v 0.181000 1.880947 0.000000
v 0.189053 1.889000 0.000000
v 0.190357 1.900000 -0.025061
v 0.187435 1.911000 -0.024676
v 0.179452 1.919052 -0.023625
v 0.168546 1.922000 -0.022189
v 0.157640 1.919052 -0.020754
v 0.149656 1.911000 -0.019703
v 0.146734 1.900000 -0.019318
v 0.149656 1.889000 -0.019703
v 0.157640 1.880947 -0.020754
v 0.168546 1.878000 -0.022189
v 0.179452 1.880947 -0.023625
v 0.187435 1.889000 -0.024676
v 0.185458 1.900000 -0.049693
v 0.182611 1.911000 -0.048930
v 0.174833 1.919052 -0.046846
v 0.164207 1.922000 -0.043999
v 0.153582 1.919052 -0.041152
v 0.145804 1.911000 -0.039068
v 0.142957 1.900000 -0.038305
v 0.145804 1.889000 -0.039068
v 0.153582 1.880947 -0.041152
v 0.164207 1.878000 -0.043999
v 0.174833 1.880947 -0.046846
v 0.182611 1.889000 -0.048930
v 0.177385 1.900000 -0.073475
v 0.174662 1.911000 -0.072347
v 0.167222 1.919052 -0.069266
v 0.157060 1.922000 -0.065056
v 0.146897 1.919052 -0.060847
v 0.139457 1.911000 -0.057765
v 0.136734 1.900000 -0.056637
v 0.139457 1.889000 -0.057765
v 0.146897 1.880947 -0.060847
v 0.157060 1.878000 -0.065056
v 0.167222 1.880947 -0.069266
v 0.174662 1.889000 -0.072347
v 0.166277 1.900000 -0.096000
v 0.163724 1.911000 -0.094526
v 0.156751 1.919052 -0.090500
v 0.147224 1.922000 -0.085000
v 0.137698 1.919052 -0.079500
v 0.130724 1.911000 -0.075474
v 0.128172 1.900000 -0.074000
v 0.130724 1.889000 -0.075474
v 0.137698 1.880947 -0.079500
v 0.147224 1.878000 -0.085000
v 0.156751 1.880947 -0.090500
v 0.163724 1.889000 -0.094526
v 0.152324 1.900000 -0.116882
v 0.149985 1.911000 -0.115088
v 0.143597 1.919052 -0.110186
v 0.134870 1.922000 -0.103489
v 0.126143 1.919052 -0.096793
v 0.119755 1.911000 -0.091891
v 0.117416 1.900000 -0.090097
v 0.119755 1.889000 -0.091891
v 0.126143 1.880947 -0.096793
v 0.134870 1.878000 -0.103489
v 0.143597 1.880947 -0.110186
v 0.149985 1.889000 -0.115088
v 0.135765 1.900000 -0.135764
v 0.133680 1.911000 -0.133680
v 0.127986 1.919052 -0.127986
v 0.120208 1.922000 -0.120208
v 0.112430 1.919052 -0.112430
v 0.106736 1.911000 -0.106736
v 0.104652 1.900000 -0.104652
v 0.106736 1.889000 -0.106736
v 0.112430 1.880947 -0.112430
v 0.120208 1.878000 -0.120208
v 0.127986 1.880947 -0.127986
v 0.133680 1.889000 -0.133680
v 0.116882 1.900000 -0.152324
v 0.115088 1.911000 -0.149985
v 0.110186 1.919052 -0.143597
v 0.103490 1.922000 -0.134870
v 0.096793 1.919052 -0.126143
v 0.091891 1.911000 -0.119755
v 0.090097 1.900000 -0.117416
v 0.091891 1.889000 -0.119755
v 0.096793 1.880947 -0.126143
v 0.103490 1.878000 -0.134870
v 0.110186 1.880947 -0.143597
v 0.115088 1.889000 -0.149985
v 0.096000 1.900000 -0.166277
v 0.094526 1.911000 -0.163724
v 0.090500 1.919052 -0.156751
v 0.085000 1.922000 -0.147224
v 0.079500 1.919052 -0.137698
v 0.075474 1.911000 -0.130724
v 0.074000 1.900000 -0.128172
v 0.075474 1.889000 -0.130724
v 0.079500 1.880947 -0.137698
v 0.085000 1.878000 -0.147224
v 0.090500 1.880947 -0.156751
v 0.094526 1.889000 -0.163724
v 0.073475 1.900000 -0.177385
v 0.072347 1.911000 -0.174662
v 0.069266 1.919052 -0.167222
v 0.065056 1.922000 -0.157060
v 0.060847 1.919052 -0.146897
v 0.057765 1.911000 -0.139457
v 0.056637 1.900000 -0.136734
v 0.057765 1.889000 -0.139457
v 0.060847 1.880947 -0.146897
v 0.065056 1.878000 -0.157060
v 0.069266 1.880947 -0.167222
v 0.072347 1.889000 -0.174662
v 0.049693 1.900000 -0.185458
v 0.048930 1.911000 -0.182611
v 0.046846 1.919052 -0.174833
v 0.043999 1.922000 -0.164207
v 0.041152 1.919052 -0.153582
v 0.039068 1.911000 -0.145804
v 0.038305 1.900000 -0.142957
v 0.039068 1.889000 -0.145804
v 0.041152 1.880947 -0.153582
v 0.043999 1.878000 -0.164207
v 0.046846 1.880947 -0.174833
v 0.048930 1.889000 -0.182611
v 0.025061 1.900000 -0.190357
v 0.024676 1.911000 -0.187435
v 0.023625 1.919052 -0.179451
v 0.022190 1.922000 -0.168546
v 0.020754 1.919052 -0.157640
v 0.019703 1.911000 -0.149656
v 0.019318 1.900000 -0.146734
v 0.019703 1.889000 -0.149656
v 0.020754 1.880947 -0.157640
v 0.022190 1.878000 -0.168546
v 0.023625 1.880947 -0.179451
v 0.024676 1.889000 -0.187435
v -0.000000 1.900000 -0.192000
v -0.000000 1.911000 -0.189053
v -0.000000 1.919052 -0.181000
v -0.000000 1.922000 -0.170000
v -0.000000 1.919052 -0.159000
v -0.000000 1.911000 -0.150947
v -0.000000 1.900000 -0.148000
v -0.000000 1.889000 -0.150947
v -0.000000 1.880947 -0.159000
v -0.000000 1.878000 -0.170000
v -0.000000 1.880947 -0.181000
v -0.000000 1.889000 -0.189053
v -0.025061 1.900000 -0.190357
v -0.024676 1.911000 -0.187435
v -0.023625 1.919052 -0.179452
v -0.022189 1.922000 -0.168546
v -0.020754 1.919052 -0.157640
v -0.019703 1.911000 -0.149656
v -0.019318 1.900000 -0.146734
v -0.019703 1.889000 -0.149656
v -0.020754 1.880947 -0.157640
v -0.022189 1.878000 -0.168546
v -0.023625 1.880947 -0.179452
v -0.024676 1.889000 -0.187435
v -0.049693 1.900000 -0.185458
v -0.048930 1.911000 -0.182611
v -0.046846 1.919052 -0.174833
v -0.043999 1.922000 -0.164207
v -0.041152 1.919052 -0.153582
v -0.039068 1.911000 -0.145804
v -0.038305 1.900000 -0.142957
v -0.039068 1.889000 -0.145804
v -0.041152 1.880947 -0.153582
v -0.043999 1.878000 -0.164207
v -0.046846 1.880947 -0.174833
v -0.048930 1.889000 -0.182611
v -0.073475 1.900000 -0.177385
v -0.072347 1.911000 -0.174662
v -0.069266 1.919052 -0.167222
v -0.065056 1.922000 -0.157060
v -0.060847 1.919052 -0.146897
v -0.057765 1.911000 -0.139457
v -0.056637 1.900000 -0.136734
v -0.057765 1.889000 -0.139457
v -0.060847 1.880947 -0.146897
v -0.065056 1.878000 -0.157060
v -0.069266 1.880947 -0.167222
v -0.072347 1.889000 -0.174662
v -0.096000 1.900000 -0.166277
v -0.094526 1.911000 -0.163724
v -0.090500 1.919052 -0.156751
v -0.085000 1.922000 -0.147224
v -0.079500 1.919052 -0.137698
v -0.075474 1.911000 -0.130724
v -0.074000 1.900000 -0.128172
v -0.075474 1.889000 -0.130724
v -0.079500 1.880947 -0.137698
v -0.085000 1.878000 -0.147224
v -0.090500 1.880947 -0.156751
v -0.094526 1.889000 -0.163724
v -0.116882 1.900000 -0.152324
v -0.115088 1.911000 -0.149986
v -0.110186 1.919052 -0.143597
v -0.103489 1.922000 -0.134870
v -0.096793 1.919052 -0.126143
v -0.091891 1.911000 -0.119755
v -0.090097 1.900000 -0.117416
v -0.091891 1.889000 -0.119755
v -0.096793 1.880947 -0.126143
v -0.103489 1.878000 -0.134870
v -0.110186 1.880947 -0.143597
v -0.115088 1.889000 -0.149986
v -0.135764 1.900000 -0.135765
v -0.133680 1.911000 -0.133680
v -0.127986 1.919052 -0.127986
v -0.120208 1.922000 -0.120208
v -0.112430 1.919052 -0.112430
v -0.106736 1.911000 -0.106736
v -0.104652 1.900000 -0.104652
v -0.106736 1.889000 -0.106736
v -0.112430 1.880947 -0.112430
v -0.120208 1.878000 -0.120208
v -0.127986 1.880947 -0.127986
v -0.133680 1.889000 -0.133680
v -0.152324 1.900000 -0.116882
v -0.149986 1.911000 -0.115088
v -0.143597 1.919052 -0.110186
v -0.134870 1.922000 -0.103489
v -0.126143 1.919052 -0.096793
v -0.119755 1.911000 -0.091891
v -0.117416 1.900000 -0.090097
v -0.119755 1.889000 -0.091891
v -0.126143 1.880947 -0.096793
v -0.134870 1.878000 -0.103489
v -0.143597 1.880947 -0.110186
v -0.149986 1.889000 -0.115088
v -0.166277 1.900000 -0.096000
v -0.163724 1.911000 -0.094526
v -0.156751 1.919052 -0.090500
v -0.147224 1.922000 -0.085000
v -0.137698 1.919052 -0.079500
v -0.130724 1.911000 -0.075474
v -0.128172 1.900000 -0.074000
v -0.130724 1.889000 -0.075474
v -0.137698 1.880947 -0.079500
v -0.147224 1.878000 -0.085000
v -0.156751 1.880947 -0.090500
v -0.163724 1.889000 -0.094526
v -0.177385 1.900000 -0.073475
v -0.174662 1.911000 -0.072347
v -0.167222 1.919052 -0.069266
v -0.157059 1.922000 -0.065056
v -0.146897 1.919052 -0.060847
v -0.139457 1.911000 -0.057765
v -0.136734 1.900000 -0.056637
v -0.139457 1.889000 -0.057765
v -0.146897 1.880947 -0.060847
v -0.157059 1.878000 -0.065056
v -0.167222 1.880947 -0.069266
v -0.174662 1.889000 -0.072347
v -0.185458 1.900000 -0.049693
v -0.182611 1.911000 -0.048930
v -0.174833 1.919052 -0.046846
v -0.164207 1.922000 -0.043999
v -0.153582 1.919052 -0.041152
v -0.145804 1.911000 -0.039068
v -0.142957 1.900000 -0.038305
v -0.145804 1.889000 -0.039068
v -0.153582 1.880947 -0.041152
v -0.164207 1.878000 -0.043999
v -0.174833 1.880947 -0.046846
v -0.182611 1.889000 -0.048930
v -0.190357 1.900000 -0.025061
v -0.187435 1.911000 -0.024676
v -0.179452 1.919052 -0.023625
v -0.168546 1.922000 -0.022189
v -0.157640 1.919052 -0.020754
v -0.149656 1.911000 -0.019703
v -0.146734 1.900000 -0.019318
v -0.149656 1.889000 -0.019703
v -0.157640 1.880947 -0.020754
v -0.168546 1.878000 -0.022189
v -0.179452 1.880947 -0.023625
v -0.187435 1.889000 -0.024676
v -0.035000 1.734000 0.140000
v -0.035000 1.746000 0.140000
v -0.035000 1.734000 0.150000
v -0.035000 1.746000 0.150000
v -0.085000 1.734000 0.140000
v -0.085000 1.746000 0.140000
v -0.085000 1.734000 0.150000
v -0.085000 1.746000 0.150000
v -0.054000 1.715000 0.140000
v -0.054000 1.765000 0.140000
v -0.054000 1.715000 0.150000
v -0.054000 1.765000 0.150000
v -0.066000 1.715000 0.140000
v -0.066000 1.765000 0.140000
v -0.066000 1.715000 0.150000
v -0.066000 1.765000 0.150000
v 0.085000 1.734000 0.140000
v 0.085000 1.746000 0.140000
v 0.085000 1.734000 0.150000
v 0.085000 1.746000 0.150000
v 0.035000 1.734000 0.140000
v 0.035000 1.746000 0.140000
v 0.035000 1.734000 0.150000
v 0.035000 1.746000 0.150000
v 0.066000 1.715000 0.140000
v 0.066000 1.765000 0.140000
v 0.066000 1.715000 0.150000
v 0.066000 1.765000 0.150000
v 0.054000 1.715000 0.140000
v 0.054000 1.765000 0.140000
v 0.054000 1.715000 0.150000
v 0.054000 1.765000 0.150000
v 0.040000 1.652500 0.145000
v 0.040000 1.667500 0.145000
v 0.040000 1.652500 0.155000
v 0.040000 1.667500 0.155000
v -0.040000 1.652500 0.145000
v -0.040000 1.667500 0.145000
v -0.040000 1.652500 0.155000
v -0.040000 1.667500 0.155000
v -0.058852 0.747275 0.018000
v -0.141148 0.972725 0.002000
v -0.074933 0.741405 0.005562
v -0.142935 0.972072 0.000618
v -0.068791 0.743647 -0.014562
v -0.142252 0.972322 -0.001618
v -0.048914 0.750903 -0.014562
v -0.140043 0.973128 -0.001618
v -0.042771 0.753145 0.005562
v -0.139361 0.973377 0.000618
v -0.038389 0.751954 0.127942
v -0.087479 0.973323 0.047680
v -0.054375 0.744966 0.115967
v -0.089255 0.972546 0.046350
v -0.046814 0.741072 0.096591
v -0.088415 0.972114 0.044197
v -0.026155 0.745653 0.096591
v -0.086119 0.972623 0.044197
v -0.020949 0.752379 0.115967
v -0.085541 0.973370 0.046350
v 0.013923 0.753267 0.154612
v 0.031102 0.973406 0.059221
v -0.003468 0.750449 0.142891
v 0.029170 0.973093 0.057918
v 0.002527 0.743226 0.123927
v 0.029836 0.972290 0.055811
v 0.023623 0.741580 0.123927
v 0.032180 0.972107 0.055811
v 0.030666 0.747785 0.142891
v 0.032963 0.972797 0.057918
v 0.054153 0.749819 0.079334
v 0.126979 0.973058 0.027212
v 0.037295 0.753339 0.067040
v 0.125106 0.973449 0.025846
v 0.042567 0.748417 0.047147
v 0.125692 0.972902 0.023636
v 0.062684 0.741854 0.047147
v 0.127927 0.972173 0.023636
v 0.069844 0.742721 0.067040
v 0.128723 0.972269 0.025846
v 0.052464 0.744641 -0.043749
v 0.126791 0.972482 -0.023258
v 0.036773 0.751739 -0.056043
v 0.125048 0.973271 -0.024624
v 0.043933 0.752606 -0.075936
v 0.125844 0.973367 -0.026835
v 0.064050 0.746043 -0.075936
v 0.128079 0.972638 -0.026835
v 0.069322 0.741121 -0.056043
v 0.128665 0.972091 -0.024624
v 0.012985 0.741256 -0.120688
v 0.030998 0.972071 -0.055451
v -0.003758 0.746738 -0.132408
v 0.029138 0.972681 -0.056753
v 0.003285 0.752943 -0.151372
v 0.029920 0.973370 -0.058861
v 0.024381 0.751297 -0.151372
v 0.032264 0.973187 -0.058861
v 0.030376 0.744074 -0.132408
v 0.032930 0.972385 -0.056753
v -0.036283 0.742456 -0.093282
v -0.087245 0.972268 -0.043829
v -0.053724 0.742031 -0.105256
v -0.089182 0.972220 -0.045159
v -0.048518 0.748756 -0.124632
v -0.088604 0.972968 -0.047312
v -0.027859 0.753337 -0.124632
v -0.086309 0.973477 -0.047312
v -0.020298 0.749444 -0.105256
v -0.085468 0.973044 -0.045159
vn -0.000000 -0.643700 0.765300
vn -0.000000 0.643700 0.765300
vn -0.449800 -0.643700 0.619100
vn -0.449800 0.643700 0.619100
vn -0.727800 -0.643700 0.236500
vn -0.727800 0.643700 0.236500
vn -0.727800 -0.643700 -0.236500
vn -0.727800 0.643700 -0.236500
vn -0.449800 -0.643700 -0.619100
vn -0.449800 0.643700 -0.619100
vn -0.000000 -0.643700 -0.765300
vn -0.000000 0.643700 -0.765300
vn 0.449800 -0.643700 -0.619100
vn 0.449800 0.643700 -0.619100
vn 0.727800 -0.643700 -0.236500
vn 0.727800 0.643700 -0.236500
vn 0.727800 -0.643700 0.236500
vn 0.727800 0.643700 0.236500
vn 0.449800 -0.643700 0.619100
vn 0.449800 0.643700 0.619100
vn 0.643700 -0.000000 0.765300
vn -0.643700 -0.000000 0.765300
vn 0.643700 -0.449800 0.619100
vn -0.643700 -0.449800 0.619100
vn 0.643700 -0.727800 0.236500
vn -0.643700 -0.727800 0.236500
vn 0.643700 -0.727800 -0.236500
vn -0.643700 -0.727800 -0.236500
vn 0.643700 -0.449800 -0.619100
vn -0.643700 -0.449800 -0.619100
vn 0.643700 -0.000000 -0.765300
vn -0.643700 -0.000000 -0.765300
vn 0.643700 0.449800 -0.619100
vn -0.643700 0.449800 -0.619100
vn 0.643700 0.727800 -0.236500
vn -0.643700 0.727800 -0.236500
vn 0.643700 0.727800 0.236500
vn -0.643700 0.727800 0.236500
vn 0.643700 0.449800 0.619100
vn -0.643700 0.449800 0.619100
vn 0.577400 -0.577400 -0.577400
vn 0.577400 0.577400 -0.577400
vn 0.577400 -0.577400 0.577400
vn 0.577400 0.577400 0.577400
vn -0.577400 -0.577400 -0.577400
vn -0.577400 0.577400 -0.577400
vn -0.577400 -0.577400 0.577400
vn -0.577400 0.577400 0.577400
vn -0.000000 -1.000000 0.000000
vn -0.725600 -0.414600 -0.549200
vn 0.271900 -0.406600 -0.872200
vn 0.907700 -0.419700 0.000000
vn 0.271900 -0.406600 0.872200
vn -0.725600 -0.414600 0.549200
vn -0.271900 0.406600 -0.872200
vn 0.725600 0.414600 -0.549200
vn 0.725600 0.414600 0.549200
vn -0.271900 0.406600 0.872200
vn -0.907700 0.419700 0.000000
vn -0.000000 1.000000 0.000000
vn 0.170100 -0.822000 -0.543400
vn -0.447700 -0.828000 -0.337600
vn -0.260300 -0.484400 -0.835200
vn -0.867200 -0.498000 0.000000
vn -0.447700 -0.828000 0.337600
vn 0.555200 -0.831700 0.000000
vn 0.693800 -0.492700 -0.525200
vn 0.170100 -0.822000 0.543400
vn 0.693800 -0.492700 0.525200
vn -0.260300 -0.484400 0.835200
vn -0.947400 -0.000300 -0.320200
vn -0.947400 -0.000300 0.320200
vn -0.000000 -0.000000 -1.000000
vn -0.572400 0.000500 -0.820000
vn 0.947400 0.000300 -0.320200
vn 0.572400 -0.000500 -0.820000
vn 0.572400 -0.000500 0.820000
vn 0.947400 0.000300 0.320200
vn -0.572400 0.000500 0.820000
vn -0.000000 -0.000000 1.000000
vn -0.693800 0.492700 -0.525200
vn 0.260300 0.484400 -0.835200
vn 0.867200 0.498000 0.000000
vn 0.260300 0.484400 0.835200
vn -0.693800 0.492700 0.525200
vn -0.170100 0.822000 -0.543400
vn -0.555200 0.831700 0.000000
vn 0.447700 0.828000 -0.337600
vn 0.447700 0.828000 0.337600
vn -0.170100 0.822000 0.543400
vn -0.000000 -0.343000 0.939300
vn -0.000000 0.904100 0.427300
vn -0.407600 -0.343000 0.846300
vn -0.185400 0.904100 0.385000
vn -0.734400 -0.343000 0.585700
vn -0.334100 0.904100 0.266400
vn -0.915800 -0.343000 0.209000
vn -0.416600 0.904100 0.095100
vn -0.915800 -0.343000 -0.209000
vn -0.416600 0.904100 -0.095100
vn -0.734400 -0.343000 -0.585700
vn -0.334100 0.904100 -0.266400
vn -0.407600 -0.343000 -0.846300
vn -0.185400 0.904100 -0.385000
vn -0.000000 -0.343000 -0.939300
vn -0.000000 0.904100 -0.427300
vn 0.407600 -0.343000 -0.846300
vn 0.185400 0.904100 -0.385000
vn 0.734400 -0.343000 -0.585700
vn 0.334100 0.904100 -0.266400
vn 0.915800 -0.343000 -0.209000
vn 0.416600 0.904100 -0.095100
vn 0.915800 -0.343000 0.209000
vn 0.416600 0.904100 0.095100
vn 0.734400 -0.343000 0.585700
vn 0.334100 0.904100 0.266400
vn 0.407600 -0.343000 0.846300
vn 0.185400 0.904100 0.385000
vn -1.000000 -0.000000 0.000000
vn -0.868700 0.495400 0.000000
vn -0.508000 0.861400 0.000000
vn -0.010800 0.999900 0.000000
vn 0.491800 0.870700 0.000000
vn 0.863300 0.504700 0.000000
vn 1.000000 -0.000000 0.000000
vn 0.863300 -0.504700 0.000000
vn 0.491800 -0.870700 0.000000
vn -0.010800 -0.999900 0.000000
vn -0.508000 -0.861400 0.000000
vn -0.868700 -0.495400 0.000000
vn -0.991400 -0.000000 0.130500
vn -0.861200 0.495400 0.113400
vn -0.503600 0.861400 0.066300
vn -0.010700 0.999900 0.001400
vn 0.487600 0.870700 -0.064200
vn 0.855900 0.504700 -0.112700
vn 0.991400 -0.000000 -0.130500
vn 0.855900 -0.504700 -0.112700
vn 0.487600 -0.870700 -0.064200
vn -0.010700 -0.999900 0.001400
vn -0.503600 -0.861400 0.066300
vn -0.861200 -0.495400 0.113400
vn -0.965900 -0.000000 0.258800
vn -0.839100 0.495400 0.224800
vn -0.490700 0.861400 0.131500
vn -0.010400 0.999900 0.002800
vn 0.475100 0.870700 -0.127300
vn 0.833900 0.504700 -0.223400
vn 0.965900 -0.000000 -0.258800
vn 0.833900 -0.504700 -0.223400
vn 0.475100 -0.870700 -0.127300
vn -0.010400 -0.999900 0.002800
vn -0.490700 -0.861400 0.131500
vn -0.839100 -0.495400 0.224800
vn -0.923900 -0.000000 0.382700
vn -0.802500 0.495400 0.332400
vn -0.469300 0.861400 0.194400
vn -0.010000 0.999900 0.004100
vn 0.454400 0.870700 -0.188200
vn 0.797600 0.504700 -0.330400
vn 0.923900 -0.000000 -0.382700
vn 0.797600 -0.504700 -0.330400
vn 0.454400 -0.870700 -0.188200
vn -0.010000 -0.999900 0.004100
vn -0.469300 -0.861400 0.194400
vn -0.802500 -0.495400 0.332400
vn -0.866000 -0.000000 0.500000
vn -0.752300 0.495400 0.434300
vn -0.439900 0.861400 0.254000
vn -0.009300 0.999900 0.005400
vn 0.425900 0.870700 -0.245900
vn 0.747600 0.504700 -0.431600
vn 0.866000 -0.000000 -0.500000
vn 0.747600 -0.504700 -0.431600
vn 0.425900 -0.870700 -0.245900
vn -0.009300 -0.999900 0.005400
vn -0.439900 -0.861400 0.254000
vn -0.752300 -0.495400 0.434300
vn -0.793400 -0.000000 0.608800
vn -0.689200 0.495400 0.528800
vn -0.403000 0.861400 0.309200
vn -0.008500 0.999900 0.006600
vn 0.390200 0.870700 -0.299400
vn 0.684900 0.504700 -0.525500
vn 0.793400 -0.000000 -0.608800
vn 0.684900 -0.504700 -0.525500
vn 0.390200 -0.870700 -0.299400
vn -0.008600 -0.999900 0.006600
vn -0.403000 -0.861400 0.309200
vn -0.689200 -0.495400 0.528800
vn -0.707100 -0.000000 0.707100
vn -0.614200 0.495400 0.614200
vn -0.359200 0.861400 0.359200
vn -0.007600 0.999900 0.007600
vn 0.347800 0.870700 -0.347800
vn 0.610400 0.504700 -0.610400
vn 0.707100 -0.000000 -0.707100
vn 0.610400 -0.504700 -0.610400
vn 0.347800 -0.870700 -0.347800
vn -0.007600 -0.999900 0.007600
vn -0.359200 -0.861400 0.359200
vn -0.614200 -0.495400 0.614200
vn -0.608800 -0.000000 0.793400
vn -0.528800 0.495400 0.689200
vn -0.309200 0.861400 0.403000
vn -0.006600 0.999900 0.008500
vn 0.299400 0.870700 -0.390200
vn 0.525500 0.504700 -0.684900
vn 0.608800 -0.000000 -0.793400
vn 0.525500 -0.504700 -0.684900
vn 0.299400 -0.870700 -0.390200
vn -0.006600 -0.999900 0.008500
vn -0.309300 -0.861400 0.403000
vn -0.528800 -0.495400 0.689200
vn -0.500000 -0.000000 0.866000
vn -0.434300 0.495400 0.752300
vn -0.254000 0.861400 0.439900
vn -0.005400 0.999900 0.009300
vn 0.245900 0.870700 -0.425900
vn 0.431600 0.504700 -0.747600
vn 0.500000 -0.000000 -0.866000
vn 0.431600 -0.504700 -0.747600
vn 0.245900 -0.870700 -0.425900
vn -0.005400 -0.999900 0.009300
vn -0.254000 -0.861400 0.439900
vn -0.434300 -0.495400 0.752300
vn -0.382700 -0.000000 0.923900
vn -0.332400 0.495400 0.802500
vn -0.194400 0.861400 0.469300
vn -0.004100 0.999900 0.010000
vn 0.188200 0.870700 -0.454400
vn 0.330400 0.504700 -0.797600
vn 0.382700 -0.000000 -0.923900
vn 0.330400 -0.504700 -0.797600
vn 0.188200 -0.870700 -0.454400
vn -0.004100 -0.999900 0.010000
vn -0.194400 -0.861400 0.469300
vn -0.332400 -0.495400 0.802500
vn -0.258800 -0.000000 0.965900
vn -0.224800 0.495400 0.839100
vn -0.131500 0.861400 0.490700
vn -0.002800 0.999900 0.010400
vn 0.127300 0.870700 -0.475100
vn 0.223400 0.504700 -0.833900
vn 0.258800 -0.000000 -0.965900
vn 0.223400 -0.504700 -0.833900
vn 0.127300 -0.870700 -0.475100
vn -0.002800 -0.999900 0.010400
vn -0.131500 -0.861400 0.490700
vn -0.224800 -0.495400 0.839100
vn -0.130500 -0.000000 0.991400
vn -0.113400 0.495400 0.861200
vn -0.066300 0.861400 0.503600
vn -0.001400 0.999900 0.010700
vn 0.064200 0.870700 -0.487600
vn 0.112700 0.504700 -0.855900
vn 0.130500 -0.000000 -0.991400
vn 0.112700 -0.504700 -0.855900
vn 0.064200 -0.870700 -0.487600
vn -0.001400 -0.999900 0.010700
vn -0.066300 -0.861400 0.503600
vn -0.113400 -0.495400 0.861200
vn -0.000000 0.495400 0.868700
vn -0.000000 0.861400 0.508000
vn -0.000000 0.999900 0.010800
vn -0.000000 0.870700 -0.491800
vn -0.000000 0.504700 -0.863300
vn -0.000000 -0.504700 -0.863300
vn -0.000000 -0.870700 -0.491800
vn -0.000000 -0.999900 0.010800
vn -0.000000 -0.861400 0.508000
vn -0.000000 -0.495400 0.868700
vn 0.130500 -0.000000 0.991400
vn 0.113400 0.495400 0.861200
vn 0.066300 0.861400 0.503600
vn 0.001400 0.999900 0.010700
vn -0.064200 0.870700 -0.487600
vn -0.112700 0.504700 -0.855900
vn -0.130500 -0.000000 -0.991400
vn -0.112700 -0.504700 -0.855900
vn -0.064200 -0.870700 -0.487600
vn 0.001400 -0.999900 0.010700
vn 0.066300 -0.861400 0.503600
vn 0.113400 -0.495400 0.861200
vn 0.258800 -0.000000 0.965900
vn 0.224800 0.495400 0.839100
vn 0.131500 0.861400 0.490700
vn 0.002800 0.999900 0.010400
vn -0.127300 0.870700 -0.475100
vn -0.223400 0.504700 -0.833900
vn -0.258800 -0.000000 -0.965900
vn -0.223400 -0.504700 -0.833900
vn -0.127300 -0.870700 -0.475100
vn 0.002800 -0.999900 0.010400
vn 0.131500 -0.861400 0.490700
vn 0.224800 -0.495400 0.839100
vn 0.382700 -0.000000 0.923900
vn 0.332400 0.495400 0.802500
vn 0.194400 0.861400 0.469300
vn 0.004100 0.999900 0.010000
vn -0.188200 0.870700 -0.454400
vn -0.330400 0.504700 -0.797600
vn -0.382700 -0.000000 -0.923900
vn -0.330400 -0.504700 -0.797600
vn -0.188200 -0.870700 -0.454400
vn 0.004100 -0.999900 0.010000
vn 0.194400 -0.861400 0.469300
vn 0.332400 -0.495400 0.802500
vn 0.500000 -0.000000 0.866000
vn 0.434300 0.495400 0.752300
vn 0.254000 0.861400 0.439900
vn 0.005400 0.999900 0.009300
vn -0.245900 0.870700 -0.425900
vn -0.431600 0.504700 -0.747600
vn -0.500000 -0.000000 -0.866000
vn -0.431600 -0.504700 -0.747600
vn -0.245900 -0.870700 -0.425900
vn 0.005400 -0.999900 0.009300
vn 0.254000 -0.861400 0.439900
vn 0.434300 -0.495400 0.752300
vn 0.608800 -0.000000 0.793400
vn 0.528800 0.495400 0.689200
vn 0.309200 0.861400 0.403000
vn 0.006600 0.999900 0.008500
vn -0.299400 0.870700 -0.390200
vn -0.525500 0.504700 -0.684900
vn -0.608800 -0.000000 -0.793400
vn -0.525500 -0.504700 -0.684900
vn -0.299400 -0.870700 -0.390200
vn 0.006600 -0.999900 0.008500
vn 0.309200 -0.861400 0.403000
vn 0.528800 -0.495400 0.689200
vn 0.707100 -0.000000 0.707100
vn 0.614200 0.495400 0.614200
vn 0.359200 0.861400 0.359200
vn 0.007600 0.999900 0.007600
vn -0.347800 0.870700 -0.347800
vn -0.610400 0.504700 -0.610400
vn -0.707100 -0.000000 -0.707100
vn -0.610400 -0.504700 -0.610400
vn -0.347800 -0.870700 -0.347800
vn 0.007600 -0.999900 0.007600
vn 0.359200 -0.861400 0.359200
vn 0.614200 -0.495400 0.614200
vn 0.793400 -0.000000 0.608800
vn 0.689200 0.495400 0.528800
vn 0.403000 0.861400 0.309200
vn 0.008600 0.999900 0.006600
vn -0.390200 0.870700 -0.299400
vn -0.684900 0.504700 -0.525500
vn -0.793400 -0.000000 -0.608800
vn -0.684900 -0.504700 -0.525500
vn -0.390200 -0.870700 -0.299400
vn 0.008600 -0.999900 0.006600
vn 0.403000 -0.861400 0.309200
vn 0.689200 -0.495400 0.528800
vn 0.866000 -0.000000 0.500000
vn 0.752300 0.495400 0.434300
vn 0.439900 0.861400 0.254000
vn 0.009300 0.999900 0.005400
vn -0.425900 0.870700 -0.245900
vn -0.747600 0.504700 -0.431600
vn -0.866000 -0.000000 -0.500000
vn -0.747600 -0.504700 -0.431600
vn -0.425900 -0.870700 -0.245900
vn 0.009300 -0.999900 0.005400
vn 0.439900 -0.861400 0.254000
vn 0.752300 -0.495400 0.434300
vn 0.923900 -0.000000 0.382700
vn 0.802500 0.495400 0.332400
vn 0.469300 0.861400 0.194400
vn 0.010000 0.999900 0.004100
vn -0.454400 0.870700 -0.188200
vn -0.797600 0.504700 -0.330400
vn -0.923900 -0.000000 -0.382700
vn -0.797600 -0.504700 -0.330400
vn -0.454400 -0.870700 -0.188200
vn 0.010000 -0.999900 0.004100
vn 0.469300 -0.861400 0.194400
vn 0.802500 -0.495400 0.332400
vn 0.965900 -0.000000 0.258800
vn 0.839100 0.495400 0.224800
vn 0.490700 0.861400 0.131500
vn 0.010400 0.999900 0.002800
vn -0.475100 0.870700 -0.127300
vn -0.833900 0.504700 -0.223400
vn -0.965900 -0.000000 -0.258800
vn -0.833900 -0.504700 -0.223400
vn -0.475100 -0.870700 -0.127300
vn 0.010400 -0.999900 0.002800
vn 0.490700 -0.861400 0.131500
vn 0.839100 -0.495400 0.224800
vn 0.991400 -0.000000 0.130500
vn 0.861200 0.495400 0.113400
vn 0.503600 0.861400 0.066300
vn 0.010700 0.999900 0.001400
vn -0.487600 0.870700 -0.064200
vn -0.855900 0.504700 -0.112700
vn -0.991400 -0.000000 -0.130500
vn -0.855900 -0.504700 -0.112700
vn -0.487600 -0.870700 -0.064200
vn 0.010700 -0.999900 0.001400
vn 0.503600 -0.861400 0.066300
vn 0.861200 -0.495400 0.113400
vn 0.868700 0.495400 0.000000
vn 0.508000 0.861400 0.000000
vn 0.010800 0.999900 0.000000
vn -0.491800 0.870700 0.000000
vn -0.863300 0.504700 0.000000
vn -0.863300 -0.504700 0.000000
vn -0.491800 -0.870700 0.000000
vn 0.010800 -0.999900 0.000000
vn 0.508000 -0.861400 0.000000
vn 0.868700 -0.495400 0.000000
vn 0.861200 0.495400 -0.113400
vn 0.503600 0.861400 -0.066300
vn 0.010700 0.999900 -0.001400
vn -0.487600 0.870700 0.064200
vn -0.855900 0.504700 0.112700
vn -0.855900 -0.504700 0.112700
vn -0.487600 -0.870700 0.064200
vn 0.010700 -0.999900 -0.001400
vn 0.503600 -0.861400 -0.066300
vn 0.861200 -0.495400 -0.113400
vn 0.839100 0.495400 -0.224800
vn 0.490700 0.861400 -0.131500
vn 0.010400 0.999900 -0.002800
vn -0.475100 0.870700 0.127300
vn -0.833900 0.504700 0.223400
vn -0.833900 -0.504700 0.223400
vn -0.475100 -0.870700 0.127300
vn 0.010400 -0.999900 -0.002800
vn 0.490700 -0.861400 -0.131500
vn 0.839100 -0.495400 -0.224800
vn 0.802500 0.495400 -0.332400
vn 0.469300 0.861400 -0.194400
vn 0.010000 0.999900 -0.004100
vn -0.454400 0.870700 0.188200
vn -0.797600 0.504700 0.330400
vn -0.797600 -0.504700 0.330400
vn -0.454400 -0.870700 0.188200
vn 0.010000 -0.999900 -0.004100
vn 0.469300 -0.861400 -0.194400
vn 0.802500 -0.495400 -0.332400
vn 0.752300 0.495400 -0.434300
vn 0.439900 0.861400 -0.254000
vn 0.009300 0.999900 -0.005400
vn -0.425900 0.870700 0.245900
vn -0.747600 0.504700 0.431600
vn -0.747600 -0.504700 0.431600
vn -0.425900 -0.870700 0.245900
vn 0.009300 -0.999900 -0.005400
vn 0.439900 -0.861400 -0.254000
vn 0.752300 -0.495400 -0.434300
vn 0.689200 0.495400 -0.528800
vn 0.403000 0.861400 -0.309200
vn 0.008500 0.999900 -0.006600
vn -0.390200 0.870700 0.299400
vn -0.684900 0.504700 0.525500
vn -0.684900 -0.504700 0.525500
vn -0.390200 -0.870700 0.299400
vn 0.008500 -0.999900 -0.006600
vn 0.403000 -0.861400 -0.309200
vn 0.689200 -0.495400 -0.528800
vn 0.614200 0.495400 -0.614200
vn 0.359200 0.861400 -0.359200
vn 0.007600 0.999900 -0.007600
vn -0.347800 0.870700 0.347800
vn -0.610400 0.504700 0.610400
vn -0.610400 -0.504700 0.610400
vn -0.347800 -0.870700 0.347800
vn 0.007600 -0.999900 -0.007600
vn 0.359200 -0.861400 -0.359200
vn 0.614200 -0.495400 -0.614200
vn 0.528800 0.495400 -0.689200
vn 0.309200 0.861400 -0.403000
vn 0.006600 0.999900 -0.008500
vn -0.299400 0.870700 0.390200
vn -0.525500 0.504700 0.684900
vn -0.525500 -0.504700 0.684900
vn -0.299400 -0.870700 0.390200
vn 0.006600 -0.999900 -0.008500
vn 0.309200 -0.861400 -0.403000
vn 0.528800 -0.495400 -0.689200
vn 0.434300 0.495400 -0.752300
vn 0.254000 0.861400 -0.439900
vn 0.005400 0.999900 -0.009300
vn -0.245900 0.870700 0.425900
vn -0.431600 0.504700 0.747600
vn -0.431600 -0.504700 0.747600
vn -0.245900 -0.870700 0.425900
vn 0.005400 -0.999900 -0.009300
vn 0.254000 -0.861400 -0.439900
vn 0.434300 -0.495400 -0.752300
vn 0.332400 0.495400 -0.802500
vn 0.194400 0.861400 -0.469300
vn 0.004100 0.999900 -0.010000
vn -0.188200 0.870700 0.454400
vn -0.330400 0.504700 0.797600
vn -0.330400 -0.504700 0.797600
vn -0.188200 -0.870700 0.454400
vn 0.004100 -0.999900 -0.010000
vn 0.194400 -0.861400 -0.469300
vn 0.332400 -0.495400 -0.802500
vn 0.224800 0.495400 -0.839100
vn 0.131500 0.861400 -0.490700
vn 0.002800 0.999900 -0.010400
vn -0.127300 0.870700 0.475100
vn -0.223400 0.504700 0.833900
vn -0.223400 -0.504700 0.833900
vn -0.127300 -0.870700 0.475100
vn 0.002800 -0.999900 -0.010400
vn 0.131500 -0.861400 -0.490700
vn 0.224800 -0.495400 -0.839100
vn 0.113400 0.495400 -0.861200
vn 0.066300 0.861400 -0.503600
vn 0.001400 0.999900 -0.010700
vn -0.064200 0.870700 0.487600
vn -0.112700 0.504700 0.855900
vn -0.112700 -0.504700 0.855900
vn -0.064200 -0.870700 0.487600
vn 0.001400 -0.999900 -0.010700
vn 0.066300 -0.861400 -0.503600
vn 0.113400 -0.495400 -0.861200
vn -0.000000 0.495400 -0.868700
vn -0.000000 0.861400 -0.508000
vn -0.000000 0.999900 -0.010800
vn -0.000000 0.870700 0.491800
vn -0.000000 0.504700 0.863300
vn -0.000000 -0.504700 0.863300
vn -0.000000 -0.870700 0.491800
vn -0.000000 -0.999900 -0.010800
vn -0.000000 -0.861400 -0.508000
vn -0.000000 -0.495400 -0.868700
vn -0.113400 0.495400 -0.861200
vn -0.066300 0.861400 -0.503600
vn -0.001400 0.999900 -0.010700
vn 0.064200 0.870700 0.487600
vn 0.112700 0.504700 0.855900
vn 0.112700 -0.504700 0.855900
vn 0.064200 -0.870700 0.487600
vn -0.001400 -0.999900 -0.010700
vn -0.066300 -0.861400 -0.503600
vn -0.113400 -0.495400 -0.861200
vn -0.224800 0.495400 -0.839100
vn -0.131500 0.861400 -0.490700
vn -0.002800 0.999900 -0.010400
vn 0.127300 0.870700 0.475100
vn 0.223400 0.504700 0.833900
vn 0.223400 -0.504700 0.833900
vn 0.127300 -0.870700 0.475100
vn -0.002800 -0.999900 -0.010400
vn -0.131500 -0.861400 -0.490700
vn -0.224800 -0.495400 -0.839100
vn -0.332400 0.495400 -0.802500
vn -0.194400 0.861400 -0.469300
vn -0.004100 0.999900 -0.010000
vn 0.188200 0.870700 0.454400
vn 0.330400 0.504700 0.797600
vn 0.330400 -0.504700 0.797600
vn 0.188200 -0.870700 0.454400
vn -0.004100 -0.999900 -0.010000
vn -0.194400 -0.861400 -0.469300
vn -0.332400 -0.495400 -0.802500
vn -0.434300 0.495400 -0.752300
vn -0.254000 0.861400 -0.439900
vn -0.005400 0.999900 -0.009300
vn 0.245900 0.870700 0.425900
vn 0.431600 0.504700 0.747600
vn 0.431600 -0.504700 0.747600
vn 0.245900 -0.870700 0.425900
vn -0.005400 -0.999900 -0.009300
vn -0.254000 -0.861400 -0.439900
vn -0.434300 -0.495400 -0.752300
vn -0.528800 0.495400 -0.689200
vn -0.309200 0.861400 -0.403000
vn -0.006600 0.999900 -0.008500
vn 0.299400 0.870700 0.390200
vn 0.525500 0.504700 0.684900
vn 0.525500 -0.504700 0.684900
vn 0.299400 -0.870700 0.390200
vn -0.006600 -0.999900 -0.008500
vn -0.309200 -0.861400 -0.403000
vn -0.528800 -0.495400 -0.689200
vn -0.614200 0.495400 -0.614200
vn -0.359200 0.861400 -0.359200
vn -0.007600 0.999900 -0.007600
vn 0.347800 0.870700 0.347800
vn 0.610400 0.504700 0.610400
vn 0.610400 -0.504700 0.610400
vn 0.347800 -0.870700 0.347800
vn -0.007600 -0.999900 -0.007600
vn -0.359200 -0.861400 -0.359200
vn -0.614200 -0.495400 -0.614200
vn -0.689200 0.495400 -0.528800
vn -0.403000 0.861400 -0.309200
vn -0.008600 0.999900 -0.006600
vn 0.390200 0.870700 0.299400
vn 0.684900 0.504700 0.525500
vn 0.684900 -0.504700 0.525500
vn 0.390200 -0.870700 0.299400
vn -0.008600 -0.999900 -0.006600
vn -0.403000 -0.861400 -0.309200
vn -0.689200 -0.495400 -0.528800
vn -0.752300 0.495400 -0.434300
vn -0.439900 0.861400 -0.254000
vn -0.009300 0.999900 -0.005400
vn 0.425900 0.870700 0.245900
vn 0.747600 0.504700 0.431600
vn 0.747600 -0.504700 0.431600
vn 0.425900 -0.870700 0.245900
vn -0.009300 -0.999900 -0.005400
vn -0.439900 -0.861400 -0.254000
vn -0.752300 -0.495400 -0.434300
vn -0.802500 0.495400 -0.332400
vn -0.469300 0.861400 -0.194400
vn -0.010000 0.999900 -0.004100
vn 0.454400 0.870700 0.188200
vn 0.797600 0.504700 0.330400
vn 0.797600 -0.504700 0.330400
vn 0.454400 -0.870700 0.188200
vn -0.010000 -0.999900 -0.004100
vn -0.469300 -0.861400 -0.194400
vn -0.802500 -0.495400 -0.332400
vn -0.839100 0.495400 -0.224800
vn -0.490700 0.861400 -0.131500
vn -0.010400 0.999900 -0.002800
vn 0.475100 0.870700 0.127300
vn 0.833900 0.504700 0.223400
vn 0.833900 -0.504700 0.223400
vn 0.475100 -0.870700 0.127300
vn -0.010400 -0.999900 -0.002800
vn -0.490700 -0.861400 -0.131500
vn -0.839100 -0.495400 -0.224800
vn -0.861200 0.495400 -0.113400
vn -0.503600 0.861400 -0.066300
vn -0.010700 0.999900 -0.001400
vn 0.487600 0.870700 0.064200
vn 0.855900 0.504700 0.112700
vn 0.855900 -0.504700 0.112700
vn 0.487600 -0.870700 0.064200
vn -0.010700 -0.999900 -0.001400
vn -0.503600 -0.861400 -0.066300
vn -0.861200 -0.495400 -0.113400
vn 0.195700 -0.536100 0.821200
vn -0.212800 0.582900 0.784200
vn -0.537900 -0.803900 0.253700
vn -0.913400 0.327200 0.242300
vn -0.257700 -0.701600 -0.664300
vn -0.645800 0.424900 -0.634400
vn 0.649100 -0.370600 -0.664300
vn 0.220200 0.741000 -0.634400
vn 0.929300 -0.268300 0.253700
vn 0.487800 0.838700 0.242300
vn 0.070900 -0.319800 0.944800
vn -0.175200 0.790200 0.587300
vn -0.658300 -0.638600 0.398500
vn -0.871600 0.485800 0.065600
vn -0.313400 -0.816200 -0.485400
vn -0.542200 0.316100 -0.778500
vn 0.629000 -0.607200 -0.485400
vn 0.357700 0.515700 -0.778500
vn 0.866600 -0.300400 0.398500
vn 0.584600 0.808700 0.065600
vn -0.020500 -0.262200 0.964800
vn 0.065900 0.844600 0.531300
vn -0.813800 -0.390800 0.430100
vn -0.691700 0.721900 0.020700
vn -0.540300 -0.720300 -0.435000
vn -0.430600 0.407200 -0.805500
vn 0.422100 -0.795400 -0.435000
vn 0.488500 0.335500 -0.805500
vn 0.743400 -0.512300 0.430100
vn 0.795300 0.605800 0.020700
vn -0.136400 -0.418200 0.898000
vn 0.227100 0.695900 0.681300
vn -0.905500 -0.257600 0.337200
vn -0.507400 0.849300 0.145700
vn -0.665000 -0.482200 -0.570300
vn -0.277700 0.634900 -0.721000
vn 0.252700 -0.781600 -0.570300
vn 0.598700 0.349000 -0.721000
vn 0.579400 -0.742000 0.337200
vn 0.910600 0.386700 0.145700
vn -0.213500 -0.654400 0.725400
vn 0.153500 0.470400 0.869000
vn -0.929300 -0.330600 0.164500
vn -0.530100 0.779600 0.333400
vn -0.602700 -0.291100 -0.743000
vn -0.218200 0.817400 -0.533200
vn 0.315100 -0.590500 -0.743000
vn 0.658200 0.531500 -0.533200
vn 0.555600 -0.815000 0.164500
vn 0.887900 0.317000 0.333400
vn -0.063200 -0.810100 0.582800
vn 0.025100 0.321400 0.946600
vn -0.827000 -0.560100 0.048100
vn -0.704300 0.560200 0.436000
vn -0.505700 -0.277000 -0.817000
vn -0.397500 0.830500 -0.390200
vn 0.456700 -0.352100 -0.817000
vn 0.521500 0.758800 -0.390200
vn 0.730100 -0.681600 0.048100
vn 0.782700 0.444100 0.436000
vn 0.167000 -0.753100 0.636400
vn -0.083500 0.376400 0.922700
vn -0.628600 -0.772500 0.090100
vn -0.843300 0.357900 0.401000
vn -0.391100 -0.465700 -0.793800
vn -0.616500 0.650900 -0.443100
vn 0.551300 -0.256700 -0.793800
vn 0.283500 0.850500 -0.443100
vn 0.896200 -0.434300 0.090100
vn 0.612900 0.680800 0.401000
vt 0.572092 0.644148
vt 0.572092 0.011623
vt 0.580898 0.011623
vt 0.580898 0.644148
vt 0.515813 0.643826
vt 0.515813 0.011877
vt 0.523130 0.011635
vt 0.523130 0.643585
vt 0.532384 0.011623
vt 0.532384 0.643572
vt 0.540041 0.011845
vt 0.540041 0.643794
vt 0.604144 0.644155
vt 0.604144 0.011640
vt 0.613313 0.011647
vt 0.613313 0.644162
vt 0.621487 0.011623
vt 0.621487 0.644138
vt 0.468345 0.644137
vt 0.468345 0.011630
vt 0.476039 0.011669
vt 0.476039 0.644175
vt 0.485291 0.011666
vt 0.485291 0.644173
vt 0.384465 0.406123
vt 0.379023 0.398633
vt 0.379023 0.389374
vt 0.384465 0.381884
vt 0.393270 0.379023
vt 0.402076 0.381884
vt 0.407518 0.389374
vt 0.407518 0.398633
vt 0.402076 0.406123
vt 0.393270 0.408985
vt 0.492567 0.011623
vt 0.492567 0.644130
vt 0.563287 0.644148
vt 0.563287 0.011623
vt 0.854638 0.284442
vt 0.854638 0.275183
vt 0.860080 0.267693
vt 0.868886 0.264831
vt 0.877691 0.267693
vt 0.883133 0.275183
vt 0.883133 0.284442
vt 0.877691 0.291932
vt 0.868886 0.294793
vt 0.860080 0.291932
vt 0.748032 0.048142
vt 0.748032 0.381049
vt 0.741183 0.381049
vt 0.741183 0.048142
vt 0.219342 0.247930
vt 0.219342 0.580838
vt 0.213516 0.580838
vt 0.213516 0.247930
vt 0.206315 0.580838
vt 0.206315 0.247930
vt 0.200489 0.580838
vt 0.200489 0.247930
vt 0.754916 0.404689
vt 0.754916 0.732532
vt 0.748080 0.732138
vt 0.748080 0.404295
vt 0.741219 0.732518
vt 0.741219 0.404676
vt 0.158390 0.580838
vt 0.158390 0.247930
vt 0.164216 0.247930
vt 0.164216 0.580838
vt 0.171417 0.247930
vt 0.171417 0.580838
vt 0.057023 0.933930
vt 0.057023 0.926738
vt 0.061255 0.920916
vt 0.068103 0.918687
vt 0.074951 0.920904
vt 0.079183 0.926719
vt 0.079183 0.933911
vt 0.074951 0.939733
vt 0.068103 0.941962
vt 0.061255 0.939745
vt 0.177243 0.247930
vt 0.177243 0.580838
vt 0.754881 0.048142
vt 0.754881 0.381049
vt 0.029546 0.920917
vt 0.033777 0.926744
vt 0.033777 0.933943
vt 0.029546 0.939763
vt 0.022700 0.941983
vt 0.015854 0.939753
vt 0.011623 0.933926
vt 0.011623 0.926727
vt 0.015854 0.920907
vt 0.022700 0.918687
vt 0.644733 0.184751
vt 0.644733 0.011644
vt 0.717919 0.011623
vt 0.717919 0.184730
vt 0.242588 0.415700
vt 0.242588 0.242588
vt 0.355777 0.242588
vt 0.355777 0.415700
vt 0.644733 0.381049
vt 0.644733 0.208095
vt 0.717937 0.207997
vt 0.717937 0.380952
vt 0.011623 0.421146
vt 0.011623 0.248037
vt 0.123090 0.247930
vt 0.123090 0.421039
vt 0.219342 0.604084
vt 0.219342 0.717272
vt 0.146102 0.717272
vt 0.146102 0.604084
vt 0.717973 0.404295
vt 0.717973 0.517484
vt 0.644733 0.517484
vt 0.644733 0.404295
vt 0.562246 0.870558
vt 0.538943 0.870551
vt 0.538943 0.790712
vt 0.562246 0.790719
vt 0.871319 0.530800
vt 0.848016 0.530800
vt 0.848016 0.404295
vt 0.871319 0.404295
vt 0.877921 0.128032
vt 0.854638 0.128001
vt 0.854638 0.048142
vt 0.877921 0.048173
vt 0.871319 0.678649
vt 0.848016 0.678627
vt 0.848016 0.554046
vt 0.871319 0.554069
vt 0.322486 0.587797
vt 0.322486 0.714302
vt 0.242588 0.714302
vt 0.242588 0.587797
vt 0.425630 0.587797
vt 0.425630 0.714302
vt 0.345732 0.714302
vt 0.345732 0.587797
vt 0.289194 0.899816
vt 0.242588 0.899802
vt 0.242588 0.846576
vt 0.289194 0.846590
vt 0.824769 0.517484
vt 0.778162 0.517484
vt 0.778162 0.404295
vt 0.824770 0.404295
vt 0.894580 0.788676
vt 0.848015 0.788614
vt 0.848015 0.735375
vt 0.894580 0.735437
vt 0.192709 0.852030
vt 0.146102 0.851985
vt 0.146102 0.740518
vt 0.192709 0.740563
vt 0.432288 0.242588
vt 0.432288 0.355777
vt 0.379023 0.355777
vt 0.379023 0.242588
vt 0.444704 0.438946
vt 0.444704 0.552135
vt 0.391439 0.552135
vt 0.391439 0.438946
vt 0.831426 0.871817
vt 0.778162 0.871801
vt 0.778162 0.811922
vt 0.831426 0.811938
vt 0.707541 0.932893
vt 0.707541 0.879628
vt 0.724186 0.879628
vt 0.724186 0.932893
vt 0.657361 0.851746
vt 0.604144 0.851675
vt 0.604144 0.791781
vt 0.657361 0.791852
vt 0.923961 0.959451
vt 0.923961 0.906187
vt 0.940353 0.906171
vt 0.940353 0.959435
vt 0.432188 0.902684
vt 0.415543 0.902684
vt 0.415543 0.842760
vt 0.432188 0.842760
vt 0.934471 0.788676
vt 0.917826 0.788676
vt 0.917826 0.728753
vt 0.934471 0.728753
vt 0.901195 0.374251
vt 0.854590 0.374237
vt 0.854590 0.321011
vt 0.901195 0.321025
vt 0.824769 0.653919
vt 0.778162 0.653919
vt 0.778162 0.540730
vt 0.824769 0.540730
vt 0.392297 0.896062
vt 0.345732 0.896000
vt 0.345732 0.842760
vt 0.392297 0.842822
vt 0.824769 0.788676
vt 0.778162 0.788631
vt 0.778162 0.677165
vt 0.824769 0.677209
vt 0.831392 0.048142
vt 0.831392 0.161330
vt 0.778127 0.161330
vt 0.778127 0.048142
vt 0.831392 0.184576
vt 0.831392 0.297765
vt 0.778127 0.297765
vt 0.778127 0.184576
vt 0.064887 0.895441
vt 0.011623 0.895426
vt 0.011623 0.835547
vt 0.064887 0.835562
vt 0.538943 0.947069
vt 0.538943 0.893804
vt 0.555589 0.893804
vt 0.555589 0.947069
vt 0.831344 0.380976
vt 0.778127 0.380905
vt 0.778127 0.321011
vt 0.831344 0.321082
vt 0.778162 0.948343
vt 0.778162 0.895079
vt 0.794555 0.895063
vt 0.794555 0.948327
vt 0.620789 0.934915
vt 0.604144 0.934915
vt 0.604144 0.874992
vt 0.620789 0.874992
vt 0.660681 0.934915
vt 0.644035 0.934915
vt 0.644035 0.874992
vt 0.660681 0.874992
vt 0.285834 0.780036
vt 0.264211 0.797071
vt 0.264211 0.764305
vt 0.692964 0.619912
vt 0.672600 0.636815
vt 0.667114 0.611608
vt 0.294093 0.753279
vt 0.312562 0.779230
vt 0.294093 0.806295
vt 0.694981 0.590992
vt 0.523635 0.742760
vt 0.495126 0.748194
vt 0.509708 0.716999
vt 0.036556 0.791748
vt 0.011623 0.784035
vt 0.034712 0.761378
vt 0.626219 0.743673
vt 0.604144 0.747546
vt 0.610508 0.716936
vt 0.679455 0.745435
vt 0.654775 0.749221
vt 0.673091 0.719007
vt 0.717690 0.603457
vt 0.538847 0.716084
vt 0.062518 0.775642
vt 0.641799 0.717971
vt 0.645554 0.595820
vt 0.644733 0.566383
vt 0.667115 0.576831
vt 0.493153 0.691233
vt 0.468345 0.687266
vt 0.495366 0.667421
vt 0.413272 0.744315
vt 0.427607 0.768856
vt 0.402306 0.760203
vt 0.083862 0.757039
vt 0.062518 0.740977
vt 0.084419 0.730625
vt 0.657380 0.692269
vt 0.628824 0.686721
vt 0.652096 0.668443
vt 0.692965 0.560746
vt 0.672600 0.545767
vt 0.703857 0.540730
vt 0.386670 0.810861
vt 0.361369 0.791511
vt 0.386670 0.782858
vt 0.361369 0.819514
vt 0.679455 0.688397
vt 0.371033 0.760203
vt 0.345732 0.768856
vt 0.604144 0.690507
vt 0.620805 0.667408
vt 0.386670 0.737548
vt 0.036557 0.732773
vt 0.056614 0.716361
vt 0.411970 0.791511
vt 0.520930 0.685797
vt 0.411970 0.819514
vt 0.717690 0.568680
vt 0.542726 0.689676
vt 0.477209 0.717907
vt 0.084419 0.786713
vt 0.056613 0.807114
vt 0.011623 0.749370
vt 0.542274 0.746713
vt 0.468345 0.744305
vt 0.662793 0.768535
vt 0.320821 0.805489
vt 0.631502 0.767499
vt 0.320821 0.752472
vt 0.025159 0.812300
vt 0.272470 0.737548
vt 0.249047 0.753273
vt 0.644733 0.622654
vt 0.272471 0.823330
vt 0.515253 0.766558
vt 0.242588 0.781341
vt 0.482755 0.767466
vt 0.057845 0.693115
vt 0.057845 0.593243
vt 0.060734 0.593243
vt 0.104067 0.693115
vt 0.242588 0.161704
vt 0.332570 0.118371
vt 0.334417 0.120688
vt 0.272148 0.198771
vt 0.337087 0.121974
vt 0.314864 0.219342
vt 0.340050 0.121974
vt 0.362274 0.219342
vt 0.342720 0.120688
vt 0.404989 0.198771
vt 0.344568 0.118371
vt 0.434549 0.161704
vt 0.468345 0.891112
vt 0.495356 0.790712
vt 0.498315 0.790712
vt 0.515697 0.891112
vt 0.445099 0.115483
vt 0.345227 0.115483
vt 0.344568 0.112594
vt 0.434549 0.069261
vt 0.342720 0.110277
vt 0.404989 0.032194
vt 0.340050 0.108991
vt 0.362274 0.011623
vt 0.707541 0.856382
vt 0.726043 0.755778
vt 0.729004 0.755778
vt 0.754916 0.856382
vt 0.314863 0.011623
vt 0.337087 0.108991
vt 0.334417 0.110277
vt 0.272148 0.032194
vt 0.331911 0.115483
vt 0.332570 0.112594
vt 0.242588 0.069261
vt 0.011623 0.693115
vt 0.054956 0.593243
vt 0.032194 0.184574
vt 0.011623 0.141859
vt 0.011623 0.094448
vt 0.032194 0.051733
vt 0.069261 0.022173
vt 0.115483 0.011623
vt 0.161704 0.022173
vt 0.198771 0.051733
vt 0.219342 0.094448
vt 0.219342 0.141859
vt 0.198771 0.184574
vt 0.161704 0.214134
vt 0.115483 0.224684
vt 0.069261 0.214134
vt 0.114289 0.760951
vt 0.114243 0.752629
vt 0.117860 0.752782
vt 0.117906 0.760976
vt 0.325621 0.561345
vt 0.317669 0.563476
vt 0.317146 0.560847
vt 0.324759 0.558807
vt 0.316431 0.557255
vt 0.323582 0.555339
vt 0.315717 0.553664
vt 0.322405 0.551872
vt 0.932680 0.186117
vt 0.932680 0.193038
vt 0.929979 0.192791
vt 0.929979 0.186220
vt 0.926310 0.192701
vt 0.926310 0.186259
vt 0.922656 0.192793
vt 0.922656 0.186222
vt 0.021606 0.510481
vt 0.022464 0.516998
vt 0.019835 0.517521
vt 0.018931 0.510657
vt 0.016243 0.518236
vt 0.015277 0.510896
vt 0.012652 0.518950
vt 0.011623 0.511136
vt 0.107796 0.761075
vt 0.107753 0.753230
vt 0.110543 0.752793
vt 0.110589 0.760987
vt 0.114150 0.744484
vt 0.117769 0.744762
vt 0.309507 0.564551
vt 0.309331 0.561876
vt 0.309092 0.558222
vt 0.308852 0.554567
vt 0.308677 0.551892
vt 0.315194 0.551034
vt 0.929973 0.199283
vt 0.926304 0.199066
vt 0.922649 0.199284
vt 0.024166 0.523347
vt 0.021627 0.524209
vt 0.018159 0.525386
vt 0.014692 0.526563
vt 0.107666 0.745551
vt 0.110452 0.744773
vt 0.114014 0.736655
vt 0.117635 0.737053
vt 0.301274 0.564551
vt 0.301449 0.561876
vt 0.301689 0.558222
vt 0.301928 0.554567
vt 0.302104 0.551892
vt 0.929960 0.205583
vt 0.926291 0.205244
vt 0.922636 0.205585
vt 0.026681 0.529420
vt 0.024277 0.530606
vt 0.020992 0.532226
vt 0.017708 0.533845
vt 0.015304 0.535031
vt 0.012153 0.527425
vt 0.110318 0.737064
vt 0.113836 0.729275
vt 0.117459 0.729787
vt 0.293112 0.563476
vt 0.293635 0.560847
vt 0.294349 0.557255
vt 0.295064 0.553664
vt 0.295587 0.551034
vt 0.929941 0.211586
vt 0.926273 0.211129
vt 0.922617 0.211587
vt 0.029968 0.535113
vt 0.027739 0.536602
vt 0.024694 0.538637
vt 0.021649 0.540671
vt 0.019420 0.542161
vt 0.110142 0.729797
vt 0.113618 0.722472
vt 0.117246 0.723088
vt 0.285160 0.561345
vt 0.286022 0.558807
vt 0.287199 0.555339
vt 0.288376 0.551872
vt 0.289238 0.549333
vt 0.929916 0.217187
vt 0.926248 0.216621
vt 0.922592 0.217189
vt 0.033969 0.540328
vt 0.031954 0.542095
vt 0.029200 0.544510
vt 0.026447 0.546924
vt 0.024432 0.548692
vt 0.109928 0.723099
vt 0.113366 0.716361
vt 0.116997 0.717071
vt 0.277554 0.558195
vt 0.278740 0.555791
vt 0.280359 0.552506
vt 0.281979 0.549222
vt 0.283165 0.546818
vt 0.929886 0.222292
vt 0.926219 0.221626
vt 0.922562 0.222293
vt 0.038617 0.544976
vt 0.036850 0.546991
vt 0.034435 0.549744
vt 0.032021 0.552498
vt 0.030253 0.554513
vt 0.109680 0.717082
vt 0.898227 0.505904
vt 0.898227 0.512190
vt 0.894565 0.512787
vt 0.894565 0.506598
vt 0.270424 0.554079
vt 0.271914 0.551850
vt 0.273948 0.548805
vt 0.275983 0.545760
vt 0.277472 0.543531
vt 0.929851 0.226812
vt 0.926184 0.226058
vt 0.922527 0.226814
vt 0.043832 0.548977
vt 0.042343 0.551206
vt 0.040308 0.554251
vt 0.038274 0.557296
vt 0.036784 0.559525
vt 0.901889 0.506598
vt 0.901889 0.512787
vt 0.898227 0.519142
vt 0.894565 0.519633
vt 0.263893 0.549067
vt 0.265661 0.547051
vt 0.268075 0.544298
vt 0.270490 0.541545
vt 0.272257 0.539530
vt 0.926723 0.882921
vt 0.926701 0.878173
vt 0.930368 0.877544
vt 0.930389 0.882199
vt 0.934025 0.878177
vt 0.934047 0.882925
vt 0.049525 0.552264
vt 0.048339 0.554668
vt 0.046719 0.557952
vt 0.045100 0.561237
vt 0.043914 0.563641
vt 0.901889 0.519633
vt 0.898227 0.526641
vt 0.894565 0.527016
vt 0.258072 0.543246
vt 0.260087 0.541478
vt 0.262841 0.539064
vt 0.265594 0.536649
vt 0.267609 0.534882
vt 0.926683 0.872872
vt 0.930350 0.872347
vt 0.934007 0.872877
vt 0.055597 0.554779
vt 0.054736 0.557318
vt 0.053559 0.560785
vt 0.052382 0.564253
vt 0.051520 0.566792
vt 0.901889 0.527016
vt 0.898227 0.534558
vt 0.894565 0.534812
vt 0.253060 0.536714
vt 0.255289 0.535225
vt 0.258334 0.533191
vt 0.261379 0.531156
vt 0.263608 0.529667
vt 0.926670 0.867110
vt 0.930337 0.866697
vt 0.933994 0.867114
vt 0.061947 0.556481
vt 0.061424 0.559110
vt 0.060709 0.562701
vt 0.059995 0.566293
vt 0.059472 0.568922
vt 0.901889 0.534812
vt 0.898227 0.542758
vt 0.894565 0.542886
vt 0.248944 0.529585
vt 0.251348 0.528399
vt 0.254633 0.526779
vt 0.257917 0.525160
vt 0.260321 0.523974
vt 0.926660 0.860984
vt 0.930328 0.860691
vt 0.933984 0.860988
vt 0.068464 0.557339
vt 0.068288 0.560014
vt 0.068049 0.563668
vt 0.067809 0.567322
vt 0.067634 0.569997
vt 0.901889 0.542886
vt 0.898227 0.551101
vt 0.894565 0.551101
vt 0.245793 0.521979
vt 0.248332 0.521117
vt 0.251800 0.519940
vt 0.255267 0.518763
vt 0.257806 0.517901
vt 0.926656 0.854599
vt 0.930323 0.854431
vt 0.933980 0.854604
vt 0.075037 0.557339
vt 0.075212 0.560014
vt 0.075452 0.563668
vt 0.075691 0.567322
vt 0.075867 0.569997
vt 0.901889 0.551101
vt 0.898227 0.559444
vt 0.894565 0.559316
vt 0.243663 0.514027
vt 0.246292 0.513504
vt 0.249884 0.512789
vt 0.253475 0.512075
vt 0.923961 0.855063
vt 0.923961 0.848181
vt 0.926656 0.848065
vt 0.930323 0.848024
vt 0.933980 0.848070
vt 0.081554 0.556481
vt 0.082077 0.559110
vt 0.082791 0.562701
vt 0.083506 0.566293
vt 0.084029 0.568922
vt 0.901889 0.559316
vt 0.898227 0.567644
vt 0.894565 0.567390
vt 0.242588 0.505865
vt 0.245263 0.505689
vt 0.248917 0.505450
vt 0.252571 0.505210
vt 0.923965 0.841259
vt 0.926660 0.841494
vt 0.930328 0.841581
vt 0.933984 0.841498
vt 0.087903 0.554779
vt 0.088765 0.557318
vt 0.089942 0.560785
vt 0.091119 0.564253
vt 0.091981 0.566792
vt 0.901889 0.567390
vt 0.898227 0.575562
vt 0.894565 0.575186
vt 0.242588 0.497632
vt 0.245263 0.497808
vt 0.248917 0.498047
vt 0.252571 0.498287
vt 0.255246 0.498462
vt 0.255246 0.505035
vt 0.926670 0.834997
vt 0.930337 0.835211
vt 0.933994 0.835001
vt 0.093976 0.552264
vt 0.095162 0.554668
vt 0.096781 0.557952
vt 0.098401 0.561237
vt 0.099587 0.563641
vt 0.901889 0.575186
vt 0.898227 0.583060
vt 0.894565 0.582570
vt 0.243663 0.489470
vt 0.246292 0.489993
vt 0.249884 0.490707
vt 0.253475 0.491422
vt 0.256104 0.491945
vt 0.926684 0.828686
vt 0.930350 0.829024
vt 0.934007 0.828690
vt 0.099669 0.548977
vt 0.101158 0.551206
vt 0.103192 0.554251
vt 0.105227 0.557296
vt 0.106716 0.559525
vt 0.901889 0.582570
vt 0.898227 0.590012
vt 0.894565 0.589415
vt 0.245793 0.481518
vt 0.248332 0.482380
vt 0.251800 0.483557
vt 0.255267 0.484734
vt 0.257806 0.485596
vt 0.926701 0.822669
vt 0.930368 0.823124
vt 0.934025 0.822673
vt 0.104883 0.544976
vt 0.106651 0.546991
vt 0.109066 0.549744
vt 0.111480 0.552498
vt 0.113248 0.554513
vt 0.901889 0.589415
vt 0.898227 0.596298
vt 0.894565 0.595604
vt 0.248944 0.473912
vt 0.251348 0.475098
vt 0.254633 0.476717
vt 0.257917 0.478337
vt 0.260321 0.479523
vt 0.926723 0.817049
vt 0.930389 0.817614
vt 0.934047 0.817053
vt 0.109531 0.540328
vt 0.111547 0.542095
vt 0.114300 0.544510
vt 0.117053 0.546924
vt 0.119069 0.548692
vt 0.901889 0.595604
vt 0.577102 0.667393
vt 0.577144 0.673464
vt 0.573476 0.674089
vt 0.573435 0.668112
vt 0.253060 0.466783
vt 0.255289 0.468272
vt 0.258334 0.470306
vt 0.261379 0.472341
vt 0.263608 0.473830
vt 0.926749 0.811922
vt 0.930414 0.812587
vt 0.710482 0.730436
vt 0.710677 0.725461
vt 0.714367 0.726049
vt 0.714168 0.731123
vt 0.113533 0.535113
vt 0.115762 0.536602
vt 0.118807 0.538637
vt 0.121852 0.540671
vt 0.124081 0.542161
vt 0.580759 0.668114
vt 0.580800 0.674091
vt 0.577179 0.680232
vt 0.573510 0.680754
vt 0.258072 0.460251
vt 0.260087 0.462019
vt 0.262841 0.464433
vt 0.265594 0.466848
vt 0.267609 0.468615
vt 0.707050 0.726018
vt 0.707221 0.720442
vt 0.710845 0.719994
vt 0.714539 0.720473
vt 0.116820 0.529420
vt 0.119224 0.530606
vt 0.122508 0.532226
vt 0.125793 0.533845
vt 0.128197 0.535031
vt 0.580834 0.680756
vt 0.577207 0.687583
vt 0.573538 0.687992
vt 0.263893 0.454430
vt 0.265661 0.456445
vt 0.268075 0.459199
vt 0.270490 0.461952
vt 0.272257 0.463967
vt 0.707362 0.714460
vt 0.710983 0.714128
vt 0.714679 0.714490
vt 0.119335 0.523347
vt 0.121874 0.524209
vt 0.125341 0.525386
vt 0.128809 0.526563
vt 0.131347 0.527425
vt 0.580862 0.687995
vt 0.577227 0.695392
vt 0.573558 0.695681
vt 0.270424 0.449418
vt 0.271914 0.451647
vt 0.273948 0.454692
vt 0.275983 0.457737
vt 0.277472 0.459966
vt 0.707470 0.708173
vt 0.711089 0.707964
vt 0.714787 0.708203
vt 0.717574 0.708827
vt 0.717461 0.715450
vt 0.123666 0.517521
vt 0.127257 0.518236
vt 0.130849 0.518950
vt 0.133478 0.519473
vt 0.580882 0.695683
vt 0.577239 0.703523
vt 0.573570 0.703688
vt 0.277554 0.445302
vt 0.278740 0.447706
vt 0.280359 0.450991
vt 0.281979 0.454275
vt 0.283165 0.456679
vt 0.707543 0.701689
vt 0.711160 0.701607
vt 0.714860 0.701720
vt 0.717651 0.701998
vt 0.124569 0.510657
vt 0.128223 0.510896
vt 0.131878 0.511136
vt 0.134553 0.511311
vt 0.580894 0.703690
vt 0.577243 0.711839
vt 0.573574 0.711876
vt 0.570873 0.711978
vt 0.570869 0.704138
vt 0.286022 0.444690
vt 0.287199 0.448158
vt 0.288376 0.451625
vt 0.289238 0.454164
vt 0.707579 0.695120
vt 0.711196 0.695166
vt 0.714897 0.695150
vt 0.717690 0.695078
vt 0.124569 0.503733
vt 0.128223 0.503493
vt 0.131878 0.503254
vt 0.134553 0.503078
vt 0.580898 0.711878
vt 0.577239 0.720197
vt 0.573570 0.720105
vt 0.570869 0.719857
vt 0.293635 0.442650
vt 0.294349 0.446242
vt 0.295064 0.449833
vt 0.295587 0.452462
vt 0.707580 0.688578
vt 0.711196 0.688751
vt 0.714897 0.688608
vt 0.717690 0.688187
vt 0.123666 0.496868
vt 0.127257 0.496154
vt 0.130849 0.495439
vt 0.133478 0.494916
vt 0.580894 0.720108
vt 0.577227 0.728454
vt 0.573558 0.728235
vt 0.293112 0.440021
vt 0.301274 0.438946
vt 0.301449 0.441621
vt 0.301689 0.445275
vt 0.301928 0.448929
vt 0.302104 0.451605
vt 0.707543 0.682174
vt 0.711160 0.682472
vt 0.714860 0.682204
vt 0.717651 0.681441
vt 0.121874 0.490180
vt 0.125341 0.489003
vt 0.128809 0.487826
vt 0.131347 0.486964
vt 0.580882 0.728238
vt 0.577207 0.736468
vt 0.573538 0.736127
vt 0.309507 0.438946
vt 0.309331 0.441621
vt 0.309092 0.445275
vt 0.308852 0.448929
vt 0.308677 0.451605
vt 0.707470 0.676018
vt 0.711089 0.676436
vt 0.714787 0.676048
vt 0.119335 0.491042
vt 0.116820 0.484969
vt 0.119224 0.483783
vt 0.122508 0.482164
vt 0.125793 0.480544
vt 0.128197 0.479358
vt 0.580862 0.736129
vt 0.577179 0.744103
vt 0.573510 0.743645
vt 0.317669 0.440021
vt 0.317146 0.442650
vt 0.316431 0.446242
vt 0.315717 0.449833
vt 0.315194 0.452462
vt 0.707362 0.670216
vt 0.710983 0.670747
vt 0.714679 0.670246
vt 0.113533 0.479276
vt 0.115762 0.477787
vt 0.118807 0.475752
vt 0.121852 0.473718
vt 0.124081 0.472229
vt 0.580834 0.743647
vt 0.577144 0.751228
vt 0.573476 0.750660
vt 0.325621 0.442151
vt 0.324759 0.444690
vt 0.323582 0.448158
vt 0.322405 0.451625
vt 0.321543 0.454164
vt 0.707221 0.664866
vt 0.710845 0.665502
vt 0.714539 0.664896
vt 0.109531 0.474061
vt 0.111547 0.472294
vt 0.114300 0.469879
vt 0.117053 0.467465
vt 0.119069 0.465697
vt 0.580800 0.750662
vt 0.577102 0.757721
vt 0.573435 0.757053
vt 0.333227 0.445302
vt 0.332041 0.447706
vt 0.330421 0.450991
vt 0.328802 0.454275
vt 0.327616 0.456679
vt 0.707050 0.660061
vt 0.710677 0.660791
vt 0.714367 0.660091
vt 0.104883 0.469413
vt 0.106651 0.467398
vt 0.109066 0.464645
vt 0.111480 0.461892
vt 0.113248 0.459876
vt 0.580759 0.757055
vt 0.577055 0.763471
vt 0.573388 0.762715
vt 0.340356 0.449418
vt 0.338867 0.451647
vt 0.336832 0.454692
vt 0.334798 0.457737
vt 0.333309 0.459966
vt 0.498177 0.985425
vt 0.498177 0.980483
vt 0.501839 0.979885
vt 0.501839 0.984731
vt 0.505501 0.980483
vt 0.505501 0.985425
vt 0.099669 0.465412
vt 0.101158 0.463183
vt 0.103192 0.460138
vt 0.105227 0.457093
vt 0.106716 0.454864
vt 0.580712 0.762717
vt 0.860902 0.151278
vt 0.860932 0.157317
vt 0.857266 0.157947
vt 0.857236 0.152000
vt 0.346888 0.454430
vt 0.345120 0.456445
vt 0.342706 0.459199
vt 0.340291 0.461952
vt 0.338524 0.463967
vt 0.498177 0.975017
vt 0.501839 0.974526
vt 0.505501 0.975017
vt 0.093976 0.462125
vt 0.095162 0.459721
vt 0.096781 0.456437
vt 0.098401 0.453152
vt 0.099587 0.450748
vt 0.864560 0.152002
vt 0.864590 0.157948
vt 0.860957 0.164059
vt 0.857291 0.164585
vt 0.352709 0.460251
vt 0.350693 0.462019
vt 0.347940 0.464433
vt 0.345187 0.466848
vt 0.343172 0.468615
vt 0.498177 0.969122
vt 0.501839 0.968746
vt 0.505501 0.969122
vt 0.087903 0.459610
vt 0.088765 0.457071
vt 0.089942 0.453604
vt 0.091119 0.450136
vt 0.091981 0.447598
vt 0.864614 0.164587
vt 0.860977 0.171388
vt 0.857310 0.171802
vt 0.357721 0.466783
vt 0.355492 0.468272
vt 0.352447 0.470306
vt 0.349402 0.472341
vt 0.347173 0.473830
vt 0.498177 0.962897
vt 0.501839 0.962643
vt 0.505501 0.962897
vt 0.081554 0.457909
vt 0.082077 0.455279
vt 0.082791 0.451688
vt 0.083506 0.448096
vt 0.084029 0.445467
vt 0.864634 0.171804
vt 0.860992 0.179181
vt 0.857325 0.179475
vt 0.361837 0.473912
vt 0.359433 0.475098
vt 0.356148 0.476717
vt 0.352864 0.478337
vt 0.350460 0.479523
vt 0.498177 0.956451
vt 0.501839 0.956322
vt 0.505501 0.956451
vt 0.075037 0.457051
vt 0.075212 0.454376
vt 0.075452 0.450721
vt 0.075691 0.447067
vt 0.075867 0.444392
vt 0.864649 0.179477
vt 0.861001 0.187302
vt 0.857333 0.187471
vt 0.364987 0.481518
vt 0.362449 0.482380
vt 0.358981 0.483557
vt 0.355514 0.484734
vt 0.352975 0.485596
vt 0.498177 0.949891
vt 0.501839 0.949891
vt 0.505501 0.949891
vt 0.068464 0.457051
vt 0.068288 0.454376
vt 0.068049 0.450721
vt 0.067809 0.447067
vt 0.067634 0.444392
vt 0.864657 0.187473
vt 0.861004 0.195613
vt 0.857336 0.195655
vt 0.854641 0.195771
vt 0.854638 0.187936
vt 0.364489 0.489993
vt 0.360897 0.490707
vt 0.357306 0.491422
vt 0.354676 0.491945
vt 0.498177 0.943332
vt 0.501839 0.943460
vt 0.505501 0.943332
vt 0.061947 0.457909
vt 0.061424 0.455279
vt 0.060709 0.451688
vt 0.059995 0.448096
vt 0.059472 0.445467
vt 0.864660 0.195656
vt 0.861001 0.203972
vt 0.857333 0.203885
vt 0.854638 0.203651
vt 0.365518 0.497808
vt 0.361864 0.498047
vt 0.358209 0.498287
vt 0.355534 0.498462
vt 0.498177 0.936885
vt 0.501839 0.937139
vt 0.505501 0.936885
vt 0.055598 0.459610
vt 0.054736 0.457071
vt 0.053559 0.453604
vt 0.052382 0.450136
vt 0.051520 0.447598
vt 0.864657 0.203887
vt 0.860992 0.212235
vt 0.857325 0.212022
vt 0.368193 0.497632
vt 0.368193 0.505865
vt 0.365518 0.505689
vt 0.361864 0.505450
vt 0.358209 0.505210
vt 0.355534 0.505035
vt 0.498177 0.930661
vt 0.501839 0.931036
vt 0.505501 0.930661
vt 0.049525 0.462125
vt 0.048339 0.459721
vt 0.046719 0.456437
vt 0.045100 0.453152
vt 0.043914 0.450748
vt 0.864649 0.212024
vt 0.860977 0.220263
vt 0.857310 0.219926
vt 0.367118 0.514027
vt 0.364489 0.513504
vt 0.360897 0.512789
vt 0.357306 0.512075
vt 0.354676 0.511552
vt 0.498177 0.924766
vt 0.501839 0.925256
vt 0.505501 0.924766
vt 0.043832 0.465412
vt 0.042343 0.463183
vt 0.040308 0.460138
vt 0.038274 0.457093
vt 0.036784 0.454864
vt 0.864634 0.219928
vt 0.860957 0.227916
vt 0.857291 0.227462
vt 0.364987 0.521979
vt 0.362449 0.521117
vt 0.358981 0.519940
vt 0.355514 0.518763
vt 0.352975 0.517901
vt 0.498177 0.919300
vt 0.501839 0.919897
vt 0.505501 0.919300
vt 0.038617 0.469413
vt 0.036850 0.467398
vt 0.034435 0.464645
vt 0.032021 0.461892
vt 0.030253 0.459876
vt 0.864614 0.227464
vt 0.860932 0.235064
vt 0.857266 0.234501
vt 0.361837 0.529585
vt 0.359433 0.528399
vt 0.356148 0.526779
vt 0.352864 0.525160
vt 0.350460 0.523974
vt 0.498177 0.914358
vt 0.501839 0.915052
vt 0.505501 0.914358
vt 0.033969 0.474061
vt 0.031954 0.472294
vt 0.029200 0.469879
vt 0.026447 0.467465
vt 0.024432 0.465697
vt 0.864590 0.234502
vt 0.860902 0.241585
vt 0.857236 0.240922
vt 0.357721 0.536714
vt 0.355492 0.535225
vt 0.352447 0.533191
vt 0.349402 0.531156
vt 0.347173 0.529667
vt 0.929851 0.151278
vt 0.929886 0.156050
vt 0.926219 0.156677
vt 0.926184 0.151998
vt 0.922562 0.156051
vt 0.922527 0.151279
vt 0.029968 0.479276
vt 0.027739 0.477787
vt 0.024694 0.475752
vt 0.021649 0.473718
vt 0.019420 0.472229
vt 0.109928 0.806045
vt 0.110142 0.799688
vt 0.113836 0.800256
vt 0.113619 0.806711
vt 0.114014 0.793162
vt 0.117635 0.792693
vt 0.117460 0.799678
vt 0.352709 0.543246
vt 0.350693 0.541478
vt 0.347940 0.539064
vt 0.345187 0.536649
vt 0.343172 0.534882
vt 0.929916 0.161371
vt 0.926248 0.161895
vt 0.922592 0.161373
vt 0.026681 0.484969
vt 0.024277 0.483783
vt 0.020992 0.482164
vt 0.017708 0.480544
vt 0.015304 0.479358
vt 0.110318 0.792704
vt 0.114150 0.785552
vt 0.117770 0.785199
vt 0.346888 0.549067
vt 0.345120 0.547052
vt 0.342706 0.544298
vt 0.340291 0.541545
vt 0.338524 0.539530
vt 0.929941 0.167151
vt 0.926273 0.167562
vt 0.922617 0.167152
vt 0.024166 0.491042
vt 0.021627 0.490180
vt 0.018159 0.489003
vt 0.014692 0.487826
vt 0.012153 0.486964
vt 0.110452 0.785210
vt 0.114243 0.777554
vt 0.117860 0.777325
vt 0.340356 0.554079
vt 0.338867 0.551850
vt 0.336832 0.548805
vt 0.334798 0.545760
vt 0.333309 0.543531
vt 0.929960 0.173290
vt 0.926291 0.173581
vt 0.922636 0.173291
vt 0.022464 0.497391
vt 0.019835 0.496868
vt 0.016243 0.496154
vt 0.012652 0.495439
vt 0.107666 0.784266
vt 0.107753 0.776727
vt 0.110543 0.777335
vt 0.114289 0.769307
vt 0.117906 0.769204
vt 0.333227 0.558195
vt 0.332041 0.555791
vt 0.330421 0.552506
vt 0.328802 0.549222
vt 0.327616 0.546818
vt 0.929973 0.179683
vt 0.926304 0.179849
vt 0.922649 0.179684
vt 0.021606 0.503908
vt 0.018931 0.503733
vt 0.015277 0.503493
vt 0.011623 0.503254
vt 0.107796 0.768952
vt 0.110589 0.769215
vt 0.932673 0.179230
vt 0.057023 0.969203
vt 0.057023 0.965209
vt 0.060350 0.965208
vt 0.060350 0.969202
vt 0.926522 0.270901
vt 0.922527 0.270901
vt 0.922527 0.254255
vt 0.926522 0.254255
vt 0.269829 0.966949
vt 0.269829 0.962958
vt 0.273157 0.962954
vt 0.273157 0.966945
vt 0.953763 0.270651
vt 0.949768 0.270647
vt 0.949768 0.254255
vt 0.953763 0.254259
vt 0.683936 0.791781
vt 0.683936 0.808426
vt 0.680607 0.808426
vt 0.680607 0.791781
vt 0.683936 0.831672
vt 0.683936 0.848318
vt 0.680607 0.848318
vt 0.680607 0.831672
vt 0.707541 0.972785
vt 0.707541 0.956140
vt 0.710867 0.956139
vt 0.710867 0.972784
vt 0.269829 0.939707
vt 0.269829 0.923062
vt 0.273824 0.923062
vt 0.273824 0.939707
vt 0.630717 0.974796
vt 0.630717 0.958166
vt 0.634044 0.958161
vt 0.634044 0.974792
vt 0.415543 0.942579
vt 0.415543 0.925934
vt 0.419477 0.925930
vt 0.419477 0.942575
vt 0.947803 0.011623
vt 0.947803 0.015618
vt 0.944473 0.015618
vt 0.944473 0.011623
vt 0.960622 0.839288
vt 0.960622 0.843283
vt 0.957293 0.843283
vt 0.957293 0.839288
vt 0.011623 0.969225
vt 0.011623 0.965230
vt 0.014950 0.965229
vt 0.014950 0.969224
vt 0.383680 0.935953
vt 0.379685 0.935953
vt 0.379685 0.919308
vt 0.383680 0.919308
vt 0.854672 0.968540
vt 0.854672 0.964549
vt 0.858000 0.964544
vt 0.858000 0.968536
vt 0.961288 0.882925
vt 0.957293 0.882921
vt 0.957293 0.866529
vt 0.961288 0.866533
vt 0.315769 0.949831
vt 0.315769 0.966476
vt 0.312440 0.966476
vt 0.312440 0.949831
vt 0.349061 0.953394
vt 0.349061 0.970040
vt 0.345732 0.970040
vt 0.345732 0.953394
vt 0.604144 0.974807
vt 0.604144 0.958162
vt 0.607471 0.958161
vt 0.607471 0.974806
vt 0.242588 0.939707
vt 0.242588 0.923062
vt 0.246583 0.923062
vt 0.246583 0.939707
vt 0.657290 0.974796
vt 0.657290 0.958166
vt 0.660618 0.958161
vt 0.660618 0.974792
vt 0.107666 0.946457
vt 0.107666 0.929812
vt 0.111600 0.929808
vt 0.111600 0.946453
vt 0.383014 0.959199
vt 0.383014 0.963194
vt 0.379685 0.963194
vt 0.379685 0.959199
vt 0.245917 0.962954
vt 0.245917 0.966949
vt 0.242588 0.966949
vt 0.242588 0.962954
vt 0.216013 0.845270
vt 0.216013 0.840277
vt 0.219340 0.840276
vt 0.219340 0.845269
vt 0.435758 0.405655
vt 0.430764 0.405655
vt 0.430764 0.379023
vt 0.435758 0.379023
vt 0.848015 0.712129
vt 0.848015 0.707140
vt 0.851342 0.707135
vt 0.851342 0.712124
vt 0.859666 0.941298
vt 0.854672 0.941294
vt 0.854672 0.915066
vt 0.859666 0.915071
vt 0.219342 0.740518
vt 0.219342 0.767151
vt 0.216013 0.767151
vt 0.216013 0.740518
vt 0.219342 0.790397
vt 0.219342 0.817030
vt 0.216013 0.817030
vt 0.216013 0.790397
vt 0.860371 0.891820
vt 0.860372 0.811922
vt 0.861005 0.811922
vt 0.866070 0.891820
vt 0.955926 0.229055
vt 0.955926 0.151361
vt 0.956676 0.151278
vt 0.962678 0.228305
vt 0.312440 0.926585
vt 0.315681 0.846576
vt 0.316454 0.846576
vt 0.319392 0.926585
vt 0.579973 0.919309
vt 0.579269 0.919575
vt 0.578835 0.918962
vt 0.579269 0.918316
vt 0.579973 0.918531
vt 0.889316 0.988355
vt 0.889316 0.914081
vt 0.890065 0.913967
vt 0.896052 0.987336
vt 0.854672 0.891820
vt 0.859738 0.811922
vt 0.351086 0.930148
vt 0.345732 0.926008
vt 0.347777 0.919308
vt 0.354394 0.919308
vt 0.356439 0.926008
vt 0.113365 0.905443
vt 0.113365 0.829957
vt 0.113998 0.830082
vt 0.119064 0.906562
vt 0.146102 0.954616
vt 0.152034 0.875280
vt 0.152775 0.875276
vt 0.152775 0.954579
vt 0.955209 0.583199
vt 0.961381 0.505908
vt 0.962153 0.505904
vt 0.962153 0.583161
vt 0.580029 0.943441
vt 0.579573 0.944022
vt 0.578835 0.943762
vt 0.578835 0.943020
vt 0.579573 0.942822
vt 0.205917 0.953206
vt 0.205917 0.875347
vt 0.206679 0.875276
vt 0.212770 0.952562
vt 0.107666 0.906562
vt 0.112731 0.830082
vt 0.778847 0.022430
vt 0.774742 0.017199
vt 0.778847 0.011623
vt 0.785489 0.013408
vt 0.785489 0.020087
vt 0.906866 0.121651
vt 0.906866 0.048142
vt 0.907499 0.048296
vt 0.912565 0.123036
vt 0.935811 0.127133
vt 0.935811 0.048142
vt 0.936571 0.048142
vt 0.942649 0.127136
vt 0.957717 0.805741
vt 0.963883 0.728760
vt 0.964654 0.728753
vt 0.964654 0.805674
vt 0.416514 0.965825
vt 0.416733 0.966569
vt 0.416133 0.967029
vt 0.415543 0.966569
vt 0.415778 0.965825
vt 0.929185 0.482658
vt 0.931115 0.402721
vt 0.931861 0.402721
vt 0.935904 0.482658
vt 0.901167 0.123036
vt 0.906232 0.048296
vt 0.853284 0.020127
vt 0.846767 0.022632
vt 0.842740 0.017377
vt 0.846767 0.011623
vt 0.853284 0.013323
vt 0.895015 0.890095
vt 0.895015 0.811922
vt 0.895649 0.811992
vt 0.900714 0.890721
vt 0.963599 0.979371
vt 0.969668 0.906171
vt 0.970427 0.906272
vt 0.970427 0.980279
vt 0.924442 0.374251
vt 0.928176 0.294331
vt 0.928948 0.294331
vt 0.931387 0.374251
vt 0.443871 0.926206
vt 0.443871 0.926978
vt 0.443161 0.927179
vt 0.442723 0.926531
vt 0.443161 0.925930
vt 0.817801 0.971660
vt 0.823721 0.895063
vt 0.824461 0.895158
vt 0.824461 0.972514
vt 0.889316 0.890721
vt 0.894382 0.811992
vt 0.878424 0.022437
vt 0.876530 0.015753
vt 0.881996 0.011623
vt 0.887268 0.015753
vt 0.885060 0.022437
vt 0.893554 0.231009
vt 0.898645 0.151388
vt 0.899281 0.151359
vt 0.899281 0.230748
vt 0.468345 0.987165
vt 0.474199 0.914358
vt 0.474931 0.914493
vt 0.474931 0.988377
vt 0.747432 0.957051
vt 0.747432 0.879628
vt 0.748204 0.879631
vt 0.754378 0.957077
vt 0.443671 0.951626
vt 0.442933 0.951626
vt 0.442723 0.950884
vt 0.443330 0.950425
vt 0.443916 0.950884
vt 0.954633 0.371297
vt 0.960725 0.294331
vt 0.961487 0.294405
vt 0.961487 0.371963
vt 0.887906 0.230020
vt 0.898017 0.151278
vt 0.751496 0.021053
vt 0.745111 0.022862
vt 0.741165 0.017034
vt 0.745111 0.011623
vt 0.751496 0.014107
vt 0.900159 0.696643
vt 0.905296 0.619740
vt 0.905938 0.619629
vt 0.905938 0.695640
vt 0.176021 0.953725
vt 0.181932 0.875276
vt 0.182671 0.875347
vt 0.182671 0.954370
vt 0.965895 0.121518
vt 0.972020 0.048142
vt 0.972786 0.048231
vt 0.972786 0.122317
vt 0.579438 0.968472
vt 0.578838 0.968013
vt 0.579058 0.967268
vt 0.579794 0.967268
vt 0.580029 0.968013
vt 0.925135 0.585908
vt 0.927858 0.505904
vt 0.928617 0.505904
vt 0.931963 0.585908
vt 0.894565 0.694880
vt 0.904674 0.619544
vt 0.921227 0.018319
vt 0.915827 0.022458
vt 0.910514 0.018319
vt 0.912631 0.011623
vt 0.919252 0.011623
vt 0.900325 0.482658
vt 0.895205 0.404461
vt 0.895829 0.404295
vt 0.905939 0.481169
vt 0.929184 0.699066
vt 0.934275 0.619544
vt 0.935037 0.619544
vt 0.936038 0.699066
vt 0.959150 0.479534
vt 0.959150 0.402721
vt 0.959922 0.402728
vt 0.966094 0.479596
vt 0.579967 0.894051
vt 0.579967 0.894833
vt 0.579267 0.895070
vt 0.578835 0.894434
vt 0.579267 0.893804
vt 0.959284 0.697209
vt 0.959284 0.619640
vt 0.960020 0.619544
vt 0.965901 0.696346
vt 0.894565 0.481914
vt 0.894565 0.404378
vt 0.810992 0.022418
vt 0.808735 0.015746
vt 0.813989 0.011623
vt 0.819494 0.015746
vt 0.817641 0.022418
s 1
usemtl prop_scarecrow_mat
f 1/1/1 2/2/2 4/3/4 3/4/3
f 3/5/3 4/6/4 6/7/6 5/8/5
f 5/8/5 6/7/6 8/9/8 7/10/7
f 7/10/7 8/9/8 10/11/10 9/12/9
f 9/13/9 10/14/10 12/15/12 11/16/11
f 11/16/11 12/15/12 14/17/14 13/18/13
f 13/19/13 14/20/14 16/21/16 15/22/15
f 15/22/15 16/21/16 18/23/18 17/24/17
f 4/25/4 2/26/2 20/27/20 18/28/18 16/29/16 14/30/14 12/31/12 10/32/10 8/33/8 6/34/6
f 17/24/17 18/23/18 20/35/20 19/36/19
f 19/37/19 20/38/20 2/2/2 1/1/1
f 1/39/1 3/40/3 5/41/5 7/42/7 9/43/9 11/44/11 13/45/13 15/46/15 17/47/17 19/48/19
f 21/49/21 22/50/22 24/51/24 23/52/23
f 23/53/23 24/54/24 26/55/26 25/56/25
f 25/56/25 26/55/26 28/57/28 27/58/27
f 27/58/27 28/57/28 30/59/30 29/60/29
f 29/61/29 30/62/30 32/63/32 31/64/31
f 31/64/31 32/63/32 34/65/34 33/66/33
f 33/67/33 34/68/34 36/69/36 35/70/35
f 35/70/35 36/69/36 38/71/38 37/72/37
f 24/73/24 22/74/22 40/75/40 38/76/38 36/77/36 34/78/34 32/79/32 30/80/30 28/81/28 26/82/26
f 37/72/37 38/71/38 40/83/40 39/84/39
f 39/85/39 40/86/40 22/50/22 21/49/21
f 21/87/21 23/88/23 25/89/25 27/90/27 29/91/29 31/92/31 33/93/33 35/94/35 37/95/37 39/96/39
f 41/97/41 42/98/42 44/99/44 43/100/43
f 43/101/43 44/102/44 48/103/48 47/104/47
f 47/105/47 48/106/48 46/107/46 45/108/45
f 45/109/45 46/110/46 42/111/42 41/112/41
f 43/113/43 47/114/47 45/115/45 41/116/41
f 48/117/48 44/118/44 42/119/42 46/120/46
f 49/121/41 50/122/42 52/123/44 51/124/43
f 51/125/43 52/126/44 56/127/48 55/128/47
f 55/129/47 56/130/48 54/131/46 53/132/45
f 53/133/45 54/134/46 50/135/42 49/136/41
f 51/137/43 55/138/47 53/139/45 49/140/41
f 56/141/48 52/142/44 50/143/42 54/144/46
f 57/145/41 58/146/42 60/147/44 59/148/43
f 59/149/43 60/150/44 64/151/48 63/152/47
f 63/153/47 64/154/48 62/155/46 61/156/45
f 61/157/45 62/158/46 58/159/42 57/160/41
f 59/161/43 63/162/47 61/163/45 57/164/41
f 64/165/48 60/166/44 58/167/42 62/168/46
f 65/169/41 66/170/42 68/171/44 67/172/43
f 67/173/43 68/174/44 72/175/48 71/176/47
f 71/177/47 72/178/48 70/179/46 69/180/45
f 69/181/45 70/182/46 66/183/42 65/184/41
f 67/185/43 71/186/47 69/187/45 65/188/41
f 72/189/48 68/190/44 66/191/42 70/192/46
f 73/193/41 74/194/42 76/195/44 75/196/43
f 75/197/43 76/198/44 80/199/48 79/200/47
f 79/201/47 80/202/48 78/203/46 77/204/45
f 77/205/45 78/206/46 74/207/42 73/208/41
f 75/209/43 79/210/47 77/211/45 73/212/41
f 80/213/48 76/214/44 74/215/42 78/216/46
f 81/217/41 82/218/42 84/219/44 83/220/43
f 83/221/43 84/222/44 88/223/48 87/224/47
f 87/225/47 88/226/48 86/227/46 85/228/45
f 85/229/45 86/230/46 82/231/42 81/232/41
f 83/233/43 87/234/47 85/235/45 81/236/41
f 88/237/48 84/238/44 82/239/42 86/240/46
f 89/241/49 102/242/62 101/243/61
f 90/244/50 102/245/62 104/246/64
f 89/241/49 101/243/61 106/247/66
f 89/241/49 106/247/66 108/248/68
f 89/241/49 108/248/68 105/249/65
f 90/244/50 104/246/64 111/250/71
f 91/251/51 103/252/63 113/253/73
f 92/254/52 107/255/67 115/256/75
f 93/257/53 109/258/69 117/259/77
f 94/260/54 110/261/70 119/262/79
f 90/244/50 111/250/71 114/263/74
f 91/251/51 113/253/73 116/264/76
f 92/254/52 115/256/75 118/265/78
f 93/257/53 117/259/77 120/266/80
f 94/267/54 119/268/79 112/269/72
f 95/270/55 121/271/81 126/272/86
f 96/273/56 122/274/82 128/275/88
f 97/276/57 123/277/83 129/278/89
f 98/279/58 124/280/84 130/281/90
f 99/282/59 125/283/85 127/284/87
f 127/285/87 130/286/90 100/287/60
f 127/285/87 125/288/85 130/286/90
f 125/289/85 98/279/58 130/281/90
f 130/286/90 129/290/89 100/287/60
f 130/286/90 124/291/84 129/290/89
f 124/280/84 97/292/57 129/293/89
f 129/290/89 128/275/88 100/287/60
f 129/290/89 123/294/83 128/275/88
f 123/277/83 96/295/56 128/296/88
f 128/275/88 126/297/86 100/287/60
f 128/275/88 122/274/82 126/297/86
f 122/298/82 95/270/55 126/272/86
f 126/297/86 127/285/87 100/287/60
f 126/297/86 121/299/81 127/285/87
f 121/300/81 99/282/59 127/284/87
f 112/269/72 125/283/85 99/282/59
f 112/269/72 119/268/79 125/283/85
f 119/262/79 98/279/58 125/289/85
f 120/266/80 124/280/84 98/279/58
f 120/266/80 117/259/77 124/280/84
f 117/259/77 97/292/57 124/280/84
f 118/265/78 123/277/83 97/276/57
f 118/265/78 115/256/75 123/277/83
f 115/256/75 96/295/56 123/277/83
f 116/264/76 122/298/82 96/301/56
f 116/264/76 113/253/73 122/298/82
f 113/253/73 95/270/55 122/298/82
f 114/302/74 121/271/81 95/270/55
f 114/263/74 111/250/71 121/300/81
f 111/250/71 99/282/59 121/300/81
f 119/262/79 120/266/80 98/279/58
f 119/262/79 110/261/70 120/266/80
f 110/261/70 93/257/53 120/266/80
f 117/303/77 118/265/78 97/276/57
f 117/303/77 109/304/69 118/265/78
f 109/304/69 92/254/52 118/265/78
f 115/256/75 116/305/76 96/295/56
f 115/256/75 107/255/67 116/305/76
f 107/306/67 91/251/51 116/264/76
f 113/253/73 114/302/74 95/270/55
f 113/253/73 103/252/63 114/302/74
f 103/252/63 90/307/50 114/302/74
f 111/250/71 112/269/72 99/282/59
f 111/250/71 104/246/64 112/269/72
f 104/246/64 94/267/54 112/269/72
f 105/308/65 110/261/70 94/260/54
f 105/249/65 108/248/68 110/309/70
f 108/310/68 93/257/53 110/261/70
f 108/310/68 109/258/69 93/257/53
f 108/248/68 106/247/66 109/311/69
f 106/312/66 92/254/52 109/304/69
f 106/312/66 107/255/67 92/254/52
f 106/247/66 101/243/61 107/313/67
f 101/243/61 91/314/51 107/313/67
f 104/246/64 105/315/65 94/267/54
f 104/316/64 102/242/62 105/249/65
f 102/242/62 89/241/49 105/249/65
f 101/317/61 103/252/63 91/251/51
f 101/243/61 102/242/62 103/318/63
f 102/319/62 90/307/50 103/252/63
f 131/320/91 132/321/92 134/322/94 133/323/93
f 133/324/93 134/325/94 136/326/96 135/327/95
f 135/327/95 136/326/96 138/328/98 137/329/97
f 137/329/97 138/328/98 140/330/100 139/331/99
f 139/331/99 140/330/100 142/332/102 141/333/101
f 141/333/101 142/332/102 144/334/104 143/335/103
f 143/336/103 144/337/104 146/338/106 145/339/105
f 145/340/105 146/341/106 148/342/108 147/343/107
f 147/343/107 148/342/108 150/344/110 149/345/109
f 149/345/109 150/344/110 152/346/112 151/347/111
f 151/348/111 152/349/112 154/350/114 153/351/113
f 153/352/113 154/353/114 156/354/116 155/355/115
f 134/325/94 132/356/92 158/357/118 156/354/116 154/353/114 152/346/112 150/344/110 148/342/108 146/341/106 144/334/104 142/332/102 140/330/100 138/328/98 136/326/96
f 155/355/115 156/354/116 158/357/118 157/358/117
f 157/359/117 158/360/118 132/321/92 131/320/91
f 131/361/91 133/362/93 135/363/95 137/364/97 139/365/99 141/366/101 143/367/103 145/368/105 147/369/107 149/370/109 151/371/111 153/372/113 155/373/115 157/374/117
f 159/375/119 171/376/131 172/377/132 160/378/120
f 160/379/120 172/380/132 173/381/133 161/382/121
f 161/382/121 173/381/133 174/383/134 162/384/122
f 162/384/122 174/383/134 175/385/135 163/386/123
f 163/387/123 175/388/135 176/389/136 164/390/124
f 164/390/124 176/389/136 177/391/137 165/392/125
f 165/392/125 177/391/137 178/393/138 166/394/126
f 166/395/126 178/396/138 179/397/139 167/398/127
f 167/398/127 179/397/139 180/399/140 168/400/128
f 168/400/128 180/399/140 181/401/141 169/402/129
f 169/403/129 181/404/141 182/405/142 170/406/130
f 170/406/130 182/405/142 171/376/131 159/375/119
f 171/376/131 183/407/143 184/408/144 172/377/132
f 172/380/132 184/409/144 185/410/145 173/381/133
f 173/381/133 185/410/145 186/411/146 174/383/134
f 174/383/134 186/411/146 187/412/147 175/385/135
f 175/385/135 187/412/147 188/413/148 176/414/136
f 176/389/136 188/415/148 189/416/149 177/391/137
f 177/391/137 189/416/149 190/417/150 178/393/138
f 178/396/138 190/418/150 191/419/151 179/397/139
f 179/397/139 191/419/151 192/420/152 180/399/140
f 180/399/140 192/420/152 193/421/153 181/401/141
f 181/404/141 193/422/153 194/423/154 182/405/142
f 182/405/142 194/423/154 183/407/143 171/376/131
f 183/407/143 195/424/155 196/425/156 184/408/144
f 184/409/144 196/426/156 197/427/157 185/410/145
f 185/410/145 197/427/157 198/428/158 186/411/146
f 186/411/146 198/428/158 199/429/159 187/412/147
f 187/412/147 199/429/159 200/430/160 188/413/148
f 188/415/148 200/431/160 201/432/161 189/416/149
f 189/416/149 201/432/161 202/433/162 190/417/150
f 190/418/150 202/434/162 203/435/163 191/419/151
f 191/419/151 203/435/163 204/436/164 192/420/152
f 192/420/152 204/436/164 205/437/165 193/421/153
f 193/421/153 205/437/165 206/438/166 194/439/154
f 194/423/154 206/440/166 195/424/155 183/407/143
f 195/424/155 207/441/167 208/442/168 196/425/156
f 196/426/156 208/443/168 209/444/169 197/427/157
f 197/427/157 209/444/169 210/445/170 198/428/158
f 198/428/158 210/445/170 211/446/171 199/429/159
f 199/429/159 211/446/171 212/447/172 200/430/160
f 200/431/160 212/448/172 213/449/173 201/432/161
f 201/432/161 213/449/173 214/450/174 202/433/162
f 202/434/162 214/451/174 215/452/175 203/435/163
f 203/435/163 215/452/175 216/453/176 204/436/164
f 204/436/164 216/453/176 217/454/177 205/437/165
f 205/437/165 217/454/177 218/455/178 206/438/166
f 206/440/166 218/456/178 207/441/167 195/424/155
f 207/441/167 219/457/179 220/458/180 208/442/168
f 208/443/168 220/459/180 221/460/181 209/444/169
f 209/444/169 221/460/181 222/461/182 210/445/170
f 210/445/170 222/461/182 223/462/183 211/446/171
f 211/446/171 223/462/183 224/463/184 212/447/172
f 212/448/172 224/464/184 225/465/185 213/449/173
f 213/449/173 225/465/185 226/466/186 214/450/174
f 214/451/174 226/467/186 227/468/187 215/452/175
f 215/452/175 227/468/187 228/469/188 216/453/176
f 216/453/176 228/469/188 229/470/189 217/454/177
f 217/454/177 229/470/189 230/471/190 218/455/178
f 218/456/178 230/472/190 219/457/179 207/441/167
f 219/457/179 231/473/191 232/474/192 220/458/180
f 220/459/180 232/475/192 233/476/193 221/460/181
f 221/460/181 233/476/193 234/477/194 222/461/182
f 222/461/182 234/477/194 235/478/195 223/462/183
f 223/462/183 235/478/195 236/479/196 224/463/184
f 224/464/184 236/480/196 237/481/197 225/465/185
f 225/465/185 237/481/197 238/482/198 226/466/186
f 226/467/186 238/483/198 239/484/199 227/468/187
f 227/468/187 239/484/199 240/485/200 228/469/188
f 228/469/188 240/485/200 241/486/201 229/470/189
f 229/470/189 241/486/201 242/487/202 230/471/190
f 230/472/190 242/488/202 231/473/191 219/457/179
f 231/489/191 243/490/203 244/491/204 232/492/192
f 232/475/192 244/493/204 245/494/205 233/476/193
f 233/476/193 245/494/205 246/495/206 234/477/194
f 234/477/194 246/495/206 247/496/207 235/478/195
f 235/478/195 247/496/207 248/497/208 236/479/196
f 236/480/196 248/498/208 249/499/209 237/481/197
f 237/481/197 249/499/209 250/500/210 238/482/198
f 238/483/198 250/501/210 251/502/211 239/484/199
f 239/484/199 251/502/211 252/503/212 240/485/200
f 240/485/200 252/503/212 253/504/213 241/486/201
f 241/486/201 253/504/213 254/505/214 242/487/202
f 242/506/202 254/507/214 243/490/203 231/489/191
f 243/490/203 255/508/215 256/509/216 244/491/204
f 244/493/204 256/510/216 257/511/217 245/494/205
f 245/494/205 257/511/217 258/512/218 246/495/206
f 246/495/206 258/512/218 259/513/219 247/496/207
f 247/496/207 259/513/219 260/514/220 248/497/208
f 248/515/208 260/516/220 261/517/221 249/518/209
f 249/518/209 261/517/221 262/519/222 250/520/210
f 250/501/210 262/521/222 263/522/223 251/502/211
f 251/502/211 263/522/223 264/523/224 252/503/212
f 252/503/212 264/523/224 265/524/225 253/504/213
f 253/504/213 265/524/225 266/525/226 254/505/214
f 254/507/214 266/526/226 255/508/215 243/490/203
f 255/508/215 267/527/227 268/528/228 256/509/216
f 256/510/216 268/529/228 269/530/229 257/511/217
f 257/511/217 269/530/229 270/531/230 258/512/218
f 258/512/218 270/531/230 271/532/231 259/513/219
f 259/513/219 271/532/231 272/533/232 260/514/220
f 260/516/220 272/534/232 273/535/233 261/517/221
f 261/517/221 273/535/233 274/536/234 262/519/222
f 262/521/222 274/537/234 275/538/235 263/522/223
f 263/522/223 275/538/235 276/539/236 264/523/224
f 264/523/224 276/539/236 277/540/237 265/524/225
f 265/524/225 277/540/237 278/541/238 266/525/226
f 266/526/226 278/542/238 267/527/227 255/508/215
f 267/527/227 279/543/239 280/544/240 268/528/228
f 268/529/228 280/545/240 281/546/241 269/530/229
f 269/530/229 281/546/241 282/547/242 270/531/230
f 270/531/230 282/547/242 283/548/243 271/532/231
f 271/532/231 283/548/243 284/549/244 272/533/232
f 272/534/232 284/550/244 285/551/245 273/535/233
f 273/535/233 285/551/245 286/552/246 274/536/234
f 274/537/234 286/553/246 287/554/247 275/538/235
f 275/538/235 287/554/247 288/555/248 276/539/236
f 276/539/236 288/555/248 289/556/249 277/540/237
f 277/540/237 289/556/249 290/557/250 278/541/238
f 278/542/238 290/558/250 279/543/239 267/527/227
f 279/543/239 291/559/251 292/560/252 280/544/240
f 280/545/240 292/561/252 293/562/253 281/546/241
f 281/546/241 293/562/253 294/563/254 282/547/242
f 282/547/242 294/563/254 295/564/255 283/548/243
f 283/548/243 295/564/255 296/565/256 284/549/244
f 284/550/244 296/566/256 297/567/257 285/551/245
f 285/551/245 297/567/257 298/568/258 286/552/246
f 286/553/246 298/569/258 299/570/259 287/554/247
f 287/554/247 299/570/259 300/571/260 288/555/248
f 288/555/248 300/571/260 301/572/261 289/556/249
f 289/556/249 301/572/261 302/573/262 290/557/250
f 290/558/250 302/574/262 291/559/251 279/543/239
f 291/559/251 303/575/80 304/576/263 292/560/252
f 292/561/252 304/577/263 305/578/264 293/562/253
f 293/562/253 305/578/264 306/579/265 294/563/254
f 294/563/254 306/579/265 307/580/266 295/564/255
f 295/564/255 307/580/266 308/581/267 296/565/256
f 296/566/256 308/582/267 309/583/73 297/567/257
f 297/567/257 309/583/73 310/584/268 298/568/258
f 298/569/258 310/585/268 311/586/269 299/570/259
f 299/570/259 311/586/269 312/587/270 300/571/260
f 300/571/260 312/587/270 313/588/271 301/572/261
f 301/572/261 313/588/271 314/589/272 302/573/262
f 302/574/262 314/590/272 303/575/80 291/559/251
f 303/575/80 315/591/273 316/592/274 304/576/263
f 304/577/263 316/593/274 317/594/275 305/578/264
f 305/578/264 317/594/275 318/595/276 306/579/265
f 306/579/265 318/595/276 319/596/277 307/580/266
f 307/597/266 319/598/277 320/599/278 308/582/267
f 308/582/267 320/599/278 321/600/279 309/583/73
f 309/583/73 321/600/279 322/601/280 310/584/268
f 310/585/268 322/602/280 323/603/281 311/586/269
f 311/586/269 323/603/281 324/604/282 312/587/270
f 312/587/270 324/604/282 325/605/283 313/588/271
f 313/588/271 325/605/283 326/606/284 314/589/272
f 314/590/272 326/607/284 315/591/273 303/575/80
f 315/591/273 327/608/285 328/609/286 316/592/274
f 316/593/274 328/610/286 329/611/287 317/594/275
f 317/594/275 329/611/287 330/612/288 318/595/276
f 318/595/276 330/612/288 331/613/289 319/596/277
f 319/598/277 331/614/289 332/615/290 320/599/278
f 320/599/278 332/615/290 333/616/291 321/600/279
f 321/600/279 333/616/291 334/617/292 322/601/280
f 322/602/280 334/618/292 335/619/293 323/603/281
f 323/603/281 335/619/293 336/620/294 324/604/282
f 324/604/282 336/620/294 337/621/295 325/605/283
f 325/605/283 337/621/295 338/622/296 326/606/284
f 326/607/284 338/623/296 327/608/285 315/591/273
f 327/608/285 339/624/297 340/625/298 328/609/286
f 328/610/286 340/626/298 341/627/299 329/611/287
f 329/611/287 341/627/299 342/628/300 330/612/288
f 330/612/288 342/628/300 343/629/301 331/613/289
f 331/613/289 343/629/301 344/630/302 332/631/290
f 332/615/290 344/632/302 345/633/303 333/616/291
f 333/616/291 345/633/303 346/634/304 334/617/292
f 334/618/292 346/635/304 347/636/305 335/619/293
f 335/619/293 347/636/305 348/637/306 336/620/294
f 336/620/294 348/637/306 349/638/307 337/621/295
f 337/621/295 349/638/307 350/639/308 338/622/296
f 338/623/296 350/640/308 339/624/297 327/608/285
f 339/624/297 351/641/309 352/642/310 340/625/298
f 340/626/298 352/643/310 353/644/311 341/627/299
f 341/627/299 353/644/311 354/645/312 342/628/300
f 342/628/300 354/645/312 355/646/313 343/629/301
f 343/629/301 355/646/313 356/647/314 344/630/302
f 344/632/302 356/648/314 357/649/315 345/633/303
f 345/633/303 357/649/315 358/650/316 346/634/304
f 346/635/304 358/651/316 359/652/317 347/636/305
f 347/636/305 359/652/317 360/653/318 348/637/306
f 348/637/306 360/653/318 361/654/319 349/638/307
f 349/638/307 361/654/319 362/655/320 350/639/308
f 350/640/308 362/656/320 351/641/309 339/624/297
f 351/641/309 363/657/321 364/658/322 352/642/310
f 352/643/310 364/659/322 365/660/323 353/644/311
f 353/644/311 365/660/323 366/661/324 354/645/312
f 354/645/312 366/661/324 367/662/325 355/646/313
f 355/646/313 367/662/325 368/663/326 356/647/314
f 356/648/314 368/664/326 369/665/327 357/649/315
f 357/649/315 369/665/327 370/666/328 358/650/316
f 358/651/316 370/667/328 371/668/329 359/652/317
f 359/652/317 371/668/329 372/669/330 360/653/318
f 360/653/318 372/669/330 373/670/331 361/654/319
f 361/654/319 373/670/331 374/671/332 362/655/320
f 362/656/320 374/672/332 363/657/321 351/641/309
f 363/657/321 375/673/333 376/674/334 364/658/322
f 364/659/322 376/675/334 377/676/335 365/660/323
f 365/660/323 377/676/335 378/677/336 366/661/324
f 366/661/324 378/677/336 379/678/337 367/662/325
f 367/662/325 379/678/337 380/679/338 368/663/326
f 368/664/326 380/680/338 381/681/339 369/665/327
f 369/665/327 381/681/339 382/682/340 370/666/328
f 370/667/328 382/683/340 383/684/341 371/668/329
f 371/668/329 383/684/341 384/685/342 372/669/330
f 372/669/330 384/685/342 385/686/343 373/670/331
f 373/670/331 385/686/343 386/687/344 374/671/332
f 374/672/332 386/688/344 375/673/333 363/657/321
f 375/689/333 387/690/345 388/691/346 376/692/334
f 376/675/334 388/693/346 389/694/347 377/676/335
f 377/676/335 389/694/347 390/695/348 378/677/336
f 378/677/336 390/695/348 391/696/349 379/678/337
f 379/678/337 391/696/349 392/697/350 380/679/338
f 380/680/338 392/698/350 393/699/351 381/681/339
f 381/700/339 393/701/351 394/702/352 382/703/340
f 382/683/340 394/704/352 395/705/353 383/684/341
f 383/684/341 395/705/353 396/706/354 384/685/342
f 384/685/342 396/706/354 397/707/355 385/686/343
f 385/686/343 397/707/355 398/708/356 386/687/344
f 386/709/344 398/710/356 387/690/345 375/689/333
f 387/690/345 399/711/357 400/712/358 388/691/346
f 388/693/346 400/713/358 401/714/359 389/694/347
f 389/694/347 401/714/359 402/715/360 390/695/348
f 390/695/348 402/715/360 403/716/361 391/696/349
f 391/696/349 403/716/361 404/717/362 392/697/350
f 392/718/350 404/719/362 405/720/363 393/701/351
f 393/701/351 405/720/363 406/721/364 394/702/352
f 394/704/352 406/722/364 407/723/365 395/705/353
f 395/705/353 407/723/365 408/724/366 396/706/354
f 396/706/354 408/724/366 409/725/367 397/707/355
f 397/707/355 409/725/367 410/726/368 398/708/356
f 398/710/356 410/727/368 399/711/357 387/690/345
f 399/711/357 411/728/369 412/729/370 400/712/358
f 400/713/358 412/730/370 413/731/371 401/714/359
f 401/714/359 413/731/371 414/732/372 402/715/360
f 402/715/360 414/732/372 415/733/373 403/716/361
f 403/716/361 415/733/373 416/734/374 404/717/362
f 404/719/362 416/735/374 417/736/375 405/720/363
f 405/720/363 417/736/375 418/737/376 406/721/364
f 406/722/364 418/738/376 419/739/377 407/723/365
f 407/723/365 419/739/377 420/740/378 408/724/366
f 408/724/366 420/740/378 421/741/379 409/725/367
f 409/725/367 421/741/379 422/742/380 410/726/368
f 410/727/368 422/743/380 411/728/369 399/711/357
f 411/728/369 423/744/381 424/745/382 412/729/370
f 412/730/370 424/746/382 425/747/383 413/731/371
f 413/731/371 425/747/383 426/748/384 414/732/372
f 414/732/372 426/748/384 427/749/385 415/733/373
f 415/733/373 427/749/385 428/750/386 416/734/374
f 416/735/374 428/751/386 429/752/387 417/736/375
f 417/736/375 429/752/387 430/753/388 418/737/376
f 418/737/376 430/753/388 431/754/389 419/755/377
f 419/739/377 431/756/389 432/757/390 420/740/378
f 420/740/378 432/757/390 433/758/391 421/741/379
f 421/741/379 433/758/391 434/759/392 422/742/380
f 422/743/380 434/760/392 423/744/381 411/728/369
f 423/744/381 435/761/393 436/762/394 424/745/382
f 424/746/382 436/763/394 437/764/395 425/747/383
f 425/747/383 437/764/395 438/765/396 426/748/384
f 426/748/384 438/765/396 439/766/397 427/749/385
f 427/749/385 439/766/397 440/767/398 428/750/386
f 428/751/386 440/768/398 441/769/399 429/752/387
f 429/752/387 441/769/399 442/770/400 430/753/388
f 430/753/388 442/770/400 443/771/401 431/754/389
f 431/756/389 443/772/401 444/773/402 432/757/390
f 432/757/390 444/773/402 445/774/403 433/758/391
f 433/758/391 445/774/403 446/775/404 434/759/392
f 434/760/392 446/776/404 435/761/393 423/744/381
f 435/761/393 447/777/125 448/778/405 436/762/394
f 436/762/394 448/778/405 449/779/406 437/780/395
f 437/764/395 449/781/406 450/782/407 438/765/396
f 438/765/396 450/782/407 451/783/408 439/766/397
f 439/766/397 451/783/408 452/784/409 440/767/398
f 440/768/398 452/785/409 453/786/119 441/769/399
f 441/769/399 453/786/119 454/787/410 442/770/400
f 442/770/400 454/787/410 455/788/411 443/771/401
f 443/772/401 455/789/411 456/790/412 444/773/402
f 444/773/402 456/790/412 457/791/413 445/774/403
f 445/774/403 457/791/413 458/792/414 446/775/404
f 446/776/404 458/793/414 447/777/125 435/761/393
f 447/777/125 459/794/137 460/795/415 448/778/405
f 448/778/405 460/795/415 461/796/416 449/779/406
f 449/781/406 461/797/416 462/798/417 450/782/407
f 450/782/407 462/798/417 463/799/418 451/783/408
f 451/783/408 463/799/418 464/800/419 452/784/409
f 452/785/409 464/801/419 465/802/131 453/786/119
f 453/786/119 465/802/131 466/803/420 454/787/410
f 454/787/410 466/803/420 467/804/421 455/788/411
f 455/789/411 467/805/421 468/806/422 456/790/412
f 456/790/412 468/806/422 469/807/423 457/791/413
f 457/791/413 469/807/423 470/808/424 458/792/414
f 458/793/414 470/809/424 459/794/137 447/777/125
f 459/794/137 471/810/149 472/811/425 460/795/415
f 460/812/415 472/813/425 473/814/426 461/797/416
f 461/797/416 473/814/426 474/815/427 462/798/417
f 462/798/417 474/815/427 475/816/428 463/799/418
f 463/799/418 475/816/428 476/817/429 464/800/419
f 464/801/419 476/818/429 477/819/143 465/802/131
f 465/802/131 477/819/143 478/820/430 466/803/420
f 466/803/420 478/820/430 479/821/431 467/804/421
f 467/805/421 479/822/431 480/823/432 468/806/422
f 468/806/422 480/823/432 481/824/433 469/807/423
f 469/807/423 481/824/433 482/825/434 470/808/424
f 470/809/424 482/826/434 471/810/149 459/794/137
f 471/810/149 483/827/161 484/828/435 472/811/425
f 472/813/425 484/829/435 485/830/436 473/814/426
f 473/814/426 485/830/436 486/831/437 474/815/427
f 474/815/427 486/831/437 487/832/438 475/816/428
f 475/816/428 487/832/438 488/833/439 476/817/429
f 476/818/429 488/834/439 489/835/155 477/819/143
f 477/819/143 489/835/155 490/836/440 478/820/430
f 478/837/430 490/838/440 491/839/441 479/822/431
f 479/822/431 491/839/441 492/840/442 480/823/432
f 480/823/432 492/840/442 493/841/443 481/824/433
f 481/824/433 493/841/443 494/842/444 482/825/434
f 482/826/434 494/843/444 483/827/161 471/810/149
f 483/827/161 495/844/173 496/845/445 484/828/435
f 484/829/435 496/846/445 497/847/446 485/830/436
f 485/830/436 497/847/446 498/848/447 486/831/437
f 486/831/437 498/848/447 499/849/448 487/832/438
f 487/832/438 499/849/448 500/850/449 488/833/439
f 488/834/439 500/851/449 501/852/167 489/835/155
f 489/835/155 501/852/167 502/853/450 490/836/440
f 490/838/440 502/854/450 503/855/451 491/839/441
f 491/839/441 503/855/451 504/856/452 492/840/442
f 492/840/442 504/856/452 505/857/453 493/841/443
f 493/841/443 505/857/453 506/858/454 494/842/444
f 494/843/444 506/859/454 495/844/173 483/827/161
f 495/844/173 507/860/185 508/861/455 496/845/445
f 496/846/445 508/862/455 509/863/456 497/847/446
f 497/847/446 509/863/456 510/864/457 498/848/447
f 498/848/447 510/864/457 511/865/458 499/849/448
f 499/849/448 511/865/458 512/866/459 500/850/449
f 500/851/449 512/867/459 513/868/179 501/852/167
f 501/852/167 513/868/179 514/869/460 502/853/450
f 502/854/450 514/870/460 515/871/461 503/855/451
f 503/855/451 515/871/461 516/872/462 504/856/452
f 504/856/452 516/872/462 517/873/463 505/857/453
f 505/857/453 517/873/463 518/874/464 506/858/454
f 506/859/454 518/875/464 507/860/185 495/844/173
f 507/860/185 519/876/197 520/877/465 508/861/455
f 508/862/455 520/878/465 521/879/466 509/863/456
f 509/863/456 521/879/466 522/880/467 510/864/457
f 510/864/457 522/880/467 523/881/468 511/865/458
f 511/865/458 523/881/468 524/882/469 512/866/459
f 512/867/459 524/883/469 525/884/191 513/868/179
f 513/868/179 525/884/191 526/885/470 514/869/460
f 514/870/460 526/886/470 527/887/471 515/871/461
f 515/871/461 527/887/471 528/888/472 516/872/462
f 516/872/462 528/888/472 529/889/473 517/873/463
f 517/873/463 529/889/473 530/890/474 518/874/464
f 518/875/464 530/891/474 519/876/197 507/860/185
f 519/876/197 531/892/209 532/893/475 520/877/465
f 520/878/465 532/894/475 533/895/476 521/879/466
f 521/879/466 533/895/476 534/896/477 522/880/467
f 522/880/467 534/896/477 535/897/478 523/881/468
f 523/881/468 535/897/478 536/898/479 524/882/469
f 524/899/469 536/900/479 537/901/203 525/902/191
f 525/902/191 537/901/203 538/903/480 526/904/470
f 526/886/470 538/905/480 539/906/481 527/887/471
f 527/887/471 539/906/481 540/907/482 528/888/472
f 528/888/472 540/907/482 541/908/483 529/889/473
f 529/889/473 541/908/483 542/909/484 530/890/474
f 530/891/474 542/910/484 531/892/209 519/876/197
f 531/911/209 543/912/221 544/913/485 532/914/475
f 532/894/475 544/915/485 545/916/486 533/895/476
f 533/895/476 545/916/486 546/917/487 534/896/477
f 534/896/477 546/917/487 547/918/488 535/897/478
f 535/897/478 547/918/488 548/919/489 536/898/479
f 536/900/479 548/920/489 549/921/215 537/901/203
f 537/901/203 549/921/215 550/922/490 538/903/480
f 538/905/480 550/923/490 551/924/491 539/906/481
f 539/906/481 551/924/491 552/925/492 540/907/482
f 540/907/482 552/925/492 553/926/493 541/908/483
f 541/908/483 553/926/493 554/927/494 542/909/484
f 542/928/484 554/929/494 543/912/221 531/911/209
f 543/912/221 555/930/233 556/931/495 544/913/485
f 544/915/485 556/932/495 557/933/496 545/916/486
f 545/916/486 557/933/496 558/934/497 546/917/487
f 546/917/487 558/934/497 559/935/498 547/918/488
f 547/918/488 559/935/498 560/936/499 548/919/489
f 548/920/489 560/937/499 561/938/227 549/921/215
f 549/921/215 561/938/227 562/939/500 550/922/490
f 550/923/490 562/940/500 563/941/501 551/924/491
f 551/924/491 563/941/501 564/942/502 552/925/492
f 552/925/492 564/942/502 565/943/503 553/926/493
f 553/926/493 565/943/503 566/944/504 554/927/494
f 554/929/494 566/945/504 555/930/233 543/912/221
f 555/930/233 567/946/245 568/947/505 556/931/495
f 556/932/495 568/948/505 569/949/506 557/933/496
f 557/933/496 569/949/506 570/950/507 558/934/497
f 558/934/497 570/950/507 571/951/508 559/935/498
f 559/935/498 571/951/508 572/952/509 560/936/499
f 560/937/499 572/953/509 573/954/239 561/938/227
f 561/938/227 573/954/239 574/955/510 562/939/500
f 562/940/500 574/956/510 575/957/511 563/941/501
f 563/941/501 575/957/511 576/958/512 564/942/502
f 564/942/502 576/958/512 577/959/513 565/943/503
f 565/943/503 577/959/513 578/960/514 566/944/504
f 566/945/504 578/961/514 567/946/245 555/930/233
f 567/946/245 579/962/257 580/963/515 568/947/505
f 568/948/505 580/964/515 581/965/516 569/949/506
f 569/949/506 581/965/516 582/966/517 570/950/507
f 570/950/507 582/966/517 583/967/518 571/951/508
f 571/951/508 583/967/518 584/968/519 572/952/509
f 572/953/509 584/969/519 585/970/251 573/954/239
f 573/954/239 585/970/251 586/971/520 574/955/510
f 574/956/510 586/972/520 587/973/521 575/957/511
f 575/957/511 587/973/521 588/974/522 576/958/512
f 576/958/512 588/974/522 589/975/523 577/959/513
f 577/959/513 589/975/523 590/976/524 578/960/514
f 578/961/514 590/977/524 579/962/257 567/946/245
f 579/962/257 591/978/73 592/979/525 580/963/515
f 580/964/515 592/980/525 593/981/526 581/965/516
f 581/965/516 593/981/526 594/982/527 582/966/517
f 582/966/517 594/982/527 595/983/528 583/967/518
f 583/967/518 595/983/528 596/984/529 584/968/519
f 584/969/519 596/985/529 597/986/80 585/970/251
f 585/970/251 597/986/80 598/987/530 586/971/520
f 586/972/520 598/988/530 599/989/531 587/973/521
f 587/973/521 599/989/531 600/990/532 588/974/522
f 588/974/522 600/990/532 601/991/533 589/975/523
f 589/975/523 601/991/533 602/992/534 590/976/524
f 590/977/524 602/993/534 591/978/73 579/962/257
f 591/978/73 603/994/279 604/995/535 592/979/525
f 592/979/525 604/995/535 605/996/536 593/997/526
f 593/981/526 605/998/536 606/999/537 594/982/527
f 594/982/527 606/999/537 607/1000/538 595/983/528
f 595/983/528 607/1000/538 608/1001/539 596/984/529
f 596/985/529 608/1002/539 609/1003/273 597/986/80
f 597/986/80 609/1003/273 610/1004/540 598/987/530
f 598/988/530 610/1005/540 611/1006/541 599/989/531
f 599/989/531 611/1006/541 612/1007/542 600/990/532
f 600/990/532 612/1007/542 613/1008/543 601/991/533
f 601/991/533 613/1008/543 614/1009/544 602/992/534
f 602/993/534 614/1010/544 603/994/279 591/978/73
f 603/994/279 615/1011/291 616/1012/545 604/995/535
f 604/995/535 616/1012/545 617/1013/546 605/996/536
f 605/998/536 617/1014/546 618/1015/547 606/999/537
f 606/999/537 618/1015/547 619/1016/548 607/1000/538
f 607/1000/538 619/1016/548 620/1017/549 608/1001/539
f 608/1002/539 620/1018/549 621/1019/285 609/1003/273
f 609/1003/273 621/1019/285 622/1020/550 610/1004/540
f 610/1005/540 622/1021/550 623/1022/551 611/1006/541
f 611/1006/541 623/1022/551 624/1023/552 612/1007/542
f 612/1007/542 624/1023/552 625/1024/553 613/1008/543
f 613/1008/543 625/1024/553 626/1025/554 614/1009/544
f 614/1010/544 626/1026/554 615/1011/291 603/994/279
f 615/1011/291 627/1027/303 628/1028/555 616/1012/545
f 616/1029/545 628/1030/555 629/1031/556 617/1014/546
f 617/1014/546 629/1031/556 630/1032/557 618/1015/547
f 618/1015/547 630/1032/557 631/1033/558 619/1016/548
f 619/1016/548 631/1033/558 632/1034/559 620/1017/549
f 620/1018/549 632/1035/559 633/1036/297 621/1019/285
f 621/1019/285 633/1036/297 634/1037/560 622/1020/550
f 622/1021/550 634/1038/560 635/1039/561 623/1022/551
f 623/1022/551 635/1039/561 636/1040/562 624/1023/552
f 624/1023/552 636/1040/562 637/1041/563 625/1024/553
f 625/1024/553 637/1041/563 638/1042/564 626/1025/554
f 626/1026/554 638/1043/564 627/1027/303 615/1011/291
f 627/1027/303 639/1044/315 640/1045/565 628/1028/555
f 628/1030/555 640/1046/565 641/1047/566 629/1031/556
f 629/1031/556 641/1047/566 642/1048/567 630/1032/557
f 630/1032/557 642/1048/567 643/1049/568 631/1033/558
f 631/1033/558 643/1049/568 644/1050/569 632/1034/559
f 632/1035/559 644/1051/569 645/1052/309 633/1036/297
f 633/1036/297 645/1052/309 646/1053/570 634/1037/560
f 634/1038/560 646/1054/570 647/1055/571 635/1039/561
f 635/1039/561 647/1055/571 648/1056/572 636/1040/562
f 636/1040/562 648/1056/572 649/1057/573 637/1041/563
f 637/1041/563 649/1057/573 650/1058/574 638/1042/564
f 638/1043/564 650/1059/574 639/1044/315 627/1027/303
f 639/1044/315 651/1060/327 652/1061/575 640/1045/565
f 640/1046/565 652/1062/575 653/1063/576 641/1047/566
f 641/1047/566 653/1063/576 654/1064/577 642/1048/567
f 642/1048/567 654/1064/577 655/1065/578 643/1049/568
f 643/1049/568 655/1065/578 656/1066/579 644/1050/569
f 644/1051/569 656/1067/579 657/1068/321 645/1052/309
f 645/1052/309 657/1068/321 658/1069/580 646/1053/570
f 646/1054/570 658/1070/580 659/1071/581 647/1055/571
f 647/1055/571 659/1071/581 660/1072/582 648/1056/572
f 648/1056/572 660/1072/582 661/1073/583 649/1057/573
f 649/1057/573 661/1073/583 662/1074/584 650/1058/574
f 650/1059/574 662/1075/584 651/1060/327 639/1044/315
f 651/1060/327 663/1076/339 664/1077/585 652/1061/575
f 652/1062/575 664/1078/585 665/1079/586 653/1063/576
f 653/1063/576 665/1079/586 666/1080/587 654/1064/577
f 654/1064/577 666/1080/587 667/1081/588 655/1065/578
f 655/1065/578 667/1081/588 668/1082/589 656/1066/579
f 656/1067/579 668/1083/589 669/1084/333 657/1068/321
f 657/1068/321 669/1084/333 670/1085/590 658/1069/580
f 658/1070/580 670/1086/590 671/1087/591 659/1071/581
f 659/1071/581 671/1087/591 672/1088/592 660/1072/582
f 660/1072/582 672/1088/592 673/1089/593 661/1073/583
f 661/1073/583 673/1089/593 674/1090/594 662/1074/584
f 662/1075/584 674/1091/594 663/1076/339 651/1060/327
f 663/1076/339 675/1092/351 676/1093/595 664/1077/585
f 664/1078/585 676/1094/595 677/1095/596 665/1079/586
f 665/1079/586 677/1095/596 678/1096/597 666/1080/587
f 666/1080/587 678/1096/597 679/1097/598 667/1081/588
f 667/1081/588 679/1097/598 680/1098/599 668/1082/589
f 668/1099/589 680/1100/599 681/1101/345 669/1102/333
f 669/1102/333 681/1101/345 682/1103/600 670/1104/590
f 670/1086/590 682/1105/600 683/1106/601 671/1087/591
f 671/1087/591 683/1106/601 684/1107/602 672/1088/592
f 672/1088/592 684/1107/602 685/1108/603 673/1089/593
f 673/1089/593 685/1108/603 686/1109/604 674/1090/594
f 674/1110/594 686/1111/604 675/1112/351 663/1113/339
f 675/1112/351 687/1114/363 688/1115/605 676/1116/595
f 676/1094/595 688/1117/605 689/1118/606 677/1095/596
f 677/1095/596 689/1118/606 690/1119/607 678/1096/597
f 678/1096/597 690/1119/607 691/1120/608 679/1097/598
f 679/1097/598 691/1120/608 692/1121/609 680/1098/599
f 680/1100/599 692/1122/609 693/1123/357 681/1101/345
f 681/1101/345 693/1123/357 694/1124/610 682/1103/600
f 682/1105/600 694/1125/610 695/1126/611 683/1106/601
f 683/1106/601 695/1126/611 696/1127/612 684/1107/602
f 684/1107/602 696/1127/612 697/1128/613 685/1108/603
f 685/1108/603 697/1128/613 698/1129/614 686/1109/604
f 686/1111/604 698/1130/614 687/1114/363 675/1112/351
f 687/1114/363 699/1131/375 700/1132/615 688/1115/605
f 688/1117/605 700/1133/615 701/1134/616 689/1118/606
f 689/1118/606 701/1134/616 702/1135/617 690/1119/607
f 690/1119/607 702/1135/617 703/1136/618 691/1120/608
f 691/1120/608 703/1136/618 704/1137/619 692/1121/609
f 692/1122/609 704/1138/619 705/1139/369 693/1123/357
f 693/1123/357 705/1139/369 706/1140/620 694/1124/610
f 694/1125/610 706/1141/620 707/1142/621 695/1126/611
f 695/1126/611 707/1142/621 708/1143/622 696/1127/612
f 696/1127/612 708/1143/622 709/1144/623 697/1128/613
f 697/1128/613 709/1144/623 710/1145/624 698/1129/614
f 698/1130/614 710/1146/624 699/1131/375 687/1114/363
f 699/1131/375 711/1147/387 712/1148/625 700/1132/615
f 700/1133/615 712/1149/625 713/1150/626 701/1134/616
f 701/1134/616 713/1150/626 714/1151/627 702/1135/617
f 702/1135/617 714/1151/627 715/1152/628 703/1136/618
f 703/1136/618 715/1152/628 716/1153/629 704/1137/619
f 704/1138/619 716/1154/629 717/1155/381 705/1139/369
f 705/1139/369 717/1155/381 718/1156/630 706/1140/620
f 706/1141/620 718/1157/630 719/1158/631 707/1142/621
f 707/1142/621 719/1158/631 720/1159/632 708/1143/622
f 708/1143/622 720/1159/632 721/1160/633 709/1144/623
f 709/1161/623 721/1162/633 722/1163/634 710/1146/624
f 710/1146/624 722/1163/634 711/1147/387 699/1131/375
f 711/1147/387 723/1164/399 724/1165/635 712/1148/625
f 712/1149/625 724/1166/635 725/1167/636 713/1150/626
f 713/1150/626 725/1167/636 726/1168/637 714/1151/627
f 714/1151/627 726/1168/637 727/1169/638 715/1152/628
f 715/1152/628 727/1169/638 728/1170/639 716/1153/629
f 716/1154/629 728/1171/639 729/1172/393 717/1155/381
f 717/1155/381 729/1172/393 730/1173/640 718/1156/630
f 718/1157/630 730/1174/640 731/1175/641 719/1158/631
f 719/1158/631 731/1175/641 732/1176/642 720/1159/632
f 720/1159/632 732/1176/642 733/1177/643 721/1160/633
f 721/1162/633 733/1178/643 734/1179/644 722/1163/634
f 722/1163/634 734/1179/644 723/1164/399 711/1147/387
f 723/1164/399 159/375/119 160/378/120 724/1165/635
f 724/1166/635 160/379/120 161/382/121 725/1167/636
f 725/1167/636 161/382/121 162/384/122 726/1168/637
f 726/1168/637 162/384/122 163/386/123 727/1169/638
f 727/1180/638 163/387/123 164/390/124 728/1171/639
f 728/1171/639 164/390/124 165/392/125 729/1172/393
f 729/1172/393 165/392/125 166/394/126 730/1173/640
f 730/1174/640 166/395/126 167/398/127 731/1175/641
f 731/1175/641 167/398/127 168/400/128 732/1176/642
f 732/1176/642 168/400/128 169/402/129 733/1177/643
f 733/1178/643 169/403/129 170/406/130 734/1179/644
f 734/1179/644 170/406/130 159/375/119 723/1164/399
f 735/1181/41 736/1182/42 738/1183/44 737/1184/43
f 737/1185/43 738/1186/44 742/1187/48 741/1188/47
f 741/1189/47 742/1190/48 740/1191/46 739/1192/45
f 739/1193/45 740/1194/46 736/1195/42 735/1196/41
f 737/1197/43 741/1198/47 739/1199/45 735/1200/41
f 742/1201/48 738/1202/44 736/1203/42 740/1204/46
f 743/1205/41 744/1206/42 746/1207/44 745/1208/43
f 745/1209/43 746/1210/44 750/1211/48 749/1212/47
f 749/1213/47 750/1214/48 748/1215/46 747/1216/45
f 747/1217/45 748/1218/46 744/1219/42 743/1220/41
f 745/1221/43 749/1222/47 747/1223/45 743/1224/41
f 750/1225/48 746/1226/44 744/1227/42 748/1228/46
f 751/1229/41 752/1230/42 754/1231/44 753/1232/43
f 753/1233/43 754/1234/44 758/1235/48 757/1236/47
f 757/1237/47 758/1238/48 756/1239/46 755/1240/45
f 755/1241/45 756/1242/46 752/1243/42 751/1244/41
f 753/1245/43 757/1246/47 755/1247/45 751/1248/41
f 758/1249/48 754/1250/44 752/1251/42 756/1252/46
f 759/1253/41 760/1254/42 762/1255/44 761/1256/43
f 761/1257/43 762/1258/44 766/1259/48 765/1260/47
f 765/1261/47 766/1262/48 764/1263/46 763/1264/45
f 763/1265/45 764/1266/46 760/1267/42 759/1268/41
f 761/1269/43 765/1270/47 763/1271/45 759/1272/41
f 766/1273/48 762/1274/44 760/1275/42 764/1276/46
f 767/1277/41 768/1278/42 770/1279/44 769/1280/43
f 769/1281/43 770/1282/44 774/1283/48 773/1284/47
f 773/1285/47 774/1286/48 772/1287/46 771/1288/45
f 771/1289/45 772/1290/46 768/1291/42 767/1292/41
f 769/1293/43 773/1294/47 771/1295/45 767/1296/41
f 774/1297/48 770/1298/44 768/1299/42 772/1300/46
f 775/1301/645 776/1302/646 778/1303/648 777/1304/647
f 777/1305/647 778/1306/648 780/1307/650 779/1308/649
f 779/1309/649 780/1310/650 782/1311/652 781/1312/651
f 778/1313/648 776/1314/646 784/1315/654 782/1316/652 780/1317/650
f 781/1318/651 782/1319/652 784/1320/654 783/1321/653
f 783/1322/653 784/1323/654 776/1302/646 775/1301/645
f 775/1324/645 777/1325/647 779/1326/649 781/1327/651 783/1328/653
f 785/1329/655 786/1330/656 788/1331/658 787/1332/657
f 787/1333/657 788/1334/658 790/1335/660 789/1336/659
f 789/1337/659 790/1338/660 792/1339/662 791/1340/661
f 788/1341/658 786/1342/656 794/1343/664 792/1344/662 790/1345/660
f 791/1346/661 792/1347/662 794/1348/664 793/1349/663
f 793/1350/663 794/1351/664 786/1330/656 785/1329/655
f 785/1352/655 787/1353/657 789/1354/659 791/1355/661 793/1356/663
f 795/1357/665 796/1358/666 798/1359/668 797/1360/667
f 797/1361/667 798/1362/668 800/1363/670 799/1364/669
f 799/1365/669 800/1366/670 802/1367/672 801/1368/671
f 798/1369/668 796/1370/666 804/1371/674 802/1372/672 800/1373/670
f 801/1374/671 802/1375/672 804/1376/674 803/1377/673
f 803/1378/673 804/1379/674 796/1358/666 795/1357/665
f 795/1380/665 797/1381/667 799/1382/669 801/1383/671 803/1384/673
f 805/1385/675 806/1386/676 808/1387/678 807/1388/677
f 807/1389/677 808/1390/678 810/1391/680 809/1392/679
f 809/1393/679 810/1394/680 812/1395/682 811/1396/681
f 808/1397/678 806/1398/676 814/1399/684 812/1400/682 810/1401/680
f 811/1402/681 812/1403/682 814/1404/684 813/1405/683
f 813/1406/683 814/1407/684 806/1386/676 805/1385/675
f 805/1408/675 807/1409/677 809/1410/679 811/1411/681 813/1412/683
f 815/1413/685 816/1414/686 818/1415/688 817/1416/687
f 817/1417/687 818/1418/688 820/1419/690 819/1420/689
f 819/1421/689 820/1422/690 822/1423/692 821/1424/691
f 818/1425/688 816/1426/686 824/1427/694 822/1428/692 820/1429/690
f 821/1430/691 822/1431/692 824/1432/694 823/1433/693
f 823/1434/693 824/1435/694 816/1414/686 815/1413/685
f 815/1436/685 817/1437/687 819/1438/689 821/1439/691 823/1440/693
f 825/1441/695 826/1442/696 828/1443/698 827/1444/697
f 827/1445/697 828/1446/698 830/1447/700 829/1448/699
f 829/1449/699 830/1450/700 832/1451/702 831/1452/701
f 828/1453/698 826/1454/696 834/1455/704 832/1456/702 830/1457/700
f 831/1458/701 832/1459/702 834/1460/704 833/1461/703
f 833/1462/703 834/1463/704 826/1442/696 825/1441/695
f 825/1464/695 827/1465/697 829/1466/699 831/1467/701 833/1468/703
f 835/1469/705 836/1470/706 838/1471/708 837/1472/707
f 837/1473/707 838/1474/708 840/1475/710 839/1476/709
f 839/1477/709 840/1478/710 842/1479/712 841/1480/711
f 838/1481/708 836/1482/706 844/1483/714 842/1484/712 840/1485/710
f 841/1486/711 842/1487/712 844/1488/714 843/1489/713
f 843/1490/713 844/1491/714 836/1470/706 835/1469/705
f 835/1492/705 837/1493/707 839/1494/709 841/1495/711 843/1496/713
