# Blender 5.1.1
# www.blender.org
mtllib bajak_laut.mtl
o bajak_mahkota
v 1.080000 0.000000 0.000000
v 1.059248 0.000000 -0.210698
v 0.997790 0.000000 -0.413298
v 0.897987 0.000000 -0.600016
v 0.763675 0.000000 -0.763675
v 0.600016 0.000000 -0.897987
v 0.413298 0.000000 -0.997790
v 0.210698 0.000000 -1.059248
v 0.000000 0.000000 -1.080000
v -0.210698 0.000000 -1.059248
v -0.413298 0.000000 -0.997790
v -0.600016 0.000000 -0.897987
v -0.763675 0.000000 -0.763675
v -0.897987 0.000000 -0.600016
v -0.997790 0.000000 -0.413298
v -1.059248 0.000000 -0.210698
v -1.080000 0.000000 -0.000000
v -1.059248 0.000000 0.210698
v -0.997790 0.000000 0.413298
v -0.897987 0.000000 0.600016
v -0.763675 0.000000 0.763675
v -0.600016 0.000000 0.897987
v -0.413298 0.000000 0.997790
v -0.210698 0.000000 1.059248
v -0.000000 0.000000 1.080000
v 0.210698 0.000000 1.059248
v 0.413298 0.000000 0.997790
v 0.600016 0.000000 0.897987
v 0.763675 0.000000 0.763675
v 0.897987 0.000000 0.600016
v 0.997790 0.000000 0.413298
v 1.059248 0.000000 0.210698
v 1.060000 0.400000 0.000000
v 1.039632 0.400000 -0.206796
v 0.979312 0.400000 -0.405644
v 0.881358 0.400000 -0.588904
v 0.749533 0.400000 -0.749533
v 0.588904 0.400000 -0.881358
v 0.405644 0.400000 -0.979312
v 0.206796 0.400000 -1.039632
v 0.000000 0.400000 -1.060000
v -0.206796 0.400000 -1.039632
v -0.405644 0.400000 -0.979312
v -0.588904 0.400000 -0.881358
v -0.749533 0.400000 -0.749533
v -0.881358 0.400000 -0.588904
v -0.979312 0.400000 -0.405644
v -1.039632 0.400000 -0.206796
v -1.060000 0.400000 -0.000000
v -1.039632 0.400000 0.206796
v -0.979312 0.400000 0.405644
v -0.881358 0.400000 0.588904
v -0.749533 0.400000 0.749533
v -0.588904 0.400000 0.881358
v -0.405644 0.400000 0.979312
v -0.206796 0.400000 1.039632
v -0.000000 0.400000 1.060000
v 0.206796 0.400000 1.039632
v 0.405644 0.400000 0.979312
v 0.588904 0.400000 0.881358
v 0.749533 0.400000 0.749533
v 0.881358 0.400000 0.588904
v 0.979312 0.400000 0.405644
v 1.039632 0.400000 0.206796
v 0.950000 0.680000 0.000000
v 0.931746 0.680000 -0.185336
v 0.877686 0.680000 -0.363549
v 0.789896 0.680000 -0.527792
v 0.671751 0.680000 -0.671751
v 0.527792 0.680000 -0.789896
v 0.363549 0.680000 -0.877686
v 0.185336 0.680000 -0.931746
v 0.000000 0.680000 -0.950000
v -0.185336 0.680000 -0.931746
v -0.363549 0.680000 -0.877686
v -0.527792 0.680000 -0.789896
v -0.671751 0.680000 -0.671751
v -0.789896 0.680000 -0.527792
v -0.877686 0.680000 -0.363549
v -0.931746 0.680000 -0.185336
v -0.950000 0.680000 -0.000000
v -0.931746 0.680000 0.185336
v -0.877686 0.680000 0.363549
v -0.789896 0.680000 0.527792
v -0.671751 0.680000 0.671751
v -0.527792 0.680000 0.789896
v -0.363549 0.680000 0.877686
v -0.185336 0.680000 0.931746
v -0.000000 0.680000 0.950000
v 0.185336 0.680000 0.931746
v 0.363549 0.680000 0.877686
v 0.527792 0.680000 0.789896
v 0.671751 0.680000 0.671751
v 0.789896 0.680000 0.527792
v 0.877686 0.680000 0.363549
v 0.931746 0.680000 0.185336
v 0.600000 0.800000 0.000000
v 0.588471 0.800000 -0.117054
v 0.554328 0.800000 -0.229610
v 0.498882 0.800000 -0.333342
v 0.424264 0.800000 -0.424264
v 0.333342 0.800000 -0.498882
v 0.229610 0.800000 -0.554328
v 0.117054 0.800000 -0.588471
v 0.000000 0.800000 -0.600000
v -0.117054 0.800000 -0.588471
v -0.229610 0.800000 -0.554328
v -0.333342 0.800000 -0.498882
v -0.424264 0.800000 -0.424264
v -0.498882 0.800000 -0.333342
v -0.554328 0.800000 -0.229610
v -0.588471 0.800000 -0.117054
v -0.600000 0.800000 -0.000000
v -0.588471 0.800000 0.117054
v -0.554328 0.800000 0.229610
v -0.498882 0.800000 0.333342
v -0.424264 0.800000 0.424264
v -0.333342 0.800000 0.498882
v -0.229610 0.800000 0.554328
v -0.117054 0.800000 0.588471
v -0.000000 0.800000 0.600000
v 0.117054 0.800000 0.588471
v 0.229610 0.800000 0.554328
v 0.333342 0.800000 0.498882
v 0.424264 0.800000 0.424264
v 0.498882 0.800000 0.333342
v 0.554328 0.800000 0.229610
v 0.588471 0.800000 0.117054
v 0.000000 0.820000 0.000000
v 0.000000 0.820000 0.000000
v 0.000000 0.820000 0.000000
v 0.000000 0.820000 0.000000
v 0.000000 0.820000 0.000000
v 0.000000 0.820000 0.000000
v 0.000000 0.820000 0.000000
v 0.000000 0.820000 0.000000
v 0.000000 0.820000 0.000000
v 0.000000 0.820000 0.000000
v 0.000000 0.820000 0.000000
v 0.000000 0.820000 0.000000
v 0.000000 0.820000 0.000000
v 0.000000 0.820000 0.000000
v 0.000000 0.820000 0.000000
v 0.000000 0.820000 0.000000
v 0.000000 0.820000 0.000000
v 0.000000 0.820000 0.000000
v 0.000000 0.820000 0.000000
v 0.000000 0.820000 0.000000
v 0.000000 0.820000 0.000000
v 0.000000 0.820000 0.000000
v 0.000000 0.820000 0.000000
v 0.000000 0.820000 0.000000
v 0.000000 0.820000 0.000000
v 0.000000 0.820000 0.000000
v 0.000000 0.820000 0.000000
v 0.000000 0.820000 0.000000
v 0.000000 0.820000 0.000000
v 0.000000 0.820000 0.000000
v 0.000000 0.820000 0.000000
v 0.000000 0.820000 0.000000
vn 0.9988 0.0499 -0.0000
vn 0.9796 0.0499 -0.1948
vn 0.9227 0.0499 -0.3822
vn 0.8304 0.0499 -0.5549
vn 0.7062 0.0499 -0.7062
vn 0.5549 0.0499 -0.8304
vn 0.3822 0.0499 -0.9227
vn 0.1948 0.0499 -0.9796
vn -0.0000 0.0499 -0.9988
vn -0.1948 0.0499 -0.9796
vn -0.3822 0.0499 -0.9227
vn -0.5549 0.0499 -0.8304
vn -0.7062 0.0499 -0.7062
vn -0.8304 0.0499 -0.5549
vn -0.9227 0.0499 -0.3822
vn -0.9796 0.0499 -0.1948
vn -0.9988 0.0499 -0.0000
vn -0.9796 0.0499 0.1948
vn -0.9227 0.0499 0.3822
vn -0.8304 0.0499 0.5549
vn -0.7062 0.0499 0.7062
vn -0.5549 0.0499 0.8304
vn -0.3822 0.0499 0.9227
vn -0.1948 0.0499 0.9796
vn -0.0000 0.0499 0.9988
vn 0.1948 0.0499 0.9796
vn 0.3822 0.0499 0.9227
vn 0.5549 0.0499 0.8304
vn 0.7062 0.0499 0.7062
vn 0.8304 0.0499 0.5549
vn 0.9227 0.0499 0.3822
vn 0.9796 0.0499 0.1948
vn 0.9780 0.2085 -0.0000
vn 0.9592 0.2085 -0.1908
vn 0.9036 0.2085 -0.3743
vn 0.8132 0.2085 -0.5434
vn 0.6916 0.2085 -0.6916
vn 0.5434 0.2085 -0.8132
vn 0.3743 0.2085 -0.9036
vn 0.1908 0.2085 -0.9592
vn -0.0000 0.2085 -0.9780
vn -0.1908 0.2085 -0.9592
vn -0.3743 0.2085 -0.9036
vn -0.5434 0.2085 -0.8132
vn -0.6916 0.2085 -0.6916
vn -0.8132 0.2085 -0.5434
vn -0.9036 0.2085 -0.3743
vn -0.9592 0.2085 -0.1908
vn -0.9780 0.2085 -0.0000
vn -0.9592 0.2085 0.1908
vn -0.9036 0.2085 0.3743
vn -0.8132 0.2085 0.5434
vn -0.6916 0.2085 0.6916
vn -0.5434 0.2085 0.8132
vn -0.3743 0.2085 0.9036
vn -0.1908 0.2085 0.9592
vn -0.0000 0.2085 0.9780
vn 0.1908 0.2085 0.9592
vn 0.3743 0.2085 0.9036
vn 0.5434 0.2085 0.8132
vn 0.6916 0.2085 0.6916
vn 0.8132 0.2085 0.5434
vn 0.9036 0.2085 0.3743
vn 0.9592 0.2085 0.1908
vn 0.7046 0.7096 -0.0000
vn 0.6910 0.7096 -0.1375
vn 0.6509 0.7096 -0.2696
vn 0.5858 0.7096 -0.3914
vn 0.4982 0.7096 -0.4982
vn 0.3914 0.7096 -0.5858
vn 0.2696 0.7096 -0.6509
vn 0.1375 0.7096 -0.6910
vn -0.0000 0.7096 -0.7046
vn -0.1375 0.7096 -0.6910
vn -0.2696 0.7096 -0.6509
vn -0.3914 0.7096 -0.5858
vn -0.4982 0.7096 -0.4982
vn -0.5858 0.7096 -0.3914
vn -0.6509 0.7096 -0.2696
vn -0.6910 0.7096 -0.1375
vn -0.7046 0.7096 -0.0000
vn -0.6910 0.7096 0.1375
vn -0.6509 0.7096 0.2696
vn -0.5858 0.7096 0.3914
vn -0.4982 0.7096 0.4982
vn -0.3914 0.7096 0.5858
vn -0.2696 0.7096 0.6509
vn -0.1375 0.7096 0.6910
vn -0.0000 0.7096 0.7046
vn 0.1375 0.7096 0.6910
vn 0.2696 0.7096 0.6509
vn 0.3914 0.7096 0.5858
vn 0.4982 0.7096 0.4982
vn 0.5858 0.7096 0.3914
vn 0.6509 0.7096 0.2696
vn 0.6910 0.7096 0.1375
vn 0.1897 0.9818 -0.0000
vn 0.1861 0.9818 -0.0370
vn 0.1753 0.9818 -0.0726
vn 0.1577 0.9818 -0.1054
vn 0.1342 0.9818 -0.1342
vn 0.1054 0.9818 -0.1577
vn 0.0726 0.9818 -0.1753
vn 0.0370 0.9818 -0.1861
vn -0.0000 0.9818 -0.1897
vn -0.0370 0.9818 -0.1861
vn -0.0726 0.9818 -0.1753
vn -0.1054 0.9818 -0.1577
vn -0.1342 0.9818 -0.1342
vn -0.1577 0.9818 -0.1054
vn -0.1753 0.9818 -0.0726
vn -0.1861 0.9818 -0.0370
vn -0.1897 0.9818 -0.0000
vn -0.1861 0.9818 0.0370
vn -0.1753 0.9818 0.0726
vn -0.1577 0.9818 0.1054
vn -0.1342 0.9818 0.1342
vn -0.1054 0.9818 0.1577
vn -0.0726 0.9818 0.1753
vn -0.0370 0.9818 0.1861
vn -0.0000 0.9818 0.1897
vn 0.0370 0.9818 0.1861
vn 0.0726 0.9818 0.1753
vn 0.1054 0.9818 0.1577
vn 0.1342 0.9818 0.1342
vn 0.1577 0.9818 0.1054
vn 0.1753 0.9818 0.0726
vn 0.1861 0.9818 0.0370
vn 0.0333 0.9994 -0.0000
vn 0.0327 0.9994 -0.0065
vn 0.0308 0.9994 -0.0127
vn 0.0277 0.9994 -0.0185
vn 0.0236 0.9994 -0.0236
vn 0.0185 0.9994 -0.0277
vn 0.0127 0.9994 -0.0308
vn 0.0065 0.9994 -0.0327
vn -0.0000 0.9994 -0.0333
vn -0.0065 0.9994 -0.0327
vn -0.0127 0.9994 -0.0308
vn -0.0185 0.9994 -0.0277
vn -0.0236 0.9994 -0.0236
vn -0.0277 0.9994 -0.0185
vn -0.0308 0.9994 -0.0127
vn -0.0327 0.9994 -0.0065
vn -0.0333 0.9994 -0.0000
vn -0.0327 0.9994 0.0065
vn -0.0308 0.9994 0.0127
vn -0.0277 0.9994 0.0185
vn -0.0236 0.9994 0.0236
vn -0.0185 0.9994 0.0277
vn -0.0127 0.9994 0.0308
vn -0.0065 0.9994 0.0327
vn -0.0000 0.9994 0.0333
vn 0.0065 0.9994 0.0327
vn 0.0127 0.9994 0.0308
vn 0.0185 0.9994 0.0277
vn 0.0236 0.9994 0.0236
vn 0.0277 0.9994 0.0185
vn 0.0308 0.9994 0.0127
vn 0.0327 0.9994 0.0065
s 1
usemtl bajak_hitam
f 1//1 2//2 34//34 33//33
f 2//2 3//3 35//35 34//34
f 3//3 4//4 36//36 35//35
f 4//4 5//5 37//37 36//36
f 5//5 6//6 38//38 37//37
f 6//6 7//7 39//39 38//38
f 7//7 8//8 40//40 39//39
f 8//8 9//9 41//41 40//40
f 9//9 10//10 42//42 41//41
f 10//10 11//11 43//43 42//42
f 11//11 12//12 44//44 43//43
f 12//12 13//13 45//45 44//44
f 13//13 14//14 46//46 45//45
f 14//14 15//15 47//47 46//46
f 15//15 16//16 48//48 47//47
f 16//16 17//17 49//49 48//48
f 17//17 18//18 50//50 49//49
f 18//18 19//19 51//51 50//50
f 19//19 20//20 52//52 51//51
f 20//20 21//21 53//53 52//52
f 21//21 22//22 54//54 53//53
f 22//22 23//23 55//55 54//54
f 23//23 24//24 56//56 55//55
f 24//24 25//25 57//57 56//56
f 25//25 26//26 58//58 57//57
f 26//26 27//27 59//59 58//58
f 27//27 28//28 60//60 59//59
f 28//28 29//29 61//61 60//60
f 29//29 30//30 62//62 61//61
f 30//30 31//31 63//63 62//62
f 31//31 32//32 64//64 63//63
f 32//32 1//1 33//33 64//64
f 33//33 34//34 66//66 65//65
f 34//34 35//35 67//67 66//66
f 35//35 36//36 68//68 67//67
f 36//36 37//37 69//69 68//68
f 37//37 38//38 70//70 69//69
f 38//38 39//39 71//71 70//70
f 39//39 40//40 72//72 71//71
f 40//40 41//41 73//73 72//72
f 41//41 42//42 74//74 73//73
f 42//42 43//43 75//75 74//74
f 43//43 44//44 76//76 75//75
f 44//44 45//45 77//77 76//76
f 45//45 46//46 78//78 77//77
f 46//46 47//47 79//79 78//78
f 47//47 48//48 80//80 79//79
f 48//48 49//49 81//81 80//80
f 49//49 50//50 82//82 81//81
f 50//50 51//51 83//83 82//82
f 51//51 52//52 84//84 83//83
f 52//52 53//53 85//85 84//84
f 53//53 54//54 86//86 85//85
f 54//54 55//55 87//87 86//86
f 55//55 56//56 88//88 87//87
f 56//56 57//57 89//89 88//88
f 57//57 58//58 90//90 89//89
f 58//58 59//59 91//91 90//90
f 59//59 60//60 92//92 91//91
f 60//60 61//61 93//93 92//92
f 61//61 62//62 94//94 93//93
f 62//62 63//63 95//95 94//94
f 63//63 64//64 96//96 95//95
f 64//64 33//33 65//65 96//96
f 65//65 66//66 98//98 97//97
f 66//66 67//67 99//99 98//98
f 67//67 68//68 100//100 99//99
f 68//68 69//69 101//101 100//100
f 69//69 70//70 102//102 101//101
f 70//70 71//71 103//103 102//102
f 71//71 72//72 104//104 103//103
f 72//72 73//73 105//105 104//104
f 73//73 74//74 106//106 105//105
f 74//74 75//75 107//107 106//106
f 75//75 76//76 108//108 107//107
f 76//76 77//77 109//109 108//108
f 77//77 78//78 110//110 109//109
f 78//78 79//79 111//111 110//110
f 79//79 80//80 112//112 111//111
f 80//80 81//81 113//113 112//112
f 81//81 82//82 114//114 113//113
f 82//82 83//83 115//115 114//114
f 83//83 84//84 116//116 115//115
f 84//84 85//85 117//117 116//116
f 85//85 86//86 118//118 117//117
f 86//86 87//87 119//119 118//118
f 87//87 88//88 120//120 119//119
f 88//88 89//89 121//121 120//120
f 89//89 90//90 122//122 121//121
f 90//90 91//91 123//123 122//122
f 91//91 92//92 124//124 123//123
f 92//92 93//93 125//125 124//124
f 93//93 94//94 126//126 125//125
f 94//94 95//95 127//127 126//126
f 95//95 96//96 128//128 127//127
f 96//96 65//65 97//97 128//128
f 97//97 98//98 130//130 129//129
f 98//98 99//99 131//131 130//130
f 99//99 100//100 132//132 131//131
f 100//100 101//101 133//133 132//132
f 101//101 102//102 134//134 133//133
f 102//102 103//103 135//135 134//134
f 103//103 104//104 136//136 135//135
f 104//104 105//105 137//137 136//136
f 105//105 106//106 138//138 137//137
f 106//106 107//107 139//139 138//138
f 107//107 108//108 140//140 139//139
f 108//108 109//109 141//141 140//140
f 109//109 110//110 142//142 141//141
f 110//110 111//111 143//143 142//142
f 111//111 112//112 144//144 143//143
f 112//112 113//113 145//145 144//144
f 113//113 114//114 146//146 145//145
f 114//114 115//115 147//147 146//146
f 115//115 116//116 148//148 147//147
f 116//116 117//117 149//149 148//148
f 117//117 118//118 150//150 149//149
f 118//118 119//119 151//151 150//150
f 119//119 120//120 152//152 151//151
f 120//120 121//121 153//153 152//152
f 121//121 122//122 154//154 153//153
f 122//122 123//123 155//155 154//154
f 123//123 124//124 156//156 155//155
f 124//124 125//125 157//157 156//156
f 125//125 126//126 158//158 157//157
f 126//126 127//127 159//159 158//158
f 127//127 128//128 160//160 159//159
f 128//128 97//97 129//129 160//160
o bajak_tepi
v 1.080000 0.000000 0.000000
v 1.075890 0.000000 -0.094128
v 1.063592 0.000000 -0.187540
v 1.043200 0.000000 -0.279525
v 1.014868 0.000000 -0.369382
v 0.978812 0.000000 -0.456428
v 0.935307 0.000000 -0.540000
v 0.884684 0.000000 -0.619463
v 0.827328 0.000000 -0.694211
v 0.763675 0.000000 -0.763675
v 0.694211 0.000000 -0.827328
v 0.619463 0.000000 -0.884684
v 0.540000 0.000000 -0.935307
v 0.456428 0.000000 -0.978812
v 0.369382 0.000000 -1.014868
v 0.279525 0.000000 -1.043200
v 0.187540 0.000000 -1.063592
v 0.094128 0.000000 -1.075890
v 0.000000 0.000000 -1.080000
v -0.094128 0.000000 -1.075890
v -0.187540 0.000000 -1.063592
v -0.279525 0.000000 -1.043200
v -0.369382 0.000000 -1.014868
v -0.456428 0.000000 -0.978812
v -0.540000 0.000000 -0.935307
v -0.619463 0.000000 -0.884684
v -0.694211 0.000000 -0.827328
v -0.763675 0.000000 -0.763675
v -0.827328 0.000000 -0.694211
v -0.884684 0.000000 -0.619463
v -0.935307 0.000000 -0.540000
v -0.978812 0.000000 -0.456428
v -1.014868 0.000000 -0.369382
v -1.043200 0.000000 -0.279525
v -1.063592 0.000000 -0.187540
v -1.075890 0.000000 -0.094128
v -1.080000 0.000000 -0.000000
v -1.075890 0.000000 0.094128
v -1.063592 0.000000 0.187540
v -1.043200 0.000000 0.279525
v -1.014868 0.000000 0.369382
v -0.978812 0.000000 0.456428
v -0.935307 0.000000 0.540000
v -0.884684 0.000000 0.619463
v -0.827328 0.000000 0.694211
v -0.763675 0.000000 0.763675
v -0.694211 0.000000 0.827328
v -0.619463 0.000000 0.884684
v -0.540000 0.000000 0.935307
v -0.456428 0.000000 0.978812
v -0.369382 0.000000 1.014868
v -0.279525 0.000000 1.043200
v -0.187540 0.000000 1.063592
v -0.094128 0.000000 1.075890
v -0.000000 0.000000 1.080000
v 0.094128 0.000000 1.075890
v 0.187540 0.000000 1.063592
v 0.279525 0.000000 1.043200
v 0.369382 0.000000 1.014868
v 0.456428 0.000000 0.978812
v 0.540000 0.000000 0.935307
v 0.619463 0.000000 0.884684
v 0.694211 0.000000 0.827328
v 0.763675 0.000000 0.763675
v 0.827328 0.000000 0.694211
v 0.884684 0.000000 0.619463
v 0.935307 0.000000 0.540000
v 0.978812 0.000000 0.456428
v 1.014868 0.000000 0.369382
v 1.043200 0.000000 0.279525
v 1.063592 0.000000 0.187540
v 1.075890 0.000000 0.094128
v 1.400000 0.155682 0.000000
v 1.394673 0.122512 -0.122018
v 1.378731 0.089416 -0.243107
v 1.352296 0.058292 -0.362347
v 1.315570 0.031179 -0.478828
v 1.268831 0.010427 -0.591666
v 1.212436 0.000000 -0.700000
v 1.146813 0.010427 -0.803007
v 1.072462 0.031179 -0.899903
v 0.989949 0.058292 -0.989949
v 0.899903 0.089416 -1.072462
v 0.803007 0.122512 -1.146813
v 0.700000 0.155682 -1.212436
v 0.591666 0.187159 -1.268831
v 0.478828 0.215334 -1.315570
v 0.362347 0.238808 -1.352296
v 0.243107 0.256433 -1.378731
v 0.122018 0.267358 -1.394673
v 0.000000 0.271059 -1.400000
v -0.122018 0.267358 -1.394673
v -0.243107 0.256433 -1.378731
v -0.362347 0.238808 -1.352296
v -0.478828 0.215334 -1.315570
v -0.591666 0.187159 -1.268831
v -0.700000 0.155682 -1.212436
v -0.803007 0.122512 -1.146813
v -0.899903 0.089416 -1.072462
v -0.989949 0.058292 -0.989949
v -1.072462 0.031179 -0.899903
v -1.146813 0.010427 -0.803007
v -1.212436 0.000000 -0.700000
v -1.268831 0.010427 -0.591666
v -1.315570 0.031179 -0.478828
v -1.352296 0.058292 -0.362347
v -1.378731 0.089416 -0.243107
v -1.394673 0.122512 -0.122018
v -1.400000 0.155682 -0.000000
v -1.394673 0.187159 0.122018
v -1.378731 0.215334 0.243107
v -1.352296 0.238808 0.362347
v -1.315570 0.256433 0.478828
v -1.268831 0.267358 0.591666
v -1.212436 0.271059 0.700000
v -1.146813 0.267358 0.803007
v -1.072462 0.256433 0.899903
v -0.989949 0.238808 0.989949
v -0.899903 0.215334 1.072462
v -0.803007 0.187159 1.146813
v -0.700000 0.155682 1.212436
v -0.591666 0.122512 1.268831
v -0.478828 0.089416 1.315570
v -0.362347 0.058292 1.352296
v -0.243107 0.031179 1.378731
v -0.122018 0.010427 1.394673
v -0.000000 0.000000 1.400000
v 0.122018 0.010427 1.394673
v 0.243107 0.031179 1.378731
v 0.362347 0.058292 1.352296
v 0.478828 0.089416 1.315570
v 0.591666 0.122512 1.268831
v 0.700000 0.155682 1.212436
v 0.803007 0.187159 1.146813
v 0.899903 0.215334 1.072462
v 0.989949 0.238808 0.989949
v 1.072462 0.256433 0.899903
v 1.146813 0.267358 0.803007
v 1.212436 0.271059 0.700000
v 1.268831 0.267358 0.591666
v 1.315570 0.256433 0.478828
v 1.352296 0.238808 0.362347
v 1.378731 0.215334 0.243107
v 1.394673 0.187159 0.122018
v 1.750000 0.325960 0.000000
v 1.743341 0.256510 -0.152523
v 1.723414 0.187215 -0.303884
v 1.690370 0.122048 -0.452933
v 1.644462 0.065280 -0.598535
v 1.586039 0.021833 -0.739582
v 1.515544 0.000000 -0.875000
v 1.433516 0.021833 -1.003759
v 1.340578 0.065280 -1.124878
v 1.237437 0.122048 -1.237437
v 1.124878 0.187215 -1.340578
v 1.003759 0.256510 -1.433516
v 0.875000 0.325960 -1.515544
v 0.739582 0.391864 -1.586039
v 0.598535 0.450856 -1.644462
v 0.452933 0.500003 -1.690370
v 0.303884 0.536906 -1.723414
v 0.152523 0.559781 -1.743341
v 0.000000 0.567529 -1.750000
v -0.152523 0.559781 -1.743341
v -0.303884 0.536906 -1.723414
v -0.452933 0.500003 -1.690370
v -0.598535 0.450856 -1.644462
v -0.739582 0.391864 -1.586039
v -0.875000 0.325960 -1.515544
v -1.003759 0.256510 -1.433516
v -1.124878 0.187215 -1.340578
v -1.237437 0.122048 -1.237437
v -1.340578 0.065280 -1.124878
v -1.433516 0.021833 -1.003759
v -1.515544 0.000000 -0.875000
v -1.586039 0.021833 -0.739582
v -1.644462 0.065280 -0.598535
v -1.690370 0.122048 -0.452933
v -1.723414 0.187215 -0.303884
v -1.743341 0.256510 -0.152523
v -1.750000 0.325960 -0.000000
v -1.743341 0.391864 0.152523
v -1.723414 0.450856 0.303884
v -1.690370 0.500003 0.452933
v -1.644462 0.536906 0.598535
v -1.586039 0.559781 0.739582
v -1.515544 0.567529 0.875000
v -1.433516 0.559781 1.003759
v -1.340578 0.536906 1.124878
v -1.237437 0.500003 1.237437
v -1.124878 0.450856 1.340578
v -1.003759 0.391864 1.433516
v -0.875000 0.325960 1.515544
v -0.739582 0.256510 1.586039
v -0.598535 0.187215 1.644462
v -0.452933 0.122048 1.690370
v -0.303884 0.065280 1.723414
v -0.152523 0.021833 1.743341
v -0.000000 0.000000 1.750000
v 0.152523 0.021833 1.743341
v 0.303884 0.065280 1.723414
v 0.452933 0.122048 1.690370
v 0.598535 0.187215 1.644462
v 0.739582 0.256510 1.586039
v 0.875000 0.325960 1.515544
v 1.003759 0.391864 1.433516
v 1.124878 0.450856 1.340578
v 1.237437 0.500003 1.237437
v 1.340578 0.536906 1.124878
v 1.433516 0.559781 1.003759
v 1.515544 0.567529 0.875000
v 1.586039 0.559781 0.739582
v 1.644462 0.536906 0.598535
v 1.690370 0.500003 0.452933
v 1.723414 0.450856 0.303884
v 1.743341 0.391864 0.152523
v 1.950000 0.413531 0.000000
v 1.942580 0.325423 -0.169954
v 1.920375 0.237511 -0.338614
v 1.883555 0.154837 -0.504697
v 1.832401 0.082818 -0.666939
v 1.767300 0.027698 -0.824106
v 1.688750 0.000000 -0.975000
v 1.597347 0.027698 -1.118474
v 1.493787 0.082818 -1.253436
v 1.378858 0.154837 -1.378858
v 1.253436 0.237511 -1.493787
v 1.118474 0.325423 -1.597347
v 0.975000 0.413531 -1.688750
v 0.824106 0.497140 -1.767300
v 0.666939 0.571981 -1.832401
v 0.504697 0.634333 -1.883555
v 0.338614 0.681150 -1.920375
v 0.169954 0.710170 -1.942580
v 0.000000 0.720000 -1.950000
v -0.169954 0.710170 -1.942580
v -0.338614 0.681150 -1.920375
v -0.504697 0.634333 -1.883555
v -0.666939 0.571981 -1.832401
v -0.824106 0.497140 -1.767300
v -0.975000 0.413531 -1.688750
v -1.118474 0.325423 -1.597347
v -1.253436 0.237511 -1.493787
v -1.378858 0.154837 -1.378858
v -1.493787 0.082818 -1.253436
v -1.597347 0.027698 -1.118474
v -1.688750 0.000000 -0.975000
v -1.767300 0.027698 -0.824106
v -1.832401 0.082818 -0.666939
v -1.883555 0.154837 -0.504697
v -1.920375 0.237511 -0.338614
v -1.942580 0.325423 -0.169954
v -1.950000 0.413531 -0.000000
v -1.942580 0.497140 0.169954
v -1.920375 0.571981 0.338614
v -1.883555 0.634333 0.504697
v -1.832401 0.681150 0.666939
v -1.767300 0.710170 0.824106
v -1.688750 0.720000 0.975000
v -1.597347 0.710170 1.118474
v -1.493787 0.681150 1.253436
v -1.378858 0.634333 1.378858
v -1.253436 0.571981 1.493787
v -1.118474 0.497140 1.597347
v -0.975000 0.413531 1.688750
v -0.824106 0.325423 1.767300
v -0.666939 0.237511 1.832401
v -0.504697 0.154837 1.883555
v -0.338614 0.082818 1.920375
v -0.169954 0.027698 1.942580
v -0.000000 0.000000 1.950000
v 0.169954 0.027698 1.942580
v 0.338614 0.082818 1.920375
v 0.504697 0.154837 1.883555
v 0.666939 0.237511 1.832401
v 0.824106 0.325423 1.767300
v 0.975000 0.413531 1.688750
v 1.118474 0.497140 1.597347
v 1.253436 0.571981 1.493787
v 1.378858 0.634333 1.378858
v 1.493787 0.681150 1.253436
v 1.597347 0.710170 1.118474
v 1.688750 0.720000 0.975000
v 1.767300 0.710170 0.824106
v 1.832401 0.681150 0.666939
v 1.883555 0.634333 0.504697
v 1.920375 0.571981 0.338614
v 1.942580 0.497140 0.169954
v 1.950000 0.453531 0.000000
v 1.942580 0.365423 -0.169954
v 1.920375 0.277511 -0.338614
v 1.883555 0.194837 -0.504697
v 1.832401 0.122818 -0.666939
v 1.767300 0.067698 -0.824106
v 1.688750 0.040000 -0.975000
v 1.597347 0.067698 -1.118474
v 1.493787 0.122818 -1.253436
v 1.378858 0.194837 -1.378858
v 1.253436 0.277511 -1.493787
v 1.118474 0.365423 -1.597347
v 0.975000 0.453531 -1.688750
v 0.824106 0.537140 -1.767300
v 0.666939 0.611981 -1.832401
v 0.504697 0.674333 -1.883555
v 0.338614 0.721150 -1.920375
v 0.169954 0.750170 -1.942580
v 0.000000 0.760000 -1.950000
v -0.169954 0.750170 -1.942580
v -0.338614 0.721150 -1.920375
v -0.504697 0.674333 -1.883555
v -0.666939 0.611981 -1.832401
v -0.824106 0.537140 -1.767300
v -0.975000 0.453531 -1.688750
v -1.118474 0.365423 -1.597347
v -1.253436 0.277511 -1.493787
v -1.378858 0.194837 -1.378858
v -1.493787 0.122818 -1.253436
v -1.597347 0.067698 -1.118474
v -1.688750 0.040000 -0.975000
v -1.767300 0.067698 -0.824106
v -1.832401 0.122818 -0.666939
v -1.883555 0.194837 -0.504697
v -1.920375 0.277511 -0.338614
v -1.942580 0.365423 -0.169954
v -1.950000 0.453531 -0.000000
v -1.942580 0.537140 0.169954
v -1.920375 0.611981 0.338614
v -1.883555 0.674333 0.504697
v -1.832401 0.721150 0.666939
v -1.767300 0.750170 0.824106
v -1.688750 0.760000 0.975000
v -1.597347 0.750170 1.118474
v -1.493787 0.721150 1.253436
v -1.378858 0.674333 1.378858
v -1.253436 0.611981 1.493787
v -1.118474 0.537140 1.597347
v -0.975000 0.453531 1.688750
v -0.824106 0.365423 1.767300
v -0.666939 0.277511 1.832401
v -0.504697 0.194837 1.883555
v -0.338614 0.122818 1.920375
v -0.169954 0.067698 1.942580
v -0.000000 0.040000 1.950000
v 0.169954 0.067698 1.942580
v 0.338614 0.122818 1.920375
v 0.504697 0.194837 1.883555
v 0.666939 0.277511 1.832401
v 0.824106 0.365423 1.767300
v 0.975000 0.453531 1.688750
v 1.118474 0.537140 1.597347
v 1.253436 0.611981 1.493787
v 1.378858 0.674333 1.378858
v 1.493787 0.721150 1.253436
v 1.597347 0.750170 1.118474
v 1.688750 0.760000 0.975000
v 1.767300 0.750170 0.824106
v 1.832401 0.721150 0.666939
v 1.883555 0.674333 0.504697
v 1.920375 0.611981 0.338614
v 1.942580 0.537140 0.169954
v 1.750000 0.365960 0.000000
v 1.743341 0.296510 -0.152523
v 1.723414 0.227215 -0.303884
v 1.690370 0.162048 -0.452933
v 1.644462 0.105280 -0.598535
v 1.586039 0.061833 -0.739582
v 1.515544 0.040000 -0.875000
v 1.433516 0.061833 -1.003759
v 1.340578 0.105280 -1.124878
v 1.237437 0.162048 -1.237437
v 1.124878 0.227215 -1.340578
v 1.003759 0.296510 -1.433516
v 0.875000 0.365960 -1.515544
v 0.739582 0.431864 -1.586039
v 0.598535 0.490856 -1.644462
v 0.452933 0.540003 -1.690370
v 0.303884 0.576906 -1.723414
v 0.152523 0.599781 -1.743341
v 0.000000 0.607529 -1.750000
v -0.152523 0.599781 -1.743341
v -0.303884 0.576906 -1.723414
v -0.452933 0.540003 -1.690370
v -0.598535 0.490856 -1.644462
v -0.739582 0.431864 -1.586039
v -0.875000 0.365960 -1.515544
v -1.003759 0.296510 -1.433516
v -1.124878 0.227215 -1.340578
v -1.237437 0.162048 -1.237437
v -1.340578 0.105280 -1.124878
v -1.433516 0.061833 -1.003759
v -1.515544 0.040000 -0.875000
v -1.586039 0.061833 -0.739582
v -1.644462 0.105280 -0.598535
v -1.690370 0.162048 -0.452933
v -1.723414 0.227215 -0.303884
v -1.743341 0.296510 -0.152523
v -1.750000 0.365960 -0.000000
v -1.743341 0.431864 0.152523
v -1.723414 0.490856 0.303884
v -1.690370 0.540003 0.452933
v -1.644462 0.576906 0.598535
v -1.586039 0.599781 0.739582
v -1.515544 0.607529 0.875000
v -1.433516 0.599781 1.003759
v -1.340578 0.576906 1.124878
v -1.237437 0.540003 1.237437
v -1.124878 0.490856 1.340578
v -1.003759 0.431864 1.433516
v -0.875000 0.365960 1.515544
v -0.739582 0.296510 1.586039
v -0.598535 0.227215 1.644462
v -0.452933 0.162048 1.690370
v -0.303884 0.105280 1.723414
v -0.152523 0.061833 1.743341
v -0.000000 0.040000 1.750000
v 0.152523 0.061833 1.743341
v 0.303884 0.105280 1.723414
v 0.452933 0.162048 1.690370
v 0.598535 0.227215 1.644462
v 0.739582 0.296510 1.586039
v 0.875000 0.365960 1.515544
v 1.003759 0.431864 1.433516
v 1.124878 0.490856 1.340578
v 1.237437 0.540003 1.237437
v 1.340578 0.576906 1.124878
v 1.433516 0.599781 1.003759
v 1.515544 0.607529 0.875000
v 1.586039 0.599781 0.739582
v 1.644462 0.576906 0.598535
v 1.690370 0.540003 0.452933
v 1.723414 0.490856 0.303884
v 1.743341 0.431864 0.152523
v 1.400000 0.195682 0.000000
v 1.394673 0.162512 -0.122018
v 1.378731 0.129416 -0.243107
v 1.352296 0.098292 -0.362347
v 1.315570 0.071179 -0.478828
v 1.268831 0.050427 -0.591666
v 1.212436 0.040000 -0.700000
v 1.146813 0.050427 -0.803007
v 1.072462 0.071179 -0.899903
v 0.989949 0.098292 -0.989949
v 0.899903 0.129416 -1.072462
v 0.803007 0.162512 -1.146813
v 0.700000 0.195682 -1.212436
v 0.591666 0.227159 -1.268831
v 0.478828 0.255334 -1.315570
v 0.362347 0.278808 -1.352296
v 0.243107 0.296433 -1.378731
v 0.122018 0.307358 -1.394673
v 0.000000 0.311059 -1.400000
v -0.122018 0.307358 -1.394673
v -0.243107 0.296433 -1.378731
v -0.362347 0.278808 -1.352296
v -0.478828 0.255334 -1.315570
v -0.591666 0.227159 -1.268831
v -0.700000 0.195682 -1.212436
v -0.803007 0.162512 -1.146813
v -0.899903 0.129416 -1.072462
v -0.989949 0.098292 -0.989949
v -1.072462 0.071179 -0.899903
v -1.146813 0.050427 -0.803007
v -1.212436 0.040000 -0.700000
v -1.268831 0.050427 -0.591666
v -1.315570 0.071179 -0.478828
v -1.352296 0.098292 -0.362347
v -1.378731 0.129416 -0.243107
v -1.394673 0.162512 -0.122018
v -1.400000 0.195682 -0.000000
v -1.394673 0.227159 0.122018
v -1.378731 0.255334 0.243107
v -1.352296 0.278808 0.362347
v -1.315570 0.296433 0.478828
v -1.268831 0.307358 0.591666
v -1.212436 0.311059 0.700000
v -1.146813 0.307358 0.803007
v -1.072462 0.296433 0.899903
v -0.989949 0.278808 0.989949
v -0.899903 0.255334 1.072462
v -0.803007 0.227159 1.146813
v -0.700000 0.195682 1.212436
v -0.591666 0.162512 1.268831
v -0.478828 0.129416 1.315570
v -0.362347 0.098292 1.352296
v -0.243107 0.071179 1.378731
v -0.122018 0.050427 1.394673
v -0.000000 0.040000 1.400000
v 0.122018 0.050427 1.394673
v 0.243107 0.071179 1.378731
v 0.362347 0.098292 1.352296
v 0.478828 0.129416 1.315570
v 0.591666 0.162512 1.268831
v 0.700000 0.195682 1.212436
v 0.803007 0.227159 1.146813
v 0.899903 0.255334 1.072462
v 0.989949 0.278808 0.989949
v 1.072462 0.296433 0.899903
v 1.146813 0.307358 0.803007
v 1.212436 0.311059 0.700000
v 1.268831 0.307358 0.591666
v 1.315570 0.296433 0.478828
v 1.352296 0.278808 0.362347
v 1.378731 0.255334 0.243107
v 1.394673 0.227159 0.122018
v 1.080000 0.040000 0.000000
v 1.075890 0.040000 -0.094128
v 1.063592 0.040000 -0.187540
v 1.043200 0.040000 -0.279525
v 1.014868 0.040000 -0.369382
v 0.978812 0.040000 -0.456428
v 0.935307 0.040000 -0.540000
v 0.884684 0.040000 -0.619463
v 0.827328 0.040000 -0.694211
v 0.763675 0.040000 -0.763675
v 0.694211 0.040000 -0.827328
v 0.619463 0.040000 -0.884684
v 0.540000 0.040000 -0.935307
v 0.456428 0.040000 -0.978812
v 0.369382 0.040000 -1.014868
v 0.279525 0.040000 -1.043200
v 0.187540 0.040000 -1.063592
v 0.094128 0.040000 -1.075890
v 0.000000 0.040000 -1.080000
v -0.094128 0.040000 -1.075890
v -0.187540 0.040000 -1.063592
v -0.279525 0.040000 -1.043200
v -0.369382 0.040000 -1.014868
v -0.456428 0.040000 -0.978812
v -0.540000 0.040000 -0.935307
v -0.619463 0.040000 -0.884684
v -0.694211 0.040000 -0.827328
v -0.763675 0.040000 -0.763675
v -0.827328 0.040000 -0.694211
v -0.884684 0.040000 -0.619463
v -0.935307 0.040000 -0.540000
v -0.978812 0.040000 -0.456428
v -1.014868 0.040000 -0.369382
v -1.043200 0.040000 -0.279525
v -1.063592 0.040000 -0.187540
v -1.075890 0.040000 -0.094128
v -1.080000 0.040000 -0.000000
v -1.075890 0.040000 0.094128
v -1.063592 0.040000 0.187540
v -1.043200 0.040000 0.279525
v -1.014868 0.040000 0.369382
v -0.978812 0.040000 0.456428
v -0.935307 0.040000 0.540000
v -0.884684 0.040000 0.619463
v -0.827328 0.040000 0.694211
v -0.763675 0.040000 0.763675
v -0.694211 0.040000 0.827328
v -0.619463 0.040000 0.884684
v -0.540000 0.040000 0.935307
v -0.456428 0.040000 0.978812
v -0.369382 0.040000 1.014868
v -0.279525 0.040000 1.043200
v -0.187540 0.040000 1.063592
v -0.094128 0.040000 1.075890
v -0.000000 0.040000 1.080000
v 0.094128 0.040000 1.075890
v 0.187540 0.040000 1.063592
v 0.279525 0.040000 1.043200
v 0.369382 0.040000 1.014868
v 0.456428 0.040000 0.978812
v 0.540000 0.040000 0.935307
v 0.619463 0.040000 0.884684
v 0.694211 0.040000 0.827328
v 0.763675 0.040000 0.763675
v 0.827328 0.040000 0.694211
v 0.884684 0.040000 0.619463
v 0.935307 0.040000 0.540000
v 0.978812 0.040000 0.456428
v 1.014868 0.040000 0.369382
v 1.043200 0.040000 0.279525
v 1.063592 0.040000 0.187540
v 1.075890 0.040000 0.094128
vn 0.4321 -0.8917 0.1348
vn 0.3644 -0.9245 0.1119
vn 0.2878 -0.9530 0.0946
vn 0.2081 -0.9747 0.0818
vn 0.1323 -0.9888 0.0697
vn 0.0665 -0.9966 0.0493
vn 0.0123 -0.9999 -0.0071
vn -0.0094 -0.9966 -0.0822
vn 0.0057 -0.9888 -0.1494
vn 0.0332 -0.9747 -0.2211
vn 0.0620 -0.9530 -0.2966
vn 0.0853 -0.9245 -0.3716
vn 0.0993 -0.8917 -0.4416
vn 0.1026 -0.8581 -0.5031
vn 0.0955 -0.8270 -0.5541
vn 0.0795 -0.8007 -0.5937
vn 0.0567 -0.7811 -0.6218
vn 0.0295 -0.7690 -0.6385
vn -0.0000 -0.7649 -0.6441
vn -0.0295 -0.7690 -0.6385
vn -0.0567 -0.7811 -0.6218
vn -0.0795 -0.8007 -0.5937
vn -0.0955 -0.8270 -0.5541
vn -0.1026 -0.8581 -0.5031
vn -0.0993 -0.8917 -0.4416
vn -0.0853 -0.9245 -0.3716
vn -0.0620 -0.9530 -0.2966
vn -0.0332 -0.9747 -0.2211
vn -0.0057 -0.9888 -0.1494
vn 0.0094 -0.9966 -0.0822
vn -0.0123 -0.9999 -0.0071
vn -0.0665 -0.9966 0.0493
vn -0.1323 -0.9888 0.0697
vn -0.2081 -0.9747 0.0818
vn -0.2878 -0.9530 0.0946
vn -0.3644 -0.9245 0.1119
vn -0.4321 -0.8917 0.1348
vn -0.4870 -0.8581 0.1627
vn -0.5276 -0.8270 0.1944
vn -0.5539 -0.8007 0.2280
vn -0.5669 -0.7811 0.2618
vn -0.5677 -0.7690 0.2937
vn -0.5578 -0.7649 0.3220
vn -0.5383 -0.7690 0.3448
vn -0.5101 -0.7811 0.3600
vn -0.4744 -0.8007 0.3657
vn -0.4321 -0.8270 0.3597
vn -0.3844 -0.8581 0.3404
vn -0.3327 -0.8917 0.3068
vn -0.2791 -0.9245 0.2596
vn -0.2259 -0.9530 0.2019
vn -0.1749 -0.9747 0.1393
vn -0.1265 -0.9888 0.0797
vn -0.0759 -0.9966 0.0329
vn -0.0000 -0.9999 0.0142
vn 0.0759 -0.9966 0.0329
vn 0.1265 -0.9888 0.0797
vn 0.1749 -0.9747 0.1393
vn 0.2259 -0.9530 0.2019
vn 0.2791 -0.9245 0.2596
vn 0.3327 -0.8917 0.3068
vn 0.3844 -0.8581 0.3404
vn 0.4321 -0.8270 0.3597
vn 0.4744 -0.8007 0.3657
vn 0.5101 -0.7811 0.3600
vn 0.5383 -0.7690 0.3448
vn 0.5578 -0.7649 0.3220
vn 0.5677 -0.7690 0.2937
vn 0.5669 -0.7811 0.2618
vn 0.5539 -0.8007 0.2280
vn 0.5276 -0.8270 0.1944
vn 0.4870 -0.8581 0.1627
vn 0.4251 -0.8762 0.2271
vn 0.3665 -0.9066 0.2092
vn 0.2997 -0.9348 0.1908
vn 0.2285 -0.9586 0.1700
vn 0.1570 -0.9773 0.1425
vn 0.0873 -0.9915 0.0964
vn 0.0109 -0.9999 -0.0063
vn -0.0398 -0.9915 -0.1238
vn -0.0449 -0.9773 -0.2072
vn -0.0330 -0.9586 -0.2829
vn -0.0154 -0.9348 -0.3550
vn 0.0021 -0.9066 -0.4220
vn 0.0158 -0.8762 -0.4817
vn 0.0243 -0.8460 -0.5326
vn 0.0271 -0.8186 -0.5737
vn 0.0249 -0.7958 -0.6051
vn 0.0188 -0.7787 -0.6271
vn 0.0101 -0.7683 -0.6401
vn -0.0000 -0.7647 -0.6443
vn -0.0101 -0.7683 -0.6401
vn -0.0188 -0.7787 -0.6271
vn -0.0249 -0.7958 -0.6051
vn -0.0271 -0.8186 -0.5737
vn -0.0243 -0.8460 -0.5326
vn -0.0158 -0.8762 -0.4817
vn -0.0021 -0.9066 -0.4220
vn 0.0154 -0.9348 -0.3550
vn 0.0330 -0.9586 -0.2829
vn 0.0449 -0.9773 -0.2072
vn 0.0398 -0.9915 -0.1238
vn -0.0109 -0.9999 -0.0063
vn -0.0873 -0.9915 0.0964
vn -0.1570 -0.9773 0.1425
vn -0.2285 -0.9586 0.1700
vn -0.2997 -0.9348 0.1908
vn -0.3665 -0.9066 0.2092
vn -0.4251 -0.8762 0.2271
vn -0.4734 -0.8460 0.2453
vn -0.5104 -0.8186 0.2634
vn -0.5365 -0.7958 0.2810
vn -0.5525 -0.7787 0.2972
vn -0.5593 -0.7683 0.3113
vn -0.5580 -0.7647 0.3222
vn -0.5493 -0.7683 0.3288
vn -0.5337 -0.7787 0.3298
vn -0.5116 -0.7958 0.3241
vn -0.4833 -0.8186 0.3103
vn -0.4491 -0.8460 0.2873
vn -0.4093 -0.8762 0.2546
vn -0.3644 -0.9066 0.2128
vn -0.3151 -0.9348 0.1642
vn -0.2615 -0.9586 0.1129
vn -0.2019 -0.9773 0.0647
vn -0.1271 -0.9915 0.0274
vn -0.0000 -0.9999 0.0126
vn 0.1271 -0.9915 0.0274
vn 0.2019 -0.9773 0.0647
vn 0.2615 -0.9586 0.1129
vn 0.3151 -0.9348 0.1642
vn 0.3644 -0.9066 0.2128
vn 0.4093 -0.8762 0.2546
vn 0.4491 -0.8460 0.2873
vn 0.4833 -0.8186 0.3103
vn 0.5116 -0.7958 0.3241
vn 0.5337 -0.7787 0.3298
vn 0.5493 -0.7683 0.3288
vn 0.5580 -0.7647 0.3222
vn 0.5593 -0.7683 0.3113
vn 0.5525 -0.7787 0.2972
vn 0.5365 -0.7958 0.2810
vn 0.5104 -0.8186 0.2634
vn 0.4734 -0.8460 0.2453
vn 0.3911 -0.8477 0.3583
vn 0.3483 -0.8706 0.3476
vn 0.3000 -0.8957 0.3281
vn 0.2463 -0.9227 0.2966
vn 0.1865 -0.9507 0.2477
vn 0.1154 -0.9795 0.1653
vn 0.0083 -1.0000 -0.0048
vn -0.0855 -0.9795 -0.1826
vn -0.1213 -0.9507 -0.2853
vn -0.1337 -0.9227 -0.3616
vn -0.1341 -0.8957 -0.4239
vn -0.1269 -0.8706 -0.4754
vn -0.1148 -0.8477 -0.5178
vn -0.0995 -0.8278 -0.5521
vn -0.0819 -0.8112 -0.5790
vn -0.0628 -0.7981 -0.5992
vn -0.0425 -0.7888 -0.6132
vn -0.0215 -0.7832 -0.6214
vn -0.0000 -0.7814 -0.6241
vn 0.0215 -0.7832 -0.6214
vn 0.0425 -0.7888 -0.6132
vn 0.0628 -0.7981 -0.5992
vn 0.0819 -0.8112 -0.5790
vn 0.0995 -0.8278 -0.5521
vn 0.1148 -0.8477 -0.5178
vn 0.1269 -0.8706 -0.4754
vn 0.1341 -0.8957 -0.4239
vn 0.1337 -0.9227 -0.3616
vn 0.1213 -0.9507 -0.2853
vn 0.0855 -0.9795 -0.1826
vn -0.0083 -1.0000 -0.0048
vn -0.1154 -0.9795 0.1653
vn -0.1865 -0.9507 0.2477
vn -0.2463 -0.9227 0.2966
vn -0.3000 -0.8957 0.3281
vn -0.3483 -0.8706 0.3476
vn -0.3911 -0.8477 0.3583
vn -0.4284 -0.8278 0.3622
vn -0.4605 -0.8112 0.3604
vn -0.4875 -0.7981 0.3540
vn -0.5098 -0.7888 0.3434
vn -0.5274 -0.7832 0.3293
vn -0.5405 -0.7814 0.3120
vn -0.5489 -0.7832 0.2921
vn -0.5523 -0.7888 0.2698
vn -0.5503 -0.7981 0.2452
vn -0.5424 -0.8112 0.2186
vn -0.5279 -0.8278 0.1899
vn -0.5059 -0.8477 0.1595
vn -0.4752 -0.8706 0.1278
vn -0.4341 -0.8957 0.0958
vn -0.3800 -0.9227 0.0650
vn -0.3077 -0.9507 0.0376
vn -0.2009 -0.9795 0.0173
vn -0.0000 -1.0000 0.0095
vn 0.2009 -0.9795 0.0173
vn 0.3077 -0.9507 0.0376
vn 0.3800 -0.9227 0.0650
vn 0.4341 -0.8957 0.0958
vn 0.4752 -0.8706 0.1278
vn 0.5059 -0.8477 0.1595
vn 0.5279 -0.8278 0.1899
vn 0.5424 -0.8112 0.2186
vn 0.5503 -0.7981 0.2452
vn 0.5523 -0.7888 0.2698
vn 0.5489 -0.7832 0.2921
vn 0.5405 -0.7814 0.3120
vn 0.5274 -0.7832 0.3293
vn 0.5098 -0.7888 0.3434
vn 0.4875 -0.7981 0.3540
vn 0.4605 -0.8112 0.3604
vn 0.4284 -0.8278 0.3622
vn 0.8349 -0.4997 0.2309
vn 0.8308 -0.5272 0.1785
vn 0.8202 -0.5600 0.1172
vn 0.8004 -0.5979 0.0440
vn 0.7669 -0.6401 -0.0457
vn 0.7093 -0.6859 -0.1625
vn 0.5933 -0.7284 -0.3426
vn 0.4954 -0.6859 -0.5330
vn 0.4231 -0.6401 -0.6413
vn 0.3621 -0.5979 -0.7151
vn 0.3086 -0.5600 -0.7689
vn 0.2608 -0.5272 -0.8087
vn 0.2175 -0.4997 -0.8385
vn 0.1777 -0.4770 -0.8608
vn 0.1403 -0.4588 -0.8774
vn 0.1045 -0.4448 -0.8895
vn 0.0694 -0.4347 -0.8979
vn 0.0347 -0.4286 -0.9028
vn -0.0000 -0.4265 -0.9045
vn -0.0347 -0.4286 -0.9028
vn -0.0694 -0.4347 -0.8979
vn -0.1045 -0.4448 -0.8895
vn -0.1403 -0.4588 -0.8774
vn -0.1777 -0.4770 -0.8608
vn -0.2175 -0.4997 -0.8385
vn -0.2608 -0.5272 -0.8087
vn -0.3086 -0.5600 -0.7689
vn -0.3621 -0.5979 -0.7151
vn -0.4231 -0.6401 -0.6413
vn -0.4954 -0.6859 -0.5330
vn -0.5933 -0.7284 -0.3426
vn -0.7093 -0.6859 -0.1625
vn -0.7669 -0.6401 -0.0457
vn -0.8004 -0.5979 0.0440
vn -0.8202 -0.5600 0.1172
vn -0.8308 -0.5272 0.1785
vn -0.8349 -0.4997 0.2309
vn -0.8343 -0.4770 0.2765
vn -0.8300 -0.4588 0.3172
vn -0.8226 -0.4448 0.3543
vn -0.8123 -0.4347 0.3888
vn -0.7992 -0.4286 0.4214
vn -0.7833 -0.4265 0.4522
vn -0.7645 -0.4286 0.4815
vn -0.7429 -0.4347 0.5091
vn -0.7181 -0.4448 0.5352
vn -0.6897 -0.4588 0.5602
vn -0.6566 -0.4770 0.5842
vn -0.6174 -0.4997 0.6076
vn -0.5700 -0.5272 0.6302
vn -0.5116 -0.5600 0.6517
vn -0.4383 -0.5979 0.6712
vn -0.3439 -0.6401 0.6871
vn -0.2139 -0.6859 0.6955
vn -0.0000 -0.7284 0.6851
vn 0.2139 -0.6859 0.6955
vn 0.3439 -0.6401 0.6871
vn 0.4383 -0.5979 0.6712
vn 0.5116 -0.5600 0.6517
vn 0.5700 -0.5272 0.6302
vn 0.6174 -0.4997 0.6076
vn 0.6566 -0.4770 0.5842
vn 0.6897 -0.4588 0.5602
vn 0.7181 -0.4448 0.5352
vn 0.7429 -0.4347 0.5091
vn 0.7645 -0.4286 0.4815
vn 0.7833 -0.4265 0.4522
vn 0.7992 -0.4286 0.4214
vn 0.8123 -0.4347 0.3888
vn 0.8226 -0.4448 0.3543
vn 0.8300 -0.4588 0.3172
vn 0.8343 -0.4770 0.2765
vn 0.5752 0.7426 -0.3431
vn 0.5759 0.7173 -0.3922
vn 0.5744 0.6979 -0.4277
vn 0.5735 0.6847 -0.4497
vn 0.5766 0.6774 -0.4569
vn 0.5923 0.6740 -0.4415
vn 0.6506 0.6601 -0.3756
vn 0.6785 0.6740 -0.2922
vn 0.6839 0.6774 -0.2709
vn 0.6762 0.6847 -0.2719
vn 0.6576 0.6979 -0.2836
vn 0.6276 0.7173 -0.3026
vn 0.5847 0.7426 -0.3266
vn 0.5273 0.7726 -0.3537
vn 0.4533 0.8054 -0.3818
vn 0.3617 0.8380 -0.4085
vn 0.2531 0.8663 -0.4307
vn 0.1305 0.8857 -0.4456
vn -0.0000 0.8926 -0.4509
vn -0.1305 0.8857 -0.4456
vn -0.2531 0.8663 -0.4307
vn -0.3617 0.8380 -0.4085
vn -0.4533 0.8054 -0.3818
vn -0.5273 0.7726 -0.3537
vn -0.5847 0.7426 -0.3266
vn -0.6276 0.7173 -0.3026
vn -0.6576 0.6979 -0.2836
vn -0.6762 0.6847 -0.2719
vn -0.6839 0.6774 -0.2709
vn -0.6785 0.6740 -0.2922
vn -0.6506 0.6601 -0.3756
vn -0.5923 0.6740 -0.4415
vn -0.5766 0.6774 -0.4569
vn -0.5735 0.6847 -0.4497
vn -0.5744 0.6979 -0.4277
vn -0.5759 0.7173 -0.3922
vn -0.5752 0.7426 -0.3431
vn -0.5699 0.7726 -0.2798
vn -0.5573 0.8054 -0.2017
vn -0.5346 0.8380 -0.1090
vn -0.4995 0.8663 -0.0038
vn -0.4512 0.8857 0.1098
vn -0.3905 0.8926 0.2255
vn -0.3207 0.8857 0.3358
vn -0.2465 0.8663 0.4345
vn -0.1729 0.8380 0.5175
vn -0.1040 0.8054 0.5835
vn -0.0427 0.7726 0.6335
vn 0.0095 0.7426 0.6697
vn 0.0517 0.7173 0.6948
vn 0.0831 0.6979 0.7113
vn 0.1027 0.6847 0.7215
vn 0.1074 0.6774 0.7277
vn 0.0862 0.6740 0.7337
vn -0.0000 0.6601 0.7512
vn -0.0862 0.6740 0.7337
vn -0.1074 0.6774 0.7277
vn -0.1027 0.6847 0.7215
vn -0.0831 0.6979 0.7113
vn -0.0517 0.7173 0.6948
vn -0.0095 0.7426 0.6697
vn 0.0427 0.7726 0.6335
vn 0.1040 0.8054 0.5835
vn 0.1729 0.8380 0.5175
vn 0.2465 0.8663 0.4345
vn 0.3207 0.8857 0.3358
vn 0.3905 0.8926 0.2255
vn 0.4512 0.8857 0.1098
vn 0.4995 0.8663 -0.0038
vn 0.5346 0.8380 -0.1090
vn 0.5573 0.8054 -0.2017
vn 0.5699 0.7726 -0.2798
vn -0.3911 0.8477 -0.3583
vn -0.3483 0.8706 -0.3476
vn -0.3000 0.8957 -0.3281
vn -0.2463 0.9227 -0.2966
vn -0.1865 0.9507 -0.2477
vn -0.1154 0.9795 -0.1653
vn -0.0083 1.0000 0.0048
vn 0.0855 0.9795 0.1826
vn 0.1213 0.9507 0.2853
vn 0.1337 0.9227 0.3616
vn 0.1341 0.8957 0.4239
vn 0.1269 0.8706 0.4754
vn 0.1148 0.8477 0.5178
vn 0.0995 0.8278 0.5521
vn 0.0819 0.8112 0.5790
vn 0.0628 0.7981 0.5992
vn 0.0425 0.7888 0.6132
vn 0.0215 0.7832 0.6214
vn -0.0000 0.7814 0.6241
vn -0.0215 0.7832 0.6214
vn -0.0425 0.7888 0.6132
vn -0.0628 0.7981 0.5992
vn -0.0819 0.8112 0.5790
vn -0.0995 0.8278 0.5521
vn -0.1148 0.8477 0.5178
vn -0.1269 0.8706 0.4754
vn -0.1341 0.8957 0.4239
vn -0.1337 0.9227 0.3616
vn -0.1213 0.9507 0.2853
vn -0.0855 0.9795 0.1826
vn 0.0083 1.0000 0.0048
vn 0.1154 0.9795 -0.1653
vn 0.1865 0.9507 -0.2477
vn 0.2463 0.9227 -0.2966
vn 0.3000 0.8957 -0.3281
vn 0.3483 0.8706 -0.3476
vn 0.3911 0.8477 -0.3583
vn 0.4284 0.8278 -0.3622
vn 0.4605 0.8112 -0.3604
vn 0.4875 0.7981 -0.3540
vn 0.5098 0.7888 -0.3434
vn 0.5274 0.7832 -0.3293
vn 0.5405 0.7814 -0.3120
vn 0.5489 0.7832 -0.2921
vn 0.5523 0.7888 -0.2698
vn 0.5503 0.7981 -0.2452
vn 0.5424 0.8112 -0.2186
vn 0.5279 0.8278 -0.1899
vn 0.5059 0.8477 -0.1595
vn 0.4752 0.8706 -0.1278
vn 0.4341 0.8957 -0.0958
vn 0.3800 0.9227 -0.0650
vn 0.3077 0.9507 -0.0376
vn 0.2009 0.9795 -0.0173
vn -0.0000 1.0000 -0.0095
vn -0.2009 0.9795 -0.0173
vn -0.3077 0.9507 -0.0376
vn -0.3800 0.9227 -0.0650
vn -0.4341 0.8957 -0.0958
vn -0.4752 0.8706 -0.1278
vn -0.5059 0.8477 -0.1595
vn -0.5279 0.8278 -0.1899
vn -0.5424 0.8112 -0.2186
vn -0.5503 0.7981 -0.2452
vn -0.5523 0.7888 -0.2698
vn -0.5489 0.7832 -0.2921
vn -0.5405 0.7814 -0.3120
vn -0.5274 0.7832 -0.3293
vn -0.5098 0.7888 -0.3434
vn -0.4875 0.7981 -0.3540
vn -0.4605 0.8112 -0.3604
vn -0.4284 0.8278 -0.3622
vn -0.4251 0.8762 -0.2271
vn -0.3665 0.9066 -0.2092
vn -0.2997 0.9348 -0.1908
vn -0.2285 0.9586 -0.1700
vn -0.1570 0.9773 -0.1425
vn -0.0873 0.9915 -0.0964
vn -0.0109 0.9999 0.0063
vn 0.0398 0.9915 0.1238
vn 0.0449 0.9773 0.2072
vn 0.0330 0.9586 0.2829
vn 0.0154 0.9348 0.3550
vn -0.0021 0.9066 0.4220
vn -0.0158 0.8762 0.4817
vn -0.0243 0.8460 0.5326
vn -0.0271 0.8186 0.5737
vn -0.0249 0.7958 0.6051
vn -0.0188 0.7787 0.6271
vn -0.0101 0.7683 0.6401
vn -0.0000 0.7647 0.6443
vn 0.0101 0.7683 0.6401
vn 0.0188 0.7787 0.6271
vn 0.0249 0.7958 0.6051
vn 0.0271 0.8186 0.5737
vn 0.0243 0.8460 0.5326
vn 0.0158 0.8762 0.4817
vn 0.0021 0.9066 0.4220
vn -0.0154 0.9348 0.3550
vn -0.0330 0.9586 0.2829
vn -0.0449 0.9773 0.2072
vn -0.0398 0.9915 0.1238
vn 0.0109 0.9999 0.0063
vn 0.0873 0.9915 -0.0964
vn 0.1570 0.9773 -0.1425
vn 0.2285 0.9586 -0.1700
vn 0.2997 0.9348 -0.1908
vn 0.3665 0.9066 -0.2092
vn 0.4251 0.8762 -0.2271
vn 0.4734 0.8460 -0.2453
vn 0.5104 0.8186 -0.2634
vn 0.5365 0.7958 -0.2810
vn 0.5525 0.7787 -0.2972
vn 0.5593 0.7683 -0.3113
vn 0.5580 0.7647 -0.3222
vn 0.5493 0.7683 -0.3288
vn 0.5337 0.7787 -0.3298
vn 0.5116 0.7958 -0.3241
vn 0.4833 0.8186 -0.3103
vn 0.4491 0.8460 -0.2873
vn 0.4093 0.8762 -0.2546
vn 0.3644 0.9066 -0.2128
vn 0.3151 0.9348 -0.1642
vn 0.2615 0.9586 -0.1129
vn 0.2019 0.9773 -0.0647
vn 0.1271 0.9915 -0.0274
vn -0.0000 0.9999 -0.0126
vn -0.1271 0.9915 -0.0274
vn -0.2019 0.9773 -0.0647
vn -0.2615 0.9586 -0.1129
vn -0.3151 0.9348 -0.1642
vn -0.3644 0.9066 -0.2128
vn -0.4093 0.8762 -0.2546
vn -0.4491 0.8460 -0.2873
vn -0.4833 0.8186 -0.3103
vn -0.5116 0.7958 -0.3241
vn -0.5337 0.7787 -0.3298
vn -0.5493 0.7683 -0.3288
vn -0.5580 0.7647 -0.3222
vn -0.5593 0.7683 -0.3113
vn -0.5525 0.7787 -0.2972
vn -0.5365 0.7958 -0.2810
vn -0.5104 0.8186 -0.2634
vn -0.4734 0.8460 -0.2453
vn -0.4321 0.8917 -0.1348
vn -0.3644 0.9245 -0.1119
vn -0.2878 0.9530 -0.0946
vn -0.2081 0.9747 -0.0818
vn -0.1323 0.9888 -0.0697
vn -0.0665 0.9966 -0.0493
vn -0.0123 0.9999 0.0071
vn 0.0094 0.9966 0.0822
vn -0.0057 0.9888 0.1494
vn -0.0332 0.9747 0.2211
vn -0.0620 0.9530 0.2966
vn -0.0853 0.9245 0.3716
vn -0.0993 0.8917 0.4416
vn -0.1026 0.8581 0.5031
vn -0.0955 0.8270 0.5541
vn -0.0795 0.8007 0.5937
vn -0.0567 0.7811 0.6218
vn -0.0295 0.7690 0.6385
vn -0.0000 0.7649 0.6441
vn 0.0295 0.7690 0.6385
vn 0.0567 0.7811 0.6218
vn 0.0795 0.8007 0.5937
vn 0.0955 0.8270 0.5541
vn 0.1026 0.8581 0.5031
vn 0.0993 0.8917 0.4416
vn 0.0853 0.9245 0.3716
vn 0.0620 0.9530 0.2966
vn 0.0332 0.9747 0.2211
vn 0.0057 0.9888 0.1494
vn -0.0094 0.9966 0.0822
vn 0.0123 0.9999 0.0071
vn 0.0665 0.9966 -0.0493
vn 0.1323 0.9888 -0.0697
vn 0.2081 0.9747 -0.0818
vn 0.2878 0.9530 -0.0946
vn 0.3644 0.9245 -0.1119
vn 0.4321 0.8917 -0.1348
vn 0.4870 0.8581 -0.1627
vn 0.5276 0.8270 -0.1944
vn 0.5539 0.8007 -0.2280
vn 0.5669 0.7811 -0.2618
vn 0.5677 0.7690 -0.2937
vn 0.5578 0.7649 -0.3220
vn 0.5383 0.7690 -0.3448
vn 0.5101 0.7811 -0.3600
vn 0.4744 0.8007 -0.3657
vn 0.4321 0.8270 -0.3597
vn 0.3844 0.8581 -0.3404
vn 0.3327 0.8917 -0.3068
vn 0.2791 0.9245 -0.2596
vn 0.2259 0.9530 -0.2019
vn 0.1749 0.9747 -0.1393
vn 0.1265 0.9888 -0.0797
vn 0.0759 0.9966 -0.0329
vn -0.0000 0.9999 -0.0142
vn -0.0759 0.9966 -0.0329
vn -0.1265 0.9888 -0.0797
vn -0.1749 0.9747 -0.1393
vn -0.2259 0.9530 -0.2019
vn -0.2791 0.9245 -0.2596
vn -0.3327 0.8917 -0.3068
vn -0.3844 0.8581 -0.3404
vn -0.4321 0.8270 -0.3597
vn -0.4744 0.8007 -0.3657
vn -0.5101 0.7811 -0.3601
vn -0.5383 0.7690 -0.3448
vn -0.5578 0.7649 -0.3220
vn -0.5677 0.7690 -0.2937
vn -0.5669 0.7811 -0.2618
vn -0.5539 0.8007 -0.2280
vn -0.5276 0.8270 -0.1944
vn -0.4870 0.8581 -0.1627
s 1
usemtl bajak_hitam
f 161//161 162//162 234//234 233//233
f 162//162 163//163 235//235 234//234
f 163//163 164//164 236//236 235//235
f 164//164 165//165 237//237 236//236
f 165//165 166//166 238//238 237//237
f 166//166 167//167 239//239 238//238
f 167//167 168//168 240//240 239//239
f 168//168 169//169 241//241 240//240
f 169//169 170//170 242//242 241//241
f 170//170 171//171 243//243 242//242
f 171//171 172//172 244//244 243//243
f 172//172 173//173 245//245 244//244
f 173//173 174//174 246//246 245//245
f 174//174 175//175 247//247 246//246
f 175//175 176//176 248//248 247//247
f 176//176 177//177 249//249 248//248
f 177//177 178//178 250//250 249//249
f 178//178 179//179 251//251 250//250
f 179//179 180//180 252//252 251//251
f 180//180 181//181 253//253 252//252
f 181//181 182//182 254//254 253//253
f 182//182 183//183 255//255 254//254
f 183//183 184//184 256//256 255//255
f 184//184 185//185 257//257 256//256
f 185//185 186//186 258//258 257//257
f 186//186 187//187 259//259 258//258
f 187//187 188//188 260//260 259//259
f 188//188 189//189 261//261 260//260
f 189//189 190//190 262//262 261//261
f 190//190 191//191 263//263 262//262
f 191//191 192//192 264//264 263//263
f 192//192 193//193 265//265 264//264
f 193//193 194//194 266//266 265//265
f 194//194 195//195 267//267 266//266
f 195//195 196//196 268//268 267//267
f 196//196 197//197 269//269 268//268
f 197//197 198//198 270//270 269//269
f 198//198 199//199 271//271 270//270
f 199//199 200//200 272//272 271//271
f 200//200 201//201 273//273 272//272
f 201//201 202//202 274//274 273//273
f 202//202 203//203 275//275 274//274
f 203//203 204//204 276//276 275//275
f 204//204 205//205 277//277 276//276
f 205//205 206//206 278//278 277//277
f 206//206 207//207 279//279 278//278
f 207//207 208//208 280//280 279//279
f 208//208 209//209 281//281 280//280
f 209//209 210//210 282//282 281//281
f 210//210 211//211 283//283 282//282
f 211//211 212//212 284//284 283//283
f 212//212 213//213 285//285 284//284
f 213//213 214//214 286//286 285//285
f 214//214 215//215 287//287 286//286
f 215//215 216//216 288//288 287//287
f 216//216 217//217 289//289 288//288
f 217//217 218//218 290//290 289//289
f 218//218 219//219 291//291 290//290
f 219//219 220//220 292//292 291//291
f 220//220 221//221 293//293 292//292
f 221//221 222//222 294//294 293//293
f 222//222 223//223 295//295 294//294
f 223//223 224//224 296//296 295//295
f 224//224 225//225 297//297 296//296
f 225//225 226//226 298//298 297//297
f 226//226 227//227 299//299 298//298
f 227//227 228//228 300//300 299//299
f 228//228 229//229 301//301 300//300
f 229//229 230//230 302//302 301//301
f 230//230 231//231 303//303 302//302
f 231//231 232//232 304//304 303//303
f 232//232 161//161 233//233 304//304
f 233//233 234//234 306//306 305//305
f 234//234 235//235 307//307 306//306
f 235//235 236//236 308//308 307//307
f 236//236 237//237 309//309 308//308
f 237//237 238//238 310//310 309//309
f 238//238 239//239 311//311 310//310
f 239//239 240//240 312//312 311//311
f 240//240 241//241 313//313 312//312
f 241//241 242//242 314//314 313//313
f 242//242 243//243 315//315 314//314
f 243//243 244//244 316//316 315//315
f 244//244 245//245 317//317 316//316
f 245//245 246//246 318//318 317//317
f 246//246 247//247 319//319 318//318
f 247//247 248//248 320//320 319//319
f 248//248 249//249 321//321 320//320
f 249//249 250//250 322//322 321//321
f 250//250 251//251 323//323 322//322
f 251//251 252//252 324//324 323//323
f 252//252 253//253 325//325 324//324
f 253//253 254//254 326//326 325//325
f 254//254 255//255 327//327 326//326
f 255//255 256//256 328//328 327//327
f 256//256 257//257 329//329 328//328
f 257//257 258//258 330//330 329//329
f 258//258 259//259 331//331 330//330
f 259//259 260//260 332//332 331//331
f 260//260 261//261 333//333 332//332
f 261//261 262//262 334//334 333//333
f 262//262 263//263 335//335 334//334
f 263//263 264//264 336//336 335//335
f 264//264 265//265 337//337 336//336
f 265//265 266//266 338//338 337//337
f 266//266 267//267 339//339 338//338
f 267//267 268//268 340//340 339//339
f 268//268 269//269 341//341 340//340
f 269//269 270//270 342//342 341//341
f 270//270 271//271 343//343 342//342
f 271//271 272//272 344//344 343//343
f 272//272 273//273 345//345 344//344
f 273//273 274//274 346//346 345//345
f 274//274 275//275 347//347 346//346
f 275//275 276//276 348//348 347//347
f 276//276 277//277 349//349 348//348
f 277//277 278//278 350//350 349//349
f 278//278 279//279 351//351 350//350
f 279//279 280//280 352//352 351//351
f 280//280 281//281 353//353 352//352
f 281//281 282//282 354//354 353//353
f 282//282 283//283 355//355 354//354
f 283//283 284//284 356//356 355//355
f 284//284 285//285 357//357 356//356
f 285//285 286//286 358//358 357//357
f 286//286 287//287 359//359 358//358
f 287//287 288//288 360//360 359//359
f 288//288 289//289 361//361 360//360
f 289//289 290//290 362//362 361//361
f 290//290 291//291 363//363 362//362
f 291//291 292//292 364//364 363//363
f 292//292 293//293 365//365 364//364
f 293//293 294//294 366//366 365//365
f 294//294 295//295 367//367 366//366
f 295//295 296//296 368//368 367//367
f 296//296 297//297 369//369 368//368
f 297//297 298//298 370//370 369//369
f 298//298 299//299 371//371 370//370
f 299//299 300//300 372//372 371//371
f 300//300 301//301 373//373 372//372
f 301//301 302//302 374//374 373//373
f 302//302 303//303 375//375 374//374
f 303//303 304//304 376//376 375//375
f 304//304 233//233 305//305 376//376
f 305//305 306//306 378//378 377//377
f 306//306 307//307 379//379 378//378
f 307//307 308//308 380//380 379//379
f 308//308 309//309 381//381 380//380
f 309//309 310//310 382//382 381//381
f 310//310 311//311 383//383 382//382
f 311//311 312//312 384//384 383//383
f 312//312 313//313 385//385 384//384
f 313//313 314//314 386//386 385//385
f 314//314 315//315 387//387 386//386
f 315//315 316//316 388//388 387//387
f 316//316 317//317 389//389 388//388
f 317//317 318//318 390//390 389//389
f 318//318 319//319 391//391 390//390
f 319//319 320//320 392//392 391//391
f 320//320 321//321 393//393 392//392
f 321//321 322//322 394//394 393//393
f 322//322 323//323 395//395 394//394
f 323//323 324//324 396//396 395//395
f 324//324 325//325 397//397 396//396
f 325//325 326//326 398//398 397//397
f 326//326 327//327 399//399 398//398
f 327//327 328//328 400//400 399//399
f 328//328 329//329 401//401 400//400
f 329//329 330//330 402//402 401//401
f 330//330 331//331 403//403 402//402
f 331//331 332//332 404//404 403//403
f 332//332 333//333 405//405 404//404
f 333//333 334//334 406//406 405//405
f 334//334 335//335 407//407 406//406
f 335//335 336//336 408//408 407//407
f 336//336 337//337 409//409 408//408
f 337//337 338//338 410//410 409//409
f 338//338 339//339 411//411 410//410
f 339//339 340//340 412//412 411//411
f 340//340 341//341 413//413 412//412
f 341//341 342//342 414//414 413//413
f 342//342 343//343 415//415 414//414
f 343//343 344//344 416//416 415//415
f 344//344 345//345 417//417 416//416
f 345//345 346//346 418//418 417//417
f 346//346 347//347 419//419 418//418
f 347//347 348//348 420//420 419//419
f 348//348 349//349 421//421 420//420
f 349//349 350//350 422//422 421//421
f 350//350 351//351 423//423 422//422
f 351//351 352//352 424//424 423//423
f 352//352 353//353 425//425 424//424
f 353//353 354//354 426//426 425//425
f 354//354 355//355 427//427 426//426
f 355//355 356//356 428//428 427//427
f 356//356 357//357 429//429 428//428
f 357//357 358//358 430//430 429//429
f 358//358 359//359 431//431 430//430
f 359//359 360//360 432//432 431//431
f 360//360 361//361 433//433 432//432
f 361//361 362//362 434//434 433//433
f 362//362 363//363 435//435 434//434
f 363//363 364//364 436//436 435//435
f 364//364 365//365 437//437 436//436
f 365//365 366//366 438//438 437//437
f 366//366 367//367 439//439 438//438
f 367//367 368//368 440//440 439//439
f 368//368 369//369 441//441 440//440
f 369//369 370//370 442//442 441//441
f 370//370 371//371 443//443 442//442
f 371//371 372//372 444//444 443//443
f 372//372 373//373 445//445 444//444
f 373//373 374//374 446//446 445//445
f 374//374 375//375 447//447 446//446
f 375//375 376//376 448//448 447//447
f 376//376 305//305 377//377 448//448
f 377//377 378//378 450//450 449//449
f 378//378 379//379 451//451 450//450
f 379//379 380//380 452//452 451//451
f 380//380 381//381 453//453 452//452
f 381//381 382//382 454//454 453//453
f 382//382 383//383 455//455 454//454
f 383//383 384//384 456//456 455//455
f 384//384 385//385 457//457 456//456
f 385//385 386//386 458//458 457//457
f 386//386 387//387 459//459 458//458
f 387//387 388//388 460//460 459//459
f 388//388 389//389 461//461 460//460
f 389//389 390//390 462//462 461//461
f 390//390 391//391 463//463 462//462
f 391//391 392//392 464//464 463//463
f 392//392 393//393 465//465 464//464
f 393//393 394//394 466//466 465//465
f 394//394 395//395 467//467 466//466
f 395//395 396//396 468//468 467//467
f 396//396 397//397 469//469 468//468
f 397//397 398//398 470//470 469//469
f 398//398 399//399 471//471 470//470
f 399//399 400//400 472//472 471//471
f 400//400 401//401 473//473 472//472
f 401//401 402//402 474//474 473//473
f 402//402 403//403 475//475 474//474
f 403//403 404//404 476//476 475//475
f 404//404 405//405 477//477 476//476
f 405//405 406//406 478//478 477//477
f 406//406 407//407 479//479 478//478
f 407//407 408//408 480//480 479//479
f 408//408 409//409 481//481 480//480
f 409//409 410//410 482//482 481//481
f 410//410 411//411 483//483 482//482
f 411//411 412//412 484//484 483//483
f 412//412 413//413 485//485 484//484
f 413//413 414//414 486//486 485//485
f 414//414 415//415 487//487 486//486
f 415//415 416//416 488//488 487//487
f 416//416 417//417 489//489 488//488
f 417//417 418//418 490//490 489//489
f 418//418 419//419 491//491 490//490
f 419//419 420//420 492//492 491//491
f 420//420 421//421 493//493 492//492
f 421//421 422//422 494//494 493//493
f 422//422 423//423 495//495 494//494
f 423//423 424//424 496//496 495//495
f 424//424 425//425 497//497 496//496
f 425//425 426//426 498//498 497//497
f 426//426 427//427 499//499 498//498
f 427//427 428//428 500//500 499//499
f 428//428 429//429 501//501 500//500
f 429//429 430//430 502//502 501//501
f 430//430 431//431 503//503 502//502
f 431//431 432//432 504//504 503//503
f 432//432 433//433 505//505 504//504
f 433//433 434//434 506//506 505//505
f 434//434 435//435 507//507 506//506
f 435//435 436//436 508//508 507//507
f 436//436 437//437 509//509 508//508
f 437//437 438//438 510//510 509//509
f 438//438 439//439 511//511 510//510
f 439//439 440//440 512//512 511//511
f 440//440 441//441 513//513 512//512
f 441//441 442//442 514//514 513//513
f 442//442 443//443 515//515 514//514
f 443//443 444//444 516//516 515//515
f 444//444 445//445 517//517 516//516
f 445//445 446//446 518//518 517//517
f 446//446 447//447 519//519 518//518
f 447//447 448//448 520//520 519//519
f 448//448 377//377 449//449 520//520
f 449//449 450//450 522//522 521//521
f 450//450 451//451 523//523 522//522
f 451//451 452//452 524//524 523//523
f 452//452 453//453 525//525 524//524
f 453//453 454//454 526//526 525//525
f 454//454 455//455 527//527 526//526
f 455//455 456//456 528//528 527//527
f 456//456 457//457 529//529 528//528
f 457//457 458//458 530//530 529//529
f 458//458 459//459 531//531 530//530
f 459//459 460//460 532//532 531//531
f 460//460 461//461 533//533 532//532
f 461//461 462//462 534//534 533//533
f 462//462 463//463 535//535 534//534
f 463//463 464//464 536//536 535//535
f 464//464 465//465 537//537 536//536
f 465//465 466//466 538//538 537//537
f 466//466 467//467 539//539 538//538
f 467//467 468//468 540//540 539//539
f 468//468 469//469 541//541 540//540
f 469//469 470//470 542//542 541//541
f 470//470 471//471 543//543 542//542
f 471//471 472//472 544//544 543//543
f 472//472 473//473 545//545 544//544
f 473//473 474//474 546//546 545//545
f 474//474 475//475 547//547 546//546
f 475//475 476//476 548//548 547//547
f 476//476 477//477 549//549 548//548
f 477//477 478//478 550//550 549//549
f 478//478 479//479 551//551 550//550
f 479//479 480//480 552//552 551//551
f 480//480 481//481 553//553 552//552
f 481//481 482//482 554//554 553//553
f 482//482 483//483 555//555 554//554
f 483//483 484//484 556//556 555//555
f 484//484 485//485 557//557 556//556
f 485//485 486//486 558//558 557//557
f 486//486 487//487 559//559 558//558
f 487//487 488//488 560//560 559//559
f 488//488 489//489 561//561 560//560
f 489//489 490//490 562//562 561//561
f 490//490 491//491 563//563 562//562
f 491//491 492//492 564//564 563//563
f 492//492 493//493 565//565 564//564
f 493//493 494//494 566//566 565//565
f 494//494 495//495 567//567 566//566
f 495//495 496//496 568//568 567//567
f 496//496 497//497 569//569 568//568
f 497//497 498//498 570//570 569//569
f 498//498 499//499 571//571 570//570
f 499//499 500//500 572//572 571//571
f 500//500 501//501 573//573 572//572
f 501//501 502//502 574//574 573//573
f 502//502 503//503 575//575 574//574
f 503//503 504//504 576//576 575//575
f 504//504 505//505 577//577 576//576
f 505//505 506//506 578//578 577//577
f 506//506 507//507 579//579 578//578
f 507//507 508//508 580//580 579//579
f 508//508 509//509 581//581 580//580
f 509//509 510//510 582//582 581//581
f 510//510 511//511 583//583 582//582
f 511//511 512//512 584//584 583//583
f 512//512 513//513 585//585 584//584
f 513//513 514//514 586//586 585//585
f 514//514 515//515 587//587 586//586
f 515//515 516//516 588//588 587//587
f 516//516 517//517 589//589 588//588
f 517//517 518//518 590//590 589//589
f 518//518 519//519 591//591 590//590
f 519//519 520//520 592//592 591//591
f 520//520 449//449 521//521 592//592
f 521//521 522//522 594//594 593//593
f 522//522 523//523 595//595 594//594
f 523//523 524//524 596//596 595//595
f 524//524 525//525 597//597 596//596
f 525//525 526//526 598//598 597//597
f 526//526 527//527 599//599 598//598
f 527//527 528//528 600//600 599//599
f 528//528 529//529 601//601 600//600
f 529//529 530//530 602//602 601//601
f 530//530 531//531 603//603 602//602
f 531//531 532//532 604//604 603//603
f 532//532 533//533 605//605 604//604
f 533//533 534//534 606//606 605//605
f 534//534 535//535 607//607 606//606
f 535//535 536//536 608//608 607//607
f 536//536 537//537 609//609 608//608
f 537//537 538//538 610//610 609//609
f 538//538 539//539 611//611 610//610
f 539//539 540//540 612//612 611//611
f 540//540 541//541 613//613 612//612
f 541//541 542//542 614//614 613//613
f 542//542 543//543 615//615 614//614
f 543//543 544//544 616//616 615//615
f 544//544 545//545 617//617 616//616
f 545//545 546//546 618//618 617//617
f 546//546 547//547 619//619 618//618
f 547//547 548//548 620//620 619//619
f 548//548 549//549 621//621 620//620
f 549//549 550//550 622//622 621//621
f 550//550 551//551 623//623 622//622
f 551//551 552//552 624//624 623//623
f 552//552 553//553 625//625 624//624
f 553//553 554//554 626//626 625//625
f 554//554 555//555 627//627 626//626
f 555//555 556//556 628//628 627//627
f 556//556 557//557 629//629 628//628
f 557//557 558//558 630//630 629//629
f 558//558 559//559 631//631 630//630
f 559//559 560//560 632//632 631//631
f 560//560 561//561 633//633 632//632
f 561//561 562//562 634//634 633//633
f 562//562 563//563 635//635 634//634
f 563//563 564//564 636//636 635//635
f 564//564 565//565 637//637 636//636
f 565//565 566//566 638//638 637//637
f 566//566 567//567 639//639 638//638
f 567//567 568//568 640//640 639//639
f 568//568 569//569 641//641 640//640
f 569//569 570//570 642//642 641//641
f 570//570 571//571 643//643 642//642
f 571//571 572//572 644//644 643//643
f 572//572 573//573 645//645 644//644
f 573//573 574//574 646//646 645//645
f 574//574 575//575 647//647 646//646
f 575//575 576//576 648//648 647//647
f 576//576 577//577 649//649 648//648
f 577//577 578//578 650//650 649//649
f 578//578 579//579 651//651 650//650
f 579//579 580//580 652//652 651//651
f 580//580 581//581 653//653 652//652
f 581//581 582//582 654//654 653//653
f 582//582 583//583 655//655 654//654
f 583//583 584//584 656//656 655//655
f 584//584 585//585 657//657 656//656
f 585//585 586//586 658//658 657//657
f 586//586 587//587 659//659 658//658
f 587//587 588//588 660//660 659//659
f 588//588 589//589 661//661 660//660
f 589//589 590//590 662//662 661//661
f 590//590 591//591 663//663 662//662
f 591//591 592//592 664//664 663//663
f 592//592 521//521 593//593 664//664
f 593//593 594//594 666//666 665//665
f 594//594 595//595 667//667 666//666
f 595//595 596//596 668//668 667//667
f 596//596 597//597 669//669 668//668
f 597//597 598//598 670//670 669//669
f 598//598 599//599 671//671 670//670
f 599//599 600//600 672//672 671//671
f 600//600 601//601 673//673 672//672
f 601//601 602//602 674//674 673//673
f 602//602 603//603 675//675 674//674
f 603//603 604//604 676//676 675//675
f 604//604 605//605 677//677 676//676
f 605//605 606//606 678//678 677//677
f 606//606 607//607 679//679 678//678
f 607//607 608//608 680//680 679//679
f 608//608 609//609 681//681 680//680
f 609//609 610//610 682//682 681//681
f 610//610 611//611 683//683 682//682
f 611//611 612//612 684//684 683//683
f 612//612 613//613 685//685 684//684
f 613//613 614//614 686//686 685//685
f 614//614 615//615 687//687 686//686
f 615//615 616//616 688//688 687//687
f 616//616 617//617 689//689 688//688
f 617//617 618//618 690//690 689//689
f 618//618 619//619 691//691 690//690
f 619//619 620//620 692//692 691//691
f 620//620 621//621 693//693 692//692
f 621//621 622//622 694//694 693//693
f 622//622 623//623 695//695 694//694
f 623//623 624//624 696//696 695//695
f 624//624 625//625 697//697 696//696
f 625//625 626//626 698//698 697//697
f 626//626 627//627 699//699 698//698
f 627//627 628//628 700//700 699//699
f 628//628 629//629 701//701 700//700
f 629//629 630//630 702//702 701//701
f 630//630 631//631 703//703 702//702
f 631//631 632//632 704//704 703//703
f 632//632 633//633 705//705 704//704
f 633//633 634//634 706//706 705//705
f 634//634 635//635 707//707 706//706
f 635//635 636//636 708//708 707//707
f 636//636 637//637 709//709 708//708
f 637//637 638//638 710//710 709//709
f 638//638 639//639 711//711 710//710
f 639//639 640//640 712//712 711//711
f 640//640 641//641 713//713 712//712
f 641//641 642//642 714//714 713//713
f 642//642 643//643 715//715 714//714
f 643//643 644//644 716//716 715//715
f 644//644 645//645 717//717 716//716
f 645//645 646//646 718//718 717//717
f 646//646 647//647 719//719 718//718
f 647//647 648//648 720//720 719//719
f 648//648 649//649 721//721 720//720
f 649//649 650//650 722//722 721//721
f 650//650 651//651 723//723 722//722
f 651//651 652//652 724//724 723//723
f 652//652 653//653 725//725 724//724
f 653//653 654//654 726//726 725//725
f 654//654 655//655 727//727 726//726
f 655//655 656//656 728//728 727//727
f 656//656 657//657 729//729 728//728
f 657//657 658//658 730//730 729//729
f 658//658 659//659 731//731 730//730
f 659//659 660//660 732//732 731//731
f 660//660 661//661 733//733 732//732
f 661//661 662//662 734//734 733//733
f 662//662 663//663 735//735 734//734
f 663//663 664//664 736//736 735//735
f 664//664 593//593 665//665 736//736
o bajak_pita
v 1.090000 0.050000 0.000000
v 1.069056 0.050000 -0.212648
v 1.007029 0.050000 -0.417125
v 0.906302 0.050000 -0.605572
v 0.770746 0.050000 -0.770746
v 0.605572 0.050000 -0.906302
v 0.417125 0.050000 -1.007029
v 0.212648 0.050000 -1.069056
v 0.000000 0.050000 -1.090000
v -0.212648 0.050000 -1.069056
v -0.417125 0.050000 -1.007029
v -0.605572 0.050000 -0.906302
v -0.770746 0.050000 -0.770746
v -0.906302 0.050000 -0.605572
v -1.007029 0.050000 -0.417125
v -1.069056 0.050000 -0.212648
v -1.090000 0.050000 -0.000000
v -1.069056 0.050000 0.212648
v -1.007029 0.050000 0.417125
v -0.906302 0.050000 0.605572
v -0.770746 0.050000 0.770746
v -0.605572 0.050000 0.906302
v -0.417125 0.050000 1.007029
v -0.212648 0.050000 1.069056
v -0.000000 0.050000 1.090000
v 0.212648 0.050000 1.069056
v 0.417125 0.050000 1.007029
v 0.605572 0.050000 0.906302
v 0.770746 0.050000 0.770746
v 0.906302 0.050000 0.605572
v 1.007029 0.050000 0.417125
v 1.069056 0.050000 0.212648
v 1.090000 0.130000 0.000000
v 1.069056 0.130000 -0.212648
v 1.007029 0.130000 -0.417125
v 0.906302 0.130000 -0.605572
v 0.770746 0.130000 -0.770746
v 0.605572 0.130000 -0.906302
v 0.417125 0.130000 -1.007029
v 0.212648 0.130000 -1.069056
v 0.000000 0.130000 -1.090000
v -0.212648 0.130000 -1.069056
v -0.417125 0.130000 -1.007029
v -0.605572 0.130000 -0.906302
v -0.770746 0.130000 -0.770746
v -0.906302 0.130000 -0.605572
v -1.007029 0.130000 -0.417125
v -1.069056 0.130000 -0.212648
v -1.090000 0.130000 -0.000000
v -1.069056 0.130000 0.212648
v -1.007029 0.130000 0.417125
v -0.906302 0.130000 0.605572
v -0.770746 0.130000 0.770746
v -0.605572 0.130000 0.906302
v -0.417125 0.130000 1.007029
v -0.212648 0.130000 1.069056
v -0.000000 0.130000 1.090000
v 0.212648 0.130000 1.069056
v 0.417125 0.130000 1.007029
v 0.605572 0.130000 0.906302
v 0.770746 0.130000 0.770746
v 0.906302 0.130000 0.605572
v 1.007029 0.130000 0.417125
v 1.069056 0.130000 0.212648
vn 1.0000 -0.0000 -0.0000
vn 0.9808 -0.0000 -0.1951
vn 0.9239 -0.0000 -0.3827
vn 0.8315 -0.0000 -0.5556
vn 0.7071 -0.0000 -0.7071
vn 0.5556 -0.0000 -0.8315
vn 0.3827 -0.0000 -0.9239
vn 0.1951 -0.0000 -0.9808
vn -0.0000 -0.0000 -1.0000
vn -0.1951 -0.0000 -0.9808
vn -0.3827 -0.0000 -0.9239
vn -0.5556 -0.0000 -0.8315
vn -0.7071 -0.0000 -0.7071
vn -0.8315 -0.0000 -0.5556
vn -0.9239 -0.0000 -0.3827
vn -0.9808 -0.0000 -0.1951
vn -1.0000 -0.0000 -0.0000
vn -0.9808 -0.0000 0.1951
vn -0.9239 -0.0000 0.3827
vn -0.8315 -0.0000 0.5556
vn -0.7071 -0.0000 0.7071
vn -0.5556 -0.0000 0.8315
vn -0.3827 -0.0000 0.9239
vn -0.1951 -0.0000 0.9808
vn -0.0000 -0.0000 1.0000
vn 0.1951 -0.0000 0.9808
vn 0.3827 -0.0000 0.9239
vn 0.5556 -0.0000 0.8315
vn 0.7071 -0.0000 0.7071
vn 0.8315 -0.0000 0.5556
vn 0.9239 -0.0000 0.3827
vn 0.9808 -0.0000 0.1951
s 1
usemtl bajak_emas
f 737//737 738//738 770//738 769//737
f 738//738 739//739 771//739 770//738
f 739//739 740//740 772//740 771//739
f 740//740 741//741 773//741 772//740
f 741//741 742//742 774//742 773//741
f 742//742 743//743 775//743 774//742
f 743//743 744//744 776//744 775//743
f 744//744 745//745 777//745 776//744
f 745//745 746//746 778//746 777//745
f 746//746 747//747 779//747 778//746
f 747//747 748//748 780//748 779//747
f 748//748 749//749 781//749 780//748
f 749//749 750//750 782//750 781//749
f 750//750 751//751 783//751 782//750
f 751//751 752//752 784//752 783//751
f 752//752 753//753 785//753 784//752
f 753//753 754//754 786//754 785//753
f 754//754 755//755 787//755 786//754
f 755//755 756//756 788//756 787//755
f 756//756 757//757 789//757 788//756
f 757//757 758//758 790//758 789//757
f 758//758 759//759 791//759 790//758
f 759//759 760//760 792//760 791//759
f 760//760 761//761 793//761 792//760
f 761//761 762//762 794//762 793//761
f 762//762 763//763 795//763 794//762
f 763//763 764//764 796//764 795//763
f 764//764 765//765 797//765 796//764
f 765//765 766//766 798//766 797//765
f 766//766 767//767 799//767 798//766
f 767//767 768//768 800//768 799//767
f 768//768 737//737 769//737 800//768
o bajak_tengkorak
v 0.000000 0.570000 1.070000
v 0.000000 0.477403 1.023806
v 0.000000 0.420000 1.020000
v 0.000000 0.362597 1.023806
v 0.000000 0.281418 1.050866
v 0.000000 0.270000 1.070000
v 0.024896 0.558582 1.052322
v 0.046002 0.526066 1.037336
v 0.060104 0.477403 1.027322
v 0.065056 0.420000 1.023806
v 0.060104 0.362597 1.027322
v 0.046002 0.313934 1.037336
v 0.024896 0.281418 1.052322
v 0.046002 0.558582 1.056470
v 0.085000 0.526066 1.045000
v 0.111058 0.477403 1.037336
v 0.120208 0.420000 1.034645
v 0.111058 0.362597 1.037336
v 0.085000 0.313934 1.045000
v 0.046002 0.281418 1.056470
v 0.060104 0.558582 1.062678
v 0.111058 0.526066 1.056470
v 0.145104 0.477403 1.052322
v 0.157060 0.420000 1.050866
v 0.145104 0.362597 1.052322
v 0.111058 0.313934 1.056470
v 0.060104 0.281418 1.062678
v 0.065056 0.558582 1.070000
v 0.120208 0.526066 1.070000
v 0.157060 0.477403 1.070000
v 0.170000 0.420000 1.070000
v 0.157060 0.362597 1.070000
v 0.120208 0.313934 1.070000
v 0.065056 0.281418 1.070000
v 0.060104 0.558582 1.077322
v 0.111058 0.526066 1.083530
v 0.145104 0.477403 1.087678
v 0.157060 0.420000 1.089134
v 0.145104 0.362597 1.087678
v 0.111058 0.313934 1.083530
v 0.060104 0.281418 1.077322
v 0.046002 0.558582 1.083530
v 0.085000 0.526066 1.095000
v 0.111058 0.477403 1.102664
v 0.120208 0.420000 1.105355
v 0.111058 0.362597 1.102664
v 0.085000 0.313934 1.095000
v 0.046002 0.281418 1.083530
v 0.024896 0.558582 1.087678
v 0.046002 0.526066 1.102664
v 0.060104 0.477403 1.112678
v 0.065056 0.420000 1.116194
v 0.060104 0.362597 1.112678
v 0.046002 0.313934 1.102664
v 0.024896 0.281418 1.087678
v -0.000000 0.558582 1.089134
v -0.000000 0.526066 1.105355
v -0.000000 0.477403 1.116194
v -0.000000 0.420000 1.120000
v -0.000000 0.362597 1.116194
v -0.000000 0.313934 1.105355
v -0.000000 0.281418 1.089134
v -0.024896 0.558582 1.087678
v -0.046002 0.526066 1.102664
v -0.060104 0.477403 1.112678
v -0.065056 0.420000 1.116194
v -0.060104 0.362597 1.112678
v -0.046002 0.313934 1.102664
v -0.024896 0.281418 1.087678
v -0.046002 0.558582 1.083530
v -0.085000 0.526066 1.095000
v -0.111058 0.477403 1.102664
v -0.120208 0.420000 1.105355
v -0.111058 0.362597 1.102664
v -0.085000 0.313934 1.095000
v -0.046002 0.281418 1.083530
v -0.060104 0.558582 1.077322
v -0.111058 0.526066 1.083530
v -0.145104 0.477403 1.087678
v -0.157060 0.420000 1.089134
v -0.145104 0.362597 1.087678
v -0.111058 0.313934 1.083530
v -0.060104 0.281418 1.077322
v -0.065056 0.558582 1.070000
v -0.120208 0.526066 1.070000
v -0.157059 0.477403 1.070000
v -0.170000 0.420000 1.070000
v -0.157059 0.362597 1.070000
v -0.120208 0.313934 1.070000
v -0.065056 0.281418 1.070000
v -0.060104 0.558582 1.062678
v -0.111058 0.526066 1.056470
v -0.145104 0.477403 1.052322
v -0.157059 0.420000 1.050866
v -0.145104 0.362597 1.052322
v -0.111058 0.313934 1.056470
v -0.060104 0.281418 1.062678
v -0.046002 0.558582 1.056470
v -0.085000 0.526066 1.045000
v -0.111058 0.477403 1.037336
v -0.120208 0.420000 1.034645
v -0.111058 0.362597 1.037336
v -0.085000 0.313934 1.045000
v -0.046002 0.281418 1.056470
v -0.024896 0.558582 1.052322
v -0.046002 0.526066 1.037336
v -0.060104 0.477403 1.027322
v -0.065056 0.420000 1.023806
v -0.060104 0.362597 1.027322
v -0.046002 0.313934 1.037336
v -0.024896 0.281418 1.052322
v 0.000000 0.558582 1.050866
v 0.000000 0.526066 1.034645
v 0.000000 0.313934 1.034645
vn -0.0000 1.0000 -0.0000
vn -0.0000 0.1418 -0.9899
vn -0.0000 -0.0000 -1.0000
vn -0.0000 -0.1418 -0.9899
vn -0.0000 -0.6748 -0.7380
vn -0.0000 -1.0000 -0.0000
vn 0.0875 0.6987 -0.7100
vn 0.1208 0.3582 -0.9258
vn 0.1278 0.1538 -0.9798
vn 0.1292 -0.0000 -0.9916
vn 0.1278 -0.1538 -0.9798
vn 0.1208 -0.3582 -0.9258
vn 0.0875 -0.6987 -0.7100
vn 0.1812 0.7626 -0.6210
vn 0.2719 0.4429 -0.8543
vn 0.3018 0.1992 -0.9324
vn 0.3087 -0.0000 -0.9512
vn 0.3018 -0.1992 -0.9324
vn 0.2719 -0.4429 -0.8543
vn 0.1812 -0.7626 -0.6210
vn 0.2985 0.8531 -0.4280
vn 0.5001 0.6020 -0.6225
vn 0.6196 0.3088 -0.7216
vn 0.6589 -0.0000 -0.7522
vn 0.6196 -0.3088 -0.7216
vn 0.5001 -0.6020 -0.6225
vn 0.2985 -0.8531 -0.4280
vn 0.4020 0.9156 -0.0000
vn 0.7013 0.7128 -0.0000
vn 0.9188 0.3948 -0.0000
vn 1.0000 -0.0000 -0.0000
vn 0.9188 -0.3948 -0.0000
vn 0.7013 -0.7128 -0.0000
vn 0.4020 -0.9156 -0.0000
vn 0.2985 0.8531 0.4280
vn 0.5001 0.6020 0.6225
vn 0.6196 0.3088 0.7216
vn 0.6589 -0.0000 0.7522
vn 0.6196 -0.3088 0.7216
vn 0.5001 -0.6020 0.6225
vn 0.2985 -0.8531 0.4280
vn 0.1812 0.7626 0.6210
vn 0.2719 0.4429 0.8543
vn 0.3017 0.1992 0.9324
vn 0.3087 -0.0000 0.9512
vn 0.3017 -0.1992 0.9324
vn 0.2719 -0.4429 0.8543
vn 0.1812 -0.7626 0.6210
vn 0.0875 0.6987 0.7100
vn 0.1208 0.3582 0.9258
vn 0.1278 0.1538 0.9798
vn 0.1292 -0.0000 0.9916
vn 0.1278 -0.1538 0.9798
vn 0.1208 -0.3582 0.9258
vn 0.0875 -0.6987 0.7100
vn -0.0000 0.6748 0.7380
vn -0.0000 0.3330 0.9429
vn -0.0000 0.1418 0.9899
vn -0.0000 -0.0000 1.0000
vn -0.0000 -0.1418 0.9899
vn -0.0000 -0.3330 0.9429
vn -0.0000 -0.6748 0.7380
vn -0.0875 0.6987 0.7100
vn -0.1208 0.3582 0.9258
vn -0.1278 0.1538 0.9798
vn -0.1292 -0.0000 0.9916
vn -0.1278 -0.1538 0.9798
vn -0.1208 -0.3582 0.9258
vn -0.0875 -0.6987 0.7100
vn -0.1812 0.7626 0.6210
vn -0.2719 0.4429 0.8543
vn -0.3018 0.1992 0.9324
vn -0.3087 -0.0000 0.9512
vn -0.3018 -0.1992 0.9324
vn -0.2719 -0.4429 0.8543
vn -0.1812 -0.7626 0.6210
vn -0.2985 0.8531 0.4280
vn -0.5001 0.6020 0.6225
vn -0.6196 0.3088 0.7216
vn -0.6589 -0.0000 0.7522
vn -0.6196 -0.3088 0.7216
vn -0.5001 -0.6020 0.6225
vn -0.2985 -0.8531 0.4280
vn -0.4020 0.9156 -0.0000
vn -0.7013 0.7128 -0.0000
vn -0.9188 0.3948 -0.0000
vn -1.0000 -0.0000 -0.0000
vn -0.9188 -0.3948 -0.0000
vn -0.7013 -0.7128 -0.0000
vn -0.4020 -0.9156 -0.0000
vn -0.2985 0.8531 -0.4280
vn -0.5001 0.6020 -0.6225
vn -0.6196 0.3088 -0.7216
vn -0.6589 -0.0000 -0.7522
vn -0.6196 -0.3088 -0.7216
vn -0.5001 -0.6020 -0.6225
vn -0.2985 -0.8531 -0.4280
vn -0.1812 0.7626 -0.6210
vn -0.2719 0.4429 -0.8543
vn -0.3017 0.1992 -0.9324
vn -0.3087 -0.0000 -0.9512
vn -0.3017 -0.1992 -0.9324
vn -0.2719 -0.4429 -0.8543
vn -0.1812 -0.7626 -0.6210
vn -0.0875 0.6987 -0.7100
vn -0.1208 0.3582 -0.9258
vn -0.1278 0.1538 -0.9798
vn -0.1292 -0.0000 -0.9916
vn -0.1278 -0.1538 -0.9798
vn -0.1208 -0.3582 -0.9258
vn -0.0875 -0.6987 -0.7100
vn -0.0000 0.6748 -0.7380
vn -0.0000 0.3330 -0.9429
vn -0.0000 -0.3330 -0.9429
s 1
usemtl bajak_tulang
f 805//773 914//882 812//780 813//781
f 804//772 803//771 810//778 811//779
f 802//770 913//881 808//776 809//777
f 912//880 801//769 807//775
f 806//774 805//773 813//781
f 914//882 804//772 811//779 812//780
f 803//771 802//770 809//777 810//778
f 913//881 912//880 807//775 808//776
f 806//774 813//781 820//788
f 812//780 811//779 818//786 819//787
f 810//778 809//777 816//784 817//785
f 808//776 807//775 814//782 815//783
f 813//781 812//780 819//787 820//788
f 811//779 810//778 817//785 818//786
f 809//777 808//776 815//783 816//784
f 807//775 801//769 814//782
f 817//785 816//784 823//791 824//792
f 815//783 814//782 821//789 822//790
f 820//788 819//787 826//794 827//795
f 818//786 817//785 824//792 825//793
f 816//784 815//783 822//790 823//791
f 814//782 801//769 821//789
f 806//774 820//788 827//795
f 819//787 818//786 825//793 826//794
f 827//795 826//794 833//801 834//802
f 825//793 824//792 831//799 832//800
f 823//791 822//790 829//797 830//798
f 821//789 801//769 828//796
f 806//774 827//795 834//802
f 826//794 825//793 832//800 833//801
f 824//792 823//791 830//798 831//799
f 822//790 821//789 828//796 829//797
f 830//798 829//797 836//804 837//805
f 828//796 801//769 835//803
f 806//774 834//802 841//809
f 833//801 832//800 839//807 840//808
f 831//799 830//798 837//805 838//806
f 829//797 828//796 835//803 836//804
f 834//802 833//801 840//808 841//809
f 832//800 831//799 838//806 839//807
f 806//774 841//809 848//816
f 840//808 839//807 846//814 847//815
f 838//806 837//805 844//812 845//813
f 836//804 835//803 842//810 843//811
f 841//809 840//808 847//815 848//816
f 839//807 838//806 845//813 846//814
f 837//805 836//804 843//811 844//812
f 835//803 801//769 842//810
f 843//811 842//810 849//817 850//818
f 848//816 847//815 854//822 855//823
f 846//814 845//813 852//820 853//821
f 844//812 843//811 850//818 851//819
f 842//810 801//769 849//817
f 806//774 848//816 855//823
f 847//815 846//814 853//821 854//822
f 845//813 844//812 851//819 852//820
f 855//823 854//822 861//829 862//830
f 853//821 852//820 859//827 860//828
f 851//819 850//818 857//825 858//826
f 849//817 801//769 856//824
f 806//774 855//823 862//830
f 854//822 853//821 860//828 861//829
f 852//820 851//819 858//826 859//827
f 850//818 849//817 856//824 857//825
f 856//824 801//769 863//831
f 806//774 862//830 869//837
f 861//829 860//828 867//835 868//836
f 859//827 858//826 865//833 866//834
f 857//825 856//824 863//831 864//832
f 862//830 861//829 868//836 869//837
f 860//828 859//827 866//834 867//835
f 858//826 857//825 864//832 865//833
f 868//836 867//835 874//842 875//843
f 866//834 865//833 872//840 873//841
f 864//832 863//831 870//838 871//839
f 869//837 868//836 875//843 876//844
f 867//835 866//834 873//841 874//842
f 865//833 864//832 871//839 872//840
f 863//831 801//769 870//838
f 806//774 869//837 876//844
f 876//844 875//843 882//850 883//851
f 874//842 873//841 880//848 881//849
f 872//840 871//839 878//846 879//847
f 870//838 801//769 877//845
f 806//774 876//844 883//851
f 875//843 874//842 881//849 882//850
f 873//841 872//840 879//847 880//848
f 871//839 870//838 877//845 878//846
f 881//849 880//848 887//855 888//856
f 879//847 878//846 885//853 886//854
f 877//845 801//769 884//852
f 806//774 883//851 890//858
f 882//850 881//849 888//856 889//857
f 880//848 879//847 886//854 887//855
f 878//846 877//845 884//852 885//853
f 883//851 882//850 889//857 890//858
f 806//774 890//858 897//865
f 889//857 888//856 895//863 896//864
f 887//855 886//854 893//861 894//862
f 885//853 884//852 891//859 892//860
f 890//858 889//857 896//864 897//865
f 888//856 887//855 894//862 895//863
f 886//854 885//853 892//860 893//861
f 884//852 801//769 891//859
f 894//862 893//861 900//868 901//869
f 892//860 891//859 898//866 899//867
f 897//865 896//864 903//871 904//872
f 895//863 894//862 901//869 902//870
f 893//861 892//860 899//867 900//868
f 891//859 801//769 898//866
f 806//774 897//865 904//872
f 896//864 895//863 902//870 903//871
f 904//872 903//871 910//878 911//879
f 902//870 901//869 908//876 909//877
f 900//868 899//867 906//874 907//875
f 898//866 801//769 905//873
f 806//774 904//872 911//879
f 903//871 902//870 909//877 910//878
f 901//869 900//868 907//875 908//876
f 899//867 898//866 905//873 906//874
f 907//875 906//874 913//881 802//770
f 905//873 801//769 912//880
f 806//774 911//879 805//773
f 910//878 909//877 804//772 914//882
f 908//876 907//875 802//770 803//771
f 906//874 905//873 912//880 913//881
f 911//879 910//878 914//882 805//773
f 909//877 908//876 803//771 804//772
o bajak_rahang
v 0.000000 0.360000 1.060000
v 0.000000 0.322961 1.023045
v 0.000000 0.300000 1.020000
v 0.000000 0.277039 1.023045
v 0.000000 0.244567 1.044693
v 0.000000 0.240000 1.060000
v 0.014645 0.355433 1.045858
v 0.027060 0.342426 1.033869
v 0.035355 0.322961 1.025858
v 0.038268 0.300000 1.023045
v 0.035355 0.277039 1.025858
v 0.027060 0.257574 1.033869
v 0.014645 0.244567 1.045858
v 0.027060 0.355433 1.049176
v 0.050000 0.342426 1.040000
v 0.065328 0.322961 1.033869
v 0.070711 0.300000 1.031716
v 0.065328 0.277039 1.033869
v 0.050000 0.257574 1.040000
v 0.027060 0.244567 1.049176
v 0.035355 0.355433 1.054142
v 0.065328 0.342426 1.049176
v 0.085355 0.322961 1.045858
v 0.092388 0.300000 1.044693
v 0.085355 0.277039 1.045858
v 0.065328 0.257574 1.049176
v 0.035355 0.244567 1.054142
v 0.038268 0.355433 1.060000
v 0.070711 0.342426 1.060000
v 0.092388 0.322961 1.060000
v 0.100000 0.300000 1.060000
v 0.092388 0.277039 1.060000
v 0.070711 0.257574 1.060000
v 0.038268 0.244567 1.060000
v 0.035355 0.355433 1.065858
v 0.065328 0.342426 1.070824
v 0.085355 0.322961 1.074142
v 0.092388 0.300000 1.075307
v 0.085355 0.277039 1.074142
v 0.065328 0.257574 1.070824
v 0.035355 0.244567 1.065858
v 0.027060 0.355433 1.070824
v 0.050000 0.342426 1.080000
v 0.065328 0.322961 1.086131
v 0.070711 0.300000 1.088284
v 0.065328 0.277039 1.086131
v 0.050000 0.257574 1.080000
v 0.027060 0.244567 1.070824
v 0.014645 0.355433 1.074142
v 0.027060 0.342426 1.086131
v 0.035355 0.322961 1.094142
v 0.038268 0.300000 1.096955
v 0.035355 0.277039 1.094142
v 0.027060 0.257574 1.086131
v 0.014645 0.244567 1.074142
v -0.000000 0.355433 1.075307
v -0.000000 0.342426 1.088284
v -0.000000 0.322961 1.096955
v -0.000000 0.300000 1.100000
v -0.000000 0.277039 1.096955
v -0.000000 0.257574 1.088284
v -0.000000 0.244567 1.075307
v -0.014645 0.355433 1.074142
v -0.027060 0.342426 1.086131
v -0.035355 0.322961 1.094142
v -0.038268 0.300000 1.096955
v -0.035355 0.277039 1.094142
v -0.027060 0.257574 1.086131
v -0.014645 0.244567 1.074142
v -0.027060 0.355433 1.070824
v -0.050000 0.342426 1.080000
v -0.065328 0.322961 1.086131
v -0.070711 0.300000 1.088284
v -0.065328 0.277039 1.086131
v -0.050000 0.257574 1.080000
v -0.027060 0.244567 1.070824
v -0.035355 0.355433 1.065858
v -0.065328 0.342426 1.070824
v -0.085355 0.322961 1.074142
v -0.092388 0.300000 1.075307
v -0.085355 0.277039 1.074142
v -0.065328 0.257574 1.070824
v -0.035355 0.244567 1.065858
v -0.038268 0.355433 1.060000
v -0.070711 0.342426 1.060000
v -0.092388 0.322961 1.060000
v -0.100000 0.300000 1.060000
v -0.092388 0.277039 1.060000
v -0.070711 0.257574 1.060000
v -0.038268 0.244567 1.060000
v -0.035355 0.355433 1.054142
v -0.065328 0.342426 1.049176
v -0.085355 0.322961 1.045858
v -0.092388 0.300000 1.044693
v -0.085355 0.277039 1.045858
v -0.065328 0.257574 1.049176
v -0.035355 0.244567 1.054142
v -0.027060 0.355433 1.049176
v -0.050000 0.342426 1.040000
v -0.065328 0.322961 1.033869
v -0.070711 0.300000 1.031716
v -0.065328 0.277039 1.033869
v -0.050000 0.257574 1.040000
v -0.027060 0.244567 1.049176
v -0.014645 0.355433 1.045858
v -0.027060 0.342426 1.033869
v -0.035355 0.322961 1.025858
v -0.038268 0.300000 1.023045
v -0.035355 0.277039 1.025858
v -0.027060 0.257574 1.033869
v -0.014645 0.244567 1.045858
v 0.000000 0.355433 1.044693
v 0.000000 0.342426 1.031716
v 0.000000 0.257574 1.031716
vn -0.0000 1.0000 -0.0000
vn -0.0000 0.2701 -0.9628
vn -0.0000 -0.0000 -1.0000
vn -0.0000 -0.2701 -0.9628
vn -0.0000 -0.8531 -0.5217
vn -0.0000 -1.0000 -0.0000
vn 0.0782 0.8647 -0.4962
vn 0.1373 0.5877 -0.7973
vn 0.1668 0.2889 -0.9427
vn 0.1752 -0.0000 -0.9845
vn 0.1668 -0.2889 -0.9427
vn 0.1373 -0.5877 -0.7973
vn 0.0782 -0.8647 -0.4962
vn 0.1571 0.8961 -0.4150
vn 0.2866 0.6620 -0.6925
vn 0.3727 0.3508 -0.8591
vn 0.4035 -0.0000 -0.9150
vn 0.3727 -0.3508 -0.8591
vn 0.2866 -0.6620 -0.6925
vn 0.1571 -0.8961 -0.4150
vn 0.2356 0.9366 -0.2593
vn 0.4550 0.7661 -0.4540
vn 0.6569 0.4557 -0.6006
vn 0.7525 -0.0000 -0.6586
vn 0.6569 -0.4557 -0.6006
vn 0.4550 -0.7661 -0.4540
vn 0.2356 -0.9366 -0.2593
vn 0.2827 0.9592 -0.0000
vn 0.5628 0.8266 -0.0000
vn 0.8563 0.5165 -0.0000
vn 1.0000 -0.0000 -0.0000
vn 0.8563 -0.5165 -0.0000
vn 0.5628 -0.8266 -0.0000
vn 0.2827 -0.9592 -0.0000
vn 0.2356 0.9366 0.2593
vn 0.4550 0.7661 0.4540
vn 0.6569 0.4557 0.6006
vn 0.7525 -0.0000 0.6586
vn 0.6569 -0.4557 0.6006
vn 0.4550 -0.7661 0.4540
vn 0.2356 -0.9366 0.2593
vn 0.1571 0.8961 0.4150
vn 0.2866 0.6620 0.6925
vn 0.3727 0.3508 0.8591
vn 0.4035 -0.0000 0.9150
vn 0.3727 -0.3508 0.8591
vn 0.2866 -0.6620 0.6925
vn 0.1571 -0.8961 0.4150
vn 0.0782 0.8647 0.4962
vn 0.1373 0.5877 0.7973
vn 0.1668 0.2889 0.9427
vn 0.1752 -0.0000 0.9845
vn 0.1668 -0.2889 0.9427
vn 0.1373 -0.5877 0.7973
vn 0.0782 -0.8647 0.4962
vn -0.0000 0.8532 0.5217
vn -0.0000 0.5618 0.8273
vn -0.0000 0.2701 0.9628
vn -0.0000 -0.0000 1.0000
vn -0.0000 -0.2701 0.9628
vn -0.0000 -0.5618 0.8273
vn -0.0000 -0.8532 0.5217
vn -0.0782 0.8647 0.4962
vn -0.1373 0.5877 0.7973
vn -0.1668 0.2889 0.9427
vn -0.1752 -0.0000 0.9845
vn -0.1668 -0.2889 0.9427
vn -0.1373 -0.5877 0.7973
vn -0.0782 -0.8647 0.4962
vn -0.1571 0.8961 0.4150
vn -0.2866 0.6620 0.6925
vn -0.3727 0.3508 0.8591
vn -0.4035 -0.0000 0.9150
vn -0.3727 -0.3508 0.8591
vn -0.2866 -0.6620 0.6925
vn -0.1571 -0.8961 0.4150
vn -0.2356 0.9366 0.2593
vn -0.4550 0.7661 0.4540
vn -0.6569 0.4557 0.6006
vn -0.7525 -0.0000 0.6586
vn -0.6569 -0.4557 0.6006
vn -0.4550 -0.7661 0.4540
vn -0.2356 -0.9366 0.2593
vn -0.2827 0.9592 -0.0000
vn -0.5628 0.8266 -0.0000
vn -0.8563 0.5165 -0.0000
vn -1.0000 -0.0000 -0.0000
vn -0.8563 -0.5165 -0.0000
vn -0.5628 -0.8266 -0.0000
vn -0.2827 -0.9592 -0.0000
vn -0.2356 0.9366 -0.2593
vn -0.4550 0.7661 -0.4540
vn -0.6569 0.4557 -0.6006
vn -0.7525 -0.0000 -0.6586
vn -0.6569 -0.4557 -0.6006
vn -0.4550 -0.7661 -0.4540
vn -0.2356 -0.9366 -0.2593
vn -0.1571 0.8961 -0.4150
vn -0.2866 0.6620 -0.6925
vn -0.3727 0.3508 -0.8591
vn -0.4035 -0.0000 -0.9150
vn -0.3727 -0.3508 -0.8591
vn -0.2866 -0.6620 -0.6925
vn -0.1571 -0.8961 -0.4150
vn -0.0782 0.8647 -0.4962
vn -0.1373 0.5877 -0.7973
vn -0.1668 0.2889 -0.9427
vn -0.1752 -0.0000 -0.9845
vn -0.1668 -0.2889 -0.9427
vn -0.1373 -0.5877 -0.7973
vn -0.0782 -0.8647 -0.4962
vn -0.0000 0.8531 -0.5217
vn -0.0000 0.5618 -0.8273
vn -0.0000 -0.5618 -0.8273
s 1
usemtl bajak_tulang
f 920//888 919//887 927//895
f 1028//996 918//886 925//893 926//894
f 917//885 916//884 923//891 924//892
f 1027//995 1026//994 921//889 922//890
f 919//887 1028//996 926//894 927//895
f 918//886 917//885 924//892 925//893
f 916//884 1027//995 922//890 923//891
f 1026//994 915//883 921//889
f 922//890 921//889 928//896 929//897
f 927//895 926//894 933//901 934//902
f 925//893 924//892 931//899 932//900
f 923//891 922//890 929//897 930//898
f 921//889 915//883 928//896
f 920//888 927//895 934//902
f 926//894 925//893 932//900 933//901
f 924//892 923//891 930//898 931//899
f 934//902 933//901 940//908 941//909
f 932//900 931//899 938//906 939//907
f 930//898 929//897 936//904 937//905
f 928//896 915//883 935//903
f 920//888 934//902 941//909
f 933//901 932//900 939//907 940//908
f 931//899 930//898 937//905 938//906
f 929//897 928//896 935//903 936//904
f 935//903 915//883 942//910
f 920//888 941//909 948//916
f 940//908 939//907 946//914 947//915
f 938//906 937//905 944//912 945//913
f 936//904 935//903 942//910 943//911
f 941//909 940//908 947//915 948//916
f 939//907 938//906 945//913 946//914
f 937//905 936//904 943//911 944//912
f 947//915 946//914 953//921 954//922
f 945//913 944//912 951//919 952//920
f 943//911 942//910 949//917 950//918
f 948//916 947//915 954//922 955//923
f 946//914 945//913 952//920 953//921
f 944//912 943//911 950//918 951//919
f 942//910 915//883 949//917
f 920//888 948//916 955//923
f 955//923 954//922 961//929 962//930
f 953//921 952//920 959//927 960//928
f 951//919 950//918 957//925 958//926
f 949//917 915//883 956//924
f 920//888 955//923 962//930
f 954//922 953//921 960//928 961//929
f 952//920 951//919 958//926 959//927
f 950//918 949//917 956//924 957//925
f 960//928 959//927 966//934 967//935
f 958//926 957//925 964//932 965//933
f 956//924 915//883 963//931
f 920//888 962//930 969//937
f 961//929 960//928 967//935 968//936
f 959//927 958//926 965//933 966//934
f 957//925 956//924 963//931 964//932
f 962//930 961//929 968//936 969//937
f 920//888 969//937 976//944
f 968//936 967//935 974//942 975//943
f 966//934 965//933 972//940 973//941
f 964//932 963//931 970//938 971//939
f 969//937 968//936 975//943 976//944
f 967//935 966//934 973//941 974//942
f 965//933 964//932 971//939 972//940
f 963//931 915//883 970//938
f 973//941 972//940 979//947 980//948
f 971//939 970//938 977//945 978//946
f 976//944 975//943 982//950 983//951
f 974//942 973//941 980//948 981//949
f 972//940 971//939 978//946 979//947
f 970//938 915//883 977//945
f 920//888 976//944 983//951
f 975//943 974//942 981//949 982//950
f 983//951 982//950 989//957 990//958
f 981//949 980//948 987//955 988//956
f 979//947 978//946 985//953 986//954
f 977//945 915//883 984//952
f 920//888 983//951 990//958
f 982//950 981//949 988//956 989//957
f 980//948 979//947 986//954 987//955
f 978//946 977//945 984//952 985//953
f 986//954 985//953 992//960 993//961
f 984//952 915//883 991//959
f 920//888 990//958 997//965
f 989//957 988//956 995//963 996//964
f 987//955 986//954 993//961 994//962
f 985//953 984//952 991//959 992//960
f 990//958 989//957 996//964 997//965
f 988//956 987//955 994//962 995//963
f 920//888 997//965 1004//972
f 996//964 995//963 1002//970 1003//971
f 994//962 993//961 1000//968 1001//969
f 992//960 991//959 998//966 999//967
f 997//965 996//964 1003//971 1004//972
f 995//963 994//962 1001//969 1002//970
f 993//961 992//960 999//967 1000//968
f 991//959 915//883 998//966
f 999//967 998//966 1005//973 1006//974
f 1004//972 1003//971 1010//978 1011//979
f 1002//970 1001//969 1008//976 1009//977
f 1000//968 999//967 1006//974 1007//975
f 998//966 915//883 1005//973
f 920//888 1004//972 1011//979
f 1003//971 1002//970 1009//977 1010//978
f 1001//969 1000//968 1007//975 1008//976
f 1011//979 1010//978 1017//985 1018//986
f 1009//977 1008//976 1015//983 1016//984
f 1007//975 1006//974 1013//981 1014//982
f 1005//973 915//883 1012//980
f 920//888 1011//979 1018//986
f 1010//978 1009//977 1016//984 1017//985
f 1008//976 1007//975 1014//982 1015//983
f 1006//974 1005//973 1012//980 1013//981
f 1012//980 915//883 1019//987
f 920//888 1018//986 1025//993
f 1017//985 1016//984 1023//991 1024//992
f 1015//983 1014//982 1021//989 1022//990
f 1013//981 1012//980 1019//987 1020//988
f 1018//986 1017//985 1024//992 1025//993
f 1016//984 1015//983 1022//990 1023//991
f 1014//982 1013//981 1020//988 1021//989
f 1024//992 1023//991 918//886 1028//996
f 1022//990 1021//989 916//884 917//885
f 1020//988 1019//987 1026//994 1027//995
f 1025//993 1024//992 1028//996 919//887
f 1023//991 1022//990 917//885 918//886
f 1021//989 1020//988 1027//995 916//884
f 1019//987 915//883 1026//994
f 920//888 1025//993 919//887
o bajak_tulang
v 0.252597 0.221595 1.060000
v -0.227403 0.501594 1.060000
v 0.248907 0.215270 1.077678
v -0.231093 0.495270 1.077678
v 0.240000 0.200000 1.085000
v -0.240000 0.480000 1.085000
v 0.231093 0.184730 1.077678
v -0.248907 0.464730 1.077678
v 0.227403 0.178406 1.060000
v -0.252597 0.458405 1.060000
v 0.231093 0.184730 1.042322
v -0.248907 0.464730 1.042322
v 0.240000 0.200000 1.035000
v -0.240000 0.480000 1.035000
v 0.248907 0.215270 1.042322
v -0.231093 0.495270 1.042322
vn 0.9356 0.3531 -0.0000
vn -0.1532 0.9882 -0.0000
vn 0.8210 0.1566 0.5490
vn -0.2678 0.7918 0.5490
vn 0.5444 -0.3176 0.7764
vn -0.5444 0.3176 0.7764
vn 0.2678 -0.7918 0.5490
vn -0.8210 -0.1566 0.5490
vn 0.1532 -0.9882 -0.0000
vn -0.9356 -0.3531 -0.0000
vn 0.2678 -0.7918 -0.5490
vn -0.8210 -0.1566 -0.5490
vn 0.5444 -0.3176 -0.7764
vn -0.5444 0.3176 -0.7764
vn 0.8210 0.1566 -0.5490
vn -0.2678 0.7918 -0.5490
s 1
usemtl bajak_tulang
f 1029//997 1030//998 1032//1000 1031//999
f 1031//999 1032//1000 1034//1002 1033//1001
f 1033//1001 1034//1002 1036//1004 1035//1003
f 1035//1003 1036//1004 1038//1006 1037//1005
f 1037//1005 1038//1006 1040//1008 1039//1007
f 1039//1007 1040//1008 1042//1010 1041//1009
f 1032//1000 1030//998 1044//1012 1042//1010 1040//1008 1038//1006 1036//1004 1034//1002
f 1041//1009 1042//1010 1044//1012 1043//1011
f 1043//1011 1044//1012 1030//998 1029//997
f 1029//997 1031//999 1033//1001 1035//1003 1037//1005 1039//1007 1041//1009 1043//1011
o bajak_mata
v -0.060000 0.470000 1.115000
v -0.060000 0.445307 1.096522
v -0.060000 0.430000 1.095000
v -0.060000 0.414693 1.096522
v -0.060000 0.393045 1.107346
v -0.060000 0.390000 1.115000
v -0.054142 0.466955 1.107929
v -0.049176 0.458284 1.101934
v -0.045858 0.445307 1.097929
v -0.044693 0.430000 1.096522
v -0.045858 0.414693 1.097929
v -0.049176 0.401716 1.101934
v -0.054142 0.393045 1.107929
v -0.049176 0.466955 1.109588
v -0.040000 0.458284 1.105000
v -0.033869 0.445307 1.101934
v -0.031716 0.430000 1.100858
v -0.033869 0.414693 1.101934
v -0.040000 0.401716 1.105000
v -0.049176 0.393045 1.109588
v -0.045858 0.466955 1.112071
v -0.033869 0.458284 1.109588
v -0.025858 0.445307 1.107929
v -0.023045 0.430000 1.107346
v -0.025858 0.414693 1.107929
v -0.033869 0.401716 1.109588
v -0.045858 0.393045 1.112071
v -0.044693 0.466955 1.115000
v -0.031716 0.458284 1.115000
v -0.023045 0.445307 1.115000
v -0.020000 0.430000 1.115000
v -0.023045 0.414693 1.115000
v -0.031716 0.401716 1.115000
v -0.044693 0.393045 1.115000
v -0.045858 0.466955 1.117929
v -0.033869 0.458284 1.120412
v -0.025858 0.445307 1.122071
v -0.023045 0.430000 1.122654
v -0.025858 0.414693 1.122071
v -0.033869 0.401716 1.120412
v -0.045858 0.393045 1.117929
v -0.049176 0.466955 1.120412
v -0.040000 0.458284 1.125000
v -0.033869 0.445307 1.128066
v -0.031716 0.430000 1.129142
v -0.033869 0.414693 1.128066
v -0.040000 0.401716 1.125000
v -0.049176 0.393045 1.120412
v -0.054142 0.466955 1.122071
v -0.049176 0.458284 1.128066
v -0.045858 0.445307 1.132071
v -0.044693 0.430000 1.133478
v -0.045858 0.414693 1.132071
v -0.049176 0.401716 1.128066
v -0.054142 0.393045 1.122071
v -0.060000 0.466955 1.122654
v -0.060000 0.458284 1.129142
v -0.060000 0.445307 1.133478
v -0.060000 0.430000 1.135000
v -0.060000 0.414693 1.133478
v -0.060000 0.401716 1.129142
v -0.060000 0.393045 1.122654
v -0.065858 0.466955 1.122071
v -0.070824 0.458284 1.128066
v -0.074142 0.445307 1.132071
v -0.075307 0.430000 1.133478
v -0.074142 0.414693 1.132071
v -0.070824 0.401716 1.128066
v -0.065858 0.393045 1.122071
v -0.070824 0.466955 1.120412
v -0.080000 0.458284 1.125000
v -0.086131 0.445307 1.128066
v -0.088284 0.430000 1.129142
v -0.086131 0.414693 1.128066
v -0.080000 0.401716 1.125000
v -0.070824 0.393045 1.120412
v -0.074142 0.466955 1.117929
v -0.086131 0.458284 1.120412
v -0.094142 0.445307 1.122071
v -0.096955 0.430000 1.122654
v -0.094142 0.414693 1.122071
v -0.086131 0.401716 1.120412
v -0.074142 0.393045 1.117929
v -0.075307 0.466955 1.115000
v -0.088284 0.458284 1.115000
v -0.096955 0.445307 1.115000
v -0.100000 0.430000 1.115000
v -0.096955 0.414693 1.115000
v -0.088284 0.401716 1.115000
v -0.075307 0.393045 1.115000
v -0.074142 0.466955 1.112071
v -0.086131 0.458284 1.109588
v -0.094142 0.445307 1.107929
v -0.096955 0.430000 1.107346
v -0.094142 0.414693 1.107929
v -0.086131 0.401716 1.109588
v -0.074142 0.393045 1.112071
v -0.070824 0.466955 1.109588
v -0.080000 0.458284 1.105000
v -0.086131 0.445307 1.101934
v -0.088284 0.430000 1.100858
v -0.086131 0.414693 1.101934
v -0.080000 0.401716 1.105000
v -0.070824 0.393045 1.109588
v -0.065858 0.466955 1.107929
v -0.070824 0.458284 1.101934
v -0.074142 0.445307 1.097929
v -0.075307 0.430000 1.096522
v -0.074142 0.414693 1.097929
v -0.070824 0.401716 1.101934
v -0.065858 0.393045 1.107929
v -0.060000 0.466955 1.107346
v -0.060000 0.458284 1.100858
v -0.060000 0.401716 1.100858
vn -0.0000 1.0000 -0.0000
vn -0.0000 0.2078 -0.9782
vn -0.0000 -0.0000 -1.0000
vn -0.0000 -0.2078 -0.9782
vn -0.0000 -0.7858 -0.6185
vn -0.0000 -1.0000 -0.0000
vn 0.1205 0.7996 -0.5883
vn 0.1850 0.4818 -0.8565
vn 0.2075 0.2206 -0.9530
vn 0.2130 -0.0000 -0.9771
vn 0.2075 -0.2206 -0.9530
vn 0.1850 -0.4818 -0.8565
vn 0.1205 -0.7996 -0.5883
vn 0.2416 0.8364 -0.4919
vn 0.3884 0.5464 -0.7420
vn 0.4540 0.2620 -0.8516
vn 0.4719 -0.0000 -0.8816
vn 0.4540 -0.2620 -0.8516
vn 0.3884 -0.5464 -0.7420
vn 0.2417 -0.8364 -0.4919
vn 0.3589 0.8825 -0.3040
vn 0.6075 0.6362 -0.4756
vn 0.7542 0.3288 -0.5684
vn 0.8020 -0.0000 -0.5974
vn 0.7542 -0.3288 -0.5684
vn 0.6075 -0.6362 -0.4756
vn 0.3589 -0.8825 -0.3040
vn 0.4212 0.9070 -0.0000
vn 0.7289 0.6846 -0.0000
vn 0.9301 0.3673 -0.0000
vn 1.0000 -0.0000 -0.0000
vn 0.9301 -0.3673 -0.0000
vn 0.7289 -0.6846 -0.0000
vn 0.4212 -0.9070 -0.0000
vn 0.3589 0.8825 0.3040
vn 0.6075 0.6362 0.4756
vn 0.7542 0.3288 0.5684
vn 0.8020 -0.0000 0.5974
vn 0.7542 -0.3288 0.5684
vn 0.6075 -0.6362 0.4756
vn 0.3589 -0.8825 0.3040
vn 0.2416 0.8364 0.4919
vn 0.3884 0.5464 0.7420
vn 0.4540 0.2620 0.8516
vn 0.4719 -0.0000 0.8816
vn 0.4540 -0.2620 0.8516
vn 0.3884 -0.5464 0.7420
vn 0.2416 -0.8364 0.4919
vn 0.1205 0.7996 0.5883
vn 0.1850 0.4818 0.8565
vn 0.2075 0.2206 0.9530
vn 0.2130 -0.0000 0.9771
vn 0.2075 -0.2206 0.9530
vn 0.1850 -0.4818 0.8565
vn 0.1205 -0.7996 0.5883
vn -0.0000 0.7858 0.6185
vn -0.0000 0.4599 0.8880
vn -0.0000 0.2078 0.9782
vn -0.0000 -0.0000 1.0000
vn -0.0000 -0.2078 0.9782
vn -0.0000 -0.4599 0.8880
vn -0.0000 -0.7858 0.6185
vn -0.1205 0.7996 0.5883
vn -0.1850 0.4818 0.8565
vn -0.2075 0.2206 0.9530
vn -0.2130 -0.0000 0.9771
vn -0.2075 -0.2206 0.9530
vn -0.1850 -0.4818 0.8565
vn -0.1205 -0.7996 0.5884
vn -0.2416 0.8364 0.4919
vn -0.3884 0.5464 0.7420
vn -0.4540 0.2620 0.8516
vn -0.4719 -0.0000 0.8816
vn -0.4540 -0.2620 0.8516
vn -0.3884 -0.5464 0.7420
vn -0.2416 -0.8364 0.4919
vn -0.3589 0.8825 0.3040
vn -0.6075 0.6362 0.4756
vn -0.7542 0.3288 0.5684
vn -0.8020 -0.0000 0.5974
vn -0.7542 -0.3288 0.5684
vn -0.6075 -0.6362 0.4756
vn -0.3589 -0.8825 0.3040
vn -0.4212 0.9070 -0.0000
vn -0.7289 0.6846 -0.0000
vn -0.9301 0.3673 -0.0000
vn -1.0000 -0.0000 -0.0000
vn -0.9301 -0.3673 -0.0000
vn -0.7289 -0.6846 -0.0000
vn -0.4212 -0.9070 -0.0000
vn -0.3589 0.8825 -0.3040
vn -0.6075 0.6362 -0.4756
vn -0.7542 0.3288 -0.5684
vn -0.8020 -0.0000 -0.5974
vn -0.7542 -0.3288 -0.5684
vn -0.6075 -0.6362 -0.4756
vn -0.3589 -0.8825 -0.3040
vn -0.2417 0.8364 -0.4919
vn -0.3884 0.5464 -0.7420
vn -0.4540 0.2620 -0.8516
vn -0.4719 -0.0000 -0.8816
vn -0.4540 -0.2620 -0.8516
vn -0.3884 -0.5464 -0.7420
vn -0.2417 -0.8364 -0.4919
vn -0.1205 0.7996 -0.5884
vn -0.1850 0.4818 -0.8565
vn -0.2075 0.2206 -0.9530
vn -0.2130 -0.0000 -0.9771
vn -0.2075 -0.2206 -0.9530
vn -0.1850 -0.4818 -0.8565
vn -0.1205 -0.7996 -0.5884
vn -0.0000 0.7858 -0.6185
vn -0.0000 0.4599 -0.8880
vn -0.0000 -0.4599 -0.8880
s 1
usemtl bajak_hitam
f 1156//1124 1045//1013 1051//1019
f 1050//1018 1049//1017 1057//1025
f 1158//1126 1048//1016 1055//1023 1056//1024
f 1047//1015 1046//1014 1053//1021 1054//1022
f 1157//1125 1156//1124 1051//1019 1052//1020
f 1049//1017 1158//1126 1056//1024 1057//1025
f 1048//1016 1047//1015 1054//1022 1055//1023
f 1046//1014 1157//1125 1052//1020 1053//1021
f 1054//1022 1053//1021 1060//1028 1061//1029
f 1052//1020 1051//1019 1058//1026 1059//1027
f 1057//1025 1056//1024 1063//1031 1064//1032
f 1055//1023 1054//1022 1061//1029 1062//1030
f 1053//1021 1052//1020 1059//1027 1060//1028
f 1051//1019 1045//1013 1058//1026
f 1050//1018 1057//1025 1064//1032
f 1056//1024 1055//1023 1062//1030 1063//1031
f 1064//1032 1063//1031 1070//1038 1071//1039
f 1062//1030 1061//1029 1068//1036 1069//1037
f 1060//1028 1059//1027 1066//1034 1067//1035
f 1058//1026 1045//1013 1065//1033
f 1050//1018 1064//1032 1071//1039
f 1063//1031 1062//1030 1069//1037 1070//1038
f 1061//1029 1060//1028 1067//1035 1068//1036
f 1059//1027 1058//1026 1065//1033 1066//1034
f 1067//1035 1066//1034 1073//1041 1074//1042
f 1065//1033 1045//1013 1072//1040
f 1050//1018 1071//1039 1078//1046
f 1070//1038 1069//1037 1076//1044 1077//1045
f 1068//1036 1067//1035 1074//1042 1075//1043
f 1066//1034 1065//1033 1072//1040 1073//1041
f 1071//1039 1070//1038 1077//1045 1078//1046
f 1069//1037 1068//1036 1075//1043 1076//1044
f 1050//1018 1078//1046 1085//1053
f 1077//1045 1076//1044 1083//1051 1084//1052
f 1075//1043 1074//1042 1081//1049 1082//1050
f 1073//1041 1072//1040 1079//1047 1080//1048
f 1078//1046 1077//1045 1084//1052 1085//1053
f 1076//1044 1075//1043 1082//1050 1083//1051
f 1074//1042 1073//1041 1080//1048 1081//1049
f 1072//1040 1045//1013 1079//1047
f 1080//1048 1079//1047 1086//1054 1087//1055
f 1085//1053 1084//1052 1091//1059 1092//1060
f 1083//1051 1082//1050 1089//1057 1090//1058
f 1081//1049 1080//1048 1087//1055 1088//1056
f 1079//1047 1045//1013 1086//1054
f 1050//1018 1085//1053 1092//1060
f 1084//1052 1083//1051 1090//1058 1091//1059
f 1082//1050 1081//1049 1088//1056 1089//1057
f 1092//1060 1091//1059 1098//1066 1099//1067
f 1090//1058 1089//1057 1096//1064 1097//1065
f 1088//1056 1087//1055 1094//1062 1095//1063
f 1086//1054 1045//1013 1093//1061
f 1050//1018 1092//1060 1099//1067
f 1091//1059 1090//1058 1097//1065 1098//1066
f 1089//1057 1088//1056 1095//1063 1096//1064
f 1087//1055 1086//1054 1093//1061 1094//1062
f 1093//1061 1045//1013 1100//1068
f 1050//1018 1099//1067 1106//1074
f 1098//1066 1097//1065 1104//1072 1105//1073
f 1096//1064 1095//1063 1102//1070 1103//1071
f 1094//1062 1093//1061 1100//1068 1101//1069
f 1099//1067 1098//1066 1105//1073 1106//1074
f 1097//1065 1096//1064 1103//1071 1104//1072
f 1095//1063 1094//1062 1101//1069 1102//1070
f 1105//1073 1104//1072 1111//1079 1112//1080
f 1103//1071 1102//1070 1109//1077 1110//1078
f 1101//1069 1100//1068 1107//1075 1108//1076
f 1106//1074 1105//1073 1112//1080 1113//1081
f 1104//1072 1103//1071 1110//1078 1111//1079
f 1102//1070 1101//1069 1108//1076 1109//1077
f 1100//1068 1045//1013 1107//1075
f 1050//1018 1106//1074 1113//1081
f 1113//1081 1112//1080 1119//1087 1120//1088
f 1111//1079 1110//1078 1117//1085 1118//1086
f 1109//1077 1108//1076 1115//1083 1116//1084
f 1107//1075 1045//1013 1114//1082
f 1050//1018 1113//1081 1120//1088
f 1112//1080 1111//1079 1118//1086 1119//1087
f 1110//1078 1109//1077 1116//1084 1117//1085
f 1108//1076 1107//1075 1114//1082 1115//1083
f 1118//1086 1117//1085 1124//1092 1125//1093
f 1116//1084 1115//1083 1122//1090 1123//1091
f 1114//1082 1045//1013 1121//1089
f 1050//1018 1120//1088 1127//1095
f 1119//1087 1118//1086 1125//1093 1126//1094
f 1117//1085 1116//1084 1123//1091 1124//1092
f 1115//1083 1114//1082 1121//1089 1122//1090
f 1120//1088 1119//1087 1126//1094 1127//1095
f 1050//1018 1127//1095 1134//1102
f 1126//1094 1125//1093 1132//1100 1133//1101
f 1124//1092 1123//1091 1130//1098 1131//1099
f 1122//1090 1121//1089 1128//1096 1129//1097
f 1127//1095 1126//1094 1133//1101 1134//1102
f 1125//1093 1124//1092 1131//1099 1132//1100
f 1123//1091 1122//1090 1129//1097 1130//1098
f 1121//1089 1045//1013 1128//1096
f 1131//1099 1130//1098 1137//1105 1138//1106
f 1129//1097 1128//1096 1135//1103 1136//1104
f 1134//1102 1133//1101 1140//1108 1141//1109
f 1132//1100 1131//1099 1138//1106 1139//1107
f 1130//1098 1129//1097 1136//1104 1137//1105
f 1128//1096 1045//1013 1135//1103
f 1050//1018 1134//1102 1141//1109
f 1133//1101 1132//1100 1139//1107 1140//1108
f 1141//1109 1140//1108 1147//1115 1148//1116
f 1139//1107 1138//1106 1145//1113 1146//1114
f 1137//1105 1136//1104 1143//1111 1144//1112
f 1135//1103 1045//1013 1142//1110
f 1050//1018 1141//1109 1148//1116
f 1140//1108 1139//1107 1146//1114 1147//1115
f 1138//1106 1137//1105 1144//1112 1145//1113
f 1136//1104 1135//1103 1142//1110 1143//1111
f 1144//1112 1143//1111 1150//1118 1151//1119
f 1142//1110 1045//1013 1149//1117
f 1050//1018 1148//1116 1155//1123
f 1147//1115 1146//1114 1153//1121 1154//1122
f 1145//1113 1144//1112 1151//1119 1152//1120
f 1143//1111 1142//1110 1149//1117 1150//1118
f 1148//1116 1147//1115 1154//1122 1155//1123
f 1146//1114 1145//1113 1152//1120 1153//1121
f 1050//1018 1155//1123 1049//1017
f 1154//1122 1153//1121 1048//1016 1158//1126
f 1152//1120 1151//1119 1046//1014 1047//1015
f 1150//1118 1149//1117 1156//1124 1157//1125
f 1155//1123 1154//1122 1158//1126 1049//1017
f 1153//1121 1152//1120 1047//1015 1048//1016
f 1151//1119 1150//1118 1157//1125 1046//1014
f 1149//1117 1045//1013 1156//1124
o bajak_tulang.001
v -0.252597 0.221595 1.060000
v 0.227403 0.501594 1.060000
v -0.248907 0.215270 1.042322
v 0.231093 0.495270 1.042322
v -0.240000 0.200000 1.035000
v 0.240000 0.480000 1.035000
v -0.231093 0.184730 1.042322
v 0.248907 0.464730 1.042322
v -0.227403 0.178406 1.060000
v 0.252597 0.458405 1.060000
v -0.231093 0.184730 1.077678
v 0.248907 0.464730 1.077678
v -0.240000 0.200000 1.085000
v 0.240000 0.480000 1.085000
v -0.248907 0.215270 1.077678
v 0.231093 0.495270 1.077678
vn -0.9356 0.3531 -0.0000
vn 0.1532 0.9882 -0.0000
vn -0.8210 0.1566 -0.5490
vn 0.2678 0.7918 -0.5490
vn -0.5444 -0.3176 -0.7764
vn 0.5444 0.3176 -0.7764
vn -0.2678 -0.7918 -0.5490
vn 0.8210 -0.1566 -0.5490
vn -0.1532 -0.9882 -0.0000
vn 0.9356 -0.3531 -0.0000
vn -0.2678 -0.7918 0.5490
vn 0.8210 -0.1566 0.5490
vn -0.5444 -0.3176 0.7764
vn 0.5444 0.3176 0.7764
vn -0.8210 0.1566 0.5490
vn 0.2678 0.7918 0.5490
s 1
usemtl bajak_tulang
f 1159//1127 1160//1128 1162//1130 1161//1129
f 1161//1129 1162//1130 1164//1132 1163//1131
f 1163//1131 1164//1132 1166//1134 1165//1133
f 1165//1133 1166//1134 1168//1136 1167//1135
f 1167//1135 1168//1136 1170//1138 1169//1137
f 1169//1137 1170//1138 1172//1140 1171//1139
f 1162//1130 1160//1128 1174//1142 1172//1140 1170//1138 1168//1136 1166//1134 1164//1132
f 1171//1139 1172//1140 1174//1142 1173//1141
f 1173//1141 1174//1142 1160//1128 1159//1127
f 1159//1127 1161//1129 1163//1131 1165//1133 1167//1135 1169//1137 1171//1139 1173//1141
o bajak_mata.001
v 0.060000 0.470000 1.115000
v 0.060000 0.445307 1.096522
v 0.060000 0.430000 1.095000
v 0.060000 0.414693 1.096522
v 0.060000 0.393045 1.107346
v 0.060000 0.390000 1.115000
v 0.065858 0.466955 1.107929
v 0.070824 0.458284 1.101934
v 0.074142 0.445307 1.097929
v 0.075307 0.430000 1.096522
v 0.074142 0.414693 1.097929
v 0.070824 0.401716 1.101934
v 0.065858 0.393045 1.107929
v 0.070824 0.466955 1.109588
v 0.080000 0.458284 1.105000
v 0.086131 0.445307 1.101934
v 0.088284 0.430000 1.100858
v 0.086131 0.414693 1.101934
v 0.080000 0.401716 1.105000
v 0.070824 0.393045 1.109588
v 0.074142 0.466955 1.112071
v 0.086131 0.458284 1.109588
v 0.094142 0.445307 1.107929
v 0.096955 0.430000 1.107346
v 0.094142 0.414693 1.107929
v 0.086131 0.401716 1.109588
v 0.074142 0.393045 1.112071
v 0.075307 0.466955 1.115000
v 0.088284 0.458284 1.115000
v 0.096955 0.445307 1.115000
v 0.100000 0.430000 1.115000
v 0.096955 0.414693 1.115000
v 0.088284 0.401716 1.115000
v 0.075307 0.393045 1.115000
v 0.074142 0.466955 1.117929
v 0.086131 0.458284 1.120412
v 0.094142 0.445307 1.122071
v 0.096955 0.430000 1.122654
v 0.094142 0.414693 1.122071
v 0.086131 0.401716 1.120412
v 0.074142 0.393045 1.117929
v 0.070824 0.466955 1.120412
v 0.080000 0.458284 1.125000
v 0.086131 0.445307 1.128066
v 0.088284 0.430000 1.129142
v 0.086131 0.414693 1.128066
v 0.080000 0.401716 1.125000
v 0.070824 0.393045 1.120412
v 0.065858 0.466955 1.122071
v 0.070824 0.458284 1.128066
v 0.074142 0.445307 1.132071
v 0.075307 0.430000 1.133478
v 0.074142 0.414693 1.132071
v 0.070824 0.401716 1.128066
v 0.065858 0.393045 1.122071
v 0.060000 0.466955 1.122654
v 0.060000 0.458284 1.129142
v 0.060000 0.445307 1.133478
v 0.060000 0.430000 1.135000
v 0.060000 0.414693 1.133478
v 0.060000 0.401716 1.129142
v 0.060000 0.393045 1.122654
v 0.054142 0.466955 1.122071
v 0.049176 0.458284 1.128066
v 0.045858 0.445307 1.132071
v 0.044693 0.430000 1.133478
v 0.045858 0.414693 1.132071
v 0.049176 0.401716 1.128066
v 0.054142 0.393045 1.122071
v 0.049176 0.466955 1.120412
v 0.040000 0.458284 1.125000
v 0.033869 0.445307 1.128066
v 0.031716 0.430000 1.129142
v 0.033869 0.414693 1.128066
v 0.040000 0.401716 1.125000
v 0.049176 0.393045 1.120412
v 0.045858 0.466955 1.117929
v 0.033869 0.458284 1.120412
v 0.025858 0.445307 1.122071
v 0.023045 0.430000 1.122654
v 0.025858 0.414693 1.122071
v 0.033869 0.401716 1.120412
v 0.045858 0.393045 1.117929
v 0.044693 0.466955 1.115000
v 0.031716 0.458284 1.115000
v 0.023045 0.445307 1.115000
v 0.020000 0.430000 1.115000
v 0.023045 0.414693 1.115000
v 0.031716 0.401716 1.115000
v 0.044693 0.393045 1.115000
v 0.045858 0.466955 1.112071
v 0.033869 0.458284 1.109588
v 0.025858 0.445307 1.107929
v 0.023045 0.430000 1.107346
v 0.025858 0.414693 1.107929
v 0.033869 0.401716 1.109588
v 0.045858 0.393045 1.112071
v 0.049176 0.466955 1.109588
v 0.040000 0.458284 1.105000
v 0.033869 0.445307 1.101934
v 0.031716 0.430000 1.100858
v 0.033869 0.414693 1.101934
v 0.040000 0.401716 1.105000
v 0.049176 0.393045 1.109588
v 0.054142 0.466955 1.107929
v 0.049176 0.458284 1.101934
v 0.045858 0.445307 1.097929
v 0.044693 0.430000 1.096522
v 0.045858 0.414693 1.097929
v 0.049176 0.401716 1.101934
v 0.054142 0.393045 1.107929
v 0.060000 0.466955 1.107346
v 0.060000 0.458284 1.100858
v 0.060000 0.401716 1.100858
vn -0.0000 1.0000 -0.0000
vn -0.0000 0.2078 -0.9782
vn -0.0000 -0.0000 -1.0000
vn -0.0000 -0.2078 -0.9782
vn -0.0000 -0.7858 -0.6185
vn -0.0000 -1.0000 -0.0000
vn 0.1205 0.7996 -0.5883
vn 0.1850 0.4818 -0.8565
vn 0.2075 0.2206 -0.9530
vn 0.2130 -0.0000 -0.9771
vn 0.2075 -0.2206 -0.9530
vn 0.1850 -0.4818 -0.8565
vn 0.1205 -0.7996 -0.5883
vn 0.2417 0.8364 -0.4919
vn 0.3884 0.5464 -0.7420
vn 0.4540 0.2620 -0.8516
vn 0.4719 -0.0000 -0.8816
vn 0.4540 -0.2620 -0.8516
vn 0.3884 -0.5464 -0.7420
vn 0.2417 -0.8364 -0.4919
vn 0.3589 0.8825 -0.3040
vn 0.6075 0.6362 -0.4756
vn 0.7542 0.3288 -0.5684
vn 0.8020 -0.0000 -0.5974
vn 0.7542 -0.3288 -0.5684
vn 0.6075 -0.6362 -0.4756
vn 0.3589 -0.8825 -0.3040
vn 0.4212 0.9070 -0.0000
vn 0.7289 0.6846 -0.0000
vn 0.9301 0.3673 -0.0000
vn 1.0000 -0.0000 -0.0000
vn 0.9301 -0.3673 -0.0000
vn 0.7289 -0.6846 -0.0000
vn 0.4212 -0.9070 -0.0000
vn 0.3589 0.8825 0.3040
vn 0.6075 0.6362 0.4756
vn 0.7542 0.3288 0.5684
vn 0.8020 -0.0000 0.5974
vn 0.7542 -0.3288 0.5684
vn 0.6075 -0.6362 0.4756
vn 0.3589 -0.8825 0.3040
vn 0.2416 0.8364 0.4919
vn 0.3884 0.5464 0.7420
vn 0.4540 0.2620 0.8516
vn 0.4719 -0.0000 0.8816
vn 0.4540 -0.2620 0.8516
vn 0.3884 -0.5464 0.7420
vn 0.2416 -0.8364 0.4919
vn 0.1205 0.7996 0.5883
vn 0.1850 0.4818 0.8565
vn 0.2075 0.2206 0.9530
vn 0.2130 -0.0000 0.9771
vn 0.2075 -0.2206 0.9530
vn 0.1850 -0.4818 0.8565
vn 0.1205 -0.7996 0.5883
vn -0.0000 0.7858 0.6185
vn -0.0000 0.4599 0.8880
vn -0.0000 0.2078 0.9782
vn -0.0000 -0.0000 1.0000
vn -0.0000 -0.2078 0.9782
vn -0.0000 -0.4599 0.8880
vn -0.0000 -0.7858 0.6185
vn -0.1205 0.7996 0.5883
vn -0.1850 0.4818 0.8565
vn -0.2075 0.2206 0.9530
vn -0.2130 -0.0000 0.9771
vn -0.2075 -0.2206 0.9530
vn -0.1850 -0.4818 0.8565
vn -0.1205 -0.7996 0.5884
vn -0.2417 0.8364 0.4919
vn -0.3884 0.5464 0.7420
vn -0.4540 0.2620 0.8516
vn -0.4719 -0.0000 0.8816
vn -0.4540 -0.2620 0.8516
vn -0.3884 -0.5464 0.7420
vn -0.2416 -0.8364 0.4919
vn -0.3589 0.8825 0.3040
vn -0.6075 0.6362 0.4756
vn -0.7542 0.3288 0.5684
vn -0.8020 -0.0000 0.5974
vn -0.7542 -0.3288 0.5684
vn -0.6075 -0.6362 0.4756
vn -0.3589 -0.8825 0.3040
vn -0.4212 0.9070 -0.0000
vn -0.7289 0.6846 -0.0000
vn -0.9301 0.3673 -0.0000
vn -1.0000 -0.0000 -0.0000
vn -0.9301 -0.3673 -0.0000
vn -0.7289 -0.6846 -0.0000
vn -0.4212 -0.9070 -0.0000
vn -0.3589 0.8825 -0.3040
vn -0.6075 0.6362 -0.4756
vn -0.7542 0.3288 -0.5684
vn -0.8020 -0.0000 -0.5974
vn -0.7542 -0.3288 -0.5684
vn -0.6075 -0.6362 -0.4756
vn -0.3589 -0.8825 -0.3040
vn -0.2417 0.8364 -0.4919
vn -0.3884 0.5464 -0.7420
vn -0.4540 0.2620 -0.8516
vn -0.4719 -0.0000 -0.8816
vn -0.4540 -0.2620 -0.8516
vn -0.3884 -0.5464 -0.7420
vn -0.2417 -0.8364 -0.4919
vn -0.1205 0.7996 -0.5884
vn -0.1850 0.4818 -0.8565
vn -0.2075 0.2206 -0.9530
vn -0.2130 -0.0000 -0.9771
vn -0.2075 -0.2206 -0.9530
vn -0.1850 -0.4818 -0.8565
vn -0.1205 -0.7996 -0.5884
vn -0.0000 0.7858 -0.6185
vn -0.0000 0.4599 -0.8880
vn -0.0000 -0.4599 -0.8880
s 1
usemtl bajak_hitam
f 1176//1144 1287//1255 1182//1150 1183//1151
f 1286//1254 1175//1143 1181//1149
f 1180//1148 1179//1147 1187//1155
f 1288//1256 1178//1146 1185//1153 1186//1154
f 1177//1145 1176//1144 1183//1151 1184//1152
f 1287//1255 1286//1254 1181//1149 1182//1150
f 1179//1147 1288//1256 1186//1154 1187//1155
f 1178//1146 1177//1145 1184//1152 1185//1153
f 1186//1154 1185//1153 1192//1160 1193//1161
f 1184//1152 1183//1151 1190//1158 1191//1159
f 1182//1150 1181//1149 1188//1156 1189//1157
f 1187//1155 1186//1154 1193//1161 1194//1162
f 1185//1153 1184//1152 1191//1159 1192//1160
f 1183//1151 1182//1150 1189//1157 1190//1158
f 1181//1149 1175//1143 1188//1156
f 1180//1148 1187//1155 1194//1162
f 1194//1162 1193//1161 1200//1168 1201//1169
f 1192//1160 1191//1159 1198//1166 1199//1167
f 1190//1158 1189//1157 1196//1164 1197//1165
f 1188//1156 1175//1143 1195//1163
f 1180//1148 1194//1162 1201//1169
f 1193//1161 1192//1160 1199//1167 1200//1168
f 1191//1159 1190//1158 1197//1165 1198//1166
f 1189//1157 1188//1156 1195//1163 1196//1164
f 1199//1167 1198//1166 1205//1173 1206//1174
f 1197//1165 1196//1164 1203//1171 1204//1172
f 1195//1163 1175//1143 1202//1170
f 1180//1148 1201//1169 1208//1176
f 1200//1168 1199//1167 1206//1174 1207//1175
f 1198//1166 1197//1165 1204//1172 1205//1173
f 1196//1164 1195//1163 1202//1170 1203//1171
f 1201//1169 1200//1168 1207//1175 1208//1176
f 1180//1148 1208//1176 1215//1183
f 1207//1175 1206//1174 1213//1181 1214//1182
f 1205//1173 1204//1172 1211//1179 1212//1180
f 1203//1171 1202//1170 1209//1177 1210//1178
f 1208//1176 1207//1175 1214//1182 1215//1183
f 1206//1174 1205//1173 1212//1180 1213//1181
f 1204//1172 1203//1171 1210//1178 1211//1179
f 1202//1170 1175//1143 1209//1177
f 1212//1180 1211//1179 1218//1186 1219//1187
f 1210//1178 1209//1177 1216//1184 1217//1185
f 1215//1183 1214//1182 1221//1189 1222//1190
f 1213//1181 1212//1180 1219//1187 1220//1188
f 1211//1179 1210//1178 1217//1185 1218//1186
f 1209//1177 1175//1143 1216//1184
f 1180//1148 1215//1183 1222//1190
f 1214//1182 1213//1181 1220//1188 1221//1189
f 1222//1190 1221//1189 1228//1196 1229//1197
f 1220//1188 1219//1187 1226//1194 1227//1195
f 1218//1186 1217//1185 1224//1192 1225//1193
f 1216//1184 1175//1143 1223//1191
f 1180//1148 1222//1190 1229//1197
f 1221//1189 1220//1188 1227//1195 1228//1196
f 1219//1187 1218//1186 1225//1193 1226//1194
f 1217//1185 1216//1184 1223//1191 1224//1192
f 1225//1193 1224//1192 1231//1199 1232//1200
f 1223//1191 1175//1143 1230//1198
f 1180//1148 1229//1197 1236//1204
f 1228//1196 1227//1195 1234//1202 1235//1203
f 1226//1194 1225//1193 1232//1200 1233//1201
f 1224//1192 1223//1191 1230//1198 1231//1199
f 1229//1197 1228//1196 1235//1203 1236//1204
f 1227//1195 1226//1194 1233//1201 1234//1202
f 1180//1148 1236//1204 1243//1211
f 1235//1203 1234//1202 1241//1209 1242//1210
f 1233//1201 1232//1200 1239//1207 1240//1208
f 1231//1199 1230//1198 1237//1205 1238//1206
f 1236//1204 1235//1203 1242//1210 1243//1211
f 1234//1202 1233//1201 1240//1208 1241//1209
f 1232//1200 1231//1199 1238//1206 1239//1207
f 1230//1198 1175//1143 1237//1205
f 1238//1206 1237//1205 1244//1212 1245//1213
f 1243//1211 1242//1210 1249//1217 1250//1218
f 1241//1209 1240//1208 1247//1215 1248//1216
f 1239//1207 1238//1206 1245//1213 1246//1214
f 1237//1205 1175//1143 1244//1212
f 1180//1148 1243//1211 1250//1218
f 1242//1210 1241//1209 1248//1216 1249//1217
f 1240//1208 1239//1207 1246//1214 1247//1215
f 1250//1218 1249//1217 1256//1224 1257//1225
f 1248//1216 1247//1215 1254//1222 1255//1223
f 1246//1214 1245//1213 1252//1220 1253//1221
f 1244//1212 1175//1143 1251//1219
f 1180//1148 1250//1218 1257//1225
f 1249//1217 1248//1216 1255//1223 1256//1224
f 1247//1215 1246//1214 1253//1221 1254//1222
f 1245//1213 1244//1212 1251//1219 1252//1220
f 1251//1219 1175//1143 1258//1226
f 1180//1148 1257//1225 1264//1232
f 1256//1224 1255//1223 1262//1230 1263//1231
f 1254//1222 1253//1221 1260//1228 1261//1229
f 1252//1220 1251//1219 1258//1226 1259//1227
f 1257//1225 1256//1224 1263//1231 1264//1232
f 1255//1223 1254//1222 1261//1229 1262//1230
f 1253//1221 1252//1220 1259//1227 1260//1228
f 1263//1231 1262//1230 1269//1237 1270//1238
f 1261//1229 1260//1228 1267//1235 1268//1236
f 1259//1227 1258//1226 1265//1233 1266//1234
f 1264//1232 1263//1231 1270//1238 1271//1239
f 1262//1230 1261//1229 1268//1236 1269//1237
f 1260//1228 1259//1227 1266//1234 1267//1235
f 1258//1226 1175//1143 1265//1233
f 1180//1148 1264//1232 1271//1239
f 1271//1239 1270//1238 1277//1245 1278//1246
f 1269//1237 1268//1236 1275//1243 1276//1244
f 1267//1235 1266//1234 1273//1241 1274//1242
f 1265//1233 1175//1143 1272//1240
f 1180//1148 1271//1239 1278//1246
f 1270//1238 1269//1237 1276//1244 1277//1245
f 1268//1236 1267//1235 1274//1242 1275//1243
f 1266//1234 1265//1233 1272//1240 1273//1241
f 1276//1244 1275//1243 1282//1250 1283//1251
f 1274//1242 1273//1241 1280//1248 1281//1249
f 1272//1240 1175//1143 1279//1247
f 1180//1148 1278//1246 1285//1253
f 1277//1245 1276//1244 1283//1251 1284//1252
f 1275//1243 1274//1242 1281//1249 1282//1250
f 1273//1241 1272//1240 1279//1247 1280//1248
f 1278//1246 1277//1245 1284//1252 1285//1253
f 1180//1148 1285//1253 1179//1147
f 1284//1252 1283//1251 1178//1146 1288//1256
f 1282//1250 1281//1249 1176//1144 1177//1145
f 1280//1248 1279//1247 1286//1254 1287//1255
f 1285//1253 1284//1252 1288//1256 1179//1147
f 1283//1251 1282//1250 1177//1145 1178//1146
f 1281//1249 1280//1248 1287//1255 1176//1144
f 1279//1247 1175//1143 1286//1254
