# Blender 5.1.1
# www.blender.org
o rak_buku
v -0.013000 -1.000000 0.198000
v -0.013000 -0.988000 0.210000
v -0.025000 -0.988000 0.198000
v -0.013000 0.988000 0.210000
v -0.013000 1.000000 0.198000
v -0.025000 0.988000 0.198000
v -0.013000 -1.000000 -0.198000
v -0.025000 -0.988000 -0.198000
v -0.013000 -0.988000 -0.210000
v -0.013000 1.000000 -0.198000
v -0.013000 0.988000 -0.210000
v -0.025000 0.988000 -0.198000
v 0.013000 -1.000000 0.198000
v 0.025000 -0.988000 0.198000
v 0.013000 -0.988000 0.210000
v 0.013000 1.000000 0.198000
v 0.013000 0.988000 0.210000
v 0.025000 0.988000 0.198000
v 0.013000 -1.000000 -0.198000
v 0.013000 -0.988000 -0.210000
v 0.025000 -0.988000 -0.198000
v 0.013000 1.000000 -0.198000
v 0.025000 0.988000 -0.198000
v 0.013000 0.988000 -0.210000
v 1.537000 -1.000000 0.198000
v 1.537000 -0.988000 0.210000
v 1.525000 -0.988000 0.198000
v 1.537000 0.988000 0.210000
v 1.537000 1.000000 0.198000
v 1.525000 0.988000 0.198000
v 1.537000 -1.000000 -0.198000
v 1.525000 -0.988000 -0.198000
v 1.537000 -0.988000 -0.210000
v 1.537000 1.000000 -0.198000
v 1.537000 0.988000 -0.210000
v 1.525000 0.988000 -0.198000
v 1.563000 -1.000000 0.198000
v 1.575000 -0.988000 0.198000
v 1.563000 -0.988000 0.210000
v 1.563000 1.000000 0.198000
v 1.563000 0.988000 0.210000
v 1.575000 0.988000 0.198000
v 1.563000 -1.000000 -0.198000
v 1.563000 -0.988000 -0.210000
v 1.575000 -0.988000 -0.198000
v 1.563000 1.000000 -0.198000
v 1.575000 0.988000 -0.198000
v 1.563000 0.988000 -0.210000
v -0.016000 -1.000000 -0.189000
v -0.016000 -0.991000 -0.180000
v -0.025000 -0.991000 -0.189000
v -0.016000 0.991000 -0.180000
v -0.016000 1.000000 -0.189000
v -0.025000 0.991000 -0.189000
v -0.016000 -1.000000 -0.201000
v -0.025000 -0.991000 -0.201000
v -0.016000 -0.991000 -0.210000
v -0.016000 1.000000 -0.201000
v -0.016000 0.991000 -0.210000
v -0.025000 0.991000 -0.201000
v 1.566000 -1.000000 -0.189000
v 1.575000 -0.991000 -0.189000
v 1.566000 -0.991000 -0.180000
v 1.566000 1.000000 -0.189000
v 1.566000 0.991000 -0.180000
v 1.575000 0.991000 -0.189000
v 1.566000 -1.000000 -0.201000
v 1.566000 -0.991000 -0.210000
v 1.575000 -0.991000 -0.201000
v 1.566000 1.000000 -0.201000
v 1.575000 0.991000 -0.201000
v 1.566000 0.991000 -0.210000
v -0.043000 1.000000 0.218000
v -0.043000 1.012000 0.230000
v -0.055000 1.012000 0.218000
v -0.043000 1.038000 0.230000
v -0.043000 1.050000 0.218000
v -0.055000 1.038000 0.218000
v -0.043000 1.000000 -0.218000
v -0.055000 1.012000 -0.218000
v -0.043000 1.012000 -0.230000
v -0.043000 1.050000 -0.218000
v -0.043000 1.038000 -0.230000
v -0.055000 1.038000 -0.218000
v 1.593000 1.000000 0.218000
v 1.605000 1.012000 0.218000
v 1.593000 1.012000 0.230000
v 1.593000 1.050000 0.218000
v 1.593000 1.038000 0.230000
v 1.605000 1.038000 0.218000
v 1.593000 1.000000 -0.218000
v 1.593000 1.012000 -0.230000
v 1.605000 1.012000 -0.218000
v 1.593000 1.050000 -0.218000
v 1.605000 1.038000 -0.218000
v 1.593000 1.038000 -0.230000
v 0.034000 -0.950000 0.201000
v 0.034000 -0.941000 0.210000
v 0.025000 -0.941000 0.201000
v 0.034000 -0.929000 0.210000
v 0.034000 -0.920000 0.201000
v 0.025000 -0.929000 0.201000
v 0.034000 -0.950000 -0.171000
v 0.025000 -0.941000 -0.171000
v 0.034000 -0.941000 -0.180000
v 0.034000 -0.920000 -0.171000
v 0.034000 -0.929000 -0.180000
v 0.025000 -0.929000 -0.171000
v 1.516000 -0.950000 0.201000
v 1.525000 -0.941000 0.201000
v 1.516000 -0.941000 0.210000
v 1.516000 -0.920000 0.201000
v 1.516000 -0.929000 0.210000
v 1.525000 -0.929000 0.201000
v 1.516000 -0.950000 -0.171000
v 1.516000 -0.941000 -0.180000
v 1.525000 -0.941000 -0.171000
v 1.516000 -0.920000 -0.171000
v 1.525000 -0.929000 -0.171000
v 1.516000 -0.929000 -0.180000
v 0.081000 -0.920000 0.154000
v 0.081000 -0.914000 0.160000
v 0.075000 -0.914000 0.154000
v 0.081000 -0.686000 0.160000
v 0.081000 -0.680000 0.154000
v 0.075000 -0.686000 0.154000
v 0.081000 -0.920000 -0.094000
v 0.075000 -0.914000 -0.094000
v 0.081000 -0.914000 -0.100000
v 0.081000 -0.680000 -0.094000
v 0.081000 -0.686000 -0.100000
v 0.075000 -0.686000 -0.094000
v 0.119000 -0.920000 0.154000
v 0.125000 -0.914000 0.154000
v 0.119000 -0.914000 0.160000
v 0.119000 -0.680000 0.154000
v 0.119000 -0.686000 0.160000
v 0.125000 -0.686000 0.154000
v 0.119000 -0.920000 -0.094000
v 0.119000 -0.914000 -0.100000
v 0.125000 -0.914000 -0.094000
v 0.119000 -0.680000 -0.094000
v 0.125000 -0.686000 -0.094000
v 0.119000 -0.686000 -0.100000
v 0.139000 -0.920000 0.154000
v 0.139000 -0.914000 0.160000
v 0.133000 -0.914000 0.154000
v 0.139000 -0.661000 0.160000
v 0.139000 -0.655000 0.154000
v 0.133000 -0.661000 0.154000
v 0.139000 -0.920000 -0.094000
v 0.133000 -0.914000 -0.094000
v 0.139000 -0.914000 -0.100000
v 0.139000 -0.655000 -0.094000
v 0.139000 -0.661000 -0.100000
v 0.133000 -0.661000 -0.094000
v 0.201000 -0.920000 0.154000
v 0.207000 -0.914000 0.154000
v 0.201000 -0.914000 0.160000
v 0.201000 -0.655000 0.154000
v 0.201000 -0.661000 0.160000
v 0.207000 -0.661000 0.154000
v 0.201000 -0.920000 -0.094000
v 0.201000 -0.914000 -0.100000
v 0.207000 -0.914000 -0.094000
v 0.201000 -0.655000 -0.094000
v 0.207000 -0.661000 -0.094000
v 0.201000 -0.661000 -0.100000
v 0.221000 -0.920000 0.154000
v 0.221000 -0.914000 0.160000
v 0.215000 -0.914000 0.154000
v 0.221000 -0.636000 0.160000
v 0.221000 -0.630000 0.154000
v 0.215000 -0.636000 0.154000
v 0.221000 -0.920000 -0.094000
v 0.215000 -0.914000 -0.094000
v 0.221000 -0.914000 -0.100000
v 0.221000 -0.630000 -0.094000
v 0.221000 -0.636000 -0.100000
v 0.215000 -0.636000 -0.094000
v 0.307000 -0.920000 0.154000
v 0.313000 -0.914000 0.154000
v 0.307000 -0.914000 0.160000
v 0.307000 -0.630000 0.154000
v 0.307000 -0.636000 0.160000
v 0.313000 -0.636000 0.154000
v 0.307000 -0.920000 -0.094000
v 0.307000 -0.914000 -0.100000
v 0.313000 -0.914000 -0.094000
v 0.307000 -0.630000 -0.094000
v 0.313000 -0.636000 -0.094000
v 0.307000 -0.636000 -0.100000
v 0.327000 -0.920000 0.154000
v 0.327000 -0.914000 0.160000
v 0.321000 -0.914000 0.154000
v 0.327000 -0.611000 0.160000
v 0.327000 -0.605000 0.154000
v 0.321000 -0.611000 0.154000
v 0.327000 -0.920000 -0.094000
v 0.321000 -0.914000 -0.094000
v 0.327000 -0.914000 -0.100000
v 0.327000 -0.605000 -0.094000
v 0.327000 -0.611000 -0.100000
v 0.321000 -0.611000 -0.094000
v 0.377000 -0.920000 0.154000
v 0.383000 -0.914000 0.154000
v 0.377000 -0.914000 0.160000
v 0.377000 -0.605000 0.154000
v 0.377000 -0.611000 0.160000
v 0.383000 -0.611000 0.154000
v 0.377000 -0.920000 -0.094000
v 0.377000 -0.914000 -0.100000
v 0.383000 -0.914000 -0.094000
v 0.377000 -0.605000 -0.094000
v 0.383000 -0.611000 -0.094000
v 0.377000 -0.611000 -0.100000
v 0.376114 -0.911437 0.154000
v 0.377188 -0.905534 0.160000
v 0.371285 -0.904460 0.154000
v 0.418007 -0.681218 0.160000
v 0.419081 -0.675315 0.154000
v 0.412104 -0.680144 0.154000
v 0.376114 -0.911437 -0.094000
v 0.371285 -0.904460 -0.094000
v 0.377188 -0.905534 -0.100000
v 0.419081 -0.675315 -0.094000
v 0.418007 -0.681218 -0.100000
v 0.412104 -0.680144 -0.094000
v 0.448919 -0.924685 0.154000
v 0.455896 -0.919856 0.154000
v 0.449993 -0.918782 0.160000
v 0.491886 -0.688563 0.154000
v 0.490812 -0.694466 0.160000
v 0.496715 -0.695540 0.154000
v 0.448919 -0.924685 -0.094000
v 0.449993 -0.918782 -0.100000
v 0.455896 -0.919856 -0.094000
v 0.491886 -0.688563 -0.094000
v 0.496715 -0.695540 -0.094000
v 0.490812 -0.694466 -0.100000
v 0.491000 -0.920000 0.154000
v 0.491000 -0.914000 0.160000
v 0.485000 -0.914000 0.154000
v 0.491000 -0.661000 0.160000
v 0.491000 -0.655000 0.154000
v 0.485000 -0.661000 0.154000
v 0.491000 -0.920000 -0.094000
v 0.485000 -0.914000 -0.094000
v 0.491000 -0.914000 -0.100000
v 0.491000 -0.655000 -0.094000
v 0.491000 -0.661000 -0.100000
v 0.485000 -0.661000 -0.094000
v 0.529000 -0.920000 0.154000
v 0.535000 -0.914000 0.154000
v 0.529000 -0.914000 0.160000
v 0.529000 -0.655000 0.154000
v 0.529000 -0.661000 0.160000
v 0.535000 -0.661000 0.154000
v 0.529000 -0.920000 -0.094000
v 0.529000 -0.914000 -0.100000
v 0.535000 -0.914000 -0.094000
v 0.529000 -0.655000 -0.094000
v 0.535000 -0.661000 -0.094000
v 0.529000 -0.661000 -0.100000
v 0.669000 -0.920000 0.154000
v 0.669000 -0.914000 0.160000
v 0.663000 -0.914000 0.154000
v 0.669000 -0.636000 0.160000
v 0.669000 -0.630000 0.154000
v 0.663000 -0.636000 0.154000
v 0.669000 -0.920000 -0.094000
v 0.663000 -0.914000 -0.094000
v 0.669000 -0.914000 -0.100000
v 0.669000 -0.630000 -0.094000
v 0.669000 -0.636000 -0.100000
v 0.663000 -0.636000 -0.094000
v 0.731000 -0.920000 0.154000
v 0.737000 -0.914000 0.154000
v 0.731000 -0.914000 0.160000
v 0.731000 -0.630000 0.154000
v 0.731000 -0.636000 0.160000
v 0.737000 -0.636000 0.154000
v 0.731000 -0.920000 -0.094000
v 0.731000 -0.914000 -0.100000
v 0.737000 -0.914000 -0.094000
v 0.731000 -0.630000 -0.094000
v 0.737000 -0.636000 -0.094000
v 0.731000 -0.636000 -0.100000
v 0.751000 -0.920000 0.154000
v 0.751000 -0.914000 0.160000
v 0.745000 -0.914000 0.154000
v 0.751000 -0.611000 0.160000
v 0.751000 -0.605000 0.154000
v 0.745000 -0.611000 0.154000
v 0.751000 -0.920000 -0.094000
v 0.745000 -0.914000 -0.094000
v 0.751000 -0.914000 -0.100000
v 0.751000 -0.605000 -0.094000
v 0.751000 -0.611000 -0.100000
v 0.745000 -0.611000 -0.094000
v 0.837000 -0.920000 0.154000
v 0.843000 -0.914000 0.154000
v 0.837000 -0.914000 0.160000
v 0.837000 -0.605000 0.154000
v 0.837000 -0.611000 0.160000
v 0.843000 -0.611000 0.154000
v 0.837000 -0.920000 -0.094000
v 0.837000 -0.914000 -0.100000
v 0.843000 -0.914000 -0.094000
v 0.837000 -0.605000 -0.094000
v 0.843000 -0.611000 -0.094000
v 0.837000 -0.611000 -0.100000
v 0.857000 -0.920000 0.154000
v 0.857000 -0.914000 0.160000
v 0.851000 -0.914000 0.154000
v 0.857000 -0.686000 0.160000
v 0.857000 -0.680000 0.154000
v 0.851000 -0.686000 0.154000
v 0.857000 -0.920000 -0.094000
v 0.851000 -0.914000 -0.094000
v 0.857000 -0.914000 -0.100000
v 0.857000 -0.680000 -0.094000
v 0.857000 -0.686000 -0.100000
v 0.851000 -0.686000 -0.094000
v 0.907000 -0.920000 0.154000
v 0.913000 -0.914000 0.154000
v 0.907000 -0.914000 0.160000
v 0.907000 -0.680000 0.154000
v 0.907000 -0.686000 0.160000
v 0.913000 -0.686000 0.154000
v 0.907000 -0.920000 -0.094000
v 0.907000 -0.914000 -0.100000
v 0.913000 -0.914000 -0.094000
v 0.907000 -0.680000 -0.094000
v 0.913000 -0.686000 -0.094000
v 0.907000 -0.686000 -0.100000
v 0.927000 -0.920000 0.154000
v 0.927000 -0.914000 0.160000
v 0.921000 -0.914000 0.154000
v 0.927000 -0.661000 0.160000
v 0.927000 -0.655000 0.154000
v 0.921000 -0.661000 0.154000
v 0.927000 -0.920000 -0.094000
v 0.921000 -0.914000 -0.094000
v 0.927000 -0.914000 -0.100000
v 0.927000 -0.655000 -0.094000
v 0.927000 -0.661000 -0.100000
v 0.921000 -0.661000 -0.094000
v 1.001000 -0.920000 0.154000
v 1.007000 -0.914000 0.154000
v 1.001000 -0.914000 0.160000
v 1.001000 -0.655000 0.154000
v 1.001000 -0.661000 0.160000
v 1.007000 -0.661000 0.154000
v 1.001000 -0.920000 -0.094000
v 1.001000 -0.914000 -0.100000
v 1.007000 -0.914000 -0.094000
v 1.001000 -0.655000 -0.094000
v 1.007000 -0.661000 -0.094000
v 1.001000 -0.661000 -0.100000
v 1.021000 -0.920000 0.154000
v 1.021000 -0.914000 0.160000
v 1.015000 -0.914000 0.154000
v 1.021000 -0.636000 0.160000
v 1.021000 -0.630000 0.154000
v 1.015000 -0.636000 0.154000
v 1.021000 -0.920000 -0.094000
v 1.015000 -0.914000 -0.094000
v 1.021000 -0.914000 -0.100000
v 1.021000 -0.630000 -0.094000
v 1.021000 -0.636000 -0.100000
v 1.015000 -0.636000 -0.094000
v 1.059000 -0.920000 0.154000
v 1.065000 -0.914000 0.154000
v 1.059000 -0.914000 0.160000
v 1.059000 -0.630000 0.154000
v 1.059000 -0.636000 0.160000
v 1.065000 -0.636000 0.154000
v 1.059000 -0.920000 -0.094000
v 1.059000 -0.914000 -0.100000
v 1.065000 -0.914000 -0.094000
v 1.059000 -0.630000 -0.094000
v 1.065000 -0.636000 -0.094000
v 1.059000 -0.636000 -0.100000
v 1.079000 -0.920000 0.154000
v 1.079000 -0.914000 0.160000
v 1.073000 -0.914000 0.154000
v 1.079000 -0.611000 0.160000
v 1.079000 -0.605000 0.154000
v 1.073000 -0.611000 0.154000
v 1.079000 -0.920000 -0.094000
v 1.073000 -0.914000 -0.094000
v 1.079000 -0.914000 -0.100000
v 1.079000 -0.605000 -0.094000
v 1.079000 -0.611000 -0.100000
v 1.073000 -0.611000 -0.094000
v 1.141000 -0.920000 0.154000
v 1.147000 -0.914000 0.154000
v 1.141000 -0.914000 0.160000
v 1.141000 -0.605000 0.154000
v 1.141000 -0.611000 0.160000
v 1.147000 -0.611000 0.154000
v 1.141000 -0.920000 -0.094000
v 1.141000 -0.914000 -0.100000
v 1.147000 -0.914000 -0.094000
v 1.141000 -0.605000 -0.094000
v 1.147000 -0.611000 -0.094000
v 1.141000 -0.611000 -0.100000
v 1.161000 -0.920000 0.154000
v 1.161000 -0.914000 0.160000
v 1.155000 -0.914000 0.154000
v 1.161000 -0.686000 0.160000
v 1.161000 -0.680000 0.154000
v 1.155000 -0.686000 0.154000
v 1.161000 -0.920000 -0.094000
v 1.155000 -0.914000 -0.094000
v 1.161000 -0.914000 -0.100000
v 1.161000 -0.680000 -0.094000
v 1.161000 -0.686000 -0.100000
v 1.155000 -0.686000 -0.094000
v 1.247000 -0.920000 0.154000
v 1.253000 -0.914000 0.154000
v 1.247000 -0.914000 0.160000
v 1.247000 -0.680000 0.154000
v 1.247000 -0.686000 0.160000
v 1.253000 -0.686000 0.154000
v 1.247000 -0.920000 -0.094000
v 1.247000 -0.914000 -0.100000
v 1.253000 -0.914000 -0.094000
v 1.247000 -0.680000 -0.094000
v 1.253000 -0.686000 -0.094000
v 1.247000 -0.686000 -0.100000
v 1.363682 -0.913384 0.154000
v 1.364757 -0.907480 0.160000
v 1.358854 -0.906406 0.154000
v 1.410051 -0.658568 0.160000
v 1.411125 -0.652665 0.154000
v 1.404148 -0.657494 0.154000
v 1.363682 -0.913384 -0.094000
v 1.358854 -0.906406 -0.094000
v 1.364757 -0.907480 -0.100000
v 1.411125 -0.652665 -0.094000
v 1.410051 -0.658568 -0.100000
v 1.404148 -0.657494 -0.094000
v 1.412875 -0.922335 0.154000
v 1.419852 -0.917506 0.154000
v 1.413949 -0.916432 0.160000
v 1.460317 -0.661617 0.154000
v 1.459243 -0.667520 0.160000
v 1.465146 -0.668594 0.154000
v 1.412875 -0.922335 -0.094000
v 1.413949 -0.916432 -0.100000
v 1.419852 -0.917506 -0.094000
v 1.460317 -0.661617 -0.094000
v 1.465146 -0.668594 -0.094000
v 1.459243 -0.667520 -0.100000
v 0.034000 -0.550000 0.201000
v 0.034000 -0.541000 0.210000
v 0.025000 -0.541000 0.201000
v 0.034000 -0.529000 0.210000
v 0.034000 -0.520000 0.201000
v 0.025000 -0.529000 0.201000
v 0.034000 -0.550000 -0.171000
v 0.025000 -0.541000 -0.171000
v 0.034000 -0.541000 -0.180000
v 0.034000 -0.520000 -0.171000
v 0.034000 -0.529000 -0.180000
v 0.025000 -0.529000 -0.171000
v 1.516000 -0.550000 0.201000
v 1.525000 -0.541000 0.201000
v 1.516000 -0.541000 0.210000
v 1.516000 -0.520000 0.201000
v 1.516000 -0.529000 0.210000
v 1.525000 -0.529000 0.201000
v 1.516000 -0.550000 -0.171000
v 1.516000 -0.541000 -0.180000
v 1.525000 -0.541000 -0.171000
v 1.516000 -0.520000 -0.171000
v 1.525000 -0.529000 -0.171000
v 1.516000 -0.529000 -0.180000
v 0.081000 -0.520000 0.154000
v 0.081000 -0.514000 0.160000
v 0.075000 -0.514000 0.154000
v 0.081000 -0.236000 0.160000
v 0.081000 -0.230000 0.154000
v 0.075000 -0.236000 0.154000
v 0.081000 -0.520000 -0.094000
v 0.075000 -0.514000 -0.094000
v 0.081000 -0.514000 -0.100000
v 0.081000 -0.230000 -0.094000
v 0.081000 -0.236000 -0.100000
v 0.075000 -0.236000 -0.094000
v 0.155000 -0.520000 0.154000
v 0.161000 -0.514000 0.154000
v 0.155000 -0.514000 0.160000
v 0.155000 -0.230000 0.154000
v 0.155000 -0.236000 0.160000
v 0.161000 -0.236000 0.154000
v 0.155000 -0.520000 -0.094000
v 0.155000 -0.514000 -0.100000
v 0.161000 -0.514000 -0.094000
v 0.155000 -0.230000 -0.094000
v 0.161000 -0.236000 -0.094000
v 0.155000 -0.236000 -0.100000
v 0.175000 -0.520000 0.154000
v 0.175000 -0.514000 0.160000
v 0.169000 -0.514000 0.154000
v 0.175000 -0.211000 0.160000
v 0.175000 -0.205000 0.154000
v 0.169000 -0.211000 0.154000
v 0.175000 -0.520000 -0.094000
v 0.169000 -0.514000 -0.094000
v 0.175000 -0.514000 -0.100000
v 0.175000 -0.205000 -0.094000
v 0.175000 -0.211000 -0.100000
v 0.169000 -0.211000 -0.094000
v 0.213000 -0.520000 0.154000
v 0.219000 -0.514000 0.154000
v 0.213000 -0.514000 0.160000
v 0.213000 -0.205000 0.154000
v 0.213000 -0.211000 0.160000
v 0.219000 -0.211000 0.154000
v 0.213000 -0.520000 -0.094000
v 0.213000 -0.514000 -0.100000
v 0.219000 -0.514000 -0.094000
v 0.213000 -0.205000 -0.094000
v 0.219000 -0.211000 -0.094000
v 0.213000 -0.211000 -0.100000
v 0.233000 -0.520000 0.154000
v 0.233000 -0.514000 0.160000
v 0.227000 -0.514000 0.154000
v 0.233000 -0.286000 0.160000
v 0.233000 -0.280000 0.154000
v 0.227000 -0.286000 0.154000
v 0.233000 -0.520000 -0.094000
v 0.227000 -0.514000 -0.094000
v 0.233000 -0.514000 -0.100000
v 0.233000 -0.280000 -0.094000
v 0.233000 -0.286000 -0.100000
v 0.227000 -0.286000 -0.094000
v 0.295000 -0.520000 0.154000
v 0.301000 -0.514000 0.154000
v 0.295000 -0.514000 0.160000
v 0.295000 -0.280000 0.154000
v 0.295000 -0.286000 0.160000
v 0.301000 -0.286000 0.154000
v 0.295000 -0.520000 -0.094000
v 0.295000 -0.514000 -0.100000
v 0.301000 -0.514000 -0.094000
v 0.295000 -0.280000 -0.094000
v 0.301000 -0.286000 -0.094000
v 0.295000 -0.286000 -0.100000
v 0.315000 -0.520000 0.154000
v 0.315000 -0.514000 0.160000
v 0.309000 -0.514000 0.154000
v 0.315000 -0.261000 0.160000
v 0.315000 -0.255000 0.154000
v 0.309000 -0.261000 0.154000
v 0.315000 -0.520000 -0.094000
v 0.309000 -0.514000 -0.094000
v 0.315000 -0.514000 -0.100000
v 0.315000 -0.255000 -0.094000
v 0.315000 -0.261000 -0.100000
v 0.309000 -0.261000 -0.094000
v 0.401000 -0.520000 0.154000
v 0.407000 -0.514000 0.154000
v 0.401000 -0.514000 0.160000
v 0.401000 -0.255000 0.154000
v 0.401000 -0.261000 0.160000
v 0.407000 -0.261000 0.154000
v 0.401000 -0.520000 -0.094000
v 0.401000 -0.514000 -0.100000
v 0.407000 -0.514000 -0.094000
v 0.401000 -0.255000 -0.094000
v 0.407000 -0.261000 -0.094000
v 0.401000 -0.261000 -0.100000
v 0.421000 -0.520000 0.154000
v 0.421000 -0.514000 0.160000
v 0.415000 -0.514000 0.154000
v 0.421000 -0.236000 0.160000
v 0.421000 -0.230000 0.154000
v 0.415000 -0.236000 0.154000
v 0.421000 -0.520000 -0.094000
v 0.415000 -0.514000 -0.094000
v 0.421000 -0.514000 -0.100000
v 0.421000 -0.230000 -0.094000
v 0.421000 -0.236000 -0.100000
v 0.415000 -0.236000 -0.094000
v 0.471000 -0.520000 0.154000
v 0.477000 -0.514000 0.154000
v 0.471000 -0.514000 0.160000
v 0.471000 -0.230000 0.154000
v 0.471000 -0.236000 0.160000
v 0.477000 -0.236000 0.154000
v 0.471000 -0.520000 -0.094000
v 0.471000 -0.514000 -0.100000
v 0.477000 -0.514000 -0.094000
v 0.471000 -0.230000 -0.094000
v 0.477000 -0.236000 -0.094000
v 0.471000 -0.236000 -0.100000
v 0.491000 -0.520000 0.154000
v 0.491000 -0.514000 0.160000
v 0.485000 -0.514000 0.154000
v 0.491000 -0.211000 0.160000
v 0.491000 -0.205000 0.154000
v 0.485000 -0.211000 0.154000
v 0.491000 -0.520000 -0.094000
v 0.485000 -0.514000 -0.094000
v 0.491000 -0.514000 -0.100000
v 0.491000 -0.205000 -0.094000
v 0.491000 -0.211000 -0.100000
v 0.485000 -0.211000 -0.094000
v 0.565000 -0.520000 0.154000
v 0.571000 -0.514000 0.154000
v 0.565000 -0.514000 0.160000
v 0.565000 -0.205000 0.154000
v 0.565000 -0.211000 0.160000
v 0.571000 -0.211000 0.154000
v 0.565000 -0.520000 -0.094000
v 0.565000 -0.514000 -0.100000
v 0.571000 -0.514000 -0.094000
v 0.565000 -0.205000 -0.094000
v 0.571000 -0.211000 -0.094000
v 0.565000 -0.211000 -0.100000
v 0.705000 -0.520000 0.154000
v 0.705000 -0.514000 0.160000
v 0.699000 -0.514000 0.154000
v 0.705000 -0.286000 0.160000
v 0.705000 -0.280000 0.154000
v 0.699000 -0.286000 0.154000
v 0.705000 -0.520000 -0.094000
v 0.699000 -0.514000 -0.094000
v 0.705000 -0.514000 -0.100000
v 0.705000 -0.280000 -0.094000
v 0.705000 -0.286000 -0.100000
v 0.699000 -0.286000 -0.094000
v 0.743000 -0.520000 0.154000
v 0.749000 -0.514000 0.154000
v 0.743000 -0.514000 0.160000
v 0.743000 -0.280000 0.154000
v 0.743000 -0.286000 0.160000
v 0.749000 -0.286000 0.154000
v 0.743000 -0.520000 -0.094000
v 0.743000 -0.514000 -0.100000
v 0.749000 -0.514000 -0.094000
v 0.743000 -0.280000 -0.094000
v 0.749000 -0.286000 -0.094000
v 0.743000 -0.286000 -0.100000
v 0.763000 -0.520000 0.154000
v 0.763000 -0.514000 0.160000
v 0.757000 -0.514000 0.154000
v 0.763000 -0.261000 0.160000
v 0.763000 -0.255000 0.154000
v 0.757000 -0.261000 0.154000
v 0.763000 -0.520000 -0.094000
v 0.757000 -0.514000 -0.094000
v 0.763000 -0.514000 -0.100000
v 0.763000 -0.255000 -0.094000
v 0.763000 -0.261000 -0.100000
v 0.757000 -0.261000 -0.094000
v 0.825000 -0.520000 0.154000
v 0.831000 -0.514000 0.154000
v 0.825000 -0.514000 0.160000
v 0.825000 -0.255000 0.154000
v 0.825000 -0.261000 0.160000
v 0.831000 -0.261000 0.154000
v 0.825000 -0.520000 -0.094000
v 0.825000 -0.514000 -0.100000
v 0.831000 -0.514000 -0.094000
v 0.825000 -0.255000 -0.094000
v 0.831000 -0.261000 -0.094000
v 0.825000 -0.261000 -0.100000
v 0.819735 -0.509959 0.154000
v 0.820810 -0.504056 0.160000
v 0.814906 -0.502982 0.154000
v 0.870580 -0.230547 0.160000
v 0.871654 -0.224644 0.154000
v 0.864677 -0.229473 0.154000
v 0.819735 -0.509959 -0.094000
v 0.814906 -0.502982 -0.094000
v 0.820810 -0.504056 -0.100000
v 0.871654 -0.224644 -0.094000
v 0.870580 -0.230547 -0.100000
v 0.864677 -0.229473 -0.094000
v 0.904346 -0.525356 0.154000
v 0.911323 -0.520527 0.154000
v 0.905420 -0.519453 0.160000
v 0.956264 -0.240041 0.154000
v 0.955190 -0.245944 0.160000
v 0.961093 -0.247018 0.154000
v 0.904346 -0.525356 -0.094000
v 0.905420 -0.519453 -0.100000
v 0.911323 -0.520527 -0.094000
v 0.956264 -0.240041 -0.094000
v 0.961093 -0.247018 -0.094000
v 0.955190 -0.245944 -0.100000
v 0.951000 -0.520000 0.154000
v 0.951000 -0.514000 0.160000
v 0.945000 -0.514000 0.154000
v 0.951000 -0.211000 0.160000
v 0.951000 -0.205000 0.154000
v 0.945000 -0.211000 0.154000
v 0.951000 -0.520000 -0.094000
v 0.945000 -0.514000 -0.094000
v 0.951000 -0.514000 -0.100000
v 0.951000 -0.205000 -0.094000
v 0.951000 -0.211000 -0.100000
v 0.945000 -0.211000 -0.094000
v 1.001000 -0.520000 0.154000
v 1.007000 -0.514000 0.154000
v 1.001000 -0.514000 0.160000
v 1.001000 -0.205000 0.154000
v 1.001000 -0.211000 0.160000
v 1.007000 -0.211000 0.154000
v 1.001000 -0.520000 -0.094000
v 1.001000 -0.514000 -0.100000
v 1.007000 -0.514000 -0.094000
v 1.001000 -0.205000 -0.094000
v 1.007000 -0.211000 -0.094000
v 1.001000 -0.211000 -0.100000
v 1.021000 -0.520000 0.154000
v 1.021000 -0.514000 0.160000
v 1.015000 -0.514000 0.154000
v 1.021000 -0.286000 0.160000
v 1.021000 -0.280000 0.154000
v 1.015000 -0.286000 0.154000
v 1.021000 -0.520000 -0.094000
v 1.015000 -0.514000 -0.094000
v 1.021000 -0.514000 -0.100000
v 1.021000 -0.280000 -0.094000
v 1.021000 -0.286000 -0.100000
v 1.015000 -0.286000 -0.094000
v 1.095000 -0.520000 0.154000
v 1.101000 -0.514000 0.154000
v 1.095000 -0.514000 0.160000
v 1.095000 -0.280000 0.154000
v 1.095000 -0.286000 0.160000
v 1.101000 -0.286000 0.154000
v 1.095000 -0.520000 -0.094000
v 1.095000 -0.514000 -0.100000
v 1.101000 -0.514000 -0.094000
v 1.095000 -0.280000 -0.094000
v 1.101000 -0.286000 -0.094000
v 1.095000 -0.286000 -0.100000
v 1.115000 -0.520000 0.154000
v 1.115000 -0.514000 0.160000
v 1.109000 -0.514000 0.154000
v 1.115000 -0.261000 0.160000
v 1.115000 -0.255000 0.154000
v 1.109000 -0.261000 0.154000
v 1.115000 -0.520000 -0.094000
v 1.109000 -0.514000 -0.094000
v 1.115000 -0.514000 -0.100000
v 1.115000 -0.255000 -0.094000
v 1.115000 -0.261000 -0.100000
v 1.109000 -0.261000 -0.094000
v 1.153000 -0.520000 0.154000
v 1.159000 -0.514000 0.154000
v 1.153000 -0.514000 0.160000
v 1.153000 -0.255000 0.154000
v 1.153000 -0.261000 0.160000
v 1.159000 -0.261000 0.154000
v 1.153000 -0.520000 -0.094000
v 1.153000 -0.514000 -0.100000
v 1.159000 -0.514000 -0.094000
v 1.153000 -0.255000 -0.094000
v 1.159000 -0.261000 -0.094000
v 1.153000 -0.261000 -0.100000
v 1.173000 -0.520000 0.154000
v 1.173000 -0.514000 0.160000
v 1.167000 -0.514000 0.154000
v 1.173000 -0.236000 0.160000
v 1.173000 -0.230000 0.154000
v 1.167000 -0.236000 0.154000
v 1.173000 -0.520000 -0.094000
v 1.167000 -0.514000 -0.094000
v 1.173000 -0.514000 -0.100000
v 1.173000 -0.230000 -0.094000
v 1.173000 -0.236000 -0.100000
v 1.167000 -0.236000 -0.094000
v 1.235000 -0.520000 0.154000
v 1.241000 -0.514000 0.154000
v 1.235000 -0.514000 0.160000
v 1.235000 -0.230000 0.154000
v 1.235000 -0.236000 0.160000
v 1.241000 -0.236000 0.154000
v 1.235000 -0.520000 -0.094000
v 1.235000 -0.514000 -0.100000
v 1.241000 -0.514000 -0.094000
v 1.235000 -0.230000 -0.094000
v 1.241000 -0.236000 -0.094000
v 1.235000 -0.236000 -0.100000
v 1.375000 -0.520000 0.154000
v 1.375000 -0.514000 0.160000
v 1.369000 -0.514000 0.154000
v 1.375000 -0.211000 0.160000
v 1.375000 -0.205000 0.154000
v 1.369000 -0.211000 0.154000
v 1.375000 -0.520000 -0.094000
v 1.369000 -0.514000 -0.094000
v 1.375000 -0.514000 -0.100000
v 1.375000 -0.205000 -0.094000
v 1.375000 -0.211000 -0.100000
v 1.369000 -0.211000 -0.094000
v 1.461000 -0.520000 0.154000
v 1.467000 -0.514000 0.154000
v 1.461000 -0.514000 0.160000
v 1.461000 -0.205000 0.154000
v 1.461000 -0.211000 0.160000
v 1.467000 -0.211000 0.154000
v 1.461000 -0.520000 -0.094000
v 1.461000 -0.514000 -0.100000
v 1.467000 -0.514000 -0.094000
v 1.461000 -0.205000 -0.094000
v 1.467000 -0.211000 -0.094000
v 1.461000 -0.211000 -0.100000
v 0.034000 -0.150000 0.201000
v 0.034000 -0.141000 0.210000
v 0.025000 -0.141000 0.201000
v 0.034000 -0.129000 0.210000
v 0.034000 -0.120000 0.201000
v 0.025000 -0.129000 0.201000
v 0.034000 -0.150000 -0.171000
v 0.025000 -0.141000 -0.171000
v 0.034000 -0.141000 -0.180000
v 0.034000 -0.120000 -0.171000
v 0.034000 -0.129000 -0.180000
v 0.025000 -0.129000 -0.171000
v 1.516000 -0.150000 0.201000
v 1.525000 -0.141000 0.201000
v 1.516000 -0.141000 0.210000
v 1.516000 -0.120000 0.201000
v 1.516000 -0.129000 0.210000
v 1.525000 -0.129000 0.201000
v 1.516000 -0.150000 -0.171000
v 1.516000 -0.141000 -0.180000
v 1.525000 -0.141000 -0.171000
v 1.516000 -0.120000 -0.171000
v 1.525000 -0.129000 -0.171000
v 1.516000 -0.129000 -0.180000
v 0.081000 -0.120000 0.154000
v 0.081000 -0.114000 0.160000
v 0.075000 -0.114000 0.154000
v 0.081000 0.114000 0.160000
v 0.081000 0.120000 0.154000
v 0.075000 0.114000 0.154000
v 0.081000 -0.120000 -0.094000
v 0.075000 -0.114000 -0.094000
v 0.081000 -0.114000 -0.100000
v 0.081000 0.120000 -0.094000
v 0.081000 0.114000 -0.100000
v 0.075000 0.114000 -0.094000
v 0.131000 -0.120000 0.154000
v 0.137000 -0.114000 0.154000
v 0.131000 -0.114000 0.160000
v 0.131000 0.120000 0.154000
v 0.131000 0.114000 0.160000
v 0.137000 0.114000 0.154000
v 0.131000 -0.120000 -0.094000
v 0.131000 -0.114000 -0.100000
v 0.137000 -0.114000 -0.094000
v 0.131000 0.120000 -0.094000
v 0.137000 0.114000 -0.094000
v 0.131000 0.114000 -0.100000
v 0.151000 -0.120000 0.154000
v 0.151000 -0.114000 0.160000
v 0.145000 -0.114000 0.154000
v 0.151000 0.139000 0.160000
v 0.151000 0.145000 0.154000
v 0.145000 0.139000 0.154000
v 0.151000 -0.120000 -0.094000
v 0.145000 -0.114000 -0.094000
v 0.151000 -0.114000 -0.100000
v 0.151000 0.145000 -0.094000
v 0.151000 0.139000 -0.100000
v 0.145000 0.139000 -0.094000
v 0.225000 -0.120000 0.154000
v 0.231000 -0.114000 0.154000
v 0.225000 -0.114000 0.160000
v 0.225000 0.145000 0.154000
v 0.225000 0.139000 0.160000
v 0.231000 0.139000 0.154000
v 0.225000 -0.120000 -0.094000
v 0.225000 -0.114000 -0.100000
v 0.231000 -0.114000 -0.094000
v 0.225000 0.145000 -0.094000
v 0.231000 0.139000 -0.094000
v 0.225000 0.139000 -0.100000
v 0.245000 -0.120000 0.154000
v 0.245000 -0.114000 0.160000
v 0.239000 -0.114000 0.154000
v 0.245000 0.164000 0.160000
v 0.245000 0.170000 0.154000
v 0.239000 0.164000 0.154000
v 0.245000 -0.120000 -0.094000
v 0.239000 -0.114000 -0.094000
v 0.245000 -0.114000 -0.100000
v 0.245000 0.170000 -0.094000
v 0.245000 0.164000 -0.100000
v 0.239000 0.164000 -0.094000
v 0.283000 -0.120000 0.154000
v 0.289000 -0.114000 0.154000
v 0.283000 -0.114000 0.160000
v 0.283000 0.170000 0.154000
v 0.283000 0.164000 0.160000
v 0.289000 0.164000 0.154000
v 0.283000 -0.120000 -0.094000
v 0.283000 -0.114000 -0.100000
v 0.289000 -0.114000 -0.094000
v 0.283000 0.170000 -0.094000
v 0.289000 0.164000 -0.094000
v 0.283000 0.164000 -0.100000
v 0.275304 -0.111905 0.154000
v 0.276378 -0.106002 0.160000
v 0.270475 -0.104928 0.154000
v 0.330624 0.192102 0.160000
v 0.331698 0.198005 0.154000
v 0.324721 0.193176 0.154000
v 0.275304 -0.111905 -0.094000
v 0.270475 -0.104928 -0.094000
v 0.276378 -0.106002 -0.100000
v 0.331698 0.198005 -0.094000
v 0.330624 0.192102 -0.100000
v 0.324721 0.193176 -0.094000
v 0.336302 -0.123005 0.154000
v 0.343279 -0.118176 0.154000
v 0.337376 -0.117102 0.160000
v 0.392696 0.186905 0.154000
v 0.391622 0.181002 0.160000
v 0.397525 0.179928 0.154000
v 0.336302 -0.123005 -0.094000
v 0.337376 -0.117102 -0.100000
v 0.343279 -0.118176 -0.094000
v 0.392696 0.186905 -0.094000
v 0.397525 0.179928 -0.094000
v 0.391622 0.181002 -0.100000
v 0.385000 -0.120000 0.154000
v 0.385000 -0.114000 0.160000
v 0.379000 -0.114000 0.154000
v 0.385000 0.114000 0.160000
v 0.385000 0.120000 0.154000
v 0.379000 0.114000 0.154000
v 0.385000 -0.120000 -0.094000
v 0.379000 -0.114000 -0.094000
v 0.385000 -0.114000 -0.100000
v 0.385000 0.120000 -0.094000
v 0.385000 0.114000 -0.100000
v 0.379000 0.114000 -0.094000
v 0.471000 -0.120000 0.154000
v 0.477000 -0.114000 0.154000
v 0.471000 -0.114000 0.160000
v 0.471000 0.120000 0.154000
v 0.471000 0.114000 0.160000
v 0.477000 0.114000 0.154000
v 0.471000 -0.120000 -0.094000
v 0.471000 -0.114000 -0.100000
v 0.477000 -0.114000 -0.094000
v 0.471000 0.120000 -0.094000
v 0.477000 0.114000 -0.094000
v 0.471000 0.114000 -0.100000
v 0.491000 -0.120000 0.154000
v 0.491000 -0.114000 0.160000
v 0.485000 -0.114000 0.154000
v 0.491000 0.139000 0.160000
v 0.491000 0.145000 0.154000
v 0.485000 0.139000 0.154000
v 0.491000 -0.120000 -0.094000
v 0.485000 -0.114000 -0.094000
v 0.491000 -0.114000 -0.100000
v 0.491000 0.145000 -0.094000
v 0.491000 0.139000 -0.100000
v 0.485000 0.139000 -0.094000
v 0.541000 -0.120000 0.154000
v 0.547000 -0.114000 0.154000
v 0.541000 -0.114000 0.160000
v 0.541000 0.145000 0.154000
v 0.541000 0.139000 0.160000
v 0.547000 0.139000 0.154000
v 0.541000 -0.120000 -0.094000
v 0.541000 -0.114000 -0.100000
v 0.547000 -0.114000 -0.094000
v 0.541000 0.145000 -0.094000
v 0.547000 0.139000 -0.094000
v 0.541000 0.139000 -0.100000
v 0.681000 -0.120000 0.154000
v 0.681000 -0.114000 0.160000
v 0.675000 -0.114000 0.154000
v 0.681000 0.164000 0.160000
v 0.681000 0.170000 0.154000
v 0.675000 0.164000 0.154000
v 0.681000 -0.120000 -0.094000
v 0.675000 -0.114000 -0.094000
v 0.681000 -0.114000 -0.100000
v 0.681000 0.170000 -0.094000
v 0.681000 0.164000 -0.100000
v 0.675000 0.164000 -0.094000
v 0.755000 -0.120000 0.154000
v 0.761000 -0.114000 0.154000
v 0.755000 -0.114000 0.160000
v 0.755000 0.170000 0.154000
v 0.755000 0.164000 0.160000
v 0.761000 0.164000 0.154000
v 0.755000 -0.120000 -0.094000
v 0.755000 -0.114000 -0.100000
v 0.761000 -0.114000 -0.094000
v 0.755000 0.170000 -0.094000
v 0.761000 0.164000 -0.094000
v 0.755000 0.164000 -0.100000
v 0.775000 -0.120000 0.154000
v 0.775000 -0.114000 0.160000
v 0.769000 -0.114000 0.154000
v 0.775000 0.189000 0.160000
v 0.775000 0.195000 0.154000
v 0.769000 0.189000 0.154000
v 0.775000 -0.120000 -0.094000
v 0.769000 -0.114000 -0.094000
v 0.775000 -0.114000 -0.100000
v 0.775000 0.195000 -0.094000
v 0.775000 0.189000 -0.100000
v 0.769000 0.189000 -0.094000
v 0.813000 -0.120000 0.154000
v 0.819000 -0.114000 0.154000
v 0.813000 -0.114000 0.160000
v 0.813000 0.195000 0.154000
v 0.813000 0.189000 0.160000
v 0.819000 0.189000 0.154000
v 0.813000 -0.120000 -0.094000
v 0.813000 -0.114000 -0.100000
v 0.819000 -0.114000 -0.094000
v 0.813000 0.195000 -0.094000
v 0.819000 0.189000 -0.094000
v 0.813000 0.189000 -0.100000
v 0.833000 -0.120000 0.154000
v 0.833000 -0.114000 0.160000
v 0.827000 -0.114000 0.154000
v 0.833000 0.114000 0.160000
v 0.833000 0.120000 0.154000
v 0.827000 0.114000 0.154000
v 0.833000 -0.120000 -0.094000
v 0.827000 -0.114000 -0.094000
v 0.833000 -0.114000 -0.100000
v 0.833000 0.120000 -0.094000
v 0.833000 0.114000 -0.100000
v 0.827000 0.114000 -0.094000
v 0.895000 -0.120000 0.154000
v 0.901000 -0.114000 0.154000
v 0.895000 -0.114000 0.160000
v 0.895000 0.120000 0.154000
v 0.895000 0.114000 0.160000
v 0.901000 0.114000 0.154000
v 0.895000 -0.120000 -0.094000
v 0.895000 -0.114000 -0.100000
v 0.901000 -0.114000 -0.094000
v 0.895000 0.120000 -0.094000
v 0.901000 0.114000 -0.094000
v 0.895000 0.114000 -0.100000
v 0.915000 -0.120000 0.154000
v 0.915000 -0.114000 0.160000
v 0.909000 -0.114000 0.154000
v 0.915000 0.139000 0.160000
v 0.915000 0.145000 0.154000
v 0.909000 0.139000 0.154000
v 0.915000 -0.120000 -0.094000
v 0.909000 -0.114000 -0.094000
v 0.915000 -0.114000 -0.100000
v 0.915000 0.145000 -0.094000
v 0.915000 0.139000 -0.100000
v 0.909000 0.139000 -0.094000
v 1.001000 -0.120000 0.154000
v 1.007000 -0.114000 0.154000
v 1.001000 -0.114000 0.160000
v 1.001000 0.145000 0.154000
v 1.001000 0.139000 0.160000
v 1.007000 0.139000 0.154000
v 1.001000 -0.120000 -0.094000
v 1.001000 -0.114000 -0.100000
v 1.007000 -0.114000 -0.094000
v 1.001000 0.145000 -0.094000
v 1.007000 0.139000 -0.094000
v 1.001000 0.139000 -0.100000
v 1.021000 -0.120000 0.154000
v 1.021000 -0.114000 0.160000
v 1.015000 -0.114000 0.154000
v 1.021000 0.164000 0.160000
v 1.021000 0.170000 0.154000
v 1.015000 0.164000 0.154000
v 1.021000 -0.120000 -0.094000
v 1.015000 -0.114000 -0.094000
v 1.021000 -0.114000 -0.100000
v 1.021000 0.170000 -0.094000
v 1.021000 0.164000 -0.100000
v 1.015000 0.164000 -0.094000
v 1.071000 -0.120000 0.154000
v 1.077000 -0.114000 0.154000
v 1.071000 -0.114000 0.160000
v 1.071000 0.170000 0.154000
v 1.071000 0.164000 0.160000
v 1.077000 0.164000 0.154000
v 1.071000 -0.120000 -0.094000
v 1.071000 -0.114000 -0.100000
v 1.077000 -0.114000 -0.094000
v 1.071000 0.170000 -0.094000
v 1.077000 0.164000 -0.094000
v 1.071000 0.164000 -0.100000
v 1.091000 -0.120000 0.154000
v 1.091000 -0.114000 0.160000
v 1.085000 -0.114000 0.154000
v 1.091000 0.189000 0.160000
v 1.091000 0.195000 0.154000
v 1.085000 0.189000 0.154000
v 1.091000 -0.120000 -0.094000
v 1.085000 -0.114000 -0.094000
v 1.091000 -0.114000 -0.100000
v 1.091000 0.195000 -0.094000
v 1.091000 0.189000 -0.100000
v 1.085000 0.189000 -0.094000
v 1.165000 -0.120000 0.154000
v 1.171000 -0.114000 0.154000
v 1.165000 -0.114000 0.160000
v 1.165000 0.195000 0.154000
v 1.165000 0.189000 0.160000
v 1.171000 0.189000 0.154000
v 1.165000 -0.120000 -0.094000
v 1.165000 -0.114000 -0.100000
v 1.171000 -0.114000 -0.094000
v 1.165000 0.195000 -0.094000
v 1.171000 0.189000 -0.094000
v 1.165000 0.189000 -0.100000
v 1.163823 -0.114660 0.154000
v 1.164898 -0.108757 0.160000
v 1.158995 -0.107682 0.154000
v 1.205716 0.115560 0.160000
v 1.206791 0.121463 0.154000
v 1.199813 0.116634 0.154000
v 1.163823 -0.114660 -0.094000
v 1.158995 -0.107682 -0.094000
v 1.164898 -0.108757 -0.100000
v 1.206791 0.121463 -0.094000
v 1.205716 0.115560 -0.100000
v 1.199813 0.116634 -0.094000
v 1.201209 -0.121463 0.154000
v 1.208187 -0.116634 0.154000
v 1.202284 -0.115560 0.160000
v 1.244177 0.114660 0.154000
v 1.243102 0.108757 0.160000
v 1.249005 0.107682 0.154000
v 1.201209 -0.121463 -0.094000
v 1.202284 -0.115560 -0.100000
v 1.208187 -0.116634 -0.094000
v 1.244177 0.114660 -0.094000
v 1.249005 0.107682 -0.094000
v 1.243102 0.108757 -0.100000
v 1.363000 -0.120000 0.154000
v 1.363000 -0.114000 0.160000
v 1.357000 -0.114000 0.154000
v 1.363000 0.139000 0.160000
v 1.363000 0.145000 0.154000
v 1.357000 0.139000 0.154000
v 1.363000 -0.120000 -0.094000
v 1.357000 -0.114000 -0.094000
v 1.363000 -0.114000 -0.100000
v 1.363000 0.145000 -0.094000
v 1.363000 0.139000 -0.100000
v 1.357000 0.139000 -0.094000
v 1.425000 -0.120000 0.154000
v 1.431000 -0.114000 0.154000
v 1.425000 -0.114000 0.160000
v 1.425000 0.145000 0.154000
v 1.425000 0.139000 0.160000
v 1.431000 0.139000 0.154000
v 1.425000 -0.120000 -0.094000
v 1.425000 -0.114000 -0.100000
v 1.431000 -0.114000 -0.094000
v 1.425000 0.145000 -0.094000
v 1.431000 0.139000 -0.094000
v 1.425000 0.139000 -0.100000
v 0.034000 0.250000 0.201000
v 0.034000 0.259000 0.210000
v 0.025000 0.259000 0.201000
v 0.034000 0.271000 0.210000
v 0.034000 0.280000 0.201000
v 0.025000 0.271000 0.201000
v 0.034000 0.250000 -0.171000
v 0.025000 0.259000 -0.171000
v 0.034000 0.259000 -0.180000
v 0.034000 0.280000 -0.171000
v 0.034000 0.271000 -0.180000
v 0.025000 0.271000 -0.171000
v 1.516000 0.250000 0.201000
v 1.525000 0.259000 0.201000
v 1.516000 0.259000 0.210000
v 1.516000 0.280000 0.201000
v 1.516000 0.271000 0.210000
v 1.525000 0.271000 0.201000
v 1.516000 0.250000 -0.171000
v 1.516000 0.259000 -0.180000
v 1.525000 0.259000 -0.171000
v 1.516000 0.280000 -0.171000
v 1.525000 0.271000 -0.171000
v 1.516000 0.271000 -0.180000
v 0.081000 0.280000 0.154000
v 0.081000 0.286000 0.160000
v 0.075000 0.286000 0.154000
v 0.081000 0.564000 0.160000
v 0.081000 0.570000 0.154000
v 0.075000 0.564000 0.154000
v 0.081000 0.280000 -0.094000
v 0.075000 0.286000 -0.094000
v 0.081000 0.286000 -0.100000
v 0.081000 0.570000 -0.094000
v 0.081000 0.564000 -0.100000
v 0.075000 0.564000 -0.094000
v 0.167000 0.280000 0.154000
v 0.173000 0.286000 0.154000
v 0.167000 0.286000 0.160000
v 0.167000 0.570000 0.154000
v 0.167000 0.564000 0.160000
v 0.173000 0.564000 0.154000
v 0.167000 0.280000 -0.094000
v 0.167000 0.286000 -0.100000
v 0.173000 0.286000 -0.094000
v 0.167000 0.570000 -0.094000
v 0.173000 0.564000 -0.094000
v 0.167000 0.564000 -0.100000
v 0.187000 0.280000 0.154000
v 0.187000 0.286000 0.160000
v 0.181000 0.286000 0.154000
v 0.187000 0.589000 0.160000
v 0.187000 0.595000 0.154000
v 0.181000 0.589000 0.154000
v 0.187000 0.280000 -0.094000
v 0.181000 0.286000 -0.094000
v 0.187000 0.286000 -0.100000
v 0.187000 0.595000 -0.094000
v 0.187000 0.589000 -0.100000
v 0.181000 0.589000 -0.094000
v 0.237000 0.280000 0.154000
v 0.243000 0.286000 0.154000
v 0.237000 0.286000 0.160000
v 0.237000 0.595000 0.154000
v 0.237000 0.589000 0.160000
v 0.243000 0.589000 0.154000
v 0.237000 0.280000 -0.094000
v 0.237000 0.286000 -0.100000
v 0.243000 0.286000 -0.094000
v 0.237000 0.595000 -0.094000
v 0.243000 0.589000 -0.094000
v 0.237000 0.589000 -0.100000
v 0.257000 0.280000 0.154000
v 0.257000 0.286000 0.160000
v 0.251000 0.286000 0.154000
v 0.257000 0.514000 0.160000
v 0.257000 0.520000 0.154000
v 0.251000 0.514000 0.154000
v 0.257000 0.280000 -0.094000
v 0.251000 0.286000 -0.094000
v 0.257000 0.286000 -0.100000
v 0.257000 0.520000 -0.094000
v 0.257000 0.514000 -0.100000
v 0.251000 0.514000 -0.094000
v 0.331000 0.280000 0.154000
v 0.337000 0.286000 0.154000
v 0.331000 0.286000 0.160000
v 0.331000 0.520000 0.154000
v 0.331000 0.514000 0.160000
v 0.337000 0.514000 0.154000
v 0.331000 0.280000 -0.094000
v 0.331000 0.286000 -0.100000
v 0.337000 0.286000 -0.094000
v 0.331000 0.520000 -0.094000
v 0.337000 0.514000 -0.094000
v 0.331000 0.514000 -0.100000
v 0.351000 0.280000 0.154000
v 0.351000 0.286000 0.160000
v 0.345000 0.286000 0.154000
v 0.351000 0.539000 0.160000
v 0.351000 0.545000 0.154000
v 0.345000 0.539000 0.154000
v 0.351000 0.280000 -0.094000
v 0.345000 0.286000 -0.094000
v 0.351000 0.286000 -0.100000
v 0.351000 0.545000 -0.094000
v 0.351000 0.539000 -0.100000
v 0.345000 0.539000 -0.094000
v 0.389000 0.280000 0.154000
v 0.395000 0.286000 0.154000
v 0.389000 0.286000 0.160000
v 0.389000 0.545000 0.154000
v 0.389000 0.539000 0.160000
v 0.395000 0.539000 0.154000
v 0.389000 0.280000 -0.094000
v 0.389000 0.286000 -0.100000
v 0.395000 0.286000 -0.094000
v 0.389000 0.545000 -0.094000
v 0.395000 0.539000 -0.094000
v 0.389000 0.539000 -0.100000
v 0.409000 0.280000 0.154000
v 0.409000 0.286000 0.160000
v 0.403000 0.286000 0.154000
v 0.409000 0.564000 0.160000
v 0.409000 0.570000 0.154000
v 0.403000 0.564000 0.154000
v 0.409000 0.280000 -0.094000
v 0.403000 0.286000 -0.094000
v 0.409000 0.286000 -0.100000
v 0.409000 0.570000 -0.094000
v 0.409000 0.564000 -0.100000
v 0.403000 0.564000 -0.094000
v 0.471000 0.280000 0.154000
v 0.477000 0.286000 0.154000
v 0.471000 0.286000 0.160000
v 0.471000 0.570000 0.154000
v 0.471000 0.564000 0.160000
v 0.477000 0.564000 0.154000
v 0.471000 0.280000 -0.094000
v 0.471000 0.286000 -0.100000
v 0.477000 0.286000 -0.094000
v 0.471000 0.570000 -0.094000
v 0.477000 0.564000 -0.094000
v 0.471000 0.564000 -0.100000
v 0.491000 0.280000 0.154000
v 0.491000 0.286000 0.160000
v 0.485000 0.286000 0.154000
v 0.491000 0.589000 0.160000
v 0.491000 0.595000 0.154000
v 0.485000 0.589000 0.154000
v 0.491000 0.280000 -0.094000
v 0.485000 0.286000 -0.094000
v 0.491000 0.286000 -0.100000
v 0.491000 0.595000 -0.094000
v 0.491000 0.589000 -0.100000
v 0.485000 0.589000 -0.094000
v 0.577000 0.280000 0.154000
v 0.583000 0.286000 0.154000
v 0.577000 0.286000 0.160000
v 0.577000 0.595000 0.154000
v 0.577000 0.589000 0.160000
v 0.583000 0.589000 0.154000
v 0.577000 0.280000 -0.094000
v 0.577000 0.286000 -0.100000
v 0.583000 0.286000 -0.094000
v 0.577000 0.595000 -0.094000
v 0.583000 0.589000 -0.094000
v 0.577000 0.589000 -0.100000
v 0.717000 0.280000 0.154000
v 0.717000 0.286000 0.160000
v 0.711000 0.286000 0.154000
v 0.717000 0.514000 0.160000
v 0.717000 0.520000 0.154000
v 0.711000 0.514000 0.154000
v 0.717000 0.280000 -0.094000
v 0.711000 0.286000 -0.094000
v 0.717000 0.286000 -0.100000
v 0.717000 0.520000 -0.094000
v 0.717000 0.514000 -0.100000
v 0.711000 0.514000 -0.094000
v 0.767000 0.280000 0.154000
v 0.773000 0.286000 0.154000
v 0.767000 0.286000 0.160000
v 0.767000 0.520000 0.154000
v 0.767000 0.514000 0.160000
v 0.773000 0.514000 0.154000
v 0.767000 0.280000 -0.094000
v 0.767000 0.286000 -0.100000
v 0.773000 0.286000 -0.094000
v 0.767000 0.520000 -0.094000
v 0.773000 0.514000 -0.094000
v 0.767000 0.514000 -0.100000
v 0.763876 0.288765 0.154000
v 0.764951 0.294668 0.160000
v 0.759048 0.295742 0.154000
v 0.810245 0.543580 0.160000
v 0.811319 0.549483 0.154000
v 0.804342 0.544654 0.154000
v 0.763876 0.288765 -0.094000
v 0.759048 0.295742 -0.094000
v 0.764951 0.294668 -0.100000
v 0.811319 0.549483 -0.094000
v 0.810245 0.543580 -0.100000
v 0.804342 0.544654 -0.094000
v 0.836681 0.275517 0.154000
v 0.843658 0.280346 0.154000
v 0.837755 0.281420 0.160000
v 0.884124 0.536235 0.154000
v 0.883049 0.530332 0.160000
v 0.888952 0.529258 0.154000
v 0.836681 0.275517 -0.094000
v 0.837755 0.281420 -0.100000
v 0.843658 0.280346 -0.094000
v 0.884124 0.536235 -0.094000
v 0.888952 0.529258 -0.094000
v 0.883049 0.530332 -0.100000
v 0.881000 0.280000 0.154000
v 0.881000 0.286000 0.160000
v 0.875000 0.286000 0.154000
v 0.881000 0.564000 0.160000
v 0.881000 0.570000 0.154000
v 0.875000 0.564000 0.154000
v 0.881000 0.280000 -0.094000
v 0.875000 0.286000 -0.094000
v 0.881000 0.286000 -0.100000
v 0.881000 0.570000 -0.094000
v 0.881000 0.564000 -0.100000
v 0.875000 0.564000 -0.094000
v 0.919000 0.280000 0.154000
v 0.925000 0.286000 0.154000
v 0.919000 0.286000 0.160000
v 0.919000 0.570000 0.154000
v 0.919000 0.564000 0.160000
v 0.925000 0.564000 0.154000
v 0.919000 0.280000 -0.094000
v 0.919000 0.286000 -0.100000
v 0.925000 0.286000 -0.094000
v 0.919000 0.570000 -0.094000
v 0.925000 0.564000 -0.094000
v 0.919000 0.564000 -0.100000
v 0.939000 0.280000 0.154000
v 0.939000 0.286000 0.160000
v 0.933000 0.286000 0.154000
v 0.939000 0.589000 0.160000
v 0.939000 0.595000 0.154000
v 0.933000 0.589000 0.154000
v 0.939000 0.280000 -0.094000
v 0.933000 0.286000 -0.094000
v 0.939000 0.286000 -0.100000
v 0.939000 0.595000 -0.094000
v 0.939000 0.589000 -0.100000
v 0.933000 0.589000 -0.094000
v 1.001000 0.280000 0.154000
v 1.007000 0.286000 0.154000
v 1.001000 0.286000 0.160000
v 1.001000 0.595000 0.154000
v 1.001000 0.589000 0.160000
v 1.007000 0.589000 0.154000
v 1.001000 0.280000 -0.094000
v 1.001000 0.286000 -0.100000
v 1.007000 0.286000 -0.094000
v 1.001000 0.595000 -0.094000
v 1.007000 0.589000 -0.094000
v 1.001000 0.589000 -0.100000
v 1.021000 0.280000 0.154000
v 1.021000 0.286000 0.160000
v 1.015000 0.286000 0.154000
v 1.021000 0.514000 0.160000
v 1.021000 0.520000 0.154000
v 1.015000 0.514000 0.154000
v 1.021000 0.280000 -0.094000
v 1.015000 0.286000 -0.094000
v 1.021000 0.286000 -0.100000
v 1.021000 0.520000 -0.094000
v 1.021000 0.514000 -0.100000
v 1.015000 0.514000 -0.094000
v 1.107000 0.280000 0.154000
v 1.113000 0.286000 0.154000
v 1.107000 0.286000 0.160000
v 1.107000 0.520000 0.154000
v 1.107000 0.514000 0.160000
v 1.113000 0.514000 0.154000
v 1.107000 0.280000 -0.094000
v 1.107000 0.286000 -0.100000
v 1.113000 0.286000 -0.094000
v 1.107000 0.520000 -0.094000
v 1.113000 0.514000 -0.094000
v 1.107000 0.514000 -0.100000
v 1.127000 0.280000 0.154000
v 1.127000 0.286000 0.160000
v 1.121000 0.286000 0.154000
v 1.127000 0.539000 0.160000
v 1.127000 0.545000 0.154000
v 1.121000 0.539000 0.154000
v 1.127000 0.280000 -0.094000
v 1.121000 0.286000 -0.094000
v 1.127000 0.286000 -0.100000
v 1.127000 0.545000 -0.094000
v 1.127000 0.539000 -0.100000
v 1.121000 0.539000 -0.094000
v 1.177000 0.280000 0.154000
v 1.183000 0.286000 0.154000
v 1.177000 0.286000 0.160000
v 1.177000 0.545000 0.154000
v 1.177000 0.539000 0.160000
v 1.183000 0.539000 0.154000
v 1.177000 0.280000 -0.094000
v 1.177000 0.286000 -0.100000
v 1.183000 0.286000 -0.094000
v 1.177000 0.545000 -0.094000
v 1.183000 0.539000 -0.094000
v 1.177000 0.539000 -0.100000
v 1.197000 0.280000 0.154000
v 1.197000 0.286000 0.160000
v 1.191000 0.286000 0.154000
v 1.197000 0.564000 0.160000
v 1.197000 0.570000 0.154000
v 1.191000 0.564000 0.154000
v 1.197000 0.280000 -0.094000
v 1.191000 0.286000 -0.094000
v 1.197000 0.286000 -0.100000
v 1.197000 0.570000 -0.094000
v 1.197000 0.564000 -0.100000
v 1.191000 0.564000 -0.094000
v 1.271000 0.280000 0.154000
v 1.277000 0.286000 0.154000
v 1.271000 0.286000 0.160000
v 1.271000 0.570000 0.154000
v 1.271000 0.564000 0.160000
v 1.277000 0.564000 0.154000
v 1.271000 0.280000 -0.094000
v 1.271000 0.286000 -0.100000
v 1.277000 0.286000 -0.094000
v 1.271000 0.570000 -0.094000
v 1.277000 0.564000 -0.094000
v 1.271000 0.564000 -0.100000
v 1.411000 0.280000 0.154000
v 1.411000 0.286000 0.160000
v 1.405000 0.286000 0.154000
v 1.411000 0.589000 0.160000
v 1.411000 0.595000 0.154000
v 1.405000 0.589000 0.154000
v 1.411000 0.280000 -0.094000
v 1.405000 0.286000 -0.094000
v 1.411000 0.286000 -0.100000
v 1.411000 0.595000 -0.094000
v 1.411000 0.589000 -0.100000
v 1.405000 0.589000 -0.094000
v 1.449000 0.280000 0.154000
v 1.455000 0.286000 0.154000
v 1.449000 0.286000 0.160000
v 1.449000 0.595000 0.154000
v 1.449000 0.589000 0.160000
v 1.455000 0.589000 0.154000
v 1.449000 0.280000 -0.094000
v 1.449000 0.286000 -0.100000
v 1.455000 0.286000 -0.094000
v 1.449000 0.595000 -0.094000
v 1.455000 0.589000 -0.094000
v 1.449000 0.589000 -0.100000
v 0.034000 0.650000 0.201000
v 0.034000 0.659000 0.210000
v 0.025000 0.659000 0.201000
v 0.034000 0.671000 0.210000
v 0.034000 0.680000 0.201000
v 0.025000 0.671000 0.201000
v 0.034000 0.650000 -0.171000
v 0.025000 0.659000 -0.171000
v 0.034000 0.659000 -0.180000
v 0.034000 0.680000 -0.171000
v 0.034000 0.671000 -0.180000
v 0.025000 0.671000 -0.171000
v 1.516000 0.650000 0.201000
v 1.525000 0.659000 0.201000
v 1.516000 0.659000 0.210000
v 1.516000 0.680000 0.201000
v 1.516000 0.671000 0.210000
v 1.525000 0.671000 0.201000
v 1.516000 0.650000 -0.171000
v 1.516000 0.659000 -0.180000
v 1.525000 0.659000 -0.171000
v 1.516000 0.680000 -0.171000
v 1.525000 0.671000 -0.171000
v 1.516000 0.671000 -0.180000
v 0.325000 0.680000 -0.080000
v 0.325000 0.900000 -0.080000
v 0.372023 0.680000 -0.064721
v 0.372023 0.900000 -0.064721
v 0.401085 0.680000 -0.024721
v 0.401085 0.900000 -0.024721
v 0.401085 0.680000 0.024721
v 0.401085 0.900000 0.024721
v 0.372023 0.680000 0.064721
v 0.372023 0.900000 0.064721
v 0.325000 0.680000 0.080000
v 0.325000 0.900000 0.080000
v 0.277977 0.680000 0.064721
v 0.277977 0.900000 0.064721
v 0.248915 0.680000 0.024721
v 0.248915 0.900000 0.024721
v 0.248915 0.680000 -0.024721
v 0.248915 0.900000 -0.024721
v 0.277977 0.680000 -0.064721
v 0.277977 0.900000 -0.064721
v 0.974000 0.680675 -0.094989
v 0.974000 0.688229 -0.084745
v 0.965000 0.689574 -0.093644
v 0.974000 0.947287 -0.045592
v 0.974000 0.957531 -0.053146
v 0.965000 0.948632 -0.054491
v 0.974000 0.682469 -0.106854
v 0.965000 0.691368 -0.105509
v 0.974000 0.692713 -0.114408
v 0.974000 0.959325 -0.065011
v 0.974000 0.951771 -0.075255
v 0.965000 0.950426 -0.066356
v 1.176000 0.680675 -0.094989
v 1.185000 0.689574 -0.093644
v 1.176000 0.688229 -0.084745
v 1.176000 0.957531 -0.053146
v 1.176000 0.947287 -0.045592
v 1.185000 0.948632 -0.054491
v 1.176000 0.682469 -0.106854
v 1.176000 0.692713 -0.114408
v 1.185000 0.691368 -0.105509
v 1.176000 0.959325 -0.065011
v 1.185000 0.950426 -0.066356
v 1.176000 0.951771 -0.075255
v 0.998000 0.720824 -0.072966
v 0.998000 0.723342 -0.069552
v 0.995000 0.723790 -0.072518
v 0.998000 0.915164 -0.040561
v 0.998000 0.918578 -0.043079
v 0.995000 0.915612 -0.043527
v 0.998000 0.721422 -0.076921
v 0.995000 0.724388 -0.076473
v 0.998000 0.724836 -0.079439
v 0.998000 0.919176 -0.047034
v 0.998000 0.916658 -0.050448
v 0.995000 0.916210 -0.047482
v 1.152000 0.720824 -0.072966
v 1.155000 0.723790 -0.072518
v 1.152000 0.723342 -0.069552
v 1.152000 0.918578 -0.043079
v 1.152000 0.915164 -0.040561
v 1.155000 0.915612 -0.043527
v 1.152000 0.721422 -0.076921
v 1.152000 0.724836 -0.079439
v 1.155000 0.724388 -0.076473
v 1.152000 0.919176 -0.047034
v 1.155000 0.916210 -0.047482
v 1.152000 0.916658 -0.050448
vn -0.5773 -0.5774 0.5774
vn -0.5773 0.5774 0.5774
vn -0.5773 -0.5774 -0.5774
vn -0.5773 0.5774 -0.5774
vn 0.5773 -0.5774 0.5774
vn 0.5773 0.5774 0.5774
vn 0.5773 -0.5774 -0.5774
vn 0.5773 0.5774 -0.5774
vn -0.7071 -0.7071 -0.0000
vn -0.7071 -0.0000 0.7071
vn -0.7071 0.7071 -0.0000
vn -0.7071 -0.0000 -0.7071
vn -0.0000 -0.7071 -0.7071
vn -0.0000 0.7071 -0.7071
vn 0.7071 -0.0000 -0.7071
vn 0.7071 -0.7071 -0.0000
vn 0.7071 0.7071 -0.0000
vn 0.7071 -0.0000 0.7071
vn -0.0000 -0.7071 0.7071
vn -0.0000 0.7071 0.7071
vn -0.0000 -1.0000 -0.0000
vn -1.0000 -0.0000 -0.0000
vn -0.0000 -0.0000 1.0000
vn -0.0000 1.0000 -0.0000
vn -0.0000 -0.0000 -1.0000
vn 1.0000 -0.0000 -0.0000
vn -0.5773 -0.5773 0.5774
vn -0.5773 0.5773 0.5774
vn -0.5773 -0.5773 -0.5774
vn -0.5773 0.5773 -0.5774
vn 0.5773 -0.5773 0.5774
vn 0.5773 0.5773 0.5774
vn 0.5773 -0.5773 -0.5774
vn 0.5773 0.5773 -0.5774
vn -0.5774 -0.5773 0.5773
vn -0.5774 0.5773 0.5773
vn -0.5774 -0.5773 -0.5773
vn -0.5774 0.5773 -0.5773
vn 0.5774 -0.5773 0.5774
vn 0.5774 0.5773 0.5774
vn 0.5774 -0.5773 -0.5774
vn 0.5774 0.5773 -0.5774
vn 0.5774 -0.5773 0.5773
vn 0.5774 0.5773 0.5773
vn 0.5774 -0.5773 -0.5773
vn 0.5774 0.5773 -0.5773
vn -0.5774 -0.5774 0.5773
vn -0.5774 -0.5774 -0.5773
vn 0.5774 -0.5774 0.5773
vn 0.5774 0.5774 0.5773
vn 0.5774 -0.5774 -0.5773
vn 0.5774 0.5774 -0.5773
vn -0.6714 -0.4647 0.5773
vn -0.4647 0.6714 0.5773
vn -0.6714 -0.4647 -0.5773
vn -0.4647 0.6714 -0.5773
vn 0.4647 -0.6714 0.5773
vn 0.6714 0.4647 0.5773
vn 0.4647 -0.6714 -0.5774
vn 0.6714 0.4647 -0.5773
vn -0.8223 -0.5691 -0.0000
vn -0.6957 0.1266 0.7071
vn -0.5691 0.8223 -0.0000
vn -0.6957 0.1266 -0.7071
vn -0.1266 -0.6957 -0.7071
vn 0.1266 0.6957 -0.7071
vn 0.6957 -0.1266 -0.7071
vn 0.5691 -0.8223 -0.0000
vn 0.8223 0.5691 -0.0000
vn 0.6957 -0.1266 0.7071
vn -0.1266 -0.6957 0.7071
vn 0.1266 0.6957 0.7071
vn -0.1790 -0.9838 -0.0000
vn -0.9838 0.1790 -0.0000
vn 0.1790 0.9838 -0.0000
vn 0.9838 -0.1790 -0.0000
vn -0.5774 0.5774 0.5773
vn -0.5774 0.5774 -0.5773
vn -0.5773 -0.5774 0.5773
vn -0.5773 0.5774 0.5773
vn -0.5773 -0.5774 -0.5773
vn -0.5773 0.5774 -0.5773
vn 0.5773 -0.5774 0.5773
vn 0.5773 0.5774 0.5773
vn 0.5773 -0.5774 -0.5773
vn 0.5773 0.5774 -0.5773
vn -0.5774 -0.5774 0.5774
vn -0.5774 0.5774 0.5774
vn -0.5774 -0.5773 -0.5774
vn -0.5774 0.5773 -0.5774
vn 0.5774 -0.5774 0.5774
vn 0.5774 0.5774 0.5774
vn -0.4646 0.6714 0.5774
vn -0.4646 0.6714 -0.5774
vn 0.4647 -0.6714 0.5774
vn -0.5774 0.5774 -0.5774
vn 0.5774 0.5774 -0.5774
vn -0.6714 -0.4647 0.5774
vn -0.4647 0.6714 0.5774
vn -0.6714 -0.4647 -0.5774
vn -0.4647 0.6714 -0.5774
vn 0.4647 -0.6714 -0.5773
vn -0.5774 -0.5773 0.5774
vn -0.5774 0.5773 0.5774
vn -0.5774 -0.5774 -0.5774
vn 0.6714 0.4647 0.5774
vn 0.6714 0.4647 -0.5774
vn -0.6714 -0.4646 0.5774
vn -0.6714 -0.4646 -0.5774
vn 0.6714 0.4646 0.5774
vn 0.6714 0.4646 -0.5774
vn 0.4646 -0.6714 0.5774
vn 0.4646 -0.6714 -0.5774
vn 0.3090 -0.0000 -0.9511
vn 0.8090 -0.0000 -0.5878
vn 0.8090 -0.0000 0.5878
vn 0.3090 -0.0000 0.9511
vn -0.3090 -0.0000 0.9511
vn -0.8090 -0.0000 0.5878
vn -0.8090 -0.0000 -0.5878
vn -0.3090 -0.0000 -0.9511
vn -0.5774 -0.6571 0.4846
vn -0.5773 0.4846 0.6571
vn -0.5773 -0.4846 -0.6571
vn -0.5774 0.6571 -0.4846
vn 0.5774 -0.6571 0.4846
vn 0.5774 0.4846 0.6571
vn 0.5773 -0.4846 -0.6571
vn 0.5774 0.6571 -0.4846
vn -0.7071 -0.6992 -0.1057
vn -0.7071 -0.1057 0.6992
vn -0.7071 0.6992 0.1057
vn -0.7071 0.1057 -0.6992
vn -0.0000 -0.5935 -0.8048
vn -0.0000 0.8048 -0.5935
vn 0.7071 0.1057 -0.6992
vn 0.7071 -0.6992 -0.1057
vn 0.7071 0.6992 0.1057
vn 0.7071 -0.1057 0.6992
vn -0.0000 -0.8048 0.5935
vn -0.0000 0.5935 0.8048
vn -0.0000 -0.9888 -0.1494
vn -0.0000 -0.1494 0.9888
vn -0.0000 0.9888 0.1494
vn -0.0000 0.1494 -0.9888
vn -0.5773 -0.6571 0.4846
vn -0.5774 0.4846 0.6572
vn -0.5773 -0.4846 -0.6572
vn -0.5773 0.6571 -0.4846
vn 0.5773 -0.6572 0.4846
vn 0.5773 -0.4846 -0.6572
vn 0.5773 0.6571 -0.4846
vn -0.7071 0.6991 0.1057
vn 0.7071 0.6992 0.1056
vt 0.031250 0.968750
vt 0.093750 0.968750
vt 0.843750 0.843750
vt 0.906250 0.843750
vt 0.968750 0.843750
vt 0.031250 0.781250
vt 0.093750 0.781250
vt 0.843750 0.906250
vt 0.718750 0.906250
vt 0.218750 0.968750
s 0
f 1/1/1 2/1/1 3/1/1
f 4/1/2 5/1/2 6/1/2
f 7/1/3 8/1/3 9/1/3
f 10/1/4 11/1/4 12/1/4
f 13/1/5 14/1/5 15/1/5
f 16/1/6 17/1/6 18/1/6
f 19/1/7 20/1/7 21/1/7
f 22/1/8 23/1/8 24/1/8
f 1/1/9 8/1/9 7/1/9
f 4/1/10 3/1/10 2/1/10
f 10/1/11 6/1/11 5/1/11
f 9/1/12 12/1/12 11/1/12
f 7/1/13 20/1/13 19/1/13
f 22/1/14 11/1/14 10/1/14
f 21/1/15 24/1/15 23/1/15
f 19/1/16 14/1/16 13/1/16
f 16/1/17 23/1/17 22/1/17
f 15/1/18 18/1/18 17/1/18
f 13/1/19 2/1/19 1/1/19
f 5/1/20 17/1/20 16/1/20
f 19/1/21 1/1/21 7/1/21
f 6/1/22 8/1/22 3/1/22
f 17/1/23 2/1/23 15/1/23
f 10/1/24 16/1/24 22/1/24
f 11/1/25 20/1/25 9/1/25
f 23/1/26 14/1/26 21/1/26
f 25/1/27 26/1/27 27/1/27
f 28/1/28 29/1/28 30/1/28
f 31/1/29 32/1/29 33/1/29
f 34/1/30 35/1/30 36/1/30
f 37/1/31 38/1/31 39/1/31
f 40/1/32 41/1/32 42/1/32
f 43/1/33 44/1/33 45/1/33
f 46/1/34 47/1/34 48/1/34
f 25/1/9 32/1/9 31/1/9
f 28/1/10 27/1/10 26/1/10
f 34/1/11 30/1/11 29/1/11
f 33/1/12 36/1/12 35/1/12
f 31/1/13 44/1/13 43/1/13
f 46/1/14 35/1/14 34/1/14
f 45/1/15 48/1/15 47/1/15
f 43/1/16 38/1/16 37/1/16
f 40/1/17 47/1/17 46/1/17
f 39/1/18 42/1/18 41/1/18
f 37/1/19 26/1/19 25/1/19
f 29/1/20 41/1/20 40/1/20
f 43/1/21 25/1/21 31/1/21
f 30/1/22 32/1/22 27/1/22
f 41/1/23 26/1/23 39/1/23
f 34/1/24 40/1/24 46/1/24
f 35/1/25 44/1/25 33/1/25
f 47/1/26 38/1/26 45/1/26
f 49/1/1 50/1/1 51/1/1
f 52/1/2 53/1/2 54/1/2
f 55/1/3 56/1/3 57/1/3
f 58/1/4 59/1/4 60/1/4
f 61/1/5 62/1/5 63/1/5
f 64/1/6 65/1/6 66/1/6
f 67/1/7 68/1/7 69/1/7
f 70/1/8 71/1/8 72/1/8
f 49/1/9 56/1/9 55/1/9
f 52/1/10 51/1/10 50/1/10
f 58/1/11 54/1/11 53/1/11
f 57/1/12 60/1/12 59/1/12
f 55/1/13 68/1/13 67/1/13
f 70/1/14 59/1/14 58/1/14
f 69/1/15 72/1/15 71/1/15
f 67/1/16 62/1/16 61/1/16
f 64/1/17 71/1/17 70/1/17
f 63/1/18 66/1/18 65/1/18
f 61/1/19 50/1/19 49/1/19
f 53/1/20 65/1/20 64/1/20
f 67/1/21 49/1/21 55/1/21
f 54/1/22 56/1/22 51/1/22
f 65/1/23 50/1/23 63/1/23
f 58/1/24 64/1/24 70/1/24
f 59/1/25 68/1/25 57/1/25
f 71/1/26 62/1/26 69/1/26
f 73/1/35 74/1/35 75/1/35
f 76/1/36 77/1/36 78/1/36
f 79/1/37 80/1/37 81/1/37
f 82/1/38 83/1/38 84/1/38
f 85/1/39 86/1/39 87/1/39
f 88/1/40 89/1/40 90/1/40
f 91/1/41 92/1/41 93/1/41
f 94/1/42 95/1/42 96/1/42
f 73/1/9 80/1/9 79/1/9
f 76/1/10 75/1/10 74/1/10
f 82/1/11 78/1/11 77/1/11
f 81/1/12 84/1/12 83/1/12
f 79/1/13 92/1/13 91/1/13
f 94/1/14 83/1/14 82/1/14
f 93/1/15 96/1/15 95/1/15
f 91/1/16 86/1/16 85/1/16
f 88/1/17 95/1/17 94/1/17
f 87/1/18 90/1/18 89/1/18
f 85/1/19 74/1/19 73/1/19
f 77/1/20 89/1/20 88/1/20
f 91/1/21 73/1/21 79/1/21
f 78/1/22 80/1/22 75/1/22
f 89/1/23 74/1/23 87/1/23
f 82/1/24 88/1/24 94/1/24
f 83/1/25 92/1/25 81/1/25
f 95/1/26 86/1/26 93/1/26
f 97/2/35 98/2/35 99/2/35
f 100/2/36 101/2/36 102/2/36
f 103/2/37 104/2/37 105/2/37
f 106/2/38 107/2/38 108/2/38
f 109/2/43 110/2/43 111/2/43
f 112/2/44 113/2/44 114/2/44
f 115/2/45 116/2/45 117/2/45
f 118/2/46 119/2/46 120/2/46
f 97/2/9 104/2/9 103/2/9
f 100/2/10 99/2/10 98/2/10
f 106/2/11 102/2/11 101/2/11
f 105/2/12 108/2/12 107/2/12
f 103/2/13 116/2/13 115/2/13
f 118/2/14 107/2/14 106/2/14
f 117/2/15 120/2/15 119/2/15
f 115/2/16 110/2/16 109/2/16
f 112/2/17 119/2/17 118/2/17
f 111/2/18 114/2/18 113/2/18
f 109/2/19 98/2/19 97/2/19
f 101/2/20 113/2/20 112/2/20
f 115/2/21 97/2/21 103/2/21
f 102/2/22 104/2/22 99/2/22
f 113/2/23 98/2/23 111/2/23
f 106/2/24 112/2/24 118/2/24
f 107/2/25 116/2/25 105/2/25
f 119/2/26 110/2/26 117/2/26
f 121/3/47 122/3/47 123/3/47
f 124/3/36 125/3/36 126/3/36
f 127/3/48 128/3/48 129/3/48
f 130/3/38 131/3/38 132/3/38
f 133/3/43 134/3/43 135/3/43
f 136/3/44 137/3/44 138/3/44
f 139/3/45 140/3/45 141/3/45
f 142/3/46 143/3/46 144/3/46
f 121/3/9 128/3/9 127/3/9
f 124/3/10 123/3/10 122/3/10
f 130/3/11 126/3/11 125/3/11
f 129/3/12 132/3/12 131/3/12
f 127/3/13 140/3/13 139/3/13
f 142/3/14 131/3/14 130/3/14
f 141/3/15 144/3/15 143/3/15
f 139/3/16 134/3/16 133/3/16
f 136/3/17 143/3/17 142/3/17
f 135/3/18 138/3/18 137/3/18
f 133/3/19 122/3/19 121/3/19
f 125/3/20 137/3/20 136/3/20
f 139/3/21 121/3/21 127/3/21
f 126/3/22 128/3/22 123/3/22
f 137/3/23 122/3/23 135/3/23
f 130/3/24 136/3/24 142/3/24
f 131/3/25 140/3/25 129/3/25
f 143/3/26 134/3/26 141/3/26
f 145/4/35 146/4/35 147/4/35
f 148/4/36 149/4/36 150/4/36
f 151/4/37 152/4/37 153/4/37
f 154/4/38 155/4/38 156/4/38
f 157/4/49 158/4/49 159/4/49
f 160/4/50 161/4/50 162/4/50
f 163/4/51 164/4/51 165/4/51
f 166/4/52 167/4/52 168/4/52
f 145/4/9 152/4/9 151/4/9
f 148/4/10 147/4/10 146/4/10
f 154/4/11 150/4/11 149/4/11
f 153/4/12 156/4/12 155/4/12
f 151/4/13 164/4/13 163/4/13
f 166/4/14 155/4/14 154/4/14
f 165/4/15 168/4/15 167/4/15
f 163/4/16 158/4/16 157/4/16
f 160/4/17 167/4/17 166/4/17
f 159/4/18 162/4/18 161/4/18
f 157/4/19 146/4/19 145/4/19
f 149/4/20 161/4/20 160/4/20
f 163/4/21 145/4/21 151/4/21
f 150/4/22 152/4/22 147/4/22
f 161/4/23 146/4/23 159/4/23
f 154/4/24 160/4/24 166/4/24
f 155/4/25 164/4/25 153/4/25
f 167/4/26 158/4/26 165/4/26
f 169/5/1 170/5/1 171/5/1
f 172/5/2 173/5/2 174/5/2
f 175/5/3 176/5/3 177/5/3
f 178/5/4 179/5/4 180/5/4
f 181/5/5 182/5/5 183/5/5
f 184/5/6 185/5/6 186/5/6
f 187/5/7 188/5/7 189/5/7
f 190/5/8 191/5/8 192/5/8
f 169/5/9 176/5/9 175/5/9
f 172/5/10 171/5/10 170/5/10
f 178/5/11 174/5/11 173/5/11
f 177/5/12 180/5/12 179/5/12
f 175/5/13 188/5/13 187/5/13
f 190/5/14 179/5/14 178/5/14
f 189/5/15 192/5/15 191/5/15
f 187/5/16 182/5/16 181/5/16
f 184/5/17 191/5/17 190/5/17
f 183/5/18 186/5/18 185/5/18
f 181/5/19 170/5/19 169/5/19
f 173/5/20 185/5/20 184/5/20
f 187/5/21 169/5/21 175/5/21
f 174/5/22 176/5/22 171/5/22
f 185/5/23 170/5/23 183/5/23
f 178/5/24 184/5/24 190/5/24
f 179/5/25 188/5/25 177/5/25
f 191/5/26 182/5/26 189/5/26
f 193/6/1 194/6/1 195/6/1
f 196/6/2 197/6/2 198/6/2
f 199/6/3 200/6/3 201/6/3
f 202/6/4 203/6/4 204/6/4
f 205/6/5 206/6/5 207/6/5
f 208/6/6 209/6/6 210/6/6
f 211/6/7 212/6/7 213/6/7
f 214/6/8 215/6/8 216/6/8
f 193/6/9 200/6/9 199/6/9
f 196/6/10 195/6/10 194/6/10
f 202/6/11 198/6/11 197/6/11
f 201/6/12 204/6/12 203/6/12
f 199/6/13 212/6/13 211/6/13
f 214/6/14 203/6/14 202/6/14
f 213/6/15 216/6/15 215/6/15
f 211/6/16 206/6/16 205/6/16
f 208/6/17 215/6/17 214/6/17
f 207/6/18 210/6/18 209/6/18
f 205/6/19 194/6/19 193/6/19
f 197/6/20 209/6/20 208/6/20
f 211/6/21 193/6/21 199/6/21
f 198/6/22 200/6/22 195/6/22
f 209/6/23 194/6/23 207/6/23
f 202/6/24 208/6/24 214/6/24
f 203/6/25 212/6/25 201/6/25
f 215/6/26 206/6/26 213/6/26
f 217/7/53 218/7/53 219/7/53
f 220/7/54 221/7/54 222/7/54
f 223/7/55 224/7/55 225/7/55
f 226/7/56 227/7/56 228/7/56
f 229/7/57 230/7/57 231/7/57
f 232/7/58 233/7/58 234/7/58
f 235/7/59 236/7/59 237/7/59
f 238/7/60 239/7/60 240/7/60
f 217/7/61 224/7/61 223/7/61
f 220/7/62 219/7/62 218/7/62
f 226/7/63 222/7/63 221/7/63
f 225/7/64 228/7/64 227/7/64
f 223/7/65 236/7/65 235/7/65
f 238/7/66 227/7/66 226/7/66
f 239/7/67 236/7/67 240/7/67
f 235/7/68 230/7/68 229/7/68
f 232/7/69 239/7/69 238/7/69
f 231/7/70 234/7/70 233/7/70
f 217/7/71 231/7/71 218/7/71
f 232/7/72 220/7/72 233/7/72
f 235/7/73 217/7/73 223/7/73
f 222/7/74 224/7/74 219/7/74
f 233/7/23 218/7/23 231/7/23
f 226/7/75 232/7/75 238/7/75
f 227/7/25 236/7/25 225/7/25
f 239/7/76 230/7/76 237/7/76
f 241/8/47 242/8/47 243/8/47
f 244/8/77 245/8/77 246/8/77
f 247/8/48 248/8/48 249/8/48
f 250/8/78 251/8/78 252/8/78
f 253/8/49 254/8/49 255/8/49
f 256/8/50 257/8/50 258/8/50
f 259/8/51 260/8/51 261/8/51
f 262/8/52 263/8/52 264/8/52
f 241/8/9 248/8/9 247/8/9
f 244/8/10 243/8/10 242/8/10
f 250/8/11 246/8/11 245/8/11
f 249/8/12 252/8/12 251/8/12
f 247/8/13 260/8/13 259/8/13
f 262/8/14 251/8/14 250/8/14
f 261/8/15 264/8/15 263/8/15
f 259/8/16 254/8/16 253/8/16
f 256/8/17 263/8/17 262/8/17
f 255/8/18 258/8/18 257/8/18
f 253/8/19 242/8/19 241/8/19
f 245/8/20 257/8/20 256/8/20
f 259/8/21 241/8/21 247/8/21
f 246/8/22 248/8/22 243/8/22
f 257/8/23 242/8/23 255/8/23
f 250/8/24 256/8/24 262/8/24
f 251/8/25 260/8/25 249/8/25
f 263/8/26 254/8/26 261/8/26
f 265/3/79 266/3/79 267/3/79
f 268/3/80 269/3/80 270/3/80
f 271/3/81 272/3/81 273/3/81
f 274/3/82 275/3/82 276/3/82
f 277/3/83 278/3/83 279/3/83
f 280/3/84 281/3/84 282/3/84
f 283/3/85 284/3/85 285/3/85
f 286/3/86 287/3/86 288/3/86
f 265/3/9 272/3/9 271/3/9
f 268/3/10 267/3/10 266/3/10
f 274/3/11 270/3/11 269/3/11
f 273/3/12 276/3/12 275/3/12
f 271/3/13 284/3/13 283/3/13
f 286/3/14 275/3/14 274/3/14
f 285/3/15 288/3/15 287/3/15
f 283/3/16 278/3/16 277/3/16
f 280/3/17 287/3/17 286/3/17
f 279/3/18 282/3/18 281/3/18
f 277/3/19 266/3/19 265/3/19
f 269/3/20 281/3/20 280/3/20
f 283/3/21 265/3/21 271/3/21
f 270/3/22 272/3/22 267/3/22
f 281/3/23 266/3/23 279/3/23
f 274/3/24 280/3/24 286/3/24
f 275/3/25 284/3/25 273/3/25
f 287/3/26 278/3/26 285/3/26
f 289/4/1 290/4/1 291/4/1
f 292/4/2 293/4/2 294/4/2
f 295/4/3 296/4/3 297/4/3
f 298/4/4 299/4/4 300/4/4
f 301/4/83 302/4/83 303/4/83
f 304/4/84 305/4/84 306/4/84
f 307/4/85 308/4/85 309/4/85
f 310/4/86 311/4/86 312/4/86
f 289/4/9 296/4/9 295/4/9
f 292/4/10 291/4/10 290/4/10
f 298/4/11 294/4/11 293/4/11
f 297/4/12 300/4/12 299/4/12
f 295/4/13 308/4/13 307/4/13
f 310/4/14 299/4/14 298/4/14
f 309/4/15 312/4/15 311/4/15
f 307/4/16 302/4/16 301/4/16
f 304/4/17 311/4/17 310/4/17
f 303/4/18 306/4/18 305/4/18
f 301/4/19 290/4/19 289/4/19
f 293/4/20 305/4/20 304/4/20
f 307/4/21 289/4/21 295/4/21
f 294/4/22 296/4/22 291/4/22
f 305/4/23 290/4/23 303/4/23
f 298/4/24 304/4/24 310/4/24
f 299/4/25 308/4/25 297/4/25
f 311/4/26 302/4/26 309/4/26
f 313/5/87 314/5/87 315/5/87
f 316/5/88 317/5/88 318/5/88
f 319/5/89 320/5/89 321/5/89
f 322/5/90 323/5/90 324/5/90
f 325/5/91 326/5/91 327/5/91
f 328/5/92 329/5/92 330/5/92
f 331/5/41 332/5/41 333/5/41
f 334/5/42 335/5/42 336/5/42
f 313/5/9 320/5/9 319/5/9
f 316/5/10 315/5/10 314/5/10
f 322/5/11 318/5/11 317/5/11
f 321/5/12 324/5/12 323/5/12
f 319/5/13 332/5/13 331/5/13
f 334/5/14 323/5/14 322/5/14
f 333/5/15 336/5/15 335/5/15
f 331/5/16 326/5/16 325/5/16
f 328/5/17 335/5/17 334/5/17
f 327/5/18 330/5/18 329/5/18
f 325/5/19 314/5/19 313/5/19
f 317/5/20 329/5/20 328/5/20
f 331/5/21 313/5/21 319/5/21
f 318/5/22 320/5/22 315/5/22
f 329/5/23 314/5/23 327/5/23
f 322/5/24 328/5/24 334/5/24
f 323/5/25 332/5/25 321/5/25
f 335/5/26 326/5/26 333/5/26
f 337/6/47 338/6/47 339/6/47
f 340/6/77 341/6/77 342/6/77
f 343/6/48 344/6/48 345/6/48
f 346/6/78 347/6/78 348/6/78
f 349/6/91 350/6/91 351/6/91
f 352/6/92 353/6/92 354/6/92
f 355/6/41 356/6/41 357/6/41
f 358/6/42 359/6/42 360/6/42
f 337/6/9 344/6/9 343/6/9
f 340/6/10 339/6/10 338/6/10
f 346/6/11 342/6/11 341/6/11
f 345/6/12 348/6/12 347/6/12
f 343/6/13 356/6/13 355/6/13
f 358/6/14 347/6/14 346/6/14
f 357/6/15 360/6/15 359/6/15
f 355/6/16 350/6/16 349/6/16
f 352/6/17 359/6/17 358/6/17
f 351/6/18 354/6/18 353/6/18
f 349/6/19 338/6/19 337/6/19
f 341/6/20 353/6/20 352/6/20
f 355/6/21 337/6/21 343/6/21
f 342/6/22 344/6/22 339/6/22
f 353/6/23 338/6/23 351/6/23
f 346/6/24 352/6/24 358/6/24
f 347/6/25 356/6/25 345/6/25
f 359/6/26 350/6/26 357/6/26
f 361/7/27 362/7/27 363/7/27
f 364/7/28 365/7/28 366/7/28
f 367/7/29 368/7/29 369/7/29
f 370/7/30 371/7/30 372/7/30
f 373/7/31 374/7/31 375/7/31
f 376/7/32 377/7/32 378/7/32
f 379/7/33 380/7/33 381/7/33
f 382/7/34 383/7/34 384/7/34
f 361/7/9 368/7/9 367/7/9
f 364/7/10 363/7/10 362/7/10
f 370/7/11 366/7/11 365/7/11
f 369/7/12 372/7/12 371/7/12
f 367/7/13 380/7/13 379/7/13
f 382/7/14 371/7/14 370/7/14
f 381/7/15 384/7/15 383/7/15
f 379/7/16 374/7/16 373/7/16
f 376/7/17 383/7/17 382/7/17
f 375/7/18 378/7/18 377/7/18
f 373/7/19 362/7/19 361/7/19
f 365/7/20 377/7/20 376/7/20
f 379/7/21 361/7/21 367/7/21
f 366/7/22 368/7/22 363/7/22
f 377/7/23 362/7/23 375/7/23
f 370/7/24 376/7/24 382/7/24
f 371/7/25 380/7/25 369/7/25
f 383/7/26 374/7/26 381/7/26
f 385/8/1 386/8/1 387/8/1
f 388/8/2 389/8/2 390/8/2
f 391/8/3 392/8/3 393/8/3
f 394/8/4 395/8/4 396/8/4
f 397/8/5 398/8/5 399/8/5
f 400/8/6 401/8/6 402/8/6
f 403/8/7 404/8/7 405/8/7
f 406/8/8 407/8/8 408/8/8
f 385/8/9 392/8/9 391/8/9
f 388/8/10 387/8/10 386/8/10
f 394/8/11 390/8/11 389/8/11
f 393/8/12 396/8/12 395/8/12
f 391/8/13 404/8/13 403/8/13
f 406/8/14 395/8/14 394/8/14
f 405/8/15 408/8/15 407/8/15
f 403/8/16 398/8/16 397/8/16
f 400/8/17 407/8/17 406/8/17
f 399/8/18 402/8/18 401/8/18
f 397/8/19 386/8/19 385/8/19
f 389/8/20 401/8/20 400/8/20
f 403/8/21 385/8/21 391/8/21
f 390/8/22 392/8/22 387/8/22
f 401/8/23 386/8/23 399/8/23
f 394/8/24 400/8/24 406/8/24
f 395/8/25 404/8/25 393/8/25
f 407/8/26 398/8/26 405/8/26
f 409/3/87 410/3/87 411/3/87
f 412/3/88 413/3/88 414/3/88
f 415/3/89 416/3/89 417/3/89
f 418/3/90 419/3/90 420/3/90
f 421/3/91 422/3/91 423/3/91
f 424/3/92 425/3/92 426/3/92
f 427/3/41 428/3/41 429/3/41
f 430/3/42 431/3/42 432/3/42
f 409/3/9 416/3/9 415/3/9
f 412/3/10 411/3/10 410/3/10
f 418/3/11 414/3/11 413/3/11
f 417/3/12 420/3/12 419/3/12
f 415/3/13 428/3/13 427/3/13
f 430/3/14 419/3/14 418/3/14
f 429/3/15 432/3/15 431/3/15
f 427/3/16 422/3/16 421/3/16
f 424/3/17 431/3/17 430/3/17
f 423/3/18 426/3/18 425/3/18
f 421/3/19 410/3/19 409/3/19
f 413/3/20 425/3/20 424/3/20
f 427/3/21 409/3/21 415/3/21
f 414/3/22 416/3/22 411/3/22
f 425/3/23 410/3/23 423/3/23
f 418/3/24 424/3/24 430/3/24
f 419/3/25 428/3/25 417/3/25
f 431/3/26 422/3/26 429/3/26
f 433/4/53 434/4/53 435/4/53
f 436/4/93 437/4/93 438/4/93
f 439/4/55 440/4/55 441/4/55
f 442/4/94 443/4/94 444/4/94
f 445/4/95 446/4/95 447/4/95
f 448/4/58 449/4/58 450/4/58
f 451/4/59 452/4/59 453/4/59
f 454/4/60 455/4/60 456/4/60
f 433/4/61 440/4/61 439/4/61
f 436/4/62 435/4/62 434/4/62
f 442/4/63 438/4/63 437/4/63
f 441/4/64 444/4/64 443/4/64
f 439/4/65 452/4/65 451/4/65
f 454/4/66 443/4/66 442/4/66
f 453/4/67 456/4/67 455/4/67
f 451/4/68 446/4/68 445/4/68
f 448/4/69 455/4/69 454/4/69
f 449/4/70 446/4/70 450/4/70
f 445/4/71 434/4/71 433/4/71
f 448/4/72 436/4/72 449/4/72
f 451/4/73 433/4/73 439/4/73
f 438/4/74 440/4/74 435/4/74
f 449/4/23 434/4/23 447/4/23
f 442/4/75 448/4/75 454/4/75
f 443/4/25 452/4/25 441/4/25
f 455/4/76 446/4/76 453/4/76
f 457/2/1 458/2/1 459/2/1
f 460/2/2 461/2/2 462/2/2
f 463/2/3 464/2/3 465/2/3
f 466/2/4 467/2/4 468/2/4
f 469/2/83 470/2/83 471/2/83
f 472/2/84 473/2/84 474/2/84
f 475/2/85 476/2/85 477/2/85
f 478/2/86 479/2/86 480/2/86
f 457/2/9 464/2/9 463/2/9
f 460/2/10 459/2/10 458/2/10
f 466/2/11 462/2/11 461/2/11
f 465/2/12 468/2/12 467/2/12
f 463/2/13 476/2/13 475/2/13
f 478/2/14 467/2/14 466/2/14
f 477/2/15 480/2/15 479/2/15
f 475/2/16 470/2/16 469/2/16
f 472/2/17 479/2/17 478/2/17
f 471/2/18 474/2/18 473/2/18
f 469/2/19 458/2/19 457/2/19
f 461/2/20 473/2/20 472/2/20
f 475/2/21 457/2/21 463/2/21
f 462/2/22 464/2/22 459/2/22
f 473/2/23 458/2/23 471/2/23
f 466/2/24 472/2/24 478/2/24
f 467/2/25 476/2/25 465/2/25
f 479/2/26 470/2/26 477/2/26
f 481/5/1 482/5/1 483/5/1
f 484/5/2 485/5/2 486/5/2
f 487/5/3 488/5/3 489/5/3
f 490/5/4 491/5/4 492/5/4
f 493/5/5 494/5/5 495/5/5
f 496/5/6 497/5/6 498/5/6
f 499/5/7 500/5/7 501/5/7
f 502/5/8 503/5/8 504/5/8
f 481/5/9 488/5/9 487/5/9
f 484/5/10 483/5/10 482/5/10
f 490/5/11 486/5/11 485/5/11
f 489/5/12 492/5/12 491/5/12
f 487/5/13 500/5/13 499/5/13
f 502/5/14 491/5/14 490/5/14
f 501/5/15 504/5/15 503/5/15
f 499/5/16 494/5/16 493/5/16
f 496/5/17 503/5/17 502/5/17
f 495/5/18 498/5/18 497/5/18
f 493/5/19 482/5/19 481/5/19
f 485/5/20 497/5/20 496/5/20
f 499/5/21 481/5/21 487/5/21
f 486/5/22 488/5/22 483/5/22
f 497/5/23 482/5/23 495/5/23
f 490/5/24 496/5/24 502/5/24
f 491/5/25 500/5/25 489/5/25
f 503/5/26 494/5/26 501/5/26
f 505/6/1 506/6/1 507/6/1
f 508/6/80 509/6/80 510/6/80
f 511/6/3 512/6/3 513/6/3
f 514/6/96 515/6/96 516/6/96
f 517/6/5 518/6/5 519/6/5
f 520/6/84 521/6/84 522/6/84
f 523/6/7 524/6/7 525/6/7
f 526/6/97 527/6/97 528/6/97
f 505/6/9 512/6/9 511/6/9
f 508/6/10 507/6/10 506/6/10
f 514/6/11 510/6/11 509/6/11
f 513/6/12 516/6/12 515/6/12
f 511/6/13 524/6/13 523/6/13
f 526/6/14 515/6/14 514/6/14
f 525/6/15 528/6/15 527/6/15
f 523/6/16 518/6/16 517/6/16
f 520/6/17 527/6/17 526/6/17
f 519/6/18 522/6/18 521/6/18
f 517/6/19 506/6/19 505/6/19
f 509/6/20 521/6/20 520/6/20
f 523/6/21 505/6/21 511/6/21
f 510/6/22 512/6/22 507/6/22
f 521/6/23 506/6/23 519/6/23
f 514/6/24 520/6/24 526/6/24
f 515/6/25 524/6/25 513/6/25
f 527/6/26 518/6/26 525/6/26
f 529/7/1 530/7/1 531/7/1
f 532/7/2 533/7/2 534/7/2
f 535/7/3 536/7/3 537/7/3
f 538/7/4 539/7/4 540/7/4
f 541/7/5 542/7/5 543/7/5
f 544/7/6 545/7/6 546/7/6
f 547/7/7 548/7/7 549/7/7
f 550/7/8 551/7/8 552/7/8
f 529/7/9 536/7/9 535/7/9
f 532/7/10 531/7/10 530/7/10
f 538/7/11 534/7/11 533/7/11
f 537/7/12 540/7/12 539/7/12
f 535/7/13 548/7/13 547/7/13
f 550/7/14 539/7/14 538/7/14
f 549/7/15 552/7/15 551/7/15
f 547/7/16 542/7/16 541/7/16
f 544/7/17 551/7/17 550/7/17
f 543/7/18 546/7/18 545/7/18
f 541/7/19 530/7/19 529/7/19
f 533/7/20 545/7/20 544/7/20
f 547/7/21 529/7/21 535/7/21
f 534/7/22 536/7/22 531/7/22
f 545/7/23 530/7/23 543/7/23
f 538/7/24 544/7/24 550/7/24
f 539/7/25 548/7/25 537/7/25
f 551/7/26 542/7/26 549/7/26
f 553/8/1 554/8/1 555/8/1
f 556/8/2 557/8/2 558/8/2
f 559/8/3 560/8/3 561/8/3
f 562/8/4 563/8/4 564/8/4
f 565/8/5 566/8/5 567/8/5
f 568/8/6 569/8/6 570/8/6
f 571/8/7 572/8/7 573/8/7
f 574/8/8 575/8/8 576/8/8
f 553/8/9 560/8/9 559/8/9
f 556/8/10 555/8/10 554/8/10
f 562/8/11 558/8/11 557/8/11
f 561/8/12 564/8/12 563/8/12
f 559/8/13 572/8/13 571/8/13
f 574/8/14 563/8/14 562/8/14
f 573/8/15 576/8/15 575/8/15
f 571/8/16 566/8/16 565/8/16
f 568/8/17 575/8/17 574/8/17
f 567/8/18 570/8/18 569/8/18
f 565/8/19 554/8/19 553/8/19
f 557/8/20 569/8/20 568/8/20
f 571/8/21 553/8/21 559/8/21
f 558/8/22 560/8/22 555/8/22
f 569/8/23 554/8/23 567/8/23
f 562/8/24 568/8/24 574/8/24
f 563/8/25 572/8/25 561/8/25
f 575/8/26 566/8/26 573/8/26
f 577/3/1 578/3/1 579/3/1
f 580/3/80 581/3/80 582/3/80
f 583/3/3 584/3/3 585/3/3
f 586/3/82 587/3/82 588/3/82
f 589/3/83 590/3/83 591/3/83
f 592/3/84 593/3/84 594/3/84
f 595/3/85 596/3/85 597/3/85
f 598/3/86 599/3/86 600/3/86
f 577/3/9 584/3/9 583/3/9
f 580/3/10 579/3/10 578/3/10
f 586/3/11 582/3/11 581/3/11
f 585/3/12 588/3/12 587/3/12
f 583/3/13 596/3/13 595/3/13
f 598/3/14 587/3/14 586/3/14
f 597/3/15 600/3/15 599/3/15
f 595/3/16 590/3/16 589/3/16
f 592/3/17 599/3/17 598/3/17
f 591/3/18 594/3/18 593/3/18
f 589/3/19 578/3/19 577/3/19
f 581/3/20 593/3/20 592/3/20
f 595/3/21 577/3/21 583/3/21
f 582/3/22 584/3/22 579/3/22
f 593/3/23 578/3/23 591/3/23
f 586/3/24 592/3/24 598/3/24
f 587/3/25 596/3/25 585/3/25
f 599/3/26 590/3/26 597/3/26
f 601/4/1 602/4/1 603/4/1
f 604/4/2 605/4/2 606/4/2
f 607/4/3 608/4/3 609/4/3
f 610/4/30 611/4/30 612/4/30
f 613/4/83 614/4/83 615/4/83
f 616/4/50 617/4/50 618/4/50
f 619/4/85 620/4/85 621/4/85
f 622/4/52 623/4/52 624/4/52
f 601/4/9 608/4/9 607/4/9
f 604/4/10 603/4/10 602/4/10
f 610/4/11 606/4/11 605/4/11
f 609/4/12 612/4/12 611/4/12
f 607/4/13 620/4/13 619/4/13
f 622/4/14 611/4/14 610/4/14
f 621/4/15 624/4/15 623/4/15
f 619/4/16 614/4/16 613/4/16
f 616/4/17 623/4/17 622/4/17
f 615/4/18 618/4/18 617/4/18
f 613/4/19 602/4/19 601/4/19
f 605/4/20 617/4/20 616/4/20
f 619/4/21 601/4/21 607/4/21
f 606/4/22 608/4/22 603/4/22
f 617/4/23 602/4/23 615/4/23
f 610/4/24 616/4/24 622/4/24
f 611/4/25 620/4/25 609/4/25
f 623/4/26 614/4/26 621/4/26
f 625/5/79 626/5/79 627/5/79
f 628/5/77 629/5/77 630/5/77
f 631/5/81 632/5/81 633/5/81
f 634/5/78 635/5/78 636/5/78
f 637/5/83 638/5/83 639/5/83
f 640/5/50 641/5/50 642/5/50
f 643/5/85 644/5/85 645/5/85
f 646/5/52 647/5/52 648/5/52
f 625/5/9 632/5/9 631/5/9
f 628/5/10 627/5/10 626/5/10
f 634/5/11 630/5/11 629/5/11
f 633/5/12 636/5/12 635/5/12
f 631/5/13 644/5/13 643/5/13
f 646/5/14 635/5/14 634/5/14
f 645/5/15 648/5/15 647/5/15
f 643/5/16 638/5/16 637/5/16
f 640/5/17 647/5/17 646/5/17
f 639/5/18 642/5/18 641/5/18
f 637/5/19 626/5/19 625/5/19
f 629/5/20 641/5/20 640/5/20
f 643/5/21 625/5/21 631/5/21
f 630/5/22 632/5/22 627/5/22
f 641/5/23 626/5/23 639/5/23
f 634/5/24 640/5/24 646/5/24
f 635/5/25 644/5/25 633/5/25
f 647/5/26 638/5/26 645/5/26
f 649/6/79 650/6/79 651/6/79
f 652/6/77 653/6/77 654/6/77
f 655/6/81 656/6/81 657/6/81
f 658/6/78 659/6/78 660/6/78
f 661/6/83 662/6/83 663/6/83
f 664/6/50 665/6/50 666/6/50
f 667/6/85 668/6/85 669/6/85
f 670/6/52 671/6/52 672/6/52
f 649/6/9 656/6/9 655/6/9
f 652/6/10 651/6/10 650/6/10
f 658/6/11 654/6/11 653/6/11
f 657/6/12 660/6/12 659/6/12
f 655/6/13 668/6/13 667/6/13
f 670/6/14 659/6/14 658/6/14
f 669/6/15 672/6/15 671/6/15
f 667/6/16 662/6/16 661/6/16
f 664/6/17 671/6/17 670/6/17
f 663/6/18 666/6/18 665/6/18
f 661/6/19 650/6/19 649/6/19
f 653/6/20 665/6/20 664/6/20
f 667/6/21 649/6/21 655/6/21
f 654/6/22 656/6/22 651/6/22
f 665/6/23 650/6/23 663/6/23
f 658/6/24 664/6/24 670/6/24
f 659/6/25 668/6/25 657/6/25
f 671/6/26 662/6/26 669/6/26
f 673/7/98 674/7/98 675/7/98
f 676/7/99 677/7/99 678/7/99
f 679/7/100 680/7/100 681/7/100
f 682/7/101 683/7/101 684/7/101
f 685/7/57 686/7/57 687/7/57
f 688/7/58 689/7/58 690/7/58
f 691/7/102 692/7/102 693/7/102
f 694/7/60 695/7/60 696/7/60
f 673/7/61 680/7/61 679/7/61
f 676/7/62 675/7/62 674/7/62
f 682/7/63 678/7/63 677/7/63
f 681/7/64 684/7/64 683/7/64
f 691/7/65 681/7/65 692/7/65
f 694/7/66 683/7/66 682/7/66
f 693/7/67 696/7/67 695/7/67
f 691/7/68 686/7/68 685/7/68
f 688/7/69 695/7/69 694/7/69
f 687/7/70 690/7/70 689/7/70
f 685/7/71 674/7/71 673/7/71
f 677/7/72 689/7/72 688/7/72
f 691/7/73 673/7/73 679/7/73
f 678/7/74 680/7/74 675/7/74
f 687/7/23 676/7/23 674/7/23
f 682/7/75 688/7/75 694/7/75
f 681/7/25 696/7/25 692/7/25
f 695/7/76 686/7/76 693/7/76
f 697/8/1 698/8/1 699/8/1
f 700/8/2 701/8/2 702/8/2
f 703/8/3 704/8/3 705/8/3
f 706/8/4 707/8/4 708/8/4
f 709/8/5 710/8/5 711/8/5
f 712/8/6 713/8/6 714/8/6
f 715/8/7 716/8/7 717/8/7
f 718/8/8 719/8/8 720/8/8
f 697/8/9 704/8/9 703/8/9
f 700/8/10 699/8/10 698/8/10
f 706/8/11 702/8/11 701/8/11
f 705/8/12 708/8/12 707/8/12
f 703/8/13 716/8/13 715/8/13
f 718/8/14 707/8/14 706/8/14
f 717/8/15 720/8/15 719/8/15
f 715/8/16 710/8/16 709/8/16
f 712/8/17 719/8/17 718/8/17
f 711/8/18 714/8/18 713/8/18
f 709/8/19 698/8/19 697/8/19
f 701/8/20 713/8/20 712/8/20
f 715/8/21 697/8/21 703/8/21
f 702/8/22 704/8/22 699/8/22
f 713/8/23 698/8/23 711/8/23
f 706/8/24 712/8/24 718/8/24
f 707/8/25 716/8/25 705/8/25
f 719/8/26 710/8/26 717/8/26
f 721/3/27 722/3/27 723/3/27
f 724/3/28 725/3/28 726/3/28
f 727/3/29 728/3/29 729/3/29
f 730/3/30 731/3/30 732/3/30
f 733/3/31 734/3/31 735/3/31
f 736/3/32 737/3/32 738/3/32
f 739/3/33 740/3/33 741/3/33
f 742/3/34 743/3/34 744/3/34
f 721/3/9 728/3/9 727/3/9
f 724/3/10 723/3/10 722/3/10
f 730/3/11 726/3/11 725/3/11
f 729/3/12 732/3/12 731/3/12
f 727/3/13 740/3/13 739/3/13
f 742/3/14 731/3/14 730/3/14
f 741/3/15 744/3/15 743/3/15
f 739/3/16 734/3/16 733/3/16
f 736/3/17 743/3/17 742/3/17
f 735/3/18 738/3/18 737/3/18
f 733/3/19 722/3/19 721/3/19
f 725/3/20 737/3/20 736/3/20
f 739/3/21 721/3/21 727/3/21
f 726/3/22 728/3/22 723/3/22
f 737/3/23 722/3/23 735/3/23
f 730/3/24 736/3/24 742/3/24
f 731/3/25 740/3/25 729/3/25
f 743/3/26 734/3/26 741/3/26
f 745/4/47 746/4/47 747/4/47
f 748/4/77 749/4/77 750/4/77
f 751/4/48 752/4/48 753/4/48
f 754/4/78 755/4/78 756/4/78
f 757/4/49 758/4/49 759/4/49
f 760/4/50 761/4/50 762/4/50
f 763/4/51 764/4/51 765/4/51
f 766/4/52 767/4/52 768/4/52
f 745/4/9 752/4/9 751/4/9
f 748/4/10 747/4/10 746/4/10
f 754/4/11 750/4/11 749/4/11
f 753/4/12 756/4/12 755/4/12
f 751/4/13 764/4/13 763/4/13
f 766/4/14 755/4/14 754/4/14
f 765/4/15 768/4/15 767/4/15
f 763/4/16 758/4/16 757/4/16
f 760/4/17 767/4/17 766/4/17
f 759/4/18 762/4/18 761/4/18
f 757/4/19 746/4/19 745/4/19
f 749/4/20 761/4/20 760/4/20
f 763/4/21 745/4/21 751/4/21
f 750/4/22 752/4/22 747/4/22
f 761/4/23 746/4/23 759/4/23
f 754/4/24 760/4/24 766/4/24
f 755/4/25 764/4/25 753/4/25
f 767/4/26 758/4/26 765/4/26
f 769/5/47 770/5/47 771/5/47
f 772/5/77 773/5/77 774/5/77
f 775/5/48 776/5/48 777/5/48
f 778/5/78 779/5/78 780/5/78
f 781/5/83 782/5/83 783/5/83
f 784/5/50 785/5/50 786/5/50
f 787/5/85 788/5/85 789/5/85
f 790/5/52 791/5/52 792/5/52
f 769/5/9 776/5/9 775/5/9
f 772/5/10 771/5/10 770/5/10
f 778/5/11 774/5/11 773/5/11
f 777/5/12 780/5/12 779/5/12
f 775/5/13 788/5/13 787/5/13
f 790/5/14 779/5/14 778/5/14
f 789/5/15 792/5/15 791/5/15
f 787/5/16 782/5/16 781/5/16
f 784/5/17 791/5/17 790/5/17
f 783/5/18 786/5/18 785/5/18
f 781/5/19 770/5/19 769/5/19
f 773/5/20 785/5/20 784/5/20
f 787/5/21 769/5/21 775/5/21
f 774/5/22 776/5/22 771/5/22
f 785/5/23 770/5/23 783/5/23
f 778/5/24 784/5/24 790/5/24
f 779/5/25 788/5/25 777/5/25
f 791/5/26 782/5/26 789/5/26
f 793/6/79 794/6/79 795/6/79
f 796/6/77 797/6/77 798/6/77
f 799/6/81 800/6/81 801/6/81
f 802/6/78 803/6/78 804/6/78
f 805/6/83 806/6/83 807/6/83
f 808/6/32 809/6/32 810/6/32
f 811/6/85 812/6/85 813/6/85
f 814/6/34 815/6/34 816/6/34
f 793/6/9 800/6/9 799/6/9
f 796/6/10 795/6/10 794/6/10
f 802/6/11 798/6/11 797/6/11
f 801/6/12 804/6/12 803/6/12
f 799/6/13 812/6/13 811/6/13
f 814/6/14 803/6/14 802/6/14
f 813/6/15 816/6/15 815/6/15
f 811/6/16 806/6/16 805/6/16
f 808/6/17 815/6/17 814/6/17
f 807/6/18 810/6/18 809/6/18
f 805/6/19 794/6/19 793/6/19
f 797/6/20 809/6/20 808/6/20
f 811/6/21 793/6/21 799/6/21
f 798/6/22 800/6/22 795/6/22
f 809/6/23 794/6/23 807/6/23
f 802/6/24 808/6/24 814/6/24
f 803/6/25 812/6/25 801/6/25
f 815/6/26 806/6/26 813/6/26
f 817/2/103 818/2/103 819/2/103
f 820/2/104 821/2/104 822/2/104
f 823/2/48 824/2/48 825/2/48
f 826/2/4 827/2/4 828/2/4
f 829/2/43 830/2/43 831/2/43
f 832/2/50 833/2/50 834/2/50
f 835/2/45 836/2/45 837/2/45
f 838/2/52 839/2/52 840/2/52
f 817/2/9 824/2/9 823/2/9
f 820/2/10 819/2/10 818/2/10
f 826/2/11 822/2/11 821/2/11
f 825/2/12 828/2/12 827/2/12
f 823/2/13 836/2/13 835/2/13
f 838/2/14 827/2/14 826/2/14
f 837/2/15 840/2/15 839/2/15
f 835/2/16 830/2/16 829/2/16
f 832/2/17 839/2/17 838/2/17
f 831/2/18 834/2/18 833/2/18
f 829/2/19 818/2/19 817/2/19
f 821/2/20 833/2/20 832/2/20
f 835/2/21 817/2/21 823/2/21
f 822/2/22 824/2/22 819/2/22
f 833/2/23 818/2/23 831/2/23
f 826/2/24 832/2/24 838/2/24
f 827/2/25 836/2/25 825/2/25
f 839/2/26 830/2/26 837/2/26
f 841/7/79 842/7/79 843/7/79
f 844/7/80 845/7/80 846/7/80
f 847/7/48 848/7/48 849/7/48
f 850/7/78 851/7/78 852/7/78
f 853/7/49 854/7/49 855/7/49
f 856/7/50 857/7/50 858/7/50
f 859/7/51 860/7/51 861/7/51
f 862/7/52 863/7/52 864/7/52
f 841/7/9 848/7/9 847/7/9
f 844/7/10 843/7/10 842/7/10
f 850/7/11 846/7/11 845/7/11
f 849/7/12 852/7/12 851/7/12
f 847/7/13 860/7/13 859/7/13
f 862/7/14 851/7/14 850/7/14
f 861/7/15 864/7/15 863/7/15
f 859/7/16 854/7/16 853/7/16
f 856/7/17 863/7/17 862/7/17
f 855/7/18 858/7/18 857/7/18
f 853/7/19 842/7/19 841/7/19
f 845/7/20 857/7/20 856/7/20
f 859/7/21 841/7/21 847/7/21
f 846/7/22 848/7/22 843/7/22
f 857/7/23 842/7/23 855/7/23
f 850/7/24 856/7/24 862/7/24
f 851/7/25 860/7/25 849/7/25
f 863/7/26 854/7/26 861/7/26
f 865/8/79 866/8/79 867/8/79
f 868/8/77 869/8/77 870/8/77
f 871/8/81 872/8/81 873/8/81
f 874/8/78 875/8/78 876/8/78
f 877/8/49 878/8/49 879/8/49
f 880/8/50 881/8/50 882/8/50
f 883/8/51 884/8/51 885/8/51
f 886/8/52 887/8/52 888/8/52
f 865/8/9 872/8/9 871/8/9
f 868/8/10 867/8/10 866/8/10
f 874/8/11 870/8/11 869/8/11
f 873/8/12 876/8/12 875/8/12
f 871/8/13 884/8/13 883/8/13
f 886/8/14 875/8/14 874/8/14
f 885/8/15 888/8/15 887/8/15
f 883/8/16 878/8/16 877/8/16
f 880/8/17 887/8/17 886/8/17
f 879/8/18 882/8/18 881/8/18
f 877/8/19 866/8/19 865/8/19
f 869/8/20 881/8/20 880/8/20
f 883/8/21 865/8/21 871/8/21
f 870/8/22 872/8/22 867/8/22
f 881/8/23 866/8/23 879/8/23
f 874/8/24 880/8/24 886/8/24
f 875/8/25 884/8/25 873/8/25
f 887/8/26 878/8/26 885/8/26
f 889/3/79 890/3/79 891/3/79
f 892/3/80 893/3/80 894/3/80
f 895/3/105 896/3/105 897/3/105
f 898/3/96 899/3/96 900/3/96
f 901/3/5 902/3/5 903/3/5
f 904/3/6 905/3/6 906/3/6
f 907/3/33 908/3/33 909/3/33
f 910/3/34 911/3/34 912/3/34
f 889/3/9 896/3/9 895/3/9
f 892/3/10 891/3/10 890/3/10
f 898/3/11 894/3/11 893/3/11
f 897/3/12 900/3/12 899/3/12
f 895/3/13 908/3/13 907/3/13
f 910/3/14 899/3/14 898/3/14
f 909/3/15 912/3/15 911/3/15
f 907/3/16 902/3/16 901/3/16
f 904/3/17 911/3/17 910/3/17
f 903/3/18 906/3/18 905/3/18
f 901/3/19 890/3/19 889/3/19
f 893/3/20 905/3/20 904/3/20
f 907/3/21 889/3/21 895/3/21
f 894/3/22 896/3/22 891/3/22
f 905/3/23 890/3/23 903/3/23
f 898/3/24 904/3/24 910/3/24
f 899/3/25 908/3/25 897/3/25
f 911/3/26 902/3/26 909/3/26
f 913/4/98 914/4/98 915/4/98
f 916/4/99 917/4/99 918/4/99
f 919/4/100 920/4/100 921/4/100
f 922/4/101 923/4/101 924/4/101
f 925/4/95 926/4/95 927/4/95
f 928/4/106 929/4/106 930/4/106
f 931/4/59 932/4/59 933/4/59
f 934/4/107 935/4/107 936/4/107
f 913/4/61 920/4/61 919/4/61
f 914/4/62 918/4/62 915/4/62
f 922/4/63 918/4/63 917/4/63
f 921/4/64 924/4/64 923/4/64
f 931/4/65 921/4/65 932/4/65
f 922/4/66 936/4/66 923/4/66
f 933/4/67 936/4/67 935/4/67
f 931/4/68 926/4/68 925/4/68
f 928/4/69 935/4/69 934/4/69
f 929/4/70 926/4/70 930/4/70
f 925/4/71 914/4/71 913/4/71
f 917/4/72 929/4/72 928/4/72
f 931/4/73 913/4/73 919/4/73
f 918/4/74 920/4/74 915/4/74
f 929/4/23 914/4/23 927/4/23
f 922/4/75 928/4/75 934/4/75
f 923/4/25 932/4/25 921/4/25
f 935/4/76 926/4/76 933/4/76
f 937/5/1 938/5/1 939/5/1
f 940/5/2 941/5/2 942/5/2
f 943/5/29 944/5/29 945/5/29
f 946/5/30 947/5/30 948/5/30
f 949/5/5 950/5/5 951/5/5
f 952/5/6 953/5/6 954/5/6
f 955/5/33 956/5/33 957/5/33
f 958/5/34 959/5/34 960/5/34
f 937/5/9 944/5/9 943/5/9
f 940/5/10 939/5/10 938/5/10
f 946/5/11 942/5/11 941/5/11
f 945/5/12 948/5/12 947/5/12
f 943/5/13 956/5/13 955/5/13
f 958/5/14 947/5/14 946/5/14
f 957/5/15 960/5/15 959/5/15
f 955/5/16 950/5/16 949/5/16
f 952/5/17 959/5/17 958/5/17
f 951/5/18 954/5/18 953/5/18
f 949/5/19 938/5/19 937/5/19
f 941/5/20 953/5/20 952/5/20
f 955/5/21 937/5/21 943/5/21
f 942/5/22 944/5/22 939/5/22
f 953/5/23 938/5/23 951/5/23
f 946/5/24 952/5/24 958/5/24
f 947/5/25 956/5/25 945/5/25
f 959/5/26 950/5/26 957/5/26
f 961/6/47 962/6/47 963/6/47
f 964/6/77 965/6/77 966/6/77
f 967/6/48 968/6/48 969/6/48
f 970/6/78 971/6/78 972/6/78
f 973/6/5 974/6/5 975/6/5
f 976/6/6 977/6/6 978/6/6
f 979/6/7 980/6/7 981/6/7
f 982/6/8 983/6/8 984/6/8
f 961/6/9 968/6/9 967/6/9
f 964/6/10 963/6/10 962/6/10
f 970/6/11 966/6/11 965/6/11
f 969/6/12 972/6/12 971/6/12
f 967/6/13 980/6/13 979/6/13
f 982/6/14 971/6/14 970/6/14
f 981/6/15 984/6/15 983/6/15
f 979/6/16 974/6/16 973/6/16
f 976/6/17 983/6/17 982/6/17
f 975/6/18 978/6/18 977/6/18
f 973/6/19 962/6/19 961/6/19
f 965/6/20 977/6/20 976/6/20
f 979/6/21 961/6/21 967/6/21
f 966/6/22 968/6/22 963/6/22
f 977/6/23 962/6/23 975/6/23
f 970/6/24 976/6/24 982/6/24
f 971/6/25 980/6/25 969/6/25
f 983/6/26 974/6/26 981/6/26
f 985/7/27 986/7/27 987/7/27
f 988/7/28 989/7/28 990/7/28
f 991/7/29 992/7/29 993/7/29
f 994/7/30 995/7/30 996/7/30
f 997/7/31 998/7/31 999/7/31
f 1000/7/32 1001/7/32 1002/7/32
f 1003/7/33 1004/7/33 1005/7/33
f 1006/7/34 1007/7/34 1008/7/34
f 985/7/9 992/7/9 991/7/9
f 988/7/10 987/7/10 986/7/10
f 994/7/11 990/7/11 989/7/11
f 993/7/12 996/7/12 995/7/12
f 991/7/13 1004/7/13 1003/7/13
f 1006/7/14 995/7/14 994/7/14
f 1005/7/15 1008/7/15 1007/7/15
f 1003/7/16 998/7/16 997/7/16
f 1000/7/17 1007/7/17 1006/7/17
f 999/7/18 1002/7/18 1001/7/18
f 997/7/19 986/7/19 985/7/19
f 989/7/20 1001/7/20 1000/7/20
f 1003/7/21 985/7/21 991/7/21
f 990/7/22 992/7/22 987/7/22
f 1001/7/23 986/7/23 999/7/23
f 994/7/24 1000/7/24 1006/7/24
f 995/7/25 1004/7/25 993/7/25
f 1007/7/26 998/7/26 1005/7/26
f 1009/8/27 1010/8/27 1011/8/27
f 1012/8/28 1013/8/28 1014/8/28
f 1015/8/29 1016/8/29 1017/8/29
f 1018/8/30 1019/8/30 1020/8/30
f 1021/8/31 1022/8/31 1023/8/31
f 1024/8/32 1025/8/32 1026/8/32
f 1027/8/33 1028/8/33 1029/8/33
f 1030/8/34 1031/8/34 1032/8/34
f 1009/8/9 1016/8/9 1015/8/9
f 1012/8/10 1011/8/10 1010/8/10
f 1018/8/11 1014/8/11 1013/8/11
f 1017/8/12 1020/8/12 1019/8/12
f 1015/8/13 1028/8/13 1027/8/13
f 1030/8/14 1019/8/14 1018/8/14
f 1029/8/15 1032/8/15 1031/8/15
f 1027/8/16 1022/8/16 1021/8/16
f 1024/8/17 1031/8/17 1030/8/17
f 1023/8/18 1026/8/18 1025/8/18
f 1021/8/19 1010/8/19 1009/8/19
f 1013/8/20 1025/8/20 1024/8/20
f 1027/8/21 1009/8/21 1015/8/21
f 1014/8/22 1016/8/22 1011/8/22
f 1025/8/23 1010/8/23 1023/8/23
f 1018/8/24 1024/8/24 1030/8/24
f 1019/8/25 1028/8/25 1017/8/25
f 1031/8/26 1022/8/26 1029/8/26
f 1033/3/27 1034/3/27 1035/3/27
f 1036/3/28 1037/3/28 1038/3/28
f 1039/3/29 1040/3/29 1041/3/29
f 1042/3/30 1043/3/30 1044/3/30
f 1045/3/31 1046/3/31 1047/3/31
f 1048/3/32 1049/3/32 1050/3/32
f 1051/3/33 1052/3/33 1053/3/33
f 1054/3/34 1055/3/34 1056/3/34
f 1033/3/9 1040/3/9 1039/3/9
f 1036/3/10 1035/3/10 1034/3/10
f 1042/3/11 1038/3/11 1037/3/11
f 1041/3/12 1044/3/12 1043/3/12
f 1039/3/13 1052/3/13 1051/3/13
f 1054/3/14 1043/3/14 1042/3/14
f 1053/3/15 1056/3/15 1055/3/15
f 1051/3/16 1046/3/16 1045/3/16
f 1048/3/17 1055/3/17 1054/3/17
f 1047/3/18 1050/3/18 1049/3/18
f 1045/3/19 1034/3/19 1033/3/19
f 1037/3/20 1049/3/20 1048/3/20
f 1051/3/21 1033/3/21 1039/3/21
f 1038/3/22 1040/3/22 1035/3/22
f 1049/3/23 1034/3/23 1047/3/23
f 1042/3/24 1048/3/24 1054/3/24
f 1043/3/25 1052/3/25 1041/3/25
f 1055/3/26 1046/3/26 1053/3/26
f 1057/4/1 1058/4/1 1059/4/1
f 1060/4/2 1061/4/2 1062/4/2
f 1063/4/3 1064/4/3 1065/4/3
f 1066/4/4 1067/4/4 1068/4/4
f 1069/4/5 1070/4/5 1071/4/5
f 1072/4/6 1073/4/6 1074/4/6
f 1075/4/7 1076/4/7 1077/4/7
f 1078/4/8 1079/4/8 1080/4/8
f 1057/4/9 1064/4/9 1063/4/9
f 1060/4/10 1059/4/10 1058/4/10
f 1066/4/11 1062/4/11 1061/4/11
f 1065/4/12 1068/4/12 1067/4/12
f 1063/4/13 1076/4/13 1075/4/13
f 1078/4/14 1067/4/14 1066/4/14
f 1077/4/15 1080/4/15 1079/4/15
f 1075/4/16 1070/4/16 1069/4/16
f 1072/4/17 1079/4/17 1078/4/17
f 1071/4/18 1074/4/18 1073/4/18
f 1069/4/19 1058/4/19 1057/4/19
f 1061/4/20 1073/4/20 1072/4/20
f 1075/4/21 1057/4/21 1063/4/21
f 1062/4/22 1064/4/22 1059/4/22
f 1073/4/23 1058/4/23 1071/4/23
f 1066/4/24 1072/4/24 1078/4/24
f 1067/4/25 1076/4/25 1065/4/25
f 1079/4/26 1070/4/26 1077/4/26
f 1081/5/1 1082/5/1 1083/5/1
f 1084/5/2 1085/5/2 1086/5/2
f 1087/5/3 1088/5/3 1089/5/3
f 1090/5/4 1091/5/4 1092/5/4
f 1093/5/5 1094/5/5 1095/5/5
f 1096/5/6 1097/5/6 1098/5/6
f 1099/5/7 1100/5/7 1101/5/7
f 1102/5/8 1103/5/8 1104/5/8
f 1081/5/9 1088/5/9 1087/5/9
f 1084/5/10 1083/5/10 1082/5/10
f 1090/5/11 1086/5/11 1085/5/11
f 1089/5/12 1092/5/12 1091/5/12
f 1087/5/13 1100/5/13 1099/5/13
f 1102/5/14 1091/5/14 1090/5/14
f 1101/5/15 1104/5/15 1103/5/15
f 1099/5/16 1094/5/16 1093/5/16
f 1096/5/17 1103/5/17 1102/5/17
f 1095/5/18 1098/5/18 1097/5/18
f 1093/5/19 1082/5/19 1081/5/19
f 1085/5/20 1097/5/20 1096/5/20
f 1099/5/21 1081/5/21 1087/5/21
f 1086/5/22 1088/5/22 1083/5/22
f 1097/5/23 1082/5/23 1095/5/23
f 1090/5/24 1096/5/24 1102/5/24
f 1091/5/25 1100/5/25 1089/5/25
f 1103/5/26 1094/5/26 1101/5/26
f 1105/6/1 1106/6/1 1107/6/1
f 1108/6/2 1109/6/2 1110/6/2
f 1111/6/3 1112/6/3 1113/6/3
f 1114/6/4 1115/6/4 1116/6/4
f 1117/6/5 1118/6/5 1119/6/5
f 1120/6/6 1121/6/6 1122/6/6
f 1123/6/7 1124/6/7 1125/6/7
f 1126/6/8 1127/6/8 1128/6/8
f 1105/6/9 1112/6/9 1111/6/9
f 1108/6/10 1107/6/10 1106/6/10
f 1114/6/11 1110/6/11 1109/6/11
f 1113/6/12 1116/6/12 1115/6/12
f 1111/6/13 1124/6/13 1123/6/13
f 1126/6/14 1115/6/14 1114/6/14
f 1125/6/15 1128/6/15 1127/6/15
f 1123/6/16 1118/6/16 1117/6/16
f 1120/6/17 1127/6/17 1126/6/17
f 1119/6/18 1122/6/18 1121/6/18
f 1117/6/19 1106/6/19 1105/6/19
f 1109/6/20 1121/6/20 1120/6/20
f 1123/6/21 1105/6/21 1111/6/21
f 1110/6/22 1112/6/22 1107/6/22
f 1121/6/23 1106/6/23 1119/6/23
f 1114/6/24 1120/6/24 1126/6/24
f 1115/6/25 1124/6/25 1113/6/25
f 1127/6/26 1118/6/26 1125/6/26
f 1129/7/108 1130/7/108 1131/7/108
f 1132/7/99 1133/7/99 1134/7/99
f 1135/7/109 1136/7/109 1137/7/109
f 1138/7/101 1139/7/101 1140/7/101
f 1141/7/95 1142/7/95 1143/7/95
f 1144/7/110 1145/7/110 1146/7/110
f 1147/7/59 1148/7/59 1149/7/59
f 1150/7/111 1151/7/111 1152/7/111
f 1129/7/61 1136/7/61 1135/7/61
f 1132/7/62 1131/7/62 1130/7/62
f 1138/7/63 1134/7/63 1133/7/63
f 1137/7/64 1140/7/64 1139/7/64
f 1135/7/65 1148/7/65 1147/7/65
f 1150/7/66 1139/7/66 1138/7/66
f 1149/7/67 1152/7/67 1151/7/67
f 1147/7/68 1142/7/68 1141/7/68
f 1144/7/69 1151/7/69 1150/7/69
f 1143/7/70 1146/7/70 1145/7/70
f 1141/7/71 1130/7/71 1129/7/71
f 1133/7/72 1145/7/72 1144/7/72
f 1147/7/73 1129/7/73 1135/7/73
f 1134/7/74 1136/7/74 1131/7/74
f 1145/7/23 1130/7/23 1143/7/23
f 1138/7/75 1144/7/75 1150/7/75
f 1139/7/25 1148/7/25 1137/7/25
f 1151/7/76 1142/7/76 1149/7/76
f 1153/8/35 1154/8/35 1155/8/35
f 1156/8/36 1157/8/36 1158/8/36
f 1159/8/37 1160/8/37 1161/8/37
f 1162/8/38 1163/8/38 1164/8/38
f 1165/8/43 1166/8/43 1167/8/43
f 1168/8/44 1169/8/44 1170/8/44
f 1171/8/45 1172/8/45 1173/8/45
f 1174/8/46 1175/8/46 1176/8/46
f 1153/8/9 1160/8/9 1159/8/9
f 1156/8/10 1155/8/10 1154/8/10
f 1162/8/11 1158/8/11 1157/8/11
f 1161/8/12 1164/8/12 1163/8/12
f 1159/8/13 1172/8/13 1171/8/13
f 1174/8/14 1163/8/14 1162/8/14
f 1173/8/15 1176/8/15 1175/8/15
f 1171/8/16 1166/8/16 1165/8/16
f 1168/8/17 1175/8/17 1174/8/17
f 1167/8/18 1170/8/18 1169/8/18
f 1165/8/19 1154/8/19 1153/8/19
f 1157/8/20 1169/8/20 1168/8/20
f 1171/8/21 1153/8/21 1159/8/21
f 1158/8/22 1160/8/22 1155/8/22
f 1169/8/23 1154/8/23 1167/8/23
f 1162/8/24 1168/8/24 1174/8/24
f 1163/8/25 1172/8/25 1161/8/25
f 1175/8/26 1166/8/26 1173/8/26
f 1177/2/87 1178/2/87 1179/2/87
f 1180/2/77 1181/2/77 1182/2/77
f 1183/2/81 1184/2/81 1185/2/81
f 1186/2/78 1187/2/78 1188/2/78
f 1189/2/49 1190/2/49 1191/2/49
f 1192/2/50 1193/2/50 1194/2/50
f 1195/2/51 1196/2/51 1197/2/51
f 1198/2/52 1199/2/52 1200/2/52
f 1177/2/9 1184/2/9 1183/2/9
f 1180/2/10 1179/2/10 1178/2/10
f 1186/2/11 1182/2/11 1181/2/11
f 1185/2/12 1188/2/12 1187/2/12
f 1183/2/13 1196/2/13 1195/2/13
f 1198/2/14 1187/2/14 1186/2/14
f 1197/2/15 1200/2/15 1199/2/15
f 1195/2/16 1190/2/16 1189/2/16
f 1192/2/17 1199/2/17 1198/2/17
f 1191/2/18 1194/2/18 1193/2/18
f 1189/2/19 1178/2/19 1177/2/19
f 1181/2/20 1193/2/20 1192/2/20
f 1195/2/21 1177/2/21 1183/2/21
f 1182/2/22 1184/2/22 1179/2/22
f 1193/2/23 1178/2/23 1191/2/23
f 1186/2/24 1192/2/24 1198/2/24
f 1187/2/25 1196/2/25 1185/2/25
f 1199/2/26 1190/2/26 1197/2/26
f 1201/3/47 1202/3/47 1203/3/47
f 1204/3/2 1205/3/2 1206/3/2
f 1207/3/48 1208/3/48 1209/3/48
f 1210/3/4 1211/3/4 1212/3/4
f 1213/3/49 1214/3/49 1215/3/49
f 1216/3/84 1217/3/84 1218/3/84
f 1219/3/51 1220/3/51 1221/3/51
f 1222/3/86 1223/3/86 1224/3/86
f 1201/3/9 1208/3/9 1207/3/9
f 1204/3/10 1203/3/10 1202/3/10
f 1210/3/11 1206/3/11 1205/3/11
f 1209/3/12 1212/3/12 1211/3/12
f 1207/3/13 1220/3/13 1219/3/13
f 1222/3/14 1211/3/14 1210/3/14
f 1221/3/15 1224/3/15 1223/3/15
f 1219/3/16 1214/3/16 1213/3/16
f 1216/3/17 1223/3/17 1222/3/17
f 1215/3/18 1218/3/18 1217/3/18
f 1213/3/19 1202/3/19 1201/3/19
f 1205/3/20 1217/3/20 1216/3/20
f 1219/3/21 1201/3/21 1207/3/21
f 1206/3/22 1208/3/22 1203/3/22
f 1217/3/23 1202/3/23 1215/3/23
f 1210/3/24 1216/3/24 1222/3/24
f 1211/3/25 1220/3/25 1209/3/25
f 1223/3/26 1214/3/26 1221/3/26
f 1225/4/47 1226/4/47 1227/4/47
f 1228/4/36 1229/4/36 1230/4/36
f 1231/4/48 1232/4/48 1233/4/48
f 1234/4/38 1235/4/38 1236/4/38
f 1237/4/49 1238/4/49 1239/4/49
f 1240/4/40 1241/4/40 1242/4/40
f 1243/4/51 1244/4/51 1245/4/51
f 1246/4/42 1247/4/42 1248/4/42
f 1225/4/9 1232/4/9 1231/4/9
f 1228/4/10 1227/4/10 1226/4/10
f 1234/4/11 1230/4/11 1229/4/11
f 1233/4/12 1236/4/12 1235/4/12
f 1231/4/13 1244/4/13 1243/4/13
f 1246/4/14 1235/4/14 1234/4/14
f 1245/4/15 1248/4/15 1247/4/15
f 1243/4/16 1238/4/16 1237/4/16
f 1240/4/17 1247/4/17 1246/4/17
f 1239/4/18 1242/4/18 1241/4/18
f 1237/4/19 1226/4/19 1225/4/19
f 1229/4/20 1241/4/20 1240/4/20
f 1243/4/21 1225/4/21 1231/4/21
f 1230/4/22 1232/4/22 1227/4/22
f 1241/4/23 1226/4/23 1239/4/23
f 1234/4/24 1240/4/24 1246/4/24
f 1235/4/25 1244/4/25 1233/4/25
f 1247/4/26 1238/4/26 1245/4/26
f 1249/5/1 1250/5/1 1251/5/1
f 1252/5/2 1253/5/2 1254/5/2
f 1255/5/3 1256/5/3 1257/5/3
f 1258/5/4 1259/5/4 1260/5/4
f 1261/5/5 1262/5/5 1263/5/5
f 1264/5/6 1265/5/6 1266/5/6
f 1267/5/7 1268/5/7 1269/5/7
f 1270/5/8 1271/5/8 1272/5/8
f 1249/5/9 1256/5/9 1255/5/9
f 1252/5/10 1251/5/10 1250/5/10
f 1258/5/11 1254/5/11 1253/5/11
f 1257/5/12 1260/5/12 1259/5/12
f 1255/5/13 1268/5/13 1267/5/13
f 1270/5/14 1259/5/14 1258/5/14
f 1269/5/15 1272/5/15 1271/5/15
f 1267/5/16 1262/5/16 1261/5/16
f 1264/5/17 1271/5/17 1270/5/17
f 1263/5/18 1266/5/18 1265/5/18
f 1261/5/19 1250/5/19 1249/5/19
f 1253/5/20 1265/5/20 1264/5/20
f 1267/5/21 1249/5/21 1255/5/21
f 1254/5/22 1256/5/22 1251/5/22
f 1265/5/23 1250/5/23 1263/5/23
f 1258/5/24 1264/5/24 1270/5/24
f 1259/5/25 1268/5/25 1257/5/25
f 1271/5/26 1262/5/26 1269/5/26
f 1273/6/47 1274/6/47 1275/6/47
f 1276/6/77 1277/6/77 1278/6/77
f 1279/6/48 1280/6/48 1281/6/48
f 1282/6/78 1283/6/78 1284/6/78
f 1285/6/49 1286/6/49 1287/6/49
f 1288/6/50 1289/6/50 1290/6/50
f 1291/6/51 1292/6/51 1293/6/51
f 1294/6/52 1295/6/52 1296/6/52
f 1273/6/9 1280/6/9 1279/6/9
f 1276/6/10 1275/6/10 1274/6/10
f 1282/6/11 1278/6/11 1277/6/11
f 1281/6/12 1284/6/12 1283/6/12
f 1279/6/13 1292/6/13 1291/6/13
f 1294/6/14 1283/6/14 1282/6/14
f 1293/6/15 1296/6/15 1295/6/15
f 1291/6/16 1286/6/16 1285/6/16
f 1288/6/17 1295/6/17 1294/6/17
f 1287/6/18 1290/6/18 1289/6/18
f 1285/6/19 1274/6/19 1273/6/19
f 1277/6/20 1289/6/20 1288/6/20
f 1291/6/21 1273/6/21 1279/6/21
f 1278/6/22 1280/6/22 1275/6/22
f 1289/6/23 1274/6/23 1287/6/23
f 1282/6/24 1288/6/24 1294/6/24
f 1283/6/25 1292/6/25 1281/6/25
f 1295/6/26 1286/6/26 1293/6/26
f 1297/7/1 1298/7/1 1299/7/1
f 1300/7/2 1301/7/2 1302/7/2
f 1303/7/29 1304/7/29 1305/7/29
f 1306/7/4 1307/7/4 1308/7/4
f 1309/7/49 1310/7/49 1311/7/49
f 1312/7/84 1313/7/84 1314/7/84
f 1315/7/51 1316/7/51 1317/7/51
f 1318/7/86 1319/7/86 1320/7/86
f 1297/7/9 1304/7/9 1303/7/9
f 1300/7/10 1299/7/10 1298/7/10
f 1306/7/11 1302/7/11 1301/7/11
f 1305/7/12 1308/7/12 1307/7/12
f 1303/7/13 1316/7/13 1315/7/13
f 1318/7/14 1307/7/14 1306/7/14
f 1317/7/15 1320/7/15 1319/7/15
f 1315/7/16 1310/7/16 1309/7/16
f 1312/7/17 1319/7/17 1318/7/17
f 1311/7/18 1314/7/18 1313/7/18
f 1309/7/19 1298/7/19 1297/7/19
f 1301/7/20 1313/7/20 1312/7/20
f 1315/7/21 1297/7/21 1303/7/21
f 1302/7/22 1304/7/22 1299/7/22
f 1313/7/23 1298/7/23 1311/7/23
f 1306/7/24 1312/7/24 1318/7/24
f 1307/7/25 1316/7/25 1305/7/25
f 1319/7/26 1310/7/26 1317/7/26
f 1321/8/103 1322/8/103 1323/8/103
f 1324/8/104 1325/8/104 1326/8/104
f 1327/8/89 1328/8/89 1329/8/89
f 1330/8/90 1331/8/90 1332/8/90
f 1333/8/91 1334/8/91 1335/8/91
f 1336/8/92 1337/8/92 1338/8/92
f 1339/8/41 1340/8/41 1341/8/41
f 1342/8/42 1343/8/42 1344/8/42
f 1321/8/9 1328/8/9 1327/8/9
f 1324/8/10 1323/8/10 1322/8/10
f 1330/8/11 1326/8/11 1325/8/11
f 1329/8/12 1332/8/12 1331/8/12
f 1327/8/13 1340/8/13 1339/8/13
f 1342/8/14 1331/8/14 1330/8/14
f 1341/8/15 1344/8/15 1343/8/15
f 1339/8/16 1334/8/16 1333/8/16
f 1336/8/17 1343/8/17 1342/8/17
f 1335/8/18 1338/8/18 1337/8/18
f 1333/8/19 1322/8/19 1321/8/19
f 1325/8/20 1337/8/20 1336/8/20
f 1339/8/21 1321/8/21 1327/8/21
f 1326/8/22 1328/8/22 1323/8/22
f 1337/8/23 1322/8/23 1335/8/23
f 1330/8/24 1336/8/24 1342/8/24
f 1331/8/25 1340/8/25 1329/8/25
f 1343/8/26 1334/8/26 1341/8/26
f 1345/3/1 1346/3/1 1347/3/1
f 1348/3/2 1349/3/2 1350/3/2
f 1351/3/3 1352/3/3 1353/3/3
f 1354/3/4 1355/3/4 1356/3/4
f 1357/3/5 1358/3/5 1359/3/5
f 1360/3/6 1361/3/6 1362/3/6
f 1363/3/7 1364/3/7 1365/3/7
f 1366/3/8 1367/3/8 1368/3/8
f 1345/3/9 1352/3/9 1351/3/9
f 1348/3/10 1347/3/10 1346/3/10
f 1354/3/11 1350/3/11 1349/3/11
f 1353/3/12 1356/3/12 1355/3/12
f 1351/3/13 1364/3/13 1363/3/13
f 1366/3/14 1355/3/14 1354/3/14
f 1365/3/15 1368/3/15 1367/3/15
f 1363/3/16 1358/3/16 1357/3/16
f 1360/3/17 1367/3/17 1366/3/17
f 1359/3/18 1362/3/18 1361/3/18
f 1357/3/19 1346/3/19 1345/3/19
f 1349/3/20 1361/3/20 1360/3/20
f 1363/3/21 1345/3/21 1351/3/21
f 1350/3/22 1352/3/22 1347/3/22
f 1361/3/23 1346/3/23 1359/3/23
f 1354/3/24 1360/3/24 1366/3/24
f 1355/3/25 1364/3/25 1353/3/25
f 1367/3/26 1358/3/26 1365/3/26
f 1369/4/53 1370/4/53 1371/4/53
f 1372/4/99 1373/4/99 1374/4/99
f 1375/4/55 1376/4/55 1377/4/55
f 1378/4/56 1379/4/56 1380/4/56
f 1381/4/112 1382/4/112 1383/4/112
f 1384/4/58 1385/4/58 1386/4/58
f 1387/4/113 1388/4/113 1389/4/113
f 1390/4/60 1391/4/60 1392/4/60
f 1369/4/61 1376/4/61 1375/4/61
f 1372/4/62 1371/4/62 1370/4/62
f 1378/4/63 1374/4/63 1373/4/63
f 1377/4/64 1380/4/64 1379/4/64
f 1375/4/65 1388/4/65 1387/4/65
f 1390/4/66 1379/4/66 1378/4/66
f 1389/4/67 1392/4/67 1391/4/67
f 1387/4/68 1382/4/68 1381/4/68
f 1384/4/69 1391/4/69 1390/4/69
f 1383/4/70 1386/4/70 1385/4/70
f 1369/4/71 1383/4/71 1370/4/71
f 1373/4/72 1385/4/72 1384/4/72
f 1387/4/73 1369/4/73 1375/4/73
f 1374/4/74 1376/4/74 1371/4/74
f 1385/4/23 1370/4/23 1383/4/23
f 1378/4/75 1384/4/75 1390/4/75
f 1379/4/25 1388/4/25 1377/4/25
f 1391/4/76 1382/4/76 1389/4/76
f 1393/5/47 1394/5/47 1395/5/47
f 1396/5/77 1397/5/77 1398/5/77
f 1399/5/48 1400/5/48 1401/5/48
f 1402/5/78 1403/5/78 1404/5/78
f 1405/5/49 1406/5/49 1407/5/49
f 1408/5/50 1409/5/50 1410/5/50
f 1411/5/51 1412/5/51 1413/5/51
f 1414/5/52 1415/5/52 1416/5/52
f 1393/5/9 1400/5/9 1399/5/9
f 1396/5/10 1395/5/10 1394/5/10
f 1402/5/11 1398/5/11 1397/5/11
f 1401/5/12 1404/5/12 1403/5/12
f 1399/5/13 1412/5/13 1411/5/13
f 1414/5/14 1403/5/14 1402/5/14
f 1413/5/15 1416/5/15 1415/5/15
f 1411/5/16 1406/5/16 1405/5/16
f 1408/5/17 1415/5/17 1414/5/17
f 1407/5/18 1410/5/18 1409/5/18
f 1405/5/19 1394/5/19 1393/5/19
f 1397/5/20 1409/5/20 1408/5/20
f 1411/5/21 1393/5/21 1399/5/21
f 1398/5/22 1400/5/22 1395/5/22
f 1409/5/23 1394/5/23 1407/5/23
f 1402/5/24 1408/5/24 1414/5/24
f 1403/5/25 1412/5/25 1401/5/25
f 1415/5/26 1406/5/26 1413/5/26
f 1417/6/103 1418/6/103 1419/6/103
f 1420/6/104 1421/6/104 1422/6/104
f 1423/6/89 1424/6/89 1425/6/89
f 1426/6/90 1427/6/90 1428/6/90
f 1429/6/91 1430/6/91 1431/6/91
f 1432/6/92 1433/6/92 1434/6/92
f 1435/6/41 1436/6/41 1437/6/41
f 1438/6/42 1439/6/42 1440/6/42
f 1417/6/9 1424/6/9 1423/6/9
f 1420/6/10 1419/6/10 1418/6/10
f 1426/6/11 1422/6/11 1421/6/11
f 1425/6/12 1428/6/12 1427/6/12
f 1423/6/13 1436/6/13 1435/6/13
f 1438/6/14 1427/6/14 1426/6/14
f 1437/6/15 1440/6/15 1439/6/15
f 1435/6/16 1430/6/16 1429/6/16
f 1432/6/17 1439/6/17 1438/6/17
f 1431/6/18 1434/6/18 1433/6/18
f 1429/6/19 1418/6/19 1417/6/19
f 1421/6/20 1433/6/20 1432/6/20
f 1435/6/21 1417/6/21 1423/6/21
f 1422/6/22 1424/6/22 1419/6/22
f 1433/6/23 1418/6/23 1431/6/23
f 1426/6/24 1432/6/24 1438/6/24
f 1427/6/25 1436/6/25 1425/6/25
f 1439/6/26 1430/6/26 1437/6/26
f 1441/7/1 1442/7/1 1443/7/1
f 1444/7/2 1445/7/2 1446/7/2
f 1447/7/3 1448/7/3 1449/7/3
f 1450/7/4 1451/7/4 1452/7/4
f 1453/7/5 1454/7/5 1455/7/5
f 1456/7/6 1457/7/6 1458/7/6
f 1459/7/7 1460/7/7 1461/7/7
f 1462/7/8 1463/7/8 1464/7/8
f 1441/7/9 1448/7/9 1447/7/9
f 1444/7/10 1443/7/10 1442/7/10
f 1450/7/11 1446/7/11 1445/7/11
f 1449/7/12 1452/7/12 1451/7/12
f 1447/7/13 1460/7/13 1459/7/13
f 1462/7/14 1451/7/14 1450/7/14
f 1461/7/15 1464/7/15 1463/7/15
f 1459/7/16 1454/7/16 1453/7/16
f 1456/7/17 1463/7/17 1462/7/17
f 1455/7/18 1458/7/18 1457/7/18
f 1453/7/19 1442/7/19 1441/7/19
f 1445/7/20 1457/7/20 1456/7/20
f 1459/7/21 1441/7/21 1447/7/21
f 1446/7/22 1448/7/22 1443/7/22
f 1457/7/23 1442/7/23 1455/7/23
f 1450/7/24 1456/7/24 1462/7/24
f 1451/7/25 1460/7/25 1449/7/25
f 1463/7/26 1454/7/26 1461/7/26
f 1465/8/47 1466/8/47 1467/8/47
f 1468/8/77 1469/8/77 1470/8/77
f 1471/8/48 1472/8/48 1473/8/48
f 1474/8/78 1475/8/78 1476/8/78
f 1477/8/5 1478/8/5 1479/8/5
f 1480/8/92 1481/8/92 1482/8/92
f 1483/8/7 1484/8/7 1485/8/7
f 1486/8/42 1487/8/42 1488/8/42
f 1465/8/9 1472/8/9 1471/8/9
f 1468/8/10 1467/8/10 1466/8/10
f 1474/8/11 1470/8/11 1469/8/11
f 1473/8/12 1476/8/12 1475/8/12
f 1471/8/13 1484/8/13 1483/8/13
f 1486/8/14 1475/8/14 1474/8/14
f 1485/8/15 1488/8/15 1487/8/15
f 1483/8/16 1478/8/16 1477/8/16
f 1480/8/17 1487/8/17 1486/8/17
f 1479/8/18 1482/8/18 1481/8/18
f 1477/8/19 1466/8/19 1465/8/19
f 1469/8/20 1481/8/20 1480/8/20
f 1483/8/21 1465/8/21 1471/8/21
f 1470/8/22 1472/8/22 1467/8/22
f 1481/8/23 1466/8/23 1479/8/23
f 1474/8/24 1480/8/24 1486/8/24
f 1475/8/25 1484/8/25 1473/8/25
f 1487/8/26 1478/8/26 1485/8/26
f 1489/3/1 1490/3/1 1491/3/1
f 1492/3/2 1493/3/2 1494/3/2
f 1495/3/3 1496/3/3 1497/3/3
f 1498/3/4 1499/3/4 1500/3/4
f 1501/3/5 1502/3/5 1503/3/5
f 1504/3/6 1505/3/6 1506/3/6
f 1507/3/7 1508/3/7 1509/3/7
f 1510/3/8 1511/3/8 1512/3/8
f 1489/3/9 1496/3/9 1495/3/9
f 1492/3/10 1491/3/10 1490/3/10
f 1498/3/11 1494/3/11 1493/3/11
f 1497/3/12 1500/3/12 1499/3/12
f 1495/3/13 1508/3/13 1507/3/13
f 1510/3/14 1499/3/14 1498/3/14
f 1509/3/15 1512/3/15 1511/3/15
f 1507/3/16 1502/3/16 1501/3/16
f 1504/3/17 1511/3/17 1510/3/17
f 1503/3/18 1506/3/18 1505/3/18
f 1501/3/19 1490/3/19 1489/3/19
f 1493/3/20 1505/3/20 1504/3/20
f 1507/3/21 1489/3/21 1495/3/21
f 1494/3/22 1496/3/22 1491/3/22
f 1505/3/23 1490/3/23 1503/3/23
f 1498/3/24 1504/3/24 1510/3/24
f 1499/3/25 1508/3/25 1497/3/25
f 1511/3/26 1502/3/26 1509/3/26
f 1513/4/35 1514/4/35 1515/4/35
f 1516/4/36 1517/4/36 1518/4/36
f 1519/4/37 1520/4/37 1521/4/37
f 1522/4/38 1523/4/38 1524/4/38
f 1525/4/43 1526/4/43 1527/4/43
f 1528/4/44 1529/4/44 1530/4/44
f 1531/4/45 1532/4/45 1533/4/45
f 1534/4/46 1535/4/46 1536/4/46
f 1513/4/9 1520/4/9 1519/4/9
f 1516/4/10 1515/4/10 1514/4/10
f 1522/4/11 1518/4/11 1517/4/11
f 1521/4/12 1524/4/12 1523/4/12
f 1519/4/13 1532/4/13 1531/4/13
f 1534/4/14 1523/4/14 1522/4/14
f 1533/4/15 1536/4/15 1535/4/15
f 1531/4/16 1526/4/16 1525/4/16
f 1528/4/17 1535/4/17 1534/4/17
f 1527/4/18 1530/4/18 1529/4/18
f 1525/4/19 1514/4/19 1513/4/19
f 1517/4/20 1529/4/20 1528/4/20
f 1531/4/21 1513/4/21 1519/4/21
f 1518/4/22 1520/4/22 1515/4/22
f 1529/4/23 1514/4/23 1527/4/23
f 1522/4/24 1528/4/24 1534/4/24
f 1523/4/25 1532/4/25 1521/4/25
f 1535/4/26 1526/4/26 1533/4/26
f 1537/2/87 1538/2/87 1539/2/87
f 1540/2/104 1541/2/104 1542/2/104
f 1543/2/3 1544/2/3 1545/2/3
f 1546/2/4 1547/2/4 1548/2/4
f 1549/2/49 1550/2/49 1551/2/49
f 1552/2/50 1553/2/50 1554/2/50
f 1555/2/51 1556/2/51 1557/2/51
f 1558/2/52 1559/2/52 1560/2/52
f 1537/2/9 1544/2/9 1543/2/9
f 1540/2/10 1539/2/10 1538/2/10
f 1546/2/11 1542/2/11 1541/2/11
f 1545/2/12 1548/2/12 1547/2/12
f 1543/2/13 1556/2/13 1555/2/13
f 1558/2/14 1547/2/14 1546/2/14
f 1557/2/15 1560/2/15 1559/2/15
f 1555/2/16 1550/2/16 1549/2/16
f 1552/2/17 1559/2/17 1558/2/17
f 1551/2/18 1554/2/18 1553/2/18
f 1549/2/19 1538/2/19 1537/2/19
f 1541/2/20 1553/2/20 1552/2/20
f 1555/2/21 1537/2/21 1543/2/21
f 1542/2/22 1544/2/22 1539/2/22
f 1553/2/23 1538/2/23 1551/2/23
f 1546/2/24 1552/2/24 1558/2/24
f 1547/2/25 1556/2/25 1545/2/25
f 1559/2/26 1550/2/26 1557/2/26
f 1562/9/114 1563/9/114 1561/9/114
f 1564/9/115 1565/9/115 1563/9/115
f 1566/9/26 1567/9/26 1565/9/26
f 1568/9/116 1569/9/116 1567/9/116
f 1570/9/117 1571/9/117 1569/9/117
f 1572/9/118 1573/9/118 1571/9/118
f 1574/9/119 1575/9/119 1573/9/119
f 1576/9/22 1577/9/22 1575/9/22
f 1578/9/24 1570/9/24 1566/9/24
f 1578/9/120 1579/9/120 1577/9/120
f 1580/9/121 1561/9/121 1579/9/121
f 1567/9/21 1575/9/21 1579/9/21
f 1581/10/122 1582/10/122 1583/10/122
f 1584/10/123 1585/10/123 1586/10/123
f 1587/10/124 1588/10/124 1589/10/124
f 1590/10/125 1591/10/125 1592/10/125
f 1593/10/126 1594/10/126 1595/10/126
f 1596/10/127 1597/10/127 1598/10/127
f 1599/10/128 1600/10/128 1601/10/128
f 1602/10/129 1603/10/129 1604/10/129
f 1587/10/130 1583/10/130 1588/10/130
f 1584/10/131 1583/10/131 1582/10/131
f 1590/10/132 1586/10/132 1585/10/132
f 1589/10/133 1592/10/133 1591/10/133
f 1587/10/134 1600/10/134 1599/10/134
f 1602/10/135 1591/10/135 1590/10/135
f 1603/10/136 1600/10/136 1604/10/136
f 1599/10/137 1594/10/137 1593/10/137
f 1596/10/138 1603/10/138 1602/10/138
f 1597/10/139 1594/10/139 1598/10/139
f 1593/10/140 1582/10/140 1581/10/140
f 1585/10/141 1597/10/141 1596/10/141
f 1599/10/142 1581/10/142 1587/10/142
f 1586/10/22 1588/10/22 1583/10/22
f 1597/10/143 1582/10/143 1595/10/143
f 1590/10/144 1596/10/144 1602/10/144
f 1591/10/145 1600/10/145 1589/10/145
f 1601/10/26 1598/10/26 1594/10/26
f 1605/8/146 1606/8/146 1607/8/146
f 1608/8/147 1609/8/147 1610/8/147
f 1611/8/148 1612/8/148 1613/8/148
f 1614/8/149 1615/8/149 1616/8/149
f 1617/8/150 1618/8/150 1619/8/150
f 1620/8/127 1621/8/127 1622/8/127
f 1623/8/151 1624/8/151 1625/8/151
f 1626/8/152 1627/8/152 1628/8/152
f 1611/8/130 1607/8/130 1612/8/130
f 1606/8/131 1610/8/131 1607/8/131
f 1614/8/132 1610/8/132 1609/8/132
f 1613/8/133 1616/8/133 1615/8/133
f 1611/8/134 1624/8/134 1623/8/134
f 1626/8/135 1615/8/135 1614/8/135
f 1627/8/136 1624/8/136 1628/8/136
f 1623/8/137 1618/8/137 1617/8/137
f 1620/8/138 1627/8/138 1626/8/138
f 1621/8/139 1618/8/139 1622/8/139
f 1617/8/140 1606/8/140 1605/8/140
f 1609/8/141 1621/8/141 1620/8/141
f 1623/8/142 1605/8/142 1611/8/142
f 1610/8/22 1612/8/22 1607/8/22
f 1621/8/143 1606/8/143 1619/8/143
f 1614/8/144 1620/8/144 1626/8/144
f 1615/8/145 1624/8/145 1613/8/145
f 1625/8/26 1622/8/26 1618/8/26
f 1/1/9 3/1/9 8/1/9
f 4/1/10 6/1/10 3/1/10
f 10/1/11 12/1/11 6/1/11
f 9/1/12 8/1/12 12/1/12
f 7/1/13 9/1/13 20/1/13
f 22/1/14 24/1/14 11/1/14
f 21/1/15 20/1/15 24/1/15
f 19/1/16 21/1/16 14/1/16
f 16/1/17 18/1/17 23/1/17
f 15/1/18 14/1/18 18/1/18
f 13/1/19 15/1/19 2/1/19
f 5/1/20 4/1/20 17/1/20
f 19/1/21 13/1/21 1/1/21
f 6/1/22 12/1/22 8/1/22
f 17/1/23 4/1/23 2/1/23
f 10/1/24 5/1/24 16/1/24
f 11/1/25 24/1/25 20/1/25
f 23/1/26 18/1/26 14/1/26
f 25/1/9 27/1/9 32/1/9
f 28/1/10 30/1/10 27/1/10
f 34/1/11 36/1/11 30/1/11
f 33/1/12 32/1/12 36/1/12
f 31/1/13 33/1/13 44/1/13
f 46/1/14 48/1/14 35/1/14
f 45/1/15 44/1/15 48/1/15
f 43/1/16 45/1/16 38/1/16
f 40/1/17 42/1/17 47/1/17
f 39/1/18 38/1/18 42/1/18
f 37/1/19 39/1/19 26/1/19
f 29/1/20 28/1/20 41/1/20
f 43/1/21 37/1/21 25/1/21
f 30/1/22 36/1/22 32/1/22
f 41/1/23 28/1/23 26/1/23
f 34/1/24 29/1/24 40/1/24
f 35/1/25 48/1/25 44/1/25
f 47/1/26 42/1/26 38/1/26
f 49/1/9 51/1/9 56/1/9
f 52/1/10 54/1/10 51/1/10
f 58/1/11 60/1/11 54/1/11
f 57/1/12 56/1/12 60/1/12
f 55/1/13 57/1/13 68/1/13
f 70/1/14 72/1/14 59/1/14
f 69/1/15 68/1/15 72/1/15
f 67/1/16 69/1/16 62/1/16
f 64/1/17 66/1/17 71/1/17
f 63/1/18 62/1/18 66/1/18
f 61/1/19 63/1/19 50/1/19
f 53/1/20 52/1/20 65/1/20
f 67/1/21 61/1/21 49/1/21
f 54/1/22 60/1/22 56/1/22
f 65/1/23 52/1/23 50/1/23
f 58/1/24 53/1/24 64/1/24
f 59/1/25 72/1/25 68/1/25
f 71/1/26 66/1/26 62/1/26
f 73/1/9 75/1/9 80/1/9
f 76/1/10 78/1/10 75/1/10
f 82/1/11 84/1/11 78/1/11
f 81/1/12 80/1/12 84/1/12
f 79/1/13 81/1/13 92/1/13
f 94/1/14 96/1/14 83/1/14
f 93/1/15 92/1/15 96/1/15
f 91/1/16 93/1/16 86/1/16
f 88/1/17 90/1/17 95/1/17
f 87/1/18 86/1/18 90/1/18
f 85/1/19 87/1/19 74/1/19
f 77/1/20 76/1/20 89/1/20
f 91/1/21 85/1/21 73/1/21
f 78/1/22 84/1/22 80/1/22
f 89/1/23 76/1/23 74/1/23
f 82/1/24 77/1/24 88/1/24
f 83/1/25 96/1/25 92/1/25
f 95/1/26 90/1/26 86/1/26
f 97/2/9 99/2/9 104/2/9
f 100/2/10 102/2/10 99/2/10
f 106/2/11 108/2/11 102/2/11
f 105/2/12 104/2/12 108/2/12
f 103/2/13 105/2/13 116/2/13
f 118/2/14 120/2/14 107/2/14
f 117/2/15 116/2/15 120/2/15
f 115/2/16 117/2/16 110/2/16
f 112/2/17 114/2/17 119/2/17
f 111/2/18 110/2/18 114/2/18
f 109/2/19 111/2/19 98/2/19
f 101/2/20 100/2/20 113/2/20
f 115/2/21 109/2/21 97/2/21
f 102/2/22 108/2/22 104/2/22
f 113/2/23 100/2/23 98/2/23
f 106/2/24 101/2/24 112/2/24
f 107/2/25 120/2/25 116/2/25
f 119/2/26 114/2/26 110/2/26
f 121/3/9 123/3/9 128/3/9
f 124/3/10 126/3/10 123/3/10
f 130/3/11 132/3/11 126/3/11
f 129/3/12 128/3/12 132/3/12
f 127/3/13 129/3/13 140/3/13
f 142/3/14 144/3/14 131/3/14
f 141/3/15 140/3/15 144/3/15
f 139/3/16 141/3/16 134/3/16
f 136/3/17 138/3/17 143/3/17
f 135/3/18 134/3/18 138/3/18
f 133/3/19 135/3/19 122/3/19
f 125/3/20 124/3/20 137/3/20
f 139/3/21 133/3/21 121/3/21
f 126/3/22 132/3/22 128/3/22
f 137/3/23 124/3/23 122/3/23
f 130/3/24 125/3/24 136/3/24
f 131/3/25 144/3/25 140/3/25
f 143/3/26 138/3/26 134/3/26
f 145/4/9 147/4/9 152/4/9
f 148/4/10 150/4/10 147/4/10
f 154/4/11 156/4/11 150/4/11
f 153/4/12 152/4/12 156/4/12
f 151/4/13 153/4/13 164/4/13
f 166/4/14 168/4/14 155/4/14
f 165/4/15 164/4/15 168/4/15
f 163/4/16 165/4/16 158/4/16
f 160/4/17 162/4/17 167/4/17
f 159/4/18 158/4/18 162/4/18
f 157/4/19 159/4/19 146/4/19
f 149/4/20 148/4/20 161/4/20
f 163/4/21 157/4/21 145/4/21
f 150/4/22 156/4/22 152/4/22
f 161/4/23 148/4/23 146/4/23
f 154/4/24 149/4/24 160/4/24
f 155/4/25 168/4/25 164/4/25
f 167/4/26 162/4/26 158/4/26
f 169/5/9 171/5/9 176/5/9
f 172/5/10 174/5/10 171/5/10
f 178/5/11 180/5/11 174/5/11
f 177/5/12 176/5/12 180/5/12
f 175/5/13 177/5/13 188/5/13
f 190/5/14 192/5/14 179/5/14
f 189/5/15 188/5/15 192/5/15
f 187/5/16 189/5/16 182/5/16
f 184/5/17 186/5/17 191/5/17
f 183/5/18 182/5/18 186/5/18
f 181/5/19 183/5/19 170/5/19
f 173/5/20 172/5/20 185/5/20
f 187/5/21 181/5/21 169/5/21
f 174/5/22 180/5/22 176/5/22
f 185/5/23 172/5/23 170/5/23
f 178/5/24 173/5/24 184/5/24
f 179/5/25 192/5/25 188/5/25
f 191/5/26 186/5/26 182/5/26
f 193/6/9 195/6/9 200/6/9
f 196/6/10 198/6/10 195/6/10
f 202/6/11 204/6/11 198/6/11
f 201/6/12 200/6/12 204/6/12
f 199/6/13 201/6/13 212/6/13
f 214/6/14 216/6/14 203/6/14
f 213/6/15 212/6/15 216/6/15
f 211/6/16 213/6/16 206/6/16
f 208/6/17 210/6/17 215/6/17
f 207/6/18 206/6/18 210/6/18
f 205/6/19 207/6/19 194/6/19
f 197/6/20 196/6/20 209/6/20
f 211/6/21 205/6/21 193/6/21
f 198/6/22 204/6/22 200/6/22
f 209/6/23 196/6/23 194/6/23
f 202/6/24 197/6/24 208/6/24
f 203/6/25 216/6/25 212/6/25
f 215/6/26 210/6/26 206/6/26
f 217/7/61 219/7/61 224/7/61
f 220/7/62 222/7/62 219/7/62
f 226/7/63 228/7/63 222/7/63
f 225/7/64 224/7/64 228/7/64
f 223/7/65 225/7/65 236/7/65
f 238/7/66 240/7/66 227/7/66
f 239/7/67 237/7/67 236/7/67
f 235/7/68 237/7/68 230/7/68
f 232/7/69 234/7/69 239/7/69
f 231/7/70 230/7/70 234/7/70
f 217/7/71 229/7/71 231/7/71
f 232/7/72 221/7/72 220/7/72
f 235/7/73 229/7/73 217/7/73
f 222/7/74 228/7/74 224/7/74
f 233/7/23 220/7/23 218/7/23
f 226/7/75 221/7/75 232/7/75
f 227/7/25 240/7/25 236/7/25
f 239/7/76 234/7/76 230/7/76
f 241/8/9 243/8/9 248/8/9
f 244/8/10 246/8/10 243/8/10
f 250/8/11 252/8/11 246/8/11
f 249/8/12 248/8/12 252/8/12
f 247/8/13 249/8/13 260/8/13
f 262/8/14 264/8/14 251/8/14
f 261/8/15 260/8/15 264/8/15
f 259/8/16 261/8/16 254/8/16
f 256/8/17 258/8/17 263/8/17
f 255/8/18 254/8/18 258/8/18
f 253/8/19 255/8/19 242/8/19
f 245/8/20 244/8/20 257/8/20
f 259/8/21 253/8/21 241/8/21
f 246/8/22 252/8/22 248/8/22
f 257/8/23 244/8/23 242/8/23
f 250/8/24 245/8/24 256/8/24
f 251/8/25 264/8/25 260/8/25
f 263/8/26 258/8/26 254/8/26
f 265/3/9 267/3/9 272/3/9
f 268/3/10 270/3/10 267/3/10
f 274/3/11 276/3/11 270/3/11
f 273/3/12 272/3/12 276/3/12
f 271/3/13 273/3/13 284/3/13
f 286/3/14 288/3/14 275/3/14
f 285/3/15 284/3/15 288/3/15
f 283/3/16 285/3/16 278/3/16
f 280/3/17 282/3/17 287/3/17
f 279/3/18 278/3/18 282/3/18
f 277/3/19 279/3/19 266/3/19
f 269/3/20 268/3/20 281/3/20
f 283/3/21 277/3/21 265/3/21
f 270/3/22 276/3/22 272/3/22
f 281/3/23 268/3/23 266/3/23
f 274/3/24 269/3/24 280/3/24
f 275/3/25 288/3/25 284/3/25
f 287/3/26 282/3/26 278/3/26
f 289/4/9 291/4/9 296/4/9
f 292/4/10 294/4/10 291/4/10
f 298/4/11 300/4/11 294/4/11
f 297/4/12 296/4/12 300/4/12
f 295/4/13 297/4/13 308/4/13
f 310/4/14 312/4/14 299/4/14
f 309/4/15 308/4/15 312/4/15
f 307/4/16 309/4/16 302/4/16
f 304/4/17 306/4/17 311/4/17
f 303/4/18 302/4/18 306/4/18
f 301/4/19 303/4/19 290/4/19
f 293/4/20 292/4/20 305/4/20
f 307/4/21 301/4/21 289/4/21
f 294/4/22 300/4/22 296/4/22
f 305/4/23 292/4/23 290/4/23
f 298/4/24 293/4/24 304/4/24
f 299/4/25 312/4/25 308/4/25
f 311/4/26 306/4/26 302/4/26
f 313/5/9 315/5/9 320/5/9
f 316/5/10 318/5/10 315/5/10
f 322/5/11 324/5/11 318/5/11
f 321/5/12 320/5/12 324/5/12
f 319/5/13 321/5/13 332/5/13
f 334/5/14 336/5/14 323/5/14
f 333/5/15 332/5/15 336/5/15
f 331/5/16 333/5/16 326/5/16
f 328/5/17 330/5/17 335/5/17
f 327/5/18 326/5/18 330/5/18
f 325/5/19 327/5/19 314/5/19
f 317/5/20 316/5/20 329/5/20
f 331/5/21 325/5/21 313/5/21
f 318/5/22 324/5/22 320/5/22
f 329/5/23 316/5/23 314/5/23
f 322/5/24 317/5/24 328/5/24
f 323/5/25 336/5/25 332/5/25
f 335/5/26 330/5/26 326/5/26
f 337/6/9 339/6/9 344/6/9
f 340/6/10 342/6/10 339/6/10
f 346/6/11 348/6/11 342/6/11
f 345/6/12 344/6/12 348/6/12
f 343/6/13 345/6/13 356/6/13
f 358/6/14 360/6/14 347/6/14
f 357/6/15 356/6/15 360/6/15
f 355/6/16 357/6/16 350/6/16
f 352/6/17 354/6/17 359/6/17
f 351/6/18 350/6/18 354/6/18
f 349/6/19 351/6/19 338/6/19
f 341/6/20 340/6/20 353/6/20
f 355/6/21 349/6/21 337/6/21
f 342/6/22 348/6/22 344/6/22
f 353/6/23 340/6/23 338/6/23
f 346/6/24 341/6/24 352/6/24
f 347/6/25 360/6/25 356/6/25
f 359/6/26 354/6/26 350/6/26
f 361/7/9 363/7/9 368/7/9
f 364/7/10 366/7/10 363/7/10
f 370/7/11 372/7/11 366/7/11
f 369/7/12 368/7/12 372/7/12
f 367/7/13 369/7/13 380/7/13
f 382/7/14 384/7/14 371/7/14
f 381/7/15 380/7/15 384/7/15
f 379/7/16 381/7/16 374/7/16
f 376/7/17 378/7/17 383/7/17
f 375/7/18 374/7/18 378/7/18
f 373/7/19 375/7/19 362/7/19
f 365/7/20 364/7/20 377/7/20
f 379/7/21 373/7/21 361/7/21
f 366/7/22 372/7/22 368/7/22
f 377/7/23 364/7/23 362/7/23
f 370/7/24 365/7/24 376/7/24
f 371/7/25 384/7/25 380/7/25
f 383/7/26 378/7/26 374/7/26
f 385/8/9 387/8/9 392/8/9
f 388/8/10 390/8/10 387/8/10
f 394/8/11 396/8/11 390/8/11
f 393/8/12 392/8/12 396/8/12
f 391/8/13 393/8/13 404/8/13
f 406/8/14 408/8/14 395/8/14
f 405/8/15 404/8/15 408/8/15
f 403/8/16 405/8/16 398/8/16
f 400/8/17 402/8/17 407/8/17
f 399/8/18 398/8/18 402/8/18
f 397/8/19 399/8/19 386/8/19
f 389/8/20 388/8/20 401/8/20
f 403/8/21 397/8/21 385/8/21
f 390/8/22 396/8/22 392/8/22
f 401/8/23 388/8/23 386/8/23
f 394/8/24 389/8/24 400/8/24
f 395/8/25 408/8/25 404/8/25
f 407/8/26 402/8/26 398/8/26
f 409/3/9 411/3/9 416/3/9
f 412/3/10 414/3/10 411/3/10
f 418/3/11 420/3/11 414/3/11
f 417/3/12 416/3/12 420/3/12
f 415/3/13 417/3/13 428/3/13
f 430/3/14 432/3/14 419/3/14
f 429/3/15 428/3/15 432/3/15
f 427/3/16 429/3/16 422/3/16
f 424/3/17 426/3/17 431/3/17
f 423/3/18 422/3/18 426/3/18
f 421/3/19 423/3/19 410/3/19
f 413/3/20 412/3/20 425/3/20
f 427/3/21 421/3/21 409/3/21
f 414/3/22 420/3/22 416/3/22
f 425/3/23 412/3/23 410/3/23
f 418/3/24 413/3/24 424/3/24
f 419/3/25 432/3/25 428/3/25
f 431/3/26 426/3/26 422/3/26
f 433/4/61 435/4/61 440/4/61
f 436/4/62 438/4/62 435/4/62
f 442/4/63 444/4/63 438/4/63
f 441/4/64 440/4/64 444/4/64
f 439/4/65 441/4/65 452/4/65
f 454/4/66 456/4/66 443/4/66
f 453/4/67 452/4/67 456/4/67
f 451/4/68 453/4/68 446/4/68
f 448/4/69 450/4/69 455/4/69
f 449/4/70 447/4/70 446/4/70
f 445/4/71 447/4/71 434/4/71
f 448/4/72 437/4/72 436/4/72
f 451/4/73 445/4/73 433/4/73
f 438/4/74 444/4/74 440/4/74
f 449/4/23 436/4/23 434/4/23
f 442/4/75 437/4/75 448/4/75
f 443/4/25 456/4/25 452/4/25
f 455/4/76 450/4/76 446/4/76
f 457/2/9 459/2/9 464/2/9
f 460/2/10 462/2/10 459/2/10
f 466/2/11 468/2/11 462/2/11
f 465/2/12 464/2/12 468/2/12
f 463/2/13 465/2/13 476/2/13
f 478/2/14 480/2/14 467/2/14
f 477/2/15 476/2/15 480/2/15
f 475/2/16 477/2/16 470/2/16
f 472/2/17 474/2/17 479/2/17
f 471/2/18 470/2/18 474/2/18
f 469/2/19 471/2/19 458/2/19
f 461/2/20 460/2/20 473/2/20
f 475/2/21 469/2/21 457/2/21
f 462/2/22 468/2/22 464/2/22
f 473/2/23 460/2/23 458/2/23
f 466/2/24 461/2/24 472/2/24
f 467/2/25 480/2/25 476/2/25
f 479/2/26 474/2/26 470/2/26
f 481/5/9 483/5/9 488/5/9
f 484/5/10 486/5/10 483/5/10
f 490/5/11 492/5/11 486/5/11
f 489/5/12 488/5/12 492/5/12
f 487/5/13 489/5/13 500/5/13
f 502/5/14 504/5/14 491/5/14
f 501/5/15 500/5/15 504/5/15
f 499/5/16 501/5/16 494/5/16
f 496/5/17 498/5/17 503/5/17
f 495/5/18 494/5/18 498/5/18
f 493/5/19 495/5/19 482/5/19
f 485/5/20 484/5/20 497/5/20
f 499/5/21 493/5/21 481/5/21
f 486/5/22 492/5/22 488/5/22
f 497/5/23 484/5/23 482/5/23
f 490/5/24 485/5/24 496/5/24
f 491/5/25 504/5/25 500/5/25
f 503/5/26 498/5/26 494/5/26
f 505/6/9 507/6/9 512/6/9
f 508/6/10 510/6/10 507/6/10
f 514/6/11 516/6/11 510/6/11
f 513/6/12 512/6/12 516/6/12
f 511/6/13 513/6/13 524/6/13
f 526/6/14 528/6/14 515/6/14
f 525/6/15 524/6/15 528/6/15
f 523/6/16 525/6/16 518/6/16
f 520/6/17 522/6/17 527/6/17
f 519/6/18 518/6/18 522/6/18
f 517/6/19 519/6/19 506/6/19
f 509/6/20 508/6/20 521/6/20
f 523/6/21 517/6/21 505/6/21
f 510/6/22 516/6/22 512/6/22
f 521/6/23 508/6/23 506/6/23
f 514/6/24 509/6/24 520/6/24
f 515/6/25 528/6/25 524/6/25
f 527/6/26 522/6/26 518/6/26
f 529/7/9 531/7/9 536/7/9
f 532/7/10 534/7/10 531/7/10
f 538/7/11 540/7/11 534/7/11
f 537/7/12 536/7/12 540/7/12
f 535/7/13 537/7/13 548/7/13
f 550/7/14 552/7/14 539/7/14
f 549/7/15 548/7/15 552/7/15
f 547/7/16 549/7/16 542/7/16
f 544/7/17 546/7/17 551/7/17
f 543/7/18 542/7/18 546/7/18
f 541/7/19 543/7/19 530/7/19
f 533/7/20 532/7/20 545/7/20
f 547/7/21 541/7/21 529/7/21
f 534/7/22 540/7/22 536/7/22
f 545/7/23 532/7/23 530/7/23
f 538/7/24 533/7/24 544/7/24
f 539/7/25 552/7/25 548/7/25
f 551/7/26 546/7/26 542/7/26
f 553/8/9 555/8/9 560/8/9
f 556/8/10 558/8/10 555/8/10
f 562/8/11 564/8/11 558/8/11
f 561/8/12 560/8/12 564/8/12
f 559/8/13 561/8/13 572/8/13
f 574/8/14 576/8/14 563/8/14
f 573/8/15 572/8/15 576/8/15
f 571/8/16 573/8/16 566/8/16
f 568/8/17 570/8/17 575/8/17
f 567/8/18 566/8/18 570/8/18
f 565/8/19 567/8/19 554/8/19
f 557/8/20 556/8/20 569/8/20
f 571/8/21 565/8/21 553/8/21
f 558/8/22 564/8/22 560/8/22
f 569/8/23 556/8/23 554/8/23
f 562/8/24 557/8/24 568/8/24
f 563/8/25 576/8/25 572/8/25
f 575/8/26 570/8/26 566/8/26
f 577/3/9 579/3/9 584/3/9
f 580/3/10 582/3/10 579/3/10
f 586/3/11 588/3/11 582/3/11
f 585/3/12 584/3/12 588/3/12
f 583/3/13 585/3/13 596/3/13
f 598/3/14 600/3/14 587/3/14
f 597/3/15 596/3/15 600/3/15
f 595/3/16 597/3/16 590/3/16
f 592/3/17 594/3/17 599/3/17
f 591/3/18 590/3/18 594/3/18
f 589/3/19 591/3/19 578/3/19
f 581/3/20 580/3/20 593/3/20
f 595/3/21 589/3/21 577/3/21
f 582/3/22 588/3/22 584/3/22
f 593/3/23 580/3/23 578/3/23
f 586/3/24 581/3/24 592/3/24
f 587/3/25 600/3/25 596/3/25
f 599/3/26 594/3/26 590/3/26
f 601/4/9 603/4/9 608/4/9
f 604/4/10 606/4/10 603/4/10
f 610/4/11 612/4/11 606/4/11
f 609/4/12 608/4/12 612/4/12
f 607/4/13 609/4/13 620/4/13
f 622/4/14 624/4/14 611/4/14
f 621/4/15 620/4/15 624/4/15
f 619/4/16 621/4/16 614/4/16
f 616/4/17 618/4/17 623/4/17
f 615/4/18 614/4/18 618/4/18
f 613/4/19 615/4/19 602/4/19
f 605/4/20 604/4/20 617/4/20
f 619/4/21 613/4/21 601/4/21
f 606/4/22 612/4/22 608/4/22
f 617/4/23 604/4/23 602/4/23
f 610/4/24 605/4/24 616/4/24
f 611/4/25 624/4/25 620/4/25
f 623/4/26 618/4/26 614/4/26
f 625/5/9 627/5/9 632/5/9
f 628/5/10 630/5/10 627/5/10
f 634/5/11 636/5/11 630/5/11
f 633/5/12 632/5/12 636/5/12
f 631/5/13 633/5/13 644/5/13
f 646/5/14 648/5/14 635/5/14
f 645/5/15 644/5/15 648/5/15
f 643/5/16 645/5/16 638/5/16
f 640/5/17 642/5/17 647/5/17
f 639/5/18 638/5/18 642/5/18
f 637/5/19 639/5/19 626/5/19
f 629/5/20 628/5/20 641/5/20
f 643/5/21 637/5/21 625/5/21
f 630/5/22 636/5/22 632/5/22
f 641/5/23 628/5/23 626/5/23
f 634/5/24 629/5/24 640/5/24
f 635/5/25 648/5/25 644/5/25
f 647/5/26 642/5/26 638/5/26
f 649/6/9 651/6/9 656/6/9
f 652/6/10 654/6/10 651/6/10
f 658/6/11 660/6/11 654/6/11
f 657/6/12 656/6/12 660/6/12
f 655/6/13 657/6/13 668/6/13
f 670/6/14 672/6/14 659/6/14
f 669/6/15 668/6/15 672/6/15
f 667/6/16 669/6/16 662/6/16
f 664/6/17 666/6/17 671/6/17
f 663/6/18 662/6/18 666/6/18
f 661/6/19 663/6/19 650/6/19
f 653/6/20 652/6/20 665/6/20
f 667/6/21 661/6/21 649/6/21
f 654/6/22 660/6/22 656/6/22
f 665/6/23 652/6/23 650/6/23
f 658/6/24 653/6/24 664/6/24
f 659/6/25 672/6/25 668/6/25
f 671/6/26 666/6/26 662/6/26
f 673/7/61 675/7/61 680/7/61
f 676/7/62 678/7/62 675/7/62
f 682/7/63 684/7/63 678/7/63
f 681/7/64 680/7/64 684/7/64
f 691/7/65 679/7/65 681/7/65
f 694/7/66 696/7/66 683/7/66
f 693/7/67 692/7/67 696/7/67
f 691/7/68 693/7/68 686/7/68
f 688/7/69 690/7/69 695/7/69
f 687/7/70 686/7/70 690/7/70
f 685/7/71 687/7/71 674/7/71
f 677/7/72 676/7/72 689/7/72
f 691/7/73 685/7/73 673/7/73
f 678/7/74 684/7/74 680/7/74
f 687/7/23 689/7/23 676/7/23
f 682/7/75 677/7/75 688/7/75
f 681/7/25 683/7/25 696/7/25
f 695/7/76 690/7/76 686/7/76
f 697/8/9 699/8/9 704/8/9
f 700/8/10 702/8/10 699/8/10
f 706/8/11 708/8/11 702/8/11
f 705/8/12 704/8/12 708/8/12
f 703/8/13 705/8/13 716/8/13
f 718/8/14 720/8/14 707/8/14
f 717/8/15 716/8/15 720/8/15
f 715/8/16 717/8/16 710/8/16
f 712/8/17 714/8/17 719/8/17
f 711/8/18 710/8/18 714/8/18
f 709/8/19 711/8/19 698/8/19
f 701/8/20 700/8/20 713/8/20
f 715/8/21 709/8/21 697/8/21
f 702/8/22 708/8/22 704/8/22
f 713/8/23 700/8/23 698/8/23
f 706/8/24 701/8/24 712/8/24
f 707/8/25 720/8/25 716/8/25
f 719/8/26 714/8/26 710/8/26
f 721/3/9 723/3/9 728/3/9
f 724/3/10 726/3/10 723/3/10
f 730/3/11 732/3/11 726/3/11
f 729/3/12 728/3/12 732/3/12
f 727/3/13 729/3/13 740/3/13
f 742/3/14 744/3/14 731/3/14
f 741/3/15 740/3/15 744/3/15
f 739/3/16 741/3/16 734/3/16
f 736/3/17 738/3/17 743/3/17
f 735/3/18 734/3/18 738/3/18
f 733/3/19 735/3/19 722/3/19
f 725/3/20 724/3/20 737/3/20
f 739/3/21 733/3/21 721/3/21
f 726/3/22 732/3/22 728/3/22
f 737/3/23 724/3/23 722/3/23
f 730/3/24 725/3/24 736/3/24
f 731/3/25 744/3/25 740/3/25
f 743/3/26 738/3/26 734/3/26
f 745/4/9 747/4/9 752/4/9
f 748/4/10 750/4/10 747/4/10
f 754/4/11 756/4/11 750/4/11
f 753/4/12 752/4/12 756/4/12
f 751/4/13 753/4/13 764/4/13
f 766/4/14 768/4/14 755/4/14
f 765/4/15 764/4/15 768/4/15
f 763/4/16 765/4/16 758/4/16
f 760/4/17 762/4/17 767/4/17
f 759/4/18 758/4/18 762/4/18
f 757/4/19 759/4/19 746/4/19
f 749/4/20 748/4/20 761/4/20
f 763/4/21 757/4/21 745/4/21
f 750/4/22 756/4/22 752/4/22
f 761/4/23 748/4/23 746/4/23
f 754/4/24 749/4/24 760/4/24
f 755/4/25 768/4/25 764/4/25
f 767/4/26 762/4/26 758/4/26
f 769/5/9 771/5/9 776/5/9
f 772/5/10 774/5/10 771/5/10
f 778/5/11 780/5/11 774/5/11
f 777/5/12 776/5/12 780/5/12
f 775/5/13 777/5/13 788/5/13
f 790/5/14 792/5/14 779/5/14
f 789/5/15 788/5/15 792/5/15
f 787/5/16 789/5/16 782/5/16
f 784/5/17 786/5/17 791/5/17
f 783/5/18 782/5/18 786/5/18
f 781/5/19 783/5/19 770/5/19
f 773/5/20 772/5/20 785/5/20
f 787/5/21 781/5/21 769/5/21
f 774/5/22 780/5/22 776/5/22
f 785/5/23 772/5/23 770/5/23
f 778/5/24 773/5/24 784/5/24
f 779/5/25 792/5/25 788/5/25
f 791/5/26 786/5/26 782/5/26
f 793/6/9 795/6/9 800/6/9
f 796/6/10 798/6/10 795/6/10
f 802/6/11 804/6/11 798/6/11
f 801/6/12 800/6/12 804/6/12
f 799/6/13 801/6/13 812/6/13
f 814/6/14 816/6/14 803/6/14
f 813/6/15 812/6/15 816/6/15
f 811/6/16 813/6/16 806/6/16
f 808/6/17 810/6/17 815/6/17
f 807/6/18 806/6/18 810/6/18
f 805/6/19 807/6/19 794/6/19
f 797/6/20 796/6/20 809/6/20
f 811/6/21 805/6/21 793/6/21
f 798/6/22 804/6/22 800/6/22
f 809/6/23 796/6/23 794/6/23
f 802/6/24 797/6/24 808/6/24
f 803/6/25 816/6/25 812/6/25
f 815/6/26 810/6/26 806/6/26
f 817/2/9 819/2/9 824/2/9
f 820/2/10 822/2/10 819/2/10
f 826/2/11 828/2/11 822/2/11
f 825/2/12 824/2/12 828/2/12
f 823/2/13 825/2/13 836/2/13
f 838/2/14 840/2/14 827/2/14
f 837/2/15 836/2/15 840/2/15
f 835/2/16 837/2/16 830/2/16
f 832/2/17 834/2/17 839/2/17
f 831/2/18 830/2/18 834/2/18
f 829/2/19 831/2/19 818/2/19
f 821/2/20 820/2/20 833/2/20
f 835/2/21 829/2/21 817/2/21
f 822/2/22 828/2/22 824/2/22
f 833/2/23 820/2/23 818/2/23
f 826/2/24 821/2/24 832/2/24
f 827/2/25 840/2/25 836/2/25
f 839/2/26 834/2/26 830/2/26
f 841/7/9 843/7/9 848/7/9
f 844/7/10 846/7/10 843/7/10
f 850/7/11 852/7/11 846/7/11
f 849/7/12 848/7/12 852/7/12
f 847/7/13 849/7/13 860/7/13
f 862/7/14 864/7/14 851/7/14
f 861/7/15 860/7/15 864/7/15
f 859/7/16 861/7/16 854/7/16
f 856/7/17 858/7/17 863/7/17
f 855/7/18 854/7/18 858/7/18
f 853/7/19 855/7/19 842/7/19
f 845/7/20 844/7/20 857/7/20
f 859/7/21 853/7/21 841/7/21
f 846/7/22 852/7/22 848/7/22
f 857/7/23 844/7/23 842/7/23
f 850/7/24 845/7/24 856/7/24
f 851/7/25 864/7/25 860/7/25
f 863/7/26 858/7/26 854/7/26
f 865/8/9 867/8/9 872/8/9
f 868/8/10 870/8/10 867/8/10
f 874/8/11 876/8/11 870/8/11
f 873/8/12 872/8/12 876/8/12
f 871/8/13 873/8/13 884/8/13
f 886/8/14 888/8/14 875/8/14
f 885/8/15 884/8/15 888/8/15
f 883/8/16 885/8/16 878/8/16
f 880/8/17 882/8/17 887/8/17
f 879/8/18 878/8/18 882/8/18
f 877/8/19 879/8/19 866/8/19
f 869/8/20 868/8/20 881/8/20
f 883/8/21 877/8/21 865/8/21
f 870/8/22 876/8/22 872/8/22
f 881/8/23 868/8/23 866/8/23
f 874/8/24 869/8/24 880/8/24
f 875/8/25 888/8/25 884/8/25
f 887/8/26 882/8/26 878/8/26
f 889/3/9 891/3/9 896/3/9
f 892/3/10 894/3/10 891/3/10
f 898/3/11 900/3/11 894/3/11
f 897/3/12 896/3/12 900/3/12
f 895/3/13 897/3/13 908/3/13
f 910/3/14 912/3/14 899/3/14
f 909/3/15 908/3/15 912/3/15
f 907/3/16 909/3/16 902/3/16
f 904/3/17 906/3/17 911/3/17
f 903/3/18 902/3/18 906/3/18
f 901/3/19 903/3/19 890/3/19
f 893/3/20 892/3/20 905/3/20
f 907/3/21 901/3/21 889/3/21
f 894/3/22 900/3/22 896/3/22
f 905/3/23 892/3/23 890/3/23
f 898/3/24 893/3/24 904/3/24
f 899/3/25 912/3/25 908/3/25
f 911/3/26 906/3/26 902/3/26
f 913/4/61 915/4/61 920/4/61
f 914/4/62 916/4/62 918/4/62
f 922/4/63 924/4/63 918/4/63
f 921/4/64 920/4/64 924/4/64
f 931/4/65 919/4/65 921/4/65
f 922/4/66 934/4/66 936/4/66
f 933/4/67 932/4/67 936/4/67
f 931/4/68 933/4/68 926/4/68
f 928/4/69 930/4/69 935/4/69
f 929/4/70 927/4/70 926/4/70
f 925/4/71 927/4/71 914/4/71
f 917/4/72 916/4/72 929/4/72
f 931/4/73 925/4/73 913/4/73
f 918/4/74 924/4/74 920/4/74
f 929/4/23 916/4/23 914/4/23
f 922/4/75 917/4/75 928/4/75
f 923/4/25 936/4/25 932/4/25
f 935/4/76 930/4/76 926/4/76
f 937/5/9 939/5/9 944/5/9
f 940/5/10 942/5/10 939/5/10
f 946/5/11 948/5/11 942/5/11
f 945/5/12 944/5/12 948/5/12
f 943/5/13 945/5/13 956/5/13
f 958/5/14 960/5/14 947/5/14
f 957/5/15 956/5/15 960/5/15
f 955/5/16 957/5/16 950/5/16
f 952/5/17 954/5/17 959/5/17
f 951/5/18 950/5/18 954/5/18
f 949/5/19 951/5/19 938/5/19
f 941/5/20 940/5/20 953/5/20
f 955/5/21 949/5/21 937/5/21
f 942/5/22 948/5/22 944/5/22
f 953/5/23 940/5/23 938/5/23
f 946/5/24 941/5/24 952/5/24
f 947/5/25 960/5/25 956/5/25
f 959/5/26 954/5/26 950/5/26
f 961/6/9 963/6/9 968/6/9
f 964/6/10 966/6/10 963/6/10
f 970/6/11 972/6/11 966/6/11
f 969/6/12 968/6/12 972/6/12
f 967/6/13 969/6/13 980/6/13
f 982/6/14 984/6/14 971/6/14
f 981/6/15 980/6/15 984/6/15
f 979/6/16 981/6/16 974/6/16
f 976/6/17 978/6/17 983/6/17
f 975/6/18 974/6/18 978/6/18
f 973/6/19 975/6/19 962/6/19
f 965/6/20 964/6/20 977/6/20
f 979/6/21 973/6/21 961/6/21
f 966/6/22 972/6/22 968/6/22
f 977/6/23 964/6/23 962/6/23
f 970/6/24 965/6/24 976/6/24
f 971/6/25 984/6/25 980/6/25
f 983/6/26 978/6/26 974/6/26
f 985/7/9 987/7/9 992/7/9
f 988/7/10 990/7/10 987/7/10
f 994/7/11 996/7/11 990/7/11
f 993/7/12 992/7/12 996/7/12
f 991/7/13 993/7/13 1004/7/13
f 1006/7/14 1008/7/14 995/7/14
f 1005/7/15 1004/7/15 1008/7/15
f 1003/7/16 1005/7/16 998/7/16
f 1000/7/17 1002/7/17 1007/7/17
f 999/7/18 998/7/18 1002/7/18
f 997/7/19 999/7/19 986/7/19
f 989/7/20 988/7/20 1001/7/20
f 1003/7/21 997/7/21 985/7/21
f 990/7/22 996/7/22 992/7/22
f 1001/7/23 988/7/23 986/7/23
f 994/7/24 989/7/24 1000/7/24
f 995/7/25 1008/7/25 1004/7/25
f 1007/7/26 1002/7/26 998/7/26
f 1009/8/9 1011/8/9 1016/8/9
f 1012/8/10 1014/8/10 1011/8/10
f 1018/8/11 1020/8/11 1014/8/11
f 1017/8/12 1016/8/12 1020/8/12
f 1015/8/13 1017/8/13 1028/8/13
f 1030/8/14 1032/8/14 1019/8/14
f 1029/8/15 1028/8/15 1032/8/15
f 1027/8/16 1029/8/16 1022/8/16
f 1024/8/17 1026/8/17 1031/8/17
f 1023/8/18 1022/8/18 1026/8/18
f 1021/8/19 1023/8/19 1010/8/19
f 1013/8/20 1012/8/20 1025/8/20
f 1027/8/21 1021/8/21 1009/8/21
f 1014/8/22 1020/8/22 1016/8/22
f 1025/8/23 1012/8/23 1010/8/23
f 1018/8/24 1013/8/24 1024/8/24
f 1019/8/25 1032/8/25 1028/8/25
f 1031/8/26 1026/8/26 1022/8/26
f 1033/3/9 1035/3/9 1040/3/9
f 1036/3/10 1038/3/10 1035/3/10
f 1042/3/11 1044/3/11 1038/3/11
f 1041/3/12 1040/3/12 1044/3/12
f 1039/3/13 1041/3/13 1052/3/13
f 1054/3/14 1056/3/14 1043/3/14
f 1053/3/15 1052/3/15 1056/3/15
f 1051/3/16 1053/3/16 1046/3/16
f 1048/3/17 1050/3/17 1055/3/17
f 1047/3/18 1046/3/18 1050/3/18
f 1045/3/19 1047/3/19 1034/3/19
f 1037/3/20 1036/3/20 1049/3/20
f 1051/3/21 1045/3/21 1033/3/21
f 1038/3/22 1044/3/22 1040/3/22
f 1049/3/23 1036/3/23 1034/3/23
f 1042/3/24 1037/3/24 1048/3/24
f 1043/3/25 1056/3/25 1052/3/25
f 1055/3/26 1050/3/26 1046/3/26
f 1057/4/9 1059/4/9 1064/4/9
f 1060/4/10 1062/4/10 1059/4/10
f 1066/4/11 1068/4/11 1062/4/11
f 1065/4/12 1064/4/12 1068/4/12
f 1063/4/13 1065/4/13 1076/4/13
f 1078/4/14 1080/4/14 1067/4/14
f 1077/4/15 1076/4/15 1080/4/15
f 1075/4/16 1077/4/16 1070/4/16
f 1072/4/17 1074/4/17 1079/4/17
f 1071/4/18 1070/4/18 1074/4/18
f 1069/4/19 1071/4/19 1058/4/19
f 1061/4/20 1060/4/20 1073/4/20
f 1075/4/21 1069/4/21 1057/4/21
f 1062/4/22 1068/4/22 1064/4/22
f 1073/4/23 1060/4/23 1058/4/23
f 1066/4/24 1061/4/24 1072/4/24
f 1067/4/25 1080/4/25 1076/4/25
f 1079/4/26 1074/4/26 1070/4/26
f 1081/5/9 1083/5/9 1088/5/9
f 1084/5/10 1086/5/10 1083/5/10
f 1090/5/11 1092/5/11 1086/5/11
f 1089/5/12 1088/5/12 1092/5/12
f 1087/5/13 1089/5/13 1100/5/13
f 1102/5/14 1104/5/14 1091/5/14
f 1101/5/15 1100/5/15 1104/5/15
f 1099/5/16 1101/5/16 1094/5/16
f 1096/5/17 1098/5/17 1103/5/17
f 1095/5/18 1094/5/18 1098/5/18
f 1093/5/19 1095/5/19 1082/5/19
f 1085/5/20 1084/5/20 1097/5/20
f 1099/5/21 1093/5/21 1081/5/21
f 1086/5/22 1092/5/22 1088/5/22
f 1097/5/23 1084/5/23 1082/5/23
f 1090/5/24 1085/5/24 1096/5/24
f 1091/5/25 1104/5/25 1100/5/25
f 1103/5/26 1098/5/26 1094/5/26
f 1105/6/9 1107/6/9 1112/6/9
f 1108/6/10 1110/6/10 1107/6/10
f 1114/6/11 1116/6/11 1110/6/11
f 1113/6/12 1112/6/12 1116/6/12
f 1111/6/13 1113/6/13 1124/6/13
f 1126/6/14 1128/6/14 1115/6/14
f 1125/6/15 1124/6/15 1128/6/15
f 1123/6/16 1125/6/16 1118/6/16
f 1120/6/17 1122/6/17 1127/6/17
f 1119/6/18 1118/6/18 1122/6/18
f 1117/6/19 1119/6/19 1106/6/19
f 1109/6/20 1108/6/20 1121/6/20
f 1123/6/21 1117/6/21 1105/6/21
f 1110/6/22 1116/6/22 1112/6/22
f 1121/6/23 1108/6/23 1106/6/23
f 1114/6/24 1109/6/24 1120/6/24
f 1115/6/25 1128/6/25 1124/6/25
f 1127/6/26 1122/6/26 1118/6/26
f 1129/7/61 1131/7/61 1136/7/61
f 1132/7/62 1134/7/62 1131/7/62
f 1138/7/63 1140/7/63 1134/7/63
f 1137/7/64 1136/7/64 1140/7/64
f 1135/7/65 1137/7/65 1148/7/65
f 1150/7/66 1152/7/66 1139/7/66
f 1149/7/67 1148/7/67 1152/7/67
f 1147/7/68 1149/7/68 1142/7/68
f 1144/7/69 1146/7/69 1151/7/69
f 1143/7/70 1142/7/70 1146/7/70
f 1141/7/71 1143/7/71 1130/7/71
f 1133/7/72 1132/7/72 1145/7/72
f 1147/7/73 1141/7/73 1129/7/73
f 1134/7/74 1140/7/74 1136/7/74
f 1145/7/23 1132/7/23 1130/7/23
f 1138/7/75 1133/7/75 1144/7/75
f 1139/7/25 1152/7/25 1148/7/25
f 1151/7/76 1146/7/76 1142/7/76
f 1153/8/9 1155/8/9 1160/8/9
f 1156/8/10 1158/8/10 1155/8/10
f 1162/8/11 1164/8/11 1158/8/11
f 1161/8/12 1160/8/12 1164/8/12
f 1159/8/13 1161/8/13 1172/8/13
f 1174/8/14 1176/8/14 1163/8/14
f 1173/8/15 1172/8/15 1176/8/15
f 1171/8/16 1173/8/16 1166/8/16
f 1168/8/17 1170/8/17 1175/8/17
f 1167/8/18 1166/8/18 1170/8/18
f 1165/8/19 1167/8/19 1154/8/19
f 1157/8/20 1156/8/20 1169/8/20
f 1171/8/21 1165/8/21 1153/8/21
f 1158/8/22 1164/8/22 1160/8/22
f 1169/8/23 1156/8/23 1154/8/23
f 1162/8/24 1157/8/24 1168/8/24
f 1163/8/25 1176/8/25 1172/8/25
f 1175/8/26 1170/8/26 1166/8/26
f 1177/2/9 1179/2/9 1184/2/9
f 1180/2/10 1182/2/10 1179/2/10
f 1186/2/11 1188/2/11 1182/2/11
f 1185/2/12 1184/2/12 1188/2/12
f 1183/2/13 1185/2/13 1196/2/13
f 1198/2/14 1200/2/14 1187/2/14
f 1197/2/15 1196/2/15 1200/2/15
f 1195/2/16 1197/2/16 1190/2/16
f 1192/2/17 1194/2/17 1199/2/17
f 1191/2/18 1190/2/18 1194/2/18
f 1189/2/19 1191/2/19 1178/2/19
f 1181/2/20 1180/2/20 1193/2/20
f 1195/2/21 1189/2/21 1177/2/21
f 1182/2/22 1188/2/22 1184/2/22
f 1193/2/23 1180/2/23 1178/2/23
f 1186/2/24 1181/2/24 1192/2/24
f 1187/2/25 1200/2/25 1196/2/25
f 1199/2/26 1194/2/26 1190/2/26
f 1201/3/9 1203/3/9 1208/3/9
f 1204/3/10 1206/3/10 1203/3/10
f 1210/3/11 1212/3/11 1206/3/11
f 1209/3/12 1208/3/12 1212/3/12
f 1207/3/13 1209/3/13 1220/3/13
f 1222/3/14 1224/3/14 1211/3/14
f 1221/3/15 1220/3/15 1224/3/15
f 1219/3/16 1221/3/16 1214/3/16
f 1216/3/17 1218/3/17 1223/3/17
f 1215/3/18 1214/3/18 1218/3/18
f 1213/3/19 1215/3/19 1202/3/19
f 1205/3/20 1204/3/20 1217/3/20
f 1219/3/21 1213/3/21 1201/3/21
f 1206/3/22 1212/3/22 1208/3/22
f 1217/3/23 1204/3/23 1202/3/23
f 1210/3/24 1205/3/24 1216/3/24
f 1211/3/25 1224/3/25 1220/3/25
f 1223/3/26 1218/3/26 1214/3/26
f 1225/4/9 1227/4/9 1232/4/9
f 1228/4/10 1230/4/10 1227/4/10
f 1234/4/11 1236/4/11 1230/4/11
f 1233/4/12 1232/4/12 1236/4/12
f 1231/4/13 1233/4/13 1244/4/13
f 1246/4/14 1248/4/14 1235/4/14
f 1245/4/15 1244/4/15 1248/4/15
f 1243/4/16 1245/4/16 1238/4/16
f 1240/4/17 1242/4/17 1247/4/17
f 1239/4/18 1238/4/18 1242/4/18
f 1237/4/19 1239/4/19 1226/4/19
f 1229/4/20 1228/4/20 1241/4/20
f 1243/4/21 1237/4/21 1225/4/21
f 1230/4/22 1236/4/22 1232/4/22
f 1241/4/23 1228/4/23 1226/4/23
f 1234/4/24 1229/4/24 1240/4/24
f 1235/4/25 1248/4/25 1244/4/25
f 1247/4/26 1242/4/26 1238/4/26
f 1249/5/9 1251/5/9 1256/5/9
f 1252/5/10 1254/5/10 1251/5/10
f 1258/5/11 1260/5/11 1254/5/11
f 1257/5/12 1256/5/12 1260/5/12
f 1255/5/13 1257/5/13 1268/5/13
f 1270/5/14 1272/5/14 1259/5/14
f 1269/5/15 1268/5/15 1272/5/15
f 1267/5/16 1269/5/16 1262/5/16
f 1264/5/17 1266/5/17 1271/5/17
f 1263/5/18 1262/5/18 1266/5/18
f 1261/5/19 1263/5/19 1250/5/19
f 1253/5/20 1252/5/20 1265/5/20
f 1267/5/21 1261/5/21 1249/5/21
f 1254/5/22 1260/5/22 1256/5/22
f 1265/5/23 1252/5/23 1250/5/23
f 1258/5/24 1253/5/24 1264/5/24
f 1259/5/25 1272/5/25 1268/5/25
f 1271/5/26 1266/5/26 1262/5/26
f 1273/6/9 1275/6/9 1280/6/9
f 1276/6/10 1278/6/10 1275/6/10
f 1282/6/11 1284/6/11 1278/6/11
f 1281/6/12 1280/6/12 1284/6/12
f 1279/6/13 1281/6/13 1292/6/13
f 1294/6/14 1296/6/14 1283/6/14
f 1293/6/15 1292/6/15 1296/6/15
f 1291/6/16 1293/6/16 1286/6/16
f 1288/6/17 1290/6/17 1295/6/17
f 1287/6/18 1286/6/18 1290/6/18
f 1285/6/19 1287/6/19 1274/6/19
f 1277/6/20 1276/6/20 1289/6/20
f 1291/6/21 1285/6/21 1273/6/21
f 1278/6/22 1284/6/22 1280/6/22
f 1289/6/23 1276/6/23 1274/6/23
f 1282/6/24 1277/6/24 1288/6/24
f 1283/6/25 1296/6/25 1292/6/25
f 1295/6/26 1290/6/26 1286/6/26
f 1297/7/9 1299/7/9 1304/7/9
f 1300/7/10 1302/7/10 1299/7/10
f 1306/7/11 1308/7/11 1302/7/11
f 1305/7/12 1304/7/12 1308/7/12
f 1303/7/13 1305/7/13 1316/7/13
f 1318/7/14 1320/7/14 1307/7/14
f 1317/7/15 1316/7/15 1320/7/15
f 1315/7/16 1317/7/16 1310/7/16
f 1312/7/17 1314/7/17 1319/7/17
f 1311/7/18 1310/7/18 1314/7/18
f 1309/7/19 1311/7/19 1298/7/19
f 1301/7/20 1300/7/20 1313/7/20
f 1315/7/21 1309/7/21 1297/7/21
f 1302/7/22 1308/7/22 1304/7/22
f 1313/7/23 1300/7/23 1298/7/23
f 1306/7/24 1301/7/24 1312/7/24
f 1307/7/25 1320/7/25 1316/7/25
f 1319/7/26 1314/7/26 1310/7/26
f 1321/8/9 1323/8/9 1328/8/9
f 1324/8/10 1326/8/10 1323/8/10
f 1330/8/11 1332/8/11 1326/8/11
f 1329/8/12 1328/8/12 1332/8/12
f 1327/8/13 1329/8/13 1340/8/13
f 1342/8/14 1344/8/14 1331/8/14
f 1341/8/15 1340/8/15 1344/8/15
f 1339/8/16 1341/8/16 1334/8/16
f 1336/8/17 1338/8/17 1343/8/17
f 1335/8/18 1334/8/18 1338/8/18
f 1333/8/19 1335/8/19 1322/8/19
f 1325/8/20 1324/8/20 1337/8/20
f 1339/8/21 1333/8/21 1321/8/21
f 1326/8/22 1332/8/22 1328/8/22
f 1337/8/23 1324/8/23 1322/8/23
f 1330/8/24 1325/8/24 1336/8/24
f 1331/8/25 1344/8/25 1340/8/25
f 1343/8/26 1338/8/26 1334/8/26
f 1345/3/9 1347/3/9 1352/3/9
f 1348/3/10 1350/3/10 1347/3/10
f 1354/3/11 1356/3/11 1350/3/11
f 1353/3/12 1352/3/12 1356/3/12
f 1351/3/13 1353/3/13 1364/3/13
f 1366/3/14 1368/3/14 1355/3/14
f 1365/3/15 1364/3/15 1368/3/15
f 1363/3/16 1365/3/16 1358/3/16
f 1360/3/17 1362/3/17 1367/3/17
f 1359/3/18 1358/3/18 1362/3/18
f 1357/3/19 1359/3/19 1346/3/19
f 1349/3/20 1348/3/20 1361/3/20
f 1363/3/21 1357/3/21 1345/3/21
f 1350/3/22 1356/3/22 1352/3/22
f 1361/3/23 1348/3/23 1346/3/23
f 1354/3/24 1349/3/24 1360/3/24
f 1355/3/25 1368/3/25 1364/3/25
f 1367/3/26 1362/3/26 1358/3/26
f 1369/4/61 1371/4/61 1376/4/61
f 1372/4/62 1374/4/62 1371/4/62
f 1378/4/63 1380/4/63 1374/4/63
f 1377/4/64 1376/4/64 1380/4/64
f 1375/4/65 1377/4/65 1388/4/65
f 1390/4/66 1392/4/66 1379/4/66
f 1389/4/67 1388/4/67 1392/4/67
f 1387/4/68 1389/4/68 1382/4/68
f 1384/4/69 1386/4/69 1391/4/69
f 1383/4/70 1382/4/70 1386/4/70
f 1369/4/71 1381/4/71 1383/4/71
f 1373/4/72 1372/4/72 1385/4/72
f 1387/4/73 1381/4/73 1369/4/73
f 1374/4/74 1380/4/74 1376/4/74
f 1385/4/23 1372/4/23 1370/4/23
f 1378/4/75 1373/4/75 1384/4/75
f 1379/4/25 1392/4/25 1388/4/25
f 1391/4/76 1386/4/76 1382/4/76
f 1393/5/9 1395/5/9 1400/5/9
f 1396/5/10 1398/5/10 1395/5/10
f 1402/5/11 1404/5/11 1398/5/11
f 1401/5/12 1400/5/12 1404/5/12
f 1399/5/13 1401/5/13 1412/5/13
f 1414/5/14 1416/5/14 1403/5/14
f 1413/5/15 1412/5/15 1416/5/15
f 1411/5/16 1413/5/16 1406/5/16
f 1408/5/17 1410/5/17 1415/5/17
f 1407/5/18 1406/5/18 1410/5/18
f 1405/5/19 1407/5/19 1394/5/19
f 1397/5/20 1396/5/20 1409/5/20
f 1411/5/21 1405/5/21 1393/5/21
f 1398/5/22 1404/5/22 1400/5/22
f 1409/5/23 1396/5/23 1394/5/23
f 1402/5/24 1397/5/24 1408/5/24
f 1403/5/25 1416/5/25 1412/5/25
f 1415/5/26 1410/5/26 1406/5/26
f 1417/6/9 1419/6/9 1424/6/9
f 1420/6/10 1422/6/10 1419/6/10
f 1426/6/11 1428/6/11 1422/6/11
f 1425/6/12 1424/6/12 1428/6/12
f 1423/6/13 1425/6/13 1436/6/13
f 1438/6/14 1440/6/14 1427/6/14
f 1437/6/15 1436/6/15 1440/6/15
f 1435/6/16 1437/6/16 1430/6/16
f 1432/6/17 1434/6/17 1439/6/17
f 1431/6/18 1430/6/18 1434/6/18
f 1429/6/19 1431/6/19 1418/6/19
f 1421/6/20 1420/6/20 1433/6/20
f 1435/6/21 1429/6/21 1417/6/21
f 1422/6/22 1428/6/22 1424/6/22
f 1433/6/23 1420/6/23 1418/6/23
f 1426/6/24 1421/6/24 1432/6/24
f 1427/6/25 1440/6/25 1436/6/25
f 1439/6/26 1434/6/26 1430/6/26
f 1441/7/9 1443/7/9 1448/7/9
f 1444/7/10 1446/7/10 1443/7/10
f 1450/7/11 1452/7/11 1446/7/11
f 1449/7/12 1448/7/12 1452/7/12
f 1447/7/13 1449/7/13 1460/7/13
f 1462/7/14 1464/7/14 1451/7/14
f 1461/7/15 1460/7/15 1464/7/15
f 1459/7/16 1461/7/16 1454/7/16
f 1456/7/17 1458/7/17 1463/7/17
f 1455/7/18 1454/7/18 1458/7/18
f 1453/7/19 1455/7/19 1442/7/19
f 1445/7/20 1444/7/20 1457/7/20
f 1459/7/21 1453/7/21 1441/7/21
f 1446/7/22 1452/7/22 1448/7/22
f 1457/7/23 1444/7/23 1442/7/23
f 1450/7/24 1445/7/24 1456/7/24
f 1451/7/25 1464/7/25 1460/7/25
f 1463/7/26 1458/7/26 1454/7/26
f 1465/8/9 1467/8/9 1472/8/9
f 1468/8/10 1470/8/10 1467/8/10
f 1474/8/11 1476/8/11 1470/8/11
f 1473/8/12 1472/8/12 1476/8/12
f 1471/8/13 1473/8/13 1484/8/13
f 1486/8/14 1488/8/14 1475/8/14
f 1485/8/15 1484/8/15 1488/8/15
f 1483/8/16 1485/8/16 1478/8/16
f 1480/8/17 1482/8/17 1487/8/17
f 1479/8/18 1478/8/18 1482/8/18
f 1477/8/19 1479/8/19 1466/8/19
f 1469/8/20 1468/8/20 1481/8/20
f 1483/8/21 1477/8/21 1465/8/21
f 1470/8/22 1476/8/22 1472/8/22
f 1481/8/23 1468/8/23 1466/8/23
f 1474/8/24 1469/8/24 1480/8/24
f 1475/8/25 1488/8/25 1484/8/25
f 1487/8/26 1482/8/26 1478/8/26
f 1489/3/9 1491/3/9 1496/3/9
f 1492/3/10 1494/3/10 1491/3/10
f 1498/3/11 1500/3/11 1494/3/11
f 1497/3/12 1496/3/12 1500/3/12
f 1495/3/13 1497/3/13 1508/3/13
f 1510/3/14 1512/3/14 1499/3/14
f 1509/3/15 1508/3/15 1512/3/15
f 1507/3/16 1509/3/16 1502/3/16
f 1504/3/17 1506/3/17 1511/3/17
f 1503/3/18 1502/3/18 1506/3/18
f 1501/3/19 1503/3/19 1490/3/19
f 1493/3/20 1492/3/20 1505/3/20
f 1507/3/21 1501/3/21 1489/3/21
f 1494/3/22 1500/3/22 1496/3/22
f 1505/3/23 1492/3/23 1490/3/23
f 1498/3/24 1493/3/24 1504/3/24
f 1499/3/25 1512/3/25 1508/3/25
f 1511/3/26 1506/3/26 1502/3/26
f 1513/4/9 1515/4/9 1520/4/9
f 1516/4/10 1518/4/10 1515/4/10
f 1522/4/11 1524/4/11 1518/4/11
f 1521/4/12 1520/4/12 1524/4/12
f 1519/4/13 1521/4/13 1532/4/13
f 1534/4/14 1536/4/14 1523/4/14
f 1533/4/15 1532/4/15 1536/4/15
f 1531/4/16 1533/4/16 1526/4/16
f 1528/4/17 1530/4/17 1535/4/17
f 1527/4/18 1526/4/18 1530/4/18
f 1525/4/19 1527/4/19 1514/4/19
f 1517/4/20 1516/4/20 1529/4/20
f 1531/4/21 1525/4/21 1513/4/21
f 1518/4/22 1524/4/22 1520/4/22
f 1529/4/23 1516/4/23 1514/4/23
f 1522/4/24 1517/4/24 1528/4/24
f 1523/4/25 1536/4/25 1532/4/25
f 1535/4/26 1530/4/26 1526/4/26
f 1537/2/9 1539/2/9 1544/2/9
f 1540/2/10 1542/2/10 1539/2/10
f 1546/2/11 1548/2/11 1542/2/11
f 1545/2/12 1544/2/12 1548/2/12
f 1543/2/13 1545/2/13 1556/2/13
f 1558/2/14 1560/2/14 1547/2/14
f 1557/2/15 1556/2/15 1560/2/15
f 1555/2/16 1557/2/16 1550/2/16
f 1552/2/17 1554/2/17 1559/2/17
f 1551/2/18 1550/2/18 1554/2/18
f 1549/2/19 1551/2/19 1538/2/19
f 1541/2/20 1540/2/20 1553/2/20
f 1555/2/21 1549/2/21 1537/2/21
f 1542/2/22 1548/2/22 1544/2/22
f 1553/2/23 1540/2/23 1538/2/23
f 1546/2/24 1541/2/24 1552/2/24
f 1547/2/25 1560/2/25 1556/2/25
f 1559/2/26 1554/2/26 1550/2/26
f 1562/9/114 1564/9/114 1563/9/114
f 1564/9/115 1566/9/115 1565/9/115
f 1566/9/26 1568/9/26 1567/9/26
f 1568/9/116 1570/9/116 1569/9/116
f 1570/9/117 1572/9/117 1571/9/117
f 1572/9/118 1574/9/118 1573/9/118
f 1574/9/119 1576/9/119 1575/9/119
f 1576/9/22 1578/9/22 1577/9/22
f 1566/9/24 1564/9/24 1562/9/24
f 1562/9/24 1580/9/24 1578/9/24
f 1578/9/24 1576/9/24 1574/9/24
f 1574/9/24 1572/9/24 1570/9/24
f 1570/9/24 1568/9/24 1566/9/24
f 1566/9/24 1562/9/24 1578/9/24
f 1578/9/24 1574/9/24 1570/9/24
f 1578/9/120 1580/9/120 1579/9/120
f 1580/9/121 1562/9/121 1561/9/121
f 1579/9/21 1561/9/21 1563/9/21
f 1563/9/21 1565/9/21 1567/9/21
f 1567/9/21 1569/9/21 1571/9/21
f 1571/9/21 1573/9/21 1575/9/21
f 1575/9/21 1577/9/21 1579/9/21
f 1579/9/21 1563/9/21 1567/9/21
f 1567/9/21 1571/9/21 1575/9/21
f 1587/10/130 1581/10/130 1583/10/130
f 1584/10/131 1586/10/131 1583/10/131
f 1590/10/132 1592/10/132 1586/10/132
f 1589/10/133 1588/10/133 1592/10/133
f 1587/10/134 1589/10/134 1600/10/134
f 1602/10/135 1604/10/135 1591/10/135
f 1603/10/136 1601/10/136 1600/10/136
f 1599/10/137 1601/10/137 1594/10/137
f 1596/10/138 1598/10/138 1603/10/138
f 1597/10/139 1595/10/139 1594/10/139
f 1593/10/140 1595/10/140 1582/10/140
f 1585/10/141 1584/10/141 1597/10/141
f 1599/10/142 1593/10/142 1581/10/142
f 1586/10/22 1592/10/22 1588/10/22
f 1597/10/143 1584/10/143 1582/10/143
f 1590/10/144 1585/10/144 1596/10/144
f 1591/10/145 1604/10/145 1600/10/145
f 1601/10/26 1603/10/26 1598/10/26
f 1611/8/130 1605/8/130 1607/8/130
f 1606/8/131 1608/8/131 1610/8/131
f 1614/8/153 1616/8/153 1610/8/153
f 1613/8/133 1612/8/133 1616/8/133
f 1611/8/134 1613/8/134 1624/8/134
f 1626/8/135 1628/8/135 1615/8/135
f 1627/8/136 1625/8/136 1624/8/136
f 1623/8/137 1625/8/137 1618/8/137
f 1620/8/154 1622/8/154 1627/8/154
f 1621/8/139 1619/8/139 1618/8/139
f 1617/8/140 1619/8/140 1606/8/140
f 1609/8/141 1608/8/141 1621/8/141
f 1623/8/142 1617/8/142 1605/8/142
f 1610/8/22 1616/8/22 1612/8/22
f 1621/8/143 1608/8/143 1606/8/143
f 1614/8/144 1609/8/144 1620/8/144
f 1615/8/145 1628/8/145 1624/8/145
f 1625/8/26 1627/8/26 1622/8/26
